Name,OSM Relation,BFS Number,Bezirksnummer,Kantonsnummer,IoU,Area Diff [%],Hausdorff Distance [m],Symmetric Diff [%],Area swisstopo [m²],Area OSM [m²]
Adliswil,1682077,131,106,1,0.9992849252989153,0.002948373257329559,3.647,0.07153199131356722,7768065.370789585,7767836.33922758
Rheinwald,9173036,3714,1851,18,0.9996689409060242,0.01700850895511319,24.99,0.033114206187719215,136810626.26585636,136833895.71347633
Grens,1684998,5722,2228,22,0.9999920267880803,2.1910005484354746e-05,0.013,0.0007973244578439629,2559718.954601545,2559719.515436108
Val Terbi,2758687,6730,2601,26,0.9999969347895515,9.449885629062906e-06,0.015,0.00030652152878267837,46687399.64717521,46687404.05908108
Windisch,1684461,4123,1904,19,0.9999836432690961,0.0002608688469949537,0.457,0.0016356843342327343,4906775.814463526,4906763.014214034
Pleigne,1685621,6719,2601,26,0.9999971940021579,9.547492835955123e-06,0.015,0.00028060016455110846,17840527.889158078,17840526.185834955
Risch,1683147,1707,,9,0.9999976821551612,1.6657292109729664e-05,0.016,0.00023178477162099636,22967071.472768426,22967075.29846061
Zeihen,1684470,4183,1906,19,0.9999941583471771,3.4197365343140904e-05,0.015,0.0005841670886163961,6875403.28565953,6875405.636866311
Vucherens,1685197,5692,2222,22,0.9983508203254035,0.02107037506818115,5.703,0.165036680612182,3276336.9538380806,3275646.6173534095
Roche (VD),1685121,5413,2221,22,0.9992086697774237,0.018540420322889457,3.15,0.07917168352801056,6447636.674207325,6448832.093147616
Schönenwerd,1683574,2583,1108,11,0.998276761745833,0.018703416738467007,3.524,0.1724885600808274,3712533.9929903927,3713228.363694659
Corcelles-près-Payerne,1684921,5816,2222,22,0.9999963820156126,6.380856376246493e-05,0.013,0.00036179920857305916,12115641.73945062,12115649.470267605
Reinach (AG),1684398,4141,1905,19,0.9999945890505854,2.467372178608101e-07,0.015,0.00054109640585781,9475059.763963653,9475059.787342152
Missy,1685049,5821,2222,22,0.999335024672539,0.0025115502474486974,3.052,0.06651881437179802,3113589.3004204566,3113511.1010606773
Düdingen,1683310,2293,1006,10,0.999846095693035,0.006457479428725831,8.936,0.015391118159189301,30763230.16611676,30761243.63685717
Montpreveyres,1685061,5792,2226,22,0.9992276035878911,0.01906893427510759,4.502,0.07726211531323154,4123637.305630929,4122850.9719433743
Schattdorf,1683102,1213,,4,0.9994967020329707,0.00018136932687396384,3.516,0.050342510985732926,16333169.079077043,16333198.702435859
Gachnang,1684523,4571,2012,20,0.9987286053668385,0.050820696962156506,3.906,0.12718800981206,9736115.557591831,9731167.595808422
Treytorrens (Payerne),1685167,5828,2222,22,0.9993321338655723,0.035750399926288944,3.214,0.06679698092277987,3073698.9655139744,3072600.105841273
Chavannes-des-Bois,1684890,5708,2228,22,0.9992245463780269,0.04174953219721441,3.741,0.07759163396713449,2124289.277579928,2125176.158415833
Horn,1684531,4421,2011,20,0.9999891593527938,4.941887895972934e-05,0.016,0.0010840708643185494,1754364.9954455413,1754365.862433055
Arni (BE),1682366,602,246,2,0.9999949449068967,1.7141641941266038e-05,0.015,0.0005055105447440534,10429492.617229909,10429490.829443628
Morlon,1683367,2143,1003,10,0.9993090537497774,0.01654444010399055,7.028,0.06911278597301888,4236409.299949351,4235708.409750161
Saubraz,1685147,5437,2227,22,0.9979986011420212,0.027534367623971944,3.37,0.20036794751451628,3707138.612721019,3708159.349894976
Berlingen,1684503,4801,2012,20,0.9976715759189967,0.041681712818700804,7.123,0.2331623849083205,3577561.257811057,3579052.446620451
Münsingen,1682570,616,246,2,0.9999963328562114,8.805300309970335e-06,0.016,0.00036671503502137137,15774325.734072614,15774324.345095862
Falera,1684074,3572,1850,18,0.9999974653878437,4.9697223635528905e-06,0.016,0.0002534615306605034,22361420.679639373,22361419.56833885
Marsens,1683359,2140,1003,10,0.9999937042810667,4.384073343484259e-05,0.015,0.0006295737372457009,8312386.336375482,8312382.692164347
L'Isle,1685009,5486,2227,22,0.9999960073381454,1.5804323214719542e-05,0.015,0.0003992670142472645,16222904.212987322,16222906.776907539
Wuppenau,1684572,4791,2015,20,0.998520990523069,0.0032622234502025483,4.711,0.1480128163018393,12119144.53982462,12119539.893399762
Wynigen,1682733,424,245,2,0.9999972802866611,4.1495419360205265e-06,0.016,0.000271971709456732,28320191.915642146,28320193.090800386
Fisibach,1684308,4306,1911,19,0.9999941122923962,1.2566743561696218e-05,0.016,0.0005887725304268951,5769405.692854636,5769406.417881055
Tentlingen,1683410,2307,1006,10,0.9985164335281584,0.016533481425179155,3.758,0.1484790507142143,3610249.0540108723,3610845.95386762
Unterengstringen,1682222,249,111,1,0.9999116066233642,0.0008549943998653178,0.829,0.008839690560692386,3336885.2089399262,3336856.67875826
Wiggiswil,1682722,553,246,2,0.9982227748244107,0.07082714369331108,4.869,0.17781759061677044,1441608.2568306713,1440587.2068791112
Crans-Montana,6820012,6253,2311,23,0.9996300907868051,0.0052122551986238524,7.283,0.0369968000174356,59655520.011339195,59652410.61339614
Root,1682912,1065,312,3,0.9988727086049768,0.03611236475682213,3.756,0.11281308068898478,9900112.997988045,9903688.162905216
Seon,1684425,4209,1907,19,0.999996616414354,2.0964926773565766e-05,0.015,0.00033835917248502804,9620356.128180506,9620358.145081123
Kloten,1682154,62,103,1,0.9994117938478346,0.0005236010960235531,4.056,0.058837765591682634,19173964.280319445,19173863.885232322
Lantsch/Lenz,1684100,3513,1841,18,0.9991352029916127,8.379967829121585e-05,3.744,0.0865171469584897,21808601.962434094,21808620.23797238
Brunegg,1684282,4193,1907,19,0.9998837982239761,0.00042290123931434465,0.259,0.011620828211983899,1554223.4815695633,1554216.908739198
Sissach,1683708,2861,1304,13,0.9989182456562883,0.005475827398167553,4.125,0.10823693901074978,8896993.186806625,8897480.370797161
Ammerswil,1684254,4191,1907,19,0.999994123471152,1.4145105881682786e-05,0.014,0.0005876545699236139,3186607.6698899195,3186607.2191408905
Le Noirmont,1685608,6754,2602,26,0.9999971837462348,3.572132568963464e-05,0.014,0.00028162572266088684,20388273.9942776,20388266.711315844
Crassier,1684929,5714,2228,22,0.9976718587689519,0.14756355520568054,4.953,0.2332574256182721,2030300.128586476,2033296.1116375637
La Baroche,1685604,6810,2603,26,0.9999978585847279,5.549227911621028e-05,0.014,0.0002141416971479523,31071562.9339074,31071545.69158897
Meyrin,1685516,6630,,25,0.99914153716959,0.06138554335345356,5.103,0.08590950670392054,9937310.729679424,9943410.80186556
Veltheim (AG),1684450,4120,1904,19,0.999995799179315,9.845547922026717e-05,0.014,0.0004200831576490185,5238638.573873467,5238643.731600179
Suscévaz,1685158,5930,2224,22,0.9999581369104937,0.0015463329709056997,0.299,0.004186428946071031,4156739.7678259467,4156804.0448634913
Endingen,3411173,4305,1911,19,0.9999967040917864,2.674821819017235e-07,0.014,0.0003295913641849611,11913840.932439508,11913840.900572106
Morschach,1683091,1366,506,5,0.9990634907521365,0.03471229697120806,15.829,0.09371105961679183,23502309.011295896,23510467.202594988
Gränichen,1684319,4006,1901,19,0.9999971209656903,4.580332199647903e-05,0.015,0.00028790391143775106,17233142.83984613,17233150.733198036
Cheseaux-sur-Lausanne,1684899,5582,2225,22,0.9999938778260248,1.96155097893323e-05,0.016,0.000612219331444605,4584763.512573439,4584764.411898174
Mont-Tramelan,1682557,437,241,2,0.9971802660916469,0.06390788056997626,5.684,0.282281268258469,4639706.079371432,4636740.941551429
Buckten,1683635,2843,1304,13,0.9984540290050801,0.02578687442944726,3.145,0.154736641551793,1997945.9773439628,1998461.1851643086
Nidau,1682573,743,242,2,0.9988780951003117,0.033274416457346793,6.913,0.11227213466312976,1521013.825836523,1521519.9343113056
Staffelbach,1684430,4284,1910,19,0.9999955646961096,3.73352992198107e-05,0.015,0.0004435314554347862,8933086.366180446,8933089.70137497
Grenchen,1683510,2546,1107,11,0.9999975514385309,1.0366817929004046e-05,0.014,0.0002448564594844393,26026670.216175076,26026672.91431259
Rüttenen,1683572,2555,1107,11,0.9989431463743593,0.007384917400722473,5.331,0.10574514352162506,8765587.692268481,8766235.023679243
Magliaso,1684704,5193,2105,21,0.999991134013383,2.493791318460506e-05,0.012,0.0008866027024922962,1755649.058666061,1755649.496488299
Eschenbach (SG),2743488,3342,1726,17,0.9995098080601635,0.004481997645143458,3.672,0.04903231012461895,54891727.67884562,54894187.924787566
Winterthur,1682243,230,110,1,0.9999979397886672,9.284560628853503e-07,0.017,0.00020602134413369804,68070608.48568803,68070607.85368234
Bercher,1684849,5512,2223,22,0.997500073157858,0.04191900699199478,9.428,0.2502530942028243,4268816.601758026,4267027.156228259
Saint-Martin (FR),1683395,2335,1007,10,0.9986737339119819,0.004262475456230184,3.384,0.13271178778518905,9783759.605935514,9783342.575583614
Güttingen,1684525,4656,2013,20,0.9986778243455858,0.001429542631797387,3.775,0.13230408500804944,9546367.2070065,9546230.737617487
Benken (SG),1683864,3312,1726,17,0.9990563585492189,0.02424060499619533,3.63,0.09442013167299339,16495443.313216446,16499441.908472374
Dully,1684950,5855,2228,22,0.9999263094598972,0.006638965844458823,0.833,0.007369080911556804,5754563.734534591,5754181.691013758
Forel (Lavaux),1684977,5604,2226,22,0.999562030089084,0.004790781017976094,5.353,0.04380553473586097,18508235.758285552,18507349.069240082
Liedertswil,1683668,2890,1305,13,0.9999902433766705,0.00019099479329035858,0.015,0.0009756680242812754,1944730.3270051198,1944734.0413387879
Terre di Pedemonte,2888313,5396,2104,21,0.9999966154630435,6.659719487980717e-05,0.017,0.00033845415542200884,11591013.873943152,11591006.154653054
Laupen,1682527,667,246,2,0.9999935256764496,3.527846787983825e-06,0.014,0.0006474344623243356,4138186.3209970095,4138186.4669858827
Echarlens,1683311,2131,1003,10,0.9999944838512184,2.6576254744653426e-05,0.014,0.0005516164728641651,5195261.683478826,5195263.064184805
Bedano,1684622,5148,2105,21,0.999975630954125,0.0007180602966582022,0.27,0.002436943029778848,1872834.4345800583,1872847.8826605552
Erschwil,1683501,2615,1110,11,0.9990448326154765,0.04096030546235569,3.553,0.09554280616447694,7429920.896554045,7426877.578259205
Mézières (FR),1683372,2087,1002,10,0.9999960818840863,2.455157416671096e-05,0.013,0.0003918124073277715,8926625.004439065,8926627.196066024
Schaffhausen,1683703,2939,1403,14,0.9999975294030666,1.5393626440317446e-05,0.015,0.000247059979290952,41845845.86024889,41845839.4186557
Quarten,1683920,3295,1725,17,0.9995266145066536,0.0009950201442548154,5.513,0.04734999224834648,73210401.47107047,73211129.9293128
Hergiswil (NW),1683080,1507,,7,0.9999962659785241,9.827590783956496e-05,0.015,0.0003734026612434693,16993148.979022264,16993132.278850835
Frauenkappelen,1682444,663,246,2,0.9999947444970512,0.00023518306084435264,0.028,0.0005255510579387089,9288071.166259628,9288049.322289566
Amden,1683858,3311,1726,17,0.99954152435719,0.00048023726862847873,3.75,0.04585818680044329,47618317.26937102,47618545.95027724
Gansingen,1684314,4164,1906,19,0.999995689369374,3.238275026035402e-05,0.015,0.000431063921820149,8772862.676094988,8772859.835200777
Orny,1685084,5493,2227,22,0.9997066990537046,0.02688936521847285,2.06,0.029338340449230768,5549574.910338116,5551067.155803829
Künten,1684345,4031,1902,19,0.9999942946363165,1.4166007474485274e-05,0.014,0.000570537955243941,4891175.1577484915,4891174.464864253
Leutwil,1684353,4138,1905,19,0.9999944597326482,1.6837005252848112e-05,0.015,0.0005540282231249907,3746032.1095764246,3746031.4788568015
Walliswil bei Wangen,1682713,991,244,2,0.9983008646600092,0.03837254867503367,3.001,0.1700906375825929,3071812.6300695003,3072991.3628661796
Baulmes,1684843,5745,2224,22,0.9999969600668702,6.402204870876402e-05,0.013,0.00030399387228370974,22501924.998638745,22501939.40483213
Sion,2757528,6266,2312,23,0.9999979621895843,4.3945018719066195e-07,0.016,0.00020378124959295456,34863829.66818103,34863829.8213902
Langrickenbach,1684538,4681,2013,20,0.9982344995163159,0.011223786686827901,4.105,0.1766961191099144,10826300.991587393,10825085.870658023
Oensingen,1683565,2407,1101,11,0.9999959367659526,2.0484216228354323e-05,0.014,0.0004063242717909191,12105841.676709691,12105844.156496476
Titterten,1683716,2894,1305,13,0.9995262968384436,0.044625853142609466,2.778,0.047392110755846345,3711079.5228089946,3712735.623706849
Unterlunkhofen,1684448,4079,1903,19,0.9999923802230931,3.430296512692295e-05,0.015,0.0007619804628826597,4487647.534165759,4487645.99476959
Rechthalten,1683385,2301,1006,10,0.999995802953772,8.360704974575129e-05,0.015,0.0004197056788680079,7305729.349988037,7305735.458092809
Aeschi (SO),1683474,2511,1106,11,0.9981737919138811,0.03250717903839617,6.349,0.18281742237596718,5476719.0615910385,5478499.38846182
Cortaillod,1685476,6408,,24,0.999993202153851,7.312911455601734e-05,0.015,0.0006797866767831027,3697260.0312420833,3697257.3274685596
Mumpf,1684369,4255,1909,19,0.9999921635900845,4.752005160319414e-05,0.012,0.0007836438759182711,3136162.5138230193,3136161.0235169744
Dietwil,1684292,4231,1908,19,0.9999948534703494,3.6467398339209764e-05,0.016,0.0005146543831027651,5491952.143803347,5491954.146575412
Flumenthal,1683505,2545,1107,11,0.9984778262807925,0.010208659577442308,3.273,0.15234108639642635,3105947.717275366,3106264.792904476
Davos,1684068,3851,1849,18,0.9997559242619363,0.001794316425969729,22.23,0.02441077181934565,284001810.4379151,284006906.3290498
Pieterlen,1682605,392,242,2,0.9992746866660538,0.022515395376823275,3.317,0.07254947858845359,8354631.304577433,8352750.226306931
Küttigen,1684346,4008,1901,19,0.9999970846230319,5.669673331274864e-06,0.016,0.0002915381300630299,11894822.423323378,11894823.097720953
Mont-Vully,5817420,2284,1005,10,0.9996542014415187,0.0008903268296347281,2.966,0.0345859896777966,24336941.49937409,24337158.177693773
Mammern,1684541,4826,2012,20,0.9978957199226081,0.010931434779859086,4.013,0.2106611541743925,5455630.215619006,5456226.594277857
Vufflens-le-Château,1685199,5653,2227,22,0.9999903423899102,0.0002490659127320604,0.018,0.0009657644696846529,2134530.101144495,2134524.784757616
Tolochenaz,1685164,5649,2227,22,0.9991783995446972,0.027690568445349197,7.74,0.08218243079971131,5600565.138752958,5599014.310429885
Avegno Gordevio,1684620,5324,2108,21,0.9999977013918884,4.0751302838658525e-05,0.016,0.00022986112218801252,27332305.65451448,27332316.79278513
Braunau,1684510,4723,2014,20,0.9984616534335453,0.004159891772220828,4.928,0.1539562753766785,9170493.235630974,9170874.718224555
Champéry,1685287,6151,2308,23,0.9999981635328303,2.169849281370269e-05,0.015,0.00018364686570176826,38845518.49352269,38845510.06463065
Acquarossa,1684610,5048,2102,21,0.9999982667202016,2.009815802352192e-05,0.015,0.00017332811275452552,61782519.66719171,61782507.25004327
Inwil,1682882,1033,313,3,0.9991678357404591,0.008105840071199395,3.133,0.08324769113540471,10317105.416156316,10316269.128091305
Bernex,1685451,6607,,25,0.9999959412891735,1.3556007977151067e-05,0.015,0.0004058718787699564,12954228.936182452,12954227.180106144
Commugny,1684914,5711,2228,22,0.9999948697864618,6.43572615946221e-05,0.015,0.0005130228348768068,6528818.856711662,6528823.058480693
Wiesendangen,3411226,298,110,1,0.9994359037942889,0.014520573969312604,3.498,0.05642143863052509,19174516.670451887,19171732.420575496
Yvonand,1685207,5939,2224,22,0.9997641611502273,0.00966513678686076,7.615,0.023585526461627978,20826438.966450814,20824426.062636875
Benken (ZH),1682088,22,102,1,0.9999946170662889,5.783507252330749e-05,0.014,0.0005382946643599652,5656994.136288582,5656990.864561921
Cornaux,1685474,6451,,24,0.9995644344296128,0.01445377604748607,3.807,0.04356919344259677,4727198.484408529,4727881.743090785
Hirschthal,1684328,4007,1901,19,0.9999931692400316,5.3539018274643744e-05,0.015,0.0006830781467940839,3530060.2313570436,3530058.3413974512
Essertines-sur-Yverdon,1684966,5520,2223,22,0.9999957064318092,3.072166009332302e-05,0.016,0.0004293578068115204,9754557.249477975,9754560.246239897
Rottenschwil,1684407,4238,1908,19,0.9999944430554187,3.9365488024029994e-05,0.013,0.0005556961114747249,4493472.539747541,4493474.308624935
Boussens,1684865,5473,2223,22,0.9999941769786576,0.00023157833279610518,0.017,0.0005823031553561992,3156144.8304574704,3156137.5215098914
Ramsen,1683692,2963,1405,14,0.999995536709749,3.253069913291065e-07,0.014,0.00044633002037043786,13495841.202717196,13495841.158814281
Rolle,1685122,5861,2228,22,0.9997509227102426,0.003886906692894265,3.486,0.024911315467331715,13508743.002922919,13509268.075158825
Mandach,1684358,4105,1904,19,0.9999951651635761,3.2729163556486054e-05,0.015,0.00048348473205686414,5540921.474211058,5540919.660713806
Altdorf (UR),1683055,1201,,4,0.9988556123963745,0.01817015026089598,3.573,0.11449387620152067,10206103.64358301,10204249.17921519
Gampel-Bratsch,1685309,6118,2306,23,0.9999980153622368,1.0228372078775055e-05,0.016,0.00019846396296193173,23035414.308126554,23035411.95197867
Oulens-sous-Echallens,1685088,5529,2223,22,0.9984354542260175,0.0319019813022256,7.961,0.1566020389823385,5867707.511827034,5869579.426780326
Kaisten,1684338,4169,1906,19,0.9999972299937273,2.35178577797321e-05,0.015,0.00027700097807258637,18089728.939951472,18089724.685634747
Trub,1682691,908,245,2,0.9996875877491176,0.004426258636262638,4.212,0.031246797438101253,61987137.27765892,61989880.98867604
Pohlern,1682607,936,247,2,0.9996519661874622,0.005348125125443613,2.409,0.034808507858547846,9866380.414899455,9865852.748529514
Hinwil,1682138,117,105,1,0.9995137112884073,0.016920569614617784,4.923,0.04863658272867901,22281571.7403876,22277801.571530037
Blatten,1685279,6192,2309,23,0.9999818932911253,0.00021336592219188175,2.758,0.0018106892120488877,90511427.38150449,90511620.50204621
Ringgenberg (BE),1682621,590,250,2,0.9991719313748584,0.02554022514419087,12.543,0.08285174050704663,8880529.281675553,8882797.388848089
Dürnten,1682112,113,105,1,0.9989267960104844,0.007005503331899378,7.601,0.10737425702500315,10217914.261902956,10217198.445578888
Montilliez,1868687,5540,2223,22,0.9999953168406809,7.180474570248596e-05,0.017,0.0004683171968835217,11860795.61517334,11860804.13178747
Deitingen,1683493,2516,1106,11,0.998825726464215,0.02511776011034191,3.306,0.11748158377546665,7599334.767613554,7597425.984936643
Arlesheim,1683616,2763,1301,13,0.9999960212704765,5.304413328231146e-05,0.015,0.00039787384946395374,6928282.71193,6928286.386977516
Eggerberg,1685295,6004,2301,23,0.9995320147020911,0.013976612172140326,2.941,0.046812754055664194,6047180.026961103,6048025.217860823
Siglistorf,1684426,4319,1911,19,0.9999945109684804,2.5250358005799343e-05,0.014,0.0005489047276952432,5513011.504311459,5513012.896366601
Bardonnex,1685449,6605,,25,0.998708494321992,0.006808694191565731,3.517,0.1292384206115765,4997033.955873444,4997374.188634148
Bettlach,1683481,2543,1107,11,0.999878835882488,0.0006390705258634742,0.527,0.012117184551452536,12192793.044167994,12192870.964714618
Boécourt,1685577,6702,2601,26,0.9994247778276035,0.029682316492759916,5.291,0.05754730544602981,12347074.202900022,12350739.100542523
Le Cerneux-Péquignot,1685503,6434,,24,0.999995830185259,2.9795103646340945e-05,0.019,0.0004169822813638678,15696307.759187244,15696303.082456078
Port-Valais,1685352,6154,2308,23,0.9998240393773052,0.01306230909598527,2.721,0.017598759839792262,15070281.678753857,15072250.205528371
Chavannes-sur-Moudon,1684894,5665,2222,22,0.998975822163553,0.022737720550090264,5.335,0.10248190722840121,5148147.244696513,5149317.816030519
Oberdiessbach,3411235,619,246,2,0.999996357234139,1.6465088368765612e-05,0.495,0.00036427727971413953,16464047.765450545,16464050.476270558
Rain,1682907,1037,313,3,0.998713555247965,0.013029867995719967,4.071,0.12871888897045144,9423561.666638993,9422333.788993334
Stadel,1682210,100,104,1,0.9991733198775709,0.007136432218975992,3.674,0.0826992453808738,12885646.164937468,12884726.58953293
Abtwil,1684253,4221,1908,19,0.9999937470085809,0.00010384931631779635,0.017,0.0006253007720508189,4136312.8844301132,4136308.588897462
Thayngen,1683713,2920,1402,14,0.9998728396271944,0.009826144965281008,1.672,0.012717470607738136,19924449.941625733,19926407.746960532
Serravalle,2569271,5050,2102,21,0.999998570511046,9.149194633751851e-06,0.016,0.00014294900402150783,96801021.42727794,96801030.2837918
Giornico,1684678,5073,2103,21,0.999996822533838,4.183634483976123e-05,0.016,0.0003177471875039405,25995542.59855818,25995553.474143025
Thal,1683948,3237,1722,17,0.9999803527556043,0.0008225856467325789,3.709,0.0019647356596227588,9685894.030494476,9685814.355720423
Ursenbach,1682701,344,244,2,0.999995421017541,5.780431460139453e-06,0.015,0.00045789928117317036,9170471.193268493,9170470.66317569
Bofflens,1684857,5747,2224,22,0.999520777684845,0.011926213335854224,3.182,0.047930858629866985,4206756.872855468,4206255.16605629
Saint-Livres,1685137,5435,2227,22,0.9986765103719272,0.00821150560804559,5.48,0.1324420395613574,8123026.592561031,8123693.615345222
Lohn (SH),1683671,2917,1402,14,0.9999942477876198,0.0001607948139081981,0.013,0.0005752224299084034,4866151.003478914,4866143.178960463
Auswil,1682368,322,244,2,0.9985219446859376,0.021046861498092227,6.053,0.14789927885104737,4623881.439549923,4622908.257627505
Ursins,1685169,5932,2224,22,0.9999943896249499,0.0001105894731981943,0.014,0.00056103938911934,3361419.447033096,3361423.1644091546
Hettlingen,1682137,221,110,1,0.998047231057996,0.004676789769313032,5.078,0.19547231667977066,5899754.701893052,5900030.621017365
Neckertal,1683910,3396,1727,17,0.9996107069779792,0.008534567838234112,3.728,0.03893854267756493,81840278.76077221,81847263.47488205
Trun,1684193,3987,1850,18,0.9997480701295913,0.006273747783338245,3.412,0.025195370501975213,51901749.25356365,51898493.06872034
Grosswangen,1682846,1086,314,3,0.9992973478298336,0.001398928951640495,3.193,0.07029040334904449,19704274.943276267,19704550.59208316
Härkingen,1683529,2402,1101,11,0.9990445812510764,0.05661534372576078,3.073,0.09561459656197462,5508063.051782785,5511181.460612183
Degersheim,1683872,3401,1728,17,0.9993494152737167,0.019618625418746965,3.715,0.06508602640466093,14477338.529598452,14480178.784415178
Klosters,5817235,3871,1849,18,0.9998167023073722,0.006548626487933585,3.779,0.018332049548141,219803697.34176654,219818091.46491212
Trogen,1683949,3025,1502,15,0.9999960037783882,5.596171582699584e-06,0.016,0.0003996229485559134,10028370.945964022,10028370.384759177
Lützelflüh,1682544,955,245,2,0.9994074701978084,0.0019329647273818743,6.899,0.059269967160388355,26868192.422289487,26867673.06960708
Grosshöchstetten,1682459,608,246,2,0.9994096860172758,0.0009105032501440225,2.92,0.05904909576744258,6930518.730775049,6930581.8333733445
Démoret,1684951,5912,2224,22,0.9987041167251444,0.030479009000839438,3.301,0.12965258617542766,4278079.943990108,4276776.027618916
Lutzenberg,1683903,3033,1503,15,0.9999858031367492,6.534836542958229e-05,0.015,0.0014196968665231436,2248142.5164359664,2248143.9855603534
Rorschacherberg,1683928,3216,1722,17,0.9999918485244248,0.0003588292918723329,0.204,0.0008151523424745733,7100532.129920002,7100557.608709163
Sarmenstorf,1684413,4076,1903,19,0.9999954524714011,3.815358537045384e-05,0.015,0.00045475380708580673,8296568.817767515,8296565.652329048
Premier,1685108,5759,2224,22,0.9996659601715002,0.018231412211408404,3.041,0.033412608429719465,6120511.779440428,6121627.635172386
Isenthal,1683085,1211,,4,0.9996517470712273,0.001961819942541459,3.64,0.03483101627434439,61670049.03382622,61668839.1785057
Kappel am Albis,1682151,6,101,1,0.9982650171013191,0.01373213421331094,7.001,0.1736370059770348,7914777.83167104,7913690.963756509
Grandson,1684995,5561,2224,22,0.9998080233908307,0.002915598153202865,3.417,0.01919978373484191,13793224.828992784,13793626.984001165
Vully-les-Lacs,1868690,5464,2222,22,0.9996116218576393,0.007496885676515143,7.855,0.03884681367614064,34720432.38981899,34723035.340941645
Villigen,1684451,4121,1904,19,0.9999962238113479,1.7606893492423783e-05,0.016,0.0003776195447721515,11214075.890707897,11214073.916257499
Mellikon,1684360,4314,1911,19,0.9999936482901008,7.922750376777589e-05,0.014,0.0006351727556611955,2701786.738671366,2701784.598113176
Vevey,1685178,5890,2230,22,0.9999962747623268,4.246715616883818e-05,0.013,0.0003725243821389871,8568652.88048636,8568649.24162316
Hünenberg,1683143,1703,,9,0.9995426990359565,0.035655529056287286,3.385,0.04573240048647516,18663642.307093117,18656987.68668735
Eichberg,1683876,3252,1723,17,0.9985261592798075,0.006455699641342216,7.08,0.14748800159389153,5437179.666933125,5436828.658944868
Alpthal,1683054,1361,506,5,0.999561791516066,0.006393068685187242,3.363,0.04382905077605372,22876760.879698057,22875298.35266207
Arth,1683058,1362,506,5,0.9996382815543047,0.0008599498532088087,7.625,0.03617854332251994,48507494.9323589,48507912.072490364
Adligenswil,1682811,1051,312,3,0.9992956727907427,0.008614654186931796,3.025,0.07046056834129732,6989363.764936449,6989965.874454665
Zwingen,1683727,2793,1302,13,0.9996384488690665,0.008706155972737899,3.311,0.0361632243809785,4607294.643493554,4607695.76175134
Altikon,1682082,211,110,1,0.9988075480645302,0.023335427631204563,4.543,0.11930241155489517,7697242.407419468,7695446.2229878865
Stetten (AG),1684433,4041,1902,19,0.999992855340333,0.00017440116156526757,0.014,0.0007144691418995267,4413021.569184593,4413029.26554547
Diegten,1683640,2884,1305,13,0.9987180515626086,0.02199046091716707,3.417,0.1282629616723994,9638974.10709455,9636854.452260714
Leuzigen,1682533,388,243,2,0.9992501775213,0.009491257870340629,3.446,0.07500681038692407,10279894.208387148,10278918.517119031
Schwadernau,1682654,748,242,2,0.9993044557349859,0.02009389353627062,2.565,0.06958561453519853,4146722.710643647,4147555.948690368
Bellwald,1685273,6052,2304,23,0.9997969028828523,0.0007616700593409971,3.287,0.02031169699181751,13885523.867495729,13885418.105617847
Valbirse,4449080,717,241,2,0.9994462851936329,0.003460377889088044,7.794,0.05538585658980216,18683759.099661916,18683112.57099318
Guttet-Feschel,1685315,6117,2306,23,0.9967007924529273,0.017708260164715172,31.733,0.33049515237062616,11269552.444782386,11271548.086448707
Hofstetten bei Brienz,1682482,580,250,2,0.9989132873979806,0.004718380683942626,22.187,0.10873290467266145,8774275.841329401,8774689.845065854
Bätterkinden,1682401,533,245,2,0.9985245907472776,0.016823516932193274,9.36,0.14766226719618694,10187605.754886845,10189319.668466004
Coppet,1684917,5712,2228,22,0.9999928595233327,6.619044492680817e-05,0.015,0.0007140504524271379,5859115.83154799,5859119.709722828
Chiasso,1684659,5250,2106,21,0.9999929442101416,2.5204223019074804e-05,0.118,0.0007055815641452185,5347478.522090476,5347479.869880889
Lussery-Villars,1685037,5487,2223,22,0.9980445605597194,0.06504498518923346,5.276,0.19579897631307855,3736914.508269876,3739345.1837583142
Sommeri,1684558,4446,2011,20,0.9985756414371977,0.015179578201791092,3.546,0.14254818672642772,4215774.249066024,4216414.185814972
Bülach,1682100,53,103,1,0.9999966122727811,4.637378803078803e-05,0.015,0.0003387732172810496,16088757.84223347,16088750.381267011
Schwanden bei Brienz,1682655,592,250,2,0.9990080673192357,0.0020960557138059843,4.179,0.09924352909946271,7054928.656709637,7055076.53194485
Luins,1685035,5858,2228,22,0.99879763391297,0.0012886384419940344,3.802,0.12030816122203988,2666224.646216815,2666190.288221074
Morbio Inferiore,1684722,5257,2106,21,0.9999608142327552,7.653776666848167e-06,0.201,0.003918653352509694,2263493.3198359897,2263493.146593266
Berolle,1684850,5424,2227,22,0.9990161024089419,0.03703391333028322,3.511,0.0984564134089439,9606063.786184194,9609621.28752122
Vuadens,1683425,2160,1003,10,0.9989466988073163,0.002817169548994387,8.347,0.10538413622242088,10445944.431128439,10445650.15116282
Melide,1684711,5198,2105,21,0.9999949345360623,6.0973195981160324e-05,0.01,0.0005065475222954611,5187812.388506482,5187809.225331468
Saint-Barthélemy (VD),1685133,5535,2223,22,0.99854439398695,0.018910785916791868,7.961,0.14565284455627267,4123232.0366649725,4122452.3010816663
Saillon,1685364,6140,2307,23,0.9993110914449801,0.0020731255384977536,3.64,0.06891530777152953,13739951.963384386,13740236.809837516
Blenio,1684630,5049,2102,21,0.9999988966327484,1.9645483421780186e-06,0.402,0.00011033678478129374,201998779.42913422,201998775.46077055
Aubonne,1868681,5422,2227,22,0.9990265749873817,0.004817917055216854,5.837,0.09738755606289999,14334817.335938165,14334126.696328903
Ormont-Dessus,1685083,5411,2221,22,0.9991699163513138,0.024631282284484163,14.154,0.0830530583739375,61606598.173764996,61621772.668867044
Bedretto,1684624,5063,2103,21,0.9999983811533523,8.255732446173511e-06,0.016,0.00016188480211963235,75184857.01370826,75184863.2207689
Habkern,1682467,579,250,2,0.9999983549305672,1.2524775563828368e-05,0.015,0.00016450708892314884,50958914.28524806,50958920.66773771
Raperswilen,1684549,4846,2013,20,0.9983684190333016,0.024992036742338897,3.953,0.163311713077157,7685267.431502516,7687188.1363627445
Ehrendingen,1684300,4049,1902,19,0.9999952422399243,3.2729251467387296e-05,0.014,0.00047577721725948187,7292168.2678440185,7292170.654516108
La Neuveville,1682521,723,241,2,0.9999943931755982,0.00022512028254492643,0.016,0.0005606846430359768,6784140.608228086,6784155.880704591
Heiligenschwendi,1682471,927,247,2,0.9987740666430206,0.017814179392878944,3.076,0.12267945361344099,5548707.824894427,5549696.281660341
Les Planchettes,1685511,6422,,24,0.9995121151130186,0.01981461874793497,9.319,0.04879555837931188,11730793.174034432,11728468.762090888
Etoy,1684968,5636,2227,22,0.9987163813015114,0.055768952168477534,4.774,0.1284084905836893,4917153.881646991,4914411.636450685
Montcherand,1685058,5756,2224,22,0.9999944150882197,6.221172012159804e-05,0.013,0.0005584925639417088,3073775.0826910855,3073773.170442734
Baden,1684261,4021,1902,19,0.9999955569642254,2.1313757947686846e-05,0.015,0.0004443045168960876,14722491.891136391,14722488.753220106
Zizers,1684212,3947,1845,18,0.9994435478866803,0.0069257319987095795,2.889,0.05565877013302232,11014551.57474252,11013788.736419594
Aarburg,1684252,4271,1910,19,0.9999942706276317,5.344035284897263e-05,0.013,0.0005729387250352947,4413002.53575288,4413000.177428754
Reitnau,1684399,4281,1910,19,0.9999957924829883,0.0001480121537492473,0.015,0.0004207522749004604,8018374.339249458,8018362.471080903
Chénens,1683294,2177,1004,10,0.9999947779760331,3.721109356379025e-05,0.015,0.0005222038573877028,3940597.6180570195,3940599.084396486
Freimettigen,1682445,607,246,2,0.9994536202491009,0.002348964988457195,3.009,0.05465354759906445,2963419.4587508086,2963489.068436356
Turbenthal,1682219,228,110,1,0.9999964195650286,3.837102696734069e-05,0.016,0.00035804406926146496,25217843.949020978,25217834.272675276
Horrenbach-Buchen,1682484,932,247,2,0.998962959827265,0.004615873757670144,13.128,0.10376021245117127,20395594.90794324,20396536.342856318
Wartau,1683961,3276,1724,17,0.9986827908741792,0.08453436618278456,31.494,0.13175201033810297,41751706.56416608,41716412.02365156
Beckenried,1683061,1501,,7,0.9998072434329253,0.002305649893660595,3.392,0.019277736876887382,32956486.864140723,32957246.72534506
Gossau (SG),1683889,3443,1721,17,0.9999973635825283,4.644588216680052e-06,0.016,0.0002636420887724085,27506222.799693733,27506221.52214295
Bournens,1684864,5472,2223,22,0.9983711625254273,0.01365759844757322,3.55,0.1630053790881862,3911418.3351804763,3910884.1293706526
Zuzwil (BE),1682738,557,246,2,0.9980519226786856,0.05728571499976652,5.107,0.19505352030223544,3467142.22762907,3469128.4048442263
Waldkirch,1683957,3444,1721,17,0.9997864065819113,0.00541343115433159,3.615,0.021362201358011677,31343072.47655567,31344769.212205842
Signau,1682664,907,245,2,0.9999972136717391,8.021007476445746e-06,0.015,0.00027863320302119537,22125299.36083513,22125297.586163215
Burgdorf,1682397,404,245,2,0.9999953540881179,1.8124418379488427e-05,0.015,0.00046459222527457205,15563873.607479954,15563870.786618385
Bullet,1684871,5552,2224,22,0.9999973221452184,8.496297849826096e-06,0.016,0.00026778584796399,16824010.718478292,16824012.147896353
Ermatingen,1684517,4646,2013,20,0.9994118632640568,0.025196941968880043,8.134,0.05883838572590356,10478415.544031939,10481055.784315826
Thun,1682682,942,247,2,0.9993582777579318,0.0256194828143304,8.036,0.06418459825298535,21565798.89956202,21560273.853419174
Linden,1682536,614,246,2,0.9991332169853198,0.010161887451336548,8.184,0.08671147740986233,13233108.995933015,13231764.262290535
Embrach,1682118,56,103,1,0.9987730493819865,0.010368556885566217,4.141,0.1227640136389687,12695386.92075692,12694070.592342198
Böztal,13622957,4185,1906,19,0.9999969431847243,3.095303247772609e-05,0.016,0.00030568204221741873,22306020.03938152,22306026.943771146
Seehof,1682662,709,241,2,0.9994374501673916,0.0163125323806697,2.85,0.05627540042547896,8421267.867129544,8422641.589177232
Laconnex,1685501,6627,,25,0.9991848617010839,0.05606624183814498,2.65,0.08152420577232501,3831242.6089684837,3829094.5752219334
Bretigny-sur-Morrens,1684868,5515,2223,22,0.9978888216979502,0.03385728227143835,9.461,0.21137669653270985,2867371.4540744186,2868342.2681213953
Péry-La Heutte,1682611,450,241,2,0.9991892396866947,0.0009327169783025767,6.621,0.08110928953207591,23783599.71909596,23783821.55276859
Mendrisio,2888450,5254,2106,21,0.9987640966979968,0.06094575574397517,22.735,0.12370443509063687,32067969.664685726,32087513.731149618
Uesslingen-Buch,1684565,4616,2012,20,0.9991094529634577,0.026175068994899072,3.988,0.0890827147631042,14027783.285944432,14024111.503990881
Collombey-Muraz,1685291,6152,2308,23,0.9987903658403925,0.009480079198332405,3.649,0.12103088379241801,29752274.726252664,29749454.18704531
Münchwilen (AG),1684378,4172,1906,19,0.99999254113079,3.9465849433064065e-05,0.014,0.000745889849884746,2460455.9426469766,2460456.9136868143
Faido,1684675,5072,2103,21,0.9999983840644868,1.7743294218622298e-06,0.402,0.00016159368332885473,132681011.1124203,132681013.46661852
Mümliswil-Ramiswil,1683553,2428,1102,11,0.9999976743046949,2.8705260219740748e-05,0.016,0.00023256983421756015,35483873.981282145,35483884.16702051
Bovernier,1685282,6131,2307,23,0.9999966497447962,6.546420897281602e-06,0.015,0.0003350260705923337,13069420.740947243,13069419.885367952
Aigle,1684831,5401,2221,22,0.9988822649481653,0.010687770199453233,7.132,0.11184198308337864,16408612.446694082,16410366.161485303
Randa,1685353,6287,2313,23,0.9999982218195578,7.234610451289122e-06,0.016,0.0001778182088965415,54509925.00980941,54509928.953390144
Coeuve,1685584,6781,2603,26,0.999997352185721,6.043720560985116e-05,0.015,0.00026478169843367815,11622427.292019026,11622420.267748747
Lengnau (BE),1682531,387,242,2,0.9991914600993647,0.04925308458941178,9.098,0.08090660971649911,7406651.779021482,7410299.783487447
La Praz,1685011,5758,2224,22,0.9985129968471841,0.0596119917266826,3.665,0.14876660187471358,5122738.713263475,5119684.946685545
Fully,1685308,6133,2307,23,0.999998331567642,9.40417787538266e-06,0.014,0.00016684338269747003,37805371.88128226,37805375.43656668
Echichens,1868683,5634,2227,22,0.9999962445605177,2.504959632355264e-05,0.015,0.00037554470009916,13269362.994592547,13269366.318514412
Steckborn,1684559,4864,2012,20,0.9981724881583607,0.006748018319042089,7.075,0.1829121551870539,8785152.485007148,8784559.661308104
Hefenhofen,1684527,4416,2011,20,0.998909592469759,0.00926990910247493,3.708,0.10909517813660996,6081994.359546723,6081430.564197975
Vuisternens-devant-Romont,1683428,2113,1002,10,0.9999966783791145,4.3852753177988625e-06,0.015,0.0003321626475982668,24018581.43867328,24018582.491954204
Kriegstetten,1683536,2525,1106,11,0.9986043367673907,0.02065751994082099,3.083,0.13967821060291274,5371903.922621545,5373013.624745563
Dägerlen,1682107,214,110,1,0.9986455784321386,0.015135348659620627,6.686,0.135544198600402,7953976.503981599,7955180.366057781
Vaux-sur-Morges,1685177,5650,2227,22,0.9999907782199038,3.716287716471425e-05,0.018,0.0009221824333747701,2105680.2951944447,2105681.0777258263
Vordemwald,1684454,4287,1910,19,0.9999956526038897,8.690333341646301e-05,0.015,0.00043474074477262603,10139851.906469898,10139860.718339209
Rapperswil-Jona,1683921,3340,1726,17,0.9996232049723051,0.019727575632578848,5.805,0.037682885505235596,31368738.52396129,31362550.23234399
Wisen (SO),1683589,2502,1105,11,0.9989981946482048,0.022407593716031658,3.461,0.10024197067458099,4792777.683428752,4793851.629579768
Corsier-sur-Vevey,1684925,5884,2230,22,0.9987000267017373,0.0035246988694497645,4.509,0.13007958881502843,6743608.0549093,6743370.363032429
Holziken,1684330,4136,1905,19,0.9999934615670026,5.1300262864852376e-05,0.015,0.0006538452694976701,2860438.8537280033,2860437.3863153523
Erlinsbach (SO),1683500,2503,1105,11,0.9991425490067402,0.03431966936648865,3.448,0.08579659623141514,8866566.235987458,8869609.21220381
La Rippe,1685012,5726,2228,22,0.99999592850851,4.548436067702317e-05,0.069,0.00040715007055687746,16591832.883674398,16591840.43036351
Bönigen,1682403,572,250,2,0.9984394561191978,0.05379639585615727,21.478,0.1562182566205583,15078215.208959756,15086326.745301612
Ogens,1685075,5680,2223,22,0.9990319135368768,0.01449721507417347,3.139,0.09684850789812142,3401005.0345655964,3400511.983551052
Cama,1684055,3831,1847,18,0.9999959584869992,4.072265359873746e-06,0.016,0.00040415210846960983,14992760.140969299,14992759.530424321
Niederweningen,1682173,91,104,1,0.9990700012180935,0.07289052476310054,3.661,0.09300923337798622,6844619.990465003,6839630.911035913
Steinach,1683946,3217,1722,17,0.9992291093825472,0.014719976133232922,3.624,0.07712446275352025,4507101.047881134,4507764.492079683
La Côte-aux-Fées,1685497,6504,,24,0.9999974333882514,6.192153494162933e-05,0.015,0.0002566615836815248,12827401.878495673,12827409.821419809
Bubikon,1682095,112,105,1,0.9999960557572337,1.2330228290275351e-06,0.014,0.00039442505215643825,11612585.156381976,11612585.01319615
Teuffenthal (BE),1682680,940,247,2,0.9984127702996413,0.028562157564964153,4.299,0.15887172034486868,4530767.275644461,4532061.360532632
Le Vaud,1685024,5731,2228,22,0.9999886100830251,0.00020601176244852993,0.016,0.0011389970110687268,3108464.6093852865,3108458.2055825596
Reinach (BL),1683694,2773,1301,13,0.9999946643808125,7.219987589785424e-05,0.045,0.0005335635348274698,6972776.228597898,6972781.262933682
Presinge,1685525,6635,,25,0.9987834213316767,0.0013028666227414222,3.911,0.12173112205561314,4707487.097284466,4707425.765006306
Olten,1683566,2581,1108,11,0.9992211370779175,0.005168711287572649,7.365,0.07791864904046529,11485847.82118418,11486441.491496988
Seedorf (UR),1683105,1214,,4,0.9990873415590003,0.005984374835130802,3.592,0.09130477829316846,25458760.783455525,25457237.235781863
Uerkheim,1684442,4286,1910,19,0.9999953478803,5.4399510464987546e-05,0.015,0.0004652129255889707,7092758.593680389,7092754.735254436
Flaach,1682123,28,102,1,0.9992880813993283,0.03302749192614751,4.654,0.07120544986651481,10173584.588999858,10170224.509171126
Teufen (AR),1683947,3024,1502,15,0.9999946631154537,1.926692110862469e-05,0.247,0.0005336898273330516,15250058.355252938,15250055.417036226
Münsterlingen,1684546,4691,2013,20,0.9984527356742029,0.05623234398370394,6.042,0.15480268976959755,5453727.620392453,5450660.86151702
Stettlen,1682675,358,246,2,0.9986516256817006,0.026071534589262216,5.105,0.13491080987173382,3502966.667973007,3502053.390806516
Chêne-Pâquier,1684908,5908,2224,22,0.9977302426916866,0.02103977474250756,3.3,0.22725751812902747,2108458.0489170207,2108901.663741053
Bürchen,1685284,6193,2309,23,0.9999958501791958,8.697323817605273e-05,0.212,0.00041498312198170025,13455816.71791455,13455828.420874072
Château-d'Oex,1684905,5841,2230,22,0.9999988164827025,4.7075280911565535e-06,0.015,0.00011835179693327732,113664408.16745831,113664402.81667437
Haute-Sorne,2759181,6729,2601,26,0.9994709692479294,0.005781208728600547,6.781,0.05291554296310805,71045378.45387766,71041271.17225721
Herznach-Ueken,15073595,4186,1906,19,0.9999961796070528,1.4730573270722911e-06,0.015,0.0003820400274429584,11367765.620817065,11367765.78827077
Tannay,1685161,5729,2228,22,0.9987144174501829,0.04736777316295265,6.896,0.12867141143410088,3512783.6327795736,3514447.560162454
Wallisellen,1682229,69,103,1,0.9994675399310504,0.014338256840998093,3.022,0.053264004647473,6419052.8544289125,6419973.23471394
Vérossaz,1685402,6220,2310,23,0.9991021124676918,0.05107321964284925,13.519,0.08985202073902643,14289575.798284747,14296873.944718236
Itingen,1683660,2849,1304,13,0.9981107928028626,0.012831079784517911,4.125,0.18911147537809334,3129350.631128868,3129752.1606050855
Engelberg,1683067,1402,,6,0.9995885883703761,0.0007551854592016533,12.901,0.04114978305810049,74866354.47378954,74866919.85361236
Oppligen,1682600,622,246,2,0.9988113751606195,0.01603160942595935,2.832,0.11894270084697295,3400991.9048583675,3401537.138597163
Chigny,1684904,5628,2227,22,0.997607041181827,0.11117997413942662,4.401,0.239715721291681,892271.0029940237,893263.0296644061
Champvent,1684885,5905,2224,22,0.9999947614403006,2.1901384670179833e-05,0.015,0.0005238572848431449,9032759.045306085,9032757.06700678
Soazza,1684171,3823,1847,18,0.9999979980587166,8.321505751315178e-06,0.015,0.00020019432057344252,46416720.45554062,46416716.59297056
Nesslau,1683911,3360,1727,17,0.9996700546268743,0.0003490993871327337,12.018,0.03300003900976527,92701669.61532621,92701993.2362867
Balm bei Günsberg,1683477,2541,1107,11,0.9980262672400891,0.05744148827500555,6.518,0.19751150638284412,5467520.09721387,5464379.472298295
Rüegsau,1682635,956,245,2,0.9999957320847928,1.9764665535990727e-06,0.015,0.0004267924356951391,15061915.770641316,15061916.068335043
Hauenstein-Ifenthal,1683517,2491,1105,11,0.9987023656014782,0.006276148696810755,3.232,0.12985176198187617,5354773.557399703,5355109.630950543
Broc,1683278,2124,1003,10,0.9999966659620454,5.3914921559915326e-05,0.014,0.0003334044409101455,10032792.72543842,10032798.134610748
Ausserberg,1685269,6191,2309,23,0.9999974580885095,1.702714133017404e-05,0.015,0.00025419149374972044,15094831.455888527,15094834.026106812
Niederhelfenschwil,1683913,3423,1728,17,0.9986944357438134,0.007332469621234581,4.523,0.13063691655782206,16371717.989031527,16370517.537783507
Buch (SH),1683633,2961,1405,14,0.9982671957969668,0.03461160083835152,5.374,0.1734606945774503,3796852.908033382,3798167.05960633
Diessenhofen,1684513,4545,2012,20,0.998730269570721,0.0318657350933252,8.872,0.12707394820413664,10084615.681682449,10087829.218600754
Avully,1685447,6603,,25,0.9999937617905528,7.293265761798935e-05,0.016,0.0006238226630001679,4618283.3071424365,4618279.938905684
Rohrbachgraben,1682625,339,244,2,0.998564965995139,0.021248320201080213,8.564,0.14359118357037823,6464294.641513943,6462921.087489773
Huttwil,1682485,954,244,2,0.9994624273434056,0.002474755063431222,3.389,0.05377105340307909,17235335.87017048,17234909.337823335
Hausen am Albis,1682133,4,101,1,0.9987280190238351,0.0007860221745461218,3.739,0.1272795460996111,13602526.893526403,13602633.812404085
Staufen,1684431,4210,1907,19,0.9999928074860359,4.1282022518915046e-05,0.011,0.0007192541315832743,3577861.822982003,3577863.2999957264
Känerkinden,1683662,2850,1304,13,0.9967931224790731,0.03451980518651779,2.809,0.32125822036901736,1479374.3225668722,1479884.9997010017
Gempen,1683507,2474,1104,11,0.9991559548729586,0.007985854707429206,3.386,0.0844367767182445,5986659.4014960565,5986181.315574424
Grandcour,1684993,5817,2222,22,0.9997106702516327,0.006559010988204262,3.139,0.028936212031606727,10197449.854451723,10196781.002595253
Safnern,1682642,746,242,2,0.9999889389194944,0.00047578593452287293,0.109,0.0011061167992855389,5619266.152128048,5619292.8878060235
Romainmôtier-Envy,1685123,5761,2224,22,0.9999910901580501,2.4759688338884767e-05,0.015,0.0008909882745839533,6976654.923583442,6976656.650981458
Schleinikon,1682203,98,104,1,0.997551083358912,0.027586800812163626,3.892,0.2451580710608799,5679366.808371435,5677800.052762617
Albula/Alvra,4449887,3542,1841,18,0.999530968302852,0.0049360558363884645,3.744,0.046915329686333614,93925077.79232915,93929713.98661335
Trüllikon,1682218,40,102,1,0.999564609139072,0.02078682497109048,3.705,0.04354404023476071,9556225.128605958,9554238.692814631
Dorénaz,1685294,6212,2310,23,0.9999973995252701,8.948730309726794e-05,0.013,0.0002600476947613697,12580862.441097073,12580851.182822568
Corminboeuf,1683297,2183,1004,10,0.9996814619960197,0.002932292023900564,2.687,0.03185934162677391,7234034.875132932,7234246.998160582
Gottlieben,1684524,4651,2013,20,0.9993121641761449,0.026999954758443575,0.933,0.0687979574672967,324288.76871149684,324201.210890658
Wittnau,1684463,4181,1906,19,0.9999964614845565,4.1318994163468643e-05,0.015,0.0003538520974380281,11246704.151567962,11246699.50454293
Rapperswil (BE),5817396,310,243,2,0.99942350438744,0.006336788367811193,3.463,0.05766435631509589,22581565.533248864,22580134.587230884
Wäldi,1684573,4701,2013,20,0.9999958781856895,4.584458798121625e-05,0.016,0.00041218237521488464,12210134.32429393,12210139.921979703
Speicher,1683940,3023,1502,15,0.9999951256161812,1.1736719070883514e-05,0.015,0.0004874395986599945,8178703.58815644,8178704.548067904
Andermatt,1683057,1202,,4,0.9999983864891054,2.084490938506519e-05,0.016,0.0001613512362478393,62262578.496094495,62262591.47467256
Dardagny,1685479,6620,,25,0.9999951908369774,0.00016824497005274824,0.016,0.0004809178632034124,8598317.85991702,8598332.326154329
Versoix,1685541,6644,,25,0.9999964566341019,3.0156945812428543e-05,0.014,0.000354337164288547,15150183.060972255,15150178.492139759
Etagnières,1684967,5521,2223,22,0.9999952852689221,0.00012993165705102504,0.013,0.0004714745255226265,3780783.284241095,3780788.196675466
Hasle bei Burgdorf,1682469,406,245,2,0.9994073343868751,0.0026423478858107804,6.899,0.059284912391401164,21885979.99161764,21886558.295347236
Paradiso,1684735,5210,2105,21,0.9999930392917291,0.0003187351176146661,0.013,0.0006960721403759996,2200511.4807230653,2200504.466920209
Rickenbach (ZH),1682195,225,110,1,0.9988431136706684,0.010799463633629231,3.482,0.11576184145500122,6025082.987586671,6025733.664232811
Wegenstetten,1684457,4262,1909,19,0.9999966347040491,6.541734228679673e-06,0.015,0.00033653015043678096,7119128.328526954,7119127.8628124995
Jens,1682499,738,243,2,0.998927879303936,0.027684419033176186,3.387,0.10725472409181296,4582305.966884975,4581037.382099721
Hallwil,1684321,4197,1907,19,0.999993561114003,0.0001472559978553983,0.014,0.0006438901988342958,2180091.0224884166,2180087.8121736273
Bürglen (TG),1684512,4911,2015,20,0.998777393984149,0.02221257031223025,7.432,0.12234897249103896,11709705.10301301,11712306.129492372
Sils im Domleschg,1684168,3640,1851,18,0.9986592641723131,0.002263906482851597,3.586,0.13416200302043044,9282414.210208649,9282204.065031579
Merenschwand,1684365,4234,1908,19,0.9999963704983054,1.6913378456514597e-05,0.015,0.00036295079770913254,13506159.368691036,13506157.084343188
Biberist,1683482,2513,1106,11,0.9989365192378383,0.010526238143865583,3.425,0.10641025607203221,12249163.666073497,12250453.04221162
Illgau,1683082,1363,506,5,0.99999620444637,3.7108749758083107e-06,0.016,0.0003795560903045478,10956177.24499007,10956177.65156011
Hohenrain,1682874,1032,313,3,0.9996883190006508,0.010219123365077248,6.504,0.03117455074604909,23522997.33232052,23525401.176437072
Mesocco,1684118,3822,1847,18,0.9999990223797921,5.397690546972333e-06,0.017,9.776206604434251e-05,164771551.00635603,164771542.1124976
Ernen,1685300,6056,2304,23,0.9998349838520454,0.0013397683474007556,6.252,0.016502865873335774,35402724.07425697,35402249.75976571
Confignon,1685472,6618,,25,0.9998362650049768,0.001502206098236768,0.711,0.01637496306143335,2772048.9884109595,2772090.6302999095
Kesswil,1684535,4426,2011,20,0.9985523981841644,0.0477056395180716,3.775,0.14489958942306938,4472400.000208979,4474533.5872308845
Ormont-Dessous,1685082,5410,2221,22,0.9991989230330873,0.04327317315814886,14.091,0.0801224562479322,64107400.09744465,64079658.7911933
Dompierre (VD),1684946,5671,2222,22,0.9995220099138793,0.005400575395202097,2.778,0.047811726088359534,3211444.0606204714,3211617.49707824
Brusino Arsizio,1684638,5160,2105,21,0.9999387117021733,0.0053219500285277945,1.101,0.00612918069285648,6193891.71505979,6194221.350881686
Grandval,1682456,694,241,2,0.9990968306104053,0.0177177501685133,6.044,0.09034973845393832,8245697.250296359,8244236.2982578995
Tavannes,1682679,713,241,2,0.9988315313525329,0.013114684971762276,6.319,0.11690750407405129,14774789.69793257,14772852.030808445
Sâles,1683407,2152,1003,10,0.999652521822458,0.006676345040705824,3.213,0.03475501600117464,18817076.266166452,18818332.559104554
Neuheim,1683145,1705,,9,0.9983160797081175,0.014001357033317906,3.781,0.16854572655736574,7926997.386339438,7928107.273545521
Oberentfelden,1684384,4010,1901,19,0.9999952561831237,7.85127719919801e-05,0.015,0.0004743829989727844,7159927.80680841,7159933.428266204
Stettfurt,1684560,4606,2012,20,0.9993034590177924,0.04673161526113561,3.265,0.06966208422644722,6365540.282722971,6362565.562928757
Bosco/Gurin,1684633,5304,2108,21,0.999997831071309,9.107090756281933e-06,0.013,0.000216893114071221,22000278.884752724,22000280.88833809
Airolo,1684612,5061,2103,21,0.9999986610140897,1.0608947162221874e-05,0.016,0.000133898673583732,94347406.27652639,94347396.26725991
Muttenz,1683677,2770,1301,13,0.9999979512672647,3.274314870837177e-05,0.01,0.0002048735168897733,16650839.03060611,16650844.482615095
Lignerolle,1685030,5755,2224,22,0.9999966935272162,4.8137278450559536e-05,0.012,0.000330647904495017,10638386.613454359,10638391.734484145
Valeyres-sous-Rances,1685171,5763,2224,22,0.9980759582438588,0.061448145343787876,9.251,0.19264862200927235,6343990.06566407,6347888.329900214
Oberweningen,1682180,93,104,1,0.9971248326024768,0.029700196261531035,3.892,0.28797342216766153,4944588.121983383,4946056.674359936
Epalinges,1684959,5584,2225,22,0.9988049474240761,0.017900086589418544,8.77,0.11958740998557316,4574087.560638443,4574906.326272473
Meltingen,1683549,2620,1110,11,0.9991178103165633,0.05770978680286321,3.444,0.08828336516988147,5755259.143316743,5758580.491098303
Belfaux,5817647,2175,1004,10,0.9999915156075537,0.00031399535327140504,1.391,0.0008484415119595379,8880122.360570565,8880094.477398988
Seltisberg,1683706,2833,1303,13,0.9983959785101552,0.022753257823501703,8.004,0.16051263348398503,3563360.0230310685,3562549.2425378487
Schinznach,3411171,4125,1904,19,0.9999962529676797,5.332998687284335e-05,0.015,0.0003747038342231441,12240672.38055999,12240665.852611016
Orsières,1685351,6034,2303,23,0.999999029116959,4.321156042302484e-08,0.016,9.708835104395023e-05,164928207.09326252,164928207.02199447
Givrins,1684987,5720,2228,22,0.9999913780809169,0.00011368274367511277,0.015,0.0008621961155816185,3960613.219152376,3960617.72168615
Givisiez,1683324,2197,1004,10,0.9992538869486447,0.001535993057421257,2.932,0.07463972298345369,3456098.3921825048,3456151.4776138663
Burg im Leimental,1683636,2783,1302,13,0.9990371519124074,0.057612119787095156,3.382,0.09635893412668277,2842514.984545814,2844152.6176836765
Wangen (SZ),1683120,1349,505,5,0.9991128321740953,0.0007315314746723022,3.501,0.0887564780318665,10996362.949820226,10996443.391676273
Bubendorf,1683632,2823,1303,13,0.9993821110424258,0.011871845809505144,3.621,0.061804322120314975,10800604.065499555,10799321.834438404
Seegräben,1682208,119,105,1,0.9994114322291465,0.04341722273153507,4.885,0.05888688353519981,3772489.155704532,3774127.065723787
Kammersrohr,1683531,2549,1107,11,0.9969987235385179,0.05268436622646652,3.361,0.30065788503897084,950414.8169495005,950915.5369723327
Essertines-sur-Rolle,1684965,5856,2228,22,0.9999937482178695,2.2805370974258924e-05,0.014,0.000625180096137804,6949610.784271005,6949609.199386484
Herbligen,1682476,610,246,2,0.9989057861522724,0.06682296768699575,2.907,0.10944470341944267,2758041.4061867627,2756198.4010691126
Mervelier,1685615,6715,2601,26,0.999668508370139,0.008738966399783426,7.269,0.033153209544760566,9738118.895978326,9737267.885040035
Basadingen-Schlattingen,1684501,4536,2012,20,0.9990292339869011,0.04536050806637388,8.872,0.09710171561280803,15634169.369643563,15627077.630985536
Hermance,1685492,6625,,25,0.9994731714477366,0.051908228427994835,2.677,0.052710413270131436,4905721.358373899,4908267.831422645
Saulcy,1685628,6722,2601,26,0.9987278694637198,0.024388036048342637,5.25,0.12727849867773616,7857954.099687533,7856037.699009039
Böttstein,1684287,4303,1911,19,0.999995174188436,2.4117804879721144e-05,0.015,0.00048258226270995184,7429104.323173626,7429102.531436741
Wildberg,1682241,182,108,1,0.9999947699404886,2.9580607437732688e-06,0.016,0.0005230073108666156,10566246.103383834,10566245.790827855
Hallau,1683654,2971,1406,14,0.9994606062715502,0.033618650676826525,3.603,0.05396299333969053,15323334.029631881,15328485.527771346
Wädenswil,1682244,293,106,1,0.9992526518130971,0.011847413456601648,8.768,0.0747671843218104,35640256.653811954,35644479.102374725
Kriechenwil,1682517,666,246,2,0.9999933690636517,0.00010324733721312687,0.014,0.0006630954908422276,4765233.466004449,4765228.546027783
Innertkirchen,3411258,784,250,2,0.9999989263393543,1.8350532639997074e-06,0.017,0.00010736612127861019,236589721.1232112,236589716.7816638
Saint-Gingolph,1685365,6155,2308,23,0.9999849272168897,0.0010512874391616907,0.18,0.001507297593446698,24333595.97582024,24333851.79185823
Eschenz,1684518,4806,2012,20,0.9813476339914955,1.54249286979944,291.542,1.8973168962282756,12021183.899583966,12206609.804100526
Lohn-Ammannsegg,1683541,2526,1106,11,0.9983682777601195,0.036416668120577166,3.425,0.16327572335895307,4478012.458422526,4476381.715487144
Oetwil an der Limmat,1682183,246,111,1,0.9999910443905365,2.2592338730909912e-05,0.015,0.0008955650576976265,2765139.2087199036,2765139.83342952
Brienz (BE),1682391,573,250,2,0.9993190883934653,0.021458664642217618,30.443,0.0681070423642287,48070324.37099354,48060009.12129434
Orpund,1682601,744,242,2,0.9999744512817964,0.002117020164401473,0.299,0.002554931501640847,3969100.0354751325,3969184.062123229
Cottens (FR),1683300,2186,1004,10,0.9994310734861809,0.01550552788641182,5.449,0.05691325186378784,4969863.220499501,4970633.824027072
Liestal,1683670,2829,1303,13,0.9990333753345654,0.0027242181799158444,9.134,0.09671052458087906,18179249.814748622,18179745.05717705
Fehraltorf,1682120,172,108,1,0.9999955479009993,4.043131904803961e-05,0.015,0.00044521098103075314,9470566.719166476,9470570.548241522
Gerzensee,1682451,866,246,2,0.998971561919699,0.013509939539426436,7.317,0.10290367012493318,7809211.700142579,7810266.719921774
Zeneggen,1685405,6299,2313,23,0.9999959201064188,6.845051772894531e-05,0.014,0.0004079903301014332,7558706.852048519,7558712.026022493
Valeyres-sous-Montagny,1685170,5933,2224,22,0.9999887342259358,4.2898846940810895e-05,0.016,0.001126583993925726,2279510.212136465,2279511.190020062
Dachsen,1682101,25,102,1,0.9999917725388948,0.00015719579295154622,0.015,0.000822750141672447,2703356.2255808874,2703360.4751431425
Bussy-sur-Moudon,1684878,5663,2222,22,0.9994651096526512,0.016129737117198922,2.973,0.053499028971628934,3119629.8663164913,3119126.678220025
Islisberg,1684334,4084,1903,19,0.9999891863638338,6.451006078927078e-05,0.012,0.001081369114531997,1659884.644287944,1659883.573495351
Zielebach,1682736,556,245,2,0.997823148133536,0.02610169993062516,2.969,0.217950819737869,1915041.695956759,1915541.554393784
Rheinfelden,1684403,4258,1909,19,0.9999965353638083,2.148642346530105e-05,0.02,0.0003464642566665837,16023835.720014082,16023839.16296328
Eriz,1682430,924,247,2,0.9990341966844303,0.002658636284150034,18.077,0.09662827737199503,21775935.70559289,21776514.64852077
Villars-Sainte-Croix,1685185,5651,2229,22,0.9983973914977066,0.008043199283359113,2.577,0.1603829206956385,1650994.8814850873,1650862.0886766114
Avenches,1868682,5451,2222,22,0.9995449439454833,0.014911924530999973,7.855,0.045512567955254574,21096184.93488514,21093039.08770873
Rothenthurm,1683098,1370,506,5,0.9991271525600514,0.0004298095237897388,3.532,0.08732266609867745,22747475.74453733,22747377.97372016
Quinto,1684746,5079,2103,21,0.9996249102040229,0.006519639306875172,31.942,0.03751723848978025,92027266.08504258,92033265.9308553
Ried-Brig,1685358,6008,2301,23,0.999997660167085,1.0260196337629712e-05,0.016,0.00023398357724641793,47605571.42849185,47605576.31291695
Buchs (AG),1684283,4003,1901,19,0.9999933652761945,0.00010898267284863753,0.016,0.0006634749429811064,5321595.439143814,5321601.238760762
Bulle,1683280,2125,1003,10,0.9991886380675662,0.0007362434886483205,8.347,0.0811688232105168,23856293.399600193,23856117.759193406
Greppen,1682840,1056,312,3,0.9994323875967182,0.0031623001719283976,3.41,0.05677825182857508,5247185.5799486935,5247351.51170731
Bühl,1682405,734,243,2,0.9999932505558538,6.0090696833660465e-05,0.015,0.0006749464894216663,2969225.0182894445,2969223.2340614405
Ruswil,1682914,1098,314,3,0.9994914465259652,0.004581222235183599,3.65,0.050867116829679614,45252554.77042832,45250481.65032719
Gaiserwald,1683882,3442,1721,17,0.9999958286710686,1.6661408287326167e-05,0.015,0.00041713379787373765,12632851.261824569,12632853.366635496
Anniviers,1685266,6252,2311,23,0.9998834091273446,0.004597110378854317,19.613,0.011660034983030929,243383343.74869046,243394532.34964633
Corbières,1683296,2129,1003,10,0.9998426168126509,0.010268855396697717,2.818,0.015740365441928805,10756874.366586152,10757978.974460062
Porrentruy,1685622,6800,2603,26,0.99863632149854,4.7235618934839853e-05,8.641,0.13646092676902155,14761515.834927788,14761522.807621157
Trin,1684192,3734,1844,18,0.9996615183942422,0.007617284871198272,3.526,0.033855179408841585,47168589.02925609,47172181.995052174
Ueberstorf,1683413,2308,1006,10,0.9999967881831939,1.6856672407135943e-06,0.016,0.00032118219377283343,16109558.148182306,16109557.876628762
Boncourt,1685574,6774,2603,26,0.9999964357826878,4.734665745057958e-05,0.015,0.00035642245079744767,9020525.69429155,9020529.965208951
Yens,1685205,5655,2227,22,0.9989375752960653,0.0016476165655163542,8.143,0.10629981340166904,9514784.127074447,9514940.894233897
Beinwil am See,1684264,4131,1905,19,0.9999956556799368,9.470283819013927e-05,0.016,0.0004344331557094778,5761875.385279692,5761880.841939215
Bannwil,1682370,323,244,2,0.9981326188499927,0.04089061137821074,5.582,0.18695084842428505,4775692.068417484,4777644.878101801
Muri (AG),1684371,4236,1908,19,0.9999845531229967,0.0005662077642555711,0.29,0.001544704003879945,12340102.297316544,12340172.167933868
Schmerikon,1683933,3338,1726,17,0.998639353880651,0.0020648670254365758,5.805,0.13615583711393286,5976603.408165079,5976479.999252062
Lauterbrunnen,1682529,584,250,2,0.9999991466341293,7.385215054433956e-06,0.015,8.533662647404694e-05,164664507.0578296,164664519.21865755
Bellikon,1684265,4022,1902,19,0.9999945425719875,9.786459582256643e-05,0.015,0.0005457440234232165,4941146.806792932,4941141.97115958
Gams,1683883,3272,1724,17,0.9999973772361526,2.6880882491308406e-05,0.015,0.00026227676381600543,22273478.73462271,22273484.721930355
Siblingen,1683707,2953,1404,14,0.9999968475829577,1.0708794943845484e-05,0.014,0.00031524218417163554,9420890.937743051,9420889.928879159
Möriken-Wildegg,1684375,4203,1907,19,0.9999874197237211,0.00046663367005936774,0.126,0.001258032605874721,6608795.281116994,6608764.442253027
La Sonnaz,1683346,2235,1004,10,0.9996097583329592,0.0020405976073913437,3.131,0.03903138437724828,6958392.0511176875,6958250.0583359795
Reigoldswil,1683693,2893,1305,13,0.9993475884780482,0.006704689301193206,2.778,0.06526025335768064,9252347.02633139,9251726.685210206
Morrens (VD),1685065,5527,2223,22,0.9999928849530831,5.824568800472455e-05,0.014,0.0007115074301544208,3667665.7411089796,3667667.877366124
Arni (AG),1684256,4061,1903,19,0.9999917992891019,9.597963749165611e-05,0.016,0.0008200748458543027,3372858.5296009425,3372861.7668583323
Thürnen,1683715,2864,1304,13,0.9986747765292804,0.02582454185392115,3.404,0.13262733914785832,2259984.6346205254,2260568.265298385
Chexbres,1684903,5601,2226,22,0.9994131556677579,0.03290530047477403,3.669,0.05871131557015103,2145693.2438859604,2146399.290695128
Fürstenau,1684084,3633,1851,18,0.9968621773577373,0.0019279433573661715,6.494,0.3142723048310835,1317425.696081553,1317400.296860357
Savièse,1685372,6265,2312,23,0.9999979403205367,4.8311237699772705e-05,0.015,0.00020596820809535538,70974731.06851983,70974765.35729086
Agarn,1685264,6101,2306,23,0.9983695331564248,0.038610171419967726,17.264,0.16321121589779175,7646450.274360548,7649402.581919021
Unterschächen,1683118,1219,,4,0.9996751525827968,0.00048040765152138895,9.807,0.03249009691183691,80276485.92446826,80276871.57884902
Villars-Epeney,1685183,5935,2224,22,0.999986931504826,0.00022106296623705264,0.007,0.0013068595012754296,864476.4633209585,864478.3743582708
Grône,1685314,6238,2311,23,0.9999966718384234,6.062415309303172e-06,0.014,0.0003328167215685072,20728138.14030394,20728139.39692976
Hüniken,1683530,2524,1106,11,0.9971244446292977,0.031077498415133117,3.171,0.287924826426935,1019192.2955164665,1018875.5560469802
Sils im Engadin/Segl,1684169,3789,1846,18,0.9994611035214381,0.02020947043318762,26.654,0.053898725366514064,63579600.38264229,63566751.28210142
Meierskappel,1682897,1064,312,3,0.9999934281293958,2.127982103043003e-05,0.016,0.0006571891500382348,9231841.600255985,9231839.635736614
Sonceboz-Sombeval,1682667,444,241,2,0.9991278991677114,0.05347211427519297,6.115,0.08722480110198884,14966047.899646735,14958045.237411356
Chêne-Bougeries,1685465,6612,,25,0.9984861380593283,0.011586331387561485,3.176,0.15150964646397969,4140265.4286260176,4140745.133498903
Vallon,1683416,2045,1001,10,0.9992237908547386,0.0040835561124595784,3.139,0.07765263671632922,3511348.24289178,3511491.6307675825
Roches (BE),1682622,704,241,2,0.9993905660930162,0.023233252257253555,3.279,0.060969048567020984,9063930.047534978,9066035.893267343
Bellevue,1685450,6606,,25,0.9986552232928766,0.004058992893584621,5.544,0.13457088382698051,6346902.319654189,6347159.939968307
Champoz,1682408,683,241,2,0.9990341917291664,0.01722628182503049,7.794,0.09661916623562006,7173739.093650385,7172503.32513672
Bäretswil,1682099,111,105,1,0.9999967763668399,9.762931369070376e-06,0.016,0.00032236385074773066,22191943.87097457,22191946.03755882
Sullens,1685157,5501,2223,22,0.9988717357643587,0.03126581204019837,4.638,0.11287246049562873,3906544.6375676035,3905323.224663955
Chavornay,1684895,5749,2224,22,0.9999628887161824,0.002490431030750906,2.197,0.0037111510330599027,19283184.08403829,19282703.849638145
Chêne-Bourg,1685466,6613,,25,0.9975450900232047,0.14902931289036617,3.598,0.24560954556769157,1280732.5463030215,1278823.8793893028
Bursinel,1684872,5852,2228,22,0.999913489861438,0.006804623706574429,3.722,0.00865109372540649,7707024.13784368,7706499.7038521245
Trient,1685383,6142,2307,23,0.9999981566424425,9.798967102225837e-06,0.022,0.00018433591644189008,39555212.49450918,39555208.61850692
Buchs (SG),1683869,3271,1724,17,0.999995424121429,1.7862416732190188e-06,0.016,0.00045758890815878286,15950064.465655755,15950064.750562454
La Tour-de-Peilz,1685014,5889,2230,22,0.999996829496133,1.0494818435846793e-06,0.013,0.00031705088761545096,11327965.714926913,11327965.59604197
Tübach,1683950,3218,1722,17,0.9999912004339477,9.225916775030987e-05,0.015,0.0008799608827558951,1989282.4062399876,1989284.2415353798
Stalden (VS),1685379,6293,2313,23,0.999603997535418,0.008998289444049805,9.839,0.039606306883629455,10428263.055043878,10427324.689750198
Thierachern,1682681,941,247,2,0.9989470260454583,0.019327722114037937,2.987,0.10536304351857546,7525838.26694196,7527292.840048946
Romont (BE),1682626,442,241,2,0.9990286373234097,0.017738134459799593,4.728,0.09719208712287013,7019095.6583739575,7020340.714999702
Köniz,1682518,355,246,2,0.9997009346365147,0.00013453382260830498,8.672,0.029910988901357096,51012246.27366108,51012177.64493617
Churwalden,1684064,3911,1848,18,0.9994962817117512,0.0034529992877559827,3.967,0.050383648737886394,48529199.087655894,48527523.374757044
Gilly,1684984,5857,2228,22,0.9999957843331856,3.2533295288218446e-05,0.015,0.0004215676386997709,7760320.916470543,7760323.441158662
Brusio,1684052,3551,1842,18,0.9999977640126881,4.4897531284516436e-05,0.028,0.00022359903120271614,46297904.49343398,46297925.280050136
Krattigen,1682515,566,249,2,0.9992110885581924,0.002127263434753209,7.018,0.07892311496579454,5998282.430243764,5998410.029512616
Thusis,1684187,3668,1851,18,0.9986068213138725,0.013580067493389678,3.718,0.1394244499289804,16771835.898149313,16774113.524784163
Riva San Vitale,1684747,5263,2106,21,0.99999591905964,4.381606784228437e-05,0.014,0.0004080947791793112,7707707.333586938,7707703.956372663
Lüscherz,1682542,497,243,2,0.9983774323155478,0.036174015958404894,6.613,0.16241788284444567,5420783.20931284,5422744.124296048
Rebstein,1683922,3255,1723,17,0.9987819683398691,0.011322997218910126,3.341,0.12188429136051623,4393678.198683022,4394175.694743266
Hausen (AG),1684323,4100,1904,19,0.9999911942590817,8.577684585012509e-05,0.012,0.0008805775912329984,3203685.900054014,3203683.152033298
Delémont,1685596,6711,2601,26,0.9999975277786692,1.8771436754076824e-05,0.015,0.0002472224155114459,21966649.183949593,21966645.060493935
Pfäffikon,1682189,177,108,1,0.9999956704272321,3.1007416701824884e-05,0.015,0.00043295814732231493,19524572.1668573,19524566.112791847
Rubigen,1682627,623,246,2,0.9993075895355612,0.028653663999895176,2.763,0.06927494984231095,6918544.063585497,6920526.479955162
Marchissy,1685041,5430,2228,22,0.9999961599982444,5.440075151874534e-05,0.016,0.00038400101733670973,11979299.115671225,11979305.63249997
Disentis/Mustér,1684070,3982,1850,18,0.9999986853919768,1.4525075773289428e-05,0.018,0.0001314608986644184,90986027.60130213,90986040.81709158
Oberkirch,1682903,1095,314,3,0.9990815605669332,0.012866284125332575,4.175,0.09189205039944713,10954968.161987534,10956377.659317095
Birrhard,1684274,4093,1904,19,0.9999919211206435,4.5403741445531333e-05,0.015,0.0008078910157540082,2995890.449721054,2995889.0894747004
Gletterens,1683325,2022,1001,10,0.9999952982835717,0.000215165455732852,0.015,0.00047017325363726977,7108709.872270387,7108725.16775838
Kleinlützel,1683535,2619,1110,11,0.9991048003131132,0.05785937154995752,9.363,0.08953414631282838,16319252.515343552,16309810.298396524
Crans (VD),1684928,5713,2228,22,0.9999962602248557,9.858692536612403e-05,0.015,0.00037397802928886345,8854737.908905447,8854729.179291593
Rorbas,1682197,68,103,1,0.9989680410449576,0.033702538539103245,5.401,0.10323177116130242,4436142.339961614,4434647.247379839
Reiden,1682908,1140,315,3,0.9997180176746664,0.0025468297820102647,4.48,0.02820184966438635,27032863.87309136,27032175.39206331
Coinsins,1684910,5710,2228,22,0.9999919312224251,8.511735909016361e-06,0.014,0.0008068810469603334,2908159.2727271444,2908159.5202619815
Martigny,1685332,6136,2307,23,0.9998320718870106,0.002871904049146758,3.261,0.016793980252789924,32590138.37535182,32589202.417848196
Oberriet (SG),1683917,3254,1723,17,0.9992603088235941,0.018476997824715097,3.468,0.07400332107858662,34602089.992227174,34608483.419642344
Kemmental,1684534,4666,2013,20,0.9992662587549935,0.011904846380825828,7.197,0.07339668404970329,25041205.731861826,25038224.61478754
Lauerz,1683089,1365,506,5,0.9993268299635699,0.011996285529338655,3.636,0.06734370829620677,9186163.21416215,9187265.212530512
Froideville,1684980,5523,2223,22,0.9993006688036737,0.00514457721544056,4.502,0.06995578188121264,7084096.0085035805,7083731.561714407
Mauborget,1685045,5562,2224,22,0.999994235701121,3.7246886734887966e-05,0.007,0.0005764316565877491,5517706.348137497,5517708.403311331
Binn,1685275,6054,2304,23,0.9999983045758062,1.0180473782072974e-05,0.016,0.00016954255432736988,65083758.7312062,65083752.10537121
Courtételle,1685594,6710,2601,26,0.9991274374434559,0.06840939902157363,6.781,0.08732419930781257,13556410.346349021,13565684.205195857
Schnottwil,1683573,2461,1103,11,0.9993897469373648,0.010486633810697499,3.212,0.061040731659996815,7165408.512719187,7164657.102567418
Oberwil-Lieli,1684393,4074,1903,19,0.999994623369601,6.207695888308457e-06,0.016,0.0005376644684973396,5349508.619735047,5349508.287653821
Ronco sopra Ascona,1684748,5125,2104,21,0.9999959355914597,8.611479951190392e-05,0.016,0.00040644185498245154,8908459.040228743,8908466.711730385
Lengwil,1684539,4683,2013,20,0.9982882602364435,0.0014702034582401318,9.296,0.17132186388184945,8886320.543837564,8886451.19082951
Steg-Hohtenn,1685381,6204,2309,23,0.9999974405808524,4.875610579853382e-06,0.014,0.0002559422485193795,14026259.289437132,14026259.973302914
Lax,1685325,6061,2304,23,0.9999939073274656,7.512751292326473e-05,0.014,0.0006092693383996718,5419314.84034337,5419318.911739827
Wohlenschwil,1684466,4046,1902,19,0.9999946307454711,9.27916254870346e-05,0.015,0.000536927143457154,4389722.748967946,4389726.822263039
Häggenschwil,1683897,3201,1721,17,0.9989272439721132,0.011507311147541553,3.429,0.1073393495245778,9071366.221907575,9072410.092244063
Eggersriet,1683875,3212,1721,17,0.999993554644568,1.1051000116731355e-05,0.016,0.0006445376561170059,8902692.290038513,8902693.273875048
Belprahon,1682376,681,241,2,0.9987683972315812,0.017725195078836475,6.044,0.12322524391788828,3814942.8227929673,3814266.616735481
Icogne,1685317,6239,2311,23,0.9991766823141128,0.005130783244518875,5.421,0.08236778814925258,24825406.713381153,24826680.451189186
Weiach,1682233,102,104,1,0.9991557955762964,0.015822577684664624,3.594,0.0844627730386521,9578078.951892097,9579594.450874958
Landiswil,1682523,613,246,2,0.9997285160187704,0.004500066975032377,3.952,0.027152694731798595,10257703.014926484,10258164.618432255
Heimiswil,1682474,407,245,2,0.9999841854089151,0.00041357961042419434,4.035,0.0015814748841942155,23360452.549121127,23360549.163189773
Lonay,1685031,5638,2227,22,0.9989758516730513,0.020758749547949044,3.99,0.10245666808818778,3715953.263409971,3715181.8779787007
Gsteigwiler,1682461,577,250,2,0.9999963330319527,2.695216293261581e-05,0.013,0.00036669742759736683,7018305.89578204,7018304.0041968
Yverdon-les-Bains,1868691,5938,2224,22,0.999996105771936,1.9223964002385407e-05,0.014,0.00038942360205193013,15025613.192536034,15025616.081054505
Courchapoix,1685587,6706,2601,26,0.9999954381485793,8.518445517437535e-05,0.014,0.0004561859883081572,6391615.594635494,6391610.149972573
Kirchdorf (BE),1682510,872,246,2,0.9991888466845653,0.005368147441979168,5.53,0.08114606529813165,14620838.397907412,14620053.529744959
Ballaigues,1684840,5744,2224,22,0.9999963117281468,0.00012178144397979632,0.014,0.00036882764088620273,9058963.690845443,9058952.65870865
Wauwil,1682928,1146,315,3,0.9987826752379794,0.011878977013662672,2.699,0.12179938061663409,2964521.510556394,2964169.3557275897
Obergoms,1685350,6076,2304,23,0.9999987010006629,9.341978693053415e-07,0.016,0.00012990001873227359,155980791.9318194,155980793.38898864
Ried bei Kerzers,1683388,2276,1005,10,0.9993077355899462,0.0073863716093706235,2.841,0.06924785325645526,7551084.471453713,7550526.720294114
Teufenthal (AG),1684437,4145,1905,19,0.999993842701618,0.00010008533402025097,0.015,0.0006157314257046326,3573254.2377199912,3573250.661416552
Leuk,1685328,6110,2306,23,0.9999980124352844,1.8430654673557558e-05,0.015,0.0001987566508068648,54299309.23727688,54299299.22955871
Oberuzwil,1683918,3407,1728,17,0.9990124043648677,0.008581964953494612,3.78,0.09881259471223316,14076122.120960878,14077330.12882811
Eiken,1684301,4161,1906,19,0.9999960412184465,8.783787557481466e-05,0.014,0.00039587876518410847,7083983.782956335,7083977.560535474
Crémines,1682417,691,241,2,0.9986587315666152,0.027488523843382125,6.307,0.134235300868993,9478824.153293584,9481429.742131034
Stabio,1684761,5266,2106,21,0.9999950004532789,2.4339476361504315e-05,0.014,0.0004999559827747112,6149303.148980347,6149304.645688534
Hittnau,1682140,173,108,1,0.9999960930627133,2.1742318168185408e-05,0.014,0.00039069453423791424,12955438.002792023,12955440.819604574
Chevilly,1684901,5476,2227,22,0.9999935953438437,5.0389248524820184e-05,0.016,0.0006404678280121673,3885345.3796734805,3885347.33746982
Feuerthalen,1682121,27,102,1,0.9987324319838204,0.06969342562459467,3.845,0.12688138759096945,2481590.613624491,2483320.119133104
Rheineck,1683925,3235,1723,17,0.9987688907697692,0.03567755145913511,6.194,0.1231647761879799,2205210.0190489436,2204423.2541096155
Lovatens,1685033,5674,2222,22,0.9973727071868098,0.03724131144066227,3.217,0.2631238549404507,3468624.099815278,3469915.860918996
Knonau,1682155,7,101,1,0.9983017560356742,0.028090738907043132,3.613,0.1699925933443007,6466002.9202264305,6467819.268224473
Niederried bei Interlaken,1682577,588,250,2,0.9985549571017863,0.044860109404587525,12.543,0.14457633693472943,4149427.2969450364,4147565.859319963
Chardonne,1684888,5882,2230,22,0.9999865283464854,0.0009711430445618545,0.271,0.001347167884301702,15363830.560930718,15363681.356158847
Wald (ZH),1682228,120,105,1,0.9991968322169559,0.008105808364740804,3.806,0.08034578871687408,25264900.59716452,25262852.67273857
Dierikon,1682823,1053,312,3,0.9981342216632905,0.005337966369848277,3.237,0.18674706825710535,2775304.908105083,2775156.7632624274
Merishausen,1683676,2936,1403,14,0.9999974052033156,6.246028573872272e-05,0.016,0.00025948008619257844,17565698.768080562,17565709.739666205
Willisau,1682932,1151,315,3,0.9992157127670156,1.2362235142623048e-05,3.546,0.07845948583744283,47218952.52944058,47218946.69212264
Schongau,1682918,1041,313,3,0.9998028804497024,0.008987959173332599,3.09,0.019714783965593174,12429135.544928897,12430252.670557274
Lostorf,1683543,2493,1105,11,0.9991474237924272,0.012808885929505421,4.006,0.0852885179624317,13247021.521782449,13245324.725906666
Wyssachen,1682734,960,244,2,0.9999968054116005,9.04780050544083e-07,0.014,0.0003194593518084517,11692008.9289856,11692009.034772564
Hellikon,1684324,4251,1909,19,0.9999958906772227,1.7754492347979135e-05,0.015,0.0004109331586007246,7044085.1517391,7044086.402380659
Daillens,1684940,5480,2223,22,0.9979277046973084,0.018645380549607488,4.46,0.20742513396722786,5520686.9038859885,5519657.550803807
Sauge,3411230,449,241,2,0.9999967510035264,5.940314231505683e-06,0.015,0.0003249001654774108,13457899.012856063,13457898.213414572
Corsier (GE),1685475,6619,,25,0.9987905995286004,0.003436231472824634,3.609,0.12101530301220341,4292730.659268474,4292878.167430432
Aeschi bei Spiez,1682360,562,249,2,0.9991033801069127,0.020411845877778223,27.34,0.08969304876131509,30996956.653381694,30990629.602362804
Schupfart,1684421,4259,1909,19,0.9999959029992412,3.1355994569552746e-05,0.013,0.0004097009793734854,7046625.399849093,7046627.60938857
Ettiswil,1682834,1128,315,3,0.9990384222557622,0.0032832846903907194,3.378,0.09620244892381848,12582490.724018307,12582077.605026696
Samnaun,1684151,3752,1843,18,0.999778695821592,0.002858025245918883,3.392,0.02213318317014835,56285712.784771755,56287321.44465299
Mägenwil,1684372,4032,1902,19,0.9999942032225677,2.417720641179083e-05,0.014,0.0005796793532735374,3477907.876558028,3477907.035697062
Ennetbaden,1684304,4026,1902,19,0.999990054625795,0.00013439442511011993,0.014,0.0009945416976787176,2108803.9234629753,2108801.0893480657
Bière,1684855,5425,2227,22,0.9994135899283164,0.003484000669813081,3.55,0.058659227875888675,25055410.606563766,25056283.537237123
Zell (LU),1682934,1150,315,3,0.9990660889214197,0.01587928879902245,3.546,0.09342731934041484,13906069.440795919,13903861.255868822
Egolzwil,1682827,1127,315,3,0.9983988038407964,0.0015237031102261133,3.254,0.16024913094067902,4180489.119012918,4180552.817255647
Santa Maria in Calanca,1684153,3810,1847,18,0.9987053509223062,0.007417461202776788,3.234,0.12955357248072233,9312894.53156545,9313585.311904185
Vals,1684202,3603,1850,18,0.9997513131080749,0.0035668999022770457,3.74,0.024871338259950717,175560027.3606491,175553765.31020474
Nottwil,1682902,1094,314,3,0.9994159256166545,0.013119182783887868,3.641,0.05842833287008727,14834107.392368427,14836053.50603159
Egg,1682113,192,109,1,0.999384629893079,0.014148011342940331,5.188,0.061560305009966246,14528066.940606097,14530122.373164764
Urtenen-Schönbühl,1682702,551,246,2,0.999044151025355,0.011621439213863966,3.172,0.09562504484455042,7189469.754698523,7188634.234841182
Bleienbach,1682383,324,244,2,0.9986076095320239,0.00018956670677313186,3.549,0.1393361839601953,5694234.462615481,5694245.256988227
Prez,10523738,2237,1004,10,0.9999958724364961,1.6770320115798988e-05,0.016,0.0004127571675099404,16045806.658886079,16045803.967952937
Hochwald,1683523,2475,1104,11,0.9999964857204549,1.100678364903655e-05,0.014,0.00035142855277676055,8348650.710983976,8348649.792066054
Grellingen,1683651,2786,1302,13,0.9997259888168594,0.002913389732244846,2.266,0.02740447372949054,3293820.03826008,3293724.0764452866
Denges,1684943,5632,2227,22,0.9999890241510875,0.0002320245821000319,0.016,0.0010975921880599076,1657578.4254900555,1657582.2714794702
Amlikon-Bissegg,1684498,4881,2015,20,0.9988534923181266,0.03468373169872526,3.751,0.11469663589194078,14457449.303323828,14452434.920396984
Amriswil,1684499,4461,2011,20,0.9999967351574575,2.8111813044590792e-05,0.016,0.0003264848327537004,19021204.78193663,19021210.129142158
Bünzen,1684289,4229,1908,19,0.999994507984533,4.2877306495636315e-05,0.015,0.0005492029372906009,5774901.2727388935,5774898.796616775
Vendlincourt,1685634,6806,2603,26,0.9999958005927958,6.189713088650447e-06,0.015,0.0004199416153274713,9151025.123749489,9151025.690171689
Echandens,1684953,5633,2227,22,0.9984187676759815,0.038903398428716325,8.384,0.158217564109526,3880892.0419884827,3879382.2430947996
Fideris,1684077,3861,1849,18,0.9994541725017225,0.005840083737616489,3.638,0.05459924455131269,25355436.74380453,25356917.522542406
Attinghausen,1683059,1203,,4,0.9993782018979442,0.0016325311001491832,3.592,0.06219965557176133,46890505.41335398,46891270.91543787
Renan (BE),1682618,441,241,2,0.9992443465981339,0.025737375424309237,4.683,0.07558417363787372,12632930.34845907,12629678.963748196
Emmetten,1683066,1504,,7,0.9999979242405259,1.5577384538697115e-05,0.035,0.0002075761791083134,28618876.520715006,28618880.978787452
Münchwilen (TG),1684545,4746,2014,20,0.9980979845959699,0.021068809957535337,4.708,0.19036254004431297,7814575.463560956,7812929.02550755
Genève,1685488,6621,,25,0.9992571446448124,0.026341773967768104,7.328,0.07430334977533974,18296128.080926716,18291308.556222785
Männedorf,1682167,155,107,1,0.9997098805485894,0.019448041306014383,3.123,0.029013332679716487,4766946.317536449,4766019.239847579
Henggart,1682135,31,102,1,0.9972852890577907,0.01532143834259856,6.686,0.2718192529330783,3032983.046066004,3032518.3494386594
Lalden,1685324,6286,2313,23,0.9987324438936162,0.053799275315005876,3.182,0.12687011493269204,1301134.9146850486,1301834.9158400197
Hüntwangen,1682147,61,103,1,0.9994320733096045,0.03548690426883941,3.098,0.056818880499125125,4908567.135936027,4910309.034456529
Soubey,1685629,6759,2602,26,0.9999969455866581,2.5514158441555266e-05,0.015,0.0003054417616541096,13489317.145621965,13489313.703936215
Arbedo-Castione,1684616,5001,2101,21,0.9999971971256365,2.8888966924596155e-05,0.015,0.0002802878697530552,21388407.987000287,21388414.165890396
Provence,1685110,5566,2224,22,0.9999980829035923,1.4565781817652873e-05,0.015,0.00019170983853439985,31863367.85630493,31863372.49745357
Chéserex,1684907,5709,2228,22,0.9999957392239434,4.4129315456385715e-05,0.016,0.0004260784191720087,10580673.41874056,10580668.749561809
Maienfeld,1684110,3953,1845,18,0.9994011849736358,0.01989294591135488,4.885,0.05989347909655656,32326605.630575377,32320174.91640231
Romanel-sur-Morges,1685126,5645,2227,22,0.9986620700601831,0.09798520121073134,2.926,0.1339481492686129,1757512.3189975703,1759234.4209796435
Hägendorf,1683528,2579,1108,11,0.9995703009014891,0.005127140715544642,2.936,0.0429780421002037,13937300.660587506,13936586.07557069
Stäfa,1682214,158,107,1,0.9998516788144333,0.009970203526551289,3.123,0.01483395804773516,8591611.20049152,8592467.801614419
Mutrux,1685068,5563,2224,22,0.9999922750967485,0.00019252117861513136,0.014,0.0007724940523941737,3232732.1384234633,3232738.3621174777
Uznach,1683953,3339,1726,17,0.9986047534586223,0.01126272690918188,3.669,0.13962992035993493,7535446.4956825245,7536295.192442721
Lully (FR),1683355,2025,1001,10,0.9999397459035684,0.0003514568277384556,0.726,0.006025580587719815,5520288.576909039,5520269.175477925
Gonten,1683888,3102,,16,0.9999973947269223,1.609505952016745e-05,0.016,0.000260527668172797,24726323.23936869,24726327.21908513
Welschenrohr-Gänsbrunnen,1683587,2430,1102,11,0.9993733869004389,7.502404528483527e-05,6.518,0.06268097182063591,24460775.847484864,24460794.198948413
Onsernone,6155156,5136,2104,21,0.9999988030827518,9.616259745975192e-06,0.118,0.00011969180229654355,105391039.10190251,105391049.23657858
Klingnau,1684342,4309,1911,19,0.9999951754211549,5.314424516587276e-05,0.013,0.0004824591767733011,6711998.434374945,6712002.001415849
Ettingen,1683646,2768,1301,13,0.9999970078871511,2.0445916218546468e-05,0.013,0.00029921170193012136,6321551.307410704,6321550.01491162
Metzerlen-Mariastein,1683551,2477,1104,11,0.9999970502735223,0.00010457760665492089,0.007,0.0002949732370973182,8481512.20208261,8481521.071845079
Egerkingen,1683498,2401,1101,11,0.9993083075399215,0.0013035285539992037,2.936,0.06919272523068251,6947556.1294984715,6947465.566120518
Villars-sur-Glâne,1683420,2228,1004,10,0.9999951850476483,3.0348184503069467e-05,0.013,0.00048149646754180316,5478818.122101079,5478819.784822911
Wohlen (AG),1684464,4082,1903,19,0.9999961998017811,1.525670229340328e-05,0.014,0.0003800205150865929,12488002.676933913,12488000.771676522
Bennwil,1683621,2882,1305,13,0.9988696127038496,0.019187955838726935,8.127,0.11309180347319701,6530639.785153096,6529386.688875134
Oberbuchsiten,1683560,2406,1101,11,0.9999961265259892,8.377386237930567e-05,0.015,0.0003873479890162208,9387879.925598944,9387872.061009334
Villeret,1682707,448,241,2,0.9992001349930147,0.011711116804584865,6.707,0.080013817168513,16235914.07761707,16234012.670755148
Zwischbergen,1685407,6011,2301,23,0.9999983997933303,1.5989154965941747e-06,0.016,0.00016002079634235675,86028347.02623637,86028348.40175694
Langenbruck,1683664,2888,1305,13,0.9996700926688812,0.0004657698846538312,2.696,0.032996252795233896,15664091.047271976,15664164.00589078
Magden,1684356,4253,1909,19,0.9999967635418755,2.4459170222352846e-05,0.014,0.0003236462966632445,11018113.84370389,11018111.14876467
Donneloye,1684947,5913,2224,22,0.9999954453860727,1.8846685679561522e-05,0.011,0.0004554624727534029,9010580.245930955,9010581.944126692
Scuol,4447223,3762,1843,18,0.9999994048310251,1.5123373118912132e-06,0.018,5.951691480023687e-05,438606090.97711116,438606084.3439076
Madulain,1684109,3783,1846,18,0.9981977697692715,0.004143511702875666,15.361,0.18038930838602474,16285270.544531465,16285945.326622322
Cudrefin,1684936,5456,2222,22,0.9997258559843301,0.00020210765929533456,3.771,0.027418187536399807,31892352.819595814,31892417.27648359
Orbe,1685080,5757,2224,22,0.9992337870311172,0.062144869390300006,5.156,0.07662684502715694,12047778.461889386,12040291.385699812
Puidoux,1685113,5607,2226,22,0.9999976390409645,6.527920332465538e-05,0.015,0.00023609625926171551,33128597.541143555,33128619.167228103
Cossonay,1684926,5477,2227,22,0.9989652948566159,0.009749752859300524,4.817,0.10352911945421461,8283605.640662499,8284413.271740302
Bretzwil,1683630,2883,1305,13,0.9992714115058319,0.021718320616898983,3.346,0.07289331589165413,7330821.442507921,7332413.573812657
Le Pâquier (FR),1683353,2145,1003,10,0.9989675112739702,0.01887467486033901,3.359,0.10329245280488884,4499003.78564348,4498154.613306985
Marly,1683358,2206,1004,10,0.9996625645414478,0.006832080319021663,4.979,0.03374808706262738,7721529.598957442,7721002.057853384
Hüttwilen,1684533,4821,2012,20,0.9988185211002591,0.005079528834924641,4.043,0.11821472339656454,17661638.62496791,17660741.496941235
Luterbach,1683544,2527,1106,11,0.9986271927476666,0.027537245377382964,5.933,0.13739393459332505,4523288.971477554,4524534.560660758
Plasselb,1683379,2300,1006,10,0.9995632525935042,0.006022594012794503,3.0,0.04368296468418712,18156560.918374933,18155467.422424134
Grancy,1684992,5485,2227,22,0.9990466885569703,0.007272656538155671,3.515,0.09537313790155326,5669783.671407793,5669371.327514915
Rüschegg,1682637,853,246,2,0.9999983036900277,1.0396424344638331e-05,0.016,0.00016963114995809846,57290357.665586345,57290363.62173504
Staldenried,1685380,6294,2313,23,0.9999971167860551,1.3387765138828087e-05,0.014,0.000288321829263232,14271521.353429811,14271523.264067572
Collonge-Bellerive,1685469,6616,,25,0.9991700474391855,0.007473070623783713,5.033,0.08302660900767786,10692733.595761035,10691934.52022781
Lengnau (AG),1684350,4312,1911,19,0.999996401066888,2.6700158510468418e-05,0.014,0.00035989391090324315,12670822.652071021,12670819.268941289
Payerne,1685094,5822,2222,22,0.99999729337739,2.4827208193027957e-05,0.015,0.00027066259368376243,24178549.82560938,24178543.822750475
Göschenen,1683079,1208,,4,0.9999309071749594,0.0029614357696279956,3.21,0.006909623513676797,104150242.80915332,104153327.15169802
Aesch (LU),1682812,1021,313,3,0.9995797727225608,0.019257138028532985,3.09,0.04202751211007902,5799521.096810322,5798404.275027716
Wahlen,1683718,2792,1302,13,0.9990491922171002,0.02184521743926752,2.555,0.09513639180222291,5407975.86856612,5409157.252653671
Cartigny,1685460,6609,,25,0.9997223014236256,0.020987807477581742,2.569,0.02777662854472456,4383440.572005066,4384360.560073213
Lachen,1683088,1344,505,5,0.999091217202579,0.0034481745631338603,3.271,0.09092116035627552,4343745.049928126,4343894.829840025
Neuenkirch,1682901,1093,314,3,0.9992283770944408,0.007072604283147511,3.65,0.0771948018864821,26267403.137137473,26269260.92661682
Oberhallau,1683685,2972,1406,14,0.9998124543231628,0.017422818195000515,1.877,0.018757960457924557,6044554.89300844,6045608.024818146
Grüsch,1684086,3961,1849,18,0.99947273241112,0.013637153118975669,22.223,0.05274425927135918,43295755.121716335,43301659.4301363
Einsiedeln,1683065,1301,501,5,0.9997279403937557,0.008329040477713939,4.217,0.027210795101457807,109741586.3270454,109750726.74819146
Dornach,1683495,2473,1104,11,0.9994704284447122,0.0046249325686530405,2.39,0.0529724064850961,5786490.54053595,5786758.161821541
Tresa,12597254,5239,2105,21,0.9999951800953711,4.3109635029589555e-06,0.015,0.00048199161417797543,11179448.613873547,11179448.131931597
Derendingen,1683494,2517,1106,11,0.9986710825374375,0.02497635253719601,5.933,0.13296349925880302,5626063.083026604,5624657.897677022
Weesen,1683963,3316,1726,17,0.9977642751067617,0.05595281099227892,7.179,0.22376007476241777,5748661.4272654345,5745444.889602451
Fischbach-Göslikon,1684307,4067,1903,19,0.9999909836474136,7.118972790479728e-05,0.014,0.0009016390023371829,3070259.1327379975,3070256.947028875
Morges,1685064,5642,2227,22,0.9996481750720815,0.0061503043566345774,7.74,0.03518760081406114,13578296.35291525,13577461.2463631
Busswil bei Melchnau,1682399,325,244,2,0.9992783841699993,0.027948321522175357,3.37,0.07217754125268452,2862456.649017562,2861656.640429862
Sirnach,1684557,4761,2014,20,0.9988575783695479,0.01613855563776244,4.859,0.11431668048714236,12384301.03438805,12386299.681700833
Boswil,1684277,4228,1908,19,0.9999957535268609,4.189449502683559e-05,0.015,0.00042464830458934443,11776473.661969882,11776478.595664054
Brione sopra Minusio,1684636,5096,2104,21,0.9999921314143916,0.00018493944683339164,0.015,0.0007868609289811211,3816522.8162712613,3816515.7580150766
Feldbrunnen-St. Niklaus,1683504,2544,1107,11,0.9976901887050933,0.05110099597679815,3.424,0.23130728440872486,2509459.4499606015,2510741.8087331653
Stans,1683112,1509,,7,0.9992465389617838,0.012339264487110892,3.436,0.07536984936652415,11083297.550260285,11081929.952861665
Mettmenstetten,1682166,9,101,1,0.9986513475101187,0.013773916439041665,3.623,0.1349469591508681,13027016.181446815,13025221.851123482
Orselina,1684732,5121,2104,21,0.9999937344017493,4.099091350401383e-05,0.007,0.0006265619165443115,1941255.069557017,1941255.8652952034
Niederbipp,1682574,981,244,2,0.9992509846489476,0.006681414708132529,3.294,0.0749270936359758,19770077.31978406,19768756.398930207
Lyssach,1682541,415,245,2,0.9987678537318261,0.002389682673308101,4.134,0.12328910970643275,6046793.314830467,6046648.815658332
Dörflingen,1683644,2915,1402,14,0.9987436169799154,0.008649262362672838,6.919,0.12571183972582384,5821058.537210394,5820555.058585226
Rüeggisberg,1682634,880,246,2,0.9996791041781582,0.002076140969243706,11.72,0.03209439855093347,35803699.497857794,35802956.162584014
Escholzmatt-Marbach,2741953,1010,316,3,0.9997638258257133,0.00728335823648389,14.134,0.02361934649767771,106395487.98864534,106387738.82410768
Russin,1685528,6637,,25,0.9999931585025277,0.00016118772375413011,0.015,0.0006841515362444005,4909769.1334064845,4909761.219461377
Tafers,12120617,2306,1006,10,0.999997420460572,2.9692952030112567e-05,0.016,0.00025795423740792726,41347791.440253004,41347779.16287313
Kaiseraugst,1684336,4252,1909,19,0.9999938386865733,0.00012758577507628562,0.02,0.0006161328475995405,4904658.360209911,4904652.102563527
Lufingen,1682161,63,103,1,0.9979972999201026,0.01795072779867131,3.901,0.20048874236196154,5180632.222643938,5181562.183832475
Cugy (FR),1683306,2011,1001,10,0.9999957705090314,1.863781384755893e-05,0.014,0.0004229500306878296,9876618.755989864,9876620.596775683
Buttwil,1684285,4230,1908,19,0.9999609356023444,0.001338851431212713,0.29,0.003906489917172095,4568375.796858043,4568314.633093304
Mettauertal,1684366,4184,1906,19,0.9999971025978327,2.932004442775002e-05,0.015,0.0002897406788861421,21592623.69351653,21592630.02448339
Ropraz,1685127,5798,2222,22,0.9999936642127777,0.00013692438851012107,0.015,0.0006335802957358541,4806682.097327057,4806675.515806988
Lyss,1682540,306,243,2,0.9999971887918355,5.331890767508258e-05,0.013,0.00028112128639142393,14829634.66131956,14829642.568318773
Flawil,1683879,3402,1728,17,0.9999949520034558,1.2515634953594851e-05,0.015,0.0005048008966061525,11469051.217576716,11469049.782152133
La Brillaz,1683343,2234,1004,10,0.9999952689983724,8.450692910355739e-05,0.015,0.00047310148175090346,10303705.059242038,10303713.766586768
Hospental,1683081,1210,,4,0.999998212695448,2.9983159628360756e-05,0.014,0.0001787305881422147,35165419.89380834,35165409.35010436
Chamblon,1684882,5904,2224,22,0.9984456024762729,0.006582046991351773,3.461,0.1555657734580134,2859901.4988175165,2860089.738878075
Curtilles,1684939,5669,2222,22,0.9985763165471616,0.003012256749390446,3.217,0.1424676154271799,4961262.791377575,4961113.345404287
Stammheim,9173171,292,102,1,0.9991519090684265,0.013461076698067367,3.993,0.08485078185524017,23953803.085951317,23957027.52575682
Zufikon,1684474,4083,1903,19,0.9999943118561618,3.7899474688106616e-05,0.015,0.0005688161093160147,4806350.209377073,4806352.030958554
Oberrieden,1682178,137,106,1,0.998121655020495,0.03810673615029242,5.505,0.18804689521948068,2790833.2975980076,2791896.793079118
Schönenbuch,1683705,2774,1301,13,0.999991195630832,0.00020656235689829535,0.01,0.0008804398831553534,1345542.1966671613,1345539.4172834868
Auenstein,1684258,4091,1904,19,0.9999942486782881,3.701384409626825e-05,0.015,0.0005751337185671832,5681954.403080956,5681952.299971212
Willadingen,1682726,423,245,2,0.9979327974934398,0.05484982076667413,3.243,0.20687738653859125,2167171.9264690205,2165983.2365516466
Beatenberg,1682372,571,250,2,0.999997277640581,3.0259097704173175e-05,0.016,0.0002722362711680102,29246711.429226868,29246702.57943588
Fribourg,1683318,2196,1004,10,0.9994492047233875,0.025224507553710147,8.936,0.05510164929515826,9284601.629681434,9286943.624720845
Eppenberg-Wöschnau,1683499,2574,1108,11,0.9984908963488204,0.07714744775472189,3.28,0.15108257649943355,1811605.7130058534,1813003.320576816
Crésuz,1683305,2130,1003,10,0.9999923644128985,0.00013651669378067258,0.007,0.0007635611041151407,1793803.912773548,1793801.4639317533
Attiswil,1682367,971,244,2,0.9986718483733577,0.010187480034547702,3.273,0.13291019036614132,7646854.699845676,7647633.721641494
Remaufens,1683386,2333,1007,10,0.9984328416774454,0.02528261079817319,3.397,0.15681890135162257,5906956.123727511,5905462.69100073
Préverenges,1685111,5643,2227,22,0.9997096964937228,0.007059005019246496,3.99,0.029035589821623343,10121850.134411823,10122564.636320852
Fischenthal,1682122,114,105,1,0.9999974044996907,9.269895340469811e-06,0.016,0.00025955035551079923,30241253.655271567,30241250.851939004
Ligerz,1682534,740,242,2,0.9999892856492989,8.524838526287632e-05,0.015,0.0010714403535366389,1792289.0273165277,1792287.4994190726
La Verrerie,1683347,2338,1007,10,0.9991404052606024,0.01194899825168259,3.394,0.08600157283751789,13432346.972157422,13433952.003062285
Les Genevez (JU),1685613,6748,2602,26,0.9986652429574062,0.02562954712795426,9.058,0.1335477265345408,13635132.311671255,13631637.689009476
Alto Malcantone,1684613,5237,2105,21,0.9993163596829397,0.03973370303083054,10.698,0.06840099432546051,22058111.297971338,22066875.802408684
Ergisch,1685299,6104,2306,23,0.9994571619708904,0.015634916258529835,20.763,0.054294295801581405,29533305.92504981,29528688.417400055
Aedermannsdorf,1683473,2421,1102,11,0.9989647409242723,0.0063252635826601825,3.433,0.10357624755431444,12916326.503980976,12915509.512284402
Arbon,1684500,4401,2011,20,0.9988991079370545,0.010470374280130446,4.686,0.11015560438585618,6044705.165718943,6045338.068973924
Châtel-sur-Montsalvens,1683291,2128,1003,10,0.9999926313739286,4.958813141263668e-06,0.013,0.0007368653402305814,2028777.640225412,2028777.7408287043
Oberbipp,1682585,983,244,2,0.9986063223015144,0.01811520130533767,3.434,0.13947758662559526,8451594.026250059,8453125.049521424
Evolène,1685303,6083,2305,23,0.9999992702653915,1.142245124371193e-06,0.016,7.297348729649025e-05,209989325.27943265,209989327.67802548
Homburg,1684530,4816,2012,20,0.9989252570181997,0.0003407955002335847,6.065,0.10753189962302227,24126971.486938927,24126889.263305757
Oberburg,1682586,418,245,2,0.9999950458472087,6.122157514767601e-06,0.015,0.0004954165214722003,14138283.04636945,14138283.911937408
Eggiwil,1682427,901,245,2,0.99999840725962,6.502395266217542e-06,0.016,0.00015927416984332175,60305136.17997745,60305140.10125577
Lindau,1682160,176,108,1,0.9988500930778982,0.004816613266233769,3.781,0.11505407361947244,11987134.665482003,11986557.291563464
Oeschgen,1684394,4175,1906,19,0.9999952818464198,2.4518585725051206e-05,0.015,0.0004718165288340853,4377508.762228953,4377509.835532191
Kaltbrunn,1683899,3313,1726,17,0.9991046173022038,0.0018588435279817343,6.972,0.08957920580286685,18641532.231577456,18641878.74849286
Breggia,1684634,5269,2106,21,0.9999966619275249,2.6038562041702476e-05,0.015,0.0003338078483013742,25482686.398337062,25482693.03366217
Bister,1685277,6172,2309,23,0.9991339920686104,0.04859433305217418,6.06,0.08661725721592493,5807362.384718876,5804540.335700099
Bettwil,1684270,4227,1908,19,0.9999918200159931,0.00021692752513060193,0.071,0.0008180008590169865,4249487.766888047,4249478.548579403
Schwarzenburg,1682656,855,246,2,0.9997597158025808,0.00270602669864896,6.9,0.024031632060129576,44799731.75525735,44800944.04795957
Hasliberg,1682470,783,250,2,0.9997159134601211,0.007083651927511285,4.76,0.028413696147450384,41735954.7683342,41738911.198098615
Wiedlisbach,1682721,995,244,2,0.9984211845187111,0.0027574965202827382,7.793,0.15800410100044454,7504027.252377414,7503820.329087049
Rüfenach,1684410,4112,1904,19,0.9999929239064852,0.00012372590767191488,0.015,0.0007076122928730998,4171732.976515843,4171738.138030334
Roggwil (BE),1682623,337,244,2,0.9999066287187801,0.0030671426793630395,2.868,0.009337707250486934,7841656.7884009285,7841897.303203055
Rudolfstetten-Friedlisberg,1684408,4075,1903,19,0.9999947087964383,8.203473333809018e-06,0.017,0.0005291217776890915,4903490.951342017,4903491.35359859
Matran,1683361,2208,1004,10,0.9987822677592341,0.023778630309659186,2.999,0.12186189966115384,2912526.6409175675,2913219.1998601817
Horriwil,1683526,2523,1106,11,0.9978313123823382,0.040609140236976114,3.405,0.21706009526691558,2637257.8852175814,2636186.9174645627
Soral,1685533,6639,,25,0.9999915916779322,2.2913589980309848e-05,0.007,0.0008408358381981045,2942020.6531265373,2942021.327249087
Bolken,1683485,2514,1106,11,0.9975830281611516,0.03932395369845315,3.166,0.24203720488326333,2116382.6446199804,2117214.889951233
Bremgarten bei Bern,1682389,353,246,2,0.999289896164136,0.0068111027749316625,2.712,0.07103318576012169,1897819.1234865712,1897689.8610755883
Conters im Prättigau,1684065,3881,1849,18,0.9993669485911847,0.003250869529653507,3.779,0.06332415562069059,18397221.664007094,18396623.594333716
Gampelen,1682449,495,243,2,0.9999950757304555,6.152763153669182e-05,0.063,0.0004924283183853841,10843057.722083462,10843064.393560065
Steinhausen,1683148,1708,,9,0.9982590255926236,0.009558064133461313,7.825,0.17425744979021418,5045759.498372548,5046241.775301423
Erlinsbach (AG),1684305,4005,1901,19,0.9999958709071488,3.477685464545592e-05,0.016,0.00041291006596198615,9860889.690806136,9860886.261498861
Wolfenschiessen,1683122,1511,,7,0.9995349026605287,0.003377516672872108,12.901,0.04651976662011358,92698816.80497496,92695685.88698182
Oberdorf (SO),1683561,2553,1107,11,0.9992673073576205,0.016026487143099226,2.884,0.07329024260420722,11915125.488371916,11913215.912317438
Oberwil (BL),1683686,2771,1301,13,0.9999961966178489,7.998566041927579e-06,0.015,0.00038033895380106436,7885397.348117549,7885397.9788362635
Trasadingen,1683717,2973,1406,14,0.9999931665522808,8.244129540922686e-05,0.014,0.0006833473882790004,4142288.4832185465,4142291.8981748316
Ferrera,1684076,3713,1851,18,0.9999982793201984,2.3474665801550797e-05,0.015,0.000172068108174612,75463804.36961639,75463786.65474051
Silvaplana,1684170,3790,1846,18,0.9995482582100741,0.012475199126306208,30.618,0.045187203251149353,44774281.38274042,44779867.06350029
Niederbüren,1683912,3422,1728,17,0.9991723848616414,0.012129727264752302,5.659,0.08280079680535934,15836640.817894926,15838561.759234035
Campo (Vallemaggia),1684646,5307,2108,21,0.9999981995107095,1.0892530032020114e-05,0.056,0.00018004908132942821,43304786.202904545,43304781.4859177
Dallenwil,1683064,1503,,7,0.9992838017825912,0.0005876856785201601,3.309,0.07164568844782869,15474864.764957936,15474955.70852193
Spiez,1682672,768,249,2,0.9999955306187048,1.3599882188441125e-05,0.016,0.00044693909789094203,16727941.10190558,16727938.826925298
Soyhières,1685631,6724,2601,26,0.9999952792480072,6.050943705885984e-05,0.014,0.0004720761707081287,7506142.949481626,7506138.4075567825
Oberglatt,1682177,92,104,1,0.9988858565220184,0.008053946632221743,3.932,0.1114809373036596,8248507.489605781,8249171.819996948
Blauen,1683627,2781,1302,13,0.9999956977888246,5.714312292337592e-06,0.014,0.00043022203072725143,7124678.628359681,7124678.221233294
Niedermuhlern,1682576,877,246,2,0.9999922193399963,6.166229937005321e-05,0.141,0.000778069266927112,7256970.882356068,7256975.357171179
Tobel-Tägerschen,1684563,4776,2014,20,0.9980105024515612,0.009198267560514324,3.604,0.19913869785405783,7105394.047773548,7104740.474617805
Himmelried,1683522,2618,1110,11,0.9999951942712529,7.85500105972812e-05,0.013,0.00048057421817129055,6025069.712063925,6025074.444756823
Orzens,1685087,5925,2224,22,0.9991513326942139,0.04154226125763045,3.401,0.08492039293858983,4195805.336833474,4197548.369248363
Schüpfheim,1682921,1008,316,3,0.9993139818989603,0.002503972256305026,3.518,0.06862449004033246,38377680.26232812,38376719.295861736
Dürrenroth,1682426,952,245,2,0.9991175819603892,0.014630838516949168,8.564,0.08828721233325798,14134236.811003428,14136304.768366849
Balsthal,1683478,2422,1102,11,0.9996430758634476,0.016732434942053044,3.383,0.0357017711722687,15708871.97212262,15711500.448905487
Rütschelen,1682640,340,244,2,0.9991300347193417,0.05457964384321492,3.549,0.08705813804214822,3980966.4760274594,3983139.273351593
Stocken-Höfen,3411388,770,247,2,0.9999965212317683,1.80407540317579e-05,0.014,0.0003478773969911334,14224491.738158932,14224489.171953365
Leytron,1685330,6135,2307,23,0.9993252203295878,0.019690062981074254,6.249,0.06750738657427935,26824568.807844214,26829850.58233688
Lavizzara,1684694,5323,2108,21,0.9999991472703178,5.531185796536978e-06,0.016,8.527300205467614e-05,187528920.01505142,187528909.64247844
Trimmis,1684191,3945,1845,18,0.9994509384334135,0.008333415555770145,9.556,0.0549189458206354,42874171.37551517,42870598.492648356
Büren an der Aare,1682406,383,243,2,0.9999958510860494,3.6043110185058865e-05,0.015,0.0004148921808341053,12602984.595199166,12602980.052691542
Ardon,1685268,6021,2302,23,0.999324300664945,0.008714234065772602,10.258,0.06758982460407378,20393716.690171827,20391939.533964735
Langnau im Emmental,1682525,902,245,2,0.999683271575824,0.0032521000695809807,13.51,0.03167734395878582,48362679.60940148,48361106.80666425
Sempach,1682922,1102,314,3,0.9993491628194644,0.018765429118765505,3.662,0.06509879579235198,11676584.022762777,11674392.861664493
Bourrignon,1685576,6703,2601,26,0.9999970892176581,2.378437769255789e-05,0.015,0.0002910786924518991,13552536.289746879,13552539.513133297
Pratteln,1683690,2831,1303,13,0.9999973834829148,7.711920357924425e-06,0.012,0.0002616520608231278,10705946.792895548,10705947.618529638
Breitenbach,1683487,2613,1110,11,0.9992336607228737,0.03482160159562415,3.535,0.07667665045755262,6801236.89175505,6803605.191369072
Sargans,1683931,3296,1725,17,0.9999961558909664,7.868741521431616e-06,0.015,0.000384411657576931,9463888.813581197,9463889.558270145
Schwarzhäusern,1682657,341,244,2,0.9984498751999853,0.04736895882353882,5.212,0.1551694599143511,3794115.9365993054,3795913.1698150304
Rüschlikon,1682200,139,106,1,0.9987229926999432,0.015234111749070602,3.647,0.12779205273382138,2933124.232283526,2933571.0677068112
Wilen (TG),1684571,4786,2014,20,0.9963521550460986,0.018203432660963047,8.622,0.36541778745615583,2250496.6773585305,2250087.0097113303
Lens,1685326,6240,2311,23,0.9986128751825954,0.0076518271769233205,5.421,0.13880344357153723,13979548.882160706,13978479.19124013
Lamone,1684692,5189,2105,21,0.9998684059573397,0.011761360557454704,2.178,0.013161044086062036,1863411.6694563066,1863630.832021421
Schwaderloch,1684422,4176,1906,19,0.999992895333826,5.9482217851321324e-05,0.016,0.0007104689299625641,2771243.1760758464,2771241.5276789432
Rorschach,1683927,3215,1722,17,0.9999836688344227,0.0006671797345165148,0.159,0.0016331353412042042,1791417.9948315632,1791429.9468093852
Porza,1684741,5214,2105,21,0.9999907148783557,0.00013283188264549516,0.015,0.0009285170916524268,1562098.6445509687,1562100.719516007
Gals,1682448,494,243,2,0.9999956581064238,2.2223434586796234e-05,0.015,0.00043419034828161046,7845849.133676103,7845850.877293253
Grancia,1684683,5186,2105,21,0.99998014626371,0.0003724782440286818,0.016,0.001985389640226029,612286.9311079265,612284.6504723171
Schönholzerswilen,1684556,4756,2015,20,0.9978632659589519,0.004968650209885255,7.432,0.2138966158528835,10933172.260497471,10932629.029411003
Prangins,1685107,5725,2228,22,0.9997692434053115,0.01544699454682686,3.492,0.023076539752632803,11567363.10920291,11565576.29925422
Rumisberg,1682629,987,244,2,0.9979897307055914,0.016398855542632436,7.793,0.2012126922314532,5136585.444619025,5135743.103392138
Semsales,1683398,2336,1007,10,0.9993389596041937,0.003007122947410274,13.798,0.06612688976809024,29358937.61156059,29359820.470910624
Wolfwil,1683591,2408,1101,11,0.9999934349254584,8.54757781405681e-05,0.132,0.0006565098898167069,6882176.233459868,6882182.116053556
Rafz,1682190,67,103,1,0.9993753789202149,0.036376279986249184,3.485,0.06247025740261076,10683961.909341374,10680075.481443608
Heimberg,1682472,928,247,2,0.997748472280853,0.04979782533009717,8.457,0.2254626502098165,5435082.055563687,5437788.608232264
Villars-le-Terroir,1685189,5537,2223,22,0.9999929287804353,2.6105979720899834e-05,0.015,0.000707124364293803,7092634.989759526,7092633.138157674
Ollon,1685077,5409,2221,22,0.9995032375634227,0.007329416660213065,4.315,0.04968676442726255,59556698.86102713,59552333.702418536
Lommiswil,1683542,2551,1107,11,0.9987587175054141,0.002190294463120357,3.255,0.12420669664486379,5756276.016331948,5756402.095726816
Lugano,2888417,5192,2105,21,0.9999925384205456,0.0002740284279604667,1.08,0.0007461617513206852,86207956.7069231,86208192.94123164
Collonges,1685292,6211,2310,23,0.9997216966929166,0.017094954357009064,3.853,0.027831824761487794,12206901.035579074,12204814.271418637
Hölstein,1683659,2886,1305,13,0.9987603074035798,0.016991386235698746,3.279,0.12403561060812175,6024856.982443991,6023833.275723956
Koblenz,1684343,4310,1911,19,0.9999923469352464,0.00024572329415953553,0.016,0.0007653084636558197,4075634.65024353,4075624.6354598096
Fieschertal,1685306,6058,2304,23,0.9999989784743842,1.6938279576104874e-05,0.016,0.00010215260503362241,172824151.27052847,172824121.99709055
Vico Morcote,1684771,5233,2105,21,0.9999902722042648,0.00020225815898282547,0.012,0.0009727852888256314,2446164.245027543,2446169.1925943107
Herbetswil,1683519,2424,1102,11,0.9992168348323611,0.009428289904304587,3.433,0.0783508895618392,16295917.893469693,16297454.319851257
Goldach,1683885,3213,1722,17,0.9999940883675762,6.074536650462709e-05,0.015,0.0005911651692372741,4723643.713392522,4723646.582787208
Neftenbach,1682170,223,110,1,0.9990866815482088,0.0077581564217863224,4.974,0.0913771162161017,15068212.61719198,15069381.632696789
Volken,1682226,43,102,1,0.9976478714005689,0.01917018881757014,3.747,0.23546723918222495,3202426.951053364,3201813.0397601025
Tschugg,1682693,501,243,2,0.9995575363226188,0.013716715511117087,2.398,0.044253123363762484,3288171.9210070376,3287720.8918191167
Laténa,18488711,6513,,24,0.9999955933401052,8.353647340006154e-05,0.063,0.00044066677651014876,26105033.590397697,26105011.783173256
Pontresina,1684131,3784,1846,18,0.9999988469439841,1.0620651136720194e-05,0.015,0.00011530567409361878,118178624.27850038,118178636.82983978
Stansstad,1683113,1510,,7,0.9999972451466322,4.322536534968973e-05,0.014,0.00027548565669330847,17130203.9624598,17130196.55786655
Nendaz,1685346,6024,2302,23,0.999154845362639,0.0024347115077453943,26.922,0.08455222244134403,85933037.15911417,85935129.38065884
Tenniken,1683712,2863,1304,13,0.9984215120314766,0.02366001701465223,3.519,0.1579921647440429,4672569.841688711,4673675.372508276
Le Mouret,1683352,2220,1004,10,0.9999972517081612,1.3539178407760835e-05,0.015,0.00027482954288255817,18560798.33572526,18560795.82274566
Zunzgen,1683726,2869,1304,13,0.9988116793887604,0.018735522449287577,3.519,0.11889156987168693,6858044.597734956,6856759.707249765
Gündlischwand,1682466,578,250,2,0.9988931970431771,0.021132062225786008,21.478,0.11072987924668926,16691840.53611138,16688313.20598266
Gurbrü,1682463,665,246,2,0.9977432808428831,0.02436957425181168,3.131,0.22595437113317762,1861076.2383428833,1861529.774698669
Hüttikon,1682149,87,104,1,0.99844046001705,0.05591207125954406,2.977,0.15603206886467946,1589128.0086720155,1588239.4942874014
Genolier,1684982,5718,2228,22,0.9999939606711226,2.695463102742533e-05,0.015,0.000603934630019983,4864169.411948919,4864168.100830002
Val-de-Ruz,2761758,6487,,24,0.9999989440665966,1.0442824000930434e-05,0.014,0.00010559340153294035,124305512.1986031,124305525.17960896
Marthalen,1682162,35,102,1,0.9999955869637385,6.208855864822296e-05,0.015,0.0004413044628472541,14130448.163272673,14130439.389881078
Würenlingen,1684468,4047,1902,19,0.999995883741992,3.0714602659192886e-05,0.015,0.00041162671131711654,9373865.099841582,9373867.978987
Ferenbalm,1682440,662,246,2,0.999112608199227,0.005437719541123037,3.098,0.08877615700036884,9130549.759061314,9130053.265372854
Felsberg,1684075,3731,1844,18,0.9990463514509785,0.00891909764794373,3.401,0.09540609400135823,13396297.186525673,13395102.357698398
Unterkulm,1684447,4146,1905,19,0.9999961388070863,9.801094813534712e-06,0.015,0.0003861200556506863,8883220.690610556,8883221.561263438
Suchy,1685155,5929,2224,22,0.9995624811490036,0.022537657892956354,3.315,0.043756526927149215,6637361.714061489,6635865.808185256
Mathod,1685044,5919,2224,22,0.9993701433569786,0.03763015773094842,9.251,0.06301736105610284,6585902.011268,6588380.296582846
Wohlen bei Bern,1682728,360,246,2,0.9999975361496276,6.757314035503896e-05,0.028,0.00024638542396301504,36318493.526544124,36318518.06809073
Wattenwil,1682718,886,247,2,0.9991617312949695,0.004313342390021683,2.984,0.08386021132850667,14536566.90626317,14535939.894360749
Wittenbach,1683967,3204,1721,17,0.9999942318615731,2.3574920936339475e-05,0.016,0.0005768155743917278,12198819.683301724,12198822.55916382
Vullierens,1685204,5654,2227,22,0.9996204930837376,0.019322730938691052,2.933,0.037954227017013654,6844381.549851414,6843059.028420119
Moosseedorf,1682558,544,246,2,0.9996802036234224,0.004236361327446725,2.755,0.03198542945657091,6378615.705709045,6378885.926918028
Wil (ZH),1682239,71,103,1,0.9999953596359358,5.188900301424023e-05,0.015,0.0004640373625694313,8937786.203993676,8937781.566265523
Haute-Ajoie,1685603,6809,2603,26,0.9999978481263677,8.922750153136645e-06,0.015,0.00021518760412695203,40927950.39587098,40927954.04776974
Albinen,1685265,6102,2306,23,0.9982164776854139,0.002560188369211506,31.733,0.17851370612428835,15555825.123430435,15556223.38185598
Gächlingen,1683653,2901,1401,14,0.9999940331428869,3.3949089028658466e-06,0.015,0.0005966875016639547,7129982.036421339,7129982.278477734
Corcelles (BE),1682411,687,241,2,0.998575469215808,0.00292457453936926,6.307,0.14255669969614237,6787636.177221323,6787834.686700787
Freienbach,1683073,1322,503,5,0.9992732124561584,0.0069050055173200875,4.913,0.07270266484392,20691618.807746142,20690190.050325844
L'Abbaye,1685007,5871,2224,22,0.9997271140958562,0.012137296004782715,3.701,0.027293970532772004,36274877.67158516,36279280.46086353
Furna,1684083,3862,1849,18,0.999391744383266,0.0020372726840078717,3.62,0.06084468582563377,33317045.232035946,33317723.991097577
Lotzwil,1682538,331,244,2,0.9999943381842019,2.5004246603137826e-05,0.015,0.0005661831117352861,6222105.351147498,6222103.795356932
Courchavon,1685588,6783,2603,26,0.9986432333489321,0.002691509264281348,8.528,0.1357705954897851,6193841.13456206,6194007.842370012
Neerach,1682169,88,104,1,0.9981449137323478,0.01020485777105131,4.353,0.18567137953263776,6042074.529490421,6041457.944378265
Densbüren,1684291,4004,1901,19,0.9999962645995938,3.6518890636631596e-05,0.015,0.0003735408066878683,12524574.303823404,12524578.877658997
Pomy,1685105,5926,2224,22,0.9999949103280958,2.9470464106202512e-06,0.015,0.000508968493003727,5617158.460263436,5617158.6258037025
Mühlau,1684376,4235,1908,19,0.99999531758696,3.3295196103737645e-05,0.014,0.0004682423225060658,5522303.474468043,5522301.635806272
Vallorbe,1685174,5764,2224,22,0.9999862403656833,0.00024915325828817454,0.64,0.001375971184088087,23195818.36874328,23195760.57560603
Marbach (SG),1683905,3253,1723,17,0.9986136350869302,0.00965203242319689,2.728,0.13873935361270792,4380546.804815373,4380969.6166132875
Hemmiken,1683656,2848,1304,13,0.9992600141808573,0.013145580471805704,2.993,0.07403083657040692,3390706.5661864053,3391152.294246626
Eggenwil,1684298,4066,1903,19,0.9999897350151339,8.290860387296692e-05,0.015,0.001026504180623149,2460369.781528433,2460371.821386669
Kandergrund,1682501,564,249,2,0.9999468583316902,0.003861978229958727,1.513,0.00531441065530053,32089378.136521332,32090617.421319094
Zuoz,1684213,3791,1846,18,0.9987324953713846,0.006882676622262301,24.563,0.12683520687888364,65783192.77695696,65787720.4213876
Silenen,1683108,1216,,4,0.9997784728002632,0.006045735868113801,14.618,0.022155843682317346,144785269.5581888,144794022.89316222
Birr,1684273,4092,1904,19,0.9999760222053545,0.0006549475930738779,0.259,0.002397816063772286,5046965.322665947,5046998.377643851
Besenbüren,1684269,4226,1908,19,0.9999936019850238,8.930331328678101e-05,0.014,0.000639803258695789,2379992.3870620294,2379990.261649972
Burgistein,1682398,863,247,2,0.9989625488232047,0.0006661817070400659,3.408,0.1037993066013859,7524667.535447064,7524717.663405701
Rueyres,1685132,5534,2223,22,0.9952818994260124,0.06841647900729288,9.428,0.47308749249807003,2003715.0521544118,2005085.923442435
Medel (Lucmagn),1684117,3983,1850,18,0.9999120104872802,0.003199100643053762,3.531,0.008799479146593465,136222913.41529557,136227271.32339463
Cazis,1684061,3661,1851,18,0.9993216841003387,0.0031921391764693752,3.654,0.06785568640092783,31176551.25086394,31177546.44977029
Hermrigen,1682478,737,243,2,0.9999925647995043,0.00010323663671644473,0.015,0.0007435231974404345,3417670.6815635543,3417674.20985182
Ellikon an der Thur,1682116,218,110,1,0.99882707896048,0.05655614411137055,3.988,0.11739411891363953,5017339.789572532,5020177.40349448
Buochs,1683062,1502,,7,0.9999976686086114,9.993505879005048e-05,0.007,0.0002331392941912419,12044655.096929142,12044643.06009599
Billens-Hennens,1683275,2063,1002,10,0.9993594039314815,0.023582558805925812,3.014,0.06407257572475333,4894179.638694339,4893025.465902977
Ponte Capriasca,1684739,5212,2105,21,0.999992086181804,0.0001383128531144682,0.016,0.0007913844038457614,6165475.291824291,6165466.764179507
Küsnacht (ZH),1682157,154,107,1,0.9987135968322493,0.00841543355351735,3.646,0.12871769538094133,12365586.335753998,12364545.71805241
Chur,1684063,3901,1848,18,0.9994215222966221,0.00016835974793097427,9.556,0.05786455571153977,81988627.48225705,81988765.51810361
Schänis,1683936,3315,1726,17,0.9993557239924005,0.003683778245886783,6.972,0.06444954909400515,39904596.99474645,39906066.99160965
Vétroz,1685403,6025,2302,23,0.9999940428757995,4.737556270239346e-05,0.013,0.0005957143354837202,10433332.449269524,10433337.39211948
Brissago,1684637,5097,2104,21,0.9999978706417115,1.538645583101217e-07,0.016,0.00021293605593763348,23787987.992934063,23787988.029535346
Bürglen (UR),1683063,1205,,4,0.9994933062273426,0.007385428962639389,3.726,0.05068034589802077,53064560.787228055,53060641.74178678
Riemenstalden,1683097,1369,506,5,0.9978635747621613,0.03782445032468922,15.829,0.21383053570508803,11203047.92478441,11198810.43348725
Eschert,1682435,692,241,2,0.9999959210466064,5.32480150543867e-05,0.015,0.00040789606271244563,6584026.3927304605,6584022.886867096
Seftigen,1682663,883,247,2,0.9986655357161653,0.00929922693180249,3.183,0.1335293186936829,3894547.138430477,3894184.9756541084
Matzingen,1684542,4591,2012,20,0.9999942638511261,1.1504183166159239e-05,0.016,0.0005736165659243335,7683045.467451511,7683046.351323134
Dottikon,1684294,4065,1903,19,0.9999926402298484,9.213435695141047e-05,0.015,0.0007359800627383371,3885302.341972488,3885305.9216708164
Oberengstringen,1682176,245,111,1,0.997905264653954,0.015070104344503083,6.996,0.20967735995302003,2153104.3863600558,2152779.9112823852
Bichelsee-Balterswil,1684505,4721,2014,20,0.9988530460269637,0.003943701747724448,3.888,0.11475894729671969,12258327.280685946,12257843.848818736
Nusshof,1683683,2854,1304,13,0.9983246400240334,0.04660948315136374,2.892,0.1677155333739327,1721449.2702934889,1722251.6289010856
Wachseldorn,1682709,946,247,2,0.9982599926266684,0.021694353586386335,3.738,0.17413335983049455,3513242.515221553,3512480.3399679535
Meienried,1682549,389,243,2,0.9986322080654296,0.12092892681003192,3.439,0.13679004080891854,652534.2016865119,651745.099079344
Moiry,1685050,5490,2227,22,0.998892637600487,0.014747721684726893,5.637,0.11080575655165309,6664319.800490081,6665302.635826438
Vandoeuvres,1685538,6642,,25,0.9987524590447912,0.024937312968664256,3.598,0.12481639714500943,4419865.130156941,4418762.934556641
Lichtensteig,1683902,3374,1727,17,0.9970393560969112,0.015558978680163238,4.597,0.2965263771117665,2820085.8737140275,2820524.650273881
Saas-Balen,1685361,6289,2313,23,0.9999972452921635,1.0732006120316715e-05,0.015,0.0002754711484056266,30204370.204425212,30204366.962890353
Hagenbuch,1682132,220,110,1,0.9984639785651662,0.025203364851704175,4.577,0.1537008309144293,8126281.233291013,8124233.136982911
Nyon,1685074,5724,2228,22,0.9999958265439057,1.2951642616791902e-05,0.016,0.0004173465073142341,11437965.199597603,11437966.681001978
Gommiswald,2754666,3341,1726,17,0.9999974309678631,1.0153336110231138e-05,0.016,0.0002569035567677818,33585876.97166247,33585880.38174944
Oltingen,1683687,2855,1304,13,0.9985708447252636,0.0047669678892178595,3.581,0.14302113354590623,7178481.214065521,7178823.409959929
Diepflingen,1683641,2845,1304,13,0.999069509607742,0.07466823515349212,2.268,0.09312710520179131,1437158.0848799583,1438231.185458304
Val Mara,14040250,5240,2105,21,0.9982138459285516,0.16499162969931636,22.735,0.17862758510387455,12521678.827401666,12501019.105438622
Céligny,1685478,6610,,25,0.9999936386376586,0.00015431712592762242,0.015,0.0006361387484203198,8587388.645366432,8587401.897177782
Niederhünigen,1682575,617,246,2,0.998524445548349,0.043673154867671836,7.475,0.14769663343648162,5418483.73802166,5420850.1608160455
Veytaux,1685179,5891,2230,22,0.9993111169942129,0.04818213028201298,3.089,0.0689286383877822,9609239.472614754,9613869.40889656
Celerina/Schlarigna,1684062,3782,1846,18,0.9996916282996793,0.009025574808631597,3.551,0.03084331725101769,24024886.98694808,24027055.371095777
Ependes (VD),1684960,5914,2224,22,0.9990086108722925,0.007106670499499656,3.315,0.09919160424763912,4810987.799377189,4811329.700427862
Plateau de Diesse,3411353,726,241,2,0.9996023561104006,0.02114246961566183,3.9,0.039768092142344606,25549799.702892717,25544397.84425367
Riggisberg,1682620,879,246,2,0.9993985954334469,0.003775403987616038,2.992,0.06015968208164909,34505353.29008638,34506656.006570436
Graben,1682454,976,244,2,0.9983814723229223,0.002953502283261104,2.985,0.1619862474827854,3160025.0222669775,3160118.3536781617
Bellinzona,1684625,5002,2101,21,0.9991991516557153,0.006240370552783071,27.615,0.0801194149740332,164200415.25660336,164210661.97096458
Cologny,1685470,6617,,25,0.9987352610936101,0.028246793991785774,5.033,0.12657179318430858,7432260.346162854,7434359.721431768
Schneisingen,1684420,4318,1911,19,0.9999960598857486,6.498911778642274e-05,0.014,0.0003940120733072574,8259374.483742466,8259369.116047855
Doppleschwand,1682824,1001,316,3,0.9986724132561947,0.0054066593695810995,3.367,0.13284326595525206,6944688.48155646,6944313.005905984
Chavannes-le-Veyron,1684892,5475,2227,22,0.9979865649646369,0.025181730817387712,3.515,0.20157178026820283,2644803.208234361,2645469.215458908
Münchenstein,1683678,2769,1301,13,0.9997386876098794,0.0012679766035105478,2.861,0.026134487975935042,7191623.625978039,7191532.437873049
Prilly,1685109,5589,2229,22,0.998354096442294,0.08485321604898313,5.248,0.16465602963806492,2202502.5698625497,2200633.67559846
Stein am Rhein,1683709,2964,1405,14,0.9990609194804518,0.0061712268360265615,3.124,0.09394926727867235,6051215.89604161,6050842.461782328
Cressier (FR),1683304,2257,1005,10,0.9993184607044965,0.012787126218679848,2.897,0.06818152120763109,4168915.716059992,4169448.800574555
Fehren,1683503,2616,1110,11,0.9985579737022248,0.0005160277322445251,3.498,0.14430704912015915,1476419.9630669856,1476427.5818034394
Chippis,1685290,6235,2311,23,0.998340617726338,0.103589105857304,2.943,0.16616203749900427,1971903.5549390165,1973946.2321999462
Meyriez,1683362,2271,1005,10,0.9999936073333177,0.00026333611525828255,0.01,0.0006392678699558104,1847526.408074685,1847521.5428704135
Arosa,1684041,3921,1848,18,0.9995523193279623,0.0007585577337305649,22.23,0.04477792051278982,154785638.17824426,154784464.03981516
La Chaux-du-Milieu,1685496,6435,,24,0.999797594990566,0.02003074709278315,2.707,0.020244576907192186,17307393.585228875,17310860.385466285
Oeschenbach,1682599,335,244,2,0.9992448555484424,0.015477287365486187,4.252,0.07553712208122032,3914898.2384034465,3914292.3183530224
Küblis,1684095,3882,1849,18,0.9999959013388005,3.6940283813327503e-05,0.015,0.0004098670356320756,8141155.3089468945,8141158.316312771
Plaffeien,1683378,2299,1006,10,0.9999981734974135,5.482439608613538e-06,0.016,0.0001826504308000367,66513032.83232887,66513036.47886573
Wünnewil-Flamatt,1683431,2309,1006,10,0.9998493099736037,0.005023204995115422,2.943,0.015069759597582645,13266405.527596043,13265739.128850909
Oberhofen am Thunersee,1682588,934,247,2,0.9989207117405735,0.004496745118387714,2.856,0.10798952849974122,2711878.6447179415,2712000.5909885145
Thalheim (AG),1684438,4117,1904,19,0.9999964165458134,4.500917251736017e-05,0.015,0.00035834598017758844,9916534.802285984,9916530.338935727
Fontaines-sur-Grandson,1684975,5557,2224,22,0.998808743370884,0.030194307447821984,8.408,0.11917866451437477,7857022.285285691,7854649.911820628
Le Bémont (JU),1685607,6741,2602,26,0.9984562734823546,0.005606867439223377,8.245,0.1544875673066543,11680432.711525343,11679777.80514688
Schübelbach,1683104,1346,505,5,0.9990893760435826,0.0029723793063535426,6.772,0.09110252235146167,29009996.151586417,29009133.864464033
Hohentannen,1684529,4495,2015,20,0.9990945642951432,0.02829165592784028,7.061,0.09059739368086496,8006237.252500001,8008502.349596245
Ersigen,5817429,405,245,2,0.9991073889618026,0.017451020473383094,7.57,0.0892931673662598,15457696.630702501,15454999.104898764
Deisswil bei Münchenbuchsee,1682418,535,246,2,0.9979512529506854,0.11303882033225339,6.054,0.20496887564618965,2159112.0090580154,2156671.374313324
Les Ponts-de-Martel,1685512,6437,,24,0.99936168383692,0.0071677310025514765,3.675,0.06384970681868525,18174083.466639217,18172780.79722415
Obergösgen,1683563,2497,1105,11,0.9984303073864367,0.008885871153794385,3.392,0.15709953438880095,3630162.975850379,3630485.547455086
Wettingen,1684458,4045,1902,19,0.9999957841294046,3.8484481871698034e-05,0.015,0.0004215880294934129,10595114.425265044,10595118.502739934
Beinwil (Freiamt),1684263,4224,1908,19,0.9999961861471139,2.599342162354321e-06,0.016,0.00038138601106082136,11310089.901464686,11310089.60747675
Pregny-Chambésy,1685524,6634,,25,0.9987240638291712,0.023917460376414505,7.328,0.12769033801974836,6269040.153638183,6270539.548832911
Eriswil,1682429,953,244,2,0.9999965732711424,5.567350559271214e-05,0.015,0.00034267337726458865,11337354.521723527,11337348.209820824
Laax,1684097,3575,1850,18,0.9999974942775148,6.343330019389469e-05,0.016,0.0002505726420770312,31713835.168010026,31713855.28514229
Amsoldingen,1682364,921,247,2,0.999259646515176,0.04969563649031548,2.943,0.07408116777666361,4711860.870984065,4714202.460234439
Bütschwil-Ganterschwil,2727986,3395,1727,17,0.9988574216436324,0.0018896472687160908,7.672,0.11432206706132933,21833818.087532964,21833405.505385816
Tegerfelden,1684436,4320,1911,19,0.9999947269769108,1.2496666488688687e-05,0.016,0.000527303732077644,7113235.2516056355,7113236.140522921
Meinier,1685515,6629,,25,0.9990100770602894,0.018140512262119494,3.609,0.09903233230518313,6953493.945005128,6952232.545583389
Weinfelden,1684569,4946,2015,20,0.9990865283463904,0.003123013154038462,3.866,0.09139033299226378,15480885.509378435,15481368.979469255
Basse-Allaine,1685570,6807,2603,26,0.9999980282039025,5.272375126858943e-06,0.013,0.00019717979902244333,23035685.422647584,23035684.208119836
Horgen,1682144,295,106,1,0.9992871140486848,0.0007894021259845258,8.768,0.07131429598840204,30832403.00305326,30832646.394698057
Sattel,1683101,1371,506,5,0.9995398543549021,0.0071261616117912,3.532,0.04602351373359035,17389964.47570175,17388725.238728978
Thörigen,1682685,989,244,2,0.9978372487294687,0.02243127181344628,3.951,0.21653353777589457,4547017.1540685175,4548037.107845751
Moudon,1685066,5678,2222,22,0.9999962946491796,3.667369051041407e-05,0.015,0.00037053583656316175,15647078.524206525,15647084.262567677
Isérables,1685319,6134,2307,23,0.9957066780359835,0.020993183998250575,26.922,0.43021064756403515,15256812.515671022,15253609.62494734
Troistorrents,1685384,6156,2308,23,0.9993222422886998,0.0040350253035128045,18.765,0.06780011453970546,36957514.30400594,36959005.54905966
Courgenay,1685590,6784,2603,26,0.9993763227067195,0.04329635870287605,14.444,0.06237367837357285,18437446.1456745,18429463.40285562
Bretonnières,1684869,5748,2224,22,0.9999940933360508,9.530399458501535e-06,0.014,0.0005906681111893114,5448894.732153965,5448894.212852531
Schleitheim,1683704,2952,1404,14,0.999553997225934,0.03781011528652143,3.947,0.04461865913764466,21629632.791036893,21637810.980131235
Weggis,1682929,1069,312,3,0.9999978144231562,8.073772006663496e-05,0.015,0.00021855801138912878,25286820.01892712,25286840.43492908
Cheseaux-Noréaz,1684898,5909,2224,22,0.9999974785185682,6.422906993345264e-05,0.013,0.00025214854199007776,13968102.984629707,13968111.956212342
Arnex-sur-Orbe,1684835,5743,2224,22,0.9999945838986722,4.163635897315646e-05,0.015,0.0005416117122439108,7614848.729218484,7614851.899764236
Hunzenschwil,1684332,4200,1907,19,0.9999935638282003,6.37085875635723e-05,0.014,0.0006436190462127621,3264114.7199830385,3264112.640461654
Roggwil (TG),1684551,4431,2011,20,0.9987454145649144,0.001358187986154028,5.203,0.1255381446537941,12024748.822648056,12024912.14134193
Schlierbach,1682917,1100,314,3,0.9999948206763671,1.121344490344621e-05,0.015,0.0005179336754751098,7172135.146421549,7172134.342178126
Saint-Cergue,1685134,5727,2228,22,0.9997069938011733,0.015089017199253221,6.269,0.02930270223168999,24277556.956702437,24273893.711957682
Oberbalm,1682584,357,246,2,0.9999965227394382,4.952682915842816e-06,0.015,0.0003477266521586934,12389778.758605003,12389778.144978547
Lupfig,1684355,4104,1904,19,0.9999945064773009,4.326671993995618e-06,0.016,0.0005493537906590037,8446312.110316226,8446312.475760447
Freienwil,1684310,4028,1902,19,0.9999914876708333,7.44020789561986e-05,0.015,0.0008512368563276136,3991472.239257028,3991475.208995355
Hautemorges,12534686,5656,2227,22,0.9999977715340699,8.718291678991876e-06,0.015,0.0002228468510485973,32964468.859305255,32964471.7332438
Cugnasco-Gerra,1684671,5138,2104,21,0.9968283031814164,0.21999177991420568,24.014,0.3173240360618203,18213150.741006527,18173083.30651293
Rickenbach (LU),1682909,1097,314,3,0.999995692740687,9.72636483454566e-06,0.016,0.00043072687980835587,11854119.582165005,11854120.735139923
Zofingen,1684473,4289,1910,19,0.9999963250250392,2.9069789664931642e-05,0.013,0.00036749822492019175,11078715.339737102,11078718.56029635
Gland,1684988,5721,2228,22,0.999997292704494,0.00012129940425370662,0.014,0.0002707297527290274,17272743.5092412,17272722.557506226
Damphreux-Lugnez,15071858,6811,2603,26,0.9999969639562183,8.452035214937621e-06,0.015,0.0003036048518651311,10767896.429924458,10767897.340030856
Oberhof,1684386,4173,1906,19,0.9999956683826542,7.332362649698727e-05,0.014,0.0004331628316424285,8200101.395730499,8200107.408342219
Schenkon,1682916,1099,314,3,0.9999956094548988,7.714755053898539e-06,0.015,0.00043905545694541634,7710102.815851981,7710102.221036434
Affeltrangen,1684496,4711,2015,20,0.9986109952406318,0.011177106592929803,9.092,0.13898924176886646,14426932.706316734,14425320.192670058
Sisikon,1683110,1217,,4,0.9991697387373887,0.0037270627471615975,3.565,0.08305905940276999,19842638.232753586,19841898.68517596
Ossingen,1682185,37,102,1,0.998122684503124,0.005880955008967122,5.819,0.187913456313464,13091870.670210449,13092640.597234396
Küssnacht (SZ),1683087,1331,504,5,0.9996406281867418,0.0012319824570790761,3.742,0.03594341848157142,36197329.76723308,36196883.82248042
Inkwil,1682490,980,244,2,0.9982768447944655,0.0003570725534599721,3.033,0.17246380385836593,3376209.731624463,3376197.676106164
Häutligen,1682486,609,246,2,0.9999928001478002,5.8330231114094746e-05,0.016,0.0007199880219034363,3067264.144761058,3067265.9339033226
Bettwiesen,1684504,4716,2014,20,0.9975735121977573,0.003703662219599216,3.565,0.24294802888414208,3849293.598894942,3849436.163727686
Senarclens,1685150,5499,2227,22,0.9983200556876739,0.048048636196057794,4.817,0.16809526706010341,3969806.1546135945,3967898.7168966755
Salgesch,1685369,6113,2306,23,0.9999960054541615,2.706309140031026e-06,0.014,0.00039945537660247935,11252830.895960843,11252830.591424452
Bad Ragaz,1683862,3291,1725,17,0.9991861492923504,0.020558655961151345,5.422,0.08142657113972684,25395510.120098036,25400731.095653206
Schwyz,1683103,1372,506,5,0.9999978581044506,1.6208567660103305e-05,0.018,0.00021418976677378527,53178091.66797311,53178083.04856614
Reichenburg,1683096,1345,505,5,0.9990913655339569,0.013913043041069786,3.3,0.09091107000524634,11553380.421850804,11554987.848641595
Loveresse,1682539,696,241,2,0.9999945480099834,2.4819834383102437e-05,0.015,0.000545200555662248,4685344.996031173,4685346.158926041
Valsot,2754686,3764,1843,18,0.9999987654705471,1.3190219202847503e-06,0.018,0.00012345302232775448,158948401.90773982,158948404.00430408
Syens,1685159,5688,2222,22,0.998826706675353,0.05817850705938845,3.324,0.11743235399022489,2522669.3903290373,2524137.041718375
Bolligen,1682386,352,246,2,0.9994874505606026,0.0025381444145994004,5.105,0.051268733282169666,16569589.884908691,16570010.445028877
Vouvry,1685401,6159,2308,23,0.9994890091251863,0.00011615747684298553,6.294,0.05111211671607075,33511786.500809774,33511747.57436413
Niederwil (AG),1684382,4072,1903,19,0.9999948678430961,8.730908723166407e-05,0.013,0.0005132167832284926,6147830.072071444,6147824.704457124
Berg am Irchel,1682089,23,102,1,0.9988174524731748,0.016288730872771454,3.709,0.11831507818494229,7012482.571064199,7011340.326650699
Möhlin,1684373,4254,1909,19,0.9999970908695389,3.420677823494609e-05,0.015,0.0002909135189698766,18795163.250968184,18795169.680187996
Attalens,1683266,2321,1007,10,0.9990205429277705,0.016010459456642548,3.378,0.09800154215372936,9741487.635926083,9743047.292854507
Boniswil,1684276,4192,1907,19,0.9999918558136218,2.971587127670284e-05,0.016,0.0008144218332498726,2787558.151778999,2787557.3234318066
Oftringen,1684395,4280,1910,19,0.9999963194690878,3.7470452566801355e-05,0.015,0.00036805383737235475,12852308.292662628,12852313.10848071
Rhäzüns,1684135,3723,1844,18,0.999139703351796,0.009587416779489382,3.544,0.08607081204721707,13373756.163367672,13375038.361110127
Pierrafortscha,1683377,2216,1004,10,0.9988406104647164,0.010793745849450075,4.979,0.11599994100913975,5056435.248939582,5055889.47016977
Cadempino,1684640,5162,2105,21,0.9999865586416927,0.00026590495762159587,0.015,0.0013441466513793865,762720.2405199639,762722.2686308962
Buchegg,3411895,2465,1103,11,0.9994233540127406,0.000670560338765261,3.407,0.057681036157049975,25651910.74917287,25651738.73763325
Oberthal,1682594,620,246,2,0.9994785743290445,0.013356989248235886,3.01,0.052152681630617065,10544412.600503916,10543004.184446577
Rupperswil,1684409,4206,1907,19,0.9999945892593999,5.055505792298529e-06,0.015,0.0005410755374388077,6216144.042251039,6216144.356508561
Faoug,1684970,5458,2222,22,0.9995998666833702,0.0033603204211634244,3.071,0.04002201102109229,5755903.68172214,5756097.098528979
L'Abergement,1685008,5741,2224,22,0.9999939286327617,3.932242982575948e-05,0.015,0.0006071386862940711,5790646.166455751,5790648.443478527
Madiswil,1682545,332,244,2,0.9999968927133941,5.927035606104175e-07,0.015,0.000310729142401013,23170352.517084025,23170352.37975252
Grolley-Ponthaux,18488676,2239,1004,10,0.9999962345238973,1.587589172283137e-07,0.016,0.0003765483187517623,11248308.723381467,11248308.705523774
Nebikon,1682899,1137,315,3,0.9993171196659513,0.012292234338745796,3.254,0.06830715915004033,3727632.967291666,3727174.7579120384
Riedholz,1683569,2554,1107,11,0.9987463632131242,0.009319748501628844,3.204,0.12544815368750456,7154993.470602792,7155660.29799956
Signy-Avenex,1685153,5728,2228,22,0.9999856225190167,2.2353481509485456e-05,0.071,0.0014377585947113961,1941951.2934583786,1941951.727552102
Niederglatt,1682171,89,104,1,0.9973332231739367,0.03984636008140911,3.775,0.26708694391726945,3603370.7568496,3604806.5689364425
Schmiedrued,1684419,4143,1905,19,0.999995630917469,4.647496636391597e-05,0.015,0.0004369093091115726,8648272.504457442,8648276.52373918
Hermenches,1685002,5673,2222,22,0.9999948106837614,5.4912998302115396e-06,0.015,0.0005189329559163428,4773406.091803006,4773405.829680965
Lumnezia,2742612,3618,1850,18,0.9997112312696084,0.005461300909693048,9.942,0.02888025436984302,165473736.02815324,165464699.00950223
Ascona,1684618,5091,2104,21,0.9999956436583631,5.012951799695291e-05,0.014,0.0004356352217181151,12157189.208785078,12157195.30312543
Sorens,1683401,2153,1003,10,0.9994897688679897,0.0022034516313198106,5.884,0.05103557103458543,8713966.174728459,8713774.166698629
Rovray,1685131,5928,2224,22,0.9999925854308463,7.194075205069812e-05,0.014,0.000741459930917294,3196295.155633927,3196297.4550726996
Boningen,1683486,2571,1108,11,0.9996500345132964,0.010620064319826818,2.653,0.03500081488110013,2757171.693104495,2756878.879697279
Trachselwald,1682687,958,245,2,0.9999968214003393,4.212665556964218e-05,0.015,0.00031786040437533275,15962668.149983507,15962661.425445275
Bure,1685579,6778,2603,26,0.999997044254757,7.206007772902768e-05,0.015,0.00029557506771586955,13684614.006913923,13684623.868057413
Messen,1683550,2457,1103,11,0.9991880325851571,0.01875560222216159,3.185,0.08122210186551956,11893372.109390024,11891141.435826385
Courtelary,1682416,434,241,2,0.9994190884314861,0.012763865748608022,5.684,0.05811174308185467,22203369.599240668,22206203.607527982
Opfikon,1682184,66,103,1,0.9999948747515212,6.473013580138186e-05,0.016,0.0005125259953403685,5587604.792064395,5587601.175200225
Saint-Oyens,1685139,5436,2227,22,0.9999922946105505,6.102415025086991e-06,0.015,0.0007705418901292548,3055463.6192580764,3055463.4328010054
Pont-en-Ogoz,1683380,2122,1003,10,0.9996473791473233,0.002826172631466882,3.115,0.0352678050657778,11970828.866692586,11970490.550403396
Zweisimmen,1682739,794,248,2,0.9998673213640749,0.0014573637609137306,3.217,0.01326864714482725,73000868.97005996,72999805.08185044
Saas-Grund,1685363,6291,2313,23,0.9999980353163731,1.3199373773998289e-05,0.015,0.00019646854262451343,24794913.872489784,24794910.599716425
Giffers,1683323,2294,1006,10,0.9993633501472247,0.01218975422865881,3.758,0.06368137634397629,5215896.974407583,5215261.169385582
Saint-Imier,1682644,443,241,2,0.9995070262527912,0.014429657049217082,6.707,0.04931308647044377,20869314.981200673,20872326.35178098
Wiliberg,1684460,4288,1910,19,0.9999859933145689,0.0004677036354093855,0.015,0.0014006750770670213,1170454.669204558,1170449.1949455193
Höri,1682146,60,103,1,0.99829155221197,0.005335277916679386,3.622,0.17099540468526206,4786349.024155673,4786604.389178174
Les Bois,1685609,6742,2602,26,0.9999977038723667,6.297713690660448e-06,0.014,0.0002296130340640048,24709640.846099053,24709642.402241487
Arbaz,1685267,6261,2312,23,0.9999296289111154,0.0013418065854949098,3.214,0.007037403715889501,19162140.443617526,19162397.56247992
Bassersdorf,1682086,52,103,1,0.999995190286336,5.7028814411932793e-05,0.014,0.00048097238568230215,9026447.692975275,9026442.545299172
Würenlos,1684469,4048,1902,19,0.9999929749906297,0.0002269080517716973,0.829,0.000702504201610159,9028925.17750299,9028945.664861206
Eschlikon,1684519,4724,2014,20,0.9982984804641788,0.006789926389608796,3.819,0.17029105376327544,6221142.05382946,6220719.642863412
Fiez,1684974,5556,2224,22,0.9996267900061123,0.006301993004129901,3.417,0.03732678877071354,6827090.852478107,6826660.609690199
Aesch (ZH),1682078,241,111,1,0.9999922761963506,0.00023961377074535462,0.35,0.0007723824225239804,5243864.791360868,5243852.226338709
Leibstadt,1684348,4311,1911,19,0.9999953508144505,4.0158895108327395e-05,0.016,0.000464919542389491,6401735.340698497,6401732.769832317
Mörschwil,1683909,3214,1722,17,0.9997561897262046,0.01515460633820612,3.624,0.024385847564064433,9838021.957382409,9839512.870881516
Evilard,1682437,372,242,2,0.9991939689871431,0.0347894680245619,2.49,0.08062157233441103,3701427.4249534085,3700139.718042952
Roggenburg,1683697,2790,1302,13,0.9999957585883981,4.415197628187734e-06,0.014,0.00042414205029622223,6670668.538335887,6670668.243812688
Greng,1683330,2261,1005,10,0.9998776364405534,0.01183241548465775,1.664,0.012237828605002337,2470539.415304799,2470831.73979313
Arzier-Le Muids,1684836,5702,2228,22,0.9999978070726872,1.269703736372031e-05,0.047,0.00021929295788956235,51896502.14646898,51896495.557150714
Nuvilly,1683375,2035,1001,10,0.9997141376435816,0.011373252387762703,3.2,0.028591947915148373,3982559.961718874,3983012.9083148143
Rohrbach,1682624,338,244,2,0.9985628334421236,0.03439635222789237,3.162,0.14384473685375065,4076331.218646035,4077733.327889976
Onex,1685520,6631,,25,0.9999923517074428,0.00010580469219103723,0.015,0.0007648325851864758,2814120.8964065383,2814123.8738784906
Bottighofen,1684509,4643,2013,20,0.9971382906554815,0.032109915990749804,6.042,0.2866270006582961,2436063.942629978,2436846.1607154375
Bitsch,1685278,6173,2309,23,0.9991336759335907,0.044966193036062425,5.792,0.0866894348601084,5788615.870483301,5791218.790669738
Avers,1684043,3681,1851,18,0.9999987887347834,1.805167323949325e-06,0.015,0.00012112659591648293,93139212.27697563,93139213.95829426
Novazzano,1684729,5260,2106,21,0.9999937670812489,1.8072214053659176e-05,0.016,0.0006232937611342709,5228655.772618982,5228654.827685119
Mülligen,1684377,4107,1904,19,0.999978994850083,0.0003626651909565267,0.457,0.002100540861699702,3161415.998236363,3161427.4635917298
Hildisrieden,1682859,1088,314,3,0.9988483073097064,0.009427561536946195,3.676,0.11523019508935463,7042277.842198021,7041613.927120845
Gryon,1685000,5405,2221,22,0.9991036853486521,0.0001606757598779213,3.403,0.08967172418308457,15217682.047900956,15217706.499027222
Granges (Veveyse),1683327,2328,1007,10,0.9985087759129974,0.01992475314377327,3.74,0.14924854634985585,4464368.27447084,4465257.788828957
Gy,1685490,6624,,25,0.9979521284851088,0.06134260469416381,3.649,0.2049341800374745,3286268.2897754293,3284252.4072092427
Berikon,1684268,4062,1903,19,0.9999946545104932,3.3522117413472616e-05,0.016,0.0005345504688023557,5375869.895623468,5375871.697728886
Dintikon,1684293,4194,1907,19,0.999993263537255,1.814708817453731e-05,0.013,0.0006736484823367945,3723806.4251516056,3723805.74938917
Frutigen,1682446,563,249,2,0.9999985089525535,7.277698124245754e-06,0.015,0.00014910486109251506,72276981.52350855,72276986.78360908
Le Grand-Saconnex,1685504,6623,,25,0.9982792050653093,0.0034072403948693093,3.68,0.17223061183232355,4382138.205451782,4382287.515434877
Unterseen,1682700,593,250,2,0.9998997931393013,0.0029581220581948874,3.288,0.010021039946249309,13993378.247979049,13992964.306770409
Kirchberg (SG),1683900,3392,1727,17,0.999338593357013,0.004297154463769221,8.622,0.06616396602559672,42539732.44807327,42541560.446085036
Chessel,1684900,5403,2221,22,0.9999946618399705,6.615483252817132e-05,0.011,0.0005338172512218855,3561649.138595058,3561646.7823920352
Muntelier,1683368,2274,1005,10,0.9999932824513927,5.926845574340062e-05,0.013,0.0006717573160289558,2504409.969104396,2504411.4534295104
Büren (SO),1683491,2472,1104,11,0.9994403873444232,0.035103888631999904,3.65,0.05596710321708663,6232412.977823849,6230225.158513027
Toffen,1682686,884,246,2,0.9999238187397942,0.002678515793178366,0.262,0.007618518240988598,4883654.437298422,4883785.246753809
Cureglia,1684672,5180,2105,21,0.9999885235683835,0.0002810354259794837,0.015,0.0011476481346149319,1055717.5116515341,1055714.544711328
Aefligen,1682358,401,245,2,0.9980154835509558,0.016494595114212647,4.251,0.19866513892009746,2041325.5543019208,2041662.2626870659
Castaneda,1684056,3805,1847,18,0.9975375082167992,0.01459811722881079,4.233,0.24657074140434876,3960586.952343168,3961165.1234694202
Jorat-Menthue,1868685,5804,2223,22,0.9998055269007617,0.006285701908205203,3.472,0.01944858983750157,17652600.666724626,17651491.07686767
Therwil,1683714,2775,1301,13,0.9999960085919027,2.8114767690925612e-06,0.015,0.0003991416119140622,7659948.129256118,7659948.34461378
Lausanne,1685018,5586,2225,22,0.9999968198181459,5.9431160217707917e-05,0.016,0.0003180187857970176,67631420.81988901,67631461.01402707
Törbel,1685387,6296,2313,23,0.9997659966771331,0.00436532563289562,9.839,0.023403581294932325,16855962.560199026,16856698.377853338
Jonschwil,1683898,3405,1728,17,0.9987220335099307,0.02135729425458919,5.207,0.1278647054580956,10994926.839867624,10992578.620989356
Wil (SG),1683965,3427,1728,17,0.9990660291405679,0.012286425268051902,3.587,0.09344646166097557,20816358.75455047,20818916.340912376
Seuzach,1682209,227,110,1,0.9995726335186713,0.030037108025752286,3.73,0.04275220198861234,7563478.145514451,7565749.995615523
Sursee,1682923,1103,314,3,0.9989224484701728,0.059329046076853485,4.175,0.10784522242707022,6050584.874598304,6054174.628886473
Hemishofen,1683655,2962,1405,14,0.9999935706633126,3.476911339704545e-05,0.014,0.0006429358473417765,7892904.804994818,7892907.54928784
Gunzgen,1683513,2578,1108,11,0.9999947410907847,3.614086317355338e-05,0.012,0.000525892399451516,3929677.625894129,3929679.0461135427
Schmitten (FR),1683397,2305,1006,10,0.9996642829040154,0.00972002238892781,2.989,0.03357897770583702,13495448.054151546,13496759.814723896
Vex,1685394,6089,2305,23,0.999997221541387,3.166960596926202e-05,0.013,0.0002778462032402202,13038245.161659598,13038241.03249873
Diepoldsau,1683873,3234,1723,17,0.9991284349594642,0.0043211348685432355,3.238,0.087196385789433,11245468.407832118,11245954.33968862
Müllheim,1684544,4831,2012,20,0.9984354525052725,0.02753426013385723,4.952,0.1565987919253255,8742002.260706468,8744409.306349838
Stüsslingen,1683580,2499,1105,11,0.9988005396260661,0.004160680428012544,3.448,0.12002051260333664,8386850.45553442,8387199.40557985
Denens,1684941,5631,2227,22,0.9992779588533544,0.00047880205853052435,2.396,0.07223001832975058,3300346.9923516135,3300331.1902222754
Sonvilier,1682668,445,241,2,0.9996039741270484,0.00025681421982386317,4.683,0.039610481535536854,23779886.326165274,23779947.396294817
Tamins,1684184,3733,1844,18,0.9997070013021956,0.01252535382523155,3.401,0.02930232759611108,40737843.89117964,40732741.3320915
Bachs,1682085,81,104,1,0.9988915822126189,0.009425894929692263,3.674,0.1109084691126648,9132176.174434356,9133036.963765353
Belp,1682374,861,246,2,0.9994895727278484,0.014547855840439763,7.317,0.05105204358152257,23260580.700099036,23257196.784351137
Seewis im Prättigau,1684163,3972,1849,18,0.9994009088165172,0.00170652334146654,22.223,0.059927580572787215,49627010.57572759,49627857.47224674
Alpnach,1683053,1401,,6,0.9999982993300021,1.8654827823071896e-06,0.016,0.0001700671459317943,56347127.58221038,56347128.63335634
Hochdorf,1682868,1031,313,3,0.9985666136599728,0.0036622643428612083,3.595,0.1434388108987417,10301233.352507016,10300856.094111072
Buchillon,1684870,5623,2227,22,0.9999982235324654,1.0165629101117935e-05,0.015,0.00017764692014470728,21037518.644677922,21037520.78327404
Bonaduz,1684047,3721,1844,18,0.9990875573885591,0.0016714528920948515,2.73,0.09128667062054842,14397747.265799578,14397987.917362649
Mont-sur-Rolle,1685055,5859,2228,22,0.9986667379743588,0.01630587451435901,3.285,0.13342601848768923,3860287.2473754156,3860916.7009698665
Boulens,1684863,5661,2223,22,0.9992089658223876,0.046904713915572854,3.183,0.07911615793758564,3417867.9313113824,3416264.7901361887
Rickenbach (BL),1683695,2857,1304,13,0.9988944787177121,0.0315360259402485,3.027,0.11059582937643873,2902623.8721635407,2901708.4999462673
Mont-Noble,1685339,6090,2305,23,0.9999982223725599,7.98714052068421e-06,0.014,0.00017776290912621857,43454068.54796037,43454072.01869789
Regensberg,1682191,95,104,1,0.9964419725663531,0.029577274378690926,3.487,0.3564895615614356,2366203.1485724105,2366903.006970021
Arboldswil,1683614,2881,1305,13,0.9999943193521393,0.0002630689633089306,0.011,0.0005680656523568649,3464739.4201549017,3464730.3055008277
Oetwil am See,1682182,157,107,1,0.9999941705529043,6.08868501481431e-05,0.016,0.0005829462309398661,6106803.71356897,6106799.995328544
Erlach,1682432,492,243,2,0.9996660756292569,0.015088239302226287,2.398,0.033400532865620315,3578606.7576174503,3579146.7063687253
Cornol,1685586,6782,2603,26,0.9999968757355246,6.748066792514146e-05,0.014,0.0003124270410422438,10445533.726083096,10445540.774799023
Courrendlin,1685591,6708,2601,26,0.9999973044120284,3.869862662785006e-05,0.015,0.0002695592125945596,21550270.828511193,21550279.16817004
Ingenbohl,1683083,1364,506,5,0.9995930032645552,0.005718834590308587,3.432,0.040709121557752186,16665596.825704293,16666549.903620243
Nods,1682582,724,241,2,0.9994053471706141,0.01617853188214851,3.9,0.059487780531907807,26614071.34008307,26618377.106099963
Rothrist,1684406,4282,1910,19,0.999996967638261,2.5322276254174863e-05,0.014,0.00030323667204193655,11854188.623669926,11854191.625420317
Vionnaz,1685397,6158,2308,23,0.9993730611367487,0.0003369533239845974,13.097,0.06271343944689324,20951321.82757403,20951251.231398713
Masein,1684114,3663,1851,18,0.9974554635454116,0.010784591664944176,3.451,0.25476405277536174,4199667.954909132,4199215.037868911
Kerns,1683086,1404,,6,0.9996032523392252,0.002612124700160641,10.218,0.03968315635427409,92584103.4012976,92586521.81353097
Volketswil,1682227,199,109,1,0.9990244677222735,0.0060088552854390504,3.847,0.0975979018083531,14042354.481007017,14041510.696247585
Berg (TG),1684502,4891,2015,20,0.9984342968958339,0.007936345656154257,9.296,0.1566991956057556,13137363.008018546,13138405.634556966
Oberbüren,1683914,3424,1728,17,0.9991418972438729,0.009167991660777487,5.659,0.0858510436610022,17731244.052394688,17732869.651370764
Arogno,1684617,5144,2105,21,0.9999952251166276,9.099661948265192e-05,0.05,0.00047748925997377276,8487411.26737712,8487403.544119785
Cressier (NE),1685477,6452,,24,0.9997576162683828,0.008037311360510956,3.807,0.024240336836579904,8570243.45329654,8569554.636145845
Vernayaz,1685393,6219,2310,23,0.9994222639915525,0.05465436525897805,3.261,0.05780608707117951,5592363.468152113,5595419.938908607
Oberdorf (NW),1683093,1508,,7,0.9993445148664697,0.003717849555236757,3.439,0.06557122233111776,16202043.252729952,16202645.620322963
Cademario,1684639,5161,2105,21,0.9999680673252435,0.00010240930565113057,0.543,0.0031933200963654425,3957676.470452468,3957680.523481461
Andeer,1684038,3701,1851,18,0.9997911872910069,0.015179394883178102,3.679,0.020885036255072906,46299552.273770325,46306580.265639104
Hauptwil-Gottshaus,1684526,4486,2015,20,0.9999956551723596,3.2086410515588724e-05,0.018,0.00043448363839332995,12495264.000913398,12495259.991631696
Hedingen,1682134,5,101,1,0.9990166607418758,0.006193525419695492,3.334,0.09837925073391883,6529257.923563182,6528853.532313969
Vacallo,1684765,5268,2106,21,0.9998534501060967,0.000871596219530243,0.891,0.014655999441685032,1636383.7826935528,1636369.5200343658
Läufelfingen,1683673,2852,1304,13,0.9991147913312499,0.016674302204187492,3.461,0.08855268055683418,8155741.3597312635,8154381.44676995
Hellsau,1682475,408,245,2,0.9980874148233921,0.049362194808882334,2.828,0.191394341950416,1476809.6591140218,1476080.6734531336
Giebenach,1683650,2826,1303,13,0.9979996608551484,0.001847679705860614,3.552,0.20023603246503122,1337587.3753140306,1337612.0896445124
Emmen,1682829,1024,313,3,0.9991441702113903,0.023222690721517607,5.443,0.08560967518067471,20366277.960293755,20361548.36255155
Gontenschwil,1684318,4135,1905,19,0.9999959760684661,5.480565305693142e-05,0.016,0.0004023940734044567,9737906.050522622,9737911.387445627
Vaulion,1685176,5765,2224,22,0.9991983346318831,0.03485569866395713,3.745,0.08021265997077598,13151406.7718261,13155990.786540559
Tujetsch,1684197,3986,1850,18,0.9998365133983494,0.003206342297806301,8.012,0.016349734549161585,133910445.1425739,133906151.5153301
Bioley-Magnoux,1684853,5903,2224,22,0.9993057325250342,0.013245040432374088,3.064,0.06945545562889907,4285682.030949992,4286249.671267794
Bonvillars,1684859,5551,2224,22,0.9999942802444497,2.901495819090717e-05,0.015,0.0005719771079224349,8468459.985652067,8468457.528531943
Büttikon,1684290,4064,1903,19,0.9999918439911787,1.9169593177308165e-05,0.015,0.0008156042864143291,2819077.1878826376,2819077.728288266
Udligenswil,1682925,1067,312,3,0.9985592986612605,0.011297544953632162,3.266,0.14418213376457223,6224656.976676455,6225360.210096604
Hersberg,1683657,2827,1303,13,0.9972485571234382,0.04469787881155639,2.892,0.27546175446715504,1663744.3634382926,1663000.704998989
Duggingen,1683643,2785,1302,13,0.9999957627118641,2.703730907975062e-05,0.012,0.00042372965393526956,5857324.056182911,5857322.472520102
Val Müstair,1684200,3847,1843,18,0.9999990363709975,1.2969925807757221e-05,0.022,9.636295295428971e-05,198649198.88054723,198649224.64520094
Bettens,1684851,5471,2223,22,0.9980450699845413,0.02013163303228697,3.586,0.19566457885820893,3744519.577868005,3743765.7449277663
Heimenhausen,1682473,977,244,2,0.9985928057202405,0.026635951188303333,3.512,0.14079975330062153,5843404.505355616,5841848.058983834
Villmergen,1684452,4080,1903,19,0.9999954103754977,3.3835226789800775e-06,0.017,0.0004589635112724471,11939815.865615405,11939816.269601783
Arnex-sur-Nyon,1684834,5701,2228,22,0.997746700935077,0.09188431985135148,3.865,0.22548042247893438,2044163.1212878514,2042284.8559072039
Jegenstorf,3411472,540,246,2,0.9989816101645034,0.003446670473362485,6.054,0.10189262178193512,13489985.983936708,13490450.939300478
Saint-George,1685136,5434,2228,22,0.9991683202233034,0.016209528423621267,3.27,0.08320931999235626,12315156.899137067,12317153.127995046
Döttingen,1684295,4304,1911,19,0.9999950828274486,4.97798639419853e-05,0.014,0.000491718586499355,6924724.149474838,6924727.596593098
Löhningen,1683674,2903,1401,14,0.9999958029953311,4.249901166033355e-05,0.014,0.0004197012584022685,6831289.970539944,6831287.067309223
Le Landeron,1685505,6455,,24,0.9999958602199688,7.95076126807466e-06,0.015,0.00041397887651128463,10324925.17847492,10324925.999385072
Unterbäch,1685388,6201,2309,23,0.9999976193593535,4.628726514023932e-06,0.015,0.00023806435375680517,22055093.067744263,22055094.088614203
Seengen,1684424,4208,1907,19,0.9999968364780536,1.1988186726606451e-05,0.017,0.0003163527140322636,10342965.645452129,10342966.885386163
Vitznau,1682927,1068,312,3,0.9999958607198105,9.169944571031907e-06,0.015,0.0004139288946012984,11765209.568257581,11765210.647120778
Oberegg,1683915,3111,,16,0.9996847387294286,0.0047365904443485655,5.872,0.031531844073699085,14608044.152116923,14608736.075340338
Lommis,1684540,4741,2014,20,0.9988495586804652,0.008051008234186079,3.773,0.11510571203083358,8605851.356816947,8605158.499015588
Geltwil,1684316,4232,1908,19,0.9999921152983459,5.4212998824291446e-05,0.016,0.0007884730601059384,3280362.9377860287,3280361.159402908
Warth-Weiningen,1684568,4621,2012,20,0.9990161842674914,0.04834950064366562,3.651,0.09845378694285384,8212637.06213624,8216607.83114546
Schwerzenbach,1682205,197,109,1,0.9980767237417305,0.006079442915184433,3.847,0.19250690157958458,2650915.5883300626,2650754.4274301403
Onnens (VD),1685078,5565,2224,22,0.9999956067658609,1.0327855687143766e-05,0.015,0.0004393244015584286,7109494.439242703,7109495.173501029
Aadorf,1684495,4551,2014,20,0.9990314493091946,0.00850564079744825,3.888,0.09690611739627598,19944216.46129294,19945912.844705004
Fällanden,1682126,193,109,1,0.9987694639173887,0.0011447765802553318,3.729,0.12312866104672752,6381606.787941536,6381533.732801584
Court,1682415,690,241,2,0.9999976008159097,2.0893470557570155e-05,0.014,0.00023991867182583185,24606287.938189164,24606282.797081638
Saxon,1685373,6141,2307,23,0.9996752633387463,0.001765418122016596,2.716,0.03247922637096258,23220028.10351453,23220438.034098607
Vuiteboeuf,1685202,5766,2224,22,0.9999935674539074,4.783490560668505e-05,0.015,0.0006432565243679073,5061990.13887657,5061987.717478366
Minusio,1684717,5118,2104,21,0.9999947377355617,8.367379299494523e-05,0.015,0.0005262276083619325,8830023.12992783,8830015.741512556
Sergey,1685151,5762,2224,22,0.9999897683415888,1.3435617757333036e-06,0.012,0.0010231710823529125,1462521.582046886,1462521.601696767
Manno,1684707,5194,2105,21,0.9998906681384749,0.004562732694183516,2.178,0.010933534418239393,2365568.880775602,2365460.9461908755
Murgenthal,1684370,4279,1910,19,0.9999963063381467,0.00010199442706411966,0.132,0.0003693666790848638,18615442.796032615,18615423.80931839
Chevroux,1684902,5813,2222,22,0.9998915972935015,0.0017257079129966867,2.852,0.010840951779817492,13196025.98609075,13196253.710955393
Wiler bei Utzenstorf,1682724,554,245,2,0.9987902480982052,0.011271346107352398,3.419,0.1210415875585901,3820642.0975715243,3820211.459777184
Bottenwil,1684278,4273,1910,19,0.999994654677982,7.12350667963838e-05,0.015,0.0005345338208511531,5100757.568736586,5100761.202264647
Bischofszell,1684507,4471,2015,20,0.9988592038241444,0.009801405726383891,9.564,0.11415031941252808,11576890.332204634,11578025.030196592
Glarus Süd,1683141,1631,,8,0.9998461343073567,0.00042532803345049903,5.937,0.015387720363914965,430032382.1827548,430030553.1344805
Niederbuchsiten,1683556,2405,1101,11,0.9989694145538702,0.027367823863525795,7.524,0.10309756759884861,5487973.783279064,5486471.84428038
Ottenbach,1682187,11,101,1,0.9990619248302264,0.05354881412463374,3.715,0.0938264086830256,5022357.33294232,5019667.920149428
Aire-la-Ville,1685444,6601,,25,0.99999322485693,2.948615132895533e-05,0.014,0.0006775167020326335,2926527.3429029225,2926528.2058232035
Seeberg,5817433,988,244,2,0.9993018035343153,0.005433643573431365,3.345,0.06984213145776372,16803290.595556926,16802377.564637356
Giez,1684983,5559,2224,22,0.999994415554858,9.266112450549947e-05,0.013,0.0005584458146756194,4763100.181644559,4763095.768102369
Beromünster,1682818,1081,314,3,0.9999978846073164,1.1461610490639753e-06,0.016,0.0002115394908616677,42335342.50856863,42335342.023337424
Heitenried,1683338,2296,1006,10,0.9997294043666574,0.007372717672197361,2.891,0.02706222728190927,9127864.094842698,9127191.123193484
Pfungen,1682188,224,110,1,0.998519229358223,0.0684872483243339,3.446,0.1482375240178827,4986719.739634509,4990135.006765831
Rossemaison,1685625,6721,2601,26,0.9999633391731606,0.003128925308984149,0.961,0.003666207241444305,1886416.0404964332,1886475.065045357
Hérémence,1685316,6084,2305,23,0.9999154117490918,0.006734989170575788,3.543,0.008458898002354043,107437610.57847904,107430374.66704145
Affoltern am Albis,1682080,2,101,1,0.998659865556177,0.01990651955496339,3.729,0.13408995495989,10593038.08768839,10590929.38249
Losone,1684699,5115,2104,21,0.9999967714261094,2.492096974656833e-06,0.009,0.00032285791427224213,9260552.181164872,9260552.411946813
Aristau,1684255,4222,1908,19,0.9999694280391347,0.0026133452660520957,0.738,0.0030572028712262363,8641690.38101604,8641464.543809561
Thurnen,10523927,889,246,2,0.9990025826774664,0.003816269689330379,3.408,0.09979340329462387,5951451.135377454,5951678.258803208
Rüdtligen-Alchenflüh,1682633,420,245,2,0.997750894917954,0.009784763255000729,4.251,0.22515270076591135,2720811.834714061,2720545.6097174203
Habsburg,1684320,4099,1904,19,0.9999887983685605,0.00022250933999239724,0.016,0.0011201706641023252,2226516.915797908,2226521.870006002
Müntschemier,1682571,498,243,2,0.9993005152080116,0.013264635902130936,3.19,0.06996831087797682,4871876.901566439,4871230.6648338465
Eischoll,1685296,6194,2309,23,0.9997188314028231,0.010126050791627298,11.144,0.02811938929865003,14147389.735595033,14145957.163724717
Turtmann-Unterems,2757461,6119,2306,23,0.9994774126525967,0.013069061139736961,20.763,0.05226897743071365,42422992.05214319,42417447.765374586
Selzach,1683576,2556,1107,11,0.9995215596285404,0.012583718429480181,3.255,0.047852474144169564,19469503.44389107,19467053.456398074
Pollegio,1684738,5077,2103,21,0.9999954727816488,4.5498073631734835e-05,0.017,0.0004527227568058323,5959769.9630790185,5959767.251498492
Rue,1683391,2097,1002,10,0.9991862594879343,0.008533938768677843,8.736,0.08141064698304007,20032875.58698227,20034585.180318467
Neggio,1684727,5206,2105,21,0.9999805605678201,0.00023197413404053564,0.012,0.0019439643674927282,893852.6440399756,893854.7175469062
Chamoson,1685286,6022,2302,23,0.9992767155697284,0.0006851014691599913,10.258,0.07235436165713668,32468850.880370144,32468628.435795743
Paudex,1685093,5588,2226,22,0.9995349939453446,0.011048531281483658,2.643,0.04650885009699964,3903715.3477143524,3903284.04450302
Schönengrund,1683937,3003,1501,15,0.9999945307594587,1.800278938711514e-05,0.015,0.0005469255989504425,5192444.184066485,5192445.118851275
Uttwil,1684566,4451,2011,20,0.9999937025073962,6.072566173657315e-05,0.016,0.0006297510521324239,4360982.765143358,4360980.116907716
Bergün Filisur,1684044,3544,1841,18,0.9997776722136407,0.0027241729763748824,9.464,0.02223494752960095,190143662.10694796,190138482.26468855
Uetendorf,1682698,944,247,2,0.9993467097992108,0.008051486102659768,2.871,0.0653529972937219,10174637.181405453,10175456.39090411
Herrliberg,1682136,152,107,1,0.9988831140324499,0.014415312092292867,7.379,0.11174294869036944,8986945.408307519,8985649.912079347
Brütten,1682094,213,110,1,0.9991318219368261,0.04465705559699602,3.759,0.08687490289791822,6596866.1093370905,6599812.075503197
Thalheim an der Thur,1682215,39,102,1,0.9982639585582411,0.028698256645150525,4.543,0.1737798994108966,6442323.5019200435,6444172.336452535
Nuglar-St. Pantaleon,1683558,2478,1104,11,0.9982801995924547,0.0028532776926445177,8.004,0.1721255980574431,6343476.509833468,6343295.512833275
Zurzach,13623634,4324,1911,19,0.9999954781487066,1.2891250704727404e-05,0.016,0.000452186180915897,25985648.968939044,25985652.3188142
Aarwangen,1682356,321,244,2,0.9991094563607459,0.021129633337728833,5.582,0.0891034476098185,9898104.653307967,9900196.086528596
Oberdorf (BL),1683684,2892,1305,13,0.9995460697918218,0.008996246670709647,8.127,0.04540128349080207,6210488.937173532,6209930.226269287
Truttikon,1682217,41,102,1,0.998172049822714,0.01759888151630572,3.619,0.1829783403126903,4411034.084068087,4411810.376730186
Uetikon am See,1682220,159,107,1,0.9999561578855065,0.00201724514919367,0.594,0.004384351779053821,3457938.02682999,3458007.7819170984
Lussy-sur-Morges,1685038,5640,2227,22,0.9972314884029462,0.0002920786714952979,3.607,0.2772353286281705,2341793.571990016,2341800.41186957
Grossdietwil,1682841,1131,315,3,0.9999940486331876,2.1015340107908882e-05,0.016,0.0005951385147325265,10198741.269404113,10198743.412704278
Cugy (VD),1684937,5516,2223,22,0.9984166666402541,0.023289133969497375,7.233,0.15847723435151526,2906180.869655008,2906857.694011138
Novalles,1685072,5564,2224,22,0.9999917126346487,2.9489320253679616e-05,0.011,0.0008287398469182584,2060205.880991437,2060205.2734507269
Cuarny,1684935,5911,2224,22,0.999994961382346,4.871852022476327e-05,0.008,0.0005038629120883654,4559526.45004008,4559524.228706264
Rossinière,1685129,5842,2230,22,0.9999638287078918,0.0010345633970603038,3.02,0.0036171759189753167,23354686.634272005,23354445.01523259
Matten bei Interlaken,1682547,587,250,2,0.9984676224669543,0.08345007679846304,7.208,0.15329126483830516,5910239.403953369,5905307.304631797
Worben,1682731,755,243,2,0.9984171055634438,0.023199639238657054,3.339,0.1583964447912786,2756227.409247082,2755587.97443154
Bassins,1684842,5703,2228,22,0.9998607912471499,0.007526748013975529,3.796,0.013922368237479797,20775251.567792024,20776815.2686268
Spreitenbach,1684429,4040,1902,19,0.9999955983578804,3.7862696444122777e-06,0.016,0.00044016518899736313,8596392.098392097,8596392.423874682
Meikirch,1682550,307,246,2,0.999233327962381,0.0006253902602083117,4.458,0.07669684415920423,10232596.119260265,10232660.11291976
Fétigny-Ménières,1683320,2056,1001,10,0.9997309451558746,0.0006722725736802213,9.033,0.026909013973676756,8482401.855941461,8482344.831080195
Gambarogno,1684677,5398,2104,21,0.999997958650403,2.1379058695270578e-05,0.115,0.0002041351460479375,65391525.135182776,65391511.155090235
Winkel,1682242,72,103,1,0.9988655041226076,0.040146103835843876,3.904,0.11349119258962359,8113139.054066412,8109881.94483742
Pailly,1685090,5530,2223,22,0.9991088049675726,0.013968767649727779,3.443,0.08916545959811649,5768366.924690396,5769172.694463289
Kallnach,1682500,304,243,2,0.9993163259067566,0.0034901024793343185,3.231,0.06838959437510822,17977918.017444354,17977290.569681894
Salmsach,1684554,4441,2011,20,0.999412776762167,0.05472415839928468,2.911,0.05875564277134822,2710178.2122589936,2711661.334476773
Rumendingen,1682628,421,245,2,0.998254928590954,0.000812631335171426,7.57,0.17466024725638576,2439361.6189890397,2439381.4420059337
Sant'Antonino,1684751,5017,2101,21,0.9999947125979786,7.428849583571677e-05,0.015,0.0005287417963992033,6548239.945388349,6548244.809977308
Waldenburg,1683719,2895,1305,13,0.9999944121481105,0.0001576374828111465,0.015,0.0005587871905628702,8323456.749801954,8323469.8706896575
Steinerberg,1683115,1374,506,5,0.9991915395421084,0.024833311053040708,5.379,0.08088878185488259,6920809.070328463,6922527.736372285
Mels,1683906,3293,1725,17,0.9994499977191977,0.023834343662474843,31.494,0.0550219136406492,139105513.2990266,139138668.18511975
Haut-Intyamon,1683334,2121,1003,10,0.9999862218410123,0.0006757586569890246,1.798,0.0013778207353862535,60266289.105129324,60265881.85046345
Wichtrach,1682720,632,246,2,0.9996812770850402,0.0025863836178999415,2.979,0.03187778375599323,11601091.32029446,11601391.369019866
Schangnau,1682648,906,245,2,0.9997548486531631,0.0065910658466349975,18.077,0.024517332007699046,36484699.56262182,36482294.8320497
Altstätten,1683857,3251,1723,17,0.9993903119019858,0.006434921683268771,7.08,0.060985439201976445,39462232.45102507,39459693.087272376
Schwende-Rüte,14096673,3112,,16,0.9998176380470213,0.00015002694252793107,5.149,0.01823784456300921,98327075.47557218,98326927.95846717
Isone,1684688,5009,2101,21,0.9978862673649472,0.13489154651079888,22.983,0.21173960629534924,12834453.999153886,12851766.592639562
Obersaxen Mundaun,5817201,3988,1850,18,0.999528859426551,0.005679558182036415,9.942,0.0471238203816442,70353896.74753454,70349900.95703544
Saint-Prex,1685140,5646,2227,22,0.9997013753440186,0.004387336257805373,5.162,0.029866269917105483,25254819.540606268,25253711.52675172
Riederalp,1685359,6181,2309,23,0.9999971805136003,1.1960627213866335e-05,0.015,0.00028194902049142305,19092022.2775433,19092019.994017687
Ferden,1685304,6195,2309,23,0.9999974775217174,2.8503763279265745e-05,0.016,0.00025224818227845123,27925458.21968993,27925466.179496437
Reichenbach im Kandertal,1682616,567,249,2,0.9998176226684146,0.0055782047588560785,27.34,0.018239905100114213,125761448.95565963,125768464.18679008
Aesch (BL),1683611,2761,1301,13,0.999459021774,0.00030581671988947967,3.802,0.05411254217372595,7395474.289518763,7395496.906115656
Drei Höfe,2744225,2535,1106,11,0.9987098313018102,0.0036349434504529808,3.369,0.12909780394658005,4575950.243176301,4575783.909972641
Flums,1683880,3292,1725,17,0.9995574178234782,0.00014436019797594803,5.65,0.04426798181639696,75154824.65127154,75154716.15761788
Aranno,1684615,5143,2105,21,0.9998978241576154,0.0014688788153044193,0.638,0.010218031214410138,2585683.4401464784,2585645.459590195
Leukerbad,1685329,6111,2306,23,0.9996197951860075,0.011544044304562896,23.468,0.03802551559089695,67329994.13422872,67322221.5298756
Bauma,1682087,297,108,1,0.9999973447265522,5.3312676120605e-06,0.015,0.00026552770470927677,29531838.873124007,29531840.44754537
Unterlangenegg,1682699,945,247,2,0.9987793491644498,0.016266810123471236,3.044,0.12214956258554525,6801315.563956486,6802421.921045173
Brienzwiler,1682393,574,250,2,0.9980147413018996,0.043112903313499755,30.443,0.19876596587447706,17633603.757380866,17641206.11591947
Radelfingen,1682612,309,243,2,0.9995578753191661,0.009414469671597295,2.977,0.044224325601176916,14712817.049577605,14714202.183276575
Oron,1948073,5805,2226,22,0.9993526517293765,0.009805292975371005,3.74,0.06475896158289875,26281519.91387501,26284096.893900946
Inden,1685318,6109,2306,23,0.9982826555884055,0.04750370316376527,23.468,0.1719228566475625,9730349.278389545,9734971.554627549
Lungern,1683090,1405,,6,0.9996529897095576,0.0014166828296603925,3.462,0.034706805051720774,46472715.22215238,46472056.85117535
Ursy,1683415,2102,1002,10,0.9990650566271019,0.003505022430525095,8.736,0.09353642442123772,17131375.367679592,17130774.909130298
Courtedoux,1685593,6785,2603,26,0.9988992559744468,0.022375410025502238,6.831,0.11012269620572351,8214938.011220918,8213099.8851575665
Raron,1685355,6199,2309,23,0.9999975803425647,6.331346627898431e-06,0.115,0.00024196604371526704,30417495.70131384,30417497.627150927
Maggia,1684703,5317,2108,21,0.9999987836011008,5.487141682053831e-06,0.016,0.00012163996072078388,111158283.65992665,111158277.56051414
Jonen,1684335,4071,1903,19,0.9999945103050383,9.777618890179441e-05,0.015,0.0005489712715176398,5696517.082933629,5696522.652770933
Jongny,1685003,5885,2230,22,0.9984923567908682,0.03444167765517977,4.509,0.15090403851841447,2159532.1942645875,2160275.973381796
Vernate,1684768,5230,2105,21,0.9999901899634372,1.6775902668604842e-05,0.018,0.000981008550482375,1509792.3565380138,1509792.60981931
Wangen-Brüttisellen,1682231,200,109,1,0.9999962265945737,2.0245225758924006e-06,0.018,0.00037734125851518664,7918910.007360528,7918910.167680649
Waltenschwil,1684456,4240,1908,19,0.9999934007340235,3.4008839125190385e-06,0.013,0.0006599287637552587,4544880.729194497,4544880.574628379
Saint-Léonard,1685366,6246,2311,23,0.9986015489439621,0.041864419681687144,3.07,0.13991366413855594,3885061.1262018653,3883434.667907102
Wagenhausen,1684567,4871,2012,20,0.9993353974716618,0.02122335454926309,4.175,0.06647529010907044,11819422.720788045,11816914.242798336
Kaufdorf,1682504,869,246,2,0.999177325280494,0.004198690101290997,2.99,0.08229959777180142,2058297.2674405265,2058210.8459169033
Dagmersellen,1682822,1125,315,3,0.999799595457274,0.003359037952593233,4.48,0.020042799189913935,23865808.509832397,23866610.171397936
Oberrüti,1684391,4237,1908,19,0.9999952858979227,3.878655668621881e-05,0.015,0.00047141141032077196,5377621.811884935,5377623.897679267
Sorengo,1684760,5225,2105,21,0.9999841767107653,0.00020661961062453662,0.014,0.0015823430770388752,846119.3069855223,846121.0552339398
Rheinau,1682193,38,102,1,0.9999874109175927,0.00015583891831650096,0.786,0.0012589151841302642,8944491.050027529,8944477.111029427
Andelfingen,1682083,291,102,1,0.9984608882181939,0.004841481794661908,5.891,0.15403344131373684,16987805.644192506,16988628.10571008
Mollens (VD),1685051,5431,2227,22,0.9990105170060691,0.025269267018819735,3.362,0.09898476951096483,10990686.03889501,10987908.77309264
Glarus Nord,1683140,1630,,8,0.9996412719938478,0.0013121670300067032,15.729,0.03587900066090362,151606860.71242017,151604871.37717867
Carouge (GE),1685459,6608,,25,0.9989741631887442,0.04879303661673954,3.313,0.10266136487578248,2696750.6186434696,2698066.4451602865
Estavayer,6838556,2054,1001,10,0.9999628631632228,0.0020253294804092907,3.001,0.0037137150282896703,68480344.40787797,68478957.45527439
Lenk,1682532,792,248,2,0.9999988179943694,9.235363353343188e-07,0.016,0.00011820063214495558,122959915.40073055,122959914.26515105
Werthenstein,1682930,1009,316,3,0.9989053338193203,0.008007310600275923,3.595,0.10953095064771191,15801360.544050016,15802625.808067847
Oberlangenegg,1682590,935,247,2,0.9987619759799439,0.0144659738080983,8.098,0.1238701244887203,9160244.14824413,9158919.029724887
Märstetten,1684543,4941,2015,20,0.9985910186981333,0.004219711930563062,3.767,0.14099448673678341,9965153.993864719,9964733.49307274
Farnern,1682439,975,244,2,0.9979962191051845,0.03520628979518434,3.444,0.20061435593375926,3678143.3855295987,3679438.3233489906
Bourg-Saint-Pierre,1685281,6032,2303,23,0.9999988378136324,2.812706399712871e-07,0.015,0.00011621870435265811,89801985.05312137,89801985.30570799
Uezwil,1684443,4078,1903,19,0.9999913226868881,2.5931235636615586e-05,0.015,0.0008677351884389941,2443988.3131760117,2443988.94693238
Tschappina,1684194,3669,1851,18,0.9991762553800222,0.0001699517021247967,19.021,0.08240833371013266,24667129.249924704,24667087.32771868
Avusy,1685448,6604,,25,0.9988916803451896,0.029642413369504374,3.601,0.11090985390121749,5172005.802540091,5173538.909879575
Gollion,1684989,5484,2227,22,0.9999941559712601,4.692874643623031e-06,0.016,0.000584404567815945,5447751.489685046,5447751.234028897
Pully,1685114,5590,2226,22,0.9999310880689934,0.0032604135188326272,2.643,0.006891542896090379,17061204.331658043,17061760.597470548
Bärschwil,1683489,2611,1110,11,0.9999968020776762,9.628150792691217e-06,0.015,0.00031979275917246426,11189351.093685448,11189352.171013044
Worb,1682730,627,246,2,0.9996427351299908,0.0030745568502795408,3.406,0.03573232073664939,21084892.299583025,21084244.032582454
Lütschental,1682543,586,250,2,0.9999966146886436,1.2259380028819876e-05,0.011,0.00033853168811694113,12279835.709765619,12279834.204333892
Aeugst am Albis,1682079,1,101,1,0.9984249212446774,0.0026866973694993886,3.729,0.15762989940527422,7912337.833634075,7912125.253061633
Holderbank (SO),1683525,2425,1102,11,0.9993949993788429,0.02915190821846738,2.89,0.06050954781143048,7754986.490846047,7752725.764301881
Sins,1684427,4239,1908,19,0.9999963448975886,8.258159572433915e-06,0.015,0.00036551092388930576,20307417.704462536,20307419.381481495
Mies,1685048,5723,2228,22,0.9994207722866383,0.031912289607201244,6.896,0.057930306514368125,6638173.889019536,6636055.495743442
Lüsslingen-Nennigkofen,2742593,2464,1103,11,0.9991815787680521,0.01524674085160675,3.446,0.08188186925309325,7809252.180683886,7810442.837126323
Bettenhausen,1682379,973,244,2,0.9979965406818989,0.06652043469107283,6.349,0.20048012320324865,3934598.3046720373,3931980.992776422
Wald (AR),1683956,3036,1503,15,0.9999942347456284,9.971326941342e-06,0.016,0.0005765270704632729,6827383.041196471,6827382.3604157865
Gravesano,1684684,5187,2105,21,0.9997140004854853,0.01610952154664042,0.487,0.028601737835305452,711523.0571846166,711408.4342244101
Wilchingen,1683721,2974,1406,14,0.9999959395327924,4.9986554534160363e-05,0.015,0.0004060474438378476,21102503.70914427,21102493.160729744
Sennwald,1683938,3274,1724,17,0.9999980205704181,3.91461445289368e-06,0.015,0.0001979431576746738,41564264.20584647,41564265.83292717
Neuhausen am Rheinfall,1683680,2937,1403,14,0.9997638414712732,0.01958608049063406,2.919,0.02361632876141775,7995729.765657923,7994163.715590208
Milvignes,2758642,6416,,24,0.999995049676118,1.2611883516904979e-05,0.015,0.0004950335819809765,8840468.455903387,8840467.340953803
Bachenbülach,1682084,51,103,1,0.999993329167831,5.4505625290621955e-05,0.015,0.0006670856238511415,4314148.700635415,4314151.05208914
Brüttelen,1682395,491,243,2,0.998910571937191,0.0008288406750375525,3.218,0.10900263302580031,6612482.936350138,6612537.743298344
Noble-Contrée,1685395,6254,2311,23,0.998836953870228,0.008108309889011912,3.609,0.11636756823279167,6498583.328989942,6498056.403715231
Buseno,1684053,3804,1847,18,0.9983680560218805,0.005954892459181233,4.006,0.16332280562098686,11149046.859738361,11148382.94598764
Grangettes,1683329,2079,1002,10,0.9991393642151382,0.03265091766103025,3.121,0.08611468545014118,3307742.65569306,3308822.664024009
Innerthal,1683084,1343,505,5,0.9989984144069104,0.006800174440971085,23.589,0.10021215031030879,50141996.31824398,50145406.06146181
Bavois,1684844,5746,2224,22,0.999995797764775,0.00010664775738900527,0.016,0.0004202246296024398,9347960.736702893,9347970.70609338
Grindelwald,1682457,576,250,2,0.9999990153521755,8.873769554940728e-06,0.016,9.84648350649104e-05,171377264.72610334,171377279.93372688
Uebeschi,1682697,943,247,2,0.9991588349987994,0.0016608102869550912,2.981,0.08415119413198212,4419189.142359579,4419115.748011703
Birwinken,1684506,4901,2015,20,0.9988339979663868,0.010876205737959175,3.911,0.11667456559066457,12292852.51549697,12294189.511427619
Widen,1684459,4081,1903,19,0.9999910747164628,0.00022417775757184235,0.017,0.0008925313363509365,2615692.907167575,2615687.0433658706
Eschenbach (LU),1682832,1026,313,3,0.9989114453026314,0.00265149723272795,3.567,0.1089161935039207,13207393.1302574,13207743.323920764
Lauperswil,1682528,903,245,2,0.999996896395655,1.8857110376966104e-05,0.015,0.00031036094534326296,21194236.98867592,21194240.98529658
Urdorf,1682224,250,111,1,0.9997032013619489,0.02587815856576279,3.283,0.0296804280593499,7582837.454588065,7580875.155887783
Büron,1682821,1082,314,3,0.9994847839989166,0.044704875018125166,3.125,0.051546395205504456,5365605.228078343,5368003.915189521
Orges,1685081,5924,2224,22,0.9992408292353598,0.05070472088607266,3.61,0.07592665033972933,4024759.564576458,4022718.821472904
Tramelan,1682688,446,241,2,0.9993642105669504,0.006196102967990342,3.905,0.06360113147708062,24824673.15557967,24826211.317889858
Mauensee,1682895,1091,314,3,0.9983646439819082,0.029484791619621246,3.574,0.1636453019080105,7214413.854371199,7212286.699479661
Bern,1682378,351,246,2,0.9996499995399554,0.0019485066798344565,8.672,0.035005831043763584,51618816.22018426,51617810.42410216
Brislach,1683631,2782,1302,13,0.9999960926774766,5.5100688838077776e-05,0.014,0.00039073290802018663,9416615.437463809,9416610.248843838
Belmont-sur-Lausanne,1684847,5581,2226,22,0.9999924147948558,8.463942900922527e-06,0.007,0.0007585234232050175,2648583.465206045,2648583.6893806374
Herisau,1683894,3001,1501,15,0.9999969367279246,7.973953803532612e-07,0.016,0.00030632767567620846,25202023.123992454,25202022.923032686
Mettembert,1685616,6716,2601,26,0.9999872818791343,0.00020090175263243052,0.015,0.0012718214516959452,2344344.81624296,2344349.5260727834
Romanshorn,1684552,4436,2011,20,0.9999954316845338,8.921362040311957e-05,0.016,0.0004568327941249178,8880003.052268086,8880010.9744403
Rennaz,1685117,5412,2221,22,0.9999379250604082,0.00303780419162921,0.745,0.006207592341406592,2187556.9005750017,2187490.446879782
Buch am Irchel,1682097,24,102,1,0.9984132701781833,0.03688819821665217,6.313,0.15882825674948278,10209806.730461368,10213572.944205638
Treyvaux,1683412,2226,1004,10,0.9999958041199354,6.301370526560696e-05,0.015,0.0004195890191891192,11403482.527056107,11403489.712812977
Birmensdorf (ZH),1682091,242,111,1,0.9999950123500938,1.6735102526908626e-05,0.017,0.0004987662764001813,11417918.278471598,11417920.189271929
Mörel-Filet,1685343,6203,2309,23,0.9986782934741958,0.008478170518234067,15.415,0.13225244921686977,8546019.101990368,8545294.55591838
Reconvilier,1682615,703,241,2,0.9988556144581946,0.018410346182226832,6.319,0.11451461288118316,8249090.396235083,8250609.082333915
Fahrni,1682438,925,247,2,0.9986560793830646,0.008695863771468257,3.722,0.1344882757520817,6682263.947103907,6682845.027673597
Kippel,1685321,6197,2309,23,0.9999958611080227,7.369365848654798e-05,0.016,0.0004138899018559782,11682719.340596106,11682710.731172813
Kehrsatz,1682505,870,246,2,0.9986558234196533,0.017131827396278092,3.688,0.13451958117054494,4436721.026046888,4437481.117435125
Burtigny,1684874,5854,2228,22,0.9992357663113677,0.00615356992784054,9.291,0.07645493496466084,5681999.256496379,5682348.902293927
Tévenon,1868688,5571,2224,22,0.9998584325564284,0.0018216391976802362,2.898,0.014157875446775152,14276650.508797696,14276910.57785948
Lignières,1685514,6456,,24,0.9995638029809957,0.04297700408371168,3.359,0.04361984210254659,12519150.236205617,12513769.880497357
Jorat-Mézières,6376490,5806,2226,22,0.9999959055929779,8.701224475957918e-05,0.016,0.00040944171868901956,11084474.414881563,11084484.059731571
Kirchlindach,1682512,354,246,2,0.9995605008708934,0.00010374065150701157,2.794,0.04395955020575018,11964314.095268035,11964301.683410645
Mühleberg,1682563,668,246,2,0.9997065891915002,0.0011810761387501007,3.841,0.029345559272303166,26259838.213387243,26260148.362070456
Arch,1682365,381,243,2,0.9992272106092938,0.0039942386971818,3.082,0.077307266835834,6375295.418502581,6375040.773985916
Agiez,1684830,5742,2224,22,0.9993100837451903,0.018544056313189724,3.182,0.06902183204591097,5460957.101716801,5461969.784676982
Riviera,7187847,5287,2107,21,0.9999986321759555,9.973779547337027e-06,0.015,0.00013678249124239535,86531998.14142545,86531989.51091471
Starrkirch-Wil,1683578,2584,1108,11,0.9978267496981628,0.05400428761402117,3.317,0.21750269166166533,1844943.7773849468,1843947.4286410909
Erlen,1684516,4476,2015,20,0.9993984844946308,0.019931369247756514,3.677,0.060175643342199235,12191843.72611408,12194273.72750524
Schötz,1682920,1143,315,3,0.999263901178854,0.007053065826035785,3.453,0.07363438733087048,15267327.654920409,15266250.84025103
Bissone,1684629,5154,2105,21,0.9999943470773853,0.0002498615998638185,0.015,0.0005652945654637397,3696446.3510015854,3696455.587001576
Vezia,1684770,5231,2105,21,0.9999921072717256,4.7416559528266196e-05,0.016,0.0007892757550521336,1389647.635076044,1389646.9761529458
Witterswil,1683590,2481,1104,11,0.9988500913048953,0.008421036906958512,4.563,0.11506186654261742,2669422.70817462,2669647.501246078
Assens,1684837,5511,2223,22,0.999082857428027,0.012480140240924673,9.461,0.09175060835793385,8461188.233843422,8460132.26568579
Erlenbach im Simmental,1682433,763,249,2,0.9998565090662961,0.0014621692237146023,2.956,0.014350018015274482,36690351.22922297,36689814.75419922
Saint-Brais,1685627,6758,2602,26,0.9999958273056326,1.9934639897932825e-06,0.015,0.0004172703115698632,15157198.173756434,15157198.475909721
Ebnat-Kappel,1683874,3352,1727,17,0.999383965462697,0.0052533416566250485,12.018,0.061620815885733066,43545866.834163226,43543579.22100109
Safenwil,1684412,4283,1910,19,0.9999948172396729,7.092590514334424e-05,0.015,0.0005182771919771898,5990778.078898629,5990773.829885052
Pura,1684744,5216,2105,21,0.9999930239313236,9.479654311843483e-06,0.014,0.0006976092679069654,3044256.516734395,3044256.228149401
Bottens,1684861,5514,2223,22,0.9988191315024265,0.013878941249019843,5.757,0.11816481291205992,6885324.704416067,6886280.3145865975
Rossenges,1685128,5684,2222,22,0.9999888444377285,5.403426931920604e-05,0.015,0.0011155621481206007,1076845.9091545267,1076845.327288708
Finhaut,1685307,6214,2310,23,0.9999965647027867,9.841549471928235e-06,0.014,0.0003435302945065644,22825457.176327113,22825454.929948453
Oberwil im Simmental,1682596,766,249,2,0.9998145903600572,0.0047892687014832605,9.527,0.018543127020000206,46060330.52635413,46062536.479347825
Lampenberg,1683663,2887,1305,13,0.9991151648184509,0.008639948510133605,3.279,0.08851885798960228,4008577.3146285205,4008230.9756125477
Oberägeri,1683146,1706,,9,0.9992603369948947,0.0018867837093475706,9.22,0.07399296764913796,36237560.74697086,36236877.02257802
Ins,1682492,496,243,2,0.999512000323167,0.009443712870326684,3.19,0.048809572946903176,23868261.484722503,23866007.434640747
Röschenz,1683699,2791,1302,13,0.998747124924224,0.025838535548968054,9.363,0.12538223794659578,10071817.4815771,10074419.891717505
Fiesch,1685305,6057,2304,23,0.9996106422953779,0.005231406508684746,6.252,0.03894437055189839,11035345.86177572,11035923.16557739
Torny,1683411,2115,1002,10,0.9999961641960217,2.69998743024403e-05,0.015,0.0003835811855276997,10179874.236947522,10179876.98550077
Berken,1682377,972,244,2,0.9978266493316365,0.0021750637844630055,3.512,0.21757386257440925,1388260.4391905707,1388290.6347406176
Schöftland,1684423,4144,1905,19,0.9999950056930372,7.9677776755191e-05,0.016,0.0004994317444916283,6278027.172207442,6278022.170014967
Neyruz (FR),1683373,2211,1004,10,0.9984257914118282,0.02487534995379064,8.535,0.15752526813725823,5530645.633379494,5529269.865923487
Fischingen,1684521,4726,2014,20,0.9994296489377208,0.013906907984851885,4.859,0.057047408842912935,30581204.801044725,30576951.901032384
Lauenen,1682526,842,248,2,0.9999986148850666,7.779016641441109e-06,0.015,0.00013851158387256007,58494976.18762191,58494971.637287974
St. Moritz,1684175,3787,1846,18,0.9992866505507666,0.015666329245376358,30.618,0.07135480759586019,28686567.902935572,28682073.7707587
Grabs,1683890,3273,1724,17,0.999761414030795,0.010052941102306898,3.707,0.023862642811619407,54647323.796650365,54652817.45992563
Seewen,1683575,2480,1104,11,0.9999978170815114,5.317682595722893e-06,0.014,0.00021829208132301002,16314038.692225683,16314037.824696887
Baar,1683138,1701,,9,0.9989351821003939,0.0036744969976225702,9.571,0.10654046939505797,24846413.980095364,24847326.96083108
Laufen-Uhwiesen,1682159,34,102,1,0.9999927193987684,0.0001976391325283721,0.015,0.000728063492921745,6281722.181178636,6281734.596319863
Jenins,1684093,3952,1845,18,0.9983014462821289,0.0046372133185140375,6.593,0.16999580701407502,10538006.067409992,10537517.397589128
Egnach,1684515,4411,2011,20,0.9994034321374259,0.006685850993718684,5.203,0.059672591350342176,18426066.456620518,18424834.517273225
Rougemont,1685130,5843,2230,22,0.99962773044156,0.005605262414046358,6.574,0.03723492989378661,48542202.88784431,48544923.80569773
Fraubrunnen,3411722,538,246,2,0.9994355404198431,0.004327659420207377,3.643,0.05646311498300306,31907557.614779312,31908938.465202186
Wolfhalden,1683968,3038,1503,15,0.9999944082887119,3.543311465183267e-05,0.016,0.0005591727916291502,6931030.336683013,6931032.792562938
Personico,1684736,5076,2103,21,0.9999981792602246,2.342798618828736e-05,0.016,0.0001820741644864805,38874215.36392263,38874224.47136844
Torricella-Taverne,1684764,5227,2105,21,0.9999935012143394,0.00016666519917433366,0.008,0.0006498812195456386,5249448.858562898,5249457.607567294
La Brévine,1685494,6432,,24,0.9999979215772018,8.523746116944413e-05,0.015,0.00020784258441163003,41811682.05001305,41811717.6892293
Geuensee,1682838,1085,314,3,0.9999954393014943,4.752242390175662e-05,0.015,0.000456070998836992,6472127.660483576,6472130.736195519
Penthalaz,1685096,5495,2223,22,0.9980573054726576,0.01623405167588352,4.46,0.19444255507643285,3869762.82053056,3869134.601234541
Neuchâtel,1685519,6458,,24,0.9999968187305112,1.1914781645366525e-05,0.016,0.00031812743593492214,30182495.85099088,30182492.254812405
Steinen,1683114,1373,506,5,0.9999966144243181,3.1558888314657575e-05,0.015,0.0003385581945661342,11849328.217632184,11849331.957148442
Molondin,1685052,5921,2224,22,0.9991095667866915,0.02897068025752679,3.301,0.08909588652706688,5494979.965310916,5496571.898386882
Günsberg,1683515,2547,1107,11,0.9986432815785036,0.0007803171072504544,3.287,0.13576446856277327,5263234.895959603,5263275.965881891
Muzzano,1684726,5205,2105,21,0.9999895722047164,7.865517655284007e-05,0.014,0.001042785375366735,1701442.2320781264,1701443.570350518
Geroldswil,1682127,244,111,1,0.9999904187274729,8.78764451913532e-05,0.014,0.0009581314217749311,1933394.2721131784,1933392.5731150205
Meggen,1682896,1063,312,3,0.9999226533780666,0.0061443525816302445,2.925,0.007734723698218376,13931866.555757325,13931010.532754937
Ayent,1685270,6082,2305,23,0.9997983224455851,0.012549681636938925,3.355,0.02017105496036421,55333466.03452393,55340410.20834994
Niederdorf,1683682,2891,1305,13,0.9999916146172231,0.00011746824394114061,0.014,0.0008385413008720634,4405739.345106409,4405734.169761768
Ebikon,1682826,1054,312,3,0.9988285707547228,0.024138114461462384,5.443,0.11722572339445941,9684106.995971443,9686444.556802701
Zermatt,1685406,6300,2313,23,0.9999992013015668,3.073791019050647e-06,0.016,7.98698745720826e-05,242721084.52017954,242721077.05944064
Wölflinswil,1684467,4182,1906,19,0.9999957496808574,4.956089043077684e-05,0.014,0.00042503271209422597,9512592.809849523,9512588.095323823
Büetigen,1682404,382,243,2,0.9999941810299159,3.2628913710870325e-05,0.011,0.0005818987964586418,3613965.88918233,3613967.0683801416
Walperswil,1682714,754,243,2,0.9991504630621473,0.022086999794468907,3.049,0.08498040892235197,6955120.561851091,6953584.38438689
Pont-la-Ville,1683381,2147,1003,10,0.999312848425816,0.0030247587208945314,2.921,0.06873773480584885,5510049.2635679785,5509882.597872353
Cheyres-Châbles,1683288,2055,1001,10,0.9997755945711635,0.015192740973227594,9.017,0.02244476591397606,22343935.245024104,22347329.901229106
Hauteville,1683337,2137,1003,10,0.9999962625155937,3.0968567285951076e-05,0.015,0.00037374919678348495,11856881.123090377,11856884.794996586
Buchrain,1682819,1052,312,3,0.9983259241037296,0.015410684778579826,3.759,0.16756074365596924,4803038.988887314,4803779.170085683
Gretzenbach,1683511,2576,1108,11,0.998426958340175,0.06820591625864703,4.683,0.1574816739732246,5832792.393192164,5836770.702687405
Siviriez,1683400,2099,1002,10,0.9999971664740391,1.1337825645752815e-05,0.016,0.0002833529810657256,20284477.357672103,20284475.057853427
Rongellen,1684139,3711,1851,18,0.9972828149647947,0.009387357149966316,3.749,0.2720753895157785,2017351.9801094013,2017162.6040740565
Leissigen,1682530,585,250,2,0.9992449152603392,0.021936554662602473,7.018,0.07552870727451062,10379986.77034243,10377709.758870583
Vich,1685180,5732,2228,22,0.9979627070896717,0.0004957710169512843,3.492,0.2039365252358475,1553591.8025644487,1553584.1003065698
Jouxtens-Mézery,1685004,5585,2225,22,0.9988011175994107,0.061555530822619005,3.527,0.1199970701678944,1933636.7439314928,1934827.004293401
Calanca,1684042,3837,1847,18,0.9994769495193336,0.006639115147217695,3.871,0.05231699398487262,37721500.32043204,37718995.946590506
Caslano,1684651,5171,2105,21,0.9998552601032961,0.0043874391247328195,2.537,0.014474719686515897,4657600.863773608,4657396.514371037
Féchy,1684981,5427,2227,22,0.9982964513409628,0.02392217562446814,3.716,0.17047969984064834,2699046.483122539,2698400.81248266
Unteriberg,1683117,1375,506,5,0.9999978344159662,2.614693767857632e-05,0.016,0.00021655866614929363,46430230.69695347,46430242.83703695
Dänikon,1682109,85,104,1,0.9980786209817091,0.03591944132238311,3.312,0.19228812358153455,2865416.9026734303,2864387.660930433
Juriens,1685005,5754,2224,22,0.9989238302334706,0.015412460931493203,3.665,0.1076832125738664,9350221.859316032,9351662.958607107
Romoos,1682911,1007,316,3,0.999489836929282,0.0022549019517105317,4.153,0.05102874837939583,37391154.30123789,37390311.16736978
Triengen,1682924,1104,314,3,0.9999408348351211,0.001483385650722424,2.589,0.005916647635296389,22089173.60417537,22088845.936543763
Leysin,1685029,5407,2221,22,0.9992619675267966,0.01871326166656588,4.415,0.07383740001724048,18575636.03708978,18579112.14446763
Galgenen,1683074,1342,505,5,0.9993712534530357,0.02977506391844352,3.568,0.062885063595272,13265536.049275335,13261586.227437539
Schöfflisdorf,1682206,99,104,1,0.9974367374154373,0.04408775601642691,6.118,0.2565986190282679,4012786.5943885823,4011017.4468253884
Hasle (LU),1682850,1005,316,3,0.9993485711169048,0.0010599231346157512,7.605,0.06516376785771749,40312752.518890575,40312325.23470043
Winznau,1683588,2501,1105,11,0.9981173600094243,0.03155129806526315,4.006,0.18841165484772804,3941823.2290851045,3940579.53268889
Bühler,1683870,3021,1502,15,0.9999942359430981,3.662611352244171e-05,0.016,0.0005764074569945401,5594847.127579054,5594849.176754114
Moosleerau,1684367,4277,1910,19,0.999994089243623,4.625444004935875e-06,0.015,0.0005910773981867596,3812631.499652465,3812631.6760036
Leuggern,1684352,4313,1911,19,0.9999962805896998,6.48594246048285e-06,0.015,0.0003719417094957601,13755812.746724134,13755811.854530035
Lutry,1685039,5606,2226,22,0.9996833545025451,0.01516148046662333,3.737,0.03167196454522161,16628825.420282152,16631346.596400077
La Sarraz,1685013,5498,2227,22,0.999993759179436,5.606509866567304e-06,0.015,0.0006240840213473705,7703872.078444563,7703872.510362911
Rüti (ZH),1682201,118,105,1,0.9986760691230543,0.014229916745637833,7.601,0.13247135944284516,10059045.920189045,10057614.526329197
Orvin,1682602,438,241,2,0.9994648169285657,0.02605098368999428,6.115,0.053539604911361977,21592332.487641074,21597957.50265572
Fischbach,1682835,1129,315,3,0.9992295942463545,0.008368436385835598,3.425,0.07706703826366765,8047500.421876025,8046826.971922571
Sainte-Croix,1685144,5568,2224,22,0.9999975972632913,2.653442805826128e-05,0.097,0.00024027392764312545,39471308.149934106,39471297.67644824
Leimbach (AG),1684349,4137,1905,19,0.9999868951918345,0.00022722164866149976,0.013,0.0013104879144505061,1146870.20304682,1146867.5971094365
Simplon,1685376,6009,2301,23,0.9999987310094858,1.0846568279892806e-05,0.016,0.00012689913879116897,91010656.978326,91010666.84985904
Bözberg,2743442,4124,1904,19,0.9999955972034457,1.426969496842078e-05,0.015,0.00044028065630484086,15502872.757450905,15502874.969663559
Les Breuleux,1685610,6743,2602,26,0.9997937587581602,0.014721232168026684,3.668,0.020627769394980268,14872528.089177452,14874717.508566715
Blumenstein,1682385,922,247,2,0.9993352991002082,0.0027152221105456588,11.72,0.06649128598269088,15519033.909374699,15518612.533134649
Walterswil (BE),1682715,959,244,2,0.9988859683838688,0.010123187383419184,4.252,0.11145960760113639,7872341.247381931,7871544.3155259965
Wengi,1682719,394,243,2,0.9989038374905935,0.004919180813543364,8.235,0.10967906008830076,7081900.424480188,7082248.795967103
Coldrerio,1684663,5251,2106,21,0.9999922544791234,4.265343112963375e-05,0.016,0.0007745552526060927,2459350.9556494677,2459352.0046470338
Grandevent,1684994,5560,2224,22,0.9981786869794607,0.09246761904997083,8.408,0.18238159528015951,3444342.9645259026,3447527.866457115
Lavertezzo,1684693,5112,2104,21,0.9998720738205691,0.000506128139993624,0.385,0.012793468626415928,896319.0849884765,896323.6215115897
Jaun,1683339,2138,1003,10,0.9999982508046954,3.6382423826883197e-06,0.015,0.00017491968028720038,55680430.531096466,55680428.50530744
Iffwil,1682489,541,246,2,0.9988006677164849,0.02703435737706071,2.975,0.12002141271769627,5059201.361460014,5060569.0840364965
La Chaux-de-Fonds,1685495,6421,,24,0.9999984792891667,1.2423435342069652e-05,0.014,0.00015207118954214214,55712506.98198097,55712500.06057369
Steinmaur,1682212,101,104,1,0.9983478557616096,0.0030937164404222623,6.118,0.16534845795723066,9392820.64531958,9392530.058083056
Courroux,1685592,6709,2601,26,0.9999971107210213,2.642270607784003e-05,0.015,0.00028892835342469135,19739386.631461866,19739391.847141977
Veyrier,1685542,6645,,25,0.9999953680410725,9.957330376961281e-05,0.016,0.00046319719610881754,6496751.039079551,6496757.508109198
Penthéréaz,1685098,5531,2223,22,0.9999948869253208,4.884391689705609e-05,0.015,0.0005113086500109481,5676012.909683125,5676010.137296096
Allmendingen,1682363,630,246,2,0.9985503319557945,0.018450725676721513,2.891,0.1450585740966387,3810526.908882459,3809823.8390156636
Boudry,1685455,6404,,24,0.9999957424605765,8.126743907636356e-06,0.015,0.00042575486651723874,16757116.041524958,16757117.403332865
Grengiols,1685311,6177,2309,23,0.9999983639056617,5.46038572233029e-06,0.017,0.0001636095632984254,58515102.74622128,58515099.551070966
Les Enfers,1685611,6745,2602,26,0.9999942592438218,6.740282550090911e-05,0.013,0.0005740770721278062,7116070.122927459,7116065.3264951315
Zug,1683151,1711,,9,0.9993767021020249,0.015863464654008057,9.571,0.062344275493221364,33838640.239027016,33833272.2582933
Lavey-Morcles,1685019,5406,2221,22,0.9989195375607394,0.018967579859983624,21.748,0.10809439301312707,14199642.668914927,14196949.340351868
Liddes,1685331,6033,2303,23,0.9999983043214413,3.385092038319816e-07,0.014,0.00016956799961612465,58649168.885708466,58649169.0842413
Feusisberg,1683071,1321,503,5,0.9989460971233202,0.004366474616916944,3.723,0.10544355037842791,17502233.403877955,17501469.17329898
Muotathal,1683092,1367,506,5,0.9999988559513614,1.616395791575892e-06,0.016,0.00011440493048801608,172140592.69569728,172140595.47817057
Reutigen,1682619,767,247,2,0.9999973051775725,1.6833276298171577e-05,0.016,0.00026948258315005936,13747941.831969792,13747939.517740758
Hofstetten-Flüh,1683524,2476,1104,11,0.9997102443461878,0.0253631062199152,3.183,0.02897608882220531,7514199.989172995,7512294.154648164
Brenzikofen,1682390,606,246,2,0.9984011882141951,0.05215711028791558,2.971,0.16005081884946623,2194024.025617408,2195168.3651481927
Aegerten,1682359,731,242,2,0.9987639010115605,0.026332063605493713,3.092,0.12370262770907087,2156490.756817449,2157058.6053351806
Brittnau,1684280,4274,1910,19,0.9999970063001725,1.456801745838688e-05,0.015,0.00029937045258481796,13671052.764730452,13671054.756331805
Salenstein,1684553,4851,2013,20,0.9986508859261793,0.017019104276999555,3.874,0.13501396235720964,6551094.047854584,6552208.985381872
Remetschwil,1684401,4039,1902,19,0.9999925401832966,0.00010824369481123551,0.016,0.0007459848565668844,3880901.011478153,3880905.2123088
Mörigen,1682561,742,242,2,0.9994877504190841,0.03749015574945828,2.991,0.05124768605269663,2159160.697154583,2159970.1698628273
Vinelz,1682708,502,243,2,0.9990268117702608,0.032004733607178586,2.967,0.0973817816908058,4564446.806468003,4565907.645509055
Prévonloup,1685112,5683,2222,22,0.9973661380244871,0.07001908428735204,2.865,0.26364118449494756,1837547.3658214586,1836260.731982564
Misery-Courtion,1683363,2272,1005,10,0.9997518333586909,0.003586253706853394,5.677,0.024820188896715688,11351442.340866387,11351849.432388118
Bever,1684045,3781,1846,18,0.9997413582543189,0.003884719406432127,4.127,0.025867017337948755,45749870.018380836,45748092.764301814
Zihlschlacht-Sitterdorf,1684575,4511,2015,20,0.9999937583383961,2.5599439271729587e-05,0.018,0.0006241681880972194,12207379.746083736,12207382.871104501
Puplinge,1685526,6636,,25,0.9981292158902779,0.009046748644177113,3.504,0.18726203665035263,2672108.390158578,2672350.1290881354
Saint-Martin (VS),1685367,6087,2305,23,0.9999980193873839,5.93255985717089e-06,0.015,0.0001980614520490626,36954851.137278534,36954848.94490987
Schelten,1682650,708,241,2,0.9991593917348528,0.012314137865182791,7.269,0.084090994624217,5560859.17961999,5560174.407754123
Rickenbach (SO),1683568,2582,1108,11,0.9999925914027139,0.00014775914333007862,0.015,0.0007408630203243269,2758953.923995537,2758958.00060222
Rüti bei Lyssach,1682639,422,245,2,0.9976934364185751,0.03578472764040151,2.89,0.23096399458663164,1293657.9552024922,1294120.8871783598
Aclens,1684829,5621,2227,22,0.9999922991036739,8.545078864332175e-05,0.016,0.0007700922686602868,3898165.3498854856,3898162.0188724515
Rehetobel,1683923,3034,1503,15,0.9999943628858625,3.1944495537925795e-05,0.016,0.0005637130927585818,6723190.570392044,6723192.718081356
Linescio,1684696,5315,2108,21,0.9999949911009096,5.00957237274478e-05,0.014,0.0005008910380700506,6682991.323590512,6682987.975697642
Vilters-Wangs,1683955,3297,1725,17,0.9993598318312256,0.002756657224731973,15.942,0.064036431557955,32716865.105577335,32715963.213751696
Dalpe,1684674,5071,2103,21,0.9979261715709978,0.025959964308607614,31.942,0.20757115812862761,14553816.873469843,14550038.70780395
Obermumpf,1684389,4256,1909,19,0.9999952011704952,1.4059638501535385e-05,0.014,0.0004798840683548548,5019828.278190454,5019827.572420744
Petit-Val,4449432,716,241,2,0.9993893478683418,0.002186895917992557,3.29,0.06108453158175113,23901819.75838594,23902342.466306563
Mezzovico-Vira,1684715,5199,2105,21,0.9999892834544135,0.00021646704828449142,0.183,0.0010716614610645425,11130180.076393642,11130204.169565922
Beinwil (SO),1683479,2612,1110,11,0.9994955215427582,0.004456037231449409,3.444,0.05045944958934351,22661799.312241416,22660789.494026747
Martigny-Combe,1685333,6137,2307,23,0.9999982657707119,2.15267988631496e-05,0.008,0.00017342309778726114,37412256.4558844,37412264.509545594
Untervaz,1684198,3946,1845,18,0.9995211351726284,0.0021077695570284266,2.673,0.047897446270006874,27720015.48826896,27719431.214221295
Le Flon,1683350,2337,1007,10,0.9987194640483402,0.00026151037707586615,3.46,0.12813580385441636,9568840.104685463,9568865.128195303
Widnau,1683964,3238,1723,17,0.9986254519390346,0.03738944650444253,3.439,0.13752362571746332,4218097.272757156,4216520.149533853
Killwangen,1684340,4030,1902,19,0.9999925976767509,0.00010412192515789219,0.012,0.0007402354500910446,2433923.8068579594,2433926.341106284
Felben-Wellhausen,1684520,4561,2012,20,0.9991123890704355,0.017528855255001544,3.065,0.08879272024921817,7381024.219892125,7379730.410840283
Dietlikon,1682104,54,103,1,0.9999927209869875,6.724492664306103e-05,0.016,0.0007279041951017796,4247873.662681477,4247876.5191610055
Wangen an der Aare,1682716,992,244,2,0.9988105982092474,0.001511687840060675,3.337,0.11901185453382537,8133029.828899116,8133152.774922068
Oberhünigen,1682589,629,246,2,0.9979650158291278,0.070064627318968,7.475,0.20363432319580257,6015808.114893929,6011593.161358004
Zell (ZH),1682245,231,110,1,0.9999957687060801,1.3942487378819982e-05,0.016,0.0004231303164494656,12973742.165027574,12973743.973889938
Grindel,1683512,2617,1110,11,0.9992240426158091,0.05488850574388667,2.328,0.07760455176094615,3083686.646649063,3081994.0571268937
Rossa,1684140,3808,1847,18,0.9998615123178493,0.009641366032645472,3.871,0.013849059571824574,58886419.00951967,58880741.55431944
Thundorf,1684562,4611,2012,20,0.999996338947279,2.3023900544546794e-05,0.015,0.0003661059844054441,15615522.30381583,15615525.899118155
Bowil,1682388,605,246,2,0.9990369891638605,0.019502092715864852,7.263,0.09635687033245838,14684886.168327926,14687750.028443692
Oberems,1685349,6112,2306,23,0.9991542744522446,0.005426399604102075,19.613,0.08460603689674279,50261798.46789332,50259071.06186024
Meisterschwanden,1684359,4202,1907,19,0.999996509511223,6.099350516504043e-07,0.015,0.0003490494879723838,6868875.936677024,6868875.978572706
Stein (AG),1684432,4260,1909,19,0.9999935378000725,4.010374795372921e-05,0.015,0.0006462219512528559,2828246.661601114,2828245.5273682014
Bussigny,1684875,5624,2229,22,0.9986140712266172,0.011130449786006243,8.384,0.13868126551124044,4810242.603629927,4809707.201992345
Lumino,1684702,5010,2101,21,0.999996099724194,0.00010063845044352309,0.011,0.00039002814486640164,10095343.98568691,10095333.825889155
Unterramsern,1683584,2463,1103,11,0.9982959865997748,0.014711843674334316,3.071,0.17053410163028665,1576178.0161601459,1575946.1313143792
Horw,1682879,1058,312,3,0.9997961644703957,0.012157331497404701,3.529,0.02038686979266566,20432287.41384374,20434771.434757143
Basel,1683619,2701,,12,0.9994687160730729,0.0072335327392040825,6.311,0.05314443161378373,23855113.83513973,23856839.40260897
Croy,1684933,5752,2224,22,0.9999930215823974,8.591310716673488e-05,0.015,0.0006978438954550642,4477498.338104651,4477494.491346706
Anières,1685445,6602,,25,0.9993724009545015,0.033468503381442104,3.378,0.06279011045704332,8772040.708137907,8774976.578878932
Matzendorf,1683548,2427,1102,11,0.9991326348396105,0.00033400772463336047,3.361,0.08677400355924164,11271384.645006979,11271346.997711591
Zäziwil,1682741,628,246,2,0.9984807316139125,0.004293198763531645,4.244,0.15204559890527006,5405348.581922501,5405580.644280985
Chavannes-le-Chêne,1684891,5907,2224,22,0.9992258513874342,0.023504837855525658,3.243,0.07745393980555981,3997281.973668923,3998221.528315462
Chavannes-de-Bogis,1684889,5707,2228,22,0.9999915204087408,0.00023536687345678982,0.013,0.0008479617232295899,2856144.512707997,2856137.790289956
Sulgen,1684561,4506,2015,20,0.9999956228982768,5.994099168211797e-05,0.015,0.00043771126175482525,9121170.38867752,9121175.855997505
Wald (BE),1682710,888,246,2,0.9995339275161957,0.0027071643630267235,2.974,0.04661748107556373,13297368.988580415,13297009.006945936
Samedan,1684150,3786,1846,18,0.9999981005530483,5.363096510491859e-06,0.016,0.00018994487061905043,113786590.38527746,113786584.2827928
Cerentino,1684656,5309,2108,21,0.9999974772447185,3.480053239500605e-05,0.013,0.0002522758903698006,20097088.149101026,20097095.142994698
Saanen,1682641,843,248,2,0.9998151875596972,0.0011073438674125506,6.574,0.01848284963555062,120056571.8315814,120055242.3924958
Tuggen,1683116,1347,505,5,0.9990653255125722,0.015261984215269616,3.615,0.09350401415745575,15086677.375188721,15084374.848869111
St. Ursen,1683404,2304,1006,10,0.9997311793401082,0.00045381287410683254,2.976,0.02688561869763283,15717742.600766344,15717671.271626903
Pfäfers,1683919,3294,1725,17,0.9996945046698495,0.0018519305620175177,5.937,0.0305544830191697,128461417.76975405,128463796.78601013
Rothenbrunnen,1684141,3637,1851,18,0.9979362337283884,0.06552693597312303,5.397,0.2065221177115572,3112167.104286912,3110127.796541109
Greifensee,1682130,194,109,1,0.9978899876750171,0.044758972750372626,3.805,0.21117680433602576,2310171.3205400435,2309137.311588196
Cormoret,1682413,432,241,2,0.9989833453783643,0.01594708988589666,3.702,0.10170905731390724,13479782.10528979,13477632.472321037
Twann-Tüscherz,1682694,756,242,2,0.9999951998228178,9.994969290050736e-06,0.016,0.00048001884637757883,12412408.152828984,12412406.912212601
Schlatt (TG),1684555,4546,2012,20,0.999997149535034,1.7674112099192908e-05,0.015,0.00028504687762204747,15542819.187318757,15542816.44026347
Basse-Vendline,16915085,6812,2603,26,0.9999970726684009,5.687560937523978e-07,0.014,0.0002927335874599826,18670261.296432387,18670261.19024414
Alberswil,1682813,1121,315,3,0.9981548702984686,0.019282479448378104,3.223,0.18470115828732905,3534940.9619924105,3535622.586256919
Kirchleerau,1684341,4275,1910,19,0.9999929522590263,5.2439492133177775e-06,0.015,0.0007047765992150668,4357381.720944491,4357381.949443376
Saint-Maurice,2757524,6217,2310,23,0.9989223800937184,0.0033463314641918314,21.748,0.10781828115454065,14920702.755540485,14920203.459369497
Bremblens,1684866,5622,2227,22,0.9978686915657193,0.0022984427347770733,3.343,0.21336066146193394,2905811.7715238878,2905878.5599434366
Gersau,1683075,1311,502,5,0.9998385399419628,0.004325982581837415,2.465,0.016146960111546805,23568235.88410932,23567216.326330125
S-chanf,1684145,3788,1846,18,0.9995747059302537,0.010911038481160559,17.159,0.042540773343900655,138027462.7439425,138042522.97351706
Reisiswil,1682617,336,244,2,0.9982961397508971,0.07802710645782092,3.349,0.1704647753451385,2008676.5532780413,2007109.2410854218
Dozwil,1684514,4406,2011,20,0.9968981212550352,0.10351480825626774,3.708,0.31083049894735726,1304453.9690855045,1305804.2721103947
Hundwil,1683895,3002,1501,15,0.9999960776159796,2.87933178583315e-05,0.015,0.0003922392279538195,24081473.75763108,24081480.691486362
Iseltwald,1682495,582,250,2,0.9999972054433252,4.5029830447976565e-05,0.015,0.00027945599510023877,21912490.596208476,21912480.729051113
Nenzlingen,1683679,2789,1302,13,0.9999951738973522,7.785948745477053e-05,0.014,0.0004826116172957113,3661002.9300610106,3661005.7804991277
Russikon,1682198,178,108,1,0.9999962243798595,3.826299588505884e-05,0.015,0.00037756265477399,14214593.14685556,14214587.707926368
Sigriswil,1682665,938,247,2,0.9998237015532976,0.0003660572411048242,3.009,0.017631431134590154,55413493.49812272,55413696.34322822
Montfaucon,1685617,6751,2602,26,0.9985083473796769,0.020616567933724236,9.058,0.14929198430105747,18250089.150049586,18253851.69207717
Bergdietikon,1684267,4023,1902,19,0.9999945358713795,4.033103681126035e-05,0.015,0.0005464144652236765,5935683.6764108455,5935686.070333614
Zeiningen,1684471,4263,1909,19,0.9999971432728141,1.0014547597116136e-05,0.014,0.0002856731410384609,11371427.733982908,11371428.87277995
Giswil,1683077,1403,,6,0.9997436278527306,0.0026775221443208932,10.303,0.02564015821703921,85958098.18243897,85955796.6353253
Rifferswil,1682196,12,101,1,0.9981153851645802,0.020391603030485858,3.734,0.18862000641422666,6509824.549511545,6508497.091931428
Kleinandelfingen,1682153,33,102,1,0.9987569152873419,0.03693934702480233,5.095,0.12436280865035046,10293585.012150843,10289782.629061911
Chalais,1685285,6232,2311,23,0.9999981061715405,1.1862832540488434e-05,0.015,0.00018938301399886088,24343415.252849594,24343412.365031008
Riddes,1685357,6139,2307,23,0.9991793045438075,0.006097681987189966,18.034,0.08210573969296193,23900422.20235817,23901879.574097667
Mosnang,1683907,3394,1727,17,0.9994592752404714,0.010697601423124214,7.672,0.054084206058590004,50510911.28454799,50505507.82858358
Schlatt-Haslen,1683932,3104,,16,0.9999962492190837,2.6678666674055456e-05,0.016,0.0003750787448075288,17930827.945199512,17930823.161493693
Bourg-en-Lavaux,373404,5613,2226,22,0.9998544925117518,0.011617983921466127,3.737,0.014550962210005765,27432450.07504783,27429262.977408845
Belmont-Broye,5817631,2053,1001,10,0.9999972836270645,1.947515769060925e-05,0.014,0.0002716376357718033,25800786.187306635,25800781.16256284
Anwil,1683613,2841,1304,13,0.9992636670790673,0.00297861559898178,3.359,0.07366150841648761,3953062.464037431,3953180.2105726223
Sisseln,1684428,4177,1906,19,0.9999920214511601,4.2797308295570405e-05,0.014,0.0007978582376325913,2521685.2803009986,2521686.3595144222
Ipsach,1682494,739,242,2,0.9984531465892008,0.05411042894180393,3.265,0.1548469543005892,1896640.1593889548,1897666.4395146826
Freienstein-Teufen,1682125,57,103,1,0.9984933686324098,0.023038679934691022,5.401,0.15075935074341165,8404056.233126622,8402120.04950954
Mauraz,1685046,5488,2227,22,0.9999770631348834,0.00011352872878195318,0.014,0.0022937141189237594,497532.23366598523,497532.7985080054
Chancy,1685462,6611,,25,0.9999934485671816,8.79409430510223e-05,0.015,0.0006551457158964825,5380939.507949028,5380944.239997976
Veysonnaz,1685396,6267,2312,23,0.9982423141379092,0.08338386856081875,3.295,0.17584984928261815,1143915.8031193763,1142961.9618696568
Hauterive (FR),1683336,2233,1004,10,0.9993697784669341,0.0028954610182586812,8.535,0.06304293120391087,11966480.695918469,11966827.180702277
Châtel-Saint-Denis,1683290,2325,1007,10,0.9996401421482358,0.001985327629162034,13.798,0.03599190394337089,47930501.4993815,47929549.921892434
Le Lieu,1685022,5873,2224,22,0.9999917060867165,0.0006531138751258104,0.659,0.0008293920593603112,35893320.839982405,35893086.415723756
Sembrancher,1685374,6035,2303,23,0.9999971459758039,3.2553708847845664e-06,0.016,0.0002854028222135906,17681567.770776555,17681567.195175946
Ermensee,1682831,1025,313,3,0.9999952032816483,7.99252556309421e-05,0.014,0.0004796731773775137,5691302.652339947,5691307.201128141
Dotzigen,1682423,386,243,2,0.999501352810563,0.011565887476470393,3.439,0.049880038862947146,4231506.274714691,4231995.685968984
Hindelbank,1682481,409,245,2,0.9993226103054158,0.017746916381640436,3.085,0.06775590724578512,9694242.363434985,9692521.934348913
Champtauroz,1684884,5812,2222,22,0.9987872391536419,0.032412023276302965,3.3,0.12133000275793811,3053929.6491260855,3052939.808737369
Höchstetten,1682487,410,245,2,0.998612613423722,0.008345836263683534,2.857,0.13882917304261744,2636748.5794405597,2636528.5207214346
Locarno,1684697,5113,2104,21,0.9999963321206967,2.7074771777564734e-05,0.016,0.0003667886526989568,24610809.511516266,24610816.174836773
Gossau (ZH),1682129,115,105,1,0.9995675975750038,0.010043965608873509,4.923,0.04325176510113616,18262040.953661893,18263875.186774757
Recherswil,1683567,2530,1106,11,0.9985418485575787,0.0024630696148030093,3.164,0.14591973501388344,3361892.4210143792,3361809.615263675
Prévondavaux,1683384,2038,1001,10,0.9989183465454167,0.031304097890921846,2.836,0.10824081507699806,1820387.693351457,1820957.549296978
Le Locle,1685506,6436,,24,0.999997943537859,2.7276510311948732e-05,0.015,0.00020564645370560355,34660146.151096284,34660155.60517462
Biasca,1684627,5281,2107,21,0.9999984340372934,2.7303002801742602e-05,0.017,0.00015659637200973706,59085047.64317866,59085031.51118644
Eisten,1685297,6282,2313,23,0.9999976342445103,2.192611653033857e-05,0.015,0.00023657585475063788,38088892.47280171,38088900.82421666
Oberembrach,1682175,65,103,1,0.9984940093439441,0.0005449124307002476,3.997,0.15071296207816717,10256479.600491535,10256535.48932383
Kienberg,1683534,2492,1105,11,0.9995826735731904,0.036301450188059414,3.359,0.041748928923874086,8529646.540455539,8532742.92584564
Homberg,1682483,931,247,2,0.9989834076577232,0.018080926081315857,5.56,0.10170173836648369,6513779.775210982,6512602.023504727
Ennetbürgen,1683068,1505,,7,0.9999157774638567,8.331806481268493e-05,1.89,0.008422611809824196,17697380.711241454,17697395.456356585
Sachseln,1683099,1406,,6,0.9995580132584182,0.00017536431725679328,10.218,0.044208482694097,57472699.72060658,57472800.507214054
Wimmis,1682727,769,249,2,0.9999980089043745,7.709677928452147e-06,0.015,0.0001991097685937749,22353076.97381691,22353078.69716715
Gsteig,1682460,841,248,2,0.9999987748019631,4.9893546126346065e-06,0.014,0.00012251987581055214,62398797.248534724,62398794.135237455
Koppigen,1682514,413,245,2,0.9988215916155648,0.010973103601348089,3.243,0.11791678090376673,6929310.535697047,6930070.896120988
Urmein,1684199,3670,1851,18,0.9978018277519876,0.012703359279413795,3.659,0.22007306614047922,4325257.622990475,4325807.076006084
Grandfontaine,1685602,6792,2603,26,0.9999955082173317,7.943652699134405e-05,0.015,0.0004491790972462407,8970719.684327425,8970712.558299262
Collina d'Oro,1684664,5236,2105,21,0.9999948183454773,5.430196038856746e-05,0.015,0.0005181669353543372,7446457.940087776,7446461.983660417
Andwil (SG),1683859,3441,1721,17,0.9999947556824337,4.753613232835627e-06,0.016,0.0005244331442875768,6306279.2270504935,6306279.526826617
Kerzers,1683341,2265,1005,10,0.9994472046095839,0.0008244700487141734,3.131,0.055295050347726235,12280081.205942482,12280182.451533983
Malters,1682893,1062,312,3,0.9996753164479507,0.010432710672152267,3.489,0.03247532097112877,28571839.29073322,28574820.108060133
Montreux,1685062,5886,2230,22,0.9999982239407357,4.987635445684633e-05,0.015,0.00017760603937262646,44488633.38363426,44488611.19432578
Flüelen,1683072,1207,,4,0.9990246882374836,0.0016507845546364526,3.565,0.09757795570076169,15749300.83268777,15749040.84566216
Rothenfluh,1683698,2858,1304,13,0.9999972193095424,3.036360509409782e-05,0.013,0.0002780694746080309,10946288.713760432,10946292.03744831
Rances,1685115,5760,2224,22,0.9996155482613592,0.013545475994751694,5.73,0.03845516973328214,9829666.731807832,9830998.206955353
Olsberg,1684396,4257,1909,19,0.9999907302354213,7.448202409047867e-05,0.015,0.0009269810994415657,4612218.418185624,4612221.853459258
Murten,5817743,2275,1005,10,0.9999958939295807,3.8806430924533837e-05,0.018,0.0004106078052417442,39559594.378626145,39559579.02695948
Glattfelden,1682128,58,103,1,0.9999952993223212,8.351663351505141e-06,0.015,0.0004700688530225379,12293033.582690278,12293032.556017498
Trimbach,1683582,2500,1105,11,0.9989384525814661,0.004114917173638954,3.203,0.10621330117107376,7595777.690362012,7596090.250322664
Bioggio,1684628,5151,2105,21,0.999991500697365,1.279876382962638e-05,0.015,0.0008499338212897249,6405048.858113373,6405048.038346296
Mönthal,1684374,4106,1904,19,0.9999926665210805,4.4610735308765666e-05,0.014,0.0007333504174920469,3942987.095089423,3942985.3360938868
Utzenstorf,1682704,552,245,2,0.9991403196008168,0.025071657658783882,9.36,0.08599422688765408,16935354.43133348,16931108.457247153
Alle,1685569,6771,2603,26,0.9999972185896867,5.098853229691504e-05,0.016,0.00027814148902757444,10600251.913319567,10600257.318232438
Choulex,1685463,6614,,25,0.9979965108524285,0.016859724472423555,3.198,0.2005329083724647,3908961.1668084706,3908302.1267260127
Niederrohrdorf,1684381,4035,1902,19,0.9999911774836724,1.1227620362120461e-05,0.015,0.000882255475008324,3330922.089675942,3330921.715692655
Oberlunkhofen,1684388,4073,1903,19,0.9999912646365022,0.00022357220612354684,0.015,0.0008735391886789187,3248257.9274468133,3248250.6652449043
Bäriswil,1682400,403,246,2,0.9985968565831822,0.07242446266321897,8.001,0.14046369799239347,2733463.596894959,2735443.293217105
Laufenburg,1684347,4170,1906,19,0.9999961280876494,6.547902582725405e-05,0.015,0.00038719185815755364,14470422.09380315,14470412.61871173
Gais,1683881,3022,1502,15,0.9999975884199251,4.841480139532382e-05,0.015,0.00024115835662946448,21210498.84895641,21210509.117977303
Naters,1685345,6007,2301,23,0.9999204601562969,0.003278573817484396,3.382,0.007954170318459474,147218933.84076974,147214107.15935045
Langnau am Albis,1682158,136,106,1,0.9984177846745635,0.009659133672245503,3.691,0.1583391544473781,8665760.612378048,8664923.574976781
Trubschachen,1682692,909,245,2,0.9992939867758739,0.0040637748836237254,4.734,0.0706248189011077,15652059.921589049,15651423.857109185
Illnau-Effretikon,5817371,296,108,1,0.9993806097809093,0.010069024215309301,6.149,0.06196132935718101,32906309.816597763,32909623.16090156
Sumvitg,1684179,3985,1850,18,0.999998624941184,1.7301171037536794e-05,0.016,0.0001375059641699369,101881045.37388657,101881027.74727266
Elsau,1682117,219,110,1,0.9995045463530803,0.03859790926472553,4.636,0.04954807734242445,8067375.337333914,8064261.499121165
Cortébert,1682414,433,241,2,0.9999971838468724,3.561319400698176e-06,0.011,0.00028161571445534404,14753247.27057251,14753247.795982767
Langenthal,1682524,329,244,2,0.9999969152606106,2.9442392192375063e-05,0.016,0.000308474459782472,21130342.561158158,21130348.782436486
Wetzikon (ZH),1682237,121,105,1,0.9999962089827572,3.208125660630858e-05,0.015,0.0003791023819041646,16808398.593980823,16808393.20163534
Walzenhausen,1683960,3037,1503,15,0.9999945505913417,7.699391858993163e-05,0.016,0.0005449421407379866,7002134.911317528,7002129.520099475
Poliez-Pittet,1685102,5533,2223,22,0.9989120820238601,0.02542118558261348,3.472,0.10886484370653082,5009704.06991354,5010977.5960822925
Wasterkingen,1682232,70,103,1,0.9983106767361506,0.015588956772565396,3.345,0.1690883161917052,3958418.4928353666,3959035.568983092
Pompaples,1685104,5497,2227,22,0.9999915791653784,0.00015238066447788556,0.014,0.0008420863661366883,4441484.311173372,4441477.543210066
Biglen,1682382,603,246,2,0.9992932992151499,0.0017624679447407914,3.406,0.07069568160051101,3589378.073951098,3589441.335589067
Erlenbach (ZH),1682119,151,107,1,0.9976461410028937,0.008961236154076135,3.643,0.23565269958107585,2887728.3472141037,2887469.5710574216
Hagneck,1682468,736,243,2,0.9958236392693641,0.0046987404521853775,6.613,0.4185198297722422,1839276.1952509785,1839362.6180655921
Plan-les-Ouates,1685523,6633,,25,0.9999948220682396,4.561476468329657e-05,0.015,0.0005177943984264882,5853737.590432587,5853734.92026396
Rünenberg,1683702,2860,1304,13,0.9986771102251558,0.015353443901072891,3.424,0.132366375089315,4972919.656208802,4972156.141779141
Täsch,1685386,6295,2313,23,0.9999981646332939,3.8798973135952285e-06,0.016,0.00018353684261351356,58865573.68948015,58865575.97340396
Ennetmoos,1683069,1506,,7,0.9995919639113515,0.015619125041121102,3.436,0.04080874800252519,14945347.879471142,14943013.546898017
Jussy,1685493,6626,,25,0.9999965341396718,1.6412421858530867e-05,0.015,0.0003465866048486289,11350180.362055449,11350178.499215966
Sumiswald,1682677,957,245,2,0.9996903839351499,0.006130389710760686,13.51,0.030965451152149853,59342499.930292614,59338862.00378278
Unterentfelden,1684446,4013,1901,19,0.9999919214195396,0.00011059766163884754,0.014,0.0008078617559673277,2875296.792949893,2875299.972960911
Maracon,1685040,5790,2226,22,0.9976942591784389,0.004038644687044488,3.518,0.2308448724130443,4382850.163024959,4383027.170770209
Nürensdorf,1682174,64,103,1,0.9989004616399639,0.026165781529917637,4.056,0.10999992543189915,10140641.83918244,10137988.460993068
Vuarrens,1685196,5539,2223,22,0.9997826433719498,0.008556190684040331,2.942,0.02173895523048018,8968813.25933211,8969580.648096673
Satigny,1685531,6638,,25,0.9999973061245773,1.0359236879816965e-05,0.015,0.0002693878910167459,18921077.0624821,18921075.102402907
Walenstadt,1683959,3298,1725,17,0.9994612270935749,0.001660169280546232,24.688,0.05389225571326305,48841168.02395484,48841978.87002263
Perrefitte,1682604,701,241,2,0.9989189229152811,0.0011357787780029418,3.293,0.108166790723428,8569419.542994095,8569516.872642662
Poschiavo,1684132,3561,1842,18,0.999999008364997,4.389776266908081e-06,0.017,9.916355173078312e-05,191010956.0994899,191010964.48444352
Bättwil,1683490,2471,1104,11,0.9973292182144416,0.06941493414036229,9.054,0.2675281292540708,1668949.9220844144,1670108.422573665
Ferpicloz,1683316,2194,1004,10,0.9999896238879846,4.779699288128433e-05,0.01,0.001037616832718628,1018301.2496604989,1018301.7363778747
Schwarzenberg,1682919,1066,312,3,0.999997999677431,1.9744095894779618e-05,0.015,0.00020003247678050898,39300765.01220579,39300772.77178652
Surpierre,1683406,2044,1001,10,0.9997991504235755,0.007223910553692713,3.073,0.020087700405156828,14792799.132157922,14793867.750735616
Appenzell,1683860,3101,,16,0.9994569253908833,0.03157078431966513,4.372,0.054313636444282234,16883749.582592323,16878419.25042653
Konolfingen,1682513,612,246,2,0.9999961269502697,2.4245635615194747e-05,0.015,0.00038730567617322104,12766961.784998463,12766958.68956743
Roggliswil,1682910,1142,315,3,0.9999950260617791,1.2291867617185066e-05,0.016,0.0004973950896899478,6205557.66557051,6205558.428349443
Hilterfingen,1682480,929,247,2,0.9985667132150238,0.02669951839619745,8.036,0.14345061546693325,2806366.5702180755,2807115.8565767556
Agno,1684611,5141,2105,21,0.9999913952582443,0.0001604607473049812,0.018,0.0008604771872852343,3035208.9617454535,3035204.0914264712
Berg (SG),1683865,3211,1722,17,0.997980682484062,0.0070688674065169715,4.686,0.20214298417197052,3755479.720181402,3755745.1900633
Hüttlingen,1684532,4590,2012,20,0.9990395712604254,0.011448870584785591,3.658,0.09609451783790021,11603516.12461943,11604844.596163822
Riniken,1684405,4111,1904,19,0.9999943677058386,4.364393884096649e-05,0.015,0.0005632308794110781,4757114.564930253,4757112.488738081
Bursins,1684873,5853,2228,22,0.9988355447420283,0.0013411833223578608,4.514,0.11651414442535024,3369766.707813404,3369811.9025624916
Uttigen,3411264,885,247,2,0.9990323868952065,0.01633869315006485,2.871,0.09680023830198459,3807341.262767607,3806719.1929615075
Zuzwil (SG),1683969,3426,1728,17,0.9988816425904571,0.017525919458310325,3.812,0.1119081177114101,8967263.5253466,8968835.120729666
Courtepin,6838602,2254,1005,10,0.9999958540859938,4.68692541901718e-06,0.015,0.00041459225058385876,21921684.547080416,21921683.51962741
Othmarsingen,1684397,4205,1907,19,0.9999919052520595,3.506844327363689e-05,0.106,0.0008094782123711189,4722388.736290526,4722390.392358741
Gebenstorf,1684315,4029,1902,19,0.9999940309139713,6.556967803142714e-05,0.013,0.0005969101886727881,5644783.314646091,5644779.613379846
Genthod,1685487,6622,,25,0.9994848963193376,0.003279966150342552,3.559,0.05152279309509757,5300332.030511541,5300158.181415085
Steffisburg,1682674,939,247,2,0.9988861482181564,0.016732510478177733,8.457,0.11143792208008878,14811794.891882438,14809316.506750148
Port,1682609,745,242,2,0.9985142115755296,0.009932931841027214,6.913,0.14869668747304526,2456742.631364383,2456986.6579354657
Ramlinsburg,1683691,2832,1303,13,0.9982020365442142,0.016716336133508033,3.156,0.1799430834419266,2248247.8917166777,2247872.067041984
Servion,1685152,5799,2226,22,0.9999944060667476,6.80592154902531e-05,0.016,0.0005593946996291241,6320806.595939106,6320802.294047724
Diemtigen,1682420,762,249,2,0.9999989394792858,3.734468154631703e-06,0.015,0.0001060521256868338,129942252.60926734,129942247.7566153
Castel San Pietro,1684652,5249,2106,21,0.9999935546317515,8.36332007902893e-06,0.015,0.0006445389291478612,11837284.599020865,11837285.589010864
Borex,1684860,5706,2228,22,0.9972014213702934,0.02700452472126506,3.865,0.2802121737284281,1985321.9120775831,1984785.7853310395
Beringen,2754655,2932,1403,14,0.999996541055918,6.309733615489913e-05,0.015,0.000345895115778353,18678756.60652139,18678768.392319236
Adelboden,1682357,561,249,2,0.9999989200416939,4.47254879241099e-06,0.015,0.00010799588648184611,87618955.09258817,87618951.17378765
Richterswil,1682194,138,106,1,0.9987691512517256,0.025611456021791393,3.735,0.12317644252702352,7534474.468128658,7536404.156743536
Fulenbach,1683506,2575,1108,11,0.9993678701694448,0.02242570244653273,2.885,0.06324005899710265,4484494.795291674,4485500.474750697
Bas-Intyamon,1683272,2162,1003,10,0.9999975649192062,1.7318870717355726e-05,0.015,0.0002435083969935755,33342183.594021056,33342189.368510727
Bex,1684852,5402,2221,22,0.9995574400466861,0.010240708314432294,14.154,0.04426805702961646,96561582.61750466,96571471.20752431
Villaz,10523801,2117,1002,10,0.99999633003534,3.639045659083405e-05,0.016,0.00036699720611898276,15431135.853990521,15431141.469451316
Wigoltingen,1684570,4951,2015,20,0.998924442507565,0.0162087901206807,3.86,0.10762234299527486,17132621.121728912,17135398.112328704
Eysins,1684969,5716,2228,22,0.9999887802867505,0.0005219462763839209,0.015,0.0011219746913421439,2383255.663731976,2383243.2244177824
Roveredo (GR),1684142,3834,1847,18,0.9987569059682712,0.009305205735521302,22.929,0.12439250258448019,38796547.7641773,38800157.86276504
Zullwil,1683593,2622,1110,11,0.9999944553149568,0.00010335728077042496,0.011,0.0005544697549800428,3657395.279194477,3657391.4990101694
Bremgarten (AG),3411166,4063,1903,19,0.9999953364156985,5.926853172637364e-07,0.015,0.0004663595161395262,11361103.858002886,11361103.790667292
Menzingen,1683144,1704,,9,0.9989162104902749,0.014161624225000346,9.22,0.10843003452972377,27513450.433759157,27509554.082297396
Rothenburg,1682913,1040,313,3,0.9989956296361977,0.0008503148580015072,3.672,0.10048792694366321,15495054.636955438,15495186.393707272
Niedergesteln,1685347,6198,2309,23,0.9999969728593793,3.996383771340523e-05,0.115,0.00030271445981252013,17621707.30532339,17621700.26301288
Uitikon,1682221,248,111,1,0.9990634984699421,0.016020885018291256,3.283,0.09368651999896711,4378240.922075407,4377539.489131457
Ormalingen,1683688,2856,1304,13,0.9993715231910618,0.0031009953429435508,3.116,0.06286841101479276,6930788.644710596,6931003.568143697
Hägglingen,1684333,4068,1903,19,0.9999958042497215,1.3724865817956465e-05,0.015,0.00041957593658562654,7748393.247868487,7748394.311325063
Seelisberg,1683106,1215,,4,0.9996263583776301,0.029859579532405228,3.304,0.037365564511275005,18892340.674051102,18886699.500562
Walterswil (SO),1683585,2585,1108,11,0.9991005442122952,0.038143320802079994,4.683,0.08996888617281316,4477707.309708455,4475999.363444734
Villars-sous-Yens,1685191,5652,2227,22,0.9977336275249657,0.013518057882119423,8.143,0.22690969692635898,3042767.1850604694,3043178.508089764
Hergiswil bei Willisau,1682856,1132,315,3,0.9992684319200256,0.0020515775654213033,4.153,0.07318282667301007,31341583.35094263,31340940.354049955
Delley-Portalban,1683307,2051,1001,10,0.9999970121743916,7.888328459269029e-05,0.015,0.00029878288923329533,16610889.04008167,16610875.936866796
Monthey,1685341,6153,2308,23,0.998309378051839,0.04716434464832858,18.967,0.16916532358239209,28696570.42620838,28683035.876830313
Jenaz,1684092,3863,1849,18,0.9993953668100841,0.006768304496586174,3.638,0.060483650373479705,25910874.90190293,25912628.62881402
Corgémont,1682412,431,241,2,0.9999975461279549,6.650643984580515e-06,0.015,0.00024538751359233214,17668629.6416669,17668630.816744555
La Sagne,1685498,6423,,24,0.9999345472290212,0.005888893264411406,3.675,0.006545684036668351,25550306.108639877,25551810.738895345
Meinisberg,1682551,390,242,2,0.9991607150410179,0.045574430885154685,9.098,0.08394459765020076,4395595.12585753,4393591.858394905
Schwellbrunn,1683934,3004,1501,15,0.9999963887447703,3.8297034372919756e-05,0.015,0.00036112624426488655,17417610.0808384,17417616.75126652
Obersiggenthal,1684392,4038,1902,19,0.9999953770491941,4.603526828104243e-05,0.015,0.00046229604275214,8360845.449948995,8360841.601011362
Finsterhennen,1682441,493,243,2,0.9983166152115688,0.007018340779377393,3.107,0.1684861996798878,3568893.3222028585,3569143.799298263
Blonay - Saint-Légier,13623865,5892,2230,22,0.9997495968323907,0.009633513743868885,3.414,0.02504224595857428,31244400.800292585,31241390.8666473
Sorvilier,1682670,711,241,2,0.9989752738652701,0.04874703013749047,6.636,0.1025501325514066,6901790.277430862,6905154.695217428
Moutier,1682559,6831,2604,26,0.9993810021496722,0.004495456463704169,4.674,0.06191755711109261,19613200.030161798,19612318.327293303
Movelier,1685619,6718,2601,26,0.9991512117469726,0.03838543751729101,6.662,0.08489856520083072,8082233.0309760505,8079130.630465943
Domleschg,4450590,3673,1851,18,0.9995065079703023,0.005151977956115339,5.397,0.04936011115052989,45944632.64646434,45942265.58911838
Gondiswil,1682453,326,244,2,0.9989831455063002,0.00850093595881074,6.053,0.1017414996278121,9405227.420130985,9406026.95249075
Goms,1685348,6077,2304,23,0.9999989031437077,5.910067279001133e-06,0.03,0.00010968568585733274,129572552.92079258,129572545.26296753
Dürrenäsch,1684296,4134,1905,19,0.999994994833847,4.20863082715208e-06,0.015,0.0005005178574238545,5907448.2354095485,5907447.986786861
Glarus,1683142,1632,,8,0.999648943045956,0.0029746231464405914,15.729,0.03511133631297354,103675089.47161472,103672005.5284062
Etziken,1683502,2518,1106,11,0.9976637150413503,0.060819728561135836,4.575,0.23383059720985916,3368396.142322591,3366347.4929319667
Henniez,1685001,5819,2222,22,0.9995543959275515,0.012191394031863489,3.043,0.04457305447957605,2613601.8194564707,2613920.4539527046
Centovalli,1684655,5397,2104,21,0.9999983128435945,3.617867816320928e-06,0.017,0.00016871578596359773,53392464.258365944,53392466.190034725
Zuzgen,1684475,4264,1909,19,0.9999961735883076,5.7106477215521445e-05,0.015,0.00038264201055565405,8394615.738484962,8394620.532354286
Muntogna da Schons,12120535,3715,1851,18,0.999480529186719,0.0005703306126115746,19.021,0.05196072550347093,53588767.570428506,53589073.20357488
Ferreyres,1684972,5483,2227,22,0.9990979293353558,0.026081475589618285,3.252,0.09023600242259187,3155589.6696345615,3154766.6452851673
Zumikon,1682247,160,107,1,0.9981975610158819,0.0013007527643872207,3.822,0.1804053109307175,5480729.761970504,5480658.471226617
Gurzelen,1682464,867,247,2,0.9986934260042734,0.00600264640451218,4.462,0.13074673616626867,4524312.756835083,4524584.33533211
Rochefort,5818680,6413,,24,0.9999973770112053,3.1381567482379674e-05,0.022,0.00026229926456108063,25853492.12510092,25853500.238332
Avry,1683270,2174,1004,10,0.9999947920154658,4.805729670821469e-07,0.016,0.0005207998085656164,5833051.201783945,5833051.173751878
Dulliken,1683496,2573,1108,11,0.9989001958819534,0.017232712548090688,3.392,0.11005040505306944,6041879.5060938345,6042920.685821622
Oberkulm,1684387,4140,1905,19,0.9999961477936334,2.5911120101630535e-05,0.014,0.00038522142866238775,9413267.930537641,9413270.3696208
Sutz-Lattrigen,1682678,750,242,2,0.9999925045497436,1.5584858147696717e-05,0.014,0.0007495477761807882,3574798.7553400923,3574798.1982127773
Troinex,1685535,6641,,25,0.9989941611982236,0.011275907371442098,4.318,0.10062881748994948,3429894.9602924916,3429508.2085138313
Niedergösgen,1683557,2495,1105,11,0.9984606816782629,0.016874712251438946,3.524,0.1540374006934093,4325102.387594112,4324372.539011626
Bösingen,1683282,2295,1006,10,0.9999967166193013,5.928835864952548e-05,0.014,0.0003283387062207704,14325593.353528468,14325601.846937634
Visperterminen,1685399,6298,2313,23,0.9999982606131211,2.0549441297437628e-05,0.015,0.00017393882112401476,51649015.25921886,51649004.645634785
Oberwil bei Büren,1682595,391,243,2,0.9991774619417861,0.014947890523487073,3.137,0.08229379831627001,6739027.563961552,6740034.906424161
Kleinbösingen,1683342,2266,1005,10,0.9999945934282322,2.2011010453184603e-05,0.011,0.0005406586978310404,3015563.9183251685,3015564.582081258
Flims,1684080,3732,1844,18,0.9997106360119798,0.004953645941225876,3.615,0.02893986917667635,50505885.349293575,50503383.46655389
Saas-Almagell,1685360,6288,2313,23,0.9999989838126159,1.5500361685924822e-05,0.016,0.00010161878265893941,110376541.9452226,110376524.83645938
Kriens,1682888,1059,312,3,0.9998137836932434,0.00548057507517331,3.529,0.018622854329094128,27301129.18028919,27299632.921408094
Clos du Doubs,1685583,6808,2603,26,0.9999981163901553,2.8701966540912322e-06,0.016,0.00018836116447424313,61751208.47220276,61751210.24458388
Les Montets,1683354,2050,1001,10,0.9997065860711853,0.00345622844965565,9.033,0.029345190972700323,10285284.859419309,10284929.37647787
Mont-la-Ville,1685054,5491,2227,22,0.9994511938825499,0.018213611544355492,3.745,0.05489067604356996,19791177.12194749,19787572.433826443
Vernier,1685540,6643,,25,0.9991818524603922,0.0022505250526176747,3.476,0.08184915693468554,7686978.052241671,7687151.049608526
Mellingen,1684362,4033,1902,19,0.9999933590539284,7.081158818615145e-05,0.015,0.0006640970474223354,4866599.333741956,4866602.779858235
St. Gallen,1683941,3203,1721,17,0.9999967933209125,9.047842790247548e-06,0.247,0.0003206684371364923,39379013.616972566,39379017.17992381
Subingen,1683581,2532,1106,11,0.998507416183005,0.040931224355908125,4.575,0.149400424669075,6271343.877875935,6273910.815708719
Arisdorf,1683615,2821,1303,13,0.9994743928866208,0.03558744026586715,3.552,0.05258388307526539,9998091.84207712,10001649.907039145
Schattenhalb,1682649,786,250,2,0.9997559451184478,0.013099055152412015,3.113,0.024410065297213335,31536484.82958455,31540615.81112551
Rüti bei Büren,1682638,393,243,2,0.9993066684965096,0.013522969094327333,3.137,0.06935250453696482,6503124.087246513,6502244.671786029
Hubersdorf,1683527,2548,1107,11,0.9974471617952929,0.09257661911150374,3.361,0.25549176847946786,1354506.535022553,1353252.5786667848
Termen,1685382,6010,2301,23,0.9995584070920274,0.014078225456783834,15.415,0.044172152274271924,18622119.262534544,18624740.926469155
Vechigen,1682706,359,246,2,0.9999965661894991,1.4027736002367618e-05,0.015,0.00034338166347562944,24822257.16442789,24822260.646428596
Savigny,1685148,5611,2226,22,0.999376865305664,0.005263433390245033,5.353,0.06233453075196327,16010593.778198447,16011436.485137345
Herzogenbuchsee,1682479,979,244,2,0.9986719869321999,0.0036054481982348468,3.969,0.13289194193890388,9822048.555291466,9822402.684164133
Corcelles-près-Concise,1684920,5555,2224,22,0.9999959330712845,0.00013923090098070747,0.01,0.0004066939817725068,8475920.028385352,8475931.829485174
Saint-Sulpice (VD),1685143,5648,2229,22,0.9999369417495858,0.0008141245922043185,3.546,0.006306049534315628,24128549.22020739,24128745.656660333
Tecknau,1683711,2862,1304,13,0.9969833245509079,0.03655795704419808,3.351,0.30206802375919095,2344967.927619925,2344110.6552522453
Bougy-Villars,1684862,5426,2227,22,0.9965166098559963,0.03664539609550177,5.837,0.34888283681235416,1769298.992136988,1768650.6255132058
Frenkendorf,1683647,2824,1303,13,0.9985948372634238,0.01205494311135888,9.134,0.14062354271735936,4590664.517526515,4591217.919522536
Dietikon,1682103,243,111,1,0.9999935861711287,6.330287246372117e-05,0.015,0.000641385146929241,9335019.635201894,9335025.544537468
Zetzwil,1684472,4147,1905,19,0.9999948042024975,5.1445888624874374e-05,0.015,0.0005195809663750087,5802266.05761892,5802263.072591586
Schlossrued,1684418,4142,1905,19,0.9999942032601074,4.180075090565861e-05,0.016,0.0005796757908163847,7246167.792649985,7246170.8216025345
Stallikon,1682211,13,101,1,0.9991390476734625,0.031303834949483134,3.667,0.08614579191856661,12017466.547371246,12021228.475264344
Neuendorf,1683555,2404,1101,11,0.9989801441121504,0.0412923806924497,3.277,0.1020165537377549,7145615.520368762,7142664.925605273
Strengelbach,1684434,4285,1910,19,0.9999955889565738,4.567155095528984e-05,0.014,0.0004411054163776904,6027833.970627934,6027836.723633197
Dizy,1684944,5481,2227,22,0.9999924119191083,9.482807716731973e-05,0.017,0.0007588106081504598,3038363.9220549613,3038361.0408328767
Biezwil,1683484,2445,1103,11,0.998833286036779,0.009040262012222038,2.626,0.11673422034456413,4155366.0170074967,4154990.3610319924
Herdern,1684528,4811,2012,20,0.9986951913318644,0.000714578014513666,6.507,0.1305655821714192,13726980.258600108,13726882.168617124
Develier,1685597,6712,2601,26,0.9999971883802514,5.538637334200071e-05,0.015,0.0002811622923290486,12470067.62247846,12470060.715760252
Maisprach,1683675,2853,1304,13,0.999463340659603,0.005412015046137268,3.317,0.053678885473147774,5075224.671152996,5074949.999230168
Niederönz,1682580,982,244,2,0.997780329403081,0.0033350029360880037,3.969,0.2222173856944853,2792289.5750750024,2792382.698014315
Neunkirch,1683681,2904,1401,14,0.9999967687791897,1.4168561354251857e-06,0.015,0.0003231226054016031,17914914.32684831,17914914.580676872
Schlatt (ZH),1682202,226,110,1,0.9994242560478147,0.012109061144206167,4.845,0.057587487182818524,8965654.949984077,8964569.293344205
Fontenais,2758672,6790,2603,26,0.9988201939675257,0.06671935470947508,14.444,0.11808962262043234,19985526.921920825,19998861.13651842
Sarnen,1683100,1407,,6,0.9990658548854284,0.0018301071014859651,23.72,0.09345730800821378,76882208.41860892,76880801.39185287
Spiringen,1683111,1218,,4,0.9995071027921689,0.005484997376004476,9.807,0.04930051905731302,64681006.397771925,64677458.64626823
Ballwil,1682817,1023,313,3,0.9989995219992115,0.008085284835963512,6.504,0.10010191953772565,8767636.305085948,8768345.193454595
Zollikon,1682246,161,107,1,0.9988573090456188,0.023038629002834814,3.555,0.11432124935030542,7855349.299316517,7853539.534534571
Weisslingen,1682235,180,108,1,0.9993966853915438,0.014420936627393998,6.149,0.060354017256517976,12807870.605802948,12809717.62070633
Villarzel,1685192,5830,2222,22,0.999421333808727,0.003467719534662767,3.262,0.05788236308457243,7657685.287808447,7657419.740759819
Altishofen,1682825,1123,315,3,0.9998371302492439,0.0006489654240219112,6.505,0.01628824865880635,14325348.670999842,14325255.704440096
Massongex,1685335,6215,2310,23,0.9999934336798062,6.922319891065007e-05,0.015,0.0006566339479292289,6636500.462997132,6636495.868999216
Bellach,1683480,2542,1107,11,0.9984669293530948,0.024634366239764963,9.585,0.1534435677171595,5288888.805071371,5290191.689309626
Meilen,1682165,156,107,1,0.9993595430174133,0.013629613948616193,7.379,0.06407058007448489,11944428.447187852,11946056.426673573
Wynau,1682732,345,244,2,0.999994670868298,8.318080259223505e-05,0.015,0.0005329143686484461,5074481.713708173,5074477.492713556
Kreuzlingen,1684537,4671,2013,20,0.9990697578661409,0.027356889117979157,7.197,0.0930547708546248,11568367.360342383,11565202.614910854
Buttisholz,1682820,1083,314,3,0.9992184887899515,0.0014699914318058065,3.641,0.0781810962991974,16712290.739013668,16712045.069771746
Conthey,1685293,6023,2302,23,0.9998435658768062,0.004766590527224504,3.465,0.015644263139080076,84943791.83828795,84939742.91555272
Mergoscia,1684713,5117,2104,21,0.9999969546454401,8.427559947770792e-06,0.016,0.00030453593261956343,12158161.099202646,12158162.123838961
Wileroltigen,1682725,671,246,2,0.9986519809398305,0.01991034046769477,3.143,0.13487939625619108,4154217.9334915536,4153390.8145572254
Lenzburg,1684351,4201,1907,19,0.9999951157664213,4.7434173071844515e-05,0.015,0.0004884244349219458,11314763.454628875,11314758.087564396
Origlio,1684731,5208,2105,21,0.9999910961677733,0.0001618051156738822,0.015,0.0008903864663074777,2077170.6116051527,2077167.2506368419
Lucens,1868686,5675,2222,22,0.9991532868439186,0.00198303321670226,3.378,0.0847063370630518,19277192.810643896,19276810.537507214
Scharans,1684156,3638,1851,18,0.9989793596078825,0.005270170074027416,6.142,0.10211884199318706,14287214.96505201,14287967.92557951
Gimel,1684985,5428,2227,22,0.9993479226294759,0.007432783866204782,6.047,0.0652265800657616,18880220.988595758,18878817.662576213
Rüthi (SG),1683930,3256,1723,17,0.9989826352910164,0.03374984084117221,3.451,0.10180542547009869,9333372.321941147,9336522.320244916
Visp,1685398,6297,2313,23,0.9999956470485616,5.9020220873630164e-05,0.015,0.00043529596264247825,13197631.856884716,13197624.067613244
Cronay,1684932,5910,2224,22,0.9999959801296244,1.3693823033968802e-05,0.007,0.00040198781810197866,6579209.458172971,6579208.557227671
Epsach,1682428,735,243,2,0.9991584027680123,0.035352361871279644,2.638,0.08421003488985139,3413976.5934840105,3415183.51484354
Rivaz,1685120,5609,2226,22,0.999570949679426,0.02411165725194823,3.669,0.04290906457434708,2945789.1081827926,2945078.8296096623
Embd,1685298,6283,2313,23,0.9998972341061543,0.00476423105697065,3.511,0.010276872640208892,14044647.38676504,14043978.267312398
Liesberg,1683669,2788,1302,13,0.9999958409421615,6.5280855545953355e-06,0.016,0.00041590663508654955,12457849.627024893,12457848.81376581
Verzasca,1684758,5399,2104,21,0.9999991197981861,6.139849842727173e-06,0.015,8.802021758638431e-05,218387496.26139826,218387482.8527339
Corcelles-le-Jorat,1684919,5785,2222,22,0.9999955100228806,3.6953055877781557e-06,0.015,0.00044899872813342675,7940604.428333424,7940604.721763023
Begnins,1684845,5704,2228,22,0.9984310156335381,0.04494403022680795,3.796,0.15698633295667855,4786140.629525504,4783989.545034273
Granges-Paccot,1683328,2198,1004,10,0.9990093178791983,0.005131885790033074,3.149,0.0991147656595602,3991037.466901062,3990832.6514164233
Renens (VD),1685116,5591,2229,22,0.9986132062776173,0.02775500001098651,8.636,0.13879485738660455,2950798.227429441,2951617.2214777884
Lüterkofen-Ichertswil,1683546,2455,1103,11,0.9985684536142347,0.004326355617106543,3.407,0.14326027713189537,4429439.534894533,4429631.168200658
La Grande Béroche,7859091,6417,,24,0.9999978143823365,3.2664936128300035e-06,0.015,0.00021856200859228452,42249145.82190768,42249147.20197333
Kappel (SO),1683532,2580,1108,11,0.9999953391453289,2.776811216310541e-05,0.015,0.00046608648859383433,5099067.964937355,5099066.549022444
Valeyres-sous-Ursins,1685172,5934,2224,22,0.9999929030104906,2.572340270512484e-06,0.015,0.0007097014600198075,2873067.9476465415,2873067.8737414577
Le Mont-sur-Lausanne,1685023,5587,2225,22,0.9989949277706203,0.026781185481976784,8.77,0.10054429156296253,9796608.695423461,9793985.047477797
Stein (AR),1683944,3005,1501,15,0.9999960081961505,1.232135195768109e-05,0.015,0.00039918115709563037,9363144.209717022,9363143.05605107
Wenslingen,1683720,2865,1304,13,0.9985029728312363,0.002300401004380246,3.581,0.1498131321594631,5916516.640917542,5916380.53730931
Kiesen,1682508,611,246,2,0.9989567437547596,0.0007815542105051045,2.983,0.1043804799985725,4686770.183543862,4686806.813193568
Canobbio,1684647,5167,2105,21,0.9997803495303857,0.006601508065322397,0.757,0.021968184634578312,1276150.8456310306,1276235.0908320306
Muralto,1684725,5120,2104,21,0.999989249695823,9.712567979399117e-05,0.01,0.0010750356740772719,801830.7413010001,801829.9625174418
Wila,1682240,181,108,1,0.9999792168963499,0.0005220642998617939,2.755,0.0020783265370766003,9189259.843536546,9189211.869691482
Flerden,1684079,3662,1851,18,0.9979966086903683,0.015652002763596275,3.601,0.20052431675674437,6093259.514375472,6092305.797227889
Longirod,1685032,5429,2228,22,0.9991399027088331,0.002077402408538579,6.047,0.0860458396292542,9454238.389414424,9454041.986838413
Wintersingen,1683722,2866,1304,13,0.9992993773415039,0.002026069873658739,3.594,0.07008752805988472,6952567.069425973,6952707.933292813
Val-de-Travers,1685536,6512,,24,0.9999987109057233,1.5646065601254696e-05,0.015,0.00012890950063615823,124743749.32045622,124743729.80296737
Stetten (SH),1683710,2919,1402,14,0.999994822372878,7.650129927968218e-05,0.007,0.0005177642506698874,4718890.394391962,4718894.004404426
Châtonnaye,1683293,2068,1002,10,0.9993430515647688,0.00021374705248234982,3.262,0.06571649990943614,6314273.453828141,6314286.950401534
Realp,1683095,1212,,4,0.9999988504327458,1.6755039520603676e-05,0.015,0.00011495680123532044,77839511.41003363,77839524.45207453
La Ferrière,1682519,435,241,2,0.9995632646160378,0.004742800671005343,4.5,0.04368411326967467,14157629.931561183,14158301.399728576
Collex-Bossy,1685468,6615,,25,0.9988477171031048,0.06140702082029637,9.149,0.11533011527905951,6886626.792866421,6890855.6652149325
Walliswil bei Niederbipp,1682712,990,244,2,0.99674882144326,0.08115752910599754,3.293,0.3255150806898621,1472276.3549289983,1471081.491817726
Sevelen,1683939,3275,1724,17,0.999542983463327,0.020411302142064592,3.593,0.04570743404253147,30326562.59929379,30320372.552972347
Ufhusen,1682926,1145,315,3,0.9988277779776812,0.012188491812444541,3.493,0.11728379974885203,12209030.359905027,12207542.263239231
Kestenholz,1683533,2403,1101,11,0.9994566815817748,0.007407714153434647,7.524,0.05434861849903379,8586374.45754161,8587010.511617567
Wängi,1684574,4781,2014,20,0.9989628375105645,0.002054798281528987,3.773,0.10376899601881526,16427112.962996563,16426775.418961694
Walkringen,1682711,626,246,2,0.9994312892358825,0.007075972393363708,4.026,0.0568852399449957,17211096.97653955,17209879.124068893
Cham,1683139,1702,,9,0.9991178216982874,0.005384894461851341,7.825,0.08825913553706287,19121122.081888158,19122151.73413219
Buchberg,1683634,2933,1403,14,0.9995605099681594,0.007757977986496868,3.324,0.04395695772943782,5859543.040479093,5859088.458419903
Oberrohrdorf,1684390,4037,1902,19,0.9999941149511129,2.6238852183339207e-05,0.012,0.0005885065431334436,4301674.089606499,4301672.9608965935
Boppelsen,1682093,82,104,1,0.9979725758882059,0.032939762973938316,3.387,0.20291471683924192,3964223.5684326133,3962917.7625854146
Gisikon,1682839,1055,312,3,0.9977751539291281,0.027890069591476344,2.373,0.22276343982491367,1076540.1295576533,1076840.3773489671
Safiental,2742004,3672,1850,18,0.9996489407230511,0.0033722038294382826,3.864,0.035111498881885354,151422712.12089586,151417605.83839908
Otelfingen,1682186,94,104,1,0.9990716309140699,0.010758647879932085,3.387,0.09287502574633115,7146687.29325003,7145918.406329069
Frick,1684311,4163,1906,19,0.9999956949100643,5.4437279827576516e-05,0.016,0.00043050980310328654,9961264.410707,9961258.988065619
Dittingen,1683642,2784,1302,13,0.999315093516162,0.03528317345590954,3.311,0.06852619823973935,6748519.047930303,6750900.139611689
Binningen,1683625,2765,1301,13,0.9999956213981991,4.234388875482777e-06,0.014,0.00043786112961972706,4463676.97018046,4463676.781171019
Clarmont,1684909,5629,2227,22,0.9999876636245384,0.00017069827990479224,0.011,0.00123364620834616,1016308.5271730777,1016310.2619942521
Siselen,1682666,499,243,2,0.9988668923959076,0.010632440802519091,3.107,0.11338102070724437,5509298.6646585455,5509884.437577699
Vinzel,1685195,5863,2228,22,0.9965328931127627,0.02088709949641689,9.291,0.34734904576123504,1097086.7446977103,1097315.8942976373
Fey,1684973,5522,2223,22,0.9994940139928564,0.016671525994481965,3.443,0.050607186199044155,7340008.824850145,7338785.133370913
Pfaffnau,1682905,1139,315,3,0.9999955841267266,1.4287144913452007e-05,0.016,0.00044158833400611885,17681811.501378015,17681814.027604047
Biel-Benken,1683624,2764,1301,13,0.9993549956766589,0.0015574334365932119,4.472,0.06452174301129719,4116046.724901863,4116110.8295898223
Römerswil,1682915,1039,313,3,0.9993347724973364,0.010918989483672162,4.071,0.06654125099536534,17377084.698728535,17375187.296677712
Knutwil,1682885,1089,314,3,0.9990291140743023,0.015659595758218875,3.149,0.09712814090161753,9743579.397283476,9742053.59213748
Remigen,1684402,4110,1904,19,0.999994087175798,7.654286690424916e-05,0.016,0.000591284394471292,7869476.514920027,7869482.538442962
Vorderthal,1683119,1348,505,5,0.9985282868281248,0.02291959196329323,23.589,0.14726281596781446,27970276.9647886,27963866.29143727
Maschwanden,1682163,8,101,1,0.9982995888452899,0.012071330528944544,3.613,0.17017553654881662,4688048.323217618,4687482.413409166
Kölliken,1684344,4276,1910,19,0.9999959723772827,1.0171228885360629e-05,0.015,0.0004027631030899281,8885822.13781335,8885823.041610658
Noville,1685073,5408,2221,22,0.9999809762829455,0.0011030806576794588,0.18,0.0019023793080048062,19946462.650687058,19946242.625115667
Val de Bagnes,1685271,6037,2303,23,0.9999992111535085,4.529914914687036e-06,0.016,7.888468247077936e-05,301905126.6027113,301905140.2787567
Lütisburg,1683904,3393,1727,17,0.9985806663225559,0.012385396810625185,5.207,0.14204296042822234,14096070.729562568,14097816.58385713
Walchwil,1683150,1710,,9,0.9993899498610397,0.014877663845190821,7.625,0.06101908818716458,15877861.470055006,15875499.215199687
Lancy,1685502,6628,,25,0.9999933840125703,8.334298060973233e-05,0.015,0.000661600655541545,4774218.534061027,4774214.555085
Lostallo,1684104,3821,1847,18,0.999489814809051,0.018818597642104647,18.325,0.05102673515245815,50863388.384774074,50853816.6083668
Oppens,1685079,5923,2223,22,0.9978945691406897,0.004011902822835145,3.479,0.21076073361524245,3595373.737322027,3595229.494421568
St. Stephan,1682673,793,248,2,0.9998925666555661,0.005748660932205315,3.217,0.010743602755155979,60895050.02648115,60891549.37653063
Lajoux (JU),1685606,6750,2602,26,0.9999963162097776,5.2750251219426306e-05,0.015,0.0003683796035626351,12385895.409873907,12385888.876282962
Balerna,1684621,5242,2106,21,0.9999908571190631,2.1258306505045535e-05,0.016,0.0009142921761731944,2532453.514681441,2532452.9763247105
Birrwil,1684275,4132,1905,19,0.9999955421322438,6.384777496102431e-05,0.016,0.0004457879115612653,5530698.97447023,5530702.505698465
Grüningen,1682131,116,105,1,0.9994409257007582,0.00993395213238053,3.785,0.05592028481256484,8784412.169337135,8783539.530037122
Rickenbach (TG),1684550,4751,2014,20,0.9968385531968019,0.05150552568960937,5.625,0.31656366392168267,1575940.2404039518,1575128.5440985777
Studen (BE),1682676,749,243,2,0.9983293958789888,0.029939209379758545,3.092,0.1672251038582121,2727861.3119161422,2728678.0120259062
Lausen,1683666,2828,1303,13,0.9984896775986188,0.0006028697527579068,3.621,0.15114592441199892,5568408.537898402,5568374.967647617
Villarsel-sur-Marly,1683421,2230,1004,10,0.9999887252342191,1.9237308418761086e-05,0.014,0.0011274828257874737,1396783.906820043,1396783.638116415
Wollerau,1683123,1323,503,5,0.9982646887070831,0.02674382492543255,4.913,0.1737050498896299,6526908.502650843,6528654.047633835
Erstfeld,1683070,1206,,4,0.9996406402784053,0.00031808404760768786,3.392,0.0359424874540982,59080810.86927928,59080998.79591385
Sévaz,1683408,2043,1001,10,0.9997539367553714,0.010053274433453925,2.816,0.0246105892142802,2495587.7082974636,2495838.5965785063
Capriasca,1684648,5226,2105,21,0.9999964660083971,1.2351054097029522e-05,0.757,0.00035339980631370846,36381944.73451357,36381949.22806725
Zollikofen,1682737,361,246,2,0.9999947299253964,3.241416659748988e-05,0.012,0.000527008763453579,5390997.286031179,5390995.538584338
Melchnau,1682553,333,244,2,0.9990275143636834,0.0001473973331619961,6.549,0.09729580134538626,10274764.51395057,10274749.369221687
Vaulruz,1683417,2155,1003,10,0.9987012936087998,0.012288410770550193,3.372,0.12994704112767028,10103142.549253514,10101901.033596328
Luthern,1682890,1135,315,3,0.9995027741131067,0.002448619319416206,3.493,0.04973434453242456,37761889.697241805,37760965.0523153
Grossaffoltern,1682458,303,243,2,0.999387167254269,0.012014770456792848,8.235,0.061298375876717145,15080732.553754942,15078920.638355406
Surses,5818092,3543,1841,18,0.9999993287189217,2.4455980222989414e-06,0.016,6.712813088675026e-05,323773711.006184,323773718.92438745
Le Châtelard,1683349,2067,1002,10,0.9994252204958044,0.0008021371411804194,5.884,0.057494704334000946,7485372.593329459,7485432.636283186
Waldstatt,1683958,3007,1501,15,0.9999946739547807,3.3953605888219355e-05,0.016,0.000532605849842002,6747563.92861962,6747561.637578357
Kilchberg (BL),1683661,2851,1304,13,0.9964996683696549,0.03238614992705124,9.356,0.35059007266229236,1591807.486659892,1591291.9615007122
Buchs (ZH),1682098,83,104,1,0.9985453285306309,0.0031871758079925648,3.755,0.1455753472358598,5842736.703707908,5842922.921998654
Montricher,1685063,5492,2227,22,0.9995850325680977,0.0032183328216718534,3.701,0.04150602276595146,26015880.958038386,26016718.235674106
Thalwil,1682216,141,106,1,0.998843088443081,0.0317352034811856,3.436,0.11577648468047928,5505287.467404904,5507034.581584909
Wilderswil,1682723,594,250,2,0.9996173336594281,0.0057152319085493454,3.184,0.0382750508574681,13194426.672596369,13195180.764679711
Fislisbach,1684309,4027,1902,19,0.999993934226358,4.3196017769108136e-05,0.015,0.0006065790728413723,5054668.788472969,5054666.605057341
Hombrechtikon,1682143,153,107,1,0.9999957821625778,3.785287787773882e-05,0.016,0.00042178471170575604,12187559.16379949,12187563.777141377
Lavigny,1685020,5637,2227,22,0.9979169623847355,0.0037280085695120166,5.691,0.20852482684646992,4002846.8469713028,4002996.0734447823
Buchholterberg,1682396,923,247,2,0.9992367773101156,0.0031520223574135935,3.722,0.07635020224435872,15332187.47195352,15331704.197976524
Wassen,1683121,1220,,4,0.9998367267429921,0.0017281422525997944,3.21,0.016328517626261405,96877775.83449249,96876101.64871491
Däniken,1683497,2572,1108,11,0.9983789754808468,0.009169289752771778,3.443,0.162226506666005,5433211.212386644,5432713.025507701
Neuenhof,1684379,4034,1902,19,0.9999944603089781,8.643225481060438e-06,0.012,0.0005539706125497247,5379371.883884626,5379371.418933385
Wallbach,1684455,4261,1909,19,0.9999955782748156,6.456285153621692e-05,0.014,0.0004421733534255241,4547202.330604478,4547199.394800988
Breil/Brigels,1684050,3981,1850,18,0.999636292094938,0.0008104745270253862,6.522,0.03637725846633194,96581668.51160835,96580885.74178728
Trélex,1685168,5730,2228,22,0.9999948703626227,4.4221370055275426e-05,0.013,0.0005129649403679778,5765768.518657673,5765765.96895584
Goumoëns,1868684,5541,2223,22,0.9995459446971742,0.00011761543619752532,5.299,0.04541586764244238,10694967.563479386,10694980.142412137
Zeglingen,1683724,2868,1304,13,0.9989474545448422,0.015198888897594834,9.356,0.10531797025195871,7911579.7526134355,7912782.22483008
Treiten,1682689,500,243,2,0.9989208043043543,0.03959650669368068,3.085,0.10795645644625128,4742605.139267865,4740727.23330644
Corbeyrier,1684918,5404,2221,22,0.9992198580183629,0.0002508189650143087,5.285,0.07804473898965018,22002251.259229455,22002306.445048343
Duillier,1684949,5715,2228,22,0.9995199887077222,0.039120867804538786,3.01,0.04802204401863332,4106397.0461130855,4108003.504273025
Tägerig,1684440,4077,1903,19,0.9999926257174075,3.3294972949085866e-06,0.014,0.0007374309906355527,3290166.743138548,3290166.8526845607
Dättlikon,1682110,215,110,1,0.9971010154243616,0.08197241083941836,6.313,0.2902002822577657,2883730.9124520067,2881367.0487009482
Aarberg,1682355,301,243,2,0.9989954142817713,0.0017329464945978236,3.063,0.10050818592030031,7927551.442136964,7927414.06191214
Holderbank (AG),1684329,4199,1907,19,0.9999926188384684,6.354172839291798e-05,0.016,0.0007381186428873624,2330288.029640946,2330286.5489356555
Eptingen,1683645,2885,1305,13,0.9992086956474454,0.00899978852628853,3.125,0.07916531797162077,11178954.346653,11179960.428903649
Schiers,1684157,3962,1849,18,0.9999984259682281,8.44717306668744e-06,0.016,0.00015740329442485282,61663791.41148032,61663786.20263314
Langendorf,1683539,2550,1107,11,0.9974380158247704,0.08847541999877072,9.585,0.2566405082963915,1952315.876183597,1954043.195854753
Penthaz,1685097,5496,2223,22,0.9982303539661725,0.013277504169018907,4.638,0.17713308305288908,3835411.402895592,3835920.6498045106
Dielsdorf,1682102,86,104,1,0.9979351126243023,0.00881421561422939,3.866,0.20669303630898583,5865028.429974924,5864511.47372327
Wolhusen,1682933,1107,316,3,0.9988619115170962,0.001644283983658975,3.549,0.11387271123065151,14293577.610277584,14293342.583270246
Laupersdorf,1683540,2426,1102,11,0.9995585470295895,0.0065531571499942345,3.383,0.04415649000334454,15501698.621333491,15502714.472005066
Schluein,1684159,3582,1850,18,0.9990819930450309,0.015281439967993894,3.125,0.0918498691401192,4786338.537970022,4787069.959420367
Ittigen,1682496,362,246,2,0.9991016201750649,0.004908390621748503,2.959,0.08988056073417133,4204894.524894954,4205100.917543468
Därligen,1682424,575,250,2,0.9992503952212375,0.021788067312409065,3.401,0.07498041449517891,6927616.381293935,6926106.987573633
Wittinsburg,1683723,2867,1304,13,0.9984397254317843,0.01503967357489734,3.339,0.15613753252201124,3204450.380379976,3203968.441502897
Birsfelden,1683626,2766,1301,13,0.997411012720697,0.059473240439320244,6.307,0.2591572175686152,2511966.3971099206,2510472.4492948125
Bettmeralp,3411183,6205,2309,23,0.9999968341891837,2.14733043463351e-05,0.016,0.0003165816166980418,28790489.128771115,28790495.31104047
Cevio,1684658,5310,2108,21,0.9999986449753233,2.210478993543262e-06,0.016,0.0001355025611626467,151287051.08617526,151287054.43034375
Baltschieder,1685272,6281,2313,23,0.999997081417663,2.9217359813583803e-05,0.194,0.000291858702620618,31219983.28287898,31219992.40453383
Röthenbach im Emmental,1682631,904,245,2,0.9994973603511883,0.0034355671997448904,8.593,0.05027746403026927,36793424.83512889,36794688.89796419
Maur,1682164,195,109,1,0.9991088076094212,0.02440932148291016,5.188,0.08916984950426306,14772068.239119869,14775674.00074603
Grimisuat,1685312,6263,2312,23,0.9996900283845656,0.005269175266486046,3.214,0.03100114963440408,4449560.8084904635,4449326.353332875
Füllinsdorf,1683648,2825,1303,13,0.9984540420452642,0.014884284576605249,6.077,0.15472690135461906,4618483.931963857,4619171.360255416
Weiningen (ZH),1682234,251,111,1,0.9995863049664342,0.020153823192709686,3.488,0.04137389267514627,5374279.277601055,5373196.154857565
Wangen bei Olten,1683586,2586,1108,11,0.9991817140763039,0.04229275509214893,7.365,0.08184477479988118,6964784.831201478,6961839.231810123
Lauwil,1683667,2889,1305,13,0.9993862545624392,0.004868672507488549,2.707,0.061391889189307866,7295481.552203342,7295126.359098721
Schmitten (GR),1684160,3514,1841,18,0.9988871425459117,0.0006343518253073372,3.621,0.1113480556372885,11348303.67075766,11348375.658929138
Bregaglia,1684049,3792,1846,18,0.9999991272879729,1.7817427775574246e-06,0.016,8.727124154852436e-05,251423737.72537297,251423742.20509726
Luzern,1682891,1061,311,3,0.99999664158665,1.2999168655829957e-05,0.015,0.0003358419206946737,37403482.49827546,37403487.36041723
Corseaux,1684924,5883,2230,22,0.9999968538768788,0.0001381023671681481,0.014,0.0003146125898839193,7634393.281777905,7634382.738500064
Lully (VD),1685036,5639,2227,22,0.9975382935934336,0.06976621521427198,3.607,0.2465599917818321,2047407.8250728792,2048836.2240224334
Treycovagnes,1685166,5931,2224,22,0.9990143275146516,0.06384943869580867,3.049,0.09858436716645676,2077700.3284714117,2076373.7284739017
Muri bei Bern,1682560,356,246,2,0.9991116227153574,0.005627475470867871,2.948,0.08887970748142342,7627564.163919482,7627993.403221832
Oberried am Brienzersee,1682591,589,250,2,0.9999972968508745,5.9555774541205454e-06,0.015,0.00027031526952863187,20121067.893847972,20121066.69552219
Riaz,1683387,2148,1003,10,0.9999946181107701,1.5057532619714062e-05,0.015,0.000538190411809766,7755166.125571998,7755167.293308667
Brugg,1684281,4095,1904,19,0.999994621031257,7.611051224522523e-06,0.015,0.0005378983003466184,14007470.874621212,14007469.808505429
Hitzkirch,1682865,1030,313,3,0.9999972101839876,3.156400609817959e-05,0.016,0.0002789819463922005,31214786.56367588,31214776.711038746
Heiden,1683892,3032,1503,15,0.9999936734363046,7.400531490994118e-06,0.016,0.0006326583472098119,7474476.236848144,7474475.683697176
Fläsch,1684081,3951,1845,18,0.9999951721311466,3.7014303850753594e-05,0.016,0.00048278814005818033,19939062.448926076,19939069.829231236
Saules (BE),1682645,707,241,2,0.9990114739388068,0.011270345723015433,3.466,0.0989070627390976,4279702.723961408,4280185.061254316
Ballens,1684841,5423,2227,22,0.9990645536650806,0.013417788299138214,3.187,0.09358212821088413,8447753.82329441,8446620.321570368
Urnäsch,1683952,3006,1501,15,0.9999980657471085,1.3809436334451163e-05,0.016,0.00019342546250847816,48157701.80608926,48157695.15578209
Rüdlingen,1683700,2938,1403,14,0.9999531967088192,0.0020506609334664558,0.292,0.004680390658056191,5515210.769962388,5515097.67168973
Entlebuch,1682830,1002,316,3,0.9985786430693023,0.00639026705858294,23.72,0.142241322339606,56896296.10362758,56899931.92889504
La Punt Chamues-ch,1684096,3785,1846,18,0.9995534045479153,0.010582768485172893,3.948,0.044667156174536954,63275463.87729591,63268767.58144586
Montagny (FR),1683364,2029,1001,10,0.9999966109371763,2.3935925468394655e-05,0.016,0.0003389068971142945,17532667.12999973,17532671.326605868
Rüderswil,1682632,905,245,2,0.9999960358543225,1.89795171935458e-05,0.054,0.0003964153910604836,17207406.555584703,17207409.82146739
St. Margrethen,1683943,3236,1723,17,0.9988503547685117,0.02504522604829204,6.194,0.1150450502078192,6868555.984803067,6870276.230175714
Altnau,1684497,4641,2013,20,0.99848175905814,0.01896329841353807,4.105,0.15195384088523342,6741479.595132198,6742758.002025311
Schafisheim,1684414,4207,1907,19,0.9999951770290854,6.486931684250392e-06,0.014,0.0004822982389307955,6327209.519393468,6327209.108951709
Gordola,1684681,5108,2104,21,0.9999915072109454,0.00019344554151822624,0.385,0.000849281690310169,6946590.644683101,6946577.206813212
Vaz/Obervaz,1684203,3506,1841,18,0.9992501494909913,0.001506983810415526,4.21,0.0750126100165194,42512119.58381978,42511478.933060184
Sierre,1685375,6248,2311,23,0.9992780801247519,0.0022981308534223564,7.283,0.0722172255165754,19128760.428520747,19128320.82457546
Zuchwil,1683592,2534,1106,11,0.9985582146952855,0.02246961059029858,3.274,0.14426633283364473,4626857.128306478,4625817.491527178
Ederswiler,1685598,6713,2601,26,0.9979332223871107,0.09376540684568313,6.662,0.2069885570685716,3309195.0171339693,3312297.897305102
Jaberg,1682497,868,246,2,0.9975236405144327,0.05346413322343111,2.983,0.24787666621684046,1309847.7710650233,1309147.472307677
Ziefen,1683725,2834,1303,13,0.9993970882786718,0.016865499266962392,3.654,0.060304267003964275,7821983.514857054,7820664.298284694
Vufflens-la-Ville,1685198,5503,2223,22,0.9990858067198805,0.013021452478203141,3.583,0.09146708937326019,5380707.20914901,5381407.85538124
Chavannes-près-Renens,1684893,5627,2229,22,0.9990432306485995,0.008272781207705993,8.636,0.09571876796011848,1649309.7521979944,1649173.3084107577
Saint-Aubin (FR),1683394,2041,1001,10,0.9993877435566545,0.013922939972330474,3.002,0.061240129461601935,7887465.927366127,7886367.760219722
Saas-Fee,1685362,6290,2313,23,0.9999984472592613,4.094457082382684e-06,0.015,0.00015527419118816153,40343813.40740804,40343811.75554791
Büsserach,1683492,2614,1110,11,0.9989644068099378,0.01131732607381562,3.553,0.10361883255766045,7550241.79093606,7551096.276418902
Reute (AR),1683924,3035,1503,15,0.998762572611958,0.03512089999728071,5.872,0.12379760429528502,4993883.422953388,4992129.5261504315
Riehen,1683696,2703,,12,0.9999960908117329,2.3918346206585942e-05,0.015,0.0003909196375989625,10871624.49994474,10871627.100257527
Egliswil,1684299,4195,1907,19,0.999995996170903,2.7770127889313397e-05,0.015,0.00040038376690547384,6287927.037432998,6287928.783598378
Kradolf-Schönenberg,1684536,4501,2015,20,0.9985232428174289,0.00696939878533517,9.564,0.14777968956125792,10947810.824943379,10947047.828348724
Krauchthal,1682516,414,245,2,0.9999969109276082,2.2774966177453167e-05,0.015,0.00030890775164983013,19435059.57840844,19435064.004736684
Boltigen,1682387,791,248,2,0.9999983835484453,2.1509716732328763e-06,0.016,0.00016164528433860475,77067258.79401441,77067257.1363195
Suhr,1684435,4012,1901,19,0.9999944380477038,9.805668552085795e-05,0.014,0.0005561965035630026,10623524.633031081,10623514.21595494
Founex,1684979,5717,2228,22,0.9999934765984902,0.00017418983827085168,0.014,0.0006523428469029247,8118997.496814575,8119011.639283184
Bussnang,1684511,4921,2015,20,0.9986249972902961,0.01871707462431508,9.092,0.137607744495338,18880292.30463147,18883826.14303142
Mex (VD),1685047,5489,2223,22,0.9985032862355893,0.04725171344487862,3.583,0.14974808030264794,2827127.776003929,2825791.909688491
Scheuren,1682652,747,242,2,0.9998804194263616,0.005738161485729339,0.299,0.011958429275510423,2107794.5008732993,2107673.552221052
Affoltern im Emmental,1682361,951,245,2,0.9993518304811234,0.015048501291958135,3.342,0.06483308631290838,11505517.310077433,11503785.90215638
Kernenried,1682506,411,245,2,0.9985502274037019,0.008698963495852417,2.925,0.1450887382276159,3329921.148519048,3330210.8171441983
Mirchel,1682555,615,246,2,0.9984743485596707,0.015297709498944241,2.884,0.152669935099841,2342613.586985027,2342255.220763807
Romont (FR),1683389,2096,1002,10,0.999994904317468,6.974794529818091e-05,0.016,0.0005095693735406876,10890668.876330756,10890661.280312985
Berneck,1683866,3233,1723,17,0.9993610795973072,0.02818679954095708,3.102,0.0639034503178022,5621118.749728451,5619534.336254505
Muriaux,1685620,6753,2602,26,0.9999953160388166,2.9085592383155733e-05,0.068,0.0004683972833301891,16878439.045587137,16878443.95478112
Ochlenberg,1682598,985,244,2,0.999158754261602,0.0017268914689583057,3.345,0.08415924677320578,12116782.678612564,12116573.434926175
Forst-Längenbühl,1682442,948,247,2,0.9986715928850035,0.006011879196462218,4.462,0.1329329991821665,4498023.860883521,4498294.276644265
St. Niklaus,1685378,6292,2313,23,0.9999988428209144,4.495931977491703e-06,0.016,0.00011571797327328495,89239620.33226481,89239616.32011218
Eclépens,1684956,5482,2227,22,0.9984311919664983,0.0002136388334200118,5.276,0.15700412559586172,5804457.547147419,5804469.947722809
Buus,1683637,2844,1304,13,0.9993142754456199,0.026345119503556745,3.594,0.06860501025581194,8845083.348142559,8847413.595920816
Uster,1682225,198,109,1,0.9995906599022759,0.004173570664684805,4.885,0.040943243833040044,28489899.836010877,28491088.88211283
Wettswil am Albis,1682236,14,101,1,0.9991301327562212,0.03410141205861391,3.355,0.08700973598690984,3770584.4132430125,3769298.5907152346
Unterägeri,1683149,1709,,9,0.9992387234939967,0.009428980141894189,5.379,0.07616022912741657,26694113.516692776,26696630.49935532
Auw,1684259,4223,1908,19,0.9999954201310177,4.9516136131159274e-05,0.015,0.0004579880605219428,8560759.392608788,8560763.631566063
Alchenstorf,1682362,402,245,2,0.9990850471700514,0.025449508206536697,3.236,0.09154880696480511,6568415.163115021,6570086.792470997
Kappelen,1682503,305,243,2,0.9996294725565145,0.007800580195192268,3.272,0.03706105558220455,10969526.154312398,10970381.840997098
Echallens,1684952,5518,2223,22,0.9999943802796439,8.524143307403192e-05,0.014,0.0005619738544139616,6663787.411492614,6663793.091800501
Nunningen,1683559,2621,1110,11,0.9995187054240748,0.02152736106685641,3.346,0.04813586085580478,10314584.467495363,10312364.0096545
Birmenstorf (AG),1684272,4024,1902,19,0.9999951157388968,2.4106570706960933e-05,0.015,0.0004884273622162145,7797762.581201002,7797764.460974152
Savosa,1684753,5221,2105,21,0.9999842163725311,7.793633340117212e-05,0.013,0.0015783758182672648,745212.6503995283,745213.2311909441
Villeneuve (VD),1685193,5414,2221,22,0.9996477792085281,0.00032197588768073323,3.393,0.03522833992745581,34527185.71095893,34527296.88017161
Saignelégier,1685626,6757,2602,26,0.9999967545270982,2.0603722874779355e-05,0.015,0.0003245478502973597,31674875.970453657,31674882.496657323
Evionnaz,1685302,6213,2310,23,0.9999979542207494,7.895464069313834e-07,0.016,0.0002045781333901145,48078517.66546618,48078517.28586397
Balgach,1683863,3232,1723,17,0.9991422951942703,0.032488267340501184,3.341,0.08579334058170181,6520115.510210776,6517997.237652909
Altendorf,1683056,1341,505,5,0.9999942410083713,0.00029318171143131636,2.384,0.0005758999769090443,24561841.379513375,24561769.36868646
Elgg,1682115,294,110,1,0.9991809714029426,0.008151438818342885,4.845,0.08193975333720357,24393038.314122178,24395026.69771629
Landquart,1948063,3955,1845,18,0.9999965895941568,3.420984809363627e-05,0.014,0.000341041223930986,18858736.59531813,18858743.046863273
Perroy,1685099,5860,2228,22,0.9996487546944377,0.008632282514737653,3.537,0.035129184012440556,16223678.664632488,16222278.190855874
Altbüron,1682814,1122,315,3,0.999432395222133,0.02488321428104677,6.549,0.05678365503903105,6750722.453347461,6752402.2500810465
Augst,1683617,2822,1303,13,0.9999864915218618,0.00023360030250279702,0.014,0.001350855360089497,1653584.431374456,1653580.5685962222
Allaman,1684832,5851,2227,22,0.9999971215704485,7.363505923944832e-05,0.013,0.00028784347538621583,11535889.50426834,11535897.998727411
Menznau,1682898,1136,315,3,0.9991557653614592,0.0008352750569914117,3.549,0.08445876277661714,30338875.21799558,30338621.804938313
Zürich,1682248,261,112,1,0.9997668905553689,0.0006041965609683538,1.624,0.023313591349847455,91881188.11826523,91880632.97528644
Wattwil,2727987,3379,1727,17,0.9993207950894816,0.0025370633363815042,4.597,0.06794270296779258,51175460.47372989,51174162.11988499
San Vittore,1684152,3835,1847,18,0.9988962670134918,0.023575310421012626,12.615,0.1104212260014602,22062654.693706863,22057453.354375705
Bonstetten,1682092,3,101,1,0.9990840732421679,0.01832385511459564,3.667,0.09162624559363505,7430708.28951143,7429346.697290472
Laufen,1683665,2787,1302,13,0.9993019890719702,0.01535750209189244,3.299,0.06982010054739113,11396973.791356804,11395223.500868384
Sagogn,1684148,3581,1850,18,0.9999958828014168,7.868717297325234e-05,0.015,0.00041172054393001656,6917721.597714787,6917716.154355228
Salvan,1685371,6218,2310,23,0.999997981140823,1.4627447753786885e-05,0.015,0.00020188613629360322,53456983.08384345,53456990.90323572
Gipf-Oberfrick,1684317,4165,1906,19,0.999995208852181,4.1383878444831545e-05,0.015,0.0004791160286968614,10168346.293400813,10168350.501456883
Wildhaus-Alt St. Johann,1683966,3359,1727,17,0.9996254008071138,0.0015108813775708953,24.688,0.03746721987147049,87528441.1446994,87529763.59561673
Bargen (SH),1683618,2931,1403,14,0.9999955047468451,9.290065896348573e-05,0.016,0.00044952611715232707,8270608.884538468,8270601.201088314
Solothurn,1683577,2601,1109,11,0.9989099998266656,0.029026018799453917,3.424,0.1090436269368362,6281592.620431165,6279769.324176254
Häfelfingen,1683658,2847,1304,13,0.998518018124521,0.03146275322651402,3.424,0.14828475159001742,3972887.369825922,3971637.3900767863
Kallern,1684339,4233,1908,19,0.9999906256076294,2.1611026409828536e-07,0.015,0.0009374436300937176,2683906.472849056,2683906.4670488588
Fräschels,1683319,2258,1005,10,0.9987786345180677,0.00962852962352713,3.017,0.12220529688205763,3106920.7221919764,3106621.5714098606
Grandvillard,1683326,2134,1003,10,0.9999978857792798,2.5760704850855475e-06,0.015,0.00021142229285455398,24320603.899653576,24320603.273137677
Rümlang,1682199,97,104,1,0.9999965295455897,4.955847722091295e-05,0.015,0.00034704612932811175,12413602.128563007,12413608.28055519
Fahrwangen,1684306,4196,1907,19,0.9999918720947297,0.00018475878675459554,0.015,0.000812793079329958,4998310.582309653,4998301.347491663
Au (SG),1683861,3231,1723,17,0.998151464341925,0.033591978962278245,3.09,0.18505565478117283,4653872.492834567,4655435.820703291
Mönchaltorf,1682168,196,109,1,0.9999933801822372,4.703541760475924e-07,0.015,0.0006619839659131373,7588563.6009930335,7588563.565299908
Zillis-Reischen,1684211,3712,1851,18,0.9992837319545339,0.004642812543018939,3.749,0.07165412907709154,24475331.695100147,24476468.038870033
Wiler (Lötschen),1685404,6202,2309,23,0.9999966658988901,5.0662641039444506e-05,0.016,0.00033341075113796896,14865278.14624765,14865285.677390156
Dällikon,1682108,84,104,1,0.9986858702540685,0.005637764988901821,3.488,0.13149567140251514,4506354.432045068,4506100.374372622
Hochfelden,1682141,59,103,1,0.9990359015143726,0.06458547631140826,3.566,0.09648749366598204,6168799.937694006,6172784.086516463
Bois-d'Amont,1683265,2238,1004,10,0.9999959892507525,7.14485144812531e-06,0.015,0.0004010757434842639,12281325.784508966,12281326.66199145
Ostermundigen,1682603,363,246,2,0.9991790153536755,0.0024913106054915302,4.314,0.08213115617763293,5963233.614064201,5963085.051392743
Bossonnens,1683276,2323,1007,10,0.9982098612807633,0.02927188111130898,3.334,0.17914802146463332,4117714.0072286297,4116508.67487993
Hendschiken,1684325,4198,1907,19,0.9999927849978864,2.4753334484360374e-05,0.015,0.0007215027248591506,3516512.7503954256,3516511.8799412623
Bogis-Bossey,1684858,5705,2228,22,0.9999890830600783,7.23379089707845e-05,0.015,0.0010917003460060562,2454005.592168584,2454007.3673449154
Comano,1684665,5176,2105,21,0.9999499819524371,0.0009517014006578038,0.32,0.005001906047965412,2064684.6187445025,2064664.9691120668
Champagne,1684883,5553,2224,22,0.9999940999124775,1.4485945291101049e-05,0.016,0.0005900105354857282,3915070.770445591,3915071.3375806008
Schlieren,1682204,247,111,1,0.9993301364854118,0.030889237263279058,2.308,0.06699844557939216,6593798.251732036,6591761.477745396
Belmont-sur-Yverdon,1684848,5902,2224,22,0.999444157325968,0.011142743934006317,3.208,0.05560281741872854,6467195.849740442,6467916.472813689
Full-Reuenthal,1684312,4307,1911,19,0.999994526696359,3.5758349582417944e-05,0.016,0.0005473317640160434,4780799.666707856,4780797.957172798
Fahy,1685599,6789,2603,26,0.9988543804524315,0.04808411767444325,5.797,0.114655173413437,7783428.478167507,7787171.071076055
Thunstetten,1682684,342,244,2,0.9991470773321102,0.004399687381592534,3.485,0.08532677906443345,9662243.790346872,9661818.68182605
Malans,1684112,3954,1845,18,0.998908685722879,0.011818018128288367,6.593,0.10919746067191612,11399502.367536057,11400849.562792387
Saxeten,1682646,591,250,2,0.9996972527071386,0.00682218552770035,3.401,0.03028034563160676,19382350.4263904,19383672.726296116
Guggisberg,1682462,852,246,2,0.9998692229413388,0.0004101615898038993,6.9,0.013078534232215762,54918606.01944089,54918380.76441334
Saint-Saphorin (Lavaux),1685141,5610,2226,22,0.9999946846264246,0.00013566780531334592,0.013,0.0005315384096601641,5300845.1599278785,5300837.968387587
Brügg,1682394,733,242,2,0.9999940702621882,0.00012730534604997926,0.016,0.0005929759166802151,5002951.170264307,5002957.539288607
Lupsingen,1683672,2830,1303,13,0.9985659097912553,0.02158843571850793,3.654,0.14352741638786068,3113293.9076689263,3113966.0191229116
Massagno,1684709,5196,2105,21,0.9999844488636966,0.0003079028763846739,0.015,0.0015551233282196362,739442.7516264739,739440.4748609724
Niederlenz,1684380,4204,1907,19,0.9999929023007108,0.00024018493537270535,0.015,0.0007097733001686446,3312139.647543669,3312147.602804141
Romanel-sur-Lausanne,1685125,5592,2225,22,0.9991989357295672,0.015612682597910413,2.79,0.08014478098453366,2880830.829921417,2881280.6048950753
Grub (AR),1683891,3031,1503,15,0.9999910201324277,4.686324226863162e-05,0.016,0.0008979905791514119,4211808.623997866,4211806.650207787
Oberiberg,1683094,1368,506,5,0.9998982525845266,0.008969730560361976,3.678,0.01017571554733029,33170519.915437035,33173495.22169892
Diessbach bei Büren,1682421,385,243,2,0.9999955602511001,4.149068011362339e-06,0.014,0.0004439758846469637,6330474.470999709,6330474.733655401
Kilchberg (ZH),1682152,135,106,1,0.9999872037979747,0.00039988437881504236,0.787,0.0012796258308716535,2580442.382045494,2580432.063259504
Neuenegg,1682572,670,246,2,0.9995786951632769,0.0013248209582068082,7.793,0.04213908129492993,21827989.57857729,21827700.3967966
Botterens,1683277,2123,1003,10,0.9999938378642769,0.00010113203585941615,0.013,0.0006162151593155433,4533288.672804263,4533284.088197137
Regensdorf,1682192,96,104,1,0.9991351066241556,0.0011360388273226071,6.996,0.08652626430465861,14621083.475144403,14620917.37395915
Münchenbuchsee,1682567,546,246,2,0.9999940786896347,0.00013191996624036775,0.16,0.0005921323990633321,11667619.740457831,11667604.348537808
Eich,1682828,1084,314,3,0.9999956999606172,0.0001263586679872162,0.015,0.00043000459113924806,9218390.778747795,9218379.130511997
Interlaken,1682493,581,250,2,0.9999910488776136,3.150254541069933e-05,0.012,0.0008951161036891893,4274162.086231703,4274160.739761851
Villars-le-Comte,1685187,5690,2222,22,0.9992872249624473,0.019598565745901173,3.378,0.07130990239875867,4195805.261685911,4196627.579338692
Guttannen,1682465,782,250,2,0.9999990344240088,5.170260610819513e-07,0.017,9.655764575512954e-05,200847348.4649393,200847347.42650616
Mattstetten,1682548,543,246,2,0.9979011423129255,0.015573960017668177,8.001,0.21008989934471234,3785381.32690203,3784791.793127662
Flurlingen,1682124,29,102,1,0.9981324676784229,0.005679548832327828,3.657,0.186933087319633,2413875.9407420787,2414013.038004885
Pfeffingen,1683689,2772,1301,13,0.9993959192773156,0.02396410984165594,3.802,0.060419083141879826,4887253.693724584,4886082.506881179
Valbroye,1868689,5831,2222,22,0.9999957576248549,3.040940411424813e-07,0.016,0.00042423841504049027,33547239.503807727,33547239.605822884
Münchenwiler,1682568,669,246,2,0.9994132762696164,0.0045178972180044625,2.592,0.05868826455839104,2478460.1315560658,2478348.157274733
Muolen,1683908,3202,1721,17,0.9993815629974667,0.028661866917600816,3.192,0.061853963863632684,10326023.321002902,10323063.689940756
Aarau,1684251,4001,1901,19,0.9999956579543596,4.5505767097053174e-05,0.016,0.00043420540800683986,12338138.14333093,12338132.528766522
Yvorne,1685208,5415,2221,22,0.9985654103578737,0.0002914044115849262,7.132,0.14356173127617258,12201138.541276421,12201102.986620449
Bettingen,1683623,2702,,12,0.998261333270237,0.06994350088818307,3.13,0.1739570954644725,2227025.5134569677,2225467.853847183
Brig-Glis,1685283,6002,2301,23,0.9998815295993473,0.003718362910847541,3.382,0.011847962139764199,37666174.02777894,37667574.59282392
Gruyères,1683332,2135,1003,10,0.999568950183377,0.009156683206199473,6.387,0.04311229994373553,28439272.186802804,28436668.09274251
Domat/Ems,1684071,3722,1844,18,0.9992868678692652,0.009059961069818809,3.276,0.07134188164226389,24217491.17453932,24219685.26981182
Monteceneri,1684720,5238,2105,21,0.9999960412146798,4.6737558424340484e-05,0.037,0.0003958792232189486,36080025.03492713,36080008.17200435
Menziken,1684363,4139,1905,19,0.9999953015037663,6.9087791730356105e-06,0.014,0.00046985071089122627,7323755.8876899015,7323755.38170778
Flühli,1682836,1004,316,3,0.9997575687186256,0.00012048311116337284,14.134,0.02424608174616707,108172197.17074941,108172327.49997798
Obergerlafingen,1683562,2528,1106,11,0.997483876883071,0.04858937974615313,2.522,0.251990459633988,1512249.5905682624,1512984.3832645332
Meiringen,1682552,785,250,2,0.9994559161307492,5.8261756420123014e-05,3.604,0.05442320816963787,40627863.34854507,40627887.01905185
Tägerwilen,1684564,4696,2013,20,0.9999966665306942,4.511509239527801e-06,0.015,0.0003333474938925577,11560153.95582369,11560154.477361104
Rümlingen,1683701,2859,1304,13,0.9981146436601475,0.018096497285047735,3.351,0.18873060537994477,2279704.634110015,2280117.1807972337
Lema,18953122,5395,2105,21,0.9999969025271432,2.281858632747908e-06,0.014,0.00030974776882867664,18568965.226471625,18568965.65018916
Zernez,4447274,3746,1843,18,0.9999992792744059,1.91088429420381e-06,0.018,7.207258594295812e-05,344036788.59001535,344036795.1641603
La Chaux (Cossonay),1685010,5474,2227,22,0.9987902496413561,0.02517625510880888,3.515,0.12106349265803616,6737503.938204179,6739200.189383627
Ecublens (VD),1684958,5635,2229,22,0.9999932317865863,3.247133546425951e-06,0.016,0.0006768236210160095,5722788.800782564,5722788.614955969
Kandersteg,1682502,565,249,2,0.9999989282553291,2.7797138150052567e-07,0.016,0.00010717452464104919,134306178.16159496,134306178.5349277
Montagny-près-Yverdon,1685056,5922,2224,22,0.998887918854251,0.006083182973881259,3.461,0.11127336957952844,3518423.9318399313,3518637.964005502
Niederhasli,1682172,90,104,1,0.9984313346752617,0.016808355727216104,3.932,0.15700285828625485,11303016.195322124,11304916.046492139
Gelterkinden,1683649,2846,1304,13,0.9999970680662847,1.9815090016547123e-05,0.013,0.000293193772307705,9782464.3969524,9782462.458548274
Morcote,1684723,5203,2105,21,0.9996953124562347,0.0012988817965483871,2.793,0.030473198901840116,5269960.960792745,5269892.5102291405
Brünisried,1683279,2292,1006,10,0.9999935440109072,2.081318211095133e-06,0.013,0.0006456009999787162,3247420.778553536,3247420.846142696
Perly-Certoux,1685521,6632,,25,0.9990996951080034,0.0049782410958594545,3.469,0.09006879291963572,2536593.9875002843,2536467.7097359635
Villorsonnens,1683424,2114,1002,10,0.9999964518167297,1.787997300410765e-05,0.016,0.00035481898819132875,15472553.965065865,15472556.731554337
Eglisau,1682114,55,103,1,0.9999934775784639,1.0756073852455666e-06,0.015,0.0006522442774307266,9062641.904145153,9062641.806666708
Brot-Plamboz,1685457,6433,,24,0.9995265576226121,0.022885303251029224,3.314,0.047350029057808746,16089547.367988,16085865.226281118
Gibloux,5817663,2236,1004,10,0.9999977672779501,1.4729205212434543e-05,0.016,0.00022327243784141723,36269175.51422034,36269170.17205905
Täuffelen,1682696,751,243,2,0.9987807980879638,0.01362282272602693,3.006,0.1220028687547005,4401219.923338566,4401819.493726505
Kirchberg (BE),1682509,412,245,2,0.9988675466279543,0.023142204795138583,6.877,0.11332260722292685,9054909.624931598,9057005.130661014
Böckten,1683638,2842,1304,13,0.9991843968807232,0.029105847652359757,1.991,0.08160546017172245,2282340.7040620646,2283004.9986702967
Tartegnin,1685162,5862,2228,22,0.9999879068342997,0.00023688848200875272,0.014,0.0012093224499158473,1085590.678405624,1085588.1067663452
Les Verrières,1685513,6511,,24,0.999181175773935,0.04621352753494265,8.393,0.08193488812019738,28868125.74241593,28881466.721654724
Gurmels,1683333,2262,1005,10,0.9995524122983963,0.0025796807048708726,4.228,0.044769366585805014,20164100.024281316,20164620.193678953
Neunforn,1684547,4601,2012,20,0.9989348644181287,0.015133503632595168,5.819,0.106578378014998,11358242.660397206,11359961.560462816
Untersiggenthal,1684449,4044,1902,19,0.9999962243187654,3.586702980379704e-05,0.015,0.00037756876847273526,8277609.220707412,8277606.251774846
Val-de-Charmey,3411331,2163,1003,10,0.9998734903694197,0.0010988981898261518,5.274,0.012651832857962255,111622508.0265225,111623734.64424264
Cuarnens,1684934,5479,2227,22,0.9987336449442631,0.009681823576757724,5.637,0.12670960493507877,7134362.340736906,7133671.604361749
Courgevaux,1683301,2250,1005,10,0.9996087588261239,0.0060860303492647145,2.805,0.03913058158204747,3383744.3921929053,3383538.456482255
Obfelden,1682181,10,101,1,0.9990466914833137,0.019381232120576727,3.715,0.09538555574680926,7543843.330871698,7545305.420658467
Gurtnellen,1683078,1209,,4,0.9997272349006768,0.0042355329670131165,14.618,0.027280808211337035,83308247.96310791,83311776.51141463
Dorf,1682106,26,102,1,0.9977705284014503,0.016045713923429798,3.921,0.22317805769373078,5557134.816464503,5556243.134509514
Luzein,5817241,3891,1849,18,0.999998371359754,1.174633583978913e-05,0.016,0.00016286414796784818,83885077.13865618,83885067.2852333
Uzwil,1683954,3408,1728,17,0.9999961374231069,2.621013541516132e-05,0.015,0.00038625838437466274,14495113.221291319,14495109.422102515
Concise,1684915,5554,2224,22,0.9999774619901328,0.0019477213267171545,0.215,0.002253848334213941,21540552.670779243,21540972.220717505
Merzligen,1682554,741,243,2,0.9999916657632003,0.00019877614129418326,0.011,0.0008334263246187517,2298497.5359471682,2298492.9670824585
Châtillon (FR),1683292,2008,1001,10,0.9994141770232575,0.020576221046955997,9.017,0.0585934333524383,1276203.7973460567,1275941.202831705
Därstetten,1682425,761,249,2,0.9996003865420731,0.0016788535608938501,9.527,0.03996899642055619,32839878.465256073,32839327.131787065
Beggingen,1683620,2951,1404,14,0.9999972466760324,5.177880645197664e-06,0.014,0.00027533278296941374,12583868.411398772,12583869.062976459
Sufers,1684178,3695,1851,18,0.9999976335969059,4.194297035066486e-05,0.016,0.0002366406390982901,34618846.53131862,34618861.051491156
Frauenfeld,1684522,4566,2012,20,0.9996924696244817,0.017581997146770327,3.906,0.030760470940556055,27355381.30200109,27360190.924361095
Autigny,1683269,2173,1004,10,0.999994050437927,2.5205215940655684e-06,0.015,0.0005949579694616573,6219742.312435983,6219742.155666035
Büttenhardt,1683639,2914,1402,14,0.9999936932872724,0.00011206831072428365,0.013,0.000630672908092784,3996414.319728544,3996409.8410145263
Le Chenit,1685021,5872,2224,22,0.999998795051144,1.5575155561482725e-05,0.046,0.00012049496766786725,100229466.75461955,100229482.36551492
Grono,1684085,3832,1847,18,0.9990773100654115,0.0023748846904028975,29.579,0.09231267708889816,37121718.59270078,37122600.19071245
Tenero-Contra,1684763,5131,2104,21,0.9999920802743144,9.606271688244164e-05,0.013,0.0007919760849916331,5368602.091477007,5368607.248702034
Untereggen,1683951,3219,1722,17,0.999995205786614,7.906526362252586e-05,0.015,0.00047942229828989465,7135284.515176072,7135278.87364456
Trey,1685165,5827,2222,22,0.999599544213883,0.004888014176775581,2.689,0.04005261954667017,3791924.260575063,3791738.9107796336
Gingins,1684986,5719,2228,22,0.9999947597053981,2.5299060413118918e-05,0.016,0.0005240308995792162,12562192.912660379,12562196.090777153
Grächen,1685313,6285,2313,23,0.9999846527213249,0.0013282387140800358,0.66,0.001534749837064511,14272270.9153316,14272460.485159276
Allschwil,1683612,2762,1301,13,0.9999966536686611,2.2065103110083486e-05,0.015,0.000334633730773615,8895226.689768849,8895228.65250979
Saicourt,1682643,706,241,2,0.9989401415459104,0.009156336822934737,4.809,0.10604689496843081,13766654.715469161,13767915.23674416
Crissier,1684931,5583,2229,22,0.9999919322880396,1.5387823966867907e-05,0.015,0.0008067745123988197,5496124.166427495,5496125.012161407
Gerlafingen,1683508,2519,1106,11,0.9981915302118983,0.017814990174415245,2.707,0.18099453144541292,1855435.9535989868,1855105.4078661606
St. Silvester,1683403,2303,1006,10,0.9996662005935862,0.00914613315806938,3.0,0.03338703941534633,7040180.1760730315,7040824.080326503
Biel/Bienne,1682380,371,242,2,0.999996599005145,9.975342058202306e-06,0.016,0.0003401000809647595,21211260.41914751,21211262.53504329
Schüpfen,1682659,311,243,2,0.9994018906758494,0.005375963357406456,3.559,0.05983043269161679,19840211.412324887,19841278.014820445
La Roche,1683345,2149,1003,10,0.9997895389383963,0.0006882839768678741,2.966,0.02104839352241692,24124244.75565843,24124410.798969623
Varen,1685391,6116,2306,23,0.9998383936516326,0.014627228104595056,2.705,0.01616075875076471,12921511.234014584,12919621.175091824
Seedorf (BE),1682661,312,243,2,0.9992056950863122,0.001988700878343361,4.458,0.07946125978581008,20869518.604339533,20869103.572039742
Les Clées,1685025,5750,2224,22,0.9999940061494633,0.00013851564904372095,0.655,0.0005993864349016944,7038664.597172452,7038654.847520501
Muhen,1684368,4009,1901,19,0.9999958578793401,3.4714633719502637e-06,0.015,0.0004142129310336778,7025057.498755347,7025057.742627645
Dübendorf,1682111,191,109,1,0.9991877459634548,0.011632605775385945,3.729,0.08126313112308992,13621273.021373032,13622857.530365197
Massonnens,1683360,2086,1002,10,0.9999925859178357,3.465719078902298e-05,0.053,0.000741411093478348,4291986.615282506,4291988.102764496
Vugelles-La Mothe,1685200,5937,2224,22,0.9990047756889661,0.06674627942681016,3.61,0.09960520962641428,3066085.423416181,3068131.921360359
Montanaire,2759363,5693,2223,22,0.9999964804643621,7.596005253659158e-06,0.016,0.00035195416982771593,33498875.454277493,33498872.909701154
Ilanz/Glion,3411942,3619,1850,18,0.9995771629906628,0.0016316868352293894,3.791,0.042292987422836964,133483237.63295157,133485415.66136727
Wikon,1682931,1147,315,3,0.9996534938898817,0.001350112081847744,3.158,0.03465638142464769,8281181.424874874,8281069.619643937
Bargen (BE),1682371,302,243,2,0.9991178253838439,0.001288943586982865,3.231,0.08825582160165527,7857992.6789728915,7857891.39388019
Dinhard,1682105,216,110,1,0.9988839075021589,0.0014908083707832693,4.117,0.11167240008813073,7070246.673839307,7070352.077668556
Thônex,1685534,6640,,25,0.9999916698384336,6.687743648284338e-08,0.015,0.000833019626411778,3820313.8262380036,3820313.8287929315
Bellmund,1682373,732,242,2,0.9987418758577905,0.037681582134420924,3.387,0.12586788888172218,3795654.2914670175,3794224.0288776397
Rebévelier,1682614,715,241,2,0.9985670397588772,0.046449872256286245,3.37,0.14336546220585472,3548481.2047245,3546832.939737867
Cadenazzo,1684641,5003,2101,21,0.999994387195822,0.00030834346930784756,0.015,0.0005612811278356778,8381666.493492066,8381640.649170814
Châtillon (JU),1685582,6704,2601,26,0.9999845067150466,0.0010239341265746835,0.961,0.0015493325654810629,5306191.599368643,5306137.267462036
Rodersdorf,1683570,2479,1104,11,0.9999953042119996,5.144792593370925e-05,0.016,0.0004695797817237073,5353218.912594445,5353216.158474344
Vulliens,1685203,5803,2222,22,0.9986380597799056,0.006496571388453763,5.703,0.1362912562522034,6634217.779909952,6634648.776604089
Biberstein,1684271,4002,1901,19,0.999994959919674,5.397161299114121e-05,0.014,0.0005040091666495056,4101888.6642329544,4101886.450377479
Val-d'Illiez,1685390,6157,2308,23,0.9996991840949667,0.0028175521112211114,17.048,0.03008569184866955,39265025.91362082,39263919.60105422
Pfyn,1684548,4841,2012,20,0.9986091148011341,0.0036049909917654772,6.335,0.13918280647510106,13139728.144518875,13139254.458502922
Bottmingen,1683629,2767,1301,13,0.9995809522907546,0.028894822522397594,3.059,0.04190749739017168,2994793.992599489,2993928.652190416
Staatswald Galm,1683405,2391,,,,,,,,
Comunanza Cadenazzo/Monteceneri,1684666,5391,,,,,,,,
Comunanza Capriasca/Lugano,1684667,5394,,,,,,,,
Thunersee,1682683,9073,,,,,,,,
Brienzersee,1682392,9089,,,,,,,,
Bielersee (BE),1682381,9149,,,,,,,,
Bielersee (NE),1685453,9150,,,,,,,,
Lac de Neuchâtel (BE),18625441,9152,,,,,,,,
Lac de Neuchâtel (NE),1685500,9155,,,,,,,,
