{
  "type": "FeatureCollection",
  "features": [
    {
      "type": "Feature",
      "properties": {
        "bfs_nummer": 1030,
        "segment_length_m": 0.4326219077996954
      },
      "geometry": {
        "type": "LineString",
        "coordinates": [
          [
            8.318448567978603,
            47.223460100368165
          ],
          [
            8.318198736363483,
            47.223307596319316
          ],
          [
            8.317432831404853,
            47.223155773238524
          ],
          [
            8.316604043085496,
            47.22285772154547
          ],
          [
            8.315696986229911,
            47.222841018106976
          ],
          [
            8.314314251431185,
            47.2226776053016
          ],
          [
            8.31413099091346,
            47.22248774213616
          ],
          [
            8.313599157109866,
            47.222377849311215
          ],
          [
            8.313161734681366,
            47.2221906522582
          ],
          [
            8.312630933853425,
            47.221886774628175
          ],
          [
            8.312464688234373,
            47.22173731213021
          ],
          [
            8.312282436537444,
            47.2217087943231
          ],
          [
            8.311591355133976,
            47.221789008031955
          ],
          [
            8.311332302458029,
            47.22176232098543
          ],
          [
            8.310835882396566,
            47.221776397887815
          ],
          [
            8.310318655058252,
            47.22193069432105
          ],
          [
            8.309565096528573,
            47.222137840992026
          ],
          [
            8.308311351263573,
            47.222193952294404
          ],
          [
            8.307803350351428,
            47.222307329490086
          ],
          [
            8.307133062178336,
            47.22226469197859
          ],
          [
            8.30594329002479,
            47.22160325235775
          ],
          [
            8.306149104995296,
            47.22122235738479
          ],
          [
            8.306910540031684,
            47.22059284918665
          ],
          [
            8.307222893377189,
            47.22034769619478
          ],
          [
            8.308068540372457,
            47.219517734636696
          ],
          [
            8.30828915055238,
            47.219318166015015
          ],
          [
            8.308460923489841,
            47.219074061658326
          ],
          [
            8.308524549973512,
            47.2189037517897
          ],
          [
            8.308520096504568,
            47.21879555513332
          ],
          [
            8.308469306963397,
            47.218667406181176
          ],
          [
            8.308414429593991,
            47.21847055571559
          ],
          [
            8.308546370079135,
            47.21820797890291
          ],
          [
            8.308533974054352,
            47.21820075041411
          ],
          [
            8.308482786617327,
            47.218186897529854
          ],
          [
            8.308475977898008,
            47.218153855583616
          ],
          [
            8.308430431960003,
            47.2181175170419
          ],
          [
            8.308390718912253,
            47.21810698666184
          ],
          [
            8.30835585606457,
            47.218109741548226
          ],
          [
            8.30823835446174,
            47.21803838811928
          ],
          [
            8.308167846270896,
            47.218050982922264
          ],
          [
            8.308085181092968,
            47.21797766628617
          ],
          [
            8.30804965966333,
            47.21797888787101
          ],
          [
            8.308004194967637,
            47.21795157973465
          ],
          [
            8.307944204954172,
            47.21794035667722
          ],
          [
            8.30787662200348,
            47.21795015870479
          ],
          [
            8.30781303076598,
            47.217934249265824
          ],
          [
            8.30773581040981,
            47.217938393980766
          ],
          [
            8.307697691251677,
            47.217917875656404
          ],
          [
            8.307610771748006,
            47.217927184744696
          ],
          [
            8.307544886193783,
            47.21791551121592
          ],
          [
            8.307386666318104,
            47.21786996545306
          ],
          [
            8.307357657342017,
            47.21784621200074
          ],
          [
            8.307310673040691,
            47.217854554051065
          ],
          [
            8.30725365011535,
            47.21784553907156
          ],
          [
            8.307206718202092,
            47.21784654059793
          ],
          [
            8.307178527704396,
            47.217834969431
          ],
          [
            8.30711344646518,
            47.21782728346277
          ],
          [
            8.30711120355675,
            47.21779567323551
          ],
          [
            8.306940127501694,
            47.21776653209029
          ],
          [
            8.306787744449501,
            47.21780233011547
          ],
          [
            8.306694303412051,
            47.217800281742015
          ],
          [
            8.306549712431782,
            47.21778338080388
          ],
          [
            8.306458956266148,
            47.21781009666105
          ],
          [
            8.306363276007762,
            47.21780511446124
          ],
          [
            8.306311688470982,
            47.21784872498635
          ],
          [
            8.30623017933155,
            47.21784892511515
          ],
          [
            8.306199304106917,
            47.21787937253063
          ],
          [
            8.306104858466602,
            47.217900044129664
          ],
          [
            8.306055079631642,
            47.21788588272249
          ],
          [
            8.306042530925504,
            47.21790177278742
          ],
          [
            8.305963469517856,
            47.21792102412439
          ],
          [
            8.305909218870436,
            47.2179111690439
          ],
          [
            8.305815241301234,
            47.21797943948822
          ],
          [
            8.30574661697049,
            47.21797471185479
          ],
          [
            8.305695585944518,
            47.2179468330402
          ],
          [
            8.305553940590068,
            47.21795282845355
          ],
          [
            8.305506424026557,
            47.217969080551775
          ],
          [
            8.305423235770963,
            47.21801149822768
          ],
          [
            8.30534830449051,
            47.21799479122841
          ],
          [
            8.305288320114828,
            47.21800099045262
          ],
          [
            8.305226438779508,
            47.217991156477005
          ],
          [
            8.305142637871384,
            47.218005558505936
          ],
          [
            8.305024435423507,
            47.217999044506946
          ],
          [
            8.304950785549623,
            47.21802556754219
          ],
          [
            8.304851946697992,
            47.21801877281677
          ],
          [
            8.304732149626304,
            47.21804993341209
          ],
          [
            8.304580679627557,
            47.21809659682713
          ],
          [
            8.304452125267144,
            47.218129163241194
          ],
          [
            8.304426794418623,
            47.21814740698895
          ],
          [
            8.304360334534767,
            47.218154868746815
          ],
          [
            8.304254570005375,
            47.218139463177344
          ],
          [
            8.304189112550997,
            47.21815012858997
          ],
          [
            8.304160050304978,
            47.21819804849127
          ],
          [
            8.30406336615376,
            47.218235484282346
          ],
          [
            8.304028613687802,
            47.21827036787677
          ],
          [
            8.303944575273528,
            47.21828482478191
          ],
          [
            8.303889929549626,
            47.218315827910395
          ],
          [
            8.3038311800718,
            47.218331471048884
          ],
          [
            8.303775596385401,
            47.21835673323468
          ],
          [
            8.303669540906888,
            47.21837477345867
          ],
          [
            8.303610778272512,
            47.218422259583384
          ],
          [
            8.303554759358498,
            47.218435318444776
          ],
          [
            8.303439449305909,
            47.21848116013288
          ],
          [
            8.303314684038899,
            47.21849177551967
          ],
          [
            8.303110214390674,
            47.218448505006904
          ],
          [
            8.303066278520255,
            47.21842171418294
          ],
          [
            8.302951963706118,
            47.21840907913014
          ],
          [
            8.302901969648035,
            47.21837259189893
          ],
          [
            8.302836320555535,
            47.21835509401276
          ],
          [
            8.302778031019054,
            47.21829546135041
          ],
          [
            8.302655514621879,
            47.218226253766396
          ],
          [
            8.30266536866534,
            47.218185701469736
          ],
          [
            8.302642617375122,
            47.218113595699606
          ],
          [
            8.302552441636664,
            47.21809385290219
          ],
          [
            8.30245257844378,
            47.21810781571968
          ],
          [
            8.302422354565884,
            47.21805367537836
          ],
          [
            8.302310951387803,
            47.21801934843208
          ],
          [
            8.302133336057095,
            47.21803480239534
          ],
          [
            8.302106380525265,
            47.2180808439688
          ],
          [
            8.30206301371164,
            47.218113776606984
          ],
          [
            8.301973974930853,
            47.218112923744464
          ],
          [
            8.30189461071029,
            47.21816095916985
          ],
          [
            8.301821669176105,
            47.218188941097026
          ],
          [
            8.3017737826019,
            47.21822488489998
          ],
          [
            8.301692652445027,
            47.21827395886597
          ],
          [
            8.301533253135492,
            47.218297434062464
          ],
          [
            8.301505999815221,
            47.21831687892457
          ],
          [
            8.301406405642338,
            47.21830909742572
          ],
          [
            8.301271621362014,
            47.218318184489455
          ],
          [
            8.301240353329302,
            47.2183883112949
          ],
          [
            8.301194798456429,
            47.21845261723116
          ],
          [
            8.3011056945721,
            47.218446942755854
          ],
          [
            8.301055335354953,
            47.218476967935764
          ],
          [
            8.301020367946386,
            47.21851584607922
          ],
          [
            8.300959194747792,
            47.21854499867851
          ],
          [
            8.300857514771753,
            47.218532338930075
          ],
          [
            8.300769018598336,
            47.21852996987639
          ],
          [
            8.300649515991367,
            47.218558317487066
          ],
          [
            8.300544134378463,
            47.21857320145872
          ],
          [
            8.300477585962769,
            47.218555574032536
          ],
          [
            8.30038954456126,
            47.2185421012156
          ],
          [
            8.300332857408186,
            47.218556350865775
          ],
          [
            8.300249889728644,
            47.21861522431199
          ],
          [
            8.300196418354933,
            47.218610281085056
          ],
          [
            8.300111311490369,
            47.218619975716344
          ],
          [
            8.29987173890665,
            47.218674307942855
          ],
          [
            8.299729014752856,
            47.21865117779776
          ],
          [
            8.299608997317383,
            47.218369616793176
          ],
          [
            8.299062868335353,
            47.21747594986324
          ],
          [
            8.298617045466615,
            47.21687396529865
          ],
          [
            8.298427513417908,
            47.21644695689825
          ],
          [
            8.298285125780835,
            47.21589656004515
          ],
          [
            8.298006501537918,
            47.21564052180015
          ],
          [
            8.297711234921907,
            47.215539144491224
          ],
          [
            8.297050429276245,
            47.21511583634776
          ],
          [
            8.29641784056624,
            47.214999176484156
          ],
          [
            8.29609555937409,
            47.21499842759416
          ],
          [
            8.295772239279044,
            47.214978984519234
          ],
          [
            8.29546100878878,
            47.214923892603814
          ],
          [
            8.29529664710193,
            47.21495112015796
          ],
          [
            8.295105440757512,
            47.2149491687648
          ],
          [
            8.294932687533388,
            47.21492641791828
          ],
          [
            8.294583043809634,
            47.21489129066675
          ],
          [
            8.294432698965563,
            47.2148638749648
          ],
          [
            8.293718707471786,
            47.21461779751639
          ],
          [
            8.293324676638298,
            47.21446830721754
          ],
          [
            8.293092015729172,
            47.21436782986878
          ],
          [
            8.292859320793099,
            47.21425855500594
          ],
          [
            8.292762757724462,
            47.21420690102974
          ],
          [
            8.292624743908227,
            47.21415620193783
          ],
          [
            8.292243507659643,
            47.21406103403401
          ],
          [
            8.29209801532316,
            47.21403055695785
          ],
          [
            8.29180773222573,
            47.21402430582691
          ],
          [
            8.291557897900036,
            47.213966679764034
          ],
          [
            8.291288719260294,
            47.213846661769985
          ],
          [
            8.2910647155216,
            47.21372818885274
          ],
          [
            8.29079993800949,
            47.21362656830635
          ],
          [
            8.290709380893007,
            47.21355892870806
          ],
          [
            8.29037363893143,
            47.213395441441236
          ],
          [
            8.290191181001532,
            47.213269328548755
          ],
          [
            8.289500755216064,
            47.212991702666166
          ],
          [
            8.28915641980831,
            47.21293902416759
          ],
          [
            8.28927734911399,
            47.21283064763644
          ],
          [
            8.289469152999146,
            47.21272876373161
          ],
          [
            8.289923576775527,
            47.212539538549485
          ],
          [
            8.289874737930445,
            47.21248514573104
          ],
          [
            8.29151359287902,
            47.21180359129532
          ],
          [
            8.291222328393841,
            47.211657173870826
          ],
          [
            8.290853442874484,
            47.211535536111555
          ],
          [
            8.29053534146313,
            47.210973737353655
          ],
          [
            8.291260793755786,
            47.21079172190049
          ],
          [
            8.290991158137514,
            47.21046720973493
          ],
          [
            8.290639687007797,
            47.21058053200476
          ],
          [
            8.290540284450133,
            47.21057879355668
          ],
          [
            8.290461761945648,
            47.21058844144955
          ],
          [
            8.290381588508618,
            47.21058726228135
          ],
          [
            8.290369499846964,
            47.210575028249345
          ],
          [
            8.290318971095063,
            47.21056447271042
          ],
          [
            8.290274692370254,
            47.210566734073524
          ],
          [
            8.290240059966113,
            47.21055220202451
          ],
          [
            8.290131472289424,
            47.21054647429837
          ],
          [
            8.290074262893901,
            47.2105524292537
          ],
          [
            8.290006620750919,
            47.210539877212604
          ],
          [
            8.289974481235111,
            47.21052023537542
          ],
          [
            8.289932773566136,
            47.210457613222694
          ],
          [
            8.289883505732558,
            47.210461575421164
          ],
          [
            8.289781248346445,
            47.210403196658106
          ],
          [
            8.289712335006543,
            47.210410290358546
          ],
          [
            8.289672670394602,
            47.21038893198555
          ],
          [
            8.289601690110098,
            47.21038890769872
          ],
          [
            8.289534113135893,
            47.21037628293862
          ],
          [
            8.28938523730022,
            47.21033070655494
          ],
          [
            8.289358625901457,
            47.21027434129489
          ],
          [
            8.289279442872852,
            47.21020260470191
          ],
          [
            8.28922607229401,
            47.21021336130951
          ],
          [
            8.28917854562751,
            47.210202288367505
          ],
          [
            8.28907257504756,
            47.210097098398386
          ],
          [
            8.288883513929633,
            47.20996740712037
          ],
          [
            8.288813925638971,
            47.20991125102947
          ],
          [
            8.288657836193732,
            47.209897560967185
          ],
          [
            8.288556293279996,
            47.20979095259022
          ],
          [
            8.288546895518607,
            47.20975944878653
          ],
          [
            8.28845772966568,
            47.20973142100493
          ],
          [
            8.288272030994683,
            47.20963954672477
          ],
          [
            8.288189622723428,
            47.209569047530714
          ],
          [
            8.288023928388046,
            47.20952235211235
          ],
          [
            8.287979597903279,
            47.20948639237958
          ],
          [
            8.287920786857653,
            47.20936316003797
          ],
          [
            8.287912385603866,
            47.20925638600109
          ],
          [
            8.28794844304923,
            47.20918202666939
          ],
          [
            8.28794803758825,
            47.20890128946605
          ],
          [
            8.28791736070173,
            47.20883398869717
          ],
          [
            8.287834625492577,
            47.20869290631853
          ],
          [
            8.287845156849409,
            47.2085722030289
          ],
          [
            8.2876896918618,
            47.20854021083655
          ],
          [
            8.287641546872418,
            47.20849672312235
          ],
          [
            8.287579766234716,
            47.208410824572525
          ],
          [
            8.28740779385202,
            47.208273529915886
          ],
          [
            8.28724115633168,
            47.20831018987173
          ],
          [
            8.287042837253162,
            47.208273556184956
          ],
          [
            8.286938510954943,
            47.208223258851156
          ],
          [
            8.286834900109186,
            47.20821390230795
          ],
          [
            8.286684263055141,
            47.20818575913886
          ],
          [
            8.286500172202999,
            47.20819061356577
          ],
          [
            8.286279901813757,
            47.208210585037506
          ],
          [
            8.286230625100668,
            47.20817638811493
          ],
          [
            8.286201183504987,
            47.20810690996138
          ],
          [
            8.286134303272712,
            47.20805221654194
          ],
          [
            8.286018131269845,
            47.20805566190973
          ],
          [
            8.285960537089824,
            47.20807551525428
          ],
          [
            8.285906051819074,
            47.208064141352224
          ],
          [
            8.285837509973787,
            47.208059527267025
          ],
          [
            8.285773287668182,
            47.20803677403412
          ],
          [
            8.28597150840841,
            47.20782901103567
          ],
          [
            8.286433169739743,
            47.20752947376682
          ],
          [
            8.287129864783612,
            47.20720676778578
          ],
          [
            8.286766997233293,
            47.20687690575385
          ],
          [
            8.28742783336237,
            47.206514397247965
          ],
          [
            8.287967626682672,
            47.20588130217465
          ],
          [
            8.287664578532626,
            47.205710828588586
          ],
          [
            8.288221607437576,
            47.205328382490556
          ],
          [
            8.28849744058688,
            47.20501552696307
          ],
          [
            8.288676510289028,
            47.20489973240531
          ],
          [
            8.288996828801455,
            47.20475182528103
          ],
          [
            8.288269770720934,
            47.204746621825976
          ],
          [
            8.287893503338514,
            47.20465042269913
          ],
          [
            8.287710712288009,
            47.204564265034904
          ],
          [
            8.287629137468029,
            47.20408752656687
          ],
          [
            8.288683927297797,
            47.20322027152508
          ],
          [
            8.288491111335205,
            47.20307114163287
          ],
          [
            8.288517888067895,
            47.202997803947326
          ],
          [
            8.288489211236868,
            47.20288591720163
          ],
          [
            8.28842955942657,
            47.20283981613513
          ],
          [
            8.288410905976955,
            47.202801373297696
          ],
          [
            8.28834033341794,
            47.20274079850753
          ],
          [
            8.288308546296008,
            47.20268650403734
          ],
          [
            8.288293111065771,
            47.20264624738916
          ],
          [
            8.288222590599837,
            47.20257314180789
          ],
          [
            8.288105983988936,
            47.20251106244178
          ],
          [
            8.287896318500561,
            47.20245676645818
          ],
          [
            8.287799922640328,
            47.20234997544867
          ],
          [
            8.287807725138185,
            47.202321007296
          ],
          [
            8.287848878478865,
            47.20229107360636
          ],
          [
            8.287845941183503,
            47.20227066713149
          ],
          [
            8.287757718458941,
            47.20222142117668
          ],
          [
            8.287701985572388,
            47.20220510098443
          ],
          [
            8.287583503915595,
            47.20220026247653
          ],
          [
            8.287359380645967,
            47.20207814023399
          ],
          [
            8.287327885498424,
            47.202012212528935
          ],
          [
            8.287244501510008,
            47.20192930641062
          ],
          [
            8.28719621149071,
            47.201921206729594
          ],
          [
            8.28713245913484,
            47.201955111668006
          ],
          [
            8.287105256571502,
            47.20196424433254
          ],
          [
            8.286931694339899,
            47.20196084539566
          ],
          [
            8.286876156141439,
            47.201973416002126
          ],
          [
            8.286821290333583,
            47.20196180249224
          ],
          [
            8.28678249630647,
            47.20191996361108
          ],
          [
            8.28679252647574,
            47.20183501089424
          ],
          [
            8.286777379402034,
            47.2017945270417
          ],
          [
            8.286731260494802,
            47.201771011369075
          ],
          [
            8.286621343143477,
            47.20173187301963
          ],
          [
            8.286602971673078,
            47.201637009824836
          ],
          [
            8.28664124983201,
            47.20159637543665
          ],
          [
            8.286581335247115,
            47.20153850061716
          ],
          [
            8.28649024602283,
            47.20153558217327
          ],
          [
            8.286420003347809,
            47.20157552531589
          ],
          [
            8.286129193800198,
            47.20160919397524
          ],
          [
            8.28598644481287,
            47.20154539787209
          ],
          [
            8.285933286949328,
            47.20150325061205
          ],
          [
            8.285981822673834,
            47.20139358365876
          ],
          [
            8.285965772249947,
            47.20132102041452
          ],
          [
            8.286042092848904,
            47.201157357606135
          ],
          [
            8.286031771304554,
            47.201136501687806
          ],
          [
            8.285998954419075,
            47.20110864210271
          ],
          [
            8.285933588100349,
            47.20110313223079
          ],
          [
            8.285794946688391,
            47.20112859218142
          ],
          [
            8.285725381218917,
            47.20112545183662
          ],
          [
            8.285658073201708,
            47.20107900087528
          ],
          [
            8.285657709350609,
            47.20099183991387
          ],
          [
            8.285699275666534,
            47.20091546164847
          ],
          [
            8.285783282149755,
            47.20079540524338
          ],
          [
            8.28577239842524,
            47.20076737525403
          ],
          [
            8.285609948583167,
            47.20076452227301
          ],
          [
            8.285549206882928,
            47.20076764956148
          ],
          [
            8.285491489269182,
            47.20073503457783
          ],
          [
            8.285520635343522,
            47.20061359171964
          ],
          [
            8.28552461223276,
            47.20057467615428
          ],
          [
            8.285473683411578,
            47.20051984702458
          ],
          [
            8.28551487639141,
            47.20041155653264
          ],
          [
            8.285510240454498,
            47.20036048879814
          ],
          [
            8.285457670377422,
            47.200324525703884
          ],
          [
            8.285358625130835,
            47.20030745243926
          ],
          [
            8.285336078702693,
            47.200292191412274
          ],
          [
            8.285317516052615,
            47.20022843486379
          ],
          [
            8.285257164380479,
            47.20015859893148
          ],
          [
            8.285241144408557,
            47.200112058512545
          ],
          [
            8.285213942728767,
            47.200056991868244
          ],
          [
            8.2852271388248,
            47.199992651018675
          ],
          [
            8.285220864972874,
            47.19992396468428
          ],
          [
            8.285203087609302,
            47.19989897172779
          ],
          [
            8.28514363675981,
            47.19987602118055
          ],
          [
            8.28504373645339,
            47.19988242245694
          ],
          [
            8.284949012268974,
            47.1999273570983
          ],
          [
            8.284874050359154,
            47.1999317219378
          ],
          [
            8.284818905947898,
            47.19990900943507
          ],
          [
            8.284740737876339,
            47.19986754013041
          ],
          [
            8.284507725619267,
            47.199811565546845
          ],
          [
            8.28443477702883,
            47.19977297214837
          ],
          [
            8.284366019654316,
            47.1997565481191
          ],
          [
            8.284260841112214,
            47.19972459589496
          ],
          [
            8.284184981390633,
            47.19973476879462
          ],
          [
            8.28404004071439,
            47.19973308936638
          ],
          [
            8.283935206449963,
            47.19969284072929
          ],
          [
            8.283766982353402,
            47.199658436354376
          ],
          [
            8.283604626161678,
            47.19959862217078
          ],
          [
            8.283439368658996,
            47.199555641102364
          ],
          [
            8.283293403305214,
            47.19951160078701
          ],
          [
            8.283236569160506,
            47.19950133131349
          ],
          [
            8.283201037088064,
            47.1994827379323
          ],
          [
            8.283133210379411,
            47.19945833658388
          ],
          [
            8.2830731733914,
            47.19944415061273
          ],
          [
            8.28302214065093,
            47.199449400216984
          ],
          [
            8.282994078031225,
            47.199435780329736
          ],
          [
            8.282934868762075,
            47.19941717156699
          ],
          [
            8.282891597039168,
            47.19941493416507
          ],
          [
            8.282666213102146,
            47.199375433155254
          ],
          [
            8.282484354860184,
            47.199333336985276
          ],
          [
            8.282447342057985,
            47.19931037355352
          ],
          [
            8.282401969702144,
            47.19926029681425
          ],
          [
            8.282327806814486,
            47.19921234696869
          ],
          [
            8.282193809483317,
            47.199196489548115
          ],
          [
            8.282147163662682,
            47.1991794614635
          ],
          [
            8.282086211467144,
            47.19914904532056
          ],
          [
            8.281994987433986,
            47.199127252373046
          ],
          [
            8.281897247708667,
            47.19909817596476
          ],
          [
            8.281851370586207,
            47.19909055112737
          ],
          [
            8.281767856032909,
            47.199099851980336
          ],
          [
            8.281590916659644,
            47.199149532551196
          ],
          [
            8.281477032832846,
            47.199157103525444
          ],
          [
            8.281279909127399,
            47.199154561201375
          ],
          [
            8.281048490975017,
            47.19916753429215
          ],
          [
            8.28102056693978,
            47.19917273090109
          ],
          [
            8.280847782736805,
            47.19924077513825
          ],
          [
            8.280822080708953,
            47.19925969113906
          ],
          [
            8.280692744188125,
            47.19932610408867
          ],
          [
            8.280492868608437,
            47.199411229887566
          ],
          [
            8.280370847915309,
            47.19944776086152
          ],
          [
            8.280017114734985,
            47.19958020071168
          ],
          [
            8.27994314955683,
            47.199596743568684
          ],
          [
            8.279898821191257,
            47.19958438415192
          ],
          [
            8.279893609074414,
            47.19955256118713
          ],
          [
            8.279848299941383,
            47.19953238308154
          ],
          [
            8.279722603809992,
            47.19953749295003
          ],
          [
            8.279673959683862,
            47.199515890904514
          ],
          [
            8.27964837611653,
            47.19949452521572
          ],
          [
            8.279587376109637,
            47.19946771518789
          ],
          [
            8.27942889087346,
            47.19943888236809
          ],
          [
            8.279250572607056,
            47.19939429956539
          ],
          [
            8.279152712904565,
            47.19939952045059
          ],
          [
            8.279116855038204,
            47.19939285584612
          ],
          [
            8.279057086968248,
            47.199361269086225
          ],
          [
            8.278990507909095,
            47.199344745004474
          ],
          [
            8.278881633860765,
            47.199378066115216
          ],
          [
            8.278831159224637,
            47.19937601466981
          ],
          [
            8.278781239065442,
            47.19935296433523
          ],
          [
            8.278733312167885,
            47.199347584022696
          ],
          [
            8.278612916374142,
            47.199316196426594
          ],
          [
            8.278577790187205,
            47.19932166085712
          ],
          [
            8.27854381127402,
            47.19936573334809
          ],
          [
            8.278511025752143,
            47.19937149551892
          ],
          [
            8.278416386646056,
            47.199353196800175
          ],
          [
            8.278348868885569,
            47.1993685042476
          ],
          [
            8.278198694060059,
            47.19938979341914
          ],
          [
            8.278069003044111,
            47.19941449518761
          ],
          [
            8.277830635473318,
            47.19943973693564
          ],
          [
            8.277517834457646,
            47.19938353808081
          ],
          [
            8.27746640626254,
            47.19938211365252
          ],
          [
            8.277426446269644,
            47.199338553069055
          ],
          [
            8.27734353445636,
            47.19933501914283
          ],
          [
            8.277186433069007,
            47.19927227921848
          ],
          [
            8.277050168286276,
            47.199229545647874
          ],
          [
            8.276889601051993,
            47.19921173463647
          ],
          [
            8.276792504620795,
            47.199186481187205
          ],
          [
            8.276731171387544,
            47.1991079586258
          ],
          [
            8.276704325857303,
            47.199081771046956
          ],
          [
            8.276683884582672,
            47.19906927254079
          ],
          [
            8.27665060029735,
            47.19906594365518
          ],
          [
            8.276516655544567,
            47.19902381324404
          ],
          [
            8.276487087850303,
            47.19898560083628
          ],
          [
            8.27641562161247,
            47.19893840118575
          ],
          [
            8.276371187588424,
            47.19889223719141
          ],
          [
            8.27634567962404,
            47.19883766891035
          ],
          [
            8.27629719516802,
            47.19879663463486
          ],
          [
            8.276263220435522,
            47.198774483688204
          ],
          [
            8.276190404432285,
            47.19870932128871
          ],
          [
            8.276153060910746,
            47.19865912975844
          ],
          [
            8.276081613152142,
            47.19859788824596
          ],
          [
            8.27598459989766,
            47.198559302616964
          ],
          [
            8.275926669532868,
            47.1985134074945
          ],
          [
            8.275911844229118,
            47.19847855990111
          ],
          [
            8.275844994067231,
            47.19844879503336
          ],
          [
            8.275779409274994,
            47.198387717600255
          ],
          [
            8.275689652423715,
            47.19832785927578
          ],
          [
            8.275631393294503,
            47.198265136358536
          ],
          [
            8.2754931014649,
            47.198180318113565
          ],
          [
            8.275464464977562,
            47.19814924986797
          ],
          [
            8.275422548835204,
            47.19811630816028
          ],
          [
            8.27531821752146,
            47.19806202453834
          ],
          [
            8.275220691832244,
            47.198027705723284
          ],
          [
            8.275025527545333,
            47.197975457938426
          ],
          [
            8.27480231125153,
            47.19795649789332
          ],
          [
            8.274520450110465,
            47.19790828791488
          ],
          [
            8.274383818223564,
            47.197905897387756
          ],
          [
            8.274277291257263,
            47.19788838318662
          ],
          [
            8.274140145785866,
            47.19788775016295
          ],
          [
            8.274042430886047,
            47.1978632185148
          ],
          [
            8.273981878495682,
            47.19786308207816
          ],
          [
            8.273911184731901,
            47.19787441609715
          ],
          [
            8.273729492453235,
            47.19788782337813
          ],
          [
            8.273666355448356,
            47.19790727009507
          ],
          [
            8.27356075473194,
            47.19795585429666
          ],
          [
            8.273501410435735,
            47.19798916202395
          ],
          [
            8.273421452626199,
            47.19799970835614
          ],
          [
            8.27332896925053,
            47.19802372129404
          ],
          [
            8.273265928328335,
            47.198010433533454
          ],
          [
            8.272397420063587,
            47.19770284616878
          ],
          [
            8.272226401580554,
            47.19765252371595
          ],
          [
            8.272010885972042,
            47.19756774756734
          ],
          [
            8.271897747087051,
            47.197535733771794
          ],
          [
            8.271824009482492,
            47.19749907212167
          ],
          [
            8.271775187203508,
            47.19749366841748
          ],
          [
            8.271580704953832,
            47.19739926734351
          ],
          [
            8.271263566962755,
            47.19730826251413
          ],
          [
            8.270699355096914,
            47.197182009038315
          ],
          [
            8.270584193275896,
            47.19716153143445
          ],
          [
            8.270474441517527,
            47.19712995952859
          ],
          [
            8.270335053755593,
            47.19710210969272
          ],
          [
            8.270240133664284,
            47.19706868537523
          ],
          [
            8.269911091245035,
            47.197002004885576
          ],
          [
            8.269546638336829,
            47.196907091153726
          ],
          [
            8.269428278363023,
            47.19683017257292
          ],
          [
            8.269356812806917,
            47.196760327641165
          ],
          [
            8.269168556800727,
            47.19667889366821
          ],
          [
            8.26292224642167,
            47.19407930175515
          ],
          [
            8.256666702781732,
            47.191475265120225
          ],
          [
            8.255494924177476,
            47.190979510650045
          ],
          [
            8.255040637505816,
            47.1913889017885
          ],
          [
            8.252153932445633,
            47.190719895655654
          ],
          [
            8.25211191766721,
            47.190721658703026
          ],
          [
            8.251930087811738,
            47.19066744276411
          ],
          [
            8.251832489304455,
            47.19060038923917
          ],
          [
            8.251787281288317,
            47.190533559349696
          ],
          [
            8.251662897790093,
            47.19054651821913
          ],
          [
            8.251265626274703,
            47.19038562799448
          ],
          [
            8.251205229115477,
            47.190319543733025
          ],
          [
            8.251217520987343,
            47.19027480482747
          ],
          [
            8.251148757397546,
            47.19002185036232
          ],
          [
            8.251036923048362,
            47.1899017799728
          ],
          [
            8.251013493462215,
            47.18984044510407
          ],
          [
            8.250958623518276,
            47.18982112373355
          ],
          [
            8.250889035139094,
            47.18973276906731
          ],
          [
            8.250656211446923,
            47.18966042571086
          ],
          [
            8.2506256712277,
            47.189612210932594
          ],
          [
            8.250315566165654,
            47.189455713058294
          ],
          [
            8.250162199299218,
            47.18932021098202
          ],
          [
            8.250099181909984,
            47.18929783428861
          ],
          [
            8.250074708625844,
            47.18925285985597
          ],
          [
            8.249965873199422,
            47.18920847089087
          ],
          [
            8.249909425050067,
            47.18914591122801
          ],
          [
            8.249712195730508,
            47.18911204850791
          ],
          [
            8.249562381563731,
            47.18905494975112
          ],
          [
            8.249500495832708,
            47.1889435122937
          ],
          [
            8.24940369643628,
            47.188929657696626
          ],
          [
            8.249280078175918,
            47.18875949336462
          ],
          [
            8.249269648777988,
            47.18868773113035
          ],
          [
            8.249214118810473,
            47.18863778492815
          ],
          [
            8.249184716034783,
            47.188581780913424
          ],
          [
            8.249208857823573,
            47.188428116878285
          ],
          [
            8.249119623436274,
            47.18829076766434
          ],
          [
            8.249172025749035,
            47.18825796210018
          ],
          [
            8.249059045534338,
            47.188142719285686
          ],
          [
            8.248909743918786,
            47.188080030062146
          ],
          [
            8.248613666691323,
            47.18793142565221
          ],
          [
            8.248477110425476,
            47.187825001500265
          ],
          [
            8.248396763394418,
            47.18782133884848
          ],
          [
            8.248343365516767,
            47.18778050736074
          ],
          [
            8.248299388135445,
            47.18771520562602
          ],
          [
            8.248190205109033,
            47.187703353079414
          ],
          [
            8.248118551840458,
            47.18774230233719
          ],
          [
            8.247831579342746,
            47.18776009708698
          ],
          [
            8.247753115464674,
            47.187673278121935
          ],
          [
            8.247458779770582,
            47.18760635292687
          ],
          [
            8.247237338108006,
            47.18764887240495
          ],
          [
            8.24713073819242,
            47.18753985256357
          ],
          [
            8.246967546184475,
            47.18751471438162
          ],
          [
            8.246774386763198,
            47.18732869128484
          ],
          [
            8.246396659725361,
            47.18734548229008
          ],
          [
            8.246317319839099,
            47.18729746479558
          ],
          [
            8.246216673547401,
            47.18717096965627
          ],
          [
            8.246205003911008,
            47.18709891900427
          ],
          [
            8.245902018042916,
            47.186904327690094
          ],
          [
            8.245923592543349,
            47.18675833725624
          ],
          [
            8.245775862065445,
            47.18668558534198
          ],
          [
            8.24572903776781,
            47.18669195835216
          ],
          [
            8.245663898853993,
            47.186677312001216
          ],
          [
            8.245597383288867,
            47.186674620886805
          ],
          [
            8.245438783979711,
            47.18665019496681
          ],
          [
            8.245436183383575,
            47.18662035812334
          ],
          [
            8.245378604496937,
            47.18658290977769
          ],
          [
            8.245294054999423,
            47.18655854048294
          ],
          [
            8.2449134284421,
            47.18652442514803
          ],
          [
            8.244750303032633,
            47.18644474548571
          ],
          [
            8.244691291757766,
            47.186440049351496
          ],
          [
            8.244472506995407,
            47.1863836966991
          ],
          [
            8.244286729815498,
            47.18630329338923
          ],
          [
            8.244065180040964,
            47.18625339987658
          ],
          [
            8.243892004289517,
            47.186222066541355
          ],
          [
            8.243696914488691,
            47.186181216336706
          ],
          [
            8.243450823873216,
            47.1859970959805
          ],
          [
            8.243320824335084,
            47.18588871294776
          ],
          [
            8.243328325547873,
            47.18579966202758
          ],
          [
            8.243254865502529,
            47.18575098067431
          ],
          [
            8.243048822207788,
            47.185561506297645
          ],
          [
            8.242906186304005,
            47.18549890669258
          ],
          [
            8.242847731506565,
            47.1854337040251
          ],
          [
            8.242727825885822,
            47.185341845961986
          ],
          [
            8.242411078929363,
            47.1851747679909
          ],
          [
            8.242282354654165,
            47.18512906243002
          ],
          [
            8.242185770706016,
            47.18515181076154
          ],
          [
            8.242051831294608,
            47.185103226896764
          ],
          [
            8.24204741908878,
            47.18506859918422
          ],
          [
            8.241849488209208,
            47.184976978806255
          ],
          [
            8.24185203686623,
            47.184941960707604
          ],
          [
            8.24171127175442,
            47.18491677560318
          ],
          [
            8.241638857542606,
            47.184920024208346
          ],
          [
            8.241551482785765,
            47.18489964776467
          ],
          [
            8.241289615326034,
            47.18486265036444
          ],
          [
            8.24125616873358,
            47.184821361693025
          ],
          [
            8.241181574177379,
            47.18480238908007
          ],
          [
            8.241121476965068,
            47.184819278177216
          ],
          [
            8.241081196762408,
            47.184768367246946
          ],
          [
            8.240869389628354,
            47.184732279312335
          ],
          [
            8.240821490508107,
            47.184747850916935
          ],
          [
            8.240635075557021,
            47.18469809283685
          ],
          [
            8.240509961678049,
            47.18470119508543
          ],
          [
            8.24043772026513,
            47.18472124476176
          ],
          [
            8.24113571890979,
            47.18521028111795
          ],
          [
            8.241259711682007,
            47.185602992676
          ],
          [
            8.241218005666333,
            47.18590309329482
          ],
          [
            8.240789628100828,
            47.18678037547933
          ],
          [
            8.24039582690756,
            47.18747667464282
          ],
          [
            8.24087858610752,
            47.18748792923465
          ],
          [
            8.240902198114181,
            47.18778054021725
          ],
          [
            8.240861581389744,
            47.18806113135609
          ],
          [
            8.240645975033063,
            47.1886607145115
          ],
          [
            8.240321096245964,
            47.18941022517896
          ],
          [
            8.239584793102939,
            47.18940135272239
          ],
          [
            8.239174744822444,
            47.189952469802826
          ],
          [
            8.239021830054018,
            47.19036056488656
          ],
          [
            8.238810436535818,
            47.19066059319114
          ],
          [
            8.239164537245154,
            47.19087719166222
          ],
          [
            8.238321478393871,
            47.191840730490604
          ],
          [
            8.238608792050332,
            47.19208858493959
          ],
          [
            8.237808324793132,
            47.19226735424542
          ],
          [
            8.237466168923014,
            47.19353254310882
          ],
          [
            8.237223499355354,
            47.19406384408633
          ],
          [
            8.237095921546942,
            47.19426057164462
          ],
          [
            8.237029569281066,
            47.1943092188294
          ],
          [
            8.237119323590305,
            47.19506732124838
          ],
          [
            8.237201515243422,
            47.19536719900834
          ],
          [
            8.237252369304315,
            47.19544013899771
          ],
          [
            8.23734917474568,
            47.19549979822745
          ],
          [
            8.237474927519198,
            47.195524526226365
          ],
          [
            8.237574290589185,
            47.1955168206876
          ],
          [
            8.236958373123578,
            47.19626467769225
          ],
          [
            8.236324139933728,
            47.19594899754843
          ],
          [
            8.236217227113698,
            47.196098338224374
          ],
          [
            8.236246092320837,
            47.1966447476036
          ],
          [
            8.23598861526976,
            47.19699095548174
          ],
          [
            8.235595164664591,
            47.19733463164633
          ],
          [
            8.235657577913312,
            47.197331294277184
          ],
          [
            8.235799775174794,
            47.197365571116805
          ],
          [
            8.235855803223796,
            47.197365929875126
          ],
          [
            8.23593353573575,
            47.19735177306737
          ],
          [
            8.236036598393616,
            47.1973963591477
          ],
          [
            8.236117636805403,
            47.19748091924279
          ],
          [
            8.236116931007231,
            47.197531845753915
          ],
          [
            8.236143561281764,
            47.197564466705984
          ],
          [
            8.236203033054755,
            47.197587775097745
          ],
          [
            8.236231107206702,
            47.19764111088771
          ],
          [
            8.236362410637748,
            47.197698804934824
          ],
          [
            8.235904825214174,
            47.19886751277861
          ],
          [
            8.236213799220751,
            47.19896593932115
          ],
          [
            8.237092569816019,
            47.19963530577192
          ],
          [
            8.236872618445009,
            47.20043524979974
          ],
          [
            8.236608709908683,
            47.200957340543226
          ],
          [
            8.239112266750062,
            47.20146614805648
          ],
          [
            8.238852886035989,
            47.2021504041337
          ],
          [
            8.238911246983479,
            47.20253752795746
          ],
          [
            8.238977534686585,
            47.202869519302574
          ],
          [
            8.238916678295102,
            47.20312468495833
          ],
          [
            8.238293520272087,
            47.20389960995553
          ],
          [
            8.23825835273473,
            47.20384626099609
          ],
          [
            8.23820372457099,
            47.20380667477985
          ],
          [
            8.238098186421405,
            47.203809359331885
          ],
          [
            8.238015852327583,
            47.20373257248753
          ],
          [
            8.237493219535638,
            47.20444437782362
          ],
          [
            8.237064738148383,
            47.20506875175168
          ],
          [
            8.237059926305271,
            47.205139891751635
          ],
          [
            8.236919784923693,
            47.20539783648916
          ],
          [
            8.23688397944452,
            47.20547419257886
          ],
          [
            8.236875384688672,
            47.2055492446821
          ],
          [
            8.23674695235406,
            47.205508379212894
          ],
          [
            8.235861671364265,
            47.20656227348962
          ],
          [
            8.236055631025948,
            47.20669185517543
          ],
          [
            8.23611700660071,
            47.2067483335308
          ],
          [
            8.23618650044514,
            47.20678624363739
          ],
          [
            8.236332510930671,
            47.206856770921725
          ],
          [
            8.236440404842373,
            47.20695764179459
          ],
          [
            8.236530335038472,
            47.206993961926486
          ],
          [
            8.235918041203108,
            47.208843176928376
          ],
          [
            8.235864477679891,
            47.208844249278435
          ],
          [
            8.235856497842832,
            47.208803043808935
          ],
          [
            8.235803791502546,
            47.208782800716406
          ],
          [
            8.235751965716593,
            47.20879861301466
          ],
          [
            8.235708191515052,
            47.208776302151236
          ],
          [
            8.235531796234204,
            47.20873278080617
          ],
          [
            8.235516831844908,
            47.20866840718305
          ],
          [
            8.235443053287442,
            47.20865668417696
          ],
          [
            8.235393945405015,
            47.20861569120801
          ],
          [
            8.235347957400586,
            47.208611340821676
          ],
          [
            8.235296965994175,
            47.208563524534334
          ],
          [
            8.235227535072829,
            47.20853438372032
          ],
          [
            8.235197914922514,
            47.20848746302886
          ],
          [
            8.235149934692467,
            47.20844771248245
          ],
          [
            8.235089759829927,
            47.20847725482725
          ],
          [
            8.234957540391077,
            47.208433310214566
          ],
          [
            8.234886543885672,
            47.20844705984157
          ],
          [
            8.234842776861067,
            47.208422526802714
          ],
          [
            8.23479322565204,
            47.20837210074435
          ],
          [
            8.234803056609156,
            47.20832755183723
          ],
          [
            8.23478288675123,
            47.208288517421806
          ],
          [
            8.234835594849677,
            47.208235333653896
          ],
          [
            8.234804283747467,
            47.20817055120945
          ],
          [
            8.234818597256956,
            47.20813450770149
          ],
          [
            8.234830557773288,
            47.208083161734706
          ],
          [
            8.234837245510255,
            47.208017226117214
          ],
          [
            8.23479906062215,
            47.20796153129627
          ],
          [
            8.234806947977255,
            47.207910564293314
          ],
          [
            8.234822289116025,
            47.20786286497399
          ],
          [
            8.23488861658182,
            47.207699558488315
          ],
          [
            8.234904600760947,
            47.20728717374222
          ],
          [
            8.234538012878847,
            47.20719291065103
          ],
          [
            8.234371356009984,
            47.207115939296266
          ],
          [
            8.234401329413819,
            47.206992390861515
          ],
          [
            8.234228862362684,
            47.20692852038624
          ],
          [
            8.234364008883896,
            47.20669835466527
          ],
          [
            8.23369452906835,
            47.20660639686545
          ],
          [
            8.232424515511898,
            47.20644100122977
          ],
          [
            8.231862965897829,
            47.206378683535455
          ],
          [
            8.231900352462997,
            47.20610757342178
          ],
          [
            8.232078149577935,
            47.20560211720878
          ],
          [
            8.232071081244927,
            47.20559632805279
          ],
          [
            8.23198876080964,
            47.20558146842252
          ],
          [
            8.231835924008328,
            47.20557069242095
          ],
          [
            8.231713246381283,
            47.20554112460164
          ],
          [
            8.23165136229445,
            47.2054980142016
          ],
          [
            8.2315707381439,
            47.205490716503384
          ],
          [
            8.231500125570172,
            47.20542864138825
          ],
          [
            8.23133329516441,
            47.205384715007774
          ],
          [
            8.231229344897207,
            47.205313954973136
          ],
          [
            8.231159464761411,
            47.20530394747981
          ],
          [
            8.231054570704451,
            47.2053022134961
          ],
          [
            8.231003463506394,
            47.205283531370746
          ],
          [
            8.230942911217626,
            47.205283938915784
          ],
          [
            8.23090111343694,
            47.20525214975405
          ],
          [
            8.230843256514897,
            47.20524026034038
          ],
          [
            8.230799553933823,
            47.2052179921065
          ],
          [
            8.230726082326461,
            47.2051882737135
          ],
          [
            8.230679110638349,
            47.20517342192083
          ],
          [
            8.230626059326275,
            47.20517140300235
          ],
          [
            8.23054675323533,
            47.20516215257699
          ],
          [
            8.230470472810241,
            47.20512635462831
          ],
          [
            8.23032324215089,
            47.20514733590666
          ],
          [
            8.230277588684473,
            47.20518944111145
          ],
          [
            8.230195679669654,
            47.20519784780334
          ],
          [
            8.230081802349913,
            47.205195571995006
          ],
          [
            8.229985741423038,
            47.20518419651959
          ],
          [
            8.229744700794674,
            47.20519697931072
          ],
          [
            8.229619900765126,
            47.205192448324794
          ],
          [
            8.229533915073239,
            47.205179564060835
          ],
          [
            8.229424367408003,
            47.205136231043696
          ],
          [
            8.229368909870947,
            47.20513483074048
          ],
          [
            8.229346513312496,
            47.205137683034344
          ],
          [
            8.229292356503073,
            47.205155523362045
          ],
          [
            8.229369783215757,
            47.20539035864399
          ],
          [
            8.229334829259392,
            47.20569471521992
          ],
          [
            8.229259743742503,
            47.20602643158723
          ],
          [
            8.22928876073426,
            47.20619820143237
          ],
          [
            8.229212570897873,
            47.206505278628455
          ],
          [
            8.228986585825696,
            47.207246220531296
          ],
          [
            8.2290659104161,
            47.207603124829376
          ],
          [
            8.229060714308284,
            47.20787678342601
          ],
          [
            8.22898947487017,
            47.20816537733362
          ],
          [
            8.228618671853996,
            47.20850398804453
          ],
          [
            8.228546493354122,
            47.20867110882207
          ],
          [
            8.228481761790361,
            47.20884197442612
          ],
          [
            8.228478963164909,
            47.20901002263095
          ],
          [
            8.22841787169696,
            47.20918160981617
          ],
          [
            8.228216690730656,
            47.20934284142027
          ],
          [
            8.228540364370293,
            47.20938682131401
          ],
          [
            8.22947135266409,
            47.20962594650102
          ],
          [
            8.22992516636003,
            47.20975077671254
          ],
          [
            8.230429226336122,
            47.20988474963974
          ],
          [
            8.230843379170038,
            47.20999723768921
          ],
          [
            8.231260993553645,
            47.210102684236965
          ],
          [
            8.231705884172154,
            47.2102252031454
          ],
          [
            8.232865153557329,
            47.2105248405205
          ],
          [
            8.233364317598106,
            47.21066413255233
          ],
          [
            8.23341951571078,
            47.21092840645746
          ],
          [
            8.233404516879416,
            47.211583850111055
          ],
          [
            8.23384761578,
            47.21130144841927
          ],
          [
            8.234689293646417,
            47.21156373492677
          ],
          [
            8.235161777921569,
            47.21170908640595
          ],
          [
            8.235475445652177,
            47.21182615655064
          ],
          [
            8.235489640084047,
            47.21179537597161
          ],
          [
            8.23555809191711,
            47.21168142886302
          ],
          [
            8.235606611493768,
            47.2115649120762
          ],
          [
            8.235695654598414,
            47.21125155325222
          ],
          [
            8.23570752915963,
            47.21110409483751
          ],
          [
            8.235619428036072,
            47.210893282810275
          ],
          [
            8.236151482738128,
            47.21020989213017
          ],
          [
            8.237118719259026,
            47.21033691320862
          ],
          [
            8.238248466212122,
            47.210462609322036
          ],
          [
            8.238120105908157,
            47.21058639183227
          ],
          [
            8.238038564453134,
            47.210686111126336
          ],
          [
            8.237976720047824,
            47.210826594561745
          ],
          [
            8.23789535152766,
            47.211292171677215
          ],
          [
            8.237860450710048,
            47.21128259114062
          ],
          [
            8.237706400659528,
            47.21131372159141
          ],
          [
            8.237504801791363,
            47.21144830181216
          ],
          [
            8.2371235968298,
            47.2118273191892
          ],
          [
            8.236985509815181,
            47.21198172423519
          ],
          [
            8.23767564886928,
            47.21215005055416
          ],
          [
            8.237875450684067,
            47.21220249135399
          ],
          [
            8.237819975056386,
            47.21231966004116
          ],
          [
            8.23778698058415,
            47.212443895830916
          ],
          [
            8.237796794482897,
            47.21255028513438
          ],
          [
            8.237861517757313,
            47.21281873656839
          ],
          [
            8.237874304833708,
            47.21299509634259
          ],
          [
            8.23783359877212,
            47.21328353775792
          ],
          [
            8.237854329458912,
            47.21350382858799
          ],
          [
            8.237992217323193,
            47.21376351474598
          ],
          [
            8.23801477041946,
            47.21374354197996
          ],
          [
            8.238065411499527,
            47.21379922122474
          ],
          [
            8.238176458018852,
            47.214086861379826
          ],
          [
            8.238331797076473,
            47.21431535681997
          ],
          [
            8.238412985621673,
            47.214478621467634
          ],
          [
            8.23844333005273,
            47.21563026376522
          ],
          [
            8.238470956604377,
            47.216247866125364
          ],
          [
            8.238463607239009,
            47.21646353926224
          ],
          [
            8.23851980160177,
            47.21646484918852
          ],
          [
            8.238785688759085,
            47.2159952473207
          ],
          [
            8.241894526214827,
            47.21633297719296
          ],
          [
            8.242032778484262,
            47.217121335549706
          ],
          [
            8.242076682903738,
            47.2172720755267
          ],
          [
            8.242169358482826,
            47.21745543346733
          ],
          [
            8.242247464392957,
            47.21756708487362
          ],
          [
            8.242445535586418,
            47.21781543474282
          ],
          [
            8.242546969185875,
            47.21796471170149
          ],
          [
            8.242613980983789,
            47.21812165876002
          ],
          [
            8.242649146705023,
            47.218274960124184
          ],
          [
            8.242662658927095,
            47.21838600957813
          ],
          [
            8.242695860838309,
            47.21877397141443
          ],
          [
            8.242900506222151,
            47.21883045358828
          ],
          [
            8.24397586005308,
            47.21896881554901
          ],
          [
            8.244057815297635,
            47.21898061992442
          ],
          [
            8.244220652288343,
            47.21900745626167
          ],
          [
            8.244301547516114,
            47.21902250612099
          ],
          [
            8.244461986203008,
            47.21905576341831
          ],
          [
            8.243485716173831,
            47.22075529869507
          ],
          [
            8.245468675912093,
            47.22127211433566
          ],
          [
            8.246471167907046,
            47.2218311256032
          ],
          [
            8.246649361162957,
            47.22192900228497
          ],
          [
            8.24741053314277,
            47.2213742845326
          ],
          [
            8.249943228581317,
            47.22264053171325
          ],
          [
            8.250113270349905,
            47.222618285633
          ],
          [
            8.250160938329431,
            47.22260630120915
          ],
          [
            8.250183501070905,
            47.22259832552425
          ],
          [
            8.251186630567096,
            47.22301710256099
          ],
          [
            8.25076479608865,
            47.22332121542562
          ],
          [
            8.250961569463843,
            47.223446209736835
          ],
          [
            8.251342061544745,
            47.22370148862112
          ],
          [
            8.251210729581134,
            47.22379231215742
          ],
          [
            8.2521373570003,
            47.224414028713355
          ],
          [
            8.251884251921645,
            47.22488133093461
          ],
          [
            8.252253429028348,
            47.225002074708364
          ],
          [
            8.251651755416743,
            47.225818526982366
          ],
          [
            8.250733374187472,
            47.225846195934594
          ],
          [
            8.250298095046846,
            47.22651452368447
          ],
          [
            8.25021097446875,
            47.226652186898406
          ],
          [
            8.250952808182674,
            47.22687551633739
          ],
          [
            8.25071959350731,
            47.22725932660526
          ],
          [
            8.250665749743769,
            47.22731357779949
          ],
          [
            8.250579507323819,
            47.22736126595886
          ],
          [
            8.250683960889667,
            47.22734760390211
          ],
          [
            8.250919051314623,
            47.22739058063237
          ],
          [
            8.252454651253892,
            47.22791561117712
          ],
          [
            8.252998274488103,
            47.22808141827936
          ],
          [
            8.252994417491351,
            47.228127293632284
          ],
          [
            8.25293513094172,
            47.22822725254223
          ],
          [
            8.252989522871395,
            47.2282524322613
          ],
          [
            8.253363171948902,
            47.2283529828975
          ],
          [
            8.253604993541712,
            47.22842995308845
          ],
          [
            8.254047423690142,
            47.228558646478874
          ],
          [
            8.254533011309704,
            47.22870644405926
          ],
          [
            8.255128756818449,
            47.22886793223563
          ],
          [
            8.25550726076143,
            47.228983184546244
          ],
          [
            8.255588955835417,
            47.229004436515396
          ],
          [
            8.255941160694102,
            47.22910697486653
          ],
          [
            8.255887084094923,
            47.2292183401348
          ],
          [
            8.255453826720519,
            47.22997597619265
          ],
          [
            8.255305077049861,
            47.230261896699425
          ],
          [
            8.255052659251518,
            47.23065746430521
          ],
          [
            8.254074519302169,
            47.23198471904071
          ],
          [
            8.25405824961531,
            47.23200376886555
          ],
          [
            8.254019116783985,
            47.23200179699073
          ],
          [
            8.253787491944466,
            47.23202305400665
          ],
          [
            8.253611999179222,
            47.232043904594875
          ],
          [
            8.25351987786216,
            47.23205018699661
          ],
          [
            8.253492291312742,
            47.232065826664744
          ],
          [
            8.253253111493562,
            47.23238518880199
          ],
          [
            8.252528783384168,
            47.23337905743232
          ],
          [
            8.252475320172854,
            47.233444712455714
          ],
          [
            8.252148643015152,
            47.233342738843604
          ],
          [
            8.251371010938303,
            47.23315108918292
          ],
          [
            8.251336502791526,
            47.23315019916766
          ],
          [
            8.251124040903893,
            47.233259665496824
          ],
          [
            8.250910921681832,
            47.23335200039464
          ],
          [
            8.250503410936314,
            47.2336742969707
          ],
          [
            8.25039099178016,
            47.23374516971242
          ],
          [
            8.250330794376184,
            47.23376846826027
          ],
          [
            8.250293840081246,
            47.233764797684096
          ],
          [
            8.248661409263624,
            47.23346977571337
          ],
          [
            8.248424293465423,
            47.23354234150494
          ],
          [
            8.246634168617327,
            47.233209558079025
          ],
          [
            8.245198983995966,
            47.233489725471664
          ],
          [
            8.245169165639242,
            47.23348894470461
          ],
          [
            8.24487576292364,
            47.23432097475376
          ],
          [
            8.244588009892514,
            47.23427387433421
          ],
          [
            8.243933911206815,
            47.236338960275326
          ],
          [
            8.243702327643868,
            47.23616712605465
          ],
          [
            8.243337493559611,
            47.23590704460078
          ],
          [
            8.242696891439397,
            47.23547747601947
          ],
          [
            8.242342705387097,
            47.23529165251737
          ],
          [
            8.242309557727019,
            47.235324238998096
          ],
          [
            8.241473941107335,
            47.2368975460677
          ],
          [
            8.240836279277898,
            47.236763165284984
          ],
          [
            8.240363226441142,
            47.237899126141954
          ],
          [
            8.240091272968568,
            47.238546594127854
          ],
          [
            8.23985054523709,
            47.23912947551083
          ],
          [
            8.238281920549523,
            47.23884584388066
          ],
          [
            8.237400311999266,
            47.238681320748185
          ],
          [
            8.237265434658008,
            47.23865467655177
          ],
          [
            8.234913051780063,
            47.23811641600765
          ],
          [
            8.234580698850348,
            47.23874523620022
          ],
          [
            8.233256953450942,
            47.238152285625674
          ],
          [
            8.232372696189593,
            47.2377630366538
          ],
          [
            8.23218749442767,
            47.23800000970029
          ],
          [
            8.231580542729148,
            47.23744837303271
          ],
          [
            8.23160133916524,
            47.23742488775133
          ],
          [
            8.230435008192263,
            47.23709759747594
          ],
          [
            8.230634716664923,
            47.23675369312526
          ],
          [
            8.230203546178853,
            47.23659763152736
          ],
          [
            8.22931864942608,
            47.236218132301694
          ],
          [
            8.229430794846643,
            47.236033674592925
          ],
          [
            8.228963305934942,
            47.23594936836612
          ],
          [
            8.228434472148292,
            47.235860551364205
          ],
          [
            8.228131263321734,
            47.23583419544478
          ],
          [
            8.227750678337223,
            47.236558700905896
          ],
          [
            8.226826653704013,
            47.23620153342842
          ],
          [
            8.225956543156776,
            47.23586261006781
          ],
          [
            8.225909174374616,
            47.23591849616428
          ],
          [
            8.225825593947771,
            47.2361296684918
          ],
          [
            8.225784200658408,
            47.23635462089417
          ],
          [
            8.225676320589212,
            47.2365758266247
          ],
          [
            8.225016895454452,
            47.23626253238203
          ],
          [
            8.224724446265661,
            47.236194617843
          ],
          [
            8.224401471454348,
            47.23619913203738
          ],
          [
            8.224086383790173,
            47.2362209070655
          ],
          [
            8.223910774290763,
            47.23622470331107
          ],
          [
            8.223642304996437,
            47.23627334254337
          ],
          [
            8.223321771376852,
            47.236295746241
          ],
          [
            8.22311474933764,
            47.23614071348725
          ],
          [
            8.22286406470304,
            47.23590361870644
          ],
          [
            8.222647899679204,
            47.23579225538272
          ],
          [
            8.222665610046295,
            47.235741825530496
          ],
          [
            8.222566779841786,
            47.23574787686405
          ],
          [
            8.22245237153835,
            47.23573361527429
          ],
          [
            8.222360588968959,
            47.23569339288579
          ],
          [
            8.22231086159534,
            47.23563006399733
          ],
          [
            8.222295577246456,
            47.235552297690184
          ],
          [
            8.222308468715632,
            47.235428977702156
          ],
          [
            8.222344884102522,
            47.235280626400815
          ],
          [
            8.222430281515264,
            47.23511597573445
          ],
          [
            8.222467118272005,
            47.235023426876715
          ],
          [
            8.22247684409887,
            47.23496076409276
          ],
          [
            8.222464452416489,
            47.234834386794006
          ],
          [
            8.222362848107997,
            47.23462315411542
          ],
          [
            8.222331240541752,
            47.234471496415
          ],
          [
            8.222441748212779,
            47.234044216969195
          ],
          [
            8.222485361698292,
            47.233887891953096
          ],
          [
            8.222636174610317,
            47.23362647695106
          ],
          [
            8.222658800715669,
            47.23357720097372
          ],
          [
            8.221285591225064,
            47.23326354009534
          ],
          [
            8.221262348388136,
            47.23327617409451
          ],
          [
            8.221125856038695,
            47.233448987615546
          ],
          [
            8.221075603729677,
            47.233607632934465
          ],
          [
            8.221002586173714,
            47.23371051046347
          ],
          [
            8.22086629403023,
            47.23376716004365
          ],
          [
            8.220764982197606,
            47.23376131723763
          ],
          [
            8.220688469024223,
            47.233722779915475
          ],
          [
            8.219892150328665,
            47.2339366055234
          ],
          [
            8.219764311448088,
            47.23392385355142
          ],
          [
            8.21940577038043,
            47.23397797776577
          ],
          [
            8.219112147674531,
            47.23399296448435
          ],
          [
            8.218825940003528,
            47.23408893675035
          ],
          [
            8.21890488509323,
            47.234218156023765
          ],
          [
            8.218970061178936,
            47.23446172371442
          ],
          [
            8.21902267066052,
            47.234696615263296
          ],
          [
            8.218965657943881,
            47.2347128955716
          ],
          [
            8.219149747402415,
            47.234839783589045
          ],
          [
            8.2192878333642,
            47.23498526988738
          ],
          [
            8.219432140044702,
            47.23520036260951
          ],
          [
            8.219702564602036,
            47.23548817106862
          ],
          [
            8.219790747626764,
            47.235604886943804
          ],
          [
            8.219859872890298,
            47.23576131918173
          ],
          [
            8.219928290708605,
            47.236064519514386
          ],
          [
            8.21992180670226,
            47.236230846079756
          ],
          [
            8.219853072922334,
            47.23637330795527
          ],
          [
            8.219756078489748,
            47.23646081263825
          ],
          [
            8.219620018229811,
            47.23659538323513
          ],
          [
            8.219640019307178,
            47.236634646040045
          ],
          [
            8.219524924241698,
            47.23668284784978
          ],
          [
            8.219348961629027,
            47.23698907122102
          ],
          [
            8.219289371022398,
            47.23733004556924
          ],
          [
            8.219147078010675,
            47.237597901476796
          ],
          [
            8.219005476078431,
            47.237813671154264
          ],
          [
            8.218699337189847,
            47.23804764495824
          ],
          [
            8.218702277135227,
            47.238523391235674
          ],
          [
            8.218934728199395,
            47.23860026357707
          ],
          [
            8.220357899294793,
            47.23904532856208
          ],
          [
            8.220373191758492,
            47.23918609631564
          ],
          [
            8.22028428415731,
            47.2394385516814
          ],
          [
            8.220153896984138,
            47.23968515359515
          ],
          [
            8.219977860218163,
            47.23988190841972
          ],
          [
            8.219863401648455,
            47.24017928695739
          ],
          [
            8.219841241054315,
            47.24029332344277
          ],
          [
            8.219758918503937,
            47.24044173294836
          ],
          [
            8.219305212433218,
            47.240823444253344
          ],
          [
            8.219041138160637,
            47.24113790925282
          ],
          [
            8.218889636078151,
            47.24142987059684
          ],
          [
            8.218588715025692,
            47.24157209497311
          ],
          [
            8.218333693230758,
            47.24160760572634
          ],
          [
            8.218165994532669,
            47.24149300979743
          ],
          [
            8.217580941352573,
            47.242295544706465
          ],
          [
            8.217477623272655,
            47.24224918082605
          ],
          [
            8.217471610139933,
            47.24218186660359
          ],
          [
            8.217309940116973,
            47.242229966957005
          ],
          [
            8.217291769332421,
            47.24226197712141
          ],
          [
            8.217356341427305,
            47.2422916382955
          ],
          [
            8.217201011095385,
            47.242662599539635
          ],
          [
            8.217166848243215,
            47.24302317148144
          ],
          [
            8.217203577174603,
            47.24319972984279
          ],
          [
            8.217342007670046,
            47.24360349940063
          ],
          [
            8.217395231507105,
            47.243860487791345
          ],
          [
            8.21743103788527,
            47.243958219797534
          ],
          [
            8.217274744115114,
            47.244100110923576
          ],
          [
            8.217129859130829,
            47.24424543283878
          ],
          [
            8.217097684973147,
            47.24423201365754
          ],
          [
            8.217067332719193,
            47.24426478965258
          ],
          [
            8.217175388933168,
            47.244310645161896
          ],
          [
            8.217086780442374,
            47.2443975059693
          ],
          [
            8.217216268407201,
            47.244983404407925
          ],
          [
            8.2168487621058,
            47.24584965191058
          ],
          [
            8.218277531144834,
            47.24610860696614
          ],
          [
            8.218329954700755,
            47.246041293381175
          ],
          [
            8.218859740915475,
            47.246129017308576
          ],
          [
            8.218896951164888,
            47.246062921815096
          ],
          [
            8.219267140966707,
            47.24610980719335
          ],
          [
            8.219467759109659,
            47.246192614941776
          ],
          [
            8.219538725334516,
            47.246501311438685
          ],
          [
            8.2196934304884,
            47.24665471699173
          ],
          [
            8.220036441675258,
            47.24678936869044
          ],
          [
            8.219924375605776,
            47.246917039179486
          ],
          [
            8.219751652390281,
            47.247075568764366
          ],
          [
            8.219624891156986,
            47.247296032298095
          ],
          [
            8.219506620852494,
            47.247604076720116
          ],
          [
            8.219871016308076,
            47.24775806729087
          ],
          [
            8.220201247463976,
            47.24775807757821
          ],
          [
            8.22039032800532,
            47.24791766256959
          ],
          [
            8.22053506397733,
            47.248008601144626
          ],
          [
            8.22082287326792,
            47.24801447430866
          ],
          [
            8.220931193275218,
            47.24806226745687
          ],
          [
            8.221045403709445,
            47.24812079656937
          ],
          [
            8.2212635209305,
            47.24828923205506
          ],
          [
            8.222097903387576,
            47.248805096134404
          ],
          [
            8.224621494652501,
            47.24973571483721
          ],
          [
            8.22817380471183,
            47.24703429236521
          ],
          [
            8.22829368138167,
            47.24706376652975
          ],
          [
            8.2283747732771,
            47.247067213789656
          ],
          [
            8.228476331376879,
            47.24705576889629
          ],
          [
            8.228545837891993,
            47.247027893731385
          ],
          [
            8.229252304023207,
            47.246625352729446
          ],
          [
            8.229463984066443,
            47.24649484881273
          ],
          [
            8.23222196513794,
            47.244886343652276
          ],
          [
            8.232293311482023,
            47.244853704123315
          ],
          [
            8.232938655740178,
            47.24462538108308
          ],
          [
            8.232968858542433,
            47.24463296266677
          ],
          [
            8.233083043878304,
            47.244591635036386
          ],
          [
            8.233381858495008,
            47.24469205577236
          ],
          [
            8.233662267908382,
            47.24480272211734
          ],
          [
            8.2339241592643,
            47.24492581178625
          ],
          [
            8.235241492986345,
            47.24562718052058
          ],
          [
            8.235459751926502,
            47.245754040340174
          ],
          [
            8.235663915679321,
            47.24589317651005
          ],
          [
            8.23585464746071,
            47.246039457338014
          ],
          [
            8.236147648589165,
            47.24565992619793
          ],
          [
            8.237008027439561,
            47.24568507516633
          ],
          [
            8.237304735864628,
            47.24577180990177
          ],
          [
            8.237551122468586,
            47.24570862129558
          ],
          [
            8.237834716676153,
            47.24561965521992
          ],
          [
            8.237885268143058,
            47.245607260338915
          ],
          [
            8.238580031665094,
            47.24553724472344
          ],
          [
            8.238899936733715,
            47.24552335759738
          ],
          [
            8.23914416433486,
            47.245555231305055
          ],
          [
            8.239367764091561,
            47.24561299164445
          ],
          [
            8.239512524931046,
            47.24569677334591
          ],
          [
            8.239538346911983,
            47.24573189053404
          ],
          [
            8.239680076378786,
            47.24577642067356
          ],
          [
            8.240024949429337,
            47.245920319101835
          ],
          [
            8.24125478816959,
            47.24607220709983
          ],
          [
            8.24186769011304,
            47.24615216754499
          ],
          [
            8.241900042212338,
            47.24613913313796
          ],
          [
            8.24209864384614,
            47.24592020350158
          ],
          [
            8.243052572245158,
            47.24611605609543
          ],
          [
            8.243136017111384,
            47.24614596698599
          ],
          [
            8.24346010278371,
            47.246393758280654
          ],
          [
            8.243401731980747,
            47.24644739857743
          ],
          [
            8.243806648744496,
            47.246729309487506
          ],
          [
            8.24423575242032,
            47.246349238455906
          ],
          [
            8.24567730994508,
            47.24682225232567
          ],
          [
            8.246037696543612,
            47.246966725862166
          ],
          [
            8.245964179139957,
            47.24708877305016
          ],
          [
            8.246058349010955,
            47.24711401924013
          ],
          [
            8.246152284703928,
            47.24713250270855
          ],
          [
            8.246600316929294,
            47.247210291748644
          ],
          [
            8.247100625586775,
            47.2472909866194
          ],
          [
            8.247813413851215,
            47.247388241043666
          ],
          [
            8.2479437560394,
            47.247403193282004
          ],
          [
            8.248324704761366,
            47.24745769065031
          ],
          [
            8.248398470585148,
            47.24753372045793
          ],
          [
            8.248329956242891,
            47.247695348276494
          ],
          [
            8.249472198388696,
            47.24798991312053
          ],
          [
            8.250172275625786,
            47.248616754765074
          ],
          [
            8.250657267161257,
            47.24875055001581
          ],
          [
            8.251279707265358,
            47.24888923013015
          ],
          [
            8.2521202283902,
            47.24902214942202
          ],
          [
            8.252699111525958,
            47.24903874244036
          ],
          [
            8.252973237291068,
            47.24918714073304
          ],
          [
            8.253327613807313,
            47.249214023609454
          ],
          [
            8.2538568186081,
            47.249332120408035
          ],
          [
            8.255629967467769,
            47.24896186914043
          ],
          [
            8.256493384105253,
            47.249025925967885
          ],
          [
            8.25843305519703,
            47.24913609077169
          ],
          [
            8.259595528535367,
            47.249207747814495
          ],
          [
            8.259482697198239,
            47.249450104971274
          ],
          [
            8.259439506268183,
            47.24977740131776
          ],
          [
            8.259818199986178,
            47.25000650717508
          ],
          [
            8.260147336739113,
            47.25026948060672
          ],
          [
            8.25965085882982,
            47.2509271840475
          ],
          [
            8.259393852040368,
            47.251966711986476
          ],
          [
            8.259783950848922,
            47.25208760705695
          ],
          [
            8.260346094952025,
            47.25212756932807
          ],
          [
            8.260736008796327,
            47.252091939371006
          ],
          [
            8.261309075170548,
            47.252135075268775
          ],
          [
            8.261760737920952,
            47.2520944046775
          ],
          [
            8.262141974421901,
            47.25196125341408
          ],
          [
            8.262427824018362,
            47.251965912376754
          ],
          [
            8.26278072166437,
            47.25192705890154
          ],
          [
            8.263157372504953,
            47.251892522988676
          ],
          [
            8.263627065036646,
            47.25199479167116
          ],
          [
            8.26369816317847,
            47.25218200993295
          ],
          [
            8.263691656942223,
            47.252268876906314
          ],
          [
            8.263756134141396,
            47.2525004072417
          ],
          [
            8.263811605631018,
            47.25277238984974
          ],
          [
            8.264176368926389,
            47.25304640361209
          ],
          [
            8.264707908882109,
            47.25327134052114
          ],
          [
            8.26469354575895,
            47.25330365478066
          ],
          [
            8.264692910716192,
            47.2533967582814
          ],
          [
            8.264621579459027,
            47.25349053924432
          ],
          [
            8.264623786244549,
            47.25357519399968
          ],
          [
            8.264472429878591,
            47.253697792721866
          ],
          [
            8.264500553101355,
            47.2537813353225
          ],
          [
            8.264585996920673,
            47.25392020967471
          ],
          [
            8.264640333037015,
            47.254055969684856
          ],
          [
            8.264736426962505,
            47.25407781376629
          ],
          [
            8.264981156726597,
            47.253996750299116
          ],
          [
            8.265107511392133,
            47.254008770426665
          ],
          [
            8.265391480093923,
            47.25392698400548
          ],
          [
            8.265490750609507,
            47.25392700063458
          ],
          [
            8.265619166610053,
            47.253896359801146
          ],
          [
            8.26565690729363,
            47.25374839904276
          ],
          [
            8.26584041990927,
            47.253744599750924
          ],
          [
            8.266066272709843,
            47.25384305804629
          ],
          [
            8.266152667527907,
            47.25382295459953
          ],
          [
            8.266228209422376,
            47.25379049781528
          ],
          [
            8.266339310453834,
            47.25385065076415
          ],
          [
            8.266460979257397,
            47.25386976417924
          ],
          [
            8.266768253660238,
            47.2537890662911
          ],
          [
            8.266926756833564,
            47.25377415611115
          ],
          [
            8.267123624164224,
            47.253847778329366
          ],
          [
            8.267201404866178,
            47.25384557322227
          ],
          [
            8.267313661863797,
            47.25380468430888
          ],
          [
            8.267392475889014,
            47.25375495968527
          ],
          [
            8.267516376202511,
            47.25374331979014
          ],
          [
            8.267717519815799,
            47.25363353674667
          ],
          [
            8.267765352000607,
            47.253573546421066
          ],
          [
            8.267931230377785,
            47.25345078487325
          ],
          [
            8.267975655707188,
            47.25335517149386
          ],
          [
            8.267942038346208,
            47.253299320069644
          ],
          [
            8.267991974530972,
            47.253211492747226
          ],
          [
            8.26802947056366,
            47.25312738891193
          ],
          [
            8.268071228273804,
            47.253090604460155
          ],
          [
            8.268355340786725,
            47.25300251305698
          ],
          [
            8.268493545680087,
            47.25296697716798
          ],
          [
            8.268728610413577,
            47.252894610481164
          ],
          [
            8.268819992686506,
            47.25288871729343
          ],
          [
            8.269050511868407,
            47.25277978172009
          ],
          [
            8.269186430136433,
            47.252702587281185
          ],
          [
            8.269353571201187,
            47.25262914350743
          ],
          [
            8.269529026905696,
            47.25244643034498
          ],
          [
            8.269545559395954,
            47.252370311786706
          ],
          [
            8.269516310275398,
            47.252237755285805
          ],
          [
            8.26962560814014,
            47.25217596284476
          ],
          [
            8.269891453516948,
            47.252094520687
          ],
          [
            8.269927091466473,
            47.25200331447405
          ],
          [
            8.270071006637899,
            47.251803476364444
          ],
          [
            8.27020846005215,
            47.25170972764945
          ],
          [
            8.270624734823036,
            47.25174970248569
          ],
          [
            8.270654527013443,
            47.251754056961175
          ],
          [
            8.270707190081918,
            47.2517764164069
          ],
          [
            8.270767671172006,
            47.251762109423304
          ],
          [
            8.270849566349156,
            47.25180035897717
          ],
          [
            8.270943389784346,
            47.25177575468995
          ],
          [
            8.271016339605358,
            47.25179862416152
          ],
          [
            8.271139280466853,
            47.25178000707045
          ],
          [
            8.271357433407864,
            47.251788622829096
          ],
          [
            8.271455730720005,
            47.25178238973732
          ],
          [
            8.271516209239476,
            47.25177132060645
          ],
          [
            8.271552259892948,
            47.25179494206832
          ],
          [
            8.271632579462189,
            47.25179054778566
          ],
          [
            8.271709667448425,
            47.251811057191695
          ],
          [
            8.271746298937481,
            47.2518405751681
          ],
          [
            8.271979392984576,
            47.251936406005626
          ],
          [
            8.272149014352223,
            47.251859755925736
          ],
          [
            8.272264922184851,
            47.25183745552559
          ],
          [
            8.272476334286381,
            47.25176708713437
          ],
          [
            8.272620950820388,
            47.251845647436795
          ],
          [
            8.272935151373227,
            47.25189598609976
          ],
          [
            8.273156028385445,
            47.25186580094503
          ],
          [
            8.273254631429896,
            47.25181739516125
          ],
          [
            8.27336959435753,
            47.25177100266179
          ],
          [
            8.273498713701144,
            47.251785152365
          ],
          [
            8.273569853738675,
            47.25175891119017
          ],
          [
            8.273604490250044,
            47.25169449839298
          ],
          [
            8.273640900805871,
            47.25165062649694
          ],
          [
            8.273924480801716,
            47.251522766787815
          ],
          [
            8.274062566553235,
            47.251553608725466
          ],
          [
            8.27433234100609,
            47.25155086172368
          ],
          [
            8.274485469967193,
            47.25149527727357
          ],
          [
            8.274616421218658,
            47.25147792064932
          ],
          [
            8.274659300867118,
            47.251451577901996
          ],
          [
            8.274704509664568,
            47.251453363864314
          ],
          [
            8.274735330365248,
            47.25140945119805
          ],
          [
            8.274780317772144,
            47.2514097545472
          ],
          [
            8.274965661304803,
            47.251490571114466
          ],
          [
            8.275082571515078,
            47.25150036404673
          ],
          [
            8.275351157244048,
            47.25156346730294
          ],
          [
            8.275501600748758,
            47.251564237204605
          ],
          [
            8.275696660224616,
            47.25159725414656
          ],
          [
            8.275774345412367,
            47.25162712938411
          ],
          [
            8.275914502878805,
            47.25159280266122
          ],
          [
            8.27589602761633,
            47.25152492500965
          ],
          [
            8.276410666391717,
            47.251387491985724
          ],
          [
            8.27649235013848,
            47.25141455819937
          ],
          [
            8.276595606970682,
            47.25139105907125
          ],
          [
            8.276626476944909,
            47.25135207483606
          ],
          [
            8.276706930696518,
            47.25119539819877
          ],
          [
            8.276928054846595,
            47.25110716766343
          ],
          [
            8.277180300972068,
            47.25105166831091
          ],
          [
            8.277324550625044,
            47.25099961674156
          ],
          [
            8.277586200366274,
            47.250946548708555
          ],
          [
            8.27761862623386,
            47.25087209423016
          ],
          [
            8.27778739671057,
            47.2507764712888
          ],
          [
            8.277843390430867,
            47.2507676712394
          ],
          [
            8.277921549541501,
            47.25065695732309
          ],
          [
            8.278008019842192,
            47.25060020734272
          ],
          [
            8.278116404355233,
            47.250590431980164
          ],
          [
            8.278152931940577,
            47.25054251896421
          ],
          [
            8.278215532588206,
            47.250514502074715
          ],
          [
            8.278270396067548,
            47.250507778917566
          ],
          [
            8.278415603242063,
            47.250449566338574
          ],
          [
            8.278509567446022,
            47.250396458359944
          ],
          [
            8.278519353825292,
            47.25030634618855
          ],
          [
            8.278442751480851,
            47.250226820994584
          ],
          [
            8.278440885740745,
            47.25017954738927
          ],
          [
            8.278760719609744,
            47.250056547645826
          ],
          [
            8.278855993964594,
            47.249937270913996
          ],
          [
            8.27911416684126,
            47.24991302697756
          ],
          [
            8.279383882227112,
            47.24994484564873
          ],
          [
            8.279624940317651,
            47.24990251932374
          ],
          [
            8.279800166927451,
            47.24983729465132
          ],
          [
            8.279906984589624,
            47.24978684420846
          ],
          [
            8.279998771564957,
            47.24977350020022
          ],
          [
            8.28011488344313,
            47.249721857335146
          ],
          [
            8.280201522045536,
            47.24970288383713
          ],
          [
            8.280282005082253,
            47.24969484827898
          ],
          [
            8.280615743683937,
            47.249509882512406
          ],
          [
            8.280667575049568,
            47.24944830126648
          ],
          [
            8.280671068500245,
            47.24937908546471
          ],
          [
            8.28073348084468,
            47.24933844843296
          ],
          [
            8.280854808313721,
            47.24933202103418
          ],
          [
            8.280905102722592,
            47.24930286923499
          ],
          [
            8.281005665050985,
            47.24927474431376
          ],
          [
            8.281052396447793,
            47.24923829647739
          ],
          [
            8.281248464655858,
            47.24922668094221
          ],
          [
            8.281345556681252,
            47.24928595946863
          ],
          [
            8.281405818455807,
            47.24933014357057
          ],
          [
            8.281475014795603,
            47.24932936778036
          ],
          [
            8.281579392301975,
            47.24943007823046
          ],
          [
            8.281770134342002,
            47.249532990364784
          ],
          [
            8.281858548675633,
            47.24952614600589
          ],
          [
            8.282038516195932,
            47.249439303970554
          ],
          [
            8.282081123562966,
            47.249409434320405
          ],
          [
            8.28222563018597,
            47.24935415439598
          ],
          [
            8.28257000797273,
            47.24918511629795
          ],
          [
            8.28264816999638,
            47.24904858308073
          ],
          [
            8.282711028884028,
            47.24903215649917
          ],
          [
            8.282795865943276,
            47.24893605224374
          ],
          [
            8.282909638536475,
            47.248892150439026
          ],
          [
            8.283076586293422,
            47.24878499221632
          ],
          [
            8.283216989722343,
            47.24880460730558
          ],
          [
            8.283285900740191,
            47.24878247814221
          ],
          [
            8.283399329950266,
            47.24869516800271
          ],
          [
            8.283469159055006,
            47.24867012658113
          ],
          [
            8.283558763521306,
            47.24865677771674
          ],
          [
            8.283601592142663,
            47.248620942112495
          ],
          [
            8.283608207357473,
            47.248545550644266
          ],
          [
            8.283652519362967,
            47.248504118186496
          ],
          [
            8.283673445061588,
            47.24845321441142
          ],
          [
            8.283728160540559,
            47.24836378874056
          ],
          [
            8.283759661391617,
            47.24833757093174
          ],
          [
            8.283761851005623,
            47.24828473563313
          ],
          [
            8.283919897868516,
            47.248296574660756
          ],
          [
            8.284148557183991,
            47.24822855871811
          ],
          [
            8.284211122293712,
            47.24816776960661
          ],
          [
            8.284550303262318,
            47.248031820563355
          ],
          [
            8.28468476218528,
            47.248008130071845
          ],
          [
            8.28481788364268,
            47.247901640302935
          ],
          [
            8.28490688159378,
            47.24787511699791
          ],
          [
            8.284972031285932,
            47.24782079395321
          ],
          [
            8.284997925139312,
            47.24775254685461
          ],
          [
            8.285066394419486,
            47.247722675061496
          ],
          [
            8.285288552736526,
            47.24770816247185
          ],
          [
            8.285359906538467,
            47.247770325232736
          ],
          [
            8.285383465898418,
            47.24778238551061
          ],
          [
            8.285474839575802,
            47.24779244539776
          ],
          [
            8.28555425359118,
            47.24777386271762
          ],
          [
            8.285667029467373,
            47.2477782242107
          ],
          [
            8.285721528254717,
            47.24780456616296
          ],
          [
            8.285781441777774,
            47.24780165218772
          ],
          [
            8.285818347358116,
            47.24781813882666
          ],
          [
            8.28588712570329,
            47.247796953544864
          ],
          [
            8.285943982739742,
            47.24781538934972
          ],
          [
            8.286040209769624,
            47.247790781950634
          ],
          [
            8.286131751219287,
            47.24781224587981
          ],
          [
            8.286178552390517,
            47.247790493406086
          ],
          [
            8.28629462721172,
            47.24776047771291
          ],
          [
            8.286395846876031,
            47.24775582942249
          ],
          [
            8.286438259787474,
            47.247750579158776
          ],
          [
            8.28649772307942,
            47.24783253696155
          ],
          [
            8.286696165033367,
            47.24796757785781
          ],
          [
            8.286689828705985,
            47.248017808180705
          ],
          [
            8.286744059080675,
            47.24807130785639
          ],
          [
            8.286948673056921,
            47.24818230396115
          ],
          [
            8.287050695364176,
            47.24819321972461
          ],
          [
            8.28713278529291,
            47.248224197293915
          ],
          [
            8.287162731218638,
            47.24819833180049
          ],
          [
            8.287239807736796,
            47.248195596556684
          ],
          [
            8.287274696039326,
            47.248228918434954
          ],
          [
            8.287350941366604,
            47.248258688560234
          ],
          [
            8.287382634443631,
            47.248285449514114
          ],
          [
            8.28745272351633,
            47.248296887898576
          ],
          [
            8.287579214056834,
            47.248365371600386
          ],
          [
            8.287646093185048,
            47.24841589026631
          ],
          [
            8.287696741616351,
            47.248573948022916
          ],
          [
            8.287796656019015,
            47.248625905341946
          ],
          [
            8.287822567454596,
            47.24865707139506
          ],
          [
            8.28787698320604,
            47.24865977380544
          ],
          [
            8.287938747006377,
            47.248687617344224
          ],
          [
            8.288005481378027,
            47.2486982255784
          ],
          [
            8.288101582153935,
            47.24870469549352
          ],
          [
            8.288233861207205,
            47.248737488212356
          ],
          [
            8.288316429263768,
            47.248789303084365
          ],
          [
            8.288428100283323,
            47.24881209201395
          ],
          [
            8.28845832970642,
            47.248847273890284
          ],
          [
            8.288523725329565,
            47.24888083821523
          ],
          [
            8.288610507533566,
            47.24890189451906
          ],
          [
            8.288653225464396,
            47.24896644323125
          ],
          [
            8.288770911361391,
            47.24895624739148
          ],
          [
            8.289034420522563,
            47.249085281384396
          ],
          [
            8.289195004542561,
            47.24918077596352
          ],
          [
            8.289295446102662,
            47.249181033219145
          ],
          [
            8.289407444547798,
            47.24922680128966
          ],
          [
            8.289548576293859,
            47.24926538298369
          ],
          [
            8.28967001502155,
            47.24927181746568
          ],
          [
            8.289738421778129,
            47.2493019317387
          ],
          [
            8.289815916072854,
            47.24931621044173
          ],
          [
            8.289943100231728,
            47.24938393985233
          ],
          [
            8.290197064237272,
            47.249596768165624
          ],
          [
            8.290558401218602,
            47.2499361911193
          ],
          [
            8.293138817712034,
            47.25183459629192
          ],
          [
            8.292766592842042,
            47.25201183300635
          ],
          [
            8.29265039718768,
            47.25236532000543
          ],
          [
            8.292765346373955,
            47.2523686240785
          ],
          [
            8.294237358452575,
            47.25380512796386
          ],
          [
            8.293776835396718,
            47.253836483895846
          ],
          [
            8.293516266444476,
            47.25383562805495
          ],
          [
            8.293328992839614,
            47.25379998386649
          ],
          [
            8.29326274463579,
            47.25379298210859
          ],
          [
            8.293621784790343,
            47.253976761215995
          ],
          [
            8.294488489153228,
            47.25440536892751
          ],
          [
            8.294985301753496,
            47.25463079364381
          ],
          [
            8.295073667608316,
            47.25449519266312
          ],
          [
            8.296406058122303,
            47.25483535765164
          ],
          [
            8.297633937289067,
            47.25511158434593
          ],
          [
            8.299052261447523,
            47.25548282226303
          ],
          [
            8.299450009958967,
            47.2549919673499
          ],
          [
            8.299606593976307,
            47.25471720282083
          ],
          [
            8.299764409360112,
            47.25426233778451
          ],
          [
            8.299871154147406,
            47.25403910029437
          ],
          [
            8.29990944943668,
            47.2539363418965
          ],
          [
            8.30003297199522,
            47.25379182101269
          ],
          [
            8.300406275570195,
            47.25346671809335
          ],
          [
            8.300619011827058,
            47.25313465611391
          ],
          [
            8.300768073074927,
            47.25275052048279
          ],
          [
            8.301151692591006,
            47.252263956458506
          ],
          [
            8.301704115926297,
            47.25254561448537
          ],
          [
            8.302161442597777,
            47.252304313655024
          ],
          [
            8.30271142039047,
            47.252038911192294
          ],
          [
            8.302860236181079,
            47.251935620030906
          ],
          [
            8.30320616781592,
            47.25167367869596
          ],
          [
            8.303271824836424,
            47.251635235819705
          ],
          [
            8.303667257468737,
            47.25183466822088
          ],
          [
            8.304031616920241,
            47.25201019865513
          ],
          [
            8.304861107903463,
            47.25239411363686
          ],
          [
            8.305710197447258,
            47.25162718341996
          ],
          [
            8.306608759256648,
            47.25078436900374
          ],
          [
            8.306660803943865,
            47.25075313280904
          ],
          [
            8.307167969368956,
            47.250278921333425
          ],
          [
            8.307654906188834,
            47.249750619377046
          ],
          [
            8.308159992937924,
            47.24928698821835
          ],
          [
            8.308326003449713,
            47.24909439132757
          ],
          [
            8.308499311280137,
            47.24886161182214
          ],
          [
            8.308925804252196,
            47.24835957627182
          ],
          [
            8.309372631518787,
            47.24784450436727
          ],
          [
            8.309534841423394,
            47.24764944265166
          ],
          [
            8.30976020668283,
            47.24736524731029
          ],
          [
            8.310058487940791,
            47.24703409430844
          ],
          [
            8.310242389481248,
            47.246667698999204
          ],
          [
            8.310325212383857,
            47.2465137145027
          ],
          [
            8.3105315551874,
            47.246344196495876
          ],
          [
            8.310994102850835,
            47.24605615319471
          ],
          [
            8.311428715380265,
            47.245722480268164
          ],
          [
            8.311678895909868,
            47.24550377551515
          ],
          [
            8.311725496742508,
            47.24545595513486
          ],
          [
            8.31188187523555,
            47.24504562623657
          ],
          [
            8.311983645255568,
            47.24473314630752
          ],
          [
            8.312139987423205,
            47.24430872182739
          ],
          [
            8.312349776703575,
            47.243877397407765
          ],
          [
            8.312560192035527,
            47.243489415414324
          ],
          [
            8.312934008502951,
            47.2428687752393
          ],
          [
            8.313055402871028,
            47.2425348986781
          ],
          [
            8.31327036541428,
            47.24211789828105
          ],
          [
            8.313855691900164,
            47.24103155321219
          ],
          [
            8.314403379970418,
            47.24043060871869
          ],
          [
            8.314705624134982,
            47.24006410643587
          ],
          [
            8.314834655547157,
            47.23972985473204
          ],
          [
            8.314735166676423,
            47.23969883119936
          ],
          [
            8.31476652551388,
            47.2394814585695
          ],
          [
            8.314825796002522,
            47.239205495095504
          ],
          [
            8.314767130565075,
            47.23905261855155
          ],
          [
            8.314701437373305,
            47.238900452046316
          ],
          [
            8.314633844121692,
            47.238609756418654
          ],
          [
            8.314655578144155,
            47.238488516286395
          ],
          [
            8.314658053250824,
            47.2383856827333
          ],
          [
            8.314619970162619,
            47.23816613037816
          ],
          [
            8.314403425679826,
            47.23796903702552
          ],
          [
            8.314312665997225,
            47.23786356577402
          ],
          [
            8.31416080129177,
            47.23762941510823
          ],
          [
            8.314032330012639,
            47.23747118564485
          ],
          [
            8.313959869206725,
            47.23726762673311
          ],
          [
            8.313946161762054,
            47.23707335428167
          ],
          [
            8.313926450051397,
            47.23661079256113
          ],
          [
            8.313935545095063,
            47.23633869158035
          ],
          [
            8.314056563163257,
            47.23577183217779
          ],
          [
            8.314135579573591,
            47.23550647700223
          ],
          [
            8.314162083039015,
            47.23536922520179
          ],
          [
            8.31417240642313,
            47.235075445399644
          ],
          [
            8.315280638400937,
            47.2329572191159
          ],
          [
            8.315412757635865,
            47.23070687874698
          ],
          [
            8.315354081444005,
            47.230694606030156
          ],
          [
            8.315755900238724,
            47.22934531035465
          ],
          [
            8.316223774493777,
            47.22897651602875
          ],
          [
            8.316562351048168,
            47.228414777671155
          ],
          [
            8.316776901686769,
            47.2275919175722
          ],
          [
            8.3169504239353,
            47.226980783701435
          ],
          [
            8.316998829594535,
            47.226899412949074
          ],
          [
            8.317198626572692,
            47.2267392233257
          ],
          [
            8.317096108375424,
            47.22644448584884
          ],
          [
            8.317117212827885,
            47.226116000246385
          ],
          [
            8.317086154107752,
            47.225658615367614
          ],
          [
            8.317000781610242,
            47.22497669257897
          ],
          [
            8.317393680189399,
            47.22474638773364
          ],
          [
            8.31795947057935,
            47.2245907175456
          ],
          [
            8.318033926865015,
            47.2241907802426
          ],
          [
            8.318111737527671,
            47.223847136206636
          ],
          [
            8.318082168753664,
            47.223549008993395
          ],
          [
            8.318448567978603,
            47.223460100368165
          ]
        ]
      }
    }
  ]
}