{
  "type": "FeatureCollection",
  "features": [
    {
      "type": "Feature",
      "properties": {
        "bfs_nummer": 1151
      },
      "geometry": {
        "type": "LineString",
        "coordinates": [
          [
            8.003043609694858,
            47.13793606901571
          ],
          [
            8.003128151361333,
            47.13785379033486
          ],
          [
            8.00372238903777,
            47.13734047635755
          ],
          [
            8.004064688366974,
            47.13705411938609
          ],
          [
            8.004756190719084,
            47.13649956533318
          ],
          [
            8.00493269704502,
            47.13653569367113
          ],
          [
            8.005063511268489,
            47.13653657008694
          ],
          [
            8.00567950467405,
            47.13650654252069
          ],
          [
            8.00627142057076,
            47.136492074937046
          ],
          [
            8.006516619444561,
            47.13647970242845
          ],
          [
            8.006825332045153,
            47.136451454377436
          ],
          [
            8.007067904504625,
            47.13641271112157
          ],
          [
            8.007278332390756,
            47.13635968010083
          ],
          [
            8.007399191486934,
            47.136314377383854
          ],
          [
            8.007961702349778,
            47.1360225754791
          ],
          [
            8.008040267700233,
            47.13598548690742
          ],
          [
            8.008374638196544,
            47.13594326431004
          ],
          [
            8.008476831131517,
            47.135859643900076
          ],
          [
            8.008506276560803,
            47.13566600512583
          ],
          [
            8.0086151427682,
            47.13549105156271
          ],
          [
            8.008845935085484,
            47.13535289535237
          ],
          [
            8.009288806879548,
            47.135065016686
          ],
          [
            8.009786976680825,
            47.13478512831495
          ],
          [
            8.010047991236156,
            47.13462623891077
          ],
          [
            8.010301643168994,
            47.13421101682731
          ],
          [
            8.010576901046836,
            47.133819793552576
          ],
          [
            8.010797094832629,
            47.1335666569325
          ],
          [
            8.010943557569583,
            47.13340795709121
          ],
          [
            8.01155291837279,
            47.13281663786747
          ],
          [
            8.011649617508954,
            47.13273798916562
          ],
          [
            8.011770366220812,
            47.13262800767676
          ],
          [
            8.012243225090307,
            47.13239914653736
          ],
          [
            8.012677463776363,
            47.1321706559789
          ],
          [
            8.013099487514822,
            47.13182357958314
          ],
          [
            8.013562051829163,
            47.13142385770273
          ],
          [
            8.013763826915367,
            47.1310385794077
          ],
          [
            8.01396134080792,
            47.13081405520657
          ],
          [
            8.01410413661212,
            47.13072050290416
          ],
          [
            8.014346857532962,
            47.13050583541701
          ],
          [
            8.014954144717258,
            47.13006039911948
          ],
          [
            8.01523462359705,
            47.129925605865196
          ],
          [
            8.015886541280613,
            47.12965787273977
          ],
          [
            8.016084606959577,
            47.1295678185799
          ],
          [
            8.016281788475618,
            47.12943370156289
          ],
          [
            8.016405167022066,
            47.12930148395772
          ],
          [
            8.01650532061959,
            47.12910317897692
          ],
          [
            8.016511773220111,
            47.12909042751254
          ],
          [
            8.016449337405172,
            47.12905729729925
          ],
          [
            8.016361147111137,
            47.12904612744823
          ],
          [
            8.016271656981479,
            47.1290219661476
          ],
          [
            8.016238821468887,
            47.128995937268705
          ],
          [
            8.016144787780373,
            47.12897821217692
          ],
          [
            8.016118493628081,
            47.128963556209605
          ],
          [
            8.016081618049713,
            47.12892219294018
          ],
          [
            8.015941792703433,
            47.128842910186016
          ],
          [
            8.015861081796576,
            47.1288053558047
          ],
          [
            8.015829875350244,
            47.1287763592521
          ],
          [
            8.015800675501557,
            47.12876601744136
          ],
          [
            8.015707605842403,
            47.128715365122744
          ],
          [
            8.015678388443195,
            47.128621369015804
          ],
          [
            8.015638816102804,
            47.12857186057927
          ],
          [
            8.015624458554637,
            47.128527370888456
          ],
          [
            8.01557836204425,
            47.12848274349956
          ],
          [
            8.015591029366735,
            47.12841062929756
          ],
          [
            8.015510735662206,
            47.1283272605741
          ],
          [
            8.015435999546101,
            47.12823121683564
          ],
          [
            8.01541232673154,
            47.128244540294496
          ],
          [
            8.015386507574695,
            47.12818578783595
          ],
          [
            8.015492171375499,
            47.128122121612
          ],
          [
            8.015644875043597,
            47.127981419308966
          ],
          [
            8.015780705187206,
            47.12787842790557
          ],
          [
            8.01588189330899,
            47.127839844093145
          ],
          [
            8.016139460475708,
            47.12772054504023
          ],
          [
            8.016180288369785,
            47.1276859968519
          ],
          [
            8.016309993572309,
            47.12753582029807
          ],
          [
            8.016346070919095,
            47.12738581687033
          ],
          [
            8.016337978509618,
            47.127329566195456
          ],
          [
            8.016363295572352,
            47.127285435078534
          ],
          [
            8.01641650821444,
            47.12724442910435
          ],
          [
            8.016558702193118,
            47.127194125046636
          ],
          [
            8.01665720045263,
            47.12717515435954
          ],
          [
            8.016715016695423,
            47.12712720788957
          ],
          [
            8.016911967780302,
            47.1270618853159
          ],
          [
            8.01697665050703,
            47.12706648053938
          ],
          [
            8.016987694542317,
            47.127070095027875
          ],
          [
            8.017178478672815,
            47.126952424544115
          ],
          [
            8.017440591961078,
            47.12680929862892
          ],
          [
            8.017859220524667,
            47.12644871939142
          ],
          [
            8.018232934086662,
            47.12627396070714
          ],
          [
            8.018510182767244,
            47.12599789843652
          ],
          [
            8.018750863964499,
            47.12567509239889
          ],
          [
            8.019087917173376,
            47.12564145992833
          ],
          [
            8.019094476466869,
            47.12562648597542
          ],
          [
            8.019128639263593,
            47.12559868067455
          ],
          [
            8.019137862666483,
            47.12556197910423
          ],
          [
            8.019117040919811,
            47.12551344764102
          ],
          [
            8.019149041783514,
            47.12547586656982
          ],
          [
            8.019209222641823,
            47.12544827178469
          ],
          [
            8.019251047734521,
            47.125407573782304
          ],
          [
            8.019245993941604,
            47.125343743058956
          ],
          [
            8.019230059160737,
            47.12531444546581
          ],
          [
            8.019293818726151,
            47.12528509652118
          ],
          [
            8.019309264749923,
            47.12524373105284
          ],
          [
            8.019364257654907,
            47.12518740502436
          ],
          [
            8.019350571189266,
            47.12512720691836
          ],
          [
            8.019351797414867,
            47.125077385853615
          ],
          [
            8.019395539825508,
            47.125014199355334
          ],
          [
            8.01938954795199,
            47.12492462038828
          ],
          [
            8.019379621400187,
            47.12489031819495
          ],
          [
            8.019411894167577,
            47.12483531215593
          ],
          [
            8.019457618064287,
            47.1248066298372
          ],
          [
            8.019474211101025,
            47.12479086760873
          ],
          [
            8.019549098053051,
            47.124780217130834
          ],
          [
            8.019644489254013,
            47.124757184749576
          ],
          [
            8.01965619516774,
            47.1247428594039
          ],
          [
            8.019775010171138,
            47.12471296229784
          ],
          [
            8.019837180001133,
            47.12468294643918
          ],
          [
            8.019874202095986,
            47.12458833781784
          ],
          [
            8.020010160029038,
            47.1245059573822
          ],
          [
            8.020122201308444,
            47.124386260032786
          ],
          [
            8.020304230204761,
            47.12429519998987
          ],
          [
            8.020396789192949,
            47.12423718134071
          ],
          [
            8.020453153560922,
            47.124217556855875
          ],
          [
            8.020549288918748,
            47.124207355965154
          ],
          [
            8.020604690088703,
            47.124182779973914
          ],
          [
            8.020675630176289,
            47.12416800197488
          ],
          [
            8.020722988544192,
            47.124133392094095
          ],
          [
            8.020803706841601,
            47.1241027961255
          ],
          [
            8.020831649439955,
            47.12408853242081
          ],
          [
            8.020946239101855,
            47.123993791761244
          ],
          [
            8.021010933346535,
            47.12397064373457
          ],
          [
            8.021044447170272,
            47.12394151884742
          ],
          [
            8.021115707794577,
            47.12392110801455
          ],
          [
            8.021167141079951,
            47.123946204821316
          ],
          [
            8.021382928853225,
            47.1237737283132
          ],
          [
            8.021684606627216,
            47.123624725158784
          ],
          [
            8.021946160923232,
            47.12345220452707
          ],
          [
            8.022187799116628,
            47.12325777327035
          ],
          [
            8.022909238708392,
            47.122458206562804
          ],
          [
            8.023649204214577,
            47.12166034888677
          ],
          [
            8.024312612589403,
            47.12096172326229
          ],
          [
            8.025090448139562,
            47.12027815287448
          ],
          [
            8.025478265717076,
            47.12065746931069
          ],
          [
            8.025461681039696,
            47.12066649505187
          ],
          [
            8.026141797774317,
            47.121231065543014
          ],
          [
            8.02709950547573,
            47.12099499640414
          ],
          [
            8.02876112725474,
            47.12047035429396
          ],
          [
            8.02974935548782,
            47.12048512417298
          ],
          [
            8.029541983190512,
            47.12003546197025
          ],
          [
            8.029105546278448,
            47.1193599294091
          ],
          [
            8.027821363363975,
            47.118833003757494
          ],
          [
            8.029718652863298,
            47.11788014133922
          ],
          [
            8.03009098552347,
            47.117843506474976
          ],
          [
            8.031037858951452,
            47.11763570432013
          ],
          [
            8.035037851079348,
            47.11748878069676
          ],
          [
            8.035707883026067,
            47.1174441432864
          ],
          [
            8.035728698711816,
            47.11743664124711
          ],
          [
            8.035818783566103,
            47.117327053683354
          ],
          [
            8.03602120748615,
            47.117138526119696
          ],
          [
            8.03610231273944,
            47.116894912491055
          ],
          [
            8.036171905889312,
            47.11681964854374
          ],
          [
            8.036249617931981,
            47.11672328476592
          ],
          [
            8.036279625371826,
            47.1165380000181
          ],
          [
            8.0362122693175,
            47.11646519250875
          ],
          [
            8.035995640103712,
            47.116351872547014
          ],
          [
            8.035935608567122,
            47.11627410650137
          ],
          [
            8.035787931404244,
            47.1161733810982
          ],
          [
            8.035624309537164,
            47.115718779694106
          ],
          [
            8.035590475942028,
            47.11559022589264
          ],
          [
            8.035594401206998,
            47.11550135157287
          ],
          [
            8.035450989184174,
            47.11536449712406
          ],
          [
            8.035444988032355,
            47.11532374431299
          ],
          [
            8.035394398464037,
            47.115277241058024
          ],
          [
            8.035360961409786,
            47.11523750309772
          ],
          [
            8.035342814855033,
            47.11518522754845
          ],
          [
            8.0352842680232,
            47.115136471761474
          ],
          [
            8.035229575406891,
            47.11510132358689
          ],
          [
            8.03513095422812,
            47.11506996525921
          ],
          [
            8.03501051162635,
            47.11500536601593
          ],
          [
            8.03495735222906,
            47.11495521487127
          ],
          [
            8.034918776346888,
            47.11492965277089
          ],
          [
            8.03480774151793,
            47.11487681516291
          ],
          [
            8.034714683344063,
            47.114845616546056
          ],
          [
            8.034605631752544,
            47.11477201668721
          ],
          [
            8.034647854914045,
            47.114759438606775
          ],
          [
            8.034561306870987,
            47.11470932534386
          ],
          [
            8.034898347814895,
            47.11461885975703
          ],
          [
            8.03578666717888,
            47.114317511115445
          ],
          [
            8.034167984046253,
            47.11290056007908
          ],
          [
            8.033660851772442,
            47.111114581682564
          ],
          [
            8.03430715928886,
            47.11080949437682
          ],
          [
            8.034910856720444,
            47.11018165357241
          ],
          [
            8.03506345522737,
            47.109713789413185
          ],
          [
            8.035157754081203,
            47.10959321518143
          ],
          [
            8.035586216425957,
            47.10894462789909
          ],
          [
            8.0357435351405,
            47.108991332673305
          ],
          [
            8.035877939507262,
            47.108803607702626
          ],
          [
            8.03594333934703,
            47.1086366959066
          ],
          [
            8.035980508350058,
            47.10843347334176
          ],
          [
            8.037081246527817,
            47.10853822980274
          ],
          [
            8.03761312432032,
            47.10732333733706
          ],
          [
            8.037636863252917,
            47.107292486259645
          ],
          [
            8.037656656508016,
            47.107270497963505
          ],
          [
            8.037995205064952,
            47.10744917701824
          ],
          [
            8.038225775152235,
            47.1071201918143
          ],
          [
            8.038406275311388,
            47.10690987045811
          ],
          [
            8.038481641513819,
            47.10679153293241
          ],
          [
            8.038284993158351,
            47.10672769430914
          ],
          [
            8.038139405469805,
            47.106835441656
          ],
          [
            8.03809182769047,
            47.10688340894348
          ],
          [
            8.038078069133467,
            47.10683119181521
          ],
          [
            8.037721812708707,
            47.10656483950603
          ],
          [
            8.036965147080856,
            47.10632115076008
          ],
          [
            8.036567528174425,
            47.106053309975565
          ],
          [
            8.036894175159519,
            47.105611523291785
          ],
          [
            8.036103248049127,
            47.10525087218958
          ],
          [
            8.035435506878606,
            47.104856726191606
          ],
          [
            8.03537031635347,
            47.104839757773064
          ],
          [
            8.035305381875217,
            47.10481738189997
          ],
          [
            8.03524273501366,
            47.10478155535885
          ],
          [
            8.035100761567742,
            47.104678982374246
          ],
          [
            8.034950966843386,
            47.10464780834889
          ],
          [
            8.03484291393765,
            47.10463611714094
          ],
          [
            8.034731086437908,
            47.10460840703065
          ],
          [
            8.034655729821537,
            47.10456097033146
          ],
          [
            8.034620435374139,
            47.1045063727289
          ],
          [
            8.034420275063505,
            47.10440747360445
          ],
          [
            8.034288123135244,
            47.10435627405365
          ],
          [
            8.034180767310218,
            47.10429103944089
          ],
          [
            8.034144361746213,
            47.10425139739693
          ],
          [
            8.032531589892653,
            47.104258477588814
          ],
          [
            8.03232459960165,
            47.104327567644106
          ],
          [
            8.03224551337773,
            47.10427145031056
          ],
          [
            8.031788513580768,
            47.10447116185833
          ],
          [
            8.031452211890917,
            47.1045540680815
          ],
          [
            8.031200941401549,
            47.10443130180715
          ],
          [
            8.030926823060279,
            47.10431761182588
          ],
          [
            8.030808919188857,
            47.1042834077138
          ],
          [
            8.030389598758825,
            47.10423424863075
          ],
          [
            8.029824451195578,
            47.103699604663134
          ],
          [
            8.029890951836656,
            47.10358717418376
          ],
          [
            8.029821853612251,
            47.10360141791329
          ],
          [
            8.02976402678711,
            47.10358887906386
          ],
          [
            8.029523003689619,
            47.103324112921
          ],
          [
            8.029432129196863,
            47.10320921691584
          ],
          [
            8.028966943615647,
            47.1024980199552
          ],
          [
            8.02887183600294,
            47.102381292225445
          ],
          [
            8.028782688888592,
            47.102316543824415
          ],
          [
            8.028646830127682,
            47.10226152489653
          ],
          [
            8.028290981518674,
            47.101583154181746
          ],
          [
            8.02812893871605,
            47.10118803604917
          ],
          [
            8.027960069634878,
            47.10087757010326
          ],
          [
            8.02748305640233,
            47.100206087236025
          ],
          [
            8.027465049733916,
            47.100146190716124
          ],
          [
            8.026915740279193,
            47.09941920665815
          ],
          [
            8.026684345870882,
            47.099185013747544
          ],
          [
            8.026210165281261,
            47.098865383736026
          ],
          [
            8.026316766809035,
            47.09880237662177
          ],
          [
            8.025946868655467,
            47.098556305704314
          ],
          [
            8.025518781339493,
            47.09835393223007
          ],
          [
            8.025368509801492,
            47.09827342774333
          ],
          [
            8.0252848855544,
            47.098222438028685
          ],
          [
            8.025150283090497,
            47.09812684039823
          ],
          [
            8.025110327360718,
            47.097950685033936
          ],
          [
            8.02505979812209,
            47.09777366606331
          ],
          [
            8.02492903081991,
            47.09763112085294
          ],
          [
            8.024559342160929,
            47.09738239982979
          ],
          [
            8.024273741530296,
            47.09727411366534
          ],
          [
            8.024603109291329,
            47.096857578913244
          ],
          [
            8.024810173137576,
            47.09650895047998
          ],
          [
            8.02440050774745,
            47.096123256435696
          ],
          [
            8.024298866392755,
            47.095997302119734
          ],
          [
            8.024067525480717,
            47.09578611325305
          ],
          [
            8.023817559274672,
            47.09559888287616
          ],
          [
            8.023563538113704,
            47.095434619249666
          ],
          [
            8.023369177493455,
            47.09524773470094
          ],
          [
            8.023624912628758,
            47.09504761385522
          ],
          [
            8.023545701156602,
            47.09482574623028
          ],
          [
            8.023542835586332,
            47.09479730009867
          ],
          [
            8.023643763820006,
            47.094692829536584
          ],
          [
            8.023748672342233,
            47.094479964851274
          ],
          [
            8.023911740220889,
            47.09432692775513
          ],
          [
            8.024115774534478,
            47.09421163245678
          ],
          [
            8.024323881256848,
            47.09404236302354
          ],
          [
            8.024520833834599,
            47.094019294547074
          ],
          [
            8.024797647096063,
            47.09387226101911
          ],
          [
            8.02487795860451,
            47.093844983027886
          ],
          [
            8.025320134957155,
            47.09374825158097
          ],
          [
            8.025658367155877,
            47.093638889174116
          ],
          [
            8.025543016053284,
            47.09335406121464
          ],
          [
            8.025556966489248,
            47.09319657450927
          ],
          [
            8.025633107571222,
            47.09304110908094
          ],
          [
            8.025920962215313,
            47.092902381916346
          ],
          [
            8.026238089561108,
            47.09274271658772
          ],
          [
            8.02594321608853,
            47.09255307564401
          ],
          [
            8.025888508509723,
            47.09246457269809
          ],
          [
            8.025856496478651,
            47.09232207273401
          ],
          [
            8.025735952375014,
            47.09209811477257
          ],
          [
            8.023086518186354,
            47.09112709925874
          ],
          [
            8.022947771889545,
            47.091016660043984
          ],
          [
            8.022233263223072,
            47.09069421370524
          ],
          [
            8.022139853708671,
            47.090664913743176
          ],
          [
            8.021296062254125,
            47.09027129113571
          ],
          [
            8.0210578692764,
            47.090043075997876
          ],
          [
            8.020366381652208,
            47.089347921360606
          ],
          [
            8.020031340257288,
            47.08908066024752
          ],
          [
            8.019639480274238,
            47.088874906443245
          ],
          [
            8.019169036222415,
            47.08884434234371
          ],
          [
            8.018963875100505,
            47.08886188416209
          ],
          [
            8.018515907616164,
            47.08873578313384
          ],
          [
            8.017985704673702,
            47.088641128105
          ],
          [
            8.017536900067476,
            47.08874213763565
          ],
          [
            8.017203012494951,
            47.088847559532724
          ],
          [
            8.016875888281282,
            47.08884746904243
          ],
          [
            8.016702507832074,
            47.08888836936195
          ],
          [
            8.016548180791993,
            47.08889714184545
          ],
          [
            8.016546707095593,
            47.08903172602439
          ],
          [
            8.015810070695213,
            47.08912527885651
          ],
          [
            8.015685227343244,
            47.08926345062577
          ],
          [
            8.015259672761633,
            47.089103573505696
          ],
          [
            8.015082341031055,
            47.08900127007137
          ],
          [
            8.014928677419269,
            47.08880462332378
          ],
          [
            8.014691299997695,
            47.08857807308202
          ],
          [
            8.014603013719764,
            47.08837756323047
          ],
          [
            8.014488344673502,
            47.08820982892005
          ],
          [
            8.01460718712695,
            47.08781202483695
          ],
          [
            8.014715193509963,
            47.087690543642736
          ],
          [
            8.015063667853935,
            47.087333604723945
          ],
          [
            8.015427167079245,
            47.0865972627711
          ],
          [
            8.015428206249625,
            47.08636445340415
          ],
          [
            8.015423080677134,
            47.086263787111825
          ],
          [
            8.0151660696786,
            47.086015765831526
          ],
          [
            8.014984907513762,
            47.0857839778743
          ],
          [
            8.01478226849932,
            47.08561235805084
          ],
          [
            8.01494055437622,
            47.085486288920734
          ],
          [
            8.01526403847555,
            47.08539101821153
          ],
          [
            8.015457617189599,
            47.084998037306576
          ],
          [
            8.015681044133785,
            47.084661036145896
          ],
          [
            8.015936767073018,
            47.08436516022917
          ],
          [
            8.015970505205267,
            47.08407138810844
          ],
          [
            8.016094953279438,
            47.083985767645416
          ],
          [
            8.016341888510606,
            47.08391624468005
          ],
          [
            8.016568656273037,
            47.0835125705705
          ],
          [
            8.016698665393822,
            47.08318921476051
          ],
          [
            8.016979154885277,
            47.082867269722314
          ],
          [
            8.017365276452557,
            47.08275855385086
          ],
          [
            8.017621391671474,
            47.08268129098315
          ],
          [
            8.017750840619717,
            47.082697154153614
          ],
          [
            8.017987662497358,
            47.082712530117284
          ],
          [
            8.01851904157107,
            47.08226359991514
          ],
          [
            8.018801314949888,
            47.08208856867797
          ],
          [
            8.01916976590644,
            47.08181780657127
          ],
          [
            8.019164208835788,
            47.081718033016614
          ],
          [
            8.019193946461428,
            47.08158812725182
          ],
          [
            8.019322936457927,
            47.08135742383011
          ],
          [
            8.019369313393094,
            47.081219761062755
          ],
          [
            8.019049200812256,
            47.08112951877767
          ],
          [
            8.018925922531304,
            47.08100938068386
          ],
          [
            8.01898915454295,
            47.080870400642915
          ],
          [
            8.019211356609322,
            47.080647736165616
          ],
          [
            8.019070868321203,
            47.080418078729785
          ],
          [
            8.018908336237818,
            47.08032705832972
          ],
          [
            8.01888227565787,
            47.08020281336072
          ],
          [
            8.01926722566931,
            47.08017655574807
          ],
          [
            8.019433747097931,
            47.079867359398385
          ],
          [
            8.019986864967754,
            47.08009152133442
          ],
          [
            8.020158043446935,
            47.08017225095647
          ],
          [
            8.020382253813393,
            47.08042569851734
          ],
          [
            8.020458727170041,
            47.08056947745117
          ],
          [
            8.02095439427057,
            47.0805987118351
          ],
          [
            8.021139654598612,
            47.08062261800182
          ],
          [
            8.021148614091237,
            47.08052000941987
          ],
          [
            8.02127884017635,
            47.08039927265788
          ],
          [
            8.021933967928918,
            47.08028875476219
          ],
          [
            8.022125566966468,
            47.080302264710575
          ],
          [
            8.022482186581462,
            47.08007108565025
          ],
          [
            8.022881487692114,
            47.079419783814366
          ],
          [
            8.023279005010192,
            47.07923881240665
          ],
          [
            8.023281963867285,
            47.079031844860374
          ],
          [
            8.023111481595896,
            47.07893414239528
          ],
          [
            8.022969956553927,
            47.07869988931567
          ],
          [
            8.02281700397672,
            47.0784632924109
          ],
          [
            8.022693274000336,
            47.07823778183193
          ],
          [
            8.022775292030053,
            47.077994404779375
          ],
          [
            8.022917913547039,
            47.07770574364038
          ],
          [
            8.023090690975213,
            47.07752622066328
          ],
          [
            8.023251232457747,
            47.07723774680616
          ],
          [
            8.023399264164878,
            47.077083445790606
          ],
          [
            8.023697446560268,
            47.07693919270061
          ],
          [
            8.024079862257281,
            47.076581701360745
          ],
          [
            8.023930799512721,
            47.076518090763486
          ],
          [
            8.02394447706284,
            47.07636693769519
          ],
          [
            8.023591160538459,
            47.07601304784936
          ],
          [
            8.023166173456332,
            47.07584824075385
          ],
          [
            8.02329118556305,
            47.075610572381706
          ],
          [
            8.023379918737856,
            47.07527237810206
          ],
          [
            8.023040800318503,
            47.07514511145766
          ],
          [
            8.02264591285087,
            47.07504726263704
          ],
          [
            8.022752444376193,
            47.07464923223694
          ],
          [
            8.022699651628606,
            47.074577224020686
          ],
          [
            8.022528045563853,
            47.074476486004144
          ],
          [
            8.022495770327875,
            47.074305570132644
          ],
          [
            8.022505668973432,
            47.0741867561516
          ],
          [
            8.022384374142261,
            47.07397830562261
          ],
          [
            8.022330824660015,
            47.07384268697611
          ],
          [
            8.022186519321561,
            47.073649051242704
          ],
          [
            8.022158416698437,
            47.07356746346071
          ],
          [
            8.021824874237089,
            47.073646658901495
          ],
          [
            8.021491772262465,
            47.07366589808525
          ],
          [
            8.021233303119287,
            47.07390142557065
          ],
          [
            8.020859068974602,
            47.07417685691156
          ],
          [
            8.020538146716243,
            47.07426931554252
          ],
          [
            8.020305604648813,
            47.07430406260761
          ],
          [
            8.020151733360025,
            47.07402904818403
          ],
          [
            8.020090083398909,
            47.073892632947675
          ],
          [
            8.019858773871784,
            47.07374933979866
          ],
          [
            8.019470657561296,
            47.073266010340525
          ],
          [
            8.019274486044068,
            47.0730843088328
          ],
          [
            8.019167258571766,
            47.0729747671108
          ],
          [
            8.01922808260562,
            47.07293297401603
          ],
          [
            8.019273272841605,
            47.07259506572226
          ],
          [
            8.019181183838718,
            47.07256427252673
          ],
          [
            8.019019428116204,
            47.07240043213476
          ],
          [
            8.019062729120927,
            47.072022900547005
          ],
          [
            8.018951807606648,
            47.071900253258214
          ],
          [
            8.019055998901687,
            47.071679479522466
          ],
          [
            8.018549208384998,
            47.07165242529112
          ],
          [
            8.018443278093528,
            47.07158697983885
          ],
          [
            8.01830674031771,
            47.071364632326556
          ],
          [
            8.017846874056735,
            47.07104950969892
          ],
          [
            8.017382139127863,
            47.07115767025379
          ],
          [
            8.017257881623719,
            47.07082217191585
          ],
          [
            8.017353289357114,
            47.07066667716756
          ],
          [
            8.017498711564263,
            47.07065014030805
          ],
          [
            8.017621374575583,
            47.07062792499528
          ],
          [
            8.017683710768692,
            47.0705836513914
          ],
          [
            8.017802727781872,
            47.07056398190469
          ],
          [
            8.017959967693125,
            47.07046408927435
          ],
          [
            8.017593015880013,
            47.070279008762014
          ],
          [
            8.017497286362445,
            47.07013851799507
          ],
          [
            8.017394127007101,
            47.069782755217815
          ],
          [
            8.017357856771095,
            47.06941055412996
          ],
          [
            8.017743163861903,
            47.06897927200052
          ],
          [
            8.018036625096817,
            47.06872367828659
          ],
          [
            8.01813962603764,
            47.068484336108014
          ],
          [
            8.018334175078081,
            47.06850437684786
          ],
          [
            8.018525001474305,
            47.06830420622809
          ],
          [
            8.018427238713752,
            47.06825323781488
          ],
          [
            8.018019367618232,
            47.068119152034356
          ],
          [
            8.01767255498067,
            47.067990837982585
          ],
          [
            8.017521139363998,
            47.06791365717957
          ],
          [
            8.017381149043938,
            47.06778132296335
          ],
          [
            8.017285248046594,
            47.067656205654664
          ],
          [
            8.017185779761709,
            47.06756771674273
          ],
          [
            8.017078699182843,
            47.06752166949491
          ],
          [
            8.016902264980908,
            47.06748901416575
          ],
          [
            8.016598688982192,
            47.06746299779299
          ],
          [
            8.016448685116217,
            47.06744572560047
          ],
          [
            8.015795018619729,
            47.067339484215175
          ],
          [
            8.015399565124438,
            47.06728647262484
          ],
          [
            8.014999736593987,
            47.06732858799839
          ],
          [
            8.014787839397933,
            47.06739661076546
          ],
          [
            8.014428635098072,
            47.06740298940412
          ],
          [
            8.013861323644845,
            47.067333715462624
          ],
          [
            8.01361436735511,
            47.067291234431885
          ],
          [
            8.013424657374246,
            47.067250418558444
          ],
          [
            8.013272367365413,
            47.0672051425659
          ],
          [
            8.013063152323014,
            47.06713526113896
          ],
          [
            8.012769541123317,
            47.06698081419051
          ],
          [
            8.012627575060579,
            47.06688766723072
          ],
          [
            8.012236758474849,
            47.06668652445102
          ],
          [
            8.011926406150582,
            47.066604741264726
          ],
          [
            8.011316270084372,
            47.06653563240747
          ],
          [
            8.01074119287343,
            47.06640967597917
          ],
          [
            8.010188139310694,
            47.06595337497937
          ],
          [
            8.009871283508275,
            47.065827596036655
          ],
          [
            8.009639578000376,
            47.065769891748474
          ],
          [
            8.009092863804433,
            47.065673119566696
          ],
          [
            8.00876560955011,
            47.06562018743554
          ],
          [
            8.008422394241762,
            47.0655988976958
          ],
          [
            8.00815675380869,
            47.065304343851395
          ],
          [
            8.00800274784916,
            47.06510756306368
          ],
          [
            8.007743137667468,
            47.064966571611244
          ],
          [
            8.007646760462233,
            47.0649218118843
          ],
          [
            8.006653696651954,
            47.06467721494847
          ],
          [
            8.006403307464737,
            47.064552429252885
          ],
          [
            8.006154915632443,
            47.064244211805864
          ],
          [
            8.00583287429178,
            47.06380904808084
          ],
          [
            8.005449719799591,
            47.06354980737267
          ],
          [
            8.005241180370051,
            47.063497943819165
          ],
          [
            8.005101118523989,
            47.06347083004158
          ],
          [
            8.004900002738976,
            47.06346373442895
          ],
          [
            8.004749795537878,
            47.06345445374267
          ],
          [
            8.004169198182119,
            47.063383398494466
          ],
          [
            8.003817756429928,
            47.06336191065043
          ],
          [
            8.003435440838174,
            47.063371256121336
          ],
          [
            8.002748535215321,
            47.06339674893813
          ],
          [
            8.002025002061853,
            47.063405497204535
          ],
          [
            8.000935315986894,
            47.06349879780324
          ],
          [
            8.000815455435928,
            47.06349105459398
          ],
          [
            8.000758913523207,
            47.06338776932057
          ],
          [
            8.000713565854685,
            47.0631378793355
          ],
          [
            8.000518267151037,
            47.062681625816
          ],
          [
            8.000302423239498,
            47.062411520270096
          ],
          [
            8.000004667099205,
            47.061989453574725
          ],
          [
            7.999830968811198,
            47.061856902907564
          ],
          [
            8.000005806775487,
            47.06152456652587
          ],
          [
            7.999940413098858,
            47.06152357262616
          ],
          [
            7.999933232172603,
            47.061475096524156
          ],
          [
            7.999910561543221,
            47.06143201223993
          ],
          [
            7.999725980998326,
            47.06119262445722
          ],
          [
            7.999624747490606,
            47.06107614491998
          ],
          [
            7.999548714233187,
            47.061000452525285
          ],
          [
            7.999473880669139,
            47.06093373144695
          ],
          [
            7.999498349998582,
            47.060921000747435
          ],
          [
            7.9991710706351675,
            47.06060485060593
          ],
          [
            7.999153272149023,
            47.0606122505219
          ],
          [
            7.999108879992327,
            47.060563829911665
          ],
          [
            7.99912757889275,
            47.06055567900854
          ],
          [
            7.998149629966512,
            47.06021778070324
          ],
          [
            7.997917894985471,
            47.06003368826223
          ],
          [
            7.99766060324873,
            47.05971101349587
          ],
          [
            7.997361212478378,
            47.05951538432299
          ],
          [
            7.997085258208199,
            47.0593834075521
          ],
          [
            7.997034884508006,
            47.0589812064899
          ],
          [
            7.998403385986515,
            47.058007554250146
          ],
          [
            7.9981993529591255,
            47.05608367019132
          ],
          [
            7.99814317662421,
            47.055800837158365
          ],
          [
            7.998091457735114,
            47.05549352437822
          ],
          [
            7.998116090462562,
            47.05542975426969
          ],
          [
            7.997891855282419,
            47.05524089369357
          ],
          [
            7.997878292387355,
            47.05511399215187
          ],
          [
            7.997888567479122,
            47.054893775103544
          ],
          [
            7.997827881721796,
            47.05474759223546
          ],
          [
            7.997777532423413,
            47.0544767212373
          ],
          [
            7.997815152800841,
            47.05427243657572
          ],
          [
            7.99812352827315,
            47.054032112383716
          ],
          [
            7.998507081027657,
            47.053795648837635
          ],
          [
            7.998613228273817,
            47.05346751653732
          ],
          [
            7.99869837313407,
            47.053380747418764
          ],
          [
            7.998767131823929,
            47.05321454031645
          ],
          [
            7.998837945265772,
            47.05306617867142
          ],
          [
            7.998948313320205,
            47.052925854741176
          ],
          [
            7.998931585268986,
            47.052917040029534
          ],
          [
            7.998979047120109,
            47.052871823468806
          ],
          [
            7.998997608466137,
            47.052879747701226
          ],
          [
            7.999140723628219,
            47.05276864228848
          ],
          [
            7.999358923472487,
            47.05261719553265
          ],
          [
            7.999479760159397,
            47.05250405753108
          ],
          [
            7.999537544500966,
            47.05235854753087
          ],
          [
            7.999523984911222,
            47.05224108207081
          ],
          [
            7.9994658795949425,
            47.05213794754377
          ],
          [
            7.999151534839541,
            47.05177100081277
          ],
          [
            7.999053812117389,
            47.05167381626733
          ],
          [
            7.99894599832062,
            47.05157819204381
          ],
          [
            7.998145539774773,
            47.050945527131354
          ],
          [
            7.997986578809488,
            47.05081134562848
          ],
          [
            7.997248668767815,
            47.05014569928967
          ],
          [
            7.997071508997644,
            47.04999739252917
          ],
          [
            7.996912499257147,
            47.04988836043936
          ],
          [
            7.996714196591724,
            47.049783521858004
          ],
          [
            7.996512219099159,
            47.04970364455098
          ],
          [
            7.996314765877851,
            47.049646224011894
          ],
          [
            7.996072013456548,
            47.049595058706004
          ],
          [
            7.995829090285499,
            47.049557827327305
          ],
          [
            7.995529107389782,
            47.049496899710476
          ],
          [
            7.995281210449985,
            47.04941018153616
          ],
          [
            7.995078535700369,
            47.04929062713493
          ],
          [
            7.994884655772629,
            47.049145933109564
          ],
          [
            7.994870955426736,
            47.04915479676785
          ],
          [
            7.994813816728556,
            47.04911328152037
          ],
          [
            7.994828564919286,
            47.04910393604945
          ],
          [
            7.994521085741689,
            47.04887539799274
          ],
          [
            7.994333517456955,
            47.04874642315087
          ],
          [
            7.994155796801658,
            47.04864442206469
          ],
          [
            7.993927826393666,
            47.04853819293154
          ],
          [
            7.993429247670156,
            47.04833197499457
          ],
          [
            7.993239649063534,
            47.048237873687675
          ],
          [
            7.993092741268519,
            47.048135965101324
          ],
          [
            7.992958560283466,
            47.04800350109779
          ],
          [
            7.992878672454639,
            47.047893362080785
          ],
          [
            7.992837523257762,
            47.04782223738009
          ],
          [
            7.992763332878582,
            47.04759339671751
          ],
          [
            7.99237356146617,
            47.04742415953045
          ],
          [
            7.992254335438721,
            47.047395211709215
          ],
          [
            7.992131218474796,
            47.04726457342977
          ],
          [
            7.991984605796452,
            47.04694442869421
          ],
          [
            7.991695903881037,
            47.04671842825181
          ],
          [
            7.991477479236766,
            47.04626126230309
          ],
          [
            7.991150533994855,
            47.04616755747185
          ],
          [
            7.990901051210246,
            47.046077995013356
          ],
          [
            7.990426041859844,
            47.04580186578014
          ],
          [
            7.990972461164057,
            47.04572293374167
          ],
          [
            7.991079507778826,
            47.04560715417073
          ],
          [
            7.991000760000026,
            47.04543954679376
          ],
          [
            7.990768363167842,
            47.04525925693798
          ],
          [
            7.990460978857227,
            47.04498361750189
          ],
          [
            7.990370798403449,
            47.04484930198465
          ],
          [
            7.990243235997295,
            47.04471788243257
          ],
          [
            7.989959857361125,
            47.044390718630424
          ],
          [
            7.989525271954671,
            47.04411637962913
          ],
          [
            7.989343124262222,
            47.04394216959262
          ],
          [
            7.989057577786471,
            47.04378125488981
          ],
          [
            7.988648088357633,
            47.04427166613855
          ],
          [
            7.988376495455809,
            47.04396725394603
          ],
          [
            7.98828087726435,
            47.04388080846103
          ],
          [
            7.988198321772866,
            47.043940454981474
          ],
          [
            7.988125813072952,
            47.04401616385563
          ],
          [
            7.98807818748325,
            47.0440583633811
          ],
          [
            7.988062211223413,
            47.04408527256377
          ],
          [
            7.988013898717072,
            47.044133655071796
          ],
          [
            7.987979927949823,
            47.04419729686509
          ],
          [
            7.987969932130664,
            47.04425696506504
          ],
          [
            7.98793131226569,
            47.04431638331981
          ],
          [
            7.987873029864219,
            47.04437684905093
          ],
          [
            7.987836346158614,
            47.04442616536445
          ],
          [
            7.9877929247010595,
            47.044452315164136
          ],
          [
            7.987799758795064,
            47.04450291666501
          ],
          [
            7.987679739444408,
            47.04466958722923
          ],
          [
            7.9876648046499925,
            47.04472116529681
          ],
          [
            7.987594911631575,
            47.044796753372715
          ],
          [
            7.987544558167493,
            47.04481422881012
          ],
          [
            7.987514341285774,
            47.04486028482995
          ],
          [
            7.987468408924572,
            47.04496525372257
          ],
          [
            7.987398763701025,
            47.04502652008012
          ],
          [
            7.98739250795271,
            47.045065940077095
          ],
          [
            7.987372476274613,
            47.0451042744775
          ],
          [
            7.987348084891817,
            47.04517699147808
          ],
          [
            7.987256007595795,
            47.04531346605433
          ],
          [
            7.987236006497011,
            47.04537284012682
          ],
          [
            7.987113186155921,
            47.045502714942145
          ],
          [
            7.987110898652838,
            47.04554673052879
          ],
          [
            7.987052958341515,
            47.045612564336636
          ],
          [
            7.986899502956145,
            47.045658839541595
          ],
          [
            7.986828572000726,
            47.04569744369294
          ],
          [
            7.986717424451262,
            47.04578883475406
          ],
          [
            7.986667986042069,
            47.04579293852125
          ],
          [
            7.9865672056602985,
            47.04587766849028
          ],
          [
            7.9864581216629125,
            47.04593149437077
          ],
          [
            7.986422451761636,
            47.04595400858425
          ],
          [
            7.986394540178231,
            47.04598239566559
          ],
          [
            7.98635511423231,
            47.04600953332104
          ],
          [
            7.9862785440157245,
            47.04607850491395
          ],
          [
            7.9861973103657595,
            47.04609798894008
          ],
          [
            7.986145552865209,
            47.04613409056475
          ],
          [
            7.986073222350377,
            47.04617622703822
          ],
          [
            7.986043169855805,
            47.046212791899
          ],
          [
            7.985975834401188,
            47.046262136675175
          ],
          [
            7.9859344968432024,
            47.04630188560318
          ],
          [
            7.98580460402929,
            47.04638782398235
          ],
          [
            7.985801025998089,
            47.04643186366577
          ],
          [
            7.985666237499674,
            47.04653203765636
          ],
          [
            7.985626786579129,
            47.0465813394136
          ],
          [
            7.9855067404720925,
            47.046678033836194
          ],
          [
            7.985412849914046,
            47.04672246733155
          ],
          [
            7.985276483212858,
            47.0468500208357
          ],
          [
            7.985217572852697,
            47.046945020820004
          ],
          [
            7.985208024166599,
            47.0469843304049
          ],
          [
            7.985123982352244,
            47.04705390344024
          ],
          [
            7.9851061126992615,
            47.047108355575084
          ],
          [
            7.985061066160485,
            47.04715102727296
          ],
          [
            7.985002522559204,
            47.0472161882303
          ],
          [
            7.984949086643922,
            47.047285399708365
          ],
          [
            7.984886362758247,
            47.047329054904736
          ],
          [
            7.984863265643386,
            47.04742464002738
          ],
          [
            7.984784421362086,
            47.047498136997625
          ],
          [
            7.984794321294799,
            47.047564456710035
          ],
          [
            7.984764023027713,
            47.04763264959554
          ],
          [
            7.984684009232522,
            47.04772318000996
          ],
          [
            7.984603488504936,
            47.04784670725644
          ],
          [
            7.984587612545612,
            47.04790964131618
          ],
          [
            7.984611066129628,
            47.04792667477326
          ],
          [
            7.984569330035662,
            47.048023220921536
          ],
          [
            7.984543926913956,
            47.04812636391105
          ],
          [
            7.984502714427959,
            47.0482084252326
          ],
          [
            7.984453932923276,
            47.04824242503348
          ],
          [
            7.984397665120154,
            47.048296033976605
          ],
          [
            7.9844099675567515,
            47.04837734633055
          ],
          [
            7.984280869309958,
            47.04842954705295
          ],
          [
            7.984257182315783,
            47.04846206931992
          ],
          [
            7.984286536187077,
            47.04850930776794
          ],
          [
            7.984290568647923,
            47.04855385994672
          ],
          [
            7.984263888473298,
            47.04860135548278
          ],
          [
            7.98404199797411,
            47.048819562574536
          ],
          [
            7.983992731578918,
            47.048814983966324
          ],
          [
            7.9839581266078135,
            47.048879140208356
          ],
          [
            7.983924797800108,
            47.04889273723739
          ],
          [
            7.983776527202187,
            47.04900365921265
          ],
          [
            7.983691062002314,
            47.0491046312199
          ],
          [
            7.9836854526838,
            47.0491367437808
          ],
          [
            7.9835986671606936,
            47.04918547773522
          ],
          [
            7.983473554415213,
            47.049299977513556
          ],
          [
            7.983430983513325,
            47.04935347603938
          ],
          [
            7.98342528576394,
            47.04941449964232
          ],
          [
            7.9833701870232385,
            47.0495264724982
          ],
          [
            7.98326011339816,
            47.0496952408557
          ],
          [
            7.9832563430357615,
            47.04972833414829
          ],
          [
            7.983238008416411,
            47.049790416098844
          ],
          [
            7.98319425949623,
            47.049834232260444
          ],
          [
            7.983209995299285,
            47.049916832746185
          ],
          [
            7.983204450748522,
            47.049996880491854
          ],
          [
            7.983154533733089,
            47.05005930099388
          ],
          [
            7.983144744098777,
            47.05013604061902
          ],
          [
            7.983075055340828,
            47.050216221381945
          ],
          [
            7.983086109408805,
            47.05025505533662
          ],
          [
            7.9830296989870595,
            47.05040265528092
          ],
          [
            7.9829850075624265,
            47.05049116406208
          ],
          [
            7.982965678630188,
            47.050551289709425
          ],
          [
            7.982926519721625,
            47.05058839157302
          ],
          [
            7.982832556355509,
            47.050642106287384
          ],
          [
            7.982792930298099,
            47.05067858065107
          ],
          [
            7.982779013560183,
            47.05070528139173
          ],
          [
            7.982711179731686,
            47.05077512662496
          ],
          [
            7.982697087247832,
            47.050842927333825
          ],
          [
            7.9827731837786935,
            47.050889692959814
          ],
          [
            7.982806356128246,
            47.05093451195848
          ],
          [
            7.982748902628552,
            47.05105595858654
          ],
          [
            7.982746354271022,
            47.051135641286784
          ],
          [
            7.9827811600278125,
            47.051214346532426
          ],
          [
            7.982879517199579,
            47.051331682087834
          ],
          [
            7.982970482695296,
            47.05148449372418
          ],
          [
            7.983070430001238,
            47.051596316509105
          ],
          [
            7.98321900515002,
            47.05167023679889
          ],
          [
            7.983398198346272,
            47.05179262189718
          ],
          [
            7.983505348532145,
            47.0518994807781
          ],
          [
            7.983524146671337,
            47.051938772697504
          ],
          [
            7.983517010758394,
            47.051946299548796
          ],
          [
            7.983640436578588,
            47.0520461548115
          ],
          [
            7.983762945481498,
            47.052176202234264
          ],
          [
            7.9838290149937725,
            47.052224166113966
          ],
          [
            7.9839978000644125,
            47.052387923675695
          ],
          [
            7.984106088263648,
            47.052470543483295
          ],
          [
            7.984167962991965,
            47.05254340784465
          ],
          [
            7.98429401583024,
            47.05261659711076
          ],
          [
            7.984480730055264,
            47.052660056771906
          ],
          [
            7.984523167943854,
            47.05269168025327
          ],
          [
            7.984661789102943,
            47.052843634480546
          ],
          [
            7.984704605520218,
            47.05295642891456
          ],
          [
            7.9848033019028986,
            47.053057219001985
          ],
          [
            7.984886706509944,
            47.05316979346451
          ],
          [
            7.984998026895516,
            47.053234515530974
          ],
          [
            7.98512251184779,
            47.05334734425838
          ],
          [
            7.985219118966797,
            47.05345995463903
          ],
          [
            7.9852885057753245,
            47.05351415357456
          ],
          [
            7.9853382522678364,
            47.05358869413428
          ],
          [
            7.985543041503145,
            47.05381428213523
          ],
          [
            7.9856911002654245,
            47.05393990618102
          ],
          [
            7.985877277400027,
            47.05404114239905
          ],
          [
            7.985975716019354,
            47.05416657958777
          ],
          [
            7.986073847190376,
            47.05424634046202
          ],
          [
            7.986262104759934,
            47.05436554757838
          ],
          [
            7.986323770633863,
            47.054431629377326
          ],
          [
            7.986306605853386,
            47.05474748813391
          ],
          [
            7.986340444745494,
            47.05478874081958
          ],
          [
            7.986432741901124,
            47.05486930277796
          ],
          [
            7.9864509245260535,
            47.05494856287187
          ],
          [
            7.9864571510527576,
            47.05514467379269
          ],
          [
            7.986338707873102,
            47.055436305416
          ],
          [
            7.98631380057743,
            47.05563448967701
          ],
          [
            7.986153254942205,
            47.05596920187912
          ],
          [
            7.986087681975703,
            47.056067364167205
          ],
          [
            7.986079835024499,
            47.05611488726141
          ],
          [
            7.986033063933839,
            47.05617755480085
          ],
          [
            7.985993916376497,
            47.056254686287865
          ],
          [
            7.985939492759659,
            47.056435614270775
          ],
          [
            7.985888683348297,
            47.05654891701839
          ],
          [
            7.985867827530365,
            47.05658440348318
          ],
          [
            7.985826059451724,
            47.056697618169046
          ],
          [
            7.985796079559713,
            47.057082764821
          ],
          [
            7.9857060954116585,
            47.05735080063628
          ],
          [
            7.985540144035724,
            47.057648036534914
          ],
          [
            7.985370766236931,
            47.05785330349004
          ],
          [
            7.985312187289875,
            47.05796521266111
          ],
          [
            7.9853363504172705,
            47.05808504878821
          ],
          [
            7.985330002009265,
            47.058153145708324
          ],
          [
            7.985236478699725,
            47.05828991289322
          ],
          [
            7.985082688429064,
            47.05841431930929
          ],
          [
            7.985024674276672,
            47.05851329952021
          ],
          [
            7.984972722320205,
            47.05872551849287
          ],
          [
            7.984875061461358,
            47.05893575986078
          ],
          [
            7.9848385001230096,
            47.05902809848409
          ],
          [
            7.98478874164375,
            47.05910803245713
          ],
          [
            7.9847502416955,
            47.05920650599359
          ],
          [
            7.984689260514696,
            47.05928957860116
          ],
          [
            7.984636276431019,
            47.05938631287536
          ],
          [
            7.984600873892931,
            47.05948264877075
          ],
          [
            7.984591201209996,
            47.059529442787195
          ],
          [
            7.98450999368701,
            47.059671332051366
          ],
          [
            7.9845098082822865,
            47.05975146219116
          ],
          [
            7.984558394443963,
            47.05984734514477
          ],
          [
            7.984643034417342,
            47.05994450502515
          ],
          [
            7.984641943607917,
            47.06004559828232
          ],
          [
            7.984594617043737,
            47.06015250619853
          ],
          [
            7.984387313004044,
            47.06045311192321
          ],
          [
            7.984370243574144,
            47.06053110940247
          ],
          [
            7.984394219050987,
            47.060685659027584
          ],
          [
            7.9843881089681075,
            47.060778635442716
          ],
          [
            7.9842400438501135,
            47.06092197531603
          ],
          [
            7.9839727985099795,
            47.06111215184935
          ],
          [
            7.983914883443159,
            47.06119675662217
          ],
          [
            7.983896959332171,
            47.06130862499184
          ],
          [
            7.983945346627579,
            47.06140563351864
          ],
          [
            7.983923927216932,
            47.06147665328606
          ],
          [
            7.983850696903504,
            47.06156848186072
          ],
          [
            7.983767519577697,
            47.061621912089805
          ],
          [
            7.983690213641864,
            47.061692252370314
          ],
          [
            7.983650962131019,
            47.06179746643335
          ],
          [
            7.983613450741104,
            47.06194572324226
          ],
          [
            7.983560324072586,
            47.062061275572134
          ],
          [
            7.983468974171585,
            47.06212538563924
          ],
          [
            7.983294126415331,
            47.06220631657408
          ],
          [
            7.983184399216653,
            47.06228727154586
          ],
          [
            7.9831072225564705,
            47.06242502080055
          ],
          [
            7.98305743481356,
            47.062655758528784
          ],
          [
            7.982951468536293,
            47.062763708020206
          ],
          [
            7.982826180855047,
            47.062840850398324
          ],
          [
            7.982754956605722,
            47.06293095964459
          ],
          [
            7.982734692263708,
            47.06301744542311
          ],
          [
            7.982746768110729,
            47.06308800952704
          ],
          [
            7.982715785894994,
            47.06328722883113
          ],
          [
            7.982675987272346,
            47.063429676206965
          ],
          [
            7.982619634694505,
            47.06359485180864
          ],
          [
            7.982579000880352,
            47.06367442669363
          ],
          [
            7.982530154369479,
            47.06373989098723
          ],
          [
            7.982483028220933,
            47.06387120991866
          ],
          [
            7.982448401508235,
            47.064035688932826
          ],
          [
            7.982440309201936,
            47.06416855922098
          ],
          [
            7.982411016957732,
            47.064282693871355
          ],
          [
            7.98236965027529,
            47.064367975085375
          ],
          [
            7.982191981019921,
            47.06457023574988
          ],
          [
            7.9820811790882145,
            47.06475239956817
          ],
          [
            7.9820398587353045,
            47.06486574542551
          ],
          [
            7.981971847278978,
            47.065168260348386
          ],
          [
            7.981971120956654,
            47.065256452620545
          ],
          [
            7.981997378601374,
            47.065419744102044
          ],
          [
            7.982000651247232,
            47.065605146463305
          ],
          [
            7.982028398799086,
            47.06573873776613
          ],
          [
            7.982185691644529,
            47.065914479657074
          ],
          [
            7.982311720314,
            47.06599024377165
          ],
          [
            7.982484680585894,
            47.06606464331459
          ],
          [
            7.982504523240332,
            47.06612085031237
          ],
          [
            7.982463631356015,
            47.06616996861841
          ],
          [
            7.982402476521534,
            47.06626821553884
          ],
          [
            7.982428934974891,
            47.06643815338907
          ],
          [
            7.982293328307202,
            47.06664248187628
          ],
          [
            7.98226188574336,
            47.0667199532146
          ],
          [
            7.982363310847573,
            47.06685933065153
          ],
          [
            7.98236305406925,
            47.06691714393133
          ],
          [
            7.982305279435463,
            47.06701128198034
          ],
          [
            7.98227911198547,
            47.067068884985076
          ],
          [
            7.982271727687907,
            47.06716776801081
          ],
          [
            7.982328557134634,
            47.06731815959331
          ],
          [
            7.98244097368991,
            47.06741700662462
          ],
          [
            7.982472874557512,
            47.0675029576169
          ],
          [
            7.982497893587457,
            47.06761392079039
          ],
          [
            7.982600103611665,
            47.0677577738912
          ],
          [
            7.982633314091884,
            47.067915725093876
          ],
          [
            7.982695302004063,
            47.0680618193539
          ],
          [
            7.98271258495176,
            47.06814334186636
          ],
          [
            7.982697414286823,
            47.06831560848795
          ],
          [
            7.982705973041103,
            47.06837547590529
          ],
          [
            7.982776974999033,
            47.068512001545415
          ],
          [
            7.982795884183717,
            47.068760359007676
          ],
          [
            7.982785616020902,
            47.068822753232396
          ],
          [
            7.982813399667499,
            47.06889593245056
          ],
          [
            7.982863013226344,
            47.06895240320173
          ],
          [
            7.982899091636405,
            47.0690217291686
          ],
          [
            7.982819061075571,
            47.069162100100655
          ],
          [
            7.982789564748644,
            47.069195279041104
          ],
          [
            7.982737885701762,
            47.06923375319508
          ],
          [
            7.982440903842061,
            47.06928735757853
          ],
          [
            7.982367317923714,
            47.0693181093892
          ],
          [
            7.9823404062575065,
            47.069360837864046
          ],
          [
            7.982307267314104,
            47.069386675847525
          ],
          [
            7.9822891832267935,
            47.06955482735297
          ],
          [
            7.9822423364407555,
            47.069742877284874
          ],
          [
            7.982088312476273,
            47.069855937381924
          ],
          [
            7.981998512888188,
            47.06990041128835
          ],
          [
            7.9818411212507865,
            47.070025540505426
          ],
          [
            7.9816105508619675,
            47.070168546786036
          ],
          [
            7.981519450141285,
            47.0702107326853
          ],
          [
            7.981487753961478,
            47.070211395096564
          ],
          [
            7.981436477442591,
            47.07020134674715
          ],
          [
            7.981284675455257,
            47.070188120918516
          ],
          [
            7.9811522466761815,
            47.07021720673598
          ],
          [
            7.981074732843903,
            47.07026073140404
          ],
          [
            7.980959530021124,
            47.07035680376579
          ],
          [
            7.980967824155527,
            47.07044014994469
          ],
          [
            7.9810771194037295,
            47.070585383138145
          ],
          [
            7.981098606056081,
            47.07070000625334
          ],
          [
            7.981070787798672,
            47.07077173914312
          ],
          [
            7.9810356526840565,
            47.07080212872899
          ],
          [
            7.980935014905639,
            47.07084136375624
          ],
          [
            7.980856834366517,
            47.07093497656206
          ],
          [
            7.9808190058144515,
            47.07101415063746
          ],
          [
            7.9807857971731195,
            47.07111535908544
          ],
          [
            7.980780574188687,
            47.07117307878573
          ],
          [
            7.980791108755101,
            47.0712214771277
          ],
          [
            7.980721207804038,
            47.07128892878697
          ],
          [
            7.980365039273784,
            47.07143326229328
          ],
          [
            7.980177413295768,
            47.07151825122466
          ],
          [
            7.980032258456868,
            47.0716409095221
          ],
          [
            7.9799868221936086,
            47.07169307063874
          ],
          [
            7.979963901248935,
            47.071754516677956
          ],
          [
            7.9799835001346375,
            47.07180880022188
          ],
          [
            7.98006514151001,
            47.0719143699042
          ],
          [
            7.980182590912655,
            47.07197387746243
          ],
          [
            7.980299530660926,
            47.07201808650913
          ],
          [
            7.980380408336045,
            47.07209747461028
          ],
          [
            7.980453947746379,
            47.07224808505687
          ],
          [
            7.980582694014709,
            47.072314024483234
          ],
          [
            7.980753725040119,
            47.07238464874717
          ],
          [
            7.980800653451475,
            47.07248148537044
          ],
          [
            7.980777658706614,
            47.0725889962023
          ],
          [
            7.9806707863687345,
            47.07274911053574
          ],
          [
            7.980555628964465,
            47.072847673861766
          ],
          [
            7.980549246567209,
            47.0729692377422
          ],
          [
            7.980488602072971,
            47.07328081057224
          ],
          [
            7.98050523301639,
            47.07348959110218
          ],
          [
            7.980552541588826,
            47.07358881873064
          ],
          [
            7.980627656937186,
            47.07364492731512
          ],
          [
            7.980700703065866,
            47.073739913747325
          ],
          [
            7.980810903241448,
            47.073820350628395
          ],
          [
            7.980974823493843,
            47.07386824131852
          ],
          [
            7.981166252300248,
            47.07394380603658
          ],
          [
            7.9812559539640455,
            47.074011296227944
          ],
          [
            7.981272187010744,
            47.07405412657807
          ],
          [
            7.981270566375048,
            47.074111298546846
          ],
          [
            7.981199101893735,
            47.07422886992355
          ],
          [
            7.9811406232521405,
            47.07431165860951
          ],
          [
            7.981134828455743,
            47.07439095140669
          ],
          [
            7.981137966998032,
            47.074450034872285
          ],
          [
            7.981116919269091,
            47.07464335047034
          ],
          [
            7.981105134475497,
            47.07470059737601
          ],
          [
            7.981066012943767,
            47.07477062047607
          ],
          [
            7.981016476034408,
            47.07481195313027
          ],
          [
            7.9808682887201865,
            47.07496225983586
          ],
          [
            7.980839785175715,
            47.07505763513172
          ],
          [
            7.9808913005937905,
            47.07513256479265
          ],
          [
            7.980974211924149,
            47.07522762143763
          ],
          [
            7.9810003118759925,
            47.07530869770576
          ],
          [
            7.980980222285356,
            47.0753832544937
          ],
          [
            7.980974556653702,
            47.075429768256654
          ],
          [
            7.981052314205735,
            47.07550598628471
          ],
          [
            7.981183606532131,
            47.07556764930879
          ],
          [
            7.981266835329084,
            47.075618465998915
          ],
          [
            7.981327912834847,
            47.07569747011452
          ],
          [
            7.981359754393983,
            47.07576162626558
          ],
          [
            7.9813738202660565,
            47.07584658219985
          ],
          [
            7.981371314847635,
            47.07623802777991
          ],
          [
            7.981342590882874,
            47.07639880808173
          ],
          [
            7.981364260220957,
            47.07653120460794
          ],
          [
            7.981415459938666,
            47.07663458722505
          ],
          [
            7.981464901318344,
            47.076786704940815
          ],
          [
            7.981465356249293,
            47.076869413353926
          ],
          [
            7.981486692510473,
            47.0769389082172
          ],
          [
            7.981532382865445,
            47.07700525670297
          ],
          [
            7.98161871447474,
            47.07705926076177
          ],
          [
            7.981677557446116,
            47.07710721492014
          ],
          [
            7.981695516507364,
            47.07715653154575
          ],
          [
            7.98168844201276,
            47.07721341441505
          ],
          [
            7.9816007233082065,
            47.07733725139885
          ],
          [
            7.981549375994876,
            47.07744190077959
          ],
          [
            7.981547644577904,
            47.07751022724067
          ],
          [
            7.981568791302055,
            47.07760910118702
          ],
          [
            7.981631757081552,
            47.077770330005485
          ],
          [
            7.9816532251935906,
            47.077799453902536
          ],
          [
            7.981710309553749,
            47.07782708727311
          ],
          [
            7.981761805220632,
            47.0778450502288
          ],
          [
            7.981906198342452,
            47.07785786075926
          ],
          [
            7.982385388686481,
            47.07796416706567
          ],
          [
            7.98263569554693,
            47.07818281581385
          ],
          [
            7.982513285609593,
            47.07829934263227
          ],
          [
            7.982530972431898,
            47.07836195526176
          ],
          [
            7.982629399737078,
            47.07842809878106
          ],
          [
            7.982682883294783,
            47.078447230286066
          ],
          [
            7.982885300527151,
            47.07853846370152
          ],
          [
            7.983139786691454,
            47.07858588658923
          ],
          [
            7.983305660899553,
            47.07872083792313
          ],
          [
            7.983430190676521,
            47.078806664448734
          ],
          [
            7.983473815486492,
            47.07890910154724
          ],
          [
            7.98340320697114,
            47.079002194269826
          ],
          [
            7.983379756759476,
            47.07912167121144
          ],
          [
            7.983443845322732,
            47.07918527817821
          ],
          [
            7.983599540773141,
            47.079218856840605
          ],
          [
            7.98372647712261,
            47.07918108707506
          ],
          [
            7.983867351858353,
            47.07917898885704
          ],
          [
            7.983922078597958,
            47.07925035780638
          ],
          [
            7.983870034740869,
            47.07938597285353
          ],
          [
            7.983766845656631,
            47.07954743961509
          ],
          [
            7.983782904542222,
            47.079664777342046
          ],
          [
            7.983983599204273,
            47.07992531496276
          ],
          [
            7.984076848099017,
            47.080055428416756
          ],
          [
            7.984164578372341,
            47.08015171018587
          ],
          [
            7.984367283332652,
            47.08031177061682
          ],
          [
            7.9844782236222915,
            47.08036730183047
          ],
          [
            7.984534297850944,
            47.080418191092114
          ],
          [
            7.984488359155626,
            47.08046915990771
          ],
          [
            7.984409510730736,
            47.08047977071758
          ],
          [
            7.984239839915849,
            47.08047599747001
          ],
          [
            7.9841459912207835,
            47.08048515010305
          ],
          [
            7.984110420606288,
            47.08051460711487
          ],
          [
            7.984066841354848,
            47.08058916786923
          ],
          [
            7.984067787621167,
            47.08085710225951
          ],
          [
            7.984096028420977,
            47.08092524155842
          ],
          [
            7.9842427233921445,
            47.08095893402227
          ],
          [
            7.984429942593827,
            47.080929710674575
          ],
          [
            7.984589908379112,
            47.08094239896139
          ],
          [
            7.984663930327129,
            47.080987976742534
          ],
          [
            7.984735373753669,
            47.081077768947054
          ],
          [
            7.984903739097584,
            47.08138508939159
          ],
          [
            7.984924528215244,
            47.081521798019466
          ],
          [
            7.984898541359088,
            47.081691966004016
          ],
          [
            7.984855110220213,
            47.081797874469096
          ],
          [
            7.984790533894239,
            47.0819209561722
          ],
          [
            7.984695486710628,
            47.082007959045264
          ],
          [
            7.984388183623415,
            47.08208674948825
          ],
          [
            7.984297144911362,
            47.082145874989735
          ],
          [
            7.984312965506388,
            47.08220722784807
          ],
          [
            7.9844853303205925,
            47.082305689256465
          ],
          [
            7.9843309218535925,
            47.082411224789126
          ],
          [
            7.984339501749858,
            47.082431342218364
          ],
          [
            7.9843363030407515,
            47.08245218119182
          ],
          [
            7.98411141131558,
            47.08284746112981
          ],
          [
            7.984006755685337,
            47.082927429796534
          ],
          [
            7.983993149246522,
            47.082925830229684
          ],
          [
            7.9839713265054835,
            47.0829411715311
          ],
          [
            7.983856961018059,
            47.08298186827858
          ],
          [
            7.983756408374332,
            47.08299265349421
          ],
          [
            7.983602044722265,
            47.08298237515868
          ],
          [
            7.983447838642112,
            47.08294351825603
          ],
          [
            7.983288258213074,
            47.08291486912252
          ],
          [
            7.983189585578382,
            47.082864369928664
          ],
          [
            7.9826635134695385,
            47.08278451858446
          ],
          [
            7.982366814416274,
            47.08272662596526
          ],
          [
            7.981992576902955,
            47.08268936511614
          ],
          [
            7.981541155846475,
            47.08253736549982
          ],
          [
            7.981345046477926,
            47.08259059814412
          ],
          [
            7.981180242496123,
            47.08257779322224
          ],
          [
            7.981037383977554,
            47.08254868426608
          ],
          [
            7.9808776424526515,
            47.082469974509046
          ],
          [
            7.9804421842406885,
            47.08248853340508
          ],
          [
            7.980116835538381,
            47.082480342284235
          ],
          [
            7.979915320872275,
            47.08245738198859
          ],
          [
            7.979626163706642,
            47.082465237361276
          ],
          [
            7.979495197233775,
            47.08248572379038
          ],
          [
            7.979359398871752,
            47.08248149611792
          ],
          [
            7.979263670165616,
            47.08249007788583
          ],
          [
            7.9791985205567775,
            47.08251056932161
          ],
          [
            7.979109387850649,
            47.08249548068481
          ],
          [
            7.979023114938181,
            47.082514596105064
          ],
          [
            7.978892025684356,
            47.08252161667552
          ],
          [
            7.9788189946143975,
            47.08251139049559
          ],
          [
            7.978694562902342,
            47.08251914415097
          ],
          [
            7.97864533463392,
            47.082531851641754
          ],
          [
            7.978527223200751,
            47.08251599013867
          ],
          [
            7.978295353500922,
            47.08254128460625
          ],
          [
            7.9781364297721815,
            47.082553966969286
          ],
          [
            7.978023871229884,
            47.082599227945906
          ],
          [
            7.977933883609706,
            47.082616974716885
          ],
          [
            7.9778675078181,
            47.082622970958035
          ],
          [
            7.977695727134014,
            47.08269816635015
          ],
          [
            7.977656911778098,
            47.082700075388445
          ],
          [
            7.977579609538921,
            47.08273790255817
          ],
          [
            7.977505822466862,
            47.08276647517934
          ],
          [
            7.9774113173878884,
            47.0827737183809
          ],
          [
            7.9773319762449555,
            47.08279212540679
          ],
          [
            7.977307266785348,
            47.08280344013396
          ],
          [
            7.977267547555302,
            47.08279402837803
          ],
          [
            7.977204335430069,
            47.08280036921997
          ],
          [
            7.977123435154301,
            47.08282351485393
          ],
          [
            7.976994492994937,
            47.082839878154694
          ],
          [
            7.9769577475513636,
            47.08283285407366
          ],
          [
            7.976924873171432,
            47.08285202373112
          ],
          [
            7.976881784430404,
            47.08286902838687
          ],
          [
            7.9768286859809745,
            47.08286620059343
          ],
          [
            7.97677040060049,
            47.08287665590486
          ],
          [
            7.976647589491506,
            47.08287804017829
          ],
          [
            7.9765761470173215,
            47.082875217143574
          ],
          [
            7.976496521480932,
            47.08291127340712
          ],
          [
            7.976407074209254,
            47.082943615577946
          ],
          [
            7.976270425026661,
            47.08297284119342
          ],
          [
            7.976245664574204,
            47.08318278685019
          ],
          [
            7.976162392940282,
            47.08367383461611
          ],
          [
            7.976638956401343,
            47.083845086252396
          ],
          [
            7.977026142409851,
            47.08405547856284
          ],
          [
            7.976880792046288,
            47.08463527572507
          ],
          [
            7.97675969855065,
            47.084799104433706
          ],
          [
            7.9773597832275795,
            47.08486097864311
          ],
          [
            7.978299805794193,
            47.08495148748834
          ],
          [
            7.979186643814865,
            47.08501223086404
          ],
          [
            7.9792197675040475,
            47.08499553306421
          ],
          [
            7.980447845499939,
            47.085390918621236
          ],
          [
            7.980852575934789,
            47.08548562773337
          ],
          [
            7.981053149788948,
            47.08534273828436
          ],
          [
            7.981424168425482,
            47.085608062503894
          ],
          [
            7.981641319450613,
            47.085541732454274
          ],
          [
            7.9821219200130145,
            47.085712906372834
          ],
          [
            7.982498347437486,
            47.08576143643721
          ],
          [
            7.982982483589253,
            47.086017108479034
          ],
          [
            7.983011852393186,
            47.086194974473486
          ],
          [
            7.983347827551381,
            47.08649386638503
          ],
          [
            7.9834961516277305,
            47.08689265624055
          ],
          [
            7.983470474813381,
            47.08703440652627
          ],
          [
            7.9832810793320155,
            47.08737028308364
          ],
          [
            7.983191723551873,
            47.08740808112073
          ],
          [
            7.982965806737655,
            47.087402818188615
          ],
          [
            7.982493994216834,
            47.087332504788655
          ],
          [
            7.981776970991799,
            47.08724501583153
          ],
          [
            7.981537130663998,
            47.08725368637334
          ],
          [
            7.981629742022145,
            47.087809347035154
          ],
          [
            7.981618954626711,
            47.088077255420714
          ],
          [
            7.9815154960504495,
            47.088369276549514
          ],
          [
            7.981295932886696,
            47.088680006721624
          ],
          [
            7.981074960733342,
            47.08901445428454
          ],
          [
            7.981122614425407,
            47.08904476799761
          ],
          [
            7.981045699970816,
            47.08920757410346
          ],
          [
            7.98095102181762,
            47.089158394444176
          ],
          [
            7.980809031449699,
            47.089104841266106
          ],
          [
            7.980752026629697,
            47.08906667377282
          ],
          [
            7.980706490168389,
            47.08902429643517
          ],
          [
            7.9806514127023025,
            47.08902305386309
          ],
          [
            7.980554708282026,
            47.08900789406365
          ],
          [
            7.980504965498413,
            47.08899629086213
          ],
          [
            7.980424323073361,
            47.08895969180156
          ],
          [
            7.980351075512398,
            47.088971964439786
          ],
          [
            7.980288369439646,
            47.08896780722368
          ],
          [
            7.98023983063388,
            47.08895934653648
          ],
          [
            7.98016621137127,
            47.08893349939313
          ],
          [
            7.979633049131415,
            47.08908325940062
          ],
          [
            7.979181475381834,
            47.08915734409442
          ],
          [
            7.978610910021973,
            47.08912318058324
          ],
          [
            7.9780125091302345,
            47.089173411279454
          ],
          [
            7.97749631909737,
            47.08937993998564
          ],
          [
            7.9769587337128,
            47.08962163854677
          ],
          [
            7.977143491487418,
            47.08981612093552
          ],
          [
            7.977021381167164,
            47.08990859601608
          ],
          [
            7.977361104495859,
            47.09042566467671
          ],
          [
            7.977146877082122,
            47.09051676334867
          ],
          [
            7.977273650041601,
            47.09064979239198
          ],
          [
            7.977367942997603,
            47.09076691713782
          ],
          [
            7.977495838199553,
            47.090938125031364
          ],
          [
            7.977589417442329,
            47.09123317673119
          ],
          [
            7.977851803047922,
            47.091228915385784
          ],
          [
            7.978107537730277,
            47.091709234626066
          ],
          [
            7.9782162819592735,
            47.091985999499066
          ],
          [
            7.978217494653761,
            47.092173326488016
          ],
          [
            7.978143828469415,
            47.092271485194836
          ],
          [
            7.977981216059416,
            47.09233936063871
          ],
          [
            7.9779584607004495,
            47.09251007806257
          ],
          [
            7.97790261600611,
            47.09267392544147
          ],
          [
            7.977853921908161,
            47.09280098514479
          ],
          [
            7.977740212970016,
            47.09298818523581
          ],
          [
            7.97757593254271,
            47.093160357466004
          ],
          [
            7.977405406705382,
            47.09326816255931
          ],
          [
            7.977236705231029,
            47.09334653577413
          ],
          [
            7.97717624912148,
            47.093476438736076
          ],
          [
            7.977177582586272,
            47.09366959393749
          ],
          [
            7.977212698169456,
            47.09376147666872
          ],
          [
            7.977253904093986,
            47.093995516892235
          ],
          [
            7.9772129423397296,
            47.094128162016716
          ],
          [
            7.977074224725206,
            47.09428478710085
          ],
          [
            7.976839158948522,
            47.09461497418972
          ],
          [
            7.976588852474683,
            47.09493878254262
          ],
          [
            7.976886773498036,
            47.09532497069463
          ],
          [
            7.977136376259113,
            47.095828437892074
          ],
          [
            7.977233573442804,
            47.09612895968423
          ],
          [
            7.977441901935721,
            47.09645674674726
          ],
          [
            7.976599140729696,
            47.09666057249611
          ],
          [
            7.976065077161215,
            47.09684997899017
          ],
          [
            7.975866359711257,
            47.096941857075365
          ],
          [
            7.975703208131047,
            47.09703257027964
          ],
          [
            7.9755447749667265,
            47.09717887806527
          ],
          [
            7.975182822576547,
            47.09705727102306
          ],
          [
            7.974962077621454,
            47.09696065854734
          ],
          [
            7.974638842683587,
            47.09733611959991
          ],
          [
            7.974834958928855,
            47.09743562700825
          ],
          [
            7.975216365622995,
            47.097538497498874
          ],
          [
            7.974969039159069,
            47.097806995091595
          ],
          [
            7.9747979046901385,
            47.09793102614437
          ],
          [
            7.974426701588971,
            47.098140354340686
          ],
          [
            7.974295326766631,
            47.098209715962014
          ],
          [
            7.9742278964804205,
            47.0982268508554
          ],
          [
            7.974131433733587,
            47.09827299521593
          ],
          [
            7.973975888237387,
            47.09836627907832
          ],
          [
            7.9739009150458795,
            47.098452576374974
          ],
          [
            7.973827871042776,
            47.09848273510211
          ],
          [
            7.973748537435732,
            47.09849907056169
          ],
          [
            7.9736885169131835,
            47.09854994733115
          ],
          [
            7.973547469119663,
            47.09853586938509
          ],
          [
            7.97332499578317,
            47.09862559569274
          ],
          [
            7.97326594241157,
            47.09866915471042
          ],
          [
            7.973247630971224,
            47.09870072273776
          ],
          [
            7.973031413006049,
            47.098748097363824
          ],
          [
            7.972917632941081,
            47.09881607134231
          ],
          [
            7.97277278283704,
            47.098867314657
          ],
          [
            7.9723739399726705,
            47.099110837960914
          ],
          [
            7.972237328873018,
            47.099125747063766
          ],
          [
            7.971672392382549,
            47.09916449993044
          ],
          [
            7.971481548137786,
            47.09915018245912
          ],
          [
            7.971269724267899,
            47.099190697103204
          ],
          [
            7.9709517809937065,
            47.09925783333725
          ],
          [
            7.970887419754688,
            47.0993057153431
          ],
          [
            7.970829030489151,
            47.0993062913566
          ],
          [
            7.970781262813088,
            47.09927411196212
          ],
          [
            7.970672268892338,
            47.099295125037365
          ],
          [
            7.9704877028344745,
            47.099349373616704
          ],
          [
            7.970130509557676,
            47.099294913193695
          ],
          [
            7.969747763438238,
            47.099308455782264
          ],
          [
            7.969638720803035,
            47.099283350149975
          ],
          [
            7.969275579310104,
            47.09929059402772
          ],
          [
            7.968974873289499,
            47.099238873770126
          ],
          [
            7.96874123487201,
            47.09930089268854
          ],
          [
            7.968648634056789,
            47.099271959378115
          ],
          [
            7.968537763008223,
            47.0993030535997
          ],
          [
            7.968131803171776,
            47.099369678956286
          ],
          [
            7.968047549959852,
            47.099405714412676
          ],
          [
            7.967990991925609,
            47.09942100555262
          ],
          [
            7.967941965263529,
            47.099459973122954
          ],
          [
            7.967896823826367,
            47.09948151725218
          ],
          [
            7.967882425091922,
            47.099513471178376
          ],
          [
            7.967845799551071,
            47.09955033975405
          ],
          [
            7.9676081920172885,
            47.09976180140574
          ],
          [
            7.967616202277915,
            47.09978996424164
          ],
          [
            7.967531220292021,
            47.09984971377591
          ],
          [
            7.967334649830825,
            47.09994283535323
          ],
          [
            7.967227035165713,
            47.099974417053
          ],
          [
            7.967026477353848,
            47.10004130868731
          ],
          [
            7.96698754640931,
            47.100039481611155
          ],
          [
            7.966877478026869,
            47.10007609352321
          ],
          [
            7.966753817645694,
            47.10009959889466
          ],
          [
            7.966651442410274,
            47.10014427985982
          ],
          [
            7.966545528952579,
            47.1001721201357
          ],
          [
            7.966476934912728,
            47.10021740148616
          ],
          [
            7.966363198821941,
            47.10026020937175
          ],
          [
            7.966255109245014,
            47.100289165759726
          ],
          [
            7.966197884550448,
            47.10030914551677
          ],
          [
            7.966155867794206,
            47.10031637239583
          ],
          [
            7.966029868264096,
            47.10033250272551
          ],
          [
            7.965891952355612,
            47.100343812191106
          ],
          [
            7.965749495779173,
            47.10036491998239
          ],
          [
            7.9655606663304654,
            47.10039906706367
          ],
          [
            7.965415174498153,
            47.10043440061432
          ],
          [
            7.965342138265493,
            47.10043659706314
          ],
          [
            7.965264157228534,
            47.10042890349541
          ],
          [
            7.965144730114182,
            47.100402051117854
          ],
          [
            7.965065378001744,
            47.10039289748873
          ],
          [
            7.964998589919928,
            47.10038074491112
          ],
          [
            7.964966974595611,
            47.100370005500245
          ],
          [
            7.964871190203955,
            47.10035759873701
          ],
          [
            7.964691691464859,
            47.10035596413471
          ],
          [
            7.9646521469921066,
            47.10034666413725
          ],
          [
            7.964436222008945,
            47.10031517903477
          ],
          [
            7.964369550832779,
            47.10031089627717
          ],
          [
            7.9642173995021,
            47.100290444102576
          ],
          [
            7.964151371755876,
            47.100287291662006
          ],
          [
            7.963462117724136,
            47.10020363581166
          ],
          [
            7.963302260318887,
            47.100201981381105
          ],
          [
            7.9632232131289,
            47.10020912422461
          ],
          [
            7.963055716653314,
            47.10003919683827
          ],
          [
            7.962921539355176,
            47.100063708499846
          ],
          [
            7.962880084301091,
            47.09963652189165
          ],
          [
            7.962817091163318,
            47.09940059743558
          ],
          [
            7.962750640312328,
            47.0992367485075
          ],
          [
            7.9626623957446165,
            47.099258298069564
          ],
          [
            7.959165759047128,
            47.098990442279884
          ],
          [
            7.95884505075944,
            47.09864080515969
          ],
          [
            7.95881682473853,
            47.09861801327973
          ],
          [
            7.958733096498842,
            47.09856063431942
          ],
          [
            7.9584515377722225,
            47.098426638671384
          ],
          [
            7.9583623717774366,
            47.098378962751006
          ],
          [
            7.958254607555225,
            47.09833277401774
          ],
          [
            7.9582078490417025,
            47.0983304666108
          ],
          [
            7.958149402303488,
            47.09833452654165
          ],
          [
            7.958076435328658,
            47.098320481900444
          ],
          [
            7.95798808499195,
            47.09828624969216
          ],
          [
            7.957878977194993,
            47.09827674872041
          ],
          [
            7.957778440818618,
            47.09823417892684
          ],
          [
            7.957749810056799,
            47.09824027190071
          ],
          [
            7.95768373937663,
            47.0982310172639
          ],
          [
            7.957576252779088,
            47.0981753098205
          ],
          [
            7.957512229760161,
            47.09808768047524
          ],
          [
            7.957417430762792,
            47.098045804093324
          ],
          [
            7.957300025438207,
            47.09800230251231
          ],
          [
            7.957254797010526,
            47.097997451198864
          ],
          [
            7.957102879543132,
            47.097962065691256
          ],
          [
            7.956921848464416,
            47.09785687421463
          ],
          [
            7.9568433520899635,
            47.09782940602284
          ],
          [
            7.956722921492794,
            47.09781080694459
          ],
          [
            7.956698541336076,
            47.097787826316065
          ],
          [
            7.95655003758452,
            47.09776619621297
          ],
          [
            7.95641956447141,
            47.09771019540552
          ],
          [
            7.956343498082128,
            47.0976928804052
          ],
          [
            7.956185549849221,
            47.09761797834193
          ],
          [
            7.95605136367965,
            47.09756479130296
          ],
          [
            7.956023596837432,
            47.09753889336135
          ],
          [
            7.955910895113531,
            47.097538977486025
          ],
          [
            7.955885972473603,
            47.09751023326179
          ],
          [
            7.955899897061664,
            47.0974694048177
          ],
          [
            7.955818481165793,
            47.09735078364639
          ],
          [
            7.955775288887617,
            47.097322058577724
          ],
          [
            7.955677730866877,
            47.097277908411876
          ],
          [
            7.955365236997078,
            47.09716085613266
          ],
          [
            7.9549722922970085,
            47.09702639884455
          ],
          [
            7.954529712458653,
            47.096972291264485
          ],
          [
            7.953940554626322,
            47.09678804990171
          ],
          [
            7.953344104949484,
            47.096851041675976
          ],
          [
            7.953035839773408,
            47.096788177662255
          ],
          [
            7.952976502515053,
            47.09677203594107
          ],
          [
            7.9527378008467275,
            47.0967697029405
          ],
          [
            7.952271914515488,
            47.09667196563259
          ],
          [
            7.951957814107315,
            47.09663776520634
          ],
          [
            7.951641145360221,
            47.09650989135199
          ],
          [
            7.951493884520829,
            47.096473011475496
          ],
          [
            7.951140001782175,
            47.09635149979522
          ],
          [
            7.950860198442624,
            47.09629740829041
          ],
          [
            7.950526167259174,
            47.09626134077632
          ],
          [
            7.949945999512379,
            47.096140472455616
          ],
          [
            7.949847554136689,
            47.096095079975484
          ],
          [
            7.949682067745051,
            47.096008643793546
          ],
          [
            7.949563391082388,
            47.095927333550925
          ],
          [
            7.949200028567122,
            47.09578463856768
          ],
          [
            7.949004491806369,
            47.095765267376564
          ],
          [
            7.948903698372224,
            47.09578304813731
          ],
          [
            7.948387559754901,
            47.09558646394193
          ],
          [
            7.948107007164468,
            47.09552904088001
          ],
          [
            7.947899277713012,
            47.09544478615388
          ],
          [
            7.947720201321659,
            47.095398399561596
          ],
          [
            7.947501049412135,
            47.095360969218646
          ],
          [
            7.947313759196969,
            47.09534980718302
          ],
          [
            7.947164116801476,
            47.09526390898211
          ],
          [
            7.946921990224438,
            47.095202418258395
          ],
          [
            7.946850623908077,
            47.09510908557292
          ],
          [
            7.946761476177367,
            47.09504914027036
          ],
          [
            7.946686400923054,
            47.09508706244832
          ],
          [
            7.946560094846745,
            47.095239826441954
          ],
          [
            7.946544551575643,
            47.095249501850255
          ],
          [
            7.946405723322647,
            47.09540975091545
          ],
          [
            7.9463853557940105,
            47.0955067450816
          ],
          [
            7.946323433113046,
            47.095591437462794
          ],
          [
            7.94631607021286,
            47.09564294893865
          ],
          [
            7.9462602523318,
            47.095660124076495
          ],
          [
            7.946028918133732,
            47.0956911074732
          ],
          [
            7.94599354372376,
            47.09568609132901
          ],
          [
            7.945959931544122,
            47.09569609821869
          ],
          [
            7.945844091736598,
            47.09570239294086
          ],
          [
            7.945821190353692,
            47.09573351803565
          ],
          [
            7.945736621661796,
            47.095766408202095
          ],
          [
            7.945697094503916,
            47.09580560321447
          ],
          [
            7.945614588633993,
            47.09580451868851
          ],
          [
            7.945435144379973,
            47.09588919779865
          ],
          [
            7.9453086240863815,
            47.09592921669923
          ],
          [
            7.94521419612811,
            47.09593357246668
          ],
          [
            7.945115984247042,
            47.095950106196014
          ],
          [
            7.945017875812665,
            47.09597760441477
          ],
          [
            7.944974083819336,
            47.09597670879009
          ],
          [
            7.944905822575323,
            47.09599719426712
          ],
          [
            7.944725394741824,
            47.09601410749103
          ],
          [
            7.94469276132218,
            47.09603575835712
          ],
          [
            7.9446249858179065,
            47.09602537034088
          ],
          [
            7.944392378554161,
            47.096050122421545
          ],
          [
            7.944282611459408,
            47.0960551655281
          ],
          [
            7.944191642268096,
            47.096074347164986
          ],
          [
            7.94414130034175,
            47.09610663595281
          ],
          [
            7.944078898780882,
            47.09609342652069
          ],
          [
            7.944039786878328,
            47.09609995791732
          ],
          [
            7.944003623402971,
            47.09612304532221
          ],
          [
            7.9438566421372965,
            47.096140340933275
          ],
          [
            7.943777714311993,
            47.096115024558436
          ],
          [
            7.943589968897209,
            47.096141053181526
          ],
          [
            7.943545189493052,
            47.09612902541171
          ],
          [
            7.9433228030188765,
            47.09615100493979
          ],
          [
            7.94328797142502,
            47.096164488501785
          ],
          [
            7.943184388279206,
            47.096171635264206
          ],
          [
            7.9431174447517545,
            47.096162861827494
          ],
          [
            7.943012617154853,
            47.096229579444646
          ],
          [
            7.94297436541539,
            47.09621554390707
          ],
          [
            7.9426139580259445,
            47.096284757739184
          ],
          [
            7.942530106984606,
            47.09633404944411
          ],
          [
            7.942427299400199,
            47.09635229207624
          ],
          [
            7.94217651690948,
            47.096343855381896
          ],
          [
            7.94208199574996,
            47.096358031624526
          ],
          [
            7.941968972949753,
            47.09640363667006
          ],
          [
            7.941923209280719,
            47.09643128995636
          ],
          [
            7.941851790744093,
            47.09644396168661
          ],
          [
            7.941979259869684,
            47.09904824887377
          ],
          [
            7.941963037596281,
            47.09929881521435
          ],
          [
            7.941864737567399,
            47.099435889743305
          ],
          [
            7.941162008795599,
            47.09930794828299
          ],
          [
            7.940359548039125,
            47.099178098841776
          ],
          [
            7.93949272908982,
            47.09909194334959
          ],
          [
            7.9389669298611025,
            47.099208001410815
          ],
          [
            7.9386942147117745,
            47.09924049016486
          ],
          [
            7.937755738066345,
            47.09943747465604
          ],
          [
            7.937534090027667,
            47.0994640901429
          ],
          [
            7.93729910890609,
            47.099445148901424
          ],
          [
            7.93700050238362,
            47.09935946043236
          ],
          [
            7.936704029992231,
            47.09917154175372
          ],
          [
            7.935969307785274,
            47.09905213549123
          ],
          [
            7.935737985960393,
            47.09903832942876
          ],
          [
            7.93484455516084,
            47.098905191576954
          ],
          [
            7.934627100399465,
            47.09882392326392
          ],
          [
            7.932647794695492,
            47.09832482056398
          ],
          [
            7.932198697194298,
            47.098245297807786
          ],
          [
            7.931998431116608,
            47.098198950669754
          ],
          [
            7.931583107593452,
            47.09821522226145
          ],
          [
            7.931664020811462,
            47.098069892676
          ],
          [
            7.9313026829043904,
            47.097914494486425
          ],
          [
            7.930964003097559,
            47.09778200762721
          ],
          [
            7.930576253959614,
            47.09768355115856
          ],
          [
            7.930629604787545,
            47.097622102422186
          ],
          [
            7.9303849652954606,
            47.09736457567076
          ],
          [
            7.930126276460853,
            47.097185014885234
          ],
          [
            7.929949803551449,
            47.09704788303703
          ],
          [
            7.929771969074322,
            47.096901491789026
          ],
          [
            7.929537372027069,
            47.09655880880957
          ],
          [
            7.9294177727086135,
            47.09632446634786
          ],
          [
            7.929252690336919,
            47.09608853672473
          ],
          [
            7.929334747998953,
            47.09576990442791
          ],
          [
            7.929592112246022,
            47.09536536741954
          ],
          [
            7.92984694505691,
            47.095191141947474
          ],
          [
            7.930863903271699,
            47.09461351937157
          ],
          [
            7.931915811570509,
            47.09435695261521
          ],
          [
            7.9327159320169836,
            47.09429145240056
          ],
          [
            7.931536514558334,
            47.09393014217324
          ],
          [
            7.930700037645041,
            47.09370621061128
          ],
          [
            7.930873706573635,
            47.09365214461288
          ],
          [
            7.930899338526318,
            47.093517270387835
          ],
          [
            7.930432016420324,
            47.09349245502869
          ],
          [
            7.930188910449422,
            47.093449004445056
          ],
          [
            7.929899723669417,
            47.09331406315233
          ],
          [
            7.929664736661393,
            47.09314875619936
          ],
          [
            7.929484120835218,
            47.09308555396817
          ],
          [
            7.929174190304501,
            47.093104425565365
          ],
          [
            7.9289050021594765,
            47.09306608477299
          ],
          [
            7.928946861990371,
            47.09295242421448
          ],
          [
            7.928971095377765,
            47.09273320936051
          ],
          [
            7.929077452470753,
            47.09243500022125
          ],
          [
            7.92930753474044,
            47.09228347699863
          ],
          [
            7.929581771095439,
            47.092132637375315
          ],
          [
            7.929703566502992,
            47.09219343703815
          ],
          [
            7.929825763011278,
            47.092164229906594
          ],
          [
            7.930078542818114,
            47.09208682674503
          ],
          [
            7.930208053887114,
            47.09200499360856
          ],
          [
            7.930341131719615,
            47.09188412433503
          ],
          [
            7.930487328763937,
            47.09170740219892
          ],
          [
            7.930766619588461,
            47.09158131059117
          ],
          [
            7.93091895251695,
            47.091492200894756
          ],
          [
            7.931135951319951,
            47.09106855616359
          ],
          [
            7.931164798931771,
            47.09091402272381
          ],
          [
            7.931121488746484,
            47.09071978804533
          ],
          [
            7.931100731377807,
            47.090563344154035
          ],
          [
            7.931123812536203,
            47.090168036491775
          ],
          [
            7.931179627260078,
            47.09003441809469
          ],
          [
            7.931512773281639,
            47.08966444355368
          ],
          [
            7.931445415785491,
            47.089580825846866
          ],
          [
            7.930481483766923,
            47.08851840239637
          ],
          [
            7.930585211775638,
            47.08848109682151
          ],
          [
            7.930681156716911,
            47.08847832068151
          ],
          [
            7.930829593603004,
            47.088416248973765
          ],
          [
            7.93102123353424,
            47.088390665171765
          ],
          [
            7.931094185607666,
            47.08836230608933
          ],
          [
            7.931130292397495,
            47.08830001328563
          ],
          [
            7.93127812098116,
            47.08829802191542
          ],
          [
            7.93138687741744,
            47.08828205745064
          ],
          [
            7.9315387083632265,
            47.08823118717492
          ],
          [
            7.931719783146445,
            47.088181045860594
          ],
          [
            7.931912546128957,
            47.088084367412804
          ],
          [
            7.931967327056264,
            47.08802210218516
          ],
          [
            7.93205926721101,
            47.08796631590524
          ],
          [
            7.932094137712587,
            47.08798311308224
          ],
          [
            7.932244560039862,
            47.087906701799085
          ],
          [
            7.932309156730015,
            47.087810599652634
          ],
          [
            7.932550692310916,
            47.08774184745421
          ],
          [
            7.932708414871843,
            47.08770321064615
          ],
          [
            7.932806426614169,
            47.08772194914038
          ],
          [
            7.932907321800401,
            47.08770771707924
          ],
          [
            7.932841283043696,
            47.0876614331885
          ],
          [
            7.932712278533997,
            47.087675138302856
          ],
          [
            7.932589196428885,
            47.08765121828034
          ],
          [
            7.932309876102008,
            47.087483723301645
          ],
          [
            7.931759268040849,
            47.08727415165931
          ],
          [
            7.931595069552811,
            47.08715114582877
          ],
          [
            7.931281780029501,
            47.087121661990594
          ],
          [
            7.93087360475486,
            47.087060803723354
          ],
          [
            7.930545410764288,
            47.0868506249523
          ],
          [
            7.930386234723036,
            47.086706142581306
          ],
          [
            7.92994909428624,
            47.08640552330491
          ],
          [
            7.929255904374186,
            47.08600698576562
          ],
          [
            7.929114161326771,
            47.08579953345005
          ],
          [
            7.928933710212668,
            47.085595924980325
          ],
          [
            7.928607159065448,
            47.08543980327799
          ],
          [
            7.928364098168376,
            47.085212434691705
          ],
          [
            7.92841560146131,
            47.08501459277722
          ],
          [
            7.928285757099086,
            47.08485343156014
          ],
          [
            7.928063132744622,
            47.08472069383833
          ],
          [
            7.927943716317533,
            47.08458077928297
          ],
          [
            7.928032283230817,
            47.08435171070176
          ],
          [
            7.927977977081108,
            47.08412678512416
          ],
          [
            7.928206484691216,
            47.083986667204904
          ],
          [
            7.9283990734110095,
            47.08385310631368
          ],
          [
            7.928395213517276,
            47.083665394729145
          ],
          [
            7.92821138574121,
            47.08365639075196
          ],
          [
            7.927703040050729,
            47.08352780069684
          ],
          [
            7.92759060375195,
            47.08338033615423
          ],
          [
            7.9276690304200415,
            47.08321197395505
          ],
          [
            7.927716958318146,
            47.0829497604442
          ],
          [
            7.9277310444977385,
            47.08290305187259
          ],
          [
            7.927935763862289,
            47.08282636121379
          ],
          [
            7.927946665678158,
            47.08277417014654
          ],
          [
            7.9280074469466,
            47.08276925204917
          ],
          [
            7.928076802075366,
            47.08278466237136
          ],
          [
            7.928197243286095,
            47.08277027925166
          ],
          [
            7.928334929023446,
            47.08278117081201
          ],
          [
            7.9284660418446,
            47.08274137574165
          ],
          [
            7.928638065375113,
            47.08271410731815
          ],
          [
            7.928935147133998,
            47.08274256998079
          ],
          [
            7.929039117667278,
            47.08277901563624
          ],
          [
            7.929162742014254,
            47.08280459222435
          ],
          [
            7.929239644685541,
            47.082797122057066
          ],
          [
            7.929387548372578,
            47.082810757251124
          ],
          [
            7.929490935025037,
            47.082797722855666
          ],
          [
            7.929615270691779,
            47.08275709186441
          ],
          [
            7.929666389813779,
            47.082751152714586
          ],
          [
            7.929939154244788,
            47.08266072920351
          ],
          [
            7.929993023179694,
            47.08262433868395
          ],
          [
            7.930104382164757,
            47.082606187428965
          ],
          [
            7.9301599732005155,
            47.082589614708695
          ],
          [
            7.929825599296575,
            47.082134037430286
          ],
          [
            7.929167963678112,
            47.082007314755195
          ],
          [
            7.928880350351835,
            47.08194818396899
          ],
          [
            7.928500513991464,
            47.0815827118298
          ],
          [
            7.928384629918623,
            47.08143241124536
          ],
          [
            7.928221623669048,
            47.08127128314993
          ],
          [
            7.927954979642827,
            47.081248293118406
          ],
          [
            7.928146687273296,
            47.080932549145665
          ],
          [
            7.928239715951649,
            47.08080501610042
          ],
          [
            7.9280440744888185,
            47.080677785364486
          ],
          [
            7.928046101673142,
            47.080631505842796
          ],
          [
            7.928016075890373,
            47.08062691118574
          ],
          [
            7.9279212825371435,
            47.08058837467404
          ],
          [
            7.927796556674227,
            47.080569898595606
          ],
          [
            7.927617289859092,
            47.08056313208072
          ],
          [
            7.92745965673998,
            47.08053595335474
          ],
          [
            7.9272908696402915,
            47.08057810221693
          ],
          [
            7.92681719953538,
            47.08055938922979
          ],
          [
            7.926605102192593,
            47.08059433593765
          ],
          [
            7.926450548627494,
            47.0805915375216
          ],
          [
            7.926119322703196,
            47.08044573696939
          ],
          [
            7.92580460841009,
            47.08045771185411
          ],
          [
            7.925666901624813,
            47.08042056961494
          ],
          [
            7.925121503439912,
            47.080077564553456
          ],
          [
            7.9243784615421005,
            47.07990620021478
          ],
          [
            7.9239270068303895,
            47.07975577391531
          ],
          [
            7.923700638740827,
            47.08007646042852
          ],
          [
            7.923650276644014,
            47.08018634131565
          ],
          [
            7.9236093195818,
            47.080535533576054
          ],
          [
            7.923563409349714,
            47.08075925581754
          ],
          [
            7.923582293001042,
            47.08086567836104
          ],
          [
            7.923636182481201,
            47.08097115270654
          ],
          [
            7.923834871066438,
            47.08123108299015
          ],
          [
            7.923952968801794,
            47.081505304476174
          ],
          [
            7.924026818748286,
            47.08161905085444
          ],
          [
            7.9242192092754715,
            47.081779161266546
          ],
          [
            7.923918517832521,
            47.082879579379664
          ],
          [
            7.9238988310976515,
            47.08309805477325
          ],
          [
            7.924066464856271,
            47.08326350502427
          ],
          [
            7.924306378306114,
            47.08333382334759
          ],
          [
            7.924560055591912,
            47.08339706682939
          ],
          [
            7.924841645832686,
            47.083501839115534
          ],
          [
            7.924988661311091,
            47.08357866539858
          ],
          [
            7.92535217443868,
            47.08387478477959
          ],
          [
            7.925495575564714,
            47.08412201110473
          ],
          [
            7.925543644765372,
            47.08429496348433
          ],
          [
            7.925586646173026,
            47.08447684245547
          ],
          [
            7.925696515776608,
            47.08498749733748
          ],
          [
            7.924857796334694,
            47.0854280376152
          ],
          [
            7.923500348929919,
            47.08658743571944
          ],
          [
            7.923606173040488,
            47.087497321041326
          ],
          [
            7.92393666084227,
            47.08815734592007
          ],
          [
            7.924359533474612,
            47.08863419922315
          ],
          [
            7.9252574425275,
            47.08979116756943
          ],
          [
            7.927125167488165,
            47.09129598328211
          ],
          [
            7.926925306561609,
            47.0914905053567
          ],
          [
            7.927511563292295,
            47.09173879841157
          ],
          [
            7.928087648665688,
            47.09202510007062
          ],
          [
            7.928300718413625,
            47.092194290492806
          ],
          [
            7.92857170783721,
            47.092704426838885
          ],
          [
            7.928693169525567,
            47.09311077559983
          ],
          [
            7.928992827291075,
            47.09434995805764
          ],
          [
            7.92929090251105,
            47.094566368244635
          ],
          [
            7.929354879161272,
            47.094979878596554
          ],
          [
            7.92870169532286,
            47.09617371223499
          ],
          [
            7.928334296899192,
            47.09632892198931
          ],
          [
            7.92790104609205,
            47.096428901970874
          ],
          [
            7.927257395099604,
            47.096481020837636
          ],
          [
            7.926910129007193,
            47.09675038708381
          ],
          [
            7.926524906066363,
            47.09680058604364
          ],
          [
            7.925925907168629,
            47.09718524525109
          ],
          [
            7.924901552284921,
            47.09816421521378
          ],
          [
            7.925465293814069,
            47.0992614886807
          ],
          [
            7.925439008675266,
            47.09964263153498
          ],
          [
            7.925372133096314,
            47.09979682932328
          ],
          [
            7.9252958208794215,
            47.09987067795823
          ],
          [
            7.924922493788872,
            47.10001368628167
          ],
          [
            7.925040415224474,
            47.10015287234532
          ],
          [
            7.925246011778239,
            47.100236340744736
          ],
          [
            7.92559989226871,
            47.1003569785184
          ],
          [
            7.925833867577438,
            47.10049002355144
          ],
          [
            7.926019271208472,
            47.100742989399514
          ],
          [
            7.926186034870661,
            47.10094359263248
          ],
          [
            7.92621500576209,
            47.10117436451149
          ],
          [
            7.926151821409316,
            47.10146941896663
          ],
          [
            7.925890067197352,
            47.101657805394055
          ],
          [
            7.925602779547022,
            47.10178506980717
          ],
          [
            7.925333961581602,
            47.10184866916619
          ],
          [
            7.925070435201335,
            47.101983063748484
          ],
          [
            7.925087804044801,
            47.10229896931004
          ],
          [
            7.925440718739719,
            47.10233785542259
          ],
          [
            7.925373439296518,
            47.10244356236659
          ],
          [
            7.9248869300752665,
            47.102805602523794
          ],
          [
            7.924481109903276,
            47.102944410931165
          ],
          [
            7.924253273547429,
            47.10331273162193
          ],
          [
            7.924260281638641,
            47.103375262768054
          ],
          [
            7.924046637504484,
            47.103464900751966
          ],
          [
            7.923651089202728,
            47.1035472727341
          ],
          [
            7.923378220464034,
            47.103674074893156
          ],
          [
            7.923220613485215,
            47.10388747225425
          ],
          [
            7.922868962293717,
            47.10392674113701
          ],
          [
            7.9225970754468955,
            47.10391457244771
          ],
          [
            7.922303840698301,
            47.10393091728282
          ],
          [
            7.921828446103099,
            47.10405498691635
          ],
          [
            7.921228138678026,
            47.10445337947031
          ],
          [
            7.920939941962737,
            47.10457620127355
          ],
          [
            7.9208859746757465,
            47.10463409486923
          ],
          [
            7.920993003902048,
            47.104741398112196
          ],
          [
            7.921808435396848,
            47.105059748098085
          ],
          [
            7.922157401063012,
            47.104932108260634
          ],
          [
            7.922305236300598,
            47.104902360845095
          ],
          [
            7.92250808279068,
            47.1049364627569
          ],
          [
            7.922598035072636,
            47.104926171849435
          ],
          [
            7.922721604546044,
            47.10493013154046
          ],
          [
            7.922841375895733,
            47.10490883993707
          ],
          [
            7.922975740403589,
            47.104911944366485
          ],
          [
            7.923124764052984,
            47.1049073500968
          ],
          [
            7.923341562263741,
            47.10492393235895
          ],
          [
            7.9233906346354654,
            47.10492816917505
          ],
          [
            7.923837402934322,
            47.10503239175247
          ],
          [
            7.9238024192634855,
            47.10529094060697
          ],
          [
            7.923831097631311,
            47.105710160726915
          ],
          [
            7.923907049107617,
            47.10613115134639
          ],
          [
            7.924032515446204,
            47.10654382844486
          ],
          [
            7.924469672763808,
            47.107269630144835
          ],
          [
            7.924908558994395,
            47.10721412952321
          ],
          [
            7.9252257360176825,
            47.107149841111486
          ],
          [
            7.925598202060661,
            47.106966097226085
          ],
          [
            7.925819597303905,
            47.10688294507576
          ],
          [
            7.9260873613029155,
            47.10679488263958
          ],
          [
            7.926422596936409,
            47.10694065713981
          ],
          [
            7.927444492280913,
            47.107518076130106
          ],
          [
            7.927879270728209,
            47.10742398377421
          ],
          [
            7.928619315891522,
            47.10805924140992
          ],
          [
            7.928749678045673,
            47.108279443077635
          ],
          [
            7.928032082252566,
            47.10828713905598
          ],
          [
            7.926748604069844,
            47.108376829911485
          ],
          [
            7.926665047792737,
            47.10859249919039
          ],
          [
            7.926628759176407,
            47.10881788049175
          ],
          [
            7.926707883691929,
            47.10906923573095
          ],
          [
            7.926724318437097,
            47.10932751319851
          ],
          [
            7.926651764159413,
            47.109476824150384
          ],
          [
            7.9265699805721805,
            47.1095675263883
          ],
          [
            7.926369713953515,
            47.10969908270742
          ],
          [
            7.925998960928309,
            47.1099020530971
          ],
          [
            7.925631130630104,
            47.1101964986494
          ],
          [
            7.9255503894176424,
            47.11032395852984
          ],
          [
            7.925512714863272,
            47.11049310812415
          ],
          [
            7.9255678290344855,
            47.11075007960738
          ],
          [
            7.925865359264539,
            47.110989347983875
          ],
          [
            7.926077261600266,
            47.11109794735126
          ],
          [
            7.926296270111563,
            47.11122868003468
          ],
          [
            7.926692132088914,
            47.111408072153765
          ],
          [
            7.926990125631792,
            47.11166253729978
          ],
          [
            7.927120296224354,
            47.111865821759
          ],
          [
            7.927377078987287,
            47.11236738413489
          ],
          [
            7.927403509467706,
            47.11253502966761
          ],
          [
            7.927403157847969,
            47.112800043493834
          ],
          [
            7.927390590079207,
            47.113155932262046
          ],
          [
            7.928065242637385,
            47.114077819237565
          ],
          [
            7.9281332562038145,
            47.114240619245514
          ],
          [
            7.928115719854436,
            47.11464642468774
          ],
          [
            7.927970758360077,
            47.114775661468116
          ],
          [
            7.927608555376809,
            47.11500911155458
          ],
          [
            7.927307294800862,
            47.115163415096966
          ],
          [
            7.926963272021473,
            47.115240793740604
          ],
          [
            7.926733472513416,
            47.11544218739842
          ],
          [
            7.926104221835032,
            47.11585421937628
          ],
          [
            7.9256794847986525,
            47.11595481042711
          ],
          [
            7.9251646645878315,
            47.116130421697505
          ],
          [
            7.92528814516057,
            47.116306112541245
          ],
          [
            7.925368803535641,
            47.11649655635445
          ],
          [
            7.925339360637683,
            47.11717249666828
          ],
          [
            7.9254180818661375,
            47.117352604307136
          ],
          [
            7.925468592420984,
            47.11757348883449
          ],
          [
            7.925548265525085,
            47.11781477663509
          ],
          [
            7.925636018145373,
            47.11805618309509
          ],
          [
            7.925785813518065,
            47.11843423141582
          ],
          [
            7.925900647930519,
            47.118797441810244
          ],
          [
            7.927479941412733,
            47.11916511778419
          ],
          [
            7.928303860126841,
            47.11942058227177
          ],
          [
            7.929383846013425,
            47.11982171231487
          ],
          [
            7.930206021082341,
            47.1198848746094
          ],
          [
            7.9317514549374,
            47.11970640360436
          ],
          [
            7.931944056137498,
            47.11969725774015
          ],
          [
            7.932581825369673,
            47.11982080352881
          ],
          [
            7.933053467449766,
            47.119948936496385
          ],
          [
            7.93326653064961,
            47.120020799832815
          ],
          [
            7.934025696133409,
            47.120227919460234
          ],
          [
            7.93384726769367,
            47.12072021261764
          ],
          [
            7.934859257349196,
            47.12090211384106
          ],
          [
            7.936005018923027,
            47.12124815435719
          ],
          [
            7.936878573204237,
            47.12128511421828
          ],
          [
            7.937853687823539,
            47.121262079719564
          ],
          [
            7.938481203244778,
            47.12110211346739
          ],
          [
            7.9390001823668985,
            47.12104686832488
          ],
          [
            7.9395133708648515,
            47.12103347300666
          ],
          [
            7.939846550417793,
            47.121083959792024
          ],
          [
            7.9401270587577475,
            47.121312093471715
          ],
          [
            7.940201225476544,
            47.12153466751882
          ],
          [
            7.940828759807563,
            47.12173026257722
          ],
          [
            7.941276784498088,
            47.1217277489144
          ],
          [
            7.941381366036607,
            47.12167701876394
          ],
          [
            7.941655691703857,
            47.12148953256602
          ],
          [
            7.941913273212505,
            47.12129579540557
          ],
          [
            7.942208928353335,
            47.12116561198064
          ],
          [
            7.942268607794257,
            47.121144104508915
          ],
          [
            7.942471276685396,
            47.121196243186795
          ],
          [
            7.942510346923513,
            47.121194524975984
          ],
          [
            7.9427513624246835,
            47.12126884795199
          ],
          [
            7.942836168822918,
            47.121277777299774
          ],
          [
            7.942934303259581,
            47.121264808199726
          ],
          [
            7.943118294248266,
            47.12129534951825
          ],
          [
            7.9433402961044965,
            47.121387996573105
          ],
          [
            7.943385135627645,
            47.121422367886915
          ],
          [
            7.943430100168348,
            47.121436418817915
          ],
          [
            7.943530590698125,
            47.12150010368215
          ],
          [
            7.943556683329971,
            47.12152526529067
          ],
          [
            7.943608865046166,
            47.12154162319866
          ],
          [
            7.943670250686994,
            47.121592139869406
          ],
          [
            7.943727500738624,
            47.12166527921769
          ],
          [
            7.943773516909356,
            47.1216846144881
          ],
          [
            7.943787660089196,
            47.1217268831083
          ],
          [
            7.943875438350722,
            47.12175880798252
          ],
          [
            7.943886295759238,
            47.12178382052151
          ],
          [
            7.943971478571825,
            47.121825588306464
          ],
          [
            7.94397289782925,
            47.121848933221806
          ],
          [
            7.944054430288036,
            47.12190187083559
          ],
          [
            7.944117207026544,
            47.1220103902282
          ],
          [
            7.944123231619898,
            47.12209028477429
          ],
          [
            7.94411173857466,
            47.12209851175581
          ],
          [
            7.9441797998619625,
            47.122609509317975
          ],
          [
            7.944441420486656,
            47.12283312799455
          ],
          [
            7.9447260053031155,
            47.12299304110832
          ],
          [
            7.94503782192296,
            47.12306398061526
          ],
          [
            7.945261898378922,
            47.12322163103903
          ],
          [
            7.945762571016144,
            47.12367052746049
          ],
          [
            7.945982179173617,
            47.124220335205074
          ],
          [
            7.945978274374821,
            47.124441360687754
          ],
          [
            7.946028743489903,
            47.12457298756021
          ],
          [
            7.942866029826584,
            47.12508774088659
          ],
          [
            7.942799325918212,
            47.12537036047757
          ],
          [
            7.942775008878098,
            47.125413652191654
          ],
          [
            7.942748965918263,
            47.12572050614835
          ],
          [
            7.946229637229129,
            47.127286607588836
          ],
          [
            7.945989700592995,
            47.127641611341126
          ],
          [
            7.946094591382103,
            47.12768127577608
          ],
          [
            7.945667020510226,
            47.127875663022465
          ],
          [
            7.9451922439483145,
            47.1280387737995
          ],
          [
            7.944619695187091,
            47.12840146257611
          ],
          [
            7.944408602843189,
            47.12845007308523
          ],
          [
            7.944239094006431,
            47.12850299805569
          ],
          [
            7.94388691690493,
            47.12866567267548
          ],
          [
            7.94390230438406,
            47.12868033899292
          ],
          [
            7.943974968783016,
            47.128785531734074
          ],
          [
            7.94413700249686,
            47.129028585633286
          ],
          [
            7.944215573945501,
            47.1290584638359
          ],
          [
            7.944308533230826,
            47.12917445120263
          ],
          [
            7.944332122421834,
            47.12928588598575
          ],
          [
            7.944483317860564,
            47.12938569611205
          ],
          [
            7.9446371156362945,
            47.12952516269829
          ],
          [
            7.944689311125739,
            47.12953932527247
          ],
          [
            7.944757701497029,
            47.1296215090152
          ],
          [
            7.94486935206608,
            47.12970674066426
          ],
          [
            7.9449520356427,
            47.129795067996426
          ],
          [
            7.94506834304197,
            47.129898808734865
          ],
          [
            7.945174041451078,
            47.13003749677412
          ],
          [
            7.945332914645884,
            47.130126477951926
          ],
          [
            7.945531927907418,
            47.13018117297296
          ],
          [
            7.945576924928042,
            47.13024241986602
          ],
          [
            7.945830983079063,
            47.13040329215119
          ],
          [
            7.945977946746332,
            47.130558087604
          ],
          [
            7.9460622193981605,
            47.130591168633785
          ],
          [
            7.946187971933791,
            47.130648002476335
          ],
          [
            7.9463441490748625,
            47.130744199168554
          ],
          [
            7.946404808555973,
            47.13076119304635
          ],
          [
            7.9464869120955886,
            47.13080176720193
          ],
          [
            7.946523333140035,
            47.13084802086295
          ],
          [
            7.946127609096937,
            47.13126237746842
          ],
          [
            7.945619788325506,
            47.131881422625064
          ],
          [
            7.945931822078643,
            47.131955776948914
          ],
          [
            7.946304996135591,
            47.13212548693861
          ],
          [
            7.9468465999001285,
            47.13225091622749
          ],
          [
            7.947973173725936,
            47.13233460952285
          ],
          [
            7.948607612726998,
            47.13244990505322
          ],
          [
            7.949043321292469,
            47.13256893893555
          ],
          [
            7.949430175243966,
            47.13267885114516
          ],
          [
            7.949844470515892,
            47.13297087051078
          ],
          [
            7.950135600453787,
            47.133104853394606
          ],
          [
            7.9505649223839026,
            47.13328572375819
          ],
          [
            7.950414370410412,
            47.13347654819287
          ],
          [
            7.950201504954562,
            47.13368482988685
          ],
          [
            7.950051008612107,
            47.133936999666204
          ],
          [
            7.9500640415282415,
            47.134349714613336
          ],
          [
            7.95011187944785,
            47.13446050069501
          ],
          [
            7.950149664039532,
            47.13632038718665
          ],
          [
            7.950279501673187,
            47.13640283421921
          ],
          [
            7.950258835704952,
            47.13641974676907
          ],
          [
            7.949824391442151,
            47.13643823675086
          ],
          [
            7.950147810760406,
            47.13651432813185
          ],
          [
            7.950114747807727,
            47.13995917185922
          ],
          [
            7.949908202796362,
            47.139906946824155
          ],
          [
            7.9495149161642855,
            47.13994512268259
          ],
          [
            7.9493115335335744,
            47.14003102799307
          ],
          [
            7.949304218305695,
            47.14025944388074
          ],
          [
            7.949156605892745,
            47.14038772886586
          ],
          [
            7.948351679985451,
            47.14086121318944
          ],
          [
            7.947918012589657,
            47.14096531586652
          ],
          [
            7.947745213731283,
            47.140954656520044
          ],
          [
            7.947585817861819,
            47.14096715378628
          ],
          [
            7.947449556803335,
            47.14102811265113
          ],
          [
            7.947395771594242,
            47.141056054997435
          ],
          [
            7.947228730737359,
            47.141082608775434
          ],
          [
            7.947139442199833,
            47.14112015260801
          ],
          [
            7.9470683078526845,
            47.14112586380298
          ],
          [
            7.946978649248765,
            47.14116610764723
          ],
          [
            7.946925818847466,
            47.141197463659054
          ],
          [
            7.946694957194991,
            47.141305982119796
          ],
          [
            7.946629709090436,
            47.14136248887485
          ],
          [
            7.946490837822197,
            47.14152384242147
          ],
          [
            7.946400762112977,
            47.14160366569045
          ],
          [
            7.946371356486902,
            47.14165857499564
          ],
          [
            7.946354989546185,
            47.14172745900424
          ],
          [
            7.946308769154487,
            47.14176085442442
          ],
          [
            7.946297727317232,
            47.141819910379404
          ],
          [
            7.946228790848659,
            47.1419046774892
          ],
          [
            7.946195385039876,
            47.14196877029553
          ],
          [
            7.9461455879594185,
            47.14217162039683
          ],
          [
            7.94602478134846,
            47.14229890156057
          ],
          [
            7.945938811630574,
            47.14258012256309
          ],
          [
            7.945898702526013,
            47.14261579359928
          ],
          [
            7.945890678206718,
            47.142659436752076
          ],
          [
            7.945854627044629,
            47.14269484702669
          ],
          [
            7.9458341926393,
            47.14275056218009
          ],
          [
            7.945839498263395,
            47.14285148077478
          ],
          [
            7.94576570253761,
            47.142960726408774
          ],
          [
            7.945727468046106,
            47.14309006312015
          ],
          [
            7.945749731585948,
            47.14313149499852
          ],
          [
            7.945728457669628,
            47.14315424712631
          ],
          [
            7.945878400981576,
            47.14345164509591
          ],
          [
            7.94582274556461,
            47.14367933800657
          ],
          [
            7.9458341385187525,
            47.143859277865694
          ],
          [
            7.945818941962808,
            47.14391406142796
          ],
          [
            7.945646405058028,
            47.14412854269836
          ],
          [
            7.946120310960011,
            47.14415370955435
          ],
          [
            7.946293259986165,
            47.144051123609515
          ],
          [
            7.946630249817209,
            47.14420542163895
          ],
          [
            7.946787907594373,
            47.14432976543453
          ],
          [
            7.9479665318904775,
            47.144607324149646
          ],
          [
            7.948069027733805,
            47.144595267101586
          ],
          [
            7.948478957200367,
            47.14446658690267
          ],
          [
            7.94884063714715,
            47.144485259371926
          ],
          [
            7.949186405888003,
            47.144584353653585
          ],
          [
            7.949452713575694,
            47.14471359095118
          ],
          [
            7.949699082275617,
            47.144869838198105
          ],
          [
            7.950059112331793,
            47.14505652288419
          ],
          [
            7.951756932681978,
            47.145289926491884
          ],
          [
            7.952534986329133,
            47.1449731240158
          ],
          [
            7.952778754347225,
            47.14490944836942
          ],
          [
            7.953633792068845,
            47.144983793302565
          ],
          [
            7.954367425002999,
            47.145098343793364
          ],
          [
            7.9544255744578685,
            47.14513750840904
          ],
          [
            7.95437446709888,
            47.1451971673902
          ],
          [
            7.954198469309206,
            47.145365352783436
          ],
          [
            7.954056977981489,
            47.14547918849621
          ],
          [
            7.953629796385671,
            47.145758830016206
          ],
          [
            7.953157255103105,
            47.14626628225435
          ],
          [
            7.953002123296561,
            47.146532247132974
          ],
          [
            7.9524488008148655,
            47.14701631937002
          ],
          [
            7.952622553378767,
            47.14732083420743
          ],
          [
            7.953416877213926,
            47.14766719094745
          ],
          [
            7.953665825695036,
            47.147850529096345
          ],
          [
            7.954022669965018,
            47.1481822420537
          ],
          [
            7.956236279434524,
            47.14853426156857
          ],
          [
            7.956423316397283,
            47.14855840867695
          ],
          [
            7.9563671618527225,
            47.14915748548707
          ],
          [
            7.958041067902374,
            47.14880902652422
          ],
          [
            7.9588575466093285,
            47.148705765499656
          ],
          [
            7.960158949708617,
            47.148831384756186
          ],
          [
            7.960797870460357,
            47.14873429310741
          ],
          [
            7.961020948050007,
            47.148665458809965
          ],
          [
            7.961270745438742,
            47.148632563765666
          ],
          [
            7.961728112458057,
            47.14869688778832
          ],
          [
            7.962287691739456,
            47.14876539556539
          ],
          [
            7.9626822623767985,
            47.148740869874
          ],
          [
            7.962998197286607,
            47.148732478242614
          ],
          [
            7.9634538320812345,
            47.1484486695015
          ],
          [
            7.963690595360706,
            47.148469088045616
          ],
          [
            7.96429856034982,
            47.148697215660675
          ],
          [
            7.96469375311317,
            47.14882215027626
          ],
          [
            7.965262775733137,
            47.14885687815096
          ],
          [
            7.965593687224778,
            47.1488536549696
          ],
          [
            7.966163304695054,
            47.148805405697644
          ],
          [
            7.9663769945159,
            47.148822902115256
          ],
          [
            7.967017082528692,
            47.148833269858564
          ],
          [
            7.96726948200577,
            47.148862604289455
          ],
          [
            7.968103544581352,
            47.14907007333664
          ],
          [
            7.97035024372388,
            47.14961555680495
          ],
          [
            7.970694955491024,
            47.14858101300077
          ],
          [
            7.971275189588363,
            47.14865712631521
          ],
          [
            7.971264483098644,
            47.14894492633719
          ],
          [
            7.971306007287746,
            47.14907669106678
          ],
          [
            7.971239326217683,
            47.149255334690885
          ],
          [
            7.971237349183541,
            47.14934560878871
          ],
          [
            7.971316124539717,
            47.149512146791345
          ],
          [
            7.971761961891949,
            47.149701092209646
          ],
          [
            7.97223578962506,
            47.14985510447651
          ],
          [
            7.972549623134758,
            47.14993301249208
          ],
          [
            7.973083949075996,
            47.15015705470911
          ],
          [
            7.973613699567558,
            47.15018650861865
          ],
          [
            7.973754870474421,
            47.15022303792928
          ],
          [
            7.975895888305751,
            47.14835279828378
          ],
          [
            7.977833727937462,
            47.14807558796007
          ],
          [
            7.978235174494678,
            47.14826890796291
          ],
          [
            7.978791645709645,
            47.14841712686892
          ],
          [
            7.979076037963173,
            47.14843222606359
          ],
          [
            7.9796638705485545,
            47.14839667816924
          ],
          [
            7.979486944754504,
            47.148072960139245
          ],
          [
            7.979619989783947,
            47.14778407153855
          ],
          [
            7.979755620627894,
            47.147486346485316
          ],
          [
            7.979972999861426,
            47.147198293300775
          ],
          [
            7.9801266071572625,
            47.14696803585394
          ],
          [
            7.980237429603747,
            47.14674561625668
          ],
          [
            7.980338922203319,
            47.146548534451426
          ],
          [
            7.980393398946609,
            47.146442775436604
          ],
          [
            7.980463243709778,
            47.14635740774526
          ],
          [
            7.980543020227763,
            47.146173371786766
          ],
          [
            7.9805868297792015,
            47.145956781184836
          ],
          [
            7.9810456716152585,
            47.146046864139535
          ],
          [
            7.9816461261904825,
            47.14616539427155
          ],
          [
            7.982096880394969,
            47.14625196714958
          ],
          [
            7.9829996145964435,
            47.14610149668276
          ],
          [
            7.983402483888232,
            47.14589099616952
          ],
          [
            7.983933572828724,
            47.14561373746757
          ],
          [
            7.984014620885002,
            47.145571454666154
          ],
          [
            7.984356912710053,
            47.145136847667736
          ],
          [
            7.984420302349182,
            47.14504758627494
          ],
          [
            7.984473036891716,
            47.144954228658314
          ],
          [
            7.984514271201324,
            47.14485922548892
          ],
          [
            7.98453619047365,
            47.14472666069379
          ],
          [
            7.984533531036493,
            47.14460020314318
          ],
          [
            7.9845096465959315,
            47.14433667198169
          ],
          [
            7.984509438122609,
            47.14427220556434
          ],
          [
            7.984515427312208,
            47.14425833380609
          ],
          [
            7.984521984477412,
            47.144244567294415
          ],
          [
            7.984529110167607,
            47.1442309599968
          ],
          [
            7.984768070599786,
            47.14384316598799
          ],
          [
            7.985320384296153,
            47.14295466814111
          ],
          [
            7.985427547245068,
            47.14276413898162
          ],
          [
            7.985479058796178,
            47.14271410674592
          ],
          [
            7.985551767161447,
            47.14268324114677
          ],
          [
            7.9856037348679125,
            47.14267662573422
          ],
          [
            7.985629896501136,
            47.142673299184196
          ],
          [
            7.986290223585221,
            47.1427757701729
          ],
          [
            7.986400342233077,
            47.14279221984434
          ],
          [
            7.986535193870062,
            47.142808731588794
          ],
          [
            7.987481431281399,
            47.14295321757625
          ],
          [
            7.987572870253154,
            47.14290410040199
          ],
          [
            7.987615042722962,
            47.14288334561511
          ],
          [
            7.98762714261625,
            47.14287794485403
          ],
          [
            7.987635384060831,
            47.142874253561615
          ],
          [
            7.987748393519279,
            47.14283953336812
          ],
          [
            7.987822037461327,
            47.14282031044097
          ],
          [
            7.98805121388731,
            47.142738720192206
          ],
          [
            7.988596637248089,
            47.14264706466952
          ],
          [
            7.988804534032414,
            47.14261173712262
          ],
          [
            7.988803928941179,
            47.14258747139505
          ],
          [
            7.988777359920484,
            47.14153920827616
          ],
          [
            7.988767595368988,
            47.141149238865054
          ],
          [
            7.988749478821919,
            47.1404221030955
          ],
          [
            7.989561388093607,
            47.13940639400612
          ],
          [
            7.989845380349275,
            47.1393138875056
          ],
          [
            7.990126584134304,
            47.1392169590983
          ],
          [
            7.990343317068942,
            47.13913089023579
          ],
          [
            7.990557175261165,
            47.13904095787809
          ],
          [
            7.990695231250603,
            47.13897773522024
          ],
          [
            7.990890068248062,
            47.1388867600894
          ],
          [
            7.990840052138743,
            47.13879322666289
          ],
          [
            7.990804513234012,
            47.13872681579909
          ],
          [
            7.9907676972129575,
            47.13865799138155
          ],
          [
            7.990755882213345,
            47.1386359022438
          ],
          [
            7.9907270914529995,
            47.13858214200525
          ],
          [
            7.99066464258062,
            47.13846535296263
          ],
          [
            7.990563511199421,
            47.13827634821939
          ],
          [
            7.99041988204582,
            47.13807212061461
          ],
          [
            7.990322408600672,
            47.13796553776142
          ],
          [
            7.99008609254111,
            47.1376814911201
          ],
          [
            7.989948249045744,
            47.137483207908076
          ],
          [
            7.989863298104885,
            47.13736099424076
          ],
          [
            7.989608599244089,
            47.13715142372811
          ],
          [
            7.989252849976401,
            47.13693685813519
          ],
          [
            7.989247948206869,
            47.136893426484754
          ],
          [
            7.989233124912001,
            47.136786285361076
          ],
          [
            7.989205778424083,
            47.13656876287376
          ],
          [
            7.989170427700299,
            47.136309883418704
          ],
          [
            7.989165417059072,
            47.13616344991316
          ],
          [
            7.9891808050874085,
            47.13607409139506
          ],
          [
            7.989140607384762,
            47.13601445756451
          ],
          [
            7.989040860943284,
            47.13566925465933
          ],
          [
            7.988891937811833,
            47.135456568062246
          ],
          [
            7.988791901638359,
            47.135294757497874
          ],
          [
            7.988728125534707,
            47.135175014323245
          ],
          [
            7.9887191573319205,
            47.13508080698867
          ],
          [
            7.988738324273062,
            47.1349563227423
          ],
          [
            7.988683271610886,
            47.13484910393408
          ],
          [
            7.988632926375033,
            47.134821657751225
          ],
          [
            7.988624668660684,
            47.13478895520635
          ],
          [
            7.988626791153938,
            47.13478255857311
          ],
          [
            7.988587782707398,
            47.13468323266438
          ],
          [
            7.988572613659355,
            47.134664244621916
          ],
          [
            7.988474455936919,
            47.13454139137536
          ],
          [
            7.988343819842919,
            47.13440699960138
          ],
          [
            7.988234388508345,
            47.13433897989356
          ],
          [
            7.988096238942853,
            47.13427133106341
          ],
          [
            7.987998065407724,
            47.134173762589796
          ],
          [
            7.987954267146984,
            47.13412137754415
          ],
          [
            7.987890835192959,
            47.13402975079604
          ],
          [
            7.987812388609834,
            47.13395214699403
          ],
          [
            7.987751661119836,
            47.133885144726456
          ],
          [
            7.987747849512358,
            47.13388235645438
          ],
          [
            7.987647465676511,
            47.13382623845721
          ],
          [
            7.987502626427495,
            47.13379247822544
          ],
          [
            7.987342998087218,
            47.133713669111565
          ],
          [
            7.987227356691787,
            47.13359628618983
          ],
          [
            7.9871899287496335,
            47.13355831654961
          ],
          [
            7.987126188747748,
            47.13353170712653
          ],
          [
            7.9870294600426295,
            47.133491303528245
          ],
          [
            7.986810597569857,
            47.13343961716527
          ],
          [
            7.986693997725912,
            47.13342297392988
          ],
          [
            7.986522915124289,
            47.13333622161955
          ],
          [
            7.986204773712229,
            47.133235560855674
          ],
          [
            7.98613686148808,
            47.13320431129641
          ],
          [
            7.986134758210769,
            47.13320487000075
          ],
          [
            7.98613281130321,
            47.13320396176667
          ],
          [
            7.98603497098171,
            47.133157832770586
          ],
          [
            7.98599134249869,
            47.133099860238815
          ],
          [
            7.985927243870219,
            47.133040599797326
          ],
          [
            7.9858488305745805,
            47.1329567969038
          ],
          [
            7.985769619947065,
            47.13290203379568
          ],
          [
            7.985664178882087,
            47.132898901018045
          ],
          [
            7.985573533610746,
            47.13284474981904
          ],
          [
            7.9855516576556616,
            47.13278578323064
          ],
          [
            7.985461411183394,
            47.13280298784704
          ],
          [
            7.985291352694201,
            47.132783943642956
          ],
          [
            7.985240333808705,
            47.13275211858428
          ],
          [
            7.985525223912635,
            47.132251719273505
          ],
          [
            7.985909388339223,
            47.1313293925216
          ],
          [
            7.986416069895336,
            47.13136446434019
          ],
          [
            7.986833249379105,
            47.13135773747871
          ],
          [
            7.9871336440672405,
            47.13132360011713
          ],
          [
            7.987551216330941,
            47.13125101591662
          ],
          [
            7.987897970463847,
            47.13122242125502
          ],
          [
            7.988428750594417,
            47.13120005263246
          ],
          [
            7.989129554713792,
            47.131708377722866
          ],
          [
            7.9903232034375815,
            47.13241103206627
          ],
          [
            7.990852646215155,
            47.13265054998267
          ],
          [
            7.991512968526882,
            47.1330663786721
          ],
          [
            7.991356730423929,
            47.133420203323844
          ],
          [
            7.991417147022083,
            47.13356019113606
          ],
          [
            7.99151053709549,
            47.133636947143636
          ],
          [
            7.991473120412675,
            47.133841881466566
          ],
          [
            7.991246856775717,
            47.13407648890038
          ],
          [
            7.991173372173124,
            47.134218558897025
          ],
          [
            7.991195150258045,
            47.13436837500233
          ],
          [
            7.9911562969451415,
            47.13470390634571
          ],
          [
            7.9915099706284485,
            47.13476652256014
          ],
          [
            7.992156694570237,
            47.13496157512457
          ],
          [
            7.992623534967917,
            47.13518483505737
          ],
          [
            7.9922159507062975,
            47.1354648425065
          ],
          [
            7.992094368221843,
            47.135817682707795
          ],
          [
            7.9922124414174585,
            47.13617153809362
          ],
          [
            7.993055689089606,
            47.13663935979226
          ],
          [
            7.993079533539056,
            47.136618799163855
          ],
          [
            7.9931864192389135,
            47.136615558705
          ],
          [
            7.993426678983342,
            47.13643263769396
          ],
          [
            7.993753437365721,
            47.13657428142721
          ],
          [
            7.993129691675907,
            47.13705457488162
          ],
          [
            7.993242858741874,
            47.13711940567965
          ],
          [
            7.9919304063588426,
            47.13814080534409
          ],
          [
            7.992158389136423,
            47.13817974613368
          ],
          [
            7.9932681919800075,
            47.13828457492211
          ],
          [
            7.992992606271608,
            47.13899112369451
          ],
          [
            7.9938849328868455,
            47.13909390853445
          ],
          [
            7.996994435151625,
            47.13911794028366
          ],
          [
            7.997132554466416,
            47.139103237870124
          ],
          [
            7.997110864785989,
            47.137608949445784
          ],
          [
            7.998251807668645,
            47.13746432591729
          ],
          [
            7.998000944722646,
            47.13662018970262
          ],
          [
            7.998243406168627,
            47.13665977665216
          ],
          [
            7.9983665701192175,
            47.13666524039686
          ],
          [
            8.000194175973023,
            47.13646750418358
          ],
          [
            8.00023058831192,
            47.13645402281331
          ],
          [
            8.000400223274555,
            47.13663222366782
          ],
          [
            8.000598911446453,
            47.13679145574746
          ],
          [
            8.000723561701065,
            47.1368744741336
          ],
          [
            8.000829153351889,
            47.13680315825276
          ],
          [
            8.001100903959774,
            47.136990528907916
          ],
          [
            8.001376362817172,
            47.137169317490745
          ],
          [
            8.001554781929123,
            47.13727084475655
          ],
          [
            8.002296510095865,
            47.13776026086749
          ],
          [
            8.002548062478489,
            47.137589381748484
          ],
          [
            8.003043609694858,
            47.13793606901571
          ]
        ]
      }
    }
  ]
}