{"type": "FeatureCollection", "features": [{"type": "Feature", "properties": {"bfs_nummer": 1631}, "geometry": {"type": "MultiPolygon", "coordinates": [[[[8.957755011911335, 46.80443711339711], [8.957348030541977, 46.80450748234095], [8.956970019766883, 46.80468810047913], [8.956608154744751, 46.80475035327009], [8.956278025770171, 46.80476941139719], [8.956011082804404, 46.80484819617996], [8.954785809113547, 46.804983585753845], [8.954038428532721, 46.80504042655862], [8.953588621704279, 46.805038292926525], [8.953402931976164, 46.80501207630407], [8.953317614774209, 46.804977981940404], [8.95283434509138, 46.8045038089901], [8.952369091989157, 46.804241427977], [8.951963584753868, 46.80395328262033], [8.951553305509547, 46.80362397018156], [8.951043661431653, 46.80311100889057], [8.950730639295044, 46.80270334908082], [8.95051098283773, 46.80263344451244], [8.950256981672092, 46.80260914147761], [8.94950961978825, 46.80258126313216], [8.949169872662834, 46.80251846848446], [8.947638639168275, 46.80234548963182], [8.947320425243111, 46.802256098260166], [8.946676405223421, 46.80244615399566], [8.946441797608482, 46.802460297960444], [8.94567923942739, 46.80232429321035], [8.94489640391496, 46.802294299349505], [8.944524182821343, 46.802017866650104], [8.944320492890169, 46.801891121838835], [8.94304566545762, 46.801564898562994], [8.942508719638559, 46.801158857225346], [8.942290925528688, 46.80102319675181], [8.941765581620052, 46.80082985526059], [8.941569497365975, 46.80074191801783], [8.941441208807396, 46.800659385961026], [8.941360227147614, 46.80051570656117], [8.941320170347185, 46.800339786615254], [8.940547681276406, 46.79960382711106], [8.940386274518923, 46.79950799336636], [8.9401805898613, 46.7994166085106], [8.939494331545509, 46.799304263911395], [8.938814671257504, 46.799240106034645], [8.937032427220963, 46.79892102513618], [8.93650575679702, 46.79885277517706], [8.936080590145341, 46.798857327855764], [8.935577780018225, 46.79888627812774], [8.935389836118508, 46.79875883166505], [8.934805551821018, 46.79867040932705], [8.9345167137498, 46.79843530046558], [8.934042406705442, 46.798323423165975], [8.93378409297116, 46.79821069872779], [8.932910430471347, 46.79776069293726], [8.932038169640764, 46.797712281863745], [8.930746086271466, 46.79758477930418], [8.930371858559624, 46.79751204977197], [8.929782395512683, 46.797334696337956], [8.929158608120815, 46.79702271593375], [8.928818559724139, 46.79682182367881], [8.928738751289096, 46.79663046607022], [8.928639844398544, 46.79652161660173], [8.928489636241261, 46.796473004086685], [8.928285429470442, 46.79646758867128], [8.928081347250748, 46.79648565276884], [8.927893932485462, 46.79658109810454], [8.927620313871449, 46.79694399302481], [8.927084632216035, 46.79731768258604], [8.92667989037181, 46.79776966656535], [8.926134725048044, 46.79779989881939], [8.925841154492836, 46.79794795979108], [8.92545762644558, 46.79804175235151], [8.923652129626154, 46.79831340874569], [8.923028941621984, 46.798201101104596], [8.921944472536683, 46.7981879911007], [8.921435795546136, 46.79821514584108], [8.920858406556253, 46.7981671668585], [8.920325449449004, 46.79817177150354], [8.920007432802823, 46.79811840633108], [8.918103068925694, 46.79831495534973], [8.918377360903433, 46.79864196712642], [8.918388340186043, 46.7987321538609], [8.918312476449243, 46.798820128526025], [8.918141916253758, 46.79889187596819], [8.917863885671798, 46.79887152787856], [8.917366715379712, 46.79869002037074], [8.916592454164485, 46.798865898911345], [8.916047946349648, 46.7990361173444], [8.915854276636862, 46.79915910310823], [8.91534514703437, 46.79984673802715], [8.915212652992178, 46.79996865171265], [8.914945498372784, 46.800142590468106], [8.914342462407964, 46.80040385602032], [8.914066748130935, 46.80060811021639], [8.914070540419809, 46.80071551107315], [8.914159643115484, 46.800808964098884], [8.914138466959367, 46.800928446524644], [8.91340314814267, 46.80149856487469], [8.913383579611024, 46.80158126044994], [8.913451334692414, 46.801663594633034], [8.913507209108067, 46.80218976381621], [8.914070703476824, 46.802519013470175], [8.914464973734594, 46.80304712676105], [8.91448326619494, 46.803175695327184], [8.914371651998694, 46.80338382735944], [8.914361149148672, 46.8035585940579], [8.914590222232922, 46.80382658464537], [8.914684945174288, 46.80400085448556], [8.91477380449752, 46.80435748811495], [8.91478356682578, 46.80458464310975], [8.914727924898656, 46.80475455963071], [8.914712563663347, 46.80499010997551], [8.914789737649173, 46.80517797673483], [8.914997046647878, 46.80541743033714], [8.915165913576732, 46.8053385106017], [8.915373297671426, 46.80530676663637], [8.915576016081344, 46.80535181250133], [8.915615803994205, 46.805444309012685], [8.915540243181217, 46.80552899473976], [8.915359070909572, 46.80559062087002], [8.915244282171228, 46.80566535078145], [8.915067127532216, 46.80592471446233], [8.915012285768563, 46.806092697635954], [8.914984756330774, 46.8063789622645], [8.914724899938951, 46.80677677113811], [8.914705841425885, 46.806975835309544], [8.914788809271235, 46.807228632566364], [8.914669133609035, 46.80750909741822], [8.91465601364108, 46.80804934464398], [8.91430556916066, 46.808436551024975], [8.91407436164815, 46.80860697361144], [8.914453861340485, 46.808874039634276], [8.914603766196814, 46.809031304156434], [8.914635293599565, 46.809141739894784], [8.91459965478268, 46.80922696150489], [8.914501131325677, 46.80927061064971], [8.9142508251793, 46.8092042869453], [8.914178345292532, 46.80921609308827], [8.914159238632827, 46.809269593687624], [8.914207003801927, 46.8093385236476], [8.914402885059186, 46.809497913533306], [8.914656719667766, 46.80997208114042], [8.914778604999798, 46.8104197183044], [8.914858635565663, 46.81089547250772], [8.914865795403973, 46.81114946516082], [8.914021187173754, 46.81135337676667], [8.913360724420178, 46.81136347176443], [8.912605656907198, 46.811335888796], [8.911664497099252, 46.81113062216089], [8.911313295020111, 46.81109649316623], [8.911093985871881, 46.810907957840406], [8.910938512317783, 46.81073773712051], [8.910666967218779, 46.81091218039872], [8.910266306396808, 46.810798633034295], [8.909850515655561, 46.81073492411109], [8.909792541209463, 46.8105872347148], [8.908892355821662, 46.81050661815027], [8.908404046081122, 46.810256325347034], [8.908118190537458, 46.81018474789664], [8.907817197422503, 46.8101640159349], [8.907409351297753, 46.81024847071158], [8.906752466200764, 46.810091700566694], [8.906710065980091, 46.81039864360537], [8.906185095351763, 46.810695106888225], [8.905583782003196, 46.8106743434007], [8.904401172856453, 46.81084881663315], [8.903865576387203, 46.811011142242876], [8.903565212939455, 46.811073248575305], [8.902499597701553, 46.811459826924], [8.901055289725033, 46.811753388861284], [8.900356801297209, 46.81215288934878], [8.90000259428048, 46.8124656459085], [8.899987038058496, 46.81286351990685], [8.900166655026078, 46.81302693611616], [8.900331362455614, 46.81349023270546], [8.9002456254801, 46.81363190956527], [8.900039607667663, 46.81376851529245], [8.899202489599265, 46.814002112705055], [8.898657961382064, 46.81420136375719], [8.898391892990754, 46.81423070248152], [8.897606973456902, 46.81410221216501], [8.89701192036409, 46.814177956774294], [8.894946220280163, 46.81380219078582], [8.894402864256863, 46.813772161519694], [8.894073101894652, 46.813787518291925], [8.892997019688927, 46.8136322370517], [8.892688375868893, 46.813470189007305], [8.89232365158767, 46.81343887976042], [8.89216218751958, 46.81339759595134], [8.891820068824435, 46.81334064016327], [8.89133793298207, 46.813398537963884], [8.890835272327607, 46.813773250950696], [8.89058215215839, 46.813890881674446], [8.890375009482186, 46.814101117965926], [8.889716339631624, 46.81423537472048], [8.88847256487085, 46.814422039470486], [8.887768059978761, 46.814193351464034], [8.886819575056938, 46.81417083020503], [8.886055327693331, 46.814111050075525], [8.885161867948765, 46.81387362109332], [8.883974985486061, 46.8141307955772], [8.883628754880613, 46.814113197255004], [8.883015897057707, 46.81397952469989], [8.882382122865858, 46.813989052130445], [8.88215450815355, 46.813967169332166], [8.88206852203225, 46.81388331749748], [8.88204414782236, 46.813741008151005], [8.881346444075296, 46.81362613023953], [8.880856080566291, 46.81357735012462], [8.880293428923848, 46.813455420220784], [8.87969300862764, 46.813465658517835], [8.879358061107213, 46.81331651528292], [8.878859232549413, 46.813264162134544], [8.878705754709326, 46.81315601064764], [8.878685077548438, 46.813025170291986], [8.877825876946334, 46.81308406127326], [8.877053718123001, 46.81291409398125], [8.876883607629884, 46.8134526238022], [8.875927397061014, 46.815015643110286], [8.875572085821501, 46.8159624617997], [8.87625552108024, 46.81693660547123], [8.880169654274207, 46.82007649195243], [8.881642786397904, 46.82906802825966], [8.877099938010995, 46.83347619955165], [8.875825310666897, 46.83428446719359], [8.874914384371946, 46.83475560886816], [8.874371508685435, 46.83520472080225], [8.874527004594825, 46.83614825087691], [8.874368370524449, 46.83647304584968], [8.87459844238271, 46.83674896119492], [8.874490836696472, 46.837368486059525], [8.873940464864514, 46.83784756773962], [8.873666886514128, 46.83862882583574], [8.873966859129553, 46.8395420968281], [8.874074455333236, 46.83964411980984], [8.873748543329558, 46.840187768319105], [8.873679736275163, 46.8405482902128], [8.873293380114989, 46.840795993113716], [8.873190142263221, 46.84109626807529], [8.872994261259086, 46.84136176282418], [8.872145585104597, 46.841714268312586], [8.871236720202052, 46.842031637475486], [8.871917791424766, 46.84197007177504], [8.872696262326857, 46.84209390888195], [8.87350299530568, 46.8423890972607], [8.873952185494234, 46.84271742787064], [8.87429356684604, 46.843180103648876], [8.87498341301665, 46.843452953917385], [8.875290745836686, 46.84368385555645], [8.87585539236413, 46.843827033970584], [8.87694910239361, 46.8439328306185], [8.877740534806028, 46.84410348714102], [8.878437284975645, 46.84441994995626], [8.879064118071504, 46.844787942536584], [8.87961253878846, 46.84502347560022], [8.88085292753193, 46.84518184867919], [8.881523535337351, 46.84545319827915], [8.882464652792013, 46.845770281682384], [8.883256094120634, 46.84607901119077], [8.883987638961155, 46.84620456403035], [8.884531540777465, 46.846401708968955], [8.884900481810604, 46.84663212769863], [8.885190994440272, 46.846711193063555], [8.886223273068838, 46.84728362724479], [8.887491007944869, 46.8476371943511], [8.887954127339412, 46.84757320093581], [8.888125743033559, 46.84761672903563], [8.887986134880938, 46.84796340305664], [8.888845790614468, 46.84825042296437], [8.889921466664354, 46.84844520744479], [8.891080421402954, 46.84855453238483], [8.891384239952176, 46.84839489579014], [8.891941084490611, 46.848514030704564], [8.893113679242333, 46.849037809525676], [8.893664956675815, 46.84915993222766], [8.894394783325, 46.849232530717565], [8.89566854795994, 46.8495680936419], [8.895739094859508, 46.850042037835784], [8.8962847049512, 46.85031668373925], [8.896391043609983, 46.8507661376136], [8.896839461682802, 46.85096991398114], [8.897032509919597, 46.85115722879396], [8.897393100971144, 46.85135452640679], [8.899189179166006, 46.85250678865446], [8.899160482938115, 46.85265596568607], [8.89939105418412, 46.852903689654475], [8.899371155843175, 46.85315932375568], [8.89994690344729, 46.853729956862644], [8.900352578806622, 46.85409241724125], [8.900166824773613, 46.85448127285824], [8.90062938956207, 46.854733931080446], [8.900641967895451, 46.854846924449205], [8.901488133643284, 46.85550578944384], [8.902078114989703, 46.855871993641564], [8.902776263243917, 46.856116196176686], [8.902925008351675, 46.85644068364118], [8.903738177430995, 46.85715174560421], [8.904886040758443, 46.85783720408872], [8.90559576661926, 46.85840599486334], [8.906041566488044, 46.85867520036077], [8.90737758245867, 46.85985512852741], [8.907591240175128, 46.86022008844969], [8.908280323265254, 46.86053739874018], [8.908913304511616, 46.86070837185859], [8.909254428997869, 46.86097455726113], [8.90943756141461, 46.860983718019156], [8.910043178554739, 46.860725365145804], [8.910622228370926, 46.860600113926395], [8.911278537022206, 46.86029584366945], [8.912247014925837, 46.86039739430986], [8.912396149756589, 46.86029210801949], [8.912816505187836, 46.86036788929908], [8.91370215406881, 46.86013083195493], [8.914242663291986, 46.860161035168744], [8.914581098350581, 46.86011734435818], [8.915892530271634, 46.860174306794754], [8.916575732465796, 46.860461883502346], [8.91739835463336, 46.860589029376456], [8.917817652384672, 46.860477103652734], [8.918267760629323, 46.86084291258685], [8.919433392587301, 46.86149713534804], [8.920639269057977, 46.86209696370473], [8.92094427021547, 46.86210347683655], [8.921557301420055, 46.862491212662235], [8.923130945224232, 46.86329686454836], [8.923476299966733, 46.8633913468585], [8.92397834209456, 46.86344602388251], [8.92667675198396, 46.86422566719721], [8.92751996372442, 46.864313815817354], [8.92813086922442, 46.86433362197679], [8.92878443550867, 46.864649022538664], [8.92921024207561, 46.8647424658122], [8.929860156596789, 46.86480502175328], [8.930318710403208, 46.86495447820501], [8.930865428732211, 46.864997802532706], [8.931538348424718, 46.86542952715095], [8.931975546053916, 46.865506142208815], [8.932525908935792, 46.86548501566641], [8.933383529352572, 46.86533754789017], [8.933697337449539, 46.8655582763169], [8.934061715300947, 46.865777030276064], [8.934048746812994, 46.86606491283108], [8.934803429985248, 46.8665569120015], [8.93535298770627, 46.86700179983863], [8.935661368134175, 46.86740287974986], [8.935908517099628, 46.86755343752652], [8.936883546041422, 46.8679105759207], [8.93755393424451, 46.86812799266442], [8.937780276774053, 46.86828903953186], [8.938359752848461, 46.86860534212606], [8.938757612778751, 46.86866321801218], [8.939131839488306, 46.86903308519459], [8.939662844488033, 46.86931779192775], [8.940111677859996, 46.869646589727935], [8.9401999878155, 46.86988517282123], [8.940636537258992, 46.8699719948434], [8.941080969706393, 46.87046291949063], [8.941719551250737, 46.8708888078309], [8.942354987776987, 46.87097922360798], [8.94277002767699, 46.87110569939621], [8.943133472395465, 46.87114313187952], [8.943707459639048, 46.87106262492624], [8.94376913358648, 46.87116315112108], [8.94434428345457, 46.871348894172556], [8.944790751761722, 46.871394396785725], [8.945326271551545, 46.87139591377993], [8.945480631239466, 46.871532860354975], [8.945582386738472, 46.87178528650828], [8.94576846703601, 46.87188724635745], [8.945883426052621, 46.87213221373426], [8.946376291871875, 46.87228353184054], [8.946780344438016, 46.87224394399177], [8.947290091037486, 46.87232906883304], [8.94747926854888, 46.872319636115776], [8.94806831630648, 46.87272357451372], [8.948525908312115, 46.872959704296164], [8.949037593463638, 46.87308731687591], [8.950378934063368, 46.87317604624815], [8.955921022183542, 46.87532850318185], [8.95781000095932, 46.87949783285986], [8.957637274945759, 46.8809099594627], [8.956782105667477, 46.88631612143148], [8.957286155612325, 46.88790194614574], [8.956192888634167, 46.88999122797618], [8.956232553877712, 46.89037397826445], [8.954589464563353, 46.894474980271895], [8.953979802345499, 46.89650285577498], [8.954153794777778, 46.89699537917242], [8.952820409083236, 46.898354477067876], [8.953151832822698, 46.89945040534634], [8.953416435323609, 46.90069025908005], [8.952915436237332, 46.900744551455354], [8.952725190869113, 46.900814291897426], [8.952534006429724, 46.90098498907066], [8.952244044826204, 46.901094935716316], [8.95180897757878, 46.90161607291377], [8.950937347488619, 46.901729476590084], [8.949720978604294, 46.90153690600898], [8.949013714157228, 46.90154645292619], [8.948587308393448, 46.9016080714123], [8.947679386013961, 46.9021620436459], [8.947542259303434, 46.90238022811981], [8.947163068140934, 46.90269300970712], [8.946894794438881, 46.90268738341897], [8.946231720824088, 46.903992578526776], [8.946021123162378, 46.904393935456575], [8.945854816223816, 46.90473622769038], [8.945746523717482, 46.904947279373346], [8.943570791378217, 46.90616062564851], [8.94235250092673, 46.90971269755907], [8.940386553848933, 46.91168608557049], [8.94003024047972, 46.912066835190394], [8.939875683169644, 46.912253257041094], [8.939597423089324, 46.91276768757636], [8.939259063741716, 46.91327212037044], [8.938617308490539, 46.91426931151691], [8.937673578136407, 46.91611529730263], [8.935383730594525, 46.919850935383394], [8.935545050093822, 46.91990681983649], [8.935698227825071, 46.91997260693012], [8.935841936651583, 46.92004773988776], [8.936046660360033, 46.92028672592273], [8.936206375931608, 46.920268946208054], [8.93636287687375, 46.920240897708695], [8.936514817638901, 46.92020282326215], [8.936660802044429, 46.9201550643319], [8.936799530053209, 46.920098044337], [8.936865045976237, 46.920180791446576], [8.9368778441716, 46.92020938627337], [8.936897380375665, 46.92023613925765], [8.936909506090808, 46.92024859423139], [8.936938065904444, 46.92027120731543], [8.93695432549946, 46.92028122392449], [8.936990150211463, 46.92029829908951], [8.937209083817761, 46.92032658951019], [8.937430719141664, 46.92034205026916], [8.937653462438728, 46.92034459166407], [8.937632567851558, 46.92062654676251], [8.937725059053687, 46.92075635666493], [8.937802027281183, 46.92089080465411], [8.93786301658388, 46.92102906946341], [8.93790761726519, 46.92117022634723], [8.93826567063431, 46.921138027613765], [8.938840073794474, 46.92118092428225], [8.938864796357308, 46.92119020023409], [8.938910326385285, 46.92121290623328], [8.93894950971756, 46.9212405996818], [8.938981206034194, 46.92127248358953], [8.939004483437998, 46.92130760829086], [8.939018657118238, 46.921344957284376], [8.93900324153769, 46.921447473266305], [8.93899929003987, 46.92155050394922], [8.939006825588756, 46.92165343790989], [8.93902581856597, 46.921755681755656], [8.93917866654737, 46.921884060965475], [8.939348104404075, 46.92200227108337], [8.939532686514971, 46.922109288669], [8.939730863342238, 46.922204214937494], [8.939940944824315, 46.9222862532063], [8.940101794733534, 46.92216515735451], [8.940333852289939, 46.92237568953293], [8.940455339382956, 46.9223849270311], [8.94057754208977, 46.92238639124254], [8.940699408280352, 46.9223800589294], [8.940819890385386, 46.92236599034895], [8.940937941003213, 46.92234430694946], [8.941275341578477, 46.922237587953234], [8.941410367120918, 46.92223322288891], [8.94189447860313, 46.92211925099042], [8.942155743072963, 46.92212900552323], [8.942757289155455, 46.92204757469408], [8.94307044116198, 46.92208069699966], [8.943101914697483, 46.922087175017865], [8.943132479216704, 46.92209542822072], [8.943161935961026, 46.92210539613099], [8.943190087492326, 46.922117019735765], [8.943216719670039, 46.92213020137373], [8.943241646966586, 46.92214487179863], [8.943264720510163, 46.92216088851203], [8.94328574208177, 46.92217819163856], [8.943304576261863, 46.922196630155284], [8.943467289478777, 46.922373615280016], [8.94349477869164, 46.9223968067037], [8.943524993107237, 46.92241836116054], [8.943557718155674, 46.92243812822772], [8.943592715286444, 46.922455969062646], [8.943629755222988, 46.922471740381006], [8.943668573171578, 46.92248537341472], [8.943708916475652, 46.92249674584125], [8.943929283118328, 46.9226784631641], [8.944135420951103, 46.92286787824602], [8.944326753513739, 46.92306443634689], [8.944793939338673, 46.923290648516875], [8.94528385007067, 46.92349302553051], [8.945793946244924, 46.92367051044406], [8.945975654379607, 46.9239459328824], [8.946339985477078, 46.923619051589554], [8.946679697792737, 46.923692654385086], [8.947350782119486, 46.92405002315651], [8.94764254676508, 46.92407754296204], [8.948024006191648, 46.92449186155954], [8.9480541808998, 46.924532444537284], [8.948080569188521, 46.924574247820686], [8.948103036066618, 46.92461711218385], [8.948183571001874, 46.92505681121153], [8.948196235929379, 46.92538514952915], [8.948683538159313, 46.9254654106184], [8.949189659143268, 46.925404832167416], [8.949700475627864, 46.92536699577358], [8.950213802368834, 46.925352041955556], [8.95022143640398, 46.92536241510382], [8.950240439529729, 46.925381605798606], [8.95026396812038, 46.925398289218066], [8.950291323313348, 46.925411951010744], [8.950321685214815, 46.9254222206077], [8.950354162790424, 46.92542877449403], [8.950387804081277, 46.92543141723117], [8.950421610069354, 46.92543008210014], [8.950438266672956, 46.925427910201265], [8.9504704480532, 46.92542069287046], [8.95050034607588, 46.92540980771677], [8.95070761594028, 46.9252921753824], [8.950926117774406, 46.92518451577207], [8.951154839599749, 46.92508731732652], [8.951509064675365, 46.925012587195205], [8.951853849039727, 46.92518624404652], [8.952589824197922, 46.92510417816383], [8.953206471296427, 46.92516191515295], [8.953536616856699, 46.925388043877135], [8.953847176311875, 46.92543625227163], [8.953855917651813, 46.92570911761807], [8.954313624214738, 46.925941760963994], [8.95489913576275, 46.925985451906605], [8.955209709713378, 46.92603366147623], [8.9554070253856, 46.92605334725517], [8.95560626321269, 46.92605925065108], [8.95580531052745, 46.92605133980026], [8.956393677347785, 46.925884423885144], [8.956581665917412, 46.92584306238857], [8.956765630561817, 46.925794027344644], [8.956944996905897, 46.92573750433183], [8.957308462508433, 46.92554467558729], [8.95751140995764, 46.92564579876493], [8.957699348322954, 46.92575973239269], [8.957870561188765, 46.92588543952519], [8.957760678575475, 46.92629431661012], [8.958572136639878, 46.92632567798035], [8.958726367846598, 46.926016211470845], [8.959287329404088, 46.92594289983782], [8.95948110184098, 46.92595477030374], [8.959595658710517, 46.926026832814614], [8.95970377732491, 46.92610338976505], [8.959805097175053, 46.926184221375145], [8.960202151755896, 46.926305982052824], [8.960610113758545, 46.92640944774736], [8.961027175087887, 46.92649417029685], [8.961218477144513, 46.92639086785624], [8.961494367477856, 46.926413242596524], [8.96183791501221, 46.92630311600958], [8.962492187315016, 46.92640217295341], [8.962647308270562, 46.92644937560556], [8.9627959338379, 46.92650553596859], [8.96293693515043, 46.926570271165325], [8.963069280201637, 46.926643065958096], [8.96319198387275, 46.92672341017593], [8.96381592634928, 46.92754828448275], [8.964129009319073, 46.928294291572904], [8.964004193628224, 46.92901626267884], [8.963457939065492, 46.929845928989394], [8.96282941357534, 46.93079538391388], [8.962676283794686, 46.931001448712564], [8.96170485811499, 46.93140944923942], [8.961068301819372, 46.931660641986774], [8.959925623813763, 46.93121133191936], [8.959443312810272, 46.93172008637801], [8.958868546815626, 46.93229454687672], [8.957491439769061, 46.933539154792655], [8.957340791389585, 46.93368042687241], [8.957206614322647, 46.93382926911461], [8.957089745629096, 46.93398482441193], [8.956779295179285, 46.934585053642], [8.958424029657719, 46.93452335015734], [8.95773353746004, 46.93581843225233], [8.957527780981312, 46.935974108935454], [8.956246556797007, 46.936650586080376], [8.955977945079779, 46.93682460713168], [8.956015284874772, 46.937072902013924], [8.956023812748091, 46.937322462928954], [8.956003424199256, 46.9375716853826], [8.955954260528591, 46.9378189956301], [8.955876661596074, 46.93806289476312], [8.955735782068544, 46.93836101009125], [8.955552332614857, 46.93864805739208], [8.955328123719271, 46.938921196116134], [8.955821139643898, 46.93936164848985], [8.955993442205113, 46.939542623650304], [8.956149583344715, 46.939730354211434], [8.956288975931246, 46.93992415208514], [8.956620531462038, 46.94009214133024], [8.956685428287036, 46.94026661449688], [8.956562586246488, 46.9407589516851], [8.957630444673793, 46.942602158976634], [8.957375791878908, 46.94290929386996], [8.95810819267828, 46.94413919780519], [8.958324410143206, 46.944411961439826], [8.958567580566843, 46.944673878144194], [8.958836577779831, 46.944923704915055], [8.959493457571634, 46.945484297351044], [8.959626559966772, 46.94563410706422], [8.959742222623499, 46.945790564763804], [8.959839735270746, 46.945952708524615], [8.95991848882303, 46.946119579470476], [8.959951548669888, 46.946221398812], [8.959970692021889, 46.946324888793804], [8.959975745644211, 46.94642913099127], [8.959966686122858, 46.946533245846396], [8.959943557243854, 46.94663633990297], [8.959906575374545, 46.94673752280121], [8.95985608805709, 46.946835939802114], [8.96031232013456, 46.94685418057134], [8.960925877671675, 46.94695074969717], [8.9609849161101, 46.94697845081796], [8.96104005959037, 46.94700971011218], [8.961090865002527, 46.94704426723674], [8.961136837346638, 46.947081833816085], [8.96117765398625, 46.94712210090315], [8.96121299306874, 46.94716473428957], [8.961242516874558, 46.94720937949381], [8.961266005682834, 46.94725568896059], [8.961283987443991, 46.94732324979199], [8.961293532432906, 46.94739161669466], [8.96129458617155, 46.947460285702945], [8.961287133892858, 46.94752877880603], [8.961271254132765, 46.94759659215726], [8.961246983876519, 46.94766322875704], [8.961298303554448, 46.947711189655166], [8.961343248356128, 46.947762076111324], [8.961381467671092, 46.947815449685606], [8.961412681029483, 46.94787094301793], [8.961451004054107, 46.94799371042057], [8.961474909033203, 46.94811815291478], [8.961484269823247, 46.94824350822277], [8.961479012041078, 46.94836900380118], [8.96149751286964, 46.948553024803005], [8.96153796762319, 46.948735389128856], [8.961600141860677, 46.94891487025196], [8.961683561311338, 46.94909025239949], [8.961745407423013, 46.94925119471733], [8.96178523238141, 46.949415352487534], [8.96180276316446, 46.94958134702926], [8.96179781234467, 46.94974772172841], [8.961882139755998, 46.94997735870173], [8.961941007812053, 46.95021071016903], [8.961974097464237, 46.95044641692999], [8.962016029423237, 46.951359676090185], [8.961890220019827, 46.9519700754844], [8.962031041516187, 46.95282904858617], [8.962061001296513, 46.95291672879654], [8.962101105317176, 46.95300248689416], [8.962151111715938, 46.95308577383811], [8.9622106756805, 46.953166053052875], [8.96237074137252, 46.95337002469069], [8.962395347890219, 46.95341253133879], [8.962414615122258, 46.95345632148033], [8.962428391396887, 46.95350105807038], [8.962436602010925, 46.95354643582463], [8.962439160241221, 46.953592133446776], [8.962436068327198, 46.95363780769691], [8.962427342837803, 46.95368313390548], [8.962413028594455, 46.95372781538295], [8.962393258605514, 46.95377149779175], [8.96236815621709, 46.95381386565704], [8.963266519623925, 46.95443071163078], [8.963015646124939, 46.954637472606166], [8.964350215681957, 46.955132524281595], [8.964857666121437, 46.9560200550026], [8.966265548912363, 46.95641152969631], [8.966435760189372, 46.95653196890944], [8.966590834936497, 46.956661633955996], [8.966729722708653, 46.956799630177265], [8.966851448242771, 46.95694501433179], [8.967338467467396, 46.95761009104614], [8.968203110578683, 46.95731504635768], [8.968441321300928, 46.95743462347483], [8.968665776104505, 46.957566060851455], [8.968875186723114, 46.957708645669825], [8.968902818404644, 46.957715332401655], [8.968954833221016, 46.95773354815569], [8.969001346607516, 46.95775780574075], [8.969040833360578, 46.95778732793729], [8.969072047131913, 46.957821180417525], [8.969084247937484, 46.95783938934761], [8.96910129212133, 46.95787767827751], [8.969383327550277, 46.957967635602316], [8.969672616860477, 46.95804596952544], [8.969968221384608, 46.95811249824047], [8.970307901700153, 46.958135683986725], [8.97034220415906, 46.958145659027444], [8.970373405865217, 46.95815960439165], [8.970400490336507, 46.95817711264181], [8.970422638745521, 46.95819762634156], [8.970439176968853, 46.95822049056115], [8.970449548104982, 46.95824499543376], [8.970453438047285, 46.95827035057865], [8.97045070841982, 46.958295803674325], [8.970441479851226, 46.9583205251104], [8.970427523547347, 46.95834720746385], [8.970424403190304, 46.95836266079352], [8.97042520200878, 46.958378241323885], [8.970429934600485, 46.95839350901199], [8.970438456573506, 46.95840798086359], [8.970450517730056, 46.9584212354562], [8.970465711243135, 46.958432845868565], [8.970493419732568, 46.95844648419718], [8.970514357703461, 46.9584526464071], [8.970536510429069, 46.958456255044155], [8.970570632834576, 46.95845659955055], [8.971013283385805, 46.95835690856145], [8.971037343554746, 46.958374894703965], [8.971058934114748, 46.95839429037034], [8.9710778541529, 46.95841494584166], [8.97109399386023, 46.958436691817205], [8.971107201952767, 46.95845933110538], [8.9711173561663, 46.958482704044876], [8.971175744340112, 46.958719747672276], [8.971211408989603, 46.958909855759934], [8.971235206808416, 46.95910082499533], [8.97164098300241, 46.95986189263412], [8.971314448160246, 46.959871101881426], [8.97124906714853, 46.959870905790495], [8.971183935258432, 46.95986700853398], [8.971119512472777, 46.95985940420399], [8.971056208931815, 46.95984819509889], [8.970994486064512, 46.95983342917173], [8.970934780394368, 46.95981520849789], [8.970877476613962, 46.95979366277476], [8.970822973058114, 46.959768939506226], [8.970771655857085, 46.95974121353444], [8.970526250857718, 46.95956012983856], [8.969760727476302, 46.95969706568811], [8.969512050131986, 46.95987354303495], [8.96928565791456, 46.959768360657094], [8.968917960377905, 46.9598073520572], [8.968686395097034, 46.95967926666564], [8.968276460155861, 46.95972780864382], [8.967968034545875, 46.959889733473595], [8.967491100350898, 46.95998147048457], [8.966902848697213, 46.96019459381002], [8.966773280120485, 46.96052612280683], [8.966328861267856, 46.960364395872276], [8.965946597760182, 46.96051892918178], [8.965434749485524, 46.96095131004491], [8.964516912458732, 46.9609301781364], [8.964200098953292, 46.96093495347706], [8.963884280999892, 46.96095278906914], [8.963570615265205, 46.960983624321315], [8.963205085532854, 46.96092990298444], [8.962558938522053, 46.96110796729299], [8.962105042140253, 46.96115038802562], [8.961533663066191, 46.961520025594375], [8.961493008587594, 46.961532173558155], [8.961450998154085, 46.96154193680524], [8.961407931651742, 46.96154922171509], [8.961364136626926, 46.96155400554217], [8.961319914388456, 46.96155623979661], [8.961275553633135, 46.96155591158736], [8.96123140993649, 46.96155304332194], [8.961187758765696, 46.96154761347054], [8.961144943558903, 46.9615396892779], [8.96066366082499, 46.961415897175655], [8.960447029750357, 46.96148888175914], [8.96030222064839, 46.961625841502496], [8.960170370280931, 46.961619552009], [8.960015154091234, 46.96172276562512], [8.959476302004738, 46.96189261219155], [8.959251120492043, 46.96191140846349], [8.958678559999056, 46.96214498221516], [8.958550289946563, 46.96212183466816], [8.95808051515204, 46.962179861172366], [8.95774947959401, 46.96227066635363], [8.957434979600105, 46.96221341502463], [8.957061608016327, 46.96233785387689], [8.956665954964079, 46.96271987194957], [8.956472245007228, 46.96277965831079], [8.956279888134084, 46.96292734326135], [8.956021182482928, 46.962973756711854], [8.955674852382305, 46.962947735052616], [8.955399370225997, 46.963202392556234], [8.953886309683373, 46.964121404942446], [8.953828879993758, 46.96437892674351], [8.953831266692372, 46.96462694019441], [8.953728400865446, 46.96481455155963], [8.953232710010157, 46.965146983689834], [8.95303907357042, 46.96557156313032], [8.952988697915867, 46.96581945211319], [8.952710034829352, 46.96599465618575], [8.952430828256968, 46.96590135197462], [8.952399231971635, 46.965922263553814], [8.952365216349323, 46.96594128137321], [8.95232897710335, 46.96595830549983], [8.952290811379614, 46.96597318697993], [8.95225092705065, 46.965985842042635], [8.952209662721867, 46.96599616704556], [8.952167291761109, 46.9660040858482], [8.952124063485314, 46.96600957739799], [8.952080345230202, 46.966012575279905], [8.951798360228137, 46.96614439536277], [8.951044144107554, 46.96685189713658], [8.950565941130012, 46.96681957561045], [8.949982875453074, 46.96701937539579], [8.950017105590689, 46.96722411588383], [8.949928848683273, 46.96767299487452], [8.949702439427329, 46.96795664534286], [8.9496646496879, 46.967975614771845], [8.949624493285347, 46.96799219587307], [8.949582372677009, 46.96800626466008], [8.949538600787758, 46.96801770106065], [8.949487754478563, 46.96803414310532], [8.949439130100357, 46.96805349526903], [8.949393111214095, 46.96807563341388], [8.949265833373037, 46.968146912890575], [8.949176332972582, 46.968188542716916], [8.949082125398794, 46.9682249972848], [8.948726902927614, 46.96821702111189], [8.949571273272763, 46.96855955272113], [8.949752109649914, 46.969007826557984], [8.949851722935291, 46.96953056435869], [8.950894535787144, 46.97001520253835], [8.951397918155987, 46.970310780694334], [8.951455936400667, 46.970470292582554], [8.951586482208903, 46.970592214373724], [8.95196473333568, 46.970720028856796], [8.952405345982424, 46.97068672420639], [8.952676085256028, 46.970797632237435], [8.953117215909893, 46.97078263707984], [8.953977028111034, 46.97114220699253], [8.954364401667098, 46.971118766853564], [8.954594878169502, 46.97122562204565], [8.955316823158482, 46.97144047125381], [8.955544071365107, 46.97143286683263], [8.957187520874204, 46.97229495100769], [8.957416902269191, 46.97259873869285], [8.957785953208568, 46.97287319973898], [8.958259114161434, 46.972807388325585], [8.95908031882735, 46.97274611396613], [8.959510419842895, 46.97281367583449], [8.959896057007027, 46.97296425717318], [8.960028052809754, 46.973136521401585], [8.960388085078975, 46.97332866553957], [8.961561946264087, 46.97367027046235], [8.961935961444759, 46.97364698509625], [8.962040009289991, 46.974011981239975], [8.962371294009296, 46.97436935323614], [8.96260375981575, 46.974544862780746], [8.962950199318428, 46.97472801894414], [8.963254535733178, 46.97484303298083], [8.96380713907684, 46.974982213979644], [8.964266400422153, 46.97521598719934], [8.964671391718566, 46.975492792476004], [8.965110554465708, 46.975642635621156], [8.965656077746845, 46.97576817993696], [8.966061558026365, 46.97590930992844], [8.966499309237282, 46.97600880308755], [8.967168082679962, 46.97623344698742], [8.967717817319999, 46.976505477536286], [8.968035804956543, 46.97686301097491], [8.968339268899111, 46.97694598123512], [8.968536751083823, 46.97706699061486], [8.968873929177574, 46.97715866468963], [8.96926132352034, 46.977135153649655], [8.969950344457573, 46.97736408211461], [8.971062583820661, 46.97765146155042], [8.97147829980659, 46.977916100753234], [8.97173481072712, 46.977995099839596], [8.97211514530142, 46.97795794742862], [8.972347649481744, 46.97813344181611], [8.973169294060359, 46.978319355110536], [8.974343618273746, 46.97843643463853], [8.974827676055243, 46.97875050454056], [8.975515556625579, 46.978938194585545], [8.977492685496895, 46.979282611651904], [8.978045231261163, 46.97965069702225], [8.977864375007496, 46.9798775316862], [8.977971289922738, 46.9801050716309], [8.977832942839662, 46.98088087732659], [8.978158854312225, 46.981045934131956], [8.978481094529828, 46.98108281956295], [8.978522682260586, 46.98113263188363], [8.978537125359662, 46.9816361979342], [8.97885350069297, 46.98193419214884], [8.978840525100399, 46.98218166185993], [8.978941126405505, 46.98242302263679], [8.978966460252972, 46.98260586729652], [8.97883203516479, 46.98281834469449], [8.978603687113308, 46.983022907073256], [8.97862167849835, 46.98318296658888], [8.979049329717578, 46.98409314323432], [8.979078058577235, 46.98439502947374], [8.979195376044013, 46.98475065170753], [8.979220861268134, 46.98517164866759], [8.979373019492417, 46.985577192149435], [8.97960836790242, 46.98584880335667], [8.980379783480263, 46.98614525647099], [8.98077604402066, 46.98619486694844], [8.981010829000805, 46.98621461326486], [8.98125262208376, 46.9867105261294], [8.982013461508455, 46.98710329173424], [8.982782935245526, 46.987331066433875], [8.983148564994506, 46.98771080588544], [8.983534478551901, 46.987865891204464], [8.983985520759905, 46.988189540398125], [8.98470216607419, 46.988440917812866], [8.984902018514, 46.988873285541004], [8.985669204049435, 46.9892521891238], [8.985748066339529, 46.98943429832204], [8.986193576203565, 46.98956566707085], [8.986949242330848, 46.990008844634374], [8.987443625228417, 46.99044181631318], [8.988724461358167, 46.99099236354016], [8.98868191144808, 46.99183559881852], [8.988889366285894, 46.9920663722866], [8.98898290914154, 46.992523080263844], [8.988863139305566, 46.992817536333774], [8.990361031899173, 46.99319594480537], [8.990781807756127, 46.99339632066781], [8.991022921311403, 46.99340221468047], [8.991161503759582, 46.9935652026878], [8.991562877617305, 46.99378873637924], [8.991972723523618, 46.993842719219245], [8.992568840617489, 46.99385753428179], [8.993037113981613, 46.99408016628715], [8.994546709428022, 46.99443520257478], [8.995302243923247, 46.994869165358416], [8.995251720903866, 46.99520415595395], [8.99535886268153, 46.99543626876813], [8.995715944826186, 46.99574739878834], [8.996114420042565, 46.99587022854798], [8.99603842480119, 46.996480322744866], [8.996420649939653, 46.99696515056413], [8.99697460587638, 46.99714080276757], [8.9974035940379, 46.99739143809661], [8.997424553382714, 46.997652178918194], [8.997877487996268, 46.99803527878591], [8.998349588158689, 46.998157095382986], [8.998661871319005, 46.99853754089831], [8.99867508232551, 46.99876175225189], [8.998488762199852, 46.999029909591435], [8.998650754882497, 46.999536032795824], [8.999599682485304, 47.00063137888104], [9.000643199166825, 47.001065942500766], [9.00129290564129, 47.00130896065674], [9.001438496420372, 47.001480990014414], [9.001830608670828, 47.001613043991156], [9.002172279786844, 47.001622119394895], [9.002594090303468, 47.0018545077504], [9.00299382336278, 47.00201848968733], [9.003260802025958, 47.002220927950624], [9.003557653183535, 47.002299310452635], [9.004067011653577, 47.00231983700909], [9.004413755350063, 47.002502863057686], [9.00487893819343, 47.002615580602026], [9.005389662649772, 47.0026818677929], [9.005744713423816, 47.00291973461244], [9.006064561467392, 47.00309854343621], [9.00669252764012, 47.00305331618316], [9.006701618795752, 47.00359358776815], [9.007256906688692, 47.004497323110066], [9.00777498728853, 47.0050443709243], [9.008781610819915, 47.00535572408732], [9.009123438023277, 47.00536937054602], [9.009640319752604, 47.00541724192995], [9.012278208446102, 47.00610918343838], [9.012850531787064, 47.006220413405764], [9.013168820600962, 47.00634427558538], [9.014008056503473, 47.00665333801206], [9.014419771025825, 47.00676674042182], [9.015478416938352, 47.00725139297951], [9.016196539778955, 47.00753920030271], [9.016520191472816, 47.007617186959365], [9.017171038907442, 47.00791505091448], [9.017279186951665, 47.00815629661093], [9.017187274620374, 47.00844607134332], [9.017229231105016, 47.00873401329429], [9.01716415477755, 47.00925239962641], [9.017317583735347, 47.00946095003279], [9.017595191157385, 47.009567036278995], [9.017844311687869, 47.00961397977612], [9.01809427041105, 47.00991737316074], [9.01866342079273, 47.01014766152711], [9.01908741000907, 47.010448665811715], [9.01943479752408, 47.010649957009754], [9.019641639519836, 47.01085318434655], [9.020420474699923, 47.01115384970227], [9.020932250261724, 47.011481108763576], [9.021077963845, 47.01165313639571], [9.021384270711783, 47.01182292883595], [9.021648706869383, 47.012162767865206], [9.021996472852134, 47.01214880595064], [9.022809193151268, 47.01246272357782], [9.023230830130267, 47.01245688949901], [9.024269233862347, 47.01270357930101], [9.024659447435146, 47.01276689231872], [9.025148964360273, 47.012792173149876], [9.025546426979295, 47.01287369193745], [9.026054338621984, 47.01306815856803], [9.026422241808143, 47.013282884865646], [9.02743908983544, 47.01347943717442], [9.02829915251862, 47.01358199887334], [9.028881815214275, 47.01381206416466], [9.029358593308206, 47.01408480066784], [9.030078861828077, 47.01398780331665], [9.030422797102245, 47.01407003764566], [9.03132227016218, 47.01392014490559], [9.032145483886431, 47.014133100300604], [9.032630232085362, 47.01422253228069], [9.0330069301372, 47.014505808326184], [9.033384326781302, 47.01458757161483], [9.033772784189846, 47.014815728796], [9.034709775555264, 47.015475882405234], [9.035434248296397, 47.01596954094996], [9.03561889256431, 47.01632418173516], [9.035851503899321, 47.01640880760558], [9.036379052041916, 47.016666224126695], [9.036102556881564, 47.017050170668725], [9.036133692423638, 47.01719628908437], [9.036729946780449, 47.0176551065025], [9.037051101944687, 47.017870455371586], [9.038380259152431, 47.01932657117048], [9.038624785147467, 47.01966663191233], [9.03883312874651, 47.01991560782052], [9.03972614530642, 47.02066794927146], [9.040029859572078, 47.02097054322938], [9.040314824778843, 47.02131920258005], [9.041121531522617, 47.022044715851024], [9.041296836064491, 47.02190999878088], [9.041584539424994, 47.02190138722952], [9.041962684958428, 47.02178161371072], [9.042927556655165, 47.02180016375585], [9.043393554329075, 47.02193102600572], [9.043896002552785, 47.02193771990512], [9.04470668398223, 47.02217366506754], [9.044855891481237, 47.022235696581404], [9.045284698818737, 47.02224341618847], [9.045588408322713, 47.02232159604629], [9.0459585082168, 47.02238051882233], [9.046379275636484, 47.02256695796068], [9.046588163298068, 47.022609809940896], [9.047078782523457, 47.02289143676514], [9.047532644669428, 47.023063672858385], [9.047720905094558, 47.02308849515478], [9.047904259101372, 47.0231729471098], [9.04820113681197, 47.023246623072744], [9.048479309704963, 47.02336636645561], [9.049035195066072, 47.023367713109074], [9.04907539486567, 47.023591546326855], [9.049464946800517, 47.02385169289455], [9.049896944647871, 47.0239646880791], [9.050236552980369, 47.02390038319478], [9.051253641841345, 47.02387232177516], [9.051630988633773, 47.02394944080481], [9.052223165608448, 47.02409611476994], [9.05266335608293, 47.02418198020623], [9.05282590586822, 47.023990915890224], [9.053022675468808, 47.02381780387727], [9.053500543954776, 47.0235900748909], [9.053687169072685, 47.02352759674086], [9.053879139432542, 47.02341899466901], [9.05414940475875, 47.02345201541548], [9.054357892631735, 47.02344447045276], [9.054587094874503, 47.02345504928628], [9.055009540907204, 47.023398447252475], [9.055389433529697, 47.02349435568846], [9.055679073498748, 47.02349947065181], [9.055946115946046, 47.02364762287774], [9.056198030087689, 47.02374074880608], [9.056494414635207, 47.02374577753053], [9.056703709242008, 47.02376582826757], [9.056979617819325, 47.02376193369416], [9.057296746278045, 47.0237850945479], [9.057853284690532, 47.023933753760396], [9.058590028126114, 47.024029223978346], [9.059135399036858, 47.02403070436516], [9.059184601775687, 47.02409905745279], [9.059501567369809, 47.02411759899221], [9.059573460068572, 47.0241417103296], [9.059736391004385, 47.024264453922605], [9.059861854874656, 47.024421249595655], [9.060485759432193, 47.02474622840912], [9.060695058703473, 47.02481409133902], [9.060860964837152, 47.024796593558925], [9.06131447847577, 47.024864698203515], [9.061547120679668, 47.02493170792431], [9.062628987247578, 47.025381812183795], [9.063313734642053, 47.025455191918795], [9.06392228554461, 47.02585935671002], [9.064158985413997, 47.02595754131142], [9.064249473807326, 47.025995080484805], [9.068233119322635, 47.02764752190329], [9.068601991526593, 47.02780901758219], [9.069355479634082, 47.028147131555265], [9.069874096436294, 47.02837043043847], [9.070319724384984, 47.02857364005886], [9.071030152921317, 47.02887599816256], [9.071526980205915, 47.02908033438167], [9.071410177583402, 47.02923687056232], [9.071008797592441, 47.02946631851952], [9.071289873729613, 47.02947295294286], [9.071778581392008, 47.029470792045494], [9.072351521170146, 47.029394994230195], [9.07312151291406, 47.02880313434766], [9.073206985332547, 47.028846244642565], [9.073311956551466, 47.028823246132035], [9.073616247484331, 47.02870796707491], [9.073911323495942, 47.0287639059794], [9.073962281538302, 47.02900763707468], [9.074676097129007, 47.02919281969196], [9.07471844052159, 47.02951032249908], [9.074790089486484, 47.02951082174005], [9.074870823740254, 47.02958874487634], [9.074944337881597, 47.029627966881094], [9.07501954046208, 47.02968285528252], [9.07504176508004, 47.0297333349906], [9.075141399678962, 47.02975792413168], [9.075230692141927, 47.029758368880096], [9.075309309666174, 47.029753522628035], [9.07547983543597, 47.02975378853565], [9.07553812264479, 47.0297256331345], [9.07570788389539, 47.02983494360008], [9.075880152583382, 47.029865143926706], [9.07591174426321, 47.029794382405974], [9.075992617563905, 47.029714703206544], [9.076022247566963, 47.02969910258585], [9.076125172547652, 47.02969956800318], [9.076177642007677, 47.02969464439458], [9.07622826293181, 47.0296852036231], [9.076430765232745, 47.0296376968816], [9.076522129499104, 47.0296120645023], [9.076584309077338, 47.02958729880242], [9.076690251486863, 47.02955215523744], [9.076761024006485, 47.029509749639175], [9.076801455728681, 47.02945233827326], [9.076861955662714, 47.02932779253844], [9.077125679194, 47.02936907913003], [9.07704478674171, 47.02947128033941], [9.076941491508922, 47.02962535477161], [9.076935350074086, 47.02972971765366], [9.07706063029305, 47.030018324868436], [9.07719324375756, 47.03013734098337], [9.077253075659158, 47.03022220130284], [9.077315999275914, 47.03019727881803], [9.077369607923714, 47.030236954309785], [9.07738741365148, 47.030372698369916], [9.077372512903835, 47.030539616671305], [9.07733491571676, 47.03070401619062], [9.077264477598288, 47.03084226195551], [9.077285574501277, 47.0309000991615], [9.077307572216558, 47.03093530508275], [9.077376939407303, 47.031003195266926], [9.077561564951463, 47.031096150265576], [9.077611405887243, 47.031053395275705], [9.077842605432055, 47.03073748236994], [9.07783634709059, 47.030394498527954], [9.07775801354859, 47.03009090728383], [9.077607785198234, 47.02978648980572], [9.077889447043955, 47.02948067902082], [9.078832833187136, 47.0289685001777], [9.079192431552881, 47.02880119629423], [9.079666806473853, 47.02870533216344], [9.081696689924419, 47.02823827607484], [9.08219497442286, 47.02800793148556], [9.082278607429895, 47.02796461824913], [9.082392013879963, 47.02788901987353], [9.082451682291502, 47.02784085857413], [9.082506360440146, 47.02778314197964], [9.082556892456665, 47.027711215503935], [9.082598580741518, 47.02762035097754], [9.082627557478384, 47.027532025911405], [9.082642308490533, 47.0274539362963], [9.082648280808884, 47.027368037189], [9.08264356108458, 47.027259555809124], [9.08262705422349, 47.02715972756994], [9.082600046588663, 47.02706458440909], [9.082567008453001, 47.0269997843949], [9.082148913269533, 47.0264153907485], [9.081232753313596, 47.025590269904626], [9.080910685983197, 47.025205526339455], [9.080833716057914, 47.024882762634086], [9.08094237314055, 47.02421687626373], [9.080957879697559, 47.02418747692424], [9.080980295047569, 47.024160272909846], [9.081009008853496, 47.0241359567268], [9.081043214612547, 47.02411525967258], [9.082679031814763, 47.02343507108344], [9.082912108823532, 47.02330820115147], [9.083116638937659, 47.02319047622579], [9.083256825313917, 47.02301117087206], [9.083402337393116, 47.022466653687566], [9.083367112688524, 47.02152420722723], [9.083661572494771, 47.02047213625632], [9.084139076901025, 47.019470466998435], [9.084586772699751, 47.01821860157819], [9.084692493143573, 47.01796702965828], [9.084876954723022, 47.01779543584099], [9.085548504755273, 47.01735775186201], [9.085938977005666, 47.017128477904286], [9.085991956964916, 47.01707377068933], [9.086023001462744, 47.01701630174938], [9.086034709239456, 47.01695117491054], [9.086024985601162, 47.016890278586956], [9.086506749599353, 47.01682249281374], [9.086741411066189, 47.016689303535195], [9.086835696392585, 47.0166452761351], [9.08696251475016, 47.01645700739059], [9.087046108209995, 47.01640711423263], [9.08715596008861, 47.01640735283244], [9.087291066789017, 47.01647170145447], [9.0874350370743, 47.016587296081624], [9.087452959928138, 47.01659218485225], [9.08756148041813, 47.01657519510558], [9.087561691113372, 47.01660087877151], [9.0875150695977, 47.016678347971336], [9.087548446706451, 47.01672679421599], [9.087547183306654, 47.01674475254149], [9.087565026343736, 47.01679155082566], [9.087603360878195, 47.016864316951036], [9.08759955633586, 47.016927135354614], [9.087566065134643, 47.01700465872704], [9.087473752874422, 47.01711072082899], [9.087440724742931, 47.01718319929224], [9.087488701804947, 47.01722470610752], [9.087528565640529, 47.0173472219345], [9.087456298106824, 47.01742963938795], [9.087492778844393, 47.017481036981536], [9.0876626553546, 47.01751020169203], [9.087759174775321, 47.01754525228597], [9.0877956680668, 47.01761758579101], [9.087856226904726, 47.01766438161095], [9.087891752687725, 47.01775058485492], [9.087970800732805, 47.01777489186502], [9.088100051441467, 47.017735929410335], [9.088288464884629, 47.017736000017464], [9.088446392283343, 47.01776498480813], [9.088641453402305, 47.01783447072769], [9.088845068462955, 47.017965598728985], [9.089028008420382, 47.01802463236918], [9.08909951120435, 47.01805721685875], [9.089252587655901, 47.01803797343178], [9.089338197460238, 47.01803521217906], [9.089526151822781, 47.018070763081994], [9.089609139333747, 47.01803621711037], [9.089686450116234, 47.01804549599917], [9.089825540653532, 47.01803088928208], [9.089996503424262, 47.01809437701939], [9.090033836813515, 47.01809388473422], [9.090132109076723, 47.01815287648642], [9.090327851082794, 47.01818667639035], [9.09039650364109, 47.018178355570214], [9.090541670461478, 47.018198299115504], [9.090704424900597, 47.01818956776364], [9.090840042659648, 47.01828901162791], [9.091046335277802, 47.01835267253044], [9.091316093840968, 47.018524877589684], [9.091575110194993, 47.018682266033245], [9.091967575970532, 47.018824172492785], [9.092518566839942, 47.019072647887384], [9.092989343756429, 47.01923680577318], [9.092962828416189, 47.01910223172978], [9.0932068086043, 47.01907893099103], [9.093357479009686, 47.019058765386774], [9.09354884806011, 47.019078500031966], [9.093801811151216, 47.01904786246269], [9.09423330500448, 47.01913252906866], [9.094423785654262, 47.019123474974215], [9.094510736486269, 47.019042157147666], [9.09452634379232, 47.01895105415516], [9.094485989007326, 47.018879660657916], [9.094608455349617, 47.01875643472599], [9.094625521261372, 47.01858435362738], [9.095112481722918, 47.01867629973301], [9.096389755908941, 47.01862818993809], [9.097327444911476, 47.01866053848218], [9.097989569751872, 47.018588900084545], [9.098215517856831, 47.018620722861286], [9.098334977976123, 47.01873955632958], [9.098714415808159, 47.01918212224147], [9.099026369799489, 47.01948442702831], [9.099308876008447, 47.01981323094872], [9.0997989922478, 47.02021819470245], [9.100358380138745, 47.020608682430016], [9.101429526327747, 47.02048881131636], [9.101903509001783, 47.02024622143355], [9.102327828697893, 47.020098827721824], [9.10279789148561, 47.019941762177226], [9.1026834904198, 47.019308228468546], [9.102535892969339, 47.018664376131156], [9.10235476276141, 47.01821174781719], [9.102349178963056, 47.01765039999022], [9.102013464840653, 47.0172189084909], [9.10173325251015, 47.016751525289195], [9.101813205153443, 47.01631850782337], [9.102273249864808, 47.0164333013695], [9.102522860959281, 47.01646478213695], [9.102722368145532, 47.01645019397286], [9.103526494084871, 47.016376452222126], [9.104593066306641, 47.01619724856692], [9.105797454572699, 47.01617707326164], [9.10649761647962, 47.015932988557296], [9.106708374679076, 47.01585129284959], [9.107512779516135, 47.015539468117126], [9.108277230111314, 47.01516397239422], [9.108545176470878, 47.01506652393387], [9.108868206673248, 47.014879177355404], [9.109920197102161, 47.01431776087026], [9.110073885899508, 47.01411156599704], [9.110135924081153, 47.01402835020156], [9.110980070255051, 47.01399663852088], [9.111144485931437, 47.01401887643614], [9.111269376550645, 47.01403577021578], [9.11164137157204, 47.0141361053043], [9.11270122265325, 47.01462278760285], [9.11352002591641, 47.015258214733684], [9.113701432382259, 47.01535980549069], [9.11387505351637, 47.01559412801859], [9.113923416780347, 47.015789766103325], [9.113774928871974, 47.016435303136895], [9.114158864586186, 47.01706040413363], [9.11458011899246, 47.01717813232913], [9.11474171631379, 47.017602407548544], [9.115124295139282, 47.01829160421232], [9.115412575836181, 47.018453305611175], [9.115757397321826, 47.01894256932101], [9.116161117563353, 47.01924324264512], [9.116219331283487, 47.019514105291236], [9.116444945277943, 47.019870853916636], [9.116772590990028, 47.02011128578843], [9.117238498698821, 47.02030100604813], [9.117550117920613, 47.0204777439121], [9.117984606630072, 47.020636089958984], [9.118660216284777, 47.021201129363575], [9.119980114072455, 47.022052355134186], [9.12050157418306, 47.02261244229768], [9.121104648855752, 47.02317312019991], [9.121534311501492, 47.02353211816802], [9.122457840009508, 47.0237389929122], [9.12269557775926, 47.02427084414781], [9.122979165904649, 47.024712038682566], [9.122836146970538, 47.025183249416806], [9.12287668112944, 47.02566705228365], [9.122803366926245, 47.025830807662814], [9.122837767481514, 47.026090719154006], [9.122603719412991, 47.02624527190042], [9.122503604591023, 47.02633046590336], [9.122504315331835, 47.02642645457755], [9.12234985700909, 47.026488937158405], [9.122398391322655, 47.026609135684204], [9.122518473859781, 47.02668220355376], [9.122434329072831, 47.02690558540228], [9.122626303584997, 47.02701838180733], [9.122958960075596, 47.02697984180119], [9.123326330611397, 47.02713033457891], [9.123453188752412, 47.02736328965236], [9.12319188713811, 47.027507876197994], [9.123375387800333, 47.02765742263752], [9.123046160255184, 47.02785591998658], [9.12345883984618, 47.02789123121411], [9.123688418394957, 47.028023862410016], [9.123819237506384, 47.02835044848937], [9.124102132667058, 47.02839973539601], [9.124212718649902, 47.02856442323284], [9.12394042713326, 47.028686376103735], [9.123920243816206, 47.02876221246747], [9.124142963050124, 47.02889040791711], [9.124372420843706, 47.028931097723984], [9.125192833421721, 47.03142080858172], [9.125474991182962, 47.0315318333031], [9.125685332451813, 47.03168312319829], [9.12574539466934, 47.03207512114416], [9.125815499675447, 47.03215145690451], [9.12614983735944, 47.03215171956136], [9.126483730425948, 47.03222056654579], [9.12686435976706, 47.032603950120006], [9.12721427703454, 47.032814211026206], [9.127436701572647, 47.033344227441084], [9.12826258389, 47.03387011558091], [9.129096476992167, 47.034774651284565], [9.129444423586902, 47.03570795528926], [9.129925092544637, 47.03642782095397], [9.130948711923702, 47.03721343785114], [9.133884709394584, 47.038462920872455], [9.13410888895562, 47.039955828868116], [9.138068567748155, 47.039132456998864], [9.148605408910136, 47.033901761302744], [9.156300157859693, 47.03018161904644], [9.156855370420656, 47.029986810798775], [9.157162993773742, 47.03034251263896], [9.157408638089336, 47.03055964205695], [9.157948821991528, 47.030624535858166], [9.15902173044024, 47.03007275908812], [9.15961059479626, 47.03006654930588], [9.160292808568146, 47.029907081288265], [9.160507058772506, 47.02959883650977], [9.161496844809855, 47.02916416095146], [9.161906160436597, 47.02907476217884], [9.162557342693844, 47.02883029642109], [9.162754638119052, 47.02871031441746], [9.163189635563189, 47.02854979724627], [9.163615187246508, 47.02842621971496], [9.164189416841879, 47.02812815280976], [9.164274741286464, 47.02784282985219], [9.164310878680299, 47.02772602436146], [9.164361996926386, 47.02761186469354], [9.16442767653426, 47.02750124688207], [9.164507391693872, 47.027395015250356], [9.164758642624559, 47.02732863621796], [9.16515298072116, 47.027371280165816], [9.165455597315905, 47.0272725722341], [9.16551843206443, 47.02717627446076], [9.165575752706458, 47.027078349120515], [9.165627400208544, 47.02697899396442], [9.165673320376483, 47.02687832086891], [9.165873235227183, 47.02688830453629], [9.166073548437536, 47.02689307297768], [9.166273970240523, 47.02689262146263], [9.166474222474351, 47.02688695206821], [9.166799738517973, 47.02685106385361], [9.167022558733013, 47.026879773589776], [9.167073439879085, 47.0268793489814], [9.167123595645476, 47.02687356393518], [9.167171859563188, 47.026862561958716], [9.167217068703826, 47.02684659454107], [9.167558839874854, 47.02671373895383], [9.167866815722164, 47.026661212769056], [9.168304452817855, 47.02657085968793], [9.169599598292507, 47.02662858365178], [9.170535326223836, 47.02694381357253], [9.171029504117065, 47.02713421098141], [9.171572331239888, 47.02726923139614], [9.172220409329979, 47.02755111346093], [9.17271266151168, 47.027922072765094], [9.173215689556155, 47.02816301852586], [9.173779776905144, 47.02838886991329], [9.174070163252686, 47.028530991741064], [9.174230521632628, 47.028554901296275], [9.174389399605134, 47.0285830621122], [9.17454654719416, 47.02861545180727], [9.174701735697656, 47.02865198141589], [9.175215494290985, 47.028805576088786], [9.17606492435288, 47.02799528076111], [9.176733407023606, 47.02757370678529], [9.176771306731869, 47.02754704933785], [9.176807566996313, 47.02751934579615], [9.17684209556524, 47.027490640737575], [9.176874884489882, 47.02746098337932], [9.176935581913245, 47.02739195400651], [9.176986992270386, 47.0273194710756], [9.177028735642498, 47.02724413484028], [9.177060447043138, 47.02716656755172], [9.17726345593763, 47.02693585928076], [9.177308830841664, 47.02689019404663], [9.17736518054311, 47.02685066026509], [9.177430754959586, 47.026818454770535], [9.177503560153736, 47.02679458802965], [9.177693808357313, 47.026743415004596], [9.178308328974095, 47.02643255203832], [9.178367935222644, 47.02638795785688], [9.178433138350488, 47.026347182937585], [9.178503410785815, 47.0263105604131], [9.17857818283454, 47.026278386413466], [9.179640229177897, 47.02612841368147], [9.180527358307728, 47.02592028498727], [9.180754250323034, 47.026061402792166], [9.180810256306078, 47.026090403834395], [9.180872049803604, 47.02611323599934], [9.180938216553232, 47.026129377975884], [9.181007193338692, 47.02613845059752], [9.181125869813162, 47.02616061342104], [9.181242908182805, 47.026186546638684], [9.1813580393437, 47.026216178239615], [9.181471013833443, 47.02624946906505], [9.182307283044855, 47.02654826856058], [9.1828434163669, 47.02671919617551], [9.18359541782625, 47.027010357674044], [9.183829357349262, 47.02714555414293], [9.184042242679128, 47.02729847097024], [9.18419749802397, 47.02733093647263], [9.184247063982438, 47.02734629594458], [9.184290964676556, 47.0273682920304], [9.184327300201518, 47.02739598976452], [9.184354520272986, 47.027428217288744], [9.18438605797647, 47.02747139252701], [9.18443034752428, 47.027508983353975], [9.184485346408728, 47.02753924951551], [9.184548508845442, 47.02756079002817], [9.18495712438353, 47.027666318179655], [9.185094707922588, 47.02769312019545], [9.18515993915479, 47.02771644305835], [9.185218908056854, 47.027746576386924], [9.185270101175398, 47.02778274976838], [9.185312186067502, 47.027824056492086], [9.185533058266715, 47.02803053388167], [9.185631474177999, 47.028092528149635], [9.185733443095598, 47.02815172305931], [9.185838886071252, 47.028208041681594], [9.185947574277824, 47.02826137763371], [9.186815524764235, 47.028533573739125], [9.186920137620046, 47.02865076128493], [9.186926526769723, 47.02869458838092], [9.186950425884627, 47.02873546753146], [9.186989915691658, 47.02877024231428], [9.18704196042783, 47.02879617105962], [9.187102479767766, 47.02881122750791], [9.187491524547363, 47.028924743253214], [9.187667087399653, 47.028934122311796], [9.188044292873487, 47.02902141125632], [9.188296766424271, 47.029068708226646], [9.18840489010435, 47.0291829322423], [9.188664101797372, 47.029248707533384], [9.188752148550648, 47.02927944843044], [9.188832451300673, 47.029318863320206], [9.188903218684318, 47.029366062837695], [9.188962821238324, 47.02941997171084], [9.189194472305358, 47.029671709483836], [9.189364781639739, 47.02975182279396], [9.189563109185437, 47.02988681537472], [9.18960211521252, 47.02991390557692], [9.189648563620233, 47.02993479935842], [9.189700411037247, 47.02994855688229], [9.189755334010497, 47.029954547722674], [9.18999755766125, 47.029986317219695], [9.19019096100803, 47.030167650689116], [9.190440795445891, 47.03035587268289], [9.191408704411261, 47.03084568788044], [9.191596412567241, 47.03085691534387], [9.191650990333418, 47.03101007192476], [9.191863094124702, 47.03115762479367], [9.192343160568885, 47.03129723926252], [9.192433581646458, 47.031315903073605], [9.19251767007219, 47.03134533436716], [9.192592736177854, 47.03138455795074], [9.192656303403204, 47.03143231498948], [9.192689451455527, 47.03146853505671], [9.19273053444279, 47.03150072900621], [9.192778538972428, 47.03152808468847], [9.192832257087034, 47.03154990869802], [9.19322453835031, 47.03168485331913], [9.19356178917888, 47.031769506960075], [9.193700812270697, 47.03185181129486], [9.194275396688132, 47.032014581928394], [9.194515136425297, 47.03210877614535], [9.194787317826114, 47.032181753053024], [9.19504695030558, 47.03269946076204], [9.195073023170437, 47.03273978262273], [9.19510612106089, 47.032777621865236], [9.195145725280701, 47.0328124105469], [9.195191279321005, 47.03284362648499], [9.19524130246781, 47.032868655913205], [9.195295281110118, 47.03288949512055], [9.19535250758395, 47.032905839765824], [9.195412119663509, 47.032917478210535], [9.195878764341417, 47.03302014491805], [9.196340785990142, 47.03314477765191], [9.196853959788857, 47.03321440601589], [9.197171425130524, 47.03335186548449], [9.197616553588716, 47.0335751111226], [9.19782548052438, 47.03370121658676], [9.198065526822367, 47.03377101687659], [9.198755270242845, 47.03390945115079], [9.198863417441483, 47.03397278930975], [9.19897600976634, 47.034032406896564], [9.19909273905807, 47.03408815500525], [9.199213351245458, 47.03413992021704], [9.199871037091789, 47.03440780292317], [9.199911948281631, 47.034424935953005], [9.199946774352545, 47.03444751584388], [9.199974008579352, 47.03447454015711], [9.199992440890048, 47.0345048306765], [9.200019095881878, 47.034527445975414], [9.200050738044826, 47.034546835884484], [9.20008652077546, 47.034562481987685], [9.200125523241931, 47.03457398491035], [9.200433382730372, 47.0346471576337], [9.200684480544652, 47.03473782873506], [9.201662165885834, 47.0351194223499], [9.202740127744638, 47.03485092639252], [9.203148842159928, 47.03485748017553], [9.203235663476535, 47.03485803411341], [9.203322451590624, 47.03485597927786], [9.203409008505064, 47.03485130061817], [9.203495191276053, 47.03484404562182], [9.203594338871014, 47.03483086857035], [9.203692346125607, 47.0348142272515], [9.203789004749545, 47.03479418797239], [9.203884052733097, 47.03477079063538], [9.204430688460597, 47.03466753992058], [9.204659096833018, 47.03476519833993], [9.204739337048844, 47.03477852020663], [9.204821263733567, 47.03478550023728], [9.204903821478053, 47.03478606453361], [9.204985942907957, 47.034780184051925], [9.205294523025897, 47.03472608000576], [9.205392849662067, 47.034932983777345], [9.205418722876146, 47.03496940053705], [9.205455833290719, 47.035000948760874], [9.205502336990042, 47.0350260093998], [9.205555850291448, 47.03504334119994], [9.205727013932627, 47.0350898464554], [9.205895667168953, 47.035140438665394], [9.206061648806314, 47.03519502121789], [9.206224721672406, 47.0352535539323], [9.206711851708121, 47.03559829302239], [9.206950823104615, 47.03564686599468], [9.207192339653512, 47.03568919139402], [9.207436004267805, 47.03572524667821], [9.2076814868165, 47.035754957542075], [9.20783478098907, 47.035762265583195], [9.20798841827254, 47.03576519607849], [9.20814208218863, 47.035763744407376], [9.208295522695007, 47.03575791433006], [9.208976078568842, 47.03572915417037], [9.209186115815003, 47.03562512512667], [9.20967600850426, 47.03524227827578], [9.209662624446084, 47.03505580744959], [9.209797131046619, 47.034992378483636], [9.209933449861028, 47.03509580289554], [9.210102513970408, 47.03499494946923], [9.210293754804095, 47.03512712888484], [9.210532705605647, 47.035074319997825], [9.210661214936893, 47.03492899870563], [9.21137802473148, 47.03485166821707], [9.21143417986259, 47.034842954730955], [9.211482928152428, 47.034821966458665], [9.211518729819847, 47.03479111031396], [9.211537528879079, 47.034753885996004], [9.211830225008812, 47.03443565209813], [9.211891877432379, 47.03437393053511], [9.211966410707236, 47.034319262919226], [9.212052153558066, 47.034272896728375], [9.212147114937704, 47.03423588909155], [9.21224916504619, 47.034209091907165], [9.21235595452682, 47.034193090332586], [9.212607483333185, 47.03418086204147], [9.212619634185511, 47.033760524735044], [9.212679692132783, 47.03368595604399], [9.212861593328665, 47.03355658380213], [9.213775843831922, 47.03331406959861], [9.213948190759337, 47.033301974336226], [9.214047088277319, 47.033281774889936], [9.214141277592763, 47.03325292952234], [9.214229157494294, 47.033215940814195], [9.214309219681383, 47.03317139753683], [9.214380097386648, 47.033120113988595], [9.214407720714336, 47.033100666581895], [9.214438853589572, 47.033083890601716], [9.214473021137982, 47.033070127129385], [9.214509559474328, 47.033059610783845], [9.215291819583271, 47.03289104291814], [9.215466767541685, 47.03286691277125], [9.215642974686801, 47.03284744098924], [9.215820139370718, 47.03283264180913], [9.215998012830287, 47.03282255496336], [9.216085585772214, 47.03282003836407], [9.216172728820673, 47.03282639065484], [9.216257555283889, 47.03284146120548], [9.21633818210027, 47.03286493284736], [9.216412880166661, 47.03289629672491], [9.21647939659894, 47.03291915436399], [9.216549956253283, 47.03293535445806], [9.216623180681582, 47.03294460334746], [9.21669754942379, 47.0329466905424], [9.217056539098587, 47.032964799941176], [9.217157345316453, 47.032984689483975], [9.217253408137136, 47.0330135585279], [9.217343012851575, 47.03305085899163], [9.217424598835658, 47.03309595828554], [9.217496618662885, 47.03312482141083], [9.217575388224752, 47.033143727808216], [9.217658002389255, 47.03315197588579], [9.217741384417051, 47.033149261967395], [9.21782247223189, 47.03313569706564], [9.218268042303322, 47.03304486708217], [9.218764908413188, 47.03295315448429], [9.218837846040099, 47.03293947239807], [9.218912709478172, 47.03293227429943], [9.218988313333083, 47.03293162878578], [9.219063432480418, 47.03293761046726], [9.220019261753828, 47.03311126471265], [9.22063810169918, 47.03282443863156], [9.220911155681764, 47.032688491048745], [9.221038291315018, 47.032635878712895], [9.221137785626103, 47.032603661146204], [9.221218922385313, 47.03258411794296], [9.221308810447033, 47.03256815431804], [9.221397847713828, 47.03255785482196], [9.2214760211592, 47.03255367135307], [9.221544636229881, 47.03255370322231], [9.221944757319081, 47.03258158528309], [9.222575527558812, 47.03176470094555], [9.22259605680327, 47.03174731383923], [9.222677135560236, 47.03168696567661], [9.22279424594274, 47.03161478412327], [9.222930238306688, 47.031538171621136], [9.22304774328736, 47.03147903077675], [9.22325413291648, 47.03139121060976], [9.223933299073408, 47.03114259705009], [9.22409128842707, 47.03106592823483], [9.224224975570047, 47.030981880336384], [9.224329276448149, 47.030899360555345], [9.224426671872218, 47.03080228382685], [9.22474671570856, 47.030380380606296], [9.225032146813652, 47.03007233430284], [9.225166541303723, 47.02993301203135], [9.225388116869079, 47.029765754603986], [9.225785863025267, 47.029610804997546], [9.22615528828754, 47.02945814168587], [9.22633424494477, 47.029379892694735], [9.226555056826045, 47.02927828208211], [9.226730302576515, 47.029191802658815], [9.227009948846684, 47.02903388553278], [9.227139453577484, 47.028966725537664], [9.227269665720314, 47.02890854320505], [9.227450033563356, 47.02883838593509], [9.227538024891222, 47.028797749123406], [9.227627448883302, 47.02874881993366], [9.227704456180199, 47.02869844754076], [9.227873297521322, 47.02856248209489], [9.22796794588738, 47.028493039525834], [9.228148881146943, 47.02838911295048], [9.228209362349737, 47.028332853910186], [9.228233918667177, 47.028297831044455], [9.228249619786302, 47.028265591234536], [9.2282620084212, 47.02821966370235], [9.228278374555007, 47.02806779204877], [9.228277253818595, 47.02795219277979], [9.228263259601276, 47.02784709657145], [9.22818822091348, 47.02759598102694], [9.228346303904564, 47.027166491717786], [9.228396456169055, 47.02706064556399], [9.22845569078785, 47.02696829810385], [9.22852935616756, 47.026880944931094], [9.228619673039375, 47.026798110246446], [9.228710205250666, 47.026733563788305], [9.228828636820143, 47.026665647051594], [9.228917533431726, 47.02662150459408], [9.228980926566507, 47.02659814873029], [9.229341462723033, 47.026509989701886], [9.229482284183062, 47.02642771596264], [9.22955094421419, 47.026369034213594], [9.229627705571056, 47.02627830380442], [9.229683446584371, 47.026220084776064], [9.229814569004382, 47.02610590367571], [9.229861567176481, 47.02605973350661], [9.230048609157562, 47.025817835757714], [9.230284682830293, 47.02579524506736], [9.23044513405353, 47.025674872197115], [9.23056120301682, 47.02563562016271], [9.230799214133837, 47.02556593163942], [9.2312296518104, 47.02546302184862], [9.231554978488106, 47.02537372904947], [9.232064592666552, 47.0252222973453], [9.232436194684826, 47.025095721342396], [9.232666153958181, 47.02500572226199], [9.233155398657782, 47.024798208278796], [9.233673220308388, 47.02458445153111], [9.233846883347985, 47.02450297884144], [9.234448279843669, 47.02420050147945], [9.234817253613441, 47.024143836389584], [9.234954953386683, 47.024129093327794], [9.235174820720514, 47.02409941363131], [9.235357919013287, 47.02406987051553], [9.235445907696006, 47.024060187847276], [9.235593510741626, 47.024054358348565], [9.235859737992884, 47.02405898910526], [9.2360251486727, 47.024069322221344], [9.236124045170689, 47.024064758459524], [9.23619278273881, 47.024053399624194], [9.236249812759484, 47.02403704074562], [9.236307362981579, 47.024012269619746], [9.236357829296063, 47.02398109420712], [9.236502054256205, 47.02299331265843], [9.23650044252866, 47.0229660394961], [9.236491342714661, 47.022935968569776], [9.236477002937738, 47.02291050549886], [9.236431049047129, 47.022850969759084], [9.236412526371671, 47.02279451361788], [9.23640799956627, 47.022575856721375], [9.236422652943842, 47.022372789690806], [9.236454285367687, 47.02220335615899], [9.23665211275653, 47.02179204866555], [9.23670065523924, 47.02174711908633], [9.236759591130967, 47.02170845089266], [9.23694311551441, 47.02162407404509], [9.237177334122189, 47.02150089682252], [9.237608421218237, 47.02126605039782], [9.237714096668714, 47.02120253465536], [9.237819309376222, 47.02112718568665], [9.237912823928383, 47.02104552367384], [9.23808396492962, 47.02085647389162], [9.238352984382031, 47.02058254524767], [9.238523409585774, 47.02050513831389], [9.238617915300754, 47.020471480303435], [9.238827453644715, 47.02037565231868], [9.238875797116059, 47.020347234948595], [9.238918226983149, 47.02030961599225], [9.238946718509375, 47.02027262054876], [9.238966999876567, 47.020235610076625], [9.238979690303342, 47.02019704517016], [9.23898452490135, 47.02015765004669], [9.238980593106463, 47.02011381306747], [9.238950322178729, 47.019990824231904], [9.23893138089812, 47.0199474474481], [9.238889687779077, 47.019881205354146], [9.238874194153581, 47.01982647381557], [9.238874831146674, 47.0197905817011], [9.238886164306903, 47.01974215005757], [9.238904412051241, 47.01969980957506], [9.238930035484643, 47.019659287468556], [9.23897072371825, 47.01961017007978], [9.239011412768518, 47.01956969932681], [9.239150948533137, 47.01945800883505], [9.239274964774333, 47.019371565667555], [9.239534329837923, 47.019206310705684], [9.239714520448043, 47.01907594095484], [9.239808417925705, 47.01899137417774], [9.239891098430054, 47.018895232340505], [9.239935854732632, 47.01882821784312], [9.239994294248696, 47.01871737691358], [9.24004431588677, 47.0186371518319], [9.24023976377308, 47.0183661538662], [9.24029061205453, 47.018302714386955], [9.240127086642252, 47.01805605388941], [9.24047054095719, 47.01782392265943], [9.241067519375203, 47.017775842599065], [9.241853207239268, 47.016493034602526], [9.241836191112538, 47.01626116809844], [9.241980601344565, 47.01610858643207], [9.242081922810442, 47.01601616398849], [9.24223468976663, 47.015839462961864], [9.24228712466006, 47.01576855733112], [9.24232126255816, 47.015711804589074], [9.242335857119484, 47.015669701004036], [9.242347725980721, 47.01560013507909], [9.242372515663495, 47.01555137489619], [9.242452718979955, 47.0154604626415], [9.242573390585877, 47.015362579928244], [9.242616400159035, 47.01532125295954], [9.242662804297188, 47.01526156254355], [9.242700843237817, 47.01519096401841], [9.242772266687693, 47.01503264579568], [9.242822475855824, 47.01489208948024], [9.242843750092895, 47.014772853544606], [9.242843723010129, 47.014652755695494], [9.242780705724758, 47.01431661313592], [9.242742185196342, 47.01420857500537], [9.242592585218677, 47.01384315807338], [9.242440747894204, 47.013400543271615], [9.24231609870034, 47.012977253170654], [9.242289885689347, 47.01286275839202], [9.242270810543898, 47.01274849344655], [9.242242796197061, 47.01247471986844], [9.242241530326083, 47.01236661808145], [9.242247843391123, 47.01225857687722], [9.2423018935686, 47.011762320603445], [9.242414970987639, 47.01133045406203], [9.242403392217309, 47.01093875120182], [9.242368471847815, 47.01073188288237], [9.24233222044576, 47.01057579906351], [9.24230996945531, 47.010537235164925], [9.242252871932465, 47.0104688892489], [9.242229872898287, 47.01042176264835], [9.242210731498874, 47.010328949574664], [9.242205474810058, 47.010234775682534], [9.242214119552473, 47.010124097663045], [9.24224414207586, 47.009959116282744], [9.242357848747224, 47.009513942956026], [9.242406549576756, 47.00926290396867], [9.242406439430411, 47.00921306880735], [9.242384684740136, 47.00903470375377], [9.242338709597076, 47.008749388998154], [9.242455507388659, 47.00853557112337], [9.242535839783931, 47.00842064241106], [9.24257348798998, 47.008378850991356], [9.242617364667034, 47.00834000269246], [9.242709196810168, 47.00827955318448], [9.24286210531255, 47.00815900216851], [9.242889395482173, 47.00809944156053], [9.242907264129954, 47.00803821170537], [9.242916066661575, 47.007951059227786], [9.242904223925787, 47.0076825734725], [9.24289485472426, 47.007623391725446], [9.242877132444468, 47.00755753937747], [9.242825295172105, 47.0072598388415], [9.243068002270867, 47.00703032638769], [9.243102300343926, 47.00698478159946], [9.243125842943122, 47.00693779532843], [9.243149143251088, 47.006869920661714], [9.243165008343793, 47.00679880709944], [9.243177948582792, 47.00662974938314], [9.243192848826137, 47.00654166452307], [9.243224201691506, 47.006434371615], [9.243333157235734, 47.0061455505025], [9.243337802320298, 47.006110818758486], [9.243329594792696, 47.006069370538484], [9.243330346466754, 47.00603538512326], [9.243338650175764, 47.0059975645006], [9.243354635682087, 47.005960927685415], [9.243549039565776, 47.00575999600678], [9.243705580218482, 47.00567652779721], [9.243813808890401, 47.00561219288], [9.243862296775822, 47.005576006853936], [9.243940836557544, 47.005497492749534], [9.244052012273206, 47.00535891854249], [9.244130548073018, 47.00527761340373], [9.244184446126182, 47.00523532255005], [9.244296786358344, 47.00518651473389], [9.244357736314551, 47.00514546233654], [9.244405779797239, 47.00510154600688], [9.244480009843071, 47.00501697141492], [9.244568450648178, 47.004926333159204], [9.244722645401003, 47.003846705161095], [9.244749513194634, 47.003729439238526], [9.244769070695284, 47.00368646460474], [9.244795452169631, 47.00364576695569], [9.244830190596142, 47.00360756500365], [9.24486850427205, 47.003576720690944], [9.244924943857379, 47.003541632007156], [9.244989686768877, 47.003508238676396], [9.24511946461352, 47.00345639178745], [9.245281114752274, 47.00340972965466], [9.245355936591663, 47.00338388831276], [9.245434800877545, 47.003349984479165], [9.24552362733774, 47.003303758957834], [9.245623447942721, 47.00324381935539], [9.24571370071185, 47.0031813670552], [9.24581063565102, 47.00310529444861], [9.245882880980842, 47.0030396969712], [9.245968790063221, 47.00294086354315], [9.24607444693321, 47.002789506594134], [9.24614378741438, 47.00266970043407], [9.246249847770898, 47.002459312814985], [9.246329343488254, 47.0023286398779], [9.246377376334332, 47.00226698779879], [9.24647414464713, 47.00216610343597], [9.246524062630769, 47.002097952459415], [9.246586928566382, 47.00198236086528], [9.24666859026341, 47.001791083488364], [9.246741314682167, 47.00166869678727], [9.246829528175136, 47.001546200787686], [9.247067017050618, 47.00124846581583], [9.247263582018489, 47.00097670356481], [9.24735057316696, 47.00087731415165], [9.247448891684776, 47.00079366204098], [9.247534935170256, 47.000733308568556], [9.24761480185463, 47.000685577058285], [9.247849860914888, 47.00057234316835], [9.247985827340418, 47.000426949263684], [9.248153117456265, 47.00029161471518], [9.248220590115098, 47.0002008808862], [9.24860279909201, 46.99932758577901], [9.249682946392843, 46.99795576508859], [9.249731550659739, 46.997820854394554], [9.249740547448909, 46.997214499984985], [9.249504898335394, 46.996182532184676], [9.249513824536631, 46.99602221956556], [9.249882347407093, 46.995212125048894], [9.247539747106686, 46.99464435829106], [9.246873817421626, 46.993389982623306], [9.246320465334204, 46.99307774652033], [9.246189763375627, 46.99293317382985], [9.245907631495157, 46.99249240270187], [9.24582519505233, 46.992377615082], [9.245584257215661, 46.99220009380204], [9.24555928128822, 46.99219643864926], [9.245374769873818, 46.99156782619462], [9.245472235159363, 46.991199620765286], [9.245273335707681, 46.9909925647711], [9.24575156073197, 46.99068663390886], [9.24571853934634, 46.99004005972208], [9.245871396753314, 46.989849036278706], [9.245899996357531, 46.98964594533505], [9.245790474536099, 46.98921384304096], [9.245818388742784, 46.988824364175585], [9.24574488289098, 46.98858357549119], [9.245973335756792, 46.98822841411771], [9.246280700086283, 46.98794923497964], [9.246495348564205, 46.98782656979743], [9.246600668625899, 46.98772352421979], [9.24657717399025, 46.98703214455014], [9.246157211787308, 46.98626397920779], [9.246033045785364, 46.986012341037764], [9.245976572741426, 46.98579594266399], [9.245982935141068, 46.98547880735945], [9.245714990269423, 46.98548430725053], [9.245458682867268, 46.98533401969872], [9.245292089377646, 46.98517253664419], [9.245205614522197, 46.98504355458525], [9.24519020058911, 46.98477685589462], [9.24520544687771, 46.98456576747166], [9.245095109144803, 46.98411658283253], [9.244912668340243, 46.983627864405086], [9.2442588587554, 46.9832390355256], [9.244025781000683, 46.98241847886188], [9.243637499450363, 46.982375196091944], [9.243754767322217, 46.98169523102552], [9.243861008771407, 46.9814856533566], [9.243899699377526, 46.981294854318136], [9.243938312530783, 46.980874146868736], [9.24416624798736, 46.980559040784556], [9.244438355707885, 46.98042406456], [9.244711410244191, 46.980012584376496], [9.245333808888766, 46.9794394384526], [9.246399067808607, 46.978899113717205], [9.246543235888518, 46.97874468179408], [9.246568775085443, 46.97846039754036], [9.246557250814254, 46.9782685087169], [9.246398508784335, 46.97787771298826], [9.246392156611098, 46.97779483937493], [9.246456572283334, 46.97734786924693], [9.246679369963523, 46.9760877376591], [9.246806770846137, 46.97563857220792], [9.246779899701155, 46.9754401979561], [9.246023509780995, 46.97400750300436], [9.246047500375731, 46.97360596126567], [9.245157853237647, 46.973201847263084], [9.245073305254747, 46.97168255892931], [9.245011668183096, 46.97158910261155], [9.244052662558957, 46.97116720219221], [9.24396170603958, 46.96982587340851], [9.243886707602735, 46.969200371273736], [9.243501283791922, 46.968721205640826], [9.243388484989886, 46.96805248190618], [9.24323484252147, 46.96782512267851], [9.2431788986627, 46.967613719468666], [9.243285297909756, 46.96740757841602], [9.243004532379755, 46.96704714351627], [9.24296142509574, 46.96685829081918], [9.242942262197458, 46.9663531891057], [9.242811187373857, 46.96617562946426], [9.242744490760595, 46.96578603927183], [9.242765509541604, 46.96567459926707], [9.242896317641451, 46.96519447413891], [9.243295721033096, 46.964408739157854], [9.243354379869094, 46.96425355274607], [9.243390243656833, 46.9640399446394], [9.243950528976116, 46.96287696826828], [9.2441096890539, 46.96265695667832], [9.244425208758889, 46.96232681943715], [9.244562713128195, 46.96174931163169], [9.244581153035725, 46.961489229718225], [9.244974569082013, 46.96117895524894], [9.245118642907139, 46.960991343523496], [9.245867627929679, 46.95976317124384], [9.245924163842037, 46.95962684996029], [9.246085330349906, 46.9589904483603], [9.246072729716209, 46.958744836914036], [9.246027822030703, 46.95858578618401], [9.245800215473395, 46.958186333468944], [9.244950291621313, 46.957020619148494], [9.244711801184337, 46.95646513764183], [9.243385165403241, 46.95604475318831], [9.240445469716812, 46.95552967965056], [9.237545686343259, 46.95494379783381], [9.2370898634022, 46.9547403514102], [9.236758674130122, 46.9545639717085], [9.236661529808867, 46.953648775632644], [9.23656115703997, 46.95283232230771], [9.236641983606212, 46.95255682771432], [9.236731725620107, 46.95238753470059], [9.236912287600457, 46.95218835646459], [9.23680415694413, 46.95146104545083], [9.236979332418016, 46.95103914340418], [9.236997725945276, 46.95067099879042], [9.236867267521664, 46.95029247436261], [9.236688351697827, 46.949911243149685], [9.236674902210137, 46.94953898921483], [9.236690006507402, 46.949225705792415], [9.236834057374777, 46.949085334675516], [9.237113517968814, 46.94853277394206], [9.237153885695214, 46.94780555608557], [9.237132151412357, 46.94775407142722], [9.237065879059859, 46.94745039852839], [9.236609977931243, 46.94648718599115], [9.236409107680688, 46.94614970060052], [9.236290480650137, 46.94549179610973], [9.236307867353897, 46.94484761741042], [9.236603261786898, 46.944535903648294], [9.237705380438191, 46.9438328865553], [9.237722221945608, 46.9434693150254], [9.237877275179386, 46.94309797740169], [9.238199637191983, 46.94274244708912], [9.238209582233914, 46.94242468116394], [9.238507768006258, 46.942200879806485], [9.238636341453155, 46.94194192898988], [9.238795692518957, 46.94175903441154], [9.238910399424817, 46.94143057870276], [9.239783523130145, 46.940768673028515], [9.239334576737503, 46.94055027522682], [9.239302986537478, 46.940450810636946], [9.239327772234695, 46.94002026905749], [9.239361271852344, 46.93981411295064], [9.239201369319904, 46.93961489559473], [9.239137449532931, 46.93938330645722], [9.24028499685396, 46.939013192832206], [9.24052450146343, 46.938886238135765], [9.240865473894806, 46.9386457919934], [9.241272255624306, 46.9384283781864], [9.24225174148794, 46.938177280659914], [9.242685690035906, 46.93797658333495], [9.242935242127606, 46.93785062697474], [9.243462038724633, 46.937736514017985], [9.245170156710458, 46.93716261794406], [9.246058705535361, 46.936676349289975], [9.247661597425644, 46.93620453048304], [9.24786821384508, 46.93609291980278], [9.24795259822944, 46.93591456170642], [9.248821415494321, 46.935646790349885], [9.249445192283261, 46.935174745529935], [9.24983240218945, 46.93497357024276], [9.250263347872153, 46.93462664984827], [9.250323363229626, 46.934364111178446], [9.250449531838674, 46.9338743876693], [9.250673124086813, 46.93340719466536], [9.2506561115195, 46.933082960925155], [9.250861341894108, 46.9324058226537], [9.250906060524054, 46.9319253062154], [9.251339567462205, 46.931659456099105], [9.2513758221315, 46.93133215912502], [9.251464547493288, 46.931185741270625], [9.251332812241737, 46.930924931444885], [9.251358426377914, 46.93073489571278], [9.251338730700637, 46.93058782129821], [9.251450922351752, 46.93039305491052], [9.251262183469963, 46.93001771734668], [9.251465905034468, 46.92981701240335], [9.251466431866257, 46.929729027180144], [9.251264124070413, 46.929347036758124], [9.251437596018674, 46.92919021167792], [9.251479048543768, 46.92902621733208], [9.251808164435008, 46.928835060909215], [9.251944794979561, 46.92867417095709], [9.25197556270615, 46.928488651475], [9.251941879589085, 46.92811214327748], [9.252371199657041, 46.928030302627654], [9.252512556909448, 46.92791391702451], [9.252495818776273, 46.927441194729845], [9.252586031412587, 46.9270285261313], [9.252089732952966, 46.92610939943585], [9.25169481331988, 46.92559662841645], [9.251160285998896, 46.9252550373729], [9.250952000680375, 46.92489483523746], [9.250544863053552, 46.92462560197347], [9.250423521004153, 46.92442863434857], [9.25023343698542, 46.924167578230566], [9.250764233399057, 46.92371289223792], [9.251487149583568, 46.92295094198488], [9.251571076316836, 46.922658845767664], [9.251517714014714, 46.92208382186818], [9.251413973244308, 46.92186371601367], [9.251382195199662, 46.92160028076733], [9.249901131161794, 46.91970763259216], [9.249491949211754, 46.91895399435174], [9.249229962659088, 46.91805877391425], [9.249045865536168, 46.9177233394049], [9.248970493800398, 46.91724119702182], [9.248833088707922, 46.916801091208875], [9.248898469531687, 46.916268593446546], [9.248896318853214, 46.91620474420996], [9.248861771556495, 46.916075724514975], [9.248741907943606, 46.9159867435777], [9.247467002618182, 46.91532668223702], [9.246556308638146, 46.914992870091005], [9.245156690232436, 46.91460558145134], [9.244853448907776, 46.91449069757867], [9.244631389794808, 46.91429087118683], [9.244482975509543, 46.914094363933934], [9.2442834119828, 46.91354774194529], [9.244104317355221, 46.91314118170045], [9.243688320775076, 46.912561123156465], [9.243369134145704, 46.912283634363305], [9.242819173555471, 46.91185862060126], [9.242667444622438, 46.91179802878123], [9.242011330154375, 46.91137828956823], [9.241867202515932, 46.9111916092537], [9.241654355652377, 46.910991616519745], [9.241486085367619, 46.910515595664215], [9.241260307864707, 46.90996850412077], [9.241145002094608, 46.9096230156959], [9.241008745005363, 46.90931833598432], [9.240925324337447, 46.909062318841706], [9.24068342437981, 46.90881780175064], [9.240641557208455, 46.90866549327425], [9.240452646022241, 46.9084741274779], [9.240207946305253, 46.90818465842268], [9.240104161868084, 46.90810441255971], [9.239974811641684, 46.90808395477552], [9.239692990360448, 46.9079054694296], [9.239368151862108, 46.907924344686485], [9.23883224667266, 46.90807403525979], [9.238189704147539, 46.908175912121436], [9.237764459075306, 46.90829776444439], [9.237232368928984, 46.90836550954296], [9.236865376906128, 46.908423459988086], [9.236488777139952, 46.90846895454599], [9.236083083024385, 46.90835115632775], [9.235968357957873, 46.90837545078499], [9.23574568208229, 46.90839153803995], [9.235169549665608, 46.908280909371534], [9.234559393338305, 46.908291381727224], [9.234456288095492, 46.9082705046983], [9.23407202573745, 46.90808667914916], [9.233604821777194, 46.90777816153105], [9.233201857696395, 46.90754514155696], [9.232377831071881, 46.907441093321204], [9.232148615536236, 46.90718195126805], [9.232030708767367, 46.90707133395903], [9.231606722271467, 46.906955612804786], [9.231496425089627, 46.90687634702918], [9.23133513734662, 46.90684288201127], [9.230942476485152, 46.90668257092136], [9.230754917665257, 46.90664861853789], [9.230472124937197, 46.90655407265665], [9.230256738474603, 46.90651245424225], [9.229940508163411, 46.906399529730535], [9.2297422185093, 46.90639813330804], [9.229456090566998, 46.90632163129121], [9.22917461898952, 46.90626665006995], [9.228517688267255, 46.90621213529786], [9.228050562625537, 46.906061980325], [9.227568028593659, 46.90596155232242], [9.227162043222345, 46.905794244880894], [9.226600145890067, 46.90559697761165], [9.226488129952436, 46.905506052642735], [9.22652274657863, 46.90544162879604], [9.226493525147925, 46.90495799704694], [9.226436380692745, 46.90477893545749], [9.226293739915915, 46.90455622301754], [9.225873065714994, 46.904222684812204], [9.225413333618837, 46.903701696755824], [9.225359376846791, 46.90357927049356], [9.225232543579033, 46.90351556717637], [9.225187099271619, 46.90329403830151], [9.225089688664944, 46.90308861232073], [9.225007525976453, 46.90298642242264], [9.224906706320304, 46.90279724650526], [9.22477337803726, 46.90234044876516], [9.22452727625386, 46.90192679114943], [9.224572106749966, 46.90153739298569], [9.224327252701507, 46.90127939436947], [9.22411475008727, 46.901086563877726], [9.223622480563868, 46.90080992020519], [9.223060692127026, 46.90029772767499], [9.222609094385565, 46.89978290102345], [9.222352798123483, 46.89957545203908], [9.222168014162113, 46.89922833395837], [9.222048443610817, 46.89910603376897], [9.221687798873617, 46.89879943920533], [9.221544692516394, 46.8985218497365], [9.221303798122035, 46.89814501032746], [9.220991844107308, 46.89796091836694], [9.220349092809121, 46.89753903341007], [9.219905210190031, 46.89709696211655], [9.219454807532701, 46.89685384720579], [9.219357214846774, 46.89684006780701], [9.219358052980937, 46.89678607073243], [9.219255741683954, 46.89651143018318], [9.219130741671238, 46.896344219190325], [9.219110919726328, 46.896221262115354], [9.21896081112187, 46.896087733601966], [9.218781461706127, 46.89590426744229], [9.218383891521706, 46.8955118573368], [9.218256103118316, 46.89529970823961], [9.217993441206476, 46.895136432959404], [9.218051135118927, 46.8949366903714], [9.217972299989311, 46.89477506555], [9.217478881220915, 46.89461988765118], [9.216962117905949, 46.894393981637705], [9.216718741004623, 46.89421870490363], [9.216334785972665, 46.894078889153405], [9.216298683602803, 46.89401916481506], [9.216161246676574, 46.89391153169298], [9.215851210934158, 46.89378409356698], [9.215681786395708, 46.89366165336862], [9.21529220542537, 46.893232217116434], [9.214664706774721, 46.892910856744265], [9.214697170166735, 46.89262243343667], [9.2148074573639, 46.89234540359184], [9.214302838874705, 46.89220747082958], [9.214200259702727, 46.89212178735501], [9.214198052825333, 46.891895990646354], [9.21409399357649, 46.89172574265707], [9.213733539365025, 46.89174033411654], [9.213292244248867, 46.89185064387262], [9.21304080248922, 46.891955047076294], [9.211096342671876, 46.889298944526715], [9.210616661406405, 46.88910058472725], [9.210459457267254, 46.8890049116991], [9.210166680028934, 46.88880920790952], [9.209126910167221, 46.88819777424008], [9.208915059334704, 46.88808492029304], [9.208670967260316, 46.88797655979342], [9.208050541680171, 46.88776002877896], [9.207056416571666, 46.887390635247776], [9.206800505061471, 46.887267850462244], [9.206547704810484, 46.887140275030056], [9.206362982756717, 46.88700882201742], [9.20611143951918, 46.886746937311706], [9.206074072018746, 46.88665576655276], [9.205890265326143, 46.886030979059775], [9.205512379255671, 46.88572797619029], [9.205346551524554, 46.88556139294221], [9.205313926855986, 46.88546710805543], [9.205280756615842, 46.88513166257807], [9.205050016280788, 46.884808219845034], [9.204907634897662, 46.884498233772156], [9.204581971518728, 46.8839605630106], [9.204460022954533, 46.8837059918117], [9.20413495111092, 46.88309452153509], [9.203643753205313, 46.88306423869014], [9.202797381119812, 46.88310137122208], [9.202595539326863, 46.882947781180214], [9.202370305214025, 46.882811538551195], [9.202141704182713, 46.88270823396466], [9.202037616858115, 46.88264348096948], [9.201622627955267, 46.88220573710262], [9.201482430714195, 46.88210138483232], [9.201234434145428, 46.88192625292312], [9.201022879943448, 46.881688224515], [9.200708613552333, 46.88122938457168], [9.200553942322696, 46.88112533383905], [9.200146474958752, 46.88089368331284], [9.20005610737534, 46.880824164142744], [9.199921463742536, 46.880646815655076], [9.199699129957299, 46.88055657242938], [9.199633507094406, 46.880522158803515], [9.199430190912771, 46.88047928257462], [9.198732501027221, 46.88044505309784], [9.198441778471818, 46.880505597960564], [9.198209568455283, 46.880583012783454], [9.197972807672324, 46.88062000833561], [9.197869143466646, 46.880609617804275], [9.19669930729207, 46.880366353158266], [9.196272380162762, 46.88026325888424], [9.195668802999867, 46.88005885666423], [9.195295288693085, 46.87968293686611], [9.195057874505773, 46.8795821561479], [9.194811533047936, 46.879512949819436], [9.194619765807236, 46.87947546778452], [9.194088739487087, 46.87938921429795], [9.193861444375178, 46.87932295283872], [9.193523628066858, 46.87917796701065], [9.193286342365111, 46.87909259425914], [9.193026041281462, 46.87904902622553], [9.19239882915559, 46.87895719630551], [9.191914510514389, 46.87884347761498], [9.191495804187674, 46.87873423988043], [9.191431497889658, 46.87869971205014], [9.191208585663894, 46.87859862116062], [9.190923894182161, 46.87848456514615], [9.190682256309376, 46.878352402425676], [9.190255819669554, 46.878087853167216], [9.190008954004206, 46.87799329774929], [9.189889599749879, 46.877931629075555], [9.189505385939826, 46.877688951870006], [9.18937100965969, 46.87763215492357], [9.189061519146325, 46.87756458676934], [9.188749584231637, 46.877460949478404], [9.18869984936789, 46.87741159456432], [9.188599560984647, 46.87724133974517], [9.188544183873141, 46.877078217245604], [9.18854172336345, 46.87701224105878], [9.18849876328216, 46.87680728824608], [9.188438021207201, 46.87667363373132], [9.18824101784352, 46.87643028828772], [9.186258723365038, 46.87751409448298], [9.186098275037633, 46.87756742615749], [9.184798781662552, 46.877951450813455], [9.1831328787688, 46.87838370609568], [9.182307476627564, 46.8785569318053], [9.1819959493507, 46.878597220173106], [9.177461046093875, 46.879105810327395], [9.168702335477969, 46.87924677310449], [9.161235915991215, 46.879352946874945], [9.159999117731488, 46.879465720202134], [9.159115396142305, 46.87952439327719], [9.157631118416953, 46.87966951987375], [9.157230970250657, 46.87964860400683], [9.156869581773877, 46.87961445458028], [9.156653504805691, 46.87955363867634], [9.156366473793252, 46.87944171185669], [9.156173849842656, 46.879388802522], [9.155804828714464, 46.879371148589], [9.155334505240436, 46.87937928947932], [9.155030005684731, 46.879405687664736], [9.154722140449527, 46.87945902901185], [9.154130502251501, 46.87962465753752], [9.153336229107849, 46.87983006671664], [9.153012624557817, 46.879831903245126], [9.156807377654312, 46.87393020626537], [9.15665921985712, 46.873866480099196], [9.15658785830299, 46.87384472514647], [9.156275427676997, 46.87378207867612], [9.156086699238214, 46.87373841225334], [9.155987135835542, 46.87370865821681], [9.155671850865646, 46.87360916316936], [9.155365540111038, 46.873489486196355], [9.155257969650735, 46.873441091926765], [9.155175367200256, 46.87339268317588], [9.154926478217345, 46.8731645798989], [9.15475168606221, 46.87304557558181], [9.154668170416898, 46.87300261562627], [9.15447538944598, 46.87292302867207], [9.154379569781598, 46.87289043767874], [9.154112936779752, 46.87277384447385], [9.15372694150845, 46.872660668230395], [9.153543879950737, 46.87258795065731], [9.153195765823776, 46.872437333643894], [9.152922934068387, 46.872342613893856], [9.152642783104616, 46.87225536194089], [9.15255867339576, 46.872238564344116], [9.152270342099824, 46.87216422911443], [9.152198839895984, 46.8722091719454], [9.151930999483296, 46.87233334318454], [9.151857838883533, 46.87235672541282], [9.151664166520476, 46.87238534887394], [9.151243124448376, 46.87243210614963], [9.151148456910336, 46.872431904000365], [9.150918193448248, 46.872446526209664], [9.150839197237406, 46.872444874190634], [9.150568079277258, 46.87249251621533], [9.150468930858777, 46.87250240377262], [9.15018010123143, 46.872490296716535], [9.14991922375918, 46.87244832074273], [9.149842414555138, 46.87244116535064], [9.14953474926952, 46.87238916535354], [9.148978743826813, 46.872321775192574], [9.148892020432614, 46.87228793680725], [9.148806303153673, 46.872267579603914], [9.148561651053116, 46.87217994989187], [9.148465198318966, 46.872139247970445], [9.148216168700582, 46.87204636522818], [9.148130349437281, 46.8720070875539], [9.148032771592495, 46.87195199784801], [9.147929082908485, 46.871885428951124], [9.147880168396497, 46.87183038543035], [9.147721958442537, 46.87170448362419], [9.147672073806993, 46.87165398938599], [9.147613993139515, 46.87161642074353], [9.147546999250281, 46.87151424951715], [9.147507735033951, 46.87146518905232], [9.147441859690073, 46.87142879857491], [9.147228996626424, 46.87139590837459], [9.147139091936555, 46.871372103772224], [9.146905948622491, 46.87129756970878], [9.14681591511809, 46.87125482711609], [9.146697323562728, 46.8712167396644], [9.146611425726666, 46.87117656231449], [9.146544479931503, 46.87112669057084], [9.146495778082446, 46.87105721984169], [9.146306803621004, 46.87083865038666], [9.146143505343387, 46.87071471916525], [9.14606500947029, 46.870667970698115], [9.145903688264463, 46.87055297117568], [9.145568803114982, 46.87035136991272], [9.145485047556372, 46.87028768505429], [9.145399078324226, 46.870229476740164], [9.145375567825115, 46.87017984675732], [9.145265168155227, 46.87002604514708], [9.145233319935024, 46.869970403244956], [9.1451175624158, 46.86983213866366], [9.144882220618728, 46.869660307100354], [9.144595984175545, 46.86947589003856], [9.14452478415916, 46.869421662141775], [9.144500451956135, 46.86937836017683], [9.144484246251274, 46.86926985025557], [9.144474323813103, 46.86912326781696], [9.144470148637737, 46.868914256083464], [9.144458215583501, 46.86886149234896], [9.144467976097884, 46.868714194138384], [9.144485783987696, 46.868637828067996], [9.1445318700224, 46.86857035274442], [9.144587236507588, 46.86850345885183], [9.14462256730467, 46.86843276072652], [9.144538960354192, 46.868233822798985], [9.144485572957716, 46.868154622359775], [9.144367679397241, 46.86803986209781], [9.144302757258663, 46.86796466711468], [9.144253444902073, 46.86786997543191], [9.144313913258657, 46.867664048483874], [9.144341869638032, 46.86759992940919], [9.144357675176911, 46.867514622641515], [9.144360731529162, 46.86740002114956], [9.144333829277262, 46.867340589077756], [9.144280847504765, 46.86730102567247], [9.144078085935273, 46.867245224159795], [9.143933758455882, 46.86721435521126], [9.14385332223972, 46.86715955468613], [9.143472918057782, 46.867015498874835], [9.143418757403527, 46.86696064791005], [9.143325485744842, 46.86680714652904], [9.143297707411918, 46.86675314365612], [9.143028394386866, 46.86636076024077], [9.142877608670783, 46.86622825104672], [9.14272692518673, 46.8661146798444], [9.14263917211117, 46.8660673647065], [9.142573572061876, 46.86601743404636], [9.142461269845526, 46.86595836508825], [9.142374474995444, 46.86590649192631], [9.142304813920017, 46.86587204356691], [9.142081865277117, 46.86577549224811], [9.141916780128316, 46.865696693992376], [9.141866477364939, 46.86560654272987], [9.141840761933418, 46.86547675915531], [9.141808757349192, 46.86541930099305], [9.141767233224096, 46.865374823891784], [9.141648236975657, 46.86527993581833], [9.141619544885122, 46.86523138075143], [9.14160887056684, 46.86512628625451], [9.141616677360853, 46.86507371453401], [9.14165975042602, 46.86489817295725], [9.141693152580558, 46.86473378651969], [9.14171884269035, 46.86467427263356], [9.141760064263474, 46.86445730562204], [9.141722899935123, 46.86429817202046], [9.141694623862413, 46.86423787821895], [9.14160805827489, 46.86412020275819], [9.141565156970742, 46.864074864420346], [9.141464923208291, 46.864018969985544], [9.141350886995925, 46.863971693708145], [9.141277330466314, 46.8639554054182], [9.141062668144507, 46.86389822685559], [9.140771057042041, 46.86381496603835], [9.140681998906343, 46.86376767827065], [9.140579518840141, 46.86363073323336], [9.140549518802471, 46.86358222493908], [9.140522555744754, 46.863521894123224], [9.1405110559735, 46.86338888669621], [9.140526244826708, 46.863295485065606], [9.140552338524852, 46.863224224507235], [9.140560902167158, 46.86316440924432], [9.140607222550617, 46.8629968565075], [9.140644087399307, 46.86277465886204], [9.140671168597596, 46.86254468800009], [9.140682568585518, 46.8624874839419], [9.140695145295858, 46.86232565864543], [9.140677435678352, 46.86226589236575], [9.140642397173634, 46.862100375979516], [9.140618271147162, 46.862042638839426], [9.14055655849009, 46.861837516777044], [9.139865672418212, 46.8618137144716], [9.139192593537757, 46.86182912366415], [9.138853189374677, 46.86175678263372], [9.13792996374074, 46.861721920737715], [9.136099733894575, 46.86121103353257], [9.135767024417095, 46.86101802631668], [9.134386603526897, 46.86041945160344], [9.134152624205138, 46.860252204057346], [9.134103404579461, 46.86021001614021], [9.133984014381252, 46.860091400689136], [9.133924408151765, 46.86003845252947], [9.133767405380672, 46.8599237860543], [9.1337051833304, 46.859894791874915], [9.133494780303492, 46.8598429268396], [9.133407546356663, 46.85980733007785], [9.133213951841054, 46.85975688855477], [9.133123398778153, 46.85972834956229], [9.132809291167542, 46.85965971842802], [9.132599454966249, 46.85962746667984], [9.13242024524231, 46.859604756707185], [9.132354844560242, 46.859614344640185], [9.13226792375482, 46.85961574861466], [9.132201421733775, 46.859637022366044], [9.131995502137858, 46.859671705533906], [9.131915620712292, 46.85969506653984], [9.13172473264201, 46.859737660594924], [9.131642962561477, 46.85974018460182], [9.1313965275032, 46.859732415036895], [9.13130716630569, 46.85971836143588], [9.131012859196787, 46.859689419447136], [9.130803855981238, 46.859675246985766], [9.13068800954421, 46.85963651751809], [9.130504299683544, 46.859565779833346], [9.130233284575509, 46.85943328850149], [9.130159675670138, 46.85939290796826], [9.129953992637603, 46.859304914085975], [9.129639387321156, 46.859228148464936], [9.129552474429474, 46.85921600055347], [9.129339863990756, 46.85915836634872], [9.129140515058593, 46.859126610422194], [9.12907507434868, 46.85909650965196], [9.12900950211701, 46.85905469647206], [9.128877037184854, 46.85895746578562], [9.128818982055565, 46.85890608488862], [9.128637525683907, 46.858852587955084], [9.12854992940474, 46.858834106227654], [9.12831278614847, 46.85879877786275], [9.127634299498126, 46.85748749074229], [9.127583731993653, 46.857373304076845], [9.127539869648883, 46.85732436716726], [9.12724905209591, 46.85713954481285], [9.127172158169403, 46.857079155750974], [9.127046354823985, 46.85696780725577], [9.126920336264467, 46.85659127140212], [9.126815216032915, 46.85648358575559], [9.126755560639229, 46.85644835104384], [9.126670154896765, 46.85642094621521], [9.126615326037497, 46.85637692166686], [9.126605422059546, 46.856330461574146], [9.126607231489576, 46.856271906833335], [9.126398765283914, 46.856199135911304], [9.126259870629665, 46.856087179813095], [9.126169507346347, 46.85605682484652], [9.126094502893636, 46.856017281249756], [9.126039571264725, 46.85597414817797], [9.125971571756974, 46.85585014153703], [9.125712237909735, 46.85583993985073], [9.125516007715506, 46.85581642686661], [9.125386834216746, 46.8557797780868], [9.125333563859582, 46.85573312051732], [9.125405631509459, 46.85550825795018], [9.12539913846857, 46.855453838642724], [9.12517446054469, 46.85545245589064], [9.125098541038746, 46.855448950641126], [9.124826968989572, 46.855456220519066], [9.12460909707093, 46.855438909352635], [9.124401942867264, 46.85543293062956], [9.124176072468261, 46.855403536139576], [9.123983413733422, 46.855383793575335], [9.123923495954289, 46.85536478378081], [9.123767390810505, 46.85534763884199], [9.123323553194195, 46.85515481026144], [9.123264766112339, 46.855124132193524], [9.123021859112216, 46.85502718402261], [9.122550337150447, 46.85486194983797], [9.12248467643721, 46.854834566690414], [9.122397414096179, 46.854826010201656], [9.122316169524128, 46.85483667300751], [9.122123115892636, 46.85487464258635], [9.121876873845503, 46.85493177614688], [9.121784530467078, 46.8549482513096], [9.121554919109293, 46.85498361699995], [9.121350244766557, 46.85500570392211], [9.121270941321143, 46.85501015394802], [9.12116769723753, 46.85500356511178], [9.121090243839111, 46.85498914777917], [9.120798205485139, 46.854897153070326], [9.120524436209093, 46.854846584613746], [9.120375249484932, 46.85482614139513], [9.120251062112452, 46.8548321259384], [9.120148186576875, 46.85484899837252], [9.119985408673275, 46.85485949875306], [9.119900886693557, 46.8548366389273], [9.119779776512017, 46.85477150777035], [9.119659145267253, 46.8547280251071], [9.119559445771745, 46.85469794666472], [9.119461790043019, 46.85463590551047], [9.119337884954517, 46.85457243267836], [9.119086961702733, 46.85446338263983], [9.118970808922224, 46.85440118958919], [9.118752394768428, 46.854269292824405], [9.118692062679052, 46.85422771054505], [9.118351437628403, 46.85405498763956], [9.118271225560807, 46.85400165204762], [9.118202414666042, 46.85383250406019], [9.117920085140488, 46.853749060651374], [9.117773123768927, 46.85369263637754], [9.11768530331158, 46.85364977532588], [9.117299537579413, 46.85344158755891], [9.117230411898083, 46.8533824639376], [9.117186678275406, 46.853332621477165], [9.117189655379088, 46.853262407099166], [9.117166682020269, 46.85314859507096], [9.117137601676893, 46.853096738674765], [9.117096895920854, 46.85305606557987], [9.117031832581326, 46.8530359129784], [9.116846348216027, 46.85295695777241], [9.116765215891325, 46.85293965875221], [9.11648122600204, 46.85289945177732], [9.116205781156943, 46.852826232952644], [9.116103579975107, 46.85276918608316], [9.11585785478154, 46.852714495973636], [9.115495947564854, 46.85261113230383], [9.11533631197808, 46.85257665597694], [9.114998682451471, 46.85253394469461], [9.114811431475237, 46.85252616184653], [9.114291169510087, 46.852295460298365], [9.114032431845647, 46.85223926656419], [9.113602716292824, 46.85178366474031], [9.113516533594934, 46.851644381784126], [9.11339875836733, 46.85157217611817], [9.113397904557623, 46.85150088549888], [9.113416620921056, 46.85145755797048], [9.113199337681205, 46.85147452355481], [9.113010772274963, 46.851360247917945], [9.112917167447167, 46.851336066164244], [9.112822455008523, 46.85129648893311], [9.11280414260844, 46.85122889040396], [9.11281060301636, 46.85117687203646], [9.11280240969622, 46.85109983073548], [9.11280590775283, 46.851037751498055], [9.112776830775811, 46.85097236122739], [9.112676348577478, 46.85089824531034], [9.112632338767614, 46.850851113882186], [9.11260053281096, 46.85076034712625], [9.112575136499018, 46.85064460824459], [9.112313922486623, 46.85056032189737], [9.112085648872204, 46.850568684576906], [9.112013587187521, 46.85056623951926], [9.11194128042231, 46.85055296498931], [9.111339636084598, 46.8503879403387], [9.111326607372856, 46.85037719914879], [9.109363351975537, 46.850824716837145], [9.104866153005737, 46.85247117619364], [9.104426126147674, 46.85355276658754], [9.103914384358633, 46.855921108217856], [9.103615141559589, 46.8596908703256], [9.101084961697158, 46.86173139571311], [9.096707541130666, 46.86619825163121], [9.096313056592383, 46.86648022970118], [9.096260947462964, 46.866523111296765], [9.096199726605894, 46.866589184463436], [9.096120019000569, 46.86670796204134], [9.096045808082167, 46.866847588652035], [9.0959953284072, 46.86688420197944], [9.095769963782343, 46.867000332137245], [9.095700837579033, 46.867041894336985], [9.09554539632026, 46.86707595257911], [9.09545955529253, 46.867084673396704], [9.09523859071371, 46.86711622818988], [9.095146938693217, 46.86713561400386], [9.095031673036987, 46.867180552400264], [9.094965950454128, 46.86723211543362], [9.09492669943886, 46.867279812390436], [9.094897059255041, 46.86734485073234], [9.094852865588114, 46.86741224273743], [9.094793232642303, 46.86744771997249], [9.09467992574518, 46.86758099374373], [9.09466355516515, 46.86764366397916], [9.094602557367342, 46.867781812375554], [9.094584068392304, 46.86783451603864], [9.09454761970104, 46.86798047847473], [9.094522044730578, 46.86804290369448], [9.094467331415725, 46.8682118292325], [9.094391593830649, 46.86855862284942], [9.094383215558068, 46.86877101844711], [9.094357541080791, 46.86898750619814], [9.094343896516396, 46.86904843546934], [9.094330630156024, 46.86920305758485], [9.094333502773038, 46.86924907337427], [9.094355508956433, 46.86930636474168], [9.094419161607934, 46.86942140962857], [9.094476373181058, 46.86961019080204], [9.094504815967678, 46.86966944916482], [9.094549608440436, 46.86981916363294], [9.094576011336192, 46.86986755567037], [9.09463608045223, 46.870077114859285], [9.094695557911704, 46.87022269372626], [9.094720584193704, 46.87027195159939], [9.094777041532506, 46.87042467304624], [9.094787498979013, 46.87047627427684], [9.094838806984926, 46.8706270639265], [9.094842191178913, 46.87068840360548], [9.094941704896904, 46.8708687352955], [9.09458297056411, 46.87084966457043], [9.094506542420476, 46.870854109212026], [9.094226747437448, 46.87090494561608], [9.094013910288881, 46.87095652180662], [9.093456811424184, 46.87100962328943], [9.093368783962344, 46.87101018612299], [9.093162915551513, 46.87102859512772], [9.093083505240886, 46.871040171802186], [9.092972724803433, 46.871048288397404], [9.092785378788589, 46.87108967754786], [9.092578592987362, 46.87112607468416], [9.09238076865818, 46.87119152035626], [9.092189660329439, 46.8712292105222], [9.092000824156107, 46.87132461226578], [9.091941184078388, 46.871360087005606], [9.091798386148461, 46.87142867673239], [9.091704035846634, 46.87144979787791], [9.091467994942922, 46.87154313566654], [9.09136951366664, 46.87156776140313], [9.091239932027928, 46.87160966182271], [9.090973844741281, 46.87167433601055], [9.090881125658358, 46.87168919841025], [9.09060057020622, 46.87170397583467], [9.090320740879514, 46.871729592649686], [9.089887631548631, 46.87174786603373], [9.089795280900098, 46.87175551523488], [9.089676034458572, 46.871749903501716], [9.089449104500238, 46.87182004642191], [9.089069261186138, 46.87189996107001], [9.088847911588259, 46.87193782000427], [9.088594771244491, 46.87200640484249], [9.088240188888165, 46.872105853552036], [9.088056682981849, 46.87217434955228], [9.087982456757874, 46.872212173929], [9.08788673978689, 46.87223416642789], [9.087789007741113, 46.872269620239926], [9.087511390406652, 46.87232860442754], [9.087331429177521, 46.87235395265481], [9.087129339660493, 46.87234991090282], [9.087041067557779, 46.87235497114268], [9.086778812447871, 46.87234586595219], [9.086684995610897, 46.872330968598106], [9.086511077592741, 46.87231590278096], [9.086415961323013, 46.87230097036008], [9.086207079004524, 46.87230128146095], [9.086127015263793, 46.872325459233615], [9.086054077395177, 46.87233898949188], [9.08594026152327, 46.87232991366566], [9.08585095731821, 46.87232953592209], [9.08555265628186, 46.872306031325635], [9.085383519455313, 46.87230010033007], [9.085305688535485, 46.87228108532168], [9.085101868784104, 46.872259890529016], [9.0850162251958, 46.87223979155252], [9.084773411534142, 46.87223565885142], [9.084682092164392, 46.87224875071132], [9.084616783735022, 46.872317421622284], [9.084505846729934, 46.872455243855406], [9.084264755541385, 46.87267096540236], [9.084083260959531, 46.872826888291456], [9.08402523307802, 46.872856100457966], [9.083951260992736, 46.87286419107169], [9.083790781598498, 46.87291882582396], [9.08371645022493, 46.872933235948906], [9.08322288679801, 46.873103143082126], [9.083033930333013, 46.8731498642087], [9.08294125738883, 46.87316381935873], [9.082753586591815, 46.873210574729384], [9.082655533493492, 46.87322709856761], [9.082475383864617, 46.87328125010115], [9.082382696861115, 46.87329520436483], [9.082224981735905, 46.87334719778359], [9.08186635132166, 46.87344833198274], [9.081708584261124, 46.87350123409373], [9.08161393209524, 46.87352774940828], [9.081494880196574, 46.87356897526874], [9.08129493461767, 46.87359922423581], [9.081078748832589, 46.873638983281374], [9.080977586070063, 46.87363920260592], [9.080767149237495, 46.87366919640875], [9.080659520335956, 46.8736926855428], [9.08046202188012, 46.87372658805766], [9.080367331371102, 46.87375400347152], [9.080117343765465, 46.873837073167174], [9.079944364321243, 46.87390491077117], [9.07984051994051, 46.87393119706799], [9.079675686450512, 46.87399383413476], [9.079561683347286, 46.87401355406123], [9.079336159549037, 46.87400534441743], [9.079195726417076, 46.8740532626608], [9.079093662872864, 46.874095798908236], [9.079005825597761, 46.87414320543438], [9.078841772874162, 46.874240981828606], [9.078751942827111, 46.87430093189628], [9.078629368679097, 46.87440964865516], [9.078543618019609, 46.874467002741746], [9.078444210968131, 46.8744843977377], [9.078169274331719, 46.874541628837505], [9.077983024195438, 46.8745866026384], [9.077916172091857, 46.874609288903876], [9.077749023012256, 46.874690779270644], [9.077658114717687, 46.874720999141374], [9.07742687339638, 46.87484775481184], [9.07728114764095, 46.87494687804623], [9.077217747988644, 46.87497867425037], [9.077059084310315, 46.87507387194267], [9.076981765947664, 46.87509540366054], [9.076787956898212, 46.875133908457904], [9.07668343704369, 46.87514846073889], [9.076497774122558, 46.87518175583635], [9.076402752160453, 46.875190233807054], [9.07620646361219, 46.87520074704335], [9.076141236814223, 46.87519194627402], [9.075940221235314, 46.87519241422927], [9.075740191895289, 46.875174000001955], [9.07562805652557, 46.875157746469], [9.075553984929115, 46.87514242286911], [9.075471849556394, 46.87515571825586], [9.075364351823312, 46.87520174051956], [9.075170305393414, 46.87526996538832], [9.075079311884648, 46.87527672964659], [9.075001467670026, 46.875257717042786], [9.07490194946923, 46.875251673595336], [9.074799005097107, 46.875235638581415], [9.074730352090514, 46.87521684529216], [9.074484363148366, 46.87517297722116], [9.074226424372258, 46.875106301189014], [9.074136353771584, 46.87509508396608], [9.074017155028367, 46.8750885664445], [9.073940450466942, 46.87509839957303], [9.073839247749797, 46.87509951399659], [9.073695255014062, 46.875089679038076], [9.073613024031921, 46.87507956323268], [9.073381732597687, 46.87508109748714], [9.073308159059755, 46.875106315856655], [9.0731339429777, 46.875222765325006], [9.073056571282999, 46.87524518595036], [9.07282331280864, 46.87525928102056], [9.072726874245747, 46.875269530289145], [9.07249934201601, 46.875274761150415], [9.072400617571017, 46.87530387568689], [9.072218741870111, 46.875365181703124], [9.072149543160448, 46.87538240153478], [9.072057184694755, 46.87539004612779], [9.071867313749717, 46.875378183292284], [9.071669496715417, 46.875342707923245], [9.071600843957263, 46.875323894592604], [9.07137654954566, 46.87529227888827], [9.071288214965575, 46.87527298180351], [9.070801948277317, 46.875201604897306], [9.070719238562408, 46.875175254176604], [9.070529809919984, 46.87510484674551], [9.070460422900466, 46.87507521062566], [9.070266661827468, 46.87503712876326], [9.070003248388668, 46.87500003074789], [9.06989828688138, 46.87499745293714], [9.069601268179992, 46.87497485321], [9.069404793780706, 46.87493849317963], [9.069102572202993, 46.87488964125758], [9.06901552847398, 46.87487129675765], [9.068791469094979, 46.87483516612252], [9.0686955670558, 46.874810279700895], [9.068535554555142, 46.87472978702907], [9.068447132406687, 46.87471229744429], [9.068232305239775, 46.87470072082339], [9.068131748312862, 46.874714470918114], [9.067945507097027, 46.87478376822429], [9.06787560169001, 46.8748144827646], [9.067696222696021, 46.87490376294072], [9.067609261102058, 46.874908838482156], [9.067387866821894, 46.874871866443115], [9.06731433704323, 46.874845742145766], [9.067118857536865, 46.87484094198704], [9.067037002543543, 46.87484883706513], [9.066939887470335, 46.87494734239225], [9.066890773954583, 46.87498216427813], [9.066787409040618, 46.87497423473649], [9.066668816760778, 46.874981231898836], [9.066605790226065, 46.87495535277628], [9.066334319680376, 46.874896425914365], [9.06613363670421, 46.874865371494934], [9.066049526404639, 46.87484078233467], [9.065760011068143, 46.8748003299382], [9.065546171970379, 46.874833601810174], [9.065249928255014, 46.874952519167636], [9.064716831864795, 46.875205460910124], [9.062110437626727, 46.874217092416075], [9.061148270803564, 46.873816763096784], [9.05803178107103, 46.871372041505396], [9.057898271053066, 46.871243255885354], [9.057170682943037, 46.87012134512281], [9.056998206109682, 46.86994762606556], [9.056473504200993, 46.86977519457996], [9.055697938528066, 46.86942222818868], [9.055376780399207, 46.86923818890658], [9.054739474575177, 46.86845103761138], [9.0544351899231, 46.86828691010175], [9.052539831608017, 46.868006598519706], [9.05147046617586, 46.867504976047904], [9.051102025167426, 46.867462666095264], [9.050799700298805, 46.86749517897873], [9.05006293389329, 46.86740209447579], [9.049184526423224, 46.86720041680039], [9.048384665646994, 46.86704046637287], [9.04753388876231, 46.86663461216233], [9.046578946946262, 46.86590640595183], [9.045742092094425, 46.86557213832808], [9.045366045614694, 46.8652620765144], [9.045172020070401, 46.86497698319901], [9.045117460043178, 46.86354691658497], [9.045090052213137, 46.86001651594703], [9.044986647669434, 46.85966833750461], [9.044823389580014, 46.85952037750689], [9.044563788602899, 46.858804508642244], [9.044607233992984, 46.85832696558953], [9.044390095449735, 46.857785306842615], [9.044476704527066, 46.85718136581384], [9.044244115145117, 46.856630942343806], [9.044194079054884, 46.855514186585395], [9.04479247011472, 46.854945973130995], [9.045057851726817, 46.853425853043625], [9.045215690023253, 46.85298924733655], [9.045758754207258, 46.851764750310615], [9.045757728982752, 46.8514981752447], [9.04608436756071, 46.85061465899193], [9.045967367304499, 46.85020611039297], [9.045809936066334, 46.84999410264181], [9.045421189165182, 46.84964183394856], [9.044589734002328, 46.84926824742862], [9.043713788136824, 46.84906991397841], [9.04257222594512, 46.84868788870103], [9.040669820647885, 46.847808211327816], [9.04014948950818, 46.847417111944964], [9.03972482303665, 46.84725678995277], [9.039220236001666, 46.846900288262894], [9.038781250782884, 46.84647907444121], [9.037588568485821, 46.84511086884627], [9.037293761613833, 46.84436411866241], [9.03687359011084, 46.84390350082887], [9.036963318087212, 46.84376342078209], [9.036888402862521, 46.843479884943314], [9.03619774720352, 46.84274260367831], [9.035920994812024, 46.84237319316665], [9.035700962359245, 46.84194916882181], [9.035320232185276, 46.84149105158923], [9.0345333934199, 46.84032523380188], [9.034378040015701, 46.83998100927534], [9.03383859014914, 46.83927265605925], [9.033853696444778, 46.83914531431235], [9.033732263164836, 46.83904723133192], [9.033733537701975, 46.83840940745398], [9.034029781572176, 46.83781462533989], [9.03407101569738, 46.837401887827575], [9.034104992773688, 46.83687166892633], [9.034197362128468, 46.83666209443178], [9.034128494142848, 46.8364176115149], [9.03420627700925, 46.83592825704522], [9.03440731305632, 46.835341641274155], [9.034117717878251, 46.835095460603746], [9.03179242623048, 46.834237047296995], [9.031387440709418, 46.83401754156063], [9.030001416039148, 46.83302888363049], [9.02955497180557, 46.83231091003804], [9.029363581257149, 46.83195636844255], [9.027394950155923, 46.82993061453361], [9.025433150853804, 46.825686075367024], [9.024156168044064, 46.82452158548949], [9.021396367629057, 46.82173840711497], [9.019980714744824, 46.817324484811564], [9.017609432022615, 46.81596698752794], [9.009020409907006, 46.811178180846525], [8.998888037436432, 46.810824021213854], [8.996851111959689, 46.810497390005416], [8.995963569348206, 46.8103025615058], [8.995182447796337, 46.80995885682281], [8.99448813617501, 46.80983327875725], [8.993566731039982, 46.80958233694436], [8.990979281403071, 46.808818684431095], [8.990253521787682, 46.80866175886174], [8.989349923371952, 46.80851446816239], [8.987890951055594, 46.80830929644555], [8.987500271047239, 46.808311922557195], [8.986920105886835, 46.808399292413945], [8.986348227941033, 46.80844815632712], [8.985717167426563, 46.808443554952014], [8.984373542328184, 46.80821206884478], [8.983772964637263, 46.80807386739599], [8.983292783330581, 46.80788477702328], [8.98251621122328, 46.80763697533574], [8.981755215080284, 46.807504196664645], [8.980707970747453, 46.807202751441956], [8.980315171004023, 46.807208828398], [8.979748279389314, 46.80731811585719], [8.979232159718407, 46.80731692384944], [8.978769386347347, 46.80738814927229], [8.978065202415703, 46.80758214482175], [8.977337730059608, 46.80765434487976], [8.976867489258517, 46.80763588966701], [8.97607025948796, 46.807551234685675], [8.97543810246167, 46.80744915258596], [8.974121386915504, 46.80716806065553], [8.973685910443267, 46.807122252472006], [8.972447909278124, 46.80707223048514], [8.971666590631418, 46.80701157701812], [8.971186925908512, 46.80695170507574], [8.970533645496863, 46.80682096934291], [8.969127998546297, 46.8064101173695], [8.968901828125832, 46.80637478438398], [8.967869212816941, 46.80643268546183], [8.96687940737276, 46.806343855396285], [8.965961255215323, 46.80650328475415], [8.965653281892147, 46.80651466138616], [8.965461255065884, 46.80644770789856], [8.96485632928202, 46.80612857953714], [8.963845424782967, 46.80586327094054], [8.963175497885196, 46.80578547123041], [8.96234505825859, 46.80575201606996], [8.96153506687087, 46.805644623398756], [8.96095929342188, 46.805517674910156], [8.957755011911335, 46.80443711339711]]]]}}]}