{
  "type": "FeatureCollection",
  "features": [
    {
      "type": "Feature",
      "properties": {},
      "geometry": {
        "type": "LineString",
        "coordinates": [
          [
            8.574374022495011,
            47.217066591714776
          ],
          [
            8.574280799777634,
            47.216956100584625
          ],
          [
            8.574749434409336,
            47.21690011347502
          ],
          [
            8.57523470074197,
            47.21687938496473
          ],
          [
            8.575300014957877,
            47.2169222160512
          ],
          [
            8.57534564596714,
            47.216946521546205
          ],
          [
            8.575608261152306,
            47.216628516446455
          ],
          [
            8.57567836194064,
            47.216534494994136
          ],
          [
            8.576282302159578,
            47.21608680148045
          ],
          [
            8.576897527082775,
            47.21563073514276
          ],
          [
            8.577559580540344,
            47.21515468176929
          ],
          [
            8.57776053229048,
            47.21501018578504
          ],
          [
            8.577476662862987,
            47.214675910064756
          ],
          [
            8.577158939781967,
            47.21407721864679
          ],
          [
            8.577038837583755,
            47.21364186715829
          ],
          [
            8.577061200910226,
            47.21346697834966
          ],
          [
            8.57638081468506,
            47.2127712086118
          ],
          [
            8.576291413640446,
            47.21261618897928
          ],
          [
            8.576343593835729,
            47.2122752795825
          ],
          [
            8.576139984495825,
            47.2120314590308
          ],
          [
            8.57574625067683,
            47.21181447855691
          ],
          [
            8.575495157724795,
            47.211676104538526
          ],
          [
            8.57540194490165,
            47.21162473328544
          ],
          [
            8.575019771386016,
            47.21122155304755
          ],
          [
            8.57438077084692,
            47.21079101256788
          ],
          [
            8.574116041271662,
            47.210621177503484
          ],
          [
            8.573898192238918,
            47.21047066999212
          ],
          [
            8.573128769733444,
            47.210150902993526
          ],
          [
            8.572907955459426,
            47.210090639818624
          ],
          [
            8.572794305358062,
            47.20989205674705
          ],
          [
            8.572686830028589,
            47.20974618099602
          ],
          [
            8.572637312930189,
            47.20967896770375
          ],
          [
            8.571917357717586,
            47.20923139068233
          ],
          [
            8.57173953799347,
            47.20903254756185
          ],
          [
            8.571545478604444,
            47.208695205615335
          ],
          [
            8.571336610161602,
            47.208436990479534
          ],
          [
            8.571066466843742,
            47.20815076257729
          ],
          [
            8.570402332054023,
            47.208033764641414
          ],
          [
            8.5699310595738,
            47.208002152571446
          ],
          [
            8.569292932688825,
            47.207959358384436
          ],
          [
            8.569042618319848,
            47.208012254451084
          ],
          [
            8.568993192789007,
            47.20822508098244
          ],
          [
            8.568649761200414,
            47.20824809829441
          ],
          [
            8.568433941081711,
            47.208226152875596
          ],
          [
            8.56842617576083,
            47.20820225577771
          ],
          [
            8.568156060664888,
            47.20818214692923
          ],
          [
            8.568005384087591,
            47.20819446461098
          ],
          [
            8.567859945856341,
            47.208109164384446
          ],
          [
            8.567685161694321,
            47.20801629856912
          ],
          [
            8.56765871409879,
            47.208002227899065
          ],
          [
            8.5676329343886,
            47.20798852848976
          ],
          [
            8.567598196541756,
            47.207970068276275
          ],
          [
            8.567479697211397,
            47.207921430403616
          ],
          [
            8.567363341561922,
            47.207873652965795
          ],
          [
            8.567216250414537,
            47.207806890091696
          ],
          [
            8.566978602627918,
            47.20772381487487
          ],
          [
            8.566876920816684,
            47.20767574922514
          ],
          [
            8.566810922051504,
            47.207675316426844
          ],
          [
            8.56667698955426,
            47.20760087663033
          ],
          [
            8.566566365720233,
            47.20753939591009
          ],
          [
            8.566455547259789,
            47.20748870272147
          ],
          [
            8.566429382008096,
            47.20747672498303
          ],
          [
            8.566392900197824,
            47.2074600356351
          ],
          [
            8.566330852983143,
            47.207431641504
          ],
          [
            8.566236283121501,
            47.207388381259705
          ],
          [
            8.566140073589624,
            47.20734435437709
          ],
          [
            8.56609978253516,
            47.20734169939901
          ],
          [
            8.565900958605816,
            47.20732863242211
          ],
          [
            8.565833927828571,
            47.20731366327927
          ],
          [
            8.565673804862053,
            47.207277907941375
          ],
          [
            8.565512716873094,
            47.2072564828281
          ],
          [
            8.565433253235904,
            47.207237838985826
          ],
          [
            8.565373436502627,
            47.207223797491196
          ],
          [
            8.565297820200902,
            47.20720606044608
          ],
          [
            8.565150845815847,
            47.20717157004587
          ],
          [
            8.564982892913706,
            47.207103713086326
          ],
          [
            8.564849768078094,
            47.207021050304434
          ],
          [
            8.564756700938934,
            47.20680898965438
          ],
          [
            8.564598113468625,
            47.20663165400636
          ],
          [
            8.564535775502758,
            47.206499083675915
          ],
          [
            8.564553289739568,
            47.20641746621406
          ],
          [
            8.56458441103447,
            47.20627242261364
          ],
          [
            8.564603890049284,
            47.20614683339973
          ],
          [
            8.564608459076467,
            47.20611745405128
          ],
          [
            8.564615607762418,
            47.20607141660186
          ],
          [
            8.56467801935039,
            47.20585082771589
          ],
          [
            8.564652326990664,
            47.20573149139671
          ],
          [
            8.564642028319238,
            47.20568372649415
          ],
          [
            8.564639305819679,
            47.20567103333201
          ],
          [
            8.56461614713194,
            47.20556356441422
          ],
          [
            8.564658516972246,
            47.20549011473125
          ],
          [
            8.564781304950541,
            47.20539490974779
          ],
          [
            8.564918674947485,
            47.20532460575718
          ],
          [
            8.565020944485942,
            47.205232929590025
          ],
          [
            8.565088583173365,
            47.20523052272089
          ],
          [
            8.565153258534586,
            47.20515073759924
          ],
          [
            8.565074042353189,
            47.204852309702815
          ],
          [
            8.564883209879754,
            47.20455953437529
          ],
          [
            8.564583158207506,
            47.20442190365328
          ],
          [
            8.56418035324054,
            47.20430144180373
          ],
          [
            8.564140100215504,
            47.204190730540965
          ],
          [
            8.564022657135238,
            47.20404120209405
          ],
          [
            8.563944098997105,
            47.20393235843644
          ],
          [
            8.562720776561418,
            47.203953384960265
          ],
          [
            8.562262682375053,
            47.20388864428523
          ],
          [
            8.562213504250174,
            47.20393467796029
          ],
          [
            8.56212574859746,
            47.20389488316663
          ],
          [
            8.562168560470681,
            47.20384677069896
          ],
          [
            8.56213586472563,
            47.20384235806186
          ],
          [
            8.561550826061026,
            47.20388106129497
          ],
          [
            8.560841509671391,
            47.201944017591074
          ],
          [
            8.560888184068745,
            47.20171015358344
          ],
          [
            8.560806644858957,
            47.201624833403564
          ],
          [
            8.560854595635702,
            47.20147947374516
          ],
          [
            8.560862629008396,
            47.20140188027447
          ],
          [
            8.560802644808058,
            47.20089263875604
          ],
          [
            8.56083122907559,
            47.20082134879057
          ],
          [
            8.560802870835637,
            47.200777609679136
          ],
          [
            8.560852063500231,
            47.200748074362664
          ],
          [
            8.560846032710579,
            47.200717934881375
          ],
          [
            8.56080854696221,
            47.20067511233621
          ],
          [
            8.560834307965653,
            47.20063093566891
          ],
          [
            8.560811357189268,
            47.20055366218466
          ],
          [
            8.560810527435862,
            47.20039460986956
          ],
          [
            8.56090354418605,
            47.20029610978748
          ],
          [
            8.560952136587206,
            47.20018956883414
          ],
          [
            8.560867143231835,
            47.20015275971371
          ],
          [
            8.560833227965215,
            47.20011087389622
          ],
          [
            8.56080131286636,
            47.20004353797649
          ],
          [
            8.560801218497868,
            47.19998117231452
          ],
          [
            8.56074418508678,
            47.19991565544009
          ],
          [
            8.560685573559143,
            47.19987619621704
          ],
          [
            8.560672649330634,
            47.19984209387193
          ],
          [
            8.56063898884518,
            47.19982554615527
          ],
          [
            8.560643700176035,
            47.19979783873033
          ],
          [
            8.560573961442875,
            47.19976525259544
          ],
          [
            8.560541187763823,
            47.1997362372848
          ],
          [
            8.560532510581687,
            47.199697586734594
          ],
          [
            8.56056422836041,
            47.199563027115325
          ],
          [
            8.560528034976024,
            47.199521361311696
          ],
          [
            8.56046085279254,
            47.19941432049275
          ],
          [
            8.560507910024555,
            47.19937175347601
          ],
          [
            8.5604924494474,
            47.199229314662055
          ],
          [
            8.560425772661166,
            47.199094751310874
          ],
          [
            8.560403771461646,
            47.19908597007595
          ],
          [
            8.56029020921608,
            47.198977590939265
          ],
          [
            8.560235207015749,
            47.19895912807087
          ],
          [
            8.560206523213754,
            47.19890168266218
          ],
          [
            8.56020793093683,
            47.19883224079766
          ],
          [
            8.560153993289052,
            47.19880096676129
          ],
          [
            8.560142328877415,
            47.19869348384948
          ],
          [
            8.56006484018218,
            47.198595862653704
          ],
          [
            8.560035125539883,
            47.19852952158356
          ],
          [
            8.559881157610269,
            47.198495686473926
          ],
          [
            8.559702004417797,
            47.198304925038386
          ],
          [
            8.559717890910285,
            47.198235468120025
          ],
          [
            8.559694107592437,
            47.19819894363909
          ],
          [
            8.559630671437956,
            47.198167195132704
          ],
          [
            8.55956006605847,
            47.19812398401858
          ],
          [
            8.559537342329802,
            47.19805551475603
          ],
          [
            8.559461375872116,
            47.19791518514728
          ],
          [
            8.559413340424543,
            47.19787515454643
          ],
          [
            8.559338547509634,
            47.1978449647389
          ],
          [
            8.5592348060856,
            47.19783090694377
          ],
          [
            8.559196317034077,
            47.197814369831676
          ],
          [
            8.559176288842258,
            47.19776302889865
          ],
          [
            8.559028178142432,
            47.197668451238314
          ],
          [
            8.558990502231653,
            47.19762330908478
          ],
          [
            8.55893188584672,
            47.19758343523145
          ],
          [
            8.558870910465497,
            47.19758215750056
          ],
          [
            8.558881454181492,
            47.19747623048574
          ],
          [
            8.558793086721355,
            47.197423611418465
          ],
          [
            8.558708746473874,
            47.19739312729304
          ],
          [
            8.558569659173067,
            47.1973827231835
          ],
          [
            8.558488205544913,
            47.197303517552946
          ],
          [
            8.558417393444525,
            47.197265462246364
          ],
          [
            8.558370184643545,
            47.19723333032142
          ],
          [
            8.558283239200138,
            47.19721265845616
          ],
          [
            8.558247029903601,
            47.19718078832231
          ],
          [
            8.558144695379307,
            47.19713046354706
          ],
          [
            8.55782634283099,
            47.19688110603115
          ],
          [
            8.558036648130557,
            47.19672458857128
          ],
          [
            8.558080329515722,
            47.196685329744376
          ],
          [
            8.55817246011263,
            47.196561589687526
          ],
          [
            8.558231473683797,
            47.19642886116958
          ],
          [
            8.558243281635146,
            47.196275470018804
          ],
          [
            8.558178742060255,
            47.19605152210965
          ],
          [
            8.558156392610222,
            47.19602917844992
          ],
          [
            8.558063376456698,
            47.19588357136691
          ],
          [
            8.557789988144352,
            47.1954887851335
          ],
          [
            8.557743987208491,
            47.195415261371075
          ],
          [
            8.55772275079775,
            47.195276422548716
          ],
          [
            8.557656045530015,
            47.19509072675536
          ],
          [
            8.557602384626247,
            47.19496645214878
          ],
          [
            8.557563423642174,
            47.194816208211904
          ],
          [
            8.557561974811078,
            47.19467756382063
          ],
          [
            8.557590495789452,
            47.19456598379378
          ],
          [
            8.55766127728314,
            47.19446337538534
          ],
          [
            8.557820432056879,
            47.194271435843525
          ],
          [
            8.557922422020587,
            47.19417124950894
          ],
          [
            8.55809116628752,
            47.19401825731786
          ],
          [
            8.558160201309457,
            47.1939621729215
          ],
          [
            8.558297450807448,
            47.19388080399425
          ],
          [
            8.558445349831207,
            47.19376539081661
          ],
          [
            8.558698707727416,
            47.1936538359907
          ],
          [
            8.558800899356203,
            47.193555221106315
          ],
          [
            8.558859936461205,
            47.19348244772486
          ],
          [
            8.558914005316057,
            47.193382924696095
          ],
          [
            8.558964286921277,
            47.19327523448685
          ],
          [
            8.559034591081215,
            47.192974276264984
          ],
          [
            8.559055505546555,
            47.19290485136103
          ],
          [
            8.559045328527484,
            47.19278567741304
          ],
          [
            8.559024602346682,
            47.192713518327885
          ],
          [
            8.558997654428016,
            47.19267634981004
          ],
          [
            8.558723378449695,
            47.19241013070746
          ],
          [
            8.558585043089295,
            47.192261699518625
          ],
          [
            8.558534054396667,
            47.19218938499233
          ],
          [
            8.55848417645124,
            47.19208691529277
          ],
          [
            8.55843765285415,
            47.191893152304424
          ],
          [
            8.558301592500333,
            47.190806184756354
          ],
          [
            8.558250985210524,
            47.19045885199666
          ],
          [
            8.558235602881032,
            47.190222020734396
          ],
          [
            8.55820523176294,
            47.190014283186066
          ],
          [
            8.558142234686853,
            47.1894809512112
          ],
          [
            8.558121047171026,
            47.189360148036315
          ],
          [
            8.558106811865077,
            47.189314903520945
          ],
          [
            8.557903296790727,
            47.18884415318702
          ],
          [
            8.557750563270204,
            47.1885878774009
          ],
          [
            8.557555664799358,
            47.18833194833741
          ],
          [
            8.557425396668046,
            47.18820642115798
          ],
          [
            8.55735839945482,
            47.18813122116756
          ],
          [
            8.557218131567087,
            47.18795528945981
          ],
          [
            8.55716122256917,
            47.18786586817033
          ],
          [
            8.557041930551597,
            47.18770098594661
          ],
          [
            8.556995772027784,
            47.18761639871807
          ],
          [
            8.55697220534011,
            47.18754321432646
          ],
          [
            8.55695868945783,
            47.18746540747142
          ],
          [
            8.55696387964447,
            47.187393661835266
          ],
          [
            8.556985789503534,
            47.18725506010732
          ],
          [
            8.557028429250293,
            47.18716000271934
          ],
          [
            8.55710148498416,
            47.18702774065902
          ],
          [
            8.557309488036239,
            47.18676099563865
          ],
          [
            8.557347504307831,
            47.18664744304014
          ],
          [
            8.55736178391222,
            47.186650704598165
          ],
          [
            8.55740208803137,
            47.18651721339834
          ],
          [
            8.557398950269466,
            47.186470655491455
          ],
          [
            8.557333627366342,
            47.18631388475052
          ],
          [
            8.557269041649073,
            47.186251030260244
          ],
          [
            8.55726266708563,
            47.18624907719147
          ],
          [
            8.557236120041042,
            47.186240960258445
          ],
          [
            8.557171242775649,
            47.186182453440566
          ],
          [
            8.557101820876138,
            47.18613503739255
          ],
          [
            8.557023762691692,
            47.186072151763675
          ],
          [
            8.556948078017875,
            47.185994031397634
          ],
          [
            8.556893422089193,
            47.185895493475364
          ],
          [
            8.556844938089855,
            47.18572103534767
          ],
          [
            8.556825788949427,
            47.185617366743074
          ],
          [
            8.556831997060836,
            47.18561830494548
          ],
          [
            8.556851935876079,
            47.18548895185293
          ],
          [
            8.556857798709231,
            47.18540835693773
          ],
          [
            8.556847550901642,
            47.18526403151476
          ],
          [
            8.55682793036727,
            47.18514979760379
          ],
          [
            8.556770465795402,
            47.18502541544033
          ],
          [
            8.556718225738965,
            47.18494454837741
          ],
          [
            8.556618048735006,
            47.18483905810036
          ],
          [
            8.556520729627136,
            47.18475539038842
          ],
          [
            8.556482891043615,
            47.18463436173795
          ],
          [
            8.556481972465049,
            47.18458598311139
          ],
          [
            8.556510785598377,
            47.18429089812987
          ],
          [
            8.556483053936075,
            47.184203307052236
          ],
          [
            8.556500370373227,
            47.184197228728465
          ],
          [
            8.556453301293612,
            47.1841004520008
          ],
          [
            8.556449078001169,
            47.184102930837284
          ],
          [
            8.556408569726235,
            47.184059335571064
          ],
          [
            8.556251680079177,
            47.183966908685306
          ],
          [
            8.556161150903474,
            47.18392267459803
          ],
          [
            8.556100486804285,
            47.183907755131536
          ],
          [
            8.555983903472706,
            47.1838416535886
          ],
          [
            8.555939486994085,
            47.183781481152714
          ],
          [
            8.555905866699723,
            47.18370502073676
          ],
          [
            8.555913789028025,
            47.18368570215316
          ],
          [
            8.555843910352808,
            47.18348415847304
          ],
          [
            8.555836043801353,
            47.18340126803107
          ],
          [
            8.555788080694127,
            47.18333930384724
          ],
          [
            8.555753524352241,
            47.183303926569984
          ],
          [
            8.555652532978167,
            47.183238815802525
          ],
          [
            8.555625456119225,
            47.1832551628006
          ],
          [
            8.55548430823308,
            47.18314995222573
          ],
          [
            8.555324379367631,
            47.18304509462442
          ],
          [
            8.555209606532992,
            47.18291198419922
          ],
          [
            8.555179739531432,
            47.18282435954753
          ],
          [
            8.555205337566195,
            47.18282124159707
          ],
          [
            8.555223129291388,
            47.18276967688305
          ],
          [
            8.555206344282876,
            47.18262988552435
          ],
          [
            8.555174656789458,
            47.18252646418901
          ],
          [
            8.55509257970162,
            47.182391399235755
          ],
          [
            8.55500064533059,
            47.18228723991629
          ],
          [
            8.554526114078307,
            47.18204247367896
          ],
          [
            8.554421965761431,
            47.18189666555994
          ],
          [
            8.554409414677654,
            47.18179275263222
          ],
          [
            8.554463752027582,
            47.18149119561086
          ],
          [
            8.554596616075075,
            47.18126284830024
          ],
          [
            8.554652837889224,
            47.18114657415382
          ],
          [
            8.554684028674194,
            47.181058672096555
          ],
          [
            8.55470950227043,
            47.18095412955387
          ],
          [
            8.554863904303062,
            47.180769795605485
          ],
          [
            8.554842301047408,
            47.18076134232786
          ],
          [
            8.555068738159836,
            47.180468784433764
          ],
          [
            8.55519060050353,
            47.18029008208791
          ],
          [
            8.555249386840323,
            47.18018490133942
          ],
          [
            8.555435569482919,
            47.179974071858055
          ],
          [
            8.555490186390283,
            47.17994855191989
          ],
          [
            8.555672890522073,
            47.17982775725622
          ],
          [
            8.555734496157008,
            47.17972307961197
          ],
          [
            8.555736156074271,
            47.1796768348551
          ],
          [
            8.555679273549936,
            47.17959888195529
          ],
          [
            8.555690697171823,
            47.179569085427815
          ],
          [
            8.555666411955684,
            47.17949156275008
          ],
          [
            8.55555970638826,
            47.179324289800554
          ],
          [
            8.555500357185169,
            47.17917049143529
          ],
          [
            8.555508743627039,
            47.17914941419684
          ],
          [
            8.555519548631331,
            47.178915557344716
          ],
          [
            8.555650591940857,
            47.17879073020616
          ],
          [
            8.55588012773778,
            47.17862947689934
          ],
          [
            8.555989027384076,
            47.178640923574314
          ],
          [
            8.556447103857629,
            47.17865936002645
          ],
          [
            8.556555515239708,
            47.17865437585048
          ],
          [
            8.556819725945564,
            47.178675845346106
          ],
          [
            8.557028121507157,
            47.17867424308491
          ],
          [
            8.557713848349701,
            47.178527946391895
          ],
          [
            8.557935738906968,
            47.1784941237452
          ],
          [
            8.55797320880064,
            47.1784828115857
          ],
          [
            8.558082700884988,
            47.178459509292786
          ],
          [
            8.558359288053989,
            47.17835559932944
          ],
          [
            8.55863726152915,
            47.178202630869535
          ],
          [
            8.558714866874032,
            47.17810444358754
          ],
          [
            8.558739894204223,
            47.178059689475305
          ],
          [
            8.55868136738643,
            47.17785668736735
          ],
          [
            8.558658929092669,
            47.17763375044266
          ],
          [
            8.558637066155095,
            47.17726749804803
          ],
          [
            8.558574828902273,
            47.17718214123111
          ],
          [
            8.558591640798783,
            47.17701468532352
          ],
          [
            8.558688107743562,
            47.176755669935474
          ],
          [
            8.55876864054491,
            47.17651321762923
          ],
          [
            8.558868895035987,
            47.17632680514731
          ],
          [
            8.558957757465704,
            47.1762415427556
          ],
          [
            8.559575290828114,
            47.17610830342187
          ],
          [
            8.559655072774815,
            47.176084002584155
          ],
          [
            8.559792335655777,
            47.175986681601415
          ],
          [
            8.55990084601519,
            47.17578587561218
          ],
          [
            8.559922247268963,
            47.17577656346749
          ],
          [
            8.55986797091393,
            47.175576920775434
          ],
          [
            8.559888135734527,
            47.175424256756344
          ],
          [
            8.559913852179442,
            47.17532184239812
          ],
          [
            8.560027580872712,
            47.17523099340048
          ],
          [
            8.560040534002994,
            47.17507291225703
          ],
          [
            8.560113864867173,
            47.174909600926874
          ],
          [
            8.56014249476821,
            47.17489208620262
          ],
          [
            8.560198536560838,
            47.17479454871198
          ],
          [
            8.560425028071869,
            47.17455373986162
          ],
          [
            8.560526923570128,
            47.17443408460873
          ],
          [
            8.560714222746581,
            47.17411173367048
          ],
          [
            8.560734631564356,
            47.17406960583919
          ],
          [
            8.560789052941368,
            47.17390873631008
          ],
          [
            8.560823402194163,
            47.173665158387756
          ],
          [
            8.560817968289832,
            47.173623075655144
          ],
          [
            8.56077576752203,
            47.1735394586288
          ],
          [
            8.560690046678602,
            47.173462158127826
          ],
          [
            8.560493359520311,
            47.1733479867332
          ],
          [
            8.560259798148358,
            47.1732726759139
          ],
          [
            8.560008631845195,
            47.173211488476106
          ],
          [
            8.559869382780379,
            47.173130570996214
          ],
          [
            8.559858520447165,
            47.17309884115853
          ],
          [
            8.559692591804657,
            47.173005679445744
          ],
          [
            8.559664994808125,
            47.172953449569874
          ],
          [
            8.559661705102409,
            47.17288458377365
          ],
          [
            8.5597111281184,
            47.17281057165375
          ],
          [
            8.559777824553533,
            47.17273555461394
          ],
          [
            8.559984808518395,
            47.172524181441624
          ],
          [
            8.560105562780334,
            47.17238866323373
          ],
          [
            8.56042435686698,
            47.172055810336644
          ],
          [
            8.560445087303304,
            47.17185035392671
          ],
          [
            8.56041348014436,
            47.17164145865182
          ],
          [
            8.560436762377412,
            47.17154451016946
          ],
          [
            8.560472979562453,
            47.17147622173187
          ],
          [
            8.560516317741106,
            47.17140907826801
          ],
          [
            8.560639842239452,
            47.171108290832386
          ],
          [
            8.560646953288904,
            47.171024030952296
          ],
          [
            8.560625549721752,
            47.170687126654855
          ],
          [
            8.560689804620447,
            47.170632373091735
          ],
          [
            8.560700787030104,
            47.170523886066725
          ],
          [
            8.56074405327961,
            47.170308683320435
          ],
          [
            8.560734996588444,
            47.17012338869278
          ],
          [
            8.560701689760752,
            47.17006997331269
          ],
          [
            8.56065028864359,
            47.16995887415998
          ],
          [
            8.560411446575346,
            47.169697044835026
          ],
          [
            8.56029065291099,
            47.1694584425951
          ],
          [
            8.560308562244117,
            47.16941859705919
          ],
          [
            8.560276289971382,
            47.169286117433636
          ],
          [
            8.56025273552298,
            47.169122094920255
          ],
          [
            8.560251349887455,
            47.169038997335235
          ],
          [
            8.5602572329645,
            47.169020741724374
          ],
          [
            8.560240818264457,
            47.1689179191828
          ],
          [
            8.560195028367351,
            47.16874151044632
          ],
          [
            8.5601441836899,
            47.168596428941626
          ],
          [
            8.559971414582426,
            47.1683448933973
          ],
          [
            8.559801195342,
            47.16821057346818
          ],
          [
            8.559696612147647,
            47.1681561161447
          ],
          [
            8.55945193652308,
            47.16798420853481
          ],
          [
            8.559408986840587,
            47.16790545591967
          ],
          [
            8.55940317138344,
            47.16781925297497
          ],
          [
            8.559424186762966,
            47.16765815149363
          ],
          [
            8.55933147249189,
            47.16752476705443
          ],
          [
            8.559239647928475,
            47.16733117476719
          ],
          [
            8.559204683865046,
            47.167212952199094
          ],
          [
            8.55920971462272,
            47.167053832539125
          ],
          [
            8.559222956107496,
            47.16700272503701
          ],
          [
            8.559235360818397,
            47.16687512638912
          ],
          [
            8.559232843930044,
            47.16677257312054
          ],
          [
            8.559264790624399,
            47.166562167762805
          ],
          [
            8.559249018939674,
            47.16639859092269
          ],
          [
            8.559166937688218,
            47.16608877834753
          ],
          [
            8.559170675444213,
            47.16606192580681
          ],
          [
            8.559128065240706,
            47.16585818370742
          ],
          [
            8.559300626839546,
            47.16569979816474
          ],
          [
            8.559583339415903,
            47.16552257272563
          ],
          [
            8.559704143892901,
            47.16547137965132
          ],
          [
            8.559860332314766,
            47.16535825714416
          ],
          [
            8.559969335586436,
            47.16521537778957
          ],
          [
            8.560061887545533,
            47.16512523847749
          ],
          [
            8.560173150998928,
            47.16485927584952
          ],
          [
            8.560222104262287,
            47.164716666734805
          ],
          [
            8.560177419985258,
            47.16459724376242
          ],
          [
            8.560106797243819,
            47.164495093459706
          ],
          [
            8.559985514546591,
            47.16434331290202
          ],
          [
            8.55992210127099,
            47.16414141097003
          ],
          [
            8.559879058832347,
            47.16402664063829
          ],
          [
            8.55985485825628,
            47.163878195707454
          ],
          [
            8.559707402290162,
            47.16360330301374
          ],
          [
            8.559567828897363,
            47.16336274184775
          ],
          [
            8.559509500231407,
            47.163139614266996
          ],
          [
            8.559559701541541,
            47.16299675932966
          ],
          [
            8.559607378110238,
            47.16293236240975
          ],
          [
            8.559779171249389,
            47.16259426745085
          ],
          [
            8.559867036070704,
            47.162514168090794
          ],
          [
            8.560033855100897,
            47.162424132474726
          ],
          [
            8.560126899112232,
            47.16235645045568
          ],
          [
            8.560345764563657,
            47.16221554909745
          ],
          [
            8.56035920970818,
            47.16221894431699
          ],
          [
            8.560580597260817,
            47.162164430562
          ],
          [
            8.560828812551938,
            47.16203071745191
          ],
          [
            8.560801613084429,
            47.1618557016082
          ],
          [
            8.560768829602312,
            47.161727616797926
          ],
          [
            8.560787730502138,
            47.16151567371629
          ],
          [
            8.561118537848051,
            47.16105899131002
          ],
          [
            8.561277325840347,
            47.16074548900606
          ],
          [
            8.561338715135074,
            47.16040321521248
          ],
          [
            8.561394853884643,
            47.1598892826311
          ],
          [
            8.561268991287962,
            47.15974267557423
          ],
          [
            8.561048212356015,
            47.15959175899714
          ],
          [
            8.560807483647187,
            47.15941961784105
          ],
          [
            8.560609389381272,
            47.15925915060691
          ],
          [
            8.560505684282594,
            47.159139457661475
          ],
          [
            8.56045089085518,
            47.159054128020045
          ],
          [
            8.560401310902849,
            47.158956396414844
          ],
          [
            8.56035537478955,
            47.15880975560316
          ],
          [
            8.56034344318077,
            47.158693530518065
          ],
          [
            8.560346110287956,
            47.1585495732576
          ],
          [
            8.560359481761141,
            47.15840854316655
          ],
          [
            8.5603831607698,
            47.157979675953484
          ],
          [
            8.560392781377038,
            47.157499238461185
          ],
          [
            8.560422926184161,
            47.157319750036066
          ],
          [
            8.56049907109883,
            47.15716670115727
          ],
          [
            8.56058636614416,
            47.15701837416386
          ],
          [
            8.56065967380084,
            47.15687408766345
          ],
          [
            8.560696258316348,
            47.156728189259056
          ],
          [
            8.560711739358663,
            47.15657776494672
          ],
          [
            8.560716432739893,
            47.156577692178445
          ],
          [
            8.560728937030584,
            47.156427449821045
          ],
          [
            8.560753529869475,
            47.1560064985972
          ],
          [
            8.560753563192437,
            47.15587724791357
          ],
          [
            8.560751464463959,
            47.155806706036984
          ],
          [
            8.560731473244262,
            47.155674043403025
          ],
          [
            8.56071153683278,
            47.155598718886715
          ],
          [
            8.560676502136312,
            47.155522210274796
          ],
          [
            8.560629191595739,
            47.15544641510639
          ],
          [
            8.560518796996437,
            47.15530356045846
          ],
          [
            8.560315904524325,
            47.15510592425808
          ],
          [
            8.560280836317038,
            47.15503469633437
          ],
          [
            8.560269395200368,
            47.15500224342137
          ],
          [
            8.560264912496084,
            47.15495509563101
          ],
          [
            8.560272910044299,
            47.15485342908111
          ],
          [
            8.560285986570305,
            47.154797159337534
          ],
          [
            8.560341325468922,
            47.15467842505771
          ],
          [
            8.560388059313034,
            47.154642436260254
          ],
          [
            8.560416138871252,
            47.154627499416335
          ],
          [
            8.560449598789793,
            47.15461570357152
          ],
          [
            8.560478942317001,
            47.15460948022593
          ],
          [
            8.560830047292729,
            47.15457939216671
          ],
          [
            8.560947838801095,
            47.154573790079795
          ],
          [
            8.56124266613303,
            47.15450315741203
          ],
          [
            8.56133618639043,
            47.154462681523675
          ],
          [
            8.561426433817239,
            47.15441518486369
          ],
          [
            8.561575307888441,
            47.15437502304741
          ],
          [
            8.562116904987342,
            47.154247662673654
          ],
          [
            8.562424979220495,
            47.15419195638046
          ],
          [
            8.562756166649962,
            47.15413984655992
          ],
          [
            8.562978581665963,
            47.15407505357712
          ],
          [
            8.563126307538823,
            47.154069471494616
          ],
          [
            8.56323404579215,
            47.15407313196621
          ],
          [
            8.563418440666583,
            47.154064177431096
          ],
          [
            8.563607500692903,
            47.15400927182231
          ],
          [
            8.563698364444777,
            47.15393727197597
          ],
          [
            8.563816231826582,
            47.15381742055531
          ],
          [
            8.563820201066214,
            47.153790439548786
          ],
          [
            8.563814947686705,
            47.15375131457863
          ],
          [
            8.563787024417612,
            47.153642505622294
          ],
          [
            8.563771608307794,
            47.153611126419236
          ],
          [
            8.563686655607382,
            47.15349628139757
          ],
          [
            8.563486400695961,
            47.15332524319877
          ],
          [
            8.563266617055234,
            47.153146677267806
          ],
          [
            8.563186977847987,
            47.15309698090869
          ],
          [
            8.563039542718876,
            47.15302211153303
          ],
          [
            8.562848551054607,
            47.15295351490329
          ],
          [
            8.562698937320942,
            47.15291238234641
          ],
          [
            8.562245758194319,
            47.15280842066321
          ],
          [
            8.562024649217093,
            47.15276181454723
          ],
          [
            8.56193553374911,
            47.15273804558698
          ],
          [
            8.561849351261376,
            47.15270447856745
          ],
          [
            8.56181150980174,
            47.15267518919914
          ],
          [
            8.561799494072737,
            47.15263108357568
          ],
          [
            8.561811775695807,
            47.152574740408255
          ],
          [
            8.56184755552138,
            47.1525126983834
          ],
          [
            8.561916089012305,
            47.152432938769245
          ],
          [
            8.562198577848735,
            47.15214954026331
          ],
          [
            8.562331329695784,
            47.152040231830064
          ],
          [
            8.56229374228397,
            47.15202115027907
          ],
          [
            8.562254400656032,
            47.15199074224844
          ],
          [
            8.562193088090483,
            47.15187857981379
          ],
          [
            8.562109331722146,
            47.1517965653301
          ],
          [
            8.562089499383186,
            47.15175009823492
          ],
          [
            8.562088622465724,
            47.15171020178155
          ],
          [
            8.562119109772278,
            47.151665573085985
          ],
          [
            8.562163107771907,
            47.15166653766217
          ],
          [
            8.562230837234624,
            47.15170183196437
          ],
          [
            8.56227359746711,
            47.151680265311875
          ],
          [
            8.562270498133131,
            47.15163627052795
          ],
          [
            8.562235341168954,
            47.15160480509486
          ],
          [
            8.562115221117331,
            47.15155192314238
          ],
          [
            8.562047082389029,
            47.151510938479
          ],
          [
            8.562024981480594,
            47.151453131931795
          ],
          [
            8.561965634541416,
            47.15140693379213
          ],
          [
            8.56188585654777,
            47.15139191640959
          ],
          [
            8.561813802173775,
            47.15139117172714
          ],
          [
            8.561750234099458,
            47.15141277046931
          ],
          [
            8.561676160878537,
            47.15141259415204
          ],
          [
            8.561628562021244,
            47.15139774816757
          ],
          [
            8.561534411987925,
            47.151358906259674
          ],
          [
            8.56148501637337,
            47.15132126460905
          ],
          [
            8.561453405391175,
            47.15117592347491
          ],
          [
            8.561387684048166,
            47.15112314842511
          ],
          [
            8.561235661109041,
            47.15105863965292
          ],
          [
            8.561135744960453,
            47.15102650153867
          ],
          [
            8.561028600246676,
            47.15099550436706
          ],
          [
            8.560926410186031,
            47.15098823444255
          ],
          [
            8.560820725621078,
            47.15093001077685
          ],
          [
            8.560691846499372,
            47.15089507831423
          ],
          [
            8.560527405268074,
            47.150880993827485
          ],
          [
            8.560421944811148,
            47.15087622018326
          ],
          [
            8.560201567018535,
            47.1509169159569
          ],
          [
            8.560146645755628,
            47.15095471175085
          ],
          [
            8.560032087729263,
            47.15101294251387
          ],
          [
            8.559983957216179,
            47.15101925896953
          ],
          [
            8.55975486831261,
            47.15101176777474
          ],
          [
            8.559659255503062,
            47.15103835547052
          ],
          [
            8.559589218776816,
            47.15106907474818
          ],
          [
            8.559334114514366,
            47.15110324353606
          ],
          [
            8.559206757041483,
            47.15108805818073
          ],
          [
            8.558999966210806,
            47.15103141154022
          ],
          [
            8.558914103035974,
            47.15104312368171
          ],
          [
            8.558755500151952,
            47.15095893014688
          ],
          [
            8.558674863932684,
            47.15094504337167
          ],
          [
            8.558601389606562,
            47.150889634540405
          ],
          [
            8.558559060692724,
            47.15086567729469
          ],
          [
            8.55849926663789,
            47.150878610595704
          ],
          [
            8.558446204733317,
            47.15091205152754
          ],
          [
            8.558395123868099,
            47.15097337786104
          ],
          [
            8.558358210933218,
            47.15105577814616
          ],
          [
            8.558366109677756,
            47.15110999040019
          ],
          [
            8.558359621119282,
            47.15113516960568
          ],
          [
            8.55831763551645,
            47.15117301849489
          ],
          [
            8.558181429264636,
            47.15122463037173
          ],
          [
            8.558135750720284,
            47.15129461184935
          ],
          [
            8.55808350798431,
            47.15131617928285
          ],
          [
            8.557870724100177,
            47.15132858607839
          ],
          [
            8.557846365082277,
            47.15133347388903
          ],
          [
            8.557646834102972,
            47.15186377849971
          ],
          [
            8.557306096773651,
            47.152678164275656
          ],
          [
            8.55672100445267,
            47.15401655834415
          ],
          [
            8.556526203063276,
            47.15448892712594
          ],
          [
            8.555301603040224,
            47.15736866014358
          ],
          [
            8.555357695993678,
            47.15781256605042
          ],
          [
            8.55454464841852,
            47.15785780602154
          ],
          [
            8.554526869673836,
            47.15740991186018
          ],
          [
            8.55370090687698,
            47.15696156943764
          ],
          [
            8.552325525368312,
            47.15661345521223
          ],
          [
            8.55210313021244,
            47.15654211327304
          ],
          [
            8.55187693645452,
            47.156496715268425
          ],
          [
            8.551352718433314,
            47.156274735902706
          ],
          [
            8.551003221068045,
            47.15635628863507
          ],
          [
            8.55074776616003,
            47.15643216343879
          ],
          [
            8.550553748826845,
            47.156596078378605
          ],
          [
            8.550151374445425,
            47.1566146030131
          ],
          [
            8.549007581266233,
            47.15675995485104
          ],
          [
            8.548096593632035,
            47.15666691337732
          ],
          [
            8.54774044542713,
            47.15680717213188
          ],
          [
            8.54747253909282,
            47.157214929521714
          ],
          [
            8.546448440848557,
            47.156969993565845
          ],
          [
            8.54635241189989,
            47.15735580763016
          ],
          [
            8.543689655796006,
            47.157463727722835
          ],
          [
            8.542951442035477,
            47.157951635658115
          ],
          [
            8.543108168604421,
            47.15917730310147
          ],
          [
            8.542673682014938,
            47.15928902594521
          ],
          [
            8.541506607762567,
            47.15916461961139
          ],
          [
            8.539983110697884,
            47.16171556113109
          ],
          [
            8.54023622657616,
            47.162077084312266
          ],
          [
            8.539211394769431,
            47.1633283298477
          ],
          [
            8.538774124809365,
            47.163200167852764
          ],
          [
            8.53767563853043,
            47.16330628150067
          ],
          [
            8.537210466595287,
            47.16371220931561
          ],
          [
            8.535962300409416,
            47.16493871366594
          ],
          [
            8.536319087884022,
            47.16662991059686
          ],
          [
            8.535934239066266,
            47.166574255248086
          ],
          [
            8.53579215021141,
            47.16663718545987
          ],
          [
            8.535827129432677,
            47.16666412670122
          ],
          [
            8.535780888603663,
            47.16671517715176
          ],
          [
            8.535747156962538,
            47.167099091120136
          ],
          [
            8.535849274759576,
            47.167492666341225
          ],
          [
            8.536174619464509,
            47.16788108080564
          ],
          [
            8.53630348999651,
            47.168042375761075
          ],
          [
            8.53685558806271,
            47.16842356034098
          ],
          [
            8.537275661944868,
            47.16862591918661
          ],
          [
            8.539741663139733,
            47.16905525051318
          ],
          [
            8.539692130868545,
            47.16913665834745
          ],
          [
            8.53934620542956,
            47.16949040245483
          ],
          [
            8.538754728834942,
            47.17021598047547
          ],
          [
            8.53912052119809,
            47.170805385440865
          ],
          [
            8.539079020101296,
            47.171321052715015
          ],
          [
            8.539080076815344,
            47.17136602081551
          ],
          [
            8.539051240187161,
            47.17139168229016
          ],
          [
            8.538935306991089,
            47.171473508813754
          ],
          [
            8.538837610330729,
            47.17158065449596
          ],
          [
            8.538822775849365,
            47.17163484213942
          ],
          [
            8.538772747491258,
            47.17166920703631
          ],
          [
            8.538750535790156,
            47.171711698902975
          ],
          [
            8.538696562558307,
            47.17174539982016
          ],
          [
            8.53868051483907,
            47.17176111569341
          ],
          [
            8.538549747214377,
            47.17180159573426
          ],
          [
            8.538465847661383,
            47.171836859976786
          ],
          [
            8.53824436780282,
            47.171868059582735
          ],
          [
            8.538180824367915,
            47.17188799842222
          ],
          [
            8.53804591755536,
            47.17202432098164
          ],
          [
            8.537942313717238,
            47.172110544474045
          ],
          [
            8.537892659619768,
            47.1721143742047
          ],
          [
            8.537852269612358,
            47.172178737018804
          ],
          [
            8.537724339022317,
            47.17223025363356
          ],
          [
            8.537699736487143,
            47.172262369160926
          ],
          [
            8.537532324673295,
            47.172319767978216
          ],
          [
            8.537516007556967,
            47.172355150716086
          ],
          [
            8.537484126582864,
            47.17237202512813
          ],
          [
            8.537456394454946,
            47.17240271319304
          ],
          [
            8.537430824197413,
            47.17241790811274
          ],
          [
            8.537379858063046,
            47.1725210349826
          ],
          [
            8.53731249374579,
            47.17257402379551
          ],
          [
            8.537298314969693,
            47.172599841712085
          ],
          [
            8.537298099647673,
            47.17262597608944
          ],
          [
            8.53722673364065,
            47.172667830476605
          ],
          [
            8.537237979694362,
            47.172703489754745
          ],
          [
            8.537221976455998,
            47.17273232962115
          ],
          [
            8.537213485907476,
            47.172773052960615
          ],
          [
            8.537156438347694,
            47.172865937772535
          ],
          [
            8.537114313492703,
            47.17295124970518
          ],
          [
            8.537094362716172,
            47.172970304001375
          ],
          [
            8.537097603613825,
            47.17301443263361
          ],
          [
            8.536905740573227,
            47.17310636425916
          ],
          [
            8.53684714325936,
            47.173200271203775
          ],
          [
            8.536735117088869,
            47.1732227768922
          ],
          [
            8.536534814318527,
            47.17328406833252
          ],
          [
            8.536510986684547,
            47.17332186143254
          ],
          [
            8.536463933871014,
            47.173331656806475
          ],
          [
            8.536418248924711,
            47.17337983247146
          ],
          [
            8.536373221178136,
            47.17339831626062
          ],
          [
            8.536273461698517,
            47.1734734908422
          ],
          [
            8.53628118938662,
            47.173534443497665
          ],
          [
            8.536245429680854,
            47.17357450930562
          ],
          [
            8.536207365932233,
            47.173585217344566
          ],
          [
            8.536172697903588,
            47.1736186969093
          ],
          [
            8.53616180631733,
            47.173676183924194
          ],
          [
            8.536033654631165,
            47.173789212823706
          ],
          [
            8.5360025240831,
            47.1738433845313
          ],
          [
            8.53599663198304,
            47.17387835276305
          ],
          [
            8.536030589824348,
            47.17392215249761
          ],
          [
            8.536042425273424,
            47.17396470590463
          ],
          [
            8.53602016284493,
            47.17401645417787
          ],
          [
            8.536027514625298,
            47.17410089801603
          ],
          [
            8.535999023793602,
            47.17424841018776
          ],
          [
            8.535936263010228,
            47.17436587089421
          ],
          [
            8.535603590486755,
            47.17466042905337
          ],
          [
            8.533974831637872,
            47.17471747672084
          ],
          [
            8.532873757921022,
            47.17468906391487
          ],
          [
            8.531882491533597,
            47.17473455794873
          ],
          [
            8.531511804672284,
            47.17467279775228
          ],
          [
            8.531423475685065,
            47.17444189137108
          ],
          [
            8.5311333553929,
            47.17404151627182
          ],
          [
            8.530564831451839,
            47.17367528522606
          ],
          [
            8.530539270220615,
            47.17374858122371
          ],
          [
            8.53049787863755,
            47.17376758591404
          ],
          [
            8.530441695645374,
            47.173840749640135
          ],
          [
            8.5303759654933,
            47.17395161460765
          ],
          [
            8.530224711619063,
            47.17406125782979
          ],
          [
            8.5301709691365,
            47.17415191273518
          ],
          [
            8.530189207308352,
            47.17421431327417
          ],
          [
            8.530144880502231,
            47.17428475564488
          ],
          [
            8.530077802481996,
            47.17431407891027
          ],
          [
            8.530033327645263,
            47.174404438941
          ],
          [
            8.530075276004224,
            47.17445085429158
          ],
          [
            8.530017044872897,
            47.174534912915846
          ],
          [
            8.529846712431873,
            47.1746335549886
          ],
          [
            8.529788141430457,
            47.17463434426459
          ],
          [
            8.529732612068653,
            47.174647788494084
          ],
          [
            8.529488837263218,
            47.174769093651875
          ],
          [
            8.52944161254405,
            47.17480487609543
          ],
          [
            8.529408526711512,
            47.17485149915484
          ],
          [
            8.529398221437905,
            47.174883756170004
          ],
          [
            8.529396743833676,
            47.17491675710688
          ],
          [
            8.529425314861832,
            47.17501882043849
          ],
          [
            8.529383065918752,
            47.17518156481214
          ],
          [
            8.52936588335213,
            47.17532558558496
          ],
          [
            8.529318773944077,
            47.17550619630376
          ],
          [
            8.529292891422687,
            47.17557097616357
          ],
          [
            8.529261302259677,
            47.175631510195174
          ],
          [
            8.52931728032795,
            47.17563096166831
          ],
          [
            8.529355386782353,
            47.17628943038762
          ],
          [
            8.527727629067902,
            47.17703350030527
          ],
          [
            8.527510865136698,
            47.17705726689909
          ],
          [
            8.527036724031733,
            47.177071485417365
          ],
          [
            8.525458724633786,
            47.17773615148764
          ],
          [
            8.525381441002846,
            47.17765503030394
          ],
          [
            8.523876477037563,
            47.17838191773675
          ],
          [
            8.523356592432968,
            47.178904848695375
          ],
          [
            8.52352690813626,
            47.17943264329284
          ],
          [
            8.523780296145077,
            47.17971920201311
          ],
          [
            8.524307084987818,
            47.17973332241962
          ],
          [
            8.524350695736015,
            47.18045527556316
          ],
          [
            8.524380799263716,
            47.18050445836207
          ],
          [
            8.524530147690422,
            47.18051721737877
          ],
          [
            8.524500182624454,
            47.18052101738291
          ],
          [
            8.524475668191805,
            47.18053334775382
          ],
          [
            8.52446252753246,
            47.18055286624151
          ],
          [
            8.524463893172056,
            47.180572697645545
          ],
          [
            8.52462141598998,
            47.18087310361009
          ],
          [
            8.524797385283845,
            47.181165041325734
          ],
          [
            8.524935904400113,
            47.18144166192571
          ],
          [
            8.525698692071241,
            47.181290539131226
          ],
          [
            8.52583315358044,
            47.181559424817685
          ],
          [
            8.526356174502913,
            47.18140416648739
          ],
          [
            8.526691306426262,
            47.18193377199275
          ],
          [
            8.526696151008714,
            47.181956593003235
          ],
          [
            8.526688271338207,
            47.181981108536405
          ],
          [
            8.526867499061979,
            47.18201607107595
          ],
          [
            8.526917238630272,
            47.18206914256085
          ],
          [
            8.526911655064687,
            47.18207031980742
          ],
          [
            8.526935312771425,
            47.182101481746244
          ],
          [
            8.526990792159204,
            47.18214678070093
          ],
          [
            8.527028749115313,
            47.18219204743229
          ],
          [
            8.527317651212938,
            47.182647964564744
          ],
          [
            8.527415413200275,
            47.182818738747315
          ],
          [
            8.527506912367718,
            47.18302406121575
          ],
          [
            8.527573665112367,
            47.18323225345299
          ],
          [
            8.527596301838535,
            47.18333442715895
          ],
          [
            8.527632433208952,
            47.18354662425192
          ],
          [
            8.527670825589844,
            47.183701354057035
          ],
          [
            8.527639622183548,
            47.18373060612332
          ],
          [
            8.527482231639112,
            47.18381329844712
          ],
          [
            8.527379836793259,
            47.1839070656537
          ],
          [
            8.527336911929236,
            47.18388553143655
          ],
          [
            8.525929273260266,
            47.1851917381555
          ],
          [
            8.525611420449247,
            47.18537419335914
          ],
          [
            8.525644000090338,
            47.18541516643489
          ],
          [
            8.525269062063478,
            47.18584830006477
          ],
          [
            8.524786646922289,
            47.186080153895375
          ],
          [
            8.524534927522247,
            47.18619541457986
          ],
          [
            8.524022140243925,
            47.18637571010919
          ],
          [
            8.523465581292106,
            47.186437602207334
          ],
          [
            8.523393167859869,
            47.18642858744149
          ],
          [
            8.523203762855017,
            47.18589291319353
          ],
          [
            8.522346859218565,
            47.1852011010709
          ],
          [
            8.522254677507847,
            47.18510133537037
          ],
          [
            8.52215316385167,
            47.185069798995826
          ],
          [
            8.521194995603478,
            47.18468660760467
          ],
          [
            8.520641253038681,
            47.18274985670964
          ],
          [
            8.519154056980048,
            47.182971293492834
          ],
          [
            8.51899513827541,
            47.18298276143062
          ],
          [
            8.518831725073776,
            47.18301276624982
          ],
          [
            8.51872572371021,
            47.18302267567774
          ],
          [
            8.518454467890868,
            47.18301779956683
          ],
          [
            8.5181881320528,
            47.18298472949155
          ],
          [
            8.517929844385563,
            47.182919577050036
          ],
          [
            8.517693278958058,
            47.182829752397346
          ],
          [
            8.517479036717566,
            47.18271102211138
          ],
          [
            8.517296785665929,
            47.18257695100124
          ],
          [
            8.51714723576883,
            47.182422836869954
          ],
          [
            8.517031911409893,
            47.18225492648392
          ],
          [
            8.516997305139757,
            47.18217713309553
          ],
          [
            8.516981874690044,
            47.182180084291616
          ],
          [
            8.516629105058147,
            47.18206430546089
          ],
          [
            8.516061870459996,
            47.182476747938
          ],
          [
            8.516047062230308,
            47.18246801691928
          ],
          [
            8.515984958623797,
            47.18245695798439
          ],
          [
            8.515810579896067,
            47.18256750862668
          ],
          [
            8.515763684907364,
            47.18258769280887
          ],
          [
            8.515631824342737,
            47.18262584463202
          ],
          [
            8.515577003752812,
            47.18269081092813
          ],
          [
            8.515454448720114,
            47.182746857632466
          ],
          [
            8.515368782444703,
            47.18279689189232
          ],
          [
            8.515320408930306,
            47.18284590255821
          ],
          [
            8.515080027494616,
            47.18295307544203
          ],
          [
            8.51513584047508,
            47.182990496774195
          ],
          [
            8.515133985864516,
            47.18299734176404
          ],
          [
            8.514882578628699,
            47.18323794079
          ],
          [
            8.514605740219553,
            47.183378008536074
          ],
          [
            8.514513198859554,
            47.183443839667106
          ],
          [
            8.514404713534779,
            47.18349630839097
          ],
          [
            8.514317544773563,
            47.18355703362907
          ],
          [
            8.51422388925032,
            47.18359832600749
          ],
          [
            8.513972042285275,
            47.18377012890245
          ],
          [
            8.51386502449497,
            47.183834619468534
          ],
          [
            8.513800630120539,
            47.1838639168995
          ],
          [
            8.513743090810305,
            47.183877812808745
          ],
          [
            8.513621246229738,
            47.18394317927292
          ],
          [
            8.513553744035093,
            47.183967540032555
          ],
          [
            8.513167632143904,
            47.18418504208244
          ],
          [
            8.512966801589586,
            47.1843081591376
          ],
          [
            8.512774838956906,
            47.18441494707067
          ],
          [
            8.51258563639369,
            47.18450940297997
          ],
          [
            8.512542894204389,
            47.184521010267304
          ],
          [
            8.512492040951537,
            47.18454069027596
          ],
          [
            8.512381868549593,
            47.18461975468692
          ],
          [
            8.512271435178553,
            47.18468583181998
          ],
          [
            8.512011614562022,
            47.18485931485374
          ],
          [
            8.511811528773402,
            47.18497179911151
          ],
          [
            8.511764501567708,
            47.18497899325011
          ],
          [
            8.511674129779788,
            47.18495726591504
          ],
          [
            8.51162912164401,
            47.18495657904886
          ],
          [
            8.511564620553344,
            47.18497739337039
          ],
          [
            8.511406373489288,
            47.185067465742165
          ],
          [
            8.511325656544916,
            47.18512780465975
          ],
          [
            8.511262656325872,
            47.18515768134727
          ],
          [
            8.511208035941607,
            47.18519551295224
          ],
          [
            8.510928352192828,
            47.18532165498228
          ],
          [
            8.510829060140477,
            47.18537694016226
          ],
          [
            8.510766338730894,
            47.18543129090688
          ],
          [
            8.51072274563952,
            47.18545711842354
          ],
          [
            8.51064877630418,
            47.18544731854646
          ],
          [
            8.51055320119167,
            47.18551098871188
          ],
          [
            8.510420195657561,
            47.18555575683332
          ],
          [
            8.510345854656835,
            47.18559459024264
          ],
          [
            8.50989483669254,
            47.18516034501102
          ],
          [
            8.509196432809839,
            47.185523022388956
          ],
          [
            8.508326187230411,
            47.18596588674282
          ],
          [
            8.508347289669716,
            47.185983879650244
          ],
          [
            8.507206247021138,
            47.186585063730675
          ],
          [
            8.507201766317277,
            47.186609789136305
          ],
          [
            8.50792084830575,
            47.18722280624201
          ],
          [
            8.507661627706657,
            47.18754648131325
          ],
          [
            8.507426267679032,
            47.187862539850315
          ],
          [
            8.507402613702055,
            47.18790707158297
          ],
          [
            8.507392185062727,
            47.187966305187814
          ],
          [
            8.507402795067927,
            47.18802248286209
          ],
          [
            8.507419926969336,
            47.188057028639214
          ],
          [
            8.507513515020198,
            47.1881543550914
          ],
          [
            8.50752857636368,
            47.18817508491702
          ],
          [
            8.507540556177274,
            47.18821461707782
          ],
          [
            8.507533294882274,
            47.1882547147227
          ],
          [
            8.50713544765669,
            47.18844568690948
          ],
          [
            8.507097713706978,
            47.18840897549519
          ],
          [
            8.506796889610872,
            47.18807711488364
          ],
          [
            8.506179893683921,
            47.187469620942366
          ],
          [
            8.505855365340903,
            47.18711775573086
          ],
          [
            8.50522400622173,
            47.18750550496809
          ],
          [
            8.504153867253844,
            47.18700987510322
          ],
          [
            8.502924999077313,
            47.18669740430241
          ],
          [
            8.502817564969835,
            47.18642751461171
          ],
          [
            8.502683351225581,
            47.185800326188925
          ],
          [
            8.50255658359545,
            47.18532114451116
          ],
          [
            8.502796677328732,
            47.185055787060776
          ],
          [
            8.503212490861968,
            47.185148194342794
          ],
          [
            8.503333413352658,
            47.18490512242376
          ],
          [
            8.503035682772438,
            47.18481145274957
          ],
          [
            8.500557543686513,
            47.18416451613408
          ],
          [
            8.499828991087194,
            47.184647469016426
          ],
          [
            8.49952071230536,
            47.18513066417826
          ],
          [
            8.499253856708059,
            47.18531352918435
          ],
          [
            8.497375110083938,
            47.186359295280624
          ],
          [
            8.497547074667487,
            47.18650756115104
          ],
          [
            8.497621440159662,
            47.18656209163541
          ],
          [
            8.497701175357106,
            47.18661324431561
          ],
          [
            8.497825052234298,
            47.18668056954418
          ],
          [
            8.498226080544747,
            47.186873053394464
          ],
          [
            8.498036620570163,
            47.18705150572638
          ],
          [
            8.498700020444284,
            47.18742201443204
          ],
          [
            8.49904036536225,
            47.18759288031842
          ],
          [
            8.499499666583679,
            47.18767575198783
          ],
          [
            8.49950375929658,
            47.18765656275721
          ],
          [
            8.499589357708924,
            47.187665183154685
          ],
          [
            8.499738472863202,
            47.18767215650734
          ],
          [
            8.500051815871421,
            47.187672991704275
          ],
          [
            8.50012475183855,
            47.18771312291357
          ],
          [
            8.50008868509395,
            47.18793506071865
          ],
          [
            8.500118825811105,
            47.18797706182684
          ],
          [
            8.50004948046175,
            47.18857612074316
          ],
          [
            8.500014980920712,
            47.18984674406112
          ],
          [
            8.499888200401667,
            47.18972004138319
          ],
          [
            8.499747495443687,
            47.19087439547747
          ],
          [
            8.4997769578367,
            47.19139101635542
          ],
          [
            8.500119282472648,
            47.191459365767365
          ],
          [
            8.499988782489648,
            47.191942837642166
          ],
          [
            8.499912791726084,
            47.19231504477794
          ],
          [
            8.499847747036606,
            47.19247276039081
          ],
          [
            8.499670451761265,
            47.19281014389257
          ],
          [
            8.499629007143536,
            47.19290826232636
          ],
          [
            8.49957231979846,
            47.19316338528606
          ],
          [
            8.500129341894754,
            47.19375442021347
          ],
          [
            8.50019413193608,
            47.19380925323807
          ],
          [
            8.500267871129502,
            47.19385884026406
          ],
          [
            8.500373513874228,
            47.19391339539076
          ],
          [
            8.500519554887347,
            47.19375799092487
          ],
          [
            8.50215030159548,
            47.19445737127422
          ],
          [
            8.502159513060668,
            47.19450515140021
          ],
          [
            8.502193994321955,
            47.1945746921453
          ],
          [
            8.502194966828533,
            47.19462028150956
          ],
          [
            8.50221577665947,
            47.194639420651384
          ],
          [
            8.502238041233776,
            47.194689904771444
          ],
          [
            8.502267146669707,
            47.19481760629121
          ],
          [
            8.502378210359772,
            47.194877776699414
          ],
          [
            8.502809225402622,
            47.19508966802301
          ],
          [
            8.50286388917813,
            47.1953914845138
          ],
          [
            8.502774442286803,
            47.19579702924386
          ],
          [
            8.50288235281308,
            47.196132374577004
          ],
          [
            8.502927536894349,
            47.19657320554319
          ],
          [
            8.503573764180441,
            47.19657269889098
          ],
          [
            8.503652366629122,
            47.19675349255426
          ],
          [
            8.503644609850037,
            47.19688291101794
          ],
          [
            8.503591692376357,
            47.197053532960105
          ],
          [
            8.503485096085965,
            47.19721274129537
          ],
          [
            8.503626111241264,
            47.1974127208354
          ],
          [
            8.503791434584839,
            47.19753167748161
          ],
          [
            8.503846933876652,
            47.197725278472156
          ],
          [
            8.503780008127297,
            47.19789896261366
          ],
          [
            8.502891981937948,
            47.198223367708216
          ],
          [
            8.502312686690757,
            47.19828018464986
          ],
          [
            8.502137279843023,
            47.197915588338496
          ],
          [
            8.501060842068242,
            47.19802278648215
          ],
          [
            8.500697312125993,
            47.19844664522782
          ],
          [
            8.499591909193,
            47.19944029908309
          ],
          [
            8.498899993511154,
            47.19954861025776
          ],
          [
            8.498479344297362,
            47.19976025267057
          ],
          [
            8.498266648014352,
            47.19981937691283
          ],
          [
            8.497343062358063,
            47.20001023046001
          ],
          [
            8.497177671160397,
            47.200075547355304
          ],
          [
            8.496698162754637,
            47.20012995200672
          ],
          [
            8.496502675777366,
            47.200114431975365
          ],
          [
            8.496177100750607,
            47.20014279027804
          ],
          [
            8.496080829325392,
            47.201271522339304
          ],
          [
            8.496033133505753,
            47.20239459947299
          ],
          [
            8.496115000181973,
            47.20258513700512
          ],
          [
            8.496480904459972,
            47.203657332185806
          ],
          [
            8.49716159010693,
            47.203510890565944
          ],
          [
            8.497616642225426,
            47.203540403407125
          ],
          [
            8.498206330714854,
            47.203497404175295
          ],
          [
            8.49822620118809,
            47.204087245452484
          ],
          [
            8.498358865810854,
            47.204553988621726
          ],
          [
            8.498857426982521,
            47.20526625965714
          ],
          [
            8.499029401586931,
            47.20548497588339
          ],
          [
            8.499317898147638,
            47.20582172799241
          ],
          [
            8.500008012466015,
            47.206586931030536
          ],
          [
            8.500776201360969,
            47.20722060625492
          ],
          [
            8.501873114607422,
            47.208001736345125
          ],
          [
            8.502723158881057,
            47.208773803294314
          ],
          [
            8.501980581634232,
            47.20936996691399
          ],
          [
            8.501295247115635,
            47.21007606195043
          ],
          [
            8.500392041484163,
            47.21041348435837
          ],
          [
            8.500205605198891,
            47.21051069932395
          ],
          [
            8.49933946130481,
            47.21123777109584
          ],
          [
            8.498404912575005,
            47.212068193969074
          ],
          [
            8.49930209385679,
            47.21196144248805
          ],
          [
            8.500318092650959,
            47.21186373554008
          ],
          [
            8.501283853359826,
            47.21183362551997
          ],
          [
            8.50182942659775,
            47.211883282453705
          ],
          [
            8.502820891847245,
            47.212106631091885
          ],
          [
            8.503324269102842,
            47.212238745776396
          ],
          [
            8.503204340821846,
            47.21238567142535
          ],
          [
            8.503852131909406,
            47.212577312245706
          ],
          [
            8.504230903005237,
            47.21279937903977
          ],
          [
            8.504352370081268,
            47.2129370644837
          ],
          [
            8.504618072796708,
            47.21317238319938
          ],
          [
            8.505043818953972,
            47.213426657168355
          ],
          [
            8.50521024709484,
            47.21353217127727
          ],
          [
            8.505808350715826,
            47.2137745641901
          ],
          [
            8.505812126402038,
            47.213785143884266
          ],
          [
            8.505896882829747,
            47.21385657426386
          ],
          [
            8.505513144131166,
            47.21430130480142
          ],
          [
            8.505339539956907,
            47.21449269081418
          ],
          [
            8.505214046008879,
            47.214621346214585
          ],
          [
            8.505066265319716,
            47.214756576653095
          ],
          [
            8.505108403327231,
            47.21477030936587
          ],
          [
            8.505462282916154,
            47.21470192239987
          ],
          [
            8.506330225329021,
            47.214554133994596
          ],
          [
            8.507203151400534,
            47.214390388717895
          ],
          [
            8.50731036373179,
            47.21437708804534
          ],
          [
            8.507414533191868,
            47.214397152814236
          ],
          [
            8.507962716744764,
            47.214609368268064
          ],
          [
            8.508144919766556,
            47.21471564025894
          ],
          [
            8.508588956436032,
            47.214919239705885
          ],
          [
            8.509144105178349,
            47.21505088419616
          ],
          [
            8.509420275035914,
            47.214967420255704
          ],
          [
            8.509711676021633,
            47.21519814362314
          ],
          [
            8.510031231756969,
            47.21542120104731
          ],
          [
            8.510413176446583,
            47.215697191207035
          ],
          [
            8.510920946199457,
            47.2156052712626
          ],
          [
            8.511618932578477,
            47.21551262047667
          ],
          [
            8.512179919720946,
            47.2154898602536
          ],
          [
            8.512342801638582,
            47.215517685118364
          ],
          [
            8.51258760102769,
            47.21604091063523
          ],
          [
            8.512672908849716,
            47.21625022295462
          ],
          [
            8.51269458427417,
            47.216330242664135
          ],
          [
            8.51272414818407,
            47.216375754031795
          ],
          [
            8.512774299349832,
            47.216416224808555
          ],
          [
            8.512792430843913,
            47.21644535403711
          ],
          [
            8.512793055499941,
            47.21650273049288
          ],
          [
            8.512838473273664,
            47.2165395662309
          ],
          [
            8.512611189316097,
            47.216636804332595
          ],
          [
            8.512671378934646,
            47.21689699550858
          ],
          [
            8.512755884610664,
            47.21698940974248
          ],
          [
            8.51279026002363,
            47.217083155045536
          ],
          [
            8.512705524199243,
            47.217306574859315
          ],
          [
            8.512713059097566,
            47.217489077170676
          ],
          [
            8.512552009611131,
            47.21823635946622
          ],
          [
            8.512438665610501,
            47.21865727191828
          ],
          [
            8.51247117688217,
            47.218971073390726
          ],
          [
            8.512574441746038,
            47.21941353429241
          ],
          [
            8.512642914016988,
            47.21939643405683
          ],
          [
            8.516892280792542,
            47.21960544651079
          ],
          [
            8.51749871739683,
            47.21960174649426
          ],
          [
            8.517918918117159,
            47.219575059998235
          ],
          [
            8.520645408531399,
            47.21932598480378
          ],
          [
            8.52083838449572,
            47.2196512572161
          ],
          [
            8.520940619004007,
            47.21980975983781
          ],
          [
            8.521075280624517,
            47.219996239475876
          ],
          [
            8.521224715584397,
            47.22017934171422
          ],
          [
            8.521655274278125,
            47.21995404046593
          ],
          [
            8.521572761156886,
            47.219876906271566
          ],
          [
            8.521653263383486,
            47.219795468638324
          ],
          [
            8.52167702572975,
            47.21972228265573
          ],
          [
            8.521630212913497,
            47.21965221608701
          ],
          [
            8.521533101530435,
            47.219579851816206
          ],
          [
            8.521429336709346,
            47.21953751404191
          ],
          [
            8.521423169160952,
            47.21948463348109
          ],
          [
            8.521534335915796,
            47.219458931631536
          ],
          [
            8.521602109908546,
            47.21938077111661
          ],
          [
            8.521671970900202,
            47.21936457896053
          ],
          [
            8.521764504323803,
            47.21932438942811
          ],
          [
            8.521825571722012,
            47.21916874158898
          ],
          [
            8.521922132757965,
            47.21901327261227
          ],
          [
            8.521967612030245,
            47.21896802022648
          ],
          [
            8.522027339417123,
            47.21894827098905
          ],
          [
            8.522256774307492,
            47.218932088541166
          ],
          [
            8.522342226389888,
            47.21893342544809
          ],
          [
            8.522422971878191,
            47.21892012591321
          ],
          [
            8.522446084558327,
            47.21887878995231
          ],
          [
            8.522514850245699,
            47.21882489841236
          ],
          [
            8.522646532921543,
            47.2188402198081
          ],
          [
            8.522832483505455,
            47.218899288104986
          ],
          [
            8.522881146331008,
            47.21889321680036
          ],
          [
            8.523045629612513,
            47.21875248970639
          ],
          [
            8.523128182502017,
            47.218714408017725
          ],
          [
            8.52319995735179,
            47.21872428387401
          ],
          [
            8.523223641948498,
            47.21874436369978
          ],
          [
            8.523201136073284,
            47.21877067161015
          ],
          [
            8.523156304267717,
            47.21879961853805
          ],
          [
            8.523172396803046,
            47.2188385614828
          ],
          [
            8.523233841191649,
            47.218854012862174
          ],
          [
            8.52334342119887,
            47.21885628222562
          ],
          [
            8.523526937711994,
            47.21883114737832
          ],
          [
            8.523708588831706,
            47.218899511147704
          ],
          [
            8.523784951845176,
            47.21889668673327
          ],
          [
            8.523839381050399,
            47.218878092915006
          ],
          [
            8.523850868658144,
            47.21883910607922
          ],
          [
            8.523844706235026,
            47.218780738307466
          ],
          [
            8.523932620224352,
            47.218751816924396
          ],
          [
            8.524036429207671,
            47.21876899159582
          ],
          [
            8.524135105051565,
            47.218770049621966
          ],
          [
            8.524196870440864,
            47.218735626352796
          ],
          [
            8.524278065736357,
            47.21872110687482
          ],
          [
            8.524429243934163,
            47.21874003856703
          ],
          [
            8.524583740403214,
            47.21878127462832
          ],
          [
            8.524659961171876,
            47.218805905272895
          ],
          [
            8.524837038184748,
            47.2188440225192
          ],
          [
            8.524967956603962,
            47.218829492369835
          ],
          [
            8.525073645381568,
            47.21884883428853
          ],
          [
            8.52514488850999,
            47.21880588331041
          ],
          [
            8.525231633415123,
            47.218740261272174
          ],
          [
            8.525391442326216,
            47.2187206454647
          ],
          [
            8.52550032692919,
            47.21874911426773
          ],
          [
            8.525575116696553,
            47.218804648405126
          ],
          [
            8.525638103844429,
            47.21881996700562
          ],
          [
            8.525703518995417,
            47.21887157754016
          ],
          [
            8.525774565860903,
            47.21887548564746
          ],
          [
            8.525874337234177,
            47.218808345853915
          ],
          [
            8.52588202118975,
            47.2187388639353
          ],
          [
            8.52587506855076,
            47.218654083886605
          ],
          [
            8.525896730507542,
            47.218595435539385
          ],
          [
            8.525943267408302,
            47.21857380277316
          ],
          [
            8.526017433396213,
            47.218607096610775
          ],
          [
            8.526105241099572,
            47.21862689426056
          ],
          [
            8.526249043430628,
            47.21858892461866
          ],
          [
            8.526418216307533,
            47.21864930601418
          ],
          [
            8.526550984530544,
            47.21865370113734
          ],
          [
            8.526633365897913,
            47.2186747910249
          ],
          [
            8.526715451689947,
            47.21870989865848
          ],
          [
            8.526804094404678,
            47.21870583178432
          ],
          [
            8.526890067339533,
            47.218680875495906
          ],
          [
            8.526976826623851,
            47.2186400706091
          ],
          [
            8.527042441832876,
            47.218627522488745
          ],
          [
            8.52721995316977,
            47.21862725710613
          ],
          [
            8.527263394395778,
            47.21861312833506
          ],
          [
            8.527300105701078,
            47.21858037947598
          ],
          [
            8.527358124170322,
            47.21857667361081
          ],
          [
            8.527472159873584,
            47.21860065707305
          ],
          [
            8.527638853613526,
            47.21859759675697
          ],
          [
            8.527693560510864,
            47.21860956523857
          ],
          [
            8.527762148391266,
            47.21861202910007
          ],
          [
            8.527890536607844,
            47.21861464700351
          ],
          [
            8.527985251732492,
            47.21861053977692
          ],
          [
            8.528015942939929,
            47.218597925620664
          ],
          [
            8.528178433109584,
            47.21860369290378
          ],
          [
            8.528212799403143,
            47.21862045926921
          ],
          [
            8.528332595362523,
            47.21861091506727
          ],
          [
            8.528444613731306,
            47.21858513546239
          ],
          [
            8.528552438924446,
            47.218536312930034
          ],
          [
            8.528663819437195,
            47.21852912388596
          ],
          [
            8.528739233604982,
            47.21856333071033
          ],
          [
            8.528807661803734,
            47.21856897087806
          ],
          [
            8.5288848161785,
            47.21852794060972
          ],
          [
            8.52896739757009,
            47.218451983283465
          ],
          [
            8.528996162970794,
            47.21843623866235
          ],
          [
            8.529067269234654,
            47.218437247614595
          ],
          [
            8.529169855871837,
            47.21840285792759
          ],
          [
            8.529252032517913,
            47.21832262235408
          ],
          [
            8.52930116548557,
            47.2183182979964
          ],
          [
            8.529629529469048,
            47.21826278900772
          ],
          [
            8.529708244393213,
            47.21822646603938
          ],
          [
            8.5298286504882,
            47.21818929823906
          ],
          [
            8.529936140587456,
            47.218170729498375
          ],
          [
            8.529998265819051,
            47.218141858890995
          ],
          [
            8.530043994035386,
            47.21807295164698
          ],
          [
            8.530091412939775,
            47.217963341614755
          ],
          [
            8.53012416157014,
            47.217907330980736
          ],
          [
            8.53009840233646,
            47.217805143094154
          ],
          [
            8.530107874350495,
            47.21777436960056
          ],
          [
            8.530137455049587,
            47.21775138455811
          ],
          [
            8.530252445891053,
            47.21771224362666
          ],
          [
            8.530381725907333,
            47.21771660440638
          ],
          [
            8.530505389201402,
            47.21770259545974
          ],
          [
            8.5306504315719,
            47.21770621279545
          ],
          [
            8.53072302850917,
            47.21768910758837
          ],
          [
            8.530879495799635,
            47.21759923376483
          ],
          [
            8.530969815570627,
            47.21756426612109
          ],
          [
            8.531090049561044,
            47.21756143452134
          ],
          [
            8.531101146417907,
            47.217623128511406
          ],
          [
            8.531152845097093,
            47.21765781959256
          ],
          [
            8.531219667489907,
            47.217678604023796
          ],
          [
            8.531244375130004,
            47.2177027474954
          ],
          [
            8.53140337336707,
            47.21776063641426
          ],
          [
            8.531520307301916,
            47.217837904844934
          ],
          [
            8.531561742082348,
            47.21788329886593
          ],
          [
            8.531577281401589,
            47.21793687267209
          ],
          [
            8.531569807765035,
            47.218013045730295
          ],
          [
            8.531583002321437,
            47.21805913052304
          ],
          [
            8.531647623100554,
            47.21811685323369
          ],
          [
            8.531781663330321,
            47.21820932340998
          ],
          [
            8.531900557888115,
            47.218268114035105
          ],
          [
            8.53189176666816,
            47.218299205057704
          ],
          [
            8.531840609916083,
            47.218351118063396
          ],
          [
            8.53183451244129,
            47.21840482524418
          ],
          [
            8.531874805404303,
            47.21845116552505
          ],
          [
            8.531869868629462,
            47.218480924600826
          ],
          [
            8.53181438223492,
            47.21852385617895
          ],
          [
            8.531828005698653,
            47.218571529077245
          ],
          [
            8.531834697284612,
            47.218626293274575
          ],
          [
            8.531811328744851,
            47.218662506173644
          ],
          [
            8.531821913211436,
            47.21870812995086
          ],
          [
            8.531782506812092,
            47.218742606011006
          ],
          [
            8.531755237091003,
            47.218827593666
          ],
          [
            8.531764843429341,
            47.21890028526139
          ],
          [
            8.531705044431112,
            47.218930565027655
          ],
          [
            8.531733385306998,
            47.2190212947483
          ],
          [
            8.53173113369443,
            47.219057756977946
          ],
          [
            8.531692283577325,
            47.219091687990044
          ],
          [
            8.531765867014622,
            47.219149226619265
          ],
          [
            8.531747524114738,
            47.2192226692396
          ],
          [
            8.531757735856841,
            47.21927653645192
          ],
          [
            8.531828965012448,
            47.219338379254246
          ],
          [
            8.531790327931946,
            47.219415666685926
          ],
          [
            8.531815344048029,
            47.21945355226267
          ],
          [
            8.531867944747638,
            47.21949285816349
          ],
          [
            8.53188263415666,
            47.21953840698067
          ],
          [
            8.531832659096263,
            47.21959522029244
          ],
          [
            8.531825468273126,
            47.219638727915864
          ],
          [
            8.531870873166607,
            47.21970901972016
          ],
          [
            8.5318757778191,
            47.21974870637912
          ],
          [
            8.531854780107382,
            47.21981500477467
          ],
          [
            8.531857383831014,
            47.21990488128982
          ],
          [
            8.531934407647087,
            47.219965949381546
          ],
          [
            8.53190739985028,
            47.22003858370696
          ],
          [
            8.531906119407262,
            47.22009347752809
          ],
          [
            8.531950580932502,
            47.22014989816517
          ],
          [
            8.532055912088726,
            47.22021411575678
          ],
          [
            8.532104258383315,
            47.22026937501468
          ],
          [
            8.532119937924492,
            47.22031231469083
          ],
          [
            8.532180848288593,
            47.220364702001746
          ],
          [
            8.532273940581094,
            47.22039859476173
          ],
          [
            8.53230183171994,
            47.22046015612507
          ],
          [
            8.532304921067505,
            47.2204820848527
          ],
          [
            8.532382617951217,
            47.22049725111596
          ],
          [
            8.532412408270888,
            47.22053482135757
          ],
          [
            8.532525302696762,
            47.22064854100795
          ],
          [
            8.532523560528212,
            47.22070665061889
          ],
          [
            8.532575644705505,
            47.22087290587294
          ],
          [
            8.532557732381566,
            47.22094284524816
          ],
          [
            8.532537646024805,
            47.22097429545152
          ],
          [
            8.532534469537719,
            47.22099909028377
          ],
          [
            8.532549307499837,
            47.22104668857479
          ],
          [
            8.532571937382041,
            47.221225997200904
          ],
          [
            8.532601881954337,
            47.22127624061155
          ],
          [
            8.532599938885141,
            47.22132711073099
          ],
          [
            8.532627596247256,
            47.22136817344376
          ],
          [
            8.532621276344043,
            47.22144647648704
          ],
          [
            8.532601231460509,
            47.22152770749666
          ],
          [
            8.532596264165804,
            47.22158564982717
          ],
          [
            8.532610128828342,
            47.22167213597543
          ],
          [
            8.532571837735484,
            47.22170183404609
          ],
          [
            8.532544842460695,
            47.221744108499756
          ],
          [
            8.532569123879485,
            47.22181569808931
          ],
          [
            8.532521649068217,
            47.22189152241991
          ],
          [
            8.532485165903818,
            47.22198571013567
          ],
          [
            8.532477765526682,
            47.22204865008008
          ],
          [
            8.532479617892905,
            47.22208690840935
          ],
          [
            8.532509740162249,
            47.222112907233225
          ],
          [
            8.532528731358225,
            47.222104702867625
          ],
          [
            8.53255355807248,
            47.22213130969604
          ],
          [
            8.532621652727125,
            47.22209395223808
          ],
          [
            8.532968362259048,
            47.22185066719715
          ],
          [
            8.533125940874678,
            47.2217508129027
          ],
          [
            8.533333833053113,
            47.221639055883124
          ],
          [
            8.533555725095708,
            47.221540415788475
          ],
          [
            8.533744970247962,
            47.22147048452487
          ],
          [
            8.535724155731325,
            47.22080651729724
          ],
          [
            8.535870310727573,
            47.22073267506549
          ],
          [
            8.535963904946561,
            47.220648071030666
          ],
          [
            8.536086359610596,
            47.220612226528026
          ],
          [
            8.536372721670197,
            47.22059938657746
          ],
          [
            8.536418705571815,
            47.22066089148291
          ],
          [
            8.536408474330557,
            47.22072012558646
          ],
          [
            8.536496762246783,
            47.22078158705917
          ],
          [
            8.536520952729216,
            47.22083436710205
          ],
          [
            8.536575585605984,
            47.22086437712486
          ],
          [
            8.536543137247751,
            47.22098427295647
          ],
          [
            8.536598936692695,
            47.22104150130286
          ],
          [
            8.536668654272043,
            47.22115278597675
          ],
          [
            8.53664722550157,
            47.22126404901578
          ],
          [
            8.53665856986948,
            47.22139594119232
          ],
          [
            8.536607710442786,
            47.22154711006915
          ],
          [
            8.53665945747669,
            47.221589579378545
          ],
          [
            8.536673764391054,
            47.22166191992008
          ],
          [
            8.53672834860611,
            47.221781435797354
          ],
          [
            8.53684881398018,
            47.22178427224089
          ],
          [
            8.536930110659144,
            47.22180032767411
          ],
          [
            8.536988755879769,
            47.22184240721943
          ],
          [
            8.537089644197538,
            47.221856377653985
          ],
          [
            8.537212147905526,
            47.22194425595481
          ],
          [
            8.537450841481698,
            47.222014491940065
          ],
          [
            8.53749867938295,
            47.22207292924472
          ],
          [
            8.537559943965942,
            47.22208887850174
          ],
          [
            8.537645119089202,
            47.22212206888614
          ],
          [
            8.537753768630859,
            47.22212687920782
          ],
          [
            8.53778672536785,
            47.22217372823822
          ],
          [
            8.5379116547312,
            47.22220674594008
          ],
          [
            8.537964777491583,
            47.222201741153754
          ],
          [
            8.538006922171224,
            47.222205458841536
          ],
          [
            8.5381229968786,
            47.22229457596502
          ],
          [
            8.538273534271724,
            47.22235863525643
          ],
          [
            8.538332391653235,
            47.22235702983317
          ],
          [
            8.538438333001343,
            47.222430420265795
          ],
          [
            8.538480897770718,
            47.222428232706264
          ],
          [
            8.538576989682971,
            47.22254656875219
          ],
          [
            8.53866566396495,
            47.22256493633095
          ],
          [
            8.538752784109574,
            47.22258862604583
          ],
          [
            8.53880565870429,
            47.22266971041871
          ],
          [
            8.53887127041133,
            47.222672277098894
          ],
          [
            8.538928374076093,
            47.222690019509514
          ],
          [
            8.539006609815546,
            47.22269967992713
          ],
          [
            8.53906788506602,
            47.222738539890585
          ],
          [
            8.539100807120606,
            47.222799664781384
          ],
          [
            8.53917087657766,
            47.22284429675408
          ],
          [
            8.539165746350616,
            47.22290424697373
          ],
          [
            8.539218944934573,
            47.223006152703135
          ],
          [
            8.539225554509976,
            47.22305397272382
          ],
          [
            8.539340689515221,
            47.22307994903262
          ],
          [
            8.539382788524726,
            47.22307435629156
          ],
          [
            8.53945246185618,
            47.22305868588201
          ],
          [
            8.53960511452177,
            47.22301626119777
          ],
          [
            8.539788693284748,
            47.22301559473122
          ],
          [
            8.539861077276024,
            47.22298665674351
          ],
          [
            8.540593872686587,
            47.2227373446646
          ],
          [
            8.543231904737235,
            47.22207398629101
          ],
          [
            8.543450745562492,
            47.22204571030597
          ],
          [
            8.54442960661779,
            47.221920166239784
          ],
          [
            8.545107488214011,
            47.22170772117619
          ],
          [
            8.545156176593233,
            47.22152808930711
          ],
          [
            8.545408700259488,
            47.221514616455146
          ],
          [
            8.545595569646213,
            47.221497114384704
          ],
          [
            8.54588942458028,
            47.22139582458175
          ],
          [
            8.546198064478446,
            47.22162008434384
          ],
          [
            8.546482836486815,
            47.22177883347041
          ],
          [
            8.54681851378486,
            47.22193513109511
          ],
          [
            8.546951411607434,
            47.22196502187253
          ],
          [
            8.547184760851394,
            47.22196409851733
          ],
          [
            8.547253039718164,
            47.22194375908598
          ],
          [
            8.547299337209623,
            47.22194268375787
          ],
          [
            8.54730719358579,
            47.2219745153148
          ],
          [
            8.548009140580504,
            47.22197927063224
          ],
          [
            8.548650260715549,
            47.22200647606877
          ],
          [
            8.54997880280468,
            47.22187572397234
          ],
          [
            8.551234731132068,
            47.22169618243753
          ],
          [
            8.55267169787144,
            47.22163166536954
          ],
          [
            8.552965572524124,
            47.221654162947644
          ],
          [
            8.553105567350514,
            47.22202306523295
          ],
          [
            8.553847161828518,
            47.22323577343401
          ],
          [
            8.554255329240235,
            47.22305514807328
          ],
          [
            8.55453873867474,
            47.22293645897446
          ],
          [
            8.555463773055182,
            47.22256388385605
          ],
          [
            8.55748758316306,
            47.22169955919492
          ],
          [
            8.557590395309804,
            47.22165189144144
          ],
          [
            8.557688494187333,
            47.221599843574154
          ],
          [
            8.557820688062835,
            47.22151764403917
          ],
          [
            8.557941085128538,
            47.22142762491017
          ],
          [
            8.558048594190879,
            47.221330642411864
          ],
          [
            8.558142556142515,
            47.22122737765377
          ],
          [
            8.558246226686132,
            47.22126615727409
          ],
          [
            8.55830667598186,
            47.221186813502634
          ],
          [
            8.558365177811073,
            47.2210958213881
          ],
          [
            8.558789121272774,
            47.22031857543055
          ],
          [
            8.558838077724987,
            47.22025984400837
          ],
          [
            8.558960050194715,
            47.22020363173472
          ],
          [
            8.55963034809336,
            47.21984606658232
          ],
          [
            8.559892088561831,
            47.219717319886776
          ],
          [
            8.560355604516147,
            47.2195426821738
          ],
          [
            8.561096342214764,
            47.21954311146571
          ],
          [
            8.562653070043813,
            47.2195567866543
          ],
          [
            8.563517533985518,
            47.21957395693001
          ],
          [
            8.56412830644337,
            47.21961307560534
          ],
          [
            8.564167983350371,
            47.21961309265803
          ],
          [
            8.564224367872662,
            47.21959705123198
          ],
          [
            8.564565952934695,
            47.21946589420054
          ],
          [
            8.56461111679956,
            47.21943869082319
          ],
          [
            8.564755910750355,
            47.21938501083802
          ],
          [
            8.564887220899163,
            47.21934937271712
          ],
          [
            8.564910854311385,
            47.219335549287244
          ],
          [
            8.565183168118951,
            47.2192543815344
          ],
          [
            8.565268733375781,
            47.21924469288239
          ],
          [
            8.565300006746188,
            47.219230021013544
          ],
          [
            8.565522926019115,
            47.21915388740827
          ],
          [
            8.565552051739527,
            47.21915133553372
          ],
          [
            8.56576579884338,
            47.2190716749765
          ],
          [
            8.565784204744299,
            47.21910425673145
          ],
          [
            8.566264540474378,
            47.21896700486654
          ],
          [
            8.566727598149027,
            47.21867806583774
          ],
          [
            8.566962173457563,
            47.21857699641189
          ],
          [
            8.567145650869522,
            47.21852218772929
          ],
          [
            8.567648080256635,
            47.21848621962979
          ],
          [
            8.568127972962056,
            47.21852158043648
          ],
          [
            8.568506911088779,
            47.21852368354561
          ],
          [
            8.569952693442207,
            47.21838329122568
          ],
          [
            8.57027461272124,
            47.21839069827477
          ],
          [
            8.570909097019811,
            47.21849932666136
          ],
          [
            8.571270454899095,
            47.2185060913049
          ],
          [
            8.572407148878948,
            47.21842512780922
          ],
          [
            8.572850588152152,
            47.21838321386232
          ],
          [
            8.57312432871349,
            47.218293530240125
          ],
          [
            8.57365656530227,
            47.21794538302446
          ],
          [
            8.574250817480607,
            47.21771507572497
          ],
          [
            8.574364013268628,
            47.2176302104855
          ],
          [
            8.574397897455436,
            47.217519833212386
          ],
          [
            8.574315772670433,
            47.21718039372016
          ],
          [
            8.574341860542631,
            47.217091466867224
          ],
          [
            8.574374022495011,
            47.217066591714776
          ]
        ]
      }
    }
  ]
}