{
  "type": "FeatureCollection",
  "features": [
    {
      "type": "Feature",
      "properties": {
        "source": "swisstopo SWISSBOUNDARIES3D",
        "source:date": "2026-01-01"
      },
      "geometry": {
        "type": "LineString",
        "coordinates": [
          [
            8.594524153997456,
            47.150504855823804
          ],
          [
            8.593157408863318,
            47.150218052270795
          ],
          [
            8.591660568535683,
            47.15043199119886
          ],
          [
            8.591518211065443,
            47.150422380408955
          ],
          [
            8.591299844907992,
            47.15044575406158
          ],
          [
            8.591150361229573,
            47.150538163316014
          ],
          [
            8.59099870584802,
            47.1506013848576
          ],
          [
            8.590824441513849,
            47.150765369417826
          ],
          [
            8.590703415345613,
            47.15082481135668
          ],
          [
            8.59041335780255,
            47.150956940567745
          ],
          [
            8.590272582222738,
            47.151071166135715
          ],
          [
            8.59016840883706,
            47.15111903211696
          ],
          [
            8.590124699811515,
            47.15118423025094
          ],
          [
            8.590121850509792,
            47.151211156124525
          ],
          [
            8.590096024506499,
            47.151262960427395
          ],
          [
            8.589969336833615,
            47.15132657830631
          ],
          [
            8.589837924236086,
            47.151493640686105
          ],
          [
            8.589694742444221,
            47.1515751989709
          ],
          [
            8.58967232497214,
            47.151650627924354
          ],
          [
            8.5895153033226,
            47.15165768659921
          ],
          [
            8.589349810942744,
            47.15185467645411
          ],
          [
            8.58922437577147,
            47.15212021789135
          ],
          [
            8.589086900128006,
            47.15219190392082
          ],
          [
            8.589050128730621,
            47.15226094537414
          ],
          [
            8.588949451416878,
            47.15228449566808
          ],
          [
            8.588831048087807,
            47.15248650118169
          ],
          [
            8.588641736106716,
            47.15254913350796
          ],
          [
            8.58868992798051,
            47.15257030446956
          ],
          [
            8.58852390266231,
            47.152734778680646
          ],
          [
            8.588467932222015,
            47.15283646857179
          ],
          [
            8.588264393971686,
            47.1529619249367
          ],
          [
            8.58805747950717,
            47.15313715222957
          ],
          [
            8.588070531451876,
            47.153243846462466
          ],
          [
            8.587860286671113,
            47.15335801644392
          ],
          [
            8.587708071866615,
            47.15332631581295
          ],
          [
            8.587484166600825,
            47.153415415440996
          ],
          [
            8.587306268807563,
            47.15343620917006
          ],
          [
            8.587262881705037,
            47.153372862509755
          ],
          [
            8.58694871067618,
            47.153370458010755
          ],
          [
            8.586792043438612,
            47.15331805640251
          ],
          [
            8.5865958399892,
            47.15328096413791
          ],
          [
            8.586508470888797,
            47.153293692477796
          ],
          [
            8.58640015659277,
            47.153237362418395
          ],
          [
            8.586178661515087,
            47.15323782722474
          ],
          [
            8.586126921238629,
            47.153186446879715
          ],
          [
            8.586025720146015,
            47.15312664511291
          ],
          [
            8.5858686480691,
            47.1530638921807
          ],
          [
            8.585688421238237,
            47.15301351421949
          ],
          [
            8.585586101930254,
            47.15295010692816
          ],
          [
            8.585293266552425,
            47.152854577001364
          ],
          [
            8.585085370963697,
            47.15280403313858
          ],
          [
            8.584909710507477,
            47.15273650752196
          ],
          [
            8.584832328339989,
            47.1527426401313
          ],
          [
            8.584699125931055,
            47.15269152215502
          ],
          [
            8.584444699481677,
            47.152648601382126
          ],
          [
            8.584278321899385,
            47.15260192445786
          ],
          [
            8.584099654819493,
            47.15257622184421
          ],
          [
            8.583903848000398,
            47.15257039031922
          ],
          [
            8.583732143978557,
            47.15250585509708
          ],
          [
            8.583564637555359,
            47.15247971669979
          ],
          [
            8.583464012159297,
            47.15245588100244
          ],
          [
            8.58328743462751,
            47.15243720001234
          ],
          [
            8.582891509259763,
            47.15221761292261
          ],
          [
            8.582893435526891,
            47.15217324469039
          ],
          [
            8.582577547622234,
            47.151943918499335
          ],
          [
            8.582548857845378,
            47.15188243898025
          ],
          [
            8.58247722251021,
            47.15185569634874
          ],
          [
            8.582374721842571,
            47.15168539149336
          ],
          [
            8.582368518555183,
            47.151598734101775
          ],
          [
            8.582319632198915,
            47.15155662530671
          ],
          [
            8.582216535382955,
            47.151563902437154
          ],
          [
            8.582097064054542,
            47.15151763760732
          ],
          [
            8.581946217903896,
            47.151365624582645
          ],
          [
            8.581882106542102,
            47.15132313619274
          ],
          [
            8.581779967325918,
            47.151304225772265
          ],
          [
            8.58153724475694,
            47.151326068690516
          ],
          [
            8.581370213003131,
            47.151320702609794
          ],
          [
            8.58120966612345,
            47.15124229831475
          ],
          [
            8.581064073470447,
            47.151257193154095
          ],
          [
            8.580942780029117,
            47.15123854420686
          ],
          [
            8.580780957261508,
            47.15116395719509
          ],
          [
            8.580742336906651,
            47.151107874347574
          ],
          [
            8.58064208650973,
            47.15107670994343
          ],
          [
            8.580535967918435,
            47.15106964036376
          ],
          [
            8.58035365628611,
            47.15091663328833
          ],
          [
            8.580237915366324,
            47.150893034799836
          ],
          [
            8.580017150233248,
            47.15090995180658
          ],
          [
            8.579739232194406,
            47.150841409040275
          ],
          [
            8.579648653440522,
            47.15085500964031
          ],
          [
            8.57944814443362,
            47.15084539404195
          ],
          [
            8.579183533214362,
            47.150859802715026
          ],
          [
            8.579091108326093,
            47.150875886016266
          ],
          [
            8.578803313892877,
            47.15087477212037
          ],
          [
            8.578690376537192,
            47.15084036738062
          ],
          [
            8.578598377966452,
            47.15083746502609
          ],
          [
            8.578445218781063,
            47.15087599141458
          ],
          [
            8.57827030337588,
            47.15088054032019
          ],
          [
            8.57818672295014,
            47.15090017853616
          ],
          [
            8.578109675166614,
            47.15090272301985
          ],
          [
            8.57778964382703,
            47.1510542419599
          ],
          [
            8.577588864403577,
            47.15107841382223
          ],
          [
            8.5774860833886,
            47.15103295950782
          ],
          [
            8.577256116455953,
            47.15091801268026
          ],
          [
            8.577199736069376,
            47.15088479176579
          ],
          [
            8.577144928527584,
            47.150923656172935
          ],
          [
            8.577093558337577,
            47.15091829941846
          ],
          [
            8.577100249082319,
            47.15086522125286
          ],
          [
            8.57704811156586,
            47.150841142927185
          ],
          [
            8.576989080769726,
            47.15086372177813
          ],
          [
            8.576867785795832,
            47.15087279345996
          ],
          [
            8.576828886400236,
            47.15090694843769
          ],
          [
            8.576796978622637,
            47.15095363725831
          ],
          [
            8.576659084779198,
            47.15099821725717
          ],
          [
            8.576519626626814,
            47.15120246006989
          ],
          [
            8.576478193847471,
            47.15122974024721
          ],
          [
            8.576429083479857,
            47.15124633744525
          ],
          [
            8.576102631786906,
            47.151322539772394
          ],
          [
            8.575976719692738,
            47.15138247312293
          ],
          [
            8.575932162603136,
            47.1513812674816
          ],
          [
            8.57587492178577,
            47.151357185112765
          ],
          [
            8.575808950211721,
            47.15136470112756
          ],
          [
            8.575762330493339,
            47.151401100032906
          ],
          [
            8.575721968956136,
            47.15139006546171
          ],
          [
            8.575669089138268,
            47.15140366802937
          ],
          [
            8.575589337931397,
            47.151468326164
          ],
          [
            8.575509899413818,
            47.15148128261113
          ],
          [
            8.57546412091559,
            47.15151073735855
          ],
          [
            8.575309756698134,
            47.15152438021009
          ],
          [
            8.575217448142576,
            47.151593246241376
          ],
          [
            8.57514948745869,
            47.1515735514153
          ],
          [
            8.575048248875413,
            47.15155969973249
          ],
          [
            8.574958295541736,
            47.151515285882425
          ],
          [
            8.574838842471669,
            47.15141490399838
          ],
          [
            8.574762808809004,
            47.1513758039147
          ],
          [
            8.57461632321079,
            47.15132261960615
          ],
          [
            8.574470898679495,
            47.151302025205354
          ],
          [
            8.57429591221115,
            47.15123803918347
          ],
          [
            8.574272364124585,
            47.15119592872652
          ],
          [
            8.574096746806525,
            47.1511481769529
          ],
          [
            8.574038010220399,
            47.15109517813814
          ],
          [
            8.573963142658386,
            47.151097329490185
          ],
          [
            8.573858002383313,
            47.151033750837904
          ],
          [
            8.573709942266683,
            47.15100074938114
          ],
          [
            8.573680745115121,
            47.15091732313748
          ],
          [
            8.573567739628034,
            47.15089820682955
          ],
          [
            8.573534897152177,
            47.150846211657914
          ],
          [
            8.573336890746631,
            47.15077481394662
          ],
          [
            8.573194825840833,
            47.15077016124091
          ],
          [
            8.573124107442764,
            47.150721679073904
          ],
          [
            8.572900870745288,
            47.1506942037983
          ],
          [
            8.572691187146093,
            47.15063111526049
          ],
          [
            8.572618740273407,
            47.15063297200334
          ],
          [
            8.572504211262974,
            47.15068755378889
          ],
          [
            8.572381730309978,
            47.150694185583504
          ],
          [
            8.57229306424938,
            47.15074275494624
          ],
          [
            8.572134187321359,
            47.1507051263284
          ],
          [
            8.571963280251428,
            47.15074327919572
          ],
          [
            8.571738955482461,
            47.15081450464188
          ],
          [
            8.571617639119966,
            47.15076714971315
          ],
          [
            8.57153154222315,
            47.150788238178365
          ],
          [
            8.57132264690996,
            47.15075673242626
          ],
          [
            8.571230894895002,
            47.150824033487574
          ],
          [
            8.571129458240886,
            47.15079571517845
          ],
          [
            8.570989489426557,
            47.15080037668566
          ],
          [
            8.57087120014151,
            47.15088924061328
          ],
          [
            8.570767080233848,
            47.150904883578995
          ],
          [
            8.57064256836169,
            47.15087287882174
          ],
          [
            8.570465399984297,
            47.150915579939756
          ],
          [
            8.570352818421032,
            47.15090834867423
          ],
          [
            8.57024701310826,
            47.15097526545449
          ],
          [
            8.57017901710366,
            47.15094566375448
          ],
          [
            8.570010609191131,
            47.15101356499348
          ],
          [
            8.569785020876225,
            47.15107197109529
          ],
          [
            8.569708251770567,
            47.151096465789
          ],
          [
            8.569615516678187,
            47.151050581866905
          ],
          [
            8.569540142810801,
            47.15105311313608
          ],
          [
            8.569339599990895,
            47.15101123953469
          ],
          [
            8.56926372243877,
            47.150939353863656
          ],
          [
            8.569156535525075,
            47.150954656687674
          ],
          [
            8.569020491808292,
            47.1509385240531
          ],
          [
            8.568870839771145,
            47.15090053940656
          ],
          [
            8.568772568223137,
            47.1508222166252
          ],
          [
            8.568480580375187,
            47.150734210307846
          ],
          [
            8.5682818635508,
            47.15075189568268
          ],
          [
            8.568109324266716,
            47.15071220075181
          ],
          [
            8.568009654570124,
            47.15066816480155
          ],
          [
            8.567905925134008,
            47.15049919090537
          ],
          [
            8.567743439822035,
            47.15034657223693
          ],
          [
            8.567546157580567,
            47.1502690314321
          ],
          [
            8.567489134190637,
            47.15020812325981
          ],
          [
            8.567440570345415,
            47.15012816003548
          ],
          [
            8.567361365418689,
            47.15005463257963
          ],
          [
            8.567314739409106,
            47.1499921379912
          ],
          [
            8.56716659526566,
            47.14995794155299
          ],
          [
            8.56715272145698,
            47.149865286690705
          ],
          [
            8.566946106035221,
            47.149681398930795
          ],
          [
            8.566906645586688,
            47.14963038440709
          ],
          [
            8.566852213889879,
            47.14959790400469
          ],
          [
            8.566787965439074,
            47.14948441433278
          ],
          [
            8.566756690718822,
            47.14936880206563
          ],
          [
            8.566614133045013,
            47.14927922637483
          ],
          [
            8.56662378985968,
            47.14912863304163
          ],
          [
            8.566652900804607,
            47.149065242465866
          ],
          [
            8.566649452514744,
            47.14899483968549
          ],
          [
            8.566618691424388,
            47.14896239689649
          ],
          [
            8.566470552797217,
            47.14893080829386
          ],
          [
            8.56640582281974,
            47.14882568016512
          ],
          [
            8.566219999257626,
            47.14875654373288
          ],
          [
            8.56606417397548,
            47.14875688386456
          ],
          [
            8.5659512377653,
            47.148790168595156
          ],
          [
            8.565814018445165,
            47.14873605476036
          ],
          [
            8.56565654443685,
            47.14874200584389
          ],
          [
            8.565575228046322,
            47.148730190605455
          ],
          [
            8.565411105180898,
            47.14863826995419
          ],
          [
            8.565246987992573,
            47.148623028643826
          ],
          [
            8.565208739987286,
            47.1486132201194
          ],
          [
            8.565164101850305,
            47.14857796227325
          ],
          [
            8.565176380053439,
            47.1483067555954
          ],
          [
            8.56516611920138,
            47.14828346719074
          ],
          [
            8.565113247489451,
            47.14822787865086
          ],
          [
            8.565003207871396,
            47.14815439971349
          ],
          [
            8.564925471976336,
            47.14809022977361
          ],
          [
            8.564914587569758,
            47.148061738923296
          ],
          [
            8.564733040422041,
            47.14807594868928
          ],
          [
            8.564623188078397,
            47.14810223023919
          ],
          [
            8.564625179019504,
            47.14810723936258
          ],
          [
            8.564541720336068,
            47.148128926493115
          ],
          [
            8.56444912538179,
            47.148160094537495
          ],
          [
            8.564340684740529,
            47.14820649444421
          ],
          [
            8.56425085409616,
            47.14826190575498
          ],
          [
            8.56417059578214,
            47.148330465035556
          ],
          [
            8.564111047718015,
            47.148403193524636
          ],
          [
            8.56406809861097,
            47.1484814718483
          ],
          [
            8.564049664542987,
            47.14853415131257
          ],
          [
            8.564038806572988,
            47.14858780914289
          ],
          [
            8.564034284904547,
            47.14866249996099
          ],
          [
            8.564036878982781,
            47.1487300684989
          ],
          [
            8.5640560397234,
            47.148846168822416
          ],
          [
            8.564159312578465,
            47.14920926943485
          ],
          [
            8.564144553496515,
            47.14921097012379
          ],
          [
            8.564187577648328,
            47.149375170950705
          ],
          [
            8.564206057481215,
            47.14937294807569
          ],
          [
            8.564214032264719,
            47.14941106590062
          ],
          [
            8.564222196765742,
            47.14948015416434
          ],
          [
            8.564222753750427,
            47.14954176046327
          ],
          [
            8.564215869836582,
            47.14961070812845
          ],
          [
            8.564201127707078,
            47.14967906700897
          ],
          [
            8.564192068497876,
            47.14970915641785
          ],
          [
            8.564185297452084,
            47.14970947455911
          ],
          [
            8.563923850814268,
            47.150555526126375
          ],
          [
            8.563930231852623,
            47.15055672309932
          ],
          [
            8.56370818355091,
            47.151263719378235
          ],
          [
            8.563664869840805,
            47.15145654359398
          ],
          [
            8.56355228093938,
            47.15168301464154
          ],
          [
            8.563425239713727,
            47.151850560969024
          ],
          [
            8.56337245855716,
            47.1519487256676
          ],
          [
            8.563366217098803,
            47.15194727541749
          ],
          [
            8.562971368295623,
            47.152690763902136
          ],
          [
            8.562959022320442,
            47.15268748419819
          ],
          [
            8.56290228066155,
            47.15279556465805
          ],
          [
            8.562904180569893,
            47.15285086077043
          ],
          [
            8.562848551054607,
            47.15295351490329
          ],
          [
            8.563039542718876,
            47.15302211153303
          ],
          [
            8.563186977847987,
            47.15309698090869
          ],
          [
            8.563266617055234,
            47.153146677267806
          ],
          [
            8.563486400695961,
            47.15332524319877
          ],
          [
            8.563686655607382,
            47.15349628139757
          ],
          [
            8.563771608307794,
            47.153611126419236
          ],
          [
            8.563787024417612,
            47.153642505622294
          ],
          [
            8.563814947686705,
            47.15375131457863
          ],
          [
            8.563820201066214,
            47.153790439548786
          ],
          [
            8.563816231826582,
            47.15381742055531
          ],
          [
            8.563698364444777,
            47.15393727197597
          ],
          [
            8.563607500692903,
            47.15400927182231
          ],
          [
            8.563418440666583,
            47.154064177431096
          ],
          [
            8.56323404579215,
            47.15407313196621
          ],
          [
            8.563126307538823,
            47.154069471494616
          ],
          [
            8.562978581665963,
            47.15407505357712
          ],
          [
            8.562756166649962,
            47.15413984655992
          ],
          [
            8.562424979220495,
            47.15419195638046
          ],
          [
            8.562116904987342,
            47.154247662673654
          ],
          [
            8.561575307888441,
            47.15437502304741
          ],
          [
            8.561426433817239,
            47.15441518486369
          ],
          [
            8.56133618639043,
            47.154462681523675
          ],
          [
            8.56124266613303,
            47.15450315741203
          ],
          [
            8.560947838801095,
            47.154573790079795
          ],
          [
            8.560830047292729,
            47.15457939216671
          ],
          [
            8.560478942317001,
            47.15460948022593
          ],
          [
            8.560449598789793,
            47.15461570357152
          ],
          [
            8.560416138871252,
            47.154627499416335
          ],
          [
            8.560388059313034,
            47.154642436260254
          ],
          [
            8.560341325468922,
            47.15467842505771
          ],
          [
            8.560285986570305,
            47.154797159337534
          ],
          [
            8.560272910044299,
            47.15485342908111
          ],
          [
            8.560264912496084,
            47.15495509563101
          ],
          [
            8.560269395200368,
            47.15500224342137
          ],
          [
            8.560280836317038,
            47.15503469633437
          ],
          [
            8.560315904524325,
            47.15510592425808
          ],
          [
            8.560518796996437,
            47.15530356045846
          ],
          [
            8.560629191595739,
            47.15544641510639
          ],
          [
            8.560676502136312,
            47.155522210274796
          ],
          [
            8.56071153683278,
            47.155598718886715
          ],
          [
            8.560731473244262,
            47.155674043403025
          ],
          [
            8.560751464463959,
            47.155806706036984
          ],
          [
            8.560753563192437,
            47.15587724791357
          ],
          [
            8.560753529869475,
            47.1560064985972
          ],
          [
            8.560728937030584,
            47.156427449821045
          ],
          [
            8.560716432739893,
            47.156577692178445
          ],
          [
            8.560711739358663,
            47.15657776494672
          ],
          [
            8.560696258316348,
            47.156728189259056
          ],
          [
            8.56065967380084,
            47.15687408766345
          ],
          [
            8.56058636614416,
            47.15701837416386
          ],
          [
            8.56049907109883,
            47.15716670115727
          ],
          [
            8.560422926184161,
            47.157319750036066
          ],
          [
            8.560392781377038,
            47.157499238461185
          ],
          [
            8.5603831607698,
            47.157979675953484
          ],
          [
            8.560359481761141,
            47.15840854316655
          ],
          [
            8.560346110287956,
            47.1585495732576
          ],
          [
            8.56034344318077,
            47.158693530518065
          ],
          [
            8.56035537478955,
            47.15880975560316
          ],
          [
            8.560401310902849,
            47.158956396414844
          ],
          [
            8.56045089085518,
            47.159054128020045
          ],
          [
            8.560505684282594,
            47.159139457661475
          ],
          [
            8.560609389381272,
            47.15925915060691
          ],
          [
            8.560807483647187,
            47.15941961784105
          ],
          [
            8.561048212356015,
            47.15959175899714
          ],
          [
            8.561268991287962,
            47.15974267557423
          ],
          [
            8.561394853884643,
            47.1598892826311
          ],
          [
            8.561338715135074,
            47.16040321521248
          ],
          [
            8.561277325840347,
            47.16074548900606
          ],
          [
            8.561118537848051,
            47.16105899131002
          ],
          [
            8.560787730502138,
            47.16151567371629
          ],
          [
            8.560768829602312,
            47.161727616797926
          ],
          [
            8.560801613084429,
            47.1618557016082
          ],
          [
            8.560828812551938,
            47.16203071745191
          ],
          [
            8.560580597260817,
            47.162164430562
          ],
          [
            8.56035920970818,
            47.16221894431699
          ],
          [
            8.560345764563657,
            47.16221554909745
          ],
          [
            8.560126899112232,
            47.16235645045568
          ],
          [
            8.560033855100897,
            47.162424132474726
          ],
          [
            8.559867036070704,
            47.162514168090794
          ],
          [
            8.559779171249389,
            47.16259426745085
          ],
          [
            8.559607378110238,
            47.16293236240975
          ],
          [
            8.559559701541541,
            47.16299675932966
          ],
          [
            8.559509500231407,
            47.163139614266996
          ],
          [
            8.559567828897363,
            47.16336274184775
          ],
          [
            8.559707402290162,
            47.16360330301374
          ],
          [
            8.55985485825628,
            47.163878195707454
          ],
          [
            8.559879058832347,
            47.16402664063829
          ],
          [
            8.55992210127099,
            47.16414141097003
          ],
          [
            8.559985514546591,
            47.16434331290202
          ],
          [
            8.560106797243819,
            47.164495093459706
          ],
          [
            8.560177419985258,
            47.16459724376242
          ],
          [
            8.560222104262287,
            47.164716666734805
          ],
          [
            8.560173150998928,
            47.16485927584952
          ],
          [
            8.560061887545533,
            47.16512523847749
          ],
          [
            8.559969335586436,
            47.16521537778957
          ],
          [
            8.559860332314766,
            47.16535825714416
          ],
          [
            8.559704143892901,
            47.16547137965132
          ],
          [
            8.559583339415903,
            47.16552257272563
          ],
          [
            8.559300626839546,
            47.16569979816474
          ],
          [
            8.559128065240706,
            47.16585818370742
          ],
          [
            8.559170675444213,
            47.16606192580681
          ],
          [
            8.559166937688218,
            47.16608877834753
          ],
          [
            8.559249018939674,
            47.16639859092269
          ],
          [
            8.559264790624399,
            47.166562167762805
          ],
          [
            8.559232843930044,
            47.16677257312054
          ],
          [
            8.559235360818397,
            47.16687512638912
          ],
          [
            8.559222956107496,
            47.16700272503701
          ],
          [
            8.55920971462272,
            47.167053832539125
          ],
          [
            8.559204683865046,
            47.167212952199094
          ],
          [
            8.559239647928475,
            47.16733117476719
          ],
          [
            8.55933147249189,
            47.16752476705443
          ],
          [
            8.559424186762966,
            47.16765815149363
          ],
          [
            8.55940317138344,
            47.16781925297497
          ],
          [
            8.559408986840587,
            47.16790545591967
          ],
          [
            8.55945193652308,
            47.16798420853481
          ],
          [
            8.559696612147647,
            47.1681561161447
          ],
          [
            8.559801195342,
            47.16821057346818
          ],
          [
            8.559971414582426,
            47.1683448933973
          ],
          [
            8.5601441836899,
            47.168596428941626
          ],
          [
            8.560195028367351,
            47.16874151044632
          ],
          [
            8.560240818264457,
            47.1689179191828
          ],
          [
            8.5602572329645,
            47.169020741724374
          ],
          [
            8.560251349887455,
            47.169038997335235
          ],
          [
            8.56025273552298,
            47.169122094920255
          ],
          [
            8.560276289971382,
            47.169286117433636
          ],
          [
            8.560308562244117,
            47.16941859705919
          ],
          [
            8.56029065291099,
            47.1694584425951
          ],
          [
            8.560411446575346,
            47.169697044835026
          ],
          [
            8.56065028864359,
            47.16995887415998
          ],
          [
            8.560701689760752,
            47.17006997331269
          ],
          [
            8.560734996588444,
            47.17012338869278
          ],
          [
            8.56074405327961,
            47.170308683320435
          ],
          [
            8.560700787030104,
            47.170523886066725
          ],
          [
            8.560689804620447,
            47.170632373091735
          ],
          [
            8.560625549721752,
            47.170687126654855
          ],
          [
            8.560646953288904,
            47.171024030952296
          ],
          [
            8.560639842239452,
            47.171108290832386
          ],
          [
            8.560516317741106,
            47.17140907826801
          ],
          [
            8.560472979562453,
            47.17147622173187
          ],
          [
            8.560436762377412,
            47.17154451016946
          ],
          [
            8.56041348014436,
            47.17164145865182
          ],
          [
            8.560445087303304,
            47.17185035392671
          ],
          [
            8.56042435686698,
            47.172055810336644
          ],
          [
            8.560105562780334,
            47.17238866323373
          ],
          [
            8.559984808518395,
            47.172524181441624
          ],
          [
            8.559777824553533,
            47.17273555461394
          ],
          [
            8.5597111281184,
            47.17281057165375
          ],
          [
            8.559661705102409,
            47.17288458377365
          ],
          [
            8.559664994808125,
            47.172953449569874
          ],
          [
            8.559692591804657,
            47.173005679445744
          ],
          [
            8.559858520447165,
            47.17309884115853
          ],
          [
            8.559869382780379,
            47.173130570996214
          ],
          [
            8.560008631845195,
            47.173211488476106
          ],
          [
            8.560259798148358,
            47.1732726759139
          ],
          [
            8.560493359520311,
            47.1733479867332
          ],
          [
            8.560690046678602,
            47.173462158127826
          ],
          [
            8.56077576752203,
            47.1735394586288
          ],
          [
            8.560817968289832,
            47.173623075655144
          ],
          [
            8.560823402194163,
            47.173665158387756
          ],
          [
            8.560789052941368,
            47.17390873631008
          ],
          [
            8.560734631564356,
            47.17406960583919
          ],
          [
            8.560714222746581,
            47.17411173367048
          ],
          [
            8.560526923570128,
            47.17443408460873
          ],
          [
            8.560425028071869,
            47.17455373986162
          ],
          [
            8.560198536560838,
            47.17479454871198
          ],
          [
            8.56014249476821,
            47.17489208620262
          ],
          [
            8.560113864867173,
            47.174909600926874
          ],
          [
            8.560040534002994,
            47.17507291225703
          ],
          [
            8.560027580872712,
            47.17523099340048
          ],
          [
            8.559913852179442,
            47.17532184239812
          ],
          [
            8.559888135734527,
            47.175424256756344
          ],
          [
            8.55986797091393,
            47.175576920775434
          ],
          [
            8.559922247268963,
            47.17577656346749
          ],
          [
            8.55990084601519,
            47.17578587561218
          ],
          [
            8.559792335655777,
            47.175986681601415
          ],
          [
            8.559655072774815,
            47.176084002584155
          ],
          [
            8.559575290828114,
            47.17610830342187
          ],
          [
            8.558957757465704,
            47.1762415427556
          ],
          [
            8.558868895035987,
            47.17632680514731
          ],
          [
            8.55876864054491,
            47.17651321762923
          ],
          [
            8.558688107743562,
            47.176755669935474
          ],
          [
            8.558591640798783,
            47.17701468532352
          ],
          [
            8.558574828902273,
            47.17718214123111
          ],
          [
            8.558637066155095,
            47.17726749804803
          ],
          [
            8.558658929092669,
            47.17763375044266
          ],
          [
            8.55868136738643,
            47.17785668736735
          ],
          [
            8.558739894204223,
            47.178059689475305
          ],
          [
            8.558714866874032,
            47.17810444358754
          ],
          [
            8.55863726152915,
            47.178202630869535
          ],
          [
            8.558359288053989,
            47.17835559932944
          ],
          [
            8.558082700884988,
            47.178459509292786
          ],
          [
            8.55797320880064,
            47.1784828115857
          ],
          [
            8.557935738906968,
            47.1784941237452
          ],
          [
            8.557713848349701,
            47.178527946391895
          ],
          [
            8.557028121507157,
            47.17867424308491
          ],
          [
            8.556819725945564,
            47.178675845346106
          ],
          [
            8.556555515239708,
            47.17865437585048
          ],
          [
            8.556447103857629,
            47.17865936002645
          ],
          [
            8.555989027384076,
            47.178640923574314
          ],
          [
            8.55588012773778,
            47.17862947689934
          ],
          [
            8.555650591940857,
            47.17879073020616
          ],
          [
            8.555519548631331,
            47.178915557344716
          ],
          [
            8.555508743627039,
            47.17914941419684
          ],
          [
            8.555500357185169,
            47.17917049143529
          ],
          [
            8.55555970638826,
            47.179324289800554
          ],
          [
            8.555666411955684,
            47.17949156275008
          ],
          [
            8.555690697171823,
            47.179569085427815
          ],
          [
            8.555679273549936,
            47.17959888195529
          ],
          [
            8.555736156074271,
            47.1796768348551
          ],
          [
            8.555734496157008,
            47.17972307961197
          ],
          [
            8.555672890522073,
            47.17982775725622
          ],
          [
            8.555490186390283,
            47.17994855191989
          ],
          [
            8.555435569482919,
            47.179974071858055
          ],
          [
            8.555249386840323,
            47.18018490133942
          ],
          [
            8.55519060050353,
            47.18029008208791
          ],
          [
            8.555068738159836,
            47.180468784433764
          ],
          [
            8.554842301047408,
            47.18076134232786
          ],
          [
            8.554863904303062,
            47.180769795605485
          ],
          [
            8.55470950227043,
            47.18095412955387
          ],
          [
            8.554684028674194,
            47.181058672096555
          ],
          [
            8.554652837889224,
            47.18114657415382
          ],
          [
            8.554596616075075,
            47.18126284830024
          ],
          [
            8.554463752027582,
            47.18149119561086
          ],
          [
            8.554409414677654,
            47.18179275263222
          ],
          [
            8.554421965761431,
            47.18189666555994
          ],
          [
            8.554526114078307,
            47.18204247367896
          ],
          [
            8.55500064533059,
            47.18228723991629
          ],
          [
            8.55509257970162,
            47.182391399235755
          ],
          [
            8.555174656789458,
            47.18252646418901
          ],
          [
            8.555206344282876,
            47.18262988552435
          ],
          [
            8.555223129291388,
            47.18276967688305
          ],
          [
            8.555205337566195,
            47.18282124159707
          ],
          [
            8.555179739531432,
            47.18282435954753
          ],
          [
            8.555209606532992,
            47.18291198419922
          ],
          [
            8.555324379367631,
            47.18304509462442
          ],
          [
            8.55548430823308,
            47.18314995222573
          ],
          [
            8.555625456119225,
            47.1832551628006
          ],
          [
            8.555652532978167,
            47.183238815802525
          ],
          [
            8.555753524352241,
            47.183303926569984
          ],
          [
            8.555788080694127,
            47.18333930384724
          ],
          [
            8.555836043801353,
            47.18340126803107
          ],
          [
            8.555843910352808,
            47.18348415847304
          ],
          [
            8.555913789028025,
            47.18368570215316
          ],
          [
            8.555905866699723,
            47.18370502073676
          ],
          [
            8.555939486994085,
            47.183781481152714
          ],
          [
            8.555983903472706,
            47.1838416535886
          ],
          [
            8.556100486804285,
            47.183907755131536
          ],
          [
            8.556161150903474,
            47.18392267459803
          ],
          [
            8.556251680079177,
            47.183966908685306
          ],
          [
            8.556408569726235,
            47.184059335571064
          ],
          [
            8.556449078001169,
            47.184102930837284
          ],
          [
            8.556453301293612,
            47.1841004520008
          ],
          [
            8.556500370373227,
            47.184197228728465
          ],
          [
            8.556483053936075,
            47.184203307052236
          ],
          [
            8.556510785598377,
            47.18429089812987
          ],
          [
            8.556481972465049,
            47.18458598311139
          ],
          [
            8.556482891043615,
            47.18463436173795
          ],
          [
            8.556520729627136,
            47.18475539038842
          ],
          [
            8.556618048735006,
            47.18483905810036
          ],
          [
            8.556718225738965,
            47.18494454837741
          ],
          [
            8.556770465795402,
            47.18502541544033
          ],
          [
            8.55682793036727,
            47.18514979760379
          ],
          [
            8.556847550901642,
            47.18526403151476
          ],
          [
            8.556857798709231,
            47.18540835693773
          ],
          [
            8.556851935876079,
            47.18548895185293
          ],
          [
            8.556831997060836,
            47.18561830494548
          ],
          [
            8.556825788949427,
            47.185617366743074
          ],
          [
            8.556844938089855,
            47.18572103534767
          ],
          [
            8.556893422089193,
            47.185895493475364
          ],
          [
            8.556948078017875,
            47.185994031397634
          ],
          [
            8.557023762691692,
            47.186072151763675
          ],
          [
            8.557101820876138,
            47.18613503739255
          ],
          [
            8.557171242775649,
            47.186182453440566
          ],
          [
            8.557236120041042,
            47.186240960258445
          ],
          [
            8.55726266708563,
            47.18624907719147
          ],
          [
            8.557649783747001,
            47.1859182777351
          ],
          [
            8.558031814343256,
            47.18559183527983
          ],
          [
            8.558385069733614,
            47.18544163518235
          ],
          [
            8.558541934855953,
            47.18537493553628
          ],
          [
            8.558650225811215,
            47.185328894585716
          ],
          [
            8.558866952493462,
            47.1855758117402
          ],
          [
            8.55908862857117,
            47.18575717404582
          ],
          [
            8.559236348813494,
            47.18585861906669
          ],
          [
            8.559293862682635,
            47.18589811668128
          ],
          [
            8.559406350597056,
            47.186082601460896
          ],
          [
            8.559531666455507,
            47.186228738722974
          ],
          [
            8.559767628288816,
            47.18635360291987
          ],
          [
            8.56003621281265,
            47.18641313729777
          ],
          [
            8.56020728156455,
            47.18641651700025
          ],
          [
            8.56046977425354,
            47.186379955310755
          ],
          [
            8.56048738462226,
            47.186387879743265
          ],
          [
            8.560642668700746,
            47.186247050568454
          ],
          [
            8.56073674137075,
            47.18619815971286
          ],
          [
            8.560892575258974,
            47.18610875291903
          ],
          [
            8.560923812998483,
            47.18605991683079
          ],
          [
            8.560986575607668,
            47.18602247666036
          ],
          [
            8.561028530917444,
            47.186012784026666
          ],
          [
            8.560832813199074,
            47.18630558457667
          ],
          [
            8.56085062830224,
            47.18648868811463
          ],
          [
            8.561043530214507,
            47.186671037915254
          ],
          [
            8.561177080003402,
            47.1868099775714
          ],
          [
            8.561580378008584,
            47.186731109842164
          ],
          [
            8.561797767571552,
            47.18683396786527
          ],
          [
            8.562128693909724,
            47.18687788429682
          ],
          [
            8.56241444123877,
            47.18688795849784
          ],
          [
            8.56287047924815,
            47.187102881816834
          ],
          [
            8.563034618283963,
            47.18696856570894
          ],
          [
            8.563146202968355,
            47.18681748218524
          ],
          [
            8.563199596044477,
            47.1870166638634
          ],
          [
            8.56347922763292,
            47.18745058904531
          ],
          [
            8.564110657327129,
            47.187742631155544
          ],
          [
            8.564266188249405,
            47.18769092352892
          ],
          [
            8.564427859439599,
            47.18751905475448
          ],
          [
            8.564556458527811,
            47.18745424260923
          ],
          [
            8.564663523074733,
            47.18744965095481
          ],
          [
            8.564931045703489,
            47.187559119220175
          ],
          [
            8.565159542439018,
            47.18753790225112
          ],
          [
            8.565283754287652,
            47.18755114248406
          ],
          [
            8.565187628867806,
            47.18772553743877
          ],
          [
            8.56510465328949,
            47.18803563787069
          ],
          [
            8.565172695982834,
            47.188188158795455
          ],
          [
            8.565228536830565,
            47.188219942600874
          ],
          [
            8.565197405766426,
            47.18814840807024
          ],
          [
            8.565230785082433,
            47.188107403048924
          ],
          [
            8.565550979956269,
            47.188100535381864
          ],
          [
            8.565656138136863,
            47.18802920478109
          ],
          [
            8.565693247159382,
            47.18797421984644
          ],
          [
            8.565911769019147,
            47.187890993117506
          ],
          [
            8.566001806010933,
            47.18788987738775
          ],
          [
            8.566229099926767,
            47.18770325809294
          ],
          [
            8.566247186213829,
            47.187613511226736
          ],
          [
            8.566301311093648,
            47.187564521398954
          ],
          [
            8.566363821120515,
            47.187539602707844
          ],
          [
            8.566488648181254,
            47.18752317695684
          ],
          [
            8.566567355856826,
            47.187507967661
          ],
          [
            8.56667024459616,
            47.187533127692234
          ],
          [
            8.566769243090326,
            47.18746204531475
          ],
          [
            8.566993165717962,
            47.187471130893655
          ],
          [
            8.567146234936367,
            47.18744926405103
          ],
          [
            8.567234048899158,
            47.187355954721525
          ],
          [
            8.567278818781494,
            47.18726952628937
          ],
          [
            8.567242139467043,
            47.18714151800177
          ],
          [
            8.567245578767576,
            47.18711877925155
          ],
          [
            8.567806106431322,
            47.18732426562839
          ],
          [
            8.568115136439971,
            47.18743754729334
          ],
          [
            8.56877479270326,
            47.18778650840355
          ],
          [
            8.568697311793844,
            47.18799156941448
          ],
          [
            8.568525915878691,
            47.18833905391421
          ],
          [
            8.568424763283543,
            47.18843744274892
          ],
          [
            8.568103166943272,
            47.188786733585744
          ],
          [
            8.568406564218726,
            47.18887593445841
          ],
          [
            8.568863646865035,
            47.18901030398855
          ],
          [
            8.568988477464902,
            47.18904699483964
          ],
          [
            8.569265320660502,
            47.189128385138915
          ],
          [
            8.569663150016144,
            47.18939532673033
          ],
          [
            8.569771107988949,
            47.189467760334885
          ],
          [
            8.570211990304733,
            47.18983709725462
          ],
          [
            8.570309859016799,
            47.189919083976356
          ],
          [
            8.570846375459427,
            47.190368520034916
          ],
          [
            8.571025511805626,
            47.1905185774594
          ],
          [
            8.572674384028296,
            47.191782200731396
          ],
          [
            8.573365833742557,
            47.1923120670952
          ],
          [
            8.573436230244049,
            47.19229301299338
          ],
          [
            8.573783654311104,
            47.19226404875127
          ],
          [
            8.573760592084229,
            47.192300384721
          ],
          [
            8.573781489331083,
            47.192319978074195
          ],
          [
            8.573784023084766,
            47.192357285040316
          ],
          [
            8.573797672561406,
            47.19240410773478
          ],
          [
            8.573869115669556,
            47.19242441701239
          ],
          [
            8.573840787005972,
            47.192452627888244
          ],
          [
            8.573896636305491,
            47.19250611396852
          ],
          [
            8.573917878439298,
            47.19256930581614
          ],
          [
            8.573988824376114,
            47.19266503046628
          ],
          [
            8.574026332697933,
            47.192689407544165
          ],
          [
            8.574077060072861,
            47.192765802006576
          ],
          [
            8.574065194220372,
            47.19282228579709
          ],
          [
            8.574071758973204,
            47.19292264848566
          ],
          [
            8.574093063150658,
            47.192988745281056
          ],
          [
            8.574080841455794,
            47.19306141575435
          ],
          [
            8.574115457921167,
            47.193139156537946
          ],
          [
            8.574137558518123,
            47.193155112709825
          ],
          [
            8.574151777262887,
            47.19326166985305
          ],
          [
            8.574187540518535,
            47.19328277168596
          ],
          [
            8.575169474712895,
            47.19307577028641
          ],
          [
            8.575655003775639,
            47.19298570565777
          ],
          [
            8.575738333391831,
            47.193217429149165
          ],
          [
            8.57596954086525,
            47.19350208830631
          ],
          [
            8.576897233045926,
            47.19339804156892
          ],
          [
            8.577135544219642,
            47.19337131559243
          ],
          [
            8.57737791924072,
            47.193171004739476
          ],
          [
            8.577486869809613,
            47.19308095085816
          ],
          [
            8.577947599766432,
            47.192945118074576
          ],
          [
            8.578304079497505,
            47.19285052620305
          ],
          [
            8.578420342930574,
            47.19278357182073
          ],
          [
            8.578775121657058,
            47.192394450445136
          ],
          [
            8.579530219476982,
            47.191808044051946
          ],
          [
            8.580090999575138,
            47.19181795703525
          ],
          [
            8.580512768510184,
            47.19185147465584
          ],
          [
            8.580872847870856,
            47.19170414237024
          ],
          [
            8.581628640665139,
            47.19129134024534
          ],
          [
            8.581894410192334,
            47.19116496547776
          ],
          [
            8.582542401571688,
            47.19098428156436
          ],
          [
            8.58320602341439,
            47.19087807560179
          ],
          [
            8.583572388616494,
            47.19105154776226
          ],
          [
            8.584020031849786,
            47.191200281544475
          ],
          [
            8.584096843710215,
            47.19123208151678
          ],
          [
            8.584359146073368,
            47.19125462285235
          ],
          [
            8.58550518336269,
            47.19131781103267
          ],
          [
            8.585697404092674,
            47.190999652756624
          ],
          [
            8.585835385064774,
            47.19085560625394
          ],
          [
            8.586311803845108,
            47.19026704664002
          ],
          [
            8.586968529876232,
            47.18935664685808
          ],
          [
            8.587509383933757,
            47.18930499387117
          ],
          [
            8.587746783484947,
            47.189274377610225
          ],
          [
            8.588094630529413,
            47.18913921657827
          ],
          [
            8.5888002286081,
            47.18872279237063
          ],
          [
            8.589337395189578,
            47.18859886022657
          ],
          [
            8.589830068119964,
            47.188424284062236
          ],
          [
            8.59076985889411,
            47.187805251835115
          ],
          [
            8.591102109388162,
            47.18819027844668
          ],
          [
            8.591569942978564,
            47.187936322569215
          ],
          [
            8.591947137585082,
            47.18762086088108
          ],
          [
            8.592163067280989,
            47.18737896178752
          ],
          [
            8.592554722755375,
            47.18706194073311
          ],
          [
            8.59270636470912,
            47.1875970404551
          ],
          [
            8.592858032006838,
            47.18810137441372
          ],
          [
            8.593330453797837,
            47.187884940280746
          ],
          [
            8.594428486044027,
            47.18765598055061
          ],
          [
            8.59527086231531,
            47.18821571364472
          ],
          [
            8.595430372530123,
            47.18819126153273
          ],
          [
            8.595554953162896,
            47.18818876796424
          ],
          [
            8.595692155704356,
            47.18821464574491
          ],
          [
            8.595931712553197,
            47.18852812119552
          ],
          [
            8.596241836841832,
            47.18893392893578
          ],
          [
            8.597752117017198,
            47.18903120275831
          ],
          [
            8.59832455418048,
            47.188647437280764
          ],
          [
            8.59872555988716,
            47.188415355191964
          ],
          [
            8.599407381012663,
            47.18855412146162
          ],
          [
            8.599408304915615,
            47.18924003440891
          ],
          [
            8.600406608099961,
            47.18935511053229
          ],
          [
            8.60054925903075,
            47.189981453650674
          ],
          [
            8.601156225630238,
            47.189899050372034
          ],
          [
            8.602419420014941,
            47.189791488503126
          ],
          [
            8.602812308956759,
            47.189611298470886
          ],
          [
            8.603761128024589,
            47.18934896340653
          ],
          [
            8.604820119197086,
            47.189243720752415
          ],
          [
            8.6056564187364,
            47.189539902138414
          ],
          [
            8.607028030294863,
            47.1886820810374
          ],
          [
            8.607636249717629,
            47.18823061726739
          ],
          [
            8.607770717179804,
            47.18807976061806
          ],
          [
            8.60789624643905,
            47.18758766104714
          ],
          [
            8.608223337823246,
            47.187523517599686
          ],
          [
            8.60898340203745,
            47.18756839840267
          ],
          [
            8.609254284053423,
            47.187473761330985
          ],
          [
            8.609465011525002,
            47.187687425232504
          ],
          [
            8.610060527245915,
            47.18839143404452
          ],
          [
            8.610995647776834,
            47.18873003835647
          ],
          [
            8.61119296714244,
            47.188984046592395
          ],
          [
            8.610796241693878,
            47.18923097196721
          ],
          [
            8.610212448641198,
            47.19003841630563
          ],
          [
            8.609688804914525,
            47.18997087980265
          ],
          [
            8.609548875549708,
            47.190152514564446
          ],
          [
            8.608830073619655,
            47.18989207612983
          ],
          [
            8.608159295442462,
            47.190369540513814
          ],
          [
            8.60824733047274,
            47.19131285395226
          ],
          [
            8.608356158485147,
            47.191754948758216
          ],
          [
            8.607808964827983,
            47.192158631248844
          ],
          [
            8.607534532509971,
            47.19238910879586
          ],
          [
            8.607277377100546,
            47.192515302929216
          ],
          [
            8.60741114334876,
            47.192663966174685
          ],
          [
            8.608059819001173,
            47.19338487865703
          ],
          [
            8.606978926384192,
            47.195294181799596
          ],
          [
            8.60682866349489,
            47.196079879887776
          ],
          [
            8.608524580534427,
            47.19657035642367
          ],
          [
            8.608317453525556,
            47.197356085533116
          ],
          [
            8.608165991449575,
            47.19758902073101
          ],
          [
            8.60814018166411,
            47.19765205491442
          ],
          [
            8.608096962326025,
            47.19779953763797
          ],
          [
            8.60807703052657,
            47.197832016677985
          ],
          [
            8.608034243592384,
            47.19795341645259
          ],
          [
            8.608024033043472,
            47.198068925956214
          ],
          [
            8.607934951016075,
            47.198256347574834
          ],
          [
            8.607922929244678,
            47.19836086472432
          ],
          [
            8.607892790904941,
            47.198463793726674
          ],
          [
            8.607887076476427,
            47.198527199448726
          ],
          [
            8.607779502242122,
            47.19856550719763
          ],
          [
            8.607720087986142,
            47.198679240434195
          ],
          [
            8.607643841983611,
            47.19872941906265
          ],
          [
            8.607646105546724,
            47.19882994993943
          ],
          [
            8.607606115436937,
            47.19887770934824
          ],
          [
            8.607564140130416,
            47.1988932213482
          ],
          [
            8.607544877110668,
            47.198947876867884
          ],
          [
            8.60749058075894,
            47.198969118260905
          ],
          [
            8.607450703474107,
            47.19901178490395
          ],
          [
            8.607419723714177,
            47.199113714777916
          ],
          [
            8.607301113388134,
            47.1992407776525
          ],
          [
            8.607262524366801,
            47.19931402549344
          ],
          [
            8.607200017746717,
            47.19937512003858
          ],
          [
            8.607127962704153,
            47.199617169831726
          ],
          [
            8.607056959995612,
            47.19967181965297
          ],
          [
            8.607065168158929,
            47.19971524849982
          ],
          [
            8.607245533048362,
            47.19996551298477
          ],
          [
            8.60720925110287,
            47.200035040140776
          ],
          [
            8.607087718034787,
            47.20012148088676
          ],
          [
            8.607164768561061,
            47.20021914765865
          ],
          [
            8.607143392557205,
            47.20032211339102
          ],
          [
            8.607195502402341,
            47.20038134282738
          ],
          [
            8.607222413789987,
            47.200474912690154
          ],
          [
            8.607289463369558,
            47.20053225426709
          ],
          [
            8.607284540198647,
            47.200581780532254
          ],
          [
            8.607403940585261,
            47.20074074565096
          ],
          [
            8.60732357417909,
            47.200870082918314
          ],
          [
            8.60733440292619,
            47.20091623781468
          ],
          [
            8.607427636585845,
            47.20091786407721
          ],
          [
            8.607480205347011,
            47.20094188859728
          ],
          [
            8.607503895005468,
            47.20104744636801
          ],
          [
            8.607423289770306,
            47.201142314642084
          ],
          [
            8.60732216174226,
            47.20138524430682
          ],
          [
            8.60734824601428,
            47.20145724186716
          ],
          [
            8.607292059162875,
            47.20152678216883
          ],
          [
            8.607222118346295,
            47.20158785317815
          ],
          [
            8.607218515847048,
            47.20164104525595
          ],
          [
            8.60716732811448,
            47.201729776519194
          ],
          [
            8.607202441790808,
            47.201780083815684
          ],
          [
            8.607182400122593,
            47.201839640777166
          ],
          [
            8.607120409553856,
            47.2018985170327
          ],
          [
            8.607129595852527,
            47.20195346839568
          ],
          [
            8.607086224965265,
            47.202031478377904
          ],
          [
            8.606994807665064,
            47.20211186503772
          ],
          [
            8.606925443567887,
            47.20212507295121
          ],
          [
            8.6068981946891,
            47.20215804877692
          ],
          [
            8.606834709552455,
            47.202193857106806
          ],
          [
            8.606771487424377,
            47.20220908060638
          ],
          [
            8.606690442902861,
            47.20219212741702
          ],
          [
            8.606556720072494,
            47.2022585768209
          ],
          [
            8.606397966143552,
            47.20223837266354
          ],
          [
            8.606299077411856,
            47.202280108119375
          ],
          [
            8.606079595473966,
            47.20250002048484
          ],
          [
            8.605910531811043,
            47.20258500775249
          ],
          [
            8.60569269259734,
            47.20268013258025
          ],
          [
            8.605582246470435,
            47.20266108379599
          ],
          [
            8.605351152676828,
            47.20262909840913
          ],
          [
            8.605236463527248,
            47.20267450136732
          ],
          [
            8.605148938302193,
            47.20266240745826
          ],
          [
            8.604955889641625,
            47.20267902626609
          ],
          [
            8.604703841304783,
            47.202550458345776
          ],
          [
            8.604613660458178,
            47.20258484461995
          ],
          [
            8.604566855355557,
            47.202582422023994
          ],
          [
            8.604491922475807,
            47.20253157264399
          ],
          [
            8.604401411126176,
            47.20253324481153
          ],
          [
            8.60416929731963,
            47.20260579718156
          ],
          [
            8.603914869562585,
            47.20257872289722
          ],
          [
            8.603750498324255,
            47.20260784127431
          ],
          [
            8.603672857116516,
            47.202667107885595
          ],
          [
            8.603567676861697,
            47.20271888083231
          ],
          [
            8.60354376348533,
            47.20271482286253
          ],
          [
            8.60341682850159,
            47.20278953886693
          ],
          [
            8.603160913212955,
            47.20303663020011
          ],
          [
            8.603333477065172,
            47.203142382944044
          ],
          [
            8.604390763563577,
            47.20405014083962
          ],
          [
            8.604840904043641,
            47.20465728809871
          ],
          [
            8.605115943383629,
            47.20492077384987
          ],
          [
            8.605549577994097,
            47.2051331754497
          ],
          [
            8.606052189828997,
            47.20524052621894
          ],
          [
            8.6078601024981,
            47.204733697132966
          ],
          [
            8.60822373350183,
            47.204581575003594
          ],
          [
            8.608905625220322,
            47.204436121411746
          ],
          [
            8.60916283933661,
            47.20424684622911
          ],
          [
            8.609264859818994,
            47.20414369895188
          ],
          [
            8.609495136773685,
            47.20380942555368
          ],
          [
            8.609670614850582,
            47.20344421513191
          ],
          [
            8.60990866635159,
            47.20322408895096
          ],
          [
            8.610226919634925,
            47.20298966157902
          ],
          [
            8.610807523438933,
            47.20268060596495
          ],
          [
            8.611581263190956,
            47.202451413594105
          ],
          [
            8.612025914743304,
            47.20238301312559
          ],
          [
            8.612466195095068,
            47.20223639295779
          ],
          [
            8.612812113932765,
            47.20200032676799
          ],
          [
            8.612948983018653,
            47.201861746407424
          ],
          [
            8.613019177535566,
            47.201511997379185
          ],
          [
            8.613011774531477,
            47.20123500543372
          ],
          [
            8.613192648569797,
            47.20105684454824
          ],
          [
            8.613378443313774,
            47.20056198454412
          ],
          [
            8.613494598815706,
            47.20044205597989
          ],
          [
            8.614096382896188,
            47.200077884168486
          ],
          [
            8.614556209288853,
            47.199860889606796
          ],
          [
            8.614914096545345,
            47.19950999922328
          ],
          [
            8.615157571592082,
            47.19935818250333
          ],
          [
            8.615173461952475,
            47.1993389492099
          ],
          [
            8.615459094507832,
            47.19902531800197
          ],
          [
            8.61555509965056,
            47.198907122486354
          ],
          [
            8.615637831910147,
            47.19878436682838
          ],
          [
            8.615706791183518,
            47.19865771285706
          ],
          [
            8.61576161092034,
            47.19852789299811
          ],
          [
            8.615801990361353,
            47.198395630004526
          ],
          [
            8.615827695525628,
            47.198261681924464
          ],
          [
            8.6158971536565,
            47.19775964074597
          ],
          [
            8.615913510586843,
            47.19765851461425
          ],
          [
            8.615935447716579,
            47.197557871151226
          ],
          [
            8.615962941990306,
            47.197457863516206
          ],
          [
            8.615995943765121,
            47.197358636144095
          ],
          [
            8.616034416396426,
            47.19726032434036
          ],
          [
            8.61607829724663,
            47.197163081667135
          ],
          [
            8.616137804787341,
            47.19704367561985
          ],
          [
            8.616201385323471,
            47.19692524438675
          ],
          [
            8.616269014025697,
            47.1968078601805
          ],
          [
            8.616340639477679,
            47.19669158648995
          ],
          [
            8.61641623665433,
            47.196576486533516
          ],
          [
            8.616495767336687,
            47.19646262366433
          ],
          [
            8.617036953020277,
            47.19572312449978
          ],
          [
            8.617108701084186,
            47.1956317221695
          ],
          [
            8.617188876075355,
            47.19554363389417
          ],
          [
            8.617277169420836,
            47.19545923163991
          ],
          [
            8.617373205590871,
            47.19537884307943
          ],
          [
            8.617476583269172,
            47.195302823136174
          ],
          [
            8.617697992366638,
            47.195159403689615
          ],
          [
            8.617799938315873,
            47.195081338087704
          ],
          [
            8.617892036013327,
            47.194997768948255
          ],
          [
            8.617973651636039,
            47.19490927851452
          ],
          [
            8.61804423133525,
            47.19481648419233
          ],
          [
            8.618103248060503,
            47.19472002110298
          ],
          [
            8.618150346896286,
            47.19462054958886
          ],
          [
            8.618185173531415,
            47.194518756970545
          ],
          [
            8.618207506003726,
            47.194415347200426
          ],
          [
            8.618217162138139,
            47.19431103281518
          ],
          [
            8.618214105099714,
            47.194206533853986
          ],
          [
            8.618198350831676,
            47.194102569810916
          ],
          [
            8.618169981049173,
            47.19399985050628
          ],
          [
            8.618129235795482,
            47.19389908413394
          ],
          [
            8.61807636830183,
            47.19380097874911
          ],
          [
            8.618011736353893,
            47.19370619635337
          ],
          [
            8.61744314282236,
            47.19297913911145
          ],
          [
            8.617398364358916,
            47.192914432657425
          ],
          [
            8.617362241551891,
            47.19284725368318
          ],
          [
            8.617335076733072,
            47.19277814783964
          ],
          [
            8.617317053285126,
            47.19270765299831
          ],
          [
            8.617308342780854,
            47.19263637011968
          ],
          [
            8.617308983067078,
            47.19256482056996
          ],
          [
            8.617319039963537,
            47.19249359739233
          ],
          [
            8.617338354596708,
            47.192423277937245
          ],
          [
            8.617366793690483,
            47.192354403308045
          ],
          [
            8.617404145403066,
            47.19228754239777
          ],
          [
            8.617450117742647,
            47.19222321993994
          ],
          [
            8.61750433955964,
            47.19216196147734
          ],
          [
            8.617566332970602,
            47.19210423967059
          ],
          [
            8.61766237507253,
            47.192030399562846
          ],
          [
            8.617691890980856,
            47.19201219573094
          ],
          [
            8.617723947891342,
            47.191996115840674
          ],
          [
            8.617758206136454,
            47.19198231629691
          ],
          [
            8.617794325256856,
            47.19197091752985
          ],
          [
            8.61792130518606,
            47.191943394105955
          ],
          [
            8.618008054019036,
            47.19191973711809
          ],
          [
            8.618091647706638,
            47.19189124570578
          ],
          [
            8.618171456697128,
            47.19185809724591
          ],
          [
            8.618246945386733,
            47.19182054011964
          ],
          [
            8.618317565181247,
            47.19177883183812
          ],
          [
            8.618382873438692,
            47.1917332468187
          ],
          [
            8.618442376334345,
            47.191684131969645
          ],
          [
            8.618796183741837,
            47.19136727364494
          ],
          [
            8.618865587208298,
            47.19131115732824
          ],
          [
            8.618941453964313,
            47.191259094735116
          ],
          [
            8.619023316182584,
            47.19121141449675
          ],
          [
            8.61911060029489,
            47.19116843733356
          ],
          [
            8.619202732342815,
            47.191130465979455
          ],
          [
            8.619299110398927,
            47.191097731490544
          ],
          [
            8.619487862581849,
            47.19103980578293
          ],
          [
            8.619673151972238,
            47.190976877681685
          ],
          [
            8.619854677263154,
            47.190909049248084
          ],
          [
            8.62003216353967,
            47.19083642227409
          ],
          [
            8.620205322698347,
            47.19075909868839
          ],
          [
            8.620373920209849,
            47.19067721585388
          ],
          [
            8.620496141612557,
            47.190614897911374
          ],
          [
            8.620615657774868,
            47.19055020575429
          ],
          [
            8.620732390325008,
            47.19048317617871
          ],
          [
            8.620785076820729,
            47.19044882910164
          ],
          [
            8.62083291665324,
            47.190411338293444
          ],
          [
            8.620875493797117,
            47.190370986901065
          ],
          [
            8.620912433799083,
            47.190328147601676
          ],
          [
            8.620943441171324,
            47.19028318326532
          ],
          [
            8.620968259810745,
            47.19023644736138
          ],
          [
            8.620986648202143,
            47.1901883561786
          ],
          [
            8.620998470379826,
            47.19013932492079
          ],
          [
            8.621003642755554,
            47.19008975026117
          ],
          [
            8.621002108924033,
            47.19004006457554
          ],
          [
            8.620993293298854,
            47.18997616846203
          ],
          [
            8.62098056544254,
            47.18991259140264
          ],
          [
            8.620963940351388,
            47.18984941420387
          ],
          [
            8.620943434810584,
            47.189786798614975
          ],
          [
            8.620919102997805,
            47.18972480704774
          ],
          [
            8.620688487255938,
            47.189243034100976
          ],
          [
            8.62063836397212,
            47.1891281875153
          ],
          [
            8.620595784526138,
            47.18901194106461
          ],
          [
            8.620560793618454,
            47.18889452818689
          ],
          [
            8.620533501117746,
            47.18877614566651
          ],
          [
            8.620513926526616,
            47.188657081171726
          ],
          [
            8.620502153125337,
            47.18853752276118
          ],
          [
            8.620487212285521,
            47.188267444181776
          ],
          [
            8.620487989545436,
            47.18817780265389
          ],
          [
            8.620498855096915,
            47.18808846234107
          ],
          [
            8.620519728065714,
            47.18799994582343
          ],
          [
            8.620550501591472,
            47.187912793936846
          ],
          [
            8.620590948889461,
            47.18782749477178
          ],
          [
            8.620640883354286,
            47.18774456299145
          ],
          [
            8.620699972470574,
            47.18766447877256
          ],
          [
            8.620767910115333,
            47.18758772201925
          ],
          [
            8.62142719321499,
            47.18692641840744
          ],
          [
            8.621691139779012,
            47.18665236693514
          ],
          [
            8.621948381186277,
            47.18637537017467
          ],
          [
            8.62219885312867,
            47.18609550079829
          ],
          [
            8.622442504694288,
            47.18581284033576
          ],
          [
            8.623703741725151,
            47.18428349160139
          ],
          [
            8.623870633716189,
            47.18408768058342
          ],
          [
            8.624040532942008,
            47.183893061749146
          ],
          [
            8.624213413794902,
            47.183699671331965
          ],
          [
            8.62438928984487,
            47.18350752717011
          ],
          [
            8.62548967248587,
            47.182332717825
          ],
          [
            8.625608547685383,
            47.18219266921048
          ],
          [
            8.625707448171646,
            47.182045584913595
          ],
          [
            8.625785519192023,
            47.181892778189315
          ],
          [
            8.625842039335533,
            47.18173562387916
          ],
          [
            8.625876499075366,
            47.18157553061191
          ],
          [
            8.625888600161714,
            47.181413913820855
          ],
          [
            8.625887543121916,
            47.181199825541036
          ],
          [
            8.625892318605356,
            47.181121315216544
          ],
          [
            8.625907108110916,
            47.1810433852551
          ],
          [
            8.625931832431867,
            47.18096663019007
          ],
          [
            8.625966280253708,
            47.18089163691968
          ],
          [
            8.626010200293937,
            47.18081897476078
          ],
          [
            8.626063262328943,
            47.180749222838635
          ],
          [
            8.626125055199015,
            47.18068288015037
          ],
          [
            8.626195089005279,
            47.18062046449596
          ],
          [
            8.62627286006736,
            47.180562466829926
          ],
          [
            8.626357744397453,
            47.18050930738203
          ],
          [
            8.626449118016716,
            47.18046140638252
          ],
          [
            8.626546276611254,
            47.1804191309173
          ],
          [
            8.627563210704892,
            47.18001875238932
          ],
          [
            8.627653080282217,
            47.17997984372528
          ],
          [
            8.62773748769269,
            47.179935602963724
          ],
          [
            8.627815715226173,
            47.17988638836816
          ],
          [
            8.627887177688594,
            47.17983258382085
          ],
          [
            8.627951291293387,
            47.179774636160424
          ],
          [
            8.628007525425117,
            47.17971300966763
          ],
          [
            8.62805544241133,
            47.179648194649346
          ],
          [
            8.628094644958642,
            47.17958071697731
          ],
          [
            8.628124841705743,
            47.17951111941862
          ],
          [
            8.628145767677804,
            47.179439944465706
          ],
          [
            8.628157251238823,
            47.17936777862348
          ],
          [
            8.628159199899569,
            47.17929520757624
          ],
          [
            8.62815161330668,
            47.17922280705801
          ],
          [
            8.62813455725967,
            47.17915116111229
          ],
          [
            8.628108163509522,
            47.17908085309881
          ],
          [
            8.62807261556677,
            47.17901242086111
          ],
          [
            8.62802823024346,
            47.17894646383341
          ],
          [
            8.627975361118294,
            47.17888345512751
          ],
          [
            8.627055957723043,
            47.177906747226054
          ],
          [
            8.626950354650488,
            47.177802056492396
          ],
          [
            8.626837652579383,
            47.177700866354996
          ],
          [
            8.626718081155103,
            47.177603417308426
          ],
          [
            8.626591921778797,
            47.17750990433362
          ],
          [
            8.626459443253703,
            47.17742054952883
          ],
          [
            8.626320940157571,
            47.17733554773911
          ],
          [
            8.62547708729567,
            47.1768472377933
          ],
          [
            8.625400593443645,
            47.17680024117672
          ],
          [
            8.625329594735739,
            47.176749382628316
          ],
          [
            8.62526449425383,
            47.17669499084512
          ],
          [
            8.62520569407684,
            47.176637349555534
          ],
          [
            8.625153531924028,
            47.1765768151177
          ],
          [
            8.625108319129513,
            47.1765137441611
          ],
          [
            8.625070287683354,
            47.17644848513694
          ],
          [
            8.625039697347683,
            47.17638144917938
          ],
          [
            8.62466533665177,
            47.17541394465921
          ],
          [
            8.624629318203302,
            47.17533647546155
          ],
          [
            8.624583184433867,
            47.17526153936565
          ],
          [
            8.624527292265636,
            47.175189762385656
          ],
          [
            8.624462168683179,
            47.175121705810746
          ],
          [
            8.624388274913015,
            47.175057940602485
          ],
          [
            8.6242332704256,
            47.17494643391577
          ],
          [
            8.62416705587109,
            47.17488984003948
          ],
          [
            8.624108109740607,
            47.17482963590349
          ],
          [
            8.624056824283432,
            47.174766258270864
          ],
          [
            8.624013631311179,
            47.17470014349605
          ],
          [
            8.62397876578254,
            47.17463177493941
          ],
          [
            8.62395252839988,
            47.17456162628644
          ],
          [
            8.623935075972128,
            47.17449022667829
          ],
          [
            8.623848890031969,
            47.1740239637951
          ],
          [
            8.623836156259873,
            47.17392377405483
          ],
          [
            8.623835168659365,
            47.1738232114411
          ],
          [
            8.623845954498966,
            47.17372291437286
          ],
          [
            8.623868435533272,
            47.173623522352266
          ],
          [
            8.623902506941631,
            47.173525666156095
          ],
          [
            8.623947892845854,
            47.17342999631149
          ],
          [
            8.62400434195958,
            47.17333708212736
          ],
          [
            8.62407147210816,
            47.17324753923744
          ],
          [
            8.624148873552384,
            47.17316192958268
          ],
          [
            8.624236030850765,
            47.17308080719587
          ],
          [
            8.62432540599894,
            47.1730075062043
          ],
          [
            8.624420315944636,
            47.172937521517966
          ],
          [
            8.624520567631437,
            47.1728710710117
          ],
          [
            8.624625795552687,
            47.17280832935902
          ],
          [
            8.624735779685444,
            47.17274948772586
          ],
          [
            8.624850166725045,
            47.172694675682166
          ],
          [
            8.625070120553078,
            47.17260495090397
          ],
          [
            8.625298115543286,
            47.17252510109633
          ],
          [
            8.62553321035802,
            47.17245550475019
          ],
          [
            8.625774421119374,
            47.172396405865086
          ],
          [
            8.626020751575147,
            47.17234808455865
          ],
          [
            8.626271137746892,
            47.172310740693426
          ],
          [
            8.627703608772572,
            47.17212403663683
          ],
          [
            8.627942149984174,
            47.17209753449565
          ],
          [
            8.628182242356074,
            47.1720785093122
          ],
          [
            8.62842334564262,
            47.172066984655885
          ],
          [
            8.628664973155775,
            47.17206301952983
          ],
          [
            8.628906610030798,
            47.17206659227056
          ],
          [
            8.62914775539196,
            47.17207771705736
          ],
          [
            8.630608325018176,
            47.172175933490955
          ],
          [
            8.63075404469481,
            47.17218309575634
          ],
          [
            8.630900112149904,
            47.17218455090106
          ],
          [
            8.631046091902029,
            47.17218029444057
          ],
          [
            8.631191443158965,
            47.17217033197974
          ],
          [
            8.631335718253544,
            47.172154704144134
          ],
          [
            8.631478443342854,
            47.17213346082854
          ],
          [
            8.632294916829101,
            47.1719985125797
          ],
          [
            8.632383202291424,
            47.171982186853796
          ],
          [
            8.632470597256612,
            47.171963792270205
          ],
          [
            8.63255700959416,
            47.1719433387825
          ],
          [
            8.6326423215991,
            47.17192087259337
          ],
          [
            8.632726453929417,
            47.171896385532676
          ],
          [
            8.632809288680592,
            47.171869914809754
          ],
          [
            8.633367488049123,
            47.171683124596655
          ],
          [
            8.63346925930144,
            47.171653416179204
          ],
          [
            8.633574661114293,
            47.17163033585233
          ],
          [
            8.633682774928468,
            47.17161410005035
          ],
          [
            8.633792640614649,
            47.171604835684654
          ],
          [
            8.633903283853472,
            47.17160262483873
          ],
          [
            8.634013768888929,
            47.17160750421991
          ],
          [
            8.635433830731316,
            47.17171074898845
          ],
          [
            8.635735618114529,
            47.1717277241375
          ],
          [
            8.636037934798138,
            47.17173945743079
          ],
          [
            8.636340608635255,
            47.171745923667906
          ],
          [
            8.636643401936889,
            47.17174711632405
          ],
          [
            8.636946156750772,
            47.17174305503401
          ],
          [
            8.637246699766731,
            47.171734482101876
          ],
          [
            8.637546809671612,
            47.17172071332048
          ],
          [
            8.63784634170483,
            47.17170176819281
          ],
          [
            8.638145058583707,
            47.171677658191854
          ],
          [
            8.638442788768819,
            47.17164838511179
          ],
          [
            8.63873932176062,
            47.1716139781423
          ],
          [
            8.638870633035218,
            47.17159396912862
          ],
          [
            8.639000190292766,
            47.17156928245092
          ],
          [
            8.639127677375583,
            47.171539939405065
          ],
          [
            8.639252701215492,
            47.17150606104462
          ],
          [
            8.639374920089669,
            47.17146770491833
          ],
          [
            8.639494007485414,
            47.1714250183755
          ],
          [
            8.63954005324693,
            47.17140590746641
          ],
          [
            8.639583493399297,
            47.17138414298387
          ],
          [
            8.63962398846514,
            47.17135988140301
          ],
          [
            8.639661239342585,
            47.17133331476104
          ],
          [
            8.63969497330905,
            47.17130463482001
          ],
          [
            8.63972493164014,
            47.17127406917906
          ],
          [
            8.6397508690039,
            47.17124185429317
          ],
          [
            8.639772605811574,
            47.17120821693533
          ],
          [
            8.639789976472192,
            47.171173419714975
          ],
          [
            8.63980286815068,
            47.17113772469076
          ],
          [
            8.639811128850972,
            47.17110141232111
          ],
          [
            8.639814764033721,
            47.17106472543704
          ],
          [
            8.639813688454874,
            47.171027979782316
          ],
          [
            8.639807947545235,
            47.170991435761245
          ],
          [
            8.639797586937217,
            47.170955362771075
          ],
          [
            8.639782652464614,
            47.17092003920234
          ],
          [
            8.63938814531981,
            47.17010428775989
          ],
          [
            8.639366290212333,
            47.17005269996559
          ],
          [
            8.639350953967986,
            47.17000003660527
          ],
          [
            8.639342276726657,
            47.1699466650471
          ],
          [
            8.639340280537336,
            47.16989298087804
          ],
          [
            8.639345013825151,
            47.16983937940856
          ],
          [
            8.639356419508713,
            47.169786257049104
          ],
          [
            8.639374400337081,
            47.16973398364085
          ],
          [
            8.639398885639135,
            47.16968293774224
          ],
          [
            8.639429633499885,
            47.16963350869366
          ],
          [
            8.63946645375099,
            47.16958604031591
          ],
          [
            8.639509077299383,
            47.169540886248306
          ],
          [
            8.639557181898848,
            47.16949838269316
          ],
          [
            8.639610404732968,
            47.16945882129683
          ],
          [
            8.63966838298924,
            47.1694224937057
          ],
          [
            8.639730713890737,
            47.16938967399183
          ],
          [
            8.639796901135712,
            47.16936058322927
          ],
          [
            8.639866488394667,
            47.169335460067025
          ],
          [
            8.639938951583497,
            47.16931446290011
          ],
          [
            8.641001327068448,
            47.16903573989894
          ],
          [
            8.641223379949324,
            47.16898608311606
          ],
          [
            8.641451027743525,
            47.16895002306011
          ],
          [
            8.641682443535721,
            47.16892784867748
          ],
          [
            8.641915850143914,
            47.16891971347156
          ],
          [
            8.642149376458967,
            47.16892569997579
          ],
          [
            8.642381227669436,
            47.168945763999
          ],
          [
            8.642609553575504,
            47.16897974499802
          ],
          [
            8.642832580665118,
            47.169027373691506
          ],
          [
            8.64439573322119,
            47.16941986250851
          ],
          [
            8.645485818357695,
            47.16973425299832
          ],
          [
            8.645668486678165,
            47.16978193074582
          ],
          [
            8.645855184228546,
            47.169821667595244
          ],
          [
            8.646045194504245,
            47.16985328213328
          ],
          [
            8.646237737081476,
            47.16987668358
          ],
          [
            8.646432083472419,
            47.16989174463197
          ],
          [
            8.646758108960828,
            47.169902804956
          ],
          [
            8.646888158355024,
            47.16991251316591
          ],
          [
            8.64701715306149,
            47.16992750386039
          ],
          [
            8.647144590742428,
            47.16994772834473
          ],
          [
            8.647270033983858,
            47.16997309226541
          ],
          [
            8.647393019805051,
            47.17000353752246
          ],
          [
            8.647591511380941,
            47.170059565047715
          ],
          [
            8.64770804540677,
            47.170089358098174
          ],
          [
            8.647826539206218,
            47.17011538817092
          ],
          [
            8.647946700173746,
            47.1701375503854
          ],
          [
            8.648068264314588,
            47.170155838515385
          ],
          [
            8.64819095363129,
            47.17017021049966
          ],
          [
            8.648314489515169,
            47.17018059729702
          ],
          [
            8.649856366565785,
            47.170282571964506
          ],
          [
            8.65005568654115,
            47.170301028956565
          ],
          [
            8.650252017899817,
            47.170330806844774
          ],
          [
            8.650444023435012,
            47.17037168583781
          ],
          [
            8.650630338124909,
            47.17042338347492
          ],
          [
            8.650809647852084,
            47.1704855358045
          ],
          [
            8.650980702588582,
            47.170557697243886
          ],
          [
            8.651812302105244,
            47.17093004907101
          ],
          [
            8.6519031146607,
            47.170962663934255
          ],
          [
            8.651997720938388,
            47.17098979624015
          ],
          [
            8.652095391056003,
            47.171011255768725
          ],
          [
            8.652195422319709,
            47.171026887998664
          ],
          [
            8.652297073078316,
            47.171036565809274
          ],
          [
            8.652399563336278,
            47.17104021646192
          ],
          [
            8.652502140902016,
            47.171037829898076
          ],
          [
            8.65260401422208,
            47.171029405473114
          ],
          [
            8.65270444613074,
            47.17101501393783
          ],
          [
            8.652802686888077,
            47.170994753165786
          ],
          [
            8.652897988186085,
            47.17096878398883
          ],
          [
            8.652989642103256,
            47.17093730279812
          ],
          [
            8.653076967916833,
            47.17090054168307
          ],
          [
            8.654739147666552,
            47.17011230250112
          ],
          [
            8.654884248300585,
            47.17004936311713
          ],
          [
            8.655036830552595,
            47.16999523233656
          ],
          [
            8.655195730736247,
            47.169950363231465
          ],
          [
            8.65535974234418,
            47.1699150653985
          ],
          [
            8.655527631687097,
            47.16988961274475
          ],
          [
            8.655698123884736,
            47.16987420765292
          ],
          [
            8.655869928420719,
            47.169868944728485
          ],
          [
            8.656041753963862,
            47.169873882609686
          ],
          [
            8.65621232012077,
            47.169888980872386
          ],
          [
            8.656380291695063,
            47.169914109721574
          ],
          [
            8.656544451564365,
            47.16994911113235
          ],
          [
            8.656703526772953,
            47.1699936927397
          ],
          [
            8.65685632286798,
            47.17004753436626
          ],
          [
            8.657001682694203,
            47.17011021649052
          ],
          [
            8.657452024995587,
            47.17032898442102
          ],
          [
            8.657612908551114,
            47.1703984281335
          ],
          [
            8.657781872254944,
            47.170458313381545
          ],
          [
            8.657957666287842,
            47.17050821257814
          ],
          [
            8.658139042042233,
            47.170547752104696
          ],
          [
            8.658324687412875,
            47.17057666697241
          ],
          [
            8.658513237938756,
            47.170594710747025
          ],
          [
            8.658703372611411,
            47.17060180746308
          ],
          [
            8.658893704065632,
            47.17059786387572
          ],
          [
            8.659082847806543,
            47.17058291266037
          ],
          [
            8.65926946116446,
            47.17055708501216
          ],
          [
            8.660741119899141,
            47.17030873090239
          ],
          [
            8.660648400015983,
            47.16992191364819
          ],
          [
            8.660514919469453,
            47.169774791828424
          ],
          [
            8.660481676880128,
            47.16963441378144
          ],
          [
            8.660440907449903,
            47.16955376714007
          ],
          [
            8.660517286473866,
            47.169383977938494
          ],
          [
            8.660445061893618,
            47.16925218209625
          ],
          [
            8.660504290684203,
            47.16918747564152
          ],
          [
            8.660512976385956,
            47.16908548738524
          ],
          [
            8.660592294220262,
            47.168898862641676
          ],
          [
            8.660698728398463,
            47.16886106505923
          ],
          [
            8.66070693659557,
            47.168773996971794
          ],
          [
            8.660778706340556,
            47.168685480062514
          ],
          [
            8.660928790253996,
            47.168699106656646
          ],
          [
            8.660950927842888,
            47.16863917498154
          ],
          [
            8.660937217384909,
            47.168513657563025
          ],
          [
            8.661005846943622,
            47.168383568034635
          ],
          [
            8.661165613522993,
            47.16819575521236
          ],
          [
            8.661148220630778,
            47.16814059753059
          ],
          [
            8.66116159659461,
            47.167985303882205
          ],
          [
            8.661080989715561,
            47.167842838426054
          ],
          [
            8.660860031009733,
            47.16735616229307
          ],
          [
            8.660812140983344,
            47.166601046053714
          ],
          [
            8.660886736928378,
            47.165779426432266
          ],
          [
            8.661013410149708,
            47.16540433854845
          ],
          [
            8.66090299554229,
            47.1650400458451
          ],
          [
            8.660818037699292,
            47.164886462519895
          ],
          [
            8.660812678438774,
            47.1647598127441
          ],
          [
            8.660772829093712,
            47.1647349037401
          ],
          [
            8.660720020588666,
            47.164487934597304
          ],
          [
            8.66080512253953,
            47.16432273009423
          ],
          [
            8.660708309975071,
            47.164170954844344
          ],
          [
            8.660661890439453,
            47.16415057754628
          ],
          [
            8.660609861224316,
            47.16411558756425
          ],
          [
            8.660593837419944,
            47.1640925754314
          ],
          [
            8.660436842267462,
            47.16393397263353
          ],
          [
            8.66045412622992,
            47.163800173510936
          ],
          [
            8.66069372402526,
            47.1633722860871
          ],
          [
            8.660777484568566,
            47.16283540462116
          ],
          [
            8.66098182022826,
            47.162356731543674
          ],
          [
            8.66105866864084,
            47.16199726769059
          ],
          [
            8.661068439839573,
            47.161998324324024
          ],
          [
            8.661087049057985,
            47.161779446003536
          ],
          [
            8.661166832113679,
            47.161501165536485
          ],
          [
            8.661207533489291,
            47.16133196146358
          ],
          [
            8.661240068766043,
            47.160949660016776
          ],
          [
            8.661393918164396,
            47.160758445774285
          ],
          [
            8.66149785456504,
            47.16072751061293
          ],
          [
            8.6618277263262,
            47.16062405928682
          ],
          [
            8.662348997070351,
            47.160521719616355
          ],
          [
            8.662773288691962,
            47.160498484816294
          ],
          [
            8.663509319426494,
            47.16054326674252
          ],
          [
            8.66401490466807,
            47.160333225928206
          ],
          [
            8.66471322596422,
            47.15993356462109
          ],
          [
            8.66520927866462,
            47.15978568259532
          ],
          [
            8.665784035497822,
            47.15966404540298
          ],
          [
            8.66575196544926,
            47.15948482972108
          ],
          [
            8.665654289785254,
            47.15923524638657
          ],
          [
            8.665168728373903,
            47.15847390369494
          ],
          [
            8.664751080262997,
            47.15834599986279
          ],
          [
            8.664685293198065,
            47.158314243944034
          ],
          [
            8.664501625866881,
            47.15825252860445
          ],
          [
            8.664203854112879,
            47.158192667473784
          ],
          [
            8.663900128803842,
            47.15819878181946
          ],
          [
            8.663802745010292,
            47.15817462164024
          ],
          [
            8.663672760330138,
            47.15818393141672
          ],
          [
            8.663441593261354,
            47.158212858984875
          ],
          [
            8.663376772427608,
            47.15823307923167
          ],
          [
            8.663144076979098,
            47.15822116318319
          ],
          [
            8.662978676586828,
            47.15827007121519
          ],
          [
            8.66281751314965,
            47.158287430344274
          ],
          [
            8.662621024170486,
            47.158318353101684
          ],
          [
            8.662560022846831,
            47.1583031874321
          ],
          [
            8.662328788775177,
            47.15829173996026
          ],
          [
            8.662237290846804,
            47.15827464058137
          ],
          [
            8.662199984183836,
            47.158256352983805
          ],
          [
            8.662181090581141,
            47.158223143263776
          ],
          [
            8.662094736397037,
            47.158178353720814
          ],
          [
            8.662012790517355,
            47.15815678057058
          ],
          [
            8.661858532250974,
            47.15816350375504
          ],
          [
            8.661769523093989,
            47.15814102499388
          ],
          [
            8.661672039479253,
            47.158169004188984
          ],
          [
            8.66166460313905,
            47.158184097375674
          ],
          [
            8.6616168747795,
            47.158176067749125
          ],
          [
            8.66145349898661,
            47.158195886369214
          ],
          [
            8.661420920484321,
            47.15818364746306
          ],
          [
            8.661314871870868,
            47.15820157904768
          ],
          [
            8.66106766398379,
            47.15817786653657
          ],
          [
            8.66098123196577,
            47.15819660587339
          ],
          [
            8.660584744445066,
            47.15812214054991
          ],
          [
            8.660529910496924,
            47.15812405443299
          ],
          [
            8.660500430660802,
            47.15810022265228
          ],
          [
            8.660504685928155,
            47.15807171450048
          ],
          [
            8.660401604696997,
            47.15801107972749
          ],
          [
            8.660202115001065,
            47.15797699903785
          ],
          [
            8.66026541035183,
            47.15795635599268
          ],
          [
            8.660409204169998,
            47.15792917252322
          ],
          [
            8.660466095961421,
            47.15776207255088
          ],
          [
            8.660532069802835,
            47.15768720074656
          ],
          [
            8.660588747530888,
            47.15745068178711
          ],
          [
            8.660709102728738,
            47.157283672104995
          ],
          [
            8.660788470758753,
            47.15726059103341
          ],
          [
            8.660787605703547,
            47.157184594050925
          ],
          [
            8.660750827826206,
            47.15710393194977
          ],
          [
            8.660711732115047,
            47.15707250191646
          ],
          [
            8.660737414919401,
            47.15703692022632
          ],
          [
            8.66084317091887,
            47.15703398838578
          ],
          [
            8.660890378159932,
            47.15702098250097
          ],
          [
            8.66091651802476,
            47.156984631262404
          ],
          [
            8.660919205623982,
            47.15693773417453
          ],
          [
            8.660910883973738,
            47.15690482571828
          ],
          [
            8.66092911320151,
            47.15683739680956
          ],
          [
            8.660947340912442,
            47.15682822522651
          ],
          [
            8.660986569504619,
            47.156766735331814
          ],
          [
            8.661005527373208,
            47.15669772438509
          ],
          [
            8.661060704961137,
            47.15659775151712
          ],
          [
            8.661049380766004,
            47.1565373205971
          ],
          [
            8.66107029941174,
            47.156425981171395
          ],
          [
            8.661153883342392,
            47.156309243889005
          ],
          [
            8.661188511548511,
            47.15624268414973
          ],
          [
            8.661171178578124,
            47.156128782613415
          ],
          [
            8.66125509334398,
            47.156047917300846
          ],
          [
            8.661240695789202,
            47.15598342593245
          ],
          [
            8.661303936446156,
            47.15586179508861
          ],
          [
            8.661330977476876,
            47.15582394084109
          ],
          [
            8.661408701046952,
            47.155750346917294
          ],
          [
            8.661389759949936,
            47.15569364032194
          ],
          [
            8.66146418659057,
            47.15564949794016
          ],
          [
            8.661526246212517,
            47.15562743694688
          ],
          [
            8.661558312444319,
            47.15560000941739
          ],
          [
            8.66163571921443,
            47.155555286486845
          ],
          [
            8.661715525163526,
            47.155404341585836
          ],
          [
            8.661818087644166,
            47.15535241520352
          ],
          [
            8.661895571232954,
            47.155325503122896
          ],
          [
            8.661760685381578,
            47.15524009130028
          ],
          [
            8.661755101145316,
            47.15499170234937
          ],
          [
            8.661778409455286,
            47.15494404617621
          ],
          [
            8.661655640313755,
            47.15486653870829
          ],
          [
            8.66163965614712,
            47.15479783617457
          ],
          [
            8.66154600101318,
            47.15470971873259
          ],
          [
            8.66149840804592,
            47.15472652528139
          ],
          [
            8.661456965951928,
            47.154684694213174
          ],
          [
            8.66131384214217,
            47.15469692982624
          ],
          [
            8.66129094622592,
            47.15468298670091
          ],
          [
            8.66128638921255,
            47.15464456873966
          ],
          [
            8.661255079903265,
            47.154641609056654
          ],
          [
            8.661203136595798,
            47.15467869346941
          ],
          [
            8.66116326213004,
            47.15467488023368
          ],
          [
            8.66114211266068,
            47.154627696715906
          ],
          [
            8.66114284220624,
            47.154571878495425
          ],
          [
            8.661118759164916,
            47.15455156987196
          ],
          [
            8.661032311311763,
            47.15456531677833
          ],
          [
            8.661007633196682,
            47.15452588021053
          ],
          [
            8.660969931507367,
            47.15450228885595
          ],
          [
            8.66096603509117,
            47.154468532726646
          ],
          [
            8.660909115573814,
            47.15444940963087
          ],
          [
            8.660846998805532,
            47.15446198925438
          ],
          [
            8.660689599180188,
            47.1543970921528
          ],
          [
            8.660675584987876,
            47.154353961851605
          ],
          [
            8.660698702394734,
            47.154329103496046
          ],
          [
            8.660587602289295,
            47.154202857167114
          ],
          [
            8.660038037616882,
            47.15387299499306
          ],
          [
            8.65964265104513,
            47.153603115417845
          ],
          [
            8.659578873295189,
            47.15330467930948
          ],
          [
            8.659694095805115,
            47.15307828013662
          ],
          [
            8.660090885951798,
            47.152565583507105
          ],
          [
            8.659981579591085,
            47.151901678328976
          ],
          [
            8.659840554086323,
            47.151691151721735
          ],
          [
            8.6595484376638,
            47.151638037715266
          ],
          [
            8.65834390357572,
            47.151500451761756
          ],
          [
            8.65708061437901,
            47.151324019763216
          ],
          [
            8.656673499145354,
            47.151359520736854
          ],
          [
            8.656102046484644,
            47.15147668837713
          ],
          [
            8.65573030495889,
            47.15145571322238
          ],
          [
            8.65493764131051,
            47.15145869208519
          ],
          [
            8.65369709959907,
            47.15154367255098
          ],
          [
            8.653377958294415,
            47.15161262361431
          ],
          [
            8.652733596697011,
            47.151860516820676
          ],
          [
            8.652369449087876,
            47.15193371839161
          ],
          [
            8.652051947317812,
            47.15206992856176
          ],
          [
            8.651946421045558,
            47.15212096891928
          ],
          [
            8.650793577729619,
            47.1523234502777
          ],
          [
            8.649401924706781,
            47.15251682947893
          ],
          [
            8.649081555058615,
            47.15250804811881
          ],
          [
            8.648944631639953,
            47.152471256600975
          ],
          [
            8.648675806587615,
            47.15229370898848
          ],
          [
            8.648355428892204,
            47.15204645426906
          ],
          [
            8.648197053068623,
            47.15194786100378
          ],
          [
            8.647750886931497,
            47.1517880628442
          ],
          [
            8.647333925301764,
            47.151625023413004
          ],
          [
            8.646784168505754,
            47.15157331596433
          ],
          [
            8.646382935881316,
            47.15154318372837
          ],
          [
            8.645795806022024,
            47.151468528741695
          ],
          [
            8.64517830476761,
            47.15142354288384
          ],
          [
            8.644681060135442,
            47.151414454670146
          ],
          [
            8.64432773788887,
            47.15143583594925
          ],
          [
            8.643683506236451,
            47.151508473284444
          ],
          [
            8.643192792814808,
            47.15154878742235
          ],
          [
            8.642534060273459,
            47.15158833945164
          ],
          [
            8.641691035902854,
            47.151609538873146
          ],
          [
            8.641198588970282,
            47.151644402119146
          ],
          [
            8.640498455401561,
            47.151658485254416
          ],
          [
            8.640322224969228,
            47.151737762966576
          ],
          [
            8.63994153239427,
            47.15182889165563
          ],
          [
            8.63922336768416,
            47.15178762393186
          ],
          [
            8.638962903791674,
            47.151793131198325
          ],
          [
            8.638693313985778,
            47.151786264843864
          ],
          [
            8.638230542836558,
            47.15171206386405
          ],
          [
            8.637065164941006,
            47.15154262248789
          ],
          [
            8.636670239814935,
            47.15148882156242
          ],
          [
            8.636499721123819,
            47.15153894129798
          ],
          [
            8.636128437720862,
            47.15171252319278
          ],
          [
            8.635602373414722,
            47.151846459812134
          ],
          [
            8.635213713822827,
            47.151811641871475
          ],
          [
            8.63436529406764,
            47.15176215429103
          ],
          [
            8.632980020491187,
            47.15163689610333
          ],
          [
            8.63189957932528,
            47.15174459988999
          ],
          [
            8.631507460884379,
            47.15183312028358
          ],
          [
            8.631192759491109,
            47.15185465427019
          ],
          [
            8.631085425851396,
            47.15188994230386
          ],
          [
            8.630696147835264,
            47.15191426315202
          ],
          [
            8.630361858612252,
            47.15194507466481
          ],
          [
            8.630064355337355,
            47.15201948478915
          ],
          [
            8.629961816223775,
            47.15183002412554
          ],
          [
            8.629343858890657,
            47.151976848162086
          ],
          [
            8.629274398594777,
            47.152027035317104
          ],
          [
            8.628848329814133,
            47.152368743876394
          ],
          [
            8.628598887846339,
            47.15238200290452
          ],
          [
            8.627964673241646,
            47.15226173046263
          ],
          [
            8.627555923261944,
            47.15226865512922
          ],
          [
            8.626863859973659,
            47.152170312715604
          ],
          [
            8.62667695791468,
            47.15218386603245
          ],
          [
            8.626333188608236,
            47.152003343745456
          ],
          [
            8.626285260812526,
            47.15211062813114
          ],
          [
            8.625775292375817,
            47.151868606537334
          ],
          [
            8.625674006896315,
            47.151797406410516
          ],
          [
            8.625520364966548,
            47.15186812491615
          ],
          [
            8.625232185654367,
            47.15194641140474
          ],
          [
            8.62498212189012,
            47.1522070272444
          ],
          [
            8.624737004176199,
            47.1523993581609
          ],
          [
            8.624383455144068,
            47.15266408033129
          ],
          [
            8.623784062257089,
            47.152969090242465
          ],
          [
            8.623194737527198,
            47.153196035465285
          ],
          [
            8.622793562891834,
            47.15336628316183
          ],
          [
            8.62258251120297,
            47.153425804135374
          ],
          [
            8.62247363618713,
            47.15342637602785
          ],
          [
            8.621888045108305,
            47.153350836594264
          ],
          [
            8.621464857267252,
            47.15323055223375
          ],
          [
            8.621274852142825,
            47.153163571076966
          ],
          [
            8.620631029651502,
            47.15297749868133
          ],
          [
            8.620070117944579,
            47.15283915752247
          ],
          [
            8.619623864952862,
            47.15258278977111
          ],
          [
            8.619286006724646,
            47.15239724724587
          ],
          [
            8.618698432652964,
            47.15216164952402
          ],
          [
            8.618521540177035,
            47.15208557850319
          ],
          [
            8.617833570428925,
            47.15169207720384
          ],
          [
            8.617696930803348,
            47.15181672065833
          ],
          [
            8.617301118488419,
            47.15202478456261
          ],
          [
            8.61720239622442,
            47.1520664932505
          ],
          [
            8.617093986056846,
            47.152144950053
          ],
          [
            8.617063051975633,
            47.152146265529666
          ],
          [
            8.617042921209263,
            47.15215970461912
          ],
          [
            8.617032625364148,
            47.15217482411441
          ],
          [
            8.616525554495356,
            47.1521626291858
          ],
          [
            8.616087136436995,
            47.15203119143909
          ],
          [
            8.615837766042684,
            47.15218865185337
          ],
          [
            8.615529096266444,
            47.152356496927965
          ],
          [
            8.615331154617406,
            47.15253325672269
          ],
          [
            8.615167028523157,
            47.152697049144045
          ],
          [
            8.615021638417813,
            47.15277615207086
          ],
          [
            8.613701019442422,
            47.153718315219145
          ],
          [
            8.61320990977139,
            47.15414201396735
          ],
          [
            8.612775197238506,
            47.15427783594834
          ],
          [
            8.612140553451649,
            47.15437248037156
          ],
          [
            8.611638492579406,
            47.1543629113151
          ],
          [
            8.61137735524249,
            47.15432929402809
          ],
          [
            8.611015339669915,
            47.15423272628777
          ],
          [
            8.610578751053241,
            47.1540536791388
          ],
          [
            8.610306767971295,
            47.15389078339599
          ],
          [
            8.610164175183423,
            47.1537848619882
          ],
          [
            8.609998517882097,
            47.15367169079011
          ],
          [
            8.609550165729809,
            47.15350732378354
          ],
          [
            8.609001601242602,
            47.1534193145642
          ],
          [
            8.608721094522465,
            47.153384925833926
          ],
          [
            8.608449291360998,
            47.15336017235878
          ],
          [
            8.608031901199034,
            47.15329316992589
          ],
          [
            8.607640175803287,
            47.15325158814109
          ],
          [
            8.607387642623578,
            47.1532076102138
          ],
          [
            8.606630839671162,
            47.15341119909028
          ],
          [
            8.606403229733706,
            47.15342339651561
          ],
          [
            8.605682279310571,
            47.15354183874439
          ],
          [
            8.605342068528634,
            47.15355371916523
          ],
          [
            8.605204690184243,
            47.15355464477262
          ],
          [
            8.604721242631957,
            47.15359273239668
          ],
          [
            8.603952851714125,
            47.15362456543272
          ],
          [
            8.603593767310356,
            47.15362727626284
          ],
          [
            8.603015038208245,
            47.1536762080384
          ],
          [
            8.602433151316566,
            47.153479278071075
          ],
          [
            8.602173685042679,
            47.153493534608565
          ],
          [
            8.601878560241705,
            47.153521141096874
          ],
          [
            8.601794848607012,
            47.15345566174516
          ],
          [
            8.601096591737706,
            47.15314762543629
          ],
          [
            8.600941342247495,
            47.15304150583439
          ],
          [
            8.599880184671232,
            47.1534791637994
          ],
          [
            8.599153917417652,
            47.15314808152318
          ],
          [
            8.598984142142314,
            47.15310960120864
          ],
          [
            8.598827571478811,
            47.15302263514094
          ],
          [
            8.598705376539247,
            47.15291177121548
          ],
          [
            8.59862044880163,
            47.15288670190175
          ],
          [
            8.598446793254405,
            47.152725080729645
          ],
          [
            8.598351697827695,
            47.15262024022009
          ],
          [
            8.598259649317725,
            47.152540979898774
          ],
          [
            8.598096369269932,
            47.15245827252812
          ],
          [
            8.597955938321894,
            47.152346134329406
          ],
          [
            8.59783973699546,
            47.15226282613091
          ],
          [
            8.597719781703567,
            47.15215595072151
          ],
          [
            8.597558393687772,
            47.152049078860955
          ],
          [
            8.597464760793818,
            47.15196353683243
          ],
          [
            8.597392527479721,
            47.15194059666949
          ],
          [
            8.59727751364979,
            47.151893789816995
          ],
          [
            8.597203837050063,
            47.15183096779492
          ],
          [
            8.597104072188412,
            47.151817273561676
          ],
          [
            8.596997590982925,
            47.15174427474148
          ],
          [
            8.596925314591777,
            47.1517101799566
          ],
          [
            8.596755808773919,
            47.151669237838384
          ],
          [
            8.596531187251781,
            47.15156512423976
          ],
          [
            8.596433402039477,
            47.151538671478676
          ],
          [
            8.596338430687236,
            47.1515307396079
          ],
          [
            8.59615886916583,
            47.15153087360108
          ],
          [
            8.596105198570879,
            47.151472923168505
          ],
          [
            8.596069407260083,
            47.15139841148072
          ],
          [
            8.595865759146616,
            47.1512426386861
          ],
          [
            8.595778927270644,
            47.1512183600978
          ],
          [
            8.595656367331038,
            47.15116211002937
          ],
          [
            8.595537869312363,
            47.15110037652984
          ],
          [
            8.595440795353692,
            47.15109029709217
          ],
          [
            8.59542690479352,
            47.15106077771761
          ],
          [
            8.595358178679856,
            47.15103710834368
          ],
          [
            8.595333023658073,
            47.15099401966502
          ],
          [
            8.595266981657796,
            47.150968847936504
          ],
          [
            8.595208793510256,
            47.150923284729146
          ],
          [
            8.595084941060378,
            47.150866354382366
          ],
          [
            8.594996935590048,
            47.15063632658399
          ],
          [
            8.594880145670682,
            47.15058886953619
          ],
          [
            8.594524153997456,
            47.150504855823804
          ]
        ]
      }
    }
  ]
}