{"type": "FeatureCollection", "features": [{"type": "Feature", "properties": {"bfs_nummer": 181}, "geometry": {"type": "MultiPolygon", "coordinates": [[[[8.852847135605948, 47.39843349372443], [8.85293187162349, 47.39869137814412], [8.853053326868938, 47.39893851300926], [8.853199710181238, 47.39917639184465], [8.85337327605187, 47.39940808140784], [8.853584609003514, 47.39962154194025], [8.853812017811544, 47.39983013635452], [8.854073160443953, 47.40001679055157], [8.854132310566374, 47.40005093303733], [8.854362142583826, 47.400182062189906], [8.854342290301485, 47.40030298250323], [8.854120500658858, 47.400642896339086], [8.854591714943313, 47.40108514394695], [8.854887362617896, 47.401363229805234], [8.855075010485049, 47.4015633684947], [8.855653910267502, 47.40188932386416], [8.855724107358498, 47.402236424759145], [8.855843189523005, 47.40267888186259], [8.855530422073203, 47.40271526911651], [8.855390218451207, 47.40283543580129], [8.85541855886675, 47.402855328543076], [8.85544235735707, 47.40287781374709], [8.85546109718384, 47.402902393981236], [8.855474367335539, 47.402928561527396], [8.855491403723384, 47.40298672547615], [8.85550210565066, 47.40302044492175], [8.85550761598382, 47.403054749762774], [8.855507858439065, 47.403089263119604], [8.855502835949887, 47.40312359812628], [8.855468240871383, 47.403292942741956], [8.855455286442643, 47.403338412728914], [8.855435930033705, 47.40338280079352], [8.855410333244933, 47.40342570908219], [8.85537873722435, 47.40346673884948], [8.85531383213167, 47.40353471415532], [8.855281236789795, 47.403575540225155], [8.855253227231607, 47.40361791129919], [8.855229982695986, 47.40366159130883], [8.85521162893606, 47.40370632681858], [8.855183212535701, 47.403785711026536], [8.855168074431083, 47.403826808837586], [8.855149500269851, 47.40386724711857], [8.855127566392328, 47.40390690796812], [8.855102335205453, 47.40394564670268], [8.85506277852619, 47.404018681466894], [8.855038965723812, 47.40409481562062], [8.855031424580455, 47.40417246847185], [8.855040324988256, 47.404250054687495], [8.855065452512104, 47.404325984688896], [8.855126788149382, 47.40446551079133], [8.855164184190045, 47.40457028333078], [8.855182547812381, 47.404677349154454], [8.8551816256075, 47.40478515515118], [8.855161440115863, 47.40489206378879], [8.854896397612865, 47.40590118556348], [8.854879070872094, 47.405957179787166], [8.85486331335575, 47.406013388648795], [8.854849164577221, 47.406069802679724], [8.854838338239938, 47.40611811588597], [8.854828680911492, 47.406166540714025], [8.854820205845902, 47.40621507700719], [8.854705373871347, 47.40672779543451], [8.854654415246168, 47.40671846175446], [8.853203021302948, 47.40645350225281], [8.853167970115466, 47.40654717969305], [8.853142044750928, 47.406642211695186], [8.853125353498342, 47.4067381831547], [8.853117965715208, 47.40683470653284], [8.853103391199658, 47.407374099854536], [8.853043990070567, 47.40737319865949], [8.853041588212184, 47.40733963846172], [8.853034754717763, 47.40730635737646], [8.853023536998279, 47.40727364270685], [8.853008020969199, 47.40724173625882], [8.852475107826839, 47.40634216369555], [8.852440668634415, 47.40628922298817], [8.852401723757518, 47.406237758708805], [8.852358396728043, 47.406187931273315], [8.852310838035336, 47.406139918746256], [8.852228835894708, 47.40606274992662], [8.852188301633408, 47.40602327821401], [8.852149338361123, 47.40598308561087], [8.852111999765485, 47.4059421984357], [8.852076286339031, 47.40590063469578], [8.851919727178526, 47.405710223046725], [8.851842058618304, 47.40561955244878], [8.851760589274425, 47.40553044853809], [8.851675386379503, 47.4054429465095], [8.851586518790649, 47.40535714445513], [8.851295909564232, 47.40508580034182], [8.851218788074043, 47.40501467922127], [8.85113944431053, 47.40494469167567], [8.85105787923132, 47.40487587367129], [8.85097420070546, 47.40480829583919], [8.850888368771308, 47.40474194968198], [8.850800490350053, 47.404676869868766], [8.850567162983937, 47.404505754773616], [8.850522177828488, 47.404473731300534], [8.850475591851282, 47.404442797842634], [8.85042744504213, 47.404412962921555], [8.850377805519612, 47.40438429764802], [8.85018901628939, 47.40428024878872], [8.849998929320206, 47.404451741322916], [8.849440973127612, 47.40495826881685], [8.849327245303625, 47.405059796213216], [8.84935718855461, 47.405113233404975], [8.849412484604848, 47.40513734123715], [8.84946225014105, 47.40518176557749], [8.849487198092115, 47.40521918864765], [8.84954202316349, 47.40522351177596], [8.849613403301742, 47.40525354902768], [8.849630316891375, 47.405275786619704], [8.849629420083053, 47.40531996581942], [8.849638508576279, 47.40538743889053], [8.84963823193599, 47.40542901104027], [8.849686883904464, 47.405467394873824], [8.849638992817937, 47.40554375873139], [8.849685825419133, 47.405570479566215], [8.849731145329452, 47.40557611507375], [8.849757985392962, 47.405619425045806], [8.84978408655057, 47.40563084556653], [8.849813561290294, 47.40567607528307], [8.849875944858773, 47.40581011266706], [8.849929494967698, 47.405810304111526], [8.849923052890318, 47.40584972056392], [8.849937943148312, 47.405907101633794], [8.849946798549365, 47.40594475709915], [8.849928763045614, 47.406001703687515], [8.849966452119881, 47.40602338149329], [8.850023686838385, 47.406045099446146], [8.850019873651204, 47.40606871444604], [8.849995981188282, 47.406102649858134], [8.849989755905282, 47.40613874434171], [8.850051401599284, 47.40618190774465], [8.849961671324953, 47.40626650993619], [8.849980162269807, 47.40630425451999], [8.850072318936743, 47.406355708279435], [8.850038442322631, 47.40641090531126], [8.849943610409438, 47.40654652966722], [8.849973295842052, 47.4066296911432], [8.849996028305123, 47.406678475651454], [8.850090654574936, 47.40667359563222], [8.850089429525324, 47.40679638220399], [8.850103132036734, 47.40692993431502], [8.850047627343702, 47.40702753985883], [8.850107244279384, 47.407081603895136], [8.850093406723735, 47.407196466723185], [8.850030376165146, 47.40725111101203], [8.85003449616162, 47.407323574288675], [8.850034059827527, 47.40734560987711], [8.849962380389952, 47.40753992645039], [8.849972523567349, 47.40768317444452], [8.849892832109656, 47.407817183553576], [8.849834013947126, 47.40788580078057], [8.849825308257518, 47.40801783646664], [8.849771557455863, 47.40814119268168], [8.849735923021347, 47.4081866148156], [8.849712602490625, 47.40821367054495], [8.849698943042812, 47.408287781178565], [8.84971606387823, 47.40832780939306], [8.849729561362532, 47.40841412826587], [8.849590870685542, 47.40846697962503], [8.849580173295884, 47.40849534747453], [8.849537624281206, 47.40853787648541], [8.849466373865313, 47.40860644716125], [8.849416593920003, 47.40880221445696], [8.849280738307787, 47.408813066308156], [8.849213368317026, 47.40887857601105], [8.848868460148589, 47.40865902546616], [8.848798482607242, 47.40861355221483], [8.848777906918105, 47.40859466069918], [8.848765861465512, 47.408572633567324], [8.848763306929968, 47.40854922222052], [8.84877041038729, 47.40852623274418], [8.848803402895566, 47.408467574588286], [8.848741812849388, 47.40845160336707], [8.84871111291502, 47.4085047641743], [8.848686133061925, 47.40853223570012], [8.848647718455544, 47.40855127136751], [8.848601558840706, 47.40855905804434], [8.848554487819047, 47.40855444190309], [8.8483852909138, 47.40851616082862], [8.848293964329798, 47.40850515780478], [8.848201248433027, 47.40850674750476], [8.848110851814159, 47.40852086671294], [8.84802642948853, 47.40854693108958], [8.847915776823507, 47.408595795287596], [8.847469279815854, 47.40877366659121], [8.847355238746266, 47.40881720999262], [8.847292942965916, 47.408845198941115], [8.84723535974619, 47.40887751138629], [8.84718311531766, 47.40891377975527], [8.8471368081074, 47.4089535829726], [8.847035189518651, 47.40905899967761], [8.847002985460625, 47.40908843002198], [8.846967904890462, 47.40911632118392], [8.846930116705238, 47.40914254518352], [8.846889816027605, 47.40916696468836], [8.846777618706696, 47.40922965513292], [8.846674972391563, 47.40928421405229], [8.84656791128639, 47.40933469749916], [8.846456789020497, 47.40938094821369], [8.8463419198216, 47.409422818526885], [8.846123220911716, 47.40949659217662], [8.846077525454708, 47.40951095688445], [8.846030681502207, 47.40952348246403], [8.845982861023234, 47.40953415781242], [8.8459341953369, 47.409542936388604], [8.845983141167668, 47.40890488631942], [8.845725478283246, 47.40883144410745], [8.84441987657427, 47.40889125697958], [8.844451010745711, 47.40938002078704], [8.844351978889003, 47.409430565849156], [8.844314647229682, 47.40938929844534], [8.844253620048535, 47.409343929457705], [8.84410449834453, 47.40920717535734], [8.843315614979467, 47.40920178347464], [8.842310371016593, 47.40902823217833], [8.842187060124893, 47.40902641079877], [8.842182553744768, 47.4084597598742], [8.842030498010349, 47.40854424961396], [8.841904082644517, 47.40860108100738], [8.841798776125012, 47.40861164348517], [8.841714437950918, 47.40859574694021], [8.841646208436831, 47.40857312416138], [8.841636328781052, 47.40857132804995], [8.841667539313997, 47.4080201683891], [8.841575724989157, 47.408051922246685], [8.841480671757889, 47.408078938662804], [8.84138291896265, 47.40810106714617], [8.841283006932004, 47.40811819321889], [8.840472691978995, 47.40823537151769], [8.840408892251961, 47.40824609466077], [8.84034626700777, 47.40825965511513], [8.840285106272415, 47.40827599542061], [8.840225673304323, 47.408295049401666], [8.84015414270217, 47.40832016918407], [8.840126421771886, 47.408334781434476], [8.84010815438555, 47.40835514412964], [8.840101774394837, 47.40837857406178], [8.840108102862184, 47.40840202977608], [8.840020766562166, 47.408398564186626], [8.840249378699127, 47.408794493640855], [8.840275887138931, 47.408838025569615], [8.840305038632936, 47.40888077881603], [8.840336804299918, 47.40892266374272], [8.840371116033046, 47.408963609229126], [8.840424152772119, 47.409023722037766], [8.84043676930172, 47.409048441777806], [8.84043428926612, 47.40907454110539], [8.840417109004719, 47.40909794916448], [8.840387902249251, 47.40911502632646], [8.840267452897859, 47.4091564818844], [8.840193671679515, 47.40919380899639], [8.840132324248959, 47.40924035866546], [8.840085826295706, 47.40929426652555], [8.840056082340794, 47.4093533775561], [8.84004426263769, 47.40941532971765], [8.840050831784326, 47.40947763456036], [8.840073125540556, 47.409535727733015], [8.840109075465199, 47.409590569794965], [8.840157728739907, 47.409640697029026], [8.840217764687981, 47.409684767120325], [8.84028760165896, 47.40972159380098], [8.840378605511338, 47.4097616001025], [8.840432944078065, 47.40979360412992], [8.840474974036322, 47.40983323275159], [8.840502453152508, 47.409878372122385], [8.840513886330799, 47.40992658489942], [8.840508688487931, 47.409975287193866], [8.840487109146205, 47.41002187630599], [8.84043717802724, 47.4100853251939], [8.84037092744562, 47.41014146970929], [8.840290612184054, 47.41018837535886], [8.84019896094487, 47.410224488774986], [8.840099107710554, 47.41024854855664], [8.839996599493888, 47.41026689234274], [8.839959525508615, 47.4102705623682], [8.83992204817871, 47.41027098988811], [8.839884817095147, 47.41026818500762], [8.839848389816282, 47.410262185922306], [8.839779919850752, 47.41031459675985], [8.839750107897663, 47.41029661628994], [8.839716683479374, 47.41028185505232], [8.839680371889944, 47.41027068207129], [8.83964200059275, 47.41026332117884], [8.839603662903928, 47.41026076350722], [8.839565237223779, 47.41026241682498], [8.83952769081983, 47.410268278385004], [8.839492025053108, 47.41027812916738], [8.839457965745412, 47.41029313293047], [8.839427286133912, 47.41031118119628], [8.839400627788875, 47.4103319783577], [8.83937845551219, 47.410355059962164], [8.83930708314601, 47.410440726611334], [8.839282617093211, 47.41046779407144], [8.839255415669365, 47.41049364428614], [8.839225594093042, 47.41051812294967], [8.839193321724222, 47.410541120040804], [8.839159237765086, 47.41056023498548], [8.83912265643673, 47.4105771043137], [8.839083917880552, 47.41059156193772], [8.839043323761834, 47.410603487310965], [8.83900226196818, 47.41061224288823], [8.838960193616735, 47.41061850087531], [8.838917461268862, 47.410622185173054], [8.838874422106239, 47.4106232734247], [8.838832809923439, 47.41062117793179], [8.838791480219857, 47.410617225907835], [8.838750605935896, 47.41061144225702], [8.838710386723266, 47.410603860532596], [8.838496077742537, 47.41055279828106], [8.837731863189147, 47.41037494571791], [8.836967330708012, 47.41019740670634], [8.836222944794876, 47.41002438641794], [8.83571855520837, 47.40990723718508], [8.835399055438604, 47.40983267608632], [8.83544149902878, 47.40985993236713], [8.835468053894267, 47.40989526081381], [8.835475697366808, 47.409934569018134], [8.83546355567071, 47.40997334277226], [8.835414987972374, 47.410056662207566], [8.83517615067551, 47.41038740217329], [8.835111720305944, 47.41046618158555], [8.83506855002399, 47.410511789177434], [8.835011205383863, 47.41054949898661], [8.834942654928014, 47.41057729611024], [8.834866584886269, 47.41059375066707], [8.834651890665628, 47.4106243928719], [8.834552930294342, 47.41064218528803], [8.834458211063046, 47.41066859814063], [8.834369390555825, 47.41070317063028], [8.834287964104556, 47.410745317988685], [8.834275648328532, 47.41075270828211], [8.83426357565622, 47.41076027547837], [8.834251718954798, 47.41076799299988], [8.833929540200097, 47.41097668608565], [8.833880032202345, 47.411020201584606], [8.833849696091166, 47.41107117687556], [8.833840818022777, 47.41112582426802], [8.833854033582156, 47.411180078992096], [8.83388837449943, 47.41122985969845], [8.833941279809272, 47.4112714912458], [8.834008798425524, 47.41130186375285], [8.834085874999854, 47.41131870843976], [8.834166818028017, 47.41132077156431], [8.834297639811627, 47.41130611214968], [8.834749952741152, 47.41128093971106], [8.834882413850732, 47.41127877278949], [8.834952137733813, 47.411279009880815], [8.835019175318209, 47.41129202613523], [8.835078519084211, 47.41131687449342], [8.835125760103775, 47.41135168315816], [8.83515737198901, 47.41139386816652], [8.835171006139293, 47.41144028249328], [8.835165644367105, 47.411487475135374], [8.835141684568022, 47.41153192400208], [8.835100921590795, 47.411570315053034], [8.834933230005953, 47.41171627067893], [8.834863192745763, 47.411778394873224], [8.834801515007037, 47.41184447505509], [8.834748647295731, 47.41191400206718], [8.83470506500073, 47.411986412234796], [8.834540720704831, 47.4122915032478], [8.834519997701133, 47.41233257541957], [8.834503524999915, 47.41237452277904], [8.834491363691518, 47.41241714672024], [8.834483600865793, 47.41246023030146], [8.834467032903838, 47.412568818069154], [8.834464284432933, 47.41262372423346], [8.834470212832917, 47.41267850754722], [8.834484748977372, 47.412732548271634], [8.834507717330773, 47.41278521873441], [8.834542894502802, 47.412857235102294], [8.834559342009127, 47.41289166943509], [8.834568598763555, 47.412927314971625], [8.834570461546253, 47.412963490719186], [8.834564911877756, 47.41299949515609], [8.834541222391369, 47.41305531102621], [8.83449989728486, 47.41310619435066], [8.83444294904312, 47.41314954806503], [8.83437322414331, 47.41318324190142], [8.834294242974904, 47.41320557815407], [8.834168656431455, 47.413233082847434], [8.834032318381093, 47.41325690309227], [8.833944092140646, 47.41327084096389], [8.833854819403516, 47.413281256154946], [8.833764777208808, 47.41328810032955], [8.833674335785728, 47.413291341996874], [8.833330849127785, 47.413293841509685], [8.833249154329843, 47.41328848550818], [8.833169473034754, 47.41327500014177], [8.83309361525656, 47.41325367841723], [8.833023223261167, 47.41322498629749], [8.832915112500684, 47.41317340572632], [8.83268844727122, 47.41305347665131], [8.832609985719808, 47.4130131604478], [8.832530190814378, 47.412974047689374], [8.832449116458058, 47.412936173672556], [8.8323667896551, 47.412899556107725], [8.832176886775377, 47.412817548768686], [8.832123606814514, 47.41279553141701], [8.832068720751403, 47.41277544042254], [8.832012361531083, 47.412757292169935], [8.831954677275537, 47.41274117488128], [8.831856571165178, 47.41271228538148], [8.831781999471158, 47.41269752300237], [8.831704981734505, 47.412690571238116], [8.831627337593343, 47.41269158805871], [8.831550802475153, 47.41270055252346], [8.831349766336741, 47.41273344312766], [8.831272923528696, 47.412751928435036], [8.83120256971542, 47.41277987077042], [8.831141197113448, 47.41281628665002], [8.83109099817594, 47.412859881246966], [8.831053761358152, 47.412909112733594], [8.831030805000385, 47.4129621932223], [8.831025382896076, 47.412971748838785], [8.831015257597958, 47.41297932812799], [8.831001767326216, 47.412983907474285], [8.830986750604659, 47.41298484406005], [8.830844282934445, 47.4129785006792], [8.830840116989283, 47.41302343850975], [8.830947403398888, 47.41308667094527], [8.830966230107848, 47.413100684067395], [8.830978877810793, 47.41311760523134], [8.830984426226127, 47.413136195173486], [8.830982456084588, 47.413155118567545], [8.830930434928185, 47.41332671474756], [8.830886280221998, 47.41344489056339], [8.8308235751555, 47.41355913375777], [8.830743013643271, 47.41366810479056], [8.830645568956372, 47.41377051438241], [8.830316238899247, 47.41408104028435], [8.830270177610382, 47.41412532232149], [8.830226463633077, 47.41417068255918], [8.830185148784608, 47.414217075393175], [8.830146297160695, 47.41426441905329], [8.830091249871083, 47.41432491125889], [8.830033775799897, 47.41438433515499], [8.829973927950734, 47.414442690117106], [8.829716096634815, 47.41466986367521], [8.829659516872725, 47.41471840097955], [8.829605301646316, 47.41476816919846], [8.829553528791678, 47.41481910441395], [8.829504250615907, 47.414871179029696], [8.829272667302165, 47.41510487277308], [8.829196110745713, 47.41517811820108], [8.82915097755019, 47.41523009783643], [8.829114925507971, 47.41528524253634], [8.829088412323886, 47.41534280915389], [8.829071777248927, 47.41540208303806], [8.829057699465348, 47.41546793786134], [8.829052944720127, 47.415539617607315], [8.829065923371877, 47.415610832132906], [8.829096238338881, 47.41567957110598], [8.829143057163293, 47.415743892626956], [8.829203402986327, 47.41580246517823], [8.829277252919136, 47.41585339984096], [8.829362568828786, 47.41589528182791], [8.829456961122059, 47.415926934675056], [8.829777024299869, 47.416010330192414], [8.829837156264295, 47.41602872186167], [8.829894084868657, 47.416051317011316], [8.829947207339002, 47.416077871017], [8.82999587929983, 47.41610806782525], [8.830072016042433, 47.41616227592329], [8.830128277894877, 47.41620955382005], [8.830169565409753, 47.416263479801046], [8.830194232018352, 47.41632190573429], [8.830201262412167, 47.41638249601239], [8.830203427683188, 47.416472452322246], [8.830198950990678, 47.416622165104506], [8.830198052998803, 47.41666894377549], [8.830194993295196, 47.416715667494685], [8.830189823966759, 47.416762299695975], [8.830182517543864, 47.41680880469671], [8.830161574391866, 47.416957276434886], [8.830154459659795, 47.41701111946068], [8.830154016418785, 47.417065160968676], [8.830160248501148, 47.41711903232922], [8.830173119928846, 47.4171723740355], [8.83020004986383, 47.417217486225496], [8.83024472747769, 47.41725555709869], [8.830303453782554, 47.41728349175406], [8.830371437128669, 47.41729898216646], [8.830443104496416, 47.41730076400923], [8.83051256729307, 47.417288683227426], [8.830769557246406, 47.41720893707181], [8.830856761482183, 47.417189086002026], [8.8309472131513, 47.41717786749448], [8.831039101355966, 47.41717546521887], [8.83113055998027, 47.41718197370905], [8.831241411531984, 47.41719368171788], [8.83131780915498, 47.41720404161585], [8.831393409860825, 47.417216866885205], [8.831468000933524, 47.41723213306317], [8.831541435488548, 47.4172497969704], [8.831665864111589, 47.417290585632564], [8.831726208088453, 47.417313957405455], [8.831773473406356, 47.417348560315865], [8.831803228732314, 47.41739117343572], [8.831812787439011, 47.41743788915713], [8.831801228186167, 47.417484400545725], [8.831798124184086, 47.41749037501939], [8.831794659870424, 47.41749625488988], [8.831790835241955, 47.4175020401536], [8.831743409051453, 47.41758691818278], [8.831608551362955, 47.41778430484245], [8.831581179148623, 47.4178262031591], [8.831556583667991, 47.41786886860596], [8.831534802774984, 47.417912228743695], [8.831515927115975, 47.417956201536526], [8.831485385953304, 47.418017307492065], [8.831470511575484, 47.41807593069776], [8.831471987831078, 47.418135409343726], [8.831489733731015, 47.4181936574744], [8.831523152975025, 47.41824864931752], [8.83157106823772, 47.41829844686942], [8.831631791847952, 47.418341352488994], [8.831703241969448, 47.41837580799294], [8.831820510203023, 47.4184173753437], [8.832408010960231, 47.418647648731024], [8.832551552800307, 47.418698982413666], [8.832700666126065, 47.41874239559811], [8.832854414943732, 47.41877757571119], [8.83301181262718, 47.41880430077542], [8.833462200595433, 47.418867637256916], [8.833540256799596, 47.41887947791467], [8.833618884631989, 47.41888935957887], [8.833697991119482, 47.41889727439509], [8.834098314095334, 47.418940603866396], [8.834184971164326, 47.41895189945721], [8.834270413188289, 47.418966897803244], [8.834354294152087, 47.418985540240854], [8.834436227655056, 47.41900775041075], [8.835084265624577, 47.41919919238964], [8.835170850161953, 47.419228920045704], [8.835251672821935, 47.41926534697113], [8.835325660004681, 47.419307964444634], [8.8353917754611, 47.41935617330639], [8.835514974620878, 47.41946346770983], [8.835545034021012, 47.41949124250502], [8.83556913050699, 47.41952159018133], [8.835586836773995, 47.41955388616701], [8.835597753204631, 47.41958755054648], [8.835600991225132, 47.41960841709183], [8.835601633483078, 47.41962935997499], [8.835599651393066, 47.419650298629165], [8.835592177052286, 47.41973974187271], [8.83557042475919, 47.41989220056816], [8.835565435661184, 47.419974839863784], [8.835575047485552, 47.42005728489361], [8.835599136700763, 47.42013836751647], [8.835637367493968, 47.420216904386564], [8.835846823085665, 47.42057410402957], [8.835888810943235, 47.42065992656222], [8.835905922387497, 47.42070590278286], [8.835905973739603, 47.4207533175914], [8.835888982475792, 47.42079930125989], [8.835855989529446, 47.42084109750295], [8.835808969320656, 47.42087616372084], [8.835634703373522, 47.420978210344295], [8.835558290912482, 47.42101501694484], [8.835474146218274, 47.42104304733222], [8.835384476610427, 47.421061564078535], [8.835291615686184, 47.421070089309495], [8.835197930047006, 47.42106839650536], [8.83506589782271, 47.42106157159104], [8.834626150751223, 47.421030306825216], [8.834503258950829, 47.421020249487796], [8.834381142459385, 47.42100639554367], [8.834260146295405, 47.420988758845866], [8.834140417411557, 47.42096738260118], [8.833706769655535, 47.420886070641984], [8.83358242777632, 47.42085656348962], [8.833502840780037, 47.420847619850356], [8.83342228503773, 47.420850777690056], [8.83334474739273, 47.42086593500648], [8.83327401069524, 47.42089228174857], [8.833213581119633, 47.42092857024982], [8.833166406860503, 47.420973001678135], [8.833134816389302, 47.42102338900817], [8.833058784732907, 47.421202849391605], [8.833031650985602, 47.42125995638342], [8.8329932642647, 47.42131402374283], [8.83294439272339, 47.42136402544429], [8.832885913869836, 47.42140903397904], [8.832813207531292, 47.421451308304185], [8.83273209364053, 47.421485830828274], [8.832644341122622, 47.421511824474656], [8.832551897323253, 47.42152873522279], [8.83242210459153, 47.421543694342425], [8.83209551720254, 47.42157407810854], [8.832012477847933, 47.421578605267946], [8.83192920163853, 47.4215771173194], [8.831846630175407, 47.4215696387428], [8.83176570573689, 47.42155621224813], [8.831600572886734, 47.42151934162282], [8.831507455651023, 47.421505450121614], [8.831412305431023, 47.42150149613173], [8.831317391669854, 47.42150759618262], [8.831225017109638, 47.42152361469357], [8.831080939080037, 47.42155693360624], [8.831027829810235, 47.4215681161352], [8.830973367152232, 47.42157569866178], [8.830918080719739, 47.421579656892746], [8.830862484580452, 47.4215798855511], [8.830685782936733, 47.42157502388649], [8.830603078500282, 47.42158121022126], [8.830525212804035, 47.42160111944095], [8.830457043641143, 47.421633487697854], [8.830402826689495, 47.42167632965255], [8.830365950614109, 47.42172694177422], [8.830348706150858, 47.42178219305134], [8.83034389756533, 47.421903996476566], [8.830347874238242, 47.42200085756213], [8.830368921705428, 47.422096667524244], [8.830406753725677, 47.422190107433906], [8.830460803795313, 47.42227978091137], [8.830598839012081, 47.42244971771497], [8.830633412352244, 47.42249758043018], [8.830660619131931, 47.42254758282673], [8.830680246695975, 47.42259919672326], [8.830692056083938, 47.42265190320639], [8.83069662972093, 47.42272949751108], [8.830712937136264, 47.42278339135527], [8.830744982606223, 47.42283392018113], [8.83079143934069, 47.42287900400394], [8.830850389682483, 47.42291677686838], [8.830919380197518, 47.42294566711928], [8.831078504434299, 47.42299185841698], [8.831140606455028, 47.423013796983426], [8.83120004797004, 47.42303891597906], [8.83125645445541, 47.42306708500169], [8.831309476240284, 47.42309811038285], [8.831667921784272, 47.42331944345577], [8.831732880852298, 47.42335784510437], [8.831799761247225, 47.42339470321013], [8.831868482158717, 47.42342996489684], [8.831938963166868, 47.423463595181104], [8.83197157152935, 47.423478341608714], [8.832004528507337, 47.42349273300965], [8.832037794317815, 47.4235067698271], [8.832169828333225, 47.42356461143976], [8.832245395893592, 47.42360316377858], [8.832309498666325, 47.42365034605348], [8.832360014566026, 47.42370459158911], [8.832395293275544, 47.42376412133946], [8.83244248325426, 47.4238811866114], [8.83247266895702, 47.423931476358476], [8.832518228219953, 47.42397611144898], [8.832576997703935, 47.424012959044056], [8.832646160902412, 47.42404025397753], [8.832722422495292, 47.42405667758683], [8.832802117519376, 47.424061473456554], [8.83301456569818, 47.42405784922057], [8.83309985375521, 47.42406464639901], [8.833181664645648, 47.42408240612798], [8.83325695783751, 47.42411042736692], [8.833322976532726, 47.42414770881442], [8.833377245969944, 47.42419287718855], [8.833500764675854, 47.424331833913136], [8.833547348535518, 47.42437707701645], [8.83360216623425, 47.42441785789625], [8.833664324177489, 47.424453458739045], [8.833732733466906, 47.424483298944736], [8.833925460354115, 47.42455605855953], [8.833981146992043, 47.42458041193482], [8.834031786289998, 47.424609422955726], [8.834076490700475, 47.42464260755543], [8.834114556794578, 47.42467942550304], [8.834286807429796, 47.42487764947648], [8.834333730769977, 47.42491759870153], [8.834393141459449, 47.42494898631924], [8.834461731677242, 47.424970017197325], [8.834535693986863, 47.42497955889994], [8.834610877927606, 47.424977049760145], [8.834747817179732, 47.42496036437051], [8.834820057340263, 47.42495882612783], [8.834890320112791, 47.42497033730298], [8.834953600057101, 47.42499407679996], [8.835005332097076, 47.42502832759541], [8.835080142078436, 47.42508888125453], [8.8351165371229, 47.425125629023086], [8.835144389321282, 47.42516566443885], [8.835163091085654, 47.42520805931865], [8.835172207536642, 47.42525190135728], [8.835179725474184, 47.42533232957478], [8.835185991043081, 47.42541403222471], [8.835196519183656, 47.42546115850527], [8.83521755490861, 47.425506619608726], [8.835248593635281, 47.42554936918921], [8.835288919127928, 47.42558838132947], [8.835347478324499, 47.4256322286054], [8.835383023292113, 47.425660296970875], [8.835420629761098, 47.42568710814791], [8.835460176868699, 47.42571260940173], [8.835501569801902, 47.425736720997385], [8.83580201124025, 47.42590421218914], [8.83583554750504, 47.42592391184858], [8.835867484600904, 47.42594480027817], [8.83589774111336, 47.42596680647651], [8.83592623611988, 47.42598987745128], [8.835997569016367, 47.42605067965108], [8.836033376496957, 47.42609124849552], [8.836052347035768, 47.42613677052071], [8.836053204193977, 47.426184067764495], [8.83603582225946, 47.42622986738363], [8.836001443929076, 47.42627101489226], [8.83595245978089, 47.426304656751924], [8.835976555454277, 47.426346968357144], [8.83620042343029, 47.42628973966857], [8.836262823172886, 47.42627583365333], [8.83632692399919, 47.426266134931474], [8.836392118021802, 47.42626071382647], [8.83645777036771, 47.42625962298423], [8.836507058963155, 47.426268382236174], [8.836549747148533, 47.42628726929446], [8.836581423113575, 47.42631434955868], [8.836598858873566, 47.426346837456265], [8.836600541145897, 47.42635436436773], [8.836601429750957, 47.426361954845255], [8.836601523514327, 47.42636956393326], [8.836588030455314, 47.426496312221104], [8.836526638812991, 47.426587495631594], [8.836369202478885, 47.42669050910132], [8.836039746003403, 47.42678540986002], [8.835888877468474, 47.42685084084308], [8.8353785167495, 47.4271947455038], [8.835000828863047, 47.42734060990586], [8.834856162767256, 47.42735605753263], [8.83446722692458, 47.4272899058495], [8.834123546854622, 47.42725509563048], [8.834124998428248, 47.42728165077815], [8.834128627864924, 47.427317966665065], [8.834123540717197, 47.42747081667194], [8.834138887240792, 47.4275652548476], [8.834405351178601, 47.42776234709582], [8.834683948693293, 47.42804235920347], [8.83465346049773, 47.42805046363113], [8.834631264352556, 47.428103823518235], [8.834587815787145, 47.42810803646259], [8.834624711940826, 47.42817646072772], [8.834683968244999, 47.42827358083931], [8.834720054217025, 47.428405613630176], [8.83473285555884, 47.42844994192798], [8.835051860554882, 47.42840894588956], [8.834808761512097, 47.42896703392809], [8.834663441514913, 47.42929892475237], [8.835590726796935, 47.42987464528599], [8.835630886045482, 47.42989960837104], [8.835662232622006, 47.42989083671604], [8.835696158257736, 47.42989093048142], [8.835727413199644, 47.42989988114102], [8.835751188640769, 47.42991629850682], [8.835894493739751, 47.43007398545942], [8.835927038953374, 47.43010228788716], [8.835965767564199, 47.43012677340639], [8.836009669151505, 47.43014682456611], [8.836057657037228, 47.43016195072528], [8.836108672232285, 47.430171705897955], [8.836161317838199, 47.430175900111365], [8.836214292017656, 47.43017443212656], [8.836266229517605, 47.43016730943547], [8.836391268293562, 47.43013715583736], [8.836724010333254, 47.43007271808872], [8.83684426825672, 47.43005588132716], [8.836966855334577, 47.430051007312485], [8.83708918932484, 47.430058199210805], [8.837208708135417, 47.43007731710431], [8.837322895346258, 47.4301079416659], [8.837842191569596, 47.43027691703827], [8.83792312040212, 47.43030205140345], [8.838005221264295, 47.43032537244257], [8.83808842718578, 47.43034685398602], [8.838445319469628, 47.4304461613942], [8.838481811628343, 47.43046116483037], [8.838509591687133, 47.43048312835446], [8.83852588475867, 47.43050987270062], [8.8385291228403, 47.43053873619429], [8.83858182367434, 47.430541984102625], [8.838588776109473, 47.430501383967545], [8.838599290336928, 47.43046112751098], [8.838613384087425, 47.43042138542364], [8.838630940916124, 47.43038226705562], [8.83865401734679, 47.430355432695855], [8.838671569698713, 47.430326731192466], [8.83868328063163, 47.43029669713479], [8.838688938826989, 47.43026586382878], [8.838772584260946, 47.430097416535276], [8.838811958039013, 47.430020891286254], [8.838853693426879, 47.42994494910711], [8.838897777406588, 47.42986959915605], [8.8389441985918, 47.429794913511174], [8.83895382264345, 47.429778784846654], [8.838962338960979, 47.429762372756805], [8.838969735228643, 47.42974571336067], [8.83941746708651, 47.43017733712491], [8.83969774854986, 47.43041454396503], [8.839851237473118, 47.43059048024149], [8.840137681753458, 47.43064974229113], [8.840297087679735, 47.430747740673986], [8.840351455416958, 47.430958260677905], [8.840185520889616, 47.43113243851393], [8.840195363909388, 47.4312021607333], [8.840135566541845, 47.4314319118771], [8.840175922724242, 47.43152768336891], [8.840079827430726, 47.43174637743477], [8.840067633247648, 47.4319227112947], [8.840213322061677, 47.43193310676453], [8.840305920360347, 47.431907381169104], [8.840379598094772, 47.431907225235385], [8.840472161679033, 47.431932045499224], [8.840713016760235, 47.43195181065727], [8.840949726099222, 47.43199937709023], [8.841012724264276, 47.43207089141438], [8.841106892898367, 47.43216416538947], [8.841188808302366, 47.432204442753864], [8.841411651970558, 47.43226209719881], [8.841592921954748, 47.43224929992058], [8.841737628413277, 47.432220385383694], [8.84175428129466, 47.43222146963483], [8.841914385117834, 47.43224659314595], [8.842316448791868, 47.43218799820044], [8.842249757272288, 47.43200817775269], [8.84218970862501, 47.43184346998404], [8.84213560885256, 47.431687163766085], [8.842119630332235, 47.43161309965217], [8.842104031905114, 47.431504676993235], [8.842097937605399, 47.43141733241028], [8.842101482273053, 47.431289804878006], [8.842112452742052, 47.431182471958145], [8.84213385563079, 47.431063552079664], [8.842158854283483, 47.43097190797441], [8.842184964360653, 47.43089828640999], [8.842219151510225, 47.430811235387594], [8.842264956318406, 47.430712807895574], [8.842310199143121, 47.43063228831031], [8.842474739523968, 47.430364319593885], [8.842609490081315, 47.43013150701504], [8.84294708700497, 47.42958000126747], [8.84327548340142, 47.42905334408121], [8.843632253909671, 47.42848446674671], [8.843839691182605, 47.42815825891471], [8.844052228723793, 47.42781294499676], [8.8441948671648, 47.42758366866241], [8.844380579418365, 47.42728437757904], [8.844772765885912, 47.426650531284245], [8.845102901869422, 47.42611030830474], [8.845164922456805, 47.42600938822332], [8.845213470328947, 47.42594139384571], [8.845260365621913, 47.4258770807421], [8.845323318959531, 47.4258004462107], [8.845383060795143, 47.4257362196194], [8.845450324320069, 47.42566720574106], [8.845474775194079, 47.42564292603285], [8.845557819529704, 47.42570308523812], [8.845671520274434, 47.425785666368625], [8.846133148834701, 47.42607777263031], [8.846151643069756, 47.42619369796875], [8.846163120001567, 47.42636207182008], [8.846171780189861, 47.42665804580445], [8.846174766866937, 47.42706832339102], [8.846963086124717, 47.426638881763964], [8.84697632182122, 47.426609565931464], [8.8471361863629, 47.426581063391566], [8.847365539737527, 47.426634328971154], [8.847604941907829, 47.42669161866605], [8.84768782774979, 47.42653228665156], [8.84844401522336, 47.4270030701779], [8.848852429860752, 47.42720281328058], [8.848753608743893, 47.42734696731287], [8.84865108978549, 47.42760926920809], [8.848387139509539, 47.427570862791825], [8.848338137020802, 47.427741728439834], [8.848189521104459, 47.42771710995189], [8.848080432917168, 47.42802332647463], [8.848128242975697, 47.42825996570858], [8.848192981738592, 47.42836844584858], [8.848694929831172, 47.428171857525186], [8.848901182575863, 47.4281869198337], [8.849678519711377, 47.42806783781956], [8.849738285338567, 47.42803010102411], [8.849703875663243, 47.428007204592866], [8.849680324195807, 47.42798486819441], [8.84966430443398, 47.42796361827902], [8.849651676416777, 47.42793829703197], [8.849645927227069, 47.427917938321116], [8.849643783180488, 47.42789606035412], [8.849645721853415, 47.42787417754379], [8.849652427436492, 47.42776506978232], [8.849655941558748, 47.42773960566299], [8.849661430058674, 47.42771862390934], [8.849669180423989, 47.42769795641917], [8.849679156858494, 47.42767775644657], [8.849694029929957, 47.42765424940416], [8.849708735378096, 47.427635422069294], [8.849788375508925, 47.42754386443281], [8.849800839193255, 47.42752748420032], [8.849811511651389, 47.42751054110729], [8.849820341820237, 47.42749310778301], [8.849824830136772, 47.4274849029905], [8.849832499213186, 47.42747617361348], [8.84984223667647, 47.4274684624645], [8.849853783703871, 47.42746200660017], [8.849868523138229, 47.4274564653098], [8.849880906666716, 47.42745356149196], [8.849893788570418, 47.42745195595036], [8.849905021386782, 47.427451647921636], [8.849918048653725, 47.427452523444956], [8.849954507181794, 47.42738070754021], [8.849905152501027, 47.42736859023604], [8.84988954868007, 47.42736352727035], [8.849877053555058, 47.427357220971395], [8.84986865182874, 47.4273513144785], [8.849859791914401, 47.427342624960225], [8.849853998357386, 47.42733409591547], [8.849850002902974, 47.427323889736385], [8.84984882216282, 47.42731335234551], [8.849849966990769, 47.42730353321413], [8.849852355201138, 47.42729311417192], [8.849856681808582, 47.427280809402475], [8.84986254046727, 47.427268791805815], [8.849869894312194, 47.42725716981357], [8.849878718646144, 47.42724601557333], [8.849887113150388, 47.427237151368445], [8.849898405047927, 47.427227073421044], [8.849908761492555, 47.42721921081462], [8.849919914291293, 47.427211887186], [8.84993182345989, 47.42720509403778], [8.849947005658219, 47.42719775718951], [8.85021410559803, 47.42708061215224], [8.850248341554881, 47.42706747440262], [8.850281311665604, 47.42705759047494], [8.850321810383072, 47.42704868496781], [8.850370037334644, 47.42704228476455], [8.850412506020218, 47.42704018284873], [8.850544513446675, 47.42703543995754], [8.850839611083861, 47.42703337331472], [8.850897556446704, 47.4270340417136], [8.850955453769805, 47.4270358980569], [8.851013236844155, 47.42703894320593], [8.851062643198029, 47.42704252245873], [8.85110368692069, 47.42704616787703], [8.85115277746971, 47.42705133414315], [8.851201665677928, 47.42705736645623], [8.851254065173988, 47.42706484013239], [8.851306665529101, 47.42707339072716], [8.851354644987676, 47.42708214173608], [8.851658985935128, 47.427143153533954], [8.851682939550972, 47.42714766434587], [8.85171124346352, 47.42715126737068], [8.851739924650616, 47.42715310265659], [8.851768717351185, 47.4271531464507], [8.851804521890475, 47.42715067571404], [8.851839682365751, 47.42714541521349], [8.851877039331043, 47.427136511582965], [8.85191244503488, 47.42712451039333], [8.851945333408702, 47.4271095624137], [8.85198023169814, 47.42708843687585], [8.852008016478269, 47.4270659950463], [8.852030979054987, 47.42704116541622], [8.85204743078504, 47.42701674828995], [8.852059855263986, 47.42698344752672], [8.852085885077791, 47.42694533876891], [8.852118835316354, 47.42690976308778], [8.85214980638334, 47.42688352198771], [8.852184535978633, 47.42685954683735], [8.852227656540263, 47.42683557700425], [8.852279895576517, 47.42681305186982], [8.852324455863645, 47.42679837483087], [8.85255093635052, 47.426737250416124], [8.852581230708164, 47.42672746150398], [8.852607034505878, 47.42671679197868], [8.852631177410116, 47.42670447855056], [8.852654986245485, 47.42668956948336], [8.852679708749088, 47.426670133439124], [8.852700761056841, 47.42664876325257], [8.852719664985855, 47.426622867539976], [8.85273316007528, 47.426595454787325], [8.852740429927238, 47.42657022316747], [8.852743024858166, 47.4265381671528], [8.85273990552105, 47.4265125588569], [8.85272776416312, 47.426452211979424], [8.852727668102407, 47.42643911555301], [8.852730758337865, 47.42642620505169], [8.85273604998879, 47.42641532761207], [8.852743598568091, 47.426405079267376], [8.85275484819352, 47.42639443482216], [8.852770389702124, 47.42638417867271], [8.852788493515128, 47.42637606811277], [8.852806211659496, 47.42637090384063], [8.852820439528976, 47.42632716427366], [8.853110662608053, 47.42637075072789], [8.85347752734198, 47.426102025015666], [8.853474688652916, 47.42585263717161], [8.853376185626258, 47.42573188027749], [8.853287769346458, 47.42574226369575], [8.853192308059826, 47.42553241347522], [8.853106448807374, 47.425561197397826], [8.85300949777455, 47.425597583234726], [8.852884464645006, 47.42564917326434], [8.852693445182474, 47.42568277854469], [8.852640457236934, 47.4256795585974], [8.852260114918419, 47.42568939133504], [8.852149889719952, 47.425675176793334], [8.852089977573813, 47.42565080272057], [8.852433149824057, 47.42516664161984], [8.852461027420084, 47.42512377865755], [8.852634102399987, 47.4248577424845], [8.852457271923607, 47.4247741598412], [8.852416873210892, 47.42475381125163], [8.852363789243126, 47.424725971582745], [8.852280010045046, 47.424679301741875], [8.852189312511038, 47.424625169191444], [8.852138880108155, 47.42459434639554], [8.852103329200235, 47.4245693596775], [8.852070674654465, 47.42454262837992], [8.852041105055294, 47.4245142671069], [8.852014824451754, 47.42448447131158], [8.851991969166473, 47.42445338325616], [8.851972677389917, 47.424421217096544], [8.851929283778778, 47.424337963016406], [8.85190971580289, 47.42429588714821], [8.851895823259255, 47.42425689037077], [8.851884939597568, 47.42421689425562], [8.851879481003706, 47.424177038716934], [8.851876982868454, 47.42412137771395], [8.851880079343811, 47.42407873686219], [8.851883895716078, 47.4240407468759], [8.851889932493247, 47.42398104147386], [8.85189378321534, 47.42394933898317], [8.851901009997045, 47.423915490247445], [8.851913450367054, 47.4238773138406], [8.851932602029043, 47.42383530423976], [8.851957090252933, 47.42379459676686], [8.85198676406649, 47.42375549903055], [8.852021340303079, 47.423718329334676], [8.852060626939954, 47.42368334196748], [8.852022390822878, 47.423662048799706], [8.852270087144785, 47.42346291673613], [8.852302747245137, 47.423480886432024], [8.852391371838845, 47.423407100444585], [8.852412183476904, 47.42338818909865], [8.852432670627707, 47.423364046313466], [8.852446330035983, 47.42334234386273], [8.852457180302189, 47.4233176802438], [8.85246399223862, 47.42329018743967], [8.852465659641828, 47.42326662564728], [8.85246354970858, 47.42324307409334], [8.852453788693511, 47.42320942415072], [8.852437650049541, 47.423179189577496], [8.852418452129394, 47.423154542672975], [8.852349281528834, 47.4230714062007], [8.85225035330147, 47.4229632750654], [8.85209812815471, 47.42287561274845], [8.852141347678932, 47.42284150390183], [8.852246938975526, 47.42286762214148], [8.852257777943015, 47.422869990353874], [8.852266763877031, 47.4228709599252], [8.852275872887239, 47.422871073416296], [8.852284919951664, 47.42287035108918], [8.852293733032349, 47.422868804018826], [8.852304189521798, 47.42286575258388], [8.852313713705147, 47.42286153413389], [8.852330982599499, 47.42285147284408], [8.852350303392697, 47.42284331150115], [8.852369139993122, 47.4228378817102], [8.852391189068832, 47.42283413080576], [8.85241158099663, 47.42283286492838], [8.852432014136303, 47.42283364955484], [8.852449878952307, 47.42283604878671], [8.8525024809407, 47.422672030364545], [8.85259521591213, 47.422397605412264], [8.851718802157453, 47.422433478935346], [8.85133954386755, 47.42227314834682], [8.8515146409935, 47.42214344207001], [8.851558772165438, 47.42210873741504], [8.851600319381872, 47.422072562067825], [8.851634441764558, 47.4220397968707], [8.851670807259886, 47.422001157116384], [8.851940407888208, 47.42170670139429], [8.851966252195018, 47.421682664090106], [8.85199756331675, 47.421661852219394], [8.852025169376228, 47.421648264109656], [8.852055135289215, 47.42163719292947], [8.852114692893847, 47.42161194255978], [8.852158012542358, 47.42159712774175], [8.852199728207383, 47.4215803085433], [8.852232741965443, 47.42156571880801], [8.85227677064726, 47.42155014883552], [8.852328107003508, 47.42153375180992], [8.852530623659092, 47.42148941890301], [8.852601872284705, 47.42147617853815], [8.852674634174697, 47.421467516356564], [8.852769382844212, 47.4214632628275], [8.852864205208, 47.421466771586715], [8.85297876827375, 47.42147545409206], [8.853088475177236, 47.421484942540815], [8.853175296356577, 47.421497094852334], [8.853268112646694, 47.421515389595726], [8.853493703067592, 47.42156376924338], [8.853515092775593, 47.42152127291886], [8.853731840225564, 47.42152218267682], [8.853882496766266, 47.421586744492735], [8.854174635539183, 47.42166489392318], [8.854290132890762, 47.42170068624117], [8.854337267324372, 47.42172814869358], [8.854425602986822, 47.42175334378286], [8.854614358781816, 47.42176174658026], [8.854711436262946, 47.421804645581595], [8.854851680066217, 47.421821998748804], [8.855047055147793, 47.421859969641964], [8.855223025170108, 47.42188845356956], [8.85545000897113, 47.42193918933679], [8.85575995636939, 47.42202142624676], [8.855769287135947, 47.421973608175406], [8.855768866162727, 47.421933394002515], [8.85576111132326, 47.421893521647455], [8.855735532671062, 47.4218059752342], [8.856642514638288, 47.42168406798617], [8.856806244723668, 47.42167849766766], [8.856827486371008, 47.421676806815334], [8.856848058375817, 47.421672866268786], [8.856864322570244, 47.421667926094926], [8.856895820498206, 47.42165220225631], [8.856916456246886, 47.42163622484633], [8.857008334076099, 47.42156300710999], [8.857041278693503, 47.421546365910096], [8.857070611191684, 47.42153543623492], [8.857102042752913, 47.4215276742422], [8.857138525031349, 47.42152292676259], [8.857171988584929, 47.42152228232696], [8.857208818506981, 47.42152560858915], [8.85765208725883, 47.421588787386746], [8.857700173915294, 47.421596725009806], [8.857748465698922, 47.42160390445951], [8.85779704165232, 47.4216103068015], [8.857845808976135, 47.421615933119966], [8.857902925326073, 47.421621510898916], [8.857968766298088, 47.421629194521856], [8.858019554909442, 47.421637053915774], [8.858069774723665, 47.42164644944734], [8.858113144259159, 47.42165592908902], [8.858244290001274, 47.42168449004064], [8.858290780012004, 47.42169467790873], [8.858337758936136, 47.42170381621412], [8.858385160244042, 47.42171189673472], [8.858432944111204, 47.42171891116109], [8.858489072714017, 47.42172571514818], [8.858666677043038, 47.421746868352145], [8.858740533720125, 47.42175541553282], [8.858797586118959, 47.421763557335915], [8.858862201845843, 47.42177449375085], [8.85891025944919, 47.421783816442414], [8.859133596864135, 47.42182204706984], [8.859210830751977, 47.421834465382055], [8.85927886409307, 47.421843830250566], [8.859337527236338, 47.42185073752114], [8.859396427807187, 47.421856607357654], [8.859445671633447, 47.42186070678548], [8.85982160178249, 47.42188923422946], [8.86017946989384, 47.42191639069189], [8.860234909879892, 47.42192022468815], [8.860290473311109, 47.421923220569], [8.860346120649245, 47.421925387786445], [8.860401812113903, 47.42192672679756], [8.860466852187118, 47.421927231084844], [8.860992452672518, 47.42192695368223], [8.861334215040594, 47.421926759533285], [8.861387658076682, 47.42192827865373], [8.86144955637551, 47.421933723695375], [8.861510418977216, 47.42194306753036], [8.861557196872115, 47.42195308845966], [8.861602737111006, 47.42196540053455], [8.861692570354041, 47.42199146128136], [8.861761849504587, 47.42201021873], [8.861831671980147, 47.42202797988575], [8.8618843931783, 47.422040671183304], [8.862154938440728, 47.422106362727696], [8.8622079469298, 47.42211888837311], [8.862261457350073, 47.42213035536436], [8.862329654038676, 47.42214331466785], [8.862370850010686, 47.42215028258488], [8.862426171091686, 47.42215857871869], [8.86248180765003, 47.42216578253631], [8.863168957150828, 47.42225071680238], [8.863253802000381, 47.42226120335129], [8.86330480696882, 47.42226670064725], [8.863355965417519, 47.42227149435665], [8.863407276641542, 47.422275557523406], [8.863484399786302, 47.42228030998843], [8.86357893495904, 47.42228390317878], [8.863682192471265, 47.4222850498999], [8.863733831710244, 47.422284530103255], [8.863802640850597, 47.42228271908763], [8.864504019416858, 47.422251974839824], [8.864560849160798, 47.42224927673997], [8.864617531713801, 47.42224553694509], [8.864657948508418, 47.42224220467954], [8.864706254831944, 47.42223749780791], [8.864746414649147, 47.422232981360345], [8.86504405174898, 47.42219754535204], [8.86510001103862, 47.422192536927255], [8.865156419363197, 47.4221909322339], [8.865212825278288, 47.42219270087925], [8.865261811589463, 47.42219705287301], [8.86528245809341, 47.42219838128646], [8.86530507238009, 47.422196474007265], [8.865328518556263, 47.422190490497265], [8.865349149160354, 47.42218083555695], [8.865363043779396, 47.4221705890284], [8.865373646333913, 47.42215867400018], [8.865382763412269, 47.422140786285375], [8.865399759389055, 47.42211371567567], [8.865423527046449, 47.42208907109419], [8.865449720653054, 47.42206987508984], [8.865484071688527, 47.42205189162746], [8.865522543377592, 47.42203830119506], [8.865563940669245, 47.42202952318231], [8.865606972152728, 47.422025834526714], [8.865711951384755, 47.422027929843175], [8.865752594701156, 47.42202514318451], [8.865792479079644, 47.422019262383934], [8.865831155933945, 47.42201036494295], [8.865868084925587, 47.42199856551859], [8.865900227191894, 47.42198521497421], [8.866013320705518, 47.42193747307929], [8.866235370371093, 47.42183451985468], [8.866288193783538, 47.421813915194], [8.866342994604594, 47.421795876800516], [8.866399522818897, 47.42178047077914], [8.866449155984078, 47.421769413793065], [8.866710557689839, 47.421716411807985], [8.866736866967607, 47.421757880580564], [8.866912383779262, 47.42186661849926], [8.867206614525307, 47.421972585046326], [8.867493456253845, 47.422058519052726], [8.867838931133475, 47.42208696460121], [8.868245504053391, 47.421978928314275], [8.868453420221496, 47.42185178547738], [8.868313533594216, 47.421740869954725], [8.868173599287218, 47.42161336633097], [8.868187438353333, 47.421520126381466], [8.868412643302918, 47.421275772546906], [8.868468402919136, 47.421134579708294], [8.868463258007742, 47.42103431500164], [8.868305930633953, 47.420854772043306], [8.868157375836443, 47.4207940789201], [8.86809648579263, 47.420637597217386], [8.867881210454584, 47.42054477054228], [8.867721540806622, 47.42041261847206], [8.867576200863814, 47.42017280202016], [8.867471083028562, 47.42006913072066], [8.867337854894517, 47.41980850695559], [8.867301549556153, 47.419763959474], [8.867342262729078, 47.41976285360232], [8.86738240333717, 47.419758192508354], [8.867421337569402, 47.41975006499478], [8.867455609273271, 47.419739575295424], [8.867490399201909, 47.419725184080896], [8.867713373927277, 47.419598378055944], [8.867751457064536, 47.41957484248768], [8.867786111092899, 47.41954897450278], [8.867820584806903, 47.41951737850459], [8.867850284670379, 47.41948371854924], [8.867878929156024, 47.41945518115286], [8.867907760615259, 47.41943212876699], [8.867939774929996, 47.41941112398587], [8.867979920806334, 47.41938988371586], [8.868239335481183, 47.41927026352383], [8.868264402481017, 47.419260040405824], [8.868291062401433, 47.419251884530425], [8.868323656750531, 47.419245085581686], [8.868357327487319, 47.41924135864303], [8.868391439943418, 47.419240756651746], [8.868430119863211, 47.419243912296515], [8.868463046343921, 47.419249981731824], [8.868498757793816, 47.41926055061852], [8.868531664231519, 47.419274752452594], [8.868872592125737, 47.41944638985597], [8.869061076208702, 47.41947549712381], [8.8697415992182, 47.41949173999038], [8.869790209488135, 47.41949499729331], [8.869846079276964, 47.41950255461265], [8.869885110826893, 47.419510392336356], [8.869926902366501, 47.41952130827328], [8.869974354602347, 47.419537200641535], [8.870183550739451, 47.41961344763827], [8.870226301641006, 47.41962602480376], [8.87027133079076, 47.41963411189375], [8.870313421408339, 47.41963741367501], [8.870351543116373, 47.41963704049499], [8.870380979561164, 47.419634552887764], [8.870418089376113, 47.41962858793181], [8.870446019041522, 47.41962181909565], [8.8705886891023, 47.41958057899737], [8.870606727820382, 47.41957417551726], [8.870620062956863, 47.419567830320425], [8.870635094182626, 47.4195585135252], [8.870646792758338, 47.41954897714855], [8.870657570860294, 47.41953724825516], [8.870666420541117, 47.4195233033335], [8.870671648087713, 47.41950970916017], [8.870673993387136, 47.419492930255636], [8.870672153361538, 47.419476751963046], [8.870667105704035, 47.41946253846231], [8.870659969191228, 47.419450491799495], [8.870650532885275, 47.41943917529144], [8.870640493600336, 47.419430079170624], [8.870630680008878, 47.41942296828058], [8.870617969325874, 47.41941556944575], [8.870377570360816, 47.41930221655905], [8.870319733726916, 47.419270791721765], [8.870259361255007, 47.419232795448934], [8.870208816188349, 47.419196017713034], [8.870148434385664, 47.419146821980576], [8.870039054802016, 47.41905823865173], [8.870004159176524, 47.41902724016228], [8.869973333396995, 47.41899430219047], [8.869940016182621, 47.418949538878564], [8.869916747871777, 47.41890782655201], [8.86989185096831, 47.41885088686031], [8.86987186935581, 47.418798806899545], [8.869854315735697, 47.41874632803179], [8.869834726648964, 47.418675811204594], [8.869820928138596, 47.418614119351275], [8.869818644811307, 47.418591298794695], [8.869820840966668, 47.418568467760274], [8.86982744820707, 47.41854604087555], [8.86983837068063, 47.41852439713774], [8.869853393784664, 47.4185039350152], [8.869869698305736, 47.418487262163985], [8.869888757360568, 47.41847198551463], [8.869910271049017, 47.41845828869114], [8.86978647332389, 47.41843529945152], [8.869209005925985, 47.41832806915617], [8.869125135926756, 47.41831125994312], [8.869042206091052, 47.41829244206469], [8.868960322287851, 47.41827161405657], [8.868798750184917, 47.418225342799595], [8.868734205003882, 47.41820806925394], [8.868666036088966, 47.41819453769277], [8.868604090604402, 47.41818621852497], [8.868549208870814, 47.418181832917874], [8.868501904465058, 47.418180268156554], [8.868462428354949, 47.41818050467604], [8.86839948250043, 47.418183793121415], [8.868337135985925, 47.41819064539994], [8.868275864540712, 47.418201010623186], [8.868150108259998, 47.41822842855124], [8.867742076156711, 47.41830966745966], [8.86766341425033, 47.41832491613878], [8.8675841554584, 47.41833866979414], [8.867488336766426, 47.41835318583354], [8.867252674919943, 47.4183878172252], [8.867135018776704, 47.41839806022501], [8.867100894119792, 47.41840164845548], [8.867074398786828, 47.41840258765622], [8.867044686148613, 47.418400687979506], [8.86701892527736, 47.41839640055184], [8.866991285541072, 47.41838877198121], [8.866962991888688, 47.418377022521575], [8.86693810058957, 47.418362163557944], [8.866870411503461, 47.41831215683061], [8.866845610493591, 47.41828979429392], [8.866824817184707, 47.41826564603941], [8.866808278326465, 47.41824001494845], [8.866796216071364, 47.4182132761398], [8.86671111594771, 47.41797860629404], [8.86674670964627, 47.41787216227374], [8.866681958727373, 47.41786151077229], [8.866646308844812, 47.417960426207095], [8.866378457189949, 47.417956574434335], [8.86633957000853, 47.417958494395826], [8.86630262888637, 47.4179647888948], [8.866194611141278, 47.417926121505424], [8.866052494598966, 47.41787420155938], [8.865862950958771, 47.41808171330855], [8.86570136841285, 47.4180616765671], [8.865705318201304, 47.418044869057134], [8.86570092174158, 47.41790503347216], [8.865677807123646, 47.41783725834156], [8.865626049930771, 47.41777386683936], [8.865585968831097, 47.41768572836926], [8.865568485404895, 47.41765498151862], [8.865416416793765, 47.417495253650664], [8.865326861196918, 47.41737593575815], [8.865268627866746, 47.41724984440297], [8.865198818722162, 47.4172056655047], [8.865140842873979, 47.417142116872576], [8.865089559743053, 47.41699443127295], [8.865017523029397, 47.41683390434182], [8.864882180922338, 47.41660924581845], [8.8648057306183, 47.416618923973466], [8.864793154075274, 47.416574910747315], [8.864725503302342, 47.41636030362469], [8.864660352424302, 47.416142083540024], [8.864637028103218, 47.41615004453726], [8.86444264259387, 47.41614106266645], [8.864104749512808, 47.41607900371161], [8.863694773644417, 47.41603822576146], [8.863458641502222, 47.41609412935894], [8.863231575109543, 47.41611341655977], [8.863227137931192, 47.416086763294096], [8.863134965697032, 47.41607400078917], [8.863120103752976, 47.41600742727279], [8.862985590634528, 47.41601159470086], [8.862988914285289, 47.416057557538], [8.862863462121332, 47.416056125796246], [8.862768022674391, 47.41605845310907], [8.862714933540046, 47.41606103221908], [8.862518072361596, 47.4160759071434], [8.86248343069998, 47.416077962018036], [8.86244594493043, 47.416079224311424], [8.862397216089732, 47.41607932967465], [8.862353497714619, 47.416077978952075], [8.862291461220023, 47.41607505464101], [8.862198575901067, 47.41606287585064], [8.861932406695338, 47.41602393645461], [8.86187437125132, 47.416015997132625], [8.861824667701434, 47.416010375054235], [8.861748525143772, 47.41600379210732], [8.861665244099877, 47.4159993750063], [8.861587195426775, 47.4159978350348], [8.861529015599116, 47.415996886953415], [8.861445602867288, 47.41599448626234], [8.861333838479418, 47.41598402354584], [8.86122406413278, 47.415969173331064], [8.861002207851444, 47.41593892482671], [8.860664885792364, 47.4158930769251], [8.860604544174565, 47.41588610993319], [8.860547455757306, 47.41588185557311], [8.860491991182787, 47.41587984807843], [8.860426000264628, 47.415880191989714], [8.860350115712121, 47.41588424687714], [8.860283521430096, 47.41588929382669], [8.860233660133938, 47.415891652085065], [8.860191516705525, 47.41589269205684], [8.860152211928598, 47.415892833508074], [8.860107435974944, 47.41589207065158], [8.860065751702257, 47.4158904512587], [8.8598882377039, 47.41587545217389], [8.85986140543184, 47.415874153875095], [8.85983277318307, 47.415874434017645], [8.859789377359768, 47.41587820589652], [8.859753365132464, 47.41588452270953], [8.859715268905914, 47.41589468831623], [8.859685276447177, 47.41590558188805], [8.85965986481328, 47.41591729172347], [8.85963309465929, 47.41592825363563], [8.859606792618782, 47.41593589939281], [8.859580567188777, 47.41594095346082], [8.859545756795255, 47.41594413401261], [8.859514097539925, 47.415943722550885], [8.859228801625688, 47.41592592741315], [8.858983980232525, 47.41588923814453], [8.85894794986768, 47.41588295214114], [8.858899928269254, 47.41587875651143], [8.858857888464625, 47.41587771680975], [8.858805039843713, 47.41588136164832], [8.858752381407967, 47.41589014962831], [8.85858858706557, 47.41593089682717], [8.858248393692525, 47.415971129261564], [8.857813001847644, 47.41606002685536], [8.857571588334519, 47.41609003123857], [8.857367672146985, 47.41605455455098], [8.857105071946041, 47.416042475355276], [8.856479119845131, 47.4160371636444], [8.856345692424107, 47.41607168760278], [8.856256071259113, 47.416157182777766], [8.855720870808174, 47.41629317122885], [8.855368409769955, 47.41645832179966], [8.854996777626823, 47.41664372129423], [8.854754905208997, 47.41661184244566], [8.854900983696561, 47.41633935706852], [8.855067388332936, 47.41613254210796], [8.85528312373356, 47.41589150609954], [8.855393565105137, 47.41577210350409], [8.855637589537917, 47.41554191053723], [8.855730456464807, 47.41547630971085], [8.855711169226286, 47.41546370043169], [8.855863651687434, 47.41536341872628], [8.856092149353094, 47.41516098585447], [8.856274913104183, 47.41497709546096], [8.856106521396915, 47.41473610702487], [8.85615241100305, 47.41464035266729], [8.856236268031205, 47.414478338799306], [8.855935170232515, 47.414410714314855], [8.855289583481392, 47.41426831292636], [8.854033716358519, 47.413988653425704], [8.854090986646533, 47.41389066467867], [8.854139789256616, 47.413739363712324], [8.853974492558015, 47.41380921492113], [8.853303555879544, 47.41382255656726], [8.852600901794359, 47.4138157727566], [8.852332819819974, 47.41381437413088], [8.85239895873035, 47.41371887739571], [8.852485565032861, 47.41360663228691], [8.852574163739519, 47.413503556221826], [8.852676985211168, 47.413395610483974], [8.852754765714337, 47.413320840979246], [8.852873289954239, 47.413216372979896], [8.852989934595696, 47.413122983441816], [8.853107918918221, 47.41303663893839], [8.853244031235965, 47.41294627628464], [8.853391656505462, 47.41285580852128], [8.853492581746298, 47.41280030249792], [8.853604612383307, 47.41274180895858], [8.85373343143908, 47.41268025797544], [8.853877566757062, 47.41261660315257], [8.85402635009623, 47.41255781194075], [8.854153429271742, 47.41251210502875], [8.854640196112273, 47.41233974132642], [8.85518871699733, 47.41214456118496], [8.855816284129535, 47.41192206107828], [8.856793758525633, 47.41157644991969], [8.85697853305462, 47.41151038543102], [8.857589808843752, 47.41129322989093], [8.85773585707377, 47.411239504856546], [8.857848735435146, 47.41119521857661], [8.857975488910888, 47.41114250379942], [8.858109092338545, 47.41108378564244], [8.858245559286377, 47.411019652768324], [8.85837429119873, 47.41095468820041], [8.858486538149368, 47.41089421693586], [8.858590308307203, 47.41083590085739], [8.858704613144983, 47.41076813572637], [8.858836164976458, 47.41068522566739], [8.858958106884822, 47.41060323412691], [8.859067936192286, 47.410524710779235], [8.859209345571179, 47.41041644637094], [8.859334140819163, 47.410313297649424], [8.859467632028712, 47.41019388572956], [8.859600657504043, 47.41006399059734], [8.85970120968367, 47.40995719944812], [8.859764805426176, 47.409884263513426], [8.859872282400993, 47.40975344964898], [8.859956862065758, 47.409641565300234], [8.86003353208412, 47.40953024591873], [8.860138636872609, 47.409359259640425], [8.860234073116676, 47.40917855981723], [8.860310640225826, 47.40900684480896], [8.860575890537232, 47.40894724209757], [8.861021161246162, 47.4088485409161], [8.86110895262272, 47.4088471184849], [8.86114951306895, 47.408701204830116], [8.861826047100411, 47.40869250602442], [8.86202572478997, 47.4087091628401], [8.862239150145134, 47.40875877154443], [8.862594611325221, 47.40894694436549], [8.862665190024083, 47.40907590769528], [8.862747130795912, 47.40918719948037], [8.862868286193173, 47.409265920408], [8.86302741953219, 47.4092484867388], [8.863234684118238, 47.40917071914659], [8.86348111997976, 47.40910239060434], [8.863741236449053, 47.409082802340116], [8.864448351571195, 47.40904309106739], [8.864783770499171, 47.40903972444396], [8.865000506197907, 47.40913906009039], [8.86513140938563, 47.409291665619975], [8.865282372891645, 47.409343236538284], [8.865427661422594, 47.40929279441762], [8.865576525520574, 47.409175515225456], [8.865662160349194, 47.409116840607076], [8.865763039899152, 47.409075690151695], [8.866185201506429, 47.40894866600637], [8.86656601185302, 47.40887283297131], [8.867064130816086, 47.40898263063628], [8.867443211259948, 47.409139695031826], [8.867478604707603, 47.40917274831426], [8.867584257806815, 47.40921669909473], [8.867599124347844, 47.409232446548884], [8.867579568874298, 47.40923159090647], [8.8675115907253, 47.40926228724228], [8.867442364810142, 47.40929187590871], [8.867387403939693, 47.409327161757965], [8.867725320872104, 47.409613308827645], [8.868095295458886, 47.40971871372667], [8.868440823287735, 47.40972741089997], [8.86875419624906, 47.40964801491699], [8.868997089531746, 47.40943661560992], [8.869052737378798, 47.409347508611276], [8.869189014083577, 47.40919899476195], [8.869427175591241, 47.40912530445609], [8.869681942011981, 47.409118245761675], [8.869930078342193, 47.40917708989103], [8.870083365820395, 47.40925531541785], [8.870418943120411, 47.40942926319105], [8.870709727681511, 47.40958282320335], [8.870947473253686, 47.40965380305639], [8.871212130342181, 47.409692163366245], [8.871481904267984, 47.40971973687763], [8.871937931277829, 47.409484989390485], [8.87218768869823, 47.40935579042723], [8.872382557832532, 47.40929255335126], [8.872600753687465, 47.4092870665878], [8.873029132260413, 47.40933038050558], [8.873338380514571, 47.40939038382765], [8.873656396642568, 47.40942412706728], [8.873984561130618, 47.40943318533905], [8.874246236735546, 47.409453297115476], [8.874405588773271, 47.40944997713232], [8.874292927544179, 47.40930850778861], [8.87444218591168, 47.40931961580222], [8.87489111374611, 47.409343560645034], [8.875031167553487, 47.40931062300595], [8.875302531115729, 47.40930918386872], [8.875493396924357, 47.40929661888543], [8.87582112645244, 47.40926453115152], [8.876324854721027, 47.409245473676656], [8.87662101093854, 47.40916795249507], [8.876894435991838, 47.40912511283469], [8.877377225796705, 47.40910018513123], [8.877567226452252, 47.409053192049164], [8.87790767391892, 47.40899020130798], [8.878084267050514, 47.408965369907506], [8.87867467355107, 47.40905427743791], [8.878738453093462, 47.40921068008388], [8.878792651613864, 47.40929791037786], [8.8786760864901, 47.40952410192151], [8.878666783383911, 47.40960150864365], [8.87871934060213, 47.409657922394366], [8.878805268816675, 47.40968800381377], [8.878908374784194, 47.40969764860997], [8.87925078620006, 47.409589058914754], [8.8794796239976, 47.40947876198868], [8.880072119899822, 47.409464436721336], [8.880313025018069, 47.40957678278035], [8.880376458223314, 47.4096702119272], [8.880345120568608, 47.40991355818868], [8.880288837387926, 47.4100083734042], [8.879959364875557, 47.40999425786679], [8.879953549151056, 47.41005160585091], [8.880037595186302, 47.41014382407861], [8.880204309239016, 47.41024253195362], [8.880392405605889, 47.41027198500153], [8.880559346587933, 47.41032568434891], [8.880691647483667, 47.41040187321418], [8.880785050416058, 47.4105038340332], [8.88083128856476, 47.41062333123486], [8.880901681041845, 47.41075638914576], [8.88102762975195, 47.41089008518382], [8.881459347387219, 47.41118498959585], [8.881563030026962, 47.41122361779907], [8.881722630858906, 47.41122489040704], [8.881856003264454, 47.41117275919419], [8.881908454114662, 47.411079367640475], [8.881919096329483, 47.41101339540996], [8.881999574873467, 47.410904847277536], [8.882146506329194, 47.41082107044667], [8.88231431788009, 47.41078600539902], [8.882459216737447, 47.41081351194198], [8.882799582675519, 47.41088899662528], [8.883270414236556, 47.41100893442915], [8.883507222214556, 47.41103911383981], [8.88371558772376, 47.4109704892636], [8.88384844029822, 47.41084655881446], [8.883882633476743, 47.41068993956238], [8.883853300514975, 47.410502188761164], [8.883867923946145, 47.41037010259257], [8.883939519719535, 47.41024596639123], [8.884184464269968, 47.41003606516371], [8.884454879621675, 47.40974381251863], [8.884783404636082, 47.409395104693246], [8.885009952907257, 47.40922487748495], [8.885259543595273, 47.409053642385814], [8.885832899545145, 47.40878623637102], [8.885916918301556, 47.408661610390084], [8.8859420207151, 47.408481815380824], [8.885673627757843, 47.40861926597133], [8.885622514861645, 47.408573317519654], [8.885529171415572, 47.40841378698461], [8.885377110226768, 47.4082507546395], [8.88535387029259, 47.408100125014585], [8.885543544426286, 47.40791760297046], [8.886052765705152, 47.407913519191844], [8.886094888953364, 47.407853961985744], [8.886064437748594, 47.40763599203078], [8.885977116124488, 47.40757414376394], [8.885798511153663, 47.4072636566911], [8.8860926287983, 47.40682680377626], [8.886703196276557, 47.40638372428151], [8.886693578868297, 47.40636773367449], [8.886702643156353, 47.40630488453012], [8.88673260652593, 47.406286005012696], [8.886679413798204, 47.40619225345734], [8.886622973329525, 47.406178873680346], [8.886681035847857, 47.40613101846054], [8.886765771617547, 47.40617479993859], [8.886796849581824, 47.406145264380726], [8.886912060268097, 47.40619873859834], [8.88705379661447, 47.40611910405274], [8.887174245715924, 47.40596275975273], [8.88771415471194, 47.405850757411635], [8.88800048439889, 47.40572066006243], [8.888068659516225, 47.40555271900033], [8.887942112623584, 47.40547801520882], [8.887863632496083, 47.405319353337916], [8.887972760465422, 47.40505630035874], [8.888293412788649, 47.40505753892311], [8.88865628956426, 47.40490572675873], [8.888758215248687, 47.405040244733826], [8.888993132361822, 47.405271877301914], [8.889060736108222, 47.40545383940849], [8.889158817563423, 47.40549085800166], [8.889445761817624, 47.405303726184286], [8.889799680906085, 47.405127679234795], [8.889832045343088, 47.40508270807533], [8.88953150972772, 47.404712944558895], [8.889290849083498, 47.4044095114647], [8.88952500432103, 47.40425959079746], [8.889690029729273, 47.40428810277717], [8.88997062111731, 47.404414215916546], [8.890295148421327, 47.40469333320402], [8.890499924094552, 47.404578332058854], [8.890661266690705, 47.404552834865676], [8.890809629513122, 47.40445757663311], [8.890830573848477, 47.404468602763686], [8.890847717143204, 47.40447871437693], [8.890875411890091, 47.40449141010569], [8.890876216024441, 47.40445724330046], [8.890881023537643, 47.40442411465578], [8.890920564064759, 47.404345462935844], [8.891100053602605, 47.404186168880145], [8.89122802138857, 47.404027701964516], [8.891403838955744, 47.403968000027895], [8.891674050144328, 47.403932100895474], [8.891849605720072, 47.40393518260104], [8.891959693032685, 47.40396741518496], [8.89210593040426, 47.40396967789753], [8.892349539429867, 47.40394025585414], [8.892533777149126, 47.40386239198691], [8.892601102822908, 47.403808101241324], [8.892611288523401, 47.40375215461601], [8.89258434777281, 47.40366321119171], [8.892570461432554, 47.40355884677167], [8.89261091809021, 47.40350852838755], [8.893053808669402, 47.403316203592155], [8.8931185554104, 47.40324854158722], [8.893125417532582, 47.40316698102751], [8.893128127233817, 47.403086201388476], [8.893189015308344, 47.402992734142735], [8.893358486656467, 47.40296090571201], [8.893961352700225, 47.4030300925309], [8.894169886771001, 47.403025981552645], [8.894683360913783, 47.40295910594252], [8.895021085596957, 47.40287520167356], [8.895154918673127, 47.40280189969446], [8.895214445193943, 47.40271498836259], [8.895329810795202, 47.40260208596636], [8.895653100323218, 47.402453664357566], [8.895883826025718, 47.402385166898895], [8.896231001803672, 47.40231467844414], [8.896296295142687, 47.40226669916079], [8.896442724772287, 47.40201475239299], [8.896504293627252, 47.401792968570945], [8.896462669172829, 47.40159616355437], [8.896487613526766, 47.40156646877405], [8.896555991144554, 47.401559569873825], [8.896917249599973, 47.40155748493937], [8.897004515447447, 47.40154844920431], [8.89713864090898, 47.40162974185034], [8.897309910301319, 47.40181715604306], [8.897398086997415, 47.401862649580664], [8.897503628254983, 47.40187938934003], [8.898051418901758, 47.40172068699064], [8.898161019041353, 47.4017603141229], [8.898310931706114, 47.40183210440557], [8.898369259881035, 47.401860747587385], [8.898749860020132, 47.40211125557678], [8.898864804021043, 47.402150985522816], [8.899010903728588, 47.40217689996135], [8.899114627325813, 47.40218190404989], [8.899199481364796, 47.40216848028295], [8.899388921584494, 47.402086203241055], [8.899533322488574, 47.40204776502791], [8.899993101732296, 47.40186191038277], [8.900028273232119, 47.401812906648395], [8.900028191741304, 47.40174957764591], [8.899942570295, 47.401661116953235], [8.899945840124671, 47.40156587393759], [8.900191080158475, 47.401433719079336], [8.900299111459178, 47.40151366498158], [8.900356389741548, 47.40163147725635], [8.900467975703766, 47.40170043032931], [8.90042238417914, 47.40173615392341], [8.90046192344741, 47.401759897181684], [8.90050598588529, 47.40172542535274], [8.90064611341466, 47.401787675130116], [8.900797276686324, 47.401822842808095], [8.900906710602644, 47.401827377031246], [8.901347621596909, 47.40188151004335], [8.901576253349624, 47.40188906869414], [8.901879108192778, 47.40181796363808], [8.901987228838768, 47.40164352527635], [8.902039169223062, 47.40159103401636], [8.902129056376534, 47.40156747816683], [8.902325166074199, 47.4015786675123], [8.902417670606486, 47.401618534229236], [8.902483366311918, 47.40168472931527], [8.902487684350534, 47.401791220132445], [8.9024242582414, 47.402038525130365], [8.902373297673417, 47.40203264039976], [8.902381570639825, 47.40209019831218], [8.902433380420188, 47.40209612624089], [8.90247400967691, 47.40227469876614], [8.902543888710701, 47.40238074577291], [8.902652483878184, 47.40246556745981], [8.902783998661189, 47.40249825531173], [8.903332779291803, 47.402529568033856], [8.903454154172692, 47.402479218574484], [8.903556394677231, 47.402377746154606], [8.903549413855693, 47.40236674257493], [8.903481390927258, 47.402381251374514], [8.903492673085925, 47.40236270305765], [8.903467590642606, 47.402159861291516], [8.90347587490102, 47.40205495586595], [8.903585598705304, 47.401977991539546], [8.903717082175536, 47.40192091973384], [8.903974848497343, 47.40191058931758], [8.90411170423842, 47.40181187051831], [8.904191412876672, 47.401776675698486], [8.9044326992632, 47.40174672673085], [8.904757728596262, 47.40172564594911], [8.9049469067177, 47.40170158353028], [8.905260296421963, 47.401562382502526], [8.905366252833526, 47.40146854325648], [8.90546588972123, 47.40142525029762], [8.905541141465374, 47.401410612363115], [8.905690355530078, 47.401405236505354], [8.906127538679751, 47.40136247828114], [8.906147843464696, 47.40136175259864], [8.90559383390024, 47.40043983002807], [8.905531401350776, 47.400465262009945], [8.905490688866703, 47.400430236747965], [8.905524741812515, 47.4003903851543], [8.905531914369641, 47.40037852767932], [8.905534122493505, 47.40036152472016], [8.90552768000146, 47.40034504538734], [8.905280164667467, 47.40009989716524], [8.905250517434975, 47.400074554805876], [8.90521788449814, 47.40005096850529], [8.905182482274325, 47.40002929749182], [8.905100728436665, 47.39998671504149], [8.905059456100595, 47.39996164612732], [8.905020951912917, 47.39993461697763], [8.904446822216103, 47.399485739107554], [8.904391675819946, 47.39944467167388], [8.904331287727949, 47.39940715201202], [8.904266156944473, 47.39937349769373], [8.90411386493559, 47.39931060658033], [8.904073303373632, 47.39929496477609], [8.903990119654457, 47.399266315950044], [8.903958080917173, 47.39932209093123], [8.903606639857205, 47.39920897337958], [8.903629617942839, 47.39916768891373], [8.903168993711889, 47.39904924413298], [8.903042089892555, 47.399022543122356], [8.902988258469694, 47.399004676219235], [8.902942926497238, 47.39898223965934], [8.90290381979157, 47.39895492042132], [8.902872059890806, 47.3989235139277], [8.902859232248066, 47.39890654856334], [8.902848559109312, 47.398888917174865], [8.902762489828996, 47.398719106453406], [8.902748487278325, 47.398695544101145], [8.902731686216686, 47.39867283583138], [8.902712184047772, 47.39865115132187], [8.902690143163733, 47.3986306144524], [8.902665660725557, 47.39861138591478], [8.902638952099228, 47.39859358891575], [8.902472064791672, 47.39850181479586], [8.902422148016047, 47.39846920784597], [8.902376487281437, 47.39843382125358], [8.902335487318771, 47.398395919761114], [8.901921843824278, 47.39855310389476], [8.901677905022877, 47.398647642218315], [8.901542491416327, 47.39893683826563], [8.901273674160672, 47.39911794180476], [8.90058640803814, 47.399352572746224], [8.900551587655471, 47.39936602105943], [8.900320449209326, 47.3995641691195], [8.900231681162866, 47.399588833490625], [8.900095554021037, 47.39967894627922], [8.89998379058397, 47.399730852417136], [8.89985592559052, 47.39956189265544], [8.8997934166004, 47.39952132971271], [8.899733141125468, 47.39942356176419], [8.8996565123108, 47.39936138081473], [8.8996113821627, 47.399327902740986], [8.89955652540632, 47.399306916712135], [8.8994496866217, 47.39916830329115], [8.89943337645857, 47.3991296299747], [8.899395180971375, 47.39908474739402], [8.899252085493597, 47.398983024935376], [8.899114800933386, 47.39884243027802], [8.899089864383294, 47.39879693022565], [8.899048847607142, 47.39874673970697], [8.89897055466558, 47.39864119288687], [8.898898390756438, 47.398529163588904], [8.898821580172129, 47.39844190426036], [8.898758138788123, 47.398359990486824], [8.898752421908105, 47.39829208198452], [8.898773531607548, 47.39821346239569], [8.89838685830269, 47.398323233755335], [8.89795603750125, 47.39844791993564], [8.897846349088828, 47.39850969583987], [8.89772340440634, 47.39857605561582], [8.89747872479402, 47.398510689302924], [8.897583838675533, 47.39866008527487], [8.897447718109106, 47.39870742136516], [8.896698948006382, 47.39894473221959], [8.89622648946959, 47.39920142546734], [8.895179623681013, 47.39979036486561], [8.895252585894962, 47.399920674416435], [8.895297029121382, 47.40001680896094], [8.895369701020094, 47.40006284132626], [8.895423765259567, 47.40011737538096], [8.895440794342958, 47.40016208524988], [8.89557561113573, 47.400276142124625], [8.895613804912776, 47.40033897237465], [8.895767085827414, 47.400482347098084], [8.895837168964164, 47.40059450329796], [8.895853098954548, 47.40066100573534], [8.895947135252525, 47.400702387193], [8.896025390850584, 47.40079409193447], [8.896072166063213, 47.400835430983314], [8.895724138545818, 47.40095761450931], [8.895372213306652, 47.401035200313885], [8.895230286229234, 47.40107728451422], [8.895069056869136, 47.401122399317096], [8.895153342233554, 47.4012117703801], [8.895168638879792, 47.40122994673857], [8.895181520352725, 47.40124895415179], [8.895191955758014, 47.40126863111505], [8.895199809668405, 47.401288871358744], [8.895205063932215, 47.40130949521448], [8.895207647864623, 47.40133034161493], [8.895207570555055, 47.4013512575513], [8.895204801604221, 47.401372099508556], [8.895199389274623, 47.4013926959107], [8.895191355636713, 47.40141288456797], [8.895180776969678, 47.40143254758454], [8.895070628235107, 47.4015942031805], [8.895064817915923, 47.401606546526004], [8.89506457302896, 47.40162375835255], [8.895072862055212, 47.40164004401675], [8.895084131070563, 47.401650471904595], [8.895136925580903, 47.40168856881709], [8.895089978005416, 47.40171990792505], [8.895078375105053, 47.401712290917075], [8.895052487317809, 47.40169927662835], [8.895038376826253, 47.40169395810734], [8.895008411124584, 47.401685897844764], [8.894992769792891, 47.40168322536361], [8.894960741877737, 47.401680669415505], [8.894944620943939, 47.40168080960274], [8.894912721927039, 47.40168393730234], [8.894895285477547, 47.4016403210071], [8.89492444570915, 47.401632972914314], [8.894951357460414, 47.40162237866953], [8.89497522043848, 47.401608827267495], [8.894985780133332, 47.40160106582518], [8.895003805983643, 47.40158385478563], [8.895017263644986, 47.40156481222309], [8.895111917966355, 47.40139615556237], [8.895118041496614, 47.40138073172494], [8.89512427850554, 47.40134910525138], [8.895124358380517, 47.401333127908785], [8.895118378639586, 47.40130147551454], [8.895112404649563, 47.40128602428226], [8.895094611096836, 47.40125648188245], [8.89508296962057, 47.40124260436456], [8.894938120842962, 47.40109409445509], [8.894918514443646, 47.401077231814675], [8.894894859234451, 47.40106299299103], [8.894881737133622, 47.40105698735851], [8.894853413925123, 47.40104744015894], [8.894823040952716, 47.4010414271277], [8.894791603238426, 47.40103911575288], [8.894775777901932, 47.40103939622207], [8.894760044598456, 47.40104062007432], [8.89472936916326, 47.4010458374644], [8.894568471170471, 47.40109100902192], [8.894538596317469, 47.40109740368524], [8.894508009068451, 47.40110197218869], [8.894476934828928, 47.401104720680145], [8.894445637278094, 47.40110560086724], [8.894414341093656, 47.401104591931144], [8.894383298912265, 47.401101726668905], [8.894352749631562, 47.40109702005673], [8.894322919652566, 47.401090514228606], [8.894294035120556, 47.40108224231501], [8.89418852850477, 47.40104291111318], [8.89415447645239, 47.4010899106656], [8.893880806960269, 47.40085655486952], [8.893966235718317, 47.40082393145403], [8.893928980034, 47.400780339833446], [8.893909799656802, 47.4007649918951], [8.89387433863328, 47.400746835473186], [8.893833091690011, 47.40073561563943], [8.893803828674532, 47.400732394932476], [8.893759492828421, 47.4007342037482], [8.893717384619563, 47.40074383771539], [8.893680479183198, 47.400760593696326], [8.893540288214101, 47.40086684400317], [8.893516184222415, 47.40088951981028], [8.893495192315877, 47.40091359574564], [8.893477491764841, 47.400938844638254], [8.893463236587195, 47.4009650846229], [8.893452540181014, 47.400992098475136], [8.893445489042264, 47.40101966011779], [8.893442129788426, 47.401047535097874], [8.89344250952706, 47.4010755069455], [8.893446621604493, 47.40110333282777], [8.89354614891514, 47.401451526650916], [8.893418856215224, 47.40149889960627], [8.893204739671237, 47.40150748731143], [8.892876665918568, 47.40142201910224], [8.892788434355587, 47.40141172274731], [8.892699367740432, 47.40140529598043], [8.892609904883281, 47.40140278757032], [8.89242046737441, 47.40140294002019], [8.892361331985315, 47.401400409575956], [8.892302798964277, 47.40139421929206], [8.892245332861618, 47.40138439928888], [8.892189440170252, 47.4013710601211], [8.892135587668005, 47.40135431286894], [8.892020332706377, 47.40130924574676], [8.89169801506872, 47.40119423239282], [8.891616657128823, 47.40116194441605], [8.891539779476362, 47.40112486829434], [8.89146809267096, 47.40108330993392], [8.891402135578694, 47.401037595398805], [8.891342394862036, 47.40098807845078], [8.8912893718084, 47.40093516654237], [8.891111561253789, 47.40073922629669], [8.890944359177052, 47.40075591894384], [8.890908502419565, 47.40071835376352], [8.891013972180232, 47.40059657562042], [8.890919670577997, 47.400404398237455], [8.890870837553312, 47.40031414641369], [8.890817610662669, 47.400225038299745], [8.890751842032461, 47.400117646630434], [8.890722995563634, 47.40007428106875], [8.890688334476689, 47.40003292264655], [8.890648186473658, 47.39999392708771], [8.890602878776154, 47.399957632145885], [8.89055280375648, 47.3999243386699], [8.89049839358312, 47.39989434708581], [8.890207048205326, 47.39974518884585], [8.890122773767809, 47.3997000816166], [8.89004266052089, 47.39965160260586], [8.889967043481446, 47.39959989152156], [8.889733600765446, 47.399431832870846], [8.889676028711367, 47.39938544526742], [8.889622060991387, 47.39933713222454], [8.889547811684677, 47.39927480660436], [8.88951348273816, 47.39924851135018], [8.889473499047224, 47.39922620022381], [8.889451671147391, 47.399216713712775], [8.889412926867978, 47.39920440783618], [8.889371524201193, 47.39919712821909], [8.88932884758404, 47.39919511826474], [8.889307491029918, 47.39919612388822], [8.889282079528433, 47.39914601307092], [8.889229463301927, 47.399155553005606], [8.889186644802571, 47.39916923388075], [8.88916671679211, 47.39917793107852], [8.889130609257235, 47.399198696763875], [8.88910037227669, 47.399223400876316], [8.8890877591355, 47.39923701687383], [8.889019166505653, 47.399327403668835], [8.88891159782449, 47.399459246320646], [8.888881043713337, 47.39950004771361], [8.888854458697853, 47.39954210368371], [8.888831930826107, 47.399585242187555], [8.888813696587688, 47.399628902542496], [8.888799641899322, 47.399673275052976], [8.888789787871564, 47.39971816154736], [8.888752718920546, 47.39994255777451], [8.88874071875353, 47.400001567513634], [8.88863429180593, 47.400421672659405], [8.888625665628155, 47.40046981812133], [8.888622997107927, 47.40051828463927], [8.888626276946395, 47.40056673047892], [8.888635549144093, 47.40061482232042], [8.888662591965986, 47.40071461465351], [8.88867139655333, 47.40076013051737], [8.888674381302623, 47.400806007319765], [8.888671549615326, 47.40085188514823], [8.88866289212197, 47.40089742222258], [8.888648505746477, 47.40094228452814], [8.88861092335314, 47.401037409185705], [8.888590599726935, 47.40109730587968], [8.88857679125983, 47.4011580473518], [8.888569568638879, 47.40121930888217], [8.888546475655977, 47.401340528083864], [8.888538839115078, 47.40136079229592], [8.888529599370202, 47.40137326835655], [8.888517357512928, 47.40138448672248], [8.888502475572333, 47.40139411898509], [8.888476126150861, 47.40140496566166], [8.888456720130234, 47.40140950918181], [8.888436402550246, 47.40141171626803], [8.888405671959633, 47.401410554724755], [8.888385842084524, 47.401406827520674], [8.88835858729789, 47.401397067413804], [8.888342880061058, 47.40138806192116], [8.888329657833152, 47.40137737904155], [8.88831332535437, 47.401360492147724], [8.888299325706308, 47.401342667345034], [8.888287808317973, 47.40132403777086], [8.888278844094584, 47.401304773492434], [8.888272543123664, 47.4012850260207], [8.88824679796446, 47.40117543942627], [8.888242021204638, 47.401007711588754], [8.888238871881056, 47.40098595444292], [8.888232974040019, 47.400964465723696], [8.888224345004199, 47.400943398040006], [8.888213095418516, 47.40092292096009], [8.888199255707072, 47.40090317805161], [8.888182962758442, 47.400884329557144], [8.88816433917719, 47.40086649984603], [8.888143494827627, 47.4008498314571], [8.888120618564043, 47.40083444795966], [8.88809585925545, 47.40082046442288], [8.888069445009567, 47.400807985943686], [8.888041497222204, 47.400797091949165], [8.888012310736444, 47.40078790471791], [8.887982031939405, 47.400780449355665], [8.887824983346379, 47.40075642201649], [8.887781314960979, 47.400747218457845], [8.887740676305489, 47.40073298425739], [8.887721886026238, 47.400724116307366], [8.88768808803598, 47.4007032114049], [8.887660178361033, 47.40067861636096], [8.887638999711928, 47.40065111224283], [8.887595412538769, 47.40058011599402], [8.887566960325971, 47.40052583287437], [8.887534968848533, 47.40047245775146], [8.88749953369068, 47.40042009728678], [8.887508468250175, 47.40043000647227], [8.887518218297457, 47.40043726069935], [8.887542474271394, 47.40044785035003], [8.887570600637519, 47.400452166454095], [8.887599206036672, 47.40044973878444], [8.887796496441933, 47.40038869401246], [8.887824014843885, 47.4003774821137], [8.887849856187227, 47.40036452809481], [8.887873772978635, 47.40034998798574], [8.8878955566698, 47.40033399027568], [8.887837067033383, 47.400128183493734], [8.887725991519448, 47.39996520820554], [8.887480743990114, 47.39986802753462], [8.887291829456759, 47.39970838442902], [8.887235279713142, 47.399449082502485], [8.88718685443839, 47.39935065619592], [8.886753372118894, 47.39899378117661], [8.886659102999227, 47.39889715268682], [8.88663115785815, 47.39880491908778], [8.886690572119532, 47.398501540754474], [8.886711805889389, 47.39817975862734], [8.886685196130685, 47.397995788153665], [8.886362862030573, 47.39764599892781], [8.886394460166457, 47.39762747699883], [8.886440903170945, 47.397596039924125], [8.886467829287271, 47.39761913631808], [8.886916001752676, 47.39726326813932], [8.886667265287553, 47.3971859099379], [8.885612890186607, 47.396934825110726], [8.88540016557668, 47.39682229947121], [8.885238506461697, 47.396641198316416], [8.885427296739314, 47.39621847916803], [8.885502547874868, 47.39591524184178], [8.885556100364873, 47.395852464505644], [8.885584306180018, 47.395866630347754], [8.885596891836217, 47.39587491970378], [8.885618622788874, 47.39589360152113], [8.885635196606612, 47.395914587867615], [8.88564606543343, 47.39593721988848], [8.885695489601524, 47.39570639975425], [8.885824859639284, 47.39557634588871], [8.885773168787939, 47.39504794274732], [8.88579747092412, 47.394767390415105], [8.885420311786515, 47.39454521504465], [8.885347312012964, 47.39414269549651], [8.885343655736754, 47.39402661509808], [8.885276958584644, 47.39384729230886], [8.885327615985705, 47.39317325098344], [8.884850344158416, 47.39296774961315], [8.884491800853175, 47.39275787482283], [8.884379517719282, 47.39253302435998], [8.88405466765766, 47.39260233530418], [8.88398468953115, 47.392615786868994], [8.883843290569118, 47.39263834499228], [8.883608025488188, 47.392665459456886], [8.883516630376368, 47.39267906168353], [8.883426436401834, 47.39269592327007], [8.883336456660144, 47.39271629042839], [8.883248220724637, 47.392739901155366], [8.883091886758793, 47.39278720345259], [8.883019217512867, 47.39280304494848], [8.882944642278062, 47.39281406154671], [8.882868331259157, 47.39282017912585], [8.882791512649503, 47.3928212563901], [8.882714887627918, 47.39281725760698], [8.882367385032946, 47.392791897059084], [8.882320394796016, 47.392787914463284], [8.882227461036493, 47.392775555220545], [8.882136170922609, 47.39275736412086], [8.8818287792336, 47.392678120045744], [8.881713924735953, 47.392655122390146], [8.881595818197267, 47.39263775157713], [8.881475075827607, 47.392626260789946], [8.88119715443747, 47.39261770418148], [8.88114017399683, 47.39261364793501], [8.881083793950891, 47.392606813483276], [8.881032701580143, 47.39259809584521], [8.880982606803888, 47.392587080814856], [8.880609598617767, 47.39248511983381], [8.880551658232262, 47.39247153081449], [8.880492803723753, 47.39245989624538], [8.880399479160507, 47.39244578622157], [8.880321848930482, 47.39243790321003], [8.880251763629918, 47.392433713215915], [8.879248384646164, 47.39241093037424], [8.87916369699614, 47.39240414211338], [8.879080236700904, 47.39239228287728], [8.879057438872628, 47.392435925958], [8.87904609717642, 47.39252794110293], [8.878968918628358, 47.39261808702613], [8.878961921109894, 47.39265178233755], [8.878878387644384, 47.39272738040268], [8.878848782220343, 47.39279164632492], [8.878777032552945, 47.39282781341799], [8.878674926920464, 47.392981834504916], [8.87866030802939, 47.39299186697509], [8.87864105948496, 47.39307611030005], [8.8786304186821, 47.39313725188063], [8.878587193327721, 47.393133364796164], [8.878545582384564, 47.39312450996302], [8.878506221994773, 47.39311069742736], [8.878471007225992, 47.39309244329027], [8.878455286838769, 47.39308181740671], [8.878428253769775, 47.39305797404854], [8.878407741745201, 47.39303131464032], [8.878394381145103, 47.393002622746884], [8.878390509533036, 47.39298779212223], [8.87838858453669, 47.392957734627906], [8.878394375536182, 47.392927904678245], [8.87840772159546, 47.39289920405041], [8.878480479956966, 47.39279396525349], [8.878485459062352, 47.392782622576235], [8.87848745960947, 47.3927708672316], [8.87848475765144, 47.39275324228666], [8.878401290285009, 47.39277540574263], [8.87808324625588, 47.392836538593556], [8.877407962899566, 47.39308895528945], [8.877381298765158, 47.3930370847335], [8.876815519104436, 47.39312696234048], [8.876777270021178, 47.39317783309627], [8.876635595686212, 47.39312556852346], [8.876582609827102, 47.39300302255886], [8.876513312134026, 47.39299857764576], [8.87638980794053, 47.393097259795375], [8.876199939073347, 47.393127914162754], [8.876151271857085, 47.393132468901], [8.876102211317093, 47.39313423082752], [8.876053114307306, 47.393133168531655], [8.8759267714939, 47.393123747806804], [8.875784830965163, 47.39310773816536], [8.87579992040134, 47.39303902975757], [8.875365026641731, 47.39310794013473], [8.875384130895515, 47.39317920094712], [8.875193100133258, 47.39319822804126], [8.875163082834097, 47.39319925804603], [8.875133018970848, 47.39319856144239], [8.875073706255344, 47.39319202150095], [8.875016862496066, 47.39317878504241], [8.874964153537245, 47.39315921820798], [8.874939799651363, 47.393147232919716], [8.874895992779072, 47.39311930627552], [8.874817259250657, 47.3930557502212], [8.874770429432514, 47.39300757583391], [8.874729758180539, 47.39295688704841], [8.874695559478553, 47.39290403074735], [8.874668095842097, 47.39284940848806], [8.874647549542177, 47.39279339577084], [8.874599794592964, 47.39260325379438], [8.874584139059793, 47.39256649409647], [8.87455959031464, 47.3925320308916], [8.874526903880788, 47.392500862311636], [8.8744869642726, 47.39247385890165], [8.87446463188947, 47.39246215417117], [8.874326695612998, 47.39240490175985], [8.874217163958118, 47.392338902730145], [8.874011379706074, 47.39254383600219], [8.874093403789063, 47.39256926516766], [8.873941479700155, 47.39279278943183], [8.873900381877112, 47.39284620393907], [8.873852468644921, 47.39289693234255], [8.873798127182829, 47.392944592097244], [8.873737784027504, 47.3929887910165], [8.873589528789147, 47.393086499961115], [8.873443258272557, 47.393177257273734], [8.873415847783354, 47.39319736131364], [8.873391316758589, 47.39321912072328], [8.873369925258197, 47.393242352411036], [8.873351826625584, 47.393266847568064], [8.87330497769072, 47.393352213783274], [8.873293902934106, 47.39336795883743], [8.87326560875481, 47.39339706944204], [8.873248647399851, 47.393410179895334], [8.873209743076304, 47.39343293636617], [8.873188152814414, 47.39344239807403], [8.873144784421754, 47.39345631321736], [8.873098532074064, 47.39346496569341], [8.873050793961797, 47.393468131219954], [8.873026815269572, 47.39346761034267], [8.872979474419997, 47.39346240494279], [8.872956470527201, 47.39345774292729], [8.872912636204678, 47.39344451475638], [8.872761743740748, 47.39337695041377], [8.87273798460913, 47.39336735913392], [8.872687106422134, 47.393352788064206], [8.872633171512048, 47.39334474082286], [8.872605616916305, 47.39334326576266], [8.872550487505249, 47.3933454703987], [8.872445360693245, 47.39335499740923], [8.872413850895278, 47.39335422811712], [8.872383008504022, 47.39334970831883], [8.872368153431283, 47.39334608752564], [8.872353817854519, 47.39334158770903], [8.872327212277009, 47.39333008861997], [8.8723039970448, 47.393315596918455], [8.872233677295142, 47.39325199767573], [8.872221011026163, 47.39324159395247], [8.87219186456694, 47.39322329859157], [8.872158408653988, 47.39320878992555], [8.872140398154086, 47.39320310326623], [8.872102493951962, 47.39319509967274], [8.872082893052193, 47.393192833087426], [8.872043218382611, 47.39319189508703], [8.872023449195428, 47.39319321988893], [8.871984813981395, 47.39319940259089], [8.871948394288058, 47.393210136581374], [8.871931400093638, 47.39321711219104], [8.87178079551596, 47.393285746744944], [8.871751010487625, 47.39329639839002], [8.871735191617505, 47.39330028289642], [8.871702281426852, 47.39330507210285], [8.871685480008184, 47.39330591923873], [8.871651899437216, 47.39330450074431], [8.871635385569263, 47.3933022497428], [8.871603601685477, 47.39329473685464], [8.871634245614663, 47.3932638248635], [8.871371973350783, 47.39316775701364], [8.87134858264337, 47.39319056355156], [8.871241715574646, 47.39313685330451], [8.871202140756626, 47.39312041418781], [8.871160616398248, 47.393106356112355], [8.871117450687642, 47.39309481016304], [8.87107296365297, 47.39308585336161], [8.871027501761784, 47.393079562349065], [8.8709814102987, 47.39307596883429], [8.87075859164921, 47.39306864724645], [8.870682446763219, 47.39306325830981], [8.870606969221665, 47.39305460459513], [8.870532452061028, 47.39304274542539], [8.870418345684111, 47.39301636306485], [8.87036441666728, 47.3930099878792], [8.870309662119508, 47.393009865852754], [8.870282487565976, 47.3930121726689], [8.870229455006445, 47.39302141173395], [8.870179470076287, 47.39303659512698], [8.87002862656804, 47.39309689139442], [8.869982385904486, 47.3931114076815], [8.869933230789533, 47.39312049969026], [8.869882545661032, 47.39312392531824], [8.86985705890614, 47.39312347644237], [8.869859367265795, 47.39307628283095], [8.869363779082857, 47.39290497214982], [8.869314627546114, 47.3929393333095], [8.869121204395217, 47.39280864604535], [8.86909803737148, 47.3927914722592], [8.869077283567531, 47.3927729012138], [8.869059133738313, 47.39275312850426], [8.86904373784973, 47.392732314138456], [8.869031219241881, 47.392710609577684], [8.869021689886189, 47.392688238322755], [8.86901522006035, 47.39266535238651], [8.869000500775332, 47.392572537229114], [8.868971922584942, 47.392443622825176], [8.868914354901515, 47.39242109969548], [8.868835267170104, 47.392446187414535], [8.868731454343418, 47.392431091522944], [8.868684006467875, 47.392422341385235], [8.868637772670466, 47.39241094945646], [8.868593112917434, 47.392397001228844], [8.868550282172237, 47.39238061073512], [8.868373128562062, 47.39230413617295], [8.868341661642953, 47.39229211141194], [8.868308864799975, 47.39228185755119], [8.868274951728935, 47.392273452487444], [8.868240148581622, 47.39226692947722], [8.868204669117661, 47.39226234906614], [8.868168778623447, 47.392259734619756], [8.867994732585647, 47.39225806516412], [8.867954125648408, 47.39225592293595], [8.867914626972077, 47.39224917015029], [8.86787736748112, 47.392237990690184], [8.86785990136645, 47.39223083933805], [8.86782797897265, 47.39221367476207], [8.867813737665946, 47.392203775766795], [8.867789181863623, 47.39218171634419], [8.86777044068681, 47.39215715611102], [8.867712409521882, 47.39206941951046], [8.867694584528262, 47.39204839225078], [8.867674179400959, 47.39202846734271], [8.867651396656843, 47.39200978622868], [8.86762634591748, 47.39199248255784], [8.867394919332863, 47.39185219688678], [8.867288208213456, 47.39177491217775], [8.8669804162174, 47.39199587384304], [8.867030727092454, 47.39202397508591], [8.866912152265659, 47.39212082216822], [8.866895932661826, 47.39213100787738], [8.866877379842446, 47.392139153412806], [8.866846367245694, 47.39214702115572], [8.866824513134306, 47.39214913538609], [8.86680241719902, 47.39214865285537], [8.866770344479129, 47.39214316609028], [8.86674141131411, 47.392132243086024], [8.866717572581948, 47.392116660269856], [8.866700405921, 47.392097450677554], [8.866693269522594, 47.39208326268863], [8.866689838194413, 47.39206842620545], [8.866707563479821, 47.391881671960036], [8.866726106213052, 47.39179261016118], [8.866726787644813, 47.39177306304415], [8.866720500862257, 47.39173423431024], [8.86670413024443, 47.39169678064242], [8.866678211588411, 47.39166190984867], [8.866643569077313, 47.391630718160584], [8.866601328858076, 47.3916041991745], [8.866577739546635, 47.391592967222714], [8.86652665454722, 47.39157500448948], [8.86647167563841, 47.391563494700165], [8.866443280781915, 47.391560283357116], [8.866414561429613, 47.391558803211474], [8.86628201522535, 47.39156237540399], [8.866101662610985, 47.391558603987086], [8.86603091912336, 47.39155546597065], [8.865960800313198, 47.3915484519652], [8.865891757717812, 47.39153760145345], [8.865824204011467, 47.39152299026745], [8.865758618908375, 47.391504720522654], [8.86569541601931, 47.39148290399623], [8.864750634801279, 47.39113081042076], [8.86458177454463, 47.39106094699224], [8.864529415488526, 47.39104532017554], [8.86450190294971, 47.39103992046126], [8.864445331053542, 47.391034186610014], [8.864388135048452, 47.391035324186845], [8.864332141386512, 47.39104327463951], [8.864279092763914, 47.391057818564434], [8.864230645805415, 47.39107849459468], [8.864188332269526, 47.39110461839495], [8.86415345611323, 47.391135418155834], [8.864139163083523, 47.39115226350571], [8.86411744587601, 47.39118819922025], [8.864105360538337, 47.39122616611164], [8.864103097640726, 47.391245561708395], [8.864106148969405, 47.3912843493586], [8.864111442518015, 47.39130346282277], [8.864129385489726, 47.39134034855004], [8.864156647663123, 47.39137451052085], [8.864312222398938, 47.39154044991955], [8.864319050396503, 47.3915500719987], [8.8643289322059, 47.391570352211524], [8.864333564690131, 47.391591488879214], [8.864333824337626, 47.39160218152508], [8.864330299112474, 47.39162340984307], [8.864321482138363, 47.391643911838656], [8.86431516021775, 47.39165369618591], [8.864307608928053, 47.39166308193175], [8.864289074811177, 47.391680348483334], [8.86426644871679, 47.39169519168472], [8.864240434701868, 47.39170718907302], [8.864226375782941, 47.39171199535013], [8.864071741794543, 47.39174906746396], [8.863627406640164, 47.391826199272174], [8.863497363851133, 47.39184118864688], [8.863450224946678, 47.39185235796337], [8.863406757460073, 47.39186905032168], [8.86336839107529, 47.3918907352819], [8.86333632610089, 47.39191672339727], [8.863311613335963, 47.39194618313541], [8.863295035280055, 47.39197816023295], [8.863287121274535, 47.39201164073123], [8.863286515385083, 47.39202861401843], [8.863292636070502, 47.392074704293464], [8.86323510426321, 47.392079191408065], [8.863261483362946, 47.39237013685837], [8.863344678690812, 47.392362805494535], [8.863354598980738, 47.39241672916099], [8.86336187542157, 47.39243618703041], [8.863383762223089, 47.392473429056515], [8.863414877939668, 47.392507534691276], [8.86343357440805, 47.39252306450837], [8.863476633464394, 47.39255051891871], [8.863526049997962, 47.39257247949299], [8.8635526976949, 47.39258118243137], [8.863768781389233, 47.39264488678798], [8.863784376505347, 47.392650946375475], [8.863813026227715, 47.3926656516587], [8.863825878589237, 47.39267416492238], [8.86384826004309, 47.39269323848242], [8.863768838007722, 47.39271041860609], [8.863648336473943, 47.39274443302668], [8.86350178387267, 47.39279113560137], [8.863253498113599, 47.39291781410182], [8.863053763426787, 47.39294785731161], [8.862808418501762, 47.392977427801696], [8.862709603657828, 47.39298128146871], [8.862547650158065, 47.39299056250084], [8.862435173945807, 47.3930096609163], [8.862362678349308, 47.392994603523185], [8.862337001978991, 47.392983594060844], [8.862161465829663, 47.392896510517076], [8.862019514416628, 47.39288983016325], [8.861882678477372, 47.39283164955161], [8.861717194220367, 47.392780118402925], [8.861686597628768, 47.39277483695674], [8.86165367818088, 47.39274955061704], [8.861556972012215, 47.39275199196697], [8.861396992819046, 47.392672521511734], [8.861182953588028, 47.39263619622777], [8.861097115947965, 47.392586256563575], [8.861067514874863, 47.392527977502965], [8.860887666308656, 47.3924112319655], [8.860679060601319, 47.39236301875341], [8.860567087686853, 47.392288293046384], [8.860447427081143, 47.39225905407716], [8.86031340337038, 47.392173597831004], [8.860152178719037, 47.3921703549519], [8.860036611006192, 47.392150510732925], [8.85995168251934, 47.39213953744847], [8.859763672575408, 47.39215815026405], [8.859667882878599, 47.3921656074339], [8.859589266573048, 47.392169282107794], [8.859520234449136, 47.39216625383982], [8.858976818517815, 47.392170489193305], [8.858634213144192, 47.39216568723122], [8.85826944309698, 47.3921816757282], [8.857963050431895, 47.39218764385455], [8.857609505516402, 47.39260268431359], [8.85382636123134, 47.39707685127053], [8.853692007239443, 47.39724979212893], [8.853580288321597, 47.39743001172957], [8.853492056031481, 47.39761613274747], [8.853427962435847, 47.39780676184791], [8.853388472506168, 47.39800044496551], [8.853373958327452, 47.39819572021112], [8.853384460823788, 47.39839112094261], [8.85296528139835, 47.398420811865336], [8.852847135605948, 47.39843349372443]]]]}}]}