{"type": "FeatureCollection", "features": [{"type": "Feature", "properties": {"bfs_nummer": 2306}, "geometry": {"type": "MultiPolygon", "coordinates": [[[[7.303483931600964, 46.7887448735446], [7.3034557166223255, 46.78860181302134], [7.302424054113225, 46.78717697455892], [7.302071438238065, 46.78638271462836], [7.3022968170027625, 46.78565957560203], [7.304468487929944, 46.78414752050537], [7.304660690714589, 46.78368709321101], [7.304472409697473, 46.78320553511207], [7.301130928730546, 46.7813439968959], [7.3005256657435735, 46.78063820055632], [7.300810873678429, 46.77905464471787], [7.300090323556664, 46.778641335437364], [7.2988212498008, 46.77822868698824], [7.297579139937059, 46.77753899924911], [7.29638987187237, 46.77728626216999], [7.296129058406396, 46.77649935757785], [7.29590852775867, 46.77597742675098], [7.295314801289082, 46.77537298625869], [7.292773606206303, 46.77416127384067], [7.291283956199137, 46.7733412682403], [7.290725285355389, 46.77259319236576], [7.290468734915856, 46.772049524840156], [7.290770943797619, 46.77170539472623], [7.29147293316377, 46.771519392344985], [7.2921157360034625, 46.77161710559986], [7.292876464042843, 46.77154676164376], [7.293067457885551, 46.77136296070825], [7.293006051116621, 46.77049832261602], [7.292944888471282, 46.769554354073065], [7.293193101642943, 46.76826174226553], [7.293978822148133, 46.76768867739317], [7.295450347276978, 46.76595791863093], [7.295926106486051, 46.765469652937824], [7.294489557090327, 46.764954509248], [7.294305665103789, 46.76502958500799], [7.293913359179998, 46.76482238943959], [7.293903966395694, 46.764713704282926], [7.2938445570425285, 46.76465221673111], [7.292935941752568, 46.76419273826095], [7.292648052351121, 46.76402558468681], [7.292281140630481, 46.76388118574036], [7.292082935278877, 46.76383902936757], [7.291984185943717, 46.7638180234437], [7.291958185365131, 46.76379994489174], [7.291840288313069, 46.76394476301691], [7.291681436736644, 46.76421114593506], [7.291506729020817, 46.764401973378405], [7.291177371028352, 46.76471004368405], [7.290530214221319, 46.76433350667731], [7.289560181216416, 46.76380978340676], [7.2893027104815715, 46.76417824783791], [7.289023927159238, 46.764400805439536], [7.288848367307568, 46.76451366441756], [7.28857017059936, 46.764801150544656], [7.28846440145142, 46.76486506687242], [7.288313782769125, 46.765027064010575], [7.288146034979154, 46.765260812656756], [7.288031149238205, 46.765396077803096], [7.28789272119057, 46.76557006387386], [7.287818152781124, 46.76548742297947], [7.2874890967830535, 46.76543359039992], [7.287233457301023, 46.76538747113071], [7.287075591846132, 46.76534667232457], [7.286762430012596, 46.765282799161994], [7.285791474498678, 46.76515726821821], [7.28543533737097, 46.765070926328846], [7.285253567138463, 46.76500399750496], [7.28474432325392, 46.764803501105746], [7.284336250949864, 46.76459285832619], [7.284162558229131, 46.76489001190807], [7.284030707996338, 46.7651397445586], [7.283853886000594, 46.7650370269758], [7.283689673843899, 46.764960521147536], [7.283573585204956, 46.76472523028626], [7.283501291221337, 46.764736717533886], [7.283474296242664, 46.76495896765458], [7.283304205029294, 46.76499606582403], [7.282969341665882, 46.76501006238146], [7.282928733094587, 46.7651453876249], [7.282707699206609, 46.76520679256643], [7.282797604149879, 46.764973988891285], [7.282338851980911, 46.76492445859842], [7.281710349285346, 46.76492522765882], [7.281221975704205, 46.76491080606406], [7.280790618290281, 46.76483661470275], [7.280596199017173, 46.764741936631346], [7.280367320161107, 46.764693383483284], [7.279741043098579, 46.76461567815298], [7.279694259746374, 46.764623555491205], [7.277824044028353, 46.76532598076132], [7.277918168061566, 46.76542166354914], [7.278002955475604, 46.765457306581325], [7.27816633253984, 46.76556121914994], [7.278261531125788, 46.76570060303332], [7.278308480322781, 46.76587817619347], [7.278296685796578, 46.76605727649282], [7.278183249053684, 46.76640341312139], [7.278063132984564, 46.76659717549968], [7.2779105410103675, 46.766785161661325], [7.277721180357186, 46.76695383633286], [7.277690589637218, 46.76693524438812], [7.277416925693208, 46.76711068943234], [7.27727790428998, 46.76721227502497], [7.277173152182672, 46.767332313834636], [7.277104555354798, 46.76750097038482], [7.276947838043932, 46.767969427182315], [7.276912780160708, 46.76799506819865], [7.276844924715122, 46.76799579002726], [7.276648954338661, 46.76796236216551], [7.276450508743922, 46.76794227960565], [7.2761301511445255, 46.76794515835608], [7.275864616726664, 46.76797949094474], [7.275609481112637, 46.76802954384257], [7.2751870002627435, 46.76810394866292], [7.275044311114125, 46.768101152310074], [7.2749068564849795, 46.7680647833809], [7.2746963907733, 46.76797286131437], [7.274670488946599, 46.767996454781645], [7.271102219455103, 46.76849184887661], [7.271139010692286, 46.768498982442395], [7.271226945739614, 46.768528725028354], [7.271298070558565, 46.768642478020816], [7.271350030898968, 46.76869710284218], [7.2714351210745445, 46.76879957821241], [7.271520495091197, 46.76884055216907], [7.271572550430785, 46.768860643520775], [7.27164239884407, 46.76889709678203], [7.271719956190442, 46.76896786090966], [7.271806435630496, 46.769032377331456], [7.271861097200804, 46.76910274802329], [7.271909205282363, 46.76910827885696], [7.271929336915993, 46.769122044530064], [7.271938229438555, 46.76916302252798], [7.2720004945435495, 46.76922169193776], [7.272045183640099, 46.769232201511585], [7.27207894092481, 46.769272163731934], [7.2720978491526145, 46.769325669054375], [7.2721083503117026, 46.76938823821581], [7.272123538330564, 46.76943405610808], [7.272162251396294, 46.769505491528264], [7.272168834256971, 46.769569422660425], [7.272183310064788, 46.76960435516473], [7.272258188659155, 46.76972037991116], [7.27226373819286, 46.76981355364184], [7.272290464319786, 46.76988765210523], [7.272304949727173, 46.769957459759084], [7.272335902396092, 46.76999015855451], [7.272351281842223, 46.77005035144038], [7.272418055276753, 46.770091198646526], [7.272445765625503, 46.77014775730531], [7.27244656082111, 46.7702121116016], [7.272491472107123, 46.77043817833108], [7.272488814279398, 46.770493073482236], [7.272506614369583, 46.77050740225577], [7.272513077415957, 46.77056792391836], [7.272531180500541, 46.77063231267457], [7.272581732159698, 46.77071581917856], [7.272594372023278, 46.7708025895657], [7.272620782467115, 46.77083524561314], [7.27270129411916, 46.77085388501047], [7.272741244862389, 46.77088561631367], [7.272746860195459, 46.770932499661384], [7.272722179614631, 46.770975308716906], [7.272752442049857, 46.77104512143038], [7.272779054814165, 46.77108860820952], [7.272765359720863, 46.77118599954085], [7.272731649726625, 46.771256978044605], [7.272789459147629, 46.771322378302784], [7.272867469594038, 46.771358375091985], [7.273079655927013, 46.7715406708092], [7.273120410334751, 46.77160066678146], [7.273140092472539, 46.771713650955824], [7.27312664392648, 46.77177382878119], [7.2731474855955565, 46.77186748341785], [7.27315336116984, 46.77205909450295], [7.273170104758986, 46.77207235115132], [7.273231444105855, 46.772084746338145], [7.273331533186068, 46.7721196594457], [7.2734402219872205, 46.772125565718305], [7.273503147034115, 46.772146004980556], [7.273510893865287, 46.77217275061956], [7.273482395143908, 46.77224794676663], [7.273445918106779, 46.77227380947751], [7.273415539671229, 46.772317446985106], [7.273424795927602, 46.77237267436357], [7.273470039887103, 46.77243762417827], [7.273599671512506, 46.77256019553257], [7.273624769865641, 46.772628228383304], [7.273621076890338, 46.77270074414344], [7.273579876463951, 46.77277227885274], [7.27359162162836, 46.77281013953195], [7.2736111163702395, 46.7728229593442], [7.27369089601144, 46.77284226250735], [7.273749172492227, 46.77287597210002], [7.2737675796599195, 46.772927353602434], [7.273775966570831, 46.77298017791087], [7.27381226939192, 46.77305355231106], [7.273872403460783, 46.773126169725316], [7.273881064891487, 46.773204730413944], [7.273828933322349, 46.77327579948386], [7.273799491867262, 46.77332544733712], [7.273720476134359, 46.77339793453196], [7.273678656930415, 46.773470439844836], [7.273679038759248, 46.77352074276376], [7.273721183550539, 46.773576359730015], [7.273760514484087, 46.77371243661766], [7.273744697943163, 46.77374230541541], [7.273679007695405, 46.773773073179775], [7.273632821853819, 46.77380513766912], [7.27362555914493, 46.77384211623787], [7.273643494656408, 46.77389369508757], [7.273694342509022, 46.77393360971393], [7.273749535008654, 46.7739402565933], [7.273801104722933, 46.77393712018857], [7.273944097410318, 46.7739739120742], [7.274090366533089, 46.774069394717486], [7.2740817827180075, 46.77410181986674], [7.274090964860386, 46.77415595877923], [7.274090140467023, 46.77418560637266], [7.274150048386895, 46.77430677143809], [7.274150365231066, 46.77435287371029], [7.274179319653231, 46.7743765735184], [7.274217688570536, 46.77438302470657], [7.274333509273793, 46.774357564464026], [7.274433950724953, 46.77434749099851], [7.274444687022808, 46.77435602516975], [7.274451641306038, 46.77442374378723], [7.2744386655671995, 46.77444952385265], [7.27431240394152, 46.77450665989386], [7.2742096796384725, 46.77459060922951], [7.27413103248367, 46.77464498948086], [7.274015512337955, 46.774742827177846], [7.273978946619459, 46.77483961869972], [7.273938966980619, 46.77491827065009], [7.273959335911594, 46.77497919920542], [7.274011426312141, 46.7750284707435], [7.274043945460857, 46.77509808863537], [7.274083952358193, 46.77519376790505], [7.274073385224805, 46.77523666074301], [7.274038284219635, 46.775261545090125], [7.27400514256085, 46.77527518814454], [7.2739582783544545, 46.77527203473617], [7.273882402038111, 46.77527650306052], [7.273822480910641, 46.77530406793035], [7.273811718248942, 46.775355110308745], [7.273777712773291, 46.77538560942637], [7.273752953995288, 46.77542365099289], [7.273737418163815, 46.77548980794476], [7.27370723406927, 46.775499605081535], [7.273460499701748, 46.775373354860534], [7.27341058381536, 46.775370502688595], [7.273359979099999, 46.77539140621332], [7.2733471528288485, 46.775406697723994], [7.273347705803178, 46.775439639742025], [7.2733839137610135, 46.77545501168909], [7.273426909173982, 46.77550269611157], [7.273434777708152, 46.775562311290955], [7.2734115584937165, 46.77559776431255], [7.2733788958951875, 46.77561300894726], [7.273309353134911, 46.77560579221663], [7.273169351817574, 46.77559962413327], [7.273120669345651, 46.77560853953814], [7.273033545382788, 46.77565959635836], [7.272984562477773, 46.775710591879964], [7.2730091430952655, 46.77580655491994], [7.27300141580017, 46.77585383258969], [7.273022778118203, 46.77589392037706], [7.273044726551323, 46.7759053765889], [7.2730658234487535, 46.77589159950057], [7.273125743172496, 46.77589024769683], [7.273147021655054, 46.77591937897177], [7.273123130193634, 46.77600274946695], [7.273087614848323, 46.776025842902634], [7.273053625931527, 46.77611421828797], [7.273025467614242, 46.776154692555004], [7.2730208947280115, 46.77618540534165], [7.273059213115017, 46.776238237330205], [7.273056817270566, 46.77629322293328], [7.273037816918222, 46.77633187556176], [7.272969124182718, 46.77638818545773], [7.272934163246997, 46.77640547752844], [7.272834493655541, 46.7763890592953], [7.272782884789402, 46.77636175457939], [7.27264705617048, 46.77631405104749], [7.272585360675076, 46.77630943607268], [7.272526701321439, 46.776317994826485], [7.2723452404056514, 46.776426879446014], [7.272302560416415, 46.77644634594467], [7.272212242609757, 46.7764711579842], [7.272196142812237, 46.77648630965277], [7.2721975308907165, 46.776507334035514], [7.272219190644248, 46.77652320664124], [7.272251513967474, 46.77657526541774], [7.272345674127553, 46.776662479104836], [7.272514810706432, 46.77675750258915], [7.272602036510626, 46.776792613601515], [7.272642298126034, 46.776835256688514], [7.272648227128316, 46.77689940270413], [7.27269748653854, 46.777004721205216], [7.2727353626323925, 46.777137018227776], [7.272724120132474, 46.777173433225634], [7.2726903393727005, 46.77718156077738], [7.27262363954501, 46.777152057004066], [7.272557851534973, 46.777145259153016], [7.272488957319226, 46.77715632166112], [7.272470799302828, 46.7772270799652], [7.272313740903255, 46.77725621084816], [7.272247263488096, 46.777315348258306], [7.272217638183454, 46.77739772085874], [7.272217127585365, 46.777490399928865], [7.272241137629882, 46.77758440129739], [7.272290609462871, 46.777629702803786], [7.272347492798781, 46.777632772796174], [7.272390641609098, 46.77767343215506], [7.272361881760053, 46.77772588729572], [7.272218986897401, 46.77784432739015], [7.272153733883328, 46.77785893019839], [7.2721187668870275, 46.777886234051834], [7.272030537795849, 46.77789115984352], [7.271966713157403, 46.77790956970694], [7.271953475457526, 46.77792210785858], [7.271965030475282, 46.77794115914531], [7.2719743047478635, 46.77798202097017], [7.271974443720871, 46.778034140656615], [7.271994292270199, 46.77805998664506], [7.272045138290518, 46.778105578117376], [7.272084806468662, 46.77817081709403], [7.2721390712884855, 46.7782202725852], [7.272207476389773, 46.77825330515603], [7.272228600212557, 46.77828598952567], [7.272260672412892, 46.77830123877904], [7.272299738572177, 46.778307502879045], [7.272343415292429, 46.77833860109587], [7.272375843762699, 46.778378327511255], [7.272406519780009, 46.77840048320514], [7.272489815232051, 46.778420179128794], [7.272562060723629, 46.7784563384747], [7.272607217284791, 46.7784959034486], [7.272628515589541, 46.77856955309802], [7.272656566398521, 46.77863186042999], [7.272656540745602, 46.77865281072268], [7.2726215806841275, 46.77875803300506], [7.272590629989671, 46.77888350083346], [7.272558045078365, 46.77894475692213], [7.2725488344686475, 46.77907738089224], [7.272573715268521, 46.779119021124714], [7.272694003347525, 46.77916399426638], [7.272762068058245, 46.779172135657774], [7.272853044268018, 46.7792194495623], [7.272896231108919, 46.77928224669991], [7.2728826642674305, 46.7793376296687], [7.272889123896378, 46.77940819913682], [7.272938982849101, 46.77946029244509], [7.273023908243942, 46.77953784894177], [7.273059662502682, 46.7795822395439], [7.273111259127047, 46.779606053783034], [7.273212170594227, 46.77963357389377], [7.2732687370245515, 46.779663611088104], [7.2734339053810855, 46.77972421990158], [7.273529396579278, 46.77973887743822], [7.273569346444988, 46.779760452609075], [7.2735756208935305, 46.77977247063199], [7.273477900450738, 46.77984371602983], [7.2734484930973755, 46.77989380471394], [7.273431375816743, 46.779954202170416], [7.27347949616265, 46.780009890756205], [7.273478010437409, 46.78005858090166], [7.273525504107346, 46.78008398999925], [7.2735502767532605, 46.78014411542768], [7.273542012397738, 46.7802041478307], [7.273517829304456, 46.78028406395421], [7.273580783256514, 46.78034498266876], [7.273573439067659, 46.780391118482946], [7.273515442848816, 46.78042527964262], [7.27345751711298, 46.78044079329189], [7.273398625262865, 46.78048511804803], [7.273378537581413, 46.78053624573053], [7.273416551765808, 46.78056144309404], [7.273398577592816, 46.780602373075084], [7.273396821961213, 46.7806536084257], [7.273382092116444, 46.78068704993736], [7.273325795608818, 46.78073039783139], [7.273245786177607, 46.78080292822589], [7.273192101112812, 46.78083166227244], [7.273101729831333, 46.780871515219545], [7.273005811705024, 46.780926499062005], [7.272977471401482, 46.78091491653086], [7.272964861870628, 46.78087238574946], [7.272891689571208, 46.78081297205157], [7.272839110451314, 46.780797414123285], [7.2727834069831285, 46.780754793365666], [7.27272458628774, 46.78072514857686], [7.272676605951977, 46.78072989983464], [7.27269007527557, 46.78079067456648], [7.272684859291198, 46.78086389861195], [7.272634219408093, 46.780940879289766], [7.272586979433402, 46.78097288787441], [7.272492977996928, 46.781013418478544], [7.272475009940482, 46.78103944292018], [7.272477360763747, 46.78110052522569], [7.272458475256883, 46.78115211326339], [7.272387248859376, 46.78122519562033], [7.272277380764778, 46.78128107604609], [7.272158728963034, 46.78130646697331], [7.272086583142132, 46.781283413779406], [7.272044207410545, 46.7812627792253], [7.271957866599409, 46.78129453209187], [7.271956572481691, 46.78133168131673], [7.272018491908434, 46.78136297745153], [7.272038846001239, 46.781403513702564], [7.272019936605017, 46.78143737172249], [7.271976282733577, 46.781473909924024], [7.271942631824533, 46.78146461311656], [7.271904244331205, 46.78141207741697], [7.271852430481819, 46.781369326947996], [7.271796098164312, 46.78138151391147], [7.271733312512666, 46.781447555952894], [7.271658458490846, 46.78148671077186], [7.271560800121565, 46.78158243120158], [7.271550995389614, 46.78161077037324], [7.271625970780569, 46.78174270858368], [7.2716322859894476, 46.781775155238726], [7.271581984417851, 46.78183947940484], [7.271525265054381, 46.78187901176427], [7.271477350551822, 46.781900098440715], [7.271406716114066, 46.781904464988976], [7.271368907399042, 46.78191825322704], [7.2713143944586935, 46.78196400451118], [7.271298753659138, 46.781990904734236], [7.271293158521151, 46.7820465331176], [7.2713300119439985, 46.78209964242471], [7.271366712958755, 46.78210933059195], [7.27138275031271, 46.78213993862651], [7.271326156711591, 46.7821851651292], [7.271197916327595, 46.782219176715394], [7.271147166538505, 46.782212948835], [7.271117251399388, 46.78219401430689], [7.271151128057981, 46.78216890418165], [7.271141270968488, 46.78214269498679], [7.271056268353353, 46.78214373882562], [7.2710222363702535, 46.78216409017973], [7.270962061631754, 46.78227392526774], [7.270943772770269, 46.782330929177604], [7.270917050556478, 46.782341981026704], [7.270828875880404, 46.782264508037755], [7.270686758979786, 46.78220929977873], [7.270615239259037, 46.782207718669895], [7.270583430034496, 46.78224160229375], [7.270552695161916, 46.782383765308886], [7.270489986192389, 46.78249958736452], [7.270390943892862, 46.78256774282665], [7.2703664758907, 46.78261146020698], [7.270379599814963, 46.78266483165543], [7.270403076823999, 46.7826739427991], [7.270458227986772, 46.782650573328816], [7.2705246970980335, 46.782646857708606], [7.270546893759555, 46.78270927380402], [7.270498221235866, 46.782742025941225], [7.270366949825154, 46.78275232899644], [7.270297855736157, 46.78274121611635], [7.2702236476744995, 46.78271565801471], [7.2701614217356045, 46.782710869966174], [7.270072428072481, 46.782719031638074], [7.270083652205391, 46.78281834863828], [7.270050033751878, 46.78294835444052], [7.26999535047251, 46.78308078469577], [7.2699814943963315, 46.7831311204421], [7.269990902727437, 46.783174969119884], [7.27001097626745, 46.78320868679265], [7.269984009212831, 46.783243225074884], [7.269912843958385, 46.78325340107087], [7.26979299611026, 46.78330753717913], [7.269682624080576, 46.78330509703286], [7.269603162234064, 46.78328020535002], [7.2695098015780815, 46.78331489649242], [7.269388936480472, 46.78330950790892], [7.269356771877079, 46.7832937989321], [7.269353282222588, 46.78323783339044], [7.2692999462366945, 46.78318783808545], [7.2691833757265245, 46.78303789033825], [7.269058852663511, 46.78300514986324], [7.268967722777477, 46.782997088646276], [7.268925432422443, 46.78300727116205], [7.268810312839651, 46.782994928290485], [7.26861977352215, 46.78298816617914], [7.268392638795247, 46.7829920534896], [7.268348406776739, 46.78300333032655], [7.268259249672574, 46.78303379890518], [7.268210325377937, 46.78305873272372], [7.268133957601543, 46.78314820337654], [7.267983557360933, 46.78327622500667], [7.267932840061467, 46.78331303891272], [7.267891814566341, 46.7833535285378], [7.267859753621634, 46.78340811851652], [7.267870746976406, 46.7834923411189], [7.267904806216415, 46.78354623893181], [7.26790697738784, 46.78362512301871], [7.2678534459528334, 46.78369015133512], [7.267842796958044, 46.78374430565503], [7.2678782089794645, 46.78375592703967], [7.267968670364462, 46.78373987134743], [7.268029587127904, 46.783753042170794], [7.268050160399883, 46.78378577140315], [7.268028361746623, 46.78384996600772], [7.267998982378368, 46.78389719268305], [7.2679529579946625, 46.78394876613324], [7.267896532224948, 46.78394808769107], [7.267812499870112, 46.78398477032579], [7.2677488880810674, 46.7839912232885], [7.267725733285253, 46.78396316770693], [7.267723590812189, 46.783891785848795], [7.267705391086732, 46.78385398677746], [7.2676445782979, 46.783824587949475], [7.267597594345175, 46.78383210930978], [7.267532523285509, 46.78393463083429], [7.267535057057002, 46.78394903631896], [7.267578270467692, 46.78399051658435], [7.267557918914323, 46.78401959495099], [7.267488739288608, 46.78404310354513], [7.2674189414351495, 46.78405519613392], [7.267400798491438, 46.784065180569236], [7.267386520037309, 46.78410347067607], [7.2672569160579235, 46.78415619495937], [7.267150627732442, 46.784133446903226], [7.267054961048747, 46.78413083783738], [7.266993701317121, 46.784114274601144], [7.266974628938008, 46.78409962820739], [7.267020500845768, 46.78403867231845], [7.267000795735412, 46.784025320279184], [7.266917803545256, 46.78400690683542], [7.2667913063055165, 46.78399329414698], [7.266608117299452, 46.78396396140788], [7.266575275321923, 46.78393502731394], [7.266558232764786, 46.78385521214661], [7.26653021765502, 46.783791257078185], [7.266516696627481, 46.783781098759675], [7.266429988340831, 46.7837823345076], [7.2663521868540215, 46.78381146052641], [7.266265214589356, 46.783837748031914], [7.266248416697158, 46.783836679072905], [7.266119436607768, 46.783805386063854], [7.266085294775103, 46.783810146704], [7.26604868460148, 46.78383312818735], [7.265988434090996, 46.783885578885226], [7.265963343734747, 46.783893582605515], [7.265843372931637, 46.78389080041083], [7.265820417883141, 46.78391073526743], [7.26585752388503, 46.78394514516668], [7.265826895203637, 46.78399746083308], [7.265786135389238, 46.78402395322871], [7.265608576136116, 46.784051910317054], [7.265414148513854, 46.78407215927141], [7.2653502803973735, 46.784084844256206], [7.2653268778913604, 46.78410134211892], [7.265334479428011, 46.78412775525097], [7.265462922657712, 46.784167243206674], [7.265488858456356, 46.78420563922271], [7.265433404407505, 46.78425263664923], [7.265372130064189, 46.78424881912569], [7.2652921967624895, 46.78425243919102], [7.265282911238558, 46.78426886856242], [7.265301053337165, 46.78431994516215], [7.265389748424396, 46.78441323707442], [7.265393312992252, 46.78444483445934], [7.265280360817873, 46.78446612509531], [7.265240804450055, 46.78448878705515], [7.265179673339816, 46.78454577856873], [7.265145774319428, 46.78464116812683], [7.265159695099541, 46.784677494904564], [7.265158759249453, 46.784780436964], [7.265104542529599, 46.78478883683361], [7.265022114602272, 46.78476993727878], [7.264982914989984, 46.78477133458928], [7.264946786904799, 46.78480687421683], [7.264907032427936, 46.78488645876375], [7.264908905050183, 46.784979330278404], [7.264941345619044, 46.78503907347712], [7.265002614890876, 46.78510129854987], [7.265039268778721, 46.78517428939111], [7.265080896768584, 46.78521568696895], [7.265102847352988, 46.785259474250196], [7.2650739676472815, 46.785325276576025], [7.26502981865885, 46.78534649218661], [7.265009906321604, 46.785340515741815], [7.264929946766666, 46.785279026634555], [7.2648743959731314, 46.785258459003565], [7.264834280940986, 46.785267429031435], [7.26480120785467, 46.78530571682213], [7.264794002989684, 46.78535482076751], [7.264842156019925, 46.78540726575694], [7.264884471422118, 46.78541440095229], [7.264929977173203, 46.78546345962631], [7.2650650230014255, 46.78547482944599], [7.26508503877787, 46.785481228806375], [7.265097047994004, 46.785505354879426], [7.26508071330174, 46.78554306576254], [7.265120533266, 46.785617149901285], [7.265155237990772, 46.78564111263663], [7.265192217062016, 46.785727111360856], [7.265191182403559, 46.78574735845796], [7.265174816078693, 46.78579077231425], [7.26516228681733, 46.78580993143163], [7.265008170337459, 46.785944653926876], [7.264971621786248, 46.785992498618995], [7.264894638296111, 46.78603872521793], [7.26484007910707, 46.78608363674963], [7.264818059480252, 46.78609337204714], [7.26475760382077, 46.78615540178268], [7.2646859327118944, 46.786327950181004], [7.264710644825915, 46.78644485628972], [7.264674321942677, 46.78653595126704], [7.2646423295593525, 46.78657992576983], [7.264640490076115, 46.78659388385719], [7.264685121843544, 46.78664614361564], [7.26480020525763, 46.78672021733771], [7.264807283631846, 46.78674244695056], [7.264767425858421, 46.78679278696321], [7.2647656190920245, 46.786812798959645], [7.264788479633184, 46.786846710818956], [7.264984447943975, 46.78692390333742], [7.26507665674908, 46.78702117683242], [7.265105851055056, 46.78706065732621], [7.265147547658902, 46.78714198562332], [7.265265667503173, 46.78730613441738], [7.265228982246731, 46.78742838019505], [7.265180560041371, 46.7875230548644], [7.265123811329807, 46.78758050299035], [7.265025927670628, 46.78758921368827], [7.264942761616251, 46.78758257369787], [7.264901278171696, 46.7875888606164], [7.264826539867145, 46.78758012857295], [7.264741643435749, 46.78758208541836], [7.264577883242874, 46.787627755949465], [7.264342837947802, 46.78779469197942], [7.264266480591301, 46.78787290679627], [7.26420712011274, 46.78798389998139], [7.264104230731695, 46.788093719698324], [7.264009698161279, 46.78816286601693], [7.26390264017351, 46.788205429473], [7.263655485668215, 46.788249162299856], [7.263594199024801, 46.78826776927451], [7.263601268488896, 46.78829661946059], [7.263596510131221, 46.78838611650087], [7.2635673353599515, 46.78854114360414], [7.263527783313806, 46.788617417579566], [7.263539917775842, 46.78867532167749], [7.263659309296742, 46.78870234821639], [7.263696041437474, 46.78876759443958], [7.263729781053808, 46.7889070662681], [7.263719743902174, 46.78892869374805], [7.263682126226834, 46.788994140365155], [7.26362356693346, 46.78901954324265], [7.26348180528514, 46.789212905718], [7.2634067512257054, 46.78932408108562], [7.263359079662616, 46.789359971136015], [7.263305471589269, 46.7893689737417], [7.263195476361405, 46.789403732990024], [7.26314009691871, 46.78946968273066], [7.263220892573862, 46.78950507857698], [7.263320732963693, 46.78962792128004], [7.263312533165606, 46.789712294483216], [7.26326502818244, 46.789785182879335], [7.263145870430634, 46.78979811417668], [7.262881133794535, 46.78996102520973], [7.262771166442833, 46.790054650062444], [7.262660367197932, 46.79020601498744], [7.262613579432731, 46.79025155819495], [7.26251529657998, 46.79031240374871], [7.262476428564995, 46.79032324597013], [7.262396171768247, 46.7904143796995], [7.262357421849738, 46.79050867240329], [7.2623560198852, 46.79055262179515], [7.262364240353277, 46.79064947010445], [7.262348109913714, 46.790731501260474], [7.262308677890565, 46.79077030912254], [7.262226618270266, 46.79078425048268], [7.262149235169569, 46.790746232516426], [7.262049615605244, 46.79065589854009], [7.261954844247641, 46.79062453702401], [7.2618548249761625, 46.7906435774951], [7.26173596930754, 46.79072296579926], [7.261701717841246, 46.790791178553626], [7.261582362152361, 46.79082752287921], [7.261482735827772, 46.79079097205093], [7.261362291858573, 46.790768250423746], [7.261173415980609, 46.79076925967635], [7.2611592648765955, 46.79089762898591], [7.261189410872998, 46.79101332108284], [7.261271526170789, 46.7910776585325], [7.261298946173782, 46.79113861828791], [7.26129232953295, 46.79115918047065], [7.261186597405849, 46.79127743982318], [7.26085824991129, 46.791518551803236], [7.260824622140633, 46.79151677203712], [7.2606694202650885, 46.79147332392544], [7.260641080722285, 46.791437037175136], [7.260618315280903, 46.79135107726162], [7.260535013955797, 46.79131657509234], [7.260411741151057, 46.791313269191214], [7.260376349321989, 46.79134573205835], [7.260411077927165, 46.79146926643143], [7.260371959582481, 46.791570673269554], [7.260172230120889, 46.7917032576174], [7.260056895981819, 46.7917188272243], [7.259982423498401, 46.79169174181128], [7.259883535764823, 46.791673100536244], [7.25974294414727, 46.791698264044214], [7.259689369034463, 46.79174356146612], [7.259527680284143, 46.79177180397966], [7.259439195615304, 46.79175987139738], [7.259023372535107, 46.79159496703254], [7.258988745231522, 46.79159051347451], [7.2589195717481845, 46.791612091941424], [7.25890524292806, 46.7918346966127], [7.2587175738974805, 46.79204457716527], [7.258653220652172, 46.792065911633735], [7.258629182004094, 46.79203223931353], [7.258378584813575, 46.791827537755886], [7.258194629890385, 46.791774064679906], [7.258140827142966, 46.79177379027784], [7.258016657837167, 46.7917991487339], [7.257861522018958, 46.791887911462716], [7.257411658687784, 46.79206882061146], [7.2572255547239255, 46.792201349695304], [7.257102157197431, 46.79220341943413], [7.256909739696465, 46.792131121329376], [7.2566379801414245, 46.792135525431476], [7.256513197805465, 46.79220591231788], [7.2563108461573345, 46.79240891980597], [7.256192733781558, 46.792470330687664], [7.256118931915204, 46.792396602630404], [7.256114595158603, 46.79233939389374], [7.2559551661946955, 46.792176284510816], [7.255856666201311, 46.79209789287265], [7.255764585156569, 46.79205375704709], [7.255596969895804, 46.79201019208291], [7.2553608914278325, 46.79196769476516], [7.25530291323244, 46.79198191288387], [7.255258345672849, 46.79201175075872], [7.255274258055203, 46.79204643569317], [7.255316542877967, 46.79206749930676], [7.255371003610195, 46.7921052149275], [7.255383430886234, 46.792197698670044], [7.255355239495867, 46.792341031018914], [7.255286299589682, 46.79241227126662], [7.255207810179736, 46.79242270518259], [7.255129207968336, 46.7923895740083], [7.25487344347047, 46.79230868743913], [7.254780397891928, 46.79231675868714], [7.254535932185592, 46.7924012432709], [7.254455961970872, 46.79240423498879], [7.254391435790717, 46.79237233154431], [7.2544080446635135, 46.79232627514373], [7.254353119259927, 46.79220669080028], [7.254328171899589, 46.792015407818376], [7.2542692109770055, 46.79196877892978], [7.254073601099797, 46.7919918942105], [7.253817177572507, 46.79206127250438], [7.253685627461567, 46.79211823318642], [7.253570490076375, 46.79213670207868], [7.2534013284280565, 46.792196110856274], [7.253249448013495, 46.792185635317715], [7.25315551120772, 46.7921446606483], [7.253123049762727, 46.79209725576373], [7.253172991680883, 46.79202869339126], [7.253169334443966, 46.79198796518779], [7.25312742307604, 46.79195386701687], [7.253064692694448, 46.791937051074136], [7.252987111933374, 46.79193856142521], [7.252717432951034, 46.791977709113965], [7.252672235108421, 46.79198117032628], [7.252599431643603, 46.792013758359666], [7.252652842745002, 46.79211559292183], [7.252642925587187, 46.792146475913455], [7.252542589881636, 46.792258610201245], [7.252453783243729, 46.792237775205024], [7.252384665048737, 46.792155803621355], [7.252412963454789, 46.792089418840625], [7.252404418288939, 46.792060934469205], [7.252329259462941, 46.79192708525717], [7.252296634694656, 46.79190429131845], [7.252197979790308, 46.79185702937201], [7.252097183088451, 46.79183816244514], [7.251921800188887, 46.79191990330399], [7.251918946821962, 46.79196447089079], [7.251977578129193, 46.79205254256206], [7.2518760597568015, 46.7920903183168], [7.251840415078706, 46.7920847455613], [7.251788304993813, 46.79204213828836], [7.25166437061897, 46.79204795232075], [7.25135799929312, 46.792096022678294], [7.251314727077131, 46.792084356243535], [7.251292242938781, 46.79205323099672], [7.251337508091999, 46.792015569867246], [7.251432868051306, 46.79195613247586], [7.251605208726886, 46.791669282698486], [7.2516150284553476, 46.7916139230916], [7.251563906805871, 46.791491015524784], [7.251467724466244, 46.7914487135206], [7.251382806548759, 46.79145495134976], [7.251156185385542, 46.7913875525245], [7.250991721923695, 46.79136566497941], [7.250864149382307, 46.791397225914494], [7.250392577342277, 46.79149991950649], [7.250118480075856, 46.791614876054936], [7.2500348432413455, 46.79169610979774], [7.249419909901952, 46.79184899834686], [7.24927408966322, 46.791814158978866], [7.249291892144213, 46.79179470456227], [7.249269757070711, 46.79176154662044], [7.249180853499517, 46.79169461633454], [7.249077068174753, 46.79163238378687], [7.2489972766182, 46.79159623293542], [7.248833385944934, 46.7915384155196], [7.2485776773388295, 46.791393872358334], [7.248525619906517, 46.79137060402657], [7.248415948352043, 46.79137675321172], [7.248340568758498, 46.79144460532189], [7.2483576731937935, 46.79147795301962], [7.248390711975914, 46.791479483494925], [7.248462264567667, 46.79152308721612], [7.248413939385554, 46.79157001627023], [7.248336658366892, 46.791616321186396], [7.248286909093208, 46.79167326869634], [7.248171902190357, 46.79177267308201], [7.24806165087216, 46.791823762112756], [7.247999177838849, 46.7918234232899], [7.247972551347163, 46.791812278215566], [7.247945754452903, 46.79172757737938], [7.247911978236658, 46.79170870224026], [7.2478312231356155, 46.791707936946004], [7.247785198212081, 46.79171559568687], [7.247712256004022, 46.791756995944155], [7.247671474353985, 46.79175606382484], [7.24763500882414, 46.79174214070752], [7.2476008078444725, 46.79169182583826], [7.247462767720098, 46.79160593923266], [7.247209342167626, 46.79148679970278], [7.247146186366658, 46.79147240851408], [7.24708140775816, 46.79147233526863], [7.247045810428814, 46.79151607411634], [7.246988373134112, 46.79151040003396], [7.246853492246248, 46.79137653635713], [7.246809166681095, 46.791352227888], [7.24670721233165, 46.791335549017575], [7.2465964839882275, 46.791355106679845], [7.246525706855498, 46.79136238122591], [7.246460221853608, 46.79138036924422], [7.246351967605836, 46.7913856462068], [7.246285914896076, 46.791375675376855], [7.246255663702538, 46.79135650890879], [7.246243696054876, 46.79126807269958], [7.246271774184729, 46.79127233911294], [7.2462946751778725, 46.79126671985879], [7.246327855116852, 46.79122887829736], [7.2464197387472975, 46.79106625268643], [7.246430245190846, 46.791014420877104], [7.246441066700839, 46.790987938679336], [7.2464230537252625, 46.79097457699986], [7.246387181085866, 46.790963532879154], [7.246340962159753, 46.79098521450462], [7.24630086722034, 46.79101206991979], [7.246232109671547, 46.791036960706776], [7.246144665163839, 46.791053813898266], [7.246047859095262, 46.791029803168264], [7.245963670682758, 46.79098976567508], [7.2457909655876485, 46.790958816007034], [7.245740129269365, 46.790953332410275], [7.2456464654026975, 46.79095513427404], [7.245619768509501, 46.79096743061462], [7.245482512169613, 46.79098160795704], [7.245414457789296, 46.790934895968576], [7.245315958745614, 46.79083570681123], [7.245283034799539, 46.790787948116076], [7.24524580856323, 46.790680272468144], [7.245175034660186, 46.79057077677492], [7.245111528422128, 46.790523298647756], [7.245041132986543, 46.79049404252252], [7.244857741839264, 46.79052498887765], [7.244715634023214, 46.79053735799803], [7.2446746875937675, 46.79055328198636], [7.244683397884532, 46.790596465747235], [7.244748718574537, 46.79066363821587], [7.244757388786333, 46.79083735425472], [7.244714875151238, 46.7908881777721], [7.2445991140342345, 46.79089430384675], [7.244258020095311, 46.790827505394134], [7.24408607086091, 46.79077999401461], [7.24391812423221, 46.79070153605608], [7.243892491554434, 46.790673192533276], [7.243886587590579, 46.790593186421226], [7.243843154549715, 46.790507610387756], [7.243798360146266, 46.790472307398865], [7.2437286231928475, 46.79047108135099], [7.243363905477703, 46.790555389581236], [7.2432932285233225, 46.79054253957517], [7.243203083806456, 46.790480963846164], [7.2431652852847535, 46.79043444642208], [7.2431655862618625, 46.79036987780173], [7.243304098906385, 46.79016526334163], [7.243462121878017, 46.79002617783349], [7.243465760011623, 46.78996941403673], [7.243259257008956, 46.78987377074384], [7.243072981993039, 46.78995592901992], [7.242893341185694, 46.79000371807184], [7.242765754168738, 46.790013734927285], [7.242641830991383, 46.79001389901192], [7.242450510388194, 46.79007869551008], [7.242370932706576, 46.79017194847696], [7.242288565421428, 46.79031157689569], [7.242226117807748, 46.79033341787073], [7.242144169983694, 46.790301306328224], [7.242080112281647, 46.790233612937776], [7.242048189479498, 46.79010303417435], [7.241974918551539, 46.790051372553975], [7.241873463496795, 46.79004248034346], [7.241833658733785, 46.7900433918881], [7.241249384375073, 46.79013132491516], [7.241159879177152, 46.79016357080457], [7.241026910833746, 46.79024759072351], [7.240595436769012, 46.79033504843213], [7.240545718839364, 46.7903001495801], [7.240542269296521, 46.7901845251389], [7.240471131413328, 46.78996369853997], [7.240336029617527, 46.78987725956178], [7.240040472695669, 46.78990214629927], [7.240007417390487, 46.789898310450006], [7.239945632488936, 46.78991434916031], [7.239633381476473, 46.79005082081693], [7.239411662384098, 46.79009363721772], [7.239209062620092, 46.79015454058896], [7.239029744662592, 46.7901954246733], [7.2382357186237725, 46.790282838810064], [7.237951805535724, 46.790299698786654], [7.2377805358845055, 46.79034187241737], [7.237524245108217, 46.790337461094786], [7.237246163050017, 46.7902905062418], [7.237123167132456, 46.79028073502278], [7.23695122924983, 46.790239302843], [7.2364281430312065, 46.790133801292534], [7.23580786207926, 46.7900572509414], [7.235532365224315, 46.78996149727143], [7.2352665962817495, 46.78985645010649], [7.234565255890403, 46.78971665397894], [7.234477687806552, 46.789662389207145], [7.23437120633649, 46.78962578435302], [7.234263165942034, 46.789606492744426], [7.234123558113275, 46.78959862236261], [7.233990662565157, 46.789606164132536], [7.233873012781291, 46.78962710936969], [7.233768687145951, 46.78966050117708], [7.233602267798624, 46.78972857517923], [7.23327288892654, 46.78985013818192], [7.233147598204848, 46.789868873924554], [7.232863011349661, 46.789870328828364], [7.232801017619376, 46.78986176084978], [7.232762575232283, 46.78984894468741], [7.232718993489098, 46.789823894384035], [7.232702813550455, 46.78977756565083], [7.232696435805124, 46.78971609736455], [7.232586880257991, 46.78962090711646], [7.2324711673126325, 46.78953990920058], [7.2323486585092756, 46.78950972309005], [7.23209415198127, 46.78954983919548], [7.231971558381225, 46.78956205682409], [7.231703210870889, 46.78962178383822], [7.231598598796089, 46.7896815026573], [7.231515470243171, 46.78971622641033], [7.231374696181609, 46.789742425249386], [7.231277452443751, 46.789745792026984], [7.231084153976365, 46.789716033091445], [7.231015373802142, 46.78970141582677], [7.230814763935548, 46.78964558333829], [7.230700242451339, 46.78963288812111], [7.230637974693855, 46.78963773069515], [7.23039180301864, 46.789713057211415], [7.230303751707003, 46.78973366624797], [7.230009818376982, 46.78989560213614], [7.229871782142675, 46.78995160597236], [7.229768253679108, 46.78996784135823], [7.229547239511795, 46.78994552212811], [7.229462542163196, 46.7899152673727], [7.229443498858392, 46.78989860877084], [7.229371301578907, 46.78987367544723], [7.22928783141176, 46.78985793265351], [7.2292303660235975, 46.78986037243555], [7.229070692665696, 46.78988968202508], [7.228955877818685, 46.78994191346563], [7.228835033239226, 46.790022190431], [7.228672488732934, 46.790192488260665], [7.228604397092165, 46.79023613413324], [7.2285442687235895, 46.79028635235867], [7.2285227067213995, 46.79035430885469], [7.228446454870621, 46.79043482078548], [7.228380973844103, 46.79049395255235], [7.228280781117433, 46.79056421921313], [7.228194016352828, 46.79060350346406], [7.2279322934226835, 46.79063813658525], [7.227784546487553, 46.79062797654274], [7.227572334254092, 46.790511829506485], [7.227522275890629, 46.790492288408586], [7.227474391224033, 46.79039638017759], [7.227434854962285, 46.79036557836632], [7.227352663866496, 46.79026449690695], [7.2273379762213965, 46.79017964290353], [7.227268240911929, 46.790128320097196], [7.22718438798199, 46.790126652837614], [7.227109342225817, 46.790159967129654], [7.2270862324569745, 46.79018160305292], [7.227092806688565, 46.79020163013952], [7.227023185409906, 46.79028407847534], [7.226925759956828, 46.79036628598484], [7.226862816891689, 46.790472134732596], [7.22685592288929, 46.7905529637333], [7.226931152447749, 46.79065902510445], [7.226937315185969, 46.79066053883839], [7.226924048079231, 46.79076988921255], [7.226895584777662, 46.790863586423995], [7.226805296991315, 46.79107813884131], [7.226763861412537, 46.79124950529911], [7.226769003460537, 46.79132702842874], [7.226783819540279, 46.791422335501956], [7.226829412241895, 46.79164741387463], [7.226801135356471, 46.7917633840815], [7.226721474228759, 46.79191000481526], [7.226667766433638, 46.79196851881724], [7.226630562329272, 46.79198369667391], [7.226559910768561, 46.79199804742567], [7.226497848941215, 46.7920162462611], [7.2264240358768825, 46.79202854911119], [7.226104279570775, 46.792027825584896], [7.225975200943942, 46.792012336847705], [7.225797042587866, 46.791981355877205], [7.225736198540383, 46.79195999476063], [7.225688926342883, 46.79193787636046], [7.225589250182509, 46.79186013105176], [7.225545951985569, 46.791797181162664], [7.2254618821550975, 46.791744067698566], [7.225405497456704, 46.79174100253958], [7.22537769872831, 46.79175246457723], [7.225338130580382, 46.79180871959818], [7.225358398803071, 46.791895814668344], [7.225363306039712, 46.791995664109585], [7.225337498606862, 46.792029996160835], [7.225279322851328, 46.792065472664554], [7.225200773542925, 46.79206655751974], [7.225155147214212, 46.7920587447819], [7.2250972621794745, 46.79205412039373], [7.225058900666888, 46.79206051599009], [7.225028767314469, 46.79206944577986], [7.224986307014846, 46.79210852298203], [7.22497406191448, 46.792164136565226], [7.225013165746611, 46.79244803340401], [7.2251494794667686, 46.79266957682447], [7.225153418369301, 46.79268689142602], [7.22518770788699, 46.79275263137107], [7.225173498317154, 46.79281809128938], [7.225112457486405, 46.792974191017706], [7.225101473686702, 46.79307155475746], [7.225063963482486, 46.793252022311066], [7.225001004169634, 46.79339305107144], [7.2249489931812, 46.79345877276699], [7.224830357758359, 46.79354322347262], [7.224777879275028, 46.7935717301525], [7.224618835397233, 46.79369260802654], [7.224562955390903, 46.793739764765384], [7.224383028483954, 46.793871505403374], [7.224245753936826, 46.793936085490586], [7.224052889415883, 46.79399471344295], [7.223885772538385, 46.79402449643999], [7.223772464977514, 46.794020738112295], [7.223674553923709, 46.793982691276774], [7.22362007677387, 46.79390841217258], [7.223517450118382, 46.793818272569034], [7.223481609905083, 46.7938031104398], [7.223408421082973, 46.793812470993466], [7.2232709122388234, 46.79385362548829], [7.223291719271502, 46.793861472843034], [7.223261010510931, 46.79390571708613], [7.223285088982204, 46.794025176779826], [7.2233257981368855, 46.794148841927075], [7.22333653289165, 46.79423174603534], [7.223375680161588, 46.79430409836881], [7.223449518999699, 46.79437769479347], [7.223488670028717, 46.79444917453707], [7.223526479297015, 46.79456127495874], [7.223544497997568, 46.79464391396999], [7.223538281808517, 46.7946915509774], [7.223525608072377, 46.794735973381094], [7.223494808403839, 46.79478319490151], [7.223403994638438, 46.79483338829321], [7.223355091493514, 46.79483214423802], [7.223208805231804, 46.79478178955908], [7.22307430046871, 46.79476900389417], [7.222956226435929, 46.79477109180832], [7.222830944116658, 46.79479049086088], [7.2226902242110835, 46.79484765928376], [7.222546395318487, 46.79497742366478], [7.222524359842558, 46.79500777726479], [7.2225056631066, 46.79501894999536], [7.2224716730227465, 46.79501582688997], [7.222465376715179, 46.795047361923466], [7.222409661668368, 46.79502030559426], [7.22226810812401, 46.79492355141869], [7.222094763598046, 46.794856583168254], [7.222044015514699, 46.79490025813541], [7.222032594829229, 46.79491625718475], [7.222046464602066, 46.79494246931887], [7.222044441161859, 46.79500562221619], [7.222086586839687, 46.79509090705728], [7.222075981852075, 46.79511897954544], [7.221913012213424, 46.79523954930555], [7.221832682988551, 46.795277986452575], [7.221692935481645, 46.79530791742911], [7.221662509719328, 46.79531083683369], [7.2214403207307045, 46.795308775291765], [7.221258659591489, 46.79531588519614], [7.2211995358146215, 46.79533169398216], [7.221092456258566, 46.79538060408681], [7.221053488131469, 46.79542925762802], [7.221112861633802, 46.795723143430344], [7.221118801062338, 46.79581207448043], [7.221072100606588, 46.79586172974392], [7.221025748057718, 46.79589342182553], [7.221000893548194, 46.79591773382005], [7.2207731401692, 46.79602727542668], [7.220695669014372, 46.79603235323565], [7.220640058568678, 46.79602143413187], [7.220564521862772, 46.79599853076884], [7.2204733135215395, 46.79596422693431], [7.220414943385361, 46.79592654073446], [7.220328950884454, 46.79588521250727], [7.220257684579974, 46.795926598310146], [7.2202250796600005, 46.79596593541487], [7.22013802496939, 46.79603742560583], [7.22011090757857, 46.796073724042984], [7.22011256472778, 46.79610739697434], [7.220070243302123, 46.79617496081371], [7.220070069835418, 46.796278542646114], [7.220097203868122, 46.796373163632914], [7.220193781844717, 46.79658128717905], [7.220341454887036, 46.79675478654671], [7.220372401459689, 46.796804329756476], [7.220438729455769, 46.79695308830111], [7.220430298126174, 46.797038942266404], [7.220401186300446, 46.797108178089374], [7.22031998697376, 46.79718885498763], [7.220099131948864, 46.79734927752246], [7.21991114394798, 46.797643614535225], [7.219860483159034, 46.79776433449475], [7.219803243222267, 46.797821668939136], [7.219779986549326, 46.797823216322996], [7.219751487642627, 46.79785110121366], [7.219713184799171, 46.79786762397879], [7.219593709470341, 46.797986528986215], [7.219507124431546, 46.798089521503286], [7.21946479506557, 46.79816811370939], [7.219319617137499, 46.79832898652356], [7.219249541851293, 46.79836324973526], [7.219182437308724, 46.79836616065847], [7.219027683658624, 46.79835094751239], [7.218961299363443, 46.79833153309892], [7.218865951429735, 46.798322191459185], [7.218673833048977, 46.79834052110092], [7.218615819975067, 46.79836875332881], [7.218575774772883, 46.79844581165955], [7.218572466842817, 46.798479412036976], [7.218591261187582, 46.7985598314124], [7.21862043791293, 46.79858404948592], [7.21870302753205, 46.798717989062524], [7.218799199095849, 46.798849265236676], [7.218896535016121, 46.79905451286153], [7.218964306439169, 46.799132013364314], [7.219069057343371, 46.799282951821816], [7.219117472621828, 46.799375509189545], [7.219107634516428, 46.799417246887415], [7.219075542003998, 46.79946830581688], [7.21906540264749, 46.79950362920796], [7.219105085625696, 46.79961743486994], [7.219072752762772, 46.79970474476183], [7.218908829509235, 46.79986119108339], [7.218806337914468, 46.79998008321939], [7.21877550815759, 46.80006485030993], [7.2187544524216385, 46.800107618770795], [7.218685988230528, 46.80021468458321], [7.218591128575434, 46.80025476469474], [7.218553225943276, 46.80037109173959], [7.21844319483518, 46.8004753963743], [7.21839131145649, 46.8005383176812], [7.218350860394917, 46.800611632863045], [7.218300497896434, 46.800769791552455], [7.21829181013178, 46.80087881702286], [7.218291026849618, 46.80097058670572], [7.218250682058626, 46.80114857260904], [7.218216252472812, 46.801235527446856], [7.2181657982493626, 46.80132018431535], [7.218131983747366, 46.80140723030459], [7.2180806148244505, 46.80149126469109], [7.218047064556286, 46.80152995181891], [7.217959802039441, 46.80159812059952], [7.217852400463229, 46.801699209405484], [7.2177771156127815, 46.8017566248337], [7.217654038197404, 46.80186596771828], [7.2175628294810465, 46.80197276378128], [7.217515383337643, 46.802004209431786], [7.217407486385392, 46.80205987905829], [7.217374852273209, 46.802111251249315], [7.217306473103386, 46.802177414306186], [7.217210782648541, 46.80223989896923], [7.217121195523858, 46.80230579572645], [7.217078362192709, 46.80236205949681], [7.217062160385145, 46.80239625544935], [7.21705684779989, 46.802442346552624], [7.217095569371891, 46.802502997109784], [7.2170875942737975, 46.802581574469436], [7.217057664060994, 46.80265053792441], [7.216964558659775, 46.80270537240249], [7.216929994712611, 46.80275438392278], [7.216843695938427, 46.80281043693393], [7.216679110391338, 46.802901509055], [7.216624843229388, 46.80290949896518], [7.216540763274525, 46.80293576323453], [7.216210393712919, 46.80299566495651], [7.216123334315711, 46.80303583890643], [7.216111865625832, 46.80314145852171], [7.2160737128406165, 46.8032626509423], [7.216006391004825, 46.803351069952996], [7.215938674792752, 46.80346814752913], [7.215901886271371, 46.803506773718226], [7.215877973148898, 46.803577412804025], [7.215886213871339, 46.80364660365718], [7.215861571993304, 46.80376018538321], [7.215774330012843, 46.80381557906831], [7.215694888535348, 46.8038474649445], [7.215580523956343, 46.803850451871256], [7.21534991398899, 46.803833087825055], [7.215285489827423, 46.803844979129174], [7.215230207942409, 46.80386984173109], [7.215072564319236, 46.80392208302781], [7.214796016217132, 46.80399133353968], [7.214666889687767, 46.80412230418612], [7.214546337245095, 46.80419831170128], [7.214288512496727, 46.80423204879212], [7.213995815309767, 46.80428115240173], [7.213537183106518, 46.804216062965295], [7.213461237486154, 46.80415438395519], [7.213202812276514, 46.80408156674081], [7.212837160775615, 46.80401521953103], [7.212562702060754, 46.80414749129734], [7.212424803066478, 46.80419214009821], [7.21237584351871, 46.80419920303799], [7.212283786969855, 46.804224144007144], [7.212176194530671, 46.80427668772167], [7.21209754665501, 46.8043340116856], [7.212100257484401, 46.804557454072786], [7.212078788034041, 46.80470882189107], [7.212036188808728, 46.804785476787906], [7.211870959924804, 46.804808490454676], [7.211719420916168, 46.804803645424556], [7.211617957946407, 46.80483451300189], [7.211530094527894, 46.804849602740155], [7.211428307079651, 46.80487971392126], [7.211219316371964, 46.80488241746935], [7.211044139205633, 46.804924975088454], [7.210897146980818, 46.80500312071223], [7.210830923379353, 46.80512959829477], [7.210756413363734, 46.80520832072565], [7.210708906808374, 46.80535096463064], [7.210635088593073, 46.80547945094507], [7.210422805790912, 46.80559021731966], [7.2102920106647135, 46.805651258434374], [7.210156716611987, 46.805735003721715], [7.210086573426026, 46.805744685731064], [7.209965245823211, 46.80577891217847], [7.209799902468754, 46.80578792580628], [7.209709524081337, 46.805780970349524], [7.209592881228905, 46.805745842272714], [7.209473054028818, 46.80569563135848], [7.2092676963863855, 46.80563227630137], [7.209157751210416, 46.8056026484355], [7.20905769517489, 46.80559797580593], [7.208760765089774, 46.80554984419196], [7.208524823975912, 46.80555551084082], [7.208406812551654, 46.80562885431845], [7.208284573481144, 46.80567377258008], [7.208149758786762, 46.8057001348065], [7.207984819689856, 46.80571869069682], [7.207904333645357, 46.805748032314824], [7.207828291281719, 46.80581633307081], [7.20787469861764, 46.80590354781753], [7.207751144834377, 46.8060527467543], [7.207619658238303, 46.80611518664313], [7.207465387947464, 46.8061353466815], [7.207305572158742, 46.806138152061195], [7.2071596852315185, 46.80617370185086], [7.207022188559131, 46.806159362020324], [7.206878551712797, 46.806125885148234], [7.206756894281295, 46.806114527731935], [7.20666547338496, 46.806127438558086], [7.206600345083048, 46.80617078952166], [7.20659673343649, 46.80620917455691], [7.206628218866052, 46.80632023316166], [7.206710346232252, 46.806423622914096], [7.206739483461354, 46.80647793360461], [7.206734307162467, 46.80652975457749], [7.206663982639756, 46.80661728932756], [7.206547341354317, 46.80667260685473], [7.206276634872021, 46.806760631572615], [7.206104773066416, 46.80677352168534], [7.205675783285205, 46.80688171272116], [7.205513548999945, 46.80690690024417], [7.2053721921757345, 46.80695741646471], [7.205213014225331, 46.80697562940234], [7.205054769609106, 46.80702014655489], [7.204826151896515, 46.80702425541616], [7.204582907065028, 46.80703881333498], [7.204517506413233, 46.807074876175044], [7.204392615938492, 46.80709547035589], [7.204023391980257, 46.807178645269595], [7.203877176627197, 46.8071983043478], [7.203694760354529, 46.80726338721756], [7.2034875087438754, 46.807321402021486], [7.2032740089643035, 46.80737309769902], [7.20303480849585, 46.807522250032186], [7.2027129654134345, 46.80762055929925], [7.20248344584906, 46.80768007330788], [7.20226657754039, 46.80770780539135], [7.202118062060833, 46.80766039686987], [7.202006744884642, 46.80754967421337], [7.201919955073236, 46.80741787262406], [7.201794348387238, 46.807193859211544], [7.201733556562583, 46.80705810878044], [7.201659728614167, 46.806916627980286], [7.201543235783619, 46.80681856004608], [7.201354368501739, 46.806751267205], [7.201180082394582, 46.806746252794404], [7.201053247419874, 46.80680050006229], [7.20081036134358, 46.80704429872988], [7.200536171069028, 46.80726229525818], [7.200418736786069, 46.80752386974178], [7.200322733915294, 46.80762061216059], [7.200197967530425, 46.80761854257139], [7.200056621797693, 46.80751484385105], [7.200013039476243, 46.80740474750572], [7.199988839655027, 46.807269783422534], [7.199899053576178, 46.80705006193158], [7.199795200668284, 46.80690910162453], [7.199635368022613, 46.806818074063806], [7.19952154070207, 46.806766542975005], [7.199349314436302, 46.806716849907005], [7.198937474536197, 46.806587510157186], [7.19867379393344, 46.806490532337335], [7.198435350230211, 46.80639565814292], [7.198390544625619, 46.806389941348534], [7.198194156365367, 46.806414686528406], [7.198066369319077, 46.80645572273511], [7.197894158072943, 46.80649949883468], [7.197420549066978, 46.80653111247735], [7.197151623866312, 46.806438626559455], [7.196975096413576, 46.80639345439015], [7.196697296315545, 46.80629091864476], [7.196590519013113, 46.80621373566452], [7.196472613631951, 46.80615524839151], [7.196228634972517, 46.80615570913682], [7.19602843604738, 46.80614819389343], [7.195886516728437, 46.80617961788677], [7.195745038530357, 46.80621773519786], [7.195509088772059, 46.80632835138023], [7.195372589972608, 46.80639786393124], [7.195235227726804, 46.80640931815275], [7.195048607042924, 46.80640033684307], [7.194867360536527, 46.806353298249206], [7.194729301047412, 46.80625303618341], [7.1945584730578105, 46.80615936011362], [7.1944220692820675, 46.80601220814987], [7.194392309043923, 46.80591048702822], [7.194261142805363, 46.80579867108063], [7.194144682668701, 46.80576587535043], [7.194012679556962, 46.80570847963067], [7.193875781502773, 46.805681684617824], [7.193690597258329, 46.80562560447174], [7.1936536717954995, 46.80560721927863], [7.193485641618009, 46.80558158003441], [7.193388586078891, 46.80557135886058], [7.193205867571402, 46.8054947915013], [7.192992391491882, 46.8054149102773], [7.192810057565567, 46.80530891867484], [7.192573528004691, 46.80525706127709], [7.192241185877035, 46.805118648925784], [7.191987843412629, 46.80502258643995], [7.191738441750508, 46.80496424975347], [7.191431549895609, 46.80488440549127], [7.191161242977828, 46.804805791461625], [7.190862922842017, 46.80469993152959], [7.1906209796748355, 46.80459024476521], [7.190304961569722, 46.80448189806253], [7.1899939550082355, 46.804431617901045], [7.189503597617959, 46.804430796807004], [7.189068837805734, 46.804458242257546], [7.188928129386988, 46.804451951492354], [7.188826132880854, 46.80442313115461], [7.188810678415537, 46.80436037198093], [7.188759123276453, 46.804285497446216], [7.188708866243792, 46.80415422477546], [7.188645744716828, 46.804076401561524], [7.188509517111912, 46.80396628594881], [7.188325763684451, 46.80392605902619], [7.188106012364024, 46.80384345597335], [7.1880133340309404, 46.80373563055989], [7.187889301591247, 46.803427263978776], [7.187835378961099, 46.80318403480921], [7.187757673357558, 46.803101915130405], [7.187569628226118, 46.802988571657295], [7.187322713289229, 46.80286944875113], [7.187176032220818, 46.80274931452381], [7.187072346586642, 46.802673721584036], [7.186925891983342, 46.80258372219111], [7.186715945984314, 46.80249856552682], [7.186482862142107, 46.802336239361054], [7.186350925820435, 46.80232664553776], [7.186324384259032, 46.80231575617302], [7.186089175713208, 46.8022573306416], [7.185490068413226, 46.80221794822762], [7.1851494493350225, 46.80217558578485], [7.184776415173182, 46.80210970792731], [7.184564477830871, 46.80211694376119], [7.184315512112408, 46.802170117084906], [7.184012915383919, 46.80224805115583], [7.183871066699589, 46.80230940614677], [7.1836414986182975, 46.802464890338044], [7.183061177459075, 46.8027878893618], [7.1827245632109165, 46.80280636476366], [7.182592102929619, 46.80282409346873], [7.1824946922725506, 46.802848566647945], [7.182393297999658, 46.80286229919048], [7.182098270364074, 46.8028407918021], [7.181886426179763, 46.802805996309864], [7.181847090820008, 46.802848977813355], [7.181863763354386, 46.80305793542594], [7.182262697537753, 46.803976195387406], [7.18245662213159, 46.804520169963794], [7.182544747318177, 46.80474066199019], [7.181806487092041, 46.80543759220605], [7.181764744227493, 46.80548772854377], [7.181730502846375, 46.80554166886848], [7.18170635471364, 46.80559439959293], [7.181688930608292, 46.80565462974324], [7.181457013302813, 46.805708384358475], [7.181288539351568, 46.80588831649611], [7.181023064809138, 46.805798408850244], [7.180566256928956, 46.805740782897324], [7.180714298752945, 46.806227735102745], [7.180645426425361, 46.80632329006497], [7.180748570785889, 46.80633395877506], [7.180831498598817, 46.806606635745], [7.180845611389582, 46.80819768618113], [7.181184386804134, 46.8089967762961], [7.181217971169066, 46.80905301964682], [7.181163282582966, 46.80926917247434], [7.1833271153046985, 46.80931576103354], [7.183118804913567, 46.80977659546262], [7.185191422153578, 46.80990852629213], [7.185509973077379, 46.80990675275358], [7.1860410493256595, 46.809918475948066], [7.185920093823703, 46.81036886805814], [7.185843152904635, 46.8107955381459], [7.187751925844875, 46.81069188382478], [7.190332145194553, 46.81207484292477], [7.192253490565183, 46.813382515104145], [7.193783642669002, 46.813710667563434], [7.193608064499514, 46.81483795298099], [7.194188702642101, 46.81490227752068], [7.194549572957859, 46.81512343962663], [7.194849648412131, 46.8152263787092], [7.196122474782826, 46.81543807045726], [7.1961191766280646, 46.815535717527744], [7.1979272669868255, 46.81563336085706], [7.198147252689871, 46.81623562700266], [7.199552587458956, 46.81675945827885], [7.203609232084462, 46.81976523131135], [7.204165145559272, 46.81960714212326], [7.2048392763831695, 46.82052563761988], [7.206416698427971, 46.82086655549709], [7.205965276858389, 46.821301621948386], [7.2081150124321525, 46.822838480412734], [7.208881543523626, 46.82337013802671], [7.211603861215951, 46.82395115594848], [7.211693207901219, 46.82400786133014], [7.2118368675214475, 46.8240695863593], [7.212045499540022, 46.824122841140984], [7.212203307961904, 46.824133149301346], [7.21238642873267, 46.824123366896], [7.212573605121113, 46.82408415936169], [7.212593550251128, 46.8240098161505], [7.212656681194968, 46.82401213658044], [7.212961692474578, 46.824005491956584], [7.2132705591942745, 46.82398576588715], [7.213971536337198, 46.82399631079052], [7.214425288876856, 46.82401213002044], [7.214752416074344, 46.82408524164979], [7.215588916560509, 46.82435368913143], [7.216183338495445, 46.824393003294254], [7.217839178578559, 46.82466559833329], [7.220802847808546, 46.82464395549165], [7.221046325202462, 46.82462279624143], [7.22108227591011, 46.824673724857895], [7.22146830164385, 46.82484611210505], [7.221972291986342, 46.82506046106934], [7.222138377893877, 46.82516718347125], [7.222206683021216, 46.82524837074486], [7.22320802170567, 46.82527670845703], [7.225457399748962, 46.82318942156421], [7.225833643960099, 46.82284930012739], [7.22588666893803, 46.8228156216752], [7.225941353502348, 46.822793019610515], [7.226982993056025, 46.82255742198272], [7.227055686308621, 46.82253727267806], [7.228034819946687, 46.82301840063101], [7.228722785304794, 46.82334696080573], [7.22969739508875, 46.82357752625631], [7.2297655679157025, 46.82387995033822], [7.2297983996129895, 46.823919419373226], [7.229821384046989, 46.824020794593245], [7.229844685231784, 46.8240847412107], [7.2305295125682605, 46.825875132597346], [7.230512497948118, 46.82604141745397], [7.2304930309001785, 46.82608660161949], [7.2299874072145265, 46.82657640868007], [7.229909922681657, 46.82668486769529], [7.229883497905351, 46.826756386404504], [7.2321635840248675, 46.8286808573383], [7.232185162257841, 46.82882914046962], [7.2321904448092065, 46.8290602414661], [7.232221797088628, 46.829229861391376], [7.232288955660131, 46.82935204168812], [7.232331630329529, 46.82964123020832], [7.2323971444588935, 46.82991831643342], [7.23251187220162, 46.83021654122421], [7.232602474396206, 46.83051750187621], [7.2327212716313865, 46.83084532830053], [7.233004903931436, 46.83122742497606], [7.233142944984069, 46.83135747774968], [7.23335374715962, 46.831448981779644], [7.233913893023072, 46.8316015639598], [7.234211853589012, 46.83162582991308], [7.2345794694126875, 46.83156990988139], [7.2349625036384175, 46.83159174470367], [7.235453447903654, 46.831572203692986], [7.236114756572716, 46.831590826114315], [7.236774907042848, 46.83164569444407], [7.237358787354401, 46.83162424186059], [7.237190566523632, 46.83079646022624], [7.2376692034929, 46.83079228829049], [7.2383618047877265, 46.83079299969472], [7.238816815519762, 46.83078394229937], [7.238936278777215, 46.830345806943534], [7.2388870286261255, 46.82966621860099], [7.238840175701832, 46.829194679903495], [7.239372709095402, 46.82907337811633], [7.239839975494629, 46.82892608045589], [7.240191571131082, 46.828787223621255], [7.240010243732571, 46.82846614129665], [7.239968513887169, 46.82837422589459], [7.2398985134804414, 46.828158925775185], [7.239883530178338, 46.82793379987271], [7.240029068266779, 46.827620745859086], [7.240225794882177, 46.827577030749154], [7.2405059777272385, 46.82760842847558], [7.240543655494109, 46.827608997963516], [7.2409160283259935, 46.827490809339366], [7.241127734646942, 46.82740766433839], [7.241426222618622, 46.827322402696645], [7.241527992952978, 46.8273252056102], [7.241525920755436, 46.8273506324868], [7.2416916687035515, 46.82745487955331], [7.241829902188548, 46.82748566704609], [7.242013506046976, 46.82753861646776], [7.242007000990845, 46.82755766632037], [7.242100091171098, 46.82758674753578], [7.2422147516378095, 46.82761640536853], [7.242360982605674, 46.82764663037525], [7.242479890870252, 46.82760436807477], [7.242566284374153, 46.82768713090329], [7.242719825243529, 46.82761780601623], [7.242881881154141, 46.827570884772705], [7.243058518452401, 46.82748958135172], [7.2430348230558765, 46.827410561129284], [7.243079664072737, 46.827391100258154], [7.243427237386001, 46.82736141882301], [7.2434983143729665, 46.82719853513913], [7.243698031855886, 46.82670568536818], [7.243860988050804, 46.82674207207871], [7.243947994042061, 46.8267502269549], [7.2444382764568305, 46.8267409634633], [7.244437606938648, 46.82670147239083], [7.24483457412656, 46.82671074028978], [7.245293498663396, 46.82670381264529], [7.245820926460029, 46.826726171357926], [7.2465331351060716, 46.82689423240182], [7.247252724452495, 46.82711430375636], [7.247454012994184, 46.82712666010669], [7.2480197801101856, 46.82709017107512], [7.248236852889738, 46.827119670834456], [7.248578283734285, 46.82732009192464], [7.2487939959074765, 46.827415730988996], [7.249348497059235, 46.82753771461205], [7.249969568438338, 46.827659122652115], [7.250416425090054, 46.82785086998505], [7.251179549629585, 46.82779893975129], [7.251596286907533, 46.82785386711745], [7.25185258749826, 46.82790307875256], [7.252359514431145, 46.82802060649073], [7.2528255798373795, 46.82824353597152], [7.253284531852776, 46.82854987480144], [7.253833909513968, 46.828791645952485], [7.254545376901585, 46.828862468791165], [7.254585638994057, 46.8288664832102], [7.254763614929305, 46.82894511199172], [7.254918488758114, 46.829034056776216], [7.255028967512383, 46.82915099518345], [7.255176057092084, 46.82940823033063], [7.255300578259062, 46.82955460599283], [7.255265258520692, 46.82957307945892], [7.255448392423993, 46.829753992689795], [7.255512531285173, 46.829816613820434], [7.25580031645046, 46.83001866337865], [7.25607502581665, 46.830250735742155], [7.2563530292132485, 46.830578613996444], [7.2568510271800815, 46.83103564734821], [7.2572015275213575, 46.83128413826692], [7.257658526416432, 46.831454826323075], [7.258370737775618, 46.83175309475846], [7.258797301095135, 46.83193803245033], [7.25937734549747, 46.83225396741359], [7.25996075372997, 46.83237313123699], [7.260674048520269, 46.832490921581076], [7.261225717929961, 46.832692651488394], [7.26149001570964, 46.83299269046064], [7.261646065840764, 46.83320453178321], [7.261862080777344, 46.833381510089225], [7.262141296665251, 46.833591680023574], [7.26240334683468, 46.833904333245634], [7.262544950364764, 46.8341504587476], [7.262589728765073, 46.83430499640836], [7.262582704333357, 46.83448786100094], [7.2626437624407565, 46.83461458293975], [7.262864018645674, 46.83483973524708], [7.263377557752357, 46.83523107062614], [7.26340029417013, 46.83530490373725], [7.263369780432957, 46.83537654986075], [7.263123865261469, 46.83553988649339], [7.262968162391723, 46.83570573657301], [7.262717216890197, 46.83611046367159], [7.262536526824472, 46.83643167800365], [7.262504151256919, 46.83657060616147], [7.262555313778808, 46.83667782025877], [7.262854510862762, 46.83693672050231], [7.262940266117724, 46.83704829679882], [7.262993376079018, 46.83728144863479], [7.263048020041298, 46.83744668768128], [7.263335614136694, 46.83800817165734], [7.263546719319366, 46.8383511301352], [7.263567888939279, 46.83845155090674], [7.263535591993824, 46.838546851913954], [7.263333735346568, 46.83882179863347], [7.263377601121607, 46.838836618704256], [7.263308427621054, 46.838988263729206], [7.2633034488098325, 46.839147563935896], [7.2633796834437145, 46.83952575638292], [7.263476506466559, 46.839981969325386], [7.263535553969243, 46.840204874838875], [7.263620676912726, 46.84039147944535], [7.264154862398341, 46.84127949467132], [7.264634364171946, 46.84177894103424], [7.264964810119452, 46.842196110357904], [7.265260246617212, 46.842536036392964], [7.26544594497665, 46.84275868436444], [7.2655687301563985, 46.842937078158094], [7.265718752738207, 46.84312934805494], [7.265862229698403, 46.84327440015317], [7.2662769200321895, 46.84362825870805], [7.266513884095907, 46.843814911223014], [7.266787226791824, 46.84406377596892], [7.266942155620335, 46.8442369904812], [7.266956648951036, 46.84437787944244], [7.266871895473354, 46.84451978793485], [7.266832969537742, 46.84459798870087], [7.26685272182253, 46.84467706078616], [7.26692837282855, 46.84473261355175], [7.267562745811074, 46.84498759887601], [7.267824248964906, 46.84512526121896], [7.26875120001776, 46.84564477341066], [7.2688965732242234, 46.84569275587966], [7.269112961308534, 46.84573803756009], [7.269256122042855, 46.845818318549405], [7.269479481850737, 46.846229657354954], [7.269590511016727, 46.84635124165911], [7.269726595208601, 46.84640219571216], [7.270758892275857, 46.846629202800706], [7.270933678166982, 46.846655943134515], [7.271206185616677, 46.84667604474042], [7.271275196226076, 46.84670241274719], [7.271494943753962, 46.84674024672274], [7.27206119159822, 46.846825094773344], [7.272288377750148, 46.846874371292174], [7.272523140676471, 46.84697906076758], [7.27267551463828, 46.84709703247426], [7.273036034456265, 46.84757125319882], [7.273037047552312, 46.847667504833225], [7.272934409335097, 46.84778798272167], [7.272773852855582, 46.84794023754607], [7.2725597411336125, 46.84811650338064], [7.272056720257518, 46.848479898605056], [7.271981700122332, 46.84857199088249], [7.271789916098143, 46.8490241838836], [7.271638023616333, 46.84930101727312], [7.271515645958881, 46.84948883992908], [7.271227424502685, 46.849876753251856], [7.27110682179489, 46.85007888066435], [7.271626802540913, 46.850253435808476], [7.271878530630647, 46.85034177988219], [7.272145221818849, 46.85042528788482], [7.273033502914557, 46.85065030951886], [7.274173197444821, 46.85042662267934], [7.275029123212152, 46.85029715601024], [7.275716020746081, 46.850603624655115], [7.27596474805063, 46.85060362129321], [7.276513820093724, 46.85057427165908], [7.276798366350237, 46.85039297193195], [7.277118285294331, 46.85078463410773], [7.277389164448016, 46.851004595096185], [7.276827621888835, 46.85238946535571], [7.276949016817939, 46.852444680772685], [7.277497157556063, 46.85277415879382], [7.277600436563109, 46.85287171570789], [7.27781278627785, 46.85305542238509], [7.278043324222414, 46.853212878897], [7.278282509362263, 46.85333808979438], [7.27858184598097, 46.85341804830891], [7.279146760493349, 46.85350675389362], [7.279587793740912, 46.85356380849931], [7.280052310257476, 46.853586027866534], [7.280953403893089, 46.853532148717036], [7.281438905296527, 46.85352608383515], [7.281962060096854, 46.85351284576991], [7.281900720011318, 46.85376781390977], [7.283009886311447, 46.85390643710383], [7.282963407139687, 46.85420185979982], [7.283379546925358, 46.854264407195664], [7.283210137154397, 46.85455623567137], [7.282927130426708, 46.854931881105216], [7.282928911165918, 46.854946267047104], [7.283179649946345, 46.855019023047994], [7.283226880358431, 46.855024035077115], [7.283327772010137, 46.855050214579514], [7.283574049389705, 46.855051999246015], [7.283692718796059, 46.855083842789526], [7.284012618814441, 46.85520987141585], [7.284073821014749, 46.85523532152627], [7.284230599172396, 46.85525724050517], [7.284508501741239, 46.85528307475424], [7.284735895991964, 46.8553265157039], [7.284916869563995, 46.85537971628363], [7.285151580057808, 46.8554099431337], [7.285295707536019, 46.85540826693191], [7.285411428240656, 46.855426404718294], [7.285512121758281, 46.855504080296924], [7.285634352013186, 46.855497453501044], [7.28587750292104, 46.85543770092785], [7.286161797158401, 46.85532423820533], [7.286602464368288, 46.85528280279492], [7.286672986334157, 46.85528224052817], [7.286889408621734, 46.85523271380242], [7.2869453262329635, 46.855230989452984], [7.287119968129522, 46.85530735006997], [7.2872189735611705, 46.85532906201603], [7.28732204385076, 46.855475841085045], [7.287388655436539, 46.855527302076595], [7.287552043600407, 46.85559599205376], [7.2878220335101425, 46.85568077211408], [7.288026427548268, 46.85569327703603], [7.288123941263538, 46.855681640477435], [7.28818148730097, 46.85560002122704], [7.2882247492076475, 46.85552450879228], [7.288260829914427, 46.85538208867969], [7.288265910957529, 46.855286601036305], [7.288298052308963, 46.8552113167939], [7.288271529756823, 46.85516311172502], [7.288255408948221, 46.85499255700486], [7.2882367852014855, 46.85488205174303], [7.28820847267787, 46.854803682989086], [7.288184661610156, 46.854710010152544], [7.288239592227032, 46.85462546390615], [7.2882476151569815, 46.85456558364734], [7.288312660746991, 46.854395172328104], [7.288327773055302, 46.854215636674446], [7.2883084186465545, 46.8541225364299], [7.288207922335122, 46.8539417053022], [7.288154661203146, 46.85388063749142], [7.2879545777942685, 46.85377411949707], [7.287794255387777, 46.85371279247572], [7.2876849113174655, 46.85362925154397], [7.287625548604683, 46.853528263064405], [7.287620606662622, 46.85339319168631], [7.287584847065121, 46.85329661531628], [7.2875963962622885, 46.8531676647177], [7.2875721006594745, 46.853097594789524], [7.2875589653611605, 46.852938755789], [7.287516410715022, 46.85287582182729], [7.287457592929719, 46.85272632229963], [7.287358641035537, 46.852599374448985], [7.287226389393394, 46.85248012711577], [7.2871669699403725, 46.85239992656491], [7.287154343910989, 46.8523487353322], [7.287156240045979, 46.85232277733815], [7.287020634607093, 46.85219828096685], [7.286980766127952, 46.85215489725802], [7.286973326497843, 46.852128989809344], [7.286924491514567, 46.85209413965396], [7.28672217629764, 46.851913369058636], [7.286664720705288, 46.85183465498659], [7.2866228646619255, 46.851817220033595], [7.286607119967669, 46.85177018041275], [7.286543481327028, 46.851717220687206], [7.286403945024221, 46.851657268795734], [7.286341827428802, 46.85160901560223], [7.286338987907976, 46.8515885833769], [7.28626049222016, 46.85147185361181], [7.2862487793388055, 46.851427275036954], [7.286075580259639, 46.85128669742563], [7.286045784986302, 46.85125640608612], [7.285878670905634, 46.851129581270385], [7.285780076982989, 46.8510723462622], [7.285635563773909, 46.850965530049706], [7.285583898873647, 46.85093974281038], [7.285417061619764, 46.85089546785422], [7.285267180463993, 46.850841203750825], [7.285215058395874, 46.85078749418546], [7.285194158801897, 46.8507097103161], [7.285171439206992, 46.85067217809681], [7.285165309818759, 46.85061955612782], [7.285136964129327, 46.85050484535757], [7.285116882967165, 46.850393258113506], [7.284970318834954, 46.85024385441643], [7.284947572249307, 46.850170223831114], [7.2849599619167655, 46.85006557996148], [7.284902673859368, 46.84993935203032], [7.284693487130833, 46.84975955780663], [7.284625198824709, 46.84972004775151], [7.284493659911403, 46.849671924240354], [7.2844579351381045, 46.84967517704948], [7.284387301552589, 46.84965334841875], [7.284234120045672, 46.84957211945581], [7.28412319439136, 46.849459940695084], [7.283909263701292, 46.84926731128017], [7.283886460720384, 46.84923646223002], [7.283771044647719, 46.84915868427342], [7.283714097028841, 46.84913794435741], [7.2833965651691255, 46.84916631403068], [7.283324825548478, 46.84915551153933], [7.283264343587194, 46.84912835286086], [7.2830535262105744, 46.849092847481835], [7.283010036661505, 46.84909720461921], [7.282777059522044, 46.849053464830135], [7.282708031756981, 46.84900752987198], [7.282613215448699, 46.84897471066757], [7.282600922660055, 46.84894587277343], [7.2825810316538595, 46.84893284719392], [7.282519744178358, 46.84892135697403], [7.2824181684059495, 46.848913499239785], [7.282377896339202, 46.848902640468154], [7.282236431979651, 46.8488873426067], [7.282145881244195, 46.848889007984376], [7.2819817879059805, 46.84885108246852], [7.281861076521541, 46.84881423308885], [7.281829680996163, 46.84881228275815], [7.281754088294225, 46.84876545664725], [7.281679578468947, 46.84873835873728], [7.281609768351674, 46.848727144106576], [7.281555349743062, 46.84869838266653], [7.281496965277601, 46.84867627238257], [7.281366705919929, 46.848676362065554], [7.281313486432717, 46.84866346101807], [7.281274928686219, 46.84864494024047], [7.281267393928188, 46.84863015942146], [7.2812710834247065, 46.8486239127687], [7.281194997382228, 46.848580135016675], [7.28114630267895, 46.84857570483377], [7.280846330993013, 46.84837666268348], [7.280738100753941, 46.84835837777334], [7.28061984385425, 46.84828132125236], [7.280495777779561, 46.84820916806055], [7.2804749420212715, 46.84820109723455], [7.2804184849229525, 46.848143826186416], [7.280394681871765, 46.84810174884859], [7.280286210669456, 46.848027827024545], [7.280227839426346, 46.84799723343862], [7.2801258455896845, 46.84793211792956], [7.280010536673777, 46.847874009029894], [7.279931848508797, 46.84785068221073], [7.2797937857548245, 46.847790436382056], [7.2797352430711095, 46.8477736142434], [7.279647766247443, 46.84772981062447], [7.279576676096006, 46.847704317306125], [7.279430044513588, 46.847642421897824], [7.2793119279535725, 46.84762941997326], [7.279210010908325, 46.8476534835049], [7.279157880958779, 46.847680225489114], [7.279089165736326, 46.84768935823652], [7.27904152405648, 46.84775855552051], [7.278980180753827, 46.84781040862658], [7.278917973366065, 46.84783098328231], [7.278865548485729, 46.847842288931645], [7.278814191735641, 46.84782514352079], [7.278783097112993, 46.8477929324344], [7.278746524056076, 46.84777320800308], [7.278647369579777, 46.84775892775281], [7.27848292725448, 46.84777819800893], [7.27841599518857, 46.84776537536546], [7.278320871691001, 46.84767914667306], [7.278249796437257, 46.847666398926194], [7.278069703767893, 46.84767124488685], [7.277991943556448, 46.84760997565296], [7.277859137475626, 46.847555285071586], [7.2777521449045155, 46.847470757349065], [7.277740157469859, 46.84738498786597], [7.277777518145132, 46.84730828367837], [7.277750228438944, 46.84724491771657], [7.277720367677869, 46.847147240213836], [7.277667004537003, 46.84714362933713], [7.277617862556816, 46.84712279845959], [7.277549327921899, 46.84708083702596], [7.277367540427469, 46.847078798078705], [7.277193236384561, 46.8468692741971], [7.277121025241227, 46.84683369396033], [7.277065498622178, 46.846795546587366], [7.277070009528896, 46.846747535884525], [7.2770964377929, 46.846670411700295], [7.277079643382536, 46.846626895322004], [7.2770820214189715, 46.84655579051487], [7.27704707025974, 46.846516116164416], [7.2770128338958555, 46.84646123189254], [7.276910713914272, 46.84641408609176], [7.276835840251591, 46.84643979614862], [7.276792617696051, 46.846473413028725], [7.276714602171678, 46.846406574379486], [7.276706012616534, 46.846329337148454], [7.276692205258693, 46.846265072929], [7.276742482876857, 46.846261168563935], [7.276767000615477, 46.846265152390615], [7.276773997150191, 46.846275318164196], [7.2767909178674595, 46.8462683169447], [7.276877441879949, 46.84618347913755], [7.276975861091916, 46.8461579735276], [7.276990991595008, 46.84616201606538], [7.276990569921348, 46.846119350578604], [7.27689780907008, 46.846046977052175], [7.276799728615361, 46.84599524906872], [7.276733944067733, 46.845941974770454], [7.27662694195837, 46.84587522074618], [7.2765921846085515, 46.845823807805296], [7.276624031061414, 46.845723879008396], [7.276655696975993, 46.845648894042284], [7.276598013416924, 46.845617876812256], [7.276586449390979, 46.84557485371007], [7.276579426770405, 46.84556470596654], [7.276482667968508, 46.84557475069766], [7.276478808806423, 46.84558494588138], [7.2763948551537725, 46.84557888909306], [7.27630403277938, 46.84552927597827], [7.276285084436325, 46.84547870401], [7.27629004245318, 46.84546066642304], [7.276307798375343, 46.84545488990884], [7.276245855531562, 46.84540187269269], [7.276221561325481, 46.845371937622275], [7.2761075581216295, 46.84535324403986], [7.276089185521586, 46.84535920863827], [7.276075882586018, 46.845353594639725], [7.276094562700647, 46.84525935907144], [7.276072010087076, 46.845251680757514], [7.276065472453207, 46.84524161465435], [7.276081972340935, 46.845213383872114], [7.276154468224794, 46.84516296989356], [7.276154959460972, 46.84513070416717], [7.276212466140102, 46.84508160000149], [7.276220357743165, 46.84504729394752], [7.276091538470651, 46.844968994322336], [7.276096568151974, 46.84494892378005], [7.27593194959573, 46.84479593833396], [7.2759045117410786, 46.844726419039084], [7.275901231772972, 46.84465827461172], [7.275992838700158, 46.84452691196137], [7.276012581713456, 46.84444961641688], [7.276092537759136, 46.84435983128012], [7.276098054019112, 46.84430043384512], [7.276071394677808, 46.844199117307085], [7.276045851907804, 46.84415741422171], [7.2760446448312415, 46.84408010652732], [7.27603137296475, 46.844047101621676], [7.2760811776649135, 46.84402997400983], [7.276006418674883, 46.84397146009209], [7.275967810683812, 46.843949600109575], [7.275928350305799, 46.84394077321638], [7.275909906005899, 46.84393167046176], [7.275870428582532, 46.84390258592909], [7.275853450405395, 46.843747805875324], [7.275808216735875, 46.84366309475849], [7.275831458217451, 46.843586379873145], [7.275885917681058, 46.843482696716144], [7.275920213075995, 46.84346978356177], [7.275983510601104, 46.843464468019114], [7.27600296090106, 46.84345740753889], [7.276042809876478, 46.84342887739268], [7.276043067248035, 46.84340459033206], [7.275987792659585, 46.843345339714375], [7.275975279114743, 46.84330444691845], [7.275983041946059, 46.84326507651348], [7.276061381090994, 46.84321933942753], [7.276089423362239, 46.8431760759679], [7.276093995139582, 46.84309958606528], [7.27616662718274, 46.843003376830794], [7.276235362280114, 46.842839121251735], [7.276280110675838, 46.84279430742485], [7.276291972349622, 46.84271741412758], [7.276339051828143, 46.84264745270406], [7.276388962314689, 46.84249991055662], [7.276290273247817, 46.84206813780017], [7.276293049044256, 46.842013126264874], [7.276328306663769, 46.84190740929024], [7.276347891277799, 46.841804062868945], [7.276447159821576, 46.84167746012022], [7.276586990969081, 46.84156302304365], [7.276613036695448, 46.841529282670216], [7.27663044885955, 46.84148505039581], [7.276639177504757, 46.8414295165966], [7.276689435439765, 46.841383028395235], [7.276717273983868, 46.84130266774711], [7.276714158366181, 46.84120163664597], [7.276700498216055, 46.841162757316816], [7.276702831815717, 46.84111075857295], [7.2767211488793135, 46.84104901361664], [7.276745827382853, 46.84089941984221], [7.27678353884537, 46.84073172830346], [7.2768413699225825, 46.840681922371665], [7.276848213281894, 46.84067744332943], [7.277307978730964, 46.840621067134336], [7.27738467761374, 46.84066545990678], [7.277500489966361, 46.84069399557343], [7.277605522441915, 46.840706540181344], [7.277788367040042, 46.84066811917305], [7.2779851594772325, 46.84062101921769], [7.278036190416379, 46.84057839046711], [7.278134090683397, 46.8405518757696], [7.278333894821906, 46.84054499752608], [7.278396401763365, 46.84050045998688], [7.278518664882414, 46.84049801460331], [7.278566491228829, 46.84047910184597], [7.278641544869121, 46.84046909694906], [7.278719784018364, 46.84044149235022], [7.278822619508666, 46.840447799014356], [7.278991424801541, 46.84050521976241], [7.279093010613556, 46.84046905730313], [7.279234222048554, 46.84043399402217], [7.279367280316505, 46.84040737450508], [7.279440387724954, 46.840359675775105], [7.279452413914619, 46.84032269467214], [7.279576981858829, 46.84031213782671], [7.279653556878338, 46.84027085748361], [7.279699833341505, 46.840235111790875], [7.279800277760474, 46.84022540241617], [7.279826299785318, 46.84018546331517], [7.279894842289994, 46.84016059707695], [7.2799256776560854, 46.840053667686945], [7.280023415357994, 46.83996633328578], [7.280135619972369, 46.83987640178448], [7.280227909539054, 46.83984906765122], [7.280243958886377, 46.83979017040032], [7.280289271723894, 46.83973870830265], [7.2804194218032325, 46.83971065324232], [7.2804673042965815, 46.83967671750363], [7.280576262821409, 46.839624534320876], [7.280564332991228, 46.83955827610067], [7.280555625103066, 46.83954175757477], [7.2805115188211165, 46.839526682890025], [7.280499719323073, 46.83952717014591], [7.280488893445978, 46.839517611052834], [7.2804793782183514, 46.839481517417475], [7.280498355168587, 46.83946098962667], [7.280548481133331, 46.83945295463357], [7.280551782993635, 46.83944905525129], [7.280550862490322, 46.83942786094788], [7.280495485972391, 46.83939836901867], [7.280570777562307, 46.83928944116449], [7.28066558207161, 46.83930676321882], [7.280681389175144, 46.839303061127225], [7.280732491398214, 46.83926623332469], [7.280738301166375, 46.839198776309146], [7.280799854724519, 46.83918730278983], [7.281131090081233, 46.839262496196454], [7.281292524330389, 46.83920941346575], [7.28135957165986, 46.839152952610156], [7.2813454124742805, 46.83911340744844], [7.2813020431117215, 46.839075189270055], [7.281263106649558, 46.83906739927262], [7.281251596734525, 46.83905862184596], [7.28127927325505, 46.839039491106526], [7.28137923213698, 46.83902018163177], [7.281241508169506, 46.838843079389065], [7.281226880727487, 46.83884242944386], [7.281207544189012, 46.83882945833259], [7.28118019930231, 46.83878047662285], [7.281091298137658, 46.8387397034748], [7.2811009624769465, 46.83869856316514], [7.281152568003327, 46.838646308752274], [7.281153260547279, 46.838580274796605], [7.281076061586479, 46.838447504507265], [7.281045504585254, 46.83842994809824], [7.281011715131648, 46.83841947556229], [7.281011697597176, 46.838403212050714], [7.281034323586897, 46.83837637440955], [7.281430746808193, 46.83817840549173], [7.281559287122212, 46.83813906678939], [7.2816511110459805, 46.83812622247199], [7.281715040359926, 46.838108724804044], [7.281818571115532, 46.83803300120018], [7.282013462628461, 46.83793220734837], [7.28207581561372, 46.8379112892657], [7.282279401836395, 46.837858200277154], [7.2823561314654, 46.83778905989005], [7.282444319015557, 46.83775532270835], [7.282474728328107, 46.837738165388416], [7.282637008040962, 46.8375865020631], [7.282727563540684, 46.83754520283027], [7.282775718143267, 46.83750666976583], [7.282800664194809, 46.83744793736956], [7.282939693562481, 46.83731683206263], [7.28306867840646, 46.83730384869336], [7.283161080816924, 46.837249247653794], [7.283255514752765, 46.83717208886425], [7.283304632975948, 46.83709040628871], [7.283348798737755, 46.83706652111489], [7.283465461820616, 46.83708942992713], [7.283585878010145, 46.83707028156999], [7.283820861053184, 46.836937731684394], [7.28392396825071, 46.8368570580279], [7.2840603933080965, 46.836800132576734], [7.284219802971965, 46.8367046477249], [7.284422846481698, 46.83665110456168], [7.284472663217702, 46.83662645301074], [7.284538827401987, 46.836573983095896], [7.2845873000497505, 46.836460716397276], [7.284538072677129, 46.83634917928814], [7.284486370325542, 46.8362595693462], [7.284411319617329, 46.83621197218975], [7.284610326235545, 46.83611202500274], [7.284587500401398, 46.8359953423141], [7.284624675911924, 46.83588123293598], [7.284683916444513, 46.8358838677668], [7.284697427903466, 46.83584391982545], [7.284624025367063, 46.835711129861544], [7.284611546898121, 46.835583594834155], [7.28465520998146, 46.83554245537078], [7.28456983595204, 46.83549773188337], [7.284567804793547, 46.83548843693691], [7.284590802530969, 46.83545434876273], [7.284735760581468, 46.83536860357224], [7.284774513468465, 46.83526631598528], [7.28487982699064, 46.83522368615472], [7.284844602080277, 46.83510664504249], [7.28480944123077, 46.83507671486611], [7.284773477159407, 46.83505717321], [7.284647047655724, 46.83502234268648], [7.28457237995815, 46.835047014504646], [7.284521385357927, 46.83502148829391], [7.284467250870207, 46.834916654948294], [7.284459654946416, 46.834909826172655], [7.284090646148833, 46.83485036007318], [7.2835186209779765, 46.83471104278539], [7.283275009058883, 46.83453671273586], [7.2832493847551, 46.834495667777965], [7.283194822124455, 46.83443996589014], [7.283158154343129, 46.83441938840924], [7.283102565887221, 46.83433336167627], [7.283056214764745, 46.83430715756329], [7.283003671982629, 46.83424215720874], [7.282916727871738, 46.8341210595459], [7.282917581766315, 46.834088902355035], [7.2828472059008265, 46.8340128220016], [7.2827810205395735, 46.83377178173476], [7.282821875610081, 46.833709149173266], [7.282857963758512, 46.833546049958315], [7.282900936306724, 46.833485363269226], [7.2829325736026815, 46.83341021445454], [7.282939582418831, 46.83331245369167], [7.282958567624485, 46.833238456967855], [7.282988561387369, 46.83320550302174], [7.282997452884063, 46.83318138975565], [7.2830462357519075, 46.83313277375688], [7.283091463793082, 46.83310307902852], [7.283335139515116, 46.83272504138278], [7.283359328307385, 46.832723005535755], [7.283462196324774, 46.83277183777288], [7.283489607883299, 46.83276587544517], [7.283611534988614, 46.83281895256582], [7.283853090311725, 46.832881925948264], [7.2838707616215785, 46.83288551213316], [7.283896849708578, 46.83288391948911], [7.283919673616092, 46.832796407760775], [7.28395111663531, 46.832751554808354], [7.283946269097695, 46.832669276801155], [7.283981036798013, 46.832639540476684], [7.2840097297892115, 46.83258924155978], [7.283996678640566, 46.832533596538354], [7.284073842353582, 46.83243780210049], [7.284069080131859, 46.832398476902235], [7.284078664293957, 46.832334020282445], [7.284105825351281, 46.83227857403746], [7.284163897250781, 46.83223064468317], [7.284202955278482, 46.8321494611317], [7.284288819417845, 46.8320815551099], [7.284454792025554, 46.831886923117956], [7.285155268596823, 46.83102949015409], [7.2852861738486965, 46.83082128964624], [7.2852994638248285, 46.830807679615795], [7.285326843335251, 46.830794160591786], [7.285404644221827, 46.83077619392847], [7.285531558769683, 46.83075732202551], [7.285606589943982, 46.83073161548578], [7.285690863106707, 46.83071448508335], [7.285761934049108, 46.83071692854228], [7.285868527051843, 46.83070468549838], [7.285914038008318, 46.83068480393519], [7.286118594163556, 46.83068974757916], [7.286154196753659, 46.83071110542015], [7.286188200914116, 46.83072306995408], [7.286244161416794, 46.83070195199218], [7.286295250388662, 46.83070238044537], [7.286297639708199, 46.83064580284556], [7.286327935413885, 46.83060689367155], [7.286381487515628, 46.83059839292128], [7.286417342728459, 46.830581637568706], [7.286421436719785, 46.83055236317506], [7.286435598896913, 46.83053152196653], [7.286494800985353, 46.83047197111178], [7.286571695973064, 46.83045886899587], [7.286592834197363, 46.83042301486954], [7.286695097648669, 46.83034282326651], [7.286768271359558, 46.83026928522281], [7.2869109708949615, 46.83029905294837], [7.28692616693198, 46.8302555627032], [7.286948217686797, 46.83014735083777], [7.286940671417129, 46.830123152281786], [7.286955945478621, 46.83008447465668], [7.2870237856701925, 46.83003811326985], [7.287065474918215, 46.830043755129985], [7.287141023936107, 46.830116880367854], [7.287186126726134, 46.830101963276746], [7.287213627335333, 46.8300777754333], [7.287306621646656, 46.830086013315075], [7.28742019262182, 46.830015722072844], [7.287476751636323, 46.83000961748586], [7.287527998121271, 46.82991697965576], [7.287672667863013, 46.82997750393206], [7.2877128623687515, 46.82992765125757], [7.287768506100047, 46.82993931113701], [7.287791694000138, 46.829919894025096], [7.287858928015585, 46.82995341925228], [7.287856894875314, 46.82989816686521], [7.287956101478199, 46.829906412492186], [7.288025384565834, 46.82985462836076], [7.288086560175364, 46.8298566343448], [7.288134454564798, 46.82975779402479], [7.288185330992185, 46.829744926145366], [7.288218085012225, 46.82970270938522], [7.288271322684611, 46.829670405509546], [7.28831796734473, 46.82961962555916], [7.2883545025006375, 46.82959374051566], [7.2884089079220304, 46.82959359662548], [7.2884194532526605, 46.829558168775755], [7.288480086673004, 46.82953381760659], [7.288552513330376, 46.82945436757647], [7.288612230754309, 46.829448113761565], [7.288629962596463, 46.82937847721669], [7.288670335396959, 46.82936732221698], [7.288701417531747, 46.82929013821079], [7.288717333506186, 46.82922299994373], [7.288809041443971, 46.829226755004875], [7.288903076363903, 46.82912505171129], [7.28899682859077, 46.82907736494407], [7.28903937302096, 46.829034801092234], [7.289077303014143, 46.82900658756969], [7.289071486750533, 46.828963366222666], [7.288984909078389, 46.82884532303095], [7.289028002569554, 46.82877974966904], [7.2890110391815375, 46.828720250047276], [7.289027216951493, 46.82868580113432], [7.289108638520978, 46.82867451142541], [7.289151288760219, 46.82869707399644], [7.28920830114307, 46.82869232749042], [7.2892190152496035, 46.82861036697687], [7.289315761452405, 46.82864000809275], [7.289465342180997, 46.828630975613784], [7.2895547954842375, 46.8285828962038], [7.289594080872691, 46.8285947944456], [7.289664652986483, 46.82859191874414], [7.289683025516946, 46.828564533895104], [7.289735950307325, 46.82855448360434], [7.289743739278828, 46.8285248902358], [7.289792259045577, 46.82852000646353], [7.289840605095896, 46.8285303783014], [7.289867866523744, 46.8285160934916], [7.289941506285149, 46.82850814814071], [7.289950551051434, 46.828460538761306], [7.289996806832054, 46.82843554729781], [7.290156480431201, 46.828425807241196], [7.290167316536683, 46.8283891026514], [7.290188037731366, 46.82837012260596], [7.29019238891987, 46.82837014628693], [7.2902107725416245, 46.82839527618832], [7.290265765189154, 46.828409785637014], [7.290482044695815, 46.82842834676423], [7.290536337815583, 46.82837843947945], [7.290515827159036, 46.82833567579224], [7.290523257926415, 46.828331097838955], [7.290535682452065, 46.82828856602346], [7.290595077355728, 46.82828470376699], [7.290642840334014, 46.82824056269124], [7.290682069687924, 46.82823962438829], [7.290731675589731, 46.828221005708045], [7.290782576732007, 46.828207984001004], [7.290794629244888, 46.82820983471643], [7.290837273972272, 46.82825345469654], [7.290857737055314, 46.82824236296918], [7.290949543126071, 46.82815789013388], [7.290994832178313, 46.82813623422303], [7.291000419284164, 46.82810160939816], [7.291094432982074, 46.82797210850016], [7.291163191786939, 46.82797531925159], [7.291297448867766, 46.82794266058254], [7.291313158187986, 46.82791595601487], [7.291329268069596, 46.827905533324596], [7.291441198264107, 46.827880140628466], [7.291489566019943, 46.82785403591426], [7.291523441793432, 46.82781715383395], [7.291539592519199, 46.82777282774568], [7.291520657108349, 46.8277622425192], [7.291610745063715, 46.827687104234506], [7.291678440919627, 46.82761914192135], [7.291684796530646, 46.827590832795714], [7.291776878507778, 46.827490941685596], [7.291786876769148, 46.8274724241344], [7.29182049467587, 46.82745293871883], [7.291854349326516, 46.82741880911891], [7.291891396485132, 46.82735794938475], [7.292000557818604, 46.82723779560833], [7.29205161623856, 46.82720991294869], [7.292096329358306, 46.827158859061], [7.292146960245317, 46.82713874803441], [7.29216155230248, 46.82709375392983], [7.292247090832026, 46.82705200002934], [7.292308328159963, 46.82701124910899], [7.292369655576599, 46.82693751220054], [7.292435659579022, 46.826917258790886], [7.292448963797977, 46.8268830666403], [7.292504439090545, 46.82684050902221], [7.292552504012784, 46.82682392033305], [7.292747809237652, 46.82667421017671], [7.292766031880772, 46.8266529415971], [7.2929207022360645, 46.82654377464831], [7.292972036848692, 46.826495913374146], [7.2930610289032645, 46.82643181866772], [7.293149907483345, 46.82638528275792], [7.293208259027268, 46.82634010189095], [7.29332619182571, 46.826289078561125], [7.293323424096758, 46.826241723317004], [7.293403578774754, 46.8262222970758], [7.293416845408352, 46.82619686639308], [7.293483152734105, 46.82615610325191], [7.293529304242555, 46.8261440545603], [7.293580973948505, 46.82613649232513], [7.293692161872735, 46.82606896235008], [7.293855497626384, 46.8260301761507], [7.29390422363456, 46.82599170219402], [7.2940218053122905, 46.825973015863475], [7.294185939981239, 46.825900236592524], [7.294250585181113, 46.82584860461833], [7.294309969468698, 46.82585721672284], [7.294329587944741, 46.82582344611828], [7.294411090272203, 46.825780192187395], [7.294499811260401, 46.82576694676954], [7.294494219299066, 46.82570707546677], [7.2946010753291946, 46.82561709568541], [7.294681728101638, 46.8255679576506], [7.294698350503172, 46.82553701662959], [7.29476378845538, 46.82551187672937], [7.29479062182431, 46.825509445860895], [7.294955762730295, 46.82540272739192], [7.294939845158604, 46.82536652789744], [7.294892716269146, 46.82533791697412], [7.294897661163262, 46.82528762112413], [7.294811358043047, 46.825172218556375], [7.294805986325439, 46.825147285525084], [7.2947720218359295, 46.82512116484229], [7.294753719046642, 46.82508994580415], [7.294750333097159, 46.82505760308579], [7.29470827926681, 46.82499380855665], [7.294684445396362, 46.824982300257325], [7.294649595426728, 46.82493469760917], [7.294607639330524, 46.824863922879594], [7.294596156916186, 46.824825831034666], [7.294568563161757, 46.8247992686873], [7.294528716247144, 46.824738553308634], [7.294492734033222, 46.82465895263886], [7.2945051144321145, 46.8246264501535], [7.29448315537644, 46.82457101993871], [7.294494095390578, 46.82453319932878], [7.2944401223441915, 46.824447872903626], [7.294467812153526, 46.82438043396596], [7.294558685276435, 46.82438950848826], [7.294570813728098, 46.82438238160488], [7.294587758241302, 46.8243631260639], [7.294629432333811, 46.82419801559149], [7.294608133055191, 46.8241700127183], [7.294600154013084, 46.82412065413203], [7.294484372202145, 46.823891440341534], [7.294389573715315, 46.82380744702904], [7.294361057038488, 46.823754059346996], [7.2943510835206675, 46.82369113305844], [7.2943851896709795, 46.823625465288416], [7.294388622751176, 46.82359650465701], [7.29442676260805, 46.823512338527664], [7.294481265887872, 46.823439617381595], [7.294516669206603, 46.82331557128298], [7.294552118771248, 46.823242394061985], [7.294692045790738, 46.823162486102305], [7.294682086035428, 46.82314301646408], [7.294683253378648, 46.8231085566396], [7.294767231191111, 46.82301548933581], [7.294816340541666, 46.82298915925893], [7.294880667303928, 46.82292285513204], [7.2948816713794455, 46.82279801881359], [7.294891369553497, 46.822715004137216], [7.294874206513523, 46.82254286514378], [7.294919337028241, 46.822456000203445], [7.294955026424431, 46.82243453735438], [7.294973175287129, 46.82236673537549], [7.294922743360919, 46.822319823648655], [7.294925636327566, 46.822257660468495], [7.29489729647646, 46.822221454209604], [7.294889406274726, 46.82219265908399], [7.294892985890525, 46.82216267313243], [7.294873858792151, 46.82214106006365], [7.294923106007457, 46.8220533727124], [7.294943680951926, 46.82203848437581], [7.294999793367119, 46.82191721712953], [7.29499974174097, 46.821892542810055], [7.2951895986893005, 46.821844693805176], [7.295199426561513, 46.821805819210574], [7.295179809304841, 46.82166896593094], [7.295111289658922, 46.82158936029829], [7.2951186676012885, 46.82155028480712], [7.295089143944541, 46.821491417820006], [7.295056611311547, 46.82145994681884], [7.2949368598339985, 46.821412146836934], [7.294897169821907, 46.82140109522037], [7.294861564724038, 46.821367065644914], [7.294742997172596, 46.821298235739214], [7.29450931670038, 46.821153087047], [7.2944486898495535, 46.82110176338536], [7.294344100201756, 46.82104955619295], [7.294284944910308, 46.82103574504828], [7.294201939105185, 46.82100760998809], [7.294147720035946, 46.82097594920177], [7.294061548148711, 46.82096050248546], [7.294000798844744, 46.82092077345548], [7.293888837830421, 46.82087136310186], [7.293837492142668, 46.820838518445434], [7.293756499837702, 46.82081224759302], [7.2936824333681365, 46.820769029308394], [7.293625160796823, 46.820752206998705], [7.293608636211625, 46.82070868409046], [7.293554546009853, 46.820678084716064], [7.293448530197234, 46.82057740775435], [7.293439075109275, 46.82054135125299], [7.293421547587461, 46.8205150715629], [7.293410268320324, 46.82039319701413], [7.293374881914939, 46.82034678059199], [7.29339060329617, 46.82026613927045], [7.2933750408981854, 46.82022071062911], [7.29337574973475, 46.82012385865016], [7.293369575944207, 46.82005698825842], [7.293360979432125, 46.8200232624923], [7.293314141287777, 46.819986150697275], [7.293307565803971, 46.81992726759397], [7.293327052367186, 46.81989328118303], [7.293336814665853, 46.81984997195176], [7.293402949207291, 46.81976870265942], [7.2935012871719795, 46.81971383990426], [7.2936339019680725, 46.81959246396097], [7.293717826971867, 46.81956583697091], [7.293768428017616, 46.8194958549036], [7.293874273775802, 46.81948930630788], [7.2939133600114765, 46.81945175569978], [7.293971600097149, 46.819449563005456], [7.294034912286352, 46.819418070169085], [7.294048768015198, 46.81933393621501], [7.29408174324884, 46.81931256960774], [7.294153285993224, 46.81928536895818], [7.294167470311977, 46.81929776464534], [7.294191591258384, 46.81926994568203], [7.295779574265781, 46.81826782110985], [7.296293915019038, 46.81825072897497], [7.2966384083168245, 46.81822742196637], [7.297046997741174, 46.818310600039936], [7.297580016567674, 46.818713654164775], [7.2981436434988405, 46.818567225293336], [7.298413988016282, 46.81856223460146], [7.298748291795377, 46.81860742631465], [7.299186269262616, 46.818754743096136], [7.299865716546405, 46.81888094463065], [7.300017406088433, 46.81855279896622], [7.300092496874926, 46.818373523075614], [7.300208540771496, 46.81816219283681], [7.300335758909954, 46.81828088001948], [7.300740582640342, 46.818500437240345], [7.301148326850794, 46.81861994973429], [7.301219439830967, 46.81871224746072], [7.301404278219239, 46.81897931886918], [7.301763647954333, 46.81916537256807], [7.302038797746014, 46.819239817092644], [7.302317467415067, 46.81930114093428], [7.302601786973636, 46.81935156835888], [7.302811319573389, 46.81945991679779], [7.30310928264519, 46.819587512626676], [7.303616866935208, 46.819691627768826], [7.303751480099163, 46.819698786350074], [7.303943500175299, 46.81960274602985], [7.304324218720532, 46.819459379759145], [7.3044604610939485, 46.819428093241314], [7.304536787429158, 46.819513441603576], [7.3047448368066235, 46.81970302186259], [7.304792960774225, 46.819815790549484], [7.306283300469359, 46.81975361029293], [7.306311518154218, 46.81985755757684], [7.306313940370131, 46.81995359478918], [7.306279838997583, 46.8200294218321], [7.306053251497297, 46.820368767765636], [7.305882359117093, 46.820933161867735], [7.305822587956927, 46.82125559357969], [7.305771745435765, 46.82134937373467], [7.305697029278674, 46.82142090734244], [7.305332034903534, 46.821692247524126], [7.305272333755201, 46.82171198520758], [7.305752129077383, 46.82172848778731], [7.305933851229823, 46.82172798076754], [7.306575081874738, 46.821744542651636], [7.306983904413768, 46.821760714646665], [7.307301642162443, 46.82178555918942], [7.307666611472136, 46.82183078677428], [7.308420065980999, 46.821940884109054], [7.309442433359318, 46.822093083921075], [7.309814240429021, 46.82215743665494], [7.310100366743569, 46.82227755215237], [7.3103360137476, 46.8224745291001], [7.310621785293042, 46.822765644353034], [7.311101744546917, 46.82299732733117], [7.31128483059106, 46.82328944120505], [7.311674957520508, 46.82326385155768], [7.311980312121086, 46.82376265263844], [7.312575158457913, 46.82390392261611], [7.313095911853472, 46.823972767443266], [7.313374101608912, 46.82396923314433], [7.313854320418936, 46.824072165607646], [7.314358613014029, 46.8242491990053], [7.314675148613939, 46.82439317406931], [7.314994166117501, 46.82456409230204], [7.315823846486964, 46.824962578595375], [7.316740304895182, 46.82537492411123], [7.317164101431027, 46.8254586844482], [7.317485600745333, 46.82547768448989], [7.317790044403312, 46.825470255155295], [7.318026028844307, 46.825397338056234], [7.31845138763195, 46.825236475974954], [7.31892956261019, 46.825126365816494], [7.319529172661584, 46.825079645707966], [7.3195359869492425, 46.82515623932723], [7.319813240837452, 46.825151915184705], [7.320503132855564, 46.82331116098807], [7.320946812339293, 46.82185557997577], [7.320701791531752, 46.82016689600841], [7.319828037541261, 46.81843267581866], [7.318978713878576, 46.81702500582916], [7.3204606416245195, 46.81567673453189], [7.320203025356502, 46.8148067483034], [7.317457865551512, 46.81382038223759], [7.314749772597629, 46.81195641083413], [7.313654174969767, 46.81036296367491], [7.312299920471621, 46.80972050601776], [7.311794451994922, 46.80948070945159], [7.310317007137537, 46.8080209587969], [7.309780736523928, 46.806254449514185], [7.309007261512022, 46.804841067881796], [7.309198033827047, 46.80291408776069], [7.307949030818742, 46.80153642357875], [7.307763977470469, 46.800373295401215], [7.307480773932372, 46.79875914127793], [7.306270493260289, 46.79718841664432], [7.304823497180169, 46.795511631730164], [7.303054782638162, 46.79431887281791], [7.301592543655012, 46.79282776493366], [7.302011223480536, 46.79079109125835], [7.303508746256262, 46.788870568940034], [7.303483931600964, 46.7887448735446]]]]}}]}