{
  "type": "FeatureCollection",
  "features": [
    {
      "type": "Feature",
      "properties": {
        "source": "swisstopo SWISSBOUNDARIES3D",
        "source:date": "2026-01-01"
      },
      "geometry": {
        "type": "LineString",
        "coordinates": [
          [
            7.82859978022966,
            47.17992379747808
          ],
          [
            7.830049821043569,
            47.179437757193504
          ],
          [
            7.830485138926081,
            47.17923503633582
          ],
          [
            7.830733856583079,
            47.179123571855435
          ],
          [
            7.830748969289529,
            47.1786558509999
          ],
          [
            7.831166971300143,
            47.17868742141432
          ],
          [
            7.831497428462974,
            47.178679162674605
          ],
          [
            7.831861807056283,
            47.17752812568199
          ],
          [
            7.831848063903429,
            47.17718872461347
          ],
          [
            7.83196490740059,
            47.17668054816712
          ],
          [
            7.832053849969789,
            47.176483437083405
          ],
          [
            7.832218733380251,
            47.17609018554341
          ],
          [
            7.83238478406519,
            47.176155955505045
          ],
          [
            7.832524084502898,
            47.17622916544748
          ],
          [
            7.833330068246303,
            47.176709558225596
          ],
          [
            7.833802070201702,
            47.17697100463745
          ],
          [
            7.834061649624958,
            47.17632982421402
          ],
          [
            7.834116482312549,
            47.17576609897087
          ],
          [
            7.833991938723399,
            47.17544925043813
          ],
          [
            7.8340985932227,
            47.1749186013244
          ],
          [
            7.834134409456056,
            47.17468292090399
          ],
          [
            7.834060484094175,
            47.17447352223115
          ],
          [
            7.834203114386499,
            47.17344693436913
          ],
          [
            7.833187283548428,
            47.17211777259363
          ],
          [
            7.833085975722653,
            47.17180717568741
          ],
          [
            7.833020474194922,
            47.17168384630331
          ],
          [
            7.832849949571427,
            47.17149044631759
          ],
          [
            7.8327234774572725,
            47.17132691133497
          ],
          [
            7.832704697531672,
            47.171264560134745
          ],
          [
            7.832467906829173,
            47.17097418754518
          ],
          [
            7.832480942178566,
            47.170660527768035
          ],
          [
            7.832472130920976,
            47.17053126557192
          ],
          [
            7.832470729485319,
            47.170320808309825
          ],
          [
            7.83266220158862,
            47.170068369315686
          ],
          [
            7.832714463511527,
            47.16998085038937
          ],
          [
            7.832900602971783,
            47.16984475092988
          ],
          [
            7.833109404148238,
            47.16973583706238
          ],
          [
            7.833242074279007,
            47.169673821942084
          ],
          [
            7.833338214543732,
            47.16958405666309
          ],
          [
            7.833427682943552,
            47.16946240933072
          ],
          [
            7.833609592935005,
            47.16914306156295
          ],
          [
            7.833532899771454,
            47.16899527770405
          ],
          [
            7.833426729967799,
            47.168806596120355
          ],
          [
            7.83335326615721,
            47.168656597325025
          ],
          [
            7.833286868268018,
            47.16849707569022
          ],
          [
            7.833260670279931,
            47.16833362052413
          ],
          [
            7.833209457117507,
            47.16817447859053
          ],
          [
            7.833141640286315,
            47.1680030255104
          ],
          [
            7.833065766844221,
            47.16767230064042
          ],
          [
            7.833001060661427,
            47.16750400301146
          ],
          [
            7.832990249919215,
            47.16732895465976
          ],
          [
            7.832945507750427,
            47.16717247990141
          ],
          [
            7.832758158158292,
            47.16688264909505
          ],
          [
            7.8326361048380235,
            47.16678044385271
          ],
          [
            7.832331243435053,
            47.16664336935324
          ],
          [
            7.832267640888283,
            47.166642822057504
          ],
          [
            7.83214904101932,
            47.166620964774104
          ],
          [
            7.832140944721848,
            47.16639845904351
          ],
          [
            7.8321257463225455,
            47.16627568582354
          ],
          [
            7.832092749451141,
            47.16618797245654
          ],
          [
            7.832037990108654,
            47.166071432815336
          ],
          [
            7.832062266633626,
            47.165839012109245
          ],
          [
            7.832137205748601,
            47.16577240098542
          ],
          [
            7.832218939689012,
            47.16566663886018
          ],
          [
            7.832285320827982,
            47.16553746146674
          ],
          [
            7.832385573073231,
            47.164875365286264
          ],
          [
            7.832567094330767,
            47.16483639070879
          ],
          [
            7.832748177833314,
            47.16478993359549
          ],
          [
            7.8328961640534915,
            47.16473365008862
          ],
          [
            7.8333988371104954,
            47.16446094021212
          ],
          [
            7.833054078606655,
            47.16420564953638
          ],
          [
            7.832364693658103,
            47.16377274447123
          ],
          [
            7.832135306915711,
            47.16360047536148
          ],
          [
            7.831950560486584,
            47.16345101738345
          ],
          [
            7.831541577238856,
            47.163109698358326
          ],
          [
            7.831347521782667,
            47.16290424198117
          ],
          [
            7.831218866597551,
            47.16269133058659
          ],
          [
            7.831189655138328,
            47.1626193720426
          ],
          [
            7.831194896682935,
            47.16255713653378
          ],
          [
            7.831254821166973,
            47.16241810524063
          ],
          [
            7.831413783523992,
            47.16215061314724
          ],
          [
            7.8318544675628505,
            47.16154510319201
          ],
          [
            7.832303216277478,
            47.160945482513654
          ],
          [
            7.832419475700616,
            47.160727642687185
          ],
          [
            7.833238772889469,
            47.15911793752889
          ],
          [
            7.833291751667818,
            47.159075632970435
          ],
          [
            7.833395157856797,
            47.159070799280876
          ],
          [
            7.83376674307592,
            47.159193070537555
          ],
          [
            7.833808002247529,
            47.15916387551789
          ],
          [
            7.834136935620799,
            47.15904949214711
          ],
          [
            7.834319096867774,
            47.1589893025074
          ],
          [
            7.834888846137203,
            47.15881662131438
          ],
          [
            7.835189500608132,
            47.15868785036722
          ],
          [
            7.8354089244746765,
            47.1585436262992
          ],
          [
            7.83590755867523,
            47.15814654620483
          ],
          [
            7.83613466539372,
            47.157957715490944
          ],
          [
            7.836631769052857,
            47.15752290382135
          ],
          [
            7.836586585438708,
            47.15724334535993
          ],
          [
            7.8364336783498025,
            47.15702947084843
          ],
          [
            7.837143451611409,
            47.15672652526142
          ],
          [
            7.837386234213794,
            47.15667694186555
          ],
          [
            7.838009471047637,
            47.15651447596163
          ],
          [
            7.838722228367525,
            47.156479180647956
          ],
          [
            7.8389849779070335,
            47.156416113117515
          ],
          [
            7.839317434792423,
            47.156240537132035
          ],
          [
            7.83920544154127,
            47.15616482064755
          ],
          [
            7.838269198281691,
            47.15549751054948
          ],
          [
            7.8373255940057565,
            47.155147567679414
          ],
          [
            7.837311091824208,
            47.15518518959938
          ],
          [
            7.8366199364393605,
            47.154861603682214
          ],
          [
            7.840856739161054,
            47.15373918442311
          ],
          [
            7.843029093481172,
            47.15402266393059
          ],
          [
            7.84382943129597,
            47.15122508564636
          ],
          [
            7.84399947007522,
            47.15088493812554
          ],
          [
            7.844123557287251,
            47.15059203150264
          ],
          [
            7.844257096733415,
            47.150201505510665
          ],
          [
            7.84442366080401,
            47.14964521245398
          ],
          [
            7.844500528282106,
            47.14933326748305
          ],
          [
            7.844578253899823,
            47.14888576586542
          ],
          [
            7.8447213061032866,
            47.14880172576791
          ],
          [
            7.845513697818204,
            47.14868990210801
          ],
          [
            7.846086510855512,
            47.148490159875145
          ],
          [
            7.846070970750215,
            47.14843873686605
          ],
          [
            7.8457281483918,
            47.14848145153667
          ],
          [
            7.845658727832927,
            47.14841162636074
          ],
          [
            7.845591318069553,
            47.14843298462335
          ],
          [
            7.845293067856248,
            47.14834290130616
          ],
          [
            7.845017210181997,
            47.148263766002366
          ],
          [
            7.84463393856343,
            47.14811163704487
          ],
          [
            7.844457738879639,
            47.14801415025363
          ],
          [
            7.844452535128762,
            47.147763875696185
          ],
          [
            7.844361146212356,
            47.147576599379995
          ],
          [
            7.84423890456074,
            47.14747973172664
          ],
          [
            7.844086989909703,
            47.14739396919039
          ],
          [
            7.843894789422743,
            47.147321138983905
          ],
          [
            7.843762997503878,
            47.14729848560879
          ],
          [
            7.843448018620256,
            47.14729478068628
          ],
          [
            7.842477658153542,
            47.14737059591356
          ],
          [
            7.841855882825777,
            47.14732050455952
          ],
          [
            7.8412998962514635,
            47.147278797032676
          ],
          [
            7.841008289536727,
            47.14727452699055
          ],
          [
            7.8401173424644,
            47.147220868698135
          ],
          [
            7.839923608887689,
            47.147190772113056
          ],
          [
            7.839371094661422,
            47.14703995268556
          ],
          [
            7.838959878068576,
            47.14695060570188
          ],
          [
            7.8389532190912865,
            47.14687985675246
          ],
          [
            7.83884363602934,
            47.146636834775556
          ],
          [
            7.838701774762888,
            47.146357918093194
          ],
          [
            7.838417050958018,
            47.14576245285267
          ],
          [
            7.838013269872353,
            47.14479714134416
          ],
          [
            7.837929450579173,
            47.144638302593194
          ],
          [
            7.8377787762993885,
            47.144520127679414
          ],
          [
            7.837541183795277,
            47.14435432860754
          ],
          [
            7.8373468324844895,
            47.144301616578915
          ],
          [
            7.836909692971414,
            47.14400435319642
          ],
          [
            7.83680723578424,
            47.14387204114726
          ],
          [
            7.836711340885533,
            47.14379428757929
          ],
          [
            7.836676953309466,
            47.143648022873684
          ],
          [
            7.836602816755203,
            47.143490993633286
          ],
          [
            7.836554960343895,
            47.14341635709921
          ],
          [
            7.836388536683382,
            47.143221543951434
          ],
          [
            7.836004129133599,
            47.142870557144
          ],
          [
            7.835829675361276,
            47.142719540229535
          ],
          [
            7.835668765742977,
            47.142597538998004
          ],
          [
            7.835341014965922,
            47.14234445341063
          ],
          [
            7.8352359779792,
            47.14227056192878
          ],
          [
            7.834365474923682,
            47.14182921512042
          ],
          [
            7.834126538486359,
            47.14171765304245
          ],
          [
            7.8339434758473,
            47.14161364336429
          ],
          [
            7.833782845418156,
            47.141530280773765
          ],
          [
            7.833671665514791,
            47.14148098309985
          ],
          [
            7.83346971001536,
            47.14144814243049
          ],
          [
            7.8333668971594665,
            47.14144656989614
          ],
          [
            7.833243889707206,
            47.141450616331525
          ],
          [
            7.832967453797025,
            47.14148634645512
          ],
          [
            7.832740632241962,
            47.14154274743223
          ],
          [
            7.832530004863132,
            47.14162506995423
          ],
          [
            7.832346500786115,
            47.14166156913148
          ],
          [
            7.831917237318735,
            47.141726836653135
          ],
          [
            7.8316725192929475,
            47.14175919019055
          ],
          [
            7.831282963131387,
            47.14172921640214
          ],
          [
            7.8310070332419945,
            47.141647097441954
          ],
          [
            7.830828328559755,
            47.141577500584035
          ],
          [
            7.830339914756393,
            47.141410399574255
          ],
          [
            7.829808532710419,
            47.14124943304716
          ],
          [
            7.829775049917851,
            47.141235244804584
          ],
          [
            7.82970086453386,
            47.14137378481081
          ],
          [
            7.82965367546297,
            47.14150841027686
          ],
          [
            7.829656845580969,
            47.14169005219743
          ],
          [
            7.829692352996489,
            47.14185167854445
          ],
          [
            7.829745331960784,
            47.14197946058607
          ],
          [
            7.829832161783465,
            47.14209587498181
          ],
          [
            7.829571232001408,
            47.142205068824595
          ],
          [
            7.829296403388406,
            47.142317520397654
          ],
          [
            7.828370440254607,
            47.142045628028356
          ],
          [
            7.827981196101405,
            47.141917021560104
          ],
          [
            7.827669162317161,
            47.14173866291886
          ],
          [
            7.827419527502182,
            47.14155687265218
          ],
          [
            7.827284736930371,
            47.14177054338649
          ],
          [
            7.827185206292931,
            47.14194546178742
          ],
          [
            7.826619250306061,
            47.14185752806676
          ],
          [
            7.825882255711127,
            47.14176371732357
          ],
          [
            7.823407954319956,
            47.14161058579552
          ],
          [
            7.822903351399906,
            47.14157635344975
          ],
          [
            7.822847463858575,
            47.14158123522435
          ],
          [
            7.822795037832796,
            47.14149515769316
          ],
          [
            7.8227024782696954,
            47.141447091605286
          ],
          [
            7.822584696344949,
            47.14142616626418
          ],
          [
            7.822107474440746,
            47.141317855864514
          ],
          [
            7.821927178952307,
            47.14125998888017
          ],
          [
            7.821820616987248,
            47.14121515287944
          ],
          [
            7.821718851711865,
            47.14116633406416
          ],
          [
            7.820970394214101,
            47.141436950550066
          ],
          [
            7.820320350966593,
            47.14158673102223
          ],
          [
            7.8198386869807806,
            47.1416950417891
          ],
          [
            7.819471801022944,
            47.141780321900065
          ],
          [
            7.819478872622768,
            47.142313868585774
          ],
          [
            7.819478951397885,
            47.14258299651095
          ],
          [
            7.819206110855253,
            47.14296025486935
          ],
          [
            7.819088233511192,
            47.14312870540187
          ],
          [
            7.819061792113406,
            47.143209261316315
          ],
          [
            7.818833132410547,
            47.1433869463574
          ],
          [
            7.818652316689201,
            47.1434849759827
          ],
          [
            7.818218148590778,
            47.14372778614182
          ],
          [
            7.818105109902158,
            47.14381870143636
          ],
          [
            7.817853906184626,
            47.143997205320474
          ],
          [
            7.817601960104664,
            47.144097014517236
          ],
          [
            7.8173375105942275,
            47.144196207629996
          ],
          [
            7.817019697028436,
            47.14423065907294
          ],
          [
            7.816779713140228,
            47.144279138124844
          ],
          [
            7.816648846537296,
            47.14429712569617
          ],
          [
            7.816322259276628,
            47.14430646319234
          ],
          [
            7.816128121716117,
            47.14436911047839
          ],
          [
            7.81590803002598,
            47.14442873918513
          ],
          [
            7.815733822617621,
            47.14445911871816
          ],
          [
            7.81555039958552,
            47.144485750271286
          ],
          [
            7.815228651009453,
            47.14450094250612
          ],
          [
            7.815086723275256,
            47.14448903835506
          ],
          [
            7.8146720460339045,
            47.14452546383158
          ],
          [
            7.81452114484518,
            47.144544314914874
          ],
          [
            7.814338242754437,
            47.14455510277823
          ],
          [
            7.8141685343644305,
            47.14457108238619
          ],
          [
            7.81396703349787,
            47.14462195766985
          ],
          [
            7.813476784153803,
            47.14456019362095
          ],
          [
            7.813016042467275,
            47.14448538790989
          ],
          [
            7.812816464206046,
            47.14446047274243
          ],
          [
            7.812729431191624,
            47.143780973396396
          ],
          [
            7.812665911387588,
            47.143312004617684
          ],
          [
            7.812682006822602,
            47.14304715088871
          ],
          [
            7.812692050168403,
            47.14281809858942
          ],
          [
            7.812268343234115,
            47.14280949819606
          ],
          [
            7.811678198421989,
            47.14278787996265
          ],
          [
            7.811429959215625,
            47.142765575573456
          ],
          [
            7.811490741448552,
            47.14266039914434
          ],
          [
            7.811561836509332,
            47.14255955183312
          ],
          [
            7.8116461228648575,
            47.14243525697747
          ],
          [
            7.81133362776819,
            47.14239174350979
          ],
          [
            7.811118656300295,
            47.14236628154287
          ],
          [
            7.810895755199038,
            47.14233225464791
          ],
          [
            7.810846581159658,
            47.142535419914196
          ],
          [
            7.810712989831405,
            47.142918522364525
          ],
          [
            7.810666478095704,
            47.143015331986064
          ],
          [
            7.810565406718023,
            47.14309600095639
          ],
          [
            7.810441610101568,
            47.14313531258028
          ],
          [
            7.81031790410103,
            47.14314587601486
          ],
          [
            7.810172188616116,
            47.14314792015079
          ],
          [
            7.810027322907162,
            47.14312608884649
          ],
          [
            7.809878448640075,
            47.14308888896513
          ],
          [
            7.809756159380361,
            47.14305080270589
          ],
          [
            7.809517511517078,
            47.142964752273514
          ],
          [
            7.809041408495587,
            47.142827573361785
          ],
          [
            7.808499337879895,
            47.142697935146266
          ],
          [
            7.808274773600694,
            47.14265399610911
          ],
          [
            7.808285511698919,
            47.14303180222427
          ],
          [
            7.808284356654317,
            47.14322572737686
          ],
          [
            7.808288101587159,
            47.143401817866504
          ],
          [
            7.8083115562040915,
            47.14360089907995
          ],
          [
            7.808364693994477,
            47.1438831869497
          ],
          [
            7.807461617846741,
            47.14403288760533
          ],
          [
            7.806887965741611,
            47.1440110030467
          ],
          [
            7.806734331303318,
            47.14401404857228
          ],
          [
            7.806482773282576,
            47.14404082035383
          ],
          [
            7.806379035748473,
            47.144224144081264
          ],
          [
            7.806252522308231,
            47.144377614299664
          ],
          [
            7.806177005659777,
            47.14445645279833
          ],
          [
            7.806034532631549,
            47.14459941364796
          ],
          [
            7.80584535173408,
            47.14468314776692
          ],
          [
            7.805724423827731,
            47.14470923159992
          ],
          [
            7.805537654769444,
            47.14473709011494
          ],
          [
            7.80531648756299,
            47.14475510943368
          ],
          [
            7.805075620863809,
            47.14476887342473
          ],
          [
            7.804915581290373,
            47.1447320354476
          ],
          [
            7.804828785005817,
            47.14463443770239
          ],
          [
            7.804785696982553,
            47.144558630591305
          ],
          [
            7.804800465382022,
            47.14445280347102
          ],
          [
            7.804862885664999,
            47.14434785030389
          ],
          [
            7.804948507469503,
            47.144261973505635
          ],
          [
            7.804926261715418,
            47.1442380997715
          ],
          [
            7.804844165266593,
            47.14409692471588
          ],
          [
            7.804844916036178,
            47.14390954026541
          ],
          [
            7.804764670908547,
            47.14367059352534
          ],
          [
            7.8047797556636045,
            47.14356865118331
          ],
          [
            7.804845108271231,
            47.14344342313631
          ],
          [
            7.804942289956703,
            47.14330148024176
          ],
          [
            7.804712191634866,
            47.14323474073747
          ],
          [
            7.804563333689497,
            47.14316464851596
          ],
          [
            7.804380546639518,
            47.14307590042243
          ],
          [
            7.804238134458323,
            47.14298233756945
          ],
          [
            7.8040075651233645,
            47.142824839441765
          ],
          [
            7.803817678666833,
            47.14269800150421
          ],
          [
            7.803689720992888,
            47.14261465535215
          ],
          [
            7.803380327556734,
            47.14224905642721
          ],
          [
            7.803240638840628,
            47.14189618720742
          ],
          [
            7.803197742794897,
            47.14174129553518
          ],
          [
            7.803175241967414,
            47.141646650240354
          ],
          [
            7.8031412860149425,
            47.14153467199426
          ],
          [
            7.803136787923953,
            47.141390731539275
          ],
          [
            7.803137568680169,
            47.14133297269165
          ],
          [
            7.803130607360202,
            47.141327049074526
          ],
          [
            7.802820633142868,
            47.14120042743549
          ],
          [
            7.802526247597983,
            47.141033737326204
          ],
          [
            7.80218985854594,
            47.140835229063335
          ],
          [
            7.802090765472596,
            47.14070719321147
          ],
          [
            7.801749011055585,
            47.14042246627814
          ],
          [
            7.801502883298222,
            47.14053852966927
          ],
          [
            7.801397269665136,
            47.140418690137864
          ],
          [
            7.8005325841465565,
            47.14067622668647
          ],
          [
            7.799700939801809,
            47.13977443286654
          ],
          [
            7.799721881963353,
            47.13976781892792
          ],
          [
            7.800597839976221,
            47.1393753561292
          ],
          [
            7.800864450304187,
            47.139280827043564
          ],
          [
            7.801814023375007,
            47.138982965865715
          ],
          [
            7.801656645804392,
            47.1387191190705
          ],
          [
            7.801480676708633,
            47.138758369605306
          ],
          [
            7.800910664143227,
            47.13872594682735
          ],
          [
            7.800236708212915,
            47.13864638131704
          ],
          [
            7.8000521405628955,
            47.13865194367825
          ],
          [
            7.799922523111254,
            47.13863887584552
          ],
          [
            7.7998015886557965,
            47.13860560503267
          ],
          [
            7.79966206757021,
            47.138533201459786
          ],
          [
            7.798991674497792,
            47.13853986980966
          ],
          [
            7.79899371905603,
            47.138522404268585
          ],
          [
            7.798968749055728,
            47.13822764677165
          ],
          [
            7.798963581984654,
            47.13808052396815
          ],
          [
            7.798938443257131,
            47.13789207797642
          ],
          [
            7.798908978503156,
            47.13785046066049
          ],
          [
            7.798796463946528,
            47.13788699005766
          ],
          [
            7.798705240849409,
            47.13786693768966
          ],
          [
            7.79823027454558,
            47.137638645883435
          ],
          [
            7.79752876542495,
            47.13730973925593
          ],
          [
            7.797364447729119,
            47.13738203053931
          ],
          [
            7.797119988337911,
            47.13744527024212
          ],
          [
            7.7968631349200965,
            47.137500263636994
          ],
          [
            7.796416199571586,
            47.13764869253688
          ],
          [
            7.796300980931307,
            47.137695032352504
          ],
          [
            7.796182407999075,
            47.137645568537856
          ],
          [
            7.795920177669247,
            47.13743783478791
          ],
          [
            7.795788855476384,
            47.13732453715113
          ],
          [
            7.795138062941226,
            47.13663658821069
          ],
          [
            7.7948191915604355,
            47.13634228013179
          ],
          [
            7.79465708572967,
            47.136420227521654
          ],
          [
            7.794513498796467,
            47.13648013661923
          ],
          [
            7.793817282798203,
            47.13591163815045
          ],
          [
            7.793971571619088,
            47.13585558271196
          ],
          [
            7.793637266220429,
            47.1353387394762
          ],
          [
            7.793889576546912,
            47.13533526321134
          ],
          [
            7.794115006588169,
            47.13532732690222
          ],
          [
            7.7942970480481115,
            47.13531218425181
          ],
          [
            7.79445970773996,
            47.13528239447266
          ],
          [
            7.794613928634279,
            47.13524825900433
          ],
          [
            7.794950768116515,
            47.135067687885446
          ],
          [
            7.79496326766504,
            47.135046394208096
          ],
          [
            7.795087301434149,
            47.1346550818919
          ],
          [
            7.795068781283586,
            47.13462923379984
          ],
          [
            7.794773302382997,
            47.13451509351115
          ],
          [
            7.794554969438339,
            47.13441009585033
          ],
          [
            7.794398072730283,
            47.13425306128702
          ],
          [
            7.794315766544535,
            47.13413934968001
          ],
          [
            7.794194343403775,
            47.13401437117141
          ],
          [
            7.794093620169414,
            47.133937883295545
          ],
          [
            7.793780947957799,
            47.13363093320291
          ],
          [
            7.793804887544791,
            47.13356365826969
          ],
          [
            7.793792634017272,
            47.1334588691241
          ],
          [
            7.793440556885552,
            47.13304454113873
          ],
          [
            7.793319943505523,
            47.132871895050314
          ],
          [
            7.7932321879185205,
            47.13267688523566
          ],
          [
            7.79303752824082,
            47.13248058520027
          ],
          [
            7.792331641411984,
            47.13207630967116
          ],
          [
            7.792020653327987,
            47.131905784699626
          ],
          [
            7.791737564419,
            47.131710293385495
          ],
          [
            7.791610810066782,
            47.13164270713502
          ],
          [
            7.791511224317983,
            47.13160565627716
          ],
          [
            7.791425885274632,
            47.13145210429537
          ],
          [
            7.791386953503197,
            47.131344392250284
          ],
          [
            7.791302177333821,
            47.131222212777104
          ],
          [
            7.7912847316549945,
            47.13104455326483
          ],
          [
            7.7912885269782475,
            47.13084995422008
          ],
          [
            7.791276773087393,
            47.13073611432321
          ],
          [
            7.791291002209921,
            47.13058486589796
          ],
          [
            7.791227234320006,
            47.13038007550841
          ],
          [
            7.79118859015317,
            47.13016150889761
          ],
          [
            7.7911250162199535,
            47.12999412778271
          ],
          [
            7.790991885343701,
            47.130032574673656
          ],
          [
            7.790505065903222,
            47.13007536749398
          ],
          [
            7.789878987742336,
            47.12986914438063
          ],
          [
            7.789851745100259,
            47.12959744543433
          ],
          [
            7.789196140563745,
            47.1295629769919
          ],
          [
            7.789109084629013,
            47.12961721151017
          ],
          [
            7.788940155335539,
            47.129594977155406
          ],
          [
            7.788686959262978,
            47.1297211992229
          ],
          [
            7.788300716808562,
            47.129905320282916
          ],
          [
            7.788107009956992,
            47.13000070572515
          ],
          [
            7.787866032773149,
            47.129969711396825
          ],
          [
            7.787684578487135,
            47.1299084841428
          ],
          [
            7.787520980253354,
            47.12980416175927
          ],
          [
            7.787238158602794,
            47.129753063231206
          ],
          [
            7.787113475988163,
            47.12974108143517
          ],
          [
            7.786828755345089,
            47.12966939823863
          ],
          [
            7.786007247060299,
            47.12980278169727
          ],
          [
            7.78564362858,
            47.12981012908059
          ],
          [
            7.78563255446544,
            47.12996457847346
          ],
          [
            7.785616193442851,
            47.13005152781141
          ],
          [
            7.785533393320783,
            47.13026931065259
          ],
          [
            7.785486916024985,
            47.130356395625455
          ],
          [
            7.7854025442362795,
            47.13041884959181
          ],
          [
            7.7852684197325885,
            47.13048586072831
          ],
          [
            7.785103564092576,
            47.13051905324017
          ],
          [
            7.784739719086414,
            47.13053291975359
          ],
          [
            7.784547647580587,
            47.13056232540895
          ],
          [
            7.784411865415907,
            47.13053595513118
          ],
          [
            7.784244333878691,
            47.13060399181113
          ],
          [
            7.7839131278836104,
            47.13111842464949
          ],
          [
            7.783626051362703,
            47.131554045660494
          ],
          [
            7.7834822891016575,
            47.131824431906644
          ],
          [
            7.783372854767906,
            47.1319728069666
          ],
          [
            7.783280434930597,
            47.13206149464068
          ],
          [
            7.783125816543983,
            47.13216888880105
          ],
          [
            7.78307841761504,
            47.13224262702757
          ],
          [
            7.782952480966242,
            47.13235639354846
          ],
          [
            7.782799768814205,
            47.13243242524391
          ],
          [
            7.782649040546896,
            47.13248080040328
          ],
          [
            7.7823964260302745,
            47.132552047697274
          ],
          [
            7.782115303097522,
            47.13267307640194
          ],
          [
            7.781550838898775,
            47.13293779654715
          ],
          [
            7.78129997681396,
            47.13314778291998
          ],
          [
            7.781234421551382,
            47.13332429640287
          ],
          [
            7.781227672663463,
            47.13338825239732
          ],
          [
            7.781248195061214,
            47.133530608009586
          ],
          [
            7.781335288335787,
            47.13362236705222
          ],
          [
            7.7815032918717435,
            47.133937580027464
          ],
          [
            7.781566252336583,
            47.13410163994248
          ],
          [
            7.781590210183534,
            47.1341296417837
          ],
          [
            7.781550092834328,
            47.134326525140395
          ],
          [
            7.7814832913363565,
            47.13440918940218
          ],
          [
            7.781263258501951,
            47.13473559508129
          ],
          [
            7.781296567646742,
            47.134888301749925
          ],
          [
            7.781470079621366,
            47.13560288178132
          ],
          [
            7.781609386673424,
            47.13590667536236
          ],
          [
            7.781737445477886,
            47.13615596606014
          ],
          [
            7.781811398830537,
            47.13631733952893
          ],
          [
            7.781882908801095,
            47.13648614103257
          ],
          [
            7.781828749144116,
            47.13664546745288
          ],
          [
            7.781868541640495,
            47.137098216041736
          ],
          [
            7.782094891844199,
            47.137475552903396
          ],
          [
            7.7821192659680465,
            47.13753535040694
          ],
          [
            7.7821623964707705,
            47.13773280415129
          ],
          [
            7.78217530841166,
            47.13778119428122
          ],
          [
            7.782215522469178,
            47.13799661054297
          ],
          [
            7.782312448861818,
            47.138317314016255
          ],
          [
            7.7823410173329055,
            47.138402077830435
          ],
          [
            7.782525268301521,
            47.138836414174584
          ],
          [
            7.78266625585636,
            47.138968335459
          ],
          [
            7.782887213429578,
            47.13915646974099
          ],
          [
            7.783081774255659,
            47.139300400551456
          ],
          [
            7.783143323704425,
            47.13934359000711
          ],
          [
            7.78323877920188,
            47.13949153172982
          ],
          [
            7.783389049980752,
            47.1396356394445
          ],
          [
            7.783421582511074,
            47.13969275873862
          ],
          [
            7.7834387752829794,
            47.1397547092224
          ],
          [
            7.783490080059261,
            47.139920529802964
          ],
          [
            7.783506808455597,
            47.140320330549535
          ],
          [
            7.78355102000374,
            47.140516647072445
          ],
          [
            7.783625600454197,
            47.14062615271185
          ],
          [
            7.783661977600488,
            47.140670100861584
          ],
          [
            7.783700441930707,
            47.140727004415204
          ],
          [
            7.783745805723547,
            47.14084407223681
          ],
          [
            7.783813793901479,
            47.14110491886526
          ],
          [
            7.783835348356442,
            47.14123609002579
          ],
          [
            7.783838147171018,
            47.1412817847765
          ],
          [
            7.783873951483399,
            47.141420981666016
          ],
          [
            7.7838974527211535,
            47.14159035734641
          ],
          [
            7.783927208439855,
            47.141721683799496
          ],
          [
            7.783921584727049,
            47.14175120395225
          ],
          [
            7.783922888143695,
            47.141783707646006
          ],
          [
            7.7838566060527326,
            47.14185782640835
          ],
          [
            7.783908916230581,
            47.14194379591885
          ],
          [
            7.7839486526849,
            47.142077305195855
          ],
          [
            7.783884685506353,
            47.14210353713652
          ],
          [
            7.783857287526325,
            47.142182900342725
          ],
          [
            7.78383981183135,
            47.14224721231941
          ],
          [
            7.783764759686427,
            47.142294300611056
          ],
          [
            7.7838692790915385,
            47.14254466657162
          ],
          [
            7.78399727320375,
            47.142618041249534
          ],
          [
            7.783992067789646,
            47.14263268256985
          ],
          [
            7.783970443257724,
            47.14272012390459
          ],
          [
            7.783808847417406,
            47.142761894715186
          ],
          [
            7.783967708662064,
            47.14324757540177
          ],
          [
            7.784066555369762,
            47.143527623332844
          ],
          [
            7.784297583389487,
            47.14386113621138
          ],
          [
            7.784646643106872,
            47.144275689126665
          ],
          [
            7.7853940950902185,
            47.14511019311547
          ],
          [
            7.7857286624310404,
            47.14568467065605
          ],
          [
            7.785859319692919,
            47.14590515581572
          ],
          [
            7.785825103124242,
            47.146222302172724
          ],
          [
            7.7858644053334,
            47.14631805139593
          ],
          [
            7.785865297145586,
            47.14638453001402
          ],
          [
            7.785862400947388,
            47.14641778389087
          ],
          [
            7.785861126391533,
            47.14661599933857
          ],
          [
            7.78581914070046,
            47.1470650612467
          ],
          [
            7.785911980976029,
            47.14711533282482
          ],
          [
            7.785523069817571,
            47.147486662241405
          ],
          [
            7.785318197908288,
            47.14768887240604
          ],
          [
            7.78517584708836,
            47.147728041593524
          ],
          [
            7.785061338202808,
            47.14782992927545
          ],
          [
            7.784922490082575,
            47.14792364166161
          ],
          [
            7.784733930011337,
            47.1479633809009
          ],
          [
            7.784657731526625,
            47.14797491631059
          ],
          [
            7.784457866536119,
            47.14801791820744
          ],
          [
            7.784286288976203,
            47.148068102787576
          ],
          [
            7.78415520647747,
            47.14811502648209
          ],
          [
            7.784025611462559,
            47.14803876947125
          ],
          [
            7.783898210438588,
            47.14796123746036
          ],
          [
            7.783506509882408,
            47.148074117962416
          ],
          [
            7.78313252368482,
            47.14817813816552
          ],
          [
            7.782963458515779,
            47.14826259279585
          ],
          [
            7.7826517306810405,
            47.14841429620858
          ],
          [
            7.7825522212811995,
            47.14845267760224
          ],
          [
            7.782448420385232,
            47.14847773228514
          ],
          [
            7.782319426767098,
            47.14849097075973
          ],
          [
            7.782143480528378,
            47.148493645130976
          ],
          [
            7.781939925517794,
            47.148494269693174
          ],
          [
            7.781460798956681,
            47.148493213425986
          ],
          [
            7.781030142625734,
            47.148536023173136
          ],
          [
            7.780869317378206,
            47.14856529353859
          ],
          [
            7.7805540244304305,
            47.1486863562167
          ],
          [
            7.780260371806078,
            47.14883933071486
          ],
          [
            7.780164457062962,
            47.14890633910897
          ],
          [
            7.77969817381471,
            47.14877127649977
          ],
          [
            7.779340229211668,
            47.14871463304476
          ],
          [
            7.778650990094464,
            47.14861196809066
          ],
          [
            7.778511692617941,
            47.14843501771335
          ],
          [
            7.778393649840274,
            47.148316363362156
          ],
          [
            7.778235142056239,
            47.14819117191661
          ],
          [
            7.778068400272732,
            47.148075206278094
          ],
          [
            7.777943566562331,
            47.148001986673684
          ],
          [
            7.777087718189518,
            47.148566756003305
          ],
          [
            7.776347889598949,
            47.14917094532092
          ],
          [
            7.776097809506617,
            47.14906999063883
          ],
          [
            7.775696063173469,
            47.14895403485881
          ],
          [
            7.775470380840766,
            47.14890404445771
          ],
          [
            7.7752545146220085,
            47.14891806855513
          ],
          [
            7.775165491075933,
            47.14893704690598
          ],
          [
            7.77467094860636,
            47.14908133775153
          ],
          [
            7.774644390826155,
            47.14909130956107
          ],
          [
            7.773976138395162,
            47.14875960850122
          ],
          [
            7.773170410746147,
            47.14834228455929
          ],
          [
            7.77294685987156,
            47.14832462864496
          ],
          [
            7.772429018163253,
            47.14828009377199
          ],
          [
            7.772265410476911,
            47.148290830674405
          ],
          [
            7.7722661539165925,
            47.14825561353129
          ],
          [
            7.772128748273001,
            47.148033729512015
          ],
          [
            7.7719004598187365,
            47.147872931605846
          ],
          [
            7.771508459977967,
            47.14772480327593
          ],
          [
            7.770960929741257,
            47.14738805859447
          ],
          [
            7.7706112426361456,
            47.14718631257249
          ],
          [
            7.770678745063276,
            47.14710510113094
          ],
          [
            7.7706252414965,
            47.146991973611065
          ],
          [
            7.770516142528938,
            47.14687714423252
          ],
          [
            7.77039877857277,
            47.14681152260713
          ],
          [
            7.769911226109689,
            47.14661561314227
          ],
          [
            7.769167347248335,
            47.14629089260492
          ],
          [
            7.769147087780466,
            47.14632801865591
          ],
          [
            7.768466327597026,
            47.14628168435153
          ],
          [
            7.768203323968307,
            47.146132671793275
          ],
          [
            7.7680992875306805,
            47.14603385453736
          ],
          [
            7.767931227683738,
            47.14589392458547
          ],
          [
            7.767806956730111,
            47.14578684460031
          ],
          [
            7.767643933082676,
            47.14563804886603
          ],
          [
            7.7675269885774085,
            47.14554950412287
          ],
          [
            7.767423775870385,
            47.145440573638496
          ],
          [
            7.767292567266191,
            47.145283186457384
          ],
          [
            7.767162504083444,
            47.14510819285144
          ],
          [
            7.7669801711431194,
            47.144944510686294
          ],
          [
            7.766709114606599,
            47.14469712249076
          ],
          [
            7.766490735732553,
            47.14450683630615
          ],
          [
            7.76634030315286,
            47.1443547467279
          ],
          [
            7.766180762973667,
            47.14421801013556
          ],
          [
            7.766000104284758,
            47.14407277016965
          ],
          [
            7.765886272827244,
            47.14395756302482
          ],
          [
            7.765664518814416,
            47.14370355600329
          ],
          [
            7.765510954863927,
            47.1434738482579
          ],
          [
            7.765390839883583,
            47.14331362098939
          ],
          [
            7.765299432385913,
            47.1431826086017
          ],
          [
            7.765274949242029,
            47.14297448211729
          ],
          [
            7.765186639375058,
            47.142540026980924
          ],
          [
            7.764915054983334,
            47.142579654164884
          ],
          [
            7.76481765101097,
            47.14249842712458
          ],
          [
            7.764728076672177,
            47.142447319749415
          ],
          [
            7.764634593715525,
            47.142418998442075
          ],
          [
            7.764499688609793,
            47.142390578313055
          ],
          [
            7.764264253227426,
            47.142347726468316
          ],
          [
            7.76400510554445,
            47.14229681869809
          ],
          [
            7.7638399831428675,
            47.14220715589037
          ],
          [
            7.763703962324697,
            47.142142389594454
          ],
          [
            7.7635635714836,
            47.14205909697378
          ],
          [
            7.763236489234185,
            47.14193997279094
          ],
          [
            7.763084762510735,
            47.14181967052206
          ],
          [
            7.763189515335085,
            47.141673685193204
          ],
          [
            7.76326574411921,
            47.14150448332629
          ],
          [
            7.763312591118377,
            47.141394676548316
          ],
          [
            7.763373257927368,
            47.14130082373818
          ],
          [
            7.763391924665084,
            47.141228901889015
          ],
          [
            7.763378957866965,
            47.14117531083648
          ],
          [
            7.763378954358857,
            47.14111810328327
          ],
          [
            7.763390734746329,
            47.1410388520025
          ],
          [
            7.763379082293936,
            47.14088659218255
          ],
          [
            7.763368335567184,
            47.14064873432801
          ],
          [
            7.763380412188611,
            47.140605371859714
          ],
          [
            7.763321119362216,
            47.14049045816311
          ],
          [
            7.763237403193526,
            47.1403195480086
          ],
          [
            7.76320534213848,
            47.140217006483184
          ],
          [
            7.763220433819329,
            47.14007059893421
          ],
          [
            7.763211310290713,
            47.140002857038446
          ],
          [
            7.763220958084593,
            47.13984565294166
          ],
          [
            7.763278037396585,
            47.139686399314826
          ],
          [
            7.763266474048031,
            47.13945072045343
          ],
          [
            7.7632724345344535,
            47.13936390284436
          ],
          [
            7.763313814804665,
            47.13927685052258
          ],
          [
            7.763280040835098,
            47.13918089809019
          ],
          [
            7.763166049740476,
            47.1389646848356
          ],
          [
            7.763135681989134,
            47.13887169108109
          ],
          [
            7.763058604253179,
            47.13874296614062
          ],
          [
            7.762936155065589,
            47.138573064233924
          ],
          [
            7.762796223395827,
            47.13846801966348
          ],
          [
            7.762720987654985,
            47.138327568945115
          ],
          [
            7.762575054886011,
            47.1382174498626
          ],
          [
            7.762378289320481,
            47.13802162603041
          ],
          [
            7.762298342760463,
            47.13796750337865
          ],
          [
            7.762156914965424,
            47.13784122525145
          ],
          [
            7.762106765755017,
            47.13778143297073
          ],
          [
            7.762009099707197,
            47.13767205916911
          ],
          [
            7.761971617702999,
            47.137605530075675
          ],
          [
            7.761950589310515,
            47.137500015856055
          ],
          [
            7.761931563872076,
            47.13733530052753
          ],
          [
            7.761931355169654,
            47.13730941377026
          ],
          [
            7.761935894418383,
            47.137277370170686
          ],
          [
            7.761827253315047,
            47.13724529324984
          ],
          [
            7.761715606955906,
            47.137180393240364
          ],
          [
            7.761116369706843,
            47.136765832369186
          ],
          [
            7.760843288850465,
            47.13659137543494
          ],
          [
            7.760101131321977,
            47.13615401990347
          ],
          [
            7.759649834662269,
            47.13590353745444
          ],
          [
            7.759488472546098,
            47.135829778849974
          ],
          [
            7.759344276139414,
            47.13577414196344
          ],
          [
            7.759261701360702,
            47.135744562615386
          ],
          [
            7.758903410193058,
            47.1356623560362
          ],
          [
            7.7587778981824265,
            47.13565397073739
          ],
          [
            7.758650300231461,
            47.13566050465358
          ],
          [
            7.7585262303803635,
            47.135675124052284
          ],
          [
            7.75837573790283,
            47.135704100548296
          ],
          [
            7.758121835671243,
            47.13576182347954
          ],
          [
            7.757654503388256,
            47.135845070780356
          ],
          [
            7.757177948076012,
            47.13583376920734
          ],
          [
            7.756292763503608,
            47.1356353743239
          ],
          [
            7.7560247866112215,
            47.13554910494659
          ],
          [
            7.755565143140578,
            47.13542569154794
          ],
          [
            7.755346155627416,
            47.13537150561029
          ],
          [
            7.754610503433452,
            47.135045669627914
          ],
          [
            7.754367366985993,
            47.13493269435169
          ],
          [
            7.753562721425011,
            47.134581917887175
          ],
          [
            7.752685996064381,
            47.13410684269496
          ],
          [
            7.752197938153422,
            47.13387690359101
          ],
          [
            7.751957819386222,
            47.13394713231903
          ],
          [
            7.751794490328487,
            47.134025885953605
          ],
          [
            7.751457553270297,
            47.13416821902469
          ],
          [
            7.7511460700221795,
            47.13430422161953
          ],
          [
            7.750801252486801,
            47.13443388230197
          ],
          [
            7.750459044030518,
            47.134504708185524
          ],
          [
            7.750150900888181,
            47.13454928377828
          ],
          [
            7.749717888518589,
            47.1345297651538
          ],
          [
            7.749275106495154,
            47.134550775299275
          ],
          [
            7.749093817794392,
            47.13473417524666
          ],
          [
            7.748997881964962,
            47.134847751479164
          ],
          [
            7.748888427003597,
            47.1349668149362
          ],
          [
            7.749030133859418,
            47.13516631815909
          ],
          [
            7.749103501310224,
            47.13537132131296
          ],
          [
            7.749091724618063,
            47.13566655682469
          ],
          [
            7.7489129812533415,
            47.135987733511385
          ],
          [
            7.748927414366467,
            47.136979292748386
          ],
          [
            7.749127829783785,
            47.13713392403939
          ],
          [
            7.7490522038944905,
            47.13757807110161
          ],
          [
            7.748989133637506,
            47.13778874861171
          ],
          [
            7.748735515945874,
            47.138458040142595
          ],
          [
            7.7485095708564495,
            47.13835502661245
          ],
          [
            7.748013584613263,
            47.138141380982205
          ],
          [
            7.74791719590113,
            47.138079484927495
          ],
          [
            7.747650112552068,
            47.13822140325332
          ],
          [
            7.747441017896652,
            47.1382925826262
          ],
          [
            7.747276319978716,
            47.13833848400434
          ],
          [
            7.747086683529983,
            47.13837564588419
          ],
          [
            7.746800319497153,
            47.138415764585204
          ],
          [
            7.746578004682763,
            47.13848066330772
          ],
          [
            7.746180728453226,
            47.13883892942171
          ],
          [
            7.746615467408077,
            47.138877822846716
          ],
          [
            7.746951832125743,
            47.13889922189873
          ],
          [
            7.747107996381007,
            47.1389347116756
          ],
          [
            7.747210816000827,
            47.138977800841566
          ],
          [
            7.74733735263802,
            47.13908077738194
          ],
          [
            7.747485289885198,
            47.13926250972066
          ],
          [
            7.747706325086158,
            47.13948775206938
          ],
          [
            7.74771542186563,
            47.139526810498616
          ],
          [
            7.747768035068895,
            47.139886402257886
          ],
          [
            7.747795633841114,
            47.140047894538164
          ],
          [
            7.747802149993039,
            47.14016526943198
          ],
          [
            7.747752985930935,
            47.14034959874746
          ],
          [
            7.747684711198138,
            47.140530156446935
          ],
          [
            7.747612743971657,
            47.140678513281884
          ],
          [
            7.7474708485445545,
            47.14081434767261
          ],
          [
            7.747243873711414,
            47.14091180363164
          ],
          [
            7.747078890763505,
            47.14110449309186
          ],
          [
            7.746961722802971,
            47.141201114889206
          ],
          [
            7.7472721406676595,
            47.141384472504434
          ],
          [
            7.7477157073857015,
            47.14162935716488
          ],
          [
            7.747583339848079,
            47.142062645141955
          ],
          [
            7.747531759067057,
            47.14245965593151
          ],
          [
            7.747415821185976,
            47.14281852085517
          ],
          [
            7.747341254505663,
            47.143182536843774
          ],
          [
            7.747338578118643,
            47.14351477918843
          ],
          [
            7.748108818188676,
            47.14358713747169
          ],
          [
            7.747970676984581,
            47.14378987525683
          ],
          [
            7.747950551083843,
            47.14397605146751
          ],
          [
            7.747978156667845,
            47.144087954729564
          ],
          [
            7.748045175891353,
            47.14422175368354
          ],
          [
            7.74800547909961,
            47.14443883487585
          ],
          [
            7.748263903546326,
            47.14460517602098
          ],
          [
            7.748500019696384,
            47.14473448164713
          ],
          [
            7.748737114435239,
            47.144868668377306
          ],
          [
            7.749195092226632,
            47.145159976028566
          ],
          [
            7.74928067678046,
            47.145052049652676
          ],
          [
            7.749853703415216,
            47.14527312732686
          ],
          [
            7.7504054247892835,
            47.145590954782115
          ],
          [
            7.750685844310217,
            47.14573762212994
          ],
          [
            7.750992944005301,
            47.14591497900012
          ],
          [
            7.751495959896751,
            47.146284213012976
          ],
          [
            7.751739152411147,
            47.146471293887274
          ],
          [
            7.751396718850223,
            47.14662958901199
          ],
          [
            7.751451856382375,
            47.14712498544608
          ],
          [
            7.751236221063979,
            47.14721464674328
          ],
          [
            7.751034260433187,
            47.147302588529726
          ],
          [
            7.751102540534493,
            47.14736563747519
          ],
          [
            7.751170201078828,
            47.14743999462471
          ],
          [
            7.751525299588308,
            47.14785628581609
          ],
          [
            7.751653641835109,
            47.148049030464904
          ],
          [
            7.751759641197932,
            47.1482492654291
          ],
          [
            7.751825921439068,
            47.14840076601698
          ],
          [
            7.751891919730874,
            47.14864391614884
          ],
          [
            7.751956095672137,
            47.148836807803875
          ],
          [
            7.751979974370376,
            47.14892276991288
          ],
          [
            7.751998137163729,
            47.149061718390186
          ],
          [
            7.751993819002781,
            47.14922761366361
          ],
          [
            7.751946302949068,
            47.14947183680529
          ],
          [
            7.751896465560402,
            47.149668582267275
          ],
          [
            7.751862638539979,
            47.14984118692177
          ],
          [
            7.751842869694736,
            47.14992624221536
          ],
          [
            7.751814053458154,
            47.15002670332138
          ],
          [
            7.752173890449963,
            47.15012645877229
          ],
          [
            7.752369443985981,
            47.15013185434063
          ],
          [
            7.752797589907383,
            47.15010466611905
          ],
          [
            7.7528954038576146,
            47.15023188387819
          ],
          [
            7.753229748263411,
            47.15052120956063
          ],
          [
            7.753450416813514,
            47.15070336500272
          ],
          [
            7.753598326284073,
            47.150640023826355
          ],
          [
            7.753829595810162,
            47.1505256514997
          ],
          [
            7.754085782394343,
            47.15072711954623
          ],
          [
            7.753991085415318,
            47.150796576222085
          ],
          [
            7.75409284313016,
            47.150952475814414
          ],
          [
            7.754185076922137,
            47.15110309440737
          ],
          [
            7.754401696599332,
            47.15139612991553
          ],
          [
            7.754511795193984,
            47.1515618916397
          ],
          [
            7.755358823606284,
            47.15197853073476
          ],
          [
            7.755696260542955,
            47.15223594487305
          ],
          [
            7.755466686203548,
            47.152249456734616
          ],
          [
            7.755361939920486,
            47.152379054864845
          ],
          [
            7.75544505826427,
            47.15239622254749
          ],
          [
            7.755519275978128,
            47.152404401775236
          ],
          [
            7.755591114354156,
            47.15240041743475
          ],
          [
            7.755655002868986,
            47.15237877099302
          ],
          [
            7.755709278876054,
            47.1523548752529
          ],
          [
            7.755745903913287,
            47.15238976456218
          ],
          [
            7.755647869033404,
            47.152472418238666
          ],
          [
            7.7555967204108915,
            47.15253244674637
          ],
          [
            7.755559706481894,
            47.15259242737644
          ],
          [
            7.755525658657702,
            47.15270141289654
          ],
          [
            7.755625520978296,
            47.15302163460385
          ],
          [
            7.755723580822598,
            47.15312594828376
          ],
          [
            7.755968968209895,
            47.153330796853446
          ],
          [
            7.75598859661315,
            47.15334548541234
          ],
          [
            7.75602787174931,
            47.15336681206038
          ],
          [
            7.756164959371671,
            47.15327441701024
          ],
          [
            7.75624083825352,
            47.153275647158004
          ],
          [
            7.756277227822414,
            47.15329955420447
          ],
          [
            7.756276469442998,
            47.153449833599126
          ],
          [
            7.756205518330171,
            47.1537397898275
          ],
          [
            7.756159138027908,
            47.153865899732416
          ],
          [
            7.756061727947093,
            47.154025521103115
          ],
          [
            7.755935714376808,
            47.15421597457283
          ],
          [
            7.755830690960825,
            47.15439282386894
          ],
          [
            7.755868893108391,
            47.15441543079156
          ],
          [
            7.757013891973175,
            47.15502710045952
          ],
          [
            7.756835009317301,
            47.1552521152336
          ],
          [
            7.756645663879147,
            47.15543189640761
          ],
          [
            7.756553239447992,
            47.155505180647545
          ],
          [
            7.756318441369027,
            47.155396018591375
          ],
          [
            7.756167171739062,
            47.15554609192933
          ],
          [
            7.756120284375017,
            47.15563359719273
          ],
          [
            7.756655521461009,
            47.1558557252927
          ],
          [
            7.756891366813978,
            47.155956473565524
          ],
          [
            7.757531212720223,
            47.15636818136073
          ],
          [
            7.75773644394738,
            47.15649355056974
          ],
          [
            7.757917281221266,
            47.15659685061229
          ],
          [
            7.7579471798527955,
            47.156542204953546
          ],
          [
            7.75828750721708,
            47.15661609008759
          ],
          [
            7.758843318721519,
            47.15677592447705
          ],
          [
            7.759238932991486,
            47.15685509511282
          ],
          [
            7.759625859318592,
            47.156892561402294
          ],
          [
            7.760828625120729,
            47.1569627031749
          ],
          [
            7.761014027057876,
            47.15698389845791
          ],
          [
            7.761517258837418,
            47.15706005280782
          ],
          [
            7.761688317010447,
            47.15708172792653
          ],
          [
            7.762168588312941,
            47.15715064893294
          ],
          [
            7.762759554930062,
            47.15727252434581
          ],
          [
            7.763253722964412,
            47.15737759708888
          ],
          [
            7.764022844411634,
            47.15760939416758
          ],
          [
            7.764443916273181,
            47.157739475938094
          ],
          [
            7.765488844803669,
            47.15803879038963
          ],
          [
            7.765892801632438,
            47.15816586612528
          ],
          [
            7.766327036165465,
            47.15827105082601
          ],
          [
            7.766587538882104,
            47.15823507713241
          ],
          [
            7.766937681903043,
            47.15827148112947
          ],
          [
            7.767431983879362,
            47.15823420979627
          ],
          [
            7.7679410857141065,
            47.1583222555022
          ],
          [
            7.76840167826077,
            47.15859763887585
          ],
          [
            7.76845366787192,
            47.15863929827338
          ],
          [
            7.768726885188383,
            47.15896356368134
          ],
          [
            7.768895763524513,
            47.159231540704184
          ],
          [
            7.768970758927707,
            47.15937480290021
          ],
          [
            7.769014163444546,
            47.1594205343295
          ],
          [
            7.769277065510905,
            47.15974317289791
          ],
          [
            7.769422292662406,
            47.160167565647455
          ],
          [
            7.769569270698341,
            47.16056757707599
          ],
          [
            7.769951813351349,
            47.160901743741896
          ],
          [
            7.77042888937111,
            47.16116950686386
          ],
          [
            7.7709201048148975,
            47.16138786345341
          ],
          [
            7.771295771143217,
            47.16150624975139
          ],
          [
            7.77184852651673,
            47.161667001586885
          ],
          [
            7.772393575723635,
            47.16179684874931
          ],
          [
            7.772901207762766,
            47.162029505146485
          ],
          [
            7.772543400012577,
            47.16216676924533
          ],
          [
            7.772267804971638,
            47.16219800577874
          ],
          [
            7.771946387295491,
            47.16223026463737
          ],
          [
            7.772016566741153,
            47.16230540264654
          ],
          [
            7.772074499707041,
            47.16247256645583
          ],
          [
            7.772132066860633,
            47.16260629739978
          ],
          [
            7.772196759070724,
            47.162763853064696
          ],
          [
            7.772230048792493,
            47.16287027384715
          ],
          [
            7.772284568998766,
            47.16307375065242
          ],
          [
            7.7725839525588984,
            47.163617315504865
          ],
          [
            7.772747633571604,
            47.16353462825243
          ],
          [
            7.772908888359515,
            47.16340131574831
          ],
          [
            7.7731541538504985,
            47.16362132910995
          ],
          [
            7.7734380617858925,
            47.16382413949696
          ],
          [
            7.773713168794597,
            47.16400061083646
          ],
          [
            7.77405689819128,
            47.1641391844338
          ],
          [
            7.774342824829264,
            47.16421895506593
          ],
          [
            7.774565594559936,
            47.16427597215949
          ],
          [
            7.774908689263248,
            47.1643379358731
          ],
          [
            7.77522916048329,
            47.164392678787515
          ],
          [
            7.775900151550644,
            47.16447745511279
          ],
          [
            7.77619332325943,
            47.16453206832446
          ],
          [
            7.776459023946405,
            47.164590934907885
          ],
          [
            7.776500710339952,
            47.164615566586136
          ],
          [
            7.776533045720886,
            47.164874568641224
          ],
          [
            7.776627256697765,
            47.165006966586134
          ],
          [
            7.776745874322292,
            47.16518437508606
          ],
          [
            7.776863602477894,
            47.16535446425608
          ],
          [
            7.77698496311812,
            47.165573384699655
          ],
          [
            7.777037760021815,
            47.165571547693816
          ],
          [
            7.777175493832668,
            47.165753567948244
          ],
          [
            7.777251928831722,
            47.16592559491878
          ],
          [
            7.77728628516355,
            47.16595883792369
          ],
          [
            7.777330868292514,
            47.16599708799115
          ],
          [
            7.77752914517375,
            47.16604603995636
          ],
          [
            7.777679629280355,
            47.16608102821594
          ],
          [
            7.7777668518960645,
            47.166087814635276
          ],
          [
            7.778124827305742,
            47.16609580983874
          ],
          [
            7.778491417320123,
            47.16614366171481
          ],
          [
            7.778737138692072,
            47.16617001157231
          ],
          [
            7.779513346421332,
            47.16619134850332
          ],
          [
            7.779799423042733,
            47.16619632191738
          ],
          [
            7.779802079137038,
            47.16626759827823
          ],
          [
            7.779782278122818,
            47.16641619789774
          ],
          [
            7.779570503713527,
            47.16683163105405
          ],
          [
            7.779473678078353,
            47.167034436471496
          ],
          [
            7.779418121276736,
            47.16713972355218
          ],
          [
            7.779348901098802,
            47.16728045472176
          ],
          [
            7.779323349962348,
            47.1673255944409
          ],
          [
            7.779097347222133,
            47.16786311978849
          ],
          [
            7.779035219296981,
            47.16796407255638
          ],
          [
            7.778974389154158,
            47.16812198584133
          ],
          [
            7.778934431819279,
            47.16821453486926
          ],
          [
            7.7788631923948115,
            47.168370041205016
          ],
          [
            7.778705628482185,
            47.16874426004713
          ],
          [
            7.778647358160184,
            47.16891926477915
          ],
          [
            7.778619538103241,
            47.16899369823622
          ],
          [
            7.778643763994383,
            47.16905966696468
          ],
          [
            7.778710762738796,
            47.1691690265981
          ],
          [
            7.778980303199252,
            47.169573143245934
          ],
          [
            7.7793427469616665,
            47.16994849804575
          ],
          [
            7.7795769562212325,
            47.17015292413887
          ],
          [
            7.779921706658801,
            47.17047850695888
          ],
          [
            7.780103284579613,
            47.17059071069603
          ],
          [
            7.780202938426067,
            47.1706614298013
          ],
          [
            7.7803090146715315,
            47.1707319139104
          ],
          [
            7.780543583999234,
            47.170873786799895
          ],
          [
            7.780675308829261,
            47.17094932156519
          ],
          [
            7.780756845773156,
            47.17101257424508
          ],
          [
            7.780854435280131,
            47.17107165958046
          ],
          [
            7.780992599934654,
            47.17112065806466
          ],
          [
            7.781133931941418,
            47.17117813810682
          ],
          [
            7.781351336550991,
            47.171254757766356
          ],
          [
            7.781538488137387,
            47.171328039963015
          ],
          [
            7.78169731365274,
            47.171392006533836
          ],
          [
            7.781854295516094,
            47.171458442961196
          ],
          [
            7.782093373026653,
            47.17155341813794
          ],
          [
            7.782549110275761,
            47.171741850782865
          ],
          [
            7.782868492435892,
            47.17181398972493
          ],
          [
            7.782979311470479,
            47.1718374861327
          ],
          [
            7.783655319764409,
            47.17199672465223
          ],
          [
            7.7839066961553245,
            47.17205478039686
          ],
          [
            7.784139736584884,
            47.17210644124049
          ],
          [
            7.7846306944871495,
            47.17216044008723
          ],
          [
            7.785015950065419,
            47.172196989646174
          ],
          [
            7.785047997481339,
            47.172194068976516
          ],
          [
            7.785323947139727,
            47.17222102457156
          ],
          [
            7.785962121163168,
            47.17204600695283
          ],
          [
            7.786164640963007,
            47.17201429247595
          ],
          [
            7.786236110848367,
            47.172020949074515
          ],
          [
            7.786566622539273,
            47.172115936082896
          ],
          [
            7.786886347079929,
            47.172205072099054
          ],
          [
            7.787076731095825,
            47.172211836643
          ],
          [
            7.787245692661983,
            47.17224278982613
          ],
          [
            7.787341621972062,
            47.17226217143964
          ],
          [
            7.787100584664812,
            47.17252106127905
          ],
          [
            7.786818387024562,
            47.17294197309342
          ],
          [
            7.78697980982256,
            47.17322123409017
          ],
          [
            7.787125282692126,
            47.173481644895695
          ],
          [
            7.787158961058107,
            47.173589490193045
          ],
          [
            7.787309084626074,
            47.173755440851004
          ],
          [
            7.787384562714039,
            47.17380198573671
          ],
          [
            7.787665731349956,
            47.17383081785379
          ],
          [
            7.787800541801907,
            47.17386908747239
          ],
          [
            7.7879540055679985,
            47.173937882879414
          ],
          [
            7.788144676564926,
            47.17405243898517
          ],
          [
            7.788325624869146,
            47.17408786965861
          ],
          [
            7.788494505013908,
            47.17408915627169
          ],
          [
            7.788809535526413,
            47.17405311097834
          ],
          [
            7.78892841118634,
            47.17407703592739
          ],
          [
            7.789075569663253,
            47.174189914727855
          ],
          [
            7.7892403181743,
            47.174370219149395
          ],
          [
            7.78928603647375,
            47.174505011724236
          ],
          [
            7.789272854935026,
            47.17466378377407
          ],
          [
            7.789106353827611,
            47.17489753524468
          ],
          [
            7.7891178057141985,
            47.175043090914244
          ],
          [
            7.78917169792506,
            47.175175106243934
          ],
          [
            7.789257338016514,
            47.17558080091887
          ],
          [
            7.789193140759459,
            47.17570466616972
          ],
          [
            7.789066178148458,
            47.1758022953344
          ],
          [
            7.7889866470261975,
            47.17596178165044
          ],
          [
            7.788959969781196,
            47.17621549914305
          ],
          [
            7.7889708164553095,
            47.17632094864073
          ],
          [
            7.789050109856486,
            47.17644183214834
          ],
          [
            7.789233124225156,
            47.176521554691455
          ],
          [
            7.789459074872137,
            47.17657257870259
          ],
          [
            7.789561576548735,
            47.17666363631428
          ],
          [
            7.789658338915082,
            47.176780688395056
          ],
          [
            7.789769045683988,
            47.17687966327888
          ],
          [
            7.789890597339596,
            47.17695863647974
          ],
          [
            7.790245544254716,
            47.17703652023553
          ],
          [
            7.790401965651433,
            47.17708777240415
          ],
          [
            7.7906310142072375,
            47.17724440202887
          ],
          [
            7.790729164157925,
            47.177373358128484
          ],
          [
            7.790806544052476,
            47.177298527624906
          ],
          [
            7.791023030689843,
            47.17708913199392
          ],
          [
            7.791312918386249,
            47.1768061495428
          ],
          [
            7.791313758264609,
            47.176572901843045
          ],
          [
            7.791433385210439,
            47.176523549960976
          ],
          [
            7.791560088594371,
            47.17647309691122
          ],
          [
            7.792358571111122,
            47.176316082597445
          ],
          [
            7.792726811207246,
            47.17624368611774
          ],
          [
            7.792744465223241,
            47.17624024983681
          ],
          [
            7.7929192704580315,
            47.17638450273041
          ],
          [
            7.7930044975148505,
            47.17650163244484
          ],
          [
            7.793226212574606,
            47.17671547765619
          ],
          [
            7.793354377715689,
            47.17684822500021
          ],
          [
            7.793453075349703,
            47.17692152605725
          ],
          [
            7.793667918264792,
            47.177081179667596
          ],
          [
            7.793671363159542,
            47.17713324017521
          ],
          [
            7.7936720944663325,
            47.177144067707836
          ],
          [
            7.7936764269335645,
            47.17751734011375
          ],
          [
            7.793683398328379,
            47.178117723963524
          ],
          [
            7.793683500069948,
            47.17812511740503
          ],
          [
            7.793687301103168,
            47.17839025545364
          ],
          [
            7.793689961199729,
            47.17857475830748
          ],
          [
            7.793695410983164,
            47.17888963268121
          ],
          [
            7.793696022703017,
            47.17893418220933
          ],
          [
            7.7937011583159315,
            47.17930517628612
          ],
          [
            7.793720455946771,
            47.17933861361426
          ],
          [
            7.793835717633749,
            47.17944813046588
          ],
          [
            7.793905026021622,
            47.17961267527381
          ],
          [
            7.79404853628256,
            47.18011651024647
          ],
          [
            7.79407146660695,
            47.18019435278942
          ],
          [
            7.794111975065353,
            47.18032475189972
          ],
          [
            7.794135351016551,
            47.18040013746384
          ],
          [
            7.794144049940131,
            47.180436692619054
          ],
          [
            7.794206905613111,
            47.180688174152785
          ],
          [
            7.793980611043649,
            47.18140445543673
          ],
          [
            7.793924268528971,
            47.181582213957164
          ],
          [
            7.793913100624734,
            47.18162100708294
          ],
          [
            7.793790753867999,
            47.18205966596163
          ],
          [
            7.793783204259773,
            47.182095020895545
          ],
          [
            7.793776182590518,
            47.18213041018184
          ],
          [
            7.793769688920857,
            47.18216584281531
          ],
          [
            7.793764156527664,
            47.182201002642614
          ],
          [
            7.793759138824799,
            47.182236187868625
          ],
          [
            7.793754635813259,
            47.1822713984934
          ],
          [
            7.793743969859564,
            47.1823899741585
          ],
          [
            7.793736600460764,
            47.18244059275114
          ],
          [
            7.7937382140488705,
            47.182634354320555
          ],
          [
            7.793737563142092,
            47.182637666420966
          ],
          [
            7.793734903638364,
            47.18264048999178
          ],
          [
            7.79373073311292,
            47.182642256826476
          ],
          [
            7.793725854186867,
            47.182642640639465
          ],
          [
            7.793729969148132,
            47.1827380270865
          ],
          [
            7.793738358732305,
            47.18283540621296
          ],
          [
            7.79374371211271,
            47.18289069890599
          ],
          [
            7.793750054678576,
            47.18294594357747
          ],
          [
            7.793757425952308,
            47.18300113111075
          ],
          [
            7.793794608077512,
            47.18323660004151
          ],
          [
            7.793808021294775,
            47.18332951124003
          ],
          [
            7.793816358219516,
            47.18338506457795
          ],
          [
            7.79382410177072,
            47.18344066471656
          ],
          [
            7.793831185861828,
            47.1834962938698
          ],
          [
            7.793837799009546,
            47.1835525271259
          ],
          [
            7.79384375269359,
            47.18360878939675
          ],
          [
            7.793849047031112,
            47.18366509867191
          ],
          [
            7.793854606962814,
            47.18373560095904
          ],
          [
            7.793855605818941,
            47.18374895519446
          ],
          [
            7.793858406584906,
            47.18374952223498
          ],
          [
            7.79386030322268,
            47.183751027522355
          ],
          [
            7.793860698880277,
            47.18375299616978
          ],
          [
            7.793869504478576,
            47.18391706159933
          ],
          [
            7.793872934367001,
            47.18401652477774
          ],
          [
            7.793873332308826,
            47.184050685888096
          ],
          [
            7.793870830471144,
            47.18405939158912
          ],
          [
            7.793874161645239,
            47.18419770370568
          ],
          [
            7.793879086978702,
            47.18433368124732
          ],
          [
            7.793881904198389,
            47.184388478017844
          ],
          [
            7.793885169937598,
            47.18444326441094
          ],
          [
            7.793888884138095,
            47.18449803143192
          ],
          [
            7.79389255297385,
            47.184545953532705
          ],
          [
            7.793896564784226,
            47.184593865581284
          ],
          [
            7.7939009195105164,
            47.18464175858304
          ],
          [
            7.793904231664258,
            47.18467567684412
          ],
          [
            7.793907701964123,
            47.18470956763307
          ],
          [
            7.793911383422558,
            47.18474346676592
          ],
          [
            7.793930819231181,
            47.18491883287317
          ],
          [
            7.793940715012565,
            47.185000502337196
          ],
          [
            7.793952430750871,
            47.18508204925825
          ],
          [
            7.793965966454353,
            47.18516347363564
          ],
          [
            7.793977819037093,
            47.18522784002311
          ],
          [
            7.793990832083853,
            47.18529211288397
          ],
          [
            7.794005756080962,
            47.185356056039694
          ],
          [
            7.794022590653015,
            47.18542359123208
          ],
          [
            7.794048904901161,
            47.18552194043888
          ],
          [
            7.794076764630218,
            47.1856205457235
          ],
          [
            7.79421401173708,
            47.18560527213723
          ],
          [
            7.7947927424991414,
            47.18553884031068
          ],
          [
            7.795435708843537,
            47.18546984118366
          ],
          [
            7.79606130515577,
            47.18540202564666
          ],
          [
            7.796743785101323,
            47.18532730192699
          ],
          [
            7.797383329497968,
            47.185258338498556
          ],
          [
            7.797448022166196,
            47.185716036573275
          ],
          [
            7.79748341706683,
            47.18589074976027
          ],
          [
            7.797521135360301,
            47.18617988779705
          ],
          [
            7.7975425972943455,
            47.186370277307205
          ],
          [
            7.797601629534577,
            47.186634514248574
          ],
          [
            7.797673721437886,
            47.18684510136458
          ],
          [
            7.79784978504023,
            47.18708134161732
          ],
          [
            7.798017165752,
            47.18725817089864
          ],
          [
            7.798359981781647,
            47.187006821146916
          ],
          [
            7.798822417595578,
            47.18656180708546
          ],
          [
            7.799235278231198,
            47.1863171618493
          ],
          [
            7.799857774786802,
            47.18614495048692
          ],
          [
            7.800264195092944,
            47.186077204849994
          ],
          [
            7.800712052107468,
            47.18586426816912
          ],
          [
            7.80091651363888,
            47.18573467617657
          ],
          [
            7.801302767926659,
            47.18559070511313
          ],
          [
            7.80171258471797,
            47.18521504183379
          ],
          [
            7.801867304692027,
            47.184883571976435
          ],
          [
            7.801956976097306,
            47.184697762190844
          ],
          [
            7.802377747947637,
            47.184682097804256
          ],
          [
            7.802583049792851,
            47.1846425293461
          ],
          [
            7.802892628151555,
            47.18453222863552
          ],
          [
            7.803168644591318,
            47.184432197352265
          ],
          [
            7.803602192507383,
            47.18468492069351
          ],
          [
            7.803885896146238,
            47.18489400654382
          ],
          [
            7.804186005692865,
            47.18509591577668
          ],
          [
            7.804979226767998,
            47.184518583817585
          ],
          [
            7.805824731154717,
            47.18474634175326
          ],
          [
            7.8064652835376735,
            47.184136834294385
          ],
          [
            7.8070692579163765,
            47.18402753458943
          ],
          [
            7.807935606996039,
            47.18363655499594
          ],
          [
            7.80931888354116,
            47.18365176063943
          ],
          [
            7.8099308860565,
            47.18345362305983
          ],
          [
            7.810174895744881,
            47.18333919626532
          ],
          [
            7.8107993690738855,
            47.183226068983394
          ],
          [
            7.811318259909505,
            47.1830853506863
          ],
          [
            7.811761630298642,
            47.18297690507869
          ],
          [
            7.812118992135794,
            47.182915770401884
          ],
          [
            7.812563286191027,
            47.18284559172089
          ],
          [
            7.813097920493719,
            47.18258390570599
          ],
          [
            7.8133089806976574,
            47.18251351899465
          ],
          [
            7.813978852402729,
            47.182404706251866
          ],
          [
            7.81410003239664,
            47.18236533703223
          ],
          [
            7.8142396735553366,
            47.18228892076834
          ],
          [
            7.814889166033448,
            47.18214940674927
          ],
          [
            7.815091149593515,
            47.18212281525159
          ],
          [
            7.8153909164228095,
            47.18213327743663
          ],
          [
            7.815599565248836,
            47.18216151378714
          ],
          [
            7.815814943391676,
            47.18216359773792
          ],
          [
            7.815819445625608,
            47.182186573814974
          ],
          [
            7.8159532262379745,
            47.182168254304244
          ],
          [
            7.816133111668698,
            47.182072464044396
          ],
          [
            7.816293770178477,
            47.18197609785169
          ],
          [
            7.816487022521873,
            47.18180037107561
          ],
          [
            7.816569687853351,
            47.181768312341845
          ],
          [
            7.816707389379589,
            47.18157102675046
          ],
          [
            7.816910700300563,
            47.18124510637362
          ],
          [
            7.816981835380522,
            47.181093651665684
          ],
          [
            7.817034525873916,
            47.180962648756655
          ],
          [
            7.81717351691225,
            47.180744877067085
          ],
          [
            7.817310526943795,
            47.180543770150415
          ],
          [
            7.81741449754614,
            47.180366347104545
          ],
          [
            7.8174171545790765,
            47.18016925235766
          ],
          [
            7.8173759956419255,
            47.1801079168257
          ],
          [
            7.817335656055838,
            47.1800262322497
          ],
          [
            7.817325609541094,
            47.179967367013546
          ],
          [
            7.817326099447104,
            47.17989294206307
          ],
          [
            7.817352356574573,
            47.17985431289802
          ],
          [
            7.81746466395654,
            47.179723635576565
          ],
          [
            7.817588555994828,
            47.17954477065189
          ],
          [
            7.817716343427885,
            47.17942248834228
          ],
          [
            7.817836286662197,
            47.17929543743556
          ],
          [
            7.817883302474251,
            47.179220625548
          ],
          [
            7.817996474769523,
            47.17916032051075
          ],
          [
            7.8182120841459195,
            47.17909243725705
          ],
          [
            7.818443699888114,
            47.179062441124195
          ],
          [
            7.818648841716174,
            47.17906081159744
          ],
          [
            7.8196821026372225,
            47.1786935591849
          ],
          [
            7.820180224092277,
            47.178524517412136
          ],
          [
            7.820481087695992,
            47.178528657254766
          ],
          [
            7.821889341231521,
            47.178672965491224
          ],
          [
            7.823203946990525,
            47.17867335453149
          ],
          [
            7.823417310101325,
            47.17847754420908
          ],
          [
            7.824464503384675,
            47.17878353870769
          ],
          [
            7.824688273414866,
            47.17890304166338
          ],
          [
            7.825414551911272,
            47.17908467764498
          ],
          [
            7.825553656780281,
            47.17910184072037
          ],
          [
            7.82632112658807,
            47.179082765532286
          ],
          [
            7.826568889894989,
            47.17917368845187
          ],
          [
            7.826838512075194,
            47.17922795516639
          ],
          [
            7.827270053036608,
            47.179392528001046
          ],
          [
            7.827801101518408,
            47.179623541087736
          ],
          [
            7.82821991186099,
            47.179787280840856
          ],
          [
            7.82859978022966,
            47.17992379747808
          ]
        ]
      }
    }
  ]
}