{
  "type": "FeatureCollection",
  "features": [
    {
      "type": "Feature",
      "properties": {},
      "geometry": {
        "type": "LineString",
        "coordinates": [
          [
            8.969106506088119,
            46.63195428153693
          ],
          [
            8.969489464527134,
            46.631458090549
          ],
          [
            8.970022172199933,
            46.631118191198446
          ],
          [
            8.970286215934827,
            46.6309101412289
          ],
          [
            8.971256681368995,
            46.63031882064132
          ],
          [
            8.97197385624223,
            46.62994610808395
          ],
          [
            8.97228163703957,
            46.62983829669769
          ],
          [
            8.972537225430731,
            46.629816013775375
          ],
          [
            8.973276297180078,
            46.62982812592394
          ],
          [
            8.97369564731478,
            46.62988158558751
          ],
          [
            8.973869696374532,
            46.62992036565988
          ],
          [
            8.989270447754025,
            46.627714193530885
          ],
          [
            8.98978692823582,
            46.62765077268808
          ],
          [
            8.990367487379839,
            46.627645372633495
          ],
          [
            8.99135924587971,
            46.62766875972472
          ],
          [
            8.991604625316771,
            46.62766129255428
          ],
          [
            8.991782196830377,
            46.62771880166307
          ],
          [
            8.99202896967165,
            46.627689379124234
          ],
          [
            8.99223877488276,
            46.62771875404569
          ],
          [
            8.992512898875832,
            46.62771898130114
          ],
          [
            8.99282231254649,
            46.62781734578677
          ],
          [
            8.993658366019554,
            46.62782004787334
          ],
          [
            8.994190040908517,
            46.62788897496822
          ],
          [
            8.994675144036293,
            46.62788258067352
          ],
          [
            8.995327374498633,
            46.62773735622941
          ],
          [
            8.995644927645756,
            46.62771551458713
          ],
          [
            8.996187026114768,
            46.627551978968825
          ],
          [
            8.996398111884897,
            46.62638519753117
          ],
          [
            8.996372879156853,
            46.62611421043841
          ],
          [
            8.996393548951344,
            46.62587485974652
          ],
          [
            8.996460754233631,
            46.62564472442819
          ],
          [
            8.996803230002115,
            46.62527607836207
          ],
          [
            8.997385755121048,
            46.62482489664643
          ],
          [
            8.99765163059368,
            46.624728008118225
          ],
          [
            8.997952401353103,
            46.62464928352422
          ],
          [
            8.998515322631196,
            46.62458092175113
          ],
          [
            8.998876693097644,
            46.624551731495025
          ],
          [
            8.999567981175327,
            46.62441088630643
          ],
          [
            9.001131623495725,
            46.62445252802622
          ],
          [
            9.002227632191246,
            46.624327750347526
          ],
          [
            9.00327534003672,
            46.62695581329184
          ],
          [
            9.006599647325544,
            46.63041766306548
          ],
          [
            9.012191687024945,
            46.632974554347996
          ],
          [
            9.013672051732108,
            46.632901049148494
          ],
          [
            9.0145398160111,
            46.63340999969768
          ],
          [
            9.01585905366398,
            46.63421589384369
          ],
          [
            9.016693597848047,
            46.63483865539335
          ],
          [
            9.018796946890463,
            46.636503684610496
          ],
          [
            9.019475696709986,
            46.63688836742607
          ],
          [
            9.024335710089003,
            46.63967468822886
          ],
          [
            9.0248412425313,
            46.6398096900712
          ],
          [
            9.024909041428707,
            46.64002241555008
          ],
          [
            9.02500941643511,
            46.64010954268272
          ],
          [
            9.025225734803264,
            46.6401644454975
          ],
          [
            9.025316064704592,
            46.64025423157367
          ],
          [
            9.02534382391936,
            46.64035119649577
          ],
          [
            9.025335023328134,
            46.64045141496492
          ],
          [
            9.025267627167615,
            46.640544730004116
          ],
          [
            9.025153468913452,
            46.64062975301949
          ],
          [
            9.02533412736008,
            46.64077897708469
          ],
          [
            9.024808563140951,
            46.64131156489426
          ],
          [
            9.02417025736952,
            46.64170641328299
          ],
          [
            9.023991568590315,
            46.64188162335954
          ],
          [
            9.023455276302489,
            46.64262156340496
          ],
          [
            9.023124797652136,
            46.64295547433813
          ],
          [
            9.02232549190793,
            46.644075580296466
          ],
          [
            9.022005546839813,
            46.64449485225664
          ],
          [
            9.021710031116402,
            46.6448121674128
          ],
          [
            9.021577301669916,
            46.64501560716353
          ],
          [
            9.021421292502557,
            46.6451954822332
          ],
          [
            9.020847757432792,
            46.64552303722463
          ],
          [
            9.020763679230525,
            46.64564943947178
          ],
          [
            9.020767775541929,
            46.645789309607885
          ],
          [
            9.020902457454861,
            46.64599671748617
          ],
          [
            9.023516847758467,
            46.64916913809327
          ],
          [
            9.023688719678647,
            46.64955108725423
          ],
          [
            9.02461246805155,
            46.65010764618208
          ],
          [
            9.025065676634808,
            46.651348523980204
          ],
          [
            9.024626212023374,
            46.65185782134215
          ],
          [
            9.02419239965988,
            46.65230534323973
          ],
          [
            9.023949685861076,
            46.65267136916823
          ],
          [
            9.023896928318475,
            46.652964445827905
          ],
          [
            9.02264475388613,
            46.653677954252274
          ],
          [
            9.021902589748938,
            46.654064307220565
          ],
          [
            9.02056847764022,
            46.65456374993423
          ],
          [
            9.02040576300491,
            46.65465893403941
          ],
          [
            9.020343253080151,
            46.654736162540544
          ],
          [
            9.020059474504594,
            46.65546820436423
          ],
          [
            9.019889563029873,
            46.6556377067678
          ],
          [
            9.019911094133652,
            46.655954942601944
          ],
          [
            9.017138224176351,
            46.66143772755885
          ],
          [
            9.017580488843706,
            46.66203471847106
          ],
          [
            9.017361678918336,
            46.66303103041632
          ],
          [
            9.017026036924188,
            46.66341382090498
          ],
          [
            9.01648367981172,
            46.664888025427445
          ],
          [
            9.015349789969195,
            46.66650889158685
          ],
          [
            9.016819747636092,
            46.66827814853259
          ],
          [
            9.01694165220909,
            46.66861446313677
          ],
          [
            9.016954599347697,
            46.66908112871058
          ],
          [
            9.017501293096569,
            46.67029910079817
          ],
          [
            9.017459038597224,
            46.67060002638959
          ],
          [
            9.017502360983224,
            46.671369121429
          ],
          [
            9.017475938816867,
            46.67176541533929
          ],
          [
            9.016541597651193,
            46.67461770814548
          ],
          [
            9.016664306862578,
            46.67527407399166
          ],
          [
            9.017300251891767,
            46.67613009920124
          ],
          [
            9.01777836542149,
            46.67650007677548
          ],
          [
            9.022721233567614,
            46.677547466195385
          ],
          [
            9.033453340026647,
            46.674820117333496
          ],
          [
            9.038005806803193,
            46.67532921750327
          ],
          [
            9.044347038844165,
            46.676863250071314
          ],
          [
            9.053161939263324,
            46.67879649380444
          ],
          [
            9.071279958048912,
            46.6849926231322
          ],
          [
            9.080487992089664,
            46.68413268735414
          ],
          [
            9.08340334099567,
            46.68465880128658
          ],
          [
            9.08791780145905,
            46.68548281655645
          ],
          [
            9.09306123362338,
            46.69085964797454
          ],
          [
            9.09818824798853,
            46.69480695615766
          ],
          [
            9.099236432995559,
            46.69567649894429
          ],
          [
            9.099898357651103,
            46.696346878284295
          ],
          [
            9.102550812754505,
            46.69989369777436
          ],
          [
            9.102706112462975,
            46.70438214415515
          ],
          [
            9.10554767351788,
            46.70781224008226
          ],
          [
            9.10802987632653,
            46.70967376551165
          ],
          [
            9.110973777669471,
            46.71037674999662
          ],
          [
            9.114681594043903,
            46.71244966384576
          ],
          [
            9.115008929535735,
            46.71275436764056
          ],
          [
            9.115351288143238,
            46.713037255576566
          ],
          [
            9.115446059498584,
            46.713350775827
          ],
          [
            9.115661305529104,
            46.71375250877979
          ],
          [
            9.115930361209973,
            46.7139914853357
          ],
          [
            9.116310805696694,
            46.71402636915867
          ],
          [
            9.116763025257633,
            46.71405568780834
          ],
          [
            9.117312751786693,
            46.714065592350906
          ],
          [
            9.117693324559776,
            46.71410496846237
          ],
          [
            9.118167958620873,
            46.71422393594463
          ],
          [
            9.118449920598286,
            46.71424677569382
          ],
          [
            9.1185821183923,
            46.71450125829609
          ],
          [
            9.118691343379137,
            46.71464810869737
          ],
          [
            9.118969150912195,
            46.7147474875023
          ],
          [
            9.119219547632627,
            46.71480678064274
          ],
          [
            9.11959971978786,
            46.71483266007465
          ],
          [
            9.119901859456155,
            46.71487319396128
          ],
          [
            9.120489329777387,
            46.71504446469775
          ],
          [
            9.120798850355966,
            46.71511188002147
          ],
          [
            9.12112630211752,
            46.71512503570361
          ],
          [
            9.121440398150769,
            46.71512939897205
          ],
          [
            9.121582742213661,
            46.71528925434955
          ],
          [
            9.121431163826236,
            46.71546244447046
          ],
          [
            9.121246895318535,
            46.71563612568042
          ],
          [
            9.121095455110268,
            46.71581381205231
          ],
          [
            9.120977124779717,
            46.7160045241052
          ],
          [
            9.120951165733654,
            46.71622084811576
          ],
          [
            9.120970972360972,
            46.716436497021306
          ],
          [
            9.12091814714958,
            46.71663073245152
          ],
          [
            9.12085253872237,
            46.71683414494839
          ],
          [
            9.12079388876845,
            46.71705096007498
          ],
          [
            9.120669296416128,
            46.71725074363637
          ],
          [
            9.120636937905328,
            46.717471669669195
          ],
          [
            9.120728574597884,
            46.71789320269254
          ],
          [
            9.120935744734691,
            46.718034107704554
          ],
          [
            9.121433962848418,
            46.718278688896575
          ],
          [
            9.121654212472757,
            46.71841939066367
          ],
          [
            9.121912851112874,
            46.718532541808955
          ],
          [
            9.122126003748408,
            46.71865536134471
          ],
          [
            9.122313846347478,
            46.71880554677106
          ],
          [
            9.122492376910664,
            46.71907733625467
          ],
          [
            9.122626652130974,
            46.71918782308406
          ],
          [
            9.122788204269773,
            46.71933389716981
          ],
          [
            9.122820955712458,
            46.71954485588605
          ],
          [
            9.12297055589021,
            46.71972709640636
          ],
          [
            9.123417334235318,
            46.719999421538596
          ],
          [
            9.123650251826465,
            46.72012644515271
          ],
          [
            9.123924086916185,
            46.72030684900232
          ],
          [
            9.123905097527794,
            46.720536567067214
          ],
          [
            9.123819318505308,
            46.720722293218564
          ],
          [
            9.12377234832495,
            46.72089394059661
          ],
          [
            9.123607466657425,
            46.721269792720754
          ],
          [
            9.123594873717263,
            46.721494917416955
          ],
          [
            9.12369913301892,
            46.72169132318424
          ],
          [
            9.12390048928499,
            46.721854802841705
          ],
          [
            9.124024212799926,
            46.72204642196457
          ],
          [
            9.12416770681871,
            46.72224224757528
          ],
          [
            9.124361684729822,
            46.722378842852414
          ],
          [
            9.124498080002544,
            46.722556777890745
          ],
          [
            9.124726159086952,
            46.7227378562762
          ],
          [
            9.124951428254068,
            46.7228290002841
          ],
          [
            9.12510062298531,
            46.72299774785788
          ],
          [
            9.125296011994278,
            46.723179308490266
          ],
          [
            9.125418350458265,
            46.72332595892739
          ],
          [
            9.12567758306523,
            46.72345708825443
          ],
          [
            9.125852796540526,
            46.72362095128275
          ],
          [
            9.125950669964327,
            46.723821948363586
          ],
          [
            9.125813143928111,
            46.724026427549106
          ],
          [
            9.125977954683524,
            46.724275929998676
          ],
          [
            9.12585447697658,
            46.72451169281264
          ],
          [
            9.125834932006217,
            46.72472343331141
          ],
          [
            9.125900112347317,
            46.72492491401701
          ],
          [
            9.12588338024317,
            46.72522657939266
          ],
          [
            9.126116607571262,
            46.7253625912848
          ],
          [
            9.126302025634649,
            46.72564327087136
          ],
          [
            9.126359071954527,
            46.725651604330565
          ],
          [
            9.126467894872697,
            46.72571729580803
          ],
          [
            9.126784586221937,
            46.725802584819455
          ],
          [
            9.127073995762162,
            46.72585227759851
          ],
          [
            9.127333526097562,
            46.72599239650895
          ],
          [
            9.127708298203585,
            46.726223393252596
          ],
          [
            9.128155223048045,
            46.72632662559868
          ],
          [
            9.128241218236436,
            46.726356843281636
          ],
          [
            9.128518399292721,
            46.72643371524552
          ],
          [
            9.128571980696488,
            46.726473410433236
          ],
          [
            9.128874050859693,
            46.72650940581962
          ],
          [
            9.12928827488939,
            46.72657524762773
          ],
          [
            9.129456393340124,
            46.726721215422835
          ],
          [
            9.130039458227824,
            46.726955496298366
          ],
          [
            9.130349200146762,
            46.72702738229963
          ],
          [
            9.130600230618311,
            46.72710463711868
          ],
          [
            9.131032385759033,
            46.72711621236504
          ],
          [
            9.131424834840526,
            46.72732183176014
          ],
          [
            9.131696191553472,
            46.72742126746983
          ],
          [
            9.131973524176981,
            46.72750262771243
          ],
          [
            9.132257961727294,
            46.72760187692806
          ],
          [
            9.13252974531887,
            46.7277148096983
          ],
          [
            9.132806938904809,
            46.72779165324081
          ],
          [
            9.133027539858134,
            46.72794133525513
          ],
          [
            9.133317814613548,
            46.72801800127113
          ],
          [
            9.133252521657615,
            46.72823041401491
          ],
          [
            9.133365205319803,
            46.72848517052981
          ],
          [
            9.13360571159628,
            46.728643553316594
          ],
          [
            9.134369043831956,
            46.72899211126579
          ],
          [
            9.134653069173384,
            46.72907785545482
          ],
          [
            9.135066895694793,
            46.72913018621321
          ],
          [
            9.135305995038959,
            46.72924358960741
          ],
          [
            9.135694200130445,
            46.729521238405724
          ],
          [
            9.135751610124291,
            46.729682340547754
          ],
          [
            9.135725138086169,
            46.72988068987384
          ],
          [
            9.13572807827756,
            46.73018206465974
          ],
          [
            9.1360604072788,
            46.73055501802781
          ],
          [
            9.136494686713208,
            46.73084097625034
          ],
          [
            9.136847520620675,
            46.7310336708607
          ],
          [
            9.136860971935489,
            46.731253911074255
          ],
          [
            9.136828104732468,
            46.73145684565923
          ],
          [
            9.136814432213392,
            46.73164600713973
          ],
          [
            9.136957431839363,
            46.73182382974192
          ],
          [
            9.137249432540766,
            46.73195444583776
          ],
          [
            9.13735305364723,
            46.7321283555138
          ],
          [
            9.13768443756156,
            46.73226287387286
          ],
          [
            9.138176890015625,
            46.732525465631795
          ],
          [
            9.138593297652424,
            46.73265872372057
          ],
          [
            9.13858048114658,
            46.732874856438684
          ],
          [
            9.13864571896543,
            46.73307632967678
          ],
          [
            9.138860951835738,
            46.7332620711672
          ],
          [
            9.139145007097227,
            46.733347813123004
          ],
          [
            9.139410010167808,
            46.733451824570935
          ],
          [
            9.13969334507476,
            46.733515081990696
          ],
          [
            9.13995991068029,
            46.73366856454799
          ],
          [
            9.140103919095747,
            46.73387785986843
          ],
          [
            9.140362954375382,
            46.73399996231606
          ],
          [
            9.140649002661897,
            46.73414865391683
          ],
          [
            9.140896237074996,
            46.73431140234249
          ],
          [
            9.141110914827626,
            46.734479152880056
          ],
          [
            9.1413939862615,
            46.734533412532656
          ],
          [
            9.141709758999644,
            46.73458718332613
          ],
          [
            9.141906524088123,
            46.73480918528728
          ],
          [
            9.142213053473629,
            46.734984551040085
          ],
          [
            9.142699154702251,
            46.73525171752353
          ],
          [
            9.143267725415505,
            46.735436662579005
          ],
          [
            9.143597580940453,
            46.73552170936546
          ],
          [
            9.143903867757572,
            46.73557197193833
          ],
          [
            9.144004846124375,
            46.73595647685803
          ],
          [
            9.144747957252523,
            46.7361104631731
          ],
          [
            9.144923730624674,
            46.73605805982034
          ],
          [
            9.145300402777913,
            46.73606737970864
          ],
          [
            9.145684477364432,
            46.73632667551503
          ],
          [
            9.14617273991514,
            46.736407383236816
          ],
          [
            9.147277829116819,
            46.73643021171472
          ],
          [
            9.147626822156118,
            46.736328332374526
          ],
          [
            9.14808577598756,
            46.736326144274365
          ],
          [
            9.148773271913813,
            46.73635796778916
          ],
          [
            9.14901457420395,
            46.73639693612557
          ],
          [
            9.149110389739501,
            46.736447055866385
          ],
          [
            9.149844166365845,
            46.73646371094874
          ],
          [
            9.1499742970058,
            46.73647878250375
          ],
          [
            9.149698268960238,
            46.736623618030656
          ],
          [
            9.15019397171953,
            46.73758255149251
          ],
          [
            9.150856683271781,
            46.737699230953886
          ],
          [
            9.15136342825357,
            46.738433332925624
          ],
          [
            9.15155645673665,
            46.73843545573031
          ],
          [
            9.151797361473616,
            46.73867494481191
          ],
          [
            9.1521358528131,
            46.738890248920164
          ],
          [
            9.153423955588957,
            46.73920881940379
          ],
          [
            9.153923263739985,
            46.739487851613035
          ],
          [
            9.154427894288501,
            46.73953911727141
          ],
          [
            9.154771584410412,
            46.7397095905028
          ],
          [
            9.155805406642996,
            46.73999793903444
          ],
          [
            9.156373891701632,
            46.740320538786236
          ],
          [
            9.156930929718724,
            46.74044222959077
          ],
          [
            9.156965840793825,
            46.74038613458137
          ],
          [
            9.157299047337144,
            46.740474457117585
          ],
          [
            9.158025102978995,
            46.74171741636312
          ],
          [
            9.159481383331821,
            46.7424253755682
          ],
          [
            9.159954260302603,
            46.742478427800584
          ],
          [
            9.160474192840258,
            46.74264260838694
          ],
          [
            9.16068175549037,
            46.742645648348734
          ],
          [
            9.160868473154478,
            46.7426418764539
          ],
          [
            9.161458348179673,
            46.742775520691765
          ],
          [
            9.162889108799828,
            46.7421051259447
          ],
          [
            9.163074561764873,
            46.74208233054669
          ],
          [
            9.163294668622797,
            46.74210401716374
          ],
          [
            9.16348406665471,
            46.74208548932399
          ],
          [
            9.163952054580175,
            46.742136637425524
          ],
          [
            9.164352261327325,
            46.74221731328715
          ],
          [
            9.164928456271314,
            46.74229104239218
          ],
          [
            9.165371740430443,
            46.74242446389615
          ],
          [
            9.16591003360897,
            46.742492022448715
          ],
          [
            9.16623214711305,
            46.74275285484744
          ],
          [
            9.166877162741082,
            46.74309627997885
          ],
          [
            9.167277027643639,
            46.74321981565054
          ],
          [
            9.167708079389612,
            46.74339910357427
          ],
          [
            9.16792163306532,
            46.74341089329977
          ],
          [
            9.168408874090977,
            46.74363777930781
          ],
          [
            9.168874391988236,
            46.743779011276686
          ],
          [
            9.169495566916483,
            46.74350889261472
          ],
          [
            9.16975883169682,
            46.74372246168772
          ],
          [
            9.170602353882249,
            46.74382645039078
          ],
          [
            9.171230899579069,
            46.74385358238855
          ],
          [
            9.171628071910014,
            46.74394496834507
          ],
          [
            9.171854585478455,
            46.74409190548642
          ],
          [
            9.172261444723208,
            46.74414415533727
          ],
          [
            9.172779383085722,
            46.74425478391907
          ],
          [
            9.173415723279483,
            46.74442227478936
          ],
          [
            9.174013666673597,
            46.74444424230316
          ],
          [
            9.175416955900783,
            46.74413766585885
          ],
          [
            9.177793009184311,
            46.74471221809998
          ],
          [
            9.178221311452972,
            46.7451922376717
          ],
          [
            9.17859130858915,
            46.74527718477038
          ],
          [
            9.17869564644193,
            46.745233907554216
          ],
          [
            9.178866149642948,
            46.74519995048404
          ],
          [
            9.179514097387738,
            46.74514910041075
          ],
          [
            9.180205025687128,
            46.74508153880858
          ],
          [
            9.1804353046023,
            46.7450463340954
          ],
          [
            9.1806832572442,
            46.7450003048265
          ],
          [
            9.180883973661608,
            46.744904132452355
          ],
          [
            9.181337737158936,
            46.74487750722372
          ],
          [
            9.181763601549115,
            46.74478996927859
          ],
          [
            9.182006997886246,
            46.74473020427492
          ],
          [
            9.182214224285964,
            46.744720901522776
          ],
          [
            9.18250802945926,
            46.74462887330225
          ],
          [
            9.184079190615684,
            46.74463667497968
          ],
          [
            9.184120747377856,
            46.74465120036477
          ],
          [
            9.184447440642215,
            46.74458419939407
          ],
          [
            9.18472298073983,
            46.74461823237834
          ],
          [
            9.185162343686713,
            46.744493854513486
          ],
          [
            9.185533437302707,
            46.74450698792898
          ],
          [
            9.185778705471956,
            46.74444455881253
          ],
          [
            9.186169586303297,
            46.744474149854
          ],
          [
            9.186598982846414,
            46.74432429362473
          ],
          [
            9.186687684410842,
            46.74431291134393
          ],
          [
            9.18685043774314,
            46.744251698988634
          ],
          [
            9.187008544953246,
            46.744272859393895
          ],
          [
            9.187259407106124,
            46.744346278339805
          ],
          [
            9.187452821695642,
            46.74444752529581
          ],
          [
            9.18773171471787,
            46.744496912677
          ],
          [
            9.187835739051906,
            46.74448175853059
          ],
          [
            9.18815282290189,
            46.744395090265016
          ],
          [
            9.188532729813941,
            46.74411473620127
          ],
          [
            9.188851344114838,
            46.74403378299369
          ],
          [
            9.188991689023707,
            46.74410451144104
          ],
          [
            9.189292637435102,
            46.74422930821155
          ],
          [
            9.18981616251776,
            46.74446845923814
          ],
          [
            9.18999742892387,
            46.74448849529155
          ],
          [
            9.190196748567388,
            46.74454570232227
          ],
          [
            9.190376191714716,
            46.74466713375884
          ],
          [
            9.190662191331842,
            46.74471878932
          ],
          [
            9.191102798234562,
            46.74475951293912
          ],
          [
            9.191253818043963,
            46.74490158838849
          ],
          [
            9.191332206694788,
            46.74496514073073
          ],
          [
            9.191755717414072,
            46.744984395036695
          ],
          [
            9.19202553393215,
            46.74496214585621
          ],
          [
            9.192194706128147,
            46.74500223121243
          ],
          [
            9.19239667704786,
            46.74501687060457
          ],
          [
            9.19274907763478,
            46.74490785426619
          ],
          [
            9.192821497206833,
            46.74473517285147
          ],
          [
            9.192905557025972,
            46.744603665839186
          ],
          [
            9.193158259041022,
            46.74456719077008
          ],
          [
            9.194005843619415,
            46.74451658028534
          ],
          [
            9.194266521056802,
            46.74449755255979
          ],
          [
            9.194999148138859,
            46.74436232542258
          ],
          [
            9.195509277805321,
            46.74428994943384
          ],
          [
            9.195937320781358,
            46.744121858114475
          ],
          [
            9.19594788161613,
            46.74405513043495
          ],
          [
            9.196315966793124,
            46.743981573195576
          ],
          [
            9.196962987816944,
            46.74403360758639
          ],
          [
            9.197940705266317,
            46.74415069507181
          ],
          [
            9.198315260464398,
            46.74411501993279
          ],
          [
            9.198536799944563,
            46.74429533644983
          ],
          [
            9.199183823061805,
            46.74434724133157
          ],
          [
            9.199893359170616,
            46.7447709530209
          ],
          [
            9.20023112428864,
            46.74498087432537
          ],
          [
            9.20047641098721,
            46.745147764902725
          ],
          [
            9.200743174000689,
            46.745289678571226
          ],
          [
            9.201340125500376,
            46.745329774859556
          ],
          [
            9.201281129564096,
            46.74549225825324
          ],
          [
            9.201665436493252,
            46.74578060942114
          ],
          [
            9.201772368500993,
            46.74597168833453
          ],
          [
            9.20256805069563,
            46.746429431867625
          ],
          [
            9.202922670396532,
            46.74670856534349
          ],
          [
            9.203224957361023,
            46.74690399145452
          ],
          [
            9.203989573245126,
            46.74727404613797
          ],
          [
            9.204548803775584,
            46.747323887251035
          ],
          [
            9.20511024693043,
            46.74724106489605
          ],
          [
            9.205734626678002,
            46.74707085993904
          ],
          [
            9.206215372640054,
            46.7469838021171
          ],
          [
            9.206823156847836,
            46.74689847183254
          ],
          [
            9.208101162261642,
            46.746824080783384
          ],
          [
            9.20845806969095,
            46.74670338365499
          ],
          [
            9.209063511015977,
            46.746594332636484
          ],
          [
            9.209496969316675,
            46.74644075441032
          ],
          [
            9.209979819890288,
            46.74623521961652
          ],
          [
            9.210373519865653,
            46.746111911711246
          ],
          [
            9.211108022149626,
            46.745981626471774
          ],
          [
            9.211243582291809,
            46.745952329475635
          ],
          [
            9.211534446861284,
            46.745918990813855
          ],
          [
            9.211819005420196,
            46.745835209062555
          ],
          [
            9.212085752493415,
            46.74578617378438
          ],
          [
            9.212379622736357,
            46.74575193144416
          ],
          [
            9.21261653863145,
            46.74567466480828
          ],
          [
            9.212873296550349,
            46.745638343821014
          ],
          [
            9.213119437533685,
            46.74566880669308
          ],
          [
            9.21340774744105,
            46.74563110304062
          ],
          [
            9.213882217245404,
            46.74553385268453
          ],
          [
            9.214656414669326,
            46.74544402848569
          ],
          [
            9.21484134132334,
            46.74550085007678
          ],
          [
            9.217425080882668,
            46.7454698868121
          ],
          [
            9.217893287935842,
            46.744809448355916
          ],
          [
            9.218103198146306,
            46.744460777806914
          ],
          [
            9.218130454205617,
            46.74440856160871
          ],
          [
            9.21816603154326,
            46.744113527939426
          ],
          [
            9.218142260510144,
            46.74320725694126
          ],
          [
            9.217780190895457,
            46.74192697871321
          ],
          [
            9.21771845423472,
            46.74180802815738
          ],
          [
            9.21801650413709,
            46.74132132502024
          ],
          [
            9.2180419794994,
            46.74108748066002
          ],
          [
            9.217951966263461,
            46.740814443572674
          ],
          [
            9.218001901023234,
            46.74064398493306
          ],
          [
            9.218142061739048,
            46.740349281531095
          ],
          [
            9.21827311920325,
            46.74005084187889
          ],
          [
            9.218276228625873,
            46.73998801594683
          ],
          [
            9.21831421350534,
            46.73977674968791
          ],
          [
            9.21837666203035,
            46.73953780256406
          ],
          [
            9.218372030612123,
            46.73945656196938
          ],
          [
            9.218369101719217,
            46.73940509542813
          ],
          [
            9.21824945704818,
            46.73923828954306
          ],
          [
            9.217785676485821,
            46.73906180630019
          ],
          [
            9.217326011453869,
            46.73892191395728
          ],
          [
            9.216311182735407,
            46.73871701562214
          ],
          [
            9.215938223361308,
            46.73852289590084
          ],
          [
            9.215891992707345,
            46.73850686224148
          ],
          [
            9.215731137149966,
            46.73838549567942
          ],
          [
            9.215692224030589,
            46.73834011422748
          ],
          [
            9.215662266960532,
            46.73826308309851
          ],
          [
            9.215645924168008,
            46.738007027355586
          ],
          [
            9.215540493413954,
            46.73787166951723
          ],
          [
            9.215122827213396,
            46.73751956799358
          ],
          [
            9.214994914421794,
            46.73737745151845
          ],
          [
            9.214948422797875,
            46.737303394986725
          ],
          [
            9.214855002345422,
            46.7371725913747
          ],
          [
            9.214690856087117,
            46.73700833733745
          ],
          [
            9.2141754958543,
            46.73659511091799
          ],
          [
            9.214127052938277,
            46.73650267502177
          ],
          [
            9.21436537175582,
            46.73536522079229
          ],
          [
            9.214358112300603,
            46.735267564093135
          ],
          [
            9.214287767893477,
            46.73501669463582
          ],
          [
            9.214152897348074,
            46.73468684829504
          ],
          [
            9.213853587919164,
            46.73419778099053
          ],
          [
            9.213605421108493,
            46.7337109494851
          ],
          [
            9.213413951167626,
            46.73345203954173
          ],
          [
            9.21260303967791,
            46.73258604801209
          ],
          [
            9.212478961699135,
            46.732506250766235
          ],
          [
            9.212179351141797,
            46.73238323995115
          ],
          [
            9.211800334994882,
            46.732097433489706
          ],
          [
            9.21111931988677,
            46.73156466031625
          ],
          [
            9.210913506980823,
            46.73119322736556
          ],
          [
            9.210633592272936,
            46.73076166145067
          ],
          [
            9.210585819099167,
            46.730703603193255
          ],
          [
            9.210370005568029,
            46.73053541306813
          ],
          [
            9.210126945455286,
            46.73040297087623
          ],
          [
            9.20976843023611,
            46.73022625233047
          ],
          [
            9.209364232461281,
            46.73001596037784
          ],
          [
            9.208554350078671,
            46.72958008120019
          ],
          [
            9.208246477521284,
            46.729388337791285
          ],
          [
            9.208044636384377,
            46.72924998816963
          ],
          [
            9.207924813868681,
            46.72915706441603
          ],
          [
            9.207778963792657,
            46.72904495610706
          ],
          [
            9.207747544589541,
            46.729014599097596
          ],
          [
            9.207728258182348,
            46.72892887069966
          ],
          [
            9.207769535747548,
            46.72875353915748
          ],
          [
            9.20779335384205,
            46.72867663486832
          ],
          [
            9.207883315059945,
            46.72851747297397
          ],
          [
            9.207911369873864,
            46.72848915379277
          ],
          [
            9.208063739179337,
            46.728258364373275
          ],
          [
            9.208131265343923,
            46.72813412863395
          ],
          [
            9.208189420354621,
            46.72801302547952
          ],
          [
            9.20823667304379,
            46.72786752755462
          ],
          [
            9.208253593097222,
            46.72778420678675
          ],
          [
            9.208241265731798,
            46.7276298255991
          ],
          [
            9.208194051033347,
            46.72750327582576
          ],
          [
            9.208088980122655,
            46.7273003058361
          ],
          [
            9.207955029303825,
            46.72715231012279
          ],
          [
            9.207876803893797,
            46.72708038973191
          ],
          [
            9.207752216277266,
            46.72699083294228
          ],
          [
            9.207220990636017,
            46.72674721472536
          ],
          [
            9.206908564806099,
            46.72661510369062
          ],
          [
            9.206490788906184,
            46.726470021312956
          ],
          [
            9.206390340309733,
            46.72644455784834
          ],
          [
            9.20603373540345,
            46.72633892569694
          ],
          [
            9.20569811508233,
            46.72623474891708
          ],
          [
            9.20536182393542,
            46.726122834496934
          ],
          [
            9.204999512096704,
            46.725990240335356
          ],
          [
            9.204696515015533,
            46.72584887164928
          ],
          [
            9.204636733311071,
            46.7258133563675
          ],
          [
            9.204541663018997,
            46.72573708773344
          ],
          [
            9.204489829998364,
            46.725677380343214
          ],
          [
            9.204410850255375,
            46.72554623717724
          ],
          [
            9.20437965516416,
            46.725483834842464
          ],
          [
            9.204300394697013,
            46.7252765480181
          ],
          [
            9.20424630998662,
            46.725056094637985
          ],
          [
            9.2041822447467,
            46.72494084442086
          ],
          [
            9.204094562932218,
            46.72485118939759
          ],
          [
            9.20374812180789,
            46.72446232389621
          ],
          [
            9.20335768145403,
            46.72399860208881
          ],
          [
            9.203606054800636,
            46.72310722122606
          ],
          [
            9.20361792200542,
            46.7226717715419
          ],
          [
            9.20332619169111,
            46.72187948105678
          ],
          [
            9.202991340976842,
            46.72156621320825
          ],
          [
            9.202201238133222,
            46.72133445006853
          ],
          [
            9.201023923637758,
            46.72130405151672
          ],
          [
            9.200742935677415,
            46.7212457417971
          ],
          [
            9.200419200703395,
            46.721248196625815
          ],
          [
            9.200053476502942,
            46.721147941973804
          ],
          [
            9.199798278824264,
            46.72103235693864
          ],
          [
            9.199547909550166,
            46.72078489791649
          ],
          [
            9.19949243823973,
            46.72039457763488
          ],
          [
            9.199672601353331,
            46.71985015896743
          ],
          [
            9.199685161559255,
            46.71940252537487
          ],
          [
            9.199765509596793,
            46.71917747486946
          ],
          [
            9.199919961822593,
            46.71870649632988
          ],
          [
            9.200201573394258,
            46.71775869756687
          ],
          [
            9.20016448325856,
            46.71739047092751
          ],
          [
            9.200387650969232,
            46.717268082501455
          ],
          [
            9.200443021790573,
            46.71724382399246
          ],
          [
            9.200775502972279,
            46.71704447087305
          ],
          [
            9.201066353902265,
            46.71691840790993
          ],
          [
            9.201340461975038,
            46.71681208309086
          ],
          [
            9.201417632561032,
            46.716734742347384
          ],
          [
            9.201443147606351,
            46.71664920226624
          ],
          [
            9.201415392502383,
            46.71653206670406
          ],
          [
            9.20141721193735,
            46.71648245199011
          ],
          [
            9.201479876328241,
            46.71644162333597
          ],
          [
            9.201766064786698,
            46.71648807243976
          ],
          [
            9.201921846934477,
            46.71646760542943
          ],
          [
            9.202067121140695,
            46.71638982306016
          ],
          [
            9.20199478145302,
            46.71619667119529
          ],
          [
            9.202168013444517,
            46.716087333167856
          ],
          [
            9.20274367549354,
            46.71586828727265
          ],
          [
            9.20282513226615,
            46.7157773016048
          ],
          [
            9.2028437545382,
            46.71570549038635
          ],
          [
            9.2028301751843,
            46.71556627127921
          ],
          [
            9.20284854140637,
            46.71545302936565
          ],
          [
            9.202919238385576,
            46.71535787315047
          ],
          [
            9.203030398588915,
            46.71529834281114
          ],
          [
            9.203612334410726,
            46.71507548818506
          ],
          [
            9.203705814999186,
            46.71500662118414
          ],
          [
            9.203714889596766,
            46.7149297208764
          ],
          [
            9.203698274833284,
            46.71482213993118
          ],
          [
            9.203727272746198,
            46.71476801949475
          ],
          [
            9.203813417672539,
            46.714744452664995
          ],
          [
            9.204012151163171,
            46.714719871726366
          ],
          [
            9.20424135528654,
            46.71458706154064
          ],
          [
            9.204330295792523,
            46.71441470009771
          ],
          [
            9.204409146915996,
            46.71432378954331
          ],
          [
            9.204630368160341,
            46.71422653530976
          ],
          [
            9.204927611499759,
            46.71427287713464
          ],
          [
            9.205548899343105,
            46.71429271125188
          ],
          [
            9.205709166085496,
            46.71425922167779
          ],
          [
            9.205837700694751,
            46.71421308688627
          ],
          [
            9.205956280046383,
            46.71419371261257
          ],
          [
            9.206146492824958,
            46.7141910435397
          ],
          [
            9.206253346189152,
            46.71417232757988
          ],
          [
            9.206331125113536,
            46.71410829058088
          ],
          [
            9.206343546434606,
            46.71403623290185
          ],
          [
            9.206391931396718,
            46.713945874145466
          ],
          [
            9.206536265879313,
            46.7139440055597
          ],
          [
            9.20663490994973,
            46.713933874397135
          ],
          [
            9.206729711262053,
            46.71384720475866
          ],
          [
            9.206755598506108,
            46.71374457978153
          ],
          [
            9.206774416749353,
            46.713582733138395
          ],
          [
            9.20682077500545,
            46.71351957885302
          ],
          [
            9.206902829228298,
            46.71349143921251
          ],
          [
            9.207210384222495,
            46.71349205047475
          ],
          [
            9.207338448969077,
            46.71346399773919
          ],
          [
            9.207418718285737,
            46.71340975589067
          ],
          [
            9.207433702336395,
            46.713314965944214
          ],
          [
            9.207670184962854,
            46.71313806363424
          ],
          [
            9.208172124697823,
            46.71310503721327
          ],
          [
            9.208464081732199,
            46.71312909234624
          ],
          [
            9.20873802246596,
            46.713134306129625
          ],
          [
            9.208933953954118,
            46.7130472974471
          ],
          [
            9.208900034320248,
            46.71282884525669
          ],
          [
            9.20883032594432,
            46.71267383404356
          ],
          [
            9.2088333164942,
            46.71258875868188
          ],
          [
            9.20892407661632,
            46.71255651438323
          ],
          [
            9.20923029312637,
            46.712468665796536
          ],
          [
            9.209301078844046,
            46.712403376585165
          ],
          [
            9.209276195287675,
            46.71233871806292
          ],
          [
            9.209160543436461,
            46.71214220285813
          ],
          [
            9.209197548268014,
            46.71207995756862
          ],
          [
            9.209317968877304,
            46.71206424919839
          ],
          [
            9.209526234794067,
            46.71211285128354
          ],
          [
            9.209775924637857,
            46.712182026367785
          ],
          [
            9.209917318853517,
            46.71219234608895
          ],
          [
            9.210072627494851,
            46.712145169650086
          ],
          [
            9.21025748277865,
            46.71205326490777
          ],
          [
            9.210502005213458,
            46.71190254106042
          ],
          [
            9.210424651410435,
            46.711682523644896
          ],
          [
            9.21050035295987,
            46.711587752530605
          ],
          [
            9.210662576475018,
            46.7115185852107
          ],
          [
            9.210925998966069,
            46.71147701565647
          ],
          [
            9.211232749271092,
            46.711306157727414
          ],
          [
            9.211521132164375,
            46.71127782140585
          ],
          [
            9.212184337995774,
            46.71124585975373
          ],
          [
            9.212460334061644,
            46.71117301271536
          ],
          [
            9.212632514057537,
            46.7110853141791
          ],
          [
            9.212734344725646,
            46.71100281288076
          ],
          [
            9.212842260047763,
            46.710889354417965
          ],
          [
            9.212938100084193,
            46.71082518464093
          ],
          [
            9.213160623320283,
            46.710690849218636
          ],
          [
            9.213330190070575,
            46.71049952676865
          ],
          [
            9.213624279919642,
            46.710488956825124
          ],
          [
            9.213718753890241,
            46.71055388086852
          ],
          [
            9.213803109349046,
            46.71059671982987
          ],
          [
            9.213879866672988,
            46.71059031516424
          ],
          [
            9.214065806980091,
            46.71048880451221
          ],
          [
            9.21414410591341,
            46.710244645125314
          ],
          [
            9.214214923719323,
            46.71017066034657
          ],
          [
            9.21443542950134,
            46.71007813947816
          ],
          [
            9.214959868884561,
            46.709882403132895
          ],
          [
            9.215107706367235,
            46.70980053258228
          ],
          [
            9.215232951950979,
            46.709606604423286
          ],
          [
            9.215322142540584,
            46.709556752663936
          ],
          [
            9.215410222808218,
            46.709537537617024
          ],
          [
            9.215715599766737,
            46.709516762773085
          ],
          [
            9.215899389217626,
            46.70947366920443
          ],
          [
            9.216019293918029,
            46.70940957154011
          ],
          [
            9.216117341014478,
            46.70924781050129
          ],
          [
            9.216197725235697,
            46.70917924493045
          ],
          [
            9.216300264183676,
            46.70916059558981
          ],
          [
            9.21640668215382,
            46.709167970284575
          ],
          [
            9.216727152906943,
            46.70924050744226
          ],
          [
            9.21687963914644,
            46.709252193087984
          ],
          [
            9.217315332168276,
            46.70914004245731
          ],
          [
            9.217348133801003,
            46.709058568611304
          ],
          [
            9.217568430607862,
            46.70893977120778
          ],
          [
            9.21774010394625,
            46.70879868866341
          ],
          [
            9.218001035301372,
            46.70868332338235
          ],
          [
            9.218115693716571,
            46.708615355275036
          ],
          [
            9.21819420994585,
            46.708609631027905
          ],
          [
            9.218398535450923,
            46.70861148977577
          ],
          [
            9.218520127740222,
            46.70858759222378
          ],
          [
            9.218717312446218,
            46.708522879160434
          ],
          [
            9.219023800702502,
            46.70837583883389
          ],
          [
            9.219215854526231,
            46.70832374793543
          ],
          [
            9.219407345147923,
            46.708205063764765
          ],
          [
            9.21954051376653,
            46.708158624767535
          ],
          [
            9.219697543790337,
            46.7081435841444
          ],
          [
            9.219805195944105,
            46.70817372780342
          ],
          [
            9.219953462149878,
            46.7082082126749
          ],
          [
            9.220164457318882,
            46.7082235417277
          ],
          [
            9.220462739323612,
            46.70818900825023
          ],
          [
            9.220648146005,
            46.708123441088325
          ],
          [
            9.220669974988041,
            46.70807387293661
          ],
          [
            9.220614626426807,
            46.70803449075154
          ],
          [
            9.220624596317625,
            46.70797595717279
          ],
          [
            9.2207023056563,
            46.707875739825056
          ],
          [
            9.220899442587145,
            46.70735118169283
          ],
          [
            9.220956396695811,
            46.7072744579174
          ],
          [
            9.221058979433378,
            46.707174139417084
          ],
          [
            9.221031783523177,
            46.70705726011802
          ],
          [
            9.220958932967205,
            46.70696397589436
          ],
          [
            9.220945229317868,
            46.70689203667564
          ],
          [
            9.2209838603965,
            46.706815392336
          ],
          [
            9.221378476152315,
            46.706716563714146
          ],
          [
            9.221944748788756,
            46.70662871676947
          ],
          [
            9.222202183146882,
            46.70656285720643
          ],
          [
            9.22233399303322,
            46.70651191019078
          ],
          [
            9.222421147873817,
            46.70644316212442
          ],
          [
            9.22292679379415,
            46.70601089557648
          ],
          [
            9.222951008981452,
            46.705934296145486
          ],
          [
            9.222938372608171,
            46.70583537396867
          ],
          [
            9.222791341715762,
            46.705644284750896
          ],
          [
            9.222729985532142,
            46.70551495647627
          ],
          [
            9.222704703462945,
            46.7053179850129
          ],
          [
            9.222733252488316,
            46.705137878932874
          ],
          [
            9.222787166177206,
            46.705011677748764
          ],
          [
            9.222888362081548,
            46.70490327212696
          ],
          [
            9.223592618176172,
            46.704422482050354
          ],
          [
            9.223673401499966,
            46.70437715502486
          ],
          [
            9.223756985994731,
            46.70434889793277
          ],
          [
            9.224209140000985,
            46.70424172604832
          ],
          [
            9.224414931663405,
            46.704114872971786
          ],
          [
            9.224642015602837,
            46.704027537322425
          ],
          [
            9.224758140654718,
            46.703977552877674
          ],
          [
            9.224829622096923,
            46.70391876601834
          ],
          [
            9.22492806189141,
            46.70379326980199
          ],
          [
            9.225271412817136,
            46.7035236598904
          ],
          [
            9.225612739604822,
            46.70317486376497
          ],
          [
            9.225789066131796,
            46.703043161175515
          ],
          [
            9.225916024271259,
            46.70288834298568
          ],
          [
            9.226081905984913,
            46.70271144560708
          ],
          [
            9.226285149886523,
            46.70247562024794
          ],
          [
            9.22636580869808,
            46.70239984453012
          ],
          [
            9.226493026349786,
            46.70224861170129
          ],
          [
            9.22661367787634,
            46.701995941203386
          ],
          [
            9.226644919241055,
            46.70185806342179
          ],
          [
            9.226646088641319,
            46.70172126009938
          ],
          [
            9.22662306286496,
            46.70161052502223
          ],
          [
            9.226716266074439,
            46.70149381012346
          ],
          [
            9.22681635833403,
            46.70144883475392
          ],
          [
            9.226910901235584,
            46.701433738149206
          ],
          [
            9.227102497217597,
            46.70143587951612
          ],
          [
            9.227173827385863,
            46.70140900875348
          ],
          [
            9.22725999801141,
            46.70133664603848
          ],
          [
            9.227348220148178,
            46.70120662896139
          ],
          [
            9.227366227960134,
            46.70111780777967
          ],
          [
            9.227344179497013,
            46.701019627458045
          ],
          [
            9.227236801636266,
            46.700869617653616
          ],
          [
            9.22722607920243,
            46.70081601483444
          ],
          [
            9.22726125456901,
            46.7007625647445
          ],
          [
            9.227444319625526,
            46.700688519732665
          ],
          [
            9.227549535666398,
            46.700625368650144
          ],
          [
            9.227629072986328,
            46.70053523101446
          ],
          [
            9.227734385910894,
            46.700355097414715
          ],
          [
            9.22782480287851,
            46.7001521180351
          ],
          [
            9.227940040439435,
            46.69977909487227
          ],
          [
            9.227978973350993,
            46.699689522242544
          ],
          [
            9.228057638358015,
            46.69963900642171
          ],
          [
            9.228178312243877,
            46.699605889795116
          ],
          [
            9.228408748307531,
            46.69956792769247
          ],
          [
            9.228611056882206,
            46.69948869277931
          ],
          [
            9.228688397255336,
            46.69942113740948
          ],
          [
            9.228726272461143,
            46.699335207232885
          ],
          [
            9.228776784253958,
            46.699141743431525
          ],
          [
            9.228812936430245,
            46.69910086544696
          ],
          [
            9.228916930223374,
            46.69900534899615
          ],
          [
            9.22893891532552,
            46.698950575834935
          ],
          [
            9.228931579022602,
            46.69885637571697
          ],
          [
            9.228954668243956,
            46.69881596375529
          ],
          [
            9.229013194815318,
            46.69879316190168
          ],
          [
            9.229090751708014,
            46.69877869007044
          ],
          [
            9.22930610848421,
            46.698766462779005
          ],
          [
            9.229423961612293,
            46.698680346836944
          ],
          [
            9.229542878175428,
            46.69855732292194
          ],
          [
            9.229628579149276,
            46.698394987260265
          ],
          [
            9.229617524316172,
            46.69828650302581
          ],
          [
            9.22958179980474,
            46.698214919575726
          ],
          [
            9.229592673714254,
            46.69815244771132
          ],
          [
            9.229670828997042,
            46.69806146643554
          ],
          [
            9.229721418813954,
            46.69797057626581
          ],
          [
            9.22976574002386,
            46.697781843070224
          ],
          [
            9.229854148800037,
            46.697569940538784
          ],
          [
            9.229994848115764,
            46.697423629331354
          ],
          [
            9.2301262268835,
            46.69738658122862
          ],
          [
            9.230315800738808,
            46.69740465693185
          ],
          [
            9.23047849380882,
            46.69743594076397
          ],
          [
            9.230643762184403,
            46.697413232820516
          ],
          [
            9.23083083511899,
            46.69732803374793
          ],
          [
            9.230980514499851,
            46.69717538957675
          ],
          [
            9.231098905215157,
            46.697000121696874
          ],
          [
            9.231425191891846,
            46.696789471139034
          ],
          [
            9.231756117634994,
            46.69664609551348
          ],
          [
            9.23217875735219,
            46.6965024097326
          ],
          [
            9.232296654049042,
            46.69644936605333
          ],
          [
            9.232350721244973,
            46.69637710842525
          ],
          [
            9.232359591160808,
            46.69626546752626
          ],
          [
            9.232281076332788,
            46.69608218402649
          ],
          [
            9.23212265698529,
            46.69587286714042
          ],
          [
            9.232052477553381,
            46.695752266335646
          ],
          [
            9.232089973372206,
            46.6956893933391
          ],
          [
            9.23217162959937,
            46.6956713276744
          ],
          [
            9.232312110698778,
            46.69573007780625
          ],
          [
            9.232449025287892,
            46.69577004239471
          ],
          [
            9.23255603386321,
            46.695761277200724
          ],
          [
            9.232656885026925,
            46.695707727533765
          ],
          [
            9.232731271162384,
            46.69562242697177
          ],
          [
            9.232699627462358,
            46.6952484254658
          ],
          [
            9.23270985894874,
            46.69513764487343
          ],
          [
            9.232746287334407,
            46.695000214253255
          ],
          [
            9.232846458920353,
            46.69482714763421
          ],
          [
            9.23310011729872,
            46.69449955620983
          ],
          [
            9.233201579624605,
            46.694247386794935
          ],
          [
            9.233105542879574,
            46.694080656781175
          ],
          [
            9.233173304058896,
            46.69388272606401
          ],
          [
            9.233326481024946,
            46.69376063413813
          ],
          [
            9.233520780820003,
            46.69367265320807
          ],
          [
            9.233713384597968,
            46.69362530595997
          ],
          [
            9.233793647719791,
            46.693583551662414
          ],
          [
            9.233857090052082,
            46.69349804470503
          ],
          [
            9.233902401347555,
            46.69336792395893
          ],
          [
            9.233982686663735,
            46.693254915153375
          ],
          [
            9.234159589826048,
            46.69313583155211
          ],
          [
            9.234385864644283,
            46.69303348873135
          ],
          [
            9.2346545934114,
            46.69279659744117
          ],
          [
            9.234767700714158,
            46.69258895330235
          ],
          [
            9.234846346106359,
            46.692349747715625
          ],
          [
            9.234879920282173,
            46.692268615846196
          ],
          [
            9.23494667955946,
            46.692195643955465
          ],
          [
            9.235089265689126,
            46.69214416963397
          ],
          [
            9.235303232968425,
            46.69210438301829
          ],
          [
            9.235728712265695,
            46.69197976799078
          ],
          [
            9.23594625099063,
            46.69181362085877
          ],
          [
            9.236115464749677,
            46.69164963899729
          ],
          [
            9.236320829159313,
            46.69152438941312
          ],
          [
            9.236460415806091,
            46.69149012855144
          ],
          [
            9.236880272417377,
            46.691478377014164
          ],
          [
            9.237455176253565,
            46.69149961086869
          ],
          [
            9.237535291919958,
            46.69147950502438
          ],
          [
            9.237571630898032,
            46.69142535824044
          ],
          [
            9.237548886092663,
            46.69134478138326
          ],
          [
            9.237461603245674,
            46.69123340655078
          ],
          [
            9.237438276692645,
            46.69116636264742
          ],
          [
            9.237494010617741,
            46.69110720393298
          ],
          [
            9.237599332476183,
            46.69106931636805
          ],
          [
            9.23775765840912,
            46.6910661337
          ],
          [
            9.238049817533344,
            46.69097110245001
          ],
          [
            9.238221293522324,
            46.69087288300644
          ],
          [
            9.238400154579175,
            46.690694204715044
          ],
          [
            9.238486276101574,
            46.69061622802733
          ],
          [
            9.238603961979262,
            46.69056448550999
          ],
          [
            9.238681917191363,
            46.69043260540951
          ],
          [
            9.238758836307344,
            46.69035396401497
          ],
          [
            9.238944481788186,
            46.69017964060484
          ],
          [
            9.239071395396186,
            46.69003295925777
          ],
          [
            9.239026072433582,
            46.68989885103298
          ],
          [
            9.239093093747245,
            46.68980694089925
          ],
          [
            9.239334652628646,
            46.6896491894669
          ],
          [
            9.23963800344528,
            46.689495257038004
          ],
          [
            9.239699429618565,
            46.68944496911125
          ],
          [
            9.23976210272284,
            46.68924945375303
          ],
          [
            9.239807196936416,
            46.6891635133151
          ],
          [
            9.239941093918912,
            46.68895352848158
          ],
          [
            9.239931208322753,
            46.68886810591766
          ],
          [
            9.23988629695809,
            46.68876556503963
          ],
          [
            9.239889631607607,
            46.68863471023319
          ],
          [
            9.239940747857709,
            46.688539604701106
          ],
          [
            9.24017556544013,
            46.688306267738874
          ],
          [
            9.240250189845968,
            46.68808969706758
          ],
          [
            9.240306742452857,
            46.68799805958036
          ],
          [
            9.2405642315545,
            46.68772445778648
          ],
          [
            9.24071517296769,
            46.68753837974848
          ],
          [
            9.240919442862245,
            46.68729772291981
          ],
          [
            9.241190471551228,
            46.687056225879104
          ],
          [
            9.241442488280592,
            46.686850408533004
          ],
          [
            9.241709272333658,
            46.68669921706831
          ],
          [
            9.241853125148417,
            46.68659899935101
          ],
          [
            9.242033123824639,
            46.68641757950683
          ],
          [
            9.242129337909919,
            46.68626087063606
          ],
          [
            9.24222199040521,
            46.686134936806376
          ],
          [
            9.242314202923968,
            46.68604867252754
          ],
          [
            9.242459020761489,
            46.68596646148421
          ],
          [
            9.242840668174594,
            46.6857121961119
          ],
          [
            9.243079673874066,
            46.68547072430189
          ],
          [
            9.243302660759861,
            46.685150648109065
          ],
          [
            9.243875340777764,
            46.68457326321169
          ],
          [
            9.244075316355328,
            46.68441488199204
          ],
          [
            9.244170452964909,
            46.6843646153305
          ],
          [
            9.24439132651089,
            46.68431312133083
          ],
          [
            9.24447546812989,
            46.684285559327584
          ],
          [
            9.244673997033413,
            46.68412270998173
          ],
          [
            9.244770375382593,
            46.683925541532055
          ],
          [
            9.244768312358202,
            46.683831843181466
          ],
          [
            9.244814034977518,
            46.68371933777795
          ],
          [
            9.244873004246159,
            46.68364714892613
          ],
          [
            9.244974521462625,
            46.68359226349244
          ],
          [
            9.24501352617622,
            46.68354743864713
          ],
          [
            9.24498560125909,
            46.68342716550324
          ],
          [
            9.244992972708733,
            46.683377470279126
          ],
          [
            9.245046213778572,
            46.68332791183673
          ],
          [
            9.245199775128327,
            46.68326313140918
          ],
          [
            9.245269223479331,
            46.68319077622651
          ],
          [
            9.245286255402789,
            46.683118388115886
          ],
          [
            9.245290257097018,
            46.68297505120876
          ],
          [
            9.245661105492168,
            46.682759700889655
          ],
          [
            9.24572608859995,
            46.682709047144506
          ],
          [
            9.245749555250013,
            46.68259691219027
          ],
          [
            9.245882146405888,
            46.68249553593093
          ],
          [
            9.2459419412537,
            46.682409818540854
          ],
          [
            9.246169609004678,
            46.681930156208864
          ],
          [
            9.246300917495692,
            46.68179367196571
          ],
          [
            9.24644302350365,
            46.68162905081395
          ],
          [
            9.246489874511298,
            46.68154805536697
          ],
          [
            9.246511501983413,
            46.681457580333955
          ],
          [
            9.246500574463107,
            46.68137215666558
          ],
          [
            9.246447530874025,
            46.68124598374952
          ],
          [
            9.246458049532956,
            46.68102953439209
          ],
          [
            9.246489357836802,
            46.68095330242878
          ],
          [
            9.246625535691523,
            46.68084285240936
          ],
          [
            9.246675801622965,
            46.68078343364034
          ],
          [
            9.246683352565384,
            46.68066616118565
          ],
          [
            9.246707105011362,
            46.68059816513085
          ],
          [
            9.246657210457082,
            46.68048637497916
          ],
          [
            9.246666727542056,
            46.68042312171723
          ],
          [
            9.246776598644754,
            46.680309525667404
          ],
          [
            9.246841081196,
            46.6802093097158
          ],
          [
            9.24700661950885,
            46.680040698794535
          ],
          [
            9.247173466564483,
            46.67979996665401
          ],
          [
            9.24718789007403,
            46.67969158297276
          ],
          [
            9.247111176183406,
            46.679526168220605
          ],
          [
            9.2471103778072,
            46.679467604545835
          ],
          [
            9.247227303547234,
            46.67922321951102
          ],
          [
            9.247261575587354,
            46.67904781935253
          ],
          [
            9.247324989976562,
            46.67891696417179
          ],
          [
            9.247406369232975,
            46.67877681691285
          ],
          [
            9.247438989890076,
            46.678664527194925
          ],
          [
            9.247538868411205,
            46.67856460376405
          ],
          [
            9.247599781790749,
            46.678473459864506
          ],
          [
            9.247653782076899,
            46.67815534554323
          ],
          [
            9.247766842938601,
            46.677912820772356
          ],
          [
            9.247769514757717,
            46.677841577930124
          ],
          [
            9.247550477106534,
            46.677399208817256
          ],
          [
            9.247465473432676,
            46.677258265223266
          ],
          [
            9.247477575793972,
            46.67690389757049
          ],
          [
            9.247513330272687,
            46.676805972692094
          ],
          [
            9.247521772023008,
            46.67671301629606
          ],
          [
            9.247447669498731,
            46.67651151471159
          ],
          [
            9.247459702705905,
            46.67640947641191
          ],
          [
            9.247452431365886,
            46.67635281504338
          ],
          [
            9.247389146867947,
            46.67630523084917
          ],
          [
            9.24723862848482,
            46.67623658138274
          ],
          [
            9.247184041223907,
            46.67617622598436
          ],
          [
            9.247125296534781,
            46.67603663800082
          ],
          [
            9.24708406810398,
            46.67591027786603
          ],
          [
            9.247085963877796,
            46.67578930693315
          ],
          [
            9.247159082422943,
            46.6756653161106
          ],
          [
            9.247098478854115,
            46.67551080309854
          ],
          [
            9.247043260679927,
            46.67541831713624
          ],
          [
            9.24686326722493,
            46.67535007198613
          ],
          [
            9.246703092379413,
            46.67525529220849
          ],
          [
            9.24664507804325,
            46.67518897134978
          ],
          [
            9.246642840325409,
            46.67510888051105
          ],
          [
            9.246631824787737,
            46.67503797183713
          ],
          [
            9.246667719602025,
            46.67493095710055
          ],
          [
            9.246656107467318,
            46.67475830958175
          ],
          [
            9.246586832151165,
            46.67467423454652
          ],
          [
            9.246531412571105,
            46.674577243601455
          ],
          [
            9.246523111736566,
            46.67447926214042
          ],
          [
            9.24657686741488,
            46.67427283412874
          ],
          [
            9.24657029181366,
            46.67418382320075
          ],
          [
            9.246506965514861,
            46.67408609389597
          ],
          [
            9.246370040848323,
            46.6738953780817
          ],
          [
            9.246344993257587,
            46.67383287108441
          ],
          [
            9.24640136079498,
            46.673626365716956
          ],
          [
            9.246426506887012,
            46.6735141858
          ],
          [
            9.246423569711242,
            46.67332964935867
          ],
          [
            9.24640232113811,
            46.67320491557105
          ],
          [
            9.24627797796292,
            46.672913970349924
          ],
          [
            9.246230266569762,
            46.67284294192764
          ],
          [
            9.24610877208286,
            46.67276354609792
          ],
          [
            9.245949102413196,
            46.67268046364164
          ],
          [
            9.245855118540309,
            46.67260048723941
          ],
          [
            9.245733145365367,
            46.67248059004971
          ],
          [
            9.245664002344425,
            46.672369482700965
          ],
          [
            9.245633950954588,
            46.672194527119274
          ],
          [
            9.245601533945338,
            46.6720547278663
          ],
          [
            9.245514154051587,
            46.67191697890643
          ],
          [
            9.245261885266308,
            46.67172598534879
          ],
          [
            9.245187377686827,
            46.67164201048908
          ],
          [
            9.245129496574767,
            46.67148925294977
          ],
          [
            9.244883135721222,
            46.671253994225815
          ],
          [
            9.24483339694105,
            46.67119650325111
          ],
          [
            9.244801984803486,
            46.671138631777964
          ],
          [
            9.244817537920488,
            46.67107527394514
          ],
          [
            9.244851606812478,
            46.67101602257828
          ],
          [
            9.24484134927938,
            46.67096220675361
          ],
          [
            9.244799110956446,
            46.6708370316138
          ],
          [
            9.244727712430509,
            46.670527861649624
          ],
          [
            9.244657008968549,
            46.67041138873199
          ],
          [
            9.244620501393687,
            46.67032660426763
          ],
          [
            9.244605633483971,
            46.670169331618375
          ],
          [
            9.244613423947126,
            46.66998996089858
          ],
          [
            9.24464202454709,
            46.669837191057205
          ],
          [
            9.244627560271134,
            46.66959975867613
          ],
          [
            9.244616202968002,
            46.669491945843916
          ],
          [
            9.244594133475,
            46.66940776033517
          ],
          [
            9.244443645725767,
            46.6690876515807
          ],
          [
            9.24430636553754,
            46.66888883203711
          ],
          [
            9.244165054251571,
            46.66856943232408
          ],
          [
            9.244133876402547,
            46.66842781348381
          ],
          [
            9.24397413885996,
            46.668106105147935
          ],
          [
            9.243949751568792,
            46.66799946149421
          ],
          [
            9.243971652733002,
            46.667725263266476
          ],
          [
            9.24394562696845,
            46.667641149330684
          ],
          [
            9.24379311422667,
            46.66742284718059
          ],
          [
            9.24382847884412,
            46.66721590194974
          ],
          [
            9.243773963464704,
            46.66696221496473
          ],
          [
            9.243697000943877,
            46.66686357555379
          ],
          [
            9.24371533796759,
            46.66677049865387
          ],
          [
            9.2437658164519,
            46.66656877570462
          ],
          [
            9.243718587982736,
            46.6664724365714
          ],
          [
            9.24357213933622,
            46.66635096351841
          ],
          [
            9.243160941973773,
            46.666065288007566
          ],
          [
            9.243120236188705,
            46.66599942921025
          ],
          [
            9.24306577378793,
            46.6657303726721
          ],
          [
            9.243042631066897,
            46.6656777055533
          ],
          [
            9.243014249743576,
            46.66562511239725
          ],
          [
            9.242861224521356,
            46.665471377179976
          ],
          [
            9.242849268552773,
            46.6654049730325
          ],
          [
            9.24287173593317,
            46.665222688635936
          ],
          [
            9.242852511346962,
            46.66516992344284
          ],
          [
            9.242758510002375,
            46.66505016525783
          ],
          [
            9.242740768854325,
            46.665001893504694
          ],
          [
            9.24274618188,
            46.66494327642932
          ],
          [
            9.2427916032253,
            46.66468402041211
          ],
          [
            9.242833852753455,
            46.66459858211022
          ],
          [
            9.24286336762,
            46.66452239735061
          ],
          [
            9.242858341051404,
            46.66443337071025
          ],
          [
            9.242820544593695,
            46.664312542543286
          ],
          [
            9.242686376231115,
            46.66410891207758
          ],
          [
            9.242669558393429,
            46.664050710004794
          ],
          [
            9.242672333012605,
            46.663992143703595
          ],
          [
            9.242744827374642,
            46.663785492624314
          ],
          [
            9.24271416453733,
            46.66370955897852
          ],
          [
            9.242626288820562,
            46.663642800344284
          ],
          [
            9.242454941627088,
            46.66355151229451
          ],
          [
            9.242296801982475,
            46.66340055675563
          ],
          [
            9.242185580748936,
            46.663338756320364
          ],
          [
            9.241979443060224,
            46.66326074136429
          ],
          [
            9.241853695478573,
            46.66319560737947
          ],
          [
            9.241614116419262,
            46.66312588626356
          ],
          [
            9.241498563573028,
            46.66308227550139
          ],
          [
            9.24117980491902,
            46.662997115343885
          ],
          [
            9.240969599169112,
            46.662936924820954
          ],
          [
            9.240881516234845,
            46.66290653768004
          ],
          [
            9.240722867399949,
            46.66283686612921
          ],
          [
            9.240595982015082,
            46.66279826560004
          ],
          [
            9.240446437222202,
            46.66274173057584
          ],
          [
            9.240133513905395,
            46.66259318404109
          ],
          [
            9.239965887154929,
            46.662469801011156
          ],
          [
            9.239434490865598,
            46.661838532394604
          ],
          [
            9.239299007302561,
            46.661610957583505
          ],
          [
            9.239167140355143,
            46.66149142619512
          ],
          [
            9.238850078187193,
            46.66127093154098
          ],
          [
            9.238217228479511,
            46.66070363410892
          ],
          [
            9.23772076226994,
            46.660248452861865
          ],
          [
            9.23478981996433,
            46.65649788082598
          ],
          [
            9.234292720601784,
            46.65839474322418
          ],
          [
            9.234101493926886,
            46.65877295115018
          ],
          [
            9.233288912092648,
            46.658802050469646
          ],
          [
            9.233077715759107,
            46.65953091266469
          ],
          [
            9.233140648487112,
            46.65981980611674
          ],
          [
            9.233010012102502,
            46.660152886914624
          ],
          [
            9.232852931526223,
            46.66048898439958
          ],
          [
            9.232516655493834,
            46.66065377648745
          ],
          [
            9.232776154597472,
            46.66124392799683
          ],
          [
            9.232689485319037,
            46.66194192669683
          ],
          [
            9.232554240955995,
            46.66242844818299
          ],
          [
            9.232485899918043,
            46.6646201924574
          ],
          [
            9.231989399340813,
            46.66535914909294
          ],
          [
            9.231686687855266,
            46.66606694433873
          ],
          [
            9.230767052681346,
            46.66852339025898
          ],
          [
            9.228771859477042,
            46.671856979015224
          ],
          [
            9.225348531479545,
            46.67328289020291
          ],
          [
            9.21922371035065,
            46.67607812019728
          ],
          [
            9.218375727135228,
            46.67684448523887
          ],
          [
            9.212677092128692,
            46.6768370824935
          ],
          [
            9.209976242325768,
            46.67898819058964
          ],
          [
            9.205992189711369,
            46.68212370072459
          ],
          [
            9.200227757347932,
            46.67830154782682
          ],
          [
            9.19919695907239,
            46.677963117475535
          ],
          [
            9.198588189081166,
            46.677890865777385
          ],
          [
            9.197516762480682,
            46.67796120494761
          ],
          [
            9.196683599719481,
            46.67753331410286
          ],
          [
            9.195200413048305,
            46.677770890045366
          ],
          [
            9.19362981980245,
            46.67762155704662
          ],
          [
            9.191885654215461,
            46.677722167443086
          ],
          [
            9.190686982547538,
            46.67774647780172
          ],
          [
            9.189558075723124,
            46.677680364981185
          ],
          [
            9.188289745103065,
            46.67897626556852
          ],
          [
            9.187895187013456,
            46.67881899529678
          ],
          [
            9.18724775277395,
            46.67865265625732
          ],
          [
            9.186759205176813,
            46.67861044776646
          ],
          [
            9.18593360369191,
            46.67859270560547
          ],
          [
            9.185524007389057,
            46.678657605141105
          ],
          [
            9.185015191137841,
            46.67861679760336
          ],
          [
            9.18396348117727,
            46.678621356109964
          ],
          [
            9.182949554464818,
            46.678753427365606
          ],
          [
            9.182350792680124,
            46.67874972360563
          ],
          [
            9.182179693602565,
            46.6787950986285
          ],
          [
            9.182105764199918,
            46.678810446076724
          ],
          [
            9.182040844995434,
            46.6788364079308
          ],
          [
            9.181953330632854,
            46.67881080746867
          ],
          [
            9.181854602651715,
            46.678809186468015
          ],
          [
            9.181785738214012,
            46.678754264921004
          ],
          [
            9.18168073401373,
            46.67870199256028
          ],
          [
            9.181620040227479,
            46.67869403108107
          ],
          [
            9.181570016908468,
            46.678698710151146
          ],
          [
            9.181491027907514,
            46.67867962827891
          ],
          [
            9.181413938619244,
            46.678647713529465
          ],
          [
            9.181293036063222,
            46.67864802374622
          ],
          [
            9.181260271700081,
            46.67865197088433
          ],
          [
            9.18116522734464,
            46.67868183900912
          ],
          [
            9.18107142256651,
            46.678677613694425
          ],
          [
            9.18096078569426,
            46.67871732062379
          ],
          [
            9.180887682040751,
            46.67879917487282
          ],
          [
            9.180687904138136,
            46.678825658941754
          ],
          [
            9.18058122944832,
            46.678875139445175
          ],
          [
            9.180503134868871,
            46.678936042027644
          ],
          [
            9.180422481684488,
            46.67895857235409
          ],
          [
            9.180329055086258,
            46.67895595123527
          ],
          [
            9.180214817612415,
            46.678997547985844
          ],
          [
            9.179998615381674,
            46.679030004376
          ],
          [
            9.179884416556373,
            46.67903228012963
          ],
          [
            9.179569574996645,
            46.67913844951047
          ],
          [
            9.179476978988387,
            46.67916159348632
          ],
          [
            9.17936849563422,
            46.67903299946553
          ],
          [
            9.179086703525435,
            46.67875074374861
          ],
          [
            9.17890361585795,
            46.67855325934368
          ],
          [
            9.178450161466575,
            46.67797751723722
          ],
          [
            9.178541685411332,
            46.6776035511426
          ],
          [
            9.178696922707745,
            46.67692331028046
          ],
          [
            9.178651828061506,
            46.67657345640972
          ],
          [
            9.178682718079402,
            46.67588352494582
          ],
          [
            9.178922873110938,
            46.67532355518905
          ],
          [
            9.178918285308274,
            46.67502266024006
          ],
          [
            9.17881214746236,
            46.67471386845367
          ],
          [
            9.178801486782332,
            46.67443097171009
          ],
          [
            9.178915977496663,
            46.67418702243229
          ],
          [
            9.178974293682662,
            46.67392349710497
          ],
          [
            9.179010353801052,
            46.67330086133353
          ],
          [
            9.179342207829436,
            46.67275559570945
          ],
          [
            9.179662486119055,
            46.67214301385961
          ],
          [
            9.18015424296897,
            46.67184298295596
          ],
          [
            9.180297407461788,
            46.671571690588934
          ],
          [
            9.179405827903803,
            46.67094659251241
          ],
          [
            9.178797344766046,
            46.67053147267087
          ],
          [
            9.178646691755187,
            46.67026592883434
          ],
          [
            9.178467293621212,
            46.67002096065113
          ],
          [
            9.178437386155714,
            46.66975400472447
          ],
          [
            9.178329069740254,
            46.66948347716121
          ],
          [
            9.178280013025528,
            46.66923472804827
          ],
          [
            9.17806143445173,
            46.6689901775127
          ],
          [
            9.178370453850075,
            46.66869897188884
          ],
          [
            9.178574921182383,
            46.66852588261241
          ],
          [
            9.179254928685515,
            46.668304418742586
          ],
          [
            9.180140360174379,
            46.667952484172176
          ],
          [
            9.180817584044972,
            46.667232767476534
          ],
          [
            9.18151772438448,
            46.66661579201237
          ],
          [
            9.181837818237565,
            46.666126105753676
          ],
          [
            9.182013722262631,
            46.66593527150888
          ],
          [
            9.182149108811599,
            46.66584160279655
          ],
          [
            9.182199027642156,
            46.66572395819839
          ],
          [
            9.182106168725591,
            46.66519982991743
          ],
          [
            9.182917496859025,
            46.66474407480151
          ],
          [
            9.181898093950254,
            46.66470984738489
          ],
          [
            9.168148849688361,
            46.66443261324506
          ],
          [
            9.16724717021907,
            46.663742676396666
          ],
          [
            9.160211848370519,
            46.665137651773314
          ],
          [
            9.160029365405977,
            46.66461068802021
          ],
          [
            9.159272313656237,
            46.66414399539458
          ],
          [
            9.157577781086545,
            46.6635260594435
          ],
          [
            9.157537982849181,
            46.66224372508511
          ],
          [
            9.158037437698715,
            46.661593465789714
          ],
          [
            9.157860640677512,
            46.66063240066617
          ],
          [
            9.157342403994862,
            46.66015765615076
          ],
          [
            9.156850549750404,
            46.659985265600085
          ],
          [
            9.155189930942509,
            46.65937552153956
          ],
          [
            9.15369559924962,
            46.65833316152106
          ],
          [
            9.15376481080435,
            46.65737531537193
          ],
          [
            9.153564225471769,
            46.65673965288907
          ],
          [
            9.153808384081097,
            46.65596286938368
          ],
          [
            9.15385995029358,
            46.655389759492394
          ],
          [
            9.153876696765828,
            46.65498675313191
          ],
          [
            9.153842749096116,
            46.65470163288977
          ],
          [
            9.153954618906608,
            46.654342092596906
          ],
          [
            9.15378340084084,
            46.65268090925394
          ],
          [
            9.154024222068076,
            46.65190421991995
          ],
          [
            9.15466457714445,
            46.65109791959204
          ],
          [
            9.154315582649357,
            46.65077189097223
          ],
          [
            9.154014948295679,
            46.65012530132648
          ],
          [
            9.152959006600682,
            46.64908177553698
          ],
          [
            9.152540195620087,
            46.64877045103893
          ],
          [
            9.149532526339344,
            46.647612193420734
          ],
          [
            9.148795895831617,
            46.64656636222234
          ],
          [
            9.147105639641307,
            46.64572268879686
          ],
          [
            9.142937175834431,
            46.64517843772826
          ],
          [
            9.14283738783671,
            46.64493744392785
          ],
          [
            9.14285026599871,
            46.644595672997404
          ],
          [
            9.142663263970196,
            46.64404499785719
          ],
          [
            9.142640791518756,
            46.64373845982793
          ],
          [
            9.142482952678604,
            46.64339153203075
          ],
          [
            9.144006617086124,
            46.64226400269648
          ],
          [
            9.144358217470252,
            46.64218931123853
          ],
          [
            9.144932736696745,
            46.641856761991484
          ],
          [
            9.144910047127945,
            46.64121903220876
          ],
          [
            9.144746617361351,
            46.64101009841154
          ],
          [
            9.144496486189762,
            46.63982812350442
          ],
          [
            9.144320746421833,
            46.6396548693574
          ],
          [
            9.144161188289516,
            46.63811878352646
          ],
          [
            9.14456461685912,
            46.637729511985285
          ],
          [
            9.145070425911955,
            46.637153685651754
          ],
          [
            9.145529755767091,
            46.636867981770884
          ],
          [
            9.146828180556476,
            46.63403478509991
          ],
          [
            9.146468628081443,
            46.633338314295926
          ],
          [
            9.146492549551754,
            46.63281572118279
          ],
          [
            9.14608825474839,
            46.632495627465204
          ],
          [
            9.145724287192376,
            46.63224006198865
          ],
          [
            9.145528272614698,
            46.63195110680465
          ],
          [
            9.144999994689272,
            46.631356720172874
          ],
          [
            9.144846283595559,
            46.631114619671955
          ],
          [
            9.144613934204475,
            46.63092059310848
          ],
          [
            9.144447445910835,
            46.63072215131608
          ],
          [
            9.14405117942335,
            46.62983738927986
          ],
          [
            9.144110357795393,
            46.62965443491198
          ],
          [
            9.143630648718581,
            46.6288608261529
          ],
          [
            9.143113042818404,
            46.62851370762716
          ],
          [
            9.142775613781556,
            46.627812845968464
          ],
          [
            9.14262505938633,
            46.627652403330636
          ],
          [
            9.142097847374421,
            46.6274843069273
          ],
          [
            9.141954351604124,
            46.62733680445924
          ],
          [
            9.141231321980356,
            46.62696866398074
          ],
          [
            9.14045778615308,
            46.62668183912211
          ],
          [
            9.139739254139831,
            46.626551385572434
          ],
          [
            9.139417769514509,
            46.626370278636564
          ],
          [
            9.138006659766589,
            46.626022139272685
          ],
          [
            9.138223240722125,
            46.62577479076078
          ],
          [
            9.138121111051463,
            46.625660596339905
          ],
          [
            9.137535011724617,
            46.625681688359656
          ],
          [
            9.13700804575154,
            46.62558926253664
          ],
          [
            9.13667696343643,
            46.625458426206386
          ],
          [
            9.136686458924745,
            46.62531256746953
          ],
          [
            9.136526792173505,
            46.62524079899383
          ],
          [
            9.135850950542135,
            46.62511431845026
          ],
          [
            9.135568166370527,
            46.62480994994422
          ],
          [
            9.134812642128525,
            46.62464146222588
          ],
          [
            9.134244255624077,
            46.624656101165975
          ],
          [
            9.13383596114953,
            46.624562658214465
          ],
          [
            9.133487535525058,
            46.62437806712496
          ],
          [
            9.13272031893848,
            46.624265282264275
          ],
          [
            9.132367216215265,
            46.62431254590638
          ],
          [
            9.131866018291737,
            46.62444617508974
          ],
          [
            9.13146155409382,
            46.624493578911625
          ],
          [
            9.131508203758989,
            46.62396161910654
          ],
          [
            9.130820768777653,
            46.62382140711144
          ],
          [
            9.130262454133732,
            46.62365689540539
          ],
          [
            9.129739388542486,
            46.62353238281819
          ],
          [
            9.128591473774515,
            46.62336001875755
          ],
          [
            9.12764505043743,
            46.62317270528088
          ],
          [
            9.126795117455773,
            46.622991691256516
          ],
          [
            9.12630231565927,
            46.62284470609923
          ],
          [
            9.125450645371602,
            46.62277256131324
          ],
          [
            9.12507297427092,
            46.62278441879769
          ],
          [
            9.124673715972964,
            46.62282306576294
          ],
          [
            9.124309914760312,
            46.62277928088884
          ],
          [
            9.124022428429434,
            46.62262355029884
          ],
          [
            9.123431785174827,
            46.62265795387183
          ],
          [
            9.122167287004604,
            46.62256465740389
          ],
          [
            9.121877140094307,
            46.622389930866056
          ],
          [
            9.121669494039148,
            46.62232436687253
          ],
          [
            9.121679059694339,
            46.62195513385128
          ],
          [
            9.121636626718253,
            46.62173359177478
          ],
          [
            9.121297199173888,
            46.62133439979101
          ],
          [
            9.121138218572991,
            46.62065021266839
          ],
          [
            9.121656769588872,
            46.619495746159615
          ],
          [
            9.12156049005549,
            46.61908856925825
          ],
          [
            9.121444771498991,
            46.61872260085181
          ],
          [
            9.12112073667062,
            46.618354960624785
          ],
          [
            9.120590737049188,
            46.61798344369016
          ],
          [
            9.11901913078137,
            46.616140258559994
          ],
          [
            9.118431334593469,
            46.61576030866527
          ],
          [
            9.118007182198475,
            46.61518406096217
          ],
          [
            9.117383020090655,
            46.61477071236821
          ],
          [
            9.116916642526958,
            46.614308714501355
          ],
          [
            9.116345768092405,
            46.61380521043662
          ],
          [
            9.116063902302457,
            46.613688607457036
          ],
          [
            9.115602003213835,
            46.61362533084776
          ],
          [
            9.115455968365682,
            46.61345345930312
          ],
          [
            9.114911607222801,
            46.61245602055202
          ],
          [
            9.114419226806556,
            46.61216050088213
          ],
          [
            9.114191256783014,
            46.611800371302
          ],
          [
            9.113578093323067,
            46.61109885422402
          ],
          [
            9.112545442522183,
            46.61067249657125
          ],
          [
            9.112415235727966,
            46.6104044560436
          ],
          [
            9.11204731320788,
            46.61026539123281
          ],
          [
            9.111720840457371,
            46.61001309290549
          ],
          [
            9.111081036488395,
            46.6099177636207
          ],
          [
            9.110694240479393,
            46.60967018178016
          ],
          [
            9.110147347844924,
            46.60944770485147
          ],
          [
            9.109571740363668,
            46.60929884242827
          ],
          [
            9.108814351399557,
            46.608785515539296
          ],
          [
            9.108367333191396,
            46.60818114603704
          ],
          [
            9.107439237149203,
            46.60767015261851
          ],
          [
            9.106579431784223,
            46.60751477992458
          ],
          [
            9.106342732424627,
            46.60728788294999
          ],
          [
            9.105751988583775,
            46.607034878331085
          ],
          [
            9.105541884858898,
            46.60669819741634
          ],
          [
            9.105629540235498,
            46.60658351687747
          ],
          [
            9.105549340558488,
            46.605619420292626
          ],
          [
            9.105308850292328,
            46.60527507722439
          ],
          [
            9.10486038951438,
            46.60506430676862
          ],
          [
            9.104797797601988,
            46.604540969181826
          ],
          [
            9.10366000522742,
            46.60407731114753
          ],
          [
            9.103409455408997,
            46.603940685955216
          ],
          [
            9.10321993287191,
            46.60355121704417
          ],
          [
            9.103103443263173,
            46.60340227410267
          ],
          [
            9.10302591924046,
            46.602967438527244
          ],
          [
            9.102411338624739,
            46.60262628369686
          ],
          [
            9.102055019871482,
            46.60234286760831
          ],
          [
            9.101660172348279,
            46.60212492209717
          ],
          [
            9.101509658699593,
            46.602057920990454
          ],
          [
            9.101017785934447,
            46.60174536870787
          ],
          [
            9.100805263259176,
            46.601556383409985
          ],
          [
            9.100356532733722,
            46.60122056931938
          ],
          [
            9.099593925294263,
            46.60080782592195
          ],
          [
            9.099462017364395,
            46.60044625759764
          ],
          [
            9.0995582141362,
            46.599865912951294
          ],
          [
            9.099469163813618,
            46.59974784163965
          ],
          [
            9.099522597742983,
            46.5995988625429
          ],
          [
            9.099646739659722,
            46.59947867838225
          ],
          [
            9.09947973527747,
            46.59897650419992
          ],
          [
            9.099786865627799,
            46.59870867991368
          ],
          [
            9.100170179929316,
            46.5984364313063
          ],
          [
            9.100203599840173,
            46.59793150249814
          ],
          [
            9.100351256510805,
            46.597499090666076
          ],
          [
            9.10048801385711,
            46.59735851266207
          ],
          [
            9.100504483791777,
            46.59588986528877
          ],
          [
            9.100373780408251,
            46.59550316811141
          ],
          [
            9.100303627515387,
            46.594908282090444
          ],
          [
            9.099402122911968,
            46.594665794718786
          ],
          [
            9.097777934727953,
            46.594854801075094
          ],
          [
            9.097433137764593,
            46.59449561475279
          ],
          [
            9.097332045487908,
            46.594159849950984
          ],
          [
            9.097432796832962,
            46.59385821280504
          ],
          [
            9.09737956360379,
            46.59348741555467
          ],
          [
            9.096733025840427,
            46.59251779364393
          ],
          [
            9.09635279079389,
            46.591559215815174
          ],
          [
            9.096077173974255,
            46.59142833923012
          ],
          [
            9.09539149777706,
            46.591149044030686
          ],
          [
            9.095202440144918,
            46.590959698350645
          ],
          [
            9.094794591455885,
            46.5908028243704
          ],
          [
            9.094419814161913,
            46.59051285236485
          ],
          [
            9.093908704265226,
            46.5902577667826
          ],
          [
            9.093488306290206,
            46.58997071390106
          ],
          [
            9.093201779626805,
            46.589711404852494
          ],
          [
            9.092743871909718,
            46.58944881034767
          ],
          [
            9.090198905885483,
            46.588029037975254
          ],
          [
            9.089337246257891,
            46.58749608295321
          ],
          [
            9.089555389588865,
            46.58685744639655
          ],
          [
            9.089021753969297,
            46.58621427741485
          ],
          [
            9.088872688884017,
            46.58607558273679
          ],
          [
            9.088712520596923,
            46.58589332072449
          ],
          [
            9.088497508609086,
            46.585715083967706
          ],
          [
            9.088334835794429,
            46.58542539981515
          ],
          [
            9.087977575107557,
            46.58520804282252
          ],
          [
            9.087760957868216,
            46.58487470995338
          ],
          [
            9.087320761364095,
            46.58435439940814
          ],
          [
            9.08724875962962,
            46.58423649498723
          ],
          [
            9.087020209737462,
            46.58403030737714
          ],
          [
            9.086552028643842,
            46.58340012534621
          ],
          [
            9.086428983875113,
            46.58331276873416
          ],
          [
            9.086282857958656,
            46.583244794122976
          ],
          [
            9.086030118668768,
            46.583162734445324
          ],
          [
            9.085695714205732,
            46.58290022276386
          ],
          [
            9.085378703767775,
            46.58269800296305
          ],
          [
            9.085426301974463,
            46.58242350912539
          ],
          [
            9.085397826770429,
            46.582254605175336
          ],
          [
            9.085274762843682,
            46.582091893061154
          ],
          [
            9.084809203254178,
            46.58165936980192
          ],
          [
            9.084576574698916,
            46.58151959357646
          ],
          [
            9.08416589007886,
            46.58120135265295
          ],
          [
            9.083433540321893,
            46.58073128499765
          ],
          [
            9.083267554278883,
            46.580666401041775
          ],
          [
            9.08274988999108,
            46.580594795237516
          ],
          [
            9.082409862446987,
            46.580443322450954
          ],
          [
            9.081987107270486,
            46.58018793432956
          ],
          [
            9.081739384900501,
            46.579872576287265
          ],
          [
            9.081438480861049,
            46.57988078204881
          ],
          [
            9.080832646773008,
            46.57984024079957
          ],
          [
            9.079279734604945,
            46.57983157028783
          ],
          [
            9.078758532349424,
            46.57976246285802
          ],
          [
            9.078513880473677,
            46.57974135461202
          ],
          [
            9.07817410038546,
            46.57960693418254
          ],
          [
            9.077710375196633,
            46.57937528969351
          ],
          [
            9.077066883875357,
            46.57923455256824
          ],
          [
            9.076792578945335,
            46.579048114990506
          ],
          [
            9.07649868609712,
            46.5787865683868
          ],
          [
            9.076187492550925,
            46.57858833389056
          ],
          [
            9.075797697691938,
            46.57847675146625
          ],
          [
            9.075614512170022,
            46.57832935370542
          ],
          [
            9.075422525397181,
            46.57823689532393
          ],
          [
            9.074786001766684,
            46.57827321586589
          ],
          [
            9.07412894942918,
            46.578233924749306
          ],
          [
            9.073051872399525,
            46.57812989986462
          ],
          [
            9.072689407679842,
            46.57811798482741
          ],
          [
            9.072420018313913,
            46.5780832187921
          ],
          [
            9.072188594038652,
            46.57800246039665
          ],
          [
            9.071629274606368,
            46.57775167700463
          ],
          [
            9.071397290046212,
            46.57763497993733
          ],
          [
            9.071063106022416,
            46.577414720891184
          ],
          [
            9.070662704360094,
            46.57758492304045
          ],
          [
            9.070442135978482,
            46.57764066888675
          ],
          [
            9.069971418803124,
            46.577670436052685
          ],
          [
            9.069532941268672,
            46.577723069635184
          ],
          [
            9.069383575366315,
            46.577752842406696
          ],
          [
            9.06924199113633,
            46.577798797954834
          ],
          [
            9.06879178590594,
            46.57796977026485
          ],
          [
            9.068516688995537,
            46.57802087721895
          ],
          [
            9.068252619779772,
            46.5780257222069
          ],
          [
            9.067998525126882,
            46.578000434964885
          ],
          [
            9.067344313033486,
            46.57805428741103
          ],
          [
            9.066991840255902,
            46.57802182279409
          ],
          [
            9.066835996256172,
            46.57794743064339
          ],
          [
            9.066500982647884,
            46.57797044526004
          ],
          [
            9.065413649421659,
            46.577937260562
          ],
          [
            9.064604160647239,
            46.57778968590761
          ],
          [
            9.063972260462988,
            46.57806932554645
          ],
          [
            9.063507276086796,
            46.57836962912375
          ],
          [
            9.062659407448376,
            46.57844443144284
          ],
          [
            9.062172107921116,
            46.57826117091811
          ],
          [
            9.060813953126939,
            46.57811177134245
          ],
          [
            9.06042487168346,
            46.57793833168752
          ],
          [
            9.05954301528689,
            46.57786465068951
          ],
          [
            9.059201774611378,
            46.57788719264574
          ],
          [
            9.057105637929187,
            46.57769306937326
          ],
          [
            9.056290325689282,
            46.57781666730473
          ],
          [
            9.054321326224807,
            46.577336229178044
          ],
          [
            9.054064050295548,
            46.57754527777554
          ],
          [
            9.053998341412441,
            46.57763664466474
          ],
          [
            9.053797749457507,
            46.57777333063487
          ],
          [
            9.053613582818636,
            46.57792701323957
          ],
          [
            9.053044654134162,
            46.57831304633003
          ],
          [
            9.052865505120579,
            46.57850688421733
          ],
          [
            9.052127966469579,
            46.57938065634898
          ],
          [
            9.051944416397204,
            46.579470481193525
          ],
          [
            9.051336931661337,
            46.57968861920522
          ],
          [
            9.051215240636635,
            46.57980374855557
          ],
          [
            9.050818956066564,
            46.58001181766314
          ],
          [
            9.050613488956603,
            46.58015974171534
          ],
          [
            9.050481232973961,
            46.58030006892941
          ],
          [
            9.050126674315527,
            46.58042411968589
          ],
          [
            9.049990562570331,
            46.58050867156007
          ],
          [
            9.049559601218407,
            46.58067174504463
          ],
          [
            9.049280991172544,
            46.58081404418183
          ],
          [
            9.049103469292142,
            46.58112811303791
          ],
          [
            9.048932932287864,
            46.58168781278097
          ],
          [
            9.04898792352792,
            46.58181323297991
          ],
          [
            9.049140493770963,
            46.581978867150845
          ],
          [
            9.049192248904808,
            46.582239673110514
          ],
          [
            9.049314155200513,
            46.5826073116351
          ],
          [
            9.049349818955312,
            46.58285180798855
          ],
          [
            9.04934757609935,
            46.58304816467473
          ],
          [
            9.049331643267722,
            46.58311829164341
          ],
          [
            9.049263673366962,
            46.58316840714425
          ],
          [
            9.048980776674291,
            46.58326142386106
          ],
          [
            9.04849707838742,
            46.583571196419065
          ],
          [
            9.048025604069103,
            46.58363457807426
          ],
          [
            9.047289542968555,
            46.5836512864337
          ],
          [
            9.046969289195625,
            46.583637558434454
          ],
          [
            9.046613079027791,
            46.58364385325436
          ],
          [
            9.04629324658204,
            46.583587658345216
          ],
          [
            9.045958369273087,
            46.58355519448326
          ],
          [
            9.045632962450716,
            46.5835045919367
          ],
          [
            9.044464305380627,
            46.58337434485711
          ],
          [
            9.043890607885457,
            46.583374730326035
          ],
          [
            9.042448140638491,
            46.584456828508834
          ],
          [
            9.04223350200573,
            46.58535964487327
          ],
          [
            9.042572893302486,
            46.5857530342283
          ],
          [
            9.042966432263082,
            46.586004246034534
          ],
          [
            9.043498004416483,
            46.586444912523085
          ],
          [
            9.043539562199346,
            46.58667114329079
          ],
          [
            9.04360029732437,
            46.58705324544585
          ],
          [
            9.04375807012297,
            46.58724737130412
          ],
          [
            9.043474063561542,
            46.58783702229067
          ],
          [
            9.042940115156451,
            46.58859820650481
          ],
          [
            9.042813372957081,
            46.58879818051853
          ],
          [
            9.042392670404352,
            46.58911779855782
          ],
          [
            9.042180801778498,
            46.589196129397955
          ],
          [
            9.041679169295145,
            46.58976558385971
          ],
          [
            9.041226079330256,
            46.589972681637995
          ],
          [
            9.041075201500336,
            46.59016270941369
          ],
          [
            9.040551554480066,
            46.59025052015322
          ],
          [
            9.0401280640225,
            46.59037722737042
          ],
          [
            9.039931921071938,
            46.59056951019067
          ],
          [
            9.038863035546651,
            46.59098666173739
          ],
          [
            9.038155558619074,
            46.591136132679225
          ],
          [
            9.03754272663229,
            46.59142596998131
          ],
          [
            9.037404499567637,
            46.59146219252192
          ],
          [
            9.03661298029821,
            46.59150719559196
          ],
          [
            9.036454664722317,
            46.591566777518494
          ],
          [
            9.03627647229561,
            46.591754941802925
          ],
          [
            9.036106283032895,
            46.591846037022414
          ],
          [
            9.03568721166673,
            46.59190924238329
          ],
          [
            9.035364393664814,
            46.59196666879251
          ],
          [
            9.03506845512558,
            46.59241867764225
          ],
          [
            9.034778696952916,
            46.5925460884255
          ],
          [
            9.034722293504938,
            46.592880144624125
          ],
          [
            9.03446080957036,
            46.593100677285044
          ],
          [
            9.034164959877938,
            46.59380343179054
          ],
          [
            9.033727587097673,
            46.59396757656012
          ],
          [
            9.033536173519751,
            46.594092624670026
          ],
          [
            9.03353749669036,
            46.594168904347995
          ],
          [
            9.033709344284132,
            46.59445796741176
          ],
          [
            9.034076671467197,
            46.59466146828251
          ],
          [
            9.034117176099716,
            46.59494116141264
          ],
          [
            9.03391268220586,
            46.595358225223336
          ],
          [
            9.033899701712956,
            46.595640269749595
          ],
          [
            9.033970094951695,
            46.59579958114399
          ],
          [
            9.034117668397045,
            46.595961112462604
          ],
          [
            9.03431286251031,
            46.59608253111126
          ],
          [
            9.034159711541893,
            46.59629600123878
          ],
          [
            9.033970825649572,
            46.59668702357934
          ],
          [
            9.033899787173928,
            46.597004486106805
          ],
          [
            9.03400736091687,
            46.59715022999291
          ],
          [
            9.033872462620074,
            46.59739895662486
          ],
          [
            9.033866743859397,
            46.59754490313742
          ],
          [
            9.03398465866584,
            46.59781060879493
          ],
          [
            9.03381424213567,
            46.59805759288492
          ],
          [
            9.034011400953435,
            46.598324994892195
          ],
          [
            9.033956159466838,
            46.59850237087856
          ],
          [
            9.034112006935828,
            46.59895068734978
          ],
          [
            9.034015175736798,
            46.599225332806974
          ],
          [
            9.034099104911812,
            46.60002411766509
          ],
          [
            9.033455445949448,
            46.599939017502685
          ],
          [
            9.032744236080212,
            46.59998005016452
          ],
          [
            9.03181695424491,
            46.599827167824834
          ],
          [
            9.031298430369732,
            46.599698150719625
          ],
          [
            9.030992914248754,
            46.59958775383359
          ],
          [
            9.030670273729886,
            46.599508843752304
          ],
          [
            9.029268782053125,
            46.59931746073957
          ],
          [
            9.028556680229805,
            46.599318198325875
          ],
          [
            9.02761578710449,
            46.59940178932565
          ],
          [
            9.027195465997801,
            46.59941809433122
          ],
          [
            9.025252189255331,
            46.601478492133474
          ],
          [
            9.024062909105337,
            46.60187740174148
          ],
          [
            9.022925942248795,
            46.60183473372415
          ],
          [
            9.021187521428075,
            46.60299580473715
          ],
          [
            9.020800365393242,
            46.60324978560665
          ],
          [
            9.0182068136566,
            46.60326042912129
          ],
          [
            9.017710839187316,
            46.60316147531846
          ],
          [
            9.016230253782512,
            46.603214128787116
          ],
          [
            9.015635887202794,
            46.60400957418041
          ],
          [
            9.01548042809616,
            46.604173141186564
          ],
          [
            9.0152740114008,
            46.60430833434113
          ],
          [
            9.014881309200467,
            46.604513938448676
          ],
          [
            9.014789578845301,
            46.60482930740097
          ],
          [
            9.014480964180736,
            46.60529674796148
          ],
          [
            9.014075901197204,
            46.6055516009769
          ],
          [
            9.013750921250816,
            46.60591428450446
          ],
          [
            9.013551314393979,
            46.60606133763701
          ],
          [
            9.012739201898711,
            46.60660541469106
          ],
          [
            9.012504550336086,
            46.60689463222523
          ],
          [
            9.012127134497156,
            46.60719224707969
          ],
          [
            9.011699342141771,
            46.60725323316602
          ],
          [
            9.011378881482251,
            46.60764695096312
          ],
          [
            9.011712310815506,
            46.6079569003775
          ],
          [
            9.011369346137093,
            46.608073099259
          ],
          [
            9.010997590531476,
            46.608181138313654
          ],
          [
            9.010476551461808,
            46.60847170700358
          ],
          [
            9.00970123119636,
            46.608708604999116
          ],
          [
            9.009547881978351,
            46.608949448653085
          ],
          [
            9.009369932338751,
            46.609007787085496
          ],
          [
            9.009057062361647,
            46.60929296591654
          ],
          [
            9.008126459464608,
            46.60938799242249
          ],
          [
            9.007910000725412,
            46.609622910898445
          ],
          [
            9.00759425347746,
            46.609721169033385
          ],
          [
            9.006980594272605,
            46.610620310620426
          ],
          [
            9.006245828719406,
            46.61094531256786
          ],
          [
            9.00421222275189,
            46.61133041456856
          ],
          [
            8.995354313159758,
            46.61173029441712
          ],
          [
            8.990953402923049,
            46.6106124746477
          ],
          [
            8.983746509899307,
            46.60881061296816
          ],
          [
            8.973096137078635,
            46.60266119409424
          ],
          [
            8.972059069405079,
            46.60241226182646
          ],
          [
            8.971567833248685,
            46.60264916482751
          ],
          [
            8.9711218197686,
            46.602915822562125
          ],
          [
            8.969814277559705,
            46.603237007238135
          ],
          [
            8.969627153095933,
            46.60330727405013
          ],
          [
            8.969428606539397,
            46.6033213172266
          ],
          [
            8.96920904904157,
            46.60330791300142
          ],
          [
            8.96726765726364,
            46.60362408541679
          ],
          [
            8.966677230352882,
            46.60372382200131
          ],
          [
            8.966369417278987,
            46.60375400127974
          ],
          [
            8.966041094699218,
            46.60376565966263
          ],
          [
            8.965397651508505,
            46.60374059811302
          ],
          [
            8.96422260531546,
            46.603505996643435
          ],
          [
            8.963617844600742,
            46.603160166895066
          ],
          [
            8.963231234304057,
            46.602892972190844
          ],
          [
            8.963016886579673,
            46.602807256232
          ],
          [
            8.962587022209263,
            46.602700799024355
          ],
          [
            8.962208206761936,
            46.60264043362169
          ],
          [
            8.959695705018818,
            46.61070096745697
          ],
          [
            8.963002918057686,
            46.61814370387222
          ],
          [
            8.957829741032624,
            46.62987466932682
          ],
          [
            8.957385168668221,
            46.63032146407316
          ],
          [
            8.957614971125235,
            46.63032106207222
          ],
          [
            8.957949401677336,
            46.63036060596879
          ],
          [
            8.95815025188601,
            46.630358447832656
          ],
          [
            8.958454482270465,
            46.630429865570534
          ],
          [
            8.95876115151472,
            46.63046677254043
          ],
          [
            8.959122637683151,
            46.63053064025175
          ],
          [
            8.95942927626861,
            46.63062164623258
          ],
          [
            8.959602161117528,
            46.63065648678142
          ],
          [
            8.959891969577459,
            46.63074344264087
          ],
          [
            8.960132396107515,
            46.63084847624815
          ],
          [
            8.960246233447323,
            46.630908784198226
          ],
          [
            8.960562930981448,
            46.63112817833212
          ],
          [
            8.960701732630476,
            46.63119883191161
          ],
          [
            8.961276991510548,
            46.63119313878889
          ],
          [
            8.96154402863961,
            46.63124769002009
          ],
          [
            8.961769004209128,
            46.631349282990826
          ],
          [
            8.961909738728169,
            46.631397614105246
          ],
          [
            8.962034385848888,
            46.63142428796903
          ],
          [
            8.96226530006909,
            46.63144137040441
          ],
          [
            8.963172331289702,
            46.63160457807945
          ],
          [
            8.963522427068183,
            46.63164340118663
          ],
          [
            8.963775079646167,
            46.63168883671126
          ],
          [
            8.964173642198245,
            46.631734017551864
          ],
          [
            8.964886421184413,
            46.63172123646932
          ],
          [
            8.965089948629796,
            46.631698543533645
          ],
          [
            8.965285999846282,
            46.63163544484334
          ],
          [
            8.965602508206011,
            46.631499670350955
          ],
          [
            8.965888563681442,
            46.631391394110956
          ],
          [
            8.966113735460532,
            46.63133419248189
          ],
          [
            8.96655070452639,
            46.63127156656733
          ],
          [
            8.966691619960805,
            46.63127071940923
          ],
          [
            8.966909434901272,
            46.631301644037116
          ],
          [
            8.967209663923393,
            46.63129839709372
          ],
          [
            8.967466712840439,
            46.63127895820544
          ],
          [
            8.967651181523967,
            46.631253943312885
          ],
          [
            8.967794724178418,
            46.63125316747886
          ],
          [
            8.967907404003954,
            46.63127961776484
          ],
          [
            8.968061296647445,
            46.63136810833383
          ],
          [
            8.968678794837427,
            46.63176644415559
          ],
          [
            8.969106506088119,
            46.63195428153693
          ]
        ]
      }
    }
  ]
}