{
  "type": "FeatureCollection",
  "features": [
    {
      "type": "Feature",
      "properties": {
        "bfs_nummer": 3619,
        "segment_length_m": 0.9802315236365854
      },
      "geometry": {
        "type": "LineString",
        "coordinates": [
          [
            9.206171676243661,
            46.80913735358825
          ],
          [
            9.205981023531285,
            46.8090741434166
          ],
          [
            9.205926661477504,
            46.808964223227385
          ],
          [
            9.205971429151125,
            46.80885446105246
          ],
          [
            9.20609892392922,
            46.80870907491442
          ],
          [
            9.20615038148906,
            46.808617096501116
          ],
          [
            9.206169781328992,
            46.808507042896565
          ],
          [
            9.206184615210924,
            46.80822632933661
          ],
          [
            9.206225323964569,
            46.807915874038216
          ],
          [
            9.206222383565722,
            46.807826284840836
          ],
          [
            9.206186651093311,
            46.80773256022931
          ],
          [
            9.20618920979996,
            46.807663985459094
          ],
          [
            9.206280613700665,
            46.807553798449845
          ],
          [
            9.206312441194434,
            46.80750020177111
          ],
          [
            9.206317443260847,
            46.807389093231286
          ],
          [
            9.206343282315514,
            46.807270032242755
          ],
          [
            9.206392728989616,
            46.80714718682041
          ],
          [
            9.206404348346572,
            46.807070805818235
          ],
          [
            9.206390662297443,
            46.80697483259738
          ],
          [
            9.206330713729491,
            46.80673060095957
          ],
          [
            9.206420765074734,
            46.80639561912613
          ],
          [
            9.206488023875847,
            46.80623259335346
          ],
          [
            9.20660611361721,
            46.80609074414703
          ],
          [
            9.206827268926059,
            46.805953372963415
          ],
          [
            9.20706302363068,
            46.80572469195852
          ],
          [
            9.20713479607599,
            46.805594653295515
          ],
          [
            9.20718246460864,
            46.805357501638596
          ],
          [
            9.207176037337291,
            46.80520007900463
          ],
          [
            9.207156167565131,
            46.80506586251701
          ],
          [
            9.207148005920612,
            46.8049334352526
          ],
          [
            9.207089610982536,
            46.804578121675284
          ],
          [
            9.206910886039145,
            46.8041900747887
          ],
          [
            9.20687547286783,
            46.804074508085456
          ],
          [
            9.206941306256748,
            46.80406615589437
          ],
          [
            9.206970483754114,
            46.8034793442303
          ],
          [
            9.206904558466094,
            46.803131255263985
          ],
          [
            9.20737590006877,
            46.801628590082984
          ],
          [
            9.207173627574313,
            46.80070671645603
          ],
          [
            9.207233797220688,
            46.79982008995273
          ],
          [
            9.208637463266111,
            46.79807053198958
          ],
          [
            9.209180856795278,
            46.79708264933861
          ],
          [
            9.210108434633892,
            46.79602618163612
          ],
          [
            9.210786201513605,
            46.79560979063383
          ],
          [
            9.210563412492762,
            46.79477265636679
          ],
          [
            9.211416722229837,
            46.79378395681369
          ],
          [
            9.213076409721008,
            46.792112692779256
          ],
          [
            9.21353443122334,
            46.791679912271974
          ],
          [
            9.213056890036002,
            46.790999440984244
          ],
          [
            9.213181428055037,
            46.790926424080254
          ],
          [
            9.213183015511222,
            46.790573329701935
          ],
          [
            9.213268104002807,
            46.79021308026006
          ],
          [
            9.21293625225697,
            46.78995424413518
          ],
          [
            9.213273291689637,
            46.7895350229253
          ],
          [
            9.21294529601011,
            46.78909482328468
          ],
          [
            9.213096266076624,
            46.78863881345706
          ],
          [
            9.213240346875748,
            46.78796219678339
          ],
          [
            9.213400575967636,
            46.78775203971852
          ],
          [
            9.213209351565972,
            46.78751036393452
          ],
          [
            9.212668645922466,
            46.787121867542965
          ],
          [
            9.212673717365226,
            46.78698547357027
          ],
          [
            9.212142308750744,
            46.7866801580783
          ],
          [
            9.210989397281697,
            46.786532941118786
          ],
          [
            9.210639036242645,
            46.78631170844434
          ],
          [
            9.210203953496753,
            46.786047088577455
          ],
          [
            9.210906086742842,
            46.78577238099992
          ],
          [
            9.211379950460083,
            46.78552361724537
          ],
          [
            9.211990138229915,
            46.78499368868645
          ],
          [
            9.212032362082716,
            46.78407615797769
          ],
          [
            9.211875587297136,
            46.78393459342694
          ],
          [
            9.211752775991808,
            46.783812863086766
          ],
          [
            9.211613888646102,
            46.783696169013595
          ],
          [
            9.211507497712358,
            46.78363554779689
          ],
          [
            9.211306133069753,
            46.78355076647594
          ],
          [
            9.21121481525701,
            46.78350674569433
          ],
          [
            9.21112163317503,
            46.78344546919449
          ],
          [
            9.21090474098494,
            46.7833306059592
          ],
          [
            9.210710575993263,
            46.78324562189431
          ],
          [
            9.210480965134574,
            46.78311835847963
          ],
          [
            9.21020379297919,
            46.782950803021755
          ],
          [
            9.210128321385836,
            46.782866396802966
          ],
          [
            9.210063222509854,
            46.78281063125666
          ],
          [
            9.209766899211333,
            46.78265848801597
          ],
          [
            9.209500491178158,
            46.78251541764269
          ],
          [
            9.209369331896843,
            46.78247021377848
          ],
          [
            9.209094134733403,
            46.782431517117075
          ],
          [
            9.208808988684789,
            46.78238620776609
          ],
          [
            9.208661985443396,
            46.78233913426885
          ],
          [
            9.208595846536692,
            46.782262806304544
          ],
          [
            9.208546515312532,
            46.782181368017795
          ],
          [
            9.208494889235714,
            46.78212297239284
          ],
          [
            9.208422494170485,
            46.782069505478105
          ],
          [
            9.208339643764143,
            46.782033890036885
          ],
          [
            9.208248790636045,
            46.78200585765405
          ],
          [
            9.208124919610835,
            46.781954771915665
          ],
          [
            9.207996007552396,
            46.781882592582946
          ],
          [
            9.207907709755622,
            46.78179953541919
          ],
          [
            9.207878915131365,
            46.78174074976016
          ],
          [
            9.207860172366995,
            46.78168691903536
          ],
          [
            9.207879017525503,
            46.781625793611724
          ],
          [
            9.207934210640476,
            46.78158024683037
          ],
          [
            9.208060946469702,
            46.78150521264521
          ],
          [
            9.208174623751477,
            46.781403873474225
          ],
          [
            9.208293382664035,
            46.78126823718093
          ],
          [
            9.208306722551704,
            46.781199827883405
          ],
          [
            9.208042416011825,
            46.78127357517424
          ],
          [
            9.205438975695557,
            46.780776016571274
          ],
          [
            9.204815797448072,
            46.780511714137795
          ],
          [
            9.20499580154964,
            46.780310350610826
          ],
          [
            9.205854087909051,
            46.780234085836284
          ],
          [
            9.206274154682502,
            46.78025827458779
          ],
          [
            9.206934161925794,
            46.77983470083379
          ],
          [
            9.207574068217319,
            46.77941554645076
          ],
          [
            9.209180746623556,
            46.778173370893654
          ],
          [
            9.209778414323152,
            46.77731422285675
          ],
          [
            9.209813324752009,
            46.77725744563118
          ],
          [
            9.209837318991791,
            46.777203267121116
          ],
          [
            9.209908676842433,
            46.77700180817257
          ],
          [
            9.210005084565935,
            46.776710181401235
          ],
          [
            9.212314709743852,
            46.77692716899624
          ],
          [
            9.21322946071726,
            46.77700761050366
          ],
          [
            9.214768567993739,
            46.7774584961832
          ],
          [
            9.216594970987444,
            46.77770397781663
          ],
          [
            9.218194585126462,
            46.7777558973044
          ],
          [
            9.22507691647671,
            46.777609476342505
          ],
          [
            9.227472456244545,
            46.77827677149453
          ],
          [
            9.229142483158537,
            46.779334040577865
          ],
          [
            9.234817570279196,
            46.7807995914118
          ],
          [
            9.238209082392084,
            46.784366739678106
          ],
          [
            9.241272818476126,
            46.78560988361215
          ],
          [
            9.243942447807921,
            46.78485281643006
          ],
          [
            9.248604481489403,
            46.78300804029427
          ],
          [
            9.251368905396223,
            46.78261552165484
          ],
          [
            9.253383336777075,
            46.78218598177921
          ],
          [
            9.256135691592972,
            46.78279729930772
          ],
          [
            9.25866831636848,
            46.78316904969365
          ],
          [
            9.259214581587747,
            46.783386429605955
          ],
          [
            9.259379630201378,
            46.78269970189286
          ],
          [
            9.25942481618537,
            46.7825228308225
          ],
          [
            9.25978480192534,
            46.78111295103908
          ],
          [
            9.261343446672724,
            46.77921133788896
          ],
          [
            9.26135281775376,
            46.77919990499593
          ],
          [
            9.261764650089267,
            46.77858943054195
          ],
          [
            9.262050403400817,
            46.77819666433992
          ],
          [
            9.262852851549145,
            46.77702916134868
          ],
          [
            9.262978085229534,
            46.776651923086526
          ],
          [
            9.263305688542665,
            46.775664995501735
          ],
          [
            9.263808216977118,
            46.77570058433012
          ],
          [
            9.264485538048268,
            46.77574855504592
          ],
          [
            9.26451384072743,
            46.77553094824058
          ],
          [
            9.264819386553578,
            46.77505354793764
          ],
          [
            9.264892168667478,
            46.774991432236
          ],
          [
            9.265262675571378,
            46.774896776946576
          ],
          [
            9.265473895463785,
            46.77472822362891
          ],
          [
            9.265381472235058,
            46.77462198019806
          ],
          [
            9.26525277856338,
            46.774534870602956
          ],
          [
            9.265099873620212,
            46.774378324860756
          ],
          [
            9.2651881895693,
            46.77432903430863
          ],
          [
            9.265097137443611,
            46.774223407573146
          ],
          [
            9.264395494490437,
            46.773409473530066
          ],
          [
            9.264445018940092,
            46.77312093909653
          ],
          [
            9.264428549783878,
            46.77282811536163
          ],
          [
            9.264479808227055,
            46.77236195347348
          ],
          [
            9.264458348492543,
            46.77229174450614
          ],
          [
            9.264504665523344,
            46.771787600661824
          ],
          [
            9.264611298253863,
            46.77142019521326
          ],
          [
            9.26471103440801,
            46.77140197183138
          ],
          [
            9.26478437848218,
            46.771402958077466
          ],
          [
            9.265071596987896,
            46.77140682115373
          ],
          [
            9.26535116394548,
            46.7706877199552
          ],
          [
            9.265440514008025,
            46.770554381518934
          ],
          [
            9.265172551776912,
            46.7704837081565
          ],
          [
            9.264907099603894,
            46.77051026987352
          ],
          [
            9.264944927843233,
            46.770301445229634
          ],
          [
            9.264972903769,
            46.77010563612949
          ],
          [
            9.264932157813536,
            46.76998644551471
          ],
          [
            9.264976961494137,
            46.76956303624875
          ],
          [
            9.264974471258137,
            46.76935778090834
          ],
          [
            9.265024612338346,
            46.76915642537389
          ],
          [
            9.265117870296816,
            46.76887801507981
          ],
          [
            9.265121123931895,
            46.768657173494674
          ],
          [
            9.265131268051604,
            46.7679646167012
          ],
          [
            9.265625703101293,
            46.76639992973792
          ],
          [
            9.265855380996962,
            46.76529443760404
          ],
          [
            9.266167630903073,
            46.76522534688847
          ],
          [
            9.266310089653317,
            46.76525831958701
          ],
          [
            9.266415997092095,
            46.76390805004884
          ],
          [
            9.266672748329091,
            46.76363943691436
          ],
          [
            9.267080086527518,
            46.76321323364815
          ],
          [
            9.26857071764082,
            46.7604247558916
          ],
          [
            9.269095931302846,
            46.75944213315099
          ],
          [
            9.27112354521043,
            46.755684667550575
          ],
          [
            9.272187019357293,
            46.753713702273295
          ],
          [
            9.278201218003494,
            46.751741901559754
          ],
          [
            9.278833127625155,
            46.750489721681305
          ],
          [
            9.27905956923731,
            46.75004095175199
          ],
          [
            9.281439709543577,
            46.74843692702119
          ],
          [
            9.284030860737982,
            46.74832698199146
          ],
          [
            9.285890583583297,
            46.74824803179994
          ],
          [
            9.289203579129403,
            46.74617424763824
          ],
          [
            9.289877280279802,
            46.745214125164495
          ],
          [
            9.289818175075942,
            46.744445759027556
          ],
          [
            9.29030720617095,
            46.744010420851765
          ],
          [
            9.290234847442425,
            46.74380914110566
          ],
          [
            9.290043671161628,
            46.74357829653562
          ],
          [
            9.290317588628735,
            46.743168943392696
          ],
          [
            9.290652031936657,
            46.74255552312655
          ],
          [
            9.291005963353443,
            46.742060018513385
          ],
          [
            9.291217380787845,
            46.74173715823415
          ],
          [
            9.291733607673745,
            46.741332873493484
          ],
          [
            9.292361728920119,
            46.741138211478805
          ],
          [
            9.292568926074535,
            46.740882901782626
          ],
          [
            9.29291475762599,
            46.74047239113153
          ],
          [
            9.292950950717616,
            46.739621476945636
          ],
          [
            9.292705538128164,
            46.73895511684079
          ],
          [
            9.29278120476164,
            46.738490491747406
          ],
          [
            9.292726609872302,
            46.738234936906444
          ],
          [
            9.292772235737273,
            46.737658316357795
          ],
          [
            9.292686022908846,
            46.73743476824435
          ],
          [
            9.292877804718211,
            46.73711222336663
          ],
          [
            9.292804363392037,
            46.736879469783
          ],
          [
            9.292207347070043,
            46.73626380356717
          ],
          [
            9.292412101044157,
            46.735747592269185
          ],
          [
            9.29237960369324,
            46.735563661938954
          ],
          [
            9.292804157099454,
            46.73534981800153
          ],
          [
            9.29280074078486,
            46.73467951557861
          ],
          [
            9.293013059315541,
            46.73438363032482
          ],
          [
            9.293468475304769,
            46.733926336669015
          ],
          [
            9.296259310477067,
            46.73155047378464
          ],
          [
            9.295829907482904,
            46.73143147592847
          ],
          [
            9.29551438393844,
            46.731009208314354
          ],
          [
            9.29536935310934,
            46.73059765283938
          ],
          [
            9.295123100826201,
            46.73028673146223
          ],
          [
            9.294303040087316,
            46.730223583314704
          ],
          [
            9.29407857925761,
            46.7299752911578
          ],
          [
            9.293682663668116,
            46.72987824471184
          ],
          [
            9.293489622075672,
            46.72978240614514
          ],
          [
            9.293346840379854,
            46.72981622075825
          ],
          [
            9.29329894546634,
            46.729565056087466
          ],
          [
            9.293191070425705,
            46.72947233123924
          ],
          [
            9.292204024740741,
            46.72911944879145
          ],
          [
            9.292025660787289,
            46.72887938369275
          ],
          [
            9.291676045397978,
            46.72860612661198
          ],
          [
            9.291635934337636,
            46.72839082680435
          ],
          [
            9.290759733338927,
            46.7282160910254
          ],
          [
            9.291017449287255,
            46.72809943137795
          ],
          [
            9.290056555959353,
            46.72793506363523
          ],
          [
            9.289661884379463,
            46.72787398426216
          ],
          [
            9.288769325599258,
            46.72759997234064
          ],
          [
            9.2879525919532,
            46.72725382924806
          ],
          [
            9.28774723696131,
            46.72679825321682
          ],
          [
            9.287124763364629,
            46.72600751481763
          ],
          [
            9.286548866783974,
            46.725620936073476
          ],
          [
            9.286251848193212,
            46.725544748124335
          ],
          [
            9.285805337140179,
            46.725497992414645
          ],
          [
            9.28513621967467,
            46.72506341864487
          ],
          [
            9.28470443081972,
            46.724872443992254
          ],
          [
            9.284172936537852,
            46.72444464417727
          ],
          [
            9.283979546996994,
            46.72414633259159
          ],
          [
            9.284160718058821,
            46.72389595732423
          ],
          [
            9.284390568033537,
            46.72373028360055
          ],
          [
            9.284333362042524,
            46.723587241976226
          ],
          [
            9.284276360225581,
            46.72325972982066
          ],
          [
            9.28455536190081,
            46.72319223789249
          ],
          [
            9.284217436011266,
            46.72268481380009
          ],
          [
            9.284392985844706,
            46.722461522874575
          ],
          [
            9.284254909236694,
            46.7220588490464
          ],
          [
            9.284323074117264,
            46.72175631420857
          ],
          [
            9.284482693737697,
            46.72087642950577
          ],
          [
            9.284570326878226,
            46.720263140559524
          ],
          [
            9.28452098927148,
            46.72008307101664
          ],
          [
            9.284500337493448,
            46.71936447683714
          ],
          [
            9.284277579142834,
            46.71910210218015
          ],
          [
            9.284155148167944,
            46.71874766506889
          ],
          [
            9.284685218162565,
            46.71837815054632
          ],
          [
            9.284315502801983,
            46.717333082127205
          ],
          [
            9.285169573164936,
            46.71649791270104
          ],
          [
            9.285214633121573,
            46.7156778278547
          ],
          [
            9.28603138673701,
            46.71345078281893
          ],
          [
            9.285838355927417,
            46.712950437146304
          ],
          [
            9.286058041157643,
            46.71144156170889
          ],
          [
            9.286378902203813,
            46.71093167523534
          ],
          [
            9.28676530137768,
            46.71024062193591
          ],
          [
            9.286813498625776,
            46.70999374596808
          ],
          [
            9.286613399391719,
            46.70952901310988
          ],
          [
            9.286517844722606,
            46.70919563886449
          ],
          [
            9.286508725586913,
            46.70875866472228
          ],
          [
            9.286688771230931,
            46.70738011716189
          ],
          [
            9.28601398620628,
            46.706236152198684
          ],
          [
            9.285951459834187,
            46.705216389111364
          ],
          [
            9.285325425292847,
            46.7037009317111
          ],
          [
            9.282779775176941,
            46.701357330029985
          ],
          [
            9.281765812869516,
            46.699806405532726
          ],
          [
            9.28062220091453,
            46.6977838602009
          ],
          [
            9.278922276868672,
            46.69663607147289
          ],
          [
            9.278266275008988,
            46.69563302015078
          ],
          [
            9.277750797918188,
            46.6940093936788
          ],
          [
            9.277501854509167,
            46.69273882015221
          ],
          [
            9.277691022907366,
            46.69191947224366
          ],
          [
            9.277249762848024,
            46.69089145485504
          ],
          [
            9.276425858202822,
            46.68993826960429
          ],
          [
            9.275472655816527,
            46.68941291944956
          ],
          [
            9.275258874432941,
            46.688137878866875
          ],
          [
            9.275327675511203,
            46.68754373196827
          ],
          [
            9.274376757356249,
            46.68612054620558
          ],
          [
            9.274254873948655,
            46.68524482030887
          ],
          [
            9.273859055425026,
            46.6844368873322
          ],
          [
            9.273616969639999,
            46.683817109009595
          ],
          [
            9.27319911532186,
            46.6828672438551
          ],
          [
            9.271869963397867,
            46.68014333395863
          ],
          [
            9.270635813686031,
            46.67873257565081
          ],
          [
            9.270320853743465,
            46.67761841752366
          ],
          [
            9.267905006090063,
            46.67612806452797
          ],
          [
            9.267526878720854,
            46.675519969090715
          ],
          [
            9.267812063984262,
            46.674898194474004
          ],
          [
            9.267817791615913,
            46.67462739885142
          ],
          [
            9.266403790957316,
            46.67335012603411
          ],
          [
            9.26462874749042,
            46.67249560616519
          ],
          [
            9.264264934475587,
            46.67158414820104
          ],
          [
            9.263539601784327,
            46.67067725613637
          ],
          [
            9.261820253325435,
            46.66991934917487
          ],
          [
            9.261422545933662,
            46.669607607747814
          ],
          [
            9.260312146489255,
            46.66884541517735
          ],
          [
            9.259225212086653,
            46.667505160242804
          ],
          [
            9.256638673925968,
            46.66525349844005
          ],
          [
            9.256057396639052,
            46.664888521132006
          ],
          [
            9.254414906020076,
            46.66432306008368
          ],
          [
            9.253271205851272,
            46.66388600496369
          ],
          [
            9.252994279955757,
            46.663712004467335
          ],
          [
            9.253047716877111,
            46.66346057904621
          ],
          [
            9.252245645839569,
            46.66319400025709
          ],
          [
            9.25237090473927,
            46.66235662931681
          ],
          [
            9.25140733887967,
            46.66178391492909
          ],
          [
            9.250258018372636,
            46.66083141993604
          ],
          [
            9.249680531173238,
            46.66047734658331
          ],
          [
            9.248983030260359,
            46.65992959877323
          ],
          [
            9.24488983342323,
            46.65805617789829
          ],
          [
            9.243948388461556,
            46.6577917613004
          ],
          [
            9.243276711252078,
            46.65754588244561
          ],
          [
            9.242831827727656,
            46.65733453211676
          ],
          [
            9.242427415779247,
            46.657168455587104
          ],
          [
            9.24204505850023,
            46.657063619186935
          ],
          [
            9.241532665427247,
            46.656969819555755
          ],
          [
            9.241002852610128,
            46.656950750930875
          ],
          [
            9.24058942273671,
            46.65698961198213
          ],
          [
            9.240027851905202,
            46.6569410691692
          ],
          [
            9.239539769768358,
            46.65695698351838
          ],
          [
            9.238555906686667,
            46.65712091774812
          ],
          [
            9.237529554784508,
            46.656960042464426
          ],
          [
            9.236935925532817,
            46.656932505903164
          ],
          [
            9.23478981996433,
            46.65649788082598
          ],
          [
            9.23772076226994,
            46.660248452861865
          ],
          [
            9.238217228479511,
            46.66070363410892
          ],
          [
            9.238850078187193,
            46.66127093154098
          ],
          [
            9.239167140355143,
            46.66149142619512
          ],
          [
            9.239299007302561,
            46.661610957583505
          ],
          [
            9.239434490865598,
            46.661838532394604
          ],
          [
            9.239965887154929,
            46.662469801011156
          ],
          [
            9.240133513905395,
            46.66259318404109
          ],
          [
            9.240446437222202,
            46.66274173057584
          ],
          [
            9.240595982015082,
            46.66279826560004
          ],
          [
            9.240722867399949,
            46.66283686612921
          ],
          [
            9.240881516234845,
            46.66290653768004
          ],
          [
            9.240969599169112,
            46.662936924820954
          ],
          [
            9.24117980491902,
            46.662997115343885
          ],
          [
            9.241498563573028,
            46.66308227550139
          ],
          [
            9.241614116419262,
            46.66312588626356
          ],
          [
            9.241853695478573,
            46.66319560737947
          ],
          [
            9.241979443060224,
            46.66326074136429
          ],
          [
            9.242185580748936,
            46.663338756320364
          ],
          [
            9.242296801982475,
            46.66340055675563
          ],
          [
            9.242454941627088,
            46.66355151229451
          ],
          [
            9.242626288820562,
            46.663642800344284
          ],
          [
            9.24271416453733,
            46.66370955897852
          ],
          [
            9.242744827374642,
            46.663785492624314
          ],
          [
            9.242672333012605,
            46.663992143703595
          ],
          [
            9.242669558393429,
            46.664050710004794
          ],
          [
            9.242686376231115,
            46.66410891207758
          ],
          [
            9.242820544593695,
            46.664312542543286
          ],
          [
            9.242858341051404,
            46.66443337071025
          ],
          [
            9.24286336762,
            46.66452239735061
          ],
          [
            9.242833852753455,
            46.66459858211022
          ],
          [
            9.2427916032253,
            46.66468402041211
          ],
          [
            9.24274618188,
            46.66494327642932
          ],
          [
            9.242740768854325,
            46.665001893504694
          ],
          [
            9.242758510002375,
            46.66505016525783
          ],
          [
            9.242852511346962,
            46.66516992344284
          ],
          [
            9.24287173593317,
            46.665222688635936
          ],
          [
            9.242849268552773,
            46.6654049730325
          ],
          [
            9.242861224521356,
            46.665471377179976
          ],
          [
            9.243014249743576,
            46.66562511239725
          ],
          [
            9.243042631066897,
            46.6656777055533
          ],
          [
            9.24306577378793,
            46.6657303726721
          ],
          [
            9.243120236188705,
            46.66599942921025
          ],
          [
            9.243160941973773,
            46.666065288007566
          ],
          [
            9.24357213933622,
            46.66635096351841
          ],
          [
            9.243718587982736,
            46.6664724365714
          ],
          [
            9.2437658164519,
            46.66656877570462
          ],
          [
            9.24371533796759,
            46.66677049865387
          ],
          [
            9.243697000943877,
            46.66686357555379
          ],
          [
            9.243773963464704,
            46.66696221496473
          ],
          [
            9.24382847884412,
            46.66721590194974
          ],
          [
            9.24379311422667,
            46.66742284718059
          ],
          [
            9.24394562696845,
            46.667641149330684
          ],
          [
            9.243971652733002,
            46.667725263266476
          ],
          [
            9.243949751568792,
            46.66799946149421
          ],
          [
            9.24397413885996,
            46.668106105147935
          ],
          [
            9.244133876402547,
            46.66842781348381
          ],
          [
            9.244165054251571,
            46.66856943232408
          ],
          [
            9.24430636553754,
            46.66888883203711
          ],
          [
            9.244443645725767,
            46.6690876515807
          ],
          [
            9.244594133475,
            46.66940776033517
          ],
          [
            9.244616202968002,
            46.669491945843916
          ],
          [
            9.244627560271134,
            46.66959975867613
          ],
          [
            9.24464202454709,
            46.669837191057205
          ],
          [
            9.244613423947126,
            46.66998996089858
          ],
          [
            9.244605633483971,
            46.670169331618375
          ],
          [
            9.244620501393687,
            46.67032660426763
          ],
          [
            9.244657008968549,
            46.67041138873199
          ],
          [
            9.244727712430509,
            46.670527861649624
          ],
          [
            9.244799110956446,
            46.6708370316138
          ],
          [
            9.24484134927938,
            46.67096220675361
          ],
          [
            9.244851606812478,
            46.67101602257828
          ],
          [
            9.244817537920488,
            46.67107527394514
          ],
          [
            9.244801984803486,
            46.671138631777964
          ],
          [
            9.24483339694105,
            46.67119650325111
          ],
          [
            9.244883135721222,
            46.671253994225815
          ],
          [
            9.245129496574767,
            46.67148925294977
          ],
          [
            9.245187377686827,
            46.67164201048908
          ],
          [
            9.245261885266308,
            46.67172598534879
          ],
          [
            9.245514154051587,
            46.67191697890643
          ],
          [
            9.245601533945338,
            46.6720547278663
          ],
          [
            9.245633950954588,
            46.672194527119274
          ],
          [
            9.245664002344425,
            46.672369482700965
          ],
          [
            9.245733145365367,
            46.67248059004971
          ],
          [
            9.245855118540309,
            46.67260048723941
          ],
          [
            9.245949102413196,
            46.67268046364164
          ],
          [
            9.24610877208286,
            46.67276354609792
          ],
          [
            9.246230266569762,
            46.67284294192764
          ],
          [
            9.24627797796292,
            46.672913970349924
          ],
          [
            9.24640232113811,
            46.67320491557105
          ],
          [
            9.246423569711242,
            46.67332964935867
          ],
          [
            9.246426506887012,
            46.6735141858
          ],
          [
            9.24640136079498,
            46.673626365716956
          ],
          [
            9.246344993257587,
            46.67383287108441
          ],
          [
            9.246370040848323,
            46.6738953780817
          ],
          [
            9.246506965514861,
            46.67408609389597
          ],
          [
            9.24657029181366,
            46.67418382320075
          ],
          [
            9.24657686741488,
            46.67427283412874
          ],
          [
            9.246523111736566,
            46.67447926214042
          ],
          [
            9.246531412571105,
            46.674577243601455
          ],
          [
            9.246586832151165,
            46.67467423454652
          ],
          [
            9.246656107467318,
            46.67475830958175
          ],
          [
            9.246667719602025,
            46.67493095710055
          ],
          [
            9.246631824787737,
            46.67503797183713
          ],
          [
            9.246642840325409,
            46.67510888051105
          ],
          [
            9.24664507804325,
            46.67518897134978
          ],
          [
            9.246703092379413,
            46.67525529220849
          ],
          [
            9.24686326722493,
            46.67535007198613
          ],
          [
            9.247043260679927,
            46.67541831713624
          ],
          [
            9.247098478854115,
            46.67551080309854
          ],
          [
            9.247159082422943,
            46.6756653161106
          ],
          [
            9.247085963877796,
            46.67578930693315
          ],
          [
            9.24708406810398,
            46.67591027786603
          ],
          [
            9.247125296534781,
            46.67603663800082
          ],
          [
            9.247184041223907,
            46.67617622598436
          ],
          [
            9.24723862848482,
            46.67623658138274
          ],
          [
            9.247389146867947,
            46.67630523084917
          ],
          [
            9.247452431365886,
            46.67635281504338
          ],
          [
            9.247459702705905,
            46.67640947641191
          ],
          [
            9.247447669498731,
            46.67651151471159
          ],
          [
            9.247521772023008,
            46.67671301629606
          ],
          [
            9.247513330272687,
            46.676805972692094
          ],
          [
            9.247477575793972,
            46.67690389757049
          ],
          [
            9.247465473432676,
            46.677258265223266
          ],
          [
            9.247550477106534,
            46.677399208817256
          ],
          [
            9.247769514757717,
            46.677841577930124
          ],
          [
            9.247766842938601,
            46.677912820772356
          ],
          [
            9.247653782076899,
            46.67815534554323
          ],
          [
            9.247599781790749,
            46.678473459864506
          ],
          [
            9.247538868411205,
            46.67856460376405
          ],
          [
            9.247438989890076,
            46.678664527194925
          ],
          [
            9.247406369232975,
            46.67877681691285
          ],
          [
            9.247324989976562,
            46.67891696417179
          ],
          [
            9.247261575587354,
            46.67904781935253
          ],
          [
            9.247227303547234,
            46.67922321951102
          ],
          [
            9.2471103778072,
            46.679467604545835
          ],
          [
            9.247111176183406,
            46.679526168220605
          ],
          [
            9.24718789007403,
            46.67969158297276
          ],
          [
            9.247173466564483,
            46.67979996665401
          ],
          [
            9.24700661950885,
            46.680040698794535
          ],
          [
            9.246841081196,
            46.6802093097158
          ],
          [
            9.246776598644754,
            46.680309525667404
          ],
          [
            9.246666727542056,
            46.68042312171723
          ],
          [
            9.246657210457082,
            46.68048637497916
          ],
          [
            9.246707105011362,
            46.68059816513085
          ],
          [
            9.246683352565384,
            46.68066616118565
          ],
          [
            9.246675801622965,
            46.68078343364034
          ],
          [
            9.246625535691523,
            46.68084285240936
          ],
          [
            9.246489357836802,
            46.68095330242878
          ],
          [
            9.246458049532956,
            46.68102953439209
          ],
          [
            9.246447530874025,
            46.68124598374952
          ],
          [
            9.246500574463107,
            46.68137215666558
          ],
          [
            9.246511501983413,
            46.681457580333955
          ],
          [
            9.246489874511298,
            46.68154805536697
          ],
          [
            9.24644302350365,
            46.68162905081395
          ],
          [
            9.246300917495692,
            46.68179367196571
          ],
          [
            9.246169609004678,
            46.681930156208864
          ],
          [
            9.2459419412537,
            46.682409818540854
          ],
          [
            9.245882146405888,
            46.68249553593093
          ],
          [
            9.245749555250013,
            46.68259691219027
          ],
          [
            9.24572608859995,
            46.682709047144506
          ],
          [
            9.245661105492168,
            46.682759700889655
          ],
          [
            9.245290257097018,
            46.68297505120876
          ],
          [
            9.245286255402789,
            46.683118388115886
          ],
          [
            9.245269223479331,
            46.68319077622651
          ],
          [
            9.245199775128327,
            46.68326313140918
          ],
          [
            9.245046213778572,
            46.68332791183673
          ],
          [
            9.244992972708733,
            46.683377470279126
          ],
          [
            9.24498560125909,
            46.68342716550324
          ],
          [
            9.24501352617622,
            46.68354743864713
          ],
          [
            9.244974521462625,
            46.68359226349244
          ],
          [
            9.244873004246159,
            46.68364714892613
          ],
          [
            9.244814034977518,
            46.68371933777795
          ],
          [
            9.244768312358202,
            46.683831843181466
          ],
          [
            9.244770375382593,
            46.683925541532055
          ],
          [
            9.244673997033413,
            46.68412270998173
          ],
          [
            9.24447546812989,
            46.684285559327584
          ],
          [
            9.24439132651089,
            46.68431312133083
          ],
          [
            9.244170452964909,
            46.6843646153305
          ],
          [
            9.244075316355328,
            46.68441488199204
          ],
          [
            9.243875340777764,
            46.68457326321169
          ],
          [
            9.243302660759861,
            46.685150648109065
          ],
          [
            9.243079673874066,
            46.68547072430189
          ],
          [
            9.242840668174594,
            46.6857121961119
          ],
          [
            9.242459020761489,
            46.68596646148421
          ],
          [
            9.242314202923968,
            46.68604867252754
          ],
          [
            9.24222199040521,
            46.686134936806376
          ],
          [
            9.242129337909919,
            46.68626087063606
          ],
          [
            9.242033123824639,
            46.68641757950683
          ],
          [
            9.241853125148417,
            46.68659899935101
          ],
          [
            9.241709272333658,
            46.68669921706831
          ],
          [
            9.241442488280592,
            46.686850408533004
          ],
          [
            9.241190471551228,
            46.687056225879104
          ],
          [
            9.240919442862245,
            46.68729772291981
          ],
          [
            9.24071517296769,
            46.68753837974848
          ],
          [
            9.2405642315545,
            46.68772445778648
          ],
          [
            9.240306742452857,
            46.68799805958036
          ],
          [
            9.240250189845968,
            46.68808969706758
          ],
          [
            9.24017556544013,
            46.688306267738874
          ],
          [
            9.239940747857709,
            46.688539604701106
          ],
          [
            9.239889631607607,
            46.68863471023319
          ],
          [
            9.23988629695809,
            46.68876556503963
          ],
          [
            9.239931208322753,
            46.68886810591766
          ],
          [
            9.239941093918912,
            46.68895352848158
          ],
          [
            9.239807196936416,
            46.6891635133151
          ],
          [
            9.23976210272284,
            46.68924945375303
          ],
          [
            9.239699429618565,
            46.68944496911125
          ],
          [
            9.23963800344528,
            46.689495257038004
          ],
          [
            9.239334652628646,
            46.6896491894669
          ],
          [
            9.239093093747245,
            46.68980694089925
          ],
          [
            9.239026072433582,
            46.68989885103298
          ],
          [
            9.239071395396186,
            46.69003295925777
          ],
          [
            9.238944481788186,
            46.69017964060484
          ],
          [
            9.238758836307344,
            46.69035396401497
          ],
          [
            9.238681917191363,
            46.69043260540951
          ],
          [
            9.238603961979262,
            46.69056448550999
          ],
          [
            9.238486276101574,
            46.69061622802733
          ],
          [
            9.238400154579175,
            46.690694204715044
          ],
          [
            9.238221293522324,
            46.69087288300644
          ],
          [
            9.238049817533344,
            46.69097110245001
          ],
          [
            9.23775765840912,
            46.6910661337
          ],
          [
            9.237599332476183,
            46.69106931636805
          ],
          [
            9.237494010617741,
            46.69110720393298
          ],
          [
            9.237438276692645,
            46.69116636264742
          ],
          [
            9.237461603245674,
            46.69123340655078
          ],
          [
            9.237548886092663,
            46.69134478138326
          ],
          [
            9.237571630898032,
            46.69142535824044
          ],
          [
            9.237535291919958,
            46.69147950502438
          ],
          [
            9.237455176253565,
            46.69149961086869
          ],
          [
            9.236880272417377,
            46.691478377014164
          ],
          [
            9.236460415806091,
            46.69149012855144
          ],
          [
            9.236320829159313,
            46.69152438941312
          ],
          [
            9.236115464749677,
            46.69164963899729
          ],
          [
            9.23594625099063,
            46.69181362085877
          ],
          [
            9.235728712265695,
            46.69197976799078
          ],
          [
            9.235303232968425,
            46.69210438301829
          ],
          [
            9.235089265689126,
            46.69214416963397
          ],
          [
            9.23494667955946,
            46.692195643955465
          ],
          [
            9.234879920282173,
            46.692268615846196
          ],
          [
            9.234846346106359,
            46.692349747715625
          ],
          [
            9.234767700714158,
            46.69258895330235
          ],
          [
            9.2346545934114,
            46.69279659744117
          ],
          [
            9.234385864644283,
            46.69303348873135
          ],
          [
            9.234159589826048,
            46.69313583155211
          ],
          [
            9.233982686663735,
            46.693254915153375
          ],
          [
            9.233902401347555,
            46.69336792395893
          ],
          [
            9.233857090052082,
            46.69349804470503
          ],
          [
            9.233793647719791,
            46.693583551662414
          ],
          [
            9.233713384597968,
            46.69362530595997
          ],
          [
            9.233520780820003,
            46.69367265320807
          ],
          [
            9.233326481024946,
            46.69376063413813
          ],
          [
            9.233173304058896,
            46.69388272606401
          ],
          [
            9.233105542879574,
            46.694080656781175
          ],
          [
            9.233201579624605,
            46.694247386794935
          ],
          [
            9.23310011729872,
            46.69449955620983
          ],
          [
            9.232846458920353,
            46.69482714763421
          ],
          [
            9.232746287334407,
            46.695000214253255
          ],
          [
            9.23270985894874,
            46.69513764487343
          ],
          [
            9.232699627462358,
            46.6952484254658
          ],
          [
            9.232731271162384,
            46.69562242697177
          ],
          [
            9.232656885026925,
            46.695707727533765
          ],
          [
            9.23255603386321,
            46.695761277200724
          ],
          [
            9.232449025287892,
            46.69577004239471
          ],
          [
            9.232312110698778,
            46.69573007780625
          ],
          [
            9.23217162959937,
            46.6956713276744
          ],
          [
            9.232089973372206,
            46.6956893933391
          ],
          [
            9.232052477553381,
            46.695752266335646
          ],
          [
            9.23212265698529,
            46.69587286714042
          ],
          [
            9.232281076332788,
            46.69608218402649
          ],
          [
            9.232359591160808,
            46.69626546752626
          ],
          [
            9.232350721244973,
            46.69637710842525
          ],
          [
            9.232296654049042,
            46.69644936605333
          ],
          [
            9.23217875735219,
            46.6965024097326
          ],
          [
            9.231756117634994,
            46.69664609551348
          ],
          [
            9.231425191891846,
            46.696789471139034
          ],
          [
            9.231098905215157,
            46.697000121696874
          ],
          [
            9.230980514499851,
            46.69717538957675
          ],
          [
            9.23083083511899,
            46.69732803374793
          ],
          [
            9.230643762184403,
            46.697413232820516
          ],
          [
            9.23047849380882,
            46.69743594076397
          ],
          [
            9.230315800738808,
            46.69740465693185
          ],
          [
            9.2301262268835,
            46.69738658122862
          ],
          [
            9.229994848115764,
            46.697423629331354
          ],
          [
            9.229854148800037,
            46.697569940538784
          ],
          [
            9.22976574002386,
            46.697781843070224
          ],
          [
            9.229721418813954,
            46.69797057626581
          ],
          [
            9.229670828997042,
            46.69806146643554
          ],
          [
            9.229592673714254,
            46.69815244771132
          ],
          [
            9.22958179980474,
            46.698214919575726
          ],
          [
            9.229617524316172,
            46.69828650302581
          ],
          [
            9.229628579149276,
            46.698394987260265
          ],
          [
            9.229542878175428,
            46.69855732292194
          ],
          [
            9.229423961612293,
            46.698680346836944
          ],
          [
            9.22930610848421,
            46.698766462779005
          ],
          [
            9.229090751708014,
            46.69877869007044
          ],
          [
            9.229013194815318,
            46.69879316190168
          ],
          [
            9.228954668243956,
            46.69881596375529
          ],
          [
            9.228931579022602,
            46.69885637571697
          ],
          [
            9.22893891532552,
            46.698950575834935
          ],
          [
            9.228916930223374,
            46.69900534899615
          ],
          [
            9.228812936430245,
            46.69910086544696
          ],
          [
            9.228776784253958,
            46.699141743431525
          ],
          [
            9.228726272461143,
            46.699335207232885
          ],
          [
            9.228688397255336,
            46.69942113740948
          ],
          [
            9.228611056882206,
            46.69948869277931
          ],
          [
            9.228408748307531,
            46.69956792769247
          ],
          [
            9.228178312243877,
            46.699605889795116
          ],
          [
            9.228057638358015,
            46.69963900642171
          ],
          [
            9.227978973350993,
            46.699689522242544
          ],
          [
            9.227940040439435,
            46.69977909487227
          ],
          [
            9.22782480287851,
            46.7001521180351
          ],
          [
            9.227734385910894,
            46.700355097414715
          ],
          [
            9.227629072986328,
            46.70053523101446
          ],
          [
            9.227549535666398,
            46.700625368650144
          ],
          [
            9.227444319625526,
            46.700688519732665
          ],
          [
            9.22726125456901,
            46.7007625647445
          ],
          [
            9.22722607920243,
            46.70081601483444
          ],
          [
            9.227236801636266,
            46.700869617653616
          ],
          [
            9.227344179497013,
            46.701019627458045
          ],
          [
            9.227366227960134,
            46.70111780777967
          ],
          [
            9.227348220148178,
            46.70120662896139
          ],
          [
            9.22725999801141,
            46.70133664603848
          ],
          [
            9.227173827385863,
            46.70140900875348
          ],
          [
            9.227102497217597,
            46.70143587951612
          ],
          [
            9.226910901235584,
            46.701433738149206
          ],
          [
            9.22681635833403,
            46.70144883475392
          ],
          [
            9.226716266074439,
            46.70149381012346
          ],
          [
            9.22662306286496,
            46.70161052502223
          ],
          [
            9.226646088641319,
            46.70172126009938
          ],
          [
            9.226644919241055,
            46.70185806342179
          ],
          [
            9.22661367787634,
            46.701995941203386
          ],
          [
            9.226493026349786,
            46.70224861170129
          ],
          [
            9.22636580869808,
            46.70239984453012
          ],
          [
            9.226285149886523,
            46.70247562024794
          ],
          [
            9.226081905984913,
            46.70271144560708
          ],
          [
            9.225916024271259,
            46.70288834298568
          ],
          [
            9.225789066131796,
            46.703043161175515
          ],
          [
            9.225612739604822,
            46.70317486376497
          ],
          [
            9.225271412817136,
            46.7035236598904
          ],
          [
            9.22492806189141,
            46.70379326980199
          ],
          [
            9.224829622096923,
            46.70391876601834
          ],
          [
            9.224758140654718,
            46.703977552877674
          ],
          [
            9.224642015602837,
            46.704027537322425
          ],
          [
            9.224414931663405,
            46.704114872971786
          ],
          [
            9.224209140000985,
            46.70424172604832
          ],
          [
            9.223756985994731,
            46.70434889793277
          ],
          [
            9.223673401499966,
            46.70437715502486
          ],
          [
            9.223592618176172,
            46.704422482050354
          ],
          [
            9.222888362081548,
            46.70490327212696
          ],
          [
            9.222787166177206,
            46.705011677748764
          ],
          [
            9.222733252488316,
            46.705137878932874
          ],
          [
            9.222704703462945,
            46.7053179850129
          ],
          [
            9.222729985532142,
            46.70551495647627
          ],
          [
            9.222791341715762,
            46.705644284750896
          ],
          [
            9.222938372608171,
            46.70583537396867
          ],
          [
            9.222951008981452,
            46.705934296145486
          ],
          [
            9.22292679379415,
            46.70601089557648
          ],
          [
            9.222421147873817,
            46.70644316212442
          ],
          [
            9.22233399303322,
            46.70651191019078
          ],
          [
            9.222202183146882,
            46.70656285720643
          ],
          [
            9.221944748788756,
            46.70662871676947
          ],
          [
            9.221378476152315,
            46.706716563714146
          ],
          [
            9.2209838603965,
            46.706815392336
          ],
          [
            9.220945229317868,
            46.70689203667564
          ],
          [
            9.220958932967205,
            46.70696397589436
          ],
          [
            9.221031783523177,
            46.70705726011802
          ],
          [
            9.221058979433378,
            46.707174139417084
          ],
          [
            9.220956396695811,
            46.7072744579174
          ],
          [
            9.220899442587145,
            46.70735118169283
          ],
          [
            9.2207023056563,
            46.707875739825056
          ],
          [
            9.220624596317625,
            46.70797595717279
          ],
          [
            9.220614626426807,
            46.70803449075154
          ],
          [
            9.220669974988041,
            46.70807387293661
          ],
          [
            9.220648146005,
            46.708123441088325
          ],
          [
            9.220462739323612,
            46.70818900825023
          ],
          [
            9.220164457318882,
            46.7082235417277
          ],
          [
            9.219953462149878,
            46.7082082126749
          ],
          [
            9.219805195944105,
            46.70817372780342
          ],
          [
            9.219697543790337,
            46.7081435841444
          ],
          [
            9.21954051376653,
            46.708158624767535
          ],
          [
            9.219407345147923,
            46.708205063764765
          ],
          [
            9.219215854526231,
            46.70832374793543
          ],
          [
            9.219023800702502,
            46.70837583883389
          ],
          [
            9.218717312446218,
            46.708522879160434
          ],
          [
            9.218520127740222,
            46.70858759222378
          ],
          [
            9.218398535450923,
            46.70861148977577
          ],
          [
            9.21819420994585,
            46.708609631027905
          ],
          [
            9.218115693716571,
            46.708615355275036
          ],
          [
            9.218001035301372,
            46.70868332338235
          ],
          [
            9.21774010394625,
            46.70879868866341
          ],
          [
            9.217568430607862,
            46.70893977120778
          ],
          [
            9.217348133801003,
            46.709058568611304
          ],
          [
            9.217315332168276,
            46.70914004245731
          ],
          [
            9.21687963914644,
            46.709252193087984
          ],
          [
            9.216727152906943,
            46.70924050744226
          ],
          [
            9.21640668215382,
            46.709167970284575
          ],
          [
            9.216300264183676,
            46.70916059558981
          ],
          [
            9.216197725235697,
            46.70917924493045
          ],
          [
            9.216117341014478,
            46.70924781050129
          ],
          [
            9.216019293918029,
            46.70940957154011
          ],
          [
            9.215899389217626,
            46.70947366920443
          ],
          [
            9.215715599766737,
            46.709516762773085
          ],
          [
            9.215410222808218,
            46.709537537617024
          ],
          [
            9.215322142540584,
            46.709556752663936
          ],
          [
            9.215232951950979,
            46.709606604423286
          ],
          [
            9.215107706367235,
            46.70980053258228
          ],
          [
            9.214959868884561,
            46.709882403132895
          ],
          [
            9.21443542950134,
            46.71007813947816
          ],
          [
            9.214214923719323,
            46.71017066034657
          ],
          [
            9.21414410591341,
            46.710244645125314
          ],
          [
            9.214065806980091,
            46.71048880451221
          ],
          [
            9.213879866672988,
            46.71059031516424
          ],
          [
            9.213803109349046,
            46.71059671982987
          ],
          [
            9.213718753890241,
            46.71055388086852
          ],
          [
            9.213624279919642,
            46.710488956825124
          ],
          [
            9.213330190070575,
            46.71049952676865
          ],
          [
            9.213160623320283,
            46.710690849218636
          ],
          [
            9.212938100084193,
            46.71082518464093
          ],
          [
            9.212842260047763,
            46.710889354417965
          ],
          [
            9.212734344725646,
            46.71100281288076
          ],
          [
            9.212632514057537,
            46.7110853141791
          ],
          [
            9.212460334061644,
            46.71117301271536
          ],
          [
            9.212184337995774,
            46.71124585975373
          ],
          [
            9.211521132164375,
            46.71127782140585
          ],
          [
            9.211232749271092,
            46.711306157727414
          ],
          [
            9.210925998966069,
            46.71147701565647
          ],
          [
            9.210662576475018,
            46.7115185852107
          ],
          [
            9.21050035295987,
            46.711587752530605
          ],
          [
            9.210424651410435,
            46.711682523644896
          ],
          [
            9.210502005213458,
            46.71190254106042
          ],
          [
            9.21025748277865,
            46.71205326490777
          ],
          [
            9.210072627494851,
            46.712145169650086
          ],
          [
            9.209917318853517,
            46.71219234608895
          ],
          [
            9.209775924637857,
            46.712182026367785
          ],
          [
            9.209526234794067,
            46.71211285128354
          ],
          [
            9.209317968877304,
            46.71206424919839
          ],
          [
            9.209197548268014,
            46.71207995756862
          ],
          [
            9.209160543436461,
            46.71214220285813
          ],
          [
            9.209276195287675,
            46.71233871806292
          ],
          [
            9.209301078844046,
            46.712403376585165
          ],
          [
            9.20923029312637,
            46.712468665796536
          ],
          [
            9.20892407661632,
            46.71255651438323
          ],
          [
            9.2088333164942,
            46.71258875868188
          ],
          [
            9.20883032594432,
            46.71267383404356
          ],
          [
            9.208900034320248,
            46.71282884525669
          ],
          [
            9.208933953954118,
            46.7130472974471
          ],
          [
            9.20873802246596,
            46.713134306129625
          ],
          [
            9.208464081732199,
            46.71312909234624
          ],
          [
            9.208172124697823,
            46.71310503721327
          ],
          [
            9.207670184962854,
            46.71313806363424
          ],
          [
            9.207433702336395,
            46.713314965944214
          ],
          [
            9.207418718285737,
            46.71340975589067
          ],
          [
            9.207338448969077,
            46.71346399773919
          ],
          [
            9.207210384222495,
            46.71349205047475
          ],
          [
            9.206902829228298,
            46.71349143921251
          ],
          [
            9.20682077500545,
            46.71351957885302
          ],
          [
            9.206774416749353,
            46.713582733138395
          ],
          [
            9.206755598506108,
            46.71374457978153
          ],
          [
            9.206729711262053,
            46.71384720475866
          ],
          [
            9.20663490994973,
            46.713933874397135
          ],
          [
            9.206536265879313,
            46.7139440055597
          ],
          [
            9.206391931396718,
            46.713945874145466
          ],
          [
            9.206343546434606,
            46.71403623290185
          ],
          [
            9.206331125113536,
            46.71410829058088
          ],
          [
            9.206253346189152,
            46.71417232757988
          ],
          [
            9.206146492824958,
            46.7141910435397
          ],
          [
            9.205956280046383,
            46.71419371261257
          ],
          [
            9.205837700694751,
            46.71421308688627
          ],
          [
            9.205709166085496,
            46.71425922167779
          ],
          [
            9.205548899343105,
            46.71429271125188
          ],
          [
            9.204927611499759,
            46.71427287713464
          ],
          [
            9.204630368160341,
            46.71422653530976
          ],
          [
            9.204409146915996,
            46.71432378954331
          ],
          [
            9.204330295792523,
            46.71441470009771
          ],
          [
            9.20424135528654,
            46.71458706154064
          ],
          [
            9.204012151163171,
            46.714719871726366
          ],
          [
            9.203813417672539,
            46.714744452664995
          ],
          [
            9.203727272746198,
            46.71476801949475
          ],
          [
            9.203698274833284,
            46.71482213993118
          ],
          [
            9.203714889596766,
            46.7149297208764
          ],
          [
            9.203705814999186,
            46.71500662118414
          ],
          [
            9.203612334410726,
            46.71507548818506
          ],
          [
            9.203030398588915,
            46.71529834281114
          ],
          [
            9.202919238385576,
            46.71535787315047
          ],
          [
            9.20284854140637,
            46.71545302936565
          ],
          [
            9.2028301751843,
            46.71556627127921
          ],
          [
            9.2028437545382,
            46.71570549038635
          ],
          [
            9.20282513226615,
            46.7157773016048
          ],
          [
            9.20274367549354,
            46.71586828727265
          ],
          [
            9.202168013444517,
            46.716087333167856
          ],
          [
            9.20199478145302,
            46.71619667119529
          ],
          [
            9.202067121140695,
            46.71638982306016
          ],
          [
            9.201921846934477,
            46.71646760542943
          ],
          [
            9.201766064786698,
            46.71648807243976
          ],
          [
            9.201479876328241,
            46.71644162333597
          ],
          [
            9.20141721193735,
            46.71648245199011
          ],
          [
            9.201415392502383,
            46.71653206670406
          ],
          [
            9.201443147606351,
            46.71664920226624
          ],
          [
            9.201417632561032,
            46.716734742347384
          ],
          [
            9.201340461975038,
            46.71681208309086
          ],
          [
            9.201066353902265,
            46.71691840790993
          ],
          [
            9.200775502972279,
            46.71704447087305
          ],
          [
            9.200443021790573,
            46.71724382399246
          ],
          [
            9.200387650969232,
            46.717268082501455
          ],
          [
            9.20016448325856,
            46.71739047092751
          ],
          [
            9.200201573394258,
            46.71775869756687
          ],
          [
            9.199919961822593,
            46.71870649632988
          ],
          [
            9.199765509596793,
            46.71917747486946
          ],
          [
            9.199685161559255,
            46.71940252537487
          ],
          [
            9.199672601353331,
            46.71985015896743
          ],
          [
            9.19949243823973,
            46.72039457763488
          ],
          [
            9.199547909550166,
            46.72078489791649
          ],
          [
            9.199798278824264,
            46.72103235693864
          ],
          [
            9.200053476502942,
            46.721147941973804
          ],
          [
            9.200419200703395,
            46.721248196625815
          ],
          [
            9.200742935677415,
            46.7212457417971
          ],
          [
            9.201023923637758,
            46.72130405151672
          ],
          [
            9.202201238133222,
            46.72133445006853
          ],
          [
            9.202991340976842,
            46.72156621320825
          ],
          [
            9.20332619169111,
            46.72187948105678
          ],
          [
            9.20361792200542,
            46.7226717715419
          ],
          [
            9.203606054800636,
            46.72310722122606
          ],
          [
            9.20335768145403,
            46.72399860208881
          ],
          [
            9.20374812180789,
            46.72446232389621
          ],
          [
            9.204094562932218,
            46.72485118939759
          ],
          [
            9.2041822447467,
            46.72494084442086
          ],
          [
            9.20424630998662,
            46.725056094637985
          ],
          [
            9.204300394697013,
            46.7252765480181
          ],
          [
            9.20437965516416,
            46.725483834842464
          ],
          [
            9.204410850255375,
            46.72554623717724
          ],
          [
            9.204489829998364,
            46.725677380343214
          ],
          [
            9.204541663018997,
            46.72573708773344
          ],
          [
            9.204636733311071,
            46.7258133563675
          ],
          [
            9.204696515015533,
            46.72584887164928
          ],
          [
            9.204999512096704,
            46.725990240335356
          ],
          [
            9.20536182393542,
            46.726122834496934
          ],
          [
            9.20569811508233,
            46.72623474891708
          ],
          [
            9.20603373540345,
            46.72633892569694
          ],
          [
            9.206390340309733,
            46.72644455784834
          ],
          [
            9.206490788906184,
            46.726470021312956
          ],
          [
            9.206908564806099,
            46.72661510369062
          ],
          [
            9.207220990636017,
            46.72674721472536
          ],
          [
            9.207752216277266,
            46.72699083294228
          ],
          [
            9.207876803893797,
            46.72708038973191
          ],
          [
            9.207955029303825,
            46.72715231012279
          ],
          [
            9.208088980122655,
            46.7273003058361
          ],
          [
            9.208194051033347,
            46.72750327582576
          ],
          [
            9.208241265731798,
            46.7276298255991
          ],
          [
            9.208253593097222,
            46.72778420678675
          ],
          [
            9.20823667304379,
            46.72786752755462
          ],
          [
            9.208189420354621,
            46.72801302547952
          ],
          [
            9.208131265343923,
            46.72813412863395
          ],
          [
            9.208063739179337,
            46.728258364373275
          ],
          [
            9.207911369873864,
            46.72848915379277
          ],
          [
            9.207883315059945,
            46.72851747297397
          ],
          [
            9.20779335384205,
            46.72867663486832
          ],
          [
            9.207769535747548,
            46.72875353915748
          ],
          [
            9.207728258182348,
            46.72892887069966
          ],
          [
            9.207747544589541,
            46.729014599097596
          ],
          [
            9.207778963792657,
            46.72904495610706
          ],
          [
            9.207924813868681,
            46.72915706441603
          ],
          [
            9.208044636384377,
            46.72924998816963
          ],
          [
            9.208246477521284,
            46.729388337791285
          ],
          [
            9.208554350078671,
            46.72958008120019
          ],
          [
            9.209364232461281,
            46.73001596037784
          ],
          [
            9.20976843023611,
            46.73022625233047
          ],
          [
            9.210126945455286,
            46.73040297087623
          ],
          [
            9.210370005568029,
            46.73053541306813
          ],
          [
            9.210585819099167,
            46.730703603193255
          ],
          [
            9.210633592272936,
            46.73076166145067
          ],
          [
            9.210913506980823,
            46.73119322736556
          ],
          [
            9.21111931988677,
            46.73156466031625
          ],
          [
            9.211800334994882,
            46.732097433489706
          ],
          [
            9.212179351141797,
            46.73238323995115
          ],
          [
            9.212478961699135,
            46.732506250766235
          ],
          [
            9.21260303967791,
            46.73258604801209
          ],
          [
            9.213413951167626,
            46.73345203954173
          ],
          [
            9.213605421108493,
            46.7337109494851
          ],
          [
            9.213853587919164,
            46.73419778099053
          ],
          [
            9.214152897348074,
            46.73468684829504
          ],
          [
            9.214287767893477,
            46.73501669463582
          ],
          [
            9.214358112300603,
            46.735267564093135
          ],
          [
            9.21436537175582,
            46.73536522079229
          ],
          [
            9.214127052938277,
            46.73650267502177
          ],
          [
            9.2141754958543,
            46.73659511091799
          ],
          [
            9.214690856087117,
            46.73700833733745
          ],
          [
            9.214855002345422,
            46.7371725913747
          ],
          [
            9.214948422797875,
            46.737303394986725
          ],
          [
            9.214994914421794,
            46.73737745151845
          ],
          [
            9.215122827213396,
            46.73751956799358
          ],
          [
            9.215540493413954,
            46.73787166951723
          ],
          [
            9.215645924168008,
            46.738007027355586
          ],
          [
            9.215662266960532,
            46.73826308309851
          ],
          [
            9.215692224030589,
            46.73834011422748
          ],
          [
            9.215731137149966,
            46.73838549567942
          ],
          [
            9.215891992707345,
            46.73850686224148
          ],
          [
            9.215938223361308,
            46.73852289590084
          ],
          [
            9.216311182735407,
            46.73871701562214
          ],
          [
            9.217326011453869,
            46.73892191395728
          ],
          [
            9.217785676485821,
            46.73906180630019
          ],
          [
            9.21824945704818,
            46.73923828954306
          ],
          [
            9.218369101719217,
            46.73940509542813
          ],
          [
            9.218372030612123,
            46.73945656196938
          ],
          [
            9.21837666203035,
            46.73953780256406
          ],
          [
            9.21831421350534,
            46.73977674968791
          ],
          [
            9.218276228625873,
            46.73998801594683
          ],
          [
            9.21827311920325,
            46.74005084187889
          ],
          [
            9.218142061739048,
            46.740349281531095
          ],
          [
            9.218001901023234,
            46.74064398493306
          ],
          [
            9.217951966263461,
            46.740814443572674
          ],
          [
            9.2180419794994,
            46.74108748066002
          ],
          [
            9.21801650413709,
            46.74132132502024
          ],
          [
            9.21771845423472,
            46.74180802815738
          ],
          [
            9.217780190895457,
            46.74192697871321
          ],
          [
            9.218142260510144,
            46.74320725694126
          ],
          [
            9.21816603154326,
            46.744113527939426
          ],
          [
            9.218130454205617,
            46.74440856160871
          ],
          [
            9.218103198146306,
            46.744460777806914
          ],
          [
            9.217893287935842,
            46.744809448355916
          ],
          [
            9.217425080882668,
            46.7454698868121
          ],
          [
            9.21484134132334,
            46.74550085007678
          ],
          [
            9.214656414669326,
            46.74544402848569
          ],
          [
            9.213882217245404,
            46.74553385268453
          ],
          [
            9.21340774744105,
            46.74563110304062
          ],
          [
            9.213119437533685,
            46.74566880669308
          ],
          [
            9.212873296550349,
            46.745638343821014
          ],
          [
            9.21261653863145,
            46.74567466480828
          ],
          [
            9.212379622736357,
            46.74575193144416
          ],
          [
            9.212085752493415,
            46.74578617378438
          ],
          [
            9.211819005420196,
            46.745835209062555
          ],
          [
            9.211534446861284,
            46.745918990813855
          ],
          [
            9.211243582291809,
            46.745952329475635
          ],
          [
            9.211108022149626,
            46.745981626471774
          ],
          [
            9.210373519865653,
            46.746111911711246
          ],
          [
            9.209979819890288,
            46.74623521961652
          ],
          [
            9.209496969316675,
            46.74644075441032
          ],
          [
            9.209063511015977,
            46.746594332636484
          ],
          [
            9.20845806969095,
            46.74670338365499
          ],
          [
            9.208101162261642,
            46.746824080783384
          ],
          [
            9.206823156847836,
            46.74689847183254
          ],
          [
            9.206215372640054,
            46.7469838021171
          ],
          [
            9.205734626678002,
            46.74707085993904
          ],
          [
            9.20511024693043,
            46.74724106489605
          ],
          [
            9.204548803775584,
            46.747323887251035
          ],
          [
            9.203989573245126,
            46.74727404613797
          ],
          [
            9.203224957361023,
            46.74690399145452
          ],
          [
            9.202922670396532,
            46.74670856534349
          ],
          [
            9.20256805069563,
            46.746429431867625
          ],
          [
            9.201772368500993,
            46.74597168833453
          ],
          [
            9.201665436493252,
            46.74578060942114
          ],
          [
            9.201281129564096,
            46.74549225825324
          ],
          [
            9.201340125500376,
            46.745329774859556
          ],
          [
            9.200743174000689,
            46.745289678571226
          ],
          [
            9.20047641098721,
            46.745147764902725
          ],
          [
            9.20023112428864,
            46.74498087432537
          ],
          [
            9.199893359170616,
            46.7447709530209
          ],
          [
            9.199183823061805,
            46.74434724133157
          ],
          [
            9.198536799944563,
            46.74429533644983
          ],
          [
            9.198315260464398,
            46.74411501993279
          ],
          [
            9.197940705266317,
            46.74415069507181
          ],
          [
            9.196962987816944,
            46.74403360758639
          ],
          [
            9.196315966793124,
            46.743981573195576
          ],
          [
            9.19594788161613,
            46.74405513043495
          ],
          [
            9.195937320781358,
            46.744121858114475
          ],
          [
            9.195509277805321,
            46.74428994943384
          ],
          [
            9.194999148138859,
            46.74436232542258
          ],
          [
            9.194266521056802,
            46.74449755255979
          ],
          [
            9.194005843619415,
            46.74451658028534
          ],
          [
            9.193158259041022,
            46.74456719077008
          ],
          [
            9.192905557025972,
            46.744603665839186
          ],
          [
            9.192821497206833,
            46.74473517285147
          ],
          [
            9.19274907763478,
            46.74490785426619
          ],
          [
            9.19239667704786,
            46.74501687060457
          ],
          [
            9.192194706128147,
            46.74500223121243
          ],
          [
            9.19202553393215,
            46.74496214585621
          ],
          [
            9.191755717414072,
            46.744984395036695
          ],
          [
            9.191332206694788,
            46.74496514073073
          ],
          [
            9.191253818043963,
            46.74490158838849
          ],
          [
            9.191102798234562,
            46.74475951293912
          ],
          [
            9.190662191331842,
            46.74471878932
          ],
          [
            9.190376191714716,
            46.74466713375884
          ],
          [
            9.190196748567388,
            46.74454570232227
          ],
          [
            9.18999742892387,
            46.74448849529155
          ],
          [
            9.18981616251776,
            46.74446845923814
          ],
          [
            9.189292637435102,
            46.74422930821155
          ],
          [
            9.188991689023707,
            46.74410451144104
          ],
          [
            9.188851344114838,
            46.74403378299369
          ],
          [
            9.188532729813941,
            46.74411473620127
          ],
          [
            9.18815282290189,
            46.744395090265016
          ],
          [
            9.187835739051906,
            46.74448175853059
          ],
          [
            9.18773171471787,
            46.744496912677
          ],
          [
            9.187452821695642,
            46.74444752529581
          ],
          [
            9.187259407106124,
            46.744346278339805
          ],
          [
            9.187008544953246,
            46.744272859393895
          ],
          [
            9.18685043774314,
            46.744251698988634
          ],
          [
            9.186687684410842,
            46.74431291134393
          ],
          [
            9.186598982846414,
            46.74432429362473
          ],
          [
            9.186169586303297,
            46.744474149854
          ],
          [
            9.185778705471956,
            46.74444455881253
          ],
          [
            9.185533437302707,
            46.74450698792898
          ],
          [
            9.185162343686713,
            46.744493854513486
          ],
          [
            9.18472298073983,
            46.74461823237834
          ],
          [
            9.184447440642215,
            46.74458419939407
          ],
          [
            9.184120747377856,
            46.74465120036477
          ],
          [
            9.184079190615684,
            46.74463667497968
          ],
          [
            9.18250802945926,
            46.74462887330225
          ],
          [
            9.182214224285964,
            46.744720901522776
          ],
          [
            9.182006997886246,
            46.74473020427492
          ],
          [
            9.181763601549115,
            46.74478996927859
          ],
          [
            9.181337737158936,
            46.74487750722372
          ],
          [
            9.180883973661608,
            46.744904132452355
          ],
          [
            9.1806832572442,
            46.7450003048265
          ],
          [
            9.1804353046023,
            46.7450463340954
          ],
          [
            9.180205025687128,
            46.74508153880858
          ],
          [
            9.179514097387738,
            46.74514910041075
          ],
          [
            9.178866149642948,
            46.74519995048404
          ],
          [
            9.17869564644193,
            46.745233907554216
          ],
          [
            9.17859130858915,
            46.74527718477038
          ],
          [
            9.178221311452972,
            46.7451922376717
          ],
          [
            9.178049181381107,
            46.745400557213564
          ],
          [
            9.177960812666102,
            46.745482010410385
          ],
          [
            9.177613351070779,
            46.745683068279206
          ],
          [
            9.17749491284531,
            46.745778250891476
          ],
          [
            9.177414241671956,
            46.74587236301011
          ],
          [
            9.177346946165251,
            46.74595587896216
          ],
          [
            9.177222456669748,
            46.746055436362326
          ],
          [
            9.176961095970386,
            46.74618560137115
          ],
          [
            9.17681484257398,
            46.74628978173575
          ],
          [
            9.17671571936698,
            46.74641047454184
          ],
          [
            9.176589988835648,
            46.74662672269518
          ],
          [
            9.17635726852047,
            46.74696578942847
          ],
          [
            9.1761881924739,
            46.7471295480281
          ],
          [
            9.175980703798565,
            46.74729432308925
          ],
          [
            9.175796223933133,
            46.747423701628165
          ],
          [
            9.175606377526478,
            46.74751492152725
          ],
          [
            9.17520638948728,
            46.747701295256896
          ],
          [
            9.175056157362267,
            46.747807756201915
          ],
          [
            9.174818220442098,
            46.74803649776383
          ],
          [
            9.174705501207475,
            46.74810471431341
          ],
          [
            9.174552222233782,
            46.74813490286855
          ],
          [
            9.174225388030429,
            46.74815666392808
          ],
          [
            9.174149003919053,
            46.748200843411695
          ],
          [
            9.174141092419806,
            46.748265746787
          ],
          [
            9.17428408807033,
            46.74848537289321
          ],
          [
            9.174328238908403,
            46.74860405513036
          ],
          [
            9.174369651956718,
            46.74878284728002
          ],
          [
            9.1743115590491,
            46.74886784988233
          ],
          [
            9.174139077009196,
            46.74895423229077
          ],
          [
            9.17393137091029,
            46.749014238119784
          ],
          [
            9.173520001334106,
            46.749069134198464
          ],
          [
            9.173022828180972,
            46.749161962314375
          ],
          [
            9.172747552000693,
            46.749220437578586
          ],
          [
            9.172440454037659,
            46.749269579232475
          ],
          [
            9.172158126408645,
            46.74928302803047
          ],
          [
            9.172022201974197,
            46.749323854613685
          ],
          [
            9.17196322193957,
            46.74937895227436
          ],
          [
            9.171921455127054,
            46.749539501714146
          ],
          [
            9.171876125779944,
            46.74960267880913
          ],
          [
            9.17167217351072,
            46.74974703927005
          ],
          [
            9.171531668984926,
            46.749816061414634
          ],
          [
            9.171257179921254,
            46.74992524972681
          ],
          [
            9.171174561493817,
            46.749994733167206
          ],
          [
            9.17114693611258,
            46.75005894582076
          ],
          [
            9.171162156191533,
            46.750218098880204
          ],
          [
            9.171061654950785,
            46.750355183033236
          ],
          [
            9.170871206930824,
            46.75047835447755
          ],
          [
            9.170658933601356,
            46.75064545038459
          ],
          [
            9.1706197861027,
            46.75069657525421
          ],
          [
            9.170609917109749,
            46.75076221881738
          ],
          [
            9.170634737713746,
            46.750825410397994
          ],
          [
            9.170665804898773,
            46.75097302194512
          ],
          [
            9.17067188439087,
            46.751073838141146
          ],
          [
            9.170551672030593,
            46.75121518890715
          ],
          [
            9.170452016699793,
            46.751325734594225
          ],
          [
            9.170412078200076,
            46.75140197477824
          ],
          [
            9.17043102143469,
            46.7514790309652
          ],
          [
            9.170523817177584,
            46.751602788803424
          ],
          [
            9.17067321124439,
            46.75178706043137
          ],
          [
            9.170880177379628,
            46.75200548578741
          ],
          [
            9.17105143033815,
            46.7525016520373
          ],
          [
            9.171078831509524,
            46.75259214816267
          ],
          [
            9.17105338611076,
            46.75265295354578
          ],
          [
            9.171013546630189,
            46.75270865082646
          ],
          [
            9.170860457916616,
            46.75287845655121
          ],
          [
            9.170721221425033,
            46.75301371684863
          ],
          [
            9.170619563703479,
            46.7531076653804
          ],
          [
            9.170498213210386,
            46.753184799166945
          ],
          [
            9.170350529341272,
            46.75325071646397
          ],
          [
            9.170062642670251,
            46.75335953799901
          ],
          [
            9.169979747053594,
            46.7534275310411
          ],
          [
            9.169971039566196,
            46.75346782855947
          ],
          [
            9.169972606398677,
            46.7535312920652
          ],
          [
            9.170033357334175,
            46.75362977623134
          ],
          [
            9.170005400414938,
            46.75374776339614
          ],
          [
            9.16996761503889,
            46.75381978680322
          ],
          [
            9.169863519048171,
            46.753976907961786
          ],
          [
            9.169761705661003,
            46.75399068915794
          ],
          [
            9.169670823751439,
            46.75398817170776
          ],
          [
            9.16932862043633,
            46.7540706243242
          ],
          [
            9.16918768213149,
            46.75410169791647
          ],
          [
            9.16889621385222,
            46.75408037504925
          ],
          [
            9.168541089994603,
            46.75401113224796
          ],
          [
            9.168451210034945,
            46.75436868359828
          ],
          [
            9.168344993427118,
            46.75479119335851
          ],
          [
            9.168187853676988,
            46.755416246403435
          ],
          [
            9.167903563014903,
            46.755876823748274
          ],
          [
            9.167840187859642,
            46.75628543022509
          ],
          [
            9.167822216269482,
            46.7563953295319
          ],
          [
            9.168125169491036,
            46.75686199852085
          ],
          [
            9.168128970102378,
            46.75686783437021
          ],
          [
            9.16814821465495,
            46.75691270180749
          ],
          [
            9.168207080764708,
            46.75704995023591
          ],
          [
            9.169219410086736,
            46.75815153369866
          ],
          [
            9.169664542002552,
            46.75884772274975
          ],
          [
            9.169672913066032,
            46.75951611017181
          ],
          [
            9.170052972757812,
            46.759925990631146
          ],
          [
            9.170600095181769,
            46.76055160832285
          ],
          [
            9.170788074852691,
            46.7609893693782
          ],
          [
            9.170800427700204,
            46.76101808228192
          ],
          [
            9.170964245572266,
            46.76117732839036
          ],
          [
            9.17115572663127,
            46.761483931364005
          ],
          [
            9.17155409195369,
            46.76186292833083
          ],
          [
            9.17167766187455,
            46.76201308507418
          ],
          [
            9.171701111632322,
            46.76204158441242
          ],
          [
            9.171874047827623,
            46.762251716367906
          ],
          [
            9.171836624414313,
            46.76283310829833
          ],
          [
            9.171959810697683,
            46.762932559977536
          ],
          [
            9.171989021926224,
            46.76295616703985
          ],
          [
            9.172096912343282,
            46.76304900366209
          ],
          [
            9.172259042824281,
            46.76327882402804
          ],
          [
            9.172530933501784,
            46.763727886641384
          ],
          [
            9.172774597782272,
            46.76413541255151
          ],
          [
            9.173621395437484,
            46.76420289348669
          ],
          [
            9.17375156426537,
            46.7642453091907
          ],
          [
            9.173820333533964,
            46.76428966585566
          ],
          [
            9.173875516770137,
            46.764352080307546
          ],
          [
            9.173898820597595,
            46.76443739246025
          ],
          [
            9.173910413332711,
            46.764476175955785
          ],
          [
            9.173881655442266,
            46.764620035317385
          ],
          [
            9.17381841731988,
            46.76467714182726
          ],
          [
            9.17359781433423,
            46.76473539856563
          ],
          [
            9.173443528923096,
            46.76474231427993
          ],
          [
            9.173210573309651,
            46.76469708734809
          ],
          [
            9.1730456716891,
            46.76470409186657
          ],
          [
            9.17295235933713,
            46.764750317829645
          ],
          [
            9.172808013533198,
            46.76488628755422
          ],
          [
            9.17289949598787,
            46.7652768072243
          ],
          [
            9.172994897912604,
            46.765717878907346
          ],
          [
            9.173462481516138,
            46.76589256164542
          ],
          [
            9.173458549490059,
            46.765935567067956
          ],
          [
            9.173455605924785,
            46.76596778731059
          ],
          [
            9.173452454957113,
            46.7660021071516
          ],
          [
            9.17351407169309,
            46.76601498206134
          ],
          [
            9.173577447143872,
            46.76604344108796
          ],
          [
            9.17361320690129,
            46.76609671237723
          ],
          [
            9.173670573559933,
            46.76634120568883
          ],
          [
            9.173762807587115,
            46.766464789759425
          ],
          [
            9.173850216200902,
            46.76651168836863
          ],
          [
            9.174079226403503,
            46.76654514221638
          ],
          [
            9.174284711233502,
            46.766553130120734
          ],
          [
            9.174539054388212,
            46.766522188748574
          ],
          [
            9.174841092893772,
            46.766437372396
          ],
          [
            9.17529120866393,
            46.76631459993631
          ],
          [
            9.175499835404143,
            46.76627138631643
          ],
          [
            9.176159197642766,
            46.76618811116231
          ],
          [
            9.176333627833701,
            46.76618409733148
          ],
          [
            9.176509007526699,
            46.76621399885058
          ],
          [
            9.176613238330535,
            46.7662546198508
          ],
          [
            9.17675745338181,
            46.76625242404719
          ],
          [
            9.176928636803042,
            46.76626141533885
          ],
          [
            9.177478780298648,
            46.76627157153894
          ],
          [
            9.177777172923786,
            46.76625047012908
          ],
          [
            9.178338827334999,
            46.7661584226006
          ],
          [
            9.178419149323751,
            46.766171864580514
          ],
          [
            9.178550233983831,
            46.766146652722455
          ],
          [
            9.178656627695263,
            46.766136195309734
          ],
          [
            9.17911767952858,
            46.7660908725133
          ],
          [
            9.17929487430298,
            46.76607800330647
          ],
          [
            9.17956059597854,
            46.76599125373925
          ],
          [
            9.179834709379488,
            46.76602688741983
          ],
          [
            9.179994560015858,
            46.76606405663311
          ],
          [
            9.180170519809591,
            46.76610496581295
          ],
          [
            9.180400625650483,
            46.76617953651472
          ],
          [
            9.181093227674557,
            46.76625628848789
          ],
          [
            9.181208365339,
            46.7662344031755
          ],
          [
            9.181066077616263,
            46.765765206591176
          ],
          [
            9.181584994739662,
            46.76564762111941
          ],
          [
            9.182077232214668,
            46.76560073036534
          ],
          [
            9.182397796886333,
            46.765584757712055
          ],
          [
            9.182606702431366,
            46.76555769548195
          ],
          [
            9.183050679412084,
            46.765466486583236
          ],
          [
            9.183441054930926,
            46.76540988144449
          ],
          [
            9.183863329049522,
            46.765359409533644
          ],
          [
            9.184491577128137,
            46.76530868318824
          ],
          [
            9.18499748971095,
            46.76526857076966
          ],
          [
            9.18554199924331,
            46.76521743713757
          ],
          [
            9.185736572235625,
            46.76521607883615
          ],
          [
            9.186169013115796,
            46.76505967525235
          ],
          [
            9.186534046580846,
            46.76546177917048
          ],
          [
            9.18734480137785,
            46.76569563661182
          ],
          [
            9.187626159206038,
            46.76576634850359
          ],
          [
            9.18781706120385,
            46.765824499481816
          ],
          [
            9.188320252799768,
            46.7656097244334
          ],
          [
            9.189102547924923,
            46.76566971198874
          ],
          [
            9.18955114983981,
            46.76565384316121
          ],
          [
            9.189698287166005,
            46.765628390161815
          ],
          [
            9.190336469951285,
            46.765517959626585
          ],
          [
            9.190477815291327,
            46.76587914334718
          ],
          [
            9.190689056386173,
            46.76642792623643
          ],
          [
            9.190324983557444,
            46.76654728017803
          ],
          [
            9.190132459097079,
            46.76661102261657
          ],
          [
            9.189618163973236,
            46.76662476112002
          ],
          [
            9.188771524022338,
            46.76665034145883
          ],
          [
            9.187898758273702,
            46.76667828634901
          ],
          [
            9.187368262098008,
            46.766693162725716
          ],
          [
            9.186840456024319,
            46.76670903016439
          ],
          [
            9.18648238881957,
            46.76688992265887
          ],
          [
            9.186431564597312,
            46.76684940160127
          ],
          [
            9.186294229955646,
            46.76685788361119
          ],
          [
            9.186092717862046,
            46.76698344467306
          ],
          [
            9.185855636878486,
            46.7669974210041
          ],
          [
            9.185753710033582,
            46.76703218240686
          ],
          [
            9.185711287011648,
            46.76699592330905
          ],
          [
            9.18554849502778,
            46.76698699666964
          ],
          [
            9.185471875493276,
            46.76695819799476
          ],
          [
            9.185146874591034,
            46.76682901591129
          ],
          [
            9.184897157033912,
            46.76693874767115
          ],
          [
            9.184633518937854,
            46.76690498128226
          ],
          [
            9.18445767522216,
            46.7668569329845
          ],
          [
            9.183627845840705,
            46.76697317521446
          ],
          [
            9.183376650100499,
            46.767004187755745
          ],
          [
            9.183147247037029,
            46.76696856302616
          ],
          [
            9.183003299536926,
            46.76685811223256
          ],
          [
            9.182905717677158,
            46.766719671924285
          ],
          [
            9.182414788536816,
            46.76670287876287
          ],
          [
            9.18216070895881,
            46.76682282943712
          ],
          [
            9.181977541182652,
            46.76679521490311
          ],
          [
            9.18190401316859,
            46.76684168594358
          ],
          [
            9.181881970045966,
            46.76682411725779
          ],
          [
            9.18192642212659,
            46.7667086284482
          ],
          [
            9.18189089176585,
            46.76652507022022
          ],
          [
            9.181406141827484,
            46.76657782015604
          ],
          [
            9.181229646494842,
            46.76663099139116
          ],
          [
            9.181037815561726,
            46.76675296747188
          ],
          [
            9.180925265405161,
            46.766925010756644
          ],
          [
            9.180778885840976,
            46.76695387785802
          ],
          [
            9.180375620873532,
            46.766716186518266
          ],
          [
            9.180062453091507,
            46.76660021609472
          ],
          [
            9.179727417123607,
            46.76642743436257
          ],
          [
            9.17982436263641,
            46.766708580548155
          ],
          [
            9.179806714375093,
            46.76687972392836
          ],
          [
            9.179801393984897,
            46.76698660706939
          ],
          [
            9.179771931419378,
            46.7671086145742
          ],
          [
            9.179772763368147,
            46.767406351778774
          ],
          [
            9.1798107636769,
            46.7675729393133
          ],
          [
            9.179906637373717,
            46.76771139921333
          ],
          [
            9.180109410703688,
            46.76793640515604
          ],
          [
            9.180132655801142,
            46.76802359757537
          ],
          [
            9.180001041974398,
            46.7680601112963
          ],
          [
            9.179189751901857,
            46.76818683516488
          ],
          [
            9.178480372466524,
            46.76826074949618
          ],
          [
            9.17763949978911,
            46.76843145265199
          ],
          [
            9.177288284443076,
            46.76878543364196
          ],
          [
            9.177193588063314,
            46.768886290701396
          ],
          [
            9.176325317439533,
            46.76874214227641
          ],
          [
            9.176174175705558,
            46.76861945679653
          ],
          [
            9.176227605545444,
            46.768375437622105
          ],
          [
            9.176019029672089,
            46.76823401132753
          ],
          [
            9.175423807948535,
            46.76832179798624
          ],
          [
            9.175035381547728,
            46.76834102342742
          ],
          [
            9.174997178588512,
            46.76826484576936
          ],
          [
            9.174999788435326,
            46.7681873365082
          ],
          [
            9.174942613007799,
            46.76818884499615
          ],
          [
            9.174903117431999,
            46.768149766187754
          ],
          [
            9.17489083401353,
            46.76804081180701
          ],
          [
            9.174681867409506,
            46.76805784626957
          ],
          [
            9.174610649564814,
            46.76812343329363
          ],
          [
            9.174325294463893,
            46.76817563974602
          ],
          [
            9.174233811623894,
            46.76816497385787
          ],
          [
            9.174180179554327,
            46.768169163368945
          ],
          [
            9.17414081126183,
            46.76817224523796
          ],
          [
            9.173987014354234,
            46.768349587099344
          ],
          [
            9.173801883363359,
            46.76827321316168
          ],
          [
            9.17363907144048,
            46.76832472483877
          ],
          [
            9.173485443141166,
            46.76830762480598
          ],
          [
            9.173231751958731,
            46.768261453156775
          ],
          [
            9.173207463889758,
            46.76825543390106
          ],
          [
            9.17305962325776,
            46.76814960978712
          ],
          [
            9.172994116090479,
            46.768124152049026
          ],
          [
            9.17287210339331,
            46.76798672254637
          ],
          [
            9.17272359115413,
            46.76799428724013
          ],
          [
            9.172598608708105,
            46.76798430887956
          ],
          [
            9.17235441156373,
            46.76798081977354
          ],
          [
            9.172310943118132,
            46.76785073552374
          ],
          [
            9.17203303314762,
            46.767820944828664
          ],
          [
            9.171722285472672,
            46.76775338513453
          ],
          [
            9.171696109550348,
            46.76774769114558
          ],
          [
            9.171591774415166,
            46.767773028798445
          ],
          [
            9.171477738500242,
            46.767802922443416
          ],
          [
            9.171237417144317,
            46.76777291913205
          ],
          [
            9.170776830504025,
            46.76775551631229
          ],
          [
            9.170594687734194,
            46.767840788077834
          ],
          [
            9.170629599010514,
            46.767917017056675
          ],
          [
            9.170614526043437,
            46.76807101499798
          ],
          [
            9.170533014783802,
            46.76809393592348
          ],
          [
            9.17051121949201,
            46.768018776595426
          ],
          [
            9.170441086244972,
            46.768028208366225
          ],
          [
            9.170392797347645,
            46.76791952993131
          ],
          [
            9.170231169492338,
            46.767918292731146
          ],
          [
            9.169911892141887,
            46.76801113201509
          ],
          [
            9.169825765917361,
            46.76806894318728
          ],
          [
            9.16960582060386,
            46.76811969591983
          ],
          [
            9.169590802293818,
            46.768088342024924
          ],
          [
            9.169388473797367,
            46.768099687592226
          ],
          [
            9.16905318969355,
            46.768236495507885
          ],
          [
            9.168779906729158,
            46.76835940617937
          ],
          [
            9.168742048411401,
            46.768375680783684
          ],
          [
            9.168665995738909,
            46.768408370010334
          ],
          [
            9.168625559112769,
            46.76846711637788
          ],
          [
            9.168556928403424,
            46.76845851998881
          ],
          [
            9.168584247919137,
            46.76839989144905
          ],
          [
            9.168361795584337,
            46.768351796008425
          ],
          [
            9.16835968047601,
            46.76833077365112
          ],
          [
            9.168324099681413,
            46.76813974467356
          ],
          [
            9.167984965772646,
            46.76819787866226
          ],
          [
            9.16789701836746,
            46.7682198154732
          ],
          [
            9.167849820485408,
            46.76819028946931
          ],
          [
            9.167769000482592,
            46.76813969646777
          ],
          [
            9.167695567778708,
            46.76815691446193
          ],
          [
            9.167668527773628,
            46.76824469079373
          ],
          [
            9.167652210349074,
            46.76826505659191
          ],
          [
            9.167600664787349,
            46.76832940539388
          ],
          [
            9.1675162106201,
            46.76838269064739
          ],
          [
            9.167404099002956,
            46.768447371761276
          ],
          [
            9.167448509637493,
            46.7685010447483
          ],
          [
            9.167342811383996,
            46.76855339192522
          ],
          [
            9.167272857125237,
            46.76850883338009
          ],
          [
            9.167236135944204,
            46.76848545580041
          ],
          [
            9.167171087459378,
            46.76851505316164
          ],
          [
            9.167089685902054,
            46.768549216940535
          ],
          [
            9.166968989133382,
            46.768554463451565
          ],
          [
            9.166848313424572,
            46.76837659924658
          ],
          [
            9.166824840266791,
            46.76835105049929
          ],
          [
            9.166777486083236,
            46.768299482292434
          ],
          [
            9.166733763854115,
            46.76830237557729
          ],
          [
            9.166535863716504,
            46.76831546654511
          ],
          [
            9.166425060994287,
            46.768335228823595
          ],
          [
            9.16628520429729,
            46.76836040637859
          ],
          [
            9.166263618170875,
            46.76836430511253
          ],
          [
            9.166154412347531,
            46.76839304056153
          ],
          [
            9.16610577749948,
            46.768428147386814
          ],
          [
            9.16595290414456,
            46.76851215888254
          ],
          [
            9.165936773626257,
            46.76851549813045
          ],
          [
            9.16582411854089,
            46.76853876991589
          ],
          [
            9.16562749214352,
            46.76865907344333
          ],
          [
            9.165467956552682,
            46.76871502256029
          ],
          [
            9.16541982103711,
            46.768746936376395
          ],
          [
            9.165079806620984,
            46.76897237632555
          ],
          [
            9.164760922570382,
            46.76912701751576
          ],
          [
            9.164685542166232,
            46.76908757811089
          ],
          [
            9.1644421302876,
            46.769251865348345
          ],
          [
            9.164337533136006,
            46.769330555986926
          ],
          [
            9.164172884109698,
            46.769403585996514
          ],
          [
            9.164003503331818,
            46.76948344447145
          ],
          [
            9.16402999794432,
            46.76960748979999
          ],
          [
            9.163945044081924,
            46.76969605944779
          ],
          [
            9.163925591419323,
            46.769716310108166
          ],
          [
            9.163811083149582,
            46.769820883146686
          ],
          [
            9.163491922511588,
            46.76978711517572
          ],
          [
            9.163317616739795,
            46.769635799816214
          ],
          [
            9.163158617210337,
            46.76976595867833
          ],
          [
            9.163132173839395,
            46.769909059986645
          ],
          [
            9.163229237407148,
            46.77027417369381
          ],
          [
            9.162855637804874,
            46.770340280800866
          ],
          [
            9.162503516113192,
            46.77048794043732
          ],
          [
            9.162277083468384,
            46.77048704058552
          ],
          [
            9.162171039856174,
            46.77052067304898
          ],
          [
            9.162047472322644,
            46.770568156322746
          ],
          [
            9.161964008397698,
            46.77054088493256
          ],
          [
            9.160840431595489,
            46.770782978135365
          ],
          [
            9.160375980711766,
            46.770830553878014
          ],
          [
            9.160054300532435,
            46.77085331007939
          ],
          [
            9.159421015923858,
            46.770755057436965
          ],
          [
            9.159256541650992,
            46.77094423634412
          ],
          [
            9.15897456537287,
            46.77071714902544
          ],
          [
            9.157693482377747,
            46.77102230004989
          ],
          [
            9.155812282937989,
            46.77172804810601
          ],
          [
            9.155198697590288,
            46.771546913976216
          ],
          [
            9.153934961270537,
            46.77117385746153
          ],
          [
            9.153777262332166,
            46.771339964556354
          ],
          [
            9.15243770499949,
            46.771671064574214
          ],
          [
            9.152419825853576,
            46.772226068852646
          ],
          [
            9.152165657582518,
            46.77237985541218
          ],
          [
            9.151051531051742,
            46.77230364532452
          ],
          [
            9.149905864860937,
            46.77196362088169
          ],
          [
            9.146068817180895,
            46.77167647470881
          ],
          [
            9.144411206442209,
            46.770952487081544
          ],
          [
            9.14410336288539,
            46.77081802029243
          ],
          [
            9.144086567640608,
            46.77076606743589
          ],
          [
            9.144048947195795,
            46.77064985029246
          ],
          [
            9.14400442405556,
            46.77058779350529
          ],
          [
            9.14393560422761,
            46.77043659205585
          ],
          [
            9.143721908924459,
            46.770395767964615
          ],
          [
            9.141834114774502,
            46.770035398185286
          ],
          [
            9.142292222710081,
            46.76951228363945
          ],
          [
            9.14212528386729,
            46.76948231169287
          ],
          [
            9.140982861606332,
            46.769277284947336
          ],
          [
            9.139825461159061,
            46.7690695548948
          ],
          [
            9.137336446579871,
            46.76964239489088
          ],
          [
            9.134771271647503,
            46.76926318568604
          ],
          [
            9.13421721295616,
            46.76914948190276
          ],
          [
            9.132436062282705,
            46.76878387417186
          ],
          [
            9.131313687646854,
            46.76870342943579
          ],
          [
            9.130173229930147,
            46.76862205398644
          ],
          [
            9.130127073791598,
            46.76867888237686
          ],
          [
            9.130102243832818,
            46.76873847191181
          ],
          [
            9.13007418127633,
            46.76888365768764
          ],
          [
            9.130072534241943,
            46.76893882784635
          ],
          [
            9.130048647929481,
            46.76907063541386
          ],
          [
            9.130002550833773,
            46.769158153382705
          ],
          [
            9.129889011045734,
            46.76932440900313
          ],
          [
            9.12986287087042,
            46.76933433362399
          ],
          [
            9.129734548105528,
            46.769501069004846
          ],
          [
            9.129687437252631,
            46.76959804023479
          ],
          [
            9.129583975274377,
            46.76974749184038
          ],
          [
            9.129506969980275,
            46.77003026348427
          ],
          [
            9.129438573186343,
            46.7700790532833
          ],
          [
            9.129390159368077,
            46.770096955556184
          ],
          [
            9.129358854187066,
            46.770096699387466
          ],
          [
            9.128970116976038,
            46.7701940505356
          ],
          [
            9.12875600340032,
            46.770168698507284
          ],
          [
            9.128541862963647,
            46.77021765689209
          ],
          [
            9.128479300752568,
            46.77031432544163
          ],
          [
            9.12845899742887,
            46.77036843106547
          ],
          [
            9.128373449643878,
            46.770467500208305
          ],
          [
            9.128270006687549,
            46.77054254086849
          ],
          [
            9.128205980192698,
            46.77065100865876
          ],
          [
            9.12821804105262,
            46.77072703903809
          ],
          [
            9.128241593926374,
            46.77077239778978
          ],
          [
            9.128272887582678,
            46.770801095558134
          ],
          [
            9.128300060674553,
            46.770869614284265
          ],
          [
            9.128175399794216,
            46.77101182034142
          ],
          [
            9.128093579685885,
            46.77109157941525
          ],
          [
            9.128025740788681,
            46.77120838120462
          ],
          [
            9.128033704332921,
            46.771291148376584
          ],
          [
            9.128024463824984,
            46.771359396229414
          ],
          [
            9.128002957072248,
            46.77140020325358
          ],
          [
            9.127997240121925,
            46.77143923804913
          ],
          [
            9.127470067328186,
            46.77257949042966
          ],
          [
            9.128120732348362,
            46.77382461027604
          ],
          [
            9.12890102634228,
            46.7740554625373
          ],
          [
            9.128789418078652,
            46.77444910006228
          ],
          [
            9.128709619681011,
            46.774676145666255
          ],
          [
            9.12867329826666,
            46.7748855963394
          ],
          [
            9.130490625875748,
            46.77529503277657
          ],
          [
            9.13230528633928,
            46.775742458725894
          ],
          [
            9.13293838368436,
            46.77590292950952
          ],
          [
            9.135938357388097,
            46.77720790017759
          ],
          [
            9.136786134835887,
            46.77813622788223
          ],
          [
            9.136843588176873,
            46.77819015027203
          ],
          [
            9.138246560592023,
            46.77936794269306
          ],
          [
            9.138269361773409,
            46.77938368185986
          ],
          [
            9.13931194891004,
            46.77989453983526
          ],
          [
            9.139925632496295,
            46.780103686652716
          ],
          [
            9.140239959216283,
            46.78032556950769
          ],
          [
            9.140262644386198,
            46.780401890354796
          ],
          [
            9.14010706561933,
            46.78051536420237
          ],
          [
            9.139996269330348,
            46.78057581397224
          ],
          [
            9.139755212949021,
            46.78062162190003
          ],
          [
            9.139111164708805,
            46.780670651334944
          ],
          [
            9.139042257737133,
            46.78071214836199
          ],
          [
            9.138841224661478,
            46.78061012287254
          ],
          [
            9.13881885353379,
            46.78058977067775
          ],
          [
            9.138709176817098,
            46.78065171408707
          ],
          [
            9.13866292574757,
            46.78064621241345
          ],
          [
            9.138649933838819,
            46.780596424615204
          ],
          [
            9.138553899670299,
            46.78060880435734
          ],
          [
            9.138482717944962,
            46.78065791981698
          ],
          [
            9.138393312918764,
            46.780694026167
          ],
          [
            9.138278542450395,
            46.78064723797047
          ],
          [
            9.138177058379135,
            46.78070816815346
          ],
          [
            9.138145785111837,
            46.78067839296611
          ],
          [
            9.138149453328438,
            46.78066720843663
          ],
          [
            9.138071282454398,
            46.78064298990657
          ],
          [
            9.13793679060652,
            46.780656526338085
          ],
          [
            9.137835356568056,
            46.78067087531218
          ],
          [
            9.137629288801618,
            46.78079915114292
          ],
          [
            9.137580740689588,
            46.78069587119102
          ],
          [
            9.137569010985302,
            46.780696054714824
          ],
          [
            9.137421464401818,
            46.7818118996335
          ],
          [
            9.137055727887226,
            46.781824673210515
          ],
          [
            9.136988092826249,
            46.78183971532739
          ],
          [
            9.136461829981023,
            46.781702492580344
          ],
          [
            9.136227368677364,
            46.781681415324286
          ],
          [
            9.136018872399891,
            46.781715376300134
          ],
          [
            9.135961063105777,
            46.781759603637134
          ],
          [
            9.135781414566555,
            46.78180708150371
          ],
          [
            9.135487192982454,
            46.781842747476844
          ],
          [
            9.135089006356182,
            46.78184201482778
          ],
          [
            9.134985780350927,
            46.78182491455511
          ],
          [
            9.134693848760215,
            46.78189673243736
          ],
          [
            9.134581690114684,
            46.78190335594884
          ],
          [
            9.134292263804614,
            46.781933279170275
          ],
          [
            9.134161660635483,
            46.78192442152799
          ],
          [
            9.134126015908409,
            46.781882212638465
          ],
          [
            9.134114247903835,
            46.78183290107982
          ],
          [
            9.13401327414575,
            46.78182909179965
          ],
          [
            9.133970269299866,
            46.78183602856016
          ],
          [
            9.133796348251208,
            46.781844549004234
          ],
          [
            9.133523409156183,
            46.78191185308425
          ],
          [
            9.133351406230858,
            46.78186518066429
          ],
          [
            9.133322776796062,
            46.78184194212787
          ],
          [
            9.133151187556198,
            46.78177925670922
          ],
          [
            9.133081659125716,
            46.781758694471506
          ],
          [
            9.13298314241708,
            46.78173721271166
          ],
          [
            9.132940313992394,
            46.781758092598764
          ],
          [
            9.132761830023233,
            46.781817695025325
          ],
          [
            9.132530506747843,
            46.7819422332257
          ],
          [
            9.13235490236247,
            46.78205180940396
          ],
          [
            9.132175718268327,
            46.78214336240816
          ],
          [
            9.131965806989273,
            46.782211617385066
          ],
          [
            9.131834860839096,
            46.78223353361989
          ],
          [
            9.131688368112826,
            46.78222337918175
          ],
          [
            9.13163991957161,
            46.78218630801073
          ],
          [
            9.131261730745608,
            46.782067551172574
          ],
          [
            9.131249943679167,
            46.7820463208408
          ],
          [
            9.130882627168216,
            46.78200677755324
          ],
          [
            9.130618483306295,
            46.78195804748702
          ],
          [
            9.130421495138624,
            46.78189979223042
          ],
          [
            9.130333365925026,
            46.78186662849894
          ],
          [
            9.13017379178676,
            46.78183192281856
          ],
          [
            9.129925333264628,
            46.7817195264489
          ],
          [
            9.129780886000315,
            46.78154036628666
          ],
          [
            9.129756465411829,
            46.78149259135158
          ],
          [
            9.129758891587159,
            46.78146556292613
          ],
          [
            9.129657212641622,
            46.78137664392485
          ],
          [
            9.129670323892155,
            46.78135620538443
          ],
          [
            9.129608267812417,
            46.781319514849976
          ],
          [
            9.129421968666572,
            46.78128790316429
          ],
          [
            9.129167397595811,
            46.78129365186065
          ],
          [
            9.128864302399617,
            46.78133916740809
          ],
          [
            9.128794234515016,
            46.78136062887983
          ],
          [
            9.128646155654259,
            46.78138332591771
          ],
          [
            9.128128731257194,
            46.781560135794386
          ],
          [
            9.127913821254504,
            46.781757301342246
          ],
          [
            9.127715187603556,
            46.78223223919831
          ],
          [
            9.127431786420857,
            46.78245874096895
          ],
          [
            9.126956911771755,
            46.78258606862703
          ],
          [
            9.126769873555215,
            46.7827412423773
          ],
          [
            9.126608874279906,
            46.78296585139881
          ],
          [
            9.12657410943364,
            46.78341650961407
          ],
          [
            9.12661346526155,
            46.783661379316435
          ],
          [
            9.126925044470493,
            46.78400362625441
          ],
          [
            9.12682253869535,
            46.78418932029784
          ],
          [
            9.126141827726414,
            46.78436087762692
          ],
          [
            9.125754119454243,
            46.784658115930874
          ],
          [
            9.12549154370036,
            46.78494883477059
          ],
          [
            9.125305276521123,
            46.78509932480701
          ],
          [
            9.125170146376577,
            46.785272434746865
          ],
          [
            9.125157318499998,
            46.78546939912891
          ],
          [
            9.125228754097478,
            46.785827433579186
          ],
          [
            9.12475484537452,
            46.78612486159181
          ],
          [
            9.124579579744314,
            46.78628805428667
          ],
          [
            9.123784625689135,
            46.786795089983144
          ],
          [
            9.123791453578235,
            46.78703936069365
          ],
          [
            9.123544219143527,
            46.787502590785
          ],
          [
            9.123573462455349,
            46.787608329530514
          ],
          [
            9.12400578559246,
            46.78788663020051
          ],
          [
            9.124019890691379,
            46.78804063877413
          ],
          [
            9.123895432128567,
            46.78847571292266
          ],
          [
            9.123959279363254,
            46.78872112158262
          ],
          [
            9.124056939824705,
            46.78879408944111
          ],
          [
            9.124079379804636,
            46.789092663380714
          ],
          [
            9.123863354412341,
            46.78935191947959
          ],
          [
            9.123814690031818,
            46.789501464796004
          ],
          [
            9.123625865138898,
            46.78964956912254
          ],
          [
            9.123510264997153,
            46.78983195290862
          ],
          [
            9.123239802452334,
            46.790127190937895
          ],
          [
            9.123146360786166,
            46.790465713475385
          ],
          [
            9.123235061117066,
            46.790709136336176
          ],
          [
            9.123215541502882,
            46.79086454965235
          ],
          [
            9.123268781695398,
            46.7910087135816
          ],
          [
            9.122948931360247,
            46.79129956869997
          ],
          [
            9.122858261134818,
            46.791437307490234
          ],
          [
            9.122853262712418,
            46.79163360700244
          ],
          [
            9.123006788018674,
            46.79174642949654
          ],
          [
            9.12295877448485,
            46.79195003952272
          ],
          [
            9.122698153114852,
            46.792576876475664
          ],
          [
            9.122462113774107,
            46.79283355441783
          ],
          [
            9.122192864159132,
            46.79292470914222
          ],
          [
            9.122048638274157,
            46.79341558635556
          ],
          [
            9.122056317796515,
            46.79376657222573
          ],
          [
            9.121906464996702,
            46.794052740822615
          ],
          [
            9.121934215384906,
            46.7943073289492
          ],
          [
            9.122174992552212,
            46.794622020378
          ],
          [
            9.121938447737795,
            46.79487546536352
          ],
          [
            9.12199342617255,
            46.79507565839412
          ],
          [
            9.121883532749699,
            46.79531544082719
          ],
          [
            9.122002316606666,
            46.795561408326144
          ],
          [
            9.12201464692139,
            46.79571282483411
          ],
          [
            9.121558948603937,
            46.79609745156282
          ],
          [
            9.121255002572177,
            46.796600937704675
          ],
          [
            9.121298843494138,
            46.796746590534404
          ],
          [
            9.12126649462717,
            46.7969860485921
          ],
          [
            9.121365644224001,
            46.7972166323796
          ],
          [
            9.121610884321472,
            46.7973832510725
          ],
          [
            9.121590969672058,
            46.797778281010075
          ],
          [
            9.12137797093254,
            46.79793040808015
          ],
          [
            9.121284089721248,
            46.79806650105895
          ],
          [
            9.121287998188356,
            46.7984684498656
          ],
          [
            9.120727241184237,
            46.799488580965146
          ],
          [
            9.120545120022523,
            46.79969415534503
          ],
          [
            9.120383093808767,
            46.799796412714834
          ],
          [
            9.120238353751601,
            46.799906800988815
          ],
          [
            9.12000310823261,
            46.80027006307206
          ],
          [
            9.11981296354393,
            46.8004202400135
          ],
          [
            9.119702743850516,
            46.80065022645221
          ],
          [
            9.119746735195864,
            46.800947664557405
          ],
          [
            9.119613182470454,
            46.80122774116366
          ],
          [
            9.119447578853332,
            46.80138771438541
          ],
          [
            9.1192164937018,
            46.801506740641884
          ],
          [
            9.118815965550853,
            46.8017930020987
          ],
          [
            9.118378363652415,
            46.80224769057869
          ],
          [
            9.118364009235334,
            46.80239662942345
          ],
          [
            9.11813849714306,
            46.802707207996356
          ],
          [
            9.117976269708159,
            46.802803445377755
          ],
          [
            9.117793162407779,
            46.803125186440695
          ],
          [
            9.117744816324931,
            46.80316314650315
          ],
          [
            9.11753188238504,
            46.80328054373522
          ],
          [
            9.11734500566116,
            46.803431028116684
          ],
          [
            9.117260169872226,
            46.80361834186136
          ],
          [
            9.11722688366547,
            46.80401426849296
          ],
          [
            9.117154190567144,
            46.80415776611393
          ],
          [
            9.116912602405005,
            46.804403256786784
          ],
          [
            9.116806296413573,
            46.80478936903903
          ],
          [
            9.11683049844077,
            46.80498155867746
          ],
          [
            9.116926225074586,
            46.80505995964241
          ],
          [
            9.116930653609336,
            46.80525674952938
          ],
          [
            9.116866384404405,
            46.805439801848756
          ],
          [
            9.116696243492184,
            46.805652490335945
          ],
          [
            9.116531876483696,
            46.80575612578755
          ],
          [
            9.116234886185913,
            46.80580043611111
          ],
          [
            9.115934307503283,
            46.80582168393106
          ],
          [
            9.115715937108458,
            46.80594590541792
          ],
          [
            9.115467743133324,
            46.806189708244595
          ],
          [
            9.11524558835047,
            46.80637344836757
          ],
          [
            9.114721527473055,
            46.80662903562349
          ],
          [
            9.114574531074052,
            46.806853158804515
          ],
          [
            9.11432382473533,
            46.806948700202845
          ],
          [
            9.11373294762549,
            46.806896651014
          ],
          [
            9.113223282660913,
            46.807240536793635
          ],
          [
            9.113107038873071,
            46.807632998876315
          ],
          [
            9.113063293262247,
            46.807928755607165
          ],
          [
            9.113106153973849,
            46.808026019389885
          ],
          [
            9.113082153939596,
            46.80826480291936
          ],
          [
            9.112927611278932,
            46.808319891788585
          ],
          [
            9.11260923117592,
            46.80835703802911
          ],
          [
            9.112132656877305,
            46.808440192261216
          ],
          [
            9.111941307550712,
            46.80858274301622
          ],
          [
            9.11179751285742,
            46.809305281527344
          ],
          [
            9.111964154820729,
            46.80946655796483
          ],
          [
            9.111672551046317,
            46.810180698012715
          ],
          [
            9.111909808431095,
            46.81057241704783
          ],
          [
            9.11168345546693,
            46.81103792033823
          ],
          [
            9.111657047789464,
            46.81178370709346
          ],
          [
            9.111057064772073,
            46.812694230182004
          ],
          [
            9.110546700835359,
            46.81285792173295
          ],
          [
            9.110799052865852,
            46.81327940148185
          ],
          [
            9.110684455173125,
            46.81344559629737
          ],
          [
            9.110389775401947,
            46.813678982462925
          ],
          [
            9.110223418572103,
            46.813869147405725
          ],
          [
            9.11011264350516,
            46.814307646271786
          ],
          [
            9.109845757665202,
            46.81475779476211
          ],
          [
            9.109769878302053,
            46.8151477096104
          ],
          [
            9.110003737634827,
            46.815351994157574
          ],
          [
            9.109892755584026,
            46.81560070435557
          ],
          [
            9.10949065674558,
            46.81599588486735
          ],
          [
            9.109677581105867,
            46.81702402911932
          ],
          [
            9.109796818354631,
            46.81728276016704
          ],
          [
            9.10982723776493,
            46.81775783714012
          ],
          [
            9.110185318603895,
            46.818266495241346
          ],
          [
            9.110539113065771,
            46.819765235465496
          ],
          [
            9.111349114918543,
            46.820149995849334
          ],
          [
            9.111597322163615,
            46.82056670306933
          ],
          [
            9.111233797413016,
            46.820924677913894
          ],
          [
            9.111288552310334,
            46.82096494060361
          ],
          [
            9.11147051467887,
            46.82111955161421
          ],
          [
            9.11172370726432,
            46.82126752308088
          ],
          [
            9.11199722027733,
            46.82140165534453
          ],
          [
            9.112040168781675,
            46.821668474303394
          ],
          [
            9.112028852980293,
            46.821908744774916
          ],
          [
            9.111928157018252,
            46.822072703438074
          ],
          [
            9.1115162832692,
            46.8221982282246
          ],
          [
            9.11127542031006,
            46.82235529469915
          ],
          [
            9.111128122208966,
            46.82254664799556
          ],
          [
            9.11105413613982,
            46.82283214768607
          ],
          [
            9.110736340683319,
            46.82327290219434
          ],
          [
            9.110498116867003,
            46.82343329331392
          ],
          [
            9.110562818780428,
            46.82384152145107
          ],
          [
            9.109994425302396,
            46.82415476667671
          ],
          [
            9.109883070248449,
            46.82439204605794
          ],
          [
            9.10996670144352,
            46.82467880266474
          ],
          [
            9.109894704536128,
            46.824899455051245
          ],
          [
            9.109638083610854,
            46.825081922927346
          ],
          [
            9.109289114411427,
            46.82519728808475
          ],
          [
            9.109005157520587,
            46.82526816353863
          ],
          [
            9.108723609075032,
            46.82540529586935
          ],
          [
            9.108179988086118,
            46.826035948428114
          ],
          [
            9.107771703484609,
            46.82644719971563
          ],
          [
            9.107479729324817,
            46.82657307240288
          ],
          [
            9.10717130487015,
            46.82661231471995
          ],
          [
            9.106871141492116,
            46.82660342555249
          ],
          [
            9.106676218068337,
            46.82674145647641
          ],
          [
            9.10631915410735,
            46.82727992448718
          ],
          [
            9.106225860906475,
            46.82829658658249
          ],
          [
            9.105783340998832,
            46.828683235992564
          ],
          [
            9.104754860022325,
            46.82889636533512
          ],
          [
            9.103977524958804,
            46.829608482464124
          ],
          [
            9.103536346147472,
            46.83012541213612
          ],
          [
            9.103148513199772,
            46.830273390550595
          ],
          [
            9.102380931345694,
            46.83033142513481
          ],
          [
            9.102205237977989,
            46.830448564081514
          ],
          [
            9.101997586692509,
            46.83069652174471
          ],
          [
            9.101675074278116,
            46.83090061467273
          ],
          [
            9.10150125292976,
            46.831048334284986
          ],
          [
            9.10126146571606,
            46.83178153617449
          ],
          [
            9.100985831085419,
            46.83206902544226
          ],
          [
            9.100728932263378,
            46.83213712871574
          ],
          [
            9.099904413748238,
            46.83213917383113
          ],
          [
            9.099576471392457,
            46.8321741800757
          ],
          [
            9.099322426169001,
            46.832322108259206
          ],
          [
            9.099161607413006,
            46.832473072189416
          ],
          [
            9.099114993911812,
            46.8329348550988
          ],
          [
            9.09902011805512,
            46.833103269364585
          ],
          [
            9.098412875447147,
            46.83375422145247
          ],
          [
            9.098201993180092,
            46.834086316866234
          ],
          [
            9.09786354186699,
            46.83438394142071
          ],
          [
            9.097590595398023,
            46.83456184912416
          ],
          [
            9.097294779064839,
            46.83465796017857
          ],
          [
            9.096738086657345,
            46.83489753899949
          ],
          [
            9.096415655000085,
            46.83517892936357
          ],
          [
            9.09620908401628,
            46.83525989620048
          ],
          [
            9.096008178755318,
            46.835406947007364
          ],
          [
            9.095727887835222,
            46.835473128522274
          ],
          [
            9.095512056909449,
            46.83548120583421
          ],
          [
            9.095013446112992,
            46.835671897224
          ],
          [
            9.094722207212802,
            46.835710873950866
          ],
          [
            9.094421208226402,
            46.83584814334568
          ],
          [
            9.094038718777213,
            46.83593879824132
          ],
          [
            9.093346589243119,
            46.83629696299681
          ],
          [
            9.093153637938256,
            46.83620195495179
          ],
          [
            9.092908052873556,
            46.83621508260495
          ],
          [
            9.092686633695862,
            46.836346480967045
          ],
          [
            9.09219016578043,
            46.83641159787841
          ],
          [
            9.09189128926263,
            46.83632972657268
          ],
          [
            9.091628449855222,
            46.83641844472119
          ],
          [
            9.091230362150837,
            46.83644544356137
          ],
          [
            9.090817039960475,
            46.83656644943051
          ],
          [
            9.090471228873179,
            46.83660383768032
          ],
          [
            9.090361141087106,
            46.83668778110302
          ],
          [
            9.08998362892672,
            46.83710819251474
          ],
          [
            9.09713547607021,
            46.83963225210122
          ],
          [
            9.08946935490007,
            46.84579705909872
          ],
          [
            9.087842681154106,
            46.846720357752666
          ],
          [
            9.086920808086546,
            46.847356059329464
          ],
          [
            9.086397599310176,
            46.84770003765068
          ],
          [
            9.086206600932828,
            46.847940472138994
          ],
          [
            9.085867113409119,
            46.84849371377197
          ],
          [
            9.085468468051936,
            46.849253313821556
          ],
          [
            9.085173153560593,
            46.849926795572955
          ],
          [
            9.084904146020591,
            46.85087143618569
          ],
          [
            9.084440632148217,
            46.85121213389195
          ],
          [
            9.083274809401024,
            46.85191337847413
          ],
          [
            9.081886954656854,
            46.85160944820184
          ],
          [
            9.081149604636904,
            46.852575321267594
          ],
          [
            9.08094544918396,
            46.85291411362884
          ],
          [
            9.079772236281105,
            46.85518790971778
          ],
          [
            9.07967581524995,
            46.85547018872823
          ],
          [
            9.07964150505274,
            46.855721795287145
          ],
          [
            9.079700392363259,
            46.85597416970017
          ],
          [
            9.079712067648328,
            46.856209056143086
          ],
          [
            9.079417540136138,
            46.8570947552898
          ],
          [
            9.079243024603475,
            46.85742620877144
          ],
          [
            9.079074429182997,
            46.857643446532684
          ],
          [
            9.078872034501304,
            46.85784527963843
          ],
          [
            9.078462657034628,
            46.85821474885615
          ],
          [
            9.077953637072438,
            46.858578465150195
          ],
          [
            9.077535613079991,
            46.85880913688718
          ],
          [
            9.076801260483814,
            46.85936742198467
          ],
          [
            9.076381607702851,
            46.859761701002
          ],
          [
            9.075731659056034,
            46.86043538356369
          ],
          [
            9.075176793288287,
            46.86079772771253
          ],
          [
            9.074749544498506,
            46.861213423542495
          ],
          [
            9.073954310487489,
            46.861932387593605
          ],
          [
            9.073433853188115,
            46.862262875331595
          ],
          [
            9.072719387555294,
            46.863234857090745
          ],
          [
            9.071839587060737,
            46.864241864077904
          ],
          [
            9.071149313688673,
            46.86491917144206
          ],
          [
            9.070551571381495,
            46.865614651081
          ],
          [
            9.069942427751407,
            46.866062685734285
          ],
          [
            9.069708281162011,
            46.866301968962176
          ],
          [
            9.069366290253836,
            46.86693260394313
          ],
          [
            9.069049598374407,
            46.86726849634673
          ],
          [
            9.068840931017254,
            46.86751077937627
          ],
          [
            9.06863354308135,
            46.86793390626916
          ],
          [
            9.068369101335,
            46.86829390231282
          ],
          [
            9.068178925202682,
            46.86870598629831
          ],
          [
            9.067923712041095,
            46.86901355775207
          ],
          [
            9.06788927458522,
            46.869172957493134
          ],
          [
            9.067996587317857,
            46.869370033809524
          ],
          [
            9.06777637340386,
            46.869712753305194
          ],
          [
            9.067899684397918,
            46.87026954521413
          ],
          [
            9.067952909476658,
            46.87061868949392
          ],
          [
            9.067836746194503,
            46.87101879564708
          ],
          [
            9.067650875027192,
            46.871341708476955
          ],
          [
            9.067454392338135,
            46.87171806266952
          ],
          [
            9.06716439810758,
            46.872012343543624
          ],
          [
            9.067072445424644,
            46.872394694369824
          ],
          [
            9.066922411537897,
            46.8724598198445
          ],
          [
            9.066689756759818,
            46.87250699299831
          ],
          [
            9.066516462265177,
            46.87250063312292
          ],
          [
            9.066703361913644,
            46.87264007529968
          ],
          [
            9.066796778234615,
            46.8728482551043
          ],
          [
            9.066741843062708,
            46.87315595048598
          ],
          [
            9.066462579756926,
            46.87345447625432
          ],
          [
            9.066189133908797,
            46.873607577323085
          ],
          [
            9.065815816679452,
            46.87387301623561
          ],
          [
            9.065690552328583,
            46.87406885020951
          ],
          [
            9.065614683261066,
            46.8743106230794
          ],
          [
            9.065545580277973,
            46.87483295901912
          ],
          [
            9.06575941904708,
            46.874799686810334
          ],
          [
            9.066048935530127,
            46.874840140475655
          ],
          [
            9.066133046021614,
            46.87486472985056
          ],
          [
            9.06633372960511,
            46.87489578494572
          ],
          [
            9.066605201559454,
            46.87495471335857
          ],
          [
            9.066668227745119,
            46.87498059210624
          ],
          [
            9.06678682082382,
            46.874973595822254
          ],
          [
            9.066890186891632,
            46.87498152662576
          ],
          [
            9.06693930521702,
            46.874946709969784
          ],
          [
            9.067036418298873,
            46.87484820249267
          ],
          [
            9.067118273164679,
            46.8748403072835
          ],
          [
            9.067313753950552,
            46.874845108848504
          ],
          [
            9.06738728407391,
            46.87487123352533
          ],
          [
            9.067608681081975,
            46.87490820854434
          ],
          [
            9.067695646580134,
            46.87490313725071
          ],
          [
            9.067875026601861,
            46.874813858210054
          ],
          [
            9.067944932923108,
            46.87478314466993
          ],
          [
            9.06813117588257,
            46.87471384927618
          ],
          [
            9.068231733152961,
            46.87470009956356
          ],
          [
            9.068446561410699,
            46.87471167738659
          ],
          [
            9.068534984253338,
            46.874729167731836
          ],
          [
            9.068694998340462,
            46.8748096621362
          ],
          [
            9.06879090113628,
            46.87483454938636
          ],
          [
            9.069014963206854,
            46.874870682961244
          ],
          [
            9.069102008576843,
            46.87488902924944
          ],
          [
            9.069404234271737,
            46.874937885664814
          ],
          [
            9.06960071206937,
            46.8749742493996
          ],
          [
            9.069897734144712,
            46.874996852813275
          ],
          [
            9.070002696619406,
            46.874999431682795
          ],
          [
            9.070266111350495,
            46.87503653112095
          ],
          [
            9.070459873904204,
            46.87507461460493
          ],
          [
            9.070529261468392,
            46.87510425132041
          ],
          [
            9.070718691491809,
            46.875174660262985
          ],
          [
            9.07080140184414,
            46.87520101168119
          ],
          [
            9.071287672791062,
            46.875272393246405
          ],
          [
            9.071376008086217,
            46.87529169111362
          ],
          [
            9.071600304231003,
            46.87532330871586
          ],
          [
            9.071668957460052,
            46.87534212256229
          ],
          [
            9.071866775990225,
            46.87537759956925
          ],
          [
            9.072056648381146,
            46.875389463988704
          ],
          [
            9.0721490074536,
            46.875381820061904
          ],
          [
            9.072218206723306,
            46.875364600844335
          ],
          [
            9.072400083826087,
            46.87530329636659
          ],
          [
            9.072498810056265,
            46.87527418377669
          ],
          [
            9.072726343481897,
            46.875268954231395
          ],
          [
            9.072822782308204,
            46.87525870525666
          ],
          [
            9.07305604237721,
            46.87524461193593
          ],
          [
            9.073133414644714,
            46.87522219193918
          ],
          [
            9.07330763156066,
            46.87510574339423
          ],
          [
            9.073381205420054,
            46.87508052538035
          ],
          [
            9.073612497817086,
            46.87507899218871
          ],
          [
            9.073694729129357,
            46.875089108358296
          ],
          [
            9.073838722856786,
            46.8750989444037
          ],
          [
            9.073939926092297,
            46.87509783055048
          ],
          [
            9.07401663084444,
            46.87508799763525
          ],
          [
            9.074135831177763,
            46.87509451689118
          ],
          [
            9.074225902782649,
            46.875105735210255
          ],
          [
            9.074483844267972,
            46.87517241419912
          ],
          [
            9.07472983532214,
            46.87521628457872
          ],
          [
            9.074798488962413,
            46.87523507855998
          ],
          [
            9.074901434347602,
            46.87525111468024
          ],
          [
            9.075000953162558,
            46.87525715880136
          ],
          [
            9.075078797946102,
            46.87527617202755
          ],
          [
            9.075169792497913,
            46.87526940890811
          ],
          [
            9.075363841262059,
            46.875201186589294
          ],
          [
            9.07547134054291,
            46.87515516601474
          ],
          [
            9.075553476605194,
            46.87514187138279
          ],
          [
            9.075627548555074,
            46.87515719537103
          ],
          [
            9.075739685019906,
            46.875173450099794
          ],
          [
            9.07593971555959,
            46.87519186564271
          ],
          [
            9.076140732781782,
            46.87519139948512
          ],
          [
            9.0762059600315,
            46.875200200749
          ],
          [
            9.076402249846184,
            46.87518968890144
          ],
          [
            9.076497272378674,
            46.87518121155685
          ],
          [
            9.076682936139136,
            46.87514791738486
          ],
          [
            9.076787456448058,
            46.87513336560505
          ],
          [
            9.076981266433698,
            46.87509486183896
          ],
          [
            9.077058585279994,
            46.87507333065223
          ],
          [
            9.077217250221224,
            46.874978134345156
          ],
          [
            9.07728065027538,
            46.87494633858275
          ],
          [
            9.07742637623298,
            46.874847215582214
          ],
          [
            9.077657617771392,
            46.87472046016911
          ],
          [
            9.077748526132023,
            46.87469024037786
          ],
          [
            9.077915675430132,
            46.874608750263484
          ],
          [
            9.077982527375896,
            46.87458606383263
          ],
          [
            9.078168776888052,
            46.87454108937026
          ],
          [
            9.078443712904745,
            46.87448385762077
          ],
          [
            9.07854311974444,
            46.87446646240312
          ],
          [
            9.078628870237695,
            46.8744091081448
          ],
          [
            9.078751444338927,
            46.87430039134846
          ],
          [
            9.07884127430664,
            46.87424044120372
          ],
          [
            9.079005326123948,
            46.87414266384267
          ],
          [
            9.079093163331173,
            46.87409525725124
          ],
          [
            9.079195226869281,
            46.874052721006365
          ],
          [
            9.079335660019417,
            46.87400480279489
          ],
          [
            9.079561183672519,
            46.87401301229756
          ],
          [
            9.079675186730727,
            46.87399329233144
          ],
          [
            9.07984001979365,
            46.87393065481621
          ],
          [
            9.079943864038036,
            46.873904368380245
          ],
          [
            9.080116842865545,
            46.87383653012305
          ],
          [
            9.080366830658301,
            46.87375346065193
          ],
          [
            9.080461521397645,
            46.87372604549582
          ],
          [
            9.080659019871256,
            46.873692143016086
          ],
          [
            9.080766648527968,
            46.87366865362549
          ],
          [
            9.080977084231746,
            46.873638658615725
          ],
          [
            9.081078246458814,
            46.87363843871821
          ],
          [
            9.081294432072257,
            46.873598679504134
          ],
          [
            9.081494376512222,
            46.87356842931851
          ],
          [
            9.081613428349154,
            46.873527203401586
          ],
          [
            9.081708079952941,
            46.87350068748585
          ],
          [
            9.081865846256864,
            46.87344778456862
          ],
          [
            9.082224475576579,
            46.87334664921387
          ],
          [
            9.08238218999094,
            46.87329465503852
          ],
          [
            9.08247487618952,
            46.87328069990996
          ],
          [
            9.082655024995018,
            46.87322654749972
          ],
          [
            9.082753077267954,
            46.87321002277501
          ],
          [
            9.082940746324248,
            46.873163265533904
          ],
          [
            9.083033419037246,
            46.87314931014086
          ],
          [
            9.083222374478545,
            46.87310258792107
          ],
          [
            9.083715933482495,
            46.8729326760394
          ],
          [
            9.08379026313137,
            46.87291826405193
          ],
          [
            9.08395074104718,
            46.87286362771225
          ],
          [
            9.084024712851974,
            46.87285553680059
          ],
          [
            9.084082740768636,
            46.8728263246778
          ],
          [
            9.084264233877393,
            46.872670400212975
          ],
          [
            9.084505323314087,
            46.872454676795456
          ],
          [
            9.084616258669897,
            46.87231685278983
          ],
          [
            9.084681566757677,
            46.87224818151669
          ],
          [
            9.084772886343762,
            46.87223508989874
          ],
          [
            9.0850157020632,
            46.87223922484756
          ],
          [
            9.085101346379874,
            46.87225932461882
          ],
          [
            9.08530516781105,
            46.87228052124588
          ],
          [
            9.08538299908996,
            46.872299536648384
          ],
          [
            9.08555213710117,
            46.87230546893985
          ],
          [
            9.085850439546615,
            46.872328975084365
          ],
          [
            9.08593974434406,
            46.87232935347634
          ],
          [
            9.08605356087603,
            46.87233843002577
          ],
          [
            9.08612649920726,
            46.872324900274656
          ],
          [
            9.086206563427167,
            46.87230072302804
          ],
          [
            9.08641544695959,
            46.872300413257776
          ],
          [
            9.08651056356431,
            46.87231534604805
          ],
          [
            9.086684481709671,
            46.87233041201546
          ],
          [
            9.086778298503333,
            46.872345309329084
          ],
          [
            9.08704055338978,
            46.87235441429695
          ],
          [
            9.087128825701258,
            46.87234935429005
          ],
          [
            9.087330915602259,
            46.87235339647294
          ],
          [
            9.087510876849759,
            46.872328048280124
          ],
          [
            9.08778849371054,
            46.87226906360288
          ],
          [
            9.087886224814552,
            46.87223360877984
          ],
          [
            9.0879819413886,
            46.872211615859236
          ],
          [
            9.088056167744186,
            46.87217379163219
          ],
          [
            9.088239672318887,
            46.87210529420673
          ],
          [
            9.088594252753081,
            46.87200584344689
          ],
          [
            9.088847392732765,
            46.87193725823655
          ],
          [
            9.089068741154353,
            46.871899398047134
          ],
          [
            9.089448583218624,
            46.87181948207819
          ],
          [
            9.089675512888604,
            46.87174933886607
          ],
          [
            9.089794759073374,
            46.87175495033015
          ],
          [
            9.089887109656992,
            46.87174730106611
          ],
          [
            9.0903202186488,
            46.87172902734888
          ],
          [
            9.090600048133949,
            46.87170341072785
          ],
          [
            9.090880603891646,
            46.871688633656234
          ],
          [
            9.090973323062029,
            46.871673771358886
          ],
          [
            9.091239409725452,
            46.87160909651953
          ],
          [
            9.09136899060569,
            46.87156719529069
          ],
          [
            9.09146747068036,
            46.871542568262164
          ],
          [
            9.091703510450467,
            46.8714492292687
          ],
          [
            9.091797860265046,
            46.87142810760398
          ],
          [
            9.091940657986518,
            46.87135951766549
          ],
          [
            9.092000298132824,
            46.87132404300595
          ],
          [
            9.092189134162963,
            46.871228641125924
          ],
          [
            9.092380242231734,
            46.87119095069495
          ],
          [
            9.092578066655909,
            46.87112550514362
          ],
          [
            9.092784852312906,
            46.8710891078687
          ],
          [
            9.092972198541917,
            46.87104771896616
          ],
          [
            9.093082979173705,
            46.87103960259008
          ],
          [
            9.093162389615522,
            46.87102802606415
          ],
          [
            9.093368258491363,
            46.87100961757916
          ],
          [
            9.093456286029355,
            46.87100905483479
          ],
          [
            9.094013384547091,
            46.87095595302166
          ],
          [
            9.09422622189379,
            46.870904377063994
          ],
          [
            9.094506017040183,
            46.870853540860296
          ],
          [
            9.094582445330037,
            46.87084909638294
          ],
          [
            9.094941180350903,
            46.870868167879095
          ],
          [
            9.094841666870295,
            46.8706878364457
          ],
          [
            9.09483828277573,
            46.870626496876554
          ],
          [
            9.094786974830019,
            46.87047570729434
          ],
          [
            9.094776517551235,
            46.87042410624652
          ],
          [
            9.09472006020902,
            46.870271384797974
          ],
          [
            9.094695034038486,
            46.870222127045544
          ],
          [
            9.09463555655522,
            46.87007654815432
          ],
          [
            9.094575487472499,
            46.869866989005544
          ],
          [
            9.094549084515565,
            46.86981859690192
          ],
          [
            9.09450429211573,
            46.86966888251543
          ],
          [
            9.094475849369585,
            46.86960962419674
          ],
          [
            9.094418638091291,
            46.86942084334562
          ],
          [
            9.09435498557854,
            46.869305798608714
          ],
          [
            9.094332979595098,
            46.86924850745829
          ],
          [
            9.09433010715539,
            46.86920249186233
          ],
          [
            9.094343373889096,
            46.86904787015806
          ],
          [
            9.094357018427397,
            46.868986940862214
          ],
          [
            9.094382693738558,
            46.868770454024066
          ],
          [
            9.094391072910664,
            46.86855805940876
          ],
          [
            9.094466813085818,
            46.8682112686133
          ],
          [
            9.094521527158438,
            46.868042343905955
          ],
          [
            9.094547102629422,
            46.86797991923203
          ],
          [
            9.094583553436959,
            46.86783395909351
          ],
          [
            9.094602042126422,
            46.86778125512511
          ],
          [
            9.094663042070641,
            46.867643109060324
          ],
          [
            9.094679413483153,
            46.867580439729004
          ],
          [
            9.09479272269413,
            46.86744716847405
          ],
          [
            9.094852356620665,
            46.86741169230549
          ],
          [
            9.094896551224473,
            46.86734430131962
          ],
          [
            9.094926190918711,
            46.86727926245305
          ],
          [
            9.094965442524034,
            46.867231566139196
          ],
          [
            9.095031166361565,
            46.867180004469624
          ],
          [
            9.095146432877293,
            46.86713506701302
          ],
          [
            9.095238085558561,
            46.86711568192116
          ],
          [
            9.095459053334105,
            46.867084130602365
          ],
          [
            9.095544894810129,
            46.86707541027618
          ],
          [
            9.095700336750868,
            46.86704135278423
          ],
          [
            9.095769463665818,
            46.8669997913607
          ],
          [
            9.095994830444399,
            46.8668836635527
          ],
          [
            9.09604531061464,
            46.86684705076593
          ],
          [
            9.096119522997707,
            46.86670742574978
          ],
          [
            9.096199231142032,
            46.866588648765074
          ],
          [
            9.096260452338928,
            46.86652257597286
          ],
          [
            9.096312562321181,
            46.8664796953048
          ],
          [
            9.096707052602708,
            46.86619772348338
          ],
          [
            9.101084482863975,
            46.86173087852186
          ],
          [
            9.103614671335013,
            46.859690362682166
          ],
          [
            9.103913930970169,
            46.855920618905365
          ],
          [
            9.104425658650708,
            46.853552262171206
          ],
          [
            9.104865681762126,
            46.85247066780535
          ],
          [
            9.109362862366272,
            46.850824189020116
          ],
          [
            9.111326112417453,
            46.85037666572738
          ],
          [
            9.111339141130921,
            46.85038740691967
          ],
          [
            9.111940786265015,
            46.85055243246537
          ],
          [
            9.112013093057808,
            46.85056570702971
          ],
          [
            9.112085154936839,
            46.850568152301875
          ],
          [
            9.11231342928188,
            46.850559790426374
          ],
          [
            9.112574644047116,
            46.85064407760027
          ],
          [
            9.112600040681633,
            46.85075981682684
          ],
          [
            9.112631847462566,
            46.85085058446973
          ],
          [
            9.112675857493238,
            46.85089771613714
          ],
          [
            9.112776339442552,
            46.850971831790154
          ],
          [
            9.11280541617188,
            46.851037221793476
          ],
          [
            9.112801917978798,
            46.851099300881145
          ],
          [
            9.11281011145478,
            46.85117634234766
          ],
          [
            9.112803651092792,
            46.85122836076216
          ],
          [
            9.112821963939275,
            46.85129595977102
          ],
          [
            9.112916677207458,
            46.85133553790127
          ],
          [
            9.11301028206485,
            46.85135971969262
          ],
          [
            9.113198848003986,
            46.851473995912684
          ],
          [
            9.11341613040218,
            46.85145702943761
          ],
          [
            9.113397413163502,
            46.85150035601991
          ],
          [
            9.113398267922628,
            46.85157164765951
          ],
          [
            9.113516043639477,
            46.85164385385822
          ],
          [
            9.11360222860609,
            46.85178313925969
          ],
          [
            9.11403194447896,
            46.85223874144131
          ],
          [
            9.114290682284174,
            46.85229493534333
          ],
          [
            9.114810939748137,
            46.852525632069984
          ],
          [
            9.114998189684218,
            46.85253341381055
          ],
          [
            9.115335816625297,
            46.85257612232997
          ],
          [
            9.115495452085172,
            46.852610598530326
          ],
          [
            9.115857357844702,
            46.85271396065243
          ],
          [
            9.116103082218007,
            46.85276864989395
          ],
          [
            9.11620528304467,
            46.852825696386006
          ],
          [
            9.116480727899802,
            46.85289891523855
          ],
          [
            9.116764718137865,
            46.8529391226081
          ],
          [
            9.116845850279214,
            46.85295642143599
          ],
          [
            9.117031335004645,
            46.85303537704017
          ],
          [
            9.117096398488535,
            46.853055529801075
          ],
          [
            9.117137104540827,
            46.853096203216396
          ],
          [
            9.117166185308422,
            46.85314806006957
          ],
          [
            9.117189159076377,
            46.853261872535626
          ],
          [
            9.11718618185829,
            46.853332086787454
          ],
          [
            9.117229915290244,
            46.85338192904365
          ],
          [
            9.117299040985353,
            46.853441052682484
          ],
          [
            9.117684804632653,
            46.853649238223596
          ],
          [
            9.11777262457655,
            46.853692098726924
          ],
          [
            9.117919585379651,
            46.853748522396955
          ],
          [
            9.118201914219588,
            46.853831965084574
          ],
          [
            9.1182707248039,
            46.85400111273596
          ],
          [
            9.118350937983067,
            46.85405444952877
          ],
          [
            9.118691561140857,
            46.85422717041365
          ],
          [
            9.118751892188046,
            46.854268751573365
          ],
          [
            9.118970304837731,
            46.85440064672907
          ],
          [
            9.119086457017355,
            46.85446283913862
          ],
          [
            9.119337379475562,
            46.85457188833662
          ],
          [
            9.119461284413628,
            46.854635361013294
          ],
          [
            9.119558939959452,
            46.85469740197528
          ],
          [
            9.119658640075178,
            46.85472748109166
          ],
          [
            9.119779271897388,
            46.85477096438384
          ],
          [
            9.119900383607854,
            46.85483609719345
          ],
          [
            9.119984906819207,
            46.85485895835071
          ],
          [
            9.12014768478257,
            46.8548484580468
          ],
          [
            9.120250561217073,
            46.854831586588794
          ],
          [
            9.120374749771093,
            46.854825603327015
          ],
          [
            9.120523936389361,
            46.85484604644164
          ],
          [
            9.12079770605792,
            46.8548966153387
          ],
          [
            9.121089743127769,
            46.854988608682525
          ],
          [
            9.121167196036248,
            46.85500302549271
          ],
          [
            9.12127043879218,
            46.85500961290676
          ],
          [
            9.121349741276562,
            46.85500516185215
          ],
          [
            9.121554415823324,
            46.85498307516549
          ],
          [
            9.121784027454092,
            46.8549477097872
          ],
          [
            9.121876371021402,
            46.85493123483521
          ],
          [
            9.12212261390133,
            46.85487410219144
          ],
          [
            9.122315668684125,
            46.85483613386752
          ],
          [
            9.122396914365845,
            46.854825472262505
          ],
          [
            9.1224841782049,
            46.8548340303698
          ],
          [
            9.12254983952766,
            46.854861414177115
          ],
          [
            9.123021365009953,
            46.855026652178765
          ],
          [
            9.123264273070712,
            46.855123601504935
          ],
          [
            9.123323060751463,
            46.855154280220496
          ],
          [
            9.123766902434278,
            46.855347113202036
          ],
          [
            9.123923005500691,
            46.85536425591541
          ],
          [
            9.123982923562743,
            46.85538326601798
          ],
          [
            9.124175583283947,
            46.85540300965674
          ],
          [
            9.12440145300155,
            46.85543240342828
          ],
          [
            9.12460860758263,
            46.855438382572025
          ],
          [
            9.124826478782099,
            46.855455692979305
          ],
          [
            9.125098049662327,
            46.85544842186303
          ],
          [
            9.125173968845115,
            46.855451926770066
          ],
          [
            9.12539864652912,
            46.855453309280016
          ],
          [
            9.125405139684881,
            46.85550772870941
          ],
          [
            9.12533307361437,
            46.85573259296224
          ],
          [
            9.12538634386922,
            46.855779250423616
          ],
          [
            9.125515516897678,
            46.855815898705096
          ],
          [
            9.125711746451906,
            46.85583941101359
          ],
          [
            9.125971079083408,
            46.85584961140984
          ],
          [
            9.126039078334207,
            46.85597361777433
          ],
          [
            9.126094009563989,
            46.85601675041888
          ],
          [
            9.126169013768953,
            46.85605629375291
          ],
          [
            9.12625937725902,
            46.856086648947226
          ],
          [
            9.126398271804216,
            46.856198604933674
          ],
          [
            9.126606737956712,
            46.85627137581058
          ],
          [
            9.126604928559876,
            46.8563299305847
          ],
          [
            9.12661483273946,
            46.85637639089326
          ],
          [
            9.126669661673102,
            46.85642041552384
          ],
          [
            9.126755067455314,
            46.856447820400284
          ],
          [
            9.126814722956588,
            46.85648305523068
          ],
          [
            9.126919842945613,
            46.856590740619595
          ],
          [
            9.127045859667748,
            46.856967274490664
          ],
          [
            9.127171662205964,
            46.857078622122046
          ],
          [
            9.127248555806144,
            46.85713901083597
          ],
          [
            9.127539372414054,
            46.857323832187284
          ],
          [
            9.127583234667389,
            46.857372768999724
          ],
          [
            9.127633801428413,
            46.857486954864456
          ],
          [
            9.128312273541967,
            46.858798226342024
          ],
          [
            9.128549416869046,
            46.85883355479931
          ],
          [
            9.128637013145754,
            46.858852036529846
          ],
          [
            9.128818470367456,
            46.85890553438923
          ],
          [
            9.128876525400484,
            46.8589569151849
          ],
          [
            9.129008989034713,
            46.85905414448088
          ],
          [
            9.129074561384733,
            46.85909595779129
          ],
          [
            9.12914000194141,
            46.85912605840032
          ],
          [
            9.129339350708024,
            46.85915781416229
          ],
          [
            9.129551960748792,
            46.85921544795241
          ],
          [
            9.129638873637543,
            46.8592275958667
          ],
          [
            9.129953478159733,
            46.85930436065366
          ],
          [
            9.130159160730544,
            46.85939235405104
          ],
          [
            9.130232769294356,
            46.859432734220725
          ],
          [
            9.130503783344802,
            46.859565224429815
          ],
          [
            9.130687492231978,
            46.859635961078304
          ],
          [
            9.130803338342792,
            46.8596746902022
          ],
          [
            9.13101234208995,
            46.85968886325046
          ],
          [
            9.131306650477006,
            46.859717806634805
          ],
          [
            9.131396011846402,
            46.85973186042678
          ],
          [
            9.131642446821042,
            46.85973962991985
          ],
          [
            9.131724216664537,
            46.859737105664244
          ],
          [
            9.131915103917173,
            46.85969451074581
          ],
          [
            9.131994984910179,
            46.85967114928161
          ],
          [
            9.132200903406261,
            46.8596364649478
          ],
          [
            9.13226740513753,
            46.859615190890665
          ],
          [
            9.132354325598715,
            46.85961378655257
          ],
          [
            9.1324197260282,
            46.85960419835326
          ],
          [
            9.13259893495623,
            46.85962690748257
          ],
          [
            9.132808770662498,
            46.85965915871292
          ],
          [
            9.133122877093863,
            46.85972778860002
          ],
          [
            9.133213429738396,
            46.859756327148304
          ],
          [
            9.133407023439718,
            46.85980676780838
          ],
          [
            9.133494257137688,
            46.85984236430768
          ],
          [
            9.133704659703422,
            46.85989422886094
          ],
          [
            9.133766881631132,
            46.859923222912066
          ],
          [
            9.133923883837886,
            46.86003788878764
          ],
          [
            9.133983489761913,
            46.86009083662119
          ],
          [
            9.134102879791095,
            46.860209451894704
          ],
          [
            9.134152099383412,
            46.86025163977796
          ],
          [
            9.134386078603308,
            46.8604188872254
          ],
          [
            9.1357664956628,
            46.8610174579007
          ],
          [
            9.136099203043218,
            46.86121046287973
          ],
          [
            9.137929427686636,
            46.861721344612405
          ],
          [
            9.138852654878386,
            46.86175620825258
          ],
          [
            9.139192058251208,
            46.861828548457005
          ],
          [
            9.13986513683008,
            46.861813138993156
          ],
          [
            9.140556022797988,
            46.861836941239396
          ],
          [
            9.140617735904693,
            46.862042063780976
          ],
          [
            9.140641862073725,
            46.862099801073676
          ],
          [
            9.140676901112599,
            46.86226531802953
          ],
          [
            9.140694611601617,
            46.86232508524442
          ],
          [
            9.140682035444783,
            46.862486911127796
          ],
          [
            9.140670635712906,
            46.862544115457816
          ],
          [
            9.140643555839175,
            46.86277408773119
          ],
          [
            9.140606693300727,
            46.86299628784679
          ],
          [
            9.140560375503446,
            46.8631638433519
          ],
          [
            9.140551812853273,
            46.86322365967772
          ],
          [
            9.140525719577779,
            46.86329492068527
          ],
          [
            9.140510532291332,
            46.86338832399437
          ],
          [
            9.14052203323,
            46.86352133267117
          ],
          [
            9.140548996764116,
            46.86358166399849
          ],
          [
            9.14057899699709,
            46.86363017250289
          ],
          [
            9.140681477160049,
            46.86376711764625
          ],
          [
            9.140770535119287,
            46.86381440522912
          ],
          [
            9.141062143852386,
            46.86389766351914
          ],
          [
            9.141276804703677,
            46.86395484051566
          ],
          [
            9.141350360847841,
            46.86397112839639
          ],
          [
            9.14146439592987,
            46.86401840346603
          ],
          [
            9.141564628425952,
            46.86407429654555
          ],
          [
            9.141607529414703,
            46.864119634545915
          ],
          [
            9.141694094437717,
            46.8642373094019
          ],
          [
            9.141722370259817,
            46.864297602933796
          ],
          [
            9.14175953386435,
            46.8644567357539
          ],
          [
            9.141718311284029,
            46.86467370167104
          ],
          [
            9.141692620943717,
            46.864733215305016
          ],
          [
            9.141659217893832,
            46.86489760077111
          ],
          [
            9.141616145491685,
            46.86507314304961
          ],
          [
            9.141608338239093,
            46.865125714274555
          ],
          [
            9.14161901108524,
            46.865230807186094
          ],
          [
            9.141647702849337,
            46.8652793619024
          ],
          [
            9.141766698348587,
            46.865374249176064
          ],
          [
            9.141808222095873,
            46.86541872587273
          ],
          [
            9.141840226319458,
            46.865476183647544
          ],
          [
            9.141865940975729,
            46.86560596638561
          ],
          [
            9.141916244222173,
            46.86569611816726
          ],
          [
            9.142081328155035,
            46.865774915125954
          ],
          [
            9.142304275959981,
            46.86587146555766
          ],
          [
            9.142373936792405,
            46.86590591365992
          ],
          [
            9.142460731247091,
            46.86595778640159
          ],
          [
            9.142573033011708,
            46.8660168548806
          ],
          [
            9.142638632479652,
            46.86606678491912
          ],
          [
            9.142726385024611,
            46.86611409949176
          ],
          [
            9.142877066952225,
            46.866227669028795
          ],
          [
            9.143027850993484,
            46.86636017642959
          ],
          [
            9.14329715782174,
            46.86675255319167
          ],
          [
            9.14332493569994,
            46.8668065555759
          ],
          [
            9.143418206431114,
            46.86696005596119
          ],
          [
            9.143472366866744,
            46.86701490669302
          ],
          [
            9.143852770287115,
            46.8671589617102
          ],
          [
            9.143933206617891,
            46.86721376236249
          ],
          [
            9.144077533642752,
            46.867244630832886
          ],
          [
            9.144280295148299,
            46.867300432290605
          ],
          [
            9.144333276818811,
            46.867339995588864
          ],
          [
            9.14436017869032,
            46.86739942725159
          ],
          [
            9.144357121710053,
            46.867514028063646
          ],
          [
            9.144341315819629,
            46.867599334448656
          ],
          [
            9.144313359106437,
            46.867663453159714
          ],
          [
            9.144252889990307,
            46.86786937927793
          ],
          [
            9.144302201971566,
            46.86796407055729
          ],
          [
            9.14436712409043,
            46.86803926552116
          ],
          [
            9.144485015862088,
            46.86815402386582
          ],
          [
            9.144538402684654,
            46.868233223689295
          ],
          [
            9.144622008449126,
            46.868432160340696
          ],
          [
            9.144586677459166,
            46.86850285825284
          ],
          [
            9.144531310998403,
            46.86856975216426
          ],
          [
            9.14448522491078,
            46.86863722742428
          ],
          [
            9.14446741678988,
            46.868713593241594
          ],
          [
            9.14445765649372,
            46.868860891679354
          ],
          [
            9.144469588749272,
            46.86891365455441
          ],
          [
            9.144473763129046,
            46.869122665424264
          ],
          [
            9.144483685158866,
            46.869269247418465
          ],
          [
            9.144499891075402,
            46.86937775756368
          ],
          [
            9.144524222925408,
            46.8694210591494
          ],
          [
            9.1445954222911,
            46.869475286350465
          ],
          [
            9.144881657019654,
            46.86965970158519
          ],
          [
            9.14511699801596,
            46.869831532299735
          ],
          [
            9.145232754766543,
            46.86996979605855
          ],
          [
            9.145264602818774,
            46.87002543778034
          ],
          [
            9.145375002047425,
            46.870179238918716
          ],
          [
            9.145398512432612,
            46.87022886877889
          ],
          [
            9.145484481430389,
            46.87028707684564
          ],
          [
            9.145568236637319,
            46.87035076133028
          ],
          [
            9.14590312114488,
            46.87055236192203
          ],
          [
            9.14606444211959,
            46.87066736120428
          ],
          [
            9.146142937982022,
            46.8707141096643
          ],
          [
            9.146306235929986,
            46.870838040539425
          ],
          [
            9.146495210031837,
            46.87105660961389
          ],
          [
            9.146543911850914,
            46.87112608031175
          ],
          [
            9.146610857672002,
            46.8711759520865
          ],
          [
            9.146696755558482,
            46.87121612949582
          ],
          [
            9.146815347190167,
            46.87125421703752
          ],
          [
            9.146905380825734,
            46.87129695977659
          ],
          [
            9.147138524408108,
            46.87137149414405
          ],
          [
            9.147228429303796,
            46.871395298973795
          ],
          [
            9.14744129281743,
            46.87142818967345
          ],
          [
            9.147507168745292,
            46.8714645807819
          ],
          [
            9.14754643360762,
            46.871513641941625
          ],
          [
            9.147613428697976,
            46.871615814459105
          ],
          [
            9.147671509862317,
            46.871653383638325
          ],
          [
            9.147721395165094,
            46.87170387859504
          ],
          [
            9.147879606385304,
            46.871829781768575
          ],
          [
            9.14792852141058,
            46.871884825842216
          ],
          [
            9.148032211051131,
            46.871951395771994
          ],
          [
            9.148129789612833,
            46.87200648625338
          ],
          [
            9.1482156089246,
            46.87204576398491
          ],
          [
            9.148464638743034,
            46.87213864695809
          ],
          [
            9.148561091607107,
            46.87217934902506
          ],
          [
            9.148805744150787,
            46.872266979228925
          ],
          [
            9.148891461390503,
            46.87228733639616
          ],
          [
            9.148978184613025,
            46.87232117460262
          ],
          [
            9.149534188923486,
            46.872388563589574
          ],
          [
            9.14984185451933,
            46.87244056394242
          ],
          [
            9.149918663800857,
            46.8724477194236
          ],
          [
            9.15017953992025,
            46.872489693963914
          ],
          [
            9.150468369472053,
            46.87250180096172
          ],
          [
            9.150567517916016,
            46.87249191344028
          ],
          [
            9.150838636119525,
            46.87244427170094
          ],
          [
            9.150917631971522,
            46.872445923341
          ],
          [
            9.151147895494379,
            46.872431301216245
          ],
          [
            9.15124256299994,
            46.872431503338305
          ],
          [
            9.151663604823218,
            46.87238474583165
          ],
          [
            9.151857276301033,
            46.87235612143711
          ],
          [
            9.151930436640932,
            46.87233273893682
          ],
          [
            9.152198275324613,
            46.8722085658688
          ],
          [
            9.15226977760741,
            46.872163623130405
          ],
          [
            9.152558109092793,
            46.872237958583646
          ],
          [
            9.152642218691994,
            46.87225475606881
          ],
          [
            9.152922369218082,
            46.87234200757089
          ],
          [
            9.153195201594295,
            46.87243672800533
          ],
          [
            9.15354331559538,
            46.87258734490529
          ],
          [
            9.153726376377604,
            46.87266006165768
          ],
          [
            9.154112371094113,
            46.87277323733212
          ],
          [
            9.154379004310792,
            46.872889830784146
          ],
          [
            9.154474823944106,
            46.8729224217505
          ],
          [
            9.154667605377641,
            46.87300200921337
          ],
          [
            9.154751121463237,
            46.873044969646315
          ],
          [
            9.154925914070333,
            46.873163974457405
          ],
          [
            9.15517480214332,
            46.873392076768006
          ],
          [
            9.155257404123054,
            46.873440485018264
          ],
          [
            9.155364973729514,
            46.87348887837818
          ],
          [
            9.15567128261504,
            46.873608553365116
          ],
          [
            9.1559865657826,
            46.873708046499864
          ],
          [
            9.156086128436165,
            46.87373779973941
          ],
          [
            9.156274855454015,
            46.87378146465102
          ],
          [
            9.156587284533044,
            46.87384410948441
          ],
          [
            9.156658645847763,
            46.87386586418515
          ],
          [
            9.156806803363304,
            46.87392959005851
          ],
          [
            9.158719690888248,
            46.87377638731898
          ],
          [
            9.159365532297743,
            46.873633753918455
          ],
          [
            9.160133948762208,
            46.87359591891955
          ],
          [
            9.16117531437484,
            46.873293231195035
          ],
          [
            9.162396310713508,
            46.8731743802221
          ],
          [
            9.163636437193807,
            46.87289205857495
          ],
          [
            9.165449377250258,
            46.87246264170742
          ],
          [
            9.165434518886505,
            46.872229480612155
          ],
          [
            9.165401512532972,
            46.87192265226485
          ],
          [
            9.165736384991575,
            46.86999753518995
          ],
          [
            9.166673042606918,
            46.868042190189556
          ],
          [
            9.16688023658022,
            46.867620514613236
          ],
          [
            9.167865893350296,
            46.865303744123864
          ],
          [
            9.167841556799916,
            46.8634687053845
          ],
          [
            9.1675193186361,
            46.86189882768241
          ],
          [
            9.166239864307531,
            46.86041928110137
          ],
          [
            9.16627895167881,
            46.86032322720642
          ],
          [
            9.166599858375852,
            46.85649080868371
          ],
          [
            9.171159901547016,
            46.85032166459262
          ],
          [
            9.174343255414025,
            46.848955981490676
          ],
          [
            9.175404331495995,
            46.84696939042988
          ],
          [
            9.180049161060726,
            46.8424674417878
          ],
          [
            9.180598796406839,
            46.840290108645284
          ],
          [
            9.182028879792906,
            46.83772162855832
          ],
          [
            9.181825309429687,
            46.83564716938812
          ],
          [
            9.182982174977177,
            46.834852148339806
          ],
          [
            9.183775758814068,
            46.83291426644944
          ],
          [
            9.182424727548861,
            46.82776239064778
          ],
          [
            9.182599812686826,
            46.82563895427196
          ],
          [
            9.184560691786734,
            46.822273554339745
          ],
          [
            9.188294377323837,
            46.81804687837388
          ],
          [
            9.189318807589755,
            46.81740851665605
          ],
          [
            9.190100665224639,
            46.81675531989967
          ],
          [
            9.191426330131872,
            46.81583959376101
          ],
          [
            9.1922025273728,
            46.815578305705024
          ],
          [
            9.192484683776785,
            46.815509192064226
          ],
          [
            9.193127744700147,
            46.81533378995916
          ],
          [
            9.194392192380105,
            46.81508315435393
          ],
          [
            9.19509815504744,
            46.81486806656245
          ],
          [
            9.19617904548641,
            46.81425402920339
          ],
          [
            9.199096337305136,
            46.81292609762163
          ],
          [
            9.200941902480716,
            46.81225345850285
          ],
          [
            9.201211726142558,
            46.812128727684744
          ],
          [
            9.202637325249793,
            46.8117192145279
          ],
          [
            9.203198797498638,
            46.81137753192461
          ],
          [
            9.205283281962645,
            46.8099277639879
          ],
          [
            9.205678287506446,
            46.809592898580966
          ],
          [
            9.205939336688811,
            46.80933130255139
          ],
          [
            9.206149230111011,
            46.80916537766964
          ],
          [
            9.206171676243661,
            46.80913735358825
          ]
        ]
      }
    }
  ]
}