{
  "type": "FeatureCollection",
  "features": [
    {
      "type": "Feature",
      "properties": {
        "bfs_nummer": 3746,
        "segment_length_m": 1.1417134103895115
      },
      "geometry": {
        "type": "LineString",
        "coordinates": [
          [
            10.105159328809396,
            46.84090237881665
          ],
          [
            10.1048488373587,
            46.840587044163804
          ],
          [
            10.104555084947181,
            46.84020178906843
          ],
          [
            10.104361963028401,
            46.839696521813394
          ],
          [
            10.10442906837017,
            46.8394892490527
          ],
          [
            10.104534671329587,
            46.83927300462574
          ],
          [
            10.10454803968718,
            46.83906444725173
          ],
          [
            10.104543998891108,
            46.838950855697945
          ],
          [
            10.10428222360509,
            46.83886720016658
          ],
          [
            10.10402938412056,
            46.838703104822365
          ],
          [
            10.103755568217148,
            46.838806634143836
          ],
          [
            10.103556013041379,
            46.83842016083948
          ],
          [
            10.103044533534126,
            46.83805540665799
          ],
          [
            10.102536211260707,
            46.83795908065783
          ],
          [
            10.102112367408882,
            46.83764062134387
          ],
          [
            10.101876074362313,
            46.837516962224996
          ],
          [
            10.102365522957205,
            46.83689299523929
          ],
          [
            10.102542304114117,
            46.836749788784246
          ],
          [
            10.102678972201002,
            46.83664570652626
          ],
          [
            10.102784448974514,
            46.83647324521102
          ],
          [
            10.10269032123055,
            46.83637159160855
          ],
          [
            10.102821683524791,
            46.83619560154755
          ],
          [
            10.102701460201576,
            46.83587626637063
          ],
          [
            10.102653734013339,
            46.83565826101398
          ],
          [
            10.10265670948478,
            46.834951406401196
          ],
          [
            10.103045025137725,
            46.830114775849836
          ],
          [
            10.103381562551528,
            46.830330131720075
          ],
          [
            10.103701992196035,
            46.830190502727014
          ],
          [
            10.104299460007228,
            46.82995985823636
          ],
          [
            10.10461626354567,
            46.82981886207907
          ],
          [
            10.104819907193804,
            46.829834901280776
          ],
          [
            10.104990541692557,
            46.829829479113286
          ],
          [
            10.105409938780326,
            46.829734095315445
          ],
          [
            10.105575323737098,
            46.8296420654317
          ],
          [
            10.105855212813989,
            46.82961630648899
          ],
          [
            10.106069532291675,
            46.829535797244674
          ],
          [
            10.106403832578692,
            46.829460073543935
          ],
          [
            10.106832644932716,
            46.829323782004224
          ],
          [
            10.107137001872204,
            46.829042255462745
          ],
          [
            10.107599609054711,
            46.8289192934577
          ],
          [
            10.107955424819982,
            46.828766656632205
          ],
          [
            10.108070927229308,
            46.82866662582541
          ],
          [
            10.108335416347893,
            46.828486248680775
          ],
          [
            10.10869218244905,
            46.827872847992836
          ],
          [
            10.108668606346832,
            46.82767332528232
          ],
          [
            10.10891153986409,
            46.827186818867375
          ],
          [
            10.108746319066064,
            46.82704189201085
          ],
          [
            10.108524584070757,
            46.82667340638049
          ],
          [
            10.108459343851004,
            46.82641934177344
          ],
          [
            10.108226014663646,
            46.826206701473716
          ],
          [
            10.108166098179241,
            46.826069447754
          ],
          [
            10.10783960249509,
            46.82567885529366
          ],
          [
            10.107973584735321,
            46.825467712586466
          ],
          [
            10.108809032058808,
            46.82489336625597
          ],
          [
            10.10889841720902,
            46.82447644043042
          ],
          [
            10.109130746593996,
            46.8241494460309
          ],
          [
            10.109014287367595,
            46.8235269342158
          ],
          [
            10.109195801018135,
            46.82309396647192
          ],
          [
            10.10963557141282,
            46.82225033903694
          ],
          [
            10.110034184139343,
            46.82207647843592
          ],
          [
            10.110353189950247,
            46.822089377292876
          ],
          [
            10.111317020611095,
            46.8213096025124
          ],
          [
            10.111510614330456,
            46.82102351637812
          ],
          [
            10.111984226431035,
            46.82063133939202
          ],
          [
            10.112246195904227,
            46.82024606716581
          ],
          [
            10.11240448027307,
            46.81981472601546
          ],
          [
            10.112325760169913,
            46.81966563758777
          ],
          [
            10.112368420996917,
            46.819491593572465
          ],
          [
            10.112257657854625,
            46.81915352254793
          ],
          [
            10.112358799535983,
            46.818950252848325
          ],
          [
            10.112006456821957,
            46.8185981336981
          ],
          [
            10.111709956128442,
            46.817778871916964
          ],
          [
            10.111298463426794,
            46.81758774256776
          ],
          [
            10.110979572647864,
            46.81730487145053
          ],
          [
            10.11074087363063,
            46.81699640699784
          ],
          [
            10.110585155863557,
            46.81686595885967
          ],
          [
            10.11049397161397,
            46.81653952518355
          ],
          [
            10.110196122349954,
            46.81632245824536
          ],
          [
            10.109883874404378,
            46.81583076824082
          ],
          [
            10.109724888944587,
            46.81572736122846
          ],
          [
            10.109436361063475,
            46.81507755108679
          ],
          [
            10.109275009438324,
            46.81469462248739
          ],
          [
            10.109148523225773,
            46.81454378680265
          ],
          [
            10.109954471586214,
            46.813691971259225
          ],
          [
            10.110172337472429,
            46.81356570053842
          ],
          [
            10.111467413579776,
            46.81348488976608
          ],
          [
            10.112069823504218,
            46.81334677153372
          ],
          [
            10.11264468155108,
            46.813152078244485
          ],
          [
            10.113204176203048,
            46.81281077978726
          ],
          [
            10.114990710214053,
            46.81241849142517
          ],
          [
            10.11550124595225,
            46.81220009777147
          ],
          [
            10.116094169880828,
            46.81223654007278
          ],
          [
            10.116342415917266,
            46.812136060720405
          ],
          [
            10.116939553489043,
            46.81201740009161
          ],
          [
            10.11783079328286,
            46.811746459459265
          ],
          [
            10.11746690294335,
            46.811329094368055
          ],
          [
            10.117424184901601,
            46.81120618467822
          ],
          [
            10.117626042026222,
            46.810921557451856
          ],
          [
            10.117800121404883,
            46.81078425568733
          ],
          [
            10.117955965421112,
            46.81061588822561
          ],
          [
            10.117752158651944,
            46.80968636788222
          ],
          [
            10.11747033364426,
            46.80895075071476
          ],
          [
            10.11717654633059,
            46.808233018752404
          ],
          [
            10.11703268861972,
            46.807704158430525
          ],
          [
            10.117066835682367,
            46.80752837632048
          ],
          [
            10.116905038932897,
            46.807410149319516
          ],
          [
            10.116804165846283,
            46.8070206275047
          ],
          [
            10.115932114791995,
            46.80603129437277
          ],
          [
            10.115830292057632,
            46.805988651313235
          ],
          [
            10.115570102745428,
            46.805765315672566
          ],
          [
            10.115381911941713,
            46.80561697724643
          ],
          [
            10.11519333782629,
            46.80548226546247
          ],
          [
            10.115090476724447,
            46.80526101069747
          ],
          [
            10.11478417732455,
            46.804977234800326
          ],
          [
            10.114625791018405,
            46.80470820044598
          ],
          [
            10.114215420377937,
            46.80407281327656
          ],
          [
            10.11388919745489,
            46.803783273572506
          ],
          [
            10.114097759074816,
            46.80340373642851
          ],
          [
            10.113775045224658,
            46.803116400425054
          ],
          [
            10.113647255329552,
            46.80266912882873
          ],
          [
            10.113777812337307,
            46.801897822109005
          ],
          [
            10.114389551903,
            46.80155108714314
          ],
          [
            10.115451351361918,
            46.800707729183884
          ],
          [
            10.115652430611766,
            46.80056253339984
          ],
          [
            10.116124784263345,
            46.80030240201376
          ],
          [
            10.116276895025814,
            46.80012404282949
          ],
          [
            10.115966918378295,
            46.79968149544186
          ],
          [
            10.116089726286022,
            46.79952880929443
          ],
          [
            10.116176217681007,
            46.79893757245453
          ],
          [
            10.116533619298412,
            46.79859065905402
          ],
          [
            10.1168318608056,
            46.798205151191745
          ],
          [
            10.117660793103955,
            46.79695247289778
          ],
          [
            10.117757369349844,
            46.79628697619785
          ],
          [
            10.117739286832725,
            46.79579311191695
          ],
          [
            10.11792613220945,
            46.795657606118034
          ],
          [
            10.118214139079234,
            46.7955297076395
          ],
          [
            10.118407980382814,
            46.79522958591356
          ],
          [
            10.118454126696626,
            46.79500390056977
          ],
          [
            10.118536772034776,
            46.794439014968695
          ],
          [
            10.121263710218358,
            46.79419264055275
          ],
          [
            10.127311654043252,
            46.793554674378754
          ],
          [
            10.135086049753209,
            46.792287920869455
          ],
          [
            10.139488067958565,
            46.791750555923514
          ],
          [
            10.139424321983427,
            46.78769714906175
          ],
          [
            10.13976163897725,
            46.787002231451325
          ],
          [
            10.139864228539265,
            46.786168738070685
          ],
          [
            10.14055900249406,
            46.785932929594914
          ],
          [
            10.14047346601669,
            46.78476692669722
          ],
          [
            10.140464864424695,
            46.783812573550875
          ],
          [
            10.140510342390456,
            46.78353327486522
          ],
          [
            10.139934667706797,
            46.7831715679269
          ],
          [
            10.13972478980386,
            46.78186625904612
          ],
          [
            10.139736002279081,
            46.781551597454204
          ],
          [
            10.139782182494328,
            46.78090766189819
          ],
          [
            10.1403160142463,
            46.78022976414505
          ],
          [
            10.140375167616359,
            46.77982871243002
          ],
          [
            10.140590882875534,
            46.779493089464005
          ],
          [
            10.140906692774871,
            46.77901900485332
          ],
          [
            10.141375302046624,
            46.778866597700365
          ],
          [
            10.141826941963052,
            46.778647876782344
          ],
          [
            10.142137846106229,
            46.778587768722254
          ],
          [
            10.142523399572442,
            46.778427864088336
          ],
          [
            10.142970465899742,
            46.77831967721647
          ],
          [
            10.142747394653082,
            46.77807250872374
          ],
          [
            10.142686308992884,
            46.77797530749044
          ],
          [
            10.142680776621072,
            46.77794600604494
          ],
          [
            10.142693510519019,
            46.77786298730682
          ],
          [
            10.142668240450647,
            46.77775107637242
          ],
          [
            10.142490197005412,
            46.77754763751113
          ],
          [
            10.142456945000811,
            46.77746723829799
          ],
          [
            10.142542189490266,
            46.7771690036144
          ],
          [
            10.142408428154228,
            46.77710645772805
          ],
          [
            10.142307414982906,
            46.77666789394029
          ],
          [
            10.14227780971596,
            46.77660009938371
          ],
          [
            10.142152037285438,
            46.776487859769325
          ],
          [
            10.142129792770776,
            46.77636597622674
          ],
          [
            10.142069770595473,
            46.77626379910132
          ],
          [
            10.141911533855977,
            46.7761416262872
          ],
          [
            10.141910086903168,
            46.77600835919313
          ],
          [
            10.14201502568301,
            46.775883004194
          ],
          [
            10.142024894387207,
            46.77584730741812
          ],
          [
            10.142017101993181,
            46.7758121189699
          ],
          [
            10.14198499294093,
            46.775775346296285
          ],
          [
            10.141921207762724,
            46.775736533634515
          ],
          [
            10.141889559057402,
            46.77570110014807
          ],
          [
            10.141888386442396,
            46.7756516236986
          ],
          [
            10.141989029579165,
            46.77550359850022
          ],
          [
            10.141987762368684,
            46.775428742121946
          ],
          [
            10.141903926827153,
            46.77524360183692
          ],
          [
            10.142058513589442,
            46.7750557845764
          ],
          [
            10.142099646660755,
            46.77498234506988
          ],
          [
            10.142126206467042,
            46.77485659624508
          ],
          [
            10.142134795541537,
            46.77465208431787
          ],
          [
            10.14224167069214,
            46.77457581835122
          ],
          [
            10.142501969398975,
            46.77448675486926
          ],
          [
            10.142549329141806,
            46.77444107904894
          ],
          [
            10.142516390303859,
            46.774267694470915
          ],
          [
            10.142535787562116,
            46.774145175458344
          ],
          [
            10.142726513830452,
            46.77384147105906
          ],
          [
            10.142832408755702,
            46.77376425561424
          ],
          [
            10.142623148827552,
            46.773376860925815
          ],
          [
            10.142538204822086,
            46.77330038667563
          ],
          [
            10.142421125437437,
            46.77309470251947
          ],
          [
            10.142336555998407,
            46.772811363499294
          ],
          [
            10.142323679192938,
            46.772787366464385
          ],
          [
            10.142300992775626,
            46.77276864224914
          ],
          [
            10.142224865563703,
            46.77273156232417
          ],
          [
            10.142161739408191,
            46.77269328329814
          ],
          [
            10.142110094619634,
            46.77265615438917
          ],
          [
            10.142059456606518,
            46.772610369869675
          ],
          [
            10.142017242671663,
            46.772557545198666
          ],
          [
            10.141984847400082,
            46.77250458694652
          ],
          [
            10.141974032631685,
            46.77245353871717
          ],
          [
            10.142002738034417,
            46.77235464234176
          ],
          [
            10.142004691953117,
            46.772330924027756
          ],
          [
            10.141909011790789,
            46.77222815139323
          ],
          [
            10.141893225127339,
            46.77216155958154
          ],
          [
            10.141802815347713,
            46.772067212763844
          ],
          [
            10.14176695196919,
            46.771903348087626
          ],
          [
            10.141936201112626,
            46.771672960781764
          ],
          [
            10.142062457791559,
            46.7711867995389
          ],
          [
            10.142198690421544,
            46.7710401899879
          ],
          [
            10.142216648096033,
            46.77089160282407
          ],
          [
            10.142238038669676,
            46.770845363144936
          ],
          [
            10.142234723350747,
            46.77075841319269
          ],
          [
            10.14220963770639,
            46.77070491281449
          ],
          [
            10.142057725316947,
            46.77043694913768
          ],
          [
            10.141941813112515,
            46.77031206390905
          ],
          [
            10.141834495615585,
            46.77021747861542
          ],
          [
            10.141807313108618,
            46.77012739467853
          ],
          [
            10.141758374278547,
            46.770073649143974
          ],
          [
            10.1416956796072,
            46.770043901442776
          ],
          [
            10.141398339259919,
            46.769978847579736
          ],
          [
            10.141153699706352,
            46.770016683890674
          ],
          [
            10.141112291273634,
            46.77000101304732
          ],
          [
            10.141026072862294,
            46.769943379606026
          ],
          [
            10.140948624580348,
            46.76990362998357
          ],
          [
            10.140838578337902,
            46.76987734326501
          ],
          [
            10.140546964911534,
            46.76983789382614
          ],
          [
            10.140463393826902,
            46.7698197106779
          ],
          [
            10.140345296006146,
            46.76976634178526
          ],
          [
            10.139947295102486,
            46.7695540744588
          ],
          [
            10.141217736433857,
            46.76837338147102
          ],
          [
            10.141151939936021,
            46.76791874444674
          ],
          [
            10.14101627736762,
            46.76755663370898
          ],
          [
            10.140080642651498,
            46.76742181304994
          ],
          [
            10.139753603520067,
            46.767412543024534
          ],
          [
            10.139574868900247,
            46.76731722500457
          ],
          [
            10.13953219361183,
            46.76691536065152
          ],
          [
            10.139531744777605,
            46.76671042376846
          ],
          [
            10.13955277659481,
            46.766390218658934
          ],
          [
            10.139518904209307,
            46.76622927653791
          ],
          [
            10.139523397523684,
            46.76575186836995
          ],
          [
            10.13951688394927,
            46.76532925635845
          ],
          [
            10.139508654997327,
            46.76500830363026
          ],
          [
            10.139497617175548,
            46.76490046562335
          ],
          [
            10.139218847516775,
            46.7648762807648
          ],
          [
            10.138812187106623,
            46.76476772408467
          ],
          [
            10.138811755536702,
            46.76489006373833
          ],
          [
            10.138654231389417,
            46.76499982011554
          ],
          [
            10.138617504658015,
            46.76501292115308
          ],
          [
            10.138538149897842,
            46.765013367611004
          ],
          [
            10.138421819271256,
            46.76495031535733
          ],
          [
            10.138341182152008,
            46.764983986846055
          ],
          [
            10.138262219428547,
            46.76499068837117
          ],
          [
            10.138182439492507,
            46.76501088332017
          ],
          [
            10.138104580761178,
            46.76499962009241
          ],
          [
            10.138036974316021,
            46.76497572923352
          ],
          [
            10.137977704161296,
            46.76499875114138
          ],
          [
            10.137891371401032,
            46.764975996232224
          ],
          [
            10.13781224806725,
            46.76497190932803
          ],
          [
            10.137742743306445,
            46.764938882422086
          ],
          [
            10.137728866630685,
            46.76489981430686
          ],
          [
            10.137607966279438,
            46.76494084615891
          ],
          [
            10.137519053585372,
            46.76488540721878
          ],
          [
            10.137469257062262,
            46.76476519167312
          ],
          [
            10.137315167542104,
            46.76484445134022
          ],
          [
            10.137185840556356,
            46.764840939240045
          ],
          [
            10.136928217777127,
            46.76472660114818
          ],
          [
            10.1363992803224,
            46.764872669562074
          ],
          [
            10.136198115466806,
            46.76471677070244
          ],
          [
            10.136032466977138,
            46.76449242727575
          ],
          [
            10.135836949848,
            46.76437839185893
          ],
          [
            10.1352948781932,
            46.76418349299981
          ],
          [
            10.135458077584522,
            46.76381463747396
          ],
          [
            10.13557018146699,
            46.76359107341022
          ],
          [
            10.135773681962508,
            46.763455932555665
          ],
          [
            10.135943701165324,
            46.763303230208315
          ],
          [
            10.136316030891637,
            46.763058410444614
          ],
          [
            10.136878980371199,
            46.762724555852465
          ],
          [
            10.137051963782584,
            46.76245225147183
          ],
          [
            10.13717763234349,
            46.76208205734931
          ],
          [
            10.137296350261316,
            46.76189374387826
          ],
          [
            10.137754191783312,
            46.761552424486474
          ],
          [
            10.13805473326672,
            46.7612907460581
          ],
          [
            10.138477562294492,
            46.76090198968013
          ],
          [
            10.138806915908217,
            46.760611130886645
          ],
          [
            10.138967824487384,
            46.76025631976349
          ],
          [
            10.13922225650846,
            46.7598944074047
          ],
          [
            10.13951245599193,
            46.759634715625765
          ],
          [
            10.13965246674234,
            46.75949782078106
          ],
          [
            10.139790282944782,
            46.75934668446236
          ],
          [
            10.140086576783842,
            46.75909763872885
          ],
          [
            10.140283276859337,
            46.75889611632405
          ],
          [
            10.14058225481096,
            46.758648454747295
          ],
          [
            10.140897348812322,
            46.75836206728572
          ],
          [
            10.141190460260086,
            46.757923897266046
          ],
          [
            10.142204319166506,
            46.75666915476915
          ],
          [
            10.142713531804759,
            46.75592333359307
          ],
          [
            10.14297783763856,
            46.75563381397969
          ],
          [
            10.143441448448945,
            46.75500996861147
          ],
          [
            10.149820238602253,
            46.74977326780828
          ],
          [
            10.14969290426172,
            46.748468752489174
          ],
          [
            10.149507367114248,
            46.74811441564737
          ],
          [
            10.14955423595194,
            46.74757505220441
          ],
          [
            10.14917986324093,
            46.746531346398925
          ],
          [
            10.148917553282402,
            46.74635695941196
          ],
          [
            10.148832315955007,
            46.74616513372682
          ],
          [
            10.14883964277838,
            46.74583246901243
          ],
          [
            10.148912910018522,
            46.74558235032048
          ],
          [
            10.149052289606306,
            46.745264315542485
          ],
          [
            10.149485025644763,
            46.74503857043956
          ],
          [
            10.149695707510611,
            46.74346779615876
          ],
          [
            10.149541978300213,
            46.743270974242506
          ],
          [
            10.149439059507191,
            46.74297432246276
          ],
          [
            10.149388393061571,
            46.7424651432155
          ],
          [
            10.149071029436058,
            46.7416024753619
          ],
          [
            10.149137608648603,
            46.741197610779246
          ],
          [
            10.149256289975972,
            46.74090276726056
          ],
          [
            10.149204175424046,
            46.74062066841486
          ],
          [
            10.148819878671324,
            46.7401196150826
          ],
          [
            10.148479640689773,
            46.739954973120646
          ],
          [
            10.148279264715589,
            46.73961281444869
          ],
          [
            10.148217854663955,
            46.73936705644132
          ],
          [
            10.148218680371846,
            46.739112070192036
          ],
          [
            10.147783770917435,
            46.73896130445157
          ],
          [
            10.147654762297066,
            46.73877768244251
          ],
          [
            10.146811673551376,
            46.73856289061061
          ],
          [
            10.145410770979522,
            46.737963387861555
          ],
          [
            10.144909276421616,
            46.73760912602321
          ],
          [
            10.144315972254823,
            46.737320792995185
          ],
          [
            10.144235578641938,
            46.737174780675204
          ],
          [
            10.143996857914486,
            46.7370343331856
          ],
          [
            10.143439320254439,
            46.73691250864337
          ],
          [
            10.143278787462892,
            46.736528353445344
          ],
          [
            10.143209884008261,
            46.73624178125697
          ],
          [
            10.143159597687488,
            46.73534378302356
          ],
          [
            10.143068238691288,
            46.735111892193125
          ],
          [
            10.143396083858164,
            46.734703778985214
          ],
          [
            10.14332722337768,
            46.73446265096698
          ],
          [
            10.143384426683548,
            46.73431407691302
          ],
          [
            10.143088898764928,
            46.73435016702601
          ],
          [
            10.142349374760931,
            46.73413832471551
          ],
          [
            10.142576644704535,
            46.73372375034738
          ],
          [
            10.142498927230319,
            46.7333502948711
          ],
          [
            10.142220209170322,
            46.73275848333753
          ],
          [
            10.142272245035777,
            46.732494308829125
          ],
          [
            10.14207578378004,
            46.732100689081356
          ],
          [
            10.142279820039583,
            46.731328388225585
          ],
          [
            10.142464668249701,
            46.730977285101176
          ],
          [
            10.142575740011694,
            46.73059725613772
          ],
          [
            10.142788217833605,
            46.73029732395704
          ],
          [
            10.143070265125372,
            46.73005163657347
          ],
          [
            10.143333726205064,
            46.72993232879494
          ],
          [
            10.143648159249784,
            46.72976319783723
          ],
          [
            10.144038998427417,
            46.7295742786593
          ],
          [
            10.144299229581863,
            46.72953233528555
          ],
          [
            10.1445177920751,
            46.72942486391474
          ],
          [
            10.144757345821683,
            46.729277407322705
          ],
          [
            10.144969263677377,
            46.72907019248214
          ],
          [
            10.145379501857267,
            46.728791240773425
          ],
          [
            10.145524456451707,
            46.72862720709466
          ],
          [
            10.145780548339808,
            46.72845391924785
          ],
          [
            10.146072061013292,
            46.72837242642523
          ],
          [
            10.146515077106361,
            46.728161746546064
          ],
          [
            10.146843842050123,
            46.72787571403671
          ],
          [
            10.147041120705035,
            46.727652506138355
          ],
          [
            10.147317077398249,
            46.72749128995091
          ],
          [
            10.147512764744235,
            46.727324797263066
          ],
          [
            10.147408935977001,
            46.72675672723453
          ],
          [
            10.147408263918585,
            46.726752989847164
          ],
          [
            10.147324371009093,
            46.726690383637695
          ],
          [
            10.147217004453722,
            46.726635238599755
          ],
          [
            10.14709796825984,
            46.7263785177321
          ],
          [
            10.147020291961484,
            46.726276267957765
          ],
          [
            10.146989629269028,
            46.72611741129668
          ],
          [
            10.14691185429209,
            46.725992076640075
          ],
          [
            10.146971963095384,
            46.72579930904519
          ],
          [
            10.14681365310127,
            46.725602593277
          ],
          [
            10.146677312998818,
            46.72541198016668
          ],
          [
            10.146786987557864,
            46.72519623545427
          ],
          [
            10.146800531678537,
            46.725169595309865
          ],
          [
            10.146904118084546,
            46.724777146460866
          ],
          [
            10.14726191298043,
            46.724547307928255
          ],
          [
            10.147370683775641,
            46.72438296083757
          ],
          [
            10.147828782268416,
            46.72431926045391
          ],
          [
            10.14822254805663,
            46.72439020955465
          ],
          [
            10.148415226557711,
            46.72439931201903
          ],
          [
            10.148597687238057,
            46.72438766701601
          ],
          [
            10.148884879852801,
            46.7243025066577
          ],
          [
            10.149306980709985,
            46.72421794584348
          ],
          [
            10.149566197860526,
            46.72401765276349
          ],
          [
            10.149763967117806,
            46.72396402193063
          ],
          [
            10.14992961690902,
            46.72394658187532
          ],
          [
            10.150101641906915,
            46.7239432203317
          ],
          [
            10.150253897590838,
            46.72391684542884
          ],
          [
            10.150734601565198,
            46.72372683557928
          ],
          [
            10.15118804645993,
            46.72371078371862
          ],
          [
            10.151644703247754,
            46.723608470348445
          ],
          [
            10.151839798300642,
            46.72359826562753
          ],
          [
            10.152494912710887,
            46.72364961452428
          ],
          [
            10.152795437263451,
            46.72347196685621
          ],
          [
            10.153013488887039,
            46.723400916825206
          ],
          [
            10.154518757960721,
            46.72326521711277
          ],
          [
            10.162872854541378,
            46.71738860734326
          ],
          [
            10.172702925199975,
            46.71421584023127
          ],
          [
            10.17376862512105,
            46.71443276284035
          ],
          [
            10.174544507900947,
            46.714400247775714
          ],
          [
            10.175944777133353,
            46.71458340482604
          ],
          [
            10.176284418762908,
            46.71471477326869
          ],
          [
            10.177332193651619,
            46.71469030036603
          ],
          [
            10.178565439413227,
            46.71489499884723
          ],
          [
            10.179184644530352,
            46.71488983635091
          ],
          [
            10.183960503116515,
            46.70862292909582
          ],
          [
            10.188185286871999,
            46.7082779921183
          ],
          [
            10.188286452645997,
            46.707742402960875
          ],
          [
            10.18912778677294,
            46.706878159117494
          ],
          [
            10.190632111858,
            46.705290160423075
          ],
          [
            10.1909955528159,
            46.70467211338395
          ],
          [
            10.192506011083205,
            46.70281464524762
          ],
          [
            10.192602102145072,
            46.70212815363413
          ],
          [
            10.192715096563665,
            46.70169489401613
          ],
          [
            10.192705101435036,
            46.70157651067676
          ],
          [
            10.192617398179797,
            46.7012755464926
          ],
          [
            10.19263408386142,
            46.701192342633014
          ],
          [
            10.192707843187254,
            46.70112485264143
          ],
          [
            10.192908883644067,
            46.7010349435278
          ],
          [
            10.192865883076362,
            46.70095533323681
          ],
          [
            10.19286195367006,
            46.70075331854527
          ],
          [
            10.192905085985423,
            46.70069047497967
          ],
          [
            10.193026159200755,
            46.70061541459551
          ],
          [
            10.193030219097782,
            46.70057449669846
          ],
          [
            10.19298480130975,
            46.70049494487059
          ],
          [
            10.19298248040189,
            46.70044256981993
          ],
          [
            10.193209590169134,
            46.700051295820714
          ],
          [
            10.193343084092943,
            46.69996201921855
          ],
          [
            10.193350674476862,
            46.69986649657022
          ],
          [
            10.193361466198528,
            46.69973118388126
          ],
          [
            10.193392954776185,
            46.69966170871444
          ],
          [
            10.193487803938064,
            46.699631683829715
          ],
          [
            10.193787472464557,
            46.6996163659765
          ],
          [
            10.194038312679762,
            46.699496492401146
          ],
          [
            10.19431171089832,
            46.69946710954108
          ],
          [
            10.194240704194335,
            46.69934585390911
          ],
          [
            10.194264172771947,
            46.69925668003369
          ],
          [
            10.194623340668262,
            46.69894661268417
          ],
          [
            10.19468714653992,
            46.69885828146684
          ],
          [
            10.194674091556289,
            46.69873923407946
          ],
          [
            10.194728990764734,
            46.698682459915695
          ],
          [
            10.195273799536691,
            46.69856807548715
          ],
          [
            10.195486763430331,
            46.69849235577955
          ],
          [
            10.195946275229481,
            46.69821528478907
          ],
          [
            10.195986229559631,
            46.698051209765836
          ],
          [
            10.196065264098195,
            46.69798394078409
          ],
          [
            10.196628504800088,
            46.69793394738627
          ],
          [
            10.196981397419837,
            46.697925811855065
          ],
          [
            10.197484192137262,
            46.697748354770106
          ],
          [
            10.197615829498092,
            46.69773404272884
          ],
          [
            10.197786581960353,
            46.69774988226841
          ],
          [
            10.197995753707994,
            46.69770604131707
          ],
          [
            10.198233939710736,
            46.69770128218213
          ],
          [
            10.198506222556873,
            46.697620132781424
          ],
          [
            10.198619529091216,
            46.69762752402824
          ],
          [
            10.19874354085942,
            46.69765825672808
          ],
          [
            10.198832699615169,
            46.69765853666925
          ],
          [
            10.198921163618369,
            46.69763858993697
          ],
          [
            10.199169333079537,
            46.697542847128176
          ],
          [
            10.199340259668165,
            46.697435797338514
          ],
          [
            10.199756703011413,
            46.69732923497615
          ],
          [
            10.199942404455706,
            46.69724608419729
          ],
          [
            10.200133863150931,
            46.69722915860505
          ],
          [
            10.200456081559569,
            46.697145039193224
          ],
          [
            10.200985508554833,
            46.697332464039974
          ],
          [
            10.20113238086733,
            46.69733007410456
          ],
          [
            10.201340171024782,
            46.69729049991344
          ],
          [
            10.201516654596407,
            46.69728132491125
          ],
          [
            10.201696092342745,
            46.69725268965745
          ],
          [
            10.202008664897042,
            46.69726788370581
          ],
          [
            10.202159136694425,
            46.69723948201145
          ],
          [
            10.202323208935383,
            46.69717905744289
          ],
          [
            10.202587670002902,
            46.69711520784363
          ],
          [
            10.203125513575282,
            46.69702020736321
          ],
          [
            10.203266024632768,
            46.69704176787061
          ],
          [
            10.203373528724702,
            46.697120763869876
          ],
          [
            10.203595114208483,
            46.697200565471746
          ],
          [
            10.203711297435408,
            46.69720077999272
          ],
          [
            10.204232553651204,
            46.697016498726526
          ],
          [
            10.204393153033049,
            46.69695958480218
          ],
          [
            10.204481216981268,
            46.69689106442607
          ],
          [
            10.204538059476503,
            46.69677393066825
          ],
          [
            10.204615841565955,
            46.69671334665984
          ],
          [
            10.204881517456508,
            46.69662582522576
          ],
          [
            10.20515684698405,
            46.69647911155038
          ],
          [
            10.205363423695017,
            46.696398388259745
          ],
          [
            10.20571241220475,
            46.696345701708175
          ],
          [
            10.205936981980456,
            46.69634569447418
          ],
          [
            10.20606441167824,
            46.69619054431255
          ],
          [
            10.206275743553048,
            46.69617399877747
          ],
          [
            10.206472654193483,
            46.696075766957584
          ],
          [
            10.206609017646251,
            46.696053732648686
          ],
          [
            10.206781137529248,
            46.69604756272364
          ],
          [
            10.20694883005228,
            46.695967348899366
          ],
          [
            10.207089836467151,
            46.695927198987086
          ],
          [
            10.20721934164608,
            46.695866364707165
          ],
          [
            10.20729042346494,
            46.695781602519936
          ],
          [
            10.207310418094345,
            46.695662401024926
          ],
          [
            10.207449820205701,
            46.69563485517655
          ],
          [
            10.207797211803243,
            46.695613884806626
          ],
          [
            10.207868934772668,
            46.69562650775802
          ],
          [
            10.207911555853142,
            46.69565147629822
          ],
          [
            10.20796993149068,
            46.69575654098719
          ],
          [
            10.208049169757533,
            46.69577896344546
          ],
          [
            10.20831698395803,
            46.69577252689034
          ],
          [
            10.208849806655142,
            46.6957916380726
          ],
          [
            10.20902117549648,
            46.69582257662648
          ],
          [
            10.209154871878859,
            46.695917024607645
          ],
          [
            10.209514781300332,
            46.696093904490034
          ],
          [
            10.209751088293165,
            46.696093703349945
          ],
          [
            10.210045298173512,
            46.69615922401859
          ],
          [
            10.210311128587916,
            46.69617983444872
          ],
          [
            10.210439757595571,
            46.696213529603895
          ],
          [
            10.210602930559915,
            46.69617758875587
          ],
          [
            10.210781211100972,
            46.696242425878744
          ],
          [
            10.211011162550095,
            46.69626593270287
          ],
          [
            10.211227116920496,
            46.69631592789337
          ],
          [
            10.21144400833957,
            46.69636022017021
          ],
          [
            10.211823293007368,
            46.6964188057456
          ],
          [
            10.212348219798915,
            46.69642488823625
          ],
          [
            10.21291785880326,
            46.696420473665555
          ],
          [
            10.21354474800751,
            46.69637031363246
          ],
          [
            10.213691598508525,
            46.696381787733024
          ],
          [
            10.21386749193986,
            46.6964235273238
          ],
          [
            10.21404848170041,
            46.69643615885287
          ],
          [
            10.21428320624424,
            46.69649136193519
          ],
          [
            10.214445610400626,
            46.69648093451586
          ],
          [
            10.21477379907506,
            46.69637323458105
          ],
          [
            10.215174014646147,
            46.696361054258475
          ],
          [
            10.215335474698014,
            46.69632720956773
          ],
          [
            10.21553508112259,
            46.6963489983672
          ],
          [
            10.215671563815564,
            46.69632373683021
          ],
          [
            10.215834451966753,
            46.69631128836279
          ],
          [
            10.216145911761258,
            46.696030422834596
          ],
          [
            10.216120238349372,
            46.695917481012245
          ],
          [
            10.216137042619643,
            46.695858149909206
          ],
          [
            10.21621087025433,
            46.69583156135708
          ],
          [
            10.216633934346383,
            46.69581807181724
          ],
          [
            10.217074039716305,
            46.695751400447264
          ],
          [
            10.217055999916608,
            46.69554209531596
          ],
          [
            10.217141126325407,
            46.69539961080403
          ],
          [
            10.217225152137166,
            46.69510977709433
          ],
          [
            10.217159792688834,
            46.69491999707286
          ],
          [
            10.217301000283404,
            46.69493524950146
          ],
          [
            10.217458398299895,
            46.694925002732695
          ],
          [
            10.217681132900033,
            46.694849587251355
          ],
          [
            10.217913968074521,
            46.694747290546715
          ],
          [
            10.218181299229789,
            46.694735639774606
          ],
          [
            10.218414504297646,
            46.69467888787584
          ],
          [
            10.218707280836535,
            46.69453423504542
          ],
          [
            10.219035568448849,
            46.69432603089223
          ],
          [
            10.219250169241406,
            46.69432513331398
          ],
          [
            10.219456774882378,
            46.694302620601825
          ],
          [
            10.21964380733135,
            46.6942587393382
          ],
          [
            10.219871615011645,
            46.69422220669543
          ],
          [
            10.219922176795645,
            46.694195571377705
          ],
          [
            10.21999226365517,
            46.69405488272555
          ],
          [
            10.220065620388345,
            46.693969507412696
          ],
          [
            10.220207729364242,
            46.694029929081296
          ],
          [
            10.220351629534807,
            46.694040341353166
          ],
          [
            10.22064393929944,
            46.69397914459572
          ],
          [
            10.220971380235378,
            46.693923669184244
          ],
          [
            10.22135764128075,
            46.693780030165726
          ],
          [
            10.221551359394066,
            46.69367510747033
          ],
          [
            10.221708957481516,
            46.69364244590533
          ],
          [
            10.221895562430708,
            46.6936256018228
          ],
          [
            10.222018754482784,
            46.69355159162156
          ],
          [
            10.222140058687978,
            46.69352264228975
          ],
          [
            10.222331903867076,
            46.69350189798606
          ],
          [
            10.222517327885074,
            46.69345051718131
          ],
          [
            10.222797944900051,
            46.69333927479611
          ],
          [
            10.222916707806021,
            46.693245128128545
          ],
          [
            10.223049113784727,
            46.693200397509486
          ],
          [
            10.223199865993347,
            46.693183158106706
          ],
          [
            10.223267086759362,
            46.69310219706999
          ],
          [
            10.223368888325842,
            46.693018572697476
          ],
          [
            10.22343066585069,
            46.69286739130449
          ],
          [
            10.223536186082232,
            46.692734682432445
          ],
          [
            10.223570273025718,
            46.69262817545983
          ],
          [
            10.22362003200266,
            46.69257109802129
          ],
          [
            10.223705419911411,
            46.692538002057134
          ],
          [
            10.224007998923359,
            46.69249502482629
          ],
          [
            10.224392693523907,
            46.69235812823021
          ],
          [
            10.224596265402644,
            46.69233404191028
          ],
          [
            10.224840569153425,
            46.692373470859195
          ],
          [
            10.225045822740805,
            46.69244426018879
          ],
          [
            10.225145161009996,
            46.69236367375398
          ],
          [
            10.22531279087454,
            46.692190019083085
          ],
          [
            10.225433399417815,
            46.69213426857892
          ],
          [
            10.225637055039826,
            46.69212474225346
          ],
          [
            10.225780267997918,
            46.692101157866624
          ],
          [
            10.225995510052062,
            46.692089538265336
          ],
          [
            10.226190601575855,
            46.69206769076073
          ],
          [
            10.22636663228053,
            46.69198050146245
          ],
          [
            10.226420453595162,
            46.691825399290195
          ],
          [
            10.226567970916422,
            46.69176438060763
          ],
          [
            10.226658677942579,
            46.69168542612167
          ],
          [
            10.226805265803844,
            46.69158846105905
          ],
          [
            10.226948290783316,
            46.69156431267991
          ],
          [
            10.227039084113203,
            46.69148982935302
          ],
          [
            10.227141767169496,
            46.69151834378578
          ],
          [
            10.22719403968321,
            46.69151404021026
          ],
          [
            10.227261072547323,
            46.691472623486426
          ],
          [
            10.227679382842142,
            46.691261307906224
          ],
          [
            10.227849873815263,
            46.69121027459875
          ],
          [
            10.228030066414355,
            46.69119078680071
          ],
          [
            10.228216667887143,
            46.6911834284689
          ],
          [
            10.228745242235577,
            46.691227276063
          ],
          [
            10.228915143976572,
            46.69118738105719
          ],
          [
            10.22915231148746,
            46.691019560570794
          ],
          [
            10.229250058728,
            46.69092127690851
          ],
          [
            10.229401424711131,
            46.69065885705941
          ],
          [
            10.229498591514888,
            46.690551649164725
          ],
          [
            10.229548951085466,
            46.69054325977678
          ],
          [
            10.229730969239506,
            46.690611711367396
          ],
          [
            10.229913899844044,
            46.69064797898937
          ],
          [
            10.230067266038198,
            46.69065235916781
          ],
          [
            10.230376404243373,
            46.69063758479438
          ],
          [
            10.230543329178708,
            46.69060190077507
          ],
          [
            10.230904222958392,
            46.6905842366508
          ],
          [
            10.231136246892392,
            46.69064399865871
          ],
          [
            10.231323371637398,
            46.69065487683474
          ],
          [
            10.231487969932228,
            46.690647035207576
          ],
          [
            10.23156470933615,
            46.69061682749135
          ],
          [
            10.231767701898788,
            46.69041722749631
          ],
          [
            10.231898457081256,
            46.69033506361182
          ],
          [
            10.232032417297853,
            46.690289041918845
          ],
          [
            10.232198099520973,
            46.69028219880364
          ],
          [
            10.232533792100378,
            46.690325068439
          ],
          [
            10.23274770852958,
            46.69033700658609
          ],
          [
            10.232968800198533,
            46.69036549265766
          ],
          [
            10.233063200100005,
            46.69035528360305
          ],
          [
            10.233355622049533,
            46.69026683091801
          ],
          [
            10.233552039205454,
            46.69024195865692
          ],
          [
            10.2335430379695,
            46.69031516140487
          ],
          [
            10.23367048039735,
            46.69034056035429
          ],
          [
            10.233873663645426,
            46.69028570050027
          ],
          [
            10.233964273098405,
            46.69028641215487
          ],
          [
            10.234182223773182,
            46.69035070782774
          ],
          [
            10.234313244653377,
            46.6903456931246
          ],
          [
            10.234396996259617,
            46.690391524847854
          ],
          [
            10.23456871531466,
            46.69037142437674
          ],
          [
            10.23488024315086,
            46.690444701173696
          ],
          [
            10.235103802435965,
            46.69047760520435
          ],
          [
            10.235337485811316,
            46.69047818891829
          ],
          [
            10.235442704441208,
            46.690456640836416
          ],
          [
            10.235854336370407,
            46.69026813229229
          ],
          [
            10.236033546915175,
            46.69023031127473
          ],
          [
            10.236269637619694,
            46.690251608815814
          ],
          [
            10.23653559732145,
            46.69024146923621
          ],
          [
            10.23683510007791,
            46.69019482440483
          ],
          [
            10.237127485732175,
            46.690075029429686
          ],
          [
            10.237321082689508,
            46.6900225590503
          ],
          [
            10.23771187610687,
            46.69001476032375
          ],
          [
            10.238008018878302,
            46.689979032392664
          ],
          [
            10.23821227133399,
            46.69012034761448
          ],
          [
            10.238303237564088,
            46.69015289346845
          ],
          [
            10.238396209142504,
            46.69015501076353
          ],
          [
            10.238514168296751,
            46.69013071642166
          ],
          [
            10.238729877034832,
            46.69012600101138
          ],
          [
            10.238937473767036,
            46.690098315324875
          ],
          [
            10.239134780747792,
            46.69006291603799
          ],
          [
            10.239236657552745,
            46.69010404124089
          ],
          [
            10.239351490673352,
            46.69009236159759
          ],
          [
            10.239524798159437,
            46.690090811140706
          ],
          [
            10.239648086392876,
            46.689987506623865
          ],
          [
            10.23977806626609,
            46.68978558173116
          ],
          [
            10.240025257435732,
            46.689786876850675
          ],
          [
            10.24021184950621,
            46.6897537463581
          ],
          [
            10.240384039775996,
            46.68962389110064
          ],
          [
            10.24050491884606,
            46.68957575952872
          ],
          [
            10.240677101902246,
            46.68955435114519
          ],
          [
            10.240790292728077,
            46.68944886326531
          ],
          [
            10.240940161676349,
            46.68937385163003
          ],
          [
            10.241079800525817,
            46.68934617698812
          ],
          [
            10.24128565748285,
            46.6892656832984
          ],
          [
            10.241426785704572,
            46.68917729407457
          ],
          [
            10.24170669967525,
            46.689031744068615
          ],
          [
            10.241817820869276,
            46.68902269154029
          ],
          [
            10.242004598090316,
            46.68905512768125
          ],
          [
            10.242151665926112,
            46.689030734405854
          ],
          [
            10.24227001966144,
            46.68897257260111
          ],
          [
            10.242542606318015,
            46.688887455232056
          ],
          [
            10.242660246470368,
            46.68886465854274
          ],
          [
            10.242869116768675,
            46.68871587611445
          ],
          [
            10.24306227471606,
            46.68854265448571
          ],
          [
            10.243211109337881,
            46.68845137287448
          ],
          [
            10.243498641038823,
            46.688325955617984
          ],
          [
            10.24390620332523,
            46.6881862949447
          ],
          [
            10.244080230564869,
            46.68815039782716
          ],
          [
            10.244375738549511,
            46.68810247189088
          ],
          [
            10.244536179835038,
            46.688057871319636
          ],
          [
            10.244673250301137,
            46.68798744531506
          ],
          [
            10.244800850597688,
            46.68794746065406
          ],
          [
            10.244902214411026,
            46.687902505219405
          ],
          [
            10.24503473810171,
            46.687876206992314
          ],
          [
            10.245195038088664,
            46.68777786230207
          ],
          [
            10.245323926415614,
            46.68773222850822
          ],
          [
            10.24548438659024,
            46.68771291968824
          ],
          [
            10.245645287796343,
            46.6876010125917
          ],
          [
            10.245810310487592,
            46.687467769684694
          ],
          [
            10.245912402263349,
            46.687411948825776
          ],
          [
            10.24604230168546,
            46.68738527297715
          ],
          [
            10.246550911135737,
            46.68737183114044
          ],
          [
            10.246839551693942,
            46.687293355499214
          ],
          [
            10.247158471281278,
            46.68703216272314
          ],
          [
            10.247382374542937,
            46.686877537184564
          ],
          [
            10.247513884155637,
            46.68683182719294
          ],
          [
            10.247887379960885,
            46.68676833234636
          ],
          [
            10.248175632524163,
            46.68669933211556
          ],
          [
            10.248226501266004,
            46.68666441294923
          ],
          [
            10.248233137119856,
            46.686624049543774
          ],
          [
            10.248267347629655,
            46.68659778630683
          ],
          [
            10.248533345440494,
            46.68659577246493
          ],
          [
            10.248821364084051,
            46.68665065215771
          ],
          [
            10.248882289449192,
            46.68664684516877
          ],
          [
            10.248969131013094,
            46.686601181992756
          ],
          [
            10.249084383365986,
            46.68658215490866
          ],
          [
            10.249187736989368,
            46.686539855814964
          ],
          [
            10.249369110064414,
            46.6865376680881
          ],
          [
            10.249521466013972,
            46.686514034726265
          ],
          [
            10.249640289472929,
            46.686518871428994
          ],
          [
            10.249747902208705,
            46.68655180761518
          ],
          [
            10.249936853858328,
            46.68670788189755
          ],
          [
            10.2500104389354,
            46.6867512348054
          ],
          [
            10.250092812591454,
            46.68678552253428
          ],
          [
            10.250202219786292,
            46.686781337672976
          ],
          [
            10.25046643087468,
            46.686727947990434
          ],
          [
            10.250547817753212,
            46.686702131046275
          ],
          [
            10.250608849124717,
            46.68666873323378
          ],
          [
            10.250705226416954,
            46.68653450357233
          ],
          [
            10.250793620796857,
            46.686450401076364
          ],
          [
            10.250906550704897,
            46.68637252490924
          ],
          [
            10.251029350736585,
            46.68632040076503
          ],
          [
            10.251192817355639,
            46.68632249566087
          ],
          [
            10.251330042200866,
            46.68630094359933
          ],
          [
            10.251428099427095,
            46.68632469873316
          ],
          [
            10.251587429643598,
            46.68639472903035
          ],
          [
            10.251751555050369,
            46.68643730375166
          ],
          [
            10.252239524144048,
            46.68651083046064
          ],
          [
            10.252361149118022,
            46.68649914975907
          ],
          [
            10.252499333663984,
            46.68632669261315
          ],
          [
            10.252604449795376,
            46.68628539096715
          ],
          [
            10.252820600748828,
            46.68625408368802
          ],
          [
            10.252973335008353,
            46.68617429511993
          ],
          [
            10.253260019717024,
            46.68608794797791
          ],
          [
            10.25348781630494,
            46.685950433241864
          ],
          [
            10.253604487672662,
            46.685846835095525
          ],
          [
            10.253747834388864,
            46.68577644069833
          ],
          [
            10.253912833278207,
            46.68575929398689
          ],
          [
            10.254225324265951,
            46.68561134074256
          ],
          [
            10.254399864144055,
            46.68556774569298
          ],
          [
            10.254758362094467,
            46.68542795229999
          ],
          [
            10.25494769189241,
            46.685306120392426
          ],
          [
            10.255089477935202,
            46.68527580068626
          ],
          [
            10.255238361412921,
            46.6851870037739
          ],
          [
            10.255378119059149,
            46.685172459153314
          ],
          [
            10.255724968098964,
            46.68515637674825
          ],
          [
            10.255898284176173,
            46.68508387933102
          ],
          [
            10.256040643266926,
            46.685014703517496
          ],
          [
            10.256185856178506,
            46.68498040009856
          ],
          [
            10.256420472146745,
            46.68494840414984
          ],
          [
            10.256562365511686,
            46.68490063533618
          ],
          [
            10.25677427772098,
            46.68477478520855
          ],
          [
            10.257042723341852,
            46.68467329803163
          ],
          [
            10.257203675438008,
            46.68463860393845
          ],
          [
            10.257344536710068,
            46.68463470513672
          ],
          [
            10.257671165656406,
            46.684511559997375
          ],
          [
            10.257858047210025,
            46.684375345434944
          ],
          [
            10.258013496938203,
            46.68436028320653
          ],
          [
            10.258204647549313,
            46.68427075134776
          ],
          [
            10.25834162843928,
            46.684259944276064
          ],
          [
            10.258436506048518,
            46.68431722103198
          ],
          [
            10.258603872606951,
            46.684304941515556
          ],
          [
            10.2587638466129,
            46.68427659731563
          ],
          [
            10.258927390358416,
            46.68429628568568
          ],
          [
            10.259371210107668,
            46.68439263072767
          ],
          [
            10.259588761247024,
            46.684476132786564
          ],
          [
            10.259703548934613,
            46.68447988865955
          ],
          [
            10.260012680681848,
            46.68445223308148
          ],
          [
            10.260144049479969,
            46.68446216689619
          ],
          [
            10.260429857872944,
            46.684518764268965
          ],
          [
            10.260571791631715,
            46.68452887700408
          ],
          [
            10.261044832497424,
            46.68452136345492
          ],
          [
            10.261276824882742,
            46.684540063970516
          ],
          [
            10.261495381309826,
            46.68452419867256
          ],
          [
            10.261668959080444,
            46.684532634898616
          ],
          [
            10.26190501373064,
            46.68449722537848
          ],
          [
            10.262004170072833,
            46.68449795476406
          ],
          [
            10.262206377004208,
            46.68454408949909
          ],
          [
            10.262463818143972,
            46.68454294804334
          ],
          [
            10.26277347525042,
            46.684595068947466
          ],
          [
            10.262992279613663,
            46.684612679674
          ],
          [
            10.263185561840643,
            46.68461872586071
          ],
          [
            10.263261459303562,
            46.684614143873425
          ],
          [
            10.263470363027395,
            46.68450708728915
          ],
          [
            10.263817579037287,
            46.684405683109574
          ],
          [
            10.264023814688207,
            46.684358118604045
          ],
          [
            10.264276284775685,
            46.68432475441187
          ],
          [
            10.264452350437418,
            46.68434523152643
          ],
          [
            10.264633482596572,
            46.684280879875736
          ],
          [
            10.264925756792737,
            46.684259065833594
          ],
          [
            10.265166252289792,
            46.684218849603766
          ],
          [
            10.265167315897367,
            46.68421867919564
          ],
          [
            10.265122121705168,
            46.68400385761843
          ],
          [
            10.265041270067643,
            46.68382244253646
          ],
          [
            10.26508992994746,
            46.68333158809475
          ],
          [
            10.265241642975521,
            46.68319283978774
          ],
          [
            10.264996680465917,
            46.68308775004328
          ],
          [
            10.26489573710695,
            46.68300440811277
          ],
          [
            10.264891552551294,
            46.68290453374762
          ],
          [
            10.26494679243959,
            46.682699372495485
          ],
          [
            10.264979475951606,
            46.68248857783087
          ],
          [
            10.265029180583834,
            46.68223842997459
          ],
          [
            10.265046781784228,
            46.68205307823648
          ],
          [
            10.265195593094875,
            46.68200507265155
          ],
          [
            10.265082669344462,
            46.68187200754931
          ],
          [
            10.26507441137456,
            46.68174980282064
          ],
          [
            10.265154545864474,
            46.68138946129542
          ],
          [
            10.26502983329813,
            46.681207586179944
          ],
          [
            10.26518245216854,
            46.68122482702492
          ],
          [
            10.265253231941761,
            46.681161087540254
          ],
          [
            10.265219491919394,
            46.6809496633627
          ],
          [
            10.26524406275575,
            46.68088665625912
          ],
          [
            10.265217824106601,
            46.68070083488881
          ],
          [
            10.265029554333758,
            46.680662128189645
          ],
          [
            10.265003841425271,
            46.68058296896176
          ],
          [
            10.265036629860312,
            46.68046610087649
          ],
          [
            10.264966183736664,
            46.680223299368336
          ],
          [
            10.265075513106758,
            46.68009952761274
          ],
          [
            10.265090041373199,
            46.67997837779891
          ],
          [
            10.26502974694602,
            46.67987670897339
          ],
          [
            10.264762308320702,
            46.67970201102078
          ],
          [
            10.264725648208987,
            46.67962682287158
          ],
          [
            10.26476679432313,
            46.67952270049577
          ],
          [
            10.264626580332047,
            46.67939185128433
          ],
          [
            10.264592494366843,
            46.6793218560447
          ],
          [
            10.264613875162823,
            46.67921816100093
          ],
          [
            10.264443660960499,
            46.67898491809688
          ],
          [
            10.264403395442601,
            46.67885634216715
          ],
          [
            10.264397326708888,
            46.67869922980323
          ],
          [
            10.26435957342583,
            46.678614131163464
          ],
          [
            10.26434970574606,
            46.678408190592044
          ],
          [
            10.264311194896333,
            46.678242926547746
          ],
          [
            10.264250102953536,
            46.67807750246815
          ],
          [
            10.264216006419085,
            46.678002034569886
          ],
          [
            10.264299738105858,
            46.677909467001115
          ],
          [
            10.2643966544365,
            46.67771778230485
          ],
          [
            10.26441193144665,
            46.67750076742233
          ],
          [
            10.264402233360991,
            46.67733403258843
          ],
          [
            10.264408779256987,
            46.677234756144095
          ],
          [
            10.264502542124434,
            46.67717844011113
          ],
          [
            10.264593142165216,
            46.677075962417256
          ],
          [
            10.264628612074274,
            46.67687671032641
          ],
          [
            10.264568339594156,
            46.67675314945546
          ],
          [
            10.26457584431702,
            46.67658627591392
          ],
          [
            10.264531136071358,
            46.676384314054985
          ],
          [
            10.264617411250876,
            46.67629692186427
          ],
          [
            10.264748366314166,
            46.676251861792394
          ],
          [
            10.264768875542526,
            46.67616651506373
          ],
          [
            10.264914935485724,
            46.6760358100576
          ],
          [
            10.265013763195384,
            46.67587947963963
          ],
          [
            10.264995201594358,
            46.67573655729955
          ],
          [
            10.265086680660483,
            46.675621212345504
          ],
          [
            10.265120132344142,
            46.6754906005458
          ],
          [
            10.265296862078127,
            46.67523415890598
          ],
          [
            10.265328326086983,
            46.67516124114733
          ],
          [
            10.26534936492406,
            46.67496817967762
          ],
          [
            10.265463257848616,
            46.67478095127391
          ],
          [
            10.265394025527103,
            46.67460915876059
          ],
          [
            10.265396273799864,
            46.674519503277004
          ],
          [
            10.26552891938305,
            46.674283607053006
          ],
          [
            10.265629836036739,
            46.674168999499564
          ],
          [
            10.265718987633337,
            46.67401104515139
          ],
          [
            10.265855399058871,
            46.67385133268724
          ],
          [
            10.26583689476611,
            46.67367009012688
          ],
          [
            10.265944398349419,
            46.67342338554989
          ],
          [
            10.266005867833888,
            46.673222074235994
          ],
          [
            10.266070048773805,
            46.673092499577905
          ],
          [
            10.266288586335497,
            46.67297783419537
          ],
          [
            10.266264709100382,
            46.67276819065726
          ],
          [
            10.26628364686146,
            46.67266240440007
          ],
          [
            10.266328207890158,
            46.672481099577176
          ],
          [
            10.26631248596551,
            46.67231429819815
          ],
          [
            10.266401336364446,
            46.67207007239025
          ],
          [
            10.266523733317836,
            46.67192978075906
          ],
          [
            10.266646789118889,
            46.671852239267416
          ],
          [
            10.266793018975394,
            46.67177774081751
          ],
          [
            10.266893414356847,
            46.6716515780956
          ],
          [
            10.266793443008888,
            46.6714626548404
          ],
          [
            10.266748638270471,
            46.6712242404344
          ],
          [
            10.266868028879296,
            46.67098046205938
          ],
          [
            10.266987141841756,
            46.67088512327039
          ],
          [
            10.267072427384452,
            46.670762368978814
          ],
          [
            10.267107174788922,
            46.6706503930373
          ],
          [
            10.267065914594236,
            46.670565472354426
          ],
          [
            10.267121955039023,
            46.670484031450144
          ],
          [
            10.267245459900883,
            46.67039642349666
          ],
          [
            10.267306388878245,
            46.67026529945245
          ],
          [
            10.267303536151108,
            46.67016270947106
          ],
          [
            10.267332789835198,
            46.670067684454004
          ],
          [
            10.267442106645133,
            46.66995788911989
          ],
          [
            10.267545543163685,
            46.669893336669304
          ],
          [
            10.26801076901821,
            46.66981999587558
          ],
          [
            10.268162322797355,
            46.66979955159951
          ],
          [
            10.268337380342729,
            46.669723848763226
          ],
          [
            10.268626207366616,
            46.66970813976867
          ],
          [
            10.268825336005497,
            46.669663586015574
          ],
          [
            10.268902386466056,
            46.66949162615005
          ],
          [
            10.268992446607513,
            46.66940842975176
          ],
          [
            10.269088221628268,
            46.66933921445172
          ],
          [
            10.269170104203647,
            46.66922501326778
          ],
          [
            10.26928296191684,
            46.669173115027206
          ],
          [
            10.269385054853059,
            46.66909049238966
          ],
          [
            10.269414291234254,
            46.66899546715222
          ],
          [
            10.26939835673823,
            46.66886965457356
          ],
          [
            10.269332720959428,
            46.66870445387993
          ],
          [
            10.269353089395025,
            46.66862309712688
          ],
          [
            10.269424395359588,
            46.66856281589743
          ],
          [
            10.269700525771091,
            46.66845374200379
          ],
          [
            10.269885868908561,
            46.66830502264564
          ],
          [
            10.270066876949098,
            46.668220500698055
          ],
          [
            10.27016231274385,
            46.66813765570987
          ],
          [
            10.270296724247014,
            46.66803979948178
          ],
          [
            10.270752685406121,
            46.667840837690186
          ],
          [
            10.27094626910261,
            46.66778322182241
          ],
          [
            10.271286534322062,
            46.66778487760526
          ],
          [
            10.271692726359072,
            46.6676539760953
          ],
          [
            10.271874716241488,
            46.667627611831016
          ],
          [
            10.27198745182285,
            46.66730621159203
          ],
          [
            10.272055013552487,
            46.66718714351088
          ],
          [
            10.272040922318602,
            46.66702879919502
          ],
          [
            10.272152400244915,
            46.66693381548525
          ],
          [
            10.272145608027811,
            46.66677154500219
          ],
          [
            10.272119193052129,
            46.666664140208525
          ],
          [
            10.272107653975516,
            46.66653423986788
          ],
          [
            10.272157283792758,
            46.66642978600864
          ],
          [
            10.272254617763926,
            46.66633763842012
          ],
          [
            10.272309487329245,
            46.66607147877528
          ],
          [
            10.272428339820184,
            46.6659033187934
          ],
          [
            10.27281540524339,
            46.66582358468256
          ],
          [
            10.272954996771434,
            46.665767056649685
          ],
          [
            10.27326575378366,
            46.6655815089524
          ],
          [
            10.273408190033075,
            46.665448208459644
          ],
          [
            10.274036458403236,
            46.66498806133399
          ],
          [
            10.274120523746623,
            46.66495556168054
          ],
          [
            10.274258284740874,
            46.66495659661073
          ],
          [
            10.274348585220146,
            46.66494622006536
          ],
          [
            10.274441325379996,
            46.66489915591635
          ],
          [
            10.274505061655047,
            46.66484058093703
          ],
          [
            10.274527849965443,
            46.664746227698906
          ],
          [
            10.274477521590557,
            46.664387288925006
          ],
          [
            10.274481322291056,
            46.66428492012516
          ],
          [
            10.27444514579957,
            46.66419311524185
          ],
          [
            10.274510401323107,
            46.66402783554331
          ],
          [
            10.274553924351691,
            46.66393768273602
          ],
          [
            10.274548497217477,
            46.66375473792183
          ],
          [
            10.27467673735069,
            46.66363160065912
          ],
          [
            10.274703269227755,
            46.663515442698284
          ],
          [
            10.27481942877904,
            46.66341373242102
          ],
          [
            10.27486040443176,
            46.66336345620635
          ],
          [
            10.274927811072063,
            46.663152314373555
          ],
          [
            10.274937229537022,
            46.663080986556686
          ],
          [
            10.274910134205584,
            46.6630010175633
          ],
          [
            10.274813327904084,
            46.66285689416396
          ],
          [
            10.274941807152915,
            46.662723677973105
          ],
          [
            10.274960422810866,
            46.66267411158364
          ],
          [
            10.274914980233968,
            46.662617211100994
          ],
          [
            10.274933114710262,
            46.66250473672946
          ],
          [
            10.274932317244044,
            46.66240171726338
          ],
          [
            10.275050935127252,
            46.66225502832483
          ],
          [
            10.275156290694866,
            46.66208063911632
          ],
          [
            10.27523790656901,
            46.662033968249055
          ],
          [
            10.275329246401736,
            46.661878506891256
          ],
          [
            10.275366962243613,
            46.661764734550694
          ],
          [
            10.275353079163992,
            46.661634892692014
          ],
          [
            10.275322305030354,
            46.66147869230689
          ],
          [
            10.275235068988653,
            46.66129696597685
          ],
          [
            10.27508786720197,
            46.66110288893219
          ],
          [
            10.27525714084048,
            46.66081904344516
          ],
          [
            10.275464121127454,
            46.660587501854
          ],
          [
            10.275674548914944,
            46.66043676981592
          ],
          [
            10.276288497763744,
            46.660117054148415
          ],
          [
            10.276669124063936,
            46.66000176647295
          ],
          [
            10.277063365348488,
            46.65992688764966
          ],
          [
            10.277538617371704,
            46.659791712678626
          ],
          [
            10.2779066512651,
            46.65971251537809
          ],
          [
            10.278192222034372,
            46.659681928503865
          ],
          [
            10.278348983072172,
            46.65967234877701
          ],
          [
            10.278466822900809,
            46.659655305050315
          ],
          [
            10.278562382294586,
            46.65961708733402
          ],
          [
            10.278776761632956,
            46.659516100701026
          ],
          [
            10.279205692553536,
            46.659237438539364
          ],
          [
            10.279522381579259,
            46.659050446011115
          ],
          [
            10.279528746260572,
            46.65904667765562
          ],
          [
            10.27941414720969,
            46.6588688773503
          ],
          [
            10.278934193647649,
            46.658313847820786
          ],
          [
            10.278344860797038,
            46.65765036722493
          ],
          [
            10.277034774197212,
            46.65602098474605
          ],
          [
            10.275868656483995,
            46.6549259367298
          ],
          [
            10.275312864848244,
            46.65439681692885
          ],
          [
            10.272999149540409,
            46.65284973794568
          ],
          [
            10.267847727862621,
            46.64938662981958
          ],
          [
            10.266681308946659,
            46.64859639834765
          ],
          [
            10.265962736920276,
            46.64811853693613
          ],
          [
            10.25808959049577,
            46.64375139919412
          ],
          [
            10.257202279986563,
            46.643170719239045
          ],
          [
            10.255410301629063,
            46.64387017985578
          ],
          [
            10.25163418138491,
            46.644455889775415
          ],
          [
            10.246523039631978,
            46.64366980281783
          ],
          [
            10.245469176938073,
            46.64350768002988
          ],
          [
            10.239943177224866,
            46.64306290328513
          ],
          [
            10.239878093463041,
            46.64305766371167
          ],
          [
            10.239007705307413,
            46.641929413054726
          ],
          [
            10.238287318908979,
            46.64063348220042
          ],
          [
            10.243549419117969,
            46.63850884778629
          ],
          [
            10.247524966293316,
            46.63198172679745
          ],
          [
            10.249103633057812,
            46.62988551881435
          ],
          [
            10.25030103632284,
            46.626300330493706
          ],
          [
            10.250293021644907,
            46.62626307385727
          ],
          [
            10.249890744579098,
            46.624394167711564
          ],
          [
            10.244788061708697,
            46.62216714970304
          ],
          [
            10.241188417961583,
            46.62704549859807
          ],
          [
            10.240316688276662,
            46.631357804518586
          ],
          [
            10.240333515094102,
            46.632364645772284
          ],
          [
            10.240442164049945,
            46.632600119050394
          ],
          [
            10.240400657371902,
            46.63269094677803
          ],
          [
            10.240217936522674,
            46.632841517428595
          ],
          [
            10.240158687846348,
            46.63300547628607
          ],
          [
            10.240175629844169,
            46.63357874859388
          ],
          [
            10.240078427916254,
            46.633990772330975
          ],
          [
            10.240195426202995,
            46.634279598149895
          ],
          [
            10.240233332382905,
            46.63506807072885
          ],
          [
            10.24018577728011,
            46.63516628421505
          ],
          [
            10.2399376789905,
            46.63531627585476
          ],
          [
            10.239309182671922,
            46.63535320901993
          ],
          [
            10.238917796686213,
            46.63533464580576
          ],
          [
            10.238689767765136,
            46.635277219045044
          ],
          [
            10.238543627337583,
            46.6351768037465
          ],
          [
            10.238471111070714,
            46.63505093999574
          ],
          [
            10.2383002549672,
            46.634955200910674
          ],
          [
            10.23818349457755,
            46.63492693708307
          ],
          [
            10.237573457381519,
            46.63493267634845
          ],
          [
            10.237456899340415,
            46.634900995320436
          ],
          [
            10.236931302988955,
            46.63462042111739
          ],
          [
            10.236008693943814,
            46.63442732807067
          ],
          [
            10.23576575254473,
            46.634259951313744
          ],
          [
            10.235674563880282,
            46.6340928238307
          ],
          [
            10.235640211752298,
            46.633938179694596
          ],
          [
            10.235401160050362,
            46.63362201439944
          ],
          [
            10.23519487457877,
            46.63349874233067
          ],
          [
            10.234654907757495,
            46.63341866382563
          ],
          [
            10.234385945652852,
            46.63329673187454
          ],
          [
            10.234226311431737,
            46.633146910687685
          ],
          [
            10.234019953605705,
            46.63308400996964
          ],
          [
            10.233330741774864,
            46.633035269357535
          ],
          [
            10.232928130746759,
            46.63295392567408
          ],
          [
            10.232787923869616,
            46.632832735801905
          ],
          [
            10.232478226515335,
            46.6327916497735
          ],
          [
            10.23050163210278,
            46.63210054950411
          ],
          [
            10.230339486060467,
            46.63201763722817
          ],
          [
            10.230198748787911,
            46.63188399961651
          ],
          [
            10.229668549206744,
            46.63171809247007
          ],
          [
            10.229215599969349,
            46.63164190389397
          ],
          [
            10.228904443413334,
            46.63145399756562
          ],
          [
            10.228555858356225,
            46.63117334973584
          ],
          [
            10.228239506739225,
            46.63073725129139
          ],
          [
            10.22788219063918,
            46.63053787189866
          ],
          [
            10.227772844568761,
            46.63033177623548
          ],
          [
            10.227758617233341,
            46.63015543917158
          ],
          [
            10.227535277807746,
            46.62996242504472
          ],
          [
            10.226573858443569,
            46.63008774644372
          ],
          [
            10.226289390087457,
            46.63003025591918
          ],
          [
            10.22618199582033,
            46.629956789545844
          ],
          [
            10.226004044575257,
            46.62972685399074
          ],
          [
            10.22527635924322,
            46.62956400808104
          ],
          [
            10.224771379076847,
            46.62939281693891
          ],
          [
            10.224416392487575,
            46.62916951685772
          ],
          [
            10.224132486691982,
            46.62912937974815
          ],
          [
            10.223660564509805,
            46.628413447734005
          ],
          [
            10.223114727326552,
            46.62811697994885
          ],
          [
            10.222745805269797,
            46.627967006986324
          ],
          [
            10.222596306542288,
            46.62782960542447
          ],
          [
            10.222422243608152,
            46.627504561595345
          ],
          [
            10.222107796660554,
            46.627292937004505
          ],
          [
            10.22190306979056,
            46.626448991989086
          ],
          [
            10.221906140839788,
            46.62601842370809
          ],
          [
            10.221626180812176,
            46.62574993094185
          ],
          [
            10.221564115253951,
            46.62556975863103
          ],
          [
            10.22119710028551,
            46.625407429829835
          ],
          [
            10.220937951461426,
            46.62536251242989
          ],
          [
            10.220806351737632,
            46.62528778785283
          ],
          [
            10.220458417085137,
            46.6248600930678
          ],
          [
            10.220163123836235,
            46.624688113941716
          ],
          [
            10.219811803810039,
            46.62429294955374
          ],
          [
            10.219789684995705,
            46.62423635926722
          ],
          [
            10.21984101150512,
            46.6241301776386
          ],
          [
            10.219649974851622,
            46.62397024947208
          ],
          [
            10.21971060377608,
            46.62364074509151
          ],
          [
            10.219650685909635,
            46.623363045115006
          ],
          [
            10.219720179525302,
            46.62317834290394
          ],
          [
            10.219870400692924,
            46.62300382847542
          ],
          [
            10.219704772835412,
            46.622685938006626
          ],
          [
            10.219781418456481,
            46.622435639995
          ],
          [
            10.219756876339249,
            46.62224923016154
          ],
          [
            10.219941454692751,
            46.622036916877626
          ],
          [
            10.21995396385395,
            46.621817035088036
          ],
          [
            10.220021449744708,
            46.62166292284693
          ],
          [
            10.21984203133423,
            46.62150976818092
          ],
          [
            10.219770924110064,
            46.621477058220385
          ],
          [
            10.21961606260885,
            46.62148166176733
          ],
          [
            10.219448672310923,
            46.621346161046176
          ],
          [
            10.219140436189367,
            46.62121265224538
          ],
          [
            10.21881291446173,
            46.62062057812403
          ],
          [
            10.218791880603959,
            46.62036822045426
          ],
          [
            10.215319492753085,
            46.61693944546563
          ],
          [
            10.2063700324687,
            46.620765538750966
          ],
          [
            10.193400143370805,
            46.62313515564685
          ],
          [
            10.193420336361985,
            46.62338767944742
          ],
          [
            10.19288613607058,
            46.62414378641075
          ],
          [
            10.192886839059902,
            46.62473644818338
          ],
          [
            10.192932554673163,
            46.624883311261
          ],
          [
            10.193714572135876,
            46.625599423958036
          ],
          [
            10.193533571383245,
            46.62565097121933
          ],
          [
            10.192765113203132,
            46.62593369845077
          ],
          [
            10.1879870646612,
            46.62558585299075
          ],
          [
            10.18306676786639,
            46.6239690619905
          ],
          [
            10.173841190605225,
            46.62003669631165
          ],
          [
            10.162418261343102,
            46.61570483142822
          ],
          [
            10.16220853342855,
            46.61584535248319
          ],
          [
            10.16188443346985,
            46.615951499158186
          ],
          [
            10.161483816477638,
            46.61597090596437
          ],
          [
            10.161143157385776,
            46.616059030657986
          ],
          [
            10.16085668177259,
            46.616075875353935
          ],
          [
            10.160720813634,
            46.61618831668329
          ],
          [
            10.160311333119202,
            46.61616483456991
          ],
          [
            10.16005567485113,
            46.616053891105736
          ],
          [
            10.159816090127952,
            46.61605951263184
          ],
          [
            10.159645266545057,
            46.61602311100896
          ],
          [
            10.159435120924128,
            46.615852778465275
          ],
          [
            10.15928163225503,
            46.61578913888038
          ],
          [
            10.159177030982406,
            46.615687507254805
          ],
          [
            10.159180922731306,
            46.61560654930278
          ],
          [
            10.159099837761676,
            46.61550783876977
          ],
          [
            10.158973060952246,
            46.61551083359227
          ],
          [
            10.158859152673344,
            46.61543473497974
          ],
          [
            10.15872176906543,
            46.61521639671288
          ],
          [
            10.15854784767675,
            46.615076610200454
          ],
          [
            10.158299941617,
            46.615053327342714
          ],
          [
            10.158104191295314,
            46.614988734105964
          ],
          [
            10.157959371940391,
            46.614887558549334
          ],
          [
            10.157224955055929,
            46.61492979667079
          ],
          [
            10.15689251206639,
            46.614863426502666
          ],
          [
            10.156774320094323,
            46.61479530409273
          ],
          [
            10.156639082361268,
            46.61482352119075
          ],
          [
            10.156422528346726,
            46.61493580527086
          ],
          [
            10.156027178278585,
            46.61504292577454
          ],
          [
            10.155885843817169,
            46.61513018995099
          ],
          [
            10.155809503048355,
            46.61511061755971
          ],
          [
            10.155746008046126,
            46.615027254487885
          ],
          [
            10.155624257358024,
            46.615007830167485
          ],
          [
            10.15557522331151,
            46.614935129919374
          ],
          [
            10.155411376128145,
            46.61491342513485
          ],
          [
            10.15460448926077,
            46.61508977182518
          ],
          [
            10.15415909631887,
            46.61496226367287
          ],
          [
            10.153807396463423,
            46.61495839681983
          ],
          [
            10.153329664887847,
            46.6150043047037
          ],
          [
            10.153223309315292,
            46.614941854969224
          ],
          [
            10.152937016537766,
            46.61490218538849
          ],
          [
            10.152244441030742,
            46.614659475790994
          ],
          [
            10.151945779574849,
            46.61461458113973
          ],
          [
            10.151732402162217,
            46.614639416998315
          ],
          [
            10.151362100069695,
            46.614577704952346
          ],
          [
            10.151362142613689,
            46.61445601094321
          ],
          [
            10.15123613212987,
            46.61430301928249
          ],
          [
            10.150983329674672,
            46.6142262816632
          ],
          [
            10.150866502258868,
            46.6142408486196
          ],
          [
            10.150876147744041,
            46.61415144620886
          ],
          [
            10.15068270269919,
            46.614019323362875
          ],
          [
            10.150523197038623,
            46.61383703909502
          ],
          [
            10.15034916155305,
            46.61372933178941
          ],
          [
            10.150088313111263,
            46.613643927077185
          ],
          [
            10.14982261660575,
            46.613424919100375
          ],
          [
            10.149430348806973,
            46.61328314784096
          ],
          [
            10.149157500163152,
            46.61326049357921
          ],
          [
            10.149011586354847,
            46.61318783922621
          ],
          [
            10.148897324473653,
            46.613175916297834
          ],
          [
            10.148776725710771,
            46.61307853613204
          ],
          [
            10.148779612074701,
            46.613032175489764
          ],
          [
            10.14858891975145,
            46.61295839990239
          ],
          [
            10.148474413922381,
            46.612790018844024
          ],
          [
            10.148307960335748,
            46.61275781701382
          ],
          [
            10.147945776313867,
            46.61262998697721
          ],
          [
            10.147771927970197,
            46.61243464724855
          ],
          [
            10.147280766957474,
            46.612336834766595
          ],
          [
            10.146773200102116,
            46.61216261461464
          ],
          [
            10.146687196286033,
            46.61209289698045
          ],
          [
            10.146417882919705,
            46.612092942570904
          ],
          [
            10.145912527174351,
            46.61197421989043
          ],
          [
            10.14573155107059,
            46.611842899525506
          ],
          [
            10.145719049064516,
            46.61172344845016
          ],
          [
            10.14532523368853,
            46.61157716392352
          ],
          [
            10.145218333510792,
            46.611486565093486
          ],
          [
            10.144834552595212,
            46.611382794701875
          ],
          [
            10.144609682589529,
            46.61123192246808
          ],
          [
            10.14443735129882,
            46.611229828042944
          ],
          [
            10.144181989455516,
            46.61111321759092
          ],
          [
            10.144116135807732,
            46.61106785257221
          ],
          [
            10.144107221056931,
            46.61100771327468
          ],
          [
            10.14384062692914,
            46.61084150399857
          ],
          [
            10.143650604848077,
            46.610783429166474
          ],
          [
            10.143617272077066,
            46.61071114302488
          ],
          [
            10.143390003057082,
            46.610675564489895
          ],
          [
            10.143215672842052,
            46.61068725119725
          ],
          [
            10.142989204051881,
            46.61079892607598
          ],
          [
            10.142838844120385,
            46.61081068153851
          ],
          [
            10.142604279819691,
            46.610910423768615
          ],
          [
            10.1423692597452,
            46.610846017399425
          ],
          [
            10.142351957655002,
            46.61080641941015
          ],
          [
            10.142190502587217,
            46.61078985971163
          ],
          [
            10.141862513305664,
            46.6108115949358
          ],
          [
            10.141611246238808,
            46.610868338436525
          ],
          [
            10.141199157574423,
            46.61086191643764
          ],
          [
            10.141042227477943,
            46.61094000935243
          ],
          [
            10.140436843204062,
            46.61088495285461
          ],
          [
            10.140090955869839,
            46.61095443476735
          ],
          [
            10.139735855240302,
            46.610897365400575
          ],
          [
            10.139533334026947,
            46.61093328005707
          ],
          [
            10.139430827805526,
            46.61091312093087
          ],
          [
            10.13915404223335,
            46.61101859254196
          ],
          [
            10.139003307498879,
            46.61101607634845
          ],
          [
            10.138919252800525,
            46.61102510986809
          ],
          [
            10.138416325375813,
            46.61080933907327
          ],
          [
            10.138066203418171,
            46.61075591781202
          ],
          [
            10.137739300007786,
            46.610756787254154
          ],
          [
            10.137513564321644,
            46.61070475204432
          ],
          [
            10.137361690657276,
            46.6107398215046
          ],
          [
            10.137343734449178,
            46.610654360727615
          ],
          [
            10.137017368679224,
            46.610322298810225
          ],
          [
            10.13707736263492,
            46.610127797545594
          ],
          [
            10.137016483965613,
            46.61008069043651
          ],
          [
            10.136945370150157,
            46.609848488344156
          ],
          [
            10.136993600073055,
            46.609817542556385
          ],
          [
            10.136947664391844,
            46.60951412223518
          ],
          [
            10.136780405462076,
            46.609234461109274
          ],
          [
            10.13673571277719,
            46.609060273277755
          ],
          [
            10.136845226645073,
            46.608738531088306
          ],
          [
            10.136930238180847,
            46.60867156448812
          ],
          [
            10.136803159984867,
            46.60862713434328
          ],
          [
            10.136664902239204,
            46.608453743140714
          ],
          [
            10.13667581830049,
            46.60838672455719
          ],
          [
            10.136586956591762,
            46.60830698647906
          ],
          [
            10.136644470593875,
            46.6081690338946
          ],
          [
            10.136582130222623,
            46.60807742478067
          ],
          [
            10.136668295047569,
            46.60785804564359
          ],
          [
            10.136444183494937,
            46.60777627610884
          ],
          [
            10.136332773263382,
            46.607598800622576
          ],
          [
            10.136212789823784,
            46.60755593884003
          ],
          [
            10.135904336934836,
            46.607574394829776
          ],
          [
            10.135239533676613,
            46.607728731168855
          ],
          [
            10.135227079458966,
            46.607758153263596
          ],
          [
            10.135170609708403,
            46.6077480154793
          ],
          [
            10.134577860550852,
            46.607926247685825
          ],
          [
            10.1344832368709,
            46.60791000191162
          ],
          [
            10.134421660692336,
            46.6078001197774
          ],
          [
            10.134138724377909,
            46.60764991959042
          ],
          [
            10.134095033663414,
            46.60755505910911
          ],
          [
            10.133952813349712,
            46.60750309083977
          ],
          [
            10.133933670933338,
            46.607396073606246
          ],
          [
            10.133850944715448,
            46.607332659814325
          ],
          [
            10.13369596087559,
            46.607257033210466
          ],
          [
            10.133391979989101,
            46.60718495348996
          ],
          [
            10.13320366070329,
            46.60683076402319
          ],
          [
            10.133121335188207,
            46.60675439696303
          ],
          [
            10.133022814244562,
            46.60669608214306
          ],
          [
            10.13277562927078,
            46.606679928500895
          ],
          [
            10.132576445405858,
            46.60641262898112
          ],
          [
            10.132386543128307,
            46.6063597896677
          ],
          [
            10.132341305219422,
            46.606297998505504
          ],
          [
            10.132131565474689,
            46.60630385521559
          ],
          [
            10.132069153224288,
            46.60627899615522
          ],
          [
            10.131839944650604,
            46.60631480014054
          ],
          [
            10.13167391346876,
            46.60611224086008
          ],
          [
            10.131566883907729,
            46.60605845567075
          ],
          [
            10.130693865726425,
            46.60601524582949
          ],
          [
            10.130415815066032,
            46.605968233380835
          ],
          [
            10.130082022738643,
            46.60602055853771
          ],
          [
            10.129463421085195,
            46.60581905255753
          ],
          [
            10.129331593206812,
            46.60570781415897
          ],
          [
            10.128866006172766,
            46.60555770855619
          ],
          [
            10.128528235027499,
            46.60549307586067
          ],
          [
            10.128231303216502,
            46.60535104129594
          ],
          [
            10.128060839453118,
            46.60534092161478
          ],
          [
            10.127623639827181,
            46.60510292156733
          ],
          [
            10.12726976243898,
            46.60521085259696
          ],
          [
            10.126964360597013,
            46.605423514307525
          ],
          [
            10.126855074502084,
            46.60545708659178
          ],
          [
            10.126716807906458,
            46.6054019018486
          ],
          [
            10.126632051495463,
            46.605475191243904
          ],
          [
            10.125942873927041,
            46.60565276734911
          ],
          [
            10.12564732652382,
            46.60565139501611
          ],
          [
            10.125495243418607,
            46.605686570769784
          ],
          [
            10.125238408310642,
            46.60564664151686
          ],
          [
            10.124710079276916,
            46.60567437265269
          ],
          [
            10.124421354826799,
            46.60588202504985
          ],
          [
            10.12383914698328,
            46.60611994287701
          ],
          [
            10.123680456625328,
            46.606049521011414
          ],
          [
            10.123484045191383,
            46.606030006854716
          ],
          [
            10.12311918392856,
            46.60613031708323
          ],
          [
            10.122199381273495,
            46.6062422856745
          ],
          [
            10.121798058090464,
            46.60610570314268
          ],
          [
            10.121514367591839,
            46.60608697478504
          ],
          [
            10.121327529763992,
            46.60595117423069
          ],
          [
            10.121025257223309,
            46.60598456569163
          ],
          [
            10.120820196132199,
            46.60596415279291
          ],
          [
            10.120769147165928,
            46.60600656212803
          ],
          [
            10.120552400151256,
            46.60603567686009
          ],
          [
            10.12016414026891,
            46.60590983379971
          ],
          [
            10.120025255455744,
            46.60591313411288
          ],
          [
            10.119991015574398,
            46.6058673977113
          ],
          [
            10.119828790977873,
            46.605851707019326
          ],
          [
            10.119053831019324,
            46.60601073137359
          ],
          [
            10.118742130798951,
            46.60604444684904
          ],
          [
            10.118275293072413,
            46.60626545949323
          ],
          [
            10.117899111455126,
            46.6062883241366
          ],
          [
            10.117224278475998,
            46.60640639124862
          ],
          [
            10.116589411859485,
            46.60662577200962
          ],
          [
            10.116365768730406,
            46.606635725194344
          ],
          [
            10.116153781634855,
            46.606793422234965
          ],
          [
            10.11601895691527,
            46.606834695548365
          ],
          [
            10.115226615403929,
            46.60696153727824
          ],
          [
            10.114855377347107,
            46.6070031141372
          ],
          [
            10.11467965526057,
            46.60699022677648
          ],
          [
            10.114526955934526,
            46.607059056174364
          ],
          [
            10.11443713894773,
            46.60704449902982
          ],
          [
            10.114304901506397,
            46.60710984061559
          ],
          [
            10.113959316741413,
            46.607081603925714
          ],
          [
            10.113257156953068,
            46.60713579878697
          ],
          [
            10.113161739066456,
            46.60731523186224
          ],
          [
            10.112986116340586,
            46.6073779913817
          ],
          [
            10.112990503825618,
            46.60741360348344
          ],
          [
            10.112766521250878,
            46.60752577071822
          ],
          [
            10.112682064550125,
            46.607650688806444
          ],
          [
            10.112350415853955,
            46.6078331616656
          ],
          [
            10.112080416865645,
            46.60793024337251
          ],
          [
            10.1113483015342,
            46.608072455847605
          ],
          [
            10.11125446221515,
            46.60812182438344
          ],
          [
            10.110880779938485,
            46.608152743470924
          ],
          [
            10.110473864537655,
            46.60833672633589
          ],
          [
            10.110208027547257,
            46.60840107781338
          ],
          [
            10.11006948469837,
            46.608394780929096
          ],
          [
            10.109161116672016,
            46.608788774156245
          ],
          [
            10.108846309768753,
            46.60912320653653
          ],
          [
            10.108549135526095,
            46.60935781040368
          ],
          [
            10.108357332371126,
            46.609450977818895
          ],
          [
            10.10815490897025,
            46.60947432288676
          ],
          [
            10.107863133147228,
            46.60960519906104
          ],
          [
            10.10750022890863,
            46.6099817813127
          ],
          [
            10.107294063485973,
            46.610155255734554
          ],
          [
            10.107160243694077,
            46.610214001151284
          ],
          [
            10.106987932693094,
            46.61042931771835
          ],
          [
            10.106807948498208,
            46.61053978373031
          ],
          [
            10.106677402575048,
            46.61069158291623
          ],
          [
            10.10652632862979,
            46.61070220887881
          ],
          [
            10.106440900041926,
            46.61062158468015
          ],
          [
            10.106147100887927,
            46.6106706685019
          ],
          [
            10.105523985452718,
            46.61079947688792
          ],
          [
            10.10547337432607,
            46.61076163571923
          ],
          [
            10.10528334353567,
            46.61069480327187
          ],
          [
            10.104781688689938,
            46.610703075719826
          ],
          [
            10.104109163258688,
            46.61083962259168
          ],
          [
            10.103948100926537,
            46.61080399008606
          ],
          [
            10.103834652422774,
            46.61072611754573
          ],
          [
            10.10360881730521,
            46.61068086779405
          ],
          [
            10.103336078933795,
            46.61073384339447
          ],
          [
            10.10326612887184,
            46.610795381682514
          ],
          [
            10.103052020922188,
            46.610836713656475
          ],
          [
            10.102794193636294,
            46.6108035254031
          ],
          [
            10.102666916637952,
            46.61074025074429
          ],
          [
            10.102353544699639,
            46.61073626435679
          ],
          [
            10.102240026105104,
            46.61073587955128
          ],
          [
            10.10196424373204,
            46.61092454666405
          ],
          [
            10.101877285618192,
            46.61112864028831
          ],
          [
            10.101626510280603,
            46.611337944992634
          ],
          [
            10.101364170139403,
            46.611426837461075
          ],
          [
            10.101177976238302,
            46.6115801571583
          ],
          [
            10.101028616060136,
            46.61168023923775
          ],
          [
            10.100693172929025,
            46.61180816671733
          ],
          [
            10.100497093603447,
            46.61192340924875
          ],
          [
            10.100433966864097,
            46.611976136324614
          ],
          [
            10.10021939476085,
            46.612213420224634
          ],
          [
            10.099970199247993,
            46.61234364836885
          ],
          [
            10.099931596883929,
            46.61255223474277
          ],
          [
            10.099830828804903,
            46.61268219524684
          ],
          [
            10.099106479456786,
            46.61322436363043
          ],
          [
            10.098887810323932,
            46.613249178712685
          ],
          [
            10.098713888956405,
            46.61330661011957
          ],
          [
            10.098183052947524,
            46.61362741111031
          ],
          [
            10.097882103924167,
            46.61385042662415
          ],
          [
            10.09773857675298,
            46.61399709065315
          ],
          [
            10.097609962158199,
            46.61421110965159
          ],
          [
            10.097503594510865,
            46.61432566342735
          ],
          [
            10.097417398228236,
            46.614481185227255
          ],
          [
            10.09716647808383,
            46.61470545990287
          ],
          [
            10.09700398341524,
            46.614903681268395
          ],
          [
            10.09686850950095,
            46.615000147788315
          ],
          [
            10.096564581234448,
            46.61516392317905
          ],
          [
            10.0965173668872,
            46.615212612912366
          ],
          [
            10.096453139732068,
            46.61532916055819
          ],
          [
            10.096412931200229,
            46.61537423032516
          ],
          [
            10.096338892184267,
            46.61542992801849
          ],
          [
            10.096211664060855,
            46.61548907304687
          ],
          [
            10.096166942534534,
            46.61552711052762
          ],
          [
            10.096112444703515,
            46.61560566362086
          ],
          [
            10.095988657365286,
            46.61584394179348
          ],
          [
            10.095746774171479,
            46.61609524723582
          ],
          [
            10.095533487003557,
            46.61665771505937
          ],
          [
            10.095424697818967,
            46.61686161051616
          ],
          [
            10.095369000113665,
            46.61701994674164
          ],
          [
            10.09539240130564,
            46.617496124500065
          ],
          [
            10.095580784471784,
            46.617791144881316
          ],
          [
            10.095566389289282,
            46.618040837426385
          ],
          [
            10.095618927715304,
            46.61830647366196
          ],
          [
            10.095673744170297,
            46.6184250476348
          ],
          [
            10.09578327692642,
            46.618598256606795
          ],
          [
            10.095806063906146,
            46.61866848835492
          ],
          [
            10.095782155899762,
            46.61907242367713
          ],
          [
            10.095734718026318,
            46.619359691750276
          ],
          [
            10.095913702015576,
            46.619523196379056
          ],
          [
            10.096095926745495,
            46.619849502444595
          ],
          [
            10.096155401942687,
            46.62004175550147
          ],
          [
            10.096160249310211,
            46.6201007321576
          ],
          [
            10.096140235250914,
            46.620157274122825
          ],
          [
            10.096073100361815,
            46.620227589450636
          ],
          [
            10.095955944233822,
            46.62032256466323
          ],
          [
            10.095913500307903,
            46.62038388766208
          ],
          [
            10.095887617673196,
            46.620457370978095
          ],
          [
            10.095865073699605,
            46.62062290787938
          ],
          [
            10.095829177600445,
            46.62069067549251
          ],
          [
            10.095723185820992,
            46.620777082075996
          ],
          [
            10.095447005768092,
            46.62092355434189
          ],
          [
            10.095458630539355,
            46.62104996831069
          ],
          [
            10.095229199141759,
            46.62158238920525
          ],
          [
            10.095109926324115,
            46.621653002852895
          ],
          [
            10.09506399505335,
            46.621701094797515
          ],
          [
            10.095030626892253,
            46.62176159351929
          ],
          [
            10.094995709093498,
            46.622001269986974
          ],
          [
            10.09486035530185,
            46.62235994008413
          ],
          [
            10.094717052628148,
            46.622934020961836
          ],
          [
            10.094609700694937,
            46.62315205777162
          ],
          [
            10.094552653776637,
            46.623389955243255
          ],
          [
            10.09442071596301,
            46.62373798705368
          ],
          [
            10.094161758861508,
            46.624016751565634
          ],
          [
            10.093859632505268,
            46.62425027682129
          ],
          [
            10.09346313664109,
            46.62419288491436
          ],
          [
            10.09314476664202,
            46.62409271620782
          ],
          [
            10.092921966680075,
            46.624005943084555
          ],
          [
            10.092791722573052,
            46.62397679392939
          ],
          [
            10.09265134643702,
            46.623975414109694
          ],
          [
            10.092237153578692,
            46.62401406334552
          ],
          [
            10.092111928194724,
            46.62401633492941
          ],
          [
            10.092003533587745,
            46.62400512694519
          ],
          [
            10.091736943293755,
            46.62395396221673
          ],
          [
            10.09137357223474,
            46.62392588934849
          ],
          [
            10.09106693539669,
            46.62392222617932
          ],
          [
            10.090753828147626,
            46.62400790104597
          ],
          [
            10.090386408113567,
            46.624022690772044
          ],
          [
            10.090178599271244,
            46.62400888291047
          ],
          [
            10.089874876587626,
            46.62393203585058
          ],
          [
            10.089623723623259,
            46.62389883206406
          ],
          [
            10.08937395827552,
            46.6238843168881
          ],
          [
            10.088956390173184,
            46.62389413148852
          ],
          [
            10.08823857852427,
            46.624020770368745
          ],
          [
            10.088081245843608,
            46.62406921153712
          ],
          [
            10.087818704125327,
            46.62417325960248
          ],
          [
            10.087560824900057,
            46.62425198755473
          ],
          [
            10.087272811755588,
            46.624316177992796
          ],
          [
            10.086938830478983,
            46.62435542529888
          ],
          [
            10.086583427537283,
            46.624457922874036
          ],
          [
            10.085681945244957,
            46.62509911275603
          ],
          [
            10.085471172503127,
            46.62529657543641
          ],
          [
            10.085341520688157,
            46.62538135277835
          ],
          [
            10.085276035956127,
            46.62540283010062
          ],
          [
            10.084846586603327,
            46.62544370598193
          ],
          [
            10.084600922595035,
            46.625492764723646
          ],
          [
            10.084372433952336,
            46.625552413512125
          ],
          [
            10.083827183928747,
            46.62560671513787
          ],
          [
            10.083644085083941,
            46.62553625568908
          ],
          [
            10.083457096073547,
            46.62558913273757
          ],
          [
            10.082972175521947,
            46.625587898196514
          ],
          [
            10.082643568475838,
            46.62559835860952
          ],
          [
            10.08237564384494,
            46.62557007372006
          ],
          [
            10.082131917630052,
            46.62557975808596
          ],
          [
            10.081851669280073,
            46.625655518028836
          ],
          [
            10.081707936321333,
            46.62567371604937
          ],
          [
            10.081352968619926,
            46.62567891642983
          ],
          [
            10.08101370255292,
            46.62565737019101
          ],
          [
            10.080781515339462,
            46.625660717304285
          ],
          [
            10.080591797059192,
            46.62567948637053
          ],
          [
            10.08002690831334,
            46.625823593207926
          ],
          [
            10.079613861359366,
            46.62594570459794
          ],
          [
            10.079518851662755,
            46.625952022446526
          ],
          [
            10.079379440814456,
            46.62591755329776
          ],
          [
            10.07927584746167,
            46.6259222609649
          ],
          [
            10.079174122608451,
            46.625965196029604
          ],
          [
            10.079081759951734,
            46.62606095474096
          ],
          [
            10.079042777194715,
            46.62608531483631
          ],
          [
            10.078515216075777,
            46.6261307107845
          ],
          [
            10.078404544945025,
            46.626162763817874
          ],
          [
            10.078230396792309,
            46.62624221927499
          ],
          [
            10.078133132907354,
            46.626268191675145
          ],
          [
            10.077952131140108,
            46.626285197014624
          ],
          [
            10.077691384375965,
            46.62627655409224
          ],
          [
            10.077397476965153,
            46.62630930836432
          ],
          [
            10.077004344685024,
            46.626126474042366
          ],
          [
            10.07638228598793,
            46.62592490334578
          ],
          [
            10.076136072344903,
            46.62578172930888
          ],
          [
            10.075816625298916,
            46.62567611025788
          ],
          [
            10.07551026606895,
            46.62563223763338
          ],
          [
            10.075389814950253,
            46.62560043864636
          ],
          [
            10.07500017057768,
            46.625393521128366
          ],
          [
            10.074849190210742,
            46.625375668705516
          ],
          [
            10.074675319539756,
            46.62539392581413
          ],
          [
            10.074502213689625,
            46.625343516980486
          ],
          [
            10.07441069514912,
            46.62533033532316
          ],
          [
            10.074269960001129,
            46.625338238754786
          ],
          [
            10.074159037888522,
            46.62535846660176
          ],
          [
            10.074043052977279,
            46.62520394696314
          ],
          [
            10.073951295538627,
            46.62513069114718
          ],
          [
            10.073791129975763,
            46.62504851537661
          ],
          [
            10.073460089455285,
            46.62490937891038
          ],
          [
            10.073305976379935,
            46.62482832246289
          ],
          [
            10.073233214305027,
            46.624801645757245
          ],
          [
            10.073025615655581,
            46.6247569925471
          ],
          [
            10.072901521034321,
            46.62469648227565
          ],
          [
            10.072749593766897,
            46.624653258227724
          ],
          [
            10.072559321743812,
            46.62472602160477
          ],
          [
            10.072482601158868,
            46.62463662955137
          ],
          [
            10.072182719375709,
            46.62468015651696
          ],
          [
            10.07195999407043,
            46.624677317362945
          ],
          [
            10.071641700179041,
            46.62471513045118
          ],
          [
            10.071536398309256,
            46.624711815067734
          ],
          [
            10.071416609174005,
            46.624668574852166
          ],
          [
            10.071297271313234,
            46.62457427245358
          ],
          [
            10.070894799804032,
            46.624357251376935
          ],
          [
            10.07080280574363,
            46.624340153597785
          ],
          [
            10.07061011202322,
            46.62435492458754
          ],
          [
            10.07042219143019,
            46.62435584990705
          ],
          [
            10.070140914192889,
            46.62429989830668
          ],
          [
            10.069762427911138,
            46.624334606550555
          ],
          [
            10.06954809741696,
            46.62431069617824
          ],
          [
            10.06943132803795,
            46.624313854386884
          ],
          [
            10.069075293722673,
            46.62436993088893
          ],
          [
            10.068671501496611,
            46.6245272778657
          ],
          [
            10.068475889002503,
            46.624582750496074
          ],
          [
            10.068367160407153,
            46.62460027581859
          ],
          [
            10.068214693132852,
            46.6246070657691
          ],
          [
            10.068035573594845,
            46.6245856422471
          ],
          [
            10.06790304049945,
            46.6246036720616
          ],
          [
            10.067803248993675,
            46.624604852260106
          ],
          [
            10.067588006619657,
            46.62458421748459
          ],
          [
            10.067400623809375,
            46.624579292971056
          ],
          [
            10.067314796249223,
            46.62455385939596
          ],
          [
            10.06708576839114,
            46.62441796507833
          ],
          [
            10.066997945774887,
            46.62438696095949
          ],
          [
            10.06690495524366,
            46.624403059362585
          ],
          [
            10.066700735653312,
            46.624542388444404
          ],
          [
            10.066365816502005,
            46.624745803980154
          ],
          [
            10.066202287144055,
            46.624809883540415
          ],
          [
            10.066039915393873,
            46.62485694296616
          ],
          [
            10.065905862091572,
            46.624915463294435
          ],
          [
            10.065864367479955,
            46.62491916632327
          ],
          [
            10.065745066577424,
            46.62486008588131
          ],
          [
            10.065564577850854,
            46.62481184124105
          ],
          [
            10.065258191322616,
            46.62469617105919
          ],
          [
            10.06518736790837,
            46.624682945489724
          ],
          [
            10.065006012391999,
            46.62467731089881
          ],
          [
            10.064741396354451,
            46.62459071951793
          ],
          [
            10.064604360027706,
            46.62456611446263
          ],
          [
            10.064418320894916,
            46.624547968149926
          ],
          [
            10.064042460186162,
            46.624545127136415
          ],
          [
            10.063819200584403,
            46.62459470395641
          ],
          [
            10.063578371576984,
            46.624593778095615
          ],
          [
            10.063481473450102,
            46.6245819088959
          ],
          [
            10.063388618554805,
            46.624552962223525
          ],
          [
            10.063224251345863,
            46.624463785415884
          ],
          [
            10.06300959927632,
            46.62444260639045
          ],
          [
            10.062534844684293,
            46.62442765774445
          ],
          [
            10.062379457410767,
            46.62436275437544
          ],
          [
            10.062256673746989,
            46.62429345398911
          ],
          [
            10.062213566649469,
            46.62428143280638
          ],
          [
            10.062125573960683,
            46.62427483855592
          ],
          [
            10.061814651780931,
            46.62427889089899
          ],
          [
            10.061437916558683,
            46.62421843064228
          ],
          [
            10.06133805155089,
            46.62421619565361
          ],
          [
            10.061257392243851,
            46.624227180931335
          ],
          [
            10.06099576129386,
            46.62432355743127
          ],
          [
            10.060793042119968,
            46.62431591523458
          ],
          [
            10.060523879762345,
            46.62433277284773
          ],
          [
            10.06089300289604,
            46.62526993477015
          ],
          [
            10.060953375764116,
            46.62563279800024
          ],
          [
            10.061135213503672,
            46.62589267690629
          ],
          [
            10.061348396476903,
            46.62608558886145
          ],
          [
            10.061370035784561,
            46.62616183833169
          ],
          [
            10.061221922221776,
            46.626675801194054
          ],
          [
            10.061210527492932,
            46.626810307667675
          ],
          [
            10.061239273458096,
            46.626899462279994
          ],
          [
            10.06143336306903,
            46.62715405417502
          ],
          [
            10.061503557250173,
            46.62735420306494
          ],
          [
            10.061564294098387,
            46.62745965854411
          ],
          [
            10.061642720829678,
            46.62752717383444
          ],
          [
            10.061748513273457,
            46.627567137615834
          ],
          [
            10.061928260693163,
            46.6275747138003
          ],
          [
            10.061832643896036,
            46.62766278321512
          ],
          [
            10.061617042396668,
            46.62781656780955
          ],
          [
            10.061439238542667,
            46.62795667314621
          ],
          [
            10.061315232814557,
            46.62812202733994
          ],
          [
            10.061234948255576,
            46.62831685002224
          ],
          [
            10.061211078525666,
            46.628511686887016
          ],
          [
            10.06116720330969,
            46.62863811211164
          ],
          [
            10.061019665606603,
            46.628899828441874
          ],
          [
            10.060957775719903,
            46.62907744995993
          ],
          [
            10.060878985865145,
            46.629197613945166
          ],
          [
            10.060730696369662,
            46.629285365655
          ],
          [
            10.060686122529448,
            46.62938639806205
          ],
          [
            10.060879618175115,
            46.629532808527976
          ],
          [
            10.061060062376646,
            46.62970639515782
          ],
          [
            10.06122680494583,
            46.62981383681914
          ],
          [
            10.061457985419386,
            46.63000063682209
          ],
          [
            10.06158666629539,
            46.6301558931294
          ],
          [
            10.061836314194299,
            46.63035190650849
          ],
          [
            10.062043913933849,
            46.63047571361832
          ],
          [
            10.06218565796798,
            46.6305359009318
          ],
          [
            10.062251850271858,
            46.6305816824253
          ],
          [
            10.062306520736206,
            46.630633957871424
          ],
          [
            10.062392274987062,
            46.63078846566441
          ],
          [
            10.062505547443509,
            46.63088006392834
          ],
          [
            10.062695164674775,
            46.63113227298156
          ],
          [
            10.062829831515486,
            46.631222621697404
          ],
          [
            10.063000307234924,
            46.63140646198405
          ],
          [
            10.06322480226611,
            46.63167563330759
          ],
          [
            10.063466321802299,
            46.63201035907966
          ],
          [
            10.063670891363296,
            46.63290480193979
          ],
          [
            10.046269431176333,
            46.64221275449171
          ],
          [
            10.046106420083689,
            46.6422309337635
          ],
          [
            10.045556524022881,
            46.64222503016355
          ],
          [
            10.045454178362995,
            46.64223298088743
          ],
          [
            10.045207752814946,
            46.64228718071377
          ],
          [
            10.04499394268456,
            46.642321561247854
          ],
          [
            10.044768098022622,
            46.642395513130225
          ],
          [
            10.044610907771236,
            46.6424685321826
          ],
          [
            10.04452204953361,
            46.64255126469114
          ],
          [
            10.044451920006308,
            46.64270364652865
          ],
          [
            10.044375143343634,
            46.6427984421037
          ],
          [
            10.044217148793399,
            46.64289003805047
          ],
          [
            10.04404303662324,
            46.64301677160231
          ],
          [
            10.043842320680243,
            46.64312571655578
          ],
          [
            10.043634040323441,
            46.64321928131589
          ],
          [
            10.043393033372917,
            46.64329626840261
          ],
          [
            10.043242630714113,
            46.64344318641523
          ],
          [
            10.043098403078563,
            46.643542566242
          ],
          [
            10.041458372751269,
            46.64422762995302
          ],
          [
            10.040059892398789,
            46.644985391769794
          ],
          [
            10.039761851382293,
            46.64501078700703
          ],
          [
            10.039638342495833,
            46.6449937984244
          ],
          [
            10.038979777350042,
            46.64564495104768
          ],
          [
            10.03808594626637,
            46.646005489571834
          ],
          [
            10.037181183597513,
            46.64638679139392
          ],
          [
            10.035961082539723,
            46.64687508573842
          ],
          [
            10.032685044354436,
            46.648513051195046
          ],
          [
            10.032203618497299,
            46.64877611192742
          ],
          [
            10.031233503362907,
            46.64928135823693
          ],
          [
            10.030714106809564,
            46.64958004564662
          ],
          [
            10.0306101464274,
            46.64948715123228
          ],
          [
            10.030401165932842,
            46.64950473369261
          ],
          [
            10.030365695036846,
            46.64951509953093
          ],
          [
            10.030256729129354,
            46.649521593825135
          ],
          [
            10.030146437410776,
            46.64957290448024
          ],
          [
            10.030083336810401,
            46.64958572613599
          ],
          [
            10.03001107759072,
            46.64964600859933
          ],
          [
            10.029919417842518,
            46.64967650896306
          ],
          [
            10.02982569935357,
            46.64981772574531
          ],
          [
            10.029804697330816,
            46.64989020733416
          ],
          [
            10.029767552399681,
            46.64996783549813
          ],
          [
            10.029736469803975,
            46.650017910302026
          ],
          [
            10.029669045095632,
            46.6500593885628
          ],
          [
            10.029568624091699,
            46.65007755934142
          ],
          [
            10.029496142437846,
            46.65011661442873
          ],
          [
            10.029411246042137,
            46.650117843992554
          ],
          [
            10.029282387146388,
            46.65013961368086
          ],
          [
            10.029217343716187,
            46.65016290156623
          ],
          [
            10.029181756799602,
            46.65017031750994
          ],
          [
            10.029050806114657,
            46.65021632774479
          ],
          [
            10.028944206512529,
            46.65025883174122
          ],
          [
            10.028805878647963,
            46.65028756661799
          ],
          [
            10.028757836594629,
            46.65029063950446
          ],
          [
            10.028634757051861,
            46.650279227317796
          ],
          [
            10.028525090685816,
            46.65029213516969
          ],
          [
            10.028457125584607,
            46.65032264442046
          ],
          [
            10.028297859605093,
            46.65032359345402
          ],
          [
            10.028192737133311,
            46.65034567711036
          ],
          [
            10.028177050230141,
            46.65035924651325
          ],
          [
            10.028058890430847,
            46.6504338021455
          ],
          [
            10.027933727718356,
            46.65053213407036
          ],
          [
            10.027731259122007,
            46.650552056569595
          ],
          [
            10.027652793869763,
            46.65058520718469
          ],
          [
            10.027537050502229,
            46.65059051184756
          ],
          [
            10.02743884879079,
            46.65056967630717
          ],
          [
            10.027331857459798,
            46.65060432126169
          ],
          [
            10.02725215439909,
            46.6505950266158
          ],
          [
            10.027175013951384,
            46.650570480903916
          ],
          [
            10.027093277800194,
            46.65058611860423
          ],
          [
            10.027061803486136,
            46.65061172029651
          ],
          [
            10.027036269848425,
            46.65064128214598
          ],
          [
            10.026956847323364,
            46.650654473034926
          ],
          [
            10.026887077548908,
            46.65063045262616
          ],
          [
            10.026742396544169,
            46.65064611669797
          ],
          [
            10.026678558658134,
            46.65066023123991
          ],
          [
            10.026583370323266,
            46.65066872193623
          ],
          [
            10.026503755304285,
            46.65064380899311
          ],
          [
            10.026343866856712,
            46.65064842359925
          ],
          [
            10.026216754481577,
            46.65063795548116
          ],
          [
            10.026044727542054,
            46.650645374623565
          ],
          [
            10.025741636086703,
            46.650713149134695
          ],
          [
            10.025643607613722,
            46.650798495341704
          ],
          [
            10.025333631826848,
            46.6508418179313
          ],
          [
            10.025170475301373,
            46.65088081479138
          ],
          [
            10.025076996560728,
            46.65090754527589
          ],
          [
            10.0249920416271,
            46.6509416874534
          ],
          [
            10.024952249142121,
            46.650980843116415
          ],
          [
            10.024831308786062,
            46.65101438041275
          ],
          [
            10.024711931413952,
            46.6510633628357
          ],
          [
            10.024464393365374,
            46.651114121438575
          ],
          [
            10.024343195000768,
            46.651158932608745
          ],
          [
            10.02420835011702,
            46.651175063095764
          ],
          [
            10.02412424372716,
            46.65121002237665
          ],
          [
            10.023988636234755,
            46.65122688094865
          ],
          [
            10.023918612534693,
            46.65124886572714
          ],
          [
            10.023832987606097,
            46.65128596536345
          ],
          [
            10.023743397790321,
            46.65127492161262
          ],
          [
            10.023701387087996,
            46.65125056609939
          ],
          [
            10.023594498738007,
            46.65123610774929
          ],
          [
            10.023491478220068,
            46.65125138893995
          ],
          [
            10.023378268137597,
            46.65130992339646
          ],
          [
            10.023277463275399,
            46.651336818657825
          ],
          [
            10.02318733752589,
            46.65134871073664
          ],
          [
            10.022944636557282,
            46.65133017886885
          ],
          [
            10.022761417980462,
            46.651290873732634
          ],
          [
            10.02264789621972,
            46.65130849855866
          ],
          [
            10.022535497116838,
            46.65134985893108
          ],
          [
            10.022407811687774,
            46.651379055438554
          ],
          [
            10.022282530896879,
            46.65142409199905
          ],
          [
            10.022172515523627,
            46.65148059064042
          ],
          [
            10.022108367851711,
            46.65152324095659
          ],
          [
            10.021845568472182,
            46.651630745676975
          ],
          [
            10.021703380691582,
            46.65163002892035
          ],
          [
            10.021544387527099,
            46.65170479272728
          ],
          [
            10.021040646650679,
            46.651813404165495
          ],
          [
            10.020968944807978,
            46.65185144589564
          ],
          [
            10.020879142511516,
            46.65185263627852
          ],
          [
            10.020815241590398,
            46.6518660378614
          ],
          [
            10.020720309434559,
            46.651965224039316
          ],
          [
            10.02068647961774,
            46.65197499154434
          ],
          [
            10.020513172681715,
            46.652057971781886
          ],
          [
            10.020337880297484,
            46.65213060126959
          ],
          [
            10.020231633048384,
            46.6521555380536
          ],
          [
            10.02004990792469,
            46.65217974664865
          ],
          [
            10.01983260666385,
            46.65226387611234
          ],
          [
            10.019644244351667,
            46.65227475186555
          ],
          [
            10.01953881974647,
            46.65229995735716
          ],
          [
            10.019379240839775,
            46.65227478166527
          ],
          [
            10.019228713409015,
            46.6523049872061
          ],
          [
            10.01905771426603,
            46.65231871765445
          ],
          [
            10.018931352169965,
            46.652415077283244
          ],
          [
            10.018813144828476,
            46.65244248882043
          ],
          [
            10.01861446354611,
            46.65252601399108
          ],
          [
            10.01845916649363,
            46.65256091676067
          ],
          [
            10.018262232925078,
            46.652569419260196
          ],
          [
            10.018109747845378,
            46.652642671605086
          ],
          [
            10.018031776992354,
            46.65270960973067
          ],
          [
            10.017753405166896,
            46.65274285300603
          ],
          [
            10.01763017124115,
            46.65277752345503
          ],
          [
            10.017488183494109,
            46.65285521740925
          ],
          [
            10.01731355084513,
            46.65298394469543
          ],
          [
            10.017005645885536,
            46.65327384445365
          ],
          [
            10.016923930926993,
            46.653311417205536
          ],
          [
            10.016847076650501,
            46.653499789669745
          ],
          [
            10.016801939631705,
            46.653556929106955
          ],
          [
            10.01674325885201,
            46.65358199168334
          ],
          [
            10.016511146133935,
            46.653645487929175
          ],
          [
            10.016426297329378,
            46.65370039402031
          ],
          [
            10.01632603101211,
            46.65378938254465
          ],
          [
            10.016218673484543,
            46.65382621213009
          ],
          [
            10.016141291472824,
            46.6538735326546
          ],
          [
            10.01607476507032,
            46.65394728462193
          ],
          [
            10.01600559164944,
            46.653987218937345
          ],
          [
            10.015914170951397,
            46.65400331961698
          ],
          [
            10.01560943758565,
            46.65401240296881
          ],
          [
            10.015483130120819,
            46.654064376313194
          ],
          [
            10.015408128079272,
            46.654136663576395
          ],
          [
            10.015347362740682,
            46.65417422012507
          ],
          [
            10.015148191855172,
            46.654195953303585
          ],
          [
            10.015026998658593,
            46.65428253395136
          ],
          [
            10.014739038763116,
            46.65428980438996
          ],
          [
            10.01451035276348,
            46.654342220429776
          ],
          [
            10.014296141880347,
            46.65435886505068
          ],
          [
            10.013863411417264,
            46.65454271910738
          ],
          [
            10.01375117818993,
            46.65467580775882
          ],
          [
            10.013520198237138,
            46.65473471790348
          ],
          [
            10.013460236588251,
            46.654763128828165
          ],
          [
            10.013399556740506,
            46.65483130169141
          ],
          [
            10.013383196823384,
            46.65492241353383
          ],
          [
            10.013344060972283,
            46.65499777660157
          ],
          [
            10.013277109849284,
            46.655087674113986
          ],
          [
            10.013205811067078,
            46.65513491801125
          ],
          [
            10.013053864859506,
            46.6551959105359
          ],
          [
            10.012763877254459,
            46.65522518265419
          ],
          [
            10.012625032725046,
            46.65524570070628
          ],
          [
            10.012361974365175,
            46.655327411410745
          ],
          [
            10.012109171842601,
            46.655364877837215
          ],
          [
            10.011974178878788,
            46.65541685440031
          ],
          [
            10.011582233524114,
            46.65545846274756
          ],
          [
            10.011250729796904,
            46.65551242994665
          ],
          [
            10.011112085287392,
            46.65554512812477
          ],
          [
            10.01092444521293,
            46.65552725262066
          ],
          [
            10.010761402605167,
            46.65558532450425
          ],
          [
            10.01066373246917,
            46.65560367710914
          ],
          [
            10.010487099588978,
            46.655692026790994
          ],
          [
            10.010306438810034,
            46.65575482505949
          ],
          [
            10.010170294048663,
            46.65578130035489
          ],
          [
            10.010102676482397,
            46.655818360675006
          ],
          [
            10.010019452637776,
            46.655894141946284
          ],
          [
            10.009958978868752,
            46.65592723371369
          ],
          [
            10.009842562889945,
            46.65594914097938
          ],
          [
            10.009684374100397,
            46.65600296150261
          ],
          [
            10.00942455288139,
            46.65602818679193
          ],
          [
            10.00912214925008,
            46.656147679519485
          ],
          [
            10.008875803988397,
            46.656189385064096
          ],
          [
            10.0087827976739,
            46.65623545091377
          ],
          [
            10.008676955207575,
            46.656350722220125
          ],
          [
            10.008611618275136,
            46.656393715394366
          ],
          [
            10.00798551532184,
            46.656638333183025
          ],
          [
            10.007789569667263,
            46.65668276038875
          ],
          [
            10.007689416144032,
            46.65673414375038
          ],
          [
            10.007576649474247,
            46.65676357162779
          ],
          [
            10.007519690794425,
            46.656803558036124
          ],
          [
            10.007443291813493,
            46.65690997361424
          ],
          [
            10.007396203239631,
            46.656952185423044
          ],
          [
            10.00733393162186,
            46.656984362243016
          ],
          [
            10.007214530023763,
            46.65699688370042
          ],
          [
            10.007185197907756,
            46.65701777808096
          ],
          [
            10.007124162237698,
            46.657111111400376
          ],
          [
            10.007005128579893,
            46.6571970493214
          ],
          [
            10.006894982463628,
            46.65725439053049
          ],
          [
            10.006789305861751,
            46.657300173373876
          ],
          [
            10.006389974352517,
            46.65744051999377
          ],
          [
            10.006118206505539,
            46.657581661563746
          ],
          [
            10.005967963084606,
            46.657616639852954
          ],
          [
            10.005804619559521,
            46.657730477389684
          ],
          [
            10.005690223782677,
            46.65777739174868
          ],
          [
            10.005624244302082,
            46.65783637323412
          ],
          [
            10.00552272205088,
            46.65784668079594
          ],
          [
            10.005387428967381,
            46.65795996647139
          ],
          [
            10.005159030682684,
            46.65802003398393
          ],
          [
            10.005046317428697,
            46.65808861861586
          ],
          [
            10.004980058422765,
            46.658146966975465
          ],
          [
            10.004897059559527,
            46.658270882086214
          ],
          [
            10.004753444570927,
            46.658426125124656
          ],
          [
            10.00462844264046,
            46.65859208203818
          ],
          [
            10.004232719788915,
            46.65878914966814
          ],
          [
            10.004091475051034,
            46.658904934845914
          ],
          [
            10.00385941135561,
            46.65913035567096
          ],
          [
            10.003741592841743,
            46.65927233477232
          ],
          [
            10.003577854022078,
            46.659315867035346
          ],
          [
            10.003423142735718,
            46.65945725458279
          ],
          [
            10.003198179580147,
            46.65960439999377
          ],
          [
            10.003075054882506,
            46.659653164196186
          ],
          [
            10.002885037494709,
            46.65970932058982
          ],
          [
            10.002726205557332,
            46.659795933773545
          ],
          [
            10.002579883135583,
            46.659858045173586
          ],
          [
            10.002524920665943,
            46.65990690332024
          ],
          [
            10.00244330874799,
            46.66005359209009
          ],
          [
            10.002206808143052,
            46.66026510459716
          ],
          [
            10.001820391423543,
            46.66051489389377
          ],
          [
            10.001705192382053,
            46.66064008009085
          ],
          [
            10.00158619865271,
            46.66072582204404
          ],
          [
            10.001441798126653,
            46.660866227620645
          ],
          [
            10.001382295747174,
            46.66090045376073
          ],
          [
            10.001251531110471,
            46.66094616566751
          ],
          [
            10.001108880138135,
            46.66098272149034
          ],
          [
            10.000876334920083,
            46.66098524412667
          ],
          [
            10.000777329956563,
            46.661020637620354
          ],
          [
            10.00070400749674,
            46.66107107788479
          ],
          [
            10.000670583041728,
            46.66110913617379
          ],
          [
            10.000630790524475,
            46.661257348840174
          ],
          [
            10.000570505832588,
            46.66133240866664
          ],
          [
            10.00049295099959,
            46.66137466367092
          ],
          [
            10.000266603277474,
            46.66145383650027
          ],
          [
            10.000083417029062,
            46.66149297673162
          ],
          [
            9.99990673833885,
            46.66162079463501
          ],
          [
            9.999781153945241,
            46.66180635250324
          ],
          [
            9.999728153368732,
            46.661861663314774
          ],
          [
            9.99958844127095,
            46.661940677648154
          ],
          [
            9.999346203719554,
            46.662002979204004
          ],
          [
            9.999094346787675,
            46.662043562671634
          ],
          [
            9.9989462387562,
            46.662114268616406
          ],
          [
            9.998888076878115,
            46.66216193674569
          ],
          [
            9.9987005369584,
            46.662368200675424
          ],
          [
            9.998533380788457,
            46.66263190524925
          ],
          [
            9.998263032013293,
            46.66286405138562
          ],
          [
            9.998119938514092,
            46.66289555505975
          ],
          [
            9.998061816502371,
            46.662920658010734
          ],
          [
            9.99793564152087,
            46.66302997610991
          ],
          [
            9.997760320010405,
            46.6631483005987
          ],
          [
            9.997459763354646,
            46.663452090963
          ],
          [
            9.997354493097609,
            46.66352230932556
          ],
          [
            9.99720839036964,
            46.6636009780979
          ],
          [
            9.997109283463363,
            46.66368678133442
          ],
          [
            9.996982574558016,
            46.66373718516524
          ],
          [
            9.996780184932677,
            46.6638756017174
          ],
          [
            9.99647701556158,
            46.66417438975169
          ],
          [
            9.996372824403364,
            46.664221911102175
          ],
          [
            9.996247277419764,
            46.664260731566486
          ],
          [
            9.995990280728535,
            46.664448632496416
          ],
          [
            9.995572116845489,
            46.66468711454225
          ],
          [
            9.995354330508233,
            46.664774140203015
          ],
          [
            9.995179019114728,
            46.664892361213816
          ],
          [
            9.994288751715555,
            46.665197685663976
          ],
          [
            9.993972496985858,
            46.66542043748219
          ],
          [
            9.993838956241053,
            46.665479667215564
          ],
          [
            9.99375311940515,
            46.665542182841314
          ],
          [
            9.993660559485075,
            46.665580602373716
          ],
          [
            9.993139844641076,
            46.665659486821525
          ],
          [
            9.99298531512405,
            46.665723326367754
          ],
          [
            9.99286903382491,
            46.665723233868974
          ],
          [
            9.992811594898503,
            46.66573580826869
          ],
          [
            9.992746847558243,
            46.665769931242984
          ],
          [
            9.992623592602051,
            46.66588716983067
          ],
          [
            9.992508733041179,
            46.66589696341312
          ],
          [
            9.992381874327034,
            46.665941632068375
          ],
          [
            9.992147764331955,
            46.66600051337494
          ],
          [
            9.99207409107426,
            46.666050478575
          ],
          [
            9.992020498570104,
            46.666124483403124
          ],
          [
            9.991952621228064,
            46.66616984544197
          ],
          [
            9.991822675448228,
            46.6664483564741
          ],
          [
            9.991791929932731,
            46.66648410179902
          ],
          [
            9.99171307931805,
            46.66653906095204
          ],
          [
            9.991575179320288,
            46.66661984233052
          ],
          [
            9.99148334313559,
            46.666652348596585
          ],
          [
            9.991388897084075,
            46.66665289021051
          ],
          [
            9.99121138824463,
            46.666629003291476
          ],
          [
            9.991068763232338,
            46.666648030869716
          ],
          [
            9.991001770249401,
            46.666690006378715
          ],
          [
            9.990962834378408,
            46.666739462436574
          ],
          [
            9.990961945571218,
            46.66680168340939
          ],
          [
            9.990992030052274,
            46.66687886187316
          ],
          [
            9.990972133463305,
            46.66692673927023
          ],
          [
            9.990915919461814,
            46.66695391971044
          ],
          [
            9.990715510484788,
            46.666990172080844
          ],
          [
            9.990623604452063,
            46.667022607189494
          ],
          [
            9.990474990860243,
            46.66710221414917
          ],
          [
            9.990373836643887,
            46.66711740466038
          ],
          [
            9.990182612910372,
            46.66713557571969
          ],
          [
            9.990029352009595,
            46.667192668437565
          ],
          [
            9.989938380286578,
            46.66728416897461
          ],
          [
            9.989827838018812,
            46.667328397200734
          ],
          [
            9.989609394719219,
            46.66738450112017
          ],
          [
            9.989589742486672,
            46.66742319247154
          ],
          [
            9.989620773181038,
            46.66752983502258
          ],
          [
            9.989621971617964,
            46.66761218785561
          ],
          [
            9.989583422814952,
            46.66766517184043
          ],
          [
            9.989480619322322,
            46.66772350985873
          ],
          [
            9.98932938549048,
            46.66777430098188
          ],
          [
            9.989194361491135,
            46.66779267890824
          ],
          [
            9.988994761882902,
            46.66784448953121
          ],
          [
            9.988914047362297,
            46.667853730893526
          ],
          [
            9.988771903858112,
            46.66785009999721
          ],
          [
            9.98852307556212,
            46.66781381002371
          ],
          [
            9.988418811109518,
            46.66782906837943
          ],
          [
            9.9883551064206,
            46.667873749730404
          ],
          [
            9.98787147295672,
            46.66829743532603
          ],
          [
            9.98758716971148,
            46.66849725859446
          ],
          [
            9.98739568272516,
            46.6685000042493
          ],
          [
            9.987226722190533,
            46.66855147712897
          ],
          [
            9.986951535222866,
            46.668708523430546
          ],
          [
            9.986754712034866,
            46.668865796172916
          ],
          [
            9.986645112972212,
            46.668913231174564
          ],
          [
            9.986556729378886,
            46.66890628885781
          ],
          [
            9.986354049285332,
            46.66884809019654
          ],
          [
            9.986311200716067,
            46.668847176473584
          ],
          [
            9.986263039800422,
            46.66886002596712
          ],
          [
            9.986094313989323,
            46.668956412251724
          ],
          [
            9.98597984058481,
            46.6691091958416
          ],
          [
            9.98580059706064,
            46.66929858270667
          ],
          [
            9.985688989100002,
            46.66939270109674
          ],
          [
            9.98562225771048,
            46.669425415128806
          ],
          [
            9.985405563048747,
            46.669491965910574
          ],
          [
            9.985329182111853,
            46.669525228510636
          ],
          [
            9.985294059065065,
            46.66955865772816
          ],
          [
            9.985230785633044,
            46.66967216167255
          ],
          [
            9.985019764135435,
            46.66975728742575
          ],
          [
            9.984913616292712,
            46.66987185756885
          ],
          [
            9.984804953010984,
            46.66993948440689
          ],
          [
            9.98471513918883,
            46.66998041804113
          ],
          [
            9.984549943520598,
            46.67002343238255
          ],
          [
            9.984449684313727,
            46.670064122233555
          ],
          [
            9.984389461405513,
            46.67010318824567
          ],
          [
            9.98407293861735,
            46.67037299731141
          ],
          [
            9.983808691365548,
            46.670529791130974
          ],
          [
            9.983583750978395,
            46.670597683557226
          ],
          [
            9.983508769746894,
            46.67064210993399
          ],
          [
            9.983459959633617,
            46.67065427067195
          ],
          [
            9.983227420353172,
            46.670661112324424
          ],
          [
            9.983104500722517,
            46.670676845367765
          ],
          [
            9.982919634179593,
            46.67068456559415
          ],
          [
            9.982720878682876,
            46.670788196500624
          ],
          [
            9.982580511064237,
            46.67084985996379
          ],
          [
            9.982451433965693,
            46.67089114653615
          ],
          [
            9.982380254958333,
            46.67090280728195
          ],
          [
            9.98222914858509,
            46.670904183335175
          ],
          [
            9.982167666433376,
            46.67091768848783
          ],
          [
            9.981958798159065,
            46.67100209424763
          ],
          [
            9.981700265112584,
            46.671123843379306
          ],
          [
            9.981620252445245,
            46.67114561012656
          ],
          [
            9.98150952106628,
            46.671157541229995
          ],
          [
            9.981422329403074,
            46.671183455200975
          ],
          [
            9.981185128661945,
            46.67128013824274
          ],
          [
            9.981084405880104,
            46.67129665167549
          ],
          [
            9.980920908230352,
            46.671303126659545
          ],
          [
            9.980803824660333,
            46.67132344306244
          ],
          [
            9.980636976093159,
            46.671364823402214
          ],
          [
            9.980304559807967,
            46.67139844036934
          ],
          [
            9.980014506181524,
            46.67148315975543
          ],
          [
            9.97990313250075,
            46.67154756607238
          ],
          [
            9.97973904127309,
            46.67158422142454
          ],
          [
            9.979475168057915,
            46.67167184749432
          ],
          [
            9.979398537486658,
            46.67167772376781
          ],
          [
            9.979174894151784,
            46.67166476508544
          ],
          [
            9.979102460153948,
            46.671671186586785
          ],
          [
            9.978994287335066,
            46.67171973416314
          ],
          [
            9.978765895208987,
            46.67190315797291
          ],
          [
            9.978551553622292,
            46.67199480751264
          ],
          [
            9.978323679909783,
            46.67214845500069
          ],
          [
            9.97822651699915,
            46.67224401664234
          ],
          [
            9.978168922660878,
            46.67232881385027
          ],
          [
            9.978050019417232,
            46.67244586653887
          ],
          [
            9.978013882407057,
            46.67252485719704
          ],
          [
            9.977966278770571,
            46.67257050552837
          ],
          [
            9.977941679635503,
            46.672614876041386
          ],
          [
            9.977949298245205,
            46.6727868268805
          ],
          [
            9.978044046597722,
            46.672898657957255
          ],
          [
            9.978011366693568,
            46.67295608795964
          ],
          [
            9.973689885538581,
            46.673700432498684
          ],
          [
            9.96629752857245,
            46.676760387575
          ],
          [
            9.966061745087003,
            46.67690180946089
          ],
          [
            9.965594755126972,
            46.677063245551565
          ],
          [
            9.965174006992502,
            46.67747874664314
          ],
          [
            9.964034787218415,
            46.678092238695825
          ],
          [
            9.961602134358479,
            46.67957123168504
          ],
          [
            9.96027306735398,
            46.680147406082206
          ],
          [
            9.960375979940892,
            46.680316662643484
          ],
          [
            9.960724378273882,
            46.680861516658055
          ],
          [
            9.959948034574879,
            46.681625820926804
          ],
          [
            9.959936618895597,
            46.68189092149735
          ],
          [
            9.959907706678251,
            46.68230496599369
          ],
          [
            9.960106435637853,
            46.68247018554248
          ],
          [
            9.960201112230378,
            46.68274689757659
          ],
          [
            9.960413528390845,
            46.68306532062194
          ],
          [
            9.960536816339726,
            46.683322048826874
          ],
          [
            9.96074618822757,
            46.68350836221198
          ],
          [
            9.960934081565325,
            46.68377176915004
          ],
          [
            9.960966273268724,
            46.68396666624325
          ],
          [
            9.961376663767972,
            46.68412039399707
          ],
          [
            9.961524075240789,
            46.68424034256123
          ],
          [
            9.96181757398588,
            46.68432236944375
          ],
          [
            9.962294267935354,
            46.684718962514886
          ],
          [
            9.962786394448761,
            46.684946530570826
          ],
          [
            9.962729619867527,
            46.685190297969534
          ],
          [
            9.962544857437178,
            46.685537171241805
          ],
          [
            9.962433272822,
            46.68595437977736
          ],
          [
            9.9625610968903,
            46.6860706208915
          ],
          [
            9.962501823303477,
            46.68639578702192
          ],
          [
            9.962298340068248,
            46.686636674327914
          ],
          [
            9.962699335582485,
            46.687022981375975
          ],
          [
            9.962521105443608,
            46.68719451234035
          ],
          [
            9.962339261677888,
            46.687262792051534
          ],
          [
            9.962117552735265,
            46.6874549506343
          ],
          [
            9.962028425354708,
            46.68749699310193
          ],
          [
            9.961657249407715,
            46.687595150649635
          ],
          [
            9.961541081712543,
            46.687703924662124
          ],
          [
            9.961319909215652,
            46.68777728548686
          ],
          [
            9.961229381449337,
            46.687835558606245
          ],
          [
            9.960973314268031,
            46.68820328563283
          ],
          [
            9.960854803531776,
            46.6882745800503
          ],
          [
            9.960783403723893,
            46.68852106387641
          ],
          [
            9.960689698032938,
            46.68861827857143
          ],
          [
            9.96053189615114,
            46.688899732029356
          ],
          [
            9.960249867737815,
            46.688913353285734
          ],
          [
            9.960051033370833,
            46.68897395896567
          ],
          [
            9.959915363374034,
            46.6892323133584
          ],
          [
            9.95973470293789,
            46.689172166198524
          ],
          [
            9.95985001359557,
            46.68940601329465
          ],
          [
            9.960014536681987,
            46.68978109098937
          ],
          [
            9.95983403184141,
            46.689811374119074
          ],
          [
            9.959777155833782,
            46.68987896362009
          ],
          [
            9.959569730767965,
            46.690033774086544
          ],
          [
            9.959365495372387,
            46.690135376655235
          ],
          [
            9.958389187137906,
            46.69045750147236
          ],
          [
            9.958184089611374,
            46.69067825593321
          ],
          [
            9.957817795093453,
            46.69081798108495
          ],
          [
            9.957639920754266,
            46.690968588509044
          ],
          [
            9.957367824212385,
            46.6911201261449
          ],
          [
            9.956990911680316,
            46.69142984400169
          ],
          [
            9.956489957653446,
            46.691664116871436
          ],
          [
            9.956084351501259,
            46.691688701867044
          ],
          [
            9.955710599355772,
            46.691847142997425
          ],
          [
            9.955491502168863,
            46.69213404647277
          ],
          [
            9.955290931202061,
            46.692297436416005
          ],
          [
            9.955383618885087,
            46.69256167672854
          ],
          [
            9.955394535390624,
            46.692795718332476
          ],
          [
            9.955548630420546,
            46.693061536448276
          ],
          [
            9.955495243327245,
            46.69314129573401
          ],
          [
            9.955327470452659,
            46.693307984366925
          ],
          [
            9.955452822430962,
            46.69357056729203
          ],
          [
            9.956181658672893,
            46.69379614110601
          ],
          [
            9.956354517528425,
            46.69407176791665
          ],
          [
            9.956664294351116,
            46.69431496598118
          ],
          [
            9.956812052641284,
            46.694365747119456
          ],
          [
            9.95689739706787,
            46.69462851961473
          ],
          [
            9.956886741889416,
            46.69481248401691
          ],
          [
            9.956984540534492,
            46.695106373774216
          ],
          [
            9.95713246988624,
            46.695317695363386
          ],
          [
            9.956936881515862,
            46.695465236636586
          ],
          [
            9.956859839563984,
            46.6958425329713
          ],
          [
            9.956901775567289,
            46.696050184702045
          ],
          [
            9.956789758371185,
            46.69621820839548
          ],
          [
            9.956858513665875,
            46.696704794015986
          ],
          [
            9.956832047045935,
            46.696947419639706
          ],
          [
            9.956871595521672,
            46.697325307822524
          ],
          [
            9.956813584636148,
            46.69750419836663
          ],
          [
            9.95686022644732,
            46.69761786564563
          ],
          [
            9.95711772049721,
            46.69775050827407
          ],
          [
            9.957211449995414,
            46.69799604003579
          ],
          [
            9.95709045180291,
            46.69885447428687
          ],
          [
            9.956679929907727,
            46.699329004813144
          ],
          [
            9.95662201207198,
            46.699605526616864
          ],
          [
            9.956441350454925,
            46.69991545934129
          ],
          [
            9.95604044840032,
            46.70036487132501
          ],
          [
            9.955588228294358,
            46.70088906306179
          ],
          [
            9.954996229895308,
            46.70130161405379
          ],
          [
            9.954630384656117,
            46.70154974167407
          ],
          [
            9.954217330987579,
            46.70175989437608
          ],
          [
            9.954057581887497,
            46.702019923548356
          ],
          [
            9.953857563951964,
            46.70221457312271
          ],
          [
            9.953815499153912,
            46.7023233318546
          ],
          [
            9.953824105794062,
            46.70242066730874
          ],
          [
            9.953952774837937,
            46.702673008596946
          ],
          [
            9.953959141591062,
            46.70287717997225
          ],
          [
            9.954020858955076,
            46.7032524733208
          ],
          [
            9.953988012317632,
            46.70358896586067
          ],
          [
            9.953609337965593,
            46.70366841346359
          ],
          [
            9.953245528580617,
            46.704072958294184
          ],
          [
            9.953055036219075,
            46.70437508250194
          ],
          [
            9.952451836867647,
            46.70472480209151
          ],
          [
            9.952444498522365,
            46.70545618756447
          ],
          [
            9.952643349832018,
            46.705777669467665
          ],
          [
            9.953174844064659,
            46.70608624272575
          ],
          [
            9.953654381744407,
            46.7063800297457
          ],
          [
            9.954079816363912,
            46.70673367154346
          ],
          [
            9.95454482906683,
            46.70689168466534
          ],
          [
            9.954758727152107,
            46.707154735324565
          ],
          [
            9.954999468722225,
            46.70719777000062
          ],
          [
            9.955420072386973,
            46.707596721383425
          ],
          [
            9.955780946777066,
            46.707712865186174
          ],
          [
            9.955377624398768,
            46.71091573476452
          ],
          [
            9.957480743985496,
            46.71137329360933
          ],
          [
            9.95899313683739,
            46.71310482153315
          ],
          [
            9.959533877027285,
            46.71543562837517
          ],
          [
            9.95844421201475,
            46.71737585321452
          ],
          [
            9.953765040768463,
            46.72127373226674
          ],
          [
            9.953401166838264,
            46.72123880045759
          ],
          [
            9.952854350908387,
            46.721235000808754
          ],
          [
            9.952889277712368,
            46.72144801014164
          ],
          [
            9.952730674548961,
            46.72161133107891
          ],
          [
            9.951590342857893,
            46.72185315450421
          ],
          [
            9.950871773878363,
            46.72197001451616
          ],
          [
            9.95023073256521,
            46.722008535498276
          ],
          [
            9.95003448072865,
            46.7218340532317
          ],
          [
            9.949449929461048,
            46.72166355855168
          ],
          [
            9.948610803960724,
            46.721665463690464
          ],
          [
            9.948384012458174,
            46.721501074063
          ],
          [
            9.948088610824184,
            46.7216373928682
          ],
          [
            9.947614493339323,
            46.72173464101545
          ],
          [
            9.947150518348407,
            46.7218026657577
          ],
          [
            9.947077848506394,
            46.72245713937034
          ],
          [
            9.94704685001547,
            46.72269386642076
          ],
          [
            9.946879210950417,
            46.723180534375494
          ],
          [
            9.946718211236082,
            46.723427887859245
          ],
          [
            9.94671640980881,
            46.72357768879638
          ],
          [
            9.946773698886643,
            46.724017333571794
          ],
          [
            9.946433766756039,
            46.7241288418894
          ],
          [
            9.946214359969114,
            46.72408984557281
          ],
          [
            9.94483649360451,
            46.72366634448661
          ],
          [
            9.944649566768815,
            46.72368917285398
          ],
          [
            9.9442576208203,
            46.723909638558396
          ],
          [
            9.943652234747598,
            46.72427479691778
          ],
          [
            9.943414289787931,
            46.72465743257259
          ],
          [
            9.943295981753328,
            46.72479306118308
          ],
          [
            9.943032944207884,
            46.72501537991313
          ],
          [
            9.942472412398331,
            46.725474326057586
          ],
          [
            9.942284322184971,
            46.72585026629945
          ],
          [
            9.942659670191775,
            46.72616253502559
          ],
          [
            9.94307911830615,
            46.726749883999936
          ],
          [
            9.94336200397736,
            46.72698709567402
          ],
          [
            9.943508437451428,
            46.72722551298935
          ],
          [
            9.943668285067938,
            46.72745711042899
          ],
          [
            9.94365313313062,
            46.72757637910595
          ],
          [
            9.943670693564274,
            46.72768673014449
          ],
          [
            9.94382750138941,
            46.727883842922814
          ],
          [
            9.943989903577545,
            46.72846613434293
          ],
          [
            9.944068674052813,
            46.728627052955986
          ],
          [
            9.944282569722443,
            46.728929030725475
          ],
          [
            9.944420442262217,
            46.72920299637163
          ],
          [
            9.94451001129541,
            46.729444138025045
          ],
          [
            9.944574239261492,
            46.72965651424884
          ],
          [
            9.944293911392304,
            46.73009499180352
          ],
          [
            9.944108565834247,
            46.7304244431533
          ],
          [
            9.943888855481179,
            46.73080001835302
          ],
          [
            9.943707437547664,
            46.73106423120288
          ],
          [
            9.943512141713688,
            46.73122190882655
          ],
          [
            9.943432031722821,
            46.73174139668714
          ],
          [
            9.943453584468225,
            46.732114047738406
          ],
          [
            9.943456725697207,
            46.73242200572814
          ],
          [
            9.943176125034977,
            46.732718725981925
          ],
          [
            9.942800097821953,
            46.733104229293886
          ],
          [
            9.942533004182648,
            46.73327676548058
          ],
          [
            9.942361273788427,
            46.73368564594382
          ],
          [
            9.941788063233577,
            46.73391190718955
          ],
          [
            9.94185029795785,
            46.734325911580825
          ],
          [
            9.941855295583803,
            46.73455591516335
          ],
          [
            9.941826778482186,
            46.73499249443333
          ],
          [
            9.941881839707726,
            46.735290870599236
          ],
          [
            9.941921081084267,
            46.735397091913164
          ],
          [
            9.942021484500232,
            46.73554512602598
          ],
          [
            9.941688015666964,
            46.735724021729105
          ],
          [
            9.941381299005492,
            46.736098287388636
          ],
          [
            9.94116916924325,
            46.73638200637294
          ],
          [
            9.941010448216623,
            46.736655040104296
          ],
          [
            9.940802307662,
            46.737201652032084
          ],
          [
            9.940482033670577,
            46.73729141498823
          ],
          [
            9.940499288663798,
            46.73758341185222
          ],
          [
            9.940234118840936,
            46.73785643916493
          ],
          [
            9.940354606521472,
            46.73811653470979
          ],
          [
            9.940114462632952,
            46.738060295320224
          ],
          [
            9.939794825811914,
            46.7381362721684
          ],
          [
            9.939531077233989,
            46.738557749133086
          ],
          [
            9.939354803891739,
            46.73882861800267
          ],
          [
            9.939474679987867,
            46.739056102679136
          ],
          [
            9.93938731840482,
            46.739305204036235
          ],
          [
            9.939296325376962,
            46.73959852108534
          ],
          [
            9.939089274657194,
            46.739618009197585
          ],
          [
            9.938918737510575,
            46.73977726807815
          ],
          [
            9.938819401947164,
            46.73993142001898
          ],
          [
            9.938720299231973,
            46.74012702090237
          ],
          [
            9.938629068782106,
            46.740247919880034
          ],
          [
            9.938593854823202,
            46.74055849974506
          ],
          [
            9.938496402173348,
            46.740804689383836
          ],
          [
            9.938403428314654,
            46.74095889045422
          ],
          [
            9.938108918629554,
            46.74133355341457
          ],
          [
            9.93798087431323,
            46.74172814828974
          ],
          [
            9.937309790582376,
            46.74224899377968
          ],
          [
            9.93655795598049,
            46.7433818227393
          ],
          [
            9.936908864454598,
            46.743586052600634
          ],
          [
            9.937114393958511,
            46.743767572624776
          ],
          [
            9.937139317663348,
            46.74386550497489
          ],
          [
            9.936985518812135,
            46.74428774347451
          ],
          [
            9.936978607502034,
            46.74462026561607
          ],
          [
            9.936533982096055,
            46.74494111512383
          ],
          [
            9.93631288659091,
            46.7450111523494
          ],
          [
            9.93637024735021,
            46.745398589200185
          ],
          [
            9.936549533694409,
            46.74584010143171
          ],
          [
            9.936375507131352,
            46.74612016742955
          ],
          [
            9.936139237763708,
            46.74621660947524
          ],
          [
            9.935553271860156,
            46.74666385813569
          ],
          [
            9.9355472684288,
            46.74698423700541
          ],
          [
            9.935246660586547,
            46.747388652655886
          ],
          [
            9.935115745498363,
            46.74778336907634
          ],
          [
            9.9349777259115,
            46.748078439638704
          ],
          [
            9.934567702476722,
            46.74827622219432
          ],
          [
            9.934380946374347,
            46.74852494614236
          ],
          [
            9.934354978969834,
            46.748871573476826
          ],
          [
            9.933245309528042,
            46.749211131490625
          ],
          [
            9.932991428272429,
            46.7496008026976
          ],
          [
            9.945422618321885,
            46.75195600075835
          ],
          [
            9.94912089093363,
            46.75211195975136
          ],
          [
            9.95077088509521,
            46.75059687614817
          ],
          [
            9.952950468370709,
            46.75086570056613
          ],
          [
            9.958284947813338,
            46.75316092722854
          ],
          [
            9.958660182085087,
            46.75324593475798
          ],
          [
            9.958837244674543,
            46.75336011393929
          ],
          [
            9.958897765324053,
            46.75355999213049
          ],
          [
            9.95896334390554,
            46.75362131915212
          ],
          [
            9.95958284010442,
            46.753907344871074
          ],
          [
            9.960142558181138,
            46.754145367962586
          ],
          [
            9.960534587991956,
            46.75414833146868
          ],
          [
            9.960827468612083,
            46.754162881588904
          ],
          [
            9.961617939415342,
            46.75428197205851
          ],
          [
            9.962521608063506,
            46.75443520156199
          ],
          [
            9.963897536094207,
            46.75473225236387
          ],
          [
            9.964586903045841,
            46.75532689411401
          ],
          [
            9.964883566655637,
            46.75545857669592
          ],
          [
            9.965171778503858,
            46.75558117557449
          ],
          [
            9.965545562120157,
            46.755840192380134
          ],
          [
            9.96662348928654,
            46.75672288734565
          ],
          [
            9.966533937644773,
            46.75700086898402
          ],
          [
            9.966511166849562,
            46.757298818302566
          ],
          [
            9.966224026015896,
            46.757867776630164
          ],
          [
            9.965710141204063,
            46.758156182502994
          ],
          [
            9.9655870425006,
            46.758410956866555
          ],
          [
            9.965265002664184,
            46.758574708282204
          ],
          [
            9.965139852497428,
            46.75888048612485
          ],
          [
            9.964891726767243,
            46.75912812777772
          ],
          [
            9.965034227680789,
            46.75938740689731
          ],
          [
            9.964584044333728,
            46.76020434998167
          ],
          [
            9.96439296737899,
            46.760922458895074
          ],
          [
            9.964590353987065,
            46.76106205530378
          ],
          [
            9.964998661087597,
            46.761221165114655
          ],
          [
            9.965410401611651,
            46.76137468042189
          ],
          [
            9.965490252609268,
            46.76149507067579
          ],
          [
            9.96611540572772,
            46.761690136062604
          ],
          [
            9.966361551813463,
            46.76194125892844
          ],
          [
            9.966594140482306,
            46.76200635236025
          ],
          [
            9.966630861577634,
            46.76211406218831
          ],
          [
            9.966920138798544,
            46.76243912733724
          ],
          [
            9.967025544426063,
            46.76283217580232
          ],
          [
            9.969936295125533,
            46.76511359867869
          ],
          [
            9.970385408117279,
            46.76502569471349
          ],
          [
            9.970652243866498,
            46.7652099020889
          ],
          [
            9.971376923420229,
            46.76539102247008
          ],
          [
            9.971716720727567,
            46.76559811547371
          ],
          [
            9.972097638030956,
            46.76570861430321
          ],
          [
            9.972402820595219,
            46.76604546364249
          ],
          [
            9.9731093747781,
            46.7663459935386
          ],
          [
            9.973338845237125,
            46.76652992677207
          ],
          [
            9.973529569974913,
            46.7666904018629
          ],
          [
            9.973823188776528,
            46.766847141897955
          ],
          [
            9.974074032640956,
            46.76721908871351
          ],
          [
            9.97436680128467,
            46.76738772650324
          ],
          [
            9.974436249863924,
            46.767464583535975
          ],
          [
            9.974606288437444,
            46.76777010375246
          ],
          [
            9.97575794052753,
            46.76808884287626
          ],
          [
            9.977256694301209,
            46.76835457941552
          ],
          [
            9.987258926792098,
            46.77272245735576
          ],
          [
            9.988021904642428,
            46.77895359949538
          ],
          [
            9.989134514034951,
            46.78289593977623
          ],
          [
            9.989633244337288,
            46.783248699769985
          ],
          [
            9.990358690765564,
            46.78389550195515
          ],
          [
            9.99102499952808,
            46.784478478832526
          ],
          [
            9.99122956034253,
            46.78543606878905
          ],
          [
            9.992364693319121,
            46.78603236918115
          ],
          [
            9.992956055214147,
            46.78629247467779
          ],
          [
            9.993268016473023,
            46.78721149590376
          ],
          [
            9.99322114113188,
            46.7875956734936
          ],
          [
            9.993516016429485,
            46.78895340322099
          ],
          [
            9.993796024821215,
            46.78919285067685
          ],
          [
            9.99440042534846,
            46.789385255338985
          ],
          [
            9.995075871195606,
            46.78947397699186
          ],
          [
            9.995189953087396,
            46.78951430831749
          ],
          [
            9.995432427950524,
            46.78965489738799
          ],
          [
            9.996061202758613,
            46.79031567541591
          ],
          [
            9.996795802131597,
            46.790492695043135
          ],
          [
            9.997127696254731,
            46.79076463291941
          ],
          [
            9.998009364701758,
            46.79120649192753
          ],
          [
            9.998322999624287,
            46.79193358866187
          ],
          [
            9.998801509191102,
            46.79238774693464
          ],
          [
            9.999582919982855,
            46.79321935513875
          ],
          [
            9.999987378792468,
            46.79369985730366
          ],
          [
            10.000996644514679,
            46.79398557680452
          ],
          [
            10.001864629089354,
            46.79406268455414
          ],
          [
            10.002520632922876,
            46.794092182803254
          ],
          [
            10.00387641097344,
            46.79419101862826
          ],
          [
            10.004978661375326,
            46.79401802451901
          ],
          [
            10.006086789213146,
            46.79377823181033
          ],
          [
            10.007141101112676,
            46.79410642792354
          ],
          [
            10.017297398274145,
            46.79464370461642
          ],
          [
            10.020616504259484,
            46.7951127358435
          ],
          [
            10.027678633187774,
            46.80070190307321
          ],
          [
            10.031183358404231,
            46.81106110709734
          ],
          [
            10.031465960211108,
            46.81080160362452
          ],
          [
            10.03170183939766,
            46.81075440614034
          ],
          [
            10.03178375556893,
            46.81069720347674
          ],
          [
            10.032931292368845,
            46.81031111333981
          ],
          [
            10.033306576828066,
            46.810287746725294
          ],
          [
            10.034126513344034,
            46.81012808160711
          ],
          [
            10.034903420807824,
            46.81020081360403
          ],
          [
            10.035898856708771,
            46.81016430243793
          ],
          [
            10.037978666374139,
            46.81036733980781
          ],
          [
            10.038596687421446,
            46.81021011346903
          ],
          [
            10.03933512524837,
            46.809779375926745
          ],
          [
            10.042098133837884,
            46.80969885703566
          ],
          [
            10.043742041738266,
            46.80933131111416
          ],
          [
            10.044122669587669,
            46.80938822291192
          ],
          [
            10.044710461178305,
            46.809635336044735
          ],
          [
            10.045350754837003,
            46.810180986626385
          ],
          [
            10.0454749963489,
            46.81074156379226
          ],
          [
            10.046055979729251,
            46.81095457949244
          ],
          [
            10.04658327876548,
            46.81097288049527
          ],
          [
            10.04676136881445,
            46.81127138771583
          ],
          [
            10.047660746535275,
            46.81171887393697
          ],
          [
            10.04924077775418,
            46.812207041066806
          ],
          [
            10.049931608401387,
            46.812059447418335
          ],
          [
            10.05057153420914,
            46.812156446564664
          ],
          [
            10.05144622389173,
            46.81246864398814
          ],
          [
            10.052268669318668,
            46.812559964263954
          ],
          [
            10.053124497933135,
            46.81291184043421
          ],
          [
            10.053560526720172,
            46.812831142680686
          ],
          [
            10.054159429877961,
            46.81301436686018
          ],
          [
            10.055164107979381,
            46.8128468725402
          ],
          [
            10.056305653967865,
            46.812848877948696
          ],
          [
            10.057497383554963,
            46.81309259689604
          ],
          [
            10.057881545120603,
            46.81312882584547
          ],
          [
            10.058171477867704,
            46.81315139196959
          ],
          [
            10.058899329746524,
            46.813361677598905
          ],
          [
            10.060390858310807,
            46.813119838396794
          ],
          [
            10.061017597216654,
            46.813180909806384
          ],
          [
            10.062161698284394,
            46.81308771787831
          ],
          [
            10.061910681502074,
            46.81398892502982
          ],
          [
            10.061908408730591,
            46.81468402470108
          ],
          [
            10.062454069967796,
            46.81542216139871
          ],
          [
            10.06276534444361,
            46.81641045582417
          ],
          [
            10.063508113856836,
            46.81693478205651
          ],
          [
            10.06383800598487,
            46.81734314572327
          ],
          [
            10.06401333762142,
            46.817761442329335
          ],
          [
            10.06399609528277,
            46.81811330467122
          ],
          [
            10.064068821668224,
            46.81853372539496
          ],
          [
            10.064575122225902,
            46.81927204675227
          ],
          [
            10.065069442381777,
            46.820347121972205
          ],
          [
            10.065457693288439,
            46.820885896767194
          ],
          [
            10.06605651139092,
            46.821481003297016
          ],
          [
            10.06605621838875,
            46.82172803540147
          ],
          [
            10.067176499489848,
            46.82240650102189
          ],
          [
            10.068497584598472,
            46.822918317141735
          ],
          [
            10.06929233185201,
            46.823761845151864
          ],
          [
            10.069841456253865,
            46.82384744748026
          ],
          [
            10.070754643950275,
            46.82464749309093
          ],
          [
            10.070950170528965,
            46.825161277676244
          ],
          [
            10.07166789011933,
            46.825510893621924
          ],
          [
            10.07254562911032,
            46.82635553010209
          ],
          [
            10.07415534358762,
            46.82698974058795
          ],
          [
            10.074435124872876,
            46.827123827893956
          ],
          [
            10.07468800355182,
            46.82726148742452
          ],
          [
            10.074203899325203,
            46.82739029201254
          ],
          [
            10.073425313760355,
            46.82790337346814
          ],
          [
            10.073268907988952,
            46.827863697302085
          ],
          [
            10.073077570629303,
            46.82786505835417
          ],
          [
            10.072799923098396,
            46.82790666096564
          ],
          [
            10.072486680574992,
            46.82803900679673
          ],
          [
            10.072391681617145,
            46.82812117465569
          ],
          [
            10.072164043539647,
            46.8286349013526
          ],
          [
            10.072068661570377,
            46.82883737744746
          ],
          [
            10.071911813579428,
            46.82902749948656
          ],
          [
            10.07163434940348,
            46.829222021106894
          ],
          [
            10.070829753740432,
            46.829342409535364
          ],
          [
            10.068968164342,
            46.82985903762531
          ],
          [
            10.06935057731073,
            46.830837137574015
          ],
          [
            10.070776498567053,
            46.83154967555113
          ],
          [
            10.071217998526274,
            46.83192967200786
          ],
          [
            10.071393240393581,
            46.832373198065355
          ],
          [
            10.071597783296214,
            46.832614079244195
          ],
          [
            10.071737744369777,
            46.833142148763166
          ],
          [
            10.07238251050471,
            46.83419700657042
          ],
          [
            10.07246809082652,
            46.83451732101081
          ],
          [
            10.072564931842805,
            46.83473890220628
          ],
          [
            10.072574998833396,
            46.834832841559965
          ],
          [
            10.072502374238173,
            46.835048959683206
          ],
          [
            10.073231373186983,
            46.835240567155694
          ],
          [
            10.073884983977697,
            46.83502147324316
          ],
          [
            10.075456174908657,
            46.83549125746562
          ],
          [
            10.076448585502002,
            46.83591934562444
          ],
          [
            10.076906596801988,
            46.83585314881702
          ],
          [
            10.078274203995019,
            46.83534907664958
          ],
          [
            10.078560761047259,
            46.8350798775061
          ],
          [
            10.079233961719611,
            46.83479646867614
          ],
          [
            10.079645616260063,
            46.834498409244084
          ],
          [
            10.08238098931501,
            46.83640059130505
          ],
          [
            10.082021577762186,
            46.83872625339397
          ],
          [
            10.082523765563517,
            46.83899445952694
          ],
          [
            10.082697980475245,
            46.83943525809385
          ],
          [
            10.083786470607304,
            46.83959945485241
          ],
          [
            10.084262139105665,
            46.83987348782669
          ],
          [
            10.084336256720043,
            46.84031517052187
          ],
          [
            10.084383467714568,
            46.84083863326558
          ],
          [
            10.084910192259676,
            46.841034617806166
          ],
          [
            10.085106574139955,
            46.8415215402474
          ],
          [
            10.085237180563402,
            46.84167971380572
          ],
          [
            10.085047677576751,
            46.842038873587086
          ],
          [
            10.085061631552769,
            46.842757273163855
          ],
          [
            10.08613665445215,
            46.843147942691196
          ],
          [
            10.0867427878988,
            46.84323052796362
          ],
          [
            10.087077230129744,
            46.84340276011352
          ],
          [
            10.087238995475301,
            46.843672742309245
          ],
          [
            10.089472059698242,
            46.84596878523111
          ],
          [
            10.09692521076771,
            46.84879101640607
          ],
          [
            10.097065340843422,
            46.84858944010448
          ],
          [
            10.097039821924247,
            46.84854557121272
          ],
          [
            10.097080857718217,
            46.848454791748004
          ],
          [
            10.097315371851447,
            46.84824440428652
          ],
          [
            10.09740944104573,
            46.848021613721016
          ],
          [
            10.097588262606662,
            46.84793753815529
          ],
          [
            10.097707716265518,
            46.84777716023445
          ],
          [
            10.097822343275686,
            46.84774182144099
          ],
          [
            10.098001811296179,
            46.84752489172283
          ],
          [
            10.098287117683746,
            46.847378834846246
          ],
          [
            10.098436310338018,
            46.84720976255404
          ],
          [
            10.098676708497651,
            46.84715547486255
          ],
          [
            10.098875591446058,
            46.84716362645478
          ],
          [
            10.099123240883964,
            46.847120959689605
          ],
          [
            10.09920259558269,
            46.847019935786044
          ],
          [
            10.099417529334863,
            46.846957418793046
          ],
          [
            10.099527987648017,
            46.84683838052337
          ],
          [
            10.099865373095268,
            46.84670281663829
          ],
          [
            10.100202398873288,
            46.84637492812581
          ],
          [
            10.100534384297653,
            46.846228678289684
          ],
          [
            10.10055465079382,
            46.846121280134696
          ],
          [
            10.100934187431255,
            46.84587033456582
          ],
          [
            10.100957913820622,
            46.845716233034366
          ],
          [
            10.101053255710529,
            46.84564705711959
          ],
          [
            10.101043215114844,
            46.84556079605298
          ],
          [
            10.101153039235195,
            46.845399648385815
          ],
          [
            10.101286125414031,
            46.84533534424179
          ],
          [
            10.10143133314843,
            46.845329899920664
          ],
          [
            10.101673781828378,
            46.845190052923186
          ],
          [
            10.101671454062586,
            46.84513772413417
          ],
          [
            10.101777438179926,
            46.845121663669495
          ],
          [
            10.10202066919036,
            46.844950223826274
          ],
          [
            10.102095992283159,
            46.84480238091133
          ],
          [
            10.102575883527626,
            46.84422094941305
          ],
          [
            10.102708543945889,
            46.84377990038558
          ],
          [
            10.102805151465303,
            46.843664871669446
          ],
          [
            10.10284640336276,
            46.84335646996017
          ],
          [
            10.10294784028205,
            46.84305051730106
          ],
          [
            10.103922938894009,
            46.8424543737766
          ],
          [
            10.104194833684412,
            46.842176134969876
          ],
          [
            10.104546137459396,
            46.841653037491035
          ],
          [
            10.104578975397361,
            46.84150332153839
          ],
          [
            10.104716472829212,
            46.84137689642762
          ],
          [
            10.10489917617013,
            46.84130485072304
          ],
          [
            10.104977277844258,
            46.84123398530842
          ],
          [
            10.105159328809396,
            46.84090237881665
          ]
        ]
      }
    }
  ]
}