{"type": "FeatureCollection", "features": [{"type": "Feature", "properties": {"bfs_nummer": 3792}, "geometry": {"type": "MultiPolygon", "coordinates": [[[[9.605693741045682, 46.410278513168166], [9.605786205656194, 46.410223200846445], [9.605990186705874, 46.40984154329591], [9.606368498601192, 46.40963830690439], [9.606580461046848, 46.40942783083126], [9.606574949123443, 46.40927009067397], [9.606629121058074, 46.40916330567842], [9.606760150804789, 46.40903231959024], [9.607072187991896, 46.40874883432925], [9.60721973606364, 46.40846812753973], [9.607397470519945, 46.40830438029123], [9.60749657048346, 46.40804985666002], [9.607666091664951, 46.407959599375964], [9.607794701286869, 46.40778028709319], [9.607725622968415, 46.40768238584891], [9.60774693188788, 46.40748778741873], [9.60789997876362, 46.407305414864275], [9.6078886781194, 46.407168889744916], [9.607667083425358, 46.407030527420616], [9.610243708627486, 46.40625271372025], [9.610588881696643, 46.406265395215385], [9.610974819665827, 46.40618543644416], [9.611549790430113, 46.4061794966699], [9.612433687256987, 46.406250327786296], [9.61302875767098, 46.40638452787849], [9.61326662571989, 46.40645416280631], [9.613479080765773, 46.406459374548994], [9.613797187536376, 46.40657436282656], [9.614340070785017, 46.406576190703554], [9.615121673785126, 46.40675147186506], [9.61571389381385, 46.4068055670581], [9.616367565096695, 46.406732209457914], [9.616886599863475, 46.406595266385786], [9.61757408304257, 46.40649220380778], [9.618035570677208, 46.406288857602114], [9.618418220546461, 46.4063405795716], [9.619218848002847, 46.40616952638294], [9.627724725363604, 46.406144859468654], [9.627737504798906, 46.40614045504673], [9.630715389825465, 46.40513593089898], [9.632421537650652, 46.404776833857795], [9.63852537683743, 46.40454512727483], [9.63850594459733, 46.40472835139317], [9.638352606568787, 46.40486270759188], [9.63832317309078, 46.4049488254867], [9.638343138063114, 46.405043038318304], [9.638337862961166, 46.40510061895927], [9.638303721057696, 46.40515692388243], [9.63823967228028, 46.40522031540689], [9.638159753820407, 46.4052693099743], [9.637799732365448, 46.405397784160286], [9.637717087452076, 46.405491215369075], [9.637434854032728, 46.40556950316561], [9.638690374771054, 46.406811166597336], [9.642725058066688, 46.406676489138704], [9.643509207815065, 46.406899452382824], [9.64373445609313, 46.407160690601906], [9.64377858463893, 46.407352423324504], [9.644009502263858, 46.40750564237304], [9.644245006534225, 46.40772141471863], [9.644519421652868, 46.4078788622899], [9.644642212536768, 46.40799223011972], [9.644721392068098, 46.408178782123095], [9.645132982150393, 46.40855621554059], [9.645185682493375, 46.40878097204481], [9.645152272106731, 46.40893731922961], [9.645358278408574, 46.40933651384373], [9.645480535719734, 46.409694313422214], [9.645892365181242, 46.409982147955674], [9.645957565504073, 46.41041834200062], [9.646173452445598, 46.41071479579393], [9.646233874167558, 46.41090789538937], [9.646316061453842, 46.41103669508186], [9.646403250719864, 46.41122573668721], [9.64684666655518, 46.41156485155658], [9.646881824677566, 46.41175635480425], [9.647021884223062, 46.4118279245348], [9.64708424574467, 46.41198042396586], [9.647998806607166, 46.41245699850211], [9.648156246832288, 46.412661887464324], [9.648138870439483, 46.41287506751303], [9.64819029179448, 46.413025199984666], [9.648185279370294, 46.413189238901936], [9.648293597385281, 46.413327824299955], [9.65255331878606, 46.414348642066564], [9.656498057037297, 46.414576561108106], [9.663453891077808, 46.413583344467575], [9.663253790051273, 46.414446451901455], [9.663599371263052, 46.415794786344065], [9.663549903457517, 46.41595218250722], [9.663716478998424, 46.41636450822029], [9.663722399159234, 46.416583021023165], [9.663833515391815, 46.4167091247037], [9.664166014018255, 46.41724036100805], [9.664167561252247, 46.41731864297371], [9.664243231842145, 46.41755344199946], [9.664391376987577, 46.41781885751335], [9.664214345899486, 46.41797550041396], [9.664174699528127, 46.418176874065765], [9.66422826782035, 46.41919819795078], [9.664153288193761, 46.41934657375958], [9.66392321098051, 46.420667220014344], [9.663933524008936, 46.42083577273751], [9.664294517626374, 46.42113711739777], [9.664645017176971, 46.4212780509103], [9.664825025142044, 46.42145934446547], [9.665036003160164, 46.4215391562477], [9.665551019044283, 46.42169591761443], [9.66561366282624, 46.42162234284439], [9.665743203378494, 46.42161556880303], [9.665822640544542, 46.42180200400261], [9.66600243653327, 46.42184521585904], [9.666056861378697, 46.421880774639504], [9.666226207178704, 46.421920185619676], [9.66632708872098, 46.42201178866004], [9.66659379302661, 46.4220598619917], [9.666691770669917, 46.42200666814685], [9.666921921462826, 46.42209371452942], [9.667046910093028, 46.422234195951745], [9.667213010708744, 46.422262611839194], [9.667475743449918, 46.42226378188085], [9.66770636969802, 46.42241238929472], [9.667930516389392, 46.42251819074985], [9.673487945179705, 46.4226740345154], [9.674368974207669, 46.42284525043469], [9.675620666339897, 46.4229198879459], [9.675980427784314, 46.422891001053664], [9.676363050001566, 46.42267309982008], [9.67709286555218, 46.42256252135451], [9.677568788971106, 46.422231769788326], [9.677993605226986, 46.42212426043302], [9.67864568771112, 46.421846191086324], [9.678960168164604, 46.42136907643074], [9.67990589085913, 46.42099490237118], [9.680196485594406, 46.42073762076844], [9.680650447332404, 46.420487140118354], [9.681027230403759, 46.42025760206376], [9.681339406377814, 46.42014110510043], [9.681542753045372, 46.42011427698083], [9.681863334789437, 46.42023671954058], [9.682372750371638, 46.42027837268806], [9.682446941148681, 46.419921390038496], [9.68210884656899, 46.41948500909734], [9.683055630910422, 46.41905640552697], [9.68340465503785, 46.418820318561416], [9.683413846831783, 46.417986615734236], [9.684025976264362, 46.41761803034533], [9.68463944846223, 46.41745234247996], [9.6881466142878, 46.41794630655913], [9.690433437218202, 46.41841817693172], [9.691726855165774, 46.41917124433177], [9.693938848801778, 46.41896439892457], [9.694639078102036, 46.41907566633964], [9.69668540892924, 46.417823106686306], [9.697950992633233, 46.41713182976584], [9.699069328456828, 46.41632142039696], [9.70081683825297, 46.41502861366323], [9.70127150629341, 46.41448128355404], [9.702881050443763, 46.41461221697003], [9.703357295388354, 46.41486355230351], [9.703851194917776, 46.41496735673092], [9.704438184511218, 46.415016680178226], [9.70504065064698, 46.41510908616716], [9.705279258360804, 46.4150411673205], [9.70559820581224, 46.41510100046297], [9.706050257635052, 46.4152827384347], [9.705880327061655, 46.41597830894325], [9.706038257312771, 46.416284616370284], [9.706916746435391, 46.4172666928028], [9.71807913171895, 46.41758115065772], [9.721480544166393, 46.41856129976411], [9.724812334871917, 46.41892630726758], [9.725267149629154, 46.41898265060576], [9.725800626354847, 46.41903469428719], [9.727412355474153, 46.41921213172697], [9.728081836685583, 46.41928236352449], [9.748523846058541, 46.41936041499557], [9.748942423339964, 46.418786152290636], [9.749281357364811, 46.418308052507925], [9.749715242946968, 46.41771709540653], [9.749750007566632, 46.41731139956473], [9.750089780777545, 46.41423431748102], [9.750068219065383, 46.41393904891092], [9.750028804942291, 46.41362485719688], [9.75093055571904, 46.41268871174238], [9.75160495743393, 46.41195859534131], [9.752832625233186, 46.41066699724248], [9.753121938185885, 46.40928117230805], [9.753283485397734, 46.408544567712916], [9.753769741544206, 46.406485458493016], [9.754414791600867, 46.404757714793284], [9.755771563609258, 46.40277366201115], [9.756597305308134, 46.40241512792562], [9.756736206498166, 46.40201912335558], [9.756877203492426, 46.401242594015585], [9.75811130808147, 46.39987771926216], [9.758337062341274, 46.39931738734214], [9.75949782321482, 46.398102475689626], [9.759661049018883, 46.39784437269669], [9.760272693857065, 46.397358314293044], [9.761030312380417, 46.39612667875864], [9.760681518574987, 46.39476054888951], [9.760698357390476, 46.39443153974719], [9.76075627421809, 46.394208666473254], [9.760994704615038, 46.39367189842554], [9.761264165275886, 46.39294100167712], [9.761348830898468, 46.392555192210786], [9.761598878006193, 46.39215917940934], [9.762308969918397, 46.391676911274224], [9.762321126855241, 46.39043520287798], [9.762752466184846, 46.3898261731982], [9.762906007300268, 46.38894887021526], [9.763298307415226, 46.3877409459556], [9.764277055557203, 46.38671105794552], [9.764598182510815, 46.38627958805061], [9.765068428857477, 46.385251517274284], [9.76477026237597, 46.38432998646117], [9.765161007869107, 46.38386726686686], [9.765756654511543, 46.38255769637946], [9.765447774853433, 46.38147131329115], [9.765623103011048, 46.381212738432865], [9.765450401943312, 46.38079516638023], [9.76581312824349, 46.380555552884], [9.766254440391796, 46.380050909611036], [9.766260019571238, 46.379566774450524], [9.765780375503994, 46.37852256272554], [9.765853869542031, 46.378244144586375], [9.76617740975099, 46.377829195399165], [9.766298048376672, 46.37756893263826], [9.766295347314086, 46.37726853618142], [9.76646523802979, 46.37714135506798], [9.766626588872017, 46.376825358757955], [9.76675725403577, 46.37638087606405], [9.7665401159575, 46.376185381486884], [9.766305623305987, 46.375896949185886], [9.766464462873225, 46.37551220917257], [9.766345895349168, 46.375066538076965], [9.76649027570003, 46.37450696910542], [9.766839646304929, 46.37434418474424], [9.766926449054555, 46.37413776670347], [9.767146502397196, 46.373896607189124], [9.766990028454993, 46.37235161820337], [9.767200117141208, 46.37160785172201], [9.766986069393315, 46.37114820740796], [9.767606114284504, 46.37074771064676], [9.767924282257727, 46.370206988383245], [9.76812237800691, 46.36998482589202], [9.76840553723217, 46.369497609496115], [9.768737737282695, 46.3688822787281], [9.769251782146307, 46.368202527382834], [9.769139955619197, 46.367693850388896], [9.769224247672842, 46.36711617974394], [9.769161954343438, 46.36674463798409], [9.769194220889899, 46.36642719900721], [9.76887973992764, 46.36603878789942], [9.76932256806436, 46.36575439760564], [9.769461498356328, 46.36550359963925], [9.770255234468602, 46.364714954873435], [9.77023929367171, 46.36429233630211], [9.770357490271353, 46.36391309004637], [9.770450431020672, 46.36365138534492], [9.770475033849369, 46.36328927362647], [9.771193717455223, 46.36212429278626], [9.771842562444952, 46.361689118532134], [9.772188132428447, 46.361539014378664], [9.772585682775066, 46.36114604524503], [9.772763569916181, 46.36074077766626], [9.77279653096814, 46.360056009984724], [9.772999127269117, 46.35972879209059], [9.773091889628336, 46.35952419874329], [9.773122718791198, 46.359359066846935], [9.773122196752515, 46.35864350424386], [9.773316911804221, 46.35806955760822], [9.77372479772225, 46.35696958715736], [9.77368897947505, 46.35665134619006], [9.773608148600706, 46.356304771080914], [9.773474366797279, 46.356051615696174], [9.773308907530502, 46.355783002697194], [9.773316845485787, 46.355595205021686], [9.773312333374085, 46.354615319041194], [9.773233347174152, 46.354306727371906], [9.773102686600373, 46.35398947042771], [9.772993425730904, 46.353838284230584], [9.773119390014, 46.3535648518738], [9.773586732246931, 46.353177505702114], [9.773757072052137, 46.3526878329353], [9.774532562959699, 46.3524918721551], [9.774881952513669, 46.35232420325897], [9.77656401926215, 46.35196683667546], [9.776751946160852, 46.351794844277826], [9.776847954692414, 46.351675972422186], [9.77731877712074, 46.351060047870206], [9.77775372802635, 46.35067869504997], [9.777899809530888, 46.35043004206077], [9.77900268107152, 46.34993757651817], [9.779474384971554, 46.34965007356207], [9.779699380231925, 46.34935523818372], [9.780236716085945, 46.34903134121877], [9.78057828037791, 46.3482345828875], [9.78227025799805, 46.34585227577826], [9.783071464500244, 46.34490531383725], [9.784084433505571, 46.34315896792111], [9.784404548552095, 46.342182350300575], [9.784751591823614, 46.340803400198155], [9.784518644341198, 46.34061034920733], [9.784304424613387, 46.340267514238356], [9.784122610655643, 46.3398565990161], [9.783743964359674, 46.339577668161866], [9.783010283282344, 46.338748027919735], [9.782598574230818, 46.33844732094499], [9.78217594174501, 46.338322790656875], [9.782063471585923, 46.33837017913956], [9.781926536004349, 46.33833598818397], [9.78162648415239, 46.33797685955868], [9.781538249466003, 46.337944153524205], [9.781233572495747, 46.33769528936189], [9.781204075615861, 46.33754130350803], [9.781102485172202, 46.33753334250519], [9.781054523795312, 46.33746522528516], [9.78093408514077, 46.33743144816598], [9.780864837095104, 46.33731712683257], [9.780688387147855, 46.33717738382978], [9.78061270057225, 46.337211787472924], [9.780431539935513, 46.3371689142651], [9.780369066811945, 46.33693951082623], [9.780067970401548, 46.33692297603805], [9.779923653977056, 46.336806346219184], [9.779738813093125, 46.33661437232149], [9.779576634659627, 46.33634218524496], [9.779369203978268, 46.336262452788155], [9.7792154683747, 46.335994377728206], [9.779066890948801, 46.335874968190694], [9.77893172943726, 46.33584075474421], [9.778885713292691, 46.33576551384155], [9.778805514922347, 46.335728022357976], [9.778827463550897, 46.33569250624094], [9.778735323045234, 46.33558168939642], [9.778642635528097, 46.33530311343236], [9.77851542567664, 46.33520430686657], [9.77833448100079, 46.33512127966916], [9.777816055208309, 46.33501711742659], [9.777650994178293, 46.334924222089704], [9.777083103184507, 46.33489816747497], [9.776961116285776, 46.33488226428059], [9.776872636852426, 46.33482528724868], [9.77678472307699, 46.33483880153521], [9.77655648522776, 46.33479343971809], [9.776260159998149, 46.33491921357442], [9.775791620691052, 46.33492558951558], [9.775381432931207, 46.33498084472242], [9.774873086808409, 46.33499866363914], [9.77451632564036, 46.33515331354591], [9.77418681907811, 46.33520694715885], [9.774094493167325, 46.33527590757293], [9.773884360006049, 46.335293506916884], [9.773576517242326, 46.33543679412928], [9.773430378810662, 46.33546416110026], [9.773183703046243, 46.33544565932426], [9.77308950989761, 46.33550628742174], [9.77267786848445, 46.33549672046837], [9.772508449257984, 46.3355777081655], [9.772324061364728, 46.33557249114681], [9.772261206835415, 46.33562193427701], [9.771864378159261, 46.3356338740733], [9.771628946655044, 46.33560186360775], [9.770720704843727, 46.33569507292692], [9.770171745099546, 46.33568534629942], [9.769886951982857, 46.33572052198448], [9.769017056139859, 46.3359581426104], [9.768635481873677, 46.33618644893146], [9.768156836241213, 46.33641149650654], [9.767870642839064, 46.33660045522658], [9.767682200210224, 46.33677886340577], [9.767403769792436, 46.33695742893197], [9.767236677944307, 46.33699837738405], [9.767126333539583, 46.33708555817052], [9.766704621125921, 46.33725472977528], [9.765800483286837, 46.337310764092045], [9.765615827126242, 46.33736491180453], [9.765170163424894, 46.33742397560411], [9.765019058556481, 46.33757527655495], [9.764878069927665, 46.33759171902683], [9.764659577286606, 46.33788855326967], [9.764318393591227, 46.33814035572681], [9.764181899914076, 46.338293382011436], [9.763882034090061, 46.3384114267306], [9.76386864663848, 46.33850543226726], [9.763778147957472, 46.33860382114495], [9.763632088724597, 46.33868311078024], [9.763206530266977, 46.33878870483881], [9.763079142166962, 46.338906578022915], [9.763008047684172, 46.338901287934824], [9.762983186813495, 46.338983793509726], [9.76272620296973, 46.33917253556102], [9.762376883928102, 46.33934399395834], [9.762268454814699, 46.339350476575376], [9.761946040801663, 46.339602717756534], [9.761650718913154, 46.33975382374543], [9.761523217667245, 46.33997128610896], [9.76075145373161, 46.34085703536343], [9.760566807917007, 46.34129570888229], [9.760364373550958, 46.34161075912353], [9.759977322970977, 46.341961108220296], [9.759486680664024, 46.34214743581573], [9.759294513303974, 46.34225866695368], [9.75864797725177, 46.34277233105856], [9.758532175331121, 46.34293033551218], [9.7584309353387, 46.34296019165118], [9.758312974558914, 46.34308902512448], [9.758319203138502, 46.3431490510304], [9.758242124022114, 46.34326481645644], [9.757919377511394, 46.34358265072177], [9.757934325579567, 46.343668840372025], [9.757834944263925, 46.34381497809836], [9.757864103798427, 46.34387396794436], [9.757619631647849, 46.34434783670033], [9.757595482598003, 46.34451936911799], [9.757112380792027, 46.34461932902724], [9.756189559864987, 46.34509289782548], [9.755979402723439, 46.3451395158844], [9.755936177476617, 46.34520888713833], [9.755465244374738, 46.34546355715566], [9.755298887318297, 46.34549605663555], [9.754899095151846, 46.3455883170866], [9.754454206174747, 46.34562752735305], [9.754204504155211, 46.345726722185866], [9.753319094203261, 46.34584853321941], [9.753138188995877, 46.34594589837488], [9.753024035630288, 46.34606452238581], [9.752741544551363, 46.34613265276224], [9.752523994850781, 46.34625332693053], [9.752390154690112, 46.34627682381232], [9.751892574244662, 46.34630061955442], [9.75176524909805, 46.34633275761935], [9.75156260337745, 46.346506878733], [9.751215885868344, 46.346696549495384], [9.750709972716912, 46.34674067197711], [9.750435222859531, 46.34680726402553], [9.75004262158157, 46.347043279038374], [9.749288370092296, 46.34732595700868], [9.7491845289874, 46.34735057484718], [9.749041255992564, 46.347448426208494], [9.748756570763154, 46.34753302645461], [9.748523846335573, 46.347549591592994], [9.748266093371075, 46.347663375387654], [9.74760509261023, 46.347769779416666], [9.747388059182736, 46.347755910337625], [9.747199387942901, 46.347965378420916], [9.74715058686202, 46.34805278656332], [9.747179854846285, 46.34809772875711], [9.74700265585484, 46.348283583625], [9.746842657874017, 46.3483562233327], [9.74687646254266, 46.34848925932252], [9.746804545527683, 46.34856883201112], [9.746734739600305, 46.34860020616951], [9.746687012729893, 46.34868229354616], [9.746411892142078, 46.348815128312374], [9.746454323256874, 46.348951139789335], [9.746322246739549, 46.34910046930465], [9.746294948986034, 46.34922570601391], [9.746360782130383, 46.34937260797085], [9.74625089006817, 46.349558908097606], [9.745959365992045, 46.349805544821415], [9.745830641876987, 46.34976496944315], [9.745704712542514, 46.349767237501936], [9.745347238104463, 46.350022517136765], [9.745186128591644, 46.350108945837164], [9.745095836272226, 46.35010391739156], [9.744943473033876, 46.35017632426944], [9.744755278701128, 46.350207966810075], [9.744460925219178, 46.3503784992566], [9.744260160402927, 46.350559168224926], [9.744096731572748, 46.350802916910695], [9.743855651481743, 46.35097048378706], [9.74385548369203, 46.35102101127888], [9.743636886190295, 46.351097358763234], [9.743413953335864, 46.35154276037906], [9.743562444565047, 46.35167908777427], [9.743514891805807, 46.351799479475375], [9.74338282755152, 46.35176543828784], [9.742974898673433, 46.351407560491275], [9.742459113918795, 46.351223928676234], [9.742423589702328, 46.35112430474216], [9.742242747918903, 46.35095974106352], [9.741821834907762, 46.35084973627354], [9.741621201884197, 46.35083096464306], [9.741415424782105, 46.350721894551974], [9.741422297747183, 46.3506884557179], [9.741319633473545, 46.350657108722125], [9.740954689431646, 46.35063745707489], [9.740876060843156, 46.35055533184587], [9.740872853627836, 46.35049195875696], [9.740749643539276, 46.3504538576106], [9.740370880854911, 46.35020088738832], [9.74020972174175, 46.3501695665384], [9.740161288462893, 46.350095178653746], [9.740012393345, 46.35009590890417], [9.73997821188367, 46.35005114542691], [9.739864359872238, 46.3500296091554], [9.739579600400724, 46.35003559009868], [9.739288217803981, 46.34991125924502], [9.73915401413759, 46.349991884139904], [9.739008941914612, 46.349951516694], [9.73888041311278, 46.350092196184974], [9.738697410087287, 46.35017503586351], [9.738505639860485, 46.35054653891529], [9.73843731245251, 46.35058387875393], [9.738211997742011, 46.35061472231215], [9.737908801142689, 46.35075131557171], [9.73748825352585, 46.350855324993546], [9.737027385940035, 46.35093069604451], [9.736935273250964, 46.35091828254886], [9.736796116157311, 46.350858963860276], [9.73637479900125, 46.35050659056281], [9.735792748340605, 46.35022458500691], [9.735400381900075, 46.34997500121264], [9.733767675202616, 46.34885869600353], [9.733689979599623, 46.348799524164704], [9.73341821653999, 46.348179310279406], [9.73333302453733, 46.34779927326867], [9.73335927250047, 46.34754603689878], [9.732594387103417, 46.34738965566651], [9.732250070770421, 46.34720796188586], [9.731907707017776, 46.34694285757838], [9.730841040536527, 46.34609922546961], [9.729934507926552, 46.345629888078214], [9.7292236904429, 46.345076247065045], [9.728928434608633, 46.344921652294694], [9.72879534485328, 46.344887887244724], [9.728218904890133, 46.344808838871195], [9.727960541229084, 46.344705322710475], [9.727730323711633, 46.34469578590968], [9.727532241820454, 46.34475653260184], [9.727231655852334, 46.34466095117319], [9.726958216975438, 46.34449036953478], [9.726339943075732, 46.34383001449319], [9.725064774698197, 46.343038436669204], [9.724638727440169, 46.34270525718745], [9.724688127039775, 46.34248028490096], [9.724613573443062, 46.34244002443693], [9.724612227374875, 46.34226289012835], [9.724400165873806, 46.341958520773474], [9.724125776736372, 46.34173790770848], [9.724012640192445, 46.341539992371715], [9.723881097548656, 46.34146115857539], [9.723568820510332, 46.34111476858567], [9.723022208077248, 46.340815469064694], [9.722960648764774, 46.34075129667718], [9.723094333939024, 46.34041736639515], [9.723182029015089, 46.34035864817188], [9.723534157633106, 46.339916498263385], [9.723821041587488, 46.33941072649352], [9.724211235007788, 46.33895413747187], [9.72470771958796, 46.3382566296915], [9.72525436008236, 46.3379247302152], [9.725427895456207, 46.33767968425701], [9.725454512985747, 46.33756354667767], [9.725418578120628, 46.33747665237048], [9.725521440370711, 46.33726579374995], [9.725476984488118, 46.337084574790076], [9.725658265362013, 46.336790917884066], [9.725574380018937, 46.336386588539796], [9.725639074962281, 46.336338834876805], [9.725802362849274, 46.33601808670668], [9.725668750712732, 46.33584798386603], [9.725687070308522, 46.335727964514525], [9.726108685549008, 46.33517395400081], [9.726145232459615, 46.335099887098735], [9.72610946933124, 46.33506455719909], [9.726299276414709, 46.33458578813836], [9.72634378203886, 46.334332380037885], [9.726586326454079, 46.33397953902882], [9.72688163726271, 46.33335954907365], [9.72695169613539, 46.33326343137649], [9.727340486538901, 46.33301520160724], [9.727441901043795, 46.33276566630818], [9.727524204582265, 46.33268667924904], [9.726889543974345, 46.33229959177429], [9.726194416260558, 46.332200943362736], [9.726138209563711, 46.33215674864765], [9.726094860012207, 46.33195078848655], [9.725701768063773, 46.33189050261942], [9.725335748120852, 46.331765619161956], [9.724746440340036, 46.331317292050784], [9.724421424905549, 46.33121149232823], [9.724200309959777, 46.33127186840811], [9.72390538136851, 46.3312465468708], [9.723779744108379, 46.33119481583904], [9.723692323246112, 46.33108117996658], [9.72354253591073, 46.33104031126911], [9.72347767283722, 46.3308362351005], [9.723352333340998, 46.330746439390374], [9.723333083303423, 46.33068567626866], [9.723264521205726, 46.33066857448488], [9.72318992210388, 46.33025359647893], [9.723267888662454, 46.32993943106278], [9.72347416996847, 46.32961105726403], [9.72342996301782, 46.32919684249226], [9.72347128301191, 46.329103413856366], [9.723413355885361, 46.329015695855546], [9.722843806798268, 46.328654460539184], [9.722186889154043, 46.32812666854418], [9.722014238302364, 46.328036718849965], [9.721833180953977, 46.32778072763371], [9.721427427079352, 46.32772153853388], [9.721135881643924, 46.32774681143019], [9.721015603217312, 46.327724939129084], [9.720942325029831, 46.32769250859465], [9.720909955282488, 46.327616189875826], [9.72055128099093, 46.327561130961925], [9.720481232061541, 46.327445371533805], [9.72032515719108, 46.32741092858758], [9.720031324895414, 46.327390917784456], [9.719891213003974, 46.32744521017659], [9.719712355210202, 46.327401848437546], [9.719483030734061, 46.327270984281405], [9.719381626168955, 46.32716428618736], [9.719245636529429, 46.32710605476452], [9.71924208530894, 46.32706080325681], [9.718975623918572, 46.32692348573502], [9.718883699830783, 46.32679931866827], [9.718578070640525, 46.326565649413254], [9.718279498683046, 46.32597416968348], [9.718082250392875, 46.325810382358455], [9.718080911225442, 46.32568837637185], [9.717960828539761, 46.32563918173869], [9.717893051729376, 46.32538514188123], [9.717947345841775, 46.32501872455643], [9.717896741025365, 46.324869622851885], [9.71773489183515, 46.32466881245233], [9.717561559267985, 46.32457634411071], [9.71744864483659, 46.32430387059587], [9.717340610931407, 46.324175699972834], [9.717357747622119, 46.32351697482869], [9.717692005969175, 46.32331012651367], [9.717695576330739, 46.32325742639506], [9.717801164867732, 46.323194121970985], [9.717915646174731, 46.32300218100096], [9.717678485439029, 46.32267137283394], [9.717607166047912, 46.322485448212596], [9.717682759997004, 46.32246457673455], [9.717791233372813, 46.32234718007979], [9.717812949956409, 46.3222660171218], [9.717765001905612, 46.3221229434176], [9.71797755818711, 46.32169808025631], [9.71809255780445, 46.32159294400603], [9.718471960104582, 46.321430110075354], [9.718812785998377, 46.3213926785839], [9.718859268246835, 46.321343639061006], [9.719261722402058, 46.32122564238394], [9.719480027345588, 46.321218695356514], [9.719529758190872, 46.32123063442067], [9.719667119281796, 46.32121759829953], [9.71985581759897, 46.321127914076875], [9.72045486293642, 46.321071330233586], [9.720951929304663, 46.321153907177774], [9.721011911501803, 46.32119310567663], [9.721270412422726, 46.32121382002135], [9.721310186737398, 46.32125031215873], [9.721376812758816, 46.321224120807], [9.72175261473618, 46.32126539018734], [9.721777751170551, 46.32129167609387], [9.722002666208963, 46.321250620876825], [9.722067436154253, 46.321272694321195], [9.722188464250916, 46.321245367602785], [9.722522019444686, 46.32107392782903], [9.722936363752128, 46.32106611656752], [9.723260692179993, 46.3209394873216], [9.723497619926903, 46.3209318770106], [9.723709773348293, 46.320733966906275], [9.724015146111343, 46.32056315309436], [9.724228530090903, 46.32035807424803], [9.724419542273568, 46.32023627838921], [9.724584286108936, 46.32018413047737], [9.724693705623707, 46.32008000431294], [9.725011673944138, 46.31988931349418], [9.725530305597738, 46.31974670225794], [9.725817264897673, 46.31972181698774], [9.725906648199164, 46.319677804340586], [9.725984011185659, 46.319415307330175], [9.726101118320653, 46.31926754287744], [9.726155836621892, 46.31900275164858], [9.72622249038345, 46.318906361620286], [9.726219530127725, 46.318756148027575], [9.726114421174248, 46.318429987852916], [9.725977202269954, 46.31822962378085], [9.725976541716662, 46.31801955316777], [9.725663208312302, 46.317853747138905], [9.725557862583646, 46.31775941968109], [9.72553556319093, 46.31768077380264], [9.725564308773176, 46.3175601579353], [9.725597360865747, 46.3175236542576], [9.725676494695534, 46.317498811059174], [9.725685796042361, 46.31747075237594], [9.725630135315445, 46.31744196164911], [9.725632502337875, 46.3173861714629], [9.725615829514078, 46.31735421674456], [9.725541352196528, 46.31739276323626], [9.725513284402084, 46.31735299329028], [9.72564006872339, 46.31713826179504], [9.725694280795139, 46.31684939013033], [9.725608282949008, 46.31633441787188], [9.725655134141688, 46.31586879344901], [9.725743460929719, 46.31564892573405], [9.725699263932796, 46.31553322240554], [9.725744467862212, 46.315173571142935], [9.725663473625387, 46.31513776888398], [9.72565445604704, 46.315079644200125], [9.725830435956016, 46.3146802099316], [9.725879770976503, 46.31465136889487], [9.725846446282043, 46.31453757722421], [9.725761219595633, 46.314512256127664], [9.725909169595267, 46.314319608889896], [9.725975811335134, 46.31415182463491], [9.72587042364928, 46.313802688123374], [9.726003525561904, 46.3135084425096], [9.725958663109287, 46.313392627213254], [9.725706597937664, 46.313080501856945], [9.725677225269674, 46.31282167818898], [9.7255240347835, 46.31261353971364], [9.725481290355743, 46.31247704508707], [9.725496979632942, 46.31236531573177], [9.725341028562525, 46.312162498123165], [9.725239951671275, 46.311870844666934], [9.72497674019353, 46.311435420485545], [9.724997686344802, 46.31129052324927], [9.724917592334043, 46.311186364047735], [9.724912891694066, 46.31110637502457], [9.724876238495696, 46.311121406663915], [9.724958307733573, 46.31099248706424], [9.724953998611634, 46.31072520959385], [9.72482754645556, 46.31051675809318], [9.724826227660591, 46.31043628619132], [9.72473754365556, 46.31039436744884], [9.724745479206177, 46.31024612411584], [9.724573577044955, 46.31009361235677], [9.724542821879258, 46.309992856503015], [9.724423957948092, 46.309863218940016], [9.724342672880871, 46.30981746159137], [9.724269493452564, 46.309829199255326], [9.72420378260541, 46.30970592443249], [9.724145857108564, 46.30967641727491], [9.724165576037242, 46.30965182886546], [9.723622041233241, 46.309466645081024], [9.723517751263433, 46.30947634625762], [9.723267598772905, 46.30932428227135], [9.723073518372113, 46.30937943095361], [9.722831958517776, 46.309207676117865], [9.722751781561433, 46.30918793887056], [9.722365533209114, 46.30921074414247], [9.722001916247361, 46.30917600627691], [9.721919865471914, 46.308919542561604], [9.721826736117881, 46.308838805403724], [9.721809896092934, 46.308766572711534], [9.721692051044586, 46.308780989729684], [9.721537845098172, 46.308673962466315], [9.721494500961663, 46.30841210246974], [9.721593056417525, 46.30835553471923], [9.721428494094274, 46.30830390387081], [9.721196483852925, 46.3081536685988], [9.720896583341464, 46.3080226034716], [9.720597074771527, 46.30771344719568], [9.72034798216912, 46.30773197395917], [9.720250323354447, 46.30765026509791], [9.720196743905735, 46.30768527236079], [9.720164920773142, 46.3075929053275], [9.719914588051296, 46.30732486958868], [9.719945845715717, 46.30730042726974], [9.719868112481935, 46.30699279720306], [9.719751924493918, 46.306921560572974], [9.719750891359254, 46.30684308054999], [9.719533814724617, 46.30680702472419], [9.719405132053975, 46.30670502965074], [9.719104434166482, 46.306557724528645], [9.718917610290463, 46.306520965491124], [9.718570904238947, 46.30655999159202], [9.718458877515639, 46.306549812142734], [9.718421694763812, 46.30651689440408], [9.718397821328773, 46.30648549925719], [9.71815447481966, 46.30627769705636], [9.718110102494903, 46.30618388099627], [9.71812297803891, 46.3060989179512], [9.71819879174904, 46.306071147354096], [9.71809791425705, 46.305852579862034], [9.71812423530584, 46.30574700699959], [9.718089581922477, 46.30555863339767], [9.718147978604609, 46.30535597224856], [9.71806272937784, 46.30529281341218], [9.718071973738663, 46.3052123233333], [9.717905837883958, 46.30501304295816], [9.717828169326989, 46.30482506837799], [9.717467956962619, 46.304551184759326], [9.717374284687201, 46.30439954870406], [9.717343698448405, 46.304173639203235], [9.717119772815133, 46.30353539859378], [9.717168579943868, 46.30342259614555], [9.717033415878005, 46.30339247962458], [9.71697727745884, 46.30320781449661], [9.716778075565362, 46.302930014908995], [9.71666643173119, 46.302691193912125], [9.716303184709911, 46.30224052385444], [9.716184104057639, 46.30190258644099], [9.715962058086284, 46.30164957127166], [9.715935835389534, 46.30153817234044], [9.715827586578829, 46.30138861012835], [9.715832341518729, 46.301128663992756], [9.71564963208393, 46.30070619618922], [9.715633808276184, 46.30038706981727], [9.715433963836135, 46.29975468659399], [9.715376685146317, 46.29969349979703], [9.715402280267549, 46.299644297539096], [9.71527150602747, 46.29945866110211], [9.715294722964968, 46.299382794499785], [9.715320228620989, 46.29927225374231], [9.715209529996168, 46.299026493421906], [9.715043115273648, 46.29815691419837], [9.714831384419966, 46.29783403659111], [9.714779927630511, 46.29762807689483], [9.714889065960909, 46.297357915971894], [9.714868225327914, 46.29693708279317], [9.714973925022969, 46.29672345282351], [9.714898580291214, 46.29657271696027], [9.714881999594402, 46.29635376300406], [9.715224119024564, 46.29598528412564], [9.715435958371515, 46.29566823807252], [9.715603108408708, 46.29555734964661], [9.71551250552794, 46.29523296241435], [9.715324148363093, 46.29496087395371], [9.714999697369738, 46.2946535898599], [9.7147872664647, 46.29432606481669], [9.714661414477272, 46.29364823492058], [9.714672367029456, 46.293202447424214], [9.71460861180188, 46.293156285875455], [9.714508655083266, 46.29292355855026], [9.714400852773261, 46.29286974074828], [9.713835907355797, 46.292761940057154], [9.713680780194611, 46.29278930266623], [9.713453166230552, 46.29276162446822], [9.713234309223497, 46.29281448466386], [9.71307125476665, 46.292923594257225], [9.712829959000112, 46.29299559681341], [9.712657081140241, 46.29295799869182], [9.712514984740524, 46.29283534032802], [9.71225131572406, 46.29279854100991], [9.71209453142648, 46.29267976833662], [9.71152896708297, 46.29268137153044], [9.711118882614437, 46.29257221251148], [9.710840700489571, 46.29242271937473], [9.710639071648249, 46.29236314176154], [9.710621019656411, 46.29231328752754], [9.710300308480114, 46.292208746857014], [9.710060404276716, 46.29203590733981], [9.70988031075932, 46.29199203330306], [9.709753786357513, 46.29190940312131], [9.709290207329536, 46.29189995252287], [9.709107528490318, 46.29184447620905], [9.70868523535449, 46.29195793350278], [9.708367242773532, 46.29200378850735], [9.708130041101454, 46.29198281330018], [9.707882297258292, 46.29203000064215], [9.70756231821639, 46.29201127338873], [9.707466561966978, 46.29203808505035], [9.707383080949938, 46.292010933189964], [9.70701451107782, 46.292047056055566], [9.706739387954261, 46.29201873320031], [9.706616967830938, 46.291931610346126], [9.706393720443035, 46.291903822869244], [9.706233808345385, 46.29194035208532], [9.706216505886099, 46.291995216586756], [9.706127430907618, 46.29200072821506], [9.706117596223791, 46.29194885628039], [9.706025209614214, 46.29190858229829], [9.705955197937156, 46.29192201740641], [9.705918035068809, 46.29189136201321], [9.705841892167113, 46.29192709565158], [9.705787249946813, 46.2919162036445], [9.705761747130175, 46.291862214383535], [9.705585454539493, 46.29180945577943], [9.705446131462766, 46.29165614783953], [9.705068390280097, 46.29151020305342], [9.704930954454044, 46.291413495787346], [9.704707736632393, 46.29132286812366], [9.70454419682353, 46.291328988533756], [9.704372172018793, 46.29122162197196], [9.704153092040809, 46.29116971956059], [9.703884671350151, 46.29116595856289], [9.703653850848054, 46.29114945937449], [9.703247011882485, 46.29101897195501], [9.70302306101687, 46.29098315719934], [9.702992925407324, 46.290910109903905], [9.702525026108304, 46.29084099920885], [9.702277374021246, 46.29085441114549], [9.702019366745958, 46.290826793670526], [9.70171882387478, 46.290896651721056], [9.701463258763043, 46.29119014804474], [9.701407296112405, 46.291310591350175], [9.70143873004122, 46.29139339379927], [9.701367885826794, 46.291437027660656], [9.701279495403014, 46.29144153941793], [9.70115971789785, 46.2913578985193], [9.700858124216968, 46.291399127677664], [9.700794613915395, 46.29142376768196], [9.700773809987904, 46.291496943038126], [9.700578072006973, 46.291693781470755], [9.700511342546244, 46.29171219540727], [9.700469400616427, 46.291695125035005], [9.700385234300077, 46.29173005846387], [9.700375081768017, 46.29167017109802], [9.70021247645967, 46.29165827434977], [9.700152112715092, 46.29170247930038], [9.699995700309332, 46.291666685821575], [9.69962567354465, 46.291718356764136], [9.699475977299242, 46.29173367827992], [9.699197411042961, 46.291693222926725], [9.698852226219202, 46.29174249958448], [9.698625052835459, 46.291737186439484], [9.69826592012049, 46.29191220143066], [9.697974330436264, 46.291990976563305], [9.697643486699626, 46.292166992027134], [9.697519497400856, 46.292151426554376], [9.697337598378406, 46.29220003887863], [9.697176980274048, 46.29227998448138], [9.697035600658486, 46.29246770972358], [9.696880386480062, 46.29257246568585], [9.696557331069208, 46.29268617007484], [9.696337563370147, 46.292874595097466], [9.69613933879253, 46.293167305514864], [9.695950554738987, 46.29316978167009], [9.695868573209424, 46.2931248712115], [9.695558222048982, 46.29307727284143], [9.695433415882013, 46.29299291439515], [9.69459341221368, 46.29338044388296], [9.694436954738524, 46.2934981108675], [9.694159217338727, 46.29355186927135], [9.693795025744732, 46.29374451878432], [9.69351697787698, 46.29377052629687], [9.693533375322248, 46.29380089619037], [9.693450538259526, 46.29381699978567], [9.693140465136734, 46.29376676100271], [9.69279932793629, 46.293763420634704], [9.692509668581351, 46.29380430102286], [9.692423685093704, 46.29386875167894], [9.692346795384246, 46.2938739021549], [9.692166355196562, 46.29386280836897], [9.691838930045396, 46.293711882562356], [9.691440502351611, 46.29366638778964], [9.691293601207999, 46.29357766349096], [9.691154554505124, 46.29354909576643], [9.690900283750203, 46.293579057947646], [9.690417058725961, 46.293415660965564], [9.689854301718226, 46.29337697234323], [9.689722331167095, 46.29340855009608], [9.689553528143325, 46.29339339774494], [9.689478318912538, 46.29342753516141], [9.689239051534766, 46.29338962929467], [9.689011965692842, 46.29350040423801], [9.688993735633822, 46.29354173225877], [9.688795614266835, 46.29356535648952], [9.68877040236975, 46.29361427518111], [9.688671376832257, 46.29364701442054], [9.688287496770407, 46.29368469024687], [9.68815093083391, 46.29377685178992], [9.68789706521319, 46.29378020852043], [9.687781252979335, 46.29384588638819], [9.68738651999769, 46.29392659474613], [9.687202734779508, 46.29408793134649], [9.6871606389988, 46.29426107716948], [9.68704178149638, 46.29432074561519], [9.686727324303975, 46.29459198757979], [9.68605821226964, 46.29497098622938], [9.68586162036224, 46.295192288225465], [9.685415379757583, 46.295363853824135], [9.685215665126243, 46.29539084434724], [9.685208009456234, 46.295424878759704], [9.68469524223612, 46.29572651890697], [9.684513849048647, 46.29589228777313], [9.68457509964106, 46.29598808269542], [9.68450497975731, 46.296087475711616], [9.684199517870221, 46.29617887539904], [9.68405383952014, 46.29615987924471], [9.683904778894814, 46.296222447825606], [9.683658358322344, 46.29624353640131], [9.683383410433374, 46.29631827034222], [9.68292531344101, 46.296512586983056], [9.682300102669767, 46.29667279995503], [9.682051470581873, 46.29681071941146], [9.681889778318503, 46.29685010270685], [9.681586950897671, 46.29702615159336], [9.681547019992601, 46.297350159524605], [9.6816188617129, 46.29752430137093], [9.681555557271624, 46.29759043341707], [9.681521148780766, 46.29815659995012], [9.681477732738005, 46.29822676594669], [9.681577182807558, 46.29863251906811], [9.681500119704307, 46.298921942449], [9.681448168045982, 46.29896400998519], [9.681457106264583, 46.299074859282726], [9.681371885516594, 46.29924238865545], [9.681400731870305, 46.29926116576117], [9.681307435287561, 46.29947050647958], [9.681241942149066, 46.299827305818], [9.681011165771935, 46.299907320346776], [9.680794089630318, 46.30008596362154], [9.680101558764973, 46.300493520088004], [9.679169097477812, 46.30134355750974], [9.679144375949377, 46.301501451448345], [9.67877819143916, 46.30168958014685], [9.678484227505832, 46.301745010098585], [9.678379118305376, 46.3018329350941], [9.678130031136405, 46.30184748264668], [9.677812722645248, 46.30177277657708], [9.677715025263602, 46.301781735071536], [9.677621287674889, 46.30186012187857], [9.677464430680295, 46.30183408961139], [9.677445757411919, 46.30189269331928], [9.677308845642292, 46.302003906983124], [9.677231595018835, 46.302206488940726], [9.677071224314721, 46.30240424400709], [9.677086736709834, 46.30250186804552], [9.677175404823156, 46.302531387038364], [9.677025603324132, 46.30277297600158], [9.676970406659077, 46.303125798362785], [9.676433530557393, 46.303008443184254], [9.67560635811974, 46.30294383644739], [9.675277382740186, 46.30286644556056], [9.67473620019277, 46.30268402170287], [9.673830514631304, 46.30183275853859], [9.672857901513552, 46.30122182861449], [9.672289347752795, 46.301030540212935], [9.671979534022825, 46.30087338645701], [9.671692305154975, 46.300597218379664], [9.671099863121203, 46.30027459837883], [9.670832869509423, 46.30017755990775], [9.670501266519082, 46.29993092186437], [9.670449140934682, 46.29979855366499], [9.6704035150593, 46.29929325140576], [9.670514017933058, 46.29910527550548], [9.670233269943331, 46.298638750426555], [9.670056513701866, 46.298501586797435], [9.669633552069994, 46.297962209236], [9.669230342815036, 46.29776793193682], [9.669244192593466, 46.29763053651353], [9.669514617152933, 46.297411698127135], [9.669650641647815, 46.29724867729921], [9.669684456365076, 46.29713018352571], [9.669646432203825, 46.29705784121645], [9.669840973666226, 46.29682240271029], [9.669703490630605, 46.29666227173219], [9.669686346592432, 46.29654885954727], [9.669453216716793, 46.29633363208646], [9.668944867577713, 46.296028531711855], [9.668546675584194, 46.29605267414212], [9.66845314980298, 46.296011014528865], [9.668427276108089, 46.29595351246017], [9.668296018342954, 46.29592848267183], [9.667995229029849, 46.29600489010898], [9.667641403047005, 46.29590081763586], [9.667633213928148, 46.295993041198976], [9.667400940788532, 46.296026826853115], [9.667280149210534, 46.29618240044848], [9.667202002047308, 46.29621498685924], [9.667075112448755, 46.29619237784351], [9.667077845887242, 46.29638827399567], [9.666846078960548, 46.29655574269995], [9.666379810486628, 46.296703647639156], [9.664736438214042, 46.296932481167026], [9.664402710404826, 46.29700942049344], [9.663642670037312, 46.29700819878546], [9.663213591466938, 46.29694898197599], [9.662927482652108, 46.29671842957139], [9.662656527376246, 46.2966623551838], [9.662376780317475, 46.29667572015871], [9.662226734003836, 46.296623955711745], [9.662123598079294, 46.29665423768169], [9.661992757215968, 46.296594047169876], [9.661689338117757, 46.29601960642523], [9.661586850137095, 46.29600283664349], [9.661476231019973, 46.2960523435244], [9.661220517674353, 46.29598670255112], [9.660758702193625, 46.29600272886502], [9.66075990437302, 46.295931203548314], [9.660676810118241, 46.2959301894368], [9.660610363824421, 46.295875292811765], [9.660515595499623, 46.2958596138507], [9.66032824598666, 46.295944270223295], [9.660131718723173, 46.29591054724618], [9.66001179094253, 46.29594859269765], [9.659711971734431, 46.29592470960554], [9.659520855433078, 46.295853449582594], [9.659486713615218, 46.29580493790025], [9.659228522133965, 46.295709092946076], [9.659310279308498, 46.29555261521552], [9.659311288112999, 46.29544047683381], [9.659127978746422, 46.29531681367661], [9.658938462009838, 46.29534535020506], [9.65886090144515, 46.29524074442723], [9.65876228006621, 46.29524386638107], [9.658534596413569, 46.2951770326939], [9.6584095453679, 46.295032137827725], [9.658309857869956, 46.295007825451286], [9.658229567973057, 46.294910146346204], [9.657944376088462, 46.29476266189186], [9.657825510616362, 46.29477738612504], [9.657663960642138, 46.29469807587868], [9.657622999657685, 46.294589040689125], [9.657352533959722, 46.29436580089274], [9.657149923825544, 46.29429350594678], [9.65685732802985, 46.29410530991078], [9.656862473440569, 46.294018538175436], [9.656608186884018, 46.29391554926288], [9.656341202782283, 46.29387078080032], [9.656337171228909, 46.29383593332826], [9.656257240256489, 46.2938353495379], [9.656190986261572, 46.2937875121763], [9.656147974377827, 46.29374547415279], [9.655931598814098, 46.29361272428308], [9.655868265710106, 46.293485531576316], [9.655748642573066, 46.29344941613803], [9.655603029383787, 46.2933206595512], [9.655486624504984, 46.29328513756443], [9.655489981944593, 46.29325058854066], [9.655283616737199, 46.29312833899538], [9.655220646412612, 46.29304540321091], [9.65489636812659, 46.293030249818145], [9.654816862206982, 46.29299613380335], [9.654667171820837, 46.29305362138257], [9.654329249445619, 46.29305947754738], [9.654245499265793, 46.293007177603265], [9.654118529614626, 46.29299210793612], [9.653873741636978, 46.293073783356945], [9.653368008289426, 46.29308562367799], [9.652999968090562, 46.2931912123514], [9.652638489153558, 46.292967440282354], [9.652529380770375, 46.292958721707976], [9.652447046845877, 46.29288890575671], [9.652062365911068, 46.29283074915568], [9.651919784036181, 46.292879527331316], [9.65180704954719, 46.292871558101105], [9.651522689997268, 46.29269268369548], [9.651493575583968, 46.29263856554396], [9.651318808638347, 46.29262329913457], [9.650990984432335, 46.292426500254265], [9.650923516377617, 46.29234573999542], [9.650603101222954, 46.29214251291484], [9.650529376681657, 46.29216614624441], [9.650310359264806, 46.29207395864634], [9.650214985586233, 46.29191575643539], [9.650121766265354, 46.29185008638439], [9.650011945591675, 46.29183750118148], [9.649874796509643, 46.29170736503239], [9.649839389491522, 46.29142832378567], [9.649933008231567, 46.29099769588681], [9.649871303900182, 46.29089200060001], [9.649817845031336, 46.29061581977268], [9.649923356291195, 46.29030666374774], [9.64994192108833, 46.29001902335922], [9.649823474965041, 46.28970967824287], [9.649202668045927, 46.289633318145455], [9.649107852068271, 46.28966082628761], [9.648808712128549, 46.28964310107557], [9.648617557699549, 46.28970060280647], [9.648432858303678, 46.28955622114989], [9.64847632182114, 46.289498111174055], [9.648362432327511, 46.289415548646815], [9.647864595762572, 46.289532855664675], [9.647624980603016, 46.289326778925926], [9.647492860508894, 46.28915343181945], [9.647209133499839, 46.28896484506029], [9.647124843453792, 46.288813971314994], [9.646980921104777, 46.288773780608906], [9.646842557749125, 46.28881355627638], [9.646791135774087, 46.28876328323552], [9.646149222266178, 46.28893759268906], [9.646030322858335, 46.288909693186994], [9.645675004714871, 46.28893614159228], [9.645615987353887, 46.288894448351456], [9.645481448439131, 46.28891142472459], [9.64532656810102, 46.288873994471494], [9.645290018890229, 46.28882360136785], [9.645094232289814, 46.288745115409476], [9.645050253101086, 46.28857261772793], [9.644802227367908, 46.28831641121874], [9.644671958946137, 46.28828179400673], [9.644494242901404, 46.288130058363386], [9.643923807776392, 46.28804479734546], [9.643725156129225, 46.28795449291961], [9.643451599898167, 46.28777985991956], [9.643387725275675, 46.28768616444579], [9.642980287831026, 46.2874959064459], [9.64285834438154, 46.28735506727776], [9.642670622735546, 46.28729824260819], [9.642301285846917, 46.28690250353671], [9.642051845417086, 46.286914336104815], [9.641641706262247, 46.28683305943692], [9.64046987891469, 46.286757810285785], [9.639696569785569, 46.2864568284265], [9.639615155889269, 46.286411626291326], [9.639580403417646, 46.286336178928096], [9.639351086911303, 46.286211693141354], [9.638899475009865, 46.28608541524541], [9.638731100873263, 46.28617190737855], [9.638593072929787, 46.28637449195906], [9.638437723041557, 46.28649547553809], [9.638242213748361, 46.28648695729763], [9.63800840384641, 46.286394781636396], [9.63758314754927, 46.28639328338888], [9.637005984329285, 46.286257024073244], [9.636875132776696, 46.28618267846922], [9.63663501418132, 46.28616261742015], [9.636492459381882, 46.28624636246577], [9.636399151274661, 46.28620166655388], [9.636170368091872, 46.28619300781881], [9.635620266871513, 46.28623362205412], [9.635249565062578, 46.28620248181681], [9.634983618181133, 46.28611963127593], [9.634716730081553, 46.286189559543786], [9.634457999959949, 46.2861635422887], [9.634375669692883, 46.28625206358747], [9.63411065375303, 46.2863615711395], [9.633935480909967, 46.28638248325312], [9.633755770991506, 46.28626310307606], [9.633528582032206, 46.286332136001164], [9.63323075800921, 46.28632191428709], [9.633133540203414, 46.28635485777386], [9.633037821191456, 46.2863195195823], [9.632770558617263, 46.28637445796062], [9.632577420613146, 46.28636710676349], [9.632179510153923, 46.28655405626042], [9.63187173239438, 46.28651364378229], [9.631466855423659, 46.28670220905906], [9.6308163480345, 46.28676965847638], [9.630672923070229, 46.28683688232232], [9.630430413565033, 46.28686703208996], [9.63027318107221, 46.28694210025648], [9.629851759657482, 46.28704020547028], [9.629545491739595, 46.287152905624296], [9.629382750696777, 46.28731707458602], [9.629133510254901, 46.28744572114452], [9.628664066763982, 46.28753219032815], [9.62845393341834, 46.28763916562996], [9.628201266516319, 46.287700484430125], [9.628079797034982, 46.2877798705286], [9.627737625074289, 46.28780827474176], [9.627545536687489, 46.28772203311815], [9.627293248795787, 46.28775743850645], [9.627235260331807, 46.28779866010249], [9.627154712817877, 46.28775260087821], [9.62712062534033, 46.28777133002259], [9.626730831322098, 46.28768753268445], [9.626630350895335, 46.28768598666868], [9.626652449286839, 46.28762349379718], [9.626545436947806, 46.287628976470835], [9.6263710403988, 46.28756215949325], [9.626062579059537, 46.287745078583264], [9.625569899361553, 46.28790268239677], [9.625453139868636, 46.288024746355745], [9.625284592186919, 46.28810886399825], [9.624997329120927, 46.2880460770272], [9.624747090129723, 46.2880543770192], [9.624532095892755, 46.28809991477528], [9.624325011809555, 46.288014742482936], [9.624157642703377, 46.28800912952668], [9.624087410913035, 46.28794023004692], [9.623710558209783, 46.28794656735033], [9.623328574883155, 46.28784812800968], [9.62325851003329, 46.28787963646173], [9.622865813404703, 46.2878757919505], [9.622657281961706, 46.28781615100169], [9.622292360145272, 46.287794987641576], [9.622101884943099, 46.287902520883485], [9.621978848387645, 46.287875945001105], [9.62179126337995, 46.287896392800285], [9.621523884236593, 46.287749928746436], [9.621349403774072, 46.28769648359927], [9.621038095684332, 46.28783820189768], [9.620812959889516, 46.28784974066871], [9.62025699492625, 46.28782740540891], [9.61980298457669, 46.287706320782156], [9.619691427809, 46.287627679021476], [9.619442418701018, 46.2876619989562], [9.619366856370267, 46.28763544148131], [9.619213859342146, 46.28764532166469], [9.618942731343886, 46.28770233029623], [9.618761664162943, 46.287576730664895], [9.618788802589746, 46.28746523172803], [9.61868727620781, 46.28736442900458], [9.61837557134227, 46.28772431280456], [9.618278411368248, 46.28817418450164], [9.617938790342619, 46.28866952522355], [9.617810226902561, 46.28872497805882], [9.617791525944861, 46.28881963239404], [9.617720627775274, 46.288867046192635], [9.61712538012042, 46.28918139224171], [9.616816277257893, 46.28940639194701], [9.616614419540912, 46.28948737588295], [9.616411275941305, 46.28949348509363], [9.61631886275794, 46.28955052804385], [9.616104878312074, 46.28956144490647], [9.6156852558923, 46.28976174189515], [9.615655122568649, 46.28982683541181], [9.615541641916096, 46.28985891726707], [9.615241721578041, 46.290113434308864], [9.615110045148805, 46.29013433616224], [9.614985437804915, 46.29020341786385], [9.614952691896896, 46.29028564176931], [9.61478010690627, 46.29040899964051], [9.61454696022284, 46.29072363838771], [9.614398355741328, 46.290805615714106], [9.614318197310896, 46.29098342374776], [9.614115490148215, 46.29113856783484], [9.613632180756596, 46.29139955931795], [9.613627705814226, 46.29144572973807], [9.613345221174004, 46.2916550680583], [9.613170450523343, 46.29171614836086], [9.61279328499442, 46.29195195846335], [9.612651082167405, 46.292003574761296], [9.612596343836788, 46.29208390029824], [9.612302095611268, 46.292150347001666], [9.611986981432993, 46.29232485839052], [9.612094177622787, 46.292519914503224], [9.611710651819863, 46.29269328282405], [9.611427325146376, 46.29294308248864], [9.611246876945803, 46.293190018861], [9.611181856456687, 46.293421771904185], [9.610985804888545, 46.29388765018974], [9.610946549970425, 46.29393231672302], [9.610882894818586, 46.29392286437372], [9.610814372320888, 46.294029405626056], [9.610593354241178, 46.294213041352144], [9.610363758635973, 46.29457946781922], [9.61025824672732, 46.29448525219803], [9.610078108943027, 46.29450594978718], [9.609961662320814, 46.294471708848455], [9.609905507358054, 46.29440430252073], [9.609306598933374, 46.29417072111255], [9.609064389736353, 46.294175401691334], [9.60886276917405, 46.29420908459575], [9.608853343131383, 46.294243525302086], [9.608713672440492, 46.29427941336002], [9.6086759953628, 46.29432355791273], [9.608138315718548, 46.29434905024661], [9.60802397274326, 46.29429256126914], [9.607783947640616, 46.29432751806998], [9.607446290611307, 46.29419569712643], [9.607220878605245, 46.294187905382415], [9.60716564728621, 46.294154579435435], [9.606600479957716, 46.294208630662624], [9.606203295266983, 46.294388480451794], [9.605764742591692, 46.29466462028405], [9.605600155692809, 46.29466764789657], [9.605423066643164, 46.294753374499166], [9.605170058591666, 46.29472100803451], [9.604884872106428, 46.29478653563502], [9.604794424260943, 46.294742596542385], [9.604735499348106, 46.29476220023778], [9.604641275610023, 46.294727414058585], [9.603816369702967, 46.294868025715374], [9.603614338583503, 46.29480552308153], [9.603386821848744, 46.294811329508576], [9.603185466336976, 46.29477383439342], [9.602933425988898, 46.29460636922333], [9.60247715744968, 46.294731144868095], [9.602267839292203, 46.29474412988195], [9.602176322470235, 46.29475871314424], [9.60198915585678, 46.29489739551557], [9.601685784306884, 46.29499051249387], [9.601331232523627, 46.295151128079866], [9.601114846965443, 46.29518431220401], [9.600777504231441, 46.29532233324963], [9.600148750349994, 46.29546268721094], [9.599134170267273, 46.29578097370408], [9.59894131250064, 46.29573462047482], [9.598812885379205, 46.29555558628998], [9.598395155818055, 46.295420059284616], [9.598061400512995, 46.295220527260696], [9.59780683158457, 46.29513415872828], [9.597678945114344, 46.295010798157556], [9.597518000431604, 46.29496048537581], [9.597274729867944, 46.29495679344427], [9.59707307013306, 46.29492237775597], [9.596994680975067, 46.294813386376774], [9.59671927704038, 46.29482571040476], [9.596558517430758, 46.294778722079435], [9.596484306706179, 46.29462758408322], [9.596189824804604, 46.294568719851036], [9.59592552470826, 46.2946615791054], [9.595390804632709, 46.294589067294964], [9.595211521925922, 46.29459742267639], [9.59511326885627, 46.29454764891095], [9.595073488511058, 46.2943721786689], [9.594921063653194, 46.2943119824789], [9.59481057260042, 46.294074364059036], [9.594693866649099, 46.2939452103137], [9.594299672250362, 46.29386603071684], [9.594044791628631, 46.293909958045134], [9.593585664276372, 46.29385861703096], [9.593384441448213, 46.29376090173707], [9.593227683753016, 46.29361010122642], [9.592723724453329, 46.29355885138013], [9.592652863663847, 46.293556149910295], [9.59257471439873, 46.29361322557095], [9.592379329892417, 46.29362372682259], [9.59215521123521, 46.29372056511849], [9.592064823629736, 46.29382955418146], [9.591747043962124, 46.29400066116086], [9.591506322276635, 46.294070709355445], [9.591488829583136, 46.29412104128884], [9.591407058937369, 46.29415033246916], [9.591114779054655, 46.29439919451854], [9.59110631579306, 46.294449048743424], [9.590891292913502, 46.2945281300292], [9.590766655509547, 46.294618090646836], [9.590605523078521, 46.29466184004536], [9.590514893358213, 46.29474969560314], [9.590531102507796, 46.29479542770967], [9.590275839266322, 46.29481429761223], [9.59015434259731, 46.29487540119417], [9.590127496074487, 46.294936072003566], [9.5899683992198, 46.29498499400746], [9.589892468267507, 46.29507974572939], [9.589431326473209, 46.295000198776584], [9.58899674575418, 46.29485365081191], [9.588737038819003, 46.29486826075182], [9.588310530929336, 46.29475176717115], [9.588212728042985, 46.294780172433775], [9.587889952661873, 46.294764213353865], [9.58767377136499, 46.29479840401896], [9.587479047517135, 46.29486474433941], [9.587165633358893, 46.29491092247324], [9.586892209397373, 46.29513725633244], [9.58678227817387, 46.29514884754242], [9.586696130164377, 46.295229133682575], [9.586553505846767, 46.29528374662524], [9.586323962382759, 46.29530899388795], [9.586050264490746, 46.29505879656813], [9.585882399908824, 46.29507130364519], [9.585785580345803, 46.29500769769177], [9.585721358884372, 46.29500812347664], [9.585462688115294, 46.29476526852627], [9.585208158505491, 46.294731211260974], [9.584981028137083, 46.29461488230692], [9.584878982230515, 46.29460758318866], [9.584699362484297, 46.29453322680332], [9.58456303482228, 46.29455334919554], [9.584321606916825, 46.29447561920524], [9.58405056485294, 46.29451234045008], [9.583666031593943, 46.294400085966366], [9.583488574917997, 46.29439769304278], [9.583466548506628, 46.29434871765343], [9.583202173781238, 46.29437810459372], [9.582973589453303, 46.29461870927265], [9.582846331011197, 46.29469104109147], [9.582827796268955, 46.294673981244316], [9.582582680846942, 46.29476962190511], [9.582625963805299, 46.29478967126129], [9.582539782912173, 46.29488209461887], [9.582313590684322, 46.2950052565112], [9.58208189841286, 46.29522268053112], [9.582083301594347, 46.29526101219509], [9.581838976774643, 46.29543918265057], [9.581798867653982, 46.29544463943629], [9.581636614973391, 46.29529564338663], [9.581240210316263, 46.29523624697309], [9.58114615288186, 46.29517538383994], [9.58096293339697, 46.295126772604696], [9.580164562651547, 46.29503832658911], [9.580037706279333, 46.29506065861171], [9.579785205176842, 46.295122568752895], [9.57954591151376, 46.29509161193064], [9.579378834400137, 46.2952652915436], [9.57919391562788, 46.29538347148622], [9.579160185666488, 46.29542394982903], [9.57896439295966, 46.29546243556883], [9.578350503219914, 46.29545494549624], [9.578268065449766, 46.29548591601668], [9.578178109187554, 46.29544532255194], [9.578015895091474, 46.295518363318706], [9.57806985972522, 46.29569847938623], [9.577987045597506, 46.295814016304874], [9.57772066472343, 46.295998487466356], [9.577289571467023, 46.29647320488344], [9.577079978941574, 46.29662998785508], [9.577003475273843, 46.29662153390868], [9.57664374199917, 46.296747863812364], [9.576587695564303, 46.29682407558579], [9.576225659065766, 46.29696681758089], [9.575859988926288, 46.29719574196484], [9.575529170101758, 46.297319536833214], [9.575478426772785, 46.29739138041519], [9.57538068434723, 46.29742059294797], [9.575096626648524, 46.29766513839552], [9.575050534537219, 46.297731441792436], [9.575098991249723, 46.297769511145894], [9.574911020760462, 46.29789860658833], [9.574676778460404, 46.297918749527014], [9.574534082541216, 46.298000058835186], [9.57441278963786, 46.29799765019884], [9.574307030590207, 46.29816954631883], [9.574014206449503, 46.29822628860038], [9.573872560261423, 46.29834951472022], [9.573927933249244, 46.29838122632434], [9.573913220093774, 46.29844592762254], [9.573767278892689, 46.298558738623555], [9.573721881442133, 46.298709923253874], [9.573597712433411, 46.29875662189977], [9.573396218732722, 46.29899682636622], [9.573330487936524, 46.299017099116135], [9.573296979165436, 46.299087221392696], [9.573134491636555, 46.299201612906735], [9.572851124370057, 46.29906464648168], [9.572604026384955, 46.299026721153524], [9.572401662001097, 46.29902627101727], [9.572346069535039, 46.29905676382468], [9.572185281748654, 46.29902996272033], [9.57210319573462, 46.29903945532582], [9.572099605145576, 46.29907764275191], [9.571979320809378, 46.299148967558516], [9.571480029943368, 46.29929627628938], [9.570997853843233, 46.298977111350915], [9.570907657560275, 46.298949959869425], [9.570830562971793, 46.29896950925668], [9.570724386195723, 46.299121793025684], [9.570607546023775, 46.2991498663955], [9.570575072152787, 46.29924711856248], [9.570411894757154, 46.2993003798391], [9.570197653203648, 46.29929638752046], [9.570096201006649, 46.29933116277795], [9.569944059398525, 46.29943013708536], [9.569693377026901, 46.29949579819553], [9.569445460271643, 46.29967934000198], [9.56900002645399, 46.29989213846062], [9.568714493660861, 46.29995282117221], [9.568412859386356, 46.300159546777806], [9.568053043552425, 46.30025894533431], [9.567848110059417, 46.300474018353306], [9.567710418853917, 46.300552289608], [9.567447262152745, 46.30087681893552], [9.5673488303083, 46.30089900753173], [9.567130946978008, 46.30130699307113], [9.56703008714726, 46.30139946531529], [9.566893818682335, 46.301406383303224], [9.566054474376962, 46.301654222010676], [9.566021994650862, 46.3015861050453], [9.56587579321905, 46.30163317294012], [9.565857055607419, 46.30160656519674], [9.565731735455064, 46.301609577872], [9.565651329572427, 46.3016438369708], [9.565434792811752, 46.301612628473166], [9.565154851790698, 46.30178990846702], [9.564734887524018, 46.30195255807485], [9.564496200999034, 46.30197361183046], [9.564293587373628, 46.301932197221184], [9.564177528015835, 46.30196542759509], [9.563821659671362, 46.30195665499358], [9.563783592746812, 46.30200087984818], [9.563659208991321, 46.302035179734396], [9.563545046381513, 46.3021678447028], [9.563389874067793, 46.302255204817975], [9.563212507786805, 46.30223287830844], [9.563128129122303, 46.302321356784226], [9.562977847712904, 46.30237675009139], [9.56296716692747, 46.30233470016002], [9.562890016088982, 46.302320769187794], [9.562735177203153, 46.30241834549998], [9.56265208029259, 46.30240410293016], [9.562608394149503, 46.3024945983088], [9.562464468798275, 46.302577461468424], [9.562361363427378, 46.30257118116887], [9.562278033160041, 46.30279416642991], [9.562072950642367, 46.30298262229104], [9.561883709013264, 46.30301829915551], [9.561676846243499, 46.30319115630333], [9.56168035064901, 46.303227014651874], [9.561411571023246, 46.303377096336796], [9.56124237906135, 46.303410464155135], [9.561084285312038, 46.30339162448261], [9.56101567653226, 46.30346143075663], [9.56092517661635, 46.30348604052678], [9.560932622631345, 46.303581298620514], [9.56104171078979, 46.3036845228313], [9.561105171639632, 46.30384727510162], [9.561207306209361, 46.30396228272654], [9.561085326379212, 46.30437887117683], [9.56097804605355, 46.30454512178478], [9.560956762351806, 46.304740634639536], [9.560992052278579, 46.3048120720201], [9.560833671659417, 46.304932341604975], [9.560854550944834, 46.30505838467429], [9.560714217227964, 46.30535820493396], [9.5606354908647, 46.305397476326704], [9.560626119456437, 46.30546673729438], [9.560445966439074, 46.3055704804831], [9.560445034868268, 46.305746473940616], [9.560483971259897, 46.30578223547176], [9.56041406529009, 46.305939959204714], [9.56025063128652, 46.30604990474393], [9.560158148065609, 46.30616452295869], [9.559998099492228, 46.3061719598995], [9.559832026354325, 46.306206362251835], [9.559280670790924, 46.3061971646433], [9.559199029803843, 46.30622733831782], [9.558904960785112, 46.30619857552624], [9.558794453460813, 46.306333587571764], [9.558697128027546, 46.30635751150115], [9.558597476242506, 46.30645449255538], [9.558438322535462, 46.30639300587339], [9.558057907379371, 46.30637021084005], [9.557367302768261, 46.306530913682266], [9.55709022518626, 46.30643692371925], [9.556652347870228, 46.306392404185836], [9.556555442595219, 46.30635279619716], [9.556216248437957, 46.30637114863695], [9.555943895028815, 46.306289463689005], [9.555673832737611, 46.306140454763934], [9.555430462670017, 46.30614923997133], [9.555327990398302, 46.306233064805866], [9.555206513459678, 46.30624338917299], [9.555206888803037, 46.30618797702349], [9.555137311537234, 46.306141863204395], [9.555158030390299, 46.30607104975928], [9.55491156857264, 46.306035653435664], [9.554799030862858, 46.30597670023044], [9.554747690471261, 46.305857258727265], [9.554394883089023, 46.30569533994349], [9.554286322828153, 46.30556311299551], [9.554251326147808, 46.30547202159647], [9.554285322967976, 46.30530773648835], [9.554187182411951, 46.30518301605582], [9.554078492450232, 46.3051574749226], [9.55406895288827, 46.30495911773577], [9.553964399491901, 46.30484703653211], [9.553540321848399, 46.30450413633677], [9.553445359826968, 46.304481298939216], [9.55340537769001, 46.30441083692453], [9.553056477261615, 46.30421852273198], [9.55296011491439, 46.30407794032482], [9.55271335596944, 46.30387767803099], [9.5526849411386, 46.30375212148215], [9.552517609536391, 46.30362360013261], [9.552401209190428, 46.30354132564375], [9.552149332236029, 46.3034791465254], [9.551994658541267, 46.30353429889242], [9.551977497471944, 46.3034982668095], [9.551737833143845, 46.303430515958034], [9.551663262652934, 46.30336296077076], [9.551532461910043, 46.30336003099714], [9.551480855758472, 46.30326967377168], [9.55135058735351, 46.30321530468406], [9.551188996085672, 46.3030822507393], [9.55110702735195, 46.303064892493516], [9.550836929416562, 46.30289986302372], [9.550656921309024, 46.30284757169414], [9.550661863376007, 46.302767911355694], [9.550428137877875, 46.30260727653808], [9.549912346876583, 46.30247143781855], [9.549780484964957, 46.302364639885454], [9.549677556085957, 46.30237193934334], [9.549575574372307, 46.302338078908996], [9.54769641854809, 46.30314032659376], [9.542608444596361, 46.30598026376737], [9.54156366011387, 46.30665924619568], [9.541007893333532, 46.30721447437346], [9.540572399224178, 46.307527234900554], [9.540232245900064, 46.307719609923076], [9.539341868526076, 46.30807210888287], [9.539108190784823, 46.308197983788375], [9.5390091464348, 46.30828087417605], [9.538938939747796, 46.30846687726177], [9.53871887336916, 46.30877271734431], [9.538101766461267, 46.30908724505686], [9.537504044191758, 46.30931613640624], [9.537396810087625, 46.3093979082369], [9.537159507644065, 46.30963200156481], [9.536673975863923, 46.310003608238155], [9.536543426571045, 46.310345766988576], [9.536521441257698, 46.3106566772585], [9.536444423579304, 46.310842796588624], [9.536039196449945, 46.311237589029844], [9.53584470916593, 46.3113191945102], [9.535498168253042, 46.31134195636073], [9.53526458337367, 46.311470826752725], [9.535139420604027, 46.31158422686149], [9.534919075163684, 46.31164226472507], [9.534481719880766, 46.31184688907826], [9.534001564088971, 46.31212137924552], [9.533806417156583, 46.31230662404394], [9.533651662792543, 46.3125391925724], [9.533219798003149, 46.312689465192626], [9.533055041833332, 46.31299048283275], [9.532914290182465, 46.313117783798454], [9.532912000099563, 46.313190464613065], [9.532627314906927, 46.313363559337205], [9.532112259699808, 46.313873536917825], [9.531839589686948, 46.3139295125709], [9.5316608571694, 46.31406788959878], [9.53164725751733, 46.314218249352244], [9.531447043072449, 46.31448584787621], [9.53134093879627, 46.314777263440796], [9.531161138293664, 46.31488868959871], [9.531073878525824, 46.31504620720225], [9.530872504699353, 46.315219682978196], [9.530643312368479, 46.315542656533836], [9.530225506241209, 46.31575870014136], [9.530141075643748, 46.3159564427928], [9.529992915828053, 46.31613627719271], [9.529679853619296, 46.316392038365414], [9.529330872653153, 46.316555819555724], [9.529110276697114, 46.316779878020505], [9.528880879110195, 46.31694059431031], [9.52825640546202, 46.317216300903716], [9.528132545527015, 46.317366347123105], [9.527895441286182, 46.31751120328692], [9.527757293043182, 46.31768355911525], [9.527555256891565, 46.31781703147001], [9.527429948689356, 46.318012952196604], [9.527251351897196, 46.318114621559204], [9.527232222482699, 46.318291413498656], [9.527168729504119, 46.318372322194385], [9.526912532496475, 46.318554872814886], [9.526685575421965, 46.31882748369216], [9.52660662351965, 46.31885356041125], [9.526490121544803, 46.31902934957417], [9.526079003045252, 46.31944228103336], [9.525886889504722, 46.319554699719895], [9.52569355482391, 46.31981086900031], [9.525532774564889, 46.31994851804122], [9.525332480440767, 46.320259609063555], [9.525323710014927, 46.32044555968996], [9.525134626213351, 46.320596426938074], [9.525065416212252, 46.320710214487924], [9.52500705389858, 46.32093773592674], [9.524693685238711, 46.321253824921165], [9.524510263986333, 46.321344231695875], [9.524399159040922, 46.32158851728472], [9.524410961476963, 46.32183578419023], [9.524326453968493, 46.322016749609965], [9.52413379916674, 46.32220508850671], [9.524019943882422, 46.32241166450802], [9.523765488650202, 46.32258621148422], [9.523575578890988, 46.32282452337276], [9.52344635947139, 46.32286024360091], [9.523143829349197, 46.32317599317733], [9.522704050726752, 46.32348558387749], [9.522096822002291, 46.32417317920145], [9.521184869939846, 46.32498542859833], [9.520771886782638, 46.32514547156242], [9.52004217055444, 46.32554773395012], [9.519913088320326, 46.32572936233511], [9.519786574010057, 46.32577626765449], [9.519588226784041, 46.32600802276885], [9.519237350979907, 46.326244119570184], [9.51903692709951, 46.32661240538743], [9.518778786254789, 46.32678115108786], [9.518719360220393, 46.32697598614857], [9.518489787153248, 46.32709704330871], [9.518336347133891, 46.32730091235945], [9.518277636972151, 46.327693724272166], [9.518142641597713, 46.32778085559748], [9.51806571806854, 46.32789668774209], [9.518140281892467, 46.32812040392967], [9.518032917004867, 46.3284122711426], [9.518031784280524, 46.328561887745614], [9.517940370763966, 46.32863381098224], [9.517932612167547, 46.32885810357859], [9.518007010830074, 46.328979030609865], [9.517933047306471, 46.32914341056754], [9.517957928304655, 46.32933226073759], [9.517902129608597, 46.329523915624776], [9.517915432078304, 46.32965597985176], [9.51810092791398, 46.330068864777694], [9.518146580804917, 46.33030078864232], [9.51784948559127, 46.3308978962246], [9.517618863732089, 46.331189596953685], [9.517562618132624, 46.33142329318053], [9.51731533191392, 46.33168462196387], [9.516978259000584, 46.33193364082842], [9.516969798717481, 46.332021857993624], [9.516720955202825, 46.33260261720048], [9.516141929169201, 46.33263834073527], [9.515025393214353, 46.332552699975295], [9.514628376414086, 46.332474635599695], [9.514232569760129, 46.332341852815176], [9.513761093610794, 46.33302623704548], [9.513601505292433, 46.33307615255905], [9.51353846525354, 46.333130058897154], [9.513533997350466, 46.33318041742552], [9.513565816214761, 46.333383198890324], [9.513502898853687, 46.333846414645976], [9.513520975478754, 46.33417714126539], [9.513573810058114, 46.33431516903545], [9.51359047337283, 46.33455378275537], [9.513829139794208, 46.335311717135795], [9.513812017149892, 46.33546814316743], [9.513781103121032, 46.335531557815244], [9.513357381480246, 46.33559968958563], [9.513059058481332, 46.335656667080315], [9.51266612250865, 46.33582816782508], [9.512606844934764, 46.335896988812706], [9.512328022030536, 46.33605405216776], [9.512154506908265, 46.33635530969604], [9.51162101528571, 46.336503268239184], [9.51148603527915, 46.336602154087075], [9.511478238582653, 46.336685184898], [9.511565649626322, 46.33676483564964], [9.511530923530149, 46.336903371973264], [9.511589429574178, 46.33712879232561], [9.511822257402873, 46.337316442536775], [9.511810559860976, 46.33738032311517], [9.511598098924265, 46.33758937713182], [9.511429703259523, 46.33767203672748], [9.511264554294053, 46.337904142990716], [9.51118950130553, 46.33811601768497], [9.511210672487804, 46.338177470275994], [9.511461543457793, 46.33834020202776], [9.511513701496474, 46.33842137978123], [9.511495899000638, 46.33849109564254], [9.510952134742071, 46.3389786709], [9.51086649554918, 46.33913008654321], [9.510850477183837, 46.33940967750954], [9.510884089648842, 46.33949617999062], [9.51110525077274, 46.33964935993972], [9.511075554212846, 46.33974619095069], [9.511104446098733, 46.33986798308244], [9.511312379521437, 46.3399797544216], [9.511384075065102, 46.34007509864167], [9.511218638540965, 46.34028481468456], [9.510899926805495, 46.34046780792121], [9.510712837126013, 46.34068326287361], [9.510646596716805, 46.341042169486805], [9.510732901656676, 46.34131337170101], [9.510718380090168, 46.341358784833474], [9.510575699580459, 46.34141932219446], [9.510537073055486, 46.34150788643054], [9.510639033413291, 46.34173271090376], [9.510625440508953, 46.34200611983046], [9.510333436195813, 46.342264510148546], [9.510144621469108, 46.342515027412766], [9.510136045234633, 46.34264169156043], [9.510325875672601, 46.342869785625716], [9.51019547438376, 46.34313855646973], [9.509787429033018, 46.343585046251434], [9.509791314319449, 46.34401906256774], [9.509538340294748, 46.344171099357354], [9.509511276321907, 46.34447363534314], [9.509418097294905, 46.34457553244123], [9.509027084893354, 46.34482642448631], [9.50890313004929, 46.34501409393019], [9.509179571691343, 46.34521387456229], [9.509276264857167, 46.34565050356832], [9.50940721450994, 46.34574914004178], [9.509504287342194, 46.34591145984457], [9.509427286995798, 46.346221943717005], [9.509092863764552, 46.34658314530236], [9.50885799799017, 46.34690989488101], [9.508841437808247, 46.34741483696792], [9.508748121519906, 46.34752306672847], [9.508705268478515, 46.347719740641544], [9.50854702651582, 46.34780071661076], [9.508297533790223, 46.34786799995866], [9.508217166063075, 46.347993239288854], [9.508230629332571, 46.34815488178021], [9.508392700173125, 46.34857330804186], [9.508386752187656, 46.34891496930709], [9.508496070101359, 46.34905270900172], [9.508452002588136, 46.34931619083021], [9.508582960279396, 46.34951607484717], [9.508475485048322, 46.34960422129536], [9.50821763513227, 46.349716730846936], [9.5081941098771, 46.349836305240544], [9.508390137905161, 46.35025312194239], [9.508546036296819, 46.35031763269934], [9.508681793979878, 46.35030693589422], [9.50870655248661, 46.35034618673387], [9.508688531820374, 46.351115806904154], [9.508572747382551, 46.35139815824046], [9.508208155363196, 46.35166023883451], [9.507908954722021, 46.351703825468014], [9.507588037479898, 46.351837103322076], [9.507090768026098, 46.35191567296128], [9.506584356608986, 46.352045767812335], [9.506458740931226, 46.35214644624183], [9.506390946219588, 46.35233729907368], [9.50630032859788, 46.352357131742146], [9.506093207512697, 46.352509142701194], [9.505494955263947, 46.35234777739774], [9.505312842427813, 46.35237432710317], [9.505122415283116, 46.35247657204102], [9.50502194253441, 46.352491210273115], [9.504998288989405, 46.35256180805909], [9.504743626356321, 46.35283099422797], [9.504657892769597, 46.35287436730467], [9.50446146959088, 46.35320482786936], [9.503663513591517, 46.35375140341744], [9.503510361606718, 46.353923148484284], [9.50308624460166, 46.354572515892414], [9.502867190190951, 46.354683866404926], [9.50251829933153, 46.35479754708259], [9.502395080447739, 46.354920953155904], [9.50202997401793, 46.355051514368256], [9.50192039213919, 46.35514292328738], [9.501422835396149, 46.355242741251395], [9.501273276287897, 46.355421709345], [9.501236404256904, 46.35562894202475], [9.50113461875702, 46.3557562589493], [9.500988331492788, 46.3558668105231], [9.500470820134748, 46.35606799130995], [9.50038946242055, 46.35632155903874], [9.50028569166922, 46.35643777005604], [9.500195409644856, 46.35645983215992], [9.500006542371809, 46.35697121064608], [9.499565631073024, 46.35759960655806], [9.499508081431017, 46.357763973639074], [9.49964777755341, 46.358282682098654], [9.499904394580845, 46.3586386427207], [9.500043605640313, 46.35891236570422], [9.500023391260992, 46.35940269610475], [9.499780154155143, 46.35993384518079], [9.499412427350071, 46.36042100493743], [9.499322279454983, 46.36061999173354], [9.499072865060064, 46.36086679861936], [9.498787956711917, 46.361243554646414], [9.497991203867716, 46.36262863849657], [9.497628284290123, 46.36313201224625], [9.497443277372888, 46.363286476593665], [9.497378035627674, 46.36341422244258], [9.497149494673726, 46.36353680240414], [9.496893828170709, 46.36376880624471], [9.496738458231983, 46.363843189382386], [9.496541659956547, 46.36406665346523], [9.496415387266502, 46.36432327519002], [9.496179400926435, 46.3645064077701], [9.495488131991399, 46.36485507550013], [9.494435225400695, 46.365023228081434], [9.494215075807956, 46.365287845731324], [9.493379450821951, 46.36542636210826], [9.492405136168278, 46.365673822841764], [9.492210896302424, 46.36567939613979], [9.49173653352147, 46.365583304221246], [9.491169365424705, 46.365721815989794], [9.490668758278703, 46.36575909875767], [9.490193375649268, 46.365880475792245], [9.489945645319997, 46.36588466662176], [9.489565606409101, 46.36583467814098], [9.48927967463546, 46.365851995798025], [9.488887934287169, 46.36590618062784], [9.488125683516246, 46.36610593098738], [9.487314167622884, 46.36616326168618], [9.487459333283313, 46.36639515502565], [9.487559550393788, 46.36646974180222], [9.487650977869645, 46.36680704382215], [9.487744757041085, 46.366825036739776], [9.48775457680893, 46.36691850037944], [9.485444905736511, 46.36694908668471], [9.484127397625349, 46.36690584250769], [9.483778948153617, 46.3670887009706], [9.483590136013188, 46.36713362867698], [9.482980258284366, 46.3671846848749], [9.482799658144561, 46.3673096761325], [9.482628165501737, 46.3673485571291], [9.482415574618775, 46.36748843342692], [9.482025110909623, 46.367629654754005], [9.481623480852605, 46.36800107102936], [9.481613521907938, 46.36819174327069], [9.481423819543279, 46.36840281766611], [9.481334756024017, 46.36862211101995], [9.48104995841496, 46.368974487761484], [9.481012651096817, 46.36931976445765], [9.4808368314688, 46.36941140863311], [9.48048119101428, 46.36970751224442], [9.480310212682033, 46.37034104955908], [9.480072652191154, 46.37081520048295], [9.479951812287826, 46.37092090709165], [9.479674421109902, 46.37099783941034], [9.479443352598377, 46.37113125768616], [9.479289992128024, 46.37111372657228], [9.479073445113265, 46.3712094235175], [9.478907542809148, 46.37117885314173], [9.47858528681423, 46.371202193970596], [9.478257597887898, 46.37113530992586], [9.477760554462119, 46.371208445725344], [9.477526104603045, 46.370882303699545], [9.477321216784135, 46.370863791086606], [9.477251234082384, 46.37076335457068], [9.477301928129451, 46.37060945677357], [9.477103072988497, 46.3706518816792], [9.476917278164498, 46.370600358830764], [9.476607587562134, 46.37062001249358], [9.476431809127005, 46.37050940396489], [9.4761104007442, 46.37055282540206], [9.476100718446533, 46.37061629587983], [9.476015469175687, 46.370644141083964], [9.475868759786174, 46.37061113519005], [9.475783374710382, 46.37063605804622], [9.475719393906017, 46.370823309228946], [9.47571062947471, 46.37087277992459], [9.475626382002405, 46.37091312438327], [9.475332026587324, 46.37089285072144], [9.474971927502008, 46.37094667447293], [9.474931355005765, 46.37097962777675], [9.474714807532914, 46.37104640257477], [9.474417322937164, 46.37108134523937], [9.474367279252633, 46.371209817982], [9.474276224514393, 46.37147947197417], [9.474008747730208, 46.371584612925155], [9.473982492183794, 46.371684601241114], [9.47382820912282, 46.37174192318631], [9.473748310383707, 46.37182691124596], [9.473602720722202, 46.371849476452205], [9.473234458513026, 46.372048808470986], [9.472834223125561, 46.3720892277655], [9.472762167567497, 46.37212614740628], [9.472766497854522, 46.37224374718123], [9.472700924725197, 46.37228399758783], [9.472572774767132, 46.37230050780813], [9.47207126877144, 46.372265364186696], [9.47175369425712, 46.3720944858512], [9.471567097152306, 46.37194647834897], [9.471448405484038, 46.37198642121357], [9.471023899400349, 46.37202609443826], [9.470553304050107, 46.37223591957046], [9.470248338423639, 46.37246128109383], [9.469448331706367, 46.37274027893805], [9.46912458612082, 46.37290097732967], [9.468946767133447, 46.37303417674127], [9.468685899015066, 46.37310790746797], [9.468368430274905, 46.373315282858506], [9.468231950297906, 46.37332120185471], [9.46797425962563, 46.37339547711745], [9.467792831411439, 46.37338735307052], [9.467427768931415, 46.37345295929369], [9.466898626015412, 46.373589945853446], [9.466728946051846, 46.373558051355765], [9.466583375812872, 46.37357539746876], [9.466150646877153, 46.37374381461484], [9.465816084957584, 46.37381859760587], [9.46528209238332, 46.373743331769816], [9.465202181793028, 46.37378804446741], [9.465013021964449, 46.37375738731692], [9.464635909989044, 46.3737817433269], [9.464443468695386, 46.37392025514087], [9.464278559987216, 46.37395768688753], [9.464124203251172, 46.37406465256485], [9.463341384206215, 46.374316817833744], [9.46313489795596, 46.37458570882229], [9.462328853459132, 46.37510202357128], [9.462056525081607, 46.37533959515684], [9.461874788782156, 46.375395871446166], [9.461739011645115, 46.37551007859317], [9.461533473732798, 46.37557346473058], [9.461258501325094, 46.37573360315268], [9.461196359564992, 46.37585061446929], [9.46120500205845, 46.375892718878745], [9.461087629473095, 46.37598943520013], [9.461068047716513, 46.37636898111258], [9.461164302254456, 46.37648815817309], [9.461184008097455, 46.37665697026612], [9.461351251029445, 46.376788342327046], [9.461663742606804, 46.37729395516347], [9.461886400328973, 46.37752497218895], [9.462006224905462, 46.37773115977481], [9.462135987154955, 46.37783489155043], [9.46243491521713, 46.37836063237591], [9.462654986067166, 46.378574107528564], [9.462870187489203, 46.378954702280694], [9.462920060062864, 46.37925447315347], [9.463113210925725, 46.379315290162324], [9.46306390028218, 46.37955029389786], [9.463085086978037, 46.37986205390537], [9.463195418294982, 46.38020449982182], [9.462776093106708, 46.38078865275439], [9.46256166674732, 46.38091479221621], [9.462493556853884, 46.38116165155076], [9.462255324995192, 46.38159069316803], [9.461905759493142, 46.38165932253011], [9.461704252487232, 46.38196690176139], [9.461282833164994, 46.38238417683236], [9.461357963968402, 46.3825234123998], [9.461484351018663, 46.38263261308566], [9.46153428510935, 46.382830159799795], [9.461494599743027, 46.38294282088157], [9.461344411392123, 46.38304562954842], [9.461334997099284, 46.38321974095299], [9.46118384434732, 46.38341847422685], [9.46174677072415, 46.38349554130086], [9.462183337922252, 46.3835943343022], [9.46221586214476, 46.383562365358344], [9.46233940955878, 46.38356914803435], [9.463292898715741, 46.38373034561795], [9.46359665495886, 46.38385177006613], [9.46430647471237, 46.38375683312218], [9.464990364338467, 46.383737459077686], [9.465079766072948, 46.38404612631638], [9.465230981763723, 46.38430692350458], [9.465492040921717, 46.384521396155705], [9.465793643048555, 46.38460842986724], [9.465767902866355, 46.384701497806475], [9.465810835648563, 46.3847688523173], [9.46604787367043, 46.38491912232937], [9.46604455457264, 46.384971958380724], [9.465885172002864, 46.385094869389114], [9.465777687708, 46.38544939343123], [9.465792008182992, 46.385542452933166], [9.46572154599866, 46.3856696578281], [9.46583037816553, 46.38598318324903], [9.465783713766406, 46.38624030714934], [9.46582786083773, 46.38640985224722], [9.466216560542772, 46.38656869782404], [9.466214144586571, 46.3866063643796], [9.466348403381922, 46.38665636024485], [9.466613505295026, 46.38683687702241], [9.466651002173453, 46.386902849204944], [9.466776193786037, 46.38694054365753], [9.466909999714412, 46.38712100221635], [9.46705900932479, 46.38723161753293], [9.467049928942188, 46.38729342204502], [9.467197370573874, 46.38733278039396], [9.467605338379334, 46.38759043884437], [9.467770100833008, 46.387818515736946], [9.468126495292989, 46.38788668224878], [9.468214724830514, 46.387948796092545], [9.46835342591348, 46.38815451749031], [9.468671483386476, 46.38831600516509], [9.468752721540753, 46.388400435629286], [9.46874687661437, 46.38845831244464], [9.4689704836427, 46.388575623043124], [9.469006161829297, 46.388632809872036], [9.468912141358052, 46.38882560468772], [9.468733648121821, 46.38897415811963], [9.468697900692849, 46.38913377760211], [9.468602624371659, 46.38918682997594], [9.46840693772257, 46.38921752938159], [9.468457464371912, 46.38937761803618], [9.468449531616153, 46.389553917064745], [9.468155758740489, 46.389707961839825], [9.468163469037039, 46.389789306176986], [9.46805326508785, 46.38981006098899], [9.467967756762892, 46.38991918869512], [9.467761976763228, 46.389970405998014], [9.467565303807941, 46.39037872061013], [9.467363385614782, 46.39060429667579], [9.467241283477007, 46.39065961020685], [9.467211912273525, 46.39073667832434], [9.467158287796911, 46.39074245204089], [9.46696953881855, 46.391067565923166], [9.466875345470612, 46.39109368333986], [9.466736175499975, 46.39131421017766], [9.46677698006087, 46.391537149765355], [9.466477282422176, 46.39184381512317], [9.466501526845652, 46.392155425683164], [9.466553741476234, 46.39224521470243], [9.466426542215835, 46.392416882428584], [9.466507357052318, 46.39290723194235], [9.466452683907429, 46.392994281957506], [9.46645840369302, 46.39315010049399], [9.466532016283827, 46.39347578988098], [9.466382345643979, 46.39366395791921], [9.466268863686215, 46.39419788498078], [9.466340439763641, 46.39433135031854], [9.466315750326377, 46.39442798750967], [9.466475877111906, 46.39448854587598], [9.466490191582258, 46.394760202951645], [9.466605564922773, 46.39499467083259], [9.466440969408472, 46.39530600755679], [9.466471057251132, 46.39546030961455], [9.466405578768812, 46.395736830677976], [9.466470151277443, 46.396146006755465], [9.466460708607098, 46.39644809823221], [9.46648341656716, 46.396515937890435], [9.46661599243937, 46.39662598687682], [9.466571933219596, 46.3968335900037], [9.466466017285965, 46.39702626450653], [9.466539285682025, 46.39739629273888], [9.466512633487223, 46.39752154415992], [9.466632982712156, 46.39761825228429], [9.466613672051087, 46.397729020366796], [9.466736902971462, 46.397875006080874], [9.46681026131134, 46.39815125997711], [9.466787294092157, 46.39835388707447], [9.46604671222055, 46.39866887001209], [9.465918720593825, 46.39890553456583], [9.4658129596519, 46.398948639347566], [9.465628942841743, 46.399287251735124], [9.465626200185598, 46.399419633837155], [9.465697416295304, 46.3995847976202], [9.465485448066552, 46.39983886440183], [9.465452361214695, 46.40006775895689], [9.46561104572847, 46.40024706199396], [9.465419547034353, 46.400392104461645], [9.4654372853203, 46.40050973161868], [9.465388187364953, 46.40057845850265], [9.465452412363724, 46.400653915124344], [9.465314254796413, 46.40085049321408], [9.465290952122643, 46.400994149684365], [9.465153613491974, 46.401116178937684], [9.465178483228792, 46.4013752992946], [9.465121898165087, 46.40169039082486], [9.465056003689414, 46.40180744429586], [9.464934827460889, 46.40184963584671], [9.464860635167092, 46.40200539658346], [9.464887642853515, 46.40223226413884], [9.464809293492868, 46.40241396991457], [9.46493006343765, 46.402717899423635], [9.464851670377875, 46.40318686903212], [9.464753800342487, 46.40318448636567], [9.464406410733556, 46.40351783878497], [9.464315224911042, 46.403617814330445], [9.464309166145304, 46.40374193256126], [9.464026804107062, 46.40396078544821], [9.463725572237127, 46.40412128528634], [9.463791793844688, 46.404282581677776], [9.463998372031545, 46.404446643445816], [9.464228007603827, 46.40472340548867], [9.464238646179744, 46.40485435266095], [9.464125342498967, 46.4052152785673], [9.464181907511035, 46.4053272549901], [9.464051853942712, 46.40552316672082], [9.463916202519838, 46.405583784656066], [9.463849546265978, 46.405868074072515], [9.46371413734386, 46.40594636109107], [9.463498775971289, 46.406212386670646], [9.463315417841306, 46.406322764669746], [9.463350733142766, 46.40649343411414], [9.463278391052398, 46.40654915927655], [9.463253784876478, 46.406792274485824], [9.463167540286474, 46.40687705230342], [9.463170568164537, 46.4069686407328], [9.463014992988086, 46.4072906027448], [9.463017793406, 46.40737538406537], [9.46282837583266, 46.40748248558791], [9.462830355721513, 46.40763177386955], [9.462721048096698, 46.407885724867484], [9.462656200595848, 46.40790598721576], [9.462562496320007, 46.408059377531764], [9.462475113083151, 46.40811023207091], [9.46234210956485, 46.40812802093547], [9.462338022252034, 46.408184092758994], [9.462238278693741, 46.408219915001084], [9.46218392862028, 46.40828203100329], [9.46197946653923, 46.408562495640965], [9.461986578893953, 46.40868792824376], [9.461766292305402, 46.40886888065104], [9.461779872714107, 46.408927462118534], [9.461699719913282, 46.40910214324822], [9.461600654284243, 46.40922635421644], [9.461474810245756, 46.40928133130108], [9.461366480708216, 46.40946134624111], [9.4613639191758, 46.40956083527012], [9.461253735708986, 46.40968766506384], [9.461232390688185, 46.40976104227371], [9.461274893194064, 46.40987902039243], [9.46148989757964, 46.41010298407462], [9.461646792556428, 46.41020804157152], [9.461870651860576, 46.41065682054993], [9.46188703399524, 46.411057189716516], [9.461833605557425, 46.41116153795047], [9.461814097224357, 46.41138385750191], [9.461635738358384, 46.41165297601391], [9.461727345405063, 46.411730214142835], [9.461720397933561, 46.411790890603406], [9.461652159035493, 46.41188467699844], [9.461515182295615, 46.411964680251394], [9.461417660134348, 46.41226891830359], [9.461215505752282, 46.41261564125314], [9.461028319589323, 46.41273398349764], [9.46098598132099, 46.41281171289665], [9.460799322476708, 46.412960631831815], [9.460649316665727, 46.41326113621687], [9.460375191222461, 46.41341330546278], [9.460246531598116, 46.41352603916498], [9.460125846777624, 46.413848578321335], [9.459514142138406, 46.414074680816285], [9.459340592172087, 46.41410636176863], [9.459093923111924, 46.41428934970083], [9.458996289312966, 46.41429906987348], [9.45877034526645, 46.414446072668525], [9.458623957618899, 46.41443505675403], [9.458390836245101, 46.414602102006974], [9.458319570644827, 46.41457989415283], [9.458143118385149, 46.414755970646425], [9.45800935088129, 46.414719785820964], [9.45793748851933, 46.41475634036888], [9.457541627176614, 46.41501528838417], [9.457472278896969, 46.41521163407488], [9.457381275271826, 46.41531249053417], [9.457281820341024, 46.41532678726738], [9.457119348458775, 46.41549363743548], [9.456802884324562, 46.41566731951419], [9.456703792339644, 46.41581379878912], [9.456706561885175, 46.415881975873326], [9.456577271975858, 46.41591414201035], [9.456293579018771, 46.415891566498225], [9.465745790941883, 46.418459730974654], [9.466012271264594, 46.4186266337895], [9.466346479951298, 46.4187908298015], [9.466456070715527, 46.41888815145227], [9.466489923106057, 46.419062434046936], [9.466350545422024, 46.4194478181728], [9.466487379473996, 46.41963445055807], [9.466268732042428, 46.419778604183506], [9.466454392146932, 46.42081105699615], [9.466749690140057, 46.421255852853015], [9.46693652667313, 46.42140851050801], [9.467117661157598, 46.4214998100128], [9.467284877322866, 46.4215905474349], [9.46735705866334, 46.42168698139548], [9.467357374445868, 46.42206039977997], [9.467396886208633, 46.42217017724172], [9.46744723949633, 46.42222049671982], [9.467853252347183, 46.422434436258584], [9.468302979807676, 46.42248784593645], [9.468827829919448, 46.42253989949423], [9.469121658960892, 46.4225370045847], [9.46992210429531, 46.42263041863502], [9.470584696848034, 46.42272590919838], [9.470759597307904, 46.42280612938246], [9.470971097140936, 46.42300497054891], [9.471188473528583, 46.42305501245387], [9.471734760554373, 46.42340963672695], [9.472173324984068, 46.42359883138439], [9.47239310577322, 46.42364836835535], [9.472746410957104, 46.42377632687183], [9.472852395367006, 46.42384802575665], [9.472879738290313, 46.423956364641406], [9.47281282497739, 46.424177364991145], [9.472898026436907, 46.424353100596484], [9.473184427743451, 46.424789945987534], [9.473542442109219, 46.42513095822296], [9.473769444628944, 46.425212927275716], [9.47424547002498, 46.42546625104282], [9.474696300510209, 46.425639694164055], [9.4749882071595, 46.42567699761502], [9.475140626825999, 46.4257309780172], [9.475757722120981, 46.42614533689963], [9.47588291037828, 46.426339006430204], [9.476450117436931, 46.42683484353962], [9.476792363259795, 46.427068080992605], [9.477466385264924, 46.42783708550486], [9.477614753017932, 46.42817529343589], [9.477817088938906, 46.42829741953285], [9.477928969170401, 46.428445567761926], [9.478758051316204, 46.42881774698578], [9.478963019715799, 46.4290349838584], [9.479549957036435, 46.42928206153424], [9.48015268612143, 46.42967536881007], [9.480207839551891, 46.42977837346026], [9.480174014945257, 46.42996160071543], [9.480218780209443, 46.43025087520162], [9.480511998807955, 46.43067171824187], [9.480876919240567, 46.43112815528189], [9.481299090524429, 46.431344635683146], [9.481696909479439, 46.43148736911713], [9.481986810869657, 46.43154783619646], [9.48225711114421, 46.43167525506982], [9.482698217836782, 46.43094741079668], [9.48275697477928, 46.43077986685045], [9.482941150184278, 46.43065957349005], [9.483080713345771, 46.43039158746776], [9.483709567374598, 46.42998431687127], [9.484024599872955, 46.429537699842186], [9.484084427201424, 46.42922615693354], [9.484319315697324, 46.42889796763221], [9.484738308789494, 46.42862045749679], [9.485153170601901, 46.42840600259065], [9.48540263903005, 46.42821301429769], [9.485932926242489, 46.428549428627335], [9.485491949931886, 46.429106309703606], [9.485482571723429, 46.429547416354325], [9.486072312500442, 46.430173010728915], [9.486010903580171, 46.430615056900365], [9.487635352196378, 46.431463588525475], [9.497818671371252, 46.435331067360245], [9.499158705240616, 46.435815064634156], [9.500030646155215, 46.436004308158935], [9.50131745216707, 46.4361279944808], [9.50218015689262, 46.43580032717444], [9.503302108897234, 46.43590753620972], [9.504064370620444, 46.436174912202624], [9.506028724069257, 46.43703665540139], [9.506864995721932, 46.436374422610506], [9.507999699873169, 46.435202699415605], [9.510835815754618, 46.43391715389046], [9.511345720048867, 46.43339494823729], [9.51221882552613, 46.432537581089356], [9.512884810674105, 46.4323757110392], [9.513971952927713, 46.43216753448016], [9.517916978667035, 46.43130640055841], [9.518090763616476, 46.42992951758108], [9.518069083791366, 46.429542292920644], [9.51794470441969, 46.429329491114565], [9.517897930212293, 46.429179088426686], [9.517951236395557, 46.42887558289806], [9.517864232744987, 46.428567567328734], [9.517649171054325, 46.42803477943751], [9.517360271623566, 46.427766476894014], [9.517647655404511, 46.42746540538889], [9.518446980774288, 46.427006403774385], [9.518295222177724, 46.426614474358146], [9.51855712463447, 46.426224420093675], [9.518526323651567, 46.4260453493808], [9.518639699287164, 46.42588255071144], [9.518766936932666, 46.42572422314321], [9.518979297779147, 46.425647068703775], [9.519269723929241, 46.4247530557557], [9.519746276001586, 46.42381072631475], [9.519825289641517, 46.42301986578934], [9.520640137703477, 46.422522745791575], [9.520944168815605, 46.42216262495062], [9.521098144404588, 46.42145545312903], [9.521030115172472, 46.42133179667857], [9.521247303496622, 46.42106746225423], [9.521328065260727, 46.42067836141328], [9.521505036322344, 46.4204813025753], [9.521507028856082, 46.41946494456375], [9.521573530131477, 46.41923919440654], [9.521619005337698, 46.41877834068659], [9.522152004624324, 46.41810589376388], [9.522274367807253, 46.41782925194413], [9.522452162876114, 46.41755677493735], [9.522514769371341, 46.41722946339072], [9.52309489166199, 46.4165853645827], [9.522991985157228, 46.41604127804838], [9.522790281280017, 46.415950450567294], [9.522685804001132, 46.41554348996384], [9.522934324417534, 46.414902461379086], [9.522959763569744, 46.41377996679784], [9.523239265896049, 46.41313904100158], [9.52369443197019, 46.41253505856398], [9.523048782724002, 46.411828419330995], [9.52270732590755, 46.411123274000474], [9.521592435239164, 46.4083406412611], [9.521686072693013, 46.40781907061275], [9.522633308651162, 46.40715155318543], [9.522839035488518, 46.40637015346021], [9.522708640806785, 46.40608893308936], [9.522705260219604, 46.40559158267266], [9.522817555318518, 46.40518878121042], [9.522763946212475, 46.405038501685745], [9.522959207727773, 46.404429838683], [9.523469151851732, 46.404096642258786], [9.523565314105014, 46.40375453006583], [9.524069991843438, 46.402662743249984], [9.524227209166433, 46.402397500452714], [9.524597376836331, 46.40197123760876], [9.525917103600325, 46.40147767672666], [9.526458015180237, 46.401240807596196], [9.526594109408524, 46.40060484374097], [9.527780589623568, 46.3994791803556], [9.528401157155496, 46.39882720580596], [9.52838305697515, 46.398357190378164], [9.527764678387772, 46.39789844052639], [9.527708668626587, 46.397700725351406], [9.527348307577387, 46.3973031992108], [9.527033170432386, 46.3972806395057], [9.52664425329266, 46.39685055166856], [9.52701539783463, 46.39637572431011], [9.527022662108998, 46.396120332827046], [9.526664777916306, 46.39596383085164], [9.526614178281669, 46.39571422745182], [9.52675447582305, 46.39527675108383], [9.526893567429996, 46.39498583107596], [9.527036355570225, 46.39487920178376], [9.52720815456191, 46.39479979093109], [9.527406080150646, 46.394810937191494], [9.52757920844246, 46.3948715649502], [9.528189920136185, 46.39423158626554], [9.527993685995195, 46.39410285846175], [9.528813740166223, 46.39307660482086], [9.529109094035709, 46.393157536515375], [9.529261484621877, 46.3931599896242], [9.529457654153678, 46.393090247416524], [9.530017464457789, 46.39272537142982], [9.530316021533686, 46.392063288328686], [9.53079494043865, 46.39143587910766], [9.531966129543243, 46.390783907666126], [9.532844310821792, 46.390015491955495], [9.533476100513736, 46.388982628554764], [9.536497508728068, 46.387594692520516], [9.53757870665317, 46.3873091561753], [9.539984455846184, 46.38609909519628], [9.542604401210928, 46.385664105489816], [9.547060788386053, 46.383770306154254], [9.551932306444911, 46.38184045754592], [9.553858391107754, 46.38285077522236], [9.55667162716008, 46.384657720610626], [9.556956604975214, 46.38512918308719], [9.557959488652134, 46.38558616409304], [9.558294187243982, 46.38575762647202], [9.559194948278009, 46.3866533146412], [9.559566647703853, 46.38676159694855], [9.560650648105762, 46.38744843706289], [9.560889351968598, 46.38750419550053], [9.561317897578855, 46.387805799592726], [9.562331655021962, 46.389025094636494], [9.56246272128565, 46.389228919954924], [9.562641631865244, 46.38941094141472], [9.562683546742411, 46.389548514066114], [9.563208143201058, 46.38972546086841], [9.563599877559362, 46.39010014012542], [9.56388325928388, 46.39021238912617], [9.564658040179506, 46.39132643919098], [9.564684120588696, 46.39142382241338], [9.564696850383339, 46.39169264313573], [9.564573777227306, 46.39190633863056], [9.564548845091897, 46.39196475928333], [9.564569688572778, 46.392025390486815], [9.564663137115469, 46.39212073693579], [9.565655572208481, 46.3926598085053], [9.566709465232572, 46.39271585092501], [9.56734462735239, 46.39345324725909], [9.567453110021864, 46.39366076928504], [9.567751882122325, 46.39441566237616], [9.567706309300814, 46.394618895457214], [9.56808216744581, 46.39555882272215], [9.568375115983772, 46.39606073093968], [9.568263853142275, 46.39696426793371], [9.56819187624069, 46.39714127228957], [9.567648649635943, 46.39771117626077], [9.5677016502808, 46.39916117150546], [9.567856311932642, 46.39947811012399], [9.567659970212826, 46.399829240192375], [9.567840581312534, 46.40063014688044], [9.568191989421532, 46.401209586341274], [9.568431244438194, 46.401666296843416], [9.568511902053352, 46.40178546684028], [9.569110175240796, 46.40218263393257], [9.569481061385012, 46.402351627005416], [9.569949992957447, 46.402481897979186], [9.570367244229907, 46.402558847536625], [9.570610625945935, 46.40262144626], [9.571464156943811, 46.40311617327052], [9.571884937663071, 46.40326507358349], [9.572914346307199, 46.40366867941344], [9.57349497375836, 46.403932353292305], [9.573705950917478, 46.403995971248925], [9.574160229398611, 46.40402398576628], [9.574987583403818, 46.40401317319277], [9.575499863029762, 46.403995192015955], [9.576240721372978, 46.4040321669838], [9.577914387241114, 46.40419552572087], [9.579214000825612, 46.404267091744444], [9.58149234643225, 46.40486710429829], [9.581512973321832, 46.40468092870128], [9.582021365699472, 46.40431616922553], [9.58315876683108, 46.40389095825784], [9.583761508452985, 46.403691692692234], [9.584910099022553, 46.40298952889484], [9.585857710203376, 46.40276523777782], [9.586597597886493, 46.40287957900657], [9.58686086036944, 46.40285298425904], [9.588089426893301, 46.403815575461465], [9.588155960399126, 46.40410205867918], [9.588499121076625, 46.40432062321058], [9.588822301327124, 46.405796205288574], [9.58957189646882, 46.405843976682014], [9.590594132552823, 46.40659228591645], [9.590566230132747, 46.40680811837554], [9.591322276541066, 46.40716818591296], [9.591639926366835, 46.40747928926365], [9.591890752865371, 46.4076901955795], [9.592039967406704, 46.40866098019839], [9.592534268168077, 46.40887397197525], [9.59318278601075, 46.41069577936471], [9.594121473864897, 46.41117907870197], [9.59442347758929, 46.41119405171483], [9.594616780076363, 46.41142986241636], [9.59491385690676, 46.411412408812765], [9.5959058176067, 46.4114523112694], [9.59750409306379, 46.412173652827136], [9.598544232812138, 46.411889281758384], [9.600617897805272, 46.41156501640407], [9.601165655764607, 46.411507004330566], [9.602364342440103, 46.410921810258706], [9.60375832646446, 46.410469996071285], [9.605132904594367, 46.41024646402892], [9.605298576810577, 46.41022758644806], [9.605693741045682, 46.410278513168166]]]]}}]}