{
  "type": "FeatureCollection",
  "features": [
    {
      "type": "Feature",
      "properties": {
        "bfs_nummer": 3847,
        "segment_length_m": 0.846760914339552
      },
      "geometry": {
        "type": "LineString",
        "coordinates": [
          [
            10.244788061708697,
            46.62216714970304
          ],
          [
            10.249890744579098,
            46.624394167711564
          ],
          [
            10.250293021644907,
            46.62626307385727
          ],
          [
            10.25030103632284,
            46.626300330493706
          ],
          [
            10.249103633057812,
            46.62988551881435
          ],
          [
            10.247524966293316,
            46.63198172679745
          ],
          [
            10.243549419117969,
            46.63850884778629
          ],
          [
            10.238287318908979,
            46.64063348220042
          ],
          [
            10.239007705307413,
            46.641929413054726
          ],
          [
            10.239878093463041,
            46.64305766371167
          ],
          [
            10.239943177224866,
            46.64306290328513
          ],
          [
            10.245469176938073,
            46.64350768002988
          ],
          [
            10.246523039631978,
            46.64366980281783
          ],
          [
            10.25163418138491,
            46.644455889775415
          ],
          [
            10.255410301629063,
            46.64387017985578
          ],
          [
            10.257202279986563,
            46.643170719239045
          ],
          [
            10.25808959049577,
            46.64375139919412
          ],
          [
            10.265962736920276,
            46.64811853693613
          ],
          [
            10.266681308946659,
            46.64859639834765
          ],
          [
            10.267847727862621,
            46.64938662981958
          ],
          [
            10.272999149540409,
            46.65284973794568
          ],
          [
            10.275312864848244,
            46.65439681692885
          ],
          [
            10.275868656483995,
            46.6549259367298
          ],
          [
            10.277034774197212,
            46.65602098474605
          ],
          [
            10.278344860797038,
            46.65765036722493
          ],
          [
            10.278934193647649,
            46.658313847820786
          ],
          [
            10.27941414720969,
            46.6588688773503
          ],
          [
            10.279528746260572,
            46.65904667765562
          ],
          [
            10.279522381579259,
            46.659050446011115
          ],
          [
            10.279205692553536,
            46.659237438539364
          ],
          [
            10.278776761632956,
            46.659516100701026
          ],
          [
            10.278562382294586,
            46.65961708733402
          ],
          [
            10.278466822900809,
            46.659655305050315
          ],
          [
            10.278348983072172,
            46.65967234877701
          ],
          [
            10.278192222034372,
            46.659681928503865
          ],
          [
            10.2779066512651,
            46.65971251537809
          ],
          [
            10.277538617371704,
            46.659791712678626
          ],
          [
            10.277063365348488,
            46.65992688764966
          ],
          [
            10.276669124063936,
            46.66000176647295
          ],
          [
            10.276288497763744,
            46.660117054148415
          ],
          [
            10.275674548914944,
            46.66043676981592
          ],
          [
            10.275464121127454,
            46.660587501854
          ],
          [
            10.27525714084048,
            46.66081904344516
          ],
          [
            10.27508786720197,
            46.66110288893219
          ],
          [
            10.275235068988653,
            46.66129696597685
          ],
          [
            10.275322305030354,
            46.66147869230689
          ],
          [
            10.275353079163992,
            46.661634892692014
          ],
          [
            10.275366962243613,
            46.661764734550694
          ],
          [
            10.275329246401736,
            46.661878506891256
          ],
          [
            10.27523790656901,
            46.662033968249055
          ],
          [
            10.275156290694866,
            46.66208063911632
          ],
          [
            10.275050935127252,
            46.66225502832483
          ],
          [
            10.274932317244044,
            46.66240171726338
          ],
          [
            10.274933114710262,
            46.66250473672946
          ],
          [
            10.274914980233968,
            46.662617211100994
          ],
          [
            10.274960422810866,
            46.66267411158364
          ],
          [
            10.274941807152915,
            46.662723677973105
          ],
          [
            10.274813327904084,
            46.66285689416396
          ],
          [
            10.274910134205584,
            46.6630010175633
          ],
          [
            10.274937229537022,
            46.663080986556686
          ],
          [
            10.274927811072063,
            46.663152314373555
          ],
          [
            10.27486040443176,
            46.66336345620635
          ],
          [
            10.27481942877904,
            46.66341373242102
          ],
          [
            10.274703269227755,
            46.663515442698284
          ],
          [
            10.27467673735069,
            46.66363160065912
          ],
          [
            10.274548497217477,
            46.66375473792183
          ],
          [
            10.274553924351691,
            46.66393768273602
          ],
          [
            10.274510401323107,
            46.66402783554331
          ],
          [
            10.27444514579957,
            46.66419311524185
          ],
          [
            10.274481322291056,
            46.66428492012516
          ],
          [
            10.274477521590557,
            46.664387288925006
          ],
          [
            10.274527849965443,
            46.664746227698906
          ],
          [
            10.274505061655047,
            46.66484058093703
          ],
          [
            10.274441325379996,
            46.66489915591635
          ],
          [
            10.274348585220146,
            46.66494622006536
          ],
          [
            10.274258284740874,
            46.66495659661073
          ],
          [
            10.274120523746623,
            46.66495556168054
          ],
          [
            10.274036458403236,
            46.66498806133399
          ],
          [
            10.273408190033075,
            46.665448208459644
          ],
          [
            10.27326575378366,
            46.6655815089524
          ],
          [
            10.272954996771434,
            46.665767056649685
          ],
          [
            10.27281540524339,
            46.66582358468256
          ],
          [
            10.272428339820184,
            46.6659033187934
          ],
          [
            10.272309487329245,
            46.66607147877528
          ],
          [
            10.272254617763926,
            46.66633763842012
          ],
          [
            10.272157283792758,
            46.66642978600864
          ],
          [
            10.272107653975516,
            46.66653423986788
          ],
          [
            10.272119193052129,
            46.666664140208525
          ],
          [
            10.272145608027811,
            46.66677154500219
          ],
          [
            10.272152400244915,
            46.66693381548525
          ],
          [
            10.272040922318602,
            46.66702879919502
          ],
          [
            10.272055013552487,
            46.66718714351088
          ],
          [
            10.27198745182285,
            46.66730621159203
          ],
          [
            10.271874716241488,
            46.667627611831016
          ],
          [
            10.271692726359072,
            46.6676539760953
          ],
          [
            10.271286534322062,
            46.66778487760526
          ],
          [
            10.27094626910261,
            46.66778322182241
          ],
          [
            10.270752685406121,
            46.667840837690186
          ],
          [
            10.270296724247014,
            46.66803979948178
          ],
          [
            10.27016231274385,
            46.66813765570987
          ],
          [
            10.270066876949098,
            46.668220500698055
          ],
          [
            10.269885868908561,
            46.66830502264564
          ],
          [
            10.269700525771091,
            46.66845374200379
          ],
          [
            10.269424395359588,
            46.66856281589743
          ],
          [
            10.269353089395025,
            46.66862309712688
          ],
          [
            10.269332720959428,
            46.66870445387993
          ],
          [
            10.26939835673823,
            46.66886965457356
          ],
          [
            10.269414291234254,
            46.66899546715222
          ],
          [
            10.269385054853059,
            46.66909049238966
          ],
          [
            10.26928296191684,
            46.669173115027206
          ],
          [
            10.269170104203647,
            46.66922501326778
          ],
          [
            10.269088221628268,
            46.66933921445172
          ],
          [
            10.268992446607513,
            46.66940842975176
          ],
          [
            10.268902386466056,
            46.66949162615005
          ],
          [
            10.268825336005497,
            46.669663586015574
          ],
          [
            10.268626207366616,
            46.66970813976867
          ],
          [
            10.268337380342729,
            46.669723848763226
          ],
          [
            10.268162322797355,
            46.66979955159951
          ],
          [
            10.26801076901821,
            46.66981999587558
          ],
          [
            10.267545543163685,
            46.669893336669304
          ],
          [
            10.267442106645133,
            46.66995788911989
          ],
          [
            10.267332789835198,
            46.670067684454004
          ],
          [
            10.267303536151108,
            46.67016270947106
          ],
          [
            10.267306388878245,
            46.67026529945245
          ],
          [
            10.267245459900883,
            46.67039642349666
          ],
          [
            10.267121955039023,
            46.670484031450144
          ],
          [
            10.267065914594236,
            46.670565472354426
          ],
          [
            10.267107174788922,
            46.6706503930373
          ],
          [
            10.267072427384452,
            46.670762368978814
          ],
          [
            10.266987141841756,
            46.67088512327039
          ],
          [
            10.266868028879296,
            46.67098046205938
          ],
          [
            10.266748638270471,
            46.6712242404344
          ],
          [
            10.266793443008888,
            46.6714626548404
          ],
          [
            10.266893414356847,
            46.6716515780956
          ],
          [
            10.266793018975394,
            46.67177774081751
          ],
          [
            10.266646789118889,
            46.671852239267416
          ],
          [
            10.266523733317836,
            46.67192978075906
          ],
          [
            10.266401336364446,
            46.67207007239025
          ],
          [
            10.26631248596551,
            46.67231429819815
          ],
          [
            10.266328207890158,
            46.672481099577176
          ],
          [
            10.26628364686146,
            46.67266240440007
          ],
          [
            10.266264709100382,
            46.67276819065726
          ],
          [
            10.266288586335497,
            46.67297783419537
          ],
          [
            10.266070048773805,
            46.673092499577905
          ],
          [
            10.266005867833888,
            46.673222074235994
          ],
          [
            10.265944398349419,
            46.67342338554989
          ],
          [
            10.26583689476611,
            46.67367009012688
          ],
          [
            10.265855399058871,
            46.67385133268724
          ],
          [
            10.265718987633337,
            46.67401104515139
          ],
          [
            10.265629836036739,
            46.674168999499564
          ],
          [
            10.26552891938305,
            46.674283607053006
          ],
          [
            10.265396273799864,
            46.674519503277004
          ],
          [
            10.265394025527103,
            46.67460915876059
          ],
          [
            10.265463257848616,
            46.67478095127391
          ],
          [
            10.26534936492406,
            46.67496817967762
          ],
          [
            10.265328326086983,
            46.67516124114733
          ],
          [
            10.265296862078127,
            46.67523415890598
          ],
          [
            10.265120132344142,
            46.6754906005458
          ],
          [
            10.265086680660483,
            46.675621212345504
          ],
          [
            10.264995201594358,
            46.67573655729955
          ],
          [
            10.265013763195384,
            46.67587947963963
          ],
          [
            10.264914935485724,
            46.6760358100576
          ],
          [
            10.264768875542526,
            46.67616651506373
          ],
          [
            10.264748366314166,
            46.676251861792394
          ],
          [
            10.264617411250876,
            46.67629692186427
          ],
          [
            10.264531136071358,
            46.676384314054985
          ],
          [
            10.26457584431702,
            46.67658627591392
          ],
          [
            10.264568339594156,
            46.67675314945546
          ],
          [
            10.264628612074274,
            46.67687671032641
          ],
          [
            10.264593142165216,
            46.677075962417256
          ],
          [
            10.264502542124434,
            46.67717844011113
          ],
          [
            10.264408779256987,
            46.677234756144095
          ],
          [
            10.264402233360991,
            46.67733403258843
          ],
          [
            10.26441193144665,
            46.67750076742233
          ],
          [
            10.2643966544365,
            46.67771778230485
          ],
          [
            10.264299738105858,
            46.677909467001115
          ],
          [
            10.264216006419085,
            46.678002034569886
          ],
          [
            10.264250102953536,
            46.67807750246815
          ],
          [
            10.264311194896333,
            46.678242926547746
          ],
          [
            10.26434970574606,
            46.678408190592044
          ],
          [
            10.26435957342583,
            46.678614131163464
          ],
          [
            10.264397326708888,
            46.67869922980323
          ],
          [
            10.264403395442601,
            46.67885634216715
          ],
          [
            10.264443660960499,
            46.67898491809688
          ],
          [
            10.264613875162823,
            46.67921816100093
          ],
          [
            10.264592494366843,
            46.6793218560447
          ],
          [
            10.264626580332047,
            46.67939185128433
          ],
          [
            10.26476679432313,
            46.67952270049577
          ],
          [
            10.264725648208987,
            46.67962682287158
          ],
          [
            10.264762308320702,
            46.67970201102078
          ],
          [
            10.26502974694602,
            46.67987670897339
          ],
          [
            10.265090041373199,
            46.67997837779891
          ],
          [
            10.265075513106758,
            46.68009952761274
          ],
          [
            10.264966183736664,
            46.680223299368336
          ],
          [
            10.265036629860312,
            46.68046610087649
          ],
          [
            10.265003841425271,
            46.68058296896176
          ],
          [
            10.265029554333758,
            46.680662128189645
          ],
          [
            10.265217824106601,
            46.68070083488881
          ],
          [
            10.26524406275575,
            46.68088665625912
          ],
          [
            10.265219491919394,
            46.6809496633627
          ],
          [
            10.265253231941761,
            46.681161087540254
          ],
          [
            10.26518245216854,
            46.68122482702492
          ],
          [
            10.26502983329813,
            46.681207586179944
          ],
          [
            10.265154545864474,
            46.68138946129542
          ],
          [
            10.26507441137456,
            46.68174980282064
          ],
          [
            10.265082669344462,
            46.68187200754931
          ],
          [
            10.265195593094875,
            46.68200507265155
          ],
          [
            10.265046781784228,
            46.68205307823648
          ],
          [
            10.265029180583834,
            46.68223842997459
          ],
          [
            10.264979475951606,
            46.68248857783087
          ],
          [
            10.26494679243959,
            46.682699372495485
          ],
          [
            10.264891552551294,
            46.68290453374762
          ],
          [
            10.26489573710695,
            46.68300440811277
          ],
          [
            10.264996680465917,
            46.68308775004328
          ],
          [
            10.265241642975521,
            46.68319283978774
          ],
          [
            10.26508992994746,
            46.68333158809475
          ],
          [
            10.265041270067643,
            46.68382244253646
          ],
          [
            10.265122121705168,
            46.68400385761843
          ],
          [
            10.265167315897367,
            46.68421867919564
          ],
          [
            10.265188906478244,
            46.684316735526075
          ],
          [
            10.265445396513373,
            46.68452291237775
          ],
          [
            10.265661445894748,
            46.68512080547485
          ],
          [
            10.265566822256151,
            46.685245319807315
          ],
          [
            10.265741333010729,
            46.6853266738353
          ],
          [
            10.265731823708341,
            46.68546173226188
          ],
          [
            10.26580556640363,
            46.68553258852072
          ],
          [
            10.266703798729518,
            46.6856691440225
          ],
          [
            10.267142900133026,
            46.685802725196986
          ],
          [
            10.267790763160598,
            46.685859983383295
          ],
          [
            10.268104260138694,
            46.68636123544705
          ],
          [
            10.268789902059346,
            46.68620592755507
          ],
          [
            10.269033610683513,
            46.68645626005761
          ],
          [
            10.269490425559809,
            46.68668788557155
          ],
          [
            10.270015473074752,
            46.68676174782394
          ],
          [
            10.270708521963051,
            46.68710418301027
          ],
          [
            10.271026221393221,
            46.68745508122576
          ],
          [
            10.271434174056374,
            46.687432121506895
          ],
          [
            10.272490078455208,
            46.68784444868986
          ],
          [
            10.273206521883107,
            46.687979759527735
          ],
          [
            10.273937184952446,
            46.68863801740395
          ],
          [
            10.274510085626854,
            46.68881971177406
          ],
          [
            10.275368105232827,
            46.68972325711266
          ],
          [
            10.276712228410487,
            46.690558404590995
          ],
          [
            10.27671367498208,
            46.69055929570651
          ],
          [
            10.278451936326288,
            46.68872796463139
          ],
          [
            10.27870965366319,
            46.68828732186465
          ],
          [
            10.27916233676425,
            46.68818043357265
          ],
          [
            10.279902066094364,
            46.687924595598766
          ],
          [
            10.280113923858925,
            46.68773836587153
          ],
          [
            10.280390849824242,
            46.68761112849678
          ],
          [
            10.280506218791128,
            46.687365221567006
          ],
          [
            10.280709655092405,
            46.68714211477777
          ],
          [
            10.280899771667224,
            46.686564116456964
          ],
          [
            10.281440494590337,
            46.68622412667857
          ],
          [
            10.282302488712652,
            46.68566378142808
          ],
          [
            10.282577845599016,
            46.6852653461749
          ],
          [
            10.282632358965872,
            46.684893756334496
          ],
          [
            10.28261309006985,
            46.684408789762024
          ],
          [
            10.2851158810908,
            46.68430173163247
          ],
          [
            10.287015204953041,
            46.684116676681676
          ],
          [
            10.28713906508528,
            46.68399863146153
          ],
          [
            10.288497824319606,
            46.68382020591511
          ],
          [
            10.289215537043923,
            46.68367168489669
          ],
          [
            10.290019803904585,
            46.68345849589586
          ],
          [
            10.290199166663054,
            46.68277341460743
          ],
          [
            10.290364605707447,
            46.682214503980575
          ],
          [
            10.291759237424197,
            46.68131591302921
          ],
          [
            10.292310263755473,
            46.680889313223474
          ],
          [
            10.293036691111958,
            46.68012139038324
          ],
          [
            10.293096237453284,
            46.68010701730332
          ],
          [
            10.293690546636974,
            46.67996350270512
          ],
          [
            10.294019764903796,
            46.679684153843446
          ],
          [
            10.294435437874531,
            46.67953099803104
          ],
          [
            10.296054318095996,
            46.67914780794437
          ],
          [
            10.296858434987078,
            46.67876955642176
          ],
          [
            10.297666046792692,
            46.67789092545164
          ],
          [
            10.29817436719569,
            46.677460551064385
          ],
          [
            10.29914349203516,
            46.677393697340136
          ],
          [
            10.299156926212317,
            46.67739350403143
          ],
          [
            10.300299450029286,
            46.677385782923636
          ],
          [
            10.3005771825278,
            46.6774837456214
          ],
          [
            10.300883096912052,
            46.677389069157705
          ],
          [
            10.301567121125368,
            46.67731423503608
          ],
          [
            10.302146732612574,
            46.67718256628947
          ],
          [
            10.302521892098124,
            46.676454282390324
          ],
          [
            10.302833956437537,
            46.67649610707215
          ],
          [
            10.304232797636303,
            46.67615203989691
          ],
          [
            10.304845678120186,
            46.67578552501347
          ],
          [
            10.305384025614448,
            46.67557028090768
          ],
          [
            10.30589212433827,
            46.67553456618843
          ],
          [
            10.306472355529822,
            46.67524429682536
          ],
          [
            10.307915280251091,
            46.67467096480204
          ],
          [
            10.30862535640758,
            46.67463604599664
          ],
          [
            10.309522587850571,
            46.67468721385751
          ],
          [
            10.310327768530513,
            46.67446607558188
          ],
          [
            10.310751799703302,
            46.674547723179764
          ],
          [
            10.312956215059309,
            46.673973360386896
          ],
          [
            10.312818435618164,
            46.67322472827311
          ],
          [
            10.312888246188239,
            46.67270569121394
          ],
          [
            10.3128816944317,
            46.67201837012158
          ],
          [
            10.312831486114268,
            46.67183458261262
          ],
          [
            10.312999791161186,
            46.671436876702906
          ],
          [
            10.314005907366662,
            46.66877545967486
          ],
          [
            10.313743656100865,
            46.66862042037099
          ],
          [
            10.313208089243869,
            46.668029085827676
          ],
          [
            10.313271611722605,
            46.66657187267246
          ],
          [
            10.313331300252512,
            46.66599731632354
          ],
          [
            10.313706000730818,
            46.665517030296975
          ],
          [
            10.313796804928916,
            46.66360930899537
          ],
          [
            10.315447068648155,
            46.661944503901836
          ],
          [
            10.316503507020991,
            46.661400256715744
          ],
          [
            10.317457068526169,
            46.66099648641046
          ],
          [
            10.31778494526816,
            46.660811604119985
          ],
          [
            10.318107859484556,
            46.66079354710173
          ],
          [
            10.318400420782753,
            46.660590067391375
          ],
          [
            10.318899181178919,
            46.66067416740746
          ],
          [
            10.319366834633517,
            46.6602470943148
          ],
          [
            10.320240348583821,
            46.660151325494944
          ],
          [
            10.320616361677823,
            46.659984048026395
          ],
          [
            10.32141385583421,
            46.65968921458658
          ],
          [
            10.321538680527269,
            46.659569861730276
          ],
          [
            10.32177120277047,
            46.65958577708615
          ],
          [
            10.322586417347644,
            46.659159593787784
          ],
          [
            10.324154971534785,
            46.658523483552635
          ],
          [
            10.332204803486496,
            46.652256067954106
          ],
          [
            10.3340667925848,
            46.65273534261148
          ],
          [
            10.33768131544237,
            46.65164402237561
          ],
          [
            10.340417187603116,
            46.65144156561672
          ],
          [
            10.34323550379263,
            46.65197274044227
          ],
          [
            10.346046612247386,
            46.651074816381595
          ],
          [
            10.350975810639373,
            46.65122843879245
          ],
          [
            10.356333194420714,
            46.64972820524994
          ],
          [
            10.358578348917428,
            46.64961781791519
          ],
          [
            10.362143354983086,
            46.64965479147087
          ],
          [
            10.364477959635737,
            46.64984705321113
          ],
          [
            10.368385209596369,
            46.649895641883866
          ],
          [
            10.371667636137266,
            46.65005960153218
          ],
          [
            10.372227373154775,
            46.65014749616995
          ],
          [
            10.372569524064557,
            46.65022643911391
          ],
          [
            10.372787391287643,
            46.65025760643221
          ],
          [
            10.372801215926529,
            46.650257502221265
          ],
          [
            10.373127161766327,
            46.6502564025694
          ],
          [
            10.373308992481613,
            46.650306141300796
          ],
          [
            10.37354415025057,
            46.65025786125088
          ],
          [
            10.374026832471804,
            46.65031593880937
          ],
          [
            10.374266400760408,
            46.65037379247958
          ],
          [
            10.374536436312939,
            46.6504897412157
          ],
          [
            10.374767276830097,
            46.650517122570015
          ],
          [
            10.375002394271517,
            46.65055704077847
          ],
          [
            10.37526367468393,
            46.650552588686494
          ],
          [
            10.375468357221841,
            46.65053524689526
          ],
          [
            10.37589632867105,
            46.650554480478235
          ],
          [
            10.376176505913111,
            46.650482168834195
          ],
          [
            10.376397651751944,
            46.65044667593127
          ],
          [
            10.37690174706452,
            46.65043332621778
          ],
          [
            10.377542899382963,
            46.650501783414214
          ],
          [
            10.377556710042812,
            46.650501660984666
          ],
          [
            10.37786306946772,
            46.65049996415246
          ],
          [
            10.378207959705678,
            46.65058339266892
          ],
          [
            10.378352578458276,
            46.65061197560707
          ],
          [
            10.378781563237503,
            46.650622170352975
          ],
          [
            10.379059388755934,
            46.6506029873336
          ],
          [
            10.379218631830707,
            46.65050716361496
          ],
          [
            10.379295029512377,
            46.65043858559623
          ],
          [
            10.37948259080501,
            46.65032796916098
          ],
          [
            10.37977419178426,
            46.65042107809877
          ],
          [
            10.379944132407832,
            46.650422314342755
          ],
          [
            10.380135647473931,
            46.65044572272476
          ],
          [
            10.380268498018685,
            46.65047447224568
          ],
          [
            10.380409981687533,
            46.65048508481134
          ],
          [
            10.38061322552484,
            46.65055244263452
          ],
          [
            10.380872531367451,
            46.650525424949166
          ],
          [
            10.381235026136142,
            46.65054104638076
          ],
          [
            10.381374433968105,
            46.65056968817834
          ],
          [
            10.381647472670863,
            46.650654081255226
          ],
          [
            10.382235306911683,
            46.65068813488832
          ],
          [
            10.38252084246427,
            46.65062024187398
          ],
          [
            10.382626523206465,
            46.650569259247966
          ],
          [
            10.382915474673165,
            46.650484200295324
          ],
          [
            10.383119226352552,
            46.65043544313792
          ],
          [
            10.383222817046516,
            46.65040248177057
          ],
          [
            10.38341557180685,
            46.65020267756067
          ],
          [
            10.384126261676558,
            46.64992629990601
          ],
          [
            10.384660931900548,
            46.649974597919424
          ],
          [
            10.385119726469918,
            46.65006446541258
          ],
          [
            10.385414680321107,
            46.65000543115819
          ],
          [
            10.385524519470518,
            46.65000747637276
          ],
          [
            10.385742581953425,
            46.65008901571739
          ],
          [
            10.386164983366491,
            46.650009288883716
          ],
          [
            10.386723732041492,
            46.65007523682856
          ],
          [
            10.38705714404966,
            46.65016775792009
          ],
          [
            10.387305322008146,
            46.650162537200906
          ],
          [
            10.387517523434868,
            46.65031070416826
          ],
          [
            10.388038303622421,
            46.65055088905828
          ],
          [
            10.388271101320443,
            46.65064480673401
          ],
          [
            10.38877659756717,
            46.65098602582755
          ],
          [
            10.389350277522455,
            46.65142347979539
          ],
          [
            10.389614673493632,
            46.65156826504557
          ],
          [
            10.389763996419953,
            46.6516669538159
          ],
          [
            10.39017418264306,
            46.65179169257846
          ],
          [
            10.390348855066481,
            46.651819841551024
          ],
          [
            10.390448793675317,
            46.65188413504819
          ],
          [
            10.390571988699072,
            46.65193910266196
          ],
          [
            10.39101932198809,
            46.65206199322821
          ],
          [
            10.39408203347864,
            46.65463197992911
          ],
          [
            10.394088034907314,
            46.65463700927873
          ],
          [
            10.394089512034386,
            46.654633424175074
          ],
          [
            10.394255088129611,
            46.65422870213886
          ],
          [
            10.394334777848107,
            46.653828396702714
          ],
          [
            10.394296855148946,
            46.65355835961131
          ],
          [
            10.394906973780838,
            46.65330550858075
          ],
          [
            10.395393394195795,
            46.653207882205436
          ],
          [
            10.395573497291458,
            46.653209731674615
          ],
          [
            10.395909174393239,
            46.65308136908927
          ],
          [
            10.39621978839361,
            46.652936048665495
          ],
          [
            10.396236993629856,
            46.652490527278644
          ],
          [
            10.396504485550697,
            46.652426983552715
          ],
          [
            10.396565032171331,
            46.65234525729591
          ],
          [
            10.396544271930246,
            46.652288931267066
          ],
          [
            10.39663888865288,
            46.651950988471356
          ],
          [
            10.396625065462674,
            46.65179722512971
          ],
          [
            10.39634121216729,
            46.65116591039755
          ],
          [
            10.396171085238553,
            46.650551364331385
          ],
          [
            10.396187682807092,
            46.65039926829327
          ],
          [
            10.396383131655956,
            46.65008794472215
          ],
          [
            10.396534927289393,
            46.64966799398378
          ],
          [
            10.39650160740264,
            46.64950312460054
          ],
          [
            10.39703754493395,
            46.64927590788465
          ],
          [
            10.397307144516288,
            46.649198651077505
          ],
          [
            10.397579316703391,
            46.64903381869607
          ],
          [
            10.39758937260157,
            46.648945149102374
          ],
          [
            10.397948982296095,
            46.648540886648256
          ],
          [
            10.398141468914355,
            46.648465587025136
          ],
          [
            10.398200303725284,
            46.64837803490386
          ],
          [
            10.398357993491409,
            46.64832946604378
          ],
          [
            10.398481124909951,
            46.64810045078519
          ],
          [
            10.398651704791371,
            46.64803475771794
          ],
          [
            10.398857627221842,
            46.64788961231098
          ],
          [
            10.398871026560334,
            46.64775610682445
          ],
          [
            10.399174422302398,
            46.64744240307854
          ],
          [
            10.39920418564859,
            46.64732819531601
          ],
          [
            10.399349254855789,
            46.64715180111523
          ],
          [
            10.399369797136984,
            46.64706372275258
          ],
          [
            10.399537326898846,
            46.64690029214388
          ],
          [
            10.399705265003833,
            46.64656793764134
          ],
          [
            10.399945359153268,
            46.64641537483536
          ],
          [
            10.400053133264302,
            46.646167996887684
          ],
          [
            10.400302678229137,
            46.64592969566157
          ],
          [
            10.400398453729668,
            46.6457619728536
          ],
          [
            10.400500574292472,
            46.645241441455774
          ],
          [
            10.40049552353521,
            46.64466632854536
          ],
          [
            10.400577885905951,
            46.643889061466005
          ],
          [
            10.400675572138946,
            46.643637111062375
          ],
          [
            10.400644082369407,
            46.64354794659608
          ],
          [
            10.400712612029453,
            46.643435718278596
          ],
          [
            10.400838242895382,
            46.64334533728211
          ],
          [
            10.400727496824805,
            46.64314472910427
          ],
          [
            10.400736924220265,
            46.642907704749135
          ],
          [
            10.40121564006193,
            46.64273012452676
          ],
          [
            10.401258803148355,
            46.642666356466755
          ],
          [
            10.401262778093946,
            46.64246269120352
          ],
          [
            10.401332037867288,
            46.64238597425664
          ],
          [
            10.40150488456121,
            46.64235650432036
          ],
          [
            10.401618049926986,
            46.6421981307305
          ],
          [
            10.401575431681946,
            46.642038842619286
          ],
          [
            10.401335763658212,
            46.641622455141075
          ],
          [
            10.401374910418319,
            46.64156078096778
          ],
          [
            10.401313213654873,
            46.641463958962646
          ],
          [
            10.401413454492875,
            46.64130564282958
          ],
          [
            10.401440060842472,
            46.64116834526257
          ],
          [
            10.401643279538005,
            46.64097429341675
          ],
          [
            10.401648739320953,
            46.64082368312749
          ],
          [
            10.401755993281679,
            46.64070842062332
          ],
          [
            10.401565540848846,
            46.64008841500046
          ],
          [
            10.401186924913524,
            46.639570788727745
          ],
          [
            10.400962077709721,
            46.639447920774764
          ],
          [
            10.400731760314907,
            46.63921291301637
          ],
          [
            10.40056212752341,
            46.63910754775035
          ],
          [
            10.400543593727837,
            46.63905486428715
          ],
          [
            10.400454763528689,
            46.63905803075834
          ],
          [
            10.400326574426712,
            46.63899244683685
          ],
          [
            10.400242067037874,
            46.63887853794143
          ],
          [
            10.400055198130781,
            46.638771513936796
          ],
          [
            10.400018005370589,
            46.638669084773404
          ],
          [
            10.399858211286789,
            46.638583636014594
          ],
          [
            10.402287618465287,
            46.63681154627489
          ],
          [
            10.406646193663576,
            46.63534956286628
          ],
          [
            10.409126912791047,
            46.63505800014371
          ],
          [
            10.41053227683055,
            46.635262444115384
          ],
          [
            10.413835188008642,
            46.63620489522033
          ],
          [
            10.415358309652046,
            46.63678338873444
          ],
          [
            10.420209138386797,
            46.63831062496101
          ],
          [
            10.422095565698067,
            46.638159159995524
          ],
          [
            10.42277110694551,
            46.63817792886143
          ],
          [
            10.42409154176515,
            46.638388729364
          ],
          [
            10.425454563369001,
            46.63844630707934
          ],
          [
            10.42650271261769,
            46.63833374823622
          ],
          [
            10.428290623308717,
            46.638555526712004
          ],
          [
            10.430463277403318,
            46.63870548358139
          ],
          [
            10.432006215991375,
            46.6389331836234
          ],
          [
            10.433452524698987,
            46.639156536737865
          ],
          [
            10.434766563623677,
            46.63935157572405
          ],
          [
            10.436598151872374,
            46.63936408152094
          ],
          [
            10.440722050148354,
            46.63926683095454
          ],
          [
            10.443445629648549,
            46.639379028631105
          ],
          [
            10.444859325553765,
            46.64040337471867
          ],
          [
            10.446075344415133,
            46.64127114894722
          ],
          [
            10.451720957565275,
            46.63877940366726
          ],
          [
            10.45474297247038,
            46.637429662677384
          ],
          [
            10.458199956534838,
            46.63563536369482
          ],
          [
            10.458529388894336,
            46.63542639617531
          ],
          [
            10.462564836251667,
            46.63305004210634
          ],
          [
            10.465235236021348,
            46.6307833107652
          ],
          [
            10.467635665731844,
            46.62956357684919
          ],
          [
            10.470692818254594,
            46.627482419431274
          ],
          [
            10.478319657644393,
            46.62225584488273
          ],
          [
            10.480092378569047,
            46.62095953798294
          ],
          [
            10.480881783681612,
            46.62050806063871
          ],
          [
            10.48189203335006,
            46.619870309131606
          ],
          [
            10.482300222611993,
            46.6194799872473
          ],
          [
            10.483049004949027,
            46.61877505653305
          ],
          [
            10.484265667256995,
            46.61741985214547
          ],
          [
            10.48831913304406,
            46.61526932525115
          ],
          [
            10.48873802371005,
            46.615142866278646
          ],
          [
            10.490093612448916,
            46.61515495192907
          ],
          [
            10.490855619885282,
            46.615091841843196
          ],
          [
            10.49128462224473,
            46.615122959176254
          ],
          [
            10.491503473758051,
            46.615192959582195
          ],
          [
            10.491765820894017,
            46.61524406671709
          ],
          [
            10.492063400297885,
            46.61538619634653
          ],
          [
            10.492060535931962,
            46.615080317451664
          ],
          [
            10.491940582117413,
            46.614957394784824
          ],
          [
            10.492035965162913,
            46.614683475599755
          ],
          [
            10.492034319177714,
            46.61454894280218
          ],
          [
            10.491957609247697,
            46.61443110733813
          ],
          [
            10.492008022696536,
            46.614168252554805
          ],
          [
            10.491925151770442,
            46.61392312635277
          ],
          [
            10.492049301765858,
            46.613517477085516
          ],
          [
            10.491918669467951,
            46.613270031685154
          ],
          [
            10.491978515998373,
            46.61301853682373
          ],
          [
            10.492171268460236,
            46.61295395697115
          ],
          [
            10.492154680943692,
            46.6128615603155
          ],
          [
            10.491778262500373,
            46.612338224452294
          ],
          [
            10.491471763540849,
            46.6120027821278
          ],
          [
            10.491427675499118,
            46.61164143824106
          ],
          [
            10.491161025223562,
            46.611206781761744
          ],
          [
            10.491161377816788,
            46.61114134282307
          ],
          [
            10.49114503550207,
            46.611074056198476
          ],
          [
            10.4909398180836,
            46.6108899083769
          ],
          [
            10.490736457328746,
            46.61076519829308
          ],
          [
            10.490190527702632,
            46.61058408525622
          ],
          [
            10.489923008401293,
            46.610412508686245
          ],
          [
            10.48970591346741,
            46.61001234971102
          ],
          [
            10.48940076499113,
            46.60962377908811
          ],
          [
            10.488394141133785,
            46.60921877888757
          ],
          [
            10.487921310393945,
            46.608981204518294
          ],
          [
            10.48764692438079,
            46.608835589879554
          ],
          [
            10.487253629900325,
            46.60852792222509
          ],
          [
            10.487202417008392,
            46.60807424180118
          ],
          [
            10.487042169752637,
            46.60787081470569
          ],
          [
            10.486955313106726,
            46.60762300168249
          ],
          [
            10.486728090532106,
            46.60738982442171
          ],
          [
            10.486644179909138,
            46.60713051724972
          ],
          [
            10.486172005320128,
            46.60677441128631
          ],
          [
            10.48588581087315,
            46.60646011636998
          ],
          [
            10.485308178664411,
            46.606059677391386
          ],
          [
            10.48509330794144,
            46.60563317334506
          ],
          [
            10.484501881813456,
            46.605231533627105
          ],
          [
            10.484437080594233,
            46.60507949899619
          ],
          [
            10.484438991531606,
            46.60493820950296
          ],
          [
            10.484511126539791,
            46.60472630661631
          ],
          [
            10.484442588093518,
            46.604592772926146
          ],
          [
            10.484480171352775,
            46.60452982127466
          ],
          [
            10.484344090967202,
            46.604104060217104
          ],
          [
            10.484396745804728,
            46.60380146681233
          ],
          [
            10.484487640103215,
            46.603607714544715
          ],
          [
            10.484627484438276,
            46.603454908655955
          ],
          [
            10.484815348013193,
            46.603346233725865
          ],
          [
            10.485232872799813,
            46.60273208164763
          ],
          [
            10.485306979110172,
            46.60251934205146
          ],
          [
            10.48531695650535,
            46.60210787287353
          ],
          [
            10.485456418577494,
            46.60165604375334
          ],
          [
            10.486048951835171,
            46.60128969931165
          ],
          [
            10.48704478879282,
            46.6005548069416
          ],
          [
            10.486817271316427,
            46.60029805214512
          ],
          [
            10.486919390450854,
            46.60021348380581
          ],
          [
            10.486935793266076,
            46.60010486246544
          ],
          [
            10.486901954220512,
            46.600004393339674
          ],
          [
            10.486943768007702,
            46.59993018235258
          ],
          [
            10.486847234851906,
            46.59976019338684
          ],
          [
            10.48691838822324,
            46.599697889534134
          ],
          [
            10.487068216883358,
            46.598926825136736
          ],
          [
            10.48736275407171,
            46.59837092813604
          ],
          [
            10.487309471993154,
            46.59806076528202
          ],
          [
            10.487250804360125,
            46.59797068432459
          ],
          [
            10.487310232742914,
            46.597844354265185
          ],
          [
            10.487247042657556,
            46.59773197855681
          ],
          [
            10.487291604346916,
            46.59754561386751
          ],
          [
            10.487221254868484,
            46.59735933131285
          ],
          [
            10.487177664846683,
            46.59687019305176
          ],
          [
            10.486849632847353,
            46.596633219184405
          ],
          [
            10.48664883785626,
            46.59640652747247
          ],
          [
            10.48647935197557,
            46.596111343477794
          ],
          [
            10.486350071944821,
            46.5959816262415
          ],
          [
            10.486163141103974,
            46.5958939553489
          ],
          [
            10.486080208863324,
            46.59574335276547
          ],
          [
            10.485919084665825,
            46.595684625933856
          ],
          [
            10.485759876211022,
            46.595558878764365
          ],
          [
            10.484952950275012,
            46.59512169611766
          ],
          [
            10.484576250271076,
            46.594728252874816
          ],
          [
            10.484807543091435,
            46.59425900263188
          ],
          [
            10.48479418296506,
            46.59406343246146
          ],
          [
            10.48489514908011,
            46.59398960938854
          ],
          [
            10.484860171458132,
            46.59376940251852
          ],
          [
            10.48491959612526,
            46.59365249029028
          ],
          [
            10.484671792648326,
            46.59351427877183
          ],
          [
            10.484468011035553,
            46.59329887167479
          ],
          [
            10.48399013437147,
            46.59317128513187
          ],
          [
            10.48385001155967,
            46.59254432986094
          ],
          [
            10.483888560482148,
            46.59224833451963
          ],
          [
            10.483784409828525,
            46.592154806653916
          ],
          [
            10.48392413745564,
            46.592177496390434
          ],
          [
            10.484019972798642,
            46.592137345292976
          ],
          [
            10.484052868894388,
            46.592030983463616
          ],
          [
            10.484224188634672,
            46.591817342409826
          ],
          [
            10.484369105815206,
            46.591689273647106
          ],
          [
            10.484460878183436,
            46.591672286070505
          ],
          [
            10.484549025698795,
            46.591398179222026
          ],
          [
            10.484619471564963,
            46.591359850848264
          ],
          [
            10.48462794570929,
            46.5912034234169
          ],
          [
            10.484735763381696,
            46.5909815525582
          ],
          [
            10.484885177313956,
            46.59085038280488
          ],
          [
            10.484920356213735,
            46.59056213819218
          ],
          [
            10.484986015192545,
            46.59041063366243
          ],
          [
            10.48545678227229,
            46.59050977831189
          ],
          [
            10.485804991120903,
            46.59071442708102
          ],
          [
            10.486117747524741,
            46.590658262138184
          ],
          [
            10.486316180918351,
            46.59056997861869
          ],
          [
            10.486433689398696,
            46.59046684893558
          ],
          [
            10.486441790482553,
            46.590364112515715
          ],
          [
            10.486502208820566,
            46.59030570620727
          ],
          [
            10.486695994544384,
            46.5902142336442
          ],
          [
            10.486986235030697,
            46.58997932382217
          ],
          [
            10.487241788244791,
            46.589624215703594
          ],
          [
            10.48762438494483,
            46.589545126583296
          ],
          [
            10.48778697978862,
            46.58955891615973
          ],
          [
            10.487535204983581,
            46.58945821360481
          ],
          [
            10.48740817992228,
            46.589264754402556
          ],
          [
            10.487372059075415,
            46.58895842567029
          ],
          [
            10.486909800083666,
            46.58843157307768
          ],
          [
            10.486764185876856,
            46.588187180811836
          ],
          [
            10.486766327087677,
            46.58789564364807
          ],
          [
            10.486666206775041,
            46.58752757223334
          ],
          [
            10.486733942217402,
            46.58743596677305
          ],
          [
            10.486723683006735,
            46.58736981302531
          ],
          [
            10.48680253608715,
            46.58733295921952
          ],
          [
            10.486912893600161,
            46.58713928525166
          ],
          [
            10.486355716094511,
            46.586205104807604
          ],
          [
            10.486164485032516,
            46.5856468324737
          ],
          [
            10.48599610401268,
            46.58558091001792
          ],
          [
            10.485863260945955,
            46.585411839796095
          ],
          [
            10.485736034034204,
            46.584959259427094
          ],
          [
            10.485445309141937,
            46.58480550116733
          ],
          [
            10.48530147969919,
            46.58463835417106
          ],
          [
            10.485484053427518,
            46.584228750679785
          ],
          [
            10.485635224845188,
            46.58407491820378
          ],
          [
            10.485664575508114,
            46.583990580471095
          ],
          [
            10.48567033435865,
            46.583729302545315
          ],
          [
            10.485581926326061,
            46.58363639906474
          ],
          [
            10.48547824935724,
            46.583588331481344
          ],
          [
            10.485252044932452,
            46.58338266477511
          ],
          [
            10.484916564845763,
            46.58321395419268
          ],
          [
            10.48473315511291,
            46.58299979414247
          ],
          [
            10.484614860678397,
            46.58296268620466
          ],
          [
            10.48440314122955,
            46.58280358644496
          ],
          [
            10.484318698646184,
            46.58266118872354
          ],
          [
            10.484262015533426,
            46.58247871598555
          ],
          [
            10.48431270512822,
            46.58239559856007
          ],
          [
            10.484191783257476,
            46.582327583359096
          ],
          [
            10.483885169670916,
            46.5819862321516
          ],
          [
            10.483833320158718,
            46.581894860053005
          ],
          [
            10.483890937763325,
            46.58179774760794
          ],
          [
            10.48367379012005,
            46.581691897143386
          ],
          [
            10.483628102132522,
            46.581608840219666
          ],
          [
            10.483591585781594,
            46.581291772556604
          ],
          [
            10.48339196236503,
            46.58093116178627
          ],
          [
            10.483476793878879,
            46.58081884497962
          ],
          [
            10.483575120856031,
            46.58076463724977
          ],
          [
            10.48356065932998,
            46.58053755204983
          ],
          [
            10.483912672461125,
            46.5802718989078
          ],
          [
            10.484037115445629,
            46.58022034018883
          ],
          [
            10.4839658049159,
            46.58001129695797
          ],
          [
            10.484020358646488,
            46.57982947286986
          ],
          [
            10.484128098071189,
            46.57974910360472
          ],
          [
            10.484159120318523,
            46.579640207936365
          ],
          [
            10.484147731466665,
            46.57937198950705
          ],
          [
            10.48434782300887,
            46.578781276115016
          ],
          [
            10.484300046679627,
            46.57861268962858
          ],
          [
            10.484362966235627,
            46.57843850929529
          ],
          [
            10.484415146829445,
            46.578271620448426
          ],
          [
            10.484510114625357,
            46.578191718863955
          ],
          [
            10.48479053153917,
            46.577537366198136
          ],
          [
            10.48453788100452,
            46.57728978988929
          ],
          [
            10.484436979617794,
            46.57712413901791
          ],
          [
            10.48406690643805,
            46.576846974515625
          ],
          [
            10.48395605017114,
            46.57662762054374
          ],
          [
            10.483799612586141,
            46.57652449290763
          ],
          [
            10.483423316360104,
            46.576493222543185
          ],
          [
            10.483149729017025,
            46.5762916391917
          ],
          [
            10.48321985561945,
            46.57612858251195
          ],
          [
            10.483160738449454,
            46.57608190369453
          ],
          [
            10.482887962985835,
            46.5759797744912
          ],
          [
            10.482431556787052,
            46.57593557587861
          ],
          [
            10.482288044344513,
            46.5758221706337
          ],
          [
            10.482240478288393,
            46.575698436769805
          ],
          [
            10.481709441327261,
            46.57556378761953
          ],
          [
            10.48120906372041,
            46.57512554736479
          ],
          [
            10.481053316614913,
            46.57503869203861
          ],
          [
            10.480896601307904,
            46.57500445435008
          ],
          [
            10.480536635167093,
            46.574794733682644
          ],
          [
            10.480414055444857,
            46.57443395687165
          ],
          [
            10.480431049111003,
            46.57436057391755
          ],
          [
            10.48005107939272,
            46.574100541597865
          ],
          [
            10.480127821756003,
            46.57398675107473
          ],
          [
            10.480059346326186,
            46.57381074984459
          ],
          [
            10.479980974255648,
            46.57375748172037
          ],
          [
            10.479953817699268,
            46.573604015384085
          ],
          [
            10.479856115584658,
            46.573540587445194
          ],
          [
            10.479514084967187,
            46.57309733051751
          ],
          [
            10.479319042163732,
            46.57293784859362
          ],
          [
            10.479286577950857,
            46.572338519242564
          ],
          [
            10.47923213576558,
            46.572270377902186
          ],
          [
            10.478791111909272,
            46.572071714524796
          ],
          [
            10.478223408198689,
            46.57184689071338
          ],
          [
            10.47793434815156,
            46.571795644114744
          ],
          [
            10.477863806125375,
            46.57175014143658
          ],
          [
            10.477783567491583,
            46.57164452801781
          ],
          [
            10.47773225767043,
            46.57144975593739
          ],
          [
            10.477521729502662,
            46.57125702529877
          ],
          [
            10.477363143788844,
            46.57116510987983
          ],
          [
            10.477378964270136,
            46.570952105017305
          ],
          [
            10.477292955956782,
            46.57074866371352
          ],
          [
            10.477355539662623,
            46.570503467780384
          ],
          [
            10.47737626406296,
            46.57032151604219
          ],
          [
            10.477460021303985,
            46.570157180519956
          ],
          [
            10.477491522902614,
            46.5698137261754
          ],
          [
            10.477418520203718,
            46.56974319945736
          ],
          [
            10.477367902885813,
            46.56909126828286
          ],
          [
            10.477314753457623,
            46.56902721469312
          ],
          [
            10.477243189957237,
            46.568664279379675
          ],
          [
            10.477073347182827,
            46.56859233482853
          ],
          [
            10.476898239145727,
            46.56816904218032
          ],
          [
            10.476712318508707,
            46.567947736399894
          ],
          [
            10.476655049154475,
            46.567801024859136
          ],
          [
            10.476666570554066,
            46.56766434004876
          ],
          [
            10.476503257108376,
            46.56753336275985
          ],
          [
            10.475987450398867,
            46.56737535332925
          ],
          [
            10.475702603619977,
            46.56722342373488
          ],
          [
            10.475401516319664,
            46.5670007546129
          ],
          [
            10.47521480432822,
            46.5669020799831
          ],
          [
            10.4749494209599,
            46.566827742219566
          ],
          [
            10.474832051407589,
            46.56672382096689
          ],
          [
            10.474676792462285,
            46.566676888226596
          ],
          [
            10.474701530371162,
            46.5665855827529
          ],
          [
            10.474777636520797,
            46.56651740975237
          ],
          [
            10.474950278449855,
            46.56646550022176
          ],
          [
            10.47512555261883,
            46.566029983373106
          ],
          [
            10.475088151181705,
            46.565834847906196
          ],
          [
            10.475145333215059,
            46.565784167566186
          ],
          [
            10.475032042418082,
            46.565565960623005
          ],
          [
            10.475076578686437,
            46.565113878558925
          ],
          [
            10.475179542652022,
            46.564998733638646
          ],
          [
            10.475021659754804,
            46.56482688274725
          ],
          [
            10.474714893006073,
            46.564702462666396
          ],
          [
            10.474418306347292,
            46.56444850500274
          ],
          [
            10.474195429898783,
            46.56434154935327
          ],
          [
            10.474187687084354,
            46.56421291432154
          ],
          [
            10.47442069676635,
            46.56396726488263
          ],
          [
            10.474349698361829,
            46.56380109587253
          ],
          [
            10.474256215972368,
            46.563728233595356
          ],
          [
            10.474301203335854,
            46.56364286010368
          ],
          [
            10.4742718538796,
            46.563578295746375
          ],
          [
            10.47436168014399,
            46.56340444686845
          ],
          [
            10.474065890570932,
            46.562713663613316
          ],
          [
            10.474256450079872,
            46.56262727441707
          ],
          [
            10.474585903271436,
            46.56233605348304
          ],
          [
            10.474752703426256,
            46.56228214834471
          ],
          [
            10.474886307181237,
            46.562277184310524
          ],
          [
            10.474966934238719,
            46.56211390626627
          ],
          [
            10.474982562866012,
            46.56192270163691
          ],
          [
            10.475116321324618,
            46.56164110843497
          ],
          [
            10.47525861639736,
            46.56151807974686
          ],
          [
            10.475115347335594,
            46.56139340730778
          ],
          [
            10.475350246326435,
            46.56119261782311
          ],
          [
            10.475591079896706,
            46.560784947821645
          ],
          [
            10.475712851711314,
            46.56066069334886
          ],
          [
            10.475808128519237,
            46.56015390674454
          ],
          [
            10.475829661388032,
            46.5600841661514
          ],
          [
            10.475944844416423,
            46.55988585386474
          ],
          [
            10.476156361634255,
            46.55965744679712
          ],
          [
            10.47650819780307,
            46.55941669178112
          ],
          [
            10.476608788397796,
            46.559172649552465
          ],
          [
            10.476954821591377,
            46.559003617010056
          ],
          [
            10.47704641057753,
            46.55884795721811
          ],
          [
            10.477039300796434,
            46.558752533024126
          ],
          [
            10.477436207316712,
            46.55850649193911
          ],
          [
            10.477334790151184,
            46.55833110928955
          ],
          [
            10.47748411384415,
            46.558224480895326
          ],
          [
            10.477570395913496,
            46.558102631387456
          ],
          [
            10.477918685160077,
            46.55741377376881
          ],
          [
            10.477758786971442,
            46.55730081140322
          ],
          [
            10.477813535328913,
            46.557044922138196
          ],
          [
            10.477541777737772,
            46.55690373029193
          ],
          [
            10.477518094783433,
            46.55683294762339
          ],
          [
            10.477244748864933,
            46.5566014316926
          ],
          [
            10.477153905410434,
            46.556565636254106
          ],
          [
            10.476831942954362,
            46.55618088429983
          ],
          [
            10.476699185136095,
            46.55612745700115
          ],
          [
            10.476621534118333,
            46.55595338310044
          ],
          [
            10.47633750589263,
            46.555736455511294
          ],
          [
            10.476321289814313,
            46.555651735446496
          ],
          [
            10.476237648637133,
            46.55561401837868
          ],
          [
            10.476141525835507,
            46.55545396846347
          ],
          [
            10.476096590830078,
            46.555371168215686
          ],
          [
            10.476078246779176,
            46.55503755330288
          ],
          [
            10.475838105376628,
            46.55478123664847
          ],
          [
            10.475820785686208,
            46.55463733740912
          ],
          [
            10.475924208105024,
            46.55427116566828
          ],
          [
            10.475687293075874,
            46.55407990375166
          ],
          [
            10.475737845670844,
            46.55382377663528
          ],
          [
            10.475527755720806,
            46.553569402140134
          ],
          [
            10.475548729085968,
            46.553488342469734
          ],
          [
            10.475492356147774,
            46.553429316869874
          ],
          [
            10.475483218749094,
            46.55332142451444
          ],
          [
            10.475389355062815,
            46.553233341734156
          ],
          [
            10.475275841207361,
            46.55288078106269
          ],
          [
            10.475040058399241,
            46.55257843448533
          ],
          [
            10.474920966691013,
            46.552529762605815
          ],
          [
            10.47479177428351,
            46.55237227871679
          ],
          [
            10.474752289764126,
            46.55186226892765
          ],
          [
            10.47449362339794,
            46.55142897209382
          ],
          [
            10.474372570847233,
            46.551293227158396
          ],
          [
            10.474141019802914,
            46.55114652496132
          ],
          [
            10.473927527117176,
            46.551110699311174
          ],
          [
            10.473754099131517,
            46.55102774715222
          ],
          [
            10.47347013368421,
            46.55078940402968
          ],
          [
            10.47336696943629,
            46.55064681574867
          ],
          [
            10.473267372717283,
            46.550342197565556
          ],
          [
            10.473045716613722,
            46.55006820572057
          ],
          [
            10.47287502185548,
            46.54984291499496
          ],
          [
            10.472538680457978,
            46.54970583143968
          ],
          [
            10.472076337177462,
            46.54942574098368
          ],
          [
            10.471969082987245,
            46.54932551784496
          ],
          [
            10.472029950257905,
            46.54909114610424
          ],
          [
            10.471688437882342,
            46.54887567965695
          ],
          [
            10.471503398181701,
            46.548574961107896
          ],
          [
            10.471097764504016,
            46.548384718467865
          ],
          [
            10.471156464263322,
            46.548116988341114
          ],
          [
            10.471261254038698,
            46.54789310299207
          ],
          [
            10.47132099051672,
            46.54767530816071
          ],
          [
            10.471307836788075,
            46.54753959754625
          ],
          [
            10.47137473261353,
            46.547475578951826
          ],
          [
            10.471491224895669,
            46.54697779028648
          ],
          [
            10.471582695077572,
            46.5468582642885
          ],
          [
            10.471558702732324,
            46.54653669215595
          ],
          [
            10.471463235713315,
            46.54637500106744
          ],
          [
            10.471521798147188,
            46.54633226127086
          ],
          [
            10.471526244339216,
            46.54623236944091
          ],
          [
            10.47161872525848,
            46.546126472977534
          ],
          [
            10.471613681890178,
            46.54606910050594
          ],
          [
            10.471881506056912,
            46.54571650412939
          ],
          [
            10.471936386544963,
            46.545424992052055
          ],
          [
            10.471995673106969,
            46.54521323127625
          ],
          [
            10.471987652990254,
            46.54506438423727
          ],
          [
            10.471920170985667,
            46.54497826853594
          ],
          [
            10.47194214328379,
            46.54472999998672
          ],
          [
            10.472030391906298,
            46.54458195896988
          ],
          [
            10.472019901483796,
            46.54438742785907
          ],
          [
            10.47210717729856,
            46.54397332084018
          ],
          [
            10.472135485620306,
            46.54390880136693
          ],
          [
            10.472275144403016,
            46.54380997191403
          ],
          [
            10.472293910470565,
            46.54353225205936
          ],
          [
            10.471943273551314,
            46.54313762270462
          ],
          [
            10.471643640952804,
            46.54290890387825
          ],
          [
            10.471465114263395,
            46.54269676614649
          ],
          [
            10.470979735221613,
            46.54243211459872
          ],
          [
            10.470810210856992,
            46.5423937873207
          ],
          [
            10.470522081743947,
            46.54225307192608
          ],
          [
            10.469977004966418,
            46.54226447305636
          ],
          [
            10.469625579890595,
            46.54220485384011
          ],
          [
            10.469240490862799,
            46.542262999981865
          ],
          [
            10.46901772643029,
            46.54223983665909
          ],
          [
            10.468657842976304,
            46.54231918428634
          ],
          [
            10.46833872209332,
            46.542242081341215
          ],
          [
            10.467847371503415,
            46.542233674912914
          ],
          [
            10.467497963223625,
            46.542068343901285
          ],
          [
            10.467228357277737,
            46.542021768311734
          ],
          [
            10.466416337111726,
            46.54174504447713
          ],
          [
            10.466125888326646,
            46.541605730498745
          ],
          [
            10.465786176187825,
            46.541254444897454
          ],
          [
            10.465413192029853,
            46.54120685630358
          ],
          [
            10.464829639447085,
            46.54118817288365
          ],
          [
            10.464734960506,
            46.54121123778585
          ],
          [
            10.464648916416579,
            46.54133013653918
          ],
          [
            10.464562920691193,
            46.54134797374582
          ],
          [
            10.464435693475684,
            46.541327469663905
          ],
          [
            10.464107422337996,
            46.54135900488727
          ],
          [
            10.463892721171089,
            46.54133363646798
          ],
          [
            10.463716031291726,
            46.541374422035645
          ],
          [
            10.463000269047297,
            46.54138496863772
          ],
          [
            10.46264754521612,
            46.54134176501242
          ],
          [
            10.46178168340371,
            46.54133500811869
          ],
          [
            10.461347640016006,
            46.541276805672354
          ],
          [
            10.461075676180286,
            46.54116565983381
          ],
          [
            10.460936904624203,
            46.54116803677499
          ],
          [
            10.460688077335572,
            46.54111278216426
          ],
          [
            10.460585868736375,
            46.541051989220016
          ],
          [
            10.45911158449921,
            46.54131838100126
          ],
          [
            10.459307611702693,
            46.54088574022153
          ],
          [
            10.458844225928262,
            46.540462355651215
          ],
          [
            10.458891389466793,
            46.54036259873803
          ],
          [
            10.458908813482028,
            46.54003205696263
          ],
          [
            10.459070233952664,
            46.53970002795444
          ],
          [
            10.459223642092748,
            46.53956661356621
          ],
          [
            10.459419919471458,
            46.53924139027369
          ],
          [
            10.459319324132757,
            46.539133462340295
          ],
          [
            10.459356750747611,
            46.53875046327186
          ],
          [
            10.45936562654011,
            46.53858628621619
          ],
          [
            10.459227497764058,
            46.53836825860087
          ],
          [
            10.4592525805567,
            46.537835195117346
          ],
          [
            10.459122463779702,
            46.53764496960975
          ],
          [
            10.459080425204856,
            46.53750021375845
          ],
          [
            10.45890512229893,
            46.53733268679836
          ],
          [
            10.458866631802373,
            46.53716664513185
          ],
          [
            10.45857775119679,
            46.53654908671204
          ],
          [
            10.45619322908984,
            46.535238944981884
          ],
          [
            10.453985294319827,
            46.53291647919743
          ],
          [
            10.452920933460643,
            46.53071731580545
          ],
          [
            10.452800421077765,
            46.530682406696606
          ],
          [
            10.45162676347131,
            46.53134312428729
          ],
          [
            10.448057995751938,
            46.53340193165684
          ],
          [
            10.445876919699614,
            46.53369382582449
          ],
          [
            10.440446734710235,
            46.53595080557731
          ],
          [
            10.43668766246244,
            46.53739033849948
          ],
          [
            10.43361814831544,
            46.54131880488828
          ],
          [
            10.428942115814866,
            46.54435713488831
          ],
          [
            10.424927313105965,
            46.54640555205139
          ],
          [
            10.424553098798611,
            46.546665519331064
          ],
          [
            10.42411882441806,
            46.546886733557905
          ],
          [
            10.423891845203698,
            46.547145530876804
          ],
          [
            10.42369680262304,
            46.547291511055626
          ],
          [
            10.423453189994055,
            46.54729999851929
          ],
          [
            10.423010602381845,
            46.54732528787105
          ],
          [
            10.422916996575639,
            46.54757783468241
          ],
          [
            10.422821484852548,
            46.548052469315245
          ],
          [
            10.422294813948302,
            46.548351270235166
          ],
          [
            10.421970668114417,
            46.54858716532546
          ],
          [
            10.421602509198975,
            46.54872605540276
          ],
          [
            10.421181094481305,
            46.548948621477194
          ],
          [
            10.421032074464762,
            46.549098439029514
          ],
          [
            10.420950432598339,
            46.54928634063601
          ],
          [
            10.42075903447188,
            46.549464861438445
          ],
          [
            10.42057420857064,
            46.549782508436245
          ],
          [
            10.420411429222002,
            46.54994293052199
          ],
          [
            10.420394985145768,
            46.5500799243183
          ],
          [
            10.42027826002442,
            46.55019646771242
          ],
          [
            10.420135395996997,
            46.55044174303984
          ],
          [
            10.419904137421232,
            46.55058870223206
          ],
          [
            10.41976347190734,
            46.5505931213995
          ],
          [
            10.41968735760819,
            46.550628812954706
          ],
          [
            10.419621365391981,
            46.55080200751747
          ],
          [
            10.419124640588956,
            46.551078626980434
          ],
          [
            10.418757840968707,
            46.55110122710851
          ],
          [
            10.41836662953647,
            46.55123424698823
          ],
          [
            10.418238261405845,
            46.55131128598538
          ],
          [
            10.417515991970902,
            46.55123459964419
          ],
          [
            10.417394115811197,
            46.55127624220346
          ],
          [
            10.417198397898849,
            46.55126812079928
          ],
          [
            10.416990543086458,
            46.55116375143167
          ],
          [
            10.416949563752576,
            46.5511029538292
          ],
          [
            10.416558474143965,
            46.55092232150939
          ],
          [
            10.41643417709116,
            46.55094297953291
          ],
          [
            10.41620615327864,
            46.55085830277303
          ],
          [
            10.415934211141387,
            46.55084619890933
          ],
          [
            10.41582635380509,
            46.550894809236254
          ],
          [
            10.415717088968687,
            46.55093373404678
          ],
          [
            10.41559727461052,
            46.550889800603706
          ],
          [
            10.415341677543871,
            46.55086196357721
          ],
          [
            10.415152285123133,
            46.55096235547115
          ],
          [
            10.414915960492317,
            46.55101728221121
          ],
          [
            10.41471630467179,
            46.550974556578595
          ],
          [
            10.414688221924544,
            46.55107198360561
          ],
          [
            10.414550267275063,
            46.55107992613304
          ],
          [
            10.414454458706459,
            46.55103188808015
          ],
          [
            10.414444144842019,
            46.55095897103097
          ],
          [
            10.41409713281236,
            46.550888703382924
          ],
          [
            10.41392153008634,
            46.55088803460158
          ],
          [
            10.413726057129315,
            46.5507310691034
          ],
          [
            10.413525004934776,
            46.550643934611486
          ],
          [
            10.41338360659336,
            46.55064238765763
          ],
          [
            10.41313290221493,
            46.55053737768837
          ],
          [
            10.41299649619703,
            46.550569664514526
          ],
          [
            10.41281066163882,
            46.55056490481887
          ],
          [
            10.412673729648684,
            46.55052141635525
          ],
          [
            10.412396502864029,
            46.55040316364034
          ],
          [
            10.412129923945447,
            46.55016004268068
          ],
          [
            10.412023375658361,
            46.55014538438183
          ],
          [
            10.411974648041774,
            46.550119643986136
          ],
          [
            10.411868066305466,
            46.549969063795395
          ],
          [
            10.411716562056114,
            46.549943383537816
          ],
          [
            10.41156062911506,
            46.549869882789764
          ],
          [
            10.411391340900002,
            46.54987863223039
          ],
          [
            10.411246849881001,
            46.549715107914615
          ],
          [
            10.411118632819512,
            46.549651351051374
          ],
          [
            10.411028525994192,
            46.5496454709466
          ],
          [
            10.410864904854574,
            46.5494985062719
          ],
          [
            10.410773787794934,
            46.54949608219054
          ],
          [
            10.410679202345932,
            46.54942839357217
          ],
          [
            10.410498957363853,
            46.549421746622954
          ],
          [
            10.410422056376218,
            46.549379305303624
          ],
          [
            10.41033849148166,
            46.54941198057669
          ],
          [
            10.410139452910718,
            46.549401449484535
          ],
          [
            10.409951690731427,
            46.549434202315034
          ],
          [
            10.409583938422255,
            46.549351392543855
          ],
          [
            10.409287002516656,
            46.54935038684488
          ],
          [
            10.409031008747247,
            46.54927425010498
          ],
          [
            10.408959148013993,
            46.5491985844354
          ],
          [
            10.408792193632705,
            46.54913146252236
          ],
          [
            10.408710188341333,
            46.549008143766855
          ],
          [
            10.408633460501001,
            46.54901420897804
          ],
          [
            10.40858954607544,
            46.5489285045775
          ],
          [
            10.408466002907469,
            46.54884806787703
          ],
          [
            10.408482621523671,
            46.548682103324346
          ],
          [
            10.408289517674746,
            46.548517226358534
          ],
          [
            10.408273227931149,
            46.548440108122605
          ],
          [
            10.40818910795289,
            46.54839611661564
          ],
          [
            10.408174555117817,
            46.548346832422276
          ],
          [
            10.408019903593365,
            46.548315990433366
          ],
          [
            10.407963277004455,
            46.5481876420668
          ],
          [
            10.407868231832367,
            46.54810647815625
          ],
          [
            10.407756910451358,
            46.54810674012257
          ],
          [
            10.407713409829057,
            46.548140977305025
          ],
          [
            10.407499821761439,
            46.54805852618324
          ],
          [
            10.407503147844592,
            46.54793036674559
          ],
          [
            10.40741168896261,
            46.54790573184929
          ],
          [
            10.407254154694252,
            46.547761700057094
          ],
          [
            10.407072289850657,
            46.54768452288332
          ],
          [
            10.40656547078686,
            46.54756871588026
          ],
          [
            10.40633707101655,
            46.54759030837015
          ],
          [
            10.406288379704614,
            46.547542779703896
          ],
          [
            10.406224108162354,
            46.54754183850868
          ],
          [
            10.406016185491145,
            46.54757161861834
          ],
          [
            10.405760961732812,
            46.547485012342904
          ],
          [
            10.40556465236326,
            46.54749482788516
          ],
          [
            10.405407113107895,
            46.54753163635995
          ],
          [
            10.405266428834429,
            46.54749607808686
          ],
          [
            10.405100907391102,
            46.54733831680057
          ],
          [
            10.404649022808094,
            46.54709823423843
          ],
          [
            10.404602546560662,
            46.54701753749211
          ],
          [
            10.404256560893606,
            46.54682699145632
          ],
          [
            10.404150781673918,
            46.546711239778375
          ],
          [
            10.40397129929555,
            46.546648813069176
          ],
          [
            10.40386030481311,
            46.54649573965729
          ],
          [
            10.403643360640261,
            46.54656320847951
          ],
          [
            10.403526301601897,
            46.54656275189468
          ],
          [
            10.4032256855612,
            46.54627692963235
          ],
          [
            10.402977822685227,
            46.54628421485576
          ],
          [
            10.402629068999293,
            46.54611724971026
          ],
          [
            10.4024934589343,
            46.545936064569695
          ],
          [
            10.40238626975787,
            46.545888304679536
          ],
          [
            10.402299033724798,
            46.54593063899743
          ],
          [
            10.402214367636267,
            46.54587794354708
          ],
          [
            10.40181069446349,
            46.54579274260414
          ],
          [
            10.401708643684485,
            46.545734207682706
          ],
          [
            10.40149550083322,
            46.545716467903745
          ],
          [
            10.401433583973638,
            46.54564984671264
          ],
          [
            10.401270567087893,
            46.54564447370417
          ],
          [
            10.401028835707667,
            46.545505644660125
          ],
          [
            10.400994920799551,
            46.545383074683215
          ],
          [
            10.40080294511922,
            46.54532059978254
          ],
          [
            10.400609834245781,
            46.5452912366853
          ],
          [
            10.400543582595942,
            46.54518925997004
          ],
          [
            10.400370736998156,
            46.54511085623117
          ],
          [
            10.400275745746352,
            46.54498937382822
          ],
          [
            10.400158594583644,
            46.544952611014786
          ],
          [
            10.399941866770702,
            46.54479018195162
          ],
          [
            10.39956282936598,
            46.54469862402034
          ],
          [
            10.399248550955294,
            46.544514448012826
          ],
          [
            10.3985898201006,
            46.54424045574873
          ],
          [
            10.397846740058158,
            46.54399681486135
          ],
          [
            10.397040122140043,
            46.54391716618374
          ],
          [
            10.396443458112817,
            46.544017308794736
          ],
          [
            10.396293752937558,
            46.544078008271775
          ],
          [
            10.396197500343956,
            46.544144688986584
          ],
          [
            10.395881085171906,
            46.54433261348433
          ],
          [
            10.395666983921597,
            46.54457287700578
          ],
          [
            10.39499636077654,
            46.54469425467887
          ],
          [
            10.394709379067248,
            46.54478250473612
          ],
          [
            10.394547784644239,
            46.544876161423794
          ],
          [
            10.393913875671482,
            46.545027985559535
          ],
          [
            10.393578201228582,
            46.54520679000986
          ],
          [
            10.393099066619321,
            46.5453489133439
          ],
          [
            10.393013112624727,
            46.54544254552975
          ],
          [
            10.392822502138392,
            46.545468682733905
          ],
          [
            10.392742025491883,
            46.545531223379236
          ],
          [
            10.392034088390327,
            46.545823322020475
          ],
          [
            10.391224144302532,
            46.54590295455
          ],
          [
            10.391146522455024,
            46.54596453762711
          ],
          [
            10.391021213356744,
            46.54599767099759
          ],
          [
            10.390615680895202,
            46.54633233252299
          ],
          [
            10.39040626593738,
            46.546413236125616
          ],
          [
            10.390247984619656,
            46.546533878334415
          ],
          [
            10.389551428119013,
            46.54679589559736
          ],
          [
            10.38948147946597,
            46.546838905117575
          ],
          [
            10.389433551120355,
            46.54693854150212
          ],
          [
            10.389233917135416,
            46.546963700545064
          ],
          [
            10.38906058793664,
            46.54693339012826
          ],
          [
            10.388533851565736,
            46.54707446087584
          ],
          [
            10.388459377104741,
            46.547141208451286
          ],
          [
            10.38817924357476,
            46.54716714988102
          ],
          [
            10.388088795985828,
            46.54731568979535
          ],
          [
            10.387938040623931,
            46.547359130209394
          ],
          [
            10.387606384450537,
            46.5475325546606
          ],
          [
            10.3874909923471,
            46.54767303642235
          ],
          [
            10.387001763030879,
            46.547953071392364
          ],
          [
            10.386770566203017,
            46.54819113165476
          ],
          [
            10.386187946373141,
            46.548515696894334
          ],
          [
            10.385738825681592,
            46.548836463932574
          ],
          [
            10.385032190668232,
            46.54924853341243
          ],
          [
            10.384650380220359,
            46.54959653702911
          ],
          [
            10.384266475349738,
            46.550044902512774
          ],
          [
            10.38389043018059,
            46.55001251053637
          ],
          [
            10.382354034468785,
            46.54976776543793
          ],
          [
            10.382048177569018,
            46.549826737696826
          ],
          [
            10.381775403847652,
            46.54982996737466
          ],
          [
            10.381595334854524,
            46.549806562467964
          ],
          [
            10.380803876695227,
            46.54977013594339
          ],
          [
            10.379825111424017,
            46.54979647026859
          ],
          [
            10.379327838477604,
            46.54997783737826
          ],
          [
            10.378928209823796,
            46.55023355263771
          ],
          [
            10.37856030542066,
            46.55040443052875
          ],
          [
            10.37837956083401,
            46.55062189412513
          ],
          [
            10.378324111332326,
            46.55077444414317
          ],
          [
            10.378320904442921,
            46.55096729480776
          ],
          [
            10.378369603901373,
            46.55101586088868
          ],
          [
            10.377207232823096,
            46.55131657444702
          ],
          [
            10.376906565082107,
            46.55144802598599
          ],
          [
            10.376833864495046,
            46.55154971908297
          ],
          [
            10.376646756801412,
            46.551643981546654
          ],
          [
            10.376391234282499,
            46.55203492470131
          ],
          [
            10.376259701606577,
            46.55208745720912
          ],
          [
            10.376098947998756,
            46.55235686333579
          ],
          [
            10.375611432683447,
            46.55262606296639
          ],
          [
            10.375233258145157,
            46.55247461948443
          ],
          [
            10.3751388893102,
            46.552466651580026
          ],
          [
            10.374521963331638,
            46.55248410229189
          ],
          [
            10.374170530194199,
            46.552527666515914
          ],
          [
            10.373335023269997,
            46.552510643768684
          ],
          [
            10.373176405883143,
            46.55253686620421
          ],
          [
            10.37244664513612,
            46.55299739497238
          ],
          [
            10.371988447622643,
            46.55309806186442
          ],
          [
            10.371541078331996,
            46.553128448525825
          ],
          [
            10.3710803537195,
            46.55343214308029
          ],
          [
            10.370726263918462,
            46.55381609131121
          ],
          [
            10.370483296566753,
            46.553935765305965
          ],
          [
            10.370346980406152,
            46.5539356178829
          ],
          [
            10.36959980618306,
            46.553974909013185
          ],
          [
            10.369387027571591,
            46.55396399455512
          ],
          [
            10.369058598267475,
            46.55386518741285
          ],
          [
            10.368916524588437,
            46.553864979685805
          ],
          [
            10.368510229988525,
            46.55414935513923
          ],
          [
            10.36823515727408,
            46.55421797382727
          ],
          [
            10.36798760707058,
            46.55420448727742
          ],
          [
            10.367577170945111,
            46.554055389453374
          ],
          [
            10.367194699922784,
            46.55447770324802
          ],
          [
            10.366955619381798,
            46.554572469044544
          ],
          [
            10.366837178167494,
            46.55462726349727
          ],
          [
            10.366582411456886,
            46.55466996056194
          ],
          [
            10.366565792709448,
            46.55471152734379
          ],
          [
            10.366302601796873,
            46.55484281237362
          ],
          [
            10.366111450211509,
            46.55483130761916
          ],
          [
            10.365539892905387,
            46.55488948005139
          ],
          [
            10.36531724329864,
            46.555051171281235
          ],
          [
            10.365118577850376,
            46.55510290755361
          ],
          [
            10.364308391842847,
            46.55536427799682
          ],
          [
            10.363999110625668,
            46.55541367449
          ],
          [
            10.363875433530644,
            46.555507101545196
          ],
          [
            10.363608106748387,
            46.55550200898155
          ],
          [
            10.363020797177157,
            46.55559120727272
          ],
          [
            10.362920255242946,
            46.555544904936696
          ],
          [
            10.362146158922423,
            46.555482505725934
          ],
          [
            10.362058215640483,
            46.55556884528311
          ],
          [
            10.361891212801586,
            46.55558913700568
          ],
          [
            10.361702393498206,
            46.555555618243794
          ],
          [
            10.361381845338933,
            46.55558782465828
          ],
          [
            10.360922536445823,
            46.555549350523044
          ],
          [
            10.360808049679605,
            46.55556903753689
          ],
          [
            10.360642503133695,
            46.55552184797076
          ],
          [
            10.360525182712747,
            46.55557048554205
          ],
          [
            10.35952350547542,
            46.55565849783933
          ],
          [
            10.359461521807996,
            46.555632157948146
          ],
          [
            10.359380148973425,
            46.55565007433938
          ],
          [
            10.35888834626556,
            46.55560284903972
          ],
          [
            10.358694789332514,
            46.55565701715433
          ],
          [
            10.358360739795804,
            46.555645830830706
          ],
          [
            10.358274261712173,
            46.55559214175614
          ],
          [
            10.357878771729652,
            46.555537090913695
          ],
          [
            10.357563099455193,
            46.555405543546236
          ],
          [
            10.357274737629572,
            46.555386150282594
          ],
          [
            10.357056829113116,
            46.55535782680036
          ],
          [
            10.356542052660291,
            46.55545380670707
          ],
          [
            10.35625004528342,
            46.5554178690203
          ],
          [
            10.356047122506315,
            46.55543027937372
          ],
          [
            10.355800715739361,
            46.55537196168876
          ],
          [
            10.35560707955353,
            46.55540703360641
          ],
          [
            10.355423878708173,
            46.55538129997014
          ],
          [
            10.354980152542948,
            46.55545526721693
          ],
          [
            10.354777260004099,
            46.55540458959687
          ],
          [
            10.354685419946854,
            46.5553380188018
          ],
          [
            10.35454795300078,
            46.55541605387751
          ],
          [
            10.354193573915682,
            46.5555716229316
          ],
          [
            10.353587692100046,
            46.55557989888293
          ],
          [
            10.353434526017505,
            46.55554898985885
          ],
          [
            10.352980563475349,
            46.55564858788619
          ],
          [
            10.352406460287211,
            46.55568577572531
          ],
          [
            10.352112754573051,
            46.555899284753394
          ],
          [
            10.351867628634395,
            46.55587875146404
          ],
          [
            10.351773013842946,
            46.55563074560013
          ],
          [
            10.351501075620197,
            46.5553919382646
          ],
          [
            10.351431150357831,
            46.555249304960164
          ],
          [
            10.351029172132847,
            46.55477353436101
          ],
          [
            10.350978686440575,
            46.55442044405896
          ],
          [
            10.350826973303406,
            46.55421090715906
          ],
          [
            10.350865450888822,
            46.55390111354297
          ],
          [
            10.350723135599813,
            46.55364554344388
          ],
          [
            10.350568486765638,
            46.55348370115327
          ],
          [
            10.350486295717003,
            46.55327043824411
          ],
          [
            10.35030589208312,
            46.552980628395275
          ],
          [
            10.35017382728882,
            46.55288388437704
          ],
          [
            10.349846054168097,
            46.552739465778416
          ],
          [
            10.349818857172787,
            46.5525740427657
          ],
          [
            10.349873392529501,
            46.552426996318104
          ],
          [
            10.34978963471753,
            46.55179177661358
          ],
          [
            10.349881251675964,
            46.55161029349432
          ],
          [
            10.35000221061255,
            46.55091190294751
          ],
          [
            10.350189750059458,
            46.550487451380604
          ],
          [
            10.350389306061693,
            46.54983010230573
          ],
          [
            10.350227479223062,
            46.5494231709294
          ],
          [
            10.349418505924058,
            46.54932409763882
          ],
          [
            10.349190349644486,
            46.549222864463175
          ],
          [
            10.348932175473816,
            46.54916753471146
          ],
          [
            10.348882850058295,
            46.54912183535387
          ],
          [
            10.348322855888291,
            46.549040935202
          ],
          [
            10.34824614397216,
            46.548987223007046
          ],
          [
            10.348193964143231,
            46.548790437900024
          ],
          [
            10.348061920195844,
            46.54868508549081
          ],
          [
            10.347631761082866,
            46.54846893643296
          ],
          [
            10.347097176971586,
            46.54807325268831
          ],
          [
            10.34631389348825,
            46.54756053336127
          ],
          [
            10.346190088224787,
            46.54737505906126
          ],
          [
            10.345995862799327,
            46.547322506657906
          ],
          [
            10.345751451516815,
            46.54715911123381
          ],
          [
            10.345312705389313,
            46.54679026888884
          ],
          [
            10.345159522317907,
            46.546713314654596
          ],
          [
            10.344929118341136,
            46.546709764483275
          ],
          [
            10.34430172009712,
            46.54617226927534
          ],
          [
            10.344088357647632,
            46.54590028903083
          ],
          [
            10.343897742151748,
            46.54562499034124
          ],
          [
            10.343797383108244,
            46.54523012650075
          ],
          [
            10.343707808517285,
            46.54509607517375
          ],
          [
            10.343197916585817,
            46.54473557952083
          ],
          [
            10.342942992051928,
            46.54463672912169
          ],
          [
            10.342811800646183,
            46.544487573574614
          ],
          [
            10.342430324500613,
            46.544219238805155
          ],
          [
            10.342375061741748,
            46.5440714821843
          ],
          [
            10.3422539475007,
            46.54401717253922
          ],
          [
            10.342193876115225,
            46.543925655917214
          ],
          [
            10.342085329371178,
            46.54387991875591
          ],
          [
            10.341982169923401,
            46.54377873681771
          ],
          [
            10.341774872712708,
            46.54366971028812
          ],
          [
            10.341182612422427,
            46.54354418696488
          ],
          [
            10.341029854135876,
            46.54346513727415
          ],
          [
            10.34058405686357,
            46.543459581498716
          ],
          [
            10.34020794828863,
            46.543290491393755
          ],
          [
            10.339846842018435,
            46.543194570672576
          ],
          [
            10.33959200627808,
            46.54304067390875
          ],
          [
            10.339559405575216,
            46.54298668530367
          ],
          [
            10.339244817428712,
            46.54281738986377
          ],
          [
            10.338793891561174,
            46.54283359841042
          ],
          [
            10.33819001375922,
            46.542725648830725
          ],
          [
            10.33779014800332,
            46.542985749926494
          ],
          [
            10.337499979345353,
            46.54311236330626
          ],
          [
            10.337209552216411,
            46.5431555270413
          ],
          [
            10.337003311980455,
            46.54314660089675
          ],
          [
            10.336830330463021,
            46.543232244925846
          ],
          [
            10.336197915527704,
            46.54386980112683
          ],
          [
            10.336123996936882,
            46.54411243830945
          ],
          [
            10.33597379758673,
            46.54419895829423
          ],
          [
            10.335870068274291,
            46.54432128154823
          ],
          [
            10.335427221569699,
            46.54440991466929
          ],
          [
            10.335235415430148,
            46.54453176398347
          ],
          [
            10.335126713829633,
            46.54470892597497
          ],
          [
            10.335099540904885,
            46.544916101089335
          ],
          [
            10.33501073453533,
            46.54500530367855
          ],
          [
            10.334943641542036,
            46.5453667872624
          ],
          [
            10.334751839560697,
            46.54548562894347
          ],
          [
            10.334619705599653,
            46.5457559436603
          ],
          [
            10.334492301416178,
            46.54588626827171
          ],
          [
            10.334313961908428,
            46.54596588746371
          ],
          [
            10.334191859423667,
            46.5461947989235
          ],
          [
            10.334059684651061,
            46.54645955981494
          ],
          [
            10.333919217259226,
            46.54664302085896
          ],
          [
            10.333710332694357,
            46.546679506647706
          ],
          [
            10.333533663964495,
            46.54679626821262
          ],
          [
            10.333523198583736,
            46.54687498512846
          ],
          [
            10.333400963493666,
            46.54697473275205
          ],
          [
            10.332768884353817,
            46.54721504761007
          ],
          [
            10.332757600498608,
            46.547308728179054
          ],
          [
            10.332472729108744,
            46.54747988659505
          ],
          [
            10.332393476896568,
            46.54755785247462
          ],
          [
            10.332255067622878,
            46.54763871986897
          ],
          [
            10.332004913016759,
            46.547724043522024
          ],
          [
            10.33170405151855,
            46.54794320825194
          ],
          [
            10.33159885461168,
            46.54804254703808
          ],
          [
            10.331554331517083,
            46.54816002803616
          ],
          [
            10.331458882787706,
            46.54820549510889
          ],
          [
            10.331370147291793,
            46.548407736687665
          ],
          [
            10.331079320836873,
            46.54865413548978
          ],
          [
            10.330810666231539,
            46.548951180149466
          ],
          [
            10.330672580852905,
            46.54913851884927
          ],
          [
            10.330549620578045,
            46.54942550884839
          ],
          [
            10.330425328105202,
            46.54948868623147
          ],
          [
            10.330287802627339,
            46.54950641731444
          ],
          [
            10.329053820806593,
            46.549890280459614
          ],
          [
            10.32824479556989,
            46.55018395733148
          ],
          [
            10.32776441170411,
            46.55043225896799
          ],
          [
            10.326532533946366,
            46.55119252841346
          ],
          [
            10.325563096686443,
            46.55170194581284
          ],
          [
            10.325468265461236,
            46.55173229598674
          ],
          [
            10.325117797511462,
            46.551265060683356
          ],
          [
            10.325019544021744,
            46.5508676547079
          ],
          [
            10.324885882298457,
            46.55077742239871
          ],
          [
            10.324002678639781,
            46.5505714844298
          ],
          [
            10.322295226299023,
            46.55028145193911
          ],
          [
            10.321909282843379,
            46.55020543978343
          ],
          [
            10.32102221130045,
            46.54989858721043
          ],
          [
            10.320727799550934,
            46.5497649971963
          ],
          [
            10.320606677485134,
            46.54961777638667
          ],
          [
            10.320137698343574,
            46.549486973332485
          ],
          [
            10.319929425257898,
            46.5492523676327
          ],
          [
            10.319788899985905,
            46.549167272591774
          ],
          [
            10.319688415066162,
            46.54891358672045
          ],
          [
            10.31944690856506,
            46.54884546296483
          ],
          [
            10.319407789405929,
            46.54875205380412
          ],
          [
            10.319205513249406,
            46.548603981235274
          ],
          [
            10.319230540954308,
            46.54848104080762
          ],
          [
            10.318780716348172,
            46.548458568442946
          ],
          [
            10.31873304648402,
            46.54839689972132
          ],
          [
            10.318637496786485,
            46.548388960257256
          ],
          [
            10.318549926809466,
            46.54822260473513
          ],
          [
            10.318353666951113,
            46.54818746655638
          ],
          [
            10.3179879612794,
            46.548187812220476
          ],
          [
            10.316584170557713,
            46.548338664447186
          ],
          [
            10.316198897630816,
            46.548460500480175
          ],
          [
            10.315943594497693,
            46.54846303092498
          ],
          [
            10.315270326701436,
            46.54829605372863
          ],
          [
            10.314408671267858,
            46.54795718209327
          ],
          [
            10.314290106314372,
            46.54796786077308
          ],
          [
            10.314123565788933,
            46.54791518423721
          ],
          [
            10.313972498878156,
            46.54775523008322
          ],
          [
            10.313774555938199,
            46.547664271319725
          ],
          [
            10.313648995279925,
            46.54744830217983
          ],
          [
            10.313493813984906,
            46.54741022616706
          ],
          [
            10.313431938761726,
            46.547290043818634
          ],
          [
            10.312918275766314,
            46.547126613024936
          ],
          [
            10.312502115375556,
            46.54687502741417
          ],
          [
            10.312295868365911,
            46.54684204892008
          ],
          [
            10.311932432914803,
            46.54684171481926
          ],
          [
            10.311597784678465,
            46.54676435368136
          ],
          [
            10.311499254077708,
            46.54671224049829
          ],
          [
            10.311430358903364,
            46.54668702217663
          ],
          [
            10.311096128067232,
            46.546800052219595
          ],
          [
            10.31100139929193,
            46.546926912583054
          ],
          [
            10.310336663395866,
            46.54730560600429
          ],
          [
            10.309762023816953,
            46.54782054558671
          ],
          [
            10.3096443693179,
            46.54786534868657
          ],
          [
            10.309337999504724,
            46.548223810646434
          ],
          [
            10.309228928839246,
            46.54828017061567
          ],
          [
            10.309251596056546,
            46.548399500081224
          ],
          [
            10.309005464766516,
            46.54849987427947
          ],
          [
            10.308938419652451,
            46.54859806535765
          ],
          [
            10.308630020261722,
            46.54871604331408
          ],
          [
            10.308579826701628,
            46.54881119810748
          ],
          [
            10.30849826376007,
            46.54885463841381
          ],
          [
            10.308572673780708,
            46.549058789111335
          ],
          [
            10.308492223217733,
            46.5492272342326
          ],
          [
            10.308366778370978,
            46.54926791183571
          ],
          [
            10.308149701594001,
            46.549426646187506
          ],
          [
            10.307785508076377,
            46.54935870616087
          ],
          [
            10.307680665169647,
            46.54928648630592
          ],
          [
            10.307459592660287,
            46.54928798939696
          ],
          [
            10.307334675945615,
            46.54923137172632
          ],
          [
            10.306840429645437,
            46.54925915837011
          ],
          [
            10.306683530843172,
            46.5491229804966
          ],
          [
            10.30652278533126,
            46.549093145877926
          ],
          [
            10.30579427955948,
            46.549184260797546
          ],
          [
            10.305719925389274,
            46.54914565627022
          ],
          [
            10.305447977241295,
            46.54917636202874
          ],
          [
            10.305286683915543,
            46.54925386600828
          ],
          [
            10.305049272829518,
            46.54930676180614
          ],
          [
            10.304671722033415,
            46.54920479858876
          ],
          [
            10.304190141467645,
            46.549171205199784
          ],
          [
            10.303480544383536,
            46.54915356580017
          ],
          [
            10.303187635737693,
            46.54920387794903
          ],
          [
            10.302927563169291,
            46.54909223263261
          ],
          [
            10.302422054299788,
            46.54899008440414
          ],
          [
            10.30213790641774,
            46.54897691867492
          ],
          [
            10.30181515024664,
            46.5490564064576
          ],
          [
            10.301430030894753,
            46.54903241535838
          ],
          [
            10.300709143168215,
            46.54907848654703
          ],
          [
            10.300601544983433,
            46.54915695386174
          ],
          [
            10.300511446797108,
            46.54918074563945
          ],
          [
            10.30040785998266,
            46.549141937706906
          ],
          [
            10.300159500607956,
            46.54914258345731
          ],
          [
            10.299865368840532,
            46.54919917388992
          ],
          [
            10.299481223679065,
            46.54935272646123
          ],
          [
            10.299224042970874,
            46.549530761909196
          ],
          [
            10.298747778373505,
            46.54975536684954
          ],
          [
            10.298597188076155,
            46.54976874328676
          ],
          [
            10.298163969980745,
            46.5496921218299
          ],
          [
            10.29607113804654,
            46.54997353658783
          ],
          [
            10.295962460808482,
            46.55010262439874
          ],
          [
            10.295757883281015,
            46.550679314975284
          ],
          [
            10.295674991823079,
            46.55076602280757
          ],
          [
            10.29560260826805,
            46.550961520743385
          ],
          [
            10.295441782116177,
            46.55102722442805
          ],
          [
            10.295413780341807,
            46.55108327909913
          ],
          [
            10.295298579220809,
            46.55113856406439
          ],
          [
            10.295219036672512,
            46.551240535065155
          ],
          [
            10.294953862778902,
            46.55142576439486
          ],
          [
            10.294889045788302,
            46.55151505087181
          ],
          [
            10.29489478027542,
            46.55157942116041
          ],
          [
            10.294533827660496,
            46.551797922918276
          ],
          [
            10.29442860300953,
            46.55195127160366
          ],
          [
            10.29494773557639,
            46.55280714956378
          ],
          [
            10.294975812157448,
            46.55296004710072
          ],
          [
            10.294911960513948,
            46.55321591071396
          ],
          [
            10.2950639124628,
            46.553326961203624
          ],
          [
            10.295051178392914,
            46.55339591837155
          ],
          [
            10.295267284339275,
            46.55357901628824
          ],
          [
            10.295573014840237,
            46.554142698751065
          ],
          [
            10.296329530293818,
            46.55466691742515
          ],
          [
            10.29650628055105,
            46.55491106136441
          ],
          [
            10.296493230571,
            46.555659836194096
          ],
          [
            10.296408918624257,
            46.55606603769962
          ],
          [
            10.296310781998072,
            46.556192817119346
          ],
          [
            10.296417117172417,
            46.5562664051064
          ],
          [
            10.296486733583809,
            46.55641878904436
          ],
          [
            10.296404310182812,
            46.5567308493414
          ],
          [
            10.296504799805737,
            46.557088926628886
          ],
          [
            10.296352972657068,
            46.557217100982214
          ],
          [
            10.29618421503587,
            46.55726787297534
          ],
          [
            10.296223380354727,
            46.55742554142551
          ],
          [
            10.296351728812025,
            46.55762280709557
          ],
          [
            10.296322578139764,
            46.55769989150712
          ],
          [
            10.29613896382908,
            46.55780293109243
          ],
          [
            10.29597942469452,
            46.55802650858522
          ],
          [
            10.296150556535508,
            46.55830269614117
          ],
          [
            10.296125851722223,
            46.55841380275425
          ],
          [
            10.296005975529772,
            46.55856563961569
          ],
          [
            10.295994633656747,
            46.55887708275295
          ],
          [
            10.295789212605477,
            46.55901033006342
          ],
          [
            10.295553161909558,
            46.559240150742006
          ],
          [
            10.295078253637655,
            46.559367054310705
          ],
          [
            10.294807981913502,
            46.5595294112344
          ],
          [
            10.294437725593564,
            46.55993058911308
          ],
          [
            10.293922698543557,
            46.56026003197903
          ],
          [
            10.293832348028552,
            46.56053207886475
          ],
          [
            10.293536244754943,
            46.560741232448756
          ],
          [
            10.293362614933198,
            46.560916038007775
          ],
          [
            10.293242158816213,
            46.56092807363566
          ],
          [
            10.293022487137042,
            46.56109423213969
          ],
          [
            10.292861624596814,
            46.5611039874024
          ],
          [
            10.292795074616079,
            46.56114192575993
          ],
          [
            10.292725094195548,
            46.56127980469623
          ],
          [
            10.29256003587555,
            46.56144895674896
          ],
          [
            10.292540441276437,
            46.56154429830082
          ],
          [
            10.292416059652696,
            46.56162937133026
          ],
          [
            10.292263165450503,
            46.561976664721854
          ],
          [
            10.29225064185922,
            46.56210858212111
          ],
          [
            10.291728057502974,
            46.562504194373936
          ],
          [
            10.2914858834008,
            46.56259825371323
          ],
          [
            10.290980985163806,
            46.56298619014276
          ],
          [
            10.290830192554074,
            46.56316249775186
          ],
          [
            10.290785416782539,
            46.563343652530214
          ],
          [
            10.290297149365276,
            46.56375961328154
          ],
          [
            10.289922815045978,
            46.564252936052014
          ],
          [
            10.28989831653232,
            46.5643637926591
          ],
          [
            10.289786819989128,
            46.56445631669821
          ],
          [
            10.289768204303034,
            46.56453469211035
          ],
          [
            10.289546944332264,
            46.564587517396255
          ],
          [
            10.289495506953823,
            46.564641664521865
          ],
          [
            10.289477624771292,
            46.56478174518028
          ],
          [
            10.289554478025963,
            46.564822521249866
          ],
          [
            10.289725635567551,
            46.56482562803907
          ],
          [
            10.289717871102228,
            46.56489966258148
          ],
          [
            10.289558077944754,
            46.56510594413222
          ],
          [
            10.28937386104344,
            46.56516360102963
          ],
          [
            10.289285811589126,
            46.565434577550626
          ],
          [
            10.289185470031851,
            46.56552412072337
          ],
          [
            10.289178799449582,
            46.565588964188265
          ],
          [
            10.289297285665953,
            46.56572405002689
          ],
          [
            10.289336937713534,
            46.56593999329751
          ],
          [
            10.289398458356569,
            46.566009508900265
          ],
          [
            10.289365376880339,
            46.56619748988519
          ],
          [
            10.289278635862823,
            46.566364078455635
          ],
          [
            10.289104842194496,
            46.566542067304425
          ],
          [
            10.289046271731747,
            46.566737510434
          ],
          [
            10.289017142592488,
            46.567043096533524
          ],
          [
            10.289073508480357,
            46.56712573081875
          ],
          [
            10.289006066285607,
            46.56715361631756
          ],
          [
            10.289019715728099,
            46.567348193811014
          ],
          [
            10.289128350895462,
            46.56743176793029
          ],
          [
            10.289313214800938,
            46.56746298580608
          ],
          [
            10.289330341510446,
            46.567563067751784
          ],
          [
            10.289096268527324,
            46.56789104865993
          ],
          [
            10.289138655329594,
            46.568103889893926
          ],
          [
            10.28907849166286,
            46.56833302074526
          ],
          [
            10.289035096600358,
            46.56835658565147
          ],
          [
            10.289073200819615,
            46.56848471261106
          ],
          [
            10.288925506133388,
            46.568609018436966
          ],
          [
            10.288782205550525,
            46.568649553438355
          ],
          [
            10.288765646878568,
            46.568729866365196
          ],
          [
            10.288669351929286,
            46.568762840685935
          ],
          [
            10.28862624138798,
            46.56895947117918
          ],
          [
            10.288452997078485,
            46.56907923191611
          ],
          [
            10.288392868158446,
            46.56935788796373
          ],
          [
            10.287833541947263,
            46.56947963727188
          ],
          [
            10.287707731962037,
            46.56955071583957
          ],
          [
            10.287474219930157,
            46.56978241627543
          ],
          [
            10.287350037801236,
            46.57000036789956
          ],
          [
            10.287482307813214,
            46.57033778021375
          ],
          [
            10.287419053880388,
            46.570396200966925
          ],
          [
            10.287297148138386,
            46.57041780768903
          ],
          [
            10.287040392670733,
            46.57038453482898
          ],
          [
            10.286819787211874,
            46.570416832198084
          ],
          [
            10.286349428091782,
            46.57065439127011
          ],
          [
            10.286049096338264,
            46.57068245495359
          ],
          [
            10.28572389771542,
            46.570816584607826
          ],
          [
            10.285365924271336,
            46.57082255987486
          ],
          [
            10.285096171313528,
            46.57089200054993
          ],
          [
            10.284971342995068,
            46.57097094568198
          ],
          [
            10.284741394801854,
            46.57101799230356
          ],
          [
            10.284547762053625,
            46.57103436134772
          ],
          [
            10.284449856639627,
            46.57098378397481
          ],
          [
            10.284102665588456,
            46.571046104994714
          ],
          [
            10.284008487802513,
            46.57089322154112
          ],
          [
            10.283446578454184,
            46.57073287825942
          ],
          [
            10.282456480729218,
            46.57098084095178
          ],
          [
            10.282146534751876,
            46.570989709421966
          ],
          [
            10.281980473256604,
            46.57105457784498
          ],
          [
            10.281868292526037,
            46.571149495904976
          ],
          [
            10.281722148617831,
            46.57120617853109
          ],
          [
            10.281659056979805,
            46.5711997988683
          ],
          [
            10.28148797286978,
            46.57135659866957
          ],
          [
            10.281275046934292,
            46.57146086728245
          ],
          [
            10.281186684419556,
            46.57149667920875
          ],
          [
            10.281095052160488,
            46.571477492500804
          ],
          [
            10.280966763775698,
            46.571587835849286
          ],
          [
            10.280481680731016,
            46.57168398191119
          ],
          [
            10.280134984506843,
            46.571953844204
          ],
          [
            10.280079146276199,
            46.572065886353975
          ],
          [
            10.279917666528371,
            46.57211273309452
          ],
          [
            10.279844955062458,
            46.57211009439546
          ],
          [
            10.27978611940996,
            46.571984256223956
          ],
          [
            10.279529463711407,
            46.571932546751555
          ],
          [
            10.279350711012007,
            46.57199869145382
          ],
          [
            10.278588184497032,
            46.57189919092709
          ],
          [
            10.27849957207453,
            46.5719665752408
          ],
          [
            10.278348048097927,
            46.57200616787874
          ],
          [
            10.277932127139328,
            46.572209277620836
          ],
          [
            10.277854073946894,
            46.57221403526192
          ],
          [
            10.277583270237795,
            46.57235301156943
          ],
          [
            10.277464842098086,
            46.57235597760593
          ],
          [
            10.277404623343722,
            46.57241676507611
          ],
          [
            10.277329399997752,
            46.572427446695244
          ],
          [
            10.2771985854269,
            46.57239835229484
          ],
          [
            10.27696180815517,
            46.5725184385313
          ],
          [
            10.276703501467262,
            46.572586465882004
          ],
          [
            10.276422751966479,
            46.57298743320858
          ],
          [
            10.276393190825898,
            46.57313996332796
          ],
          [
            10.276251985287972,
            46.573243197162626
          ],
          [
            10.27486065434161,
            46.57355684194678
          ],
          [
            10.274308922295186,
            46.57363283988461
          ],
          [
            10.27329777035624,
            46.57408048443043
          ],
          [
            10.27283255767092,
            46.57430286047695
          ],
          [
            10.272669189027722,
            46.57433756467112
          ],
          [
            10.27255078701171,
            46.57443351015177
          ],
          [
            10.272421413178375,
            46.57445361240845
          ],
          [
            10.27237844333227,
            46.57448427121802
          ],
          [
            10.272424838101447,
            46.574516969502085
          ],
          [
            10.272363717172611,
            46.57462420622538
          ],
          [
            10.27230126156515,
            46.574643711717044
          ],
          [
            10.27227776361302,
            46.57470369811292
          ],
          [
            10.272190954157217,
            46.57499178459659
          ],
          [
            10.27224345218099,
            46.57525526388389
          ],
          [
            10.272203860383883,
            46.57541167013496
          ],
          [
            10.271969576375527,
            46.57563334593301
          ],
          [
            10.272044463571433,
            46.57595242762
          ],
          [
            10.27185992199033,
            46.57600168242446
          ],
          [
            10.271831969235325,
            46.57608802801221
          ],
          [
            10.271548827928562,
            46.576248296906826
          ],
          [
            10.271367007964354,
            46.57644096661814
          ],
          [
            10.271260255942298,
            46.57644895494747
          ],
          [
            10.271136882620873,
            46.576629546471985
          ],
          [
            10.27085958643755,
            46.576644816176724
          ],
          [
            10.270739243298705,
            46.576704856008995
          ],
          [
            10.270327520577139,
            46.57705862436183
          ],
          [
            10.269992918832832,
            46.57715671028993
          ],
          [
            10.269817225388765,
            46.57727309030602
          ],
          [
            10.269741864052186,
            46.577434607767934
          ],
          [
            10.269534430802318,
            46.5776638458556
          ],
          [
            10.269386072664693,
            46.57766010410353
          ],
          [
            10.269335971904823,
            46.577693270553354
          ],
          [
            10.268844665778962,
            46.57738364386571
          ],
          [
            10.268011679530344,
            46.57712385248175
          ],
          [
            10.26765591554059,
            46.57711669982738
          ],
          [
            10.26736117814508,
            46.57701348556022
          ],
          [
            10.267285093413946,
            46.577028565464126
          ],
          [
            10.266853158042384,
            46.57686188203331
          ],
          [
            10.266409065310484,
            46.57679090581023
          ],
          [
            10.266055936431115,
            46.57686404767068
          ],
          [
            10.265519803011568,
            46.57688669439159
          ],
          [
            10.26533430805121,
            46.57694833907724
          ],
          [
            10.265278871023659,
            46.577002564729
          ],
          [
            10.264984715447586,
            46.576991783868486
          ],
          [
            10.264782993078311,
            46.57704942027493
          ],
          [
            10.264646330956781,
            46.57698843852336
          ],
          [
            10.264375667193912,
            46.577062730015676
          ],
          [
            10.263818712399459,
            46.57714711391766
          ],
          [
            10.263647112266527,
            46.57693984343561
          ],
          [
            10.263557042878647,
            46.57675073744058
          ],
          [
            10.262327025059955,
            46.576016212001946
          ],
          [
            10.261957104243496,
            46.575744021875636
          ],
          [
            10.261493672294307,
            46.57560583424561
          ],
          [
            10.261071746212885,
            46.57558630658719
          ],
          [
            10.260972481377626,
            46.57554116197682
          ],
          [
            10.260728650792563,
            46.5755210288705
          ],
          [
            10.260703994895177,
            46.57536250447261
          ],
          [
            10.26014582769642,
            46.57504944257766
          ],
          [
            10.259110133191415,
            46.57410960026462
          ],
          [
            10.258860828794948,
            46.57408022862956
          ],
          [
            10.258333678067576,
            46.57408163697428
          ],
          [
            10.258062803257998,
            46.57403735209028
          ],
          [
            10.257660206409392,
            46.573848763173395
          ],
          [
            10.257040735048369,
            46.57328898361953
          ],
          [
            10.256340488538173,
            46.57306375117917
          ],
          [
            10.255010510157097,
            46.57195694442228
          ],
          [
            10.254705057740926,
            46.57158103226185
          ],
          [
            10.254134629041868,
            46.57124360946928
          ],
          [
            10.252711818029377,
            46.57154947073319
          ],
          [
            10.250737464445741,
            46.57274637661445
          ],
          [
            10.248885450536232,
            46.573552784596075
          ],
          [
            10.246471528824786,
            46.57458943163742
          ],
          [
            10.246072390894334,
            46.575006977719255
          ],
          [
            10.245668369753586,
            46.57611178946643
          ],
          [
            10.245382192519733,
            46.57697869175412
          ],
          [
            10.24524349635938,
            46.57724246182519
          ],
          [
            10.245019764642263,
            46.57749160590235
          ],
          [
            10.244672283906024,
            46.57755795214912
          ],
          [
            10.244362417339598,
            46.577774862167345
          ],
          [
            10.244157347422032,
            46.5780499359091
          ],
          [
            10.244215584155032,
            46.578168991292
          ],
          [
            10.244214874606259,
            46.57840436745302
          ],
          [
            10.244546161070511,
            46.57891478875338
          ],
          [
            10.244708414573397,
            46.57926423251897
          ],
          [
            10.24470688832658,
            46.57942271220784
          ],
          [
            10.244757533270752,
            46.57951491460869
          ],
          [
            10.244750336249522,
            46.57973415843004
          ],
          [
            10.24453267107696,
            46.58060099608355
          ],
          [
            10.244190374933954,
            46.58119028153592
          ],
          [
            10.244032203737182,
            46.5815973186968
          ],
          [
            10.24394767855327,
            46.582028876794546
          ],
          [
            10.243920341443285,
            46.58251897310348
          ],
          [
            10.243820812634047,
            46.58275199810438
          ],
          [
            10.243904317867903,
            46.583431404099905
          ],
          [
            10.243995381847796,
            46.58355828219687
          ],
          [
            10.244078429433506,
            46.58384313381817
          ],
          [
            10.244084510390167,
            46.58396434013162
          ],
          [
            10.24398891765832,
            46.58408582228288
          ],
          [
            10.243893503366104,
            46.58414659477952
          ],
          [
            10.243625836953905,
            46.584473339410756
          ],
          [
            10.243271208234418,
            46.58463985255216
          ],
          [
            10.243034548361628,
            46.584802366353124
          ],
          [
            10.242854569648646,
            46.58513593892407
          ],
          [
            10.242904029238995,
            46.58550198356564
          ],
          [
            10.242983272782762,
            46.58571280353025
          ],
          [
            10.242843450094735,
            46.58624369457812
          ],
          [
            10.242912802527421,
            46.58638035330601
          ],
          [
            10.242901481182175,
            46.58646941280837
          ],
          [
            10.242826302035835,
            46.58662665687887
          ],
          [
            10.242695308833671,
            46.58667341724334
          ],
          [
            10.242686419254508,
            46.587193716512
          ],
          [
            10.242670296239094,
            46.58757079357448
          ],
          [
            10.242494104703962,
            46.58786760034817
          ],
          [
            10.242457207416171,
            46.58802038976753
          ],
          [
            10.242309459286252,
            46.58812806972036
          ],
          [
            10.24216652745352,
            46.588127731577046
          ],
          [
            10.241914424901037,
            46.58846085669417
          ],
          [
            10.241781235820856,
            46.58882995420869
          ],
          [
            10.241560421775837,
            46.588974431140414
          ],
          [
            10.241514379373044,
            46.58904206777614
          ],
          [
            10.24153165036464,
            46.58950609355036
          ],
          [
            10.241680512916007,
            46.58993169900415
          ],
          [
            10.24161070384509,
            46.5900574489896
          ],
          [
            10.241748256722506,
            46.590485232395125
          ],
          [
            10.241923213359112,
            46.59069309104414
          ],
          [
            10.242035047965407,
            46.59073970696246
          ],
          [
            10.242176183548153,
            46.590961810891656
          ],
          [
            10.242105867518296,
            46.59119057606807
          ],
          [
            10.241933843176874,
            46.59135703834236
          ],
          [
            10.24183974235517,
            46.591599531491354
          ],
          [
            10.242194345272674,
            46.591964257227126
          ],
          [
            10.242080794784346,
            46.59210741405829
          ],
          [
            10.242062968205406,
            46.59219571557771
          ],
          [
            10.242370107486815,
            46.59234762172825
          ],
          [
            10.242370258645785,
            46.59261057433526
          ],
          [
            10.242414069600244,
            46.592685906805826
          ],
          [
            10.242387013113902,
            46.59280066582595
          ],
          [
            10.242650661165232,
            46.592969161704076
          ],
          [
            10.242976494202408,
            46.59331792406809
          ],
          [
            10.243154918186075,
            46.59339277271384
          ],
          [
            10.243185276425846,
            46.593481092522225
          ],
          [
            10.243348034083004,
            46.59355220455012
          ],
          [
            10.243161490220455,
            46.59367924062315
          ],
          [
            10.243153344261204,
            46.59373338655899
          ],
          [
            10.24307865074241,
            46.59375470714317
          ],
          [
            10.24308880629833,
            46.59392401514836
          ],
          [
            10.24322680565691,
            46.59405875625721
          ],
          [
            10.243448918975254,
            46.59414232071483
          ],
          [
            10.243729800814684,
            46.594203390293806
          ],
          [
            10.24386710126912,
            46.594278829011245
          ],
          [
            10.244245077058086,
            46.59432571094042
          ],
          [
            10.244460135225077,
            46.594576674658626
          ],
          [
            10.24454647824748,
            46.59459009007663
          ],
          [
            10.244810974839018,
            46.594873471673814
          ],
          [
            10.245019720526985,
            46.59498163964758
          ],
          [
            10.245098701595904,
            46.595179935124186
          ],
          [
            10.245441243366669,
            46.59538946891198
          ],
          [
            10.245499121078028,
            46.5956513124029
          ],
          [
            10.245782069750378,
            46.596121320867915
          ],
          [
            10.246095157551467,
            46.59646755429381
          ],
          [
            10.246111942401122,
            46.59655387711733
          ],
          [
            10.24634705197067,
            46.59667441713718
          ],
          [
            10.246379557732537,
            46.59673380687503
          ],
          [
            10.24644486332113,
            46.59699699689081
          ],
          [
            10.24638441444276,
            46.59705679980919
          ],
          [
            10.24639012059839,
            46.5971646302716
          ],
          [
            10.246332429294732,
            46.59720688444869
          ],
          [
            10.246387631242621,
            46.5973258520614
          ],
          [
            10.246332881629657,
            46.59735435155658
          ],
          [
            10.246455314063493,
            46.597575967433485
          ],
          [
            10.24645622346234,
            46.59766812791066
          ],
          [
            10.246363241430073,
            46.59783570598793
          ],
          [
            10.24648555457522,
            46.597974566298895
          ],
          [
            10.246693557533337,
            46.59798997286836
          ],
          [
            10.246745034648375,
            46.59802389742193
          ],
          [
            10.246917500563537,
            46.59839358330092
          ],
          [
            10.247288630645652,
            46.59879637673563
          ],
          [
            10.24726069853232,
            46.59903110180994
          ],
          [
            10.247742279536443,
            46.59953270219625
          ],
          [
            10.24792242178853,
            46.59965439868029
          ],
          [
            10.247896492369724,
            46.59981153674388
          ],
          [
            10.248030824086984,
            46.59996915466461
          ],
          [
            10.248044488499723,
            46.6001581609011
          ],
          [
            10.248240285427611,
            46.60039052016727
          ],
          [
            10.248253129743434,
            46.60049440273613
          ],
          [
            10.248387258089624,
            46.60066413215507
          ],
          [
            10.2486310624648,
            46.60077086116669
          ],
          [
            10.248696738367421,
            46.60092533154822
          ],
          [
            10.248932083043986,
            46.601188793707365
          ],
          [
            10.249388161065292,
            46.60150847016083
          ],
          [
            10.249843437931634,
            46.60169740179761
          ],
          [
            10.250136383189393,
            46.60186995561194
          ],
          [
            10.250622988418032,
            46.601980680187275
          ],
          [
            10.250835175750659,
            46.602083451521885
          ],
          [
            10.251124102072314,
            46.6022956183077
          ],
          [
            10.251267928347398,
            46.602485556009235
          ],
          [
            10.251708221938367,
            46.603299861636394
          ],
          [
            10.251907582714143,
            46.60346066514436
          ],
          [
            10.251953030962932,
            46.603602645148634
          ],
          [
            10.252310144522907,
            46.60383162979452
          ],
          [
            10.252529277908309,
            46.60405957064256
          ],
          [
            10.25251025107258,
            46.60426001591689
          ],
          [
            10.252419787754887,
            46.60430752134753
          ],
          [
            10.252410895836107,
            46.604416423929564
          ],
          [
            10.252312662948821,
            46.60450208924794
          ],
          [
            10.252337021785227,
            46.60477678497157
          ],
          [
            10.252433816566542,
            46.60493037586998
          ],
          [
            10.252560544739822,
            46.605070138318496
          ],
          [
            10.252802492362594,
            46.605122104575834
          ],
          [
            10.253067940261587,
            46.60548159725706
          ],
          [
            10.25378475405306,
            46.606273554640126
          ],
          [
            10.254490202260241,
            46.60672668005715
          ],
          [
            10.254471075258067,
            46.606817302339586
          ],
          [
            10.254380728303548,
            46.60689466397205
          ],
          [
            10.254432286430179,
            46.60696823445551
          ],
          [
            10.254623427216595,
            46.60708241192535
          ],
          [
            10.254691684850377,
            46.60719296072742
          ],
          [
            10.255055915552411,
            46.60729568796395
          ],
          [
            10.255228209454636,
            46.60761630081065
          ],
          [
            10.255365938024568,
            46.60782752018175
          ],
          [
            10.255533879355436,
            46.60798789864302
          ],
          [
            10.255605817004936,
            46.608141922577765
          ],
          [
            10.25568052033685,
            46.60828034159726
          ],
          [
            10.255706638657601,
            46.60837646884781
          ],
          [
            10.256286255802408,
            46.60841849158726
          ],
          [
            10.256572147325105,
            46.608512280629405
          ],
          [
            10.25676050529601,
            46.608621239850365
          ],
          [
            10.257073473807845,
            46.6086581612811
          ],
          [
            10.257483679853376,
            46.609022240922535
          ],
          [
            10.257725946696295,
            46.609164257335834
          ],
          [
            10.257959833188412,
            46.60940072557236
          ],
          [
            10.258492040367983,
            46.60943955550793
          ],
          [
            10.258921688612721,
            46.60978368743722
          ],
          [
            10.259046856899962,
            46.60996658969447
          ],
          [
            10.259084698388033,
            46.61021586363508
          ],
          [
            10.258889993217297,
            46.610442214551774
          ],
          [
            10.254127712494666,
            46.613983915237384
          ],
          [
            10.244788061708697,
            46.62216714970304
          ]
        ]
      }
    }
  ]
}