{
  "type": "FeatureCollection",
  "features": [
    {
      "type": "Feature",
      "properties": {
        "source": "swisstopo swissBOUNDARIES3D",
        "source:date": "2026-01-01"
      },
      "geometry": {
        "type": "LineString",
        "coordinates": [
          [
            9.804992497400242,
            46.83284056081947
          ],
          [
            9.805250882735438,
            46.83304846050643
          ],
          [
            9.80558422486875,
            46.83318179452728
          ],
          [
            9.806220251291863,
            46.833314535227416
          ],
          [
            9.806469237327912,
            46.83336168990999
          ],
          [
            9.80687706797083,
            46.83918358313738
          ],
          [
            9.808048224106605,
            46.83960844275587
          ],
          [
            9.8089763314919,
            46.83989647374335
          ],
          [
            9.80956475940344,
            46.840594162253616
          ],
          [
            9.809984812690061,
            46.841342984836594
          ],
          [
            9.810385551350944,
            46.84223298525772
          ],
          [
            9.811174835260886,
            46.842905619053916
          ],
          [
            9.811032626336143,
            46.843221949967194
          ],
          [
            9.81108011058233,
            46.84337794171537
          ],
          [
            9.811035661113857,
            46.84381999944212
          ],
          [
            9.810731877119805,
            46.844104594775246
          ],
          [
            9.81073445505127,
            46.84457870419761
          ],
          [
            9.810575656378512,
            46.84493332929384
          ],
          [
            9.811060550801523,
            46.84565533434886
          ],
          [
            9.811254254721272,
            46.84639096008839
          ],
          [
            9.81134713537943,
            46.847318134899076
          ],
          [
            9.811609992070544,
            46.84792951808124
          ],
          [
            9.811810282288024,
            46.84839539180634
          ],
          [
            9.812536127979117,
            46.84940559029728
          ],
          [
            9.812745398304505,
            46.850330013889206
          ],
          [
            9.813233475616242,
            46.85099515813203
          ],
          [
            9.813395242751639,
            46.85150244416254
          ],
          [
            9.813247152572206,
            46.85237942091896
          ],
          [
            9.81464788359904,
            46.85403831403739
          ],
          [
            9.815823687890292,
            46.85559242657203
          ],
          [
            9.816527847619652,
            46.856905578701905
          ],
          [
            9.819027150654604,
            46.857570524654776
          ],
          [
            9.823436850690543,
            46.858148775237765
          ],
          [
            9.823728415993216,
            46.8583274428958
          ],
          [
            9.824232668813979,
            46.85845531553638
          ],
          [
            9.824365688711985,
            46.85848905057015
          ],
          [
            9.824788831862895,
            46.85879776601616
          ],
          [
            9.825056913509599,
            46.85887837629794
          ],
          [
            9.825330287758218,
            46.85901024450117
          ],
          [
            9.826566437950843,
            46.85916031699852
          ],
          [
            9.82820875313578,
            46.85939828095475
          ],
          [
            9.82850452319202,
            46.859438958810046
          ],
          [
            9.828907815617445,
            46.85943929305797
          ],
          [
            9.829517705042802,
            46.859627039669626
          ],
          [
            9.8295689185439,
            46.85964401260894
          ],
          [
            9.829623655559095,
            46.85965465718751
          ],
          [
            9.829680236204958,
            46.85965866655312
          ],
          [
            9.829736975080447,
            46.85965590496246
          ],
          [
            9.829798206092361,
            46.8596449948413
          ],
          [
            9.829855269415742,
            46.85962621630576
          ],
          [
            9.829905992514464,
            46.859600280766024
          ],
          [
            9.82994852903967,
            46.85956815379811
          ],
          [
            9.83005492116389,
            46.859457259456974
          ],
          [
            9.830169421648852,
            46.859350218162476
          ],
          [
            9.830291755295324,
            46.859247332630495
          ],
          [
            9.830421579375725,
            46.859148861991876
          ],
          [
            9.830552316686035,
            46.859059137597804
          ],
          [
            9.830689274627835,
            46.858973890628825
          ],
          [
            9.830832161329054,
            46.85889334315827
          ],
          [
            9.830980577265793,
            46.858817656516294
          ],
          [
            9.83107550631968,
            46.858793648196276
          ],
          [
            9.831166129983865,
            46.85876280928293
          ],
          [
            9.831251413630135,
            46.85872547642166
          ],
          [
            9.831330365960564,
            46.85868207534864
          ],
          [
            9.831405199980617,
            46.858630741859294
          ],
          [
            9.831471172703365,
            46.85857397810155
          ],
          [
            9.831527449043756,
            46.858512476532546
          ],
          [
            9.831573277772664,
            46.85844704484751
          ],
          [
            9.831672124874842,
            46.858215920453894
          ],
          [
            9.831700628564866,
            46.85816272170512
          ],
          [
            9.831739520213477,
            46.858112707307555
          ],
          [
            9.831788028744937,
            46.858066829339876
          ],
          [
            9.831845287742572,
            46.858025960880155
          ],
          [
            9.831915678878737,
            46.85798832727906
          ],
          [
            9.831993464860535,
            46.857958260392635
          ],
          [
            9.832076865707057,
            46.85793644543656
          ],
          [
            9.832164066034217,
            46.857923361383605
          ],
          [
            9.833059208358442,
            46.85791863757895
          ],
          [
            9.83397593017468,
            46.8577836366704
          ],
          [
            9.834489973625633,
            46.85780182527473
          ],
          [
            9.83585679289271,
            46.85795064268844
          ],
          [
            9.836649919509037,
            46.85800713877132
          ],
          [
            9.837177582872924,
            46.858090609177616
          ],
          [
            9.839910833115324,
            46.85852294030681
          ],
          [
            9.840768358413788,
            46.85812683676689
          ],
          [
            9.841691710383335,
            46.85797197036628
          ],
          [
            9.843891604663645,
            46.85872182446581
          ],
          [
            9.844895601030904,
            46.85881967072419
          ],
          [
            9.84665091168419,
            46.85885695773394
          ],
          [
            9.847001857674679,
            46.85891069006842
          ],
          [
            9.847596642568158,
            46.85900177043245
          ],
          [
            9.847872238711844,
            46.85904397549301
          ],
          [
            9.84930459905655,
            46.858626241756774
          ],
          [
            9.849423243022418,
            46.85850655655994
          ],
          [
            9.851611350720827,
            46.85629893865119
          ],
          [
            9.85459250475205,
            46.85529171948216
          ],
          [
            9.85694516381171,
            46.85519823538688
          ],
          [
            9.857966078353995,
            46.854786581796695
          ],
          [
            9.858465141481146,
            46.85495272568867
          ],
          [
            9.858573499479858,
            46.85501679494071
          ],
          [
            9.858709275992496,
            46.85505431978478
          ],
          [
            9.858888681826233,
            46.85498881126805
          ],
          [
            9.858960958176313,
            46.85497170269502
          ],
          [
            9.859106359852008,
            46.85495052585745
          ],
          [
            9.859333701254487,
            46.85498472519934
          ],
          [
            9.859413096811815,
            46.85497539423293
          ],
          [
            9.859527405845538,
            46.854904351506754
          ],
          [
            9.859572899866265,
            46.85484453962157
          ],
          [
            9.859602522576859,
            46.854774291317156
          ],
          [
            9.859651064454036,
            46.85473527593309
          ],
          [
            9.859710112714192,
            46.85470933942665
          ],
          [
            9.859918131096245,
            46.85463776947997
          ],
          [
            9.86011641437555,
            46.85459941592186
          ],
          [
            9.860157162086951,
            46.854598264770935
          ],
          [
            9.860951093034755,
            46.85478690504409
          ],
          [
            9.861678979263258,
            46.85426668138057
          ],
          [
            9.863004006107312,
            46.85417630106803
          ],
          [
            9.86336598579681,
            46.853976220615415
          ],
          [
            9.864528606396155,
            46.85379621109605
          ],
          [
            9.865263156963927,
            46.853560012323875
          ],
          [
            9.866189010482165,
            46.85360352257939
          ],
          [
            9.866696806780434,
            46.85357099452352
          ],
          [
            9.86689018205922,
            46.85356737286437
          ],
          [
            9.867464008486976,
            46.853561103588234
          ],
          [
            9.867550400429128,
            46.8534813310837
          ],
          [
            9.86764774420363,
            46.85337071802633
          ],
          [
            9.868147108049858,
            46.85291216677911
          ],
          [
            9.868916882432897,
            46.85255577900817
          ],
          [
            9.869401293436846,
            46.852443756045425
          ],
          [
            9.870515795852485,
            46.852228583112115
          ],
          [
            9.8708875308127,
            46.85217900549735
          ],
          [
            9.871212450182572,
            46.85153273813645
          ],
          [
            9.87139584294325,
            46.85104452786179
          ],
          [
            9.871804930706878,
            46.85057789105437
          ],
          [
            9.871927620237411,
            46.85043659462411
          ],
          [
            9.87228434683408,
            46.85012657560039
          ],
          [
            9.872687485695774,
            46.84994426214796
          ],
          [
            9.872690778344879,
            46.84987090780948
          ],
          [
            9.872696824716444,
            46.84973606315668
          ],
          [
            9.872709950160338,
            46.849573285801824
          ],
          [
            9.87286233303354,
            46.849505333121876
          ],
          [
            9.873071295838914,
            46.849411957093785
          ],
          [
            9.873766630747719,
            46.84926956620847
          ],
          [
            9.8739914091336,
            46.84892982766365
          ],
          [
            9.87440640863883,
            46.84866705006081
          ],
          [
            9.875043781791023,
            46.848518659554244
          ],
          [
            9.875702334421531,
            46.84837949747831
          ],
          [
            9.8757398995829,
            46.84835887023551
          ],
          [
            9.876269117785352,
            46.84806813603117
          ],
          [
            9.87654603240329,
            46.84773222085259
          ],
          [
            9.876952538356324,
            46.847188428733205
          ],
          [
            9.877065209048514,
            46.846982821303534
          ],
          [
            9.877221577223652,
            46.846486482745384
          ],
          [
            9.877400266220103,
            46.84602513534447
          ],
          [
            9.877556167137861,
            46.84573795871249
          ],
          [
            9.877726973136028,
            46.84535977392953
          ],
          [
            9.87782603189052,
            46.845173769359306
          ],
          [
            9.877792811401546,
            46.84505667247948
          ],
          [
            9.877895553624178,
            46.8449308150997
          ],
          [
            9.877878526863041,
            46.84484137964216
          ],
          [
            9.877850938039101,
            46.84465147213117
          ],
          [
            9.877823168373027,
            46.84448303271948
          ],
          [
            9.877828666456889,
            46.844423769451836
          ],
          [
            9.877849594838079,
            46.844198258674936
          ],
          [
            9.877838598587068,
            46.84411424730829
          ],
          [
            9.877815101181351,
            46.84393530407172
          ],
          [
            9.877876554874701,
            46.84344584054177
          ],
          [
            9.877893544788243,
            46.843175127347
          ],
          [
            9.877945416358171,
            46.84293001172079
          ],
          [
            9.877889970337641,
            46.842874074117134
          ],
          [
            9.87760568114492,
            46.84258589667383
          ],
          [
            9.877465303981777,
            46.84244359242677
          ],
          [
            9.877407081402804,
            46.84232463505826
          ],
          [
            9.877117667187932,
            46.841733384452056
          ],
          [
            9.877423456250385,
            46.84159060418333
          ],
          [
            9.877528004202206,
            46.841542042726616
          ],
          [
            9.877688623142685,
            46.841467472375186
          ],
          [
            9.877720710596433,
            46.841452568051736
          ],
          [
            9.87777001088832,
            46.841429673614606
          ],
          [
            9.877897089303364,
            46.84137065928539
          ],
          [
            9.878267958717121,
            46.841198471534035
          ],
          [
            9.878384634522732,
            46.84108794847931
          ],
          [
            9.87994683648302,
            46.839608120036665
          ],
          [
            9.880531868529566,
            46.83867226938752
          ],
          [
            9.880663410519038,
            46.83846183537445
          ],
          [
            9.881010182807547,
            46.83791047343377
          ],
          [
            9.881247562390048,
            46.83749240327475
          ],
          [
            9.881845290742419,
            46.836403908159774
          ],
          [
            9.882304313211137,
            46.83565738570113
          ],
          [
            9.882605344567489,
            46.835156773524794
          ],
          [
            9.883017764352642,
            46.83442438392066
          ],
          [
            9.884265852810325,
            46.832245943900915
          ],
          [
            9.884893866435721,
            46.83164113754859
          ],
          [
            9.885411774268523,
            46.82927843686453
          ],
          [
            9.886040993437414,
            46.82630947428675
          ],
          [
            9.889586324498891,
            46.82233659842008
          ],
          [
            9.889753538641628,
            46.82235635626845
          ],
          [
            9.89009699302983,
            46.82248120225224
          ],
          [
            9.890337145713305,
            46.82246671597425
          ],
          [
            9.891252598605904,
            46.82224528261293
          ],
          [
            9.891645529510853,
            46.822037366516064
          ],
          [
            9.892032586931311,
            46.82191553189337
          ],
          [
            9.892463411429913,
            46.82188899034992
          ],
          [
            9.89276914437661,
            46.821936664613496
          ],
          [
            9.893163081536454,
            46.82185823718353
          ],
          [
            9.893321317506091,
            46.82143758994738
          ],
          [
            9.89363724406923,
            46.821287947817154
          ],
          [
            9.894185795015959,
            46.82089286684846
          ],
          [
            9.8949414462235,
            46.82066210308855
          ],
          [
            9.895386329268467,
            46.82047472792877
          ],
          [
            9.89687120183994,
            46.81992999561858
          ],
          [
            9.897340057164396,
            46.81956018399585
          ],
          [
            9.897778552725585,
            46.819349015153634
          ],
          [
            9.898218653715555,
            46.81939199108362
          ],
          [
            9.898762064589304,
            46.8192671173629
          ],
          [
            9.899116449316555,
            46.819325282444915
          ],
          [
            9.899839430533909,
            46.81905043298456
          ],
          [
            9.900153917476159,
            46.81886081700405
          ],
          [
            9.900335102173807,
            46.818856804714535
          ],
          [
            9.900604947796955,
            46.819013804748
          ],
          [
            9.901489724071668,
            46.81879911308467
          ],
          [
            9.90167382535987,
            46.81878205806735
          ],
          [
            9.901761074398133,
            46.81878005083949
          ],
          [
            9.90202440923921,
            46.818647142257035
          ],
          [
            9.902340024345945,
            46.818613588355504
          ],
          [
            9.90252401768294,
            46.81854263442879
          ],
          [
            9.902715116825094,
            46.81855389316533
          ],
          [
            9.903056885141858,
            46.818465909261505
          ],
          [
            9.903505243696431,
            46.81842327841608
          ],
          [
            9.903963754998836,
            46.81838564657656
          ],
          [
            9.904087360946432,
            46.8183324629596
          ],
          [
            9.904257749339811,
            46.81833292532856
          ],
          [
            9.904239721096772,
            46.818201791165244
          ],
          [
            9.904307064517635,
            46.817872834350354
          ],
          [
            9.904344750178831,
            46.81766891308183
          ],
          [
            9.904451479461915,
            46.81758620491692
          ],
          [
            9.904834478571262,
            46.81748037881445
          ],
          [
            9.905057015999876,
            46.8175704052192
          ],
          [
            9.90527554799965,
            46.81746255768052
          ],
          [
            9.905773005230692,
            46.81734637293892
          ],
          [
            9.906418285644035,
            46.817011923807776
          ],
          [
            9.906635394683507,
            46.817026132913355
          ],
          [
            9.907062607765878,
            46.81666904071384
          ],
          [
            9.907227611569104,
            46.816484146459594
          ],
          [
            9.907489484261747,
            46.81619067236147
          ],
          [
            9.908603325875045,
            46.815572658217256
          ],
          [
            9.909237089949249,
            46.815326315662176
          ],
          [
            9.909358018705738,
            46.81526161917006
          ],
          [
            9.909746550286961,
            46.814945294113066
          ],
          [
            9.910379976821273,
            46.81477295791727
          ],
          [
            9.91091931047741,
            46.81442613177186
          ],
          [
            9.911169109809315,
            46.81406052406747
          ],
          [
            9.911304099740628,
            46.81408887641181
          ],
          [
            9.91157507435967,
            46.81409587994426
          ],
          [
            9.912608775329677,
            46.81390245360776
          ],
          [
            9.913159317979991,
            46.813893534017616
          ],
          [
            9.913740449061645,
            46.81374585519138
          ],
          [
            9.91396104636358,
            46.81372696308339
          ],
          [
            9.914317862432636,
            46.81363655730503
          ],
          [
            9.914813180539614,
            46.813582468338105
          ],
          [
            9.915081270221226,
            46.813468369941724
          ],
          [
            9.915154449856079,
            46.81333225341441
          ],
          [
            9.915547573548073,
            46.81313556909869
          ],
          [
            9.915910462452223,
            46.81300549010654
          ],
          [
            9.916211389123001,
            46.81290572452435
          ],
          [
            9.916839100595814,
            46.812644340781084
          ],
          [
            9.91728493378628,
            46.812485737020715
          ],
          [
            9.917729328804006,
            46.8123628561618
          ],
          [
            9.91824397944052,
            46.81229535456066
          ],
          [
            9.918840308163094,
            46.81201895393663
          ],
          [
            9.919264318639748,
            46.81190247649317
          ],
          [
            9.91961225121709,
            46.81176139732079
          ],
          [
            9.920411390457796,
            46.811511866280306
          ],
          [
            9.920838008417068,
            46.81135258572521
          ],
          [
            9.921067457346386,
            46.811246170380656
          ],
          [
            9.921931642019684,
            46.8110219713041
          ],
          [
            9.92342837837203,
            46.81075422542052
          ],
          [
            9.92377868824247,
            46.81069087650987
          ],
          [
            9.924651232271186,
            46.810693838944076
          ],
          [
            9.924943054415989,
            46.81062943746944
          ],
          [
            9.925694839059833,
            46.810626074687846
          ],
          [
            9.92622148388569,
            46.81068593001505
          ],
          [
            9.926664037867075,
            46.81068505641741
          ],
          [
            9.926840810715523,
            46.81076260070295
          ],
          [
            9.927165142139637,
            46.81064407983493
          ],
          [
            9.927496934583663,
            46.810579799878376
          ],
          [
            9.927748354746706,
            46.81047914690851
          ],
          [
            9.92814440846667,
            46.81040591363759
          ],
          [
            9.92853022198535,
            46.81024052710266
          ],
          [
            9.928858438975157,
            46.81014012338931
          ],
          [
            9.92938875275209,
            46.80989961089951
          ],
          [
            9.92975216488121,
            46.8098230697772
          ],
          [
            9.93016833538984,
            46.80967851618592
          ],
          [
            9.93059013880126,
            46.809617195395184
          ],
          [
            9.9308002211479,
            46.80962901841724
          ],
          [
            9.931516303839226,
            46.80948617720709
          ],
          [
            9.93258846571278,
            46.80896553357977
          ],
          [
            9.933612905022704,
            46.809141544750204
          ],
          [
            9.935398191851702,
            46.809867390993766
          ],
          [
            9.935763569619816,
            46.81009228556141
          ],
          [
            9.93624199810358,
            46.81004818268259
          ],
          [
            9.936704458441847,
            46.8100712876102
          ],
          [
            9.937256926916016,
            46.8102267008194
          ],
          [
            9.937869817494342,
            46.81010936889887
          ],
          [
            9.938030003037776,
            46.810132827466326
          ],
          [
            9.938248686657,
            46.81005397216444
          ],
          [
            9.938475443727356,
            46.81007758414596
          ],
          [
            9.938678962040786,
            46.810139918144536
          ],
          [
            9.938878700009337,
            46.81023205238164
          ],
          [
            9.939147364261455,
            46.81030389440236
          ],
          [
            9.939420411154746,
            46.81044495747967
          ],
          [
            9.939731397313096,
            46.81046415777256
          ],
          [
            9.940474240521983,
            46.810651431533344
          ],
          [
            9.940841853847939,
            46.81086263551308
          ],
          [
            9.941091549767027,
            46.81104038613551
          ],
          [
            9.941991923147016,
            46.81147497365
          ],
          [
            9.942188658600491,
            46.81167454665758
          ],
          [
            9.942422995766837,
            46.81171861274956
          ],
          [
            9.94311833987629,
            46.811728486802586
          ],
          [
            9.944001679172743,
            46.81187895259402
          ],
          [
            9.94451630456094,
            46.81192735097492
          ],
          [
            9.944841387969776,
            46.81199120114772
          ],
          [
            9.945215063313933,
            46.81213606379002
          ],
          [
            9.94552791191825,
            46.812284798291266
          ],
          [
            9.946056042876997,
            46.81260391864667
          ],
          [
            9.946417401219051,
            46.81274957889671
          ],
          [
            9.947293333437832,
            46.81299960517178
          ],
          [
            9.947519573101733,
            46.81269612468071
          ],
          [
            9.947938152107577,
            46.812451850164756
          ],
          [
            9.948049760932124,
            46.81211292484496
          ],
          [
            9.948073972623607,
            46.811315318457545
          ],
          [
            9.947767947568385,
            46.8108309306379
          ],
          [
            9.947835710991587,
            46.81045329668123
          ],
          [
            9.947869393007721,
            46.81011000834021
          ],
          [
            9.947970493469604,
            46.80979855670631
          ],
          [
            9.9480828618049,
            46.80919902883391
          ],
          [
            9.948185234257364,
            46.80886796498667
          ],
          [
            9.948056787047863,
            46.80884179830281
          ],
          [
            9.948270438604839,
            46.80834493052275
          ],
          [
            9.948440219743848,
            46.808102105980126
          ],
          [
            9.948466324398929,
            46.80790203857085
          ],
          [
            9.948522630236061,
            46.80771492442531
          ],
          [
            9.948532008727014,
            46.80739816169336
          ],
          [
            9.948602154851011,
            46.80718544434448
          ],
          [
            9.948598830214735,
            46.80705310955437
          ],
          [
            9.948525963902066,
            46.806934435058125
          ],
          [
            9.948254108538983,
            46.80675890639904
          ],
          [
            9.947772818714173,
            46.80613355121881
          ],
          [
            9.947411170357107,
            46.805941975452825
          ],
          [
            9.947307342830129,
            46.80574271949655
          ],
          [
            9.947115382900044,
            46.805761236979066
          ],
          [
            9.946938035815403,
            46.805774933200226
          ],
          [
            9.946753769158569,
            46.805577614455174
          ],
          [
            9.946520946562668,
            46.805416146659525
          ],
          [
            9.946378883532555,
            46.80522464156176
          ],
          [
            9.945939271040608,
            46.805050784276744
          ],
          [
            9.94572174800817,
            46.80494249294057
          ],
          [
            9.945635441296735,
            46.80488402470378
          ],
          [
            9.945597856122754,
            46.80481068091873
          ],
          [
            9.945570653094965,
            46.80439447089347
          ],
          [
            9.945452791279793,
            46.80427080635287
          ],
          [
            9.945359654294066,
            46.804116269054234
          ],
          [
            9.945263383461853,
            46.8038932746111
          ],
          [
            9.945089577803117,
            46.80359970299007
          ],
          [
            9.945159144687254,
            46.80338984454072
          ],
          [
            9.945153942626568,
            46.80323641901998
          ],
          [
            9.944872322477735,
            46.80291239950114
          ],
          [
            9.944880068411518,
            46.802735271862545
          ],
          [
            9.944837742736249,
            46.80245639130715
          ],
          [
            9.944996968435289,
            46.80231800506988
          ],
          [
            9.9449910076746,
            46.80198691851355
          ],
          [
            9.944915934897276,
            46.80178841553192
          ],
          [
            9.945076132716434,
            46.801541998978415
          ],
          [
            9.945378303281686,
            46.80096604527297
          ],
          [
            9.9456420604279,
            46.80081081933057
          ],
          [
            9.945907027590467,
            46.80062334621651
          ],
          [
            9.946463421679711,
            46.80051358664921
          ],
          [
            9.947716742165131,
            46.7995568868394
          ],
          [
            9.94811853782683,
            46.799320276717516
          ],
          [
            9.94844999683903,
            46.799029231059315
          ],
          [
            9.948985650267502,
            46.79864003250315
          ],
          [
            9.949421268987221,
            46.79836090490093
          ],
          [
            9.950135368094047,
            46.79771714458495
          ],
          [
            9.950547388987008,
            46.797529719474014
          ],
          [
            9.951570011089572,
            46.79691089618362
          ],
          [
            9.952325878639318,
            46.79633102894652
          ],
          [
            9.953093819012093,
            46.79626072361142
          ],
          [
            9.953837324035197,
            46.79609180706625
          ],
          [
            9.954885029914287,
            46.79595314546477
          ],
          [
            9.955232380113275,
            46.79578238291833
          ],
          [
            9.955790351557598,
            46.79572294173042
          ],
          [
            9.956817734724595,
            46.79568940753907
          ],
          [
            9.957557546139316,
            46.79546713256575
          ],
          [
            9.958308859169774,
            46.79545384079681
          ],
          [
            9.958764958206546,
            46.7952843033759
          ],
          [
            9.958791217302181,
            46.79449647204343
          ],
          [
            9.958837131344046,
            46.79360976428455
          ],
          [
            9.958416460958341,
            46.79319460668101
          ],
          [
            9.957985279264628,
            46.793162496386394
          ],
          [
            9.957582688190131,
            46.792998623128604
          ],
          [
            9.957433793812553,
            46.792117905882535
          ],
          [
            9.957305670806354,
            46.79169974637563
          ],
          [
            9.956791122868548,
            46.79145999493529
          ],
          [
            9.956624098983633,
            46.790971718432374
          ],
          [
            9.956252538885455,
            46.79043234990587
          ],
          [
            9.956446097321605,
            46.78986368904897
          ],
          [
            9.956278967543026,
            46.78976626819615
          ],
          [
            9.956418080045935,
            46.7895684845787
          ],
          [
            9.956922409184038,
            46.788440510169046
          ],
          [
            9.956912243605291,
            46.787803828264
          ],
          [
            9.957130818729263,
            46.787500682217306
          ],
          [
            9.95643586405651,
            46.786971220165846
          ],
          [
            9.956223092112081,
            46.78677874852112
          ],
          [
            9.955946874446605,
            46.786625448683594
          ],
          [
            9.95568964390565,
            46.786041743578814
          ],
          [
            9.955347483594567,
            46.78590913836853
          ],
          [
            9.955242338642652,
            46.78532393355817
          ],
          [
            9.955409242448889,
            46.78495219741779
          ],
          [
            9.955427203702973,
            46.784754457505805
          ],
          [
            9.955484887358217,
            46.784633755212575
          ],
          [
            9.955541290281491,
            46.78433114523625
          ],
          [
            9.955489368020109,
            46.783774566252085
          ],
          [
            9.956162149101031,
            46.782489833647624
          ],
          [
            9.95615239958502,
            46.78213712975883
          ],
          [
            9.95636109386724,
            46.7818707786546
          ],
          [
            9.956861375377372,
            46.78136538870138
          ],
          [
            9.957277638126918,
            46.78082013488733
          ],
          [
            9.957951687381145,
            46.78048894462468
          ],
          [
            9.958626132467572,
            46.780076488903035
          ],
          [
            9.95888965298615,
            46.7797914801647
          ],
          [
            9.959096369086177,
            46.77943544552886
          ],
          [
            9.958833198350499,
            46.77890035245453
          ],
          [
            9.958700707842782,
            46.778379428945605
          ],
          [
            9.958564641702909,
            46.77809176686157
          ],
          [
            9.958556475528967,
            46.777965640265535
          ],
          [
            9.958322439740849,
            46.777632773382784
          ],
          [
            9.958368789579573,
            46.777444269924125
          ],
          [
            9.958315847626984,
            46.77719128584528
          ],
          [
            9.958219727952946,
            46.77707277077988
          ],
          [
            9.958215747521892,
            46.776951528802606
          ],
          [
            9.958029933977672,
            46.77668687042923
          ],
          [
            9.958052005306827,
            46.776591567605436
          ],
          [
            9.957898590498425,
            46.77629216468426
          ],
          [
            9.957720362688665,
            46.776176766463124
          ],
          [
            9.95771029341268,
            46.775854399479954
          ],
          [
            9.957668770096694,
            46.7756749006491
          ],
          [
            9.957582459150055,
            46.77541585767563
          ],
          [
            9.957411883470556,
            46.775031989328546
          ],
          [
            9.957506398325938,
            46.774871412475854
          ],
          [
            9.957330288905117,
            46.77437501237454
          ],
          [
            9.957609120378468,
            46.77401026948008
          ],
          [
            9.958193208881342,
            46.77345897532111
          ],
          [
            9.958317415162803,
            46.77313621799778
          ],
          [
            9.958545385272648,
            46.77286817602558
          ],
          [
            9.958879959012839,
            46.77262204380811
          ],
          [
            9.959062451563653,
            46.77230433448451
          ],
          [
            9.959088919383554,
            46.771727664413696
          ],
          [
            9.959146353275457,
            46.77164269537637
          ],
          [
            9.959362434226103,
            46.771490609993386
          ],
          [
            9.959612462682822,
            46.7711407897029
          ],
          [
            9.960080410575829,
            46.77089079842744
          ],
          [
            9.960133841883058,
            46.77062407070582
          ],
          [
            9.960347606712874,
            46.77047134145093
          ],
          [
            9.960257079433717,
            46.77035852764835
          ],
          [
            9.960269252420634,
            46.7699348770233
          ],
          [
            9.96040165250159,
            46.76973836889846
          ],
          [
            9.960363594647966,
            46.769404631883305
          ],
          [
            9.960391628238389,
            46.76919814463774
          ],
          [
            9.96028258478547,
            46.769097152118654
          ],
          [
            9.960422041987428,
            46.76889390891417
          ],
          [
            9.960429577421486,
            46.76860852986568
          ],
          [
            9.960772228663869,
            46.768362491705744
          ],
          [
            9.961540546371086,
            46.76754692284297
          ],
          [
            9.962082528303334,
            46.7671988497146
          ],
          [
            9.96267996159088,
            46.76716536960313
          ],
          [
            9.963116872159931,
            46.76695117848653
          ],
          [
            9.963279489172747,
            46.7667455380333
          ],
          [
            9.963731409706945,
            46.76638891886363
          ],
          [
            9.964010189435719,
            46.76587255260034
          ],
          [
            9.964802242203845,
            46.76505769441416
          ],
          [
            9.965308646248273,
            46.76471243543041
          ],
          [
            9.966181039193497,
            46.76392295018556
          ],
          [
            9.967073337080565,
            46.76300833804658
          ],
          [
            9.967025544426063,
            46.76283217580232
          ],
          [
            9.966920138798544,
            46.76243912733724
          ],
          [
            9.966630861577634,
            46.76211406218831
          ],
          [
            9.966594140482306,
            46.76200635236025
          ],
          [
            9.966361551813463,
            46.76194125892844
          ],
          [
            9.96611540572772,
            46.761690136062604
          ],
          [
            9.965490252609268,
            46.76149507067579
          ],
          [
            9.965410401611651,
            46.76137468042189
          ],
          [
            9.964998661087597,
            46.761221165114655
          ],
          [
            9.964590353987065,
            46.76106205530378
          ],
          [
            9.96439296737899,
            46.760922458895074
          ],
          [
            9.964584044333728,
            46.76020434998167
          ],
          [
            9.965034227680789,
            46.75938740689731
          ],
          [
            9.964891726767243,
            46.75912812777772
          ],
          [
            9.965139852497428,
            46.75888048612485
          ],
          [
            9.965265002664184,
            46.758574708282204
          ],
          [
            9.9655870425006,
            46.758410956866555
          ],
          [
            9.965710141204063,
            46.758156182502994
          ],
          [
            9.966224026015896,
            46.757867776630164
          ],
          [
            9.966511166849562,
            46.757298818302566
          ],
          [
            9.966533937644773,
            46.75700086898402
          ],
          [
            9.96662348928654,
            46.75672288734565
          ],
          [
            9.965545562120157,
            46.755840192380134
          ],
          [
            9.965171778503858,
            46.75558117557449
          ],
          [
            9.964883566655637,
            46.75545857669592
          ],
          [
            9.964586903045841,
            46.75532689411401
          ],
          [
            9.963897536094207,
            46.75473225236387
          ],
          [
            9.962521608063506,
            46.75443520156199
          ],
          [
            9.961617939415342,
            46.75428197205851
          ],
          [
            9.960827468612083,
            46.754162881588904
          ],
          [
            9.960534587991956,
            46.75414833146868
          ],
          [
            9.960142558181138,
            46.754145367962586
          ],
          [
            9.95958284010442,
            46.753907344871074
          ],
          [
            9.95896334390554,
            46.75362131915212
          ],
          [
            9.958897765324053,
            46.75355999213049
          ],
          [
            9.958837244674543,
            46.75336011393929
          ],
          [
            9.958660182085087,
            46.75324593475798
          ],
          [
            9.958284947813338,
            46.75316092722854
          ],
          [
            9.952950468370709,
            46.75086570056613
          ],
          [
            9.95077088509521,
            46.75059687614817
          ],
          [
            9.94912089093363,
            46.75211195975136
          ],
          [
            9.945422618321885,
            46.75195600075835
          ],
          [
            9.932991428272429,
            46.7496008026976
          ],
          [
            9.933245309528042,
            46.749211131490625
          ],
          [
            9.934354978969834,
            46.748871573476826
          ],
          [
            9.934380946374347,
            46.74852494614236
          ],
          [
            9.934567702476722,
            46.74827622219432
          ],
          [
            9.9349777259115,
            46.748078439638704
          ],
          [
            9.935115745498363,
            46.74778336907634
          ],
          [
            9.935246660586547,
            46.747388652655886
          ],
          [
            9.9355472684288,
            46.74698423700541
          ],
          [
            9.935553271860156,
            46.74666385813569
          ],
          [
            9.936139237763708,
            46.74621660947524
          ],
          [
            9.936375507131352,
            46.74612016742955
          ],
          [
            9.936549533694409,
            46.74584010143171
          ],
          [
            9.93637024735021,
            46.745398589200185
          ],
          [
            9.93631288659091,
            46.7450111523494
          ],
          [
            9.936533982096055,
            46.74494111512383
          ],
          [
            9.936978607502034,
            46.74462026561607
          ],
          [
            9.936985518812135,
            46.74428774347451
          ],
          [
            9.937139317663348,
            46.74386550497489
          ],
          [
            9.937114393958511,
            46.743767572624776
          ],
          [
            9.936908864454598,
            46.743586052600634
          ],
          [
            9.93655795598049,
            46.7433818227393
          ],
          [
            9.937309790582376,
            46.74224899377968
          ],
          [
            9.93798087431323,
            46.74172814828974
          ],
          [
            9.938108918629554,
            46.74133355341457
          ],
          [
            9.938403428314654,
            46.74095889045422
          ],
          [
            9.938496402173348,
            46.740804689383836
          ],
          [
            9.938593854823202,
            46.74055849974506
          ],
          [
            9.938629068782106,
            46.740247919880034
          ],
          [
            9.938720299231973,
            46.74012702090237
          ],
          [
            9.938819401947164,
            46.73993142001898
          ],
          [
            9.938918737510575,
            46.73977726807815
          ],
          [
            9.939089274657194,
            46.739618009197585
          ],
          [
            9.939296325376962,
            46.73959852108534
          ],
          [
            9.93938731840482,
            46.739305204036235
          ],
          [
            9.939474679987867,
            46.739056102679136
          ],
          [
            9.939354803891739,
            46.73882861800267
          ],
          [
            9.939531077233989,
            46.738557749133086
          ],
          [
            9.939794825811914,
            46.7381362721684
          ],
          [
            9.940114462632952,
            46.738060295320224
          ],
          [
            9.940354606521472,
            46.73811653470979
          ],
          [
            9.940234118840936,
            46.73785643916493
          ],
          [
            9.940499288663798,
            46.73758341185222
          ],
          [
            9.940482033670577,
            46.73729141498823
          ],
          [
            9.940802307662,
            46.737201652032084
          ],
          [
            9.941010448216623,
            46.736655040104296
          ],
          [
            9.94116916924325,
            46.73638200637294
          ],
          [
            9.941381299005492,
            46.736098287388636
          ],
          [
            9.941688015666964,
            46.735724021729105
          ],
          [
            9.942021484500232,
            46.73554512602598
          ],
          [
            9.941921081084267,
            46.735397091913164
          ],
          [
            9.941881839707726,
            46.735290870599236
          ],
          [
            9.941826778482186,
            46.73499249443333
          ],
          [
            9.941855295583803,
            46.73455591516335
          ],
          [
            9.94185029795785,
            46.734325911580825
          ],
          [
            9.941788063233577,
            46.73391190718955
          ],
          [
            9.942361273788427,
            46.73368564594382
          ],
          [
            9.942533004182648,
            46.73327676548058
          ],
          [
            9.942800097821953,
            46.733104229293886
          ],
          [
            9.943176125034977,
            46.732718725981925
          ],
          [
            9.943456725697207,
            46.73242200572814
          ],
          [
            9.943453584468225,
            46.732114047738406
          ],
          [
            9.943432031722821,
            46.73174139668714
          ],
          [
            9.943512141713688,
            46.73122190882655
          ],
          [
            9.943707437547664,
            46.73106423120288
          ],
          [
            9.943888855481179,
            46.73080001835302
          ],
          [
            9.944108565834247,
            46.7304244431533
          ],
          [
            9.944293911392304,
            46.73009499180352
          ],
          [
            9.944574239261492,
            46.72965651424884
          ],
          [
            9.94451001129541,
            46.729444138025045
          ],
          [
            9.944420442262217,
            46.72920299637163
          ],
          [
            9.944282569722443,
            46.728929030725475
          ],
          [
            9.944068674052813,
            46.728627052955986
          ],
          [
            9.943989903577545,
            46.72846613434293
          ],
          [
            9.94382750138941,
            46.727883842922814
          ],
          [
            9.943670693564274,
            46.72768673014449
          ],
          [
            9.94365313313062,
            46.72757637910595
          ],
          [
            9.943668285067938,
            46.72745711042899
          ],
          [
            9.943508437451428,
            46.72722551298935
          ],
          [
            9.94336200397736,
            46.72698709567402
          ],
          [
            9.94307911830615,
            46.726749883999936
          ],
          [
            9.942659670191775,
            46.72616253502559
          ],
          [
            9.942284322184971,
            46.72585026629945
          ],
          [
            9.942472412398331,
            46.725474326057586
          ],
          [
            9.943032944207884,
            46.72501537991313
          ],
          [
            9.943295981753328,
            46.72479306118308
          ],
          [
            9.943414289787931,
            46.72465743257259
          ],
          [
            9.943652234747598,
            46.72427479691778
          ],
          [
            9.9442576208203,
            46.723909638558396
          ],
          [
            9.944649566768815,
            46.72368917285398
          ],
          [
            9.94483649360451,
            46.72366634448661
          ],
          [
            9.946214359969114,
            46.72408984557281
          ],
          [
            9.946433766756039,
            46.7241288418894
          ],
          [
            9.946773698886643,
            46.724017333571794
          ],
          [
            9.94671640980881,
            46.72357768879638
          ],
          [
            9.946718211236082,
            46.723427887859245
          ],
          [
            9.946879210950417,
            46.723180534375494
          ],
          [
            9.94704685001547,
            46.72269386642076
          ],
          [
            9.947077848506394,
            46.72245713937034
          ],
          [
            9.947150518348407,
            46.7218026657577
          ],
          [
            9.947614493339323,
            46.72173464101545
          ],
          [
            9.948088610824184,
            46.7216373928682
          ],
          [
            9.948384012458174,
            46.721501074063
          ],
          [
            9.948610803960724,
            46.721665463690464
          ],
          [
            9.949449929461048,
            46.72166355855168
          ],
          [
            9.95003448072865,
            46.7218340532317
          ],
          [
            9.95023073256521,
            46.722008535498276
          ],
          [
            9.950871773878363,
            46.72197001451616
          ],
          [
            9.951590342857893,
            46.72185315450421
          ],
          [
            9.952730674548961,
            46.72161133107891
          ],
          [
            9.952889277712368,
            46.72144801014164
          ],
          [
            9.952854350908387,
            46.721235000808754
          ],
          [
            9.953401166838264,
            46.72123880045759
          ],
          [
            9.953765040768463,
            46.72127373226674
          ],
          [
            9.95844421201475,
            46.71737585321452
          ],
          [
            9.959533877027285,
            46.71543562837517
          ],
          [
            9.95899313683739,
            46.71310482153315
          ],
          [
            9.957480743985496,
            46.71137329360933
          ],
          [
            9.955377624398768,
            46.71091573476452
          ],
          [
            9.955780946777066,
            46.707712865186174
          ],
          [
            9.955420072386973,
            46.707596721383425
          ],
          [
            9.954999468722225,
            46.70719777000062
          ],
          [
            9.954758727152107,
            46.707154735324565
          ],
          [
            9.95454482906683,
            46.70689168466534
          ],
          [
            9.954079816363912,
            46.70673367154346
          ],
          [
            9.953654381744407,
            46.7063800297457
          ],
          [
            9.953174844064659,
            46.70608624272575
          ],
          [
            9.952643349832018,
            46.705777669467665
          ],
          [
            9.952444498522365,
            46.70545618756447
          ],
          [
            9.952451836867647,
            46.70472480209151
          ],
          [
            9.953055036219075,
            46.70437508250194
          ],
          [
            9.953245528580617,
            46.704072958294184
          ],
          [
            9.953609337965593,
            46.70366841346359
          ],
          [
            9.953988012317632,
            46.70358896586067
          ],
          [
            9.954020858955076,
            46.7032524733208
          ],
          [
            9.953959141591062,
            46.70287717997225
          ],
          [
            9.953952774837937,
            46.702673008596946
          ],
          [
            9.953824105794062,
            46.70242066730874
          ],
          [
            9.953815499153912,
            46.7023233318546
          ],
          [
            9.953857563951964,
            46.70221457312271
          ],
          [
            9.954057581887497,
            46.702019923548356
          ],
          [
            9.954217330987579,
            46.70175989437608
          ],
          [
            9.954630384656117,
            46.70154974167407
          ],
          [
            9.954996229895308,
            46.70130161405379
          ],
          [
            9.955588228294358,
            46.70088906306179
          ],
          [
            9.95604044840032,
            46.70036487132501
          ],
          [
            9.956441350454925,
            46.69991545934129
          ],
          [
            9.95662201207198,
            46.699605526616864
          ],
          [
            9.956679929907727,
            46.699329004813144
          ],
          [
            9.95709045180291,
            46.69885447428687
          ],
          [
            9.957211449995414,
            46.69799604003579
          ],
          [
            9.95711772049721,
            46.69775050827407
          ],
          [
            9.95686022644732,
            46.69761786564563
          ],
          [
            9.956813584636148,
            46.69750419836663
          ],
          [
            9.956871595521672,
            46.697325307822524
          ],
          [
            9.956832047045935,
            46.696947419639706
          ],
          [
            9.956858513665875,
            46.696704794015986
          ],
          [
            9.956789758371185,
            46.69621820839548
          ],
          [
            9.956901775567289,
            46.696050184702045
          ],
          [
            9.956859839563984,
            46.6958425329713
          ],
          [
            9.956936881515862,
            46.695465236636586
          ],
          [
            9.95713246988624,
            46.695317695363386
          ],
          [
            9.956984540534492,
            46.695106373774216
          ],
          [
            9.956886741889416,
            46.69481248401691
          ],
          [
            9.95689739706787,
            46.69462851961473
          ],
          [
            9.956812052641284,
            46.694365747119456
          ],
          [
            9.956664294351116,
            46.69431496598118
          ],
          [
            9.956354517528425,
            46.69407176791665
          ],
          [
            9.956181658672893,
            46.69379614110601
          ],
          [
            9.955452822430962,
            46.69357056729203
          ],
          [
            9.955245380105593,
            46.69368294296076
          ],
          [
            9.954897616816623,
            46.69372052928527
          ],
          [
            9.95461384741722,
            46.693711116086824
          ],
          [
            9.954343904105976,
            46.69363858502951
          ],
          [
            9.953989366679078,
            46.6937297969145
          ],
          [
            9.953091899887633,
            46.69378633108126
          ],
          [
            9.952825960703063,
            46.69385948324397
          ],
          [
            9.952532440498413,
            46.6939159179143
          ],
          [
            9.95175434516194,
            46.69399474760519
          ],
          [
            9.951405642107575,
            46.69397404108742
          ],
          [
            9.950149108685679,
            46.693832581438826
          ],
          [
            9.949583969911133,
            46.69389255487182
          ],
          [
            9.948923374939948,
            46.69386828097532
          ],
          [
            9.948544213190301,
            46.69378380482168
          ],
          [
            9.948102181036358,
            46.69380405112957
          ],
          [
            9.947677655928608,
            46.693759730488466
          ],
          [
            9.9468950351606,
            46.69359159154063
          ],
          [
            9.946291727439844,
            46.69356767967356
          ],
          [
            9.945537174220828,
            46.69379093150417
          ],
          [
            9.945014136260466,
            46.69377063818259
          ],
          [
            9.94233204692702,
            46.693458554254185
          ],
          [
            9.941205223711336,
            46.6941105559331
          ],
          [
            9.940469338339854,
            46.69446110185612
          ],
          [
            9.93961926596595,
            46.69447981361956
          ],
          [
            9.939273400783234,
            46.6949413580459
          ],
          [
            9.938570313306085,
            46.695231537008645
          ],
          [
            9.937827473708406,
            46.69584662183406
          ],
          [
            9.93718420496273,
            46.69606435248902
          ],
          [
            9.936230174832797,
            46.695815891349326
          ],
          [
            9.935384276573624,
            46.69571213267331
          ],
          [
            9.934483940873037,
            46.69624688128655
          ],
          [
            9.931727897095023,
            46.69571204680691
          ],
          [
            9.929356202060337,
            46.69588534026766
          ],
          [
            9.928802574088591,
            46.695702434029116
          ],
          [
            9.927973259395973,
            46.69562458348486
          ],
          [
            9.926983470183638,
            46.695443373354856
          ],
          [
            9.926590261414463,
            46.69521339386537
          ],
          [
            9.925901142640651,
            46.69407039222305
          ],
          [
            9.921389568754096,
            46.692940695063385
          ],
          [
            9.920258037079389,
            46.69270078478159
          ],
          [
            9.919245722404968,
            46.69243180856575
          ],
          [
            9.916494223367074,
            46.69245031118101
          ],
          [
            9.914511010506972,
            46.69121878992656
          ],
          [
            9.913574041175673,
            46.690952708576454
          ],
          [
            9.912152437185238,
            46.69009901876205
          ],
          [
            9.91151080603839,
            46.68756903520225
          ],
          [
            9.91095510279516,
            46.68742776927051
          ],
          [
            9.91040179437734,
            46.68727533376719
          ],
          [
            9.910181723988757,
            46.68719423829868
          ],
          [
            9.90999819054003,
            46.68707877109989
          ],
          [
            9.909725819163501,
            46.68678599553604
          ],
          [
            9.90986428450537,
            46.68661219115956
          ],
          [
            9.909578624091786,
            46.686093957001845
          ],
          [
            9.909307242299493,
            46.685948038764415
          ],
          [
            9.909345208033159,
            46.68559754839223
          ],
          [
            9.908494090715658,
            46.685400072101785
          ],
          [
            9.907734028807864,
            46.68574512399735
          ],
          [
            9.90637121697067,
            46.6857067318353
          ],
          [
            9.90608770713972,
            46.68536139552273
          ],
          [
            9.905673655435425,
            46.68517906634251
          ],
          [
            9.90535759299409,
            46.685315337280684
          ],
          [
            9.904418058963952,
            46.68528920522207
          ],
          [
            9.90401597421633,
            46.685067245367506
          ],
          [
            9.903705725945386,
            46.685123304217065
          ],
          [
            9.90305529406502,
            46.684838826660155
          ],
          [
            9.90254821465038,
            46.6848405134553
          ],
          [
            9.902211358089383,
            46.68493535738844
          ],
          [
            9.902025277425926,
            46.684724569424944
          ],
          [
            9.901781760046758,
            46.68454671161336
          ],
          [
            9.901162744019793,
            46.68441295967652
          ],
          [
            9.90081265459133,
            46.684276228759465
          ],
          [
            9.900475341051408,
            46.68428420994986
          ],
          [
            9.89998126392736,
            46.68407595075969
          ],
          [
            9.899754793477234,
            46.68412170224314
          ],
          [
            9.899494769675488,
            46.68406401254515
          ],
          [
            9.899311783806347,
            46.683909610243376
          ],
          [
            9.898504530192092,
            46.68347171499134
          ],
          [
            9.898090723180273,
            46.68300459568761
          ],
          [
            9.89778956671575,
            46.682902448379
          ],
          [
            9.89757720922296,
            46.68270249867464
          ],
          [
            9.897198882689935,
            46.682693841557395
          ],
          [
            9.89691866429948,
            46.68249863088177
          ],
          [
            9.896526618849926,
            46.68237879433943
          ],
          [
            9.896272205322045,
            46.68220855832577
          ],
          [
            9.895505858223922,
            46.6820338545406
          ],
          [
            9.895425182578396,
            46.68193410183319
          ],
          [
            9.895066298358653,
            46.68167987842386
          ],
          [
            9.894868503697808,
            46.681629476859136
          ],
          [
            9.894436338206836,
            46.68163699221458
          ],
          [
            9.893808318797856,
            46.68182013888569
          ],
          [
            9.893638127118486,
            46.681994183568776
          ],
          [
            9.892951975173,
            46.68208765164425
          ],
          [
            9.892560910625889,
            46.68201212319748
          ],
          [
            9.891689583782362,
            46.682177475876124
          ],
          [
            9.891056531056439,
            46.682224861660714
          ],
          [
            9.890558643528102,
            46.681684511928104
          ],
          [
            9.889805868428532,
            46.68174209004395
          ],
          [
            9.88897494825726,
            46.68186255207942
          ],
          [
            9.888360242426488,
            46.681902400438396
          ],
          [
            9.888117213465279,
            46.68178845746255
          ],
          [
            9.888080858719485,
            46.68154641252847
          ],
          [
            9.887825583800788,
            46.68151758333733
          ],
          [
            9.887547730157726,
            46.68107703423162
          ],
          [
            9.88716465411777,
            46.68092359271967
          ],
          [
            9.886294159746095,
            46.680803904455374
          ],
          [
            9.885521966356727,
            46.680835627886516
          ],
          [
            9.884692376197112,
            46.680813921905845
          ],
          [
            9.883845095441592,
            46.68110713575958
          ],
          [
            9.883356796117798,
            46.68152458877383
          ],
          [
            9.883403474616875,
            46.68177676312278
          ],
          [
            9.883087617485245,
            46.68180570649481
          ],
          [
            9.883047743865445,
            46.68200632342184
          ],
          [
            9.883198707290706,
            46.68229566207226
          ],
          [
            9.882933910865663,
            46.682505595185496
          ],
          [
            9.883015389879123,
            46.68283984006887
          ],
          [
            9.882890416938391,
            46.68302736062711
          ],
          [
            9.882246868194265,
            46.68325050997588
          ],
          [
            9.882385712618492,
            46.68378831733982
          ],
          [
            9.881612100145182,
            46.68409790605351
          ],
          [
            9.880639262437748,
            46.6842856887785
          ],
          [
            9.8799257578393,
            46.6844338247262
          ],
          [
            9.879032653542787,
            46.68461923720902
          ],
          [
            9.878165837765732,
            46.6845817830183
          ],
          [
            9.8777836052182,
            46.685052819732825
          ],
          [
            9.87733913986326,
            46.68520345074324
          ],
          [
            9.876952598388243,
            46.68520338879696
          ],
          [
            9.876616511329848,
            46.68528178684622
          ],
          [
            9.876297729414276,
            46.685287607806394
          ],
          [
            9.875859646855604,
            46.68535875361487
          ],
          [
            9.874745613684393,
            46.685573921554735
          ],
          [
            9.87400191249959,
            46.68555670797051
          ],
          [
            9.873630326609419,
            46.685643811617645
          ],
          [
            9.87331625318007,
            46.68574766692907
          ],
          [
            9.872378875998415,
            46.68617228813094
          ],
          [
            9.871268355635857,
            46.686460227098365
          ],
          [
            9.87070313032399,
            46.686970514062985
          ],
          [
            9.869868192260524,
            46.68733618336314
          ],
          [
            9.869597085297482,
            46.68782053332186
          ],
          [
            9.868512800328707,
            46.688300355044255
          ],
          [
            9.868192825344797,
            46.688329451929796
          ],
          [
            9.867812232913224,
            46.68839547940057
          ],
          [
            9.867264685739343,
            46.68851743378563
          ],
          [
            9.86614567334163,
            46.68902525075833
          ],
          [
            9.865628214743884,
            46.68947822643147
          ],
          [
            9.865451534580977,
            46.68974519771822
          ],
          [
            9.865211178757548,
            46.68986573856988
          ],
          [
            9.864820527361825,
            46.68993233890989
          ],
          [
            9.864167694263225,
            46.69018568468445
          ],
          [
            9.86330174387182,
            46.69063747099108
          ],
          [
            9.862816595430644,
            46.69076010961724
          ],
          [
            9.862509311019538,
            46.69105521547085
          ],
          [
            9.86250146207594,
            46.691194069416426
          ],
          [
            9.862674036131583,
            46.6913834986766
          ],
          [
            9.8626430311579,
            46.6915912166922
          ],
          [
            9.862370674496482,
            46.692079929891186
          ],
          [
            9.861264104502771,
            46.69295023150522
          ],
          [
            9.860766371443814,
            46.692999662996975
          ],
          [
            9.8605060793058,
            46.693098243560186
          ],
          [
            9.860220884365463,
            46.692984399477545
          ],
          [
            9.859815094261846,
            46.692898172192635
          ],
          [
            9.859011883435599,
            46.69264861440335
          ],
          [
            9.858043280080746,
            46.692192858302015
          ],
          [
            9.85787041487376,
            46.69214657015372
          ],
          [
            9.857696107442903,
            46.69214833522974
          ],
          [
            9.857489870388722,
            46.69220196852069
          ],
          [
            9.85612855082165,
            46.69165699150148
          ],
          [
            9.855936515891859,
            46.69152109131012
          ],
          [
            9.8557778527608,
            46.69135466673545
          ],
          [
            9.85560142780551,
            46.691069074562606
          ],
          [
            9.855080509171948,
            46.690770735750355
          ],
          [
            9.85504896177696,
            46.690209656413025
          ],
          [
            9.855124865724553,
            46.68987132914631
          ],
          [
            9.853770844863705,
            46.6898738702077
          ],
          [
            9.852995439705024,
            46.68978575913374
          ],
          [
            9.85269527476994,
            46.68980194576283
          ],
          [
            9.85247656259294,
            46.689733311457026
          ],
          [
            9.852410796137962,
            46.68952556777791
          ],
          [
            9.851424927526942,
            46.68952791456971
          ],
          [
            9.851230979739604,
            46.68940670795462
          ],
          [
            9.850980404659058,
            46.689062326569385
          ],
          [
            9.850544422186639,
            46.689072940803065
          ],
          [
            9.850101274164944,
            46.68874409890822
          ],
          [
            9.849812479671119,
            46.688436558959395
          ],
          [
            9.849465102706233,
            46.68816806570174
          ],
          [
            9.849368478236167,
            46.68791508355095
          ],
          [
            9.849311021751296,
            46.68764390322075
          ],
          [
            9.849252644260014,
            46.68743348174421
          ],
          [
            9.849110618242138,
            46.687227709600556
          ],
          [
            9.848867390668321,
            46.686751268071006
          ],
          [
            9.848239728039971,
            46.6860873100563
          ],
          [
            9.847619942730894,
            46.685456796434984
          ],
          [
            9.846797391566694,
            46.6850909009697
          ],
          [
            9.846332942098782,
            46.68481536019651
          ],
          [
            9.845971920641475,
            46.68467131494947
          ],
          [
            9.845717979195896,
            46.684368653980485
          ],
          [
            9.84560139555975,
            46.68428921890886
          ],
          [
            9.845333383180874,
            46.68426036581943
          ],
          [
            9.844843324160813,
            46.68404657645504
          ],
          [
            9.844804243186044,
            46.68365809953325
          ],
          [
            9.844594989900552,
            46.68323880982306
          ],
          [
            9.844467114762768,
            46.68287665096903
          ],
          [
            9.84402063681808,
            46.68243149065309
          ],
          [
            9.843692339634277,
            46.68205584128592
          ],
          [
            9.84224383203604,
            46.68186079159146
          ],
          [
            9.841815105031818,
            46.68178694701295
          ],
          [
            9.841377081984893,
            46.68167991683878
          ],
          [
            9.841037097087435,
            46.68166249834229
          ],
          [
            9.840698588934522,
            46.681658862301305
          ],
          [
            9.840458867506955,
            46.68130861505519
          ],
          [
            9.840164984039449,
            46.68104883130942
          ],
          [
            9.840141375651173,
            46.68069576526766
          ],
          [
            9.83999585285272,
            46.680570091087574
          ],
          [
            9.839618201360883,
            46.68040391375902
          ],
          [
            9.839232227547184,
            46.680138184522065
          ],
          [
            9.838969898249513,
            46.67975436476852
          ],
          [
            9.838262335713802,
            46.679288601982236
          ],
          [
            9.837932140090436,
            46.679205405359006
          ],
          [
            9.837668049083652,
            46.678956381904534
          ],
          [
            9.837552637845814,
            46.67865536804695
          ],
          [
            9.837440115765446,
            46.67853995766406
          ],
          [
            9.837236391016908,
            46.6783963271269
          ],
          [
            9.836715048321599,
            46.678123935874616
          ],
          [
            9.836624772732433,
            46.67797618847404
          ],
          [
            9.83657624080277,
            46.67765344475895
          ],
          [
            9.836515899294604,
            46.67742217079742
          ],
          [
            9.835963653703294,
            46.67702483558359
          ],
          [
            9.835667660842761,
            46.676902313252945
          ],
          [
            9.83525329572738,
            46.67661220347621
          ],
          [
            9.834866835561114,
            46.676452514328375
          ],
          [
            9.834534851751444,
            46.67627932172242
          ],
          [
            9.8343376186098,
            46.676118963317364
          ],
          [
            9.834070157483342,
            46.67601601442399
          ],
          [
            9.833612366163159,
            46.675908471316724
          ],
          [
            9.833280847371887,
            46.67574942198236
          ],
          [
            9.832697505691533,
            46.67554917109709
          ],
          [
            9.831705865110628,
            46.67538651828916
          ],
          [
            9.830778156262774,
            46.67512151992303
          ],
          [
            9.83052981450162,
            46.67502988813234
          ],
          [
            9.830176997273139,
            46.67526566232727
          ],
          [
            9.830249940480357,
            46.675490167751626
          ],
          [
            9.830149681233797,
            46.67553179903716
          ],
          [
            9.830056566009544,
            46.675652342687535
          ],
          [
            9.82996447959743,
            46.675724401247784
          ],
          [
            9.829447593353931,
            46.676006365152894
          ],
          [
            9.828973874491572,
            46.67613504700133
          ],
          [
            9.828701710130817,
            46.67632220872648
          ],
          [
            9.827887611538939,
            46.676720340035985
          ],
          [
            9.827634915412354,
            46.67695725510317
          ],
          [
            9.827033037636674,
            46.677321590850624
          ],
          [
            9.826145942706187,
            46.67762585156634
          ],
          [
            9.825380037804202,
            46.67771072807057
          ],
          [
            9.825423100762496,
            46.6779819855038
          ],
          [
            9.8253819470647,
            46.678905639426695
          ],
          [
            9.825226360557924,
            46.67914023540777
          ],
          [
            9.825071301072764,
            46.67952045299402
          ],
          [
            9.824642649712606,
            46.67975373826532
          ],
          [
            9.823170282539431,
            46.68110587593236
          ],
          [
            9.822510098700748,
            46.681567297725124
          ],
          [
            9.822121841184238,
            46.68176832793676
          ],
          [
            9.820973827433276,
            46.68211276040911
          ],
          [
            9.82064170111297,
            46.68271619279682
          ],
          [
            9.819936092205259,
            46.683080829971246
          ],
          [
            9.819191508246382,
            46.68345355754479
          ],
          [
            9.81818791332746,
            46.68309765916126
          ],
          [
            9.816198047218855,
            46.6827654134426
          ],
          [
            9.815726295845021,
            46.68275343166386
          ],
          [
            9.81370330580918,
            46.6821468229137
          ],
          [
            9.811226445635882,
            46.681271785016335
          ],
          [
            9.810326872981465,
            46.68136898055596
          ],
          [
            9.809971810610485,
            46.68121964190275
          ],
          [
            9.809695207179793,
            46.68096549780284
          ],
          [
            9.809577524923531,
            46.68052119603056
          ],
          [
            9.809357021976545,
            46.6802363470515
          ],
          [
            9.80874591681305,
            46.67970476291397
          ],
          [
            9.806868095812286,
            46.679249207352846
          ],
          [
            9.806296406686714,
            46.67935928329585
          ],
          [
            9.805811082006947,
            46.679259463936894
          ],
          [
            9.805034698485825,
            46.67904174519945
          ],
          [
            9.803280879404634,
            46.67782332316505
          ],
          [
            9.798079762621748,
            46.67756069811662
          ],
          [
            9.797608966636904,
            46.677172061725386
          ],
          [
            9.797370305709178,
            46.676923214386484
          ],
          [
            9.797277450778832,
            46.67664986622348
          ],
          [
            9.79660404038259,
            46.67655299307524
          ],
          [
            9.7963546625524,
            46.67648338532446
          ],
          [
            9.796115973031302,
            46.67621362107852
          ],
          [
            9.796021193902279,
            46.676024772960176
          ],
          [
            9.795536528674738,
            46.67586432998231
          ],
          [
            9.79526326478158,
            46.675631448632366
          ],
          [
            9.795031646073928,
            46.67564533787845
          ],
          [
            9.794753932677946,
            46.675415283270034
          ],
          [
            9.794304055497928,
            46.67530875226102
          ],
          [
            9.793796142214509,
            46.67507759611742
          ],
          [
            9.79353017814896,
            46.67513044953461
          ],
          [
            9.79314002359551,
            46.675090572385024
          ],
          [
            9.792621604650934,
            46.67522966378736
          ],
          [
            9.792585799416184,
            46.67479359119537
          ],
          [
            9.79219154360629,
            46.67460530262898
          ],
          [
            9.791001929338389,
            46.67438846682459
          ],
          [
            9.790609576903048,
            46.674267666417904
          ],
          [
            9.79021586111137,
            46.67428629613679
          ],
          [
            9.789835520379208,
            46.674126025075424
          ],
          [
            9.789203995339207,
            46.67425403475423
          ],
          [
            9.788929965660532,
            46.674291906571874
          ],
          [
            9.788624319656652,
            46.67428769994492
          ],
          [
            9.78832153892187,
            46.674247192174015
          ],
          [
            9.788125195393778,
            46.67390080751057
          ],
          [
            9.787327921671672,
            46.67369584829885
          ],
          [
            9.787138222383946,
            46.67339380092803
          ],
          [
            9.786832845019626,
            46.673308786046725
          ],
          [
            9.786633271618259,
            46.67320314975106
          ],
          [
            9.786378699649719,
            46.67315713462002
          ],
          [
            9.785978415843887,
            46.673131292397045
          ],
          [
            9.785742355692143,
            46.673069586206296
          ],
          [
            9.78553778085858,
            46.67309663249674
          ],
          [
            9.785011800108569,
            46.67300428663332
          ],
          [
            9.784574000412867,
            46.67263260352106
          ],
          [
            9.784270864819744,
            46.6725333884877
          ],
          [
            9.783824892313875,
            46.67244765155593
          ],
          [
            9.78351182057417,
            46.67230383934856
          ],
          [
            9.782740617828132,
            46.672246660722884
          ],
          [
            9.782550420460062,
            46.67189719796351
          ],
          [
            9.782069180074428,
            46.6718135118564
          ],
          [
            9.781854386138388,
            46.67167072447925
          ],
          [
            9.7813269373182,
            46.67149134866295
          ],
          [
            9.78095945198528,
            46.67148524360059
          ],
          [
            9.780799586229168,
            46.671272559489815
          ],
          [
            9.780480329474265,
            46.67122872526066
          ],
          [
            9.77996510604623,
            46.67110794896443
          ],
          [
            9.779628975293859,
            46.67112808587712
          ],
          [
            9.779333468118772,
            46.67099814788639
          ],
          [
            9.779157999762132,
            46.671036932148304
          ],
          [
            9.778805793241494,
            46.670892516498746
          ],
          [
            9.778198528138548,
            46.67084903906757
          ],
          [
            9.777558587587402,
            46.67087152084458
          ],
          [
            9.776901093611656,
            46.67084461892902
          ],
          [
            9.776426263005666,
            46.670892800795755
          ],
          [
            9.775665393534272,
            46.67079247108391
          ],
          [
            9.775513982722364,
            46.67085912265835
          ],
          [
            9.774973738564194,
            46.67063261602088
          ],
          [
            9.774759594302195,
            46.67049189930088
          ],
          [
            9.774160622613769,
            46.67037187854956
          ],
          [
            9.773926344075967,
            46.670258868627734
          ],
          [
            9.77304868260869,
            46.670370001448276
          ],
          [
            9.772831740454633,
            46.67052483750371
          ],
          [
            9.772486369621038,
            46.67055649107124
          ],
          [
            9.772433283576257,
            46.67069936586816
          ],
          [
            9.77212483034295,
            46.67076637704614
          ],
          [
            9.77195956180639,
            46.67092719951922
          ],
          [
            9.771663927127717,
            46.67097261803442
          ],
          [
            9.771297514599079,
            46.67122930848223
          ],
          [
            9.770968420235194,
            46.67127378133813
          ],
          [
            9.770367169283443,
            46.67153531218863
          ],
          [
            9.769252501836927,
            46.672061570886974
          ],
          [
            9.769033803119118,
            46.67210434652815
          ],
          [
            9.769023133826785,
            46.6721064456671
          ],
          [
            9.768759610669942,
            46.67223327500173
          ],
          [
            9.767952712607586,
            46.67221068178568
          ],
          [
            9.76761121123458,
            46.67233383799995
          ],
          [
            9.767008555502068,
            46.67238247832482
          ],
          [
            9.766812936703278,
            46.67245421526809
          ],
          [
            9.766320967296583,
            46.672440464330805
          ],
          [
            9.765815963043229,
            46.67278576900783
          ],
          [
            9.765648509778194,
            46.67304023904308
          ],
          [
            9.765275955357787,
            46.673182399238726
          ],
          [
            9.76517141578762,
            46.67329681163688
          ],
          [
            9.764806897753601,
            46.67342407397208
          ],
          [
            9.764135136769106,
            46.67397968243732
          ],
          [
            9.76387519012599,
            46.67416572458081
          ],
          [
            9.76285677387413,
            46.674369347489616
          ],
          [
            9.762260177482428,
            46.67456967760295
          ],
          [
            9.76154699975304,
            46.6747808589899
          ],
          [
            9.761014982371458,
            46.674836216207254
          ],
          [
            9.760085180265232,
            46.67509524410683
          ],
          [
            9.759672175445106,
            46.675375559339194
          ],
          [
            9.759249816484044,
            46.67558133199024
          ],
          [
            9.75905944545066,
            46.67559527972894
          ],
          [
            9.758902722397634,
            46.67563979702912
          ],
          [
            9.75869047981916,
            46.675897471903774
          ],
          [
            9.758486847100585,
            46.67581735639831
          ],
          [
            9.758036022278816,
            46.6757555022009
          ],
          [
            9.755774346425552,
            46.67573470967331
          ],
          [
            9.755524642542609,
            46.67576576016903
          ],
          [
            9.755282960099459,
            46.675768028771074
          ],
          [
            9.754135169436216,
            46.67604469556196
          ],
          [
            9.753135790312525,
            46.676011463927985
          ],
          [
            9.752351354618712,
            46.67617842499697
          ],
          [
            9.751524282239927,
            46.67628478896832
          ],
          [
            9.750914349014234,
            46.67665958506236
          ],
          [
            9.750480395539512,
            46.677316080004026
          ],
          [
            9.750793174354039,
            46.6782652205494
          ],
          [
            9.75089623231048,
            46.67891833258146
          ],
          [
            9.750796019207176,
            46.679025119555305
          ],
          [
            9.750788314897791,
            46.67939438743163
          ],
          [
            9.75121967598161,
            46.67989779078091
          ],
          [
            9.751204226837936,
            46.680473203811424
          ],
          [
            9.751069557477248,
            46.680651740747926
          ],
          [
            9.750479513633346,
            46.68098839504999
          ],
          [
            9.750354435799874,
            46.68142880869724
          ],
          [
            9.75007943961952,
            46.68164060921561
          ],
          [
            9.749836451986553,
            46.68222891657691
          ],
          [
            9.749110532999383,
            46.68295076738672
          ],
          [
            9.748789687167555,
            46.683119711983956
          ],
          [
            9.74835186513693,
            46.683875538791455
          ],
          [
            9.747909695061558,
            46.68443009884933
          ],
          [
            9.747728143634694,
            46.68490830790209
          ],
          [
            9.747183642287968,
            46.68572269939201
          ],
          [
            9.746316819075044,
            46.68648387741967
          ],
          [
            9.745378827959263,
            46.68725143856407
          ],
          [
            9.74487176609448,
            46.68759190731827
          ],
          [
            9.74427832291638,
            46.68826977190797
          ],
          [
            9.744085939670462,
            46.6886035458988
          ],
          [
            9.744025867008762,
            46.68881463607538
          ],
          [
            9.744043506561784,
            46.68917182524413
          ],
          [
            9.744010390651482,
            46.68989117788103
          ],
          [
            9.744016769235806,
            46.690768156863705
          ],
          [
            9.74412912936049,
            46.69166821719494
          ],
          [
            9.744115117088532,
            46.693542453255844
          ],
          [
            9.744119393171188,
            46.69415344346311
          ],
          [
            9.744156727881322,
            46.69496571125267
          ],
          [
            9.743964060788048,
            46.695097183759145
          ],
          [
            9.743581818955281,
            46.69620815854153
          ],
          [
            9.74302969830328,
            46.69624339593545
          ],
          [
            9.74275991571711,
            46.69620970271451
          ],
          [
            9.742274022366855,
            46.696164178043055
          ],
          [
            9.741819508782928,
            46.696066270775525
          ],
          [
            9.741411031292136,
            46.6959191859562
          ],
          [
            9.740657836447339,
            46.69577961152559
          ],
          [
            9.739985578787456,
            46.69561787941529
          ],
          [
            9.738929754010933,
            46.69550950309396
          ],
          [
            9.738271993358449,
            46.69554347475542
          ],
          [
            9.738107435956948,
            46.69552159656683
          ],
          [
            9.737755309565289,
            46.69553634960169
          ],
          [
            9.73695647679628,
            46.695411980593676
          ],
          [
            9.73641488182152,
            46.69541876077337
          ],
          [
            9.73614575023349,
            46.69543516539341
          ],
          [
            9.735850969906815,
            46.69542607817366
          ],
          [
            9.735479566981905,
            46.69542429389922
          ],
          [
            9.734921619694703,
            46.695176525649
          ],
          [
            9.734774480122837,
            46.694792418545944
          ],
          [
            9.734385844656105,
            46.694646799244204
          ],
          [
            9.73393893745587,
            46.69429995665168
          ],
          [
            9.73373616532978,
            46.6940252399881
          ],
          [
            9.733381935576718,
            46.69367661906804
          ],
          [
            9.733106204279432,
            46.69334415456623
          ],
          [
            9.732878624625062,
            46.69271218457873
          ],
          [
            9.732776402171814,
            46.693125062804135
          ],
          [
            9.732745565308383,
            46.693411853971675
          ],
          [
            9.73261605296304,
            46.693568043766575
          ],
          [
            9.732495263754974,
            46.69378177068106
          ],
          [
            9.732337086687169,
            46.69398272384742
          ],
          [
            9.7323441113405,
            46.694239055004765
          ],
          [
            9.732280501286043,
            46.69464138221658
          ],
          [
            9.73230304041704,
            46.69473900356388
          ],
          [
            9.732297975830742,
            46.69499370612248
          ],
          [
            9.732265081112791,
            46.695189707998885
          ],
          [
            9.732362553977712,
            46.695579047206266
          ],
          [
            9.732351120140097,
            46.69572268195379
          ],
          [
            9.732417929225358,
            46.69583495424898
          ],
          [
            9.732395668080603,
            46.6959552645954
          ],
          [
            9.732431726360923,
            46.6960875133318
          ],
          [
            9.732354455609398,
            46.69631436709278
          ],
          [
            9.732383553370175,
            46.696474869884426
          ],
          [
            9.73236180804036,
            46.696635936882174
          ],
          [
            9.732390514462903,
            46.69673246217108
          ],
          [
            9.73236727929552,
            46.696928944586915
          ],
          [
            9.732399311560782,
            46.69703970291083
          ],
          [
            9.732527948261215,
            46.69728020455596
          ],
          [
            9.732599730568356,
            46.69760477033256
          ],
          [
            9.732717441506873,
            46.69794603241532
          ],
          [
            9.732748720424377,
            46.69815102000724
          ],
          [
            9.732917570087704,
            46.698412751312695
          ],
          [
            9.732912351262645,
            46.69857917333819
          ],
          [
            9.732851108279224,
            46.69879540048148
          ],
          [
            9.732875089321784,
            46.69896562645314
          ],
          [
            9.732859136706137,
            46.699251838854536
          ],
          [
            9.732911163103482,
            46.699441766866016
          ],
          [
            9.732900653545629,
            46.69954498494398
          ],
          [
            9.732636565218632,
            46.70009583156089
          ],
          [
            9.732265113357919,
            46.700085946739655
          ],
          [
            9.731982776131654,
            46.700142752826274
          ],
          [
            9.731753173925924,
            46.70021881784337
          ],
          [
            9.731456746570927,
            46.70038794787586
          ],
          [
            9.731219412906436,
            46.7004917412791
          ],
          [
            9.73073877952627,
            46.700614996703166
          ],
          [
            9.730467254150449,
            46.70070409614961
          ],
          [
            9.730358663247852,
            46.7007199314097
          ],
          [
            9.72969928930566,
            46.70071317163077
          ],
          [
            9.728990322471253,
            46.700665332629704
          ],
          [
            9.728793647631862,
            46.700631909999025
          ],
          [
            9.728656399519906,
            46.700580014445656
          ],
          [
            9.728347822319046,
            46.700420895615345
          ],
          [
            9.72807618108668,
            46.7002520887935
          ],
          [
            9.727880158647894,
            46.70018404909597
          ],
          [
            9.727620952171623,
            46.70015935876166
          ],
          [
            9.727301036072342,
            46.700155262359935
          ],
          [
            9.727026503646547,
            46.700097976855865
          ],
          [
            9.7268522527629,
            46.70002662755616
          ],
          [
            9.72647036044147,
            46.69980903102803
          ],
          [
            9.726302251677325,
            46.69968321070867
          ],
          [
            9.726160305546493,
            46.69951175149339
          ],
          [
            9.725861109238835,
            46.699344338531645
          ],
          [
            9.725694338492094,
            46.69928519351262
          ],
          [
            9.725387972016106,
            46.69930098746611
          ],
          [
            9.725073342815591,
            46.699383244343295
          ],
          [
            9.724695650403588,
            46.69951671135586
          ],
          [
            9.72449308499192,
            46.69952778422669
          ],
          [
            9.724314264441457,
            46.699573531942086
          ],
          [
            9.724083913025193,
            46.69961047633294
          ],
          [
            9.72387267831878,
            46.69967042622225
          ],
          [
            9.723698312266771,
            46.69968517098976
          ],
          [
            9.72352257353534,
            46.699650824732885
          ],
          [
            9.72336625840725,
            46.69959513847699
          ],
          [
            9.722261118351602,
            46.6989291610087
          ],
          [
            9.721808042974063,
            46.69861293011346
          ],
          [
            9.721715694380713,
            46.69844625876226
          ],
          [
            9.721592136241293,
            46.69835963136649
          ],
          [
            9.72140214755693,
            46.69827307437759
          ],
          [
            9.721311371122999,
            46.698133936133125
          ],
          [
            9.721232844426442,
            46.69806265929726
          ],
          [
            9.720778530332968,
            46.697885362695864
          ],
          [
            9.720113327023883,
            46.697871924425385
          ],
          [
            9.719930288194314,
            46.69782961053242
          ],
          [
            9.71973201360614,
            46.69771247505465
          ],
          [
            9.719117062053211,
            46.69743960131507
          ],
          [
            9.718474432382425,
            46.697099684233784
          ],
          [
            9.718299976716557,
            46.69698458975013
          ],
          [
            9.718184583839976,
            46.69686470508363
          ],
          [
            9.71811609934431,
            46.69669073232675
          ],
          [
            9.71814781768934,
            46.69649444416896
          ],
          [
            9.718208777193627,
            46.696333649379845
          ],
          [
            9.71816002776864,
            46.69612277178019
          ],
          [
            9.718066007840514,
            46.69594898572101
          ],
          [
            9.718117173946602,
            46.695727281556614
          ],
          [
            9.718114829529968,
            46.695484473263335
          ],
          [
            9.718030391369687,
            46.69511113400546
          ],
          [
            9.717951044533109,
            46.69493043994355
          ],
          [
            9.7178345916022,
            46.6947797625884
          ],
          [
            9.717665308521966,
            46.694625587869155
          ],
          [
            9.717308112490606,
            46.69449482442666
          ],
          [
            9.717150751091697,
            46.694414465883305
          ],
          [
            9.716876762299892,
            46.694246103478996
          ],
          [
            9.716678141354688,
            46.694041289794164
          ],
          [
            9.716309479500692,
            46.69386958072181
          ],
          [
            9.71601465948071,
            46.693773069059546
          ],
          [
            9.715924720801418,
            46.69376390499735
          ],
          [
            9.71571718854777,
            46.693785726085636
          ],
          [
            9.715531603256357,
            46.69385715343598
          ],
          [
            9.71493440064936,
            46.693933697297815
          ],
          [
            9.714688101292893,
            46.69391428204362
          ],
          [
            9.71433827954267,
            46.69381418483424
          ],
          [
            9.714467170679184,
            46.693675199941296
          ],
          [
            9.714481115754518,
            46.69358223777338
          ],
          [
            9.714381958767673,
            46.693345799469576
          ],
          [
            9.714183566784467,
            46.69318487564851
          ],
          [
            9.714130589509383,
            46.69310808049446
          ],
          [
            9.71415424396009,
            46.69275873267688
          ],
          [
            9.7140844221369,
            46.692525938119054
          ],
          [
            9.714057682229639,
            46.6922475569227
          ],
          [
            9.714067206989746,
            46.69217196169109
          ],
          [
            9.714195881668923,
            46.69191223782553
          ],
          [
            9.714241023691503,
            46.69175797954222
          ],
          [
            9.714268124036058,
            46.6911948205962
          ],
          [
            9.714346663636798,
            46.69102807030743
          ],
          [
            9.714368169063489,
            46.69087591278209
          ],
          [
            9.714435761375258,
            46.690725597738165
          ],
          [
            9.714547040562163,
            46.69062100858184
          ],
          [
            9.714810326377638,
            46.69047546946246
          ],
          [
            9.714854753777837,
            46.69042029838256
          ],
          [
            9.714874886921718,
            46.69032246088375
          ],
          [
            9.714970299717967,
            46.69024854280197
          ],
          [
            9.715041912240295,
            46.690118251471084
          ],
          [
            9.71513157887907,
            46.6900470218162
          ],
          [
            9.715180952739026,
            46.68997426615016
          ],
          [
            9.715264339357002,
            46.68991724573092
          ],
          [
            9.715399738035757,
            46.6899030217649
          ],
          [
            9.715611579702527,
            46.68993626255659
          ],
          [
            9.7157679839543,
            46.68992736002325
          ],
          [
            9.71607353282884,
            46.68982616786991
          ],
          [
            9.716208651073838,
            46.68974209595854
          ],
          [
            9.716443099488185,
            46.68950937698582
          ],
          [
            9.716685804663681,
            46.689346210044924
          ],
          [
            9.716867106430668,
            46.6892663437297
          ],
          [
            9.717442119949487,
            46.68909330977483
          ],
          [
            9.717619111554686,
            46.688981103903785
          ],
          [
            9.717880865188,
            46.68891423293347
          ],
          [
            9.718108409559568,
            46.68876631387721
          ],
          [
            9.718372412368426,
            46.688701952559754
          ],
          [
            9.718961885185884,
            46.68835295488905
          ],
          [
            9.719050352066112,
            46.68826961490882
          ],
          [
            9.71909910782683,
            46.688135044482706
          ],
          [
            9.719283451067104,
            46.68793886916426
          ],
          [
            9.719711916392715,
            46.68769701346019
          ],
          [
            9.719865456955628,
            46.687542877522716
          ],
          [
            9.720139100035114,
            46.687457719529114
          ],
          [
            9.720232194791754,
            46.68740782636249
          ],
          [
            9.720263640707008,
            46.68736377507287
          ],
          [
            9.720253501577435,
            46.687317280612554
          ],
          [
            9.720082513874077,
            46.687153640546
          ],
          [
            9.720117567823905,
            46.68705851793205
          ],
          [
            9.720319307722535,
            46.68681744585767
          ],
          [
            9.720547889056107,
            46.68667059874222
          ],
          [
            9.720888672621115,
            46.686381825659765
          ],
          [
            9.720972645652365,
            46.68622607551603
          ],
          [
            9.721130666271208,
            46.6860191209426
          ],
          [
            9.721233863529145,
            46.6857824145916
          ],
          [
            9.721445822281535,
            46.68544864956249
          ],
          [
            9.721701051555252,
            46.68498447189408
          ],
          [
            9.721877176900714,
            46.68479481907806
          ],
          [
            9.722180649971651,
            46.684412170343435
          ],
          [
            9.722408885324757,
            46.68402511603348
          ],
          [
            9.722864324678847,
            46.6834635366485
          ],
          [
            9.723177696870067,
            46.68291719562974
          ],
          [
            9.723431279277708,
            46.68268872996254
          ],
          [
            9.723931136218267,
            46.68209981512332
          ],
          [
            9.723973206419668,
            46.681911533232515
          ],
          [
            9.724147096115084,
            46.681661787764185
          ],
          [
            9.724215019191506,
            46.68151772290374
          ],
          [
            9.724169208349977,
            46.68132398613928
          ],
          [
            9.724069669330529,
            46.68124730144214
          ],
          [
            9.7239685220856,
            46.6810903208486
          ],
          [
            9.722092270479214,
            46.68223183847987
          ],
          [
            9.721723900604143,
            46.682479150803275
          ],
          [
            9.721457295852627,
            46.68261072571296
          ],
          [
            9.720748050584884,
            46.68274590111048
          ],
          [
            9.720173172872453,
            46.68273719141689
          ],
          [
            9.719348849442792,
            46.68262632586643
          ],
          [
            9.71782457569517,
            46.68212329072305
          ],
          [
            9.718018498219429,
            46.682012508891546
          ],
          [
            9.718161388917775,
            46.68180803881375
          ],
          [
            9.718168505737573,
            46.681626074269964
          ],
          [
            9.71856881144039,
            46.68157642559411
          ],
          [
            9.718768414746545,
            46.6815067186231
          ],
          [
            9.719083298754676,
            46.681150505725256
          ],
          [
            9.71908881853111,
            46.68099549897336
          ],
          [
            9.719169572206516,
            46.68079891253139
          ],
          [
            9.719339762727559,
            46.680707816809075
          ],
          [
            9.719441631190051,
            46.68051800696821
          ],
          [
            9.71981291166397,
            46.68037521577021
          ],
          [
            9.720028837643268,
            46.68026274787232
          ],
          [
            9.720135491107415,
            46.680132390056485
          ],
          [
            9.72032869898627,
            46.68000312473025
          ],
          [
            9.720438918071988,
            46.67979414009465
          ],
          [
            9.720579578799592,
            46.679706450544636
          ],
          [
            9.720642128604752,
            46.6795761565146
          ],
          [
            9.720593824042435,
            46.679399792212024
          ],
          [
            9.720800043844521,
            46.67926601772674
          ],
          [
            9.721114082398607,
            46.679156964080626
          ],
          [
            9.721096689407497,
            46.67899178785685
          ],
          [
            9.72105373109451,
            46.67892796121081
          ],
          [
            9.7212462215152,
            46.67873210452343
          ],
          [
            9.721721907043097,
            46.67847808024145
          ],
          [
            9.722057863473179,
            46.678252124323755
          ],
          [
            9.722132271021893,
            46.67804867012694
          ],
          [
            9.722221501568256,
            46.67808186221066
          ],
          [
            9.722268520458076,
            46.67805498377346
          ],
          [
            9.722273921675344,
            46.677984239757826
          ],
          [
            9.722373049471221,
            46.677899675069284
          ],
          [
            9.722325728680156,
            46.67764591540321
          ],
          [
            9.722135188988538,
            46.677717715196636
          ],
          [
            9.722248619898135,
            46.67755092502687
          ],
          [
            9.722150350780225,
            46.67750866281324
          ],
          [
            9.722118685359563,
            46.677385403620136
          ],
          [
            9.722259094203727,
            46.67717638783091
          ],
          [
            9.722141934066668,
            46.67717712508767
          ],
          [
            9.722146136912608,
            46.67708392475679
          ],
          [
            9.721968104700027,
            46.677104249438464
          ],
          [
            9.722004151621531,
            46.67703066845176
          ],
          [
            9.72040270538127,
            46.676820093018115
          ],
          [
            9.718828917764192,
            46.67515802594882
          ],
          [
            9.718848604980867,
            46.675097291475836
          ],
          [
            9.718746029044622,
            46.67499685103346
          ],
          [
            9.718746114232047,
            46.67491065380744
          ],
          [
            9.718660479031856,
            46.674814445922955
          ],
          [
            9.71852525459104,
            46.67488729266493
          ],
          [
            9.718439691256435,
            46.67486026097818
          ],
          [
            9.718385147373493,
            46.67490861682714
          ],
          [
            9.718355165638691,
            46.67485748863668
          ],
          [
            9.718400374278707,
            46.67474164469068
          ],
          [
            9.718334053423908,
            46.67466190583237
          ],
          [
            9.718105096404766,
            46.6746189074122
          ],
          [
            9.717966400069765,
            46.674655672676266
          ],
          [
            9.717873065318935,
            46.67464429288087
          ],
          [
            9.71780550502805,
            46.67458750879649
          ],
          [
            9.717835428475954,
            46.67454747516532
          ],
          [
            9.717541805332015,
            46.6742904515126
          ],
          [
            9.717537026054064,
            46.674216266720485
          ],
          [
            9.71742144047657,
            46.67423897109398
          ],
          [
            9.717379462495627,
            46.67413375371568
          ],
          [
            9.717253894310149,
            46.67410704433502
          ],
          [
            9.717209388357265,
            46.67404104249778
          ],
          [
            9.717010675699989,
            46.67408013180999
          ],
          [
            9.716929994725717,
            46.67405876095601
          ],
          [
            9.716952950813432,
            46.6739961346095
          ],
          [
            9.71685964139994,
            46.673908187305
          ],
          [
            9.716675092063225,
            46.67386557599471
          ],
          [
            9.716764193152294,
            46.67375716148056
          ],
          [
            9.71675223862678,
            46.673693541358055
          ],
          [
            9.716681621364549,
            46.67360453722244
          ],
          [
            9.716576232443145,
            46.673545089091405
          ],
          [
            9.716082454889506,
            46.67356039623388
          ],
          [
            9.715808920211222,
            46.67351797843598
          ],
          [
            9.715706400205278,
            46.67356897476527
          ],
          [
            9.715657712854906,
            46.67351939869171
          ],
          [
            9.715593202728217,
            46.67348493369849
          ],
          [
            9.715222582279713,
            46.67353927153492
          ],
          [
            9.715231073214708,
            46.67343246000686
          ],
          [
            9.715107490079681,
            46.67349367692906
          ],
          [
            9.715039082762745,
            46.673455455793025
          ],
          [
            9.714708554905142,
            46.67362408306195
          ],
          [
            9.714615058881899,
            46.68152619984451
          ],
          [
            9.71254466446393,
            46.68646221517827
          ],
          [
            9.71047055677059,
            46.690206239017854
          ],
          [
            9.70767764776375,
            46.68823426189674
          ],
          [
            9.707311213624877,
            46.68837115570791
          ],
          [
            9.70695498058458,
            46.68842783273272
          ],
          [
            9.706360954594487,
            46.68788509265989
          ],
          [
            9.705559117356993,
            46.68827607208447
          ],
          [
            9.704962112908099,
            46.68859375006212
          ],
          [
            9.704040179760819,
            46.68906863987247
          ],
          [
            9.703918492086109,
            46.6889456090353
          ],
          [
            9.70364431874517,
            46.68883162030914
          ],
          [
            9.703309873962109,
            46.68873763712241
          ],
          [
            9.703004111479636,
            46.68849066263961
          ],
          [
            9.70273461009059,
            46.688347970334625
          ],
          [
            9.702294223819136,
            46.68848552499276
          ],
          [
            9.701693846097577,
            46.68854706164782
          ],
          [
            9.70154775959653,
            46.68894791850571
          ],
          [
            9.70165677476536,
            46.689104446651534
          ],
          [
            9.701912537055703,
            46.689291222734816
          ],
          [
            9.702321207243635,
            46.689457718603435
          ],
          [
            9.702560086408125,
            46.689595467731955
          ],
          [
            9.703144525498839,
            46.68988810326621
          ],
          [
            9.702914675949273,
            46.69029040131239
          ],
          [
            9.702778364707015,
            46.6904051501838
          ],
          [
            9.702822550578688,
            46.690544669749684
          ],
          [
            9.702779271774936,
            46.69081920593371
          ],
          [
            9.702621518579097,
            46.69112149306512
          ],
          [
            9.702587321091785,
            46.69120415560442
          ],
          [
            9.702622412560219,
            46.69127996118607
          ],
          [
            9.702636562281233,
            46.69133043590001
          ],
          [
            9.702619246890919,
            46.6913759561287
          ],
          [
            9.702532673266695,
            46.691543793106604
          ],
          [
            9.702556781751264,
            46.691588490469535
          ],
          [
            9.702489050309554,
            46.691688287722734
          ],
          [
            9.702431948890393,
            46.69179831291978
          ],
          [
            9.702394358646908,
            46.691825058414565
          ],
          [
            9.702400623282001,
            46.6918590411531
          ],
          [
            9.702362212380486,
            46.691912989681285
          ],
          [
            9.702325258191479,
            46.69190813513786
          ],
          [
            9.702272600251206,
            46.69194950667519
          ],
          [
            9.702140231181437,
            46.69198345305916
          ],
          [
            9.70194685003873,
            46.69205261909688
          ],
          [
            9.70184700944791,
            46.69213558602269
          ],
          [
            9.701663948451827,
            46.692301477556164
          ],
          [
            9.701508955894647,
            46.69242252617336
          ],
          [
            9.70144001141443,
            46.692453232580505
          ],
          [
            9.701365497751217,
            46.69246029149283
          ],
          [
            9.701242807854493,
            46.69253454125259
          ],
          [
            9.701246938396768,
            46.692583145189545
          ],
          [
            9.701225647991517,
            46.69261749502127
          ],
          [
            9.701184829478073,
            46.692608136198324
          ],
          [
            9.701074560878052,
            46.69269697893942
          ],
          [
            9.70094307103045,
            46.69278190516387
          ],
          [
            9.700858586020402,
            46.692860912662496
          ],
          [
            9.700753268397134,
            46.69290097087109
          ],
          [
            9.700473660574383,
            46.69302738903336
          ],
          [
            9.700378117782341,
            46.693123435188056
          ],
          [
            9.700190607357243,
            46.69320175983163
          ],
          [
            9.700031570735332,
            46.69325828098091
          ],
          [
            9.699943135574301,
            46.69332453321001
          ],
          [
            9.699826297369013,
            46.69367460006403
          ],
          [
            9.699725237215839,
            46.693738285811826
          ],
          [
            9.699669899543874,
            46.6938331557283
          ],
          [
            9.69967518536841,
            46.69397241313995
          ],
          [
            9.699617971596632,
            46.694123025550354
          ],
          [
            9.699495568088501,
            46.69422080062945
          ],
          [
            9.69949055213079,
            46.6942986805741
          ],
          [
            9.699397372992328,
            46.694411903476094
          ],
          [
            9.699324424922565,
            46.69453163643334
          ],
          [
            9.698956393072445,
            46.69458161905372
          ],
          [
            9.698822143817619,
            46.69478102270502
          ],
          [
            9.698830322359498,
            46.694898525572086
          ],
          [
            9.698712423791314,
            46.69506239980334
          ],
          [
            9.698628915416501,
            46.6951611394561
          ],
          [
            9.698579250779302,
            46.695296293852664
          ],
          [
            9.698597965620406,
            46.69542148013954
          ],
          [
            9.698585620956267,
            46.6954880492906
          ],
          [
            9.698523833992763,
            46.69554082201194
          ],
          [
            9.698387841335888,
            46.695774582708
          ],
          [
            9.698423211232678,
            46.695844615457155
          ],
          [
            9.698418021817684,
            46.69596992472341
          ],
          [
            9.698306524966961,
            46.69612465428855
          ],
          [
            9.69832107049641,
            46.696205260052146
          ],
          [
            9.69832302442736,
            46.696315317967766
          ],
          [
            9.698351697486302,
            46.69655586603986
          ],
          [
            9.698365628200548,
            46.69657618910695
          ],
          [
            9.698159883993798,
            46.696710756827486
          ],
          [
            9.698041667693305,
            46.69686187559867
          ],
          [
            9.698058808166396,
            46.69693073994151
          ],
          [
            9.69780132804689,
            46.69725109576245
          ],
          [
            9.697812970152311,
            46.69736389538118
          ],
          [
            9.697757020591032,
            46.69739902141293
          ],
          [
            9.697646127879146,
            46.69772169091334
          ],
          [
            9.697610475498335,
            46.69778269235222
          ],
          [
            9.697482715722932,
            46.69785559827976
          ],
          [
            9.697333667446483,
            46.6978883393795
          ],
          [
            9.697299937497604,
            46.697926534561624
          ],
          [
            9.697427192096256,
            46.698063698918126
          ],
          [
            9.697397494786069,
            46.698141671808344
          ],
          [
            9.697609205497477,
            46.69831845979628
          ],
          [
            9.69769340361402,
            46.69872151355205
          ],
          [
            9.69754706440176,
            46.69918268157022
          ],
          [
            9.69740612409917,
            46.69947229801637
          ],
          [
            9.697291020096023,
            46.699686708703986
          ],
          [
            9.697326445505846,
            46.69991614403564
          ],
          [
            9.69745970915254,
            46.7002976444189
          ],
          [
            9.697658644433425,
            46.70059741710163
          ],
          [
            9.697844182947279,
            46.70086428382653
          ],
          [
            9.697848453182134,
            46.70111339686858
          ],
          [
            9.697916897178844,
            46.701298774353425
          ],
          [
            9.697698837614631,
            46.7015539225711
          ],
          [
            9.69771517550336,
            46.70171137326805
          ],
          [
            9.697673046569816,
            46.701756466376274
          ],
          [
            9.697692556828608,
            46.70188127699695
          ],
          [
            9.697623170741709,
            46.70203142728984
          ],
          [
            9.697753888943808,
            46.70231041362718
          ],
          [
            9.697710300524415,
            46.70245936875563
          ],
          [
            9.697647817108708,
            46.702621621195725
          ],
          [
            9.697506776739251,
            46.702772516391235
          ],
          [
            9.697547168616344,
            46.70300677580095
          ],
          [
            9.697482970938239,
            46.70306437408473
          ],
          [
            9.69749613459076,
            46.70311164715627
          ],
          [
            9.697421590958331,
            46.70321270969226
          ],
          [
            9.6974267927097,
            46.70328633728186
          ],
          [
            9.69737040747356,
            46.703354327781824
          ],
          [
            9.697396516545796,
            46.703437413255756
          ],
          [
            9.697358307864794,
            46.70356274662013
          ],
          [
            9.69736148838158,
            46.70376994476879
          ],
          [
            9.697403655997263,
            46.70419752638038
          ],
          [
            9.697422286466095,
            46.70423945358846
          ],
          [
            9.697428235048061,
            46.70431591912828
          ],
          [
            9.697425228007452,
            46.70440031945051
          ],
          [
            9.697399705967742,
            46.704465619572964
          ],
          [
            9.697403186971517,
            46.704561572331066
          ],
          [
            9.697446871184988,
            46.70463324051088
          ],
          [
            9.697435071196939,
            46.70469196928402
          ],
          [
            9.69739418198628,
            46.704793291813665
          ],
          [
            9.697428201574322,
            46.704830963441495
          ],
          [
            9.697480360308193,
            46.704948809703055
          ],
          [
            9.697455125959033,
            46.70500286409802
          ],
          [
            9.697470318463271,
            46.705059528158635
          ],
          [
            9.697411698472965,
            46.70521853607094
          ],
          [
            9.697365216609246,
            46.7053084593804
          ],
          [
            9.697342290088308,
            46.70540764412094
          ],
          [
            9.697307040024164,
            46.70548744571376
          ],
          [
            9.697311644101063,
            46.70564772066012
          ],
          [
            9.697274117400656,
            46.70573251691639
          ],
          [
            9.697182763121718,
            46.70577554328738
          ],
          [
            9.697052002483499,
            46.705945978313984
          ],
          [
            9.697011030786049,
            46.705976307428664
          ],
          [
            9.697016721442138,
            46.70601912098603
          ],
          [
            9.696986620476112,
            46.706053194395835
          ],
          [
            9.696989352305264,
            46.70618407896041
          ],
          [
            9.696965162661376,
            46.70622811438735
          ],
          [
            9.696922507143402,
            46.70627791513905
          ],
          [
            9.696882907791116,
            46.706360412500004
          ],
          [
            9.696897538555918,
            46.70637866107569
          ],
          [
            9.696895363003613,
            46.70639544272344
          ],
          [
            9.696788339084778,
            46.7064513780556
          ],
          [
            9.696775114575976,
            46.70648547707804
          ],
          [
            9.696784590428363,
            46.70651183708277
          ],
          [
            9.696764650915807,
            46.7065917851565
          ],
          [
            9.696778647280615,
            46.70662300519167
          ],
          [
            9.696764773947155,
            46.706660356782734
          ],
          [
            9.69677242308974,
            46.70677746511736
          ],
          [
            9.696752637235825,
            46.70680170496485
          ],
          [
            9.696750431511425,
            46.706817767267815
          ],
          [
            9.696770727764731,
            46.70685885165342
          ],
          [
            9.696778993326411,
            46.70691880272501
          ],
          [
            9.696754846514839,
            46.706999815042614
          ],
          [
            9.696710992820458,
            46.70705413903808
          ],
          [
            9.696702144910363,
            46.7070990404144
          ],
          [
            9.696714896903192,
            46.70711615632916
          ],
          [
            9.696661208001498,
            46.707211801544595
          ],
          [
            9.696634344723584,
            46.70728261752065
          ],
          [
            9.696603451556484,
            46.707341544342775
          ],
          [
            9.696601271376727,
            46.707367595268394
          ],
          [
            9.696528706568055,
            46.70755018675474
          ],
          [
            9.69640642748415,
            46.70763585124664
          ],
          [
            9.69609321028462,
            46.70791374023367
          ],
          [
            9.695991215640657,
            46.707971464980766
          ],
          [
            9.695712715864225,
            46.708247495508864
          ],
          [
            9.69558362162726,
            46.70836389131243
          ],
          [
            9.69530146347317,
            46.70855882025483
          ],
          [
            9.69516177137895,
            46.70862862940916
          ],
          [
            9.694886870625822,
            46.708731270679294
          ],
          [
            9.69476043143437,
            46.70874574186022
          ],
          [
            9.694635995907557,
            46.70877340209169
          ],
          [
            9.694404069230684,
            46.708861953931525
          ],
          [
            9.694323990336695,
            46.70895236057249
          ],
          [
            9.694211438352525,
            46.70902082160182
          ],
          [
            9.69409131875603,
            46.70902312605052
          ],
          [
            9.693846040276357,
            46.70915566801256
          ],
          [
            9.693800155295525,
            46.709159635396055
          ],
          [
            9.693739536425586,
            46.709205470545314
          ],
          [
            9.693758035057076,
            46.709247400915
          ],
          [
            9.693725188497915,
            46.709306644474275
          ],
          [
            9.693588424186359,
            46.70941842000426
          ],
          [
            9.693472110414545,
            46.709577837659225
          ],
          [
            9.693302366831944,
            46.7097645085228
          ],
          [
            9.693194692560553,
            46.70994599203815
          ],
          [
            9.693160895846486,
            46.710129965190205
          ],
          [
            9.69312909541509,
            46.71014571270011
          ],
          [
            9.693118730308623,
            46.71017912473304
          ],
          [
            9.69288305689864,
            46.71046968953177
          ],
          [
            9.692863382654966,
            46.710534242860945
          ],
          [
            9.69260289114904,
            46.710634514606106
          ],
          [
            9.69250468749631,
            46.71075155583227
          ],
          [
            9.692534835105292,
            46.71080927467824
          ],
          [
            9.69248463542861,
            46.710922937086714
          ],
          [
            9.692433922309649,
            46.71101492153988
          ],
          [
            9.69239169758643,
            46.71114129510562
          ],
          [
            9.692271020839176,
            46.71121837392097
          ],
          [
            9.692190852989134,
            46.71132560916472
          ],
          [
            9.692097451905099,
            46.711370381471475
          ],
          [
            9.692097564072824,
            46.711425994315235
          ],
          [
            9.69201140972343,
            46.711546846541005
          ],
          [
            9.691899608121828,
            46.71168953367136
          ],
          [
            9.691823425153359,
            46.711801369452445
          ],
          [
            9.691764858607009,
            46.71195596320538
          ],
          [
            9.69158315067961,
            46.712082033051594
          ],
          [
            9.691532390212767,
            46.7122074050006
          ],
          [
            9.691429350330443,
            46.712283954358774
          ],
          [
            9.691422033103807,
            46.71234088387571
          ],
          [
            9.691234957364145,
            46.712566860273846
          ],
          [
            9.691133295954733,
            46.71283686482438
          ],
          [
            9.691035086118358,
            46.71294139585395
          ],
          [
            9.691008963068379,
            46.71299540313488
          ],
          [
            9.690900253346621,
            46.71317811948487
          ],
          [
            9.690877449079178,
            46.71329312970707
          ],
          [
            9.69073364979419,
            46.71338407228979
          ],
          [
            9.6907467574195,
            46.713415670530466
          ],
          [
            9.690645349726596,
            46.71348156781356
          ],
          [
            9.690583589667355,
            46.71356292547303
          ],
          [
            9.690549068675404,
            46.71358534034321
          ],
          [
            9.690528061819036,
            46.71363687065905
          ],
          [
            9.690510581686565,
            46.713710199355795
          ],
          [
            9.690462781056628,
            46.713781517111045
          ],
          [
            9.69046714831354,
            46.71385792399874
          ],
          [
            9.690432071754463,
            46.713895243464584
          ],
          [
            9.69042196613609,
            46.71397598582008
          ],
          [
            9.690337438877897,
            46.71408240575039
          ],
          [
            9.690328148563122,
            46.71413253473785
          ],
          [
            9.690293358375175,
            46.71420179563077
          ],
          [
            9.690196839059425,
            46.71432843046782
          ],
          [
            9.690117857711755,
            46.71435176815137
          ],
          [
            9.689999616953857,
            46.714437615433404
          ],
          [
            9.68984429570205,
            46.71449053774106
          ],
          [
            9.689840005195437,
            46.714535078453075
          ],
          [
            9.689798082704025,
            46.714599620432104
          ],
          [
            9.689713485407532,
            46.714654565866894
          ],
          [
            9.689587488299736,
            46.71472670707399
          ],
          [
            9.689518381028261,
            46.71481392361711
          ],
          [
            9.689535845660348,
            46.71484678585072
          ],
          [
            9.689552998388749,
            46.71492860982688
          ],
          [
            9.689540442191229,
            46.71495881600294
          ],
          [
            9.68502691488322,
            46.71821315327093
          ],
          [
            9.680782380454188,
            46.7205636617872
          ],
          [
            9.680861667258679,
            46.72081867768471
          ],
          [
            9.680627727456848,
            46.721123093189725
          ],
          [
            9.680463006924981,
            46.721300312226
          ],
          [
            9.680364655182137,
            46.721380880300885
          ],
          [
            9.679648585916183,
            46.72168564535723
          ],
          [
            9.679529011341973,
            46.72187653634414
          ],
          [
            9.678942973607526,
            46.72201678379326
          ],
          [
            9.678306768672869,
            46.72250632534858
          ],
          [
            9.678224336513374,
            46.722556629649006
          ],
          [
            9.677743602403204,
            46.72266061485022
          ],
          [
            9.677614559092975,
            46.72269991902673
          ],
          [
            9.677501996166814,
            46.722776551905824
          ],
          [
            9.677204397670186,
            46.72296413183537
          ],
          [
            9.676881535987796,
            46.72318626853209
          ],
          [
            9.676727941570606,
            46.723244807735874
          ],
          [
            9.676611792473787,
            46.72326188177868
          ],
          [
            9.676209120444597,
            46.723297428763416
          ],
          [
            9.676118650740376,
            46.723325031375325
          ],
          [
            9.676069754361022,
            46.72338605096614
          ],
          [
            9.676067395104434,
            46.723512130152315
          ],
          [
            9.676044641316373,
            46.72357465261528
          ],
          [
            9.675980927976735,
            46.72361729865619
          ],
          [
            9.675877970094351,
            46.72365901373654
          ],
          [
            9.675701225115084,
            46.723630507091805
          ],
          [
            9.675602776010061,
            46.72364684590493
          ],
          [
            9.675567867649464,
            46.724176058778426
          ],
          [
            9.675383747746146,
            46.724321262548834
          ],
          [
            9.67530036955479,
            46.72436434786984
          ],
          [
            9.675244212265014,
            46.72441346863077
          ],
          [
            9.675075082962643,
            46.72459958488765
          ],
          [
            9.675018313682356,
            46.72463427392322
          ],
          [
            9.674889506221854,
            46.72469520416078
          ],
          [
            9.67478131635515,
            46.724762929279585
          ],
          [
            9.674686441361315,
            46.724852585076235
          ],
          [
            9.674560726348007,
            46.724955930179576
          ],
          [
            9.67439506698392,
            46.7250727470078
          ],
          [
            9.674319638369617,
            46.7251403333327
          ],
          [
            9.674215157966508,
            46.725317153580086
          ],
          [
            9.67412655288348,
            46.72554390465356
          ],
          [
            9.674082541159095,
            46.72558521844542
          ],
          [
            9.67399335800303,
            46.72563987242139
          ],
          [
            9.673842116192905,
            46.72578225126461
          ],
          [
            9.673752470969658,
            46.725819770761404
          ],
          [
            9.673583665409316,
            46.72586803864381
          ],
          [
            9.673457794590458,
            46.72597499413378
          ],
          [
            9.673295702616139,
            46.72601980933735
          ],
          [
            9.673272032387096,
            46.726074213894584
          ],
          [
            9.673170005023355,
            46.72614928590173
          ],
          [
            9.673063577432849,
            46.72626029652977
          ],
          [
            9.672664897723045,
            46.7264256546049
          ],
          [
            9.672623805274766,
            46.72654001047132
          ],
          [
            9.67250053591574,
            46.72656863051662
          ],
          [
            9.672421788322529,
            46.72670279299777
          ],
          [
            9.672350851664106,
            46.72673265561085
          ],
          [
            9.672252938338325,
            46.726751977608416
          ],
          [
            9.672111624607124,
            46.726800892669885
          ],
          [
            9.671776809382013,
            46.727077674717414
          ],
          [
            9.671666570695173,
            46.72710750552928
          ],
          [
            9.671514738295109,
            46.72720931560569
          ],
          [
            9.671214258205671,
            46.72737610238381
          ],
          [
            9.671112690158173,
            46.72744216432771
          ],
          [
            9.671009575742447,
            46.727460444145805
          ],
          [
            9.67092555093791,
            46.727490004077254
          ],
          [
            9.670883111416035,
            46.72755295564077
          ],
          [
            9.670907037506188,
            46.72767696308859
          ],
          [
            9.670832335049761,
            46.72775627656064
          ],
          [
            9.670381870948583,
            46.727882557758385
          ],
          [
            9.670331302284177,
            46.727924610246056
          ],
          [
            9.670316464708279,
            46.72801165202938
          ],
          [
            9.670207719556673,
            46.72806403992044
          ],
          [
            9.670222977261954,
            46.72812566426383
          ],
          [
            9.670200023971953,
            46.728191797904
          ],
          [
            9.670038414702152,
            46.72835824882219
          ],
          [
            9.66993525691671,
            46.72837742838512
          ],
          [
            9.669869644073652,
            46.72837947696104
          ],
          [
            9.669792536325428,
            46.72840198037493
          ],
          [
            9.669699458392735,
            46.72850790292826
          ],
          [
            9.669575719211922,
            46.72878154762507
          ],
          [
            9.669457564502485,
            46.72891751355119
          ],
          [
            9.669212915355308,
            46.72925047806375
          ],
          [
            9.669275123703219,
            46.729342960105434
          ],
          [
            9.669126053007579,
            46.72973454698277
          ],
          [
            9.66979584902006,
            46.730134145123465
          ],
          [
            9.669890142786839,
            46.73016919681321
          ],
          [
            9.670500179447279,
            46.73016122048005
          ],
          [
            9.670623277798793,
            46.730170933351495
          ],
          [
            9.670797720811196,
            46.730216735562884
          ],
          [
            9.671104575034203,
            46.73032679119623
          ],
          [
            9.671247350572465,
            46.730384695455065
          ],
          [
            9.671836042737507,
            46.730750233134714
          ],
          [
            9.672538225477084,
            46.73092742540293
          ],
          [
            9.673517280377048,
            46.731244047359745
          ],
          [
            9.674041897372854,
            46.731327447293204
          ],
          [
            9.6746372480126,
            46.731505649797136
          ],
          [
            9.674757129313502,
            46.73159644045562
          ],
          [
            9.674884999742748,
            46.731737847411075
          ],
          [
            9.67498387680759,
            46.731813517176896
          ],
          [
            9.675380785754403,
            46.73190915209558
          ],
          [
            9.675635960507897,
            46.73204158227607
          ],
          [
            9.676598329461338,
            46.732628173640194
          ],
          [
            9.67675812678493,
            46.732694781356976
          ],
          [
            9.67693525882987,
            46.73274102561736
          ],
          [
            9.677085141953402,
            46.73275922314787
          ],
          [
            9.677295096903025,
            46.732859933364246
          ],
          [
            9.6773915153866,
            46.73293047489547
          ],
          [
            9.677422684013843,
            46.73302359805478
          ],
          [
            9.677428000923085,
            46.733305490441104
          ],
          [
            9.678271505727563,
            46.73390506541174
          ],
          [
            9.678403697592637,
            46.73426988627626
          ],
          [
            9.678732976056509,
            46.73485101833939
          ],
          [
            9.679372796563797,
            46.73517199495673
          ],
          [
            9.680168841395979,
            46.73568975102021
          ],
          [
            9.680843180298444,
            46.736096892073384
          ],
          [
            9.681239522189493,
            46.736310038296764
          ],
          [
            9.682347242148392,
            46.737012991461505
          ],
          [
            9.683208755117384,
            46.7376842698177
          ],
          [
            9.683650387224258,
            46.73813771194725
          ],
          [
            9.683932078454223,
            46.73843732867046
          ],
          [
            9.684655337611774,
            46.739417109060284
          ],
          [
            9.684657453524691,
            46.739542056558996
          ],
          [
            9.684587067386573,
            46.739805659543954
          ],
          [
            9.684445003211216,
            46.74012686430331
          ],
          [
            9.685331126436038,
            46.740010064877346
          ],
          [
            9.68558961664152,
            46.740004739611656
          ],
          [
            9.686012790560383,
            46.73995162362826
          ],
          [
            9.686611081059347,
            46.739849186592366
          ],
          [
            9.687564835261059,
            46.7398037050343
          ],
          [
            9.688262373377954,
            46.74006024082154
          ],
          [
            9.68851235086232,
            46.74013009380452
          ],
          [
            9.689715916716192,
            46.740059121931125
          ],
          [
            9.69022038140079,
            46.74008258882786
          ],
          [
            9.692525185297388,
            46.73891560533056
          ],
          [
            9.695550565638847,
            46.73912487237591
          ],
          [
            9.697901384758595,
            46.73901028504726
          ],
          [
            9.701666449557566,
            46.739680894924014
          ],
          [
            9.701880824102936,
            46.73999112803236
          ],
          [
            9.701889193329968,
            46.740056098222446
          ],
          [
            9.701852098744382,
            46.74012227639618
          ],
          [
            9.701677840328545,
            46.74029655642386
          ],
          [
            9.701651425703556,
            46.741000458114705
          ],
          [
            9.702209722774516,
            46.74187699973767
          ],
          [
            9.702652181499722,
            46.742610392761115
          ],
          [
            9.70283114674673,
            46.742875674085944
          ],
          [
            9.703244896550098,
            46.74324404214883
          ],
          [
            9.703785196503897,
            46.74346488292623
          ],
          [
            9.703936609755395,
            46.74358146686883
          ],
          [
            9.704057964337952,
            46.74371076946396
          ],
          [
            9.704299016115758,
            46.743991572260384
          ],
          [
            9.70520095353543,
            46.743997126124256
          ],
          [
            9.705882259231466,
            46.74391254815607
          ],
          [
            9.706238781729631,
            46.74391314741659
          ],
          [
            9.70721095406603,
            46.743980022827174
          ],
          [
            9.707642761325516,
            46.74403591467379
          ],
          [
            9.70845694737572,
            46.744186275725525
          ],
          [
            9.708671271372937,
            46.74424553674935
          ],
          [
            9.70885422185034,
            46.744318299600465
          ],
          [
            9.70903656004395,
            46.744411637577585
          ],
          [
            9.709160557003582,
            46.744488020988705
          ],
          [
            9.709619627384846,
            46.7447844610955
          ],
          [
            9.710047539377074,
            46.74510344192881
          ],
          [
            9.710174144053987,
            46.745232318853525
          ],
          [
            9.710355668723903,
            46.74553518200747
          ],
          [
            9.713480767378751,
            46.74616785837317
          ],
          [
            9.71519227098418,
            46.74735019095809
          ],
          [
            9.715195833181255,
            46.75130339528395
          ],
          [
            9.716412454195407,
            46.751821686862876
          ],
          [
            9.717256189542775,
            46.752434714900645
          ],
          [
            9.717694140346392,
            46.75291055018685
          ],
          [
            9.718129590831115,
            46.75333977279189
          ],
          [
            9.718734325546581,
            46.75356788874942
          ],
          [
            9.72018658208068,
            46.75479810595825
          ],
          [
            9.72040829320089,
            46.75497888610856
          ],
          [
            9.720631284094281,
            46.75540819954448
          ],
          [
            9.720639075355532,
            46.75659640358613
          ],
          [
            9.72072056835841,
            46.75667172638377
          ],
          [
            9.72083931918564,
            46.757048966702975
          ],
          [
            9.721035695027059,
            46.75756997417101
          ],
          [
            9.72147713401009,
            46.75856629696153
          ],
          [
            9.721639619769588,
            46.759489500985005
          ],
          [
            9.721201444696817,
            46.76075398528337
          ],
          [
            9.720955781804237,
            46.76095632420682
          ],
          [
            9.721746011917185,
            46.7614596925977
          ],
          [
            9.722239456101493,
            46.76208012676478
          ],
          [
            9.723094399626508,
            46.76227034933706
          ],
          [
            9.723393981437258,
            46.762908032334714
          ],
          [
            9.724503224368542,
            46.763421185037615
          ],
          [
            9.725264360214366,
            46.76368505789868
          ],
          [
            9.726334920610817,
            46.76371344943402
          ],
          [
            9.726734875530607,
            46.76399942812009
          ],
          [
            9.727379619395576,
            46.76418343948394
          ],
          [
            9.727640142277414,
            46.76400125290237
          ],
          [
            9.727784068332266,
            46.76395408066924
          ],
          [
            9.727946529703027,
            46.76393907777451
          ],
          [
            9.729024949093464,
            46.763857936444126
          ],
          [
            9.728925215256899,
            46.76421459915871
          ],
          [
            9.729055166639114,
            46.764590473379336
          ],
          [
            9.730410012719387,
            46.765852419984775
          ],
          [
            9.73295453991562,
            46.76641551410237
          ],
          [
            9.728107609755483,
            46.77036709683245
          ],
          [
            9.726877674049891,
            46.77131608375463
          ],
          [
            9.726783110912677,
            46.77192038944475
          ],
          [
            9.724395821664498,
            46.773288356842876
          ],
          [
            9.724374291499135,
            46.774185076465876
          ],
          [
            9.725238546424192,
            46.775615294933544
          ],
          [
            9.725764526943543,
            46.77559663104324
          ],
          [
            9.726870377651522,
            46.77548007523124
          ],
          [
            9.728336592260758,
            46.77602879476048
          ],
          [
            9.729603529806186,
            46.77660884437416
          ],
          [
            9.730659446491888,
            46.777214319922784
          ],
          [
            9.731224116594596,
            46.777175469905345
          ],
          [
            9.731831339435999,
            46.777735365100874
          ],
          [
            9.73224958607062,
            46.778303851010364
          ],
          [
            9.733076239025417,
            46.779732043625515
          ],
          [
            9.733142092678822,
            46.780338287313185
          ],
          [
            9.734075415119662,
            46.78085863436323
          ],
          [
            9.734587587456273,
            46.780946372812096
          ],
          [
            9.735221921879688,
            46.78112815065532
          ],
          [
            9.736136770876238,
            46.781229882992626
          ],
          [
            9.737612622791465,
            46.78147104077094
          ],
          [
            9.737734091622135,
            46.78156624571386
          ],
          [
            9.738008722890925,
            46.781658491704064
          ],
          [
            9.738245289507292,
            46.78180730834438
          ],
          [
            9.739235822182547,
            46.7822414999805
          ],
          [
            9.740067275660355,
            46.782655438203626
          ],
          [
            9.740500501089834,
            46.782821883999794
          ],
          [
            9.740885103070301,
            46.78301570367183
          ],
          [
            9.741322734602816,
            46.78313491932655
          ],
          [
            9.74175983454818,
            46.78331397133918
          ],
          [
            9.741894316145899,
            46.78351286033943
          ],
          [
            9.742124023111492,
            46.783598848648644
          ],
          [
            9.742591070355635,
            46.783621182645945
          ],
          [
            9.74287169880082,
            46.78388809851798
          ],
          [
            9.743032983892837,
            46.78399525545927
          ],
          [
            9.743699752007258,
            46.784296005383446
          ],
          [
            9.743943257929725,
            46.78462316262826
          ],
          [
            9.744160381731348,
            46.78478320429575
          ],
          [
            9.744438708475888,
            46.785060602219914
          ],
          [
            9.744803631938558,
            46.785324695222506
          ],
          [
            9.745111666752265,
            46.785497468633096
          ],
          [
            9.745401609548347,
            46.78558975709706
          ],
          [
            9.745731079811772,
            46.785649604554266
          ],
          [
            9.748467937236676,
            46.787428190079176
          ],
          [
            9.74898691472464,
            46.78799815384098
          ],
          [
            9.749154631719772,
            46.788904976912164
          ],
          [
            9.749908382958777,
            46.78968035549237
          ],
          [
            9.750254491935527,
            46.78977181920944
          ],
          [
            9.750476134590592,
            46.789942188273
          ],
          [
            9.750656311870344,
            46.790169399290704
          ],
          [
            9.750942901342837,
            46.79022548400427
          ],
          [
            9.751253163683163,
            46.79050149970244
          ],
          [
            9.750681034291908,
            46.79120779707819
          ],
          [
            9.750654125586204,
            46.791688365115114
          ],
          [
            9.750563907151685,
            46.79205701269201
          ],
          [
            9.750219653877414,
            46.79231811391727
          ],
          [
            9.750995350980167,
            46.79249559584552
          ],
          [
            9.751086260281758,
            46.79332174522159
          ],
          [
            9.75138306423882,
            46.79391954270101
          ],
          [
            9.75162875026758,
            46.79419374286978
          ],
          [
            9.751868987131681,
            46.795050650244015
          ],
          [
            9.752802093870098,
            46.79541356643254
          ],
          [
            9.752966564472805,
            46.79572958275463
          ],
          [
            9.753144974516044,
            46.795866185017324
          ],
          [
            9.75309789789178,
            46.796134049796024
          ],
          [
            9.753131315712771,
            46.79628199610841
          ],
          [
            9.753222800607215,
            46.796392498221465
          ],
          [
            9.753375892585101,
            46.796469254954495
          ],
          [
            9.75385552431707,
            46.79653253396136
          ],
          [
            9.75448488418585,
            46.79637667396423
          ],
          [
            9.754801744467754,
            46.79653579893071
          ],
          [
            9.755344501781082,
            46.79697560973929
          ],
          [
            9.755863010677686,
            46.797268897283374
          ],
          [
            9.756341369118717,
            46.797748743474514
          ],
          [
            9.757389479887,
            46.79789127180528
          ],
          [
            9.758088065861365,
            46.79809388749886
          ],
          [
            9.758613582408808,
            46.79835393917034
          ],
          [
            9.75981690134531,
            46.79840565680615
          ],
          [
            9.760361218921426,
            46.79838720308879
          ],
          [
            9.760803041578558,
            46.798348611686244
          ],
          [
            9.764332343602254,
            46.798735908523064
          ],
          [
            9.765040322080123,
            46.798765836607714
          ],
          [
            9.76636165868636,
            46.79906565929881
          ],
          [
            9.76774420697541,
            46.799402366849584
          ],
          [
            9.768269829993079,
            46.79959257405296
          ],
          [
            9.768652422103083,
            46.79967994579989
          ],
          [
            9.769257897218816,
            46.79994154913236
          ],
          [
            9.770999318475816,
            46.801474666873936
          ],
          [
            9.772524143963773,
            46.80219031880847
          ],
          [
            9.7741069511627,
            46.803430553936565
          ],
          [
            9.774436056617192,
            46.803394359427976
          ],
          [
            9.775376977648222,
            46.80337582230569
          ],
          [
            9.775656260872502,
            46.80353790105885
          ],
          [
            9.775800079416788,
            46.803690251296246
          ],
          [
            9.776271874964912,
            46.804648334800696
          ],
          [
            9.776015855603925,
            46.806575851013115
          ],
          [
            9.776195056899324,
            46.806960641637
          ],
          [
            9.776078134203553,
            46.80733963150601
          ],
          [
            9.776737172712085,
            46.807606724760156
          ],
          [
            9.77745959890541,
            46.80806834286883
          ],
          [
            9.778006256396656,
            46.80811060387336
          ],
          [
            9.778601213800926,
            46.80833803402197
          ],
          [
            9.780045218423357,
            46.80869621607423
          ],
          [
            9.780505357165545,
            46.80870245941599
          ],
          [
            9.780796810949033,
            46.80895017601077
          ],
          [
            9.783157936039142,
            46.809111870054394
          ],
          [
            9.783441502349607,
            46.80938550736756
          ],
          [
            9.784875914901933,
            46.810128829945995
          ],
          [
            9.78581844697908,
            46.810476793904385
          ],
          [
            9.786473424976334,
            46.81087747631048
          ],
          [
            9.787546518099063,
            46.81132599294844
          ],
          [
            9.788209299664244,
            46.81140753916145
          ],
          [
            9.78934509169092,
            46.81138628501122
          ],
          [
            9.792473635522317,
            46.81160860524501
          ],
          [
            9.793810544187647,
            46.81193935960755
          ],
          [
            9.795333243131012,
            46.813418049361424
          ],
          [
            9.798924655859095,
            46.81524217599328
          ],
          [
            9.800182903711486,
            46.81634375648299
          ],
          [
            9.801238104876846,
            46.81711898275523
          ],
          [
            9.80179936389376,
            46.8172045494882
          ],
          [
            9.801952490998058,
            46.81773451825565
          ],
          [
            9.802243628218758,
            46.8176028534468
          ],
          [
            9.80239855938465,
            46.8177304097857
          ],
          [
            9.802696730505948,
            46.81785537071193
          ],
          [
            9.803198446131953,
            46.81798458641455
          ],
          [
            9.804137319176117,
            46.81795271168312
          ],
          [
            9.804605139717708,
            46.81835460487918
          ],
          [
            9.804830097338323,
            46.81847558703491
          ],
          [
            9.804814680432589,
            46.81872732432047
          ],
          [
            9.80476295157109,
            46.8189525723298
          ],
          [
            9.804862683230725,
            46.819329086949935
          ],
          [
            9.805010962186396,
            46.81972199184712
          ],
          [
            9.804459754395788,
            46.82009078577571
          ],
          [
            9.804333958678543,
            46.82033830206703
          ],
          [
            9.804262709155639,
            46.82068028993374
          ],
          [
            9.804158171129375,
            46.82104911941987
          ],
          [
            9.80418157833117,
            46.82128791228281
          ],
          [
            9.80439177973183,
            46.8215838894761
          ],
          [
            9.804679196522947,
            46.822164836886245
          ],
          [
            9.804783762003986,
            46.82230013796605
          ],
          [
            9.805252772895004,
            46.822755569264224
          ],
          [
            9.805995801749594,
            46.823517584325224
          ],
          [
            9.80637708243684,
            46.8237095521024
          ],
          [
            9.807011830070614,
            46.824410205851166
          ],
          [
            9.806986567089314,
            46.824935911103566
          ],
          [
            9.806701284956805,
            46.825361055288184
          ],
          [
            9.806518856316101,
            46.82602250769604
          ],
          [
            9.806031565084767,
            46.82660890383497
          ],
          [
            9.806078723748525,
            46.82708487981125
          ],
          [
            9.805458054841834,
            46.82872770142864
          ],
          [
            9.805285080033395,
            46.82928925926189
          ],
          [
            9.805169460555868,
            46.83013483031637
          ],
          [
            9.804933532173228,
            46.83124654037832
          ],
          [
            9.804992497400242,
            46.83284056081947
          ]
        ]
      }
    }
  ]
}