{
  "type": "FeatureCollection",
  "features": [
    {
      "type": "Feature",
      "properties": {
        "source": "swisstopo SWISSBOUNDARIES3D",
        "source:date": "2026-01-01",
        "swissboundaries:outer_boundary_of_switzerland": "yes",
        "note": "Includes segments on Switzerland's outer national boundary."
      },
      "geometry": {
        "type": "LineString",
        "coordinates": [
          [
            7.040163300473708,
            46.9798448620379
          ],
          [
            7.03936757357466,
            46.98126032846669
          ],
          [
            7.03948214273128,
            46.98128029330241
          ],
          [
            7.039559842068607,
            46.98130932242093
          ],
          [
            7.039640933164546,
            46.98135237790998
          ],
          [
            7.039716189476613,
            46.981397077094215
          ],
          [
            7.039793791668837,
            46.98144094785755
          ],
          [
            7.0398759958032455,
            46.9814881448719
          ],
          [
            7.03997094052799,
            46.98154360791709
          ],
          [
            7.0400196485606745,
            46.98156515049771
          ],
          [
            7.040084516991795,
            46.981599918442605
          ],
          [
            7.040147176589962,
            46.98162066406732
          ],
          [
            7.040258542735212,
            46.98165965087796
          ],
          [
            7.040342981976096,
            46.98171922379606
          ],
          [
            7.0404554070021765,
            46.98177140112245
          ],
          [
            7.040535477820462,
            46.98179630902026
          ],
          [
            7.040630634182478,
            46.98182700835894
          ],
          [
            7.040713075597573,
            46.98184776858744
          ],
          [
            7.0408049707152776,
            46.981850409274685
          ],
          [
            7.0409341203753995,
            46.981850615889336
          ],
          [
            7.041028279786954,
            46.98185985778573
          ],
          [
            7.041130780136769,
            46.9818468204264
          ],
          [
            7.041195803690922,
            46.981862608325194
          ],
          [
            7.041244270803451,
            46.981911396117184
          ],
          [
            7.041281234601318,
            46.981942819067534
          ],
          [
            7.041339211616074,
            46.98196767656955
          ],
          [
            7.0414367013520645,
            46.981997546789415
          ],
          [
            7.041501638493207,
            46.98202324696406
          ],
          [
            7.041546776930554,
            46.98205304310877
          ],
          [
            7.0415801650886,
            46.98209520284554
          ],
          [
            7.041579647260548,
            46.9821579248323
          ],
          [
            7.041600123321022,
            46.98221491782444
          ],
          [
            7.0416599460784655,
            46.98229756697236
          ],
          [
            7.041751287702204,
            46.98236787613757
          ],
          [
            7.041813542252229,
            46.982438147206146
          ],
          [
            7.041851417739498,
            46.98250093952037
          ],
          [
            7.041865019753986,
            46.982517169171686
          ],
          [
            7.041902634875458,
            46.98254239645891
          ],
          [
            7.041974788202726,
            46.982554007883984
          ],
          [
            7.04204964428251,
            46.982557415991835
          ],
          [
            7.042085292202517,
            46.982578516574385
          ],
          [
            7.042123540234597,
            46.98261059135863
          ],
          [
            7.042175061304336,
            46.9826376748415
          ],
          [
            7.042214756080655,
            46.982650118014156
          ],
          [
            7.042227913647775,
            46.98266248712381
          ],
          [
            7.042231695672358,
            46.982694901079526
          ],
          [
            7.0422268515925825,
            46.98272957890108
          ],
          [
            7.042227440339251,
            46.98274237216778
          ],
          [
            7.042247908917231,
            46.982756124912925
          ],
          [
            7.0422624819558255,
            46.98275662521682
          ],
          [
            7.042292359992068,
            46.982745754646885
          ],
          [
            7.042341433552118,
            46.982739502219246
          ],
          [
            7.04240169996504,
            46.982744694534134
          ],
          [
            7.042440708004884,
            46.98275759400396
          ],
          [
            7.042455134662455,
            46.98278319947726
          ],
          [
            7.042464254229413,
            46.98281016282329
          ],
          [
            7.0424972335647835,
            46.982834906090666
          ],
          [
            7.042524844244744,
            46.98287288072264
          ],
          [
            7.042547216581813,
            46.98289759620772
          ],
          [
            7.042543764305093,
            46.982923616453064
          ],
          [
            7.04251783879177,
            46.982936776581894
          ],
          [
            7.042494616308274,
            46.982939907391774
          ],
          [
            7.042449606735505,
            46.98293337375393
          ],
          [
            7.042403310751927,
            46.98291773246082
          ],
          [
            7.042362988604899,
            46.98290300239001
          ],
          [
            7.042307991905049,
            46.98290148039495
          ],
          [
            7.042261624362728,
            46.98289906179162
          ],
          [
            7.042234513984782,
            46.98288939683595
          ],
          [
            7.042192762231607,
            46.98289200455981
          ],
          [
            7.042173573316295,
            46.982886486884546
          ],
          [
            7.042141244106908,
            46.98286448932599
          ],
          [
            7.0421102125714725,
            46.98284475406441
          ],
          [
            7.042071574242576,
            46.98282453364356
          ],
          [
            7.0420340298371125,
            46.98279149879514
          ],
          [
            7.0420043205790535,
            46.98277425977302
          ],
          [
            7.041946708556582,
            46.98277271053732
          ],
          [
            7.041903956721527,
            46.982780801778205
          ],
          [
            7.04182730225982,
            46.982810723675215
          ],
          [
            7.041768088781131,
            46.982823066428466
          ],
          [
            7.041731298365102,
            46.982847909443606
          ],
          [
            7.041709996561731,
            46.982868542497506
          ],
          [
            7.041700198640628,
            46.98288524860256
          ],
          [
            7.0416559319610466,
            46.982907942752284
          ],
          [
            7.041613865919616,
            46.98292456375047
          ],
          [
            7.0415679326582215,
            46.9829344788427
          ],
          [
            7.0414915425916025,
            46.98293579658555
          ],
          [
            7.041411584096717,
            46.98293620235173
          ],
          [
            7.041360827098147,
            46.98294609160061
          ],
          [
            7.041317080994796,
            46.982951750453374
          ],
          [
            7.0412680239156344,
            46.98296105188522
          ],
          [
            7.0412131788813515,
            46.98298158620959
          ],
          [
            7.041182622106964,
            46.98299884975096
          ],
          [
            7.041163088110605,
            46.98301857133714
          ],
          [
            7.041162483732674,
            46.98304685925081
          ],
          [
            7.041169407444637,
            46.983070306922365
          ],
          [
            7.041201869181115,
            46.98310628381182
          ],
          [
            7.041245829494878,
            46.98313552726047
          ],
          [
            7.041340908063366,
            46.983175310908976
          ],
          [
            7.041475482853973,
            46.98322423596307
          ],
          [
            7.041592656860094,
            46.983264051203484
          ],
          [
            7.041710915196797,
            46.983315419970346
          ],
          [
            7.0418094408726715,
            46.98336016257681
          ],
          [
            7.04190451513358,
            46.98340241043234
          ],
          [
            7.041965897615283,
            46.983438010739704
          ],
          [
            7.042011940712595,
            46.98349669352527
          ],
          [
            7.042064041953595,
            46.98352896031903
          ],
          [
            7.042148757840059,
            46.98355717544267
          ],
          [
            7.042332343692824,
            46.98358554447446
          ],
          [
            7.042528776706336,
            46.983611457062054
          ],
          [
            7.042660220486333,
            46.98361661704551
          ],
          [
            7.04277546927797,
            46.98360773319801
          ],
          [
            7.042883696824516,
            46.98360625498567
          ],
          [
            7.042941761826125,
            46.983619553089945
          ],
          [
            7.043031002312844,
            46.98366345291985
          ],
          [
            7.043141095187066,
            46.98371729260972
          ],
          [
            7.043237013941503,
            46.983796692585585
          ],
          [
            7.043282006631044,
            46.98384299377657
          ],
          [
            7.043359676188983,
            46.98387861368686
          ],
          [
            7.0435247450457545,
            46.983897858558755
          ],
          [
            7.0436352612068545,
            46.98389803367396
          ],
          [
            7.0437574056254935,
            46.983902377670624
          ],
          [
            7.043839851372831,
            46.98392314463606
          ],
          [
            7.043936978975281,
            46.983935056965706
          ],
          [
            7.043995574281915,
            46.983940692426415
          ],
          [
            7.044044194268739,
            46.98395864387165
          ],
          [
            7.044148408814539,
            46.983986331140564
          ],
          [
            7.044248742768422,
            46.98399481809346
          ],
          [
            7.04429744061846,
            46.98399151396592
          ],
          [
            7.044423326007432,
            46.983998379828705
          ],
          [
            7.044524758051496,
            46.98397377686882
          ],
          [
            7.044643516816668,
            46.98396489424941
          ],
          [
            7.0448469734547405,
            46.98398337901208
          ],
          [
            7.044928263008945,
            46.98400415020367
          ],
          [
            7.045012931692008,
            46.98403730141867
          ],
          [
            7.0451010097260545,
            46.984078730927564
          ],
          [
            7.045183347099388,
            46.98411434767665
          ],
          [
            7.045278583012853,
            46.98413513964255
          ],
          [
            7.045386571946042,
            46.98416090479651
          ],
          [
            7.0454968936256,
            46.984185841316005
          ],
          [
            7.045585328038187,
            46.98418598356507
          ],
          [
            7.04566692329257,
            46.98416877741603
          ],
          [
            7.045713637612294,
            46.98414740344257
          ],
          [
            7.045743006544055,
            46.98411278281513
          ],
          [
            7.045776042552994,
            46.984056694173404
          ],
          [
            7.045803992094456,
            46.984054271578486
          ],
          [
            7.045831825577008,
            46.98406587214309
          ],
          [
            7.045845522197822,
            46.9840980861622
          ],
          [
            7.045844959755142,
            46.98416577334199
          ],
          [
            7.045831657515533,
            46.98422847835485
          ],
          [
            7.045795076741641,
            46.98429114833104
          ],
          [
            7.045790946080129,
            46.98437040010546
          ],
          [
            7.045809107022877,
            46.984426556784804
          ],
          [
            7.045880761335992,
            46.98448692716289
          ],
          [
            7.046002594460824,
            46.984526744878416
          ],
          [
            7.046103818818927,
            46.98452691267241
          ],
          [
            7.046244607639659,
            46.98452713526172
          ],
          [
            7.046339924427701,
            46.98453884143526
          ],
          [
            7.0464607122384155,
            46.98456710519859
          ],
          [
            7.046579044653748,
            46.984609383974316
          ],
          [
            7.046664927433434,
            46.98463676318526
          ],
          [
            7.046762668796202,
            46.9846369184511
          ],
          [
            7.046851328582962,
            46.98460816781587
          ],
          [
            7.046917909625878,
            46.98457526660311
          ],
          [
            7.046963296984706,
            46.98457534119669
          ],
          [
            7.047031936682667,
            46.98457545047
          ],
          [
            7.047100395234194,
            46.9846003229483
          ],
          [
            7.047198793972868,
            46.98466155770149
          ],
          [
            7.047279706933047,
            46.98472690628133
          ],
          [
            7.047361607918648,
            46.98481535793302
          ],
          [
            7.047436632013973,
            46.98488977141919
          ],
          [
            7.047511651385551,
            46.98496665852616
          ],
          [
            7.047543846101865,
            46.98501293221033
          ],
          [
            7.047582893907453,
            46.98507655414304
          ],
          [
            7.047663893579266,
            46.985131981002766
          ],
          [
            7.047758926249969,
            46.985179180187934
          ],
          [
            7.047892310806015,
            46.9852305762614
          ],
          [
            7.047997826052621,
            46.98527696553254
          ],
          [
            7.048085774906708,
            46.985334889528474
          ],
          [
            7.0481505013784576,
            46.985388650283845
          ],
          [
            7.0481803112431205,
            46.98544481938013
          ],
          [
            7.048179649364631,
            46.98552653875935
          ],
          [
            7.048155472469592,
            46.985638761572694
          ],
          [
            7.048143109106862,
            46.98572624289152
          ],
          [
            7.048142691356363,
            46.98577989799274
          ],
          [
            7.048160988735612,
            46.985819557494835
          ],
          [
            7.048206182292608,
            46.98584273966789
          ],
          [
            7.048258615693145,
            46.98583208851819
          ],
          [
            7.048347198401741,
            46.98581406776993
          ],
          [
            7.048442687478635,
            46.985804319154695
          ],
          [
            7.0485612741849755,
            46.98581770405924
          ],
          [
            7.048669329330617,
            46.985836863823785
          ],
          [
            7.04891435352266,
            46.985897517841735
          ],
          [
            7.049018749166977,
            46.98593729984577
          ],
          [
            7.049074286205029,
            46.985977005183585
          ],
          [
            7.0491099973180855,
            46.98602081671062
          ],
          [
            7.04916549844421,
            46.98606547825008
          ],
          [
            7.049235139519419,
            46.98608539709633
          ],
          [
            7.049295398617736,
            46.98608316468048
          ],
          [
            7.049352794369132,
            46.98607881759749
          ],
          [
            7.049413241261539,
            46.98608148815732
          ],
          [
            7.049492555446799,
            46.986108860849136
          ],
          [
            7.049570891601505,
            46.986149633042224
          ],
          [
            7.049653706414769,
            46.986180084909854
          ],
          [
            7.049746715701843,
            46.98620051474336
          ],
          [
            7.049815437993439,
            46.98622572829644
          ],
          [
            7.0498827329523674,
            46.9862701057777
          ],
          [
            7.0499389353338575,
            46.98632693086675
          ],
          [
            7.049988955676161,
            46.986382502559806
          ],
          [
            7.050021344981455,
            46.986434973896976
          ],
          [
            7.05005799351604,
            46.98651819638738
          ],
          [
            7.050101683147348,
            46.986603880506394
          ],
          [
            7.0501322826470485,
            46.98666029462828
          ],
          [
            7.050159923964833,
            46.986691440097005
          ],
          [
            7.050163291308149,
            46.98669837786504
          ],
          [
            7.050169533681186,
            46.986711262252705
          ],
          [
            7.050169832157993,
            46.9867389595623
          ],
          [
            7.050157796821011,
            46.98676355657408
          ],
          [
            7.050134268390353,
            46.98679056121916
          ],
          [
            7.050116495559724,
            46.986812395180294
          ],
          [
            7.0501053808466105,
            46.986826057123544
          ],
          [
            7.05007165589653,
            46.98686336260532
          ],
          [
            7.050029575748383,
            46.986892723872046
          ],
          [
            7.049983581335287,
            46.986910809792725
          ],
          [
            7.049931282063685,
            46.986911945241324
          ],
          [
            7.049884765911663,
            46.986907748178275
          ],
          [
            7.049848538104219,
            46.98692584927351
          ],
          [
            7.049848309069707,
            46.986955568714365
          ],
          [
            7.049843657366781,
            46.98697162735597
          ],
          [
            7.049868662791546,
            46.98698200295002
          ],
          [
            7.049880338690228,
            46.98699605722338
          ],
          [
            7.049877846938643,
            46.98701516359863
          ],
          [
            7.049859818741189,
            46.98702507797957
          ],
          [
            7.049827761663288,
            46.98702093907123
          ],
          [
            7.049781854518865,
            46.98701432432329
          ],
          [
            7.049717565981442,
            46.98700653160263
          ],
          [
            7.049664148941662,
            46.98699324378207
          ],
          [
            7.0495433622224155,
            46.98696746611867
          ],
          [
            7.049421155086427,
            46.98696892102919
          ],
          [
            7.049305729737038,
            46.98699762745454
          ],
          [
            7.0492180548179695,
            46.98704783695052
          ],
          [
            7.049165431274228,
            46.987080868009954
          ],
          [
            7.04909614671686,
            46.98714363444445
          ],
          [
            7.049047217546866,
            46.98719823059738
          ],
          [
            7.049028227852984,
            46.987266160764804
          ],
          [
            7.049022150334495,
            46.98731913990654
          ],
          [
            7.049007865395757,
            46.987343891042585
          ],
          [
            7.0489744121261575,
            46.987394285178134
          ],
          [
            7.0489197470561695,
            46.98744946440003
          ],
          [
            7.048875066628213,
            46.98749819208862
          ],
          [
            7.048861672826375,
            46.98752691313848
          ],
          [
            7.048831120791329,
            46.98754712015988
          ],
          [
            7.048788597884088,
            46.98755588939461
          ],
          [
            7.048719860627762,
            46.98757947427279
          ],
          [
            7.048665680396624,
            46.98762397769687
          ],
          [
            7.048602103072063,
            46.98773857578975
          ],
          [
            7.048598598411844,
            46.987761321745104
          ],
          [
            7.04860437071871,
            46.9878007944922
          ],
          [
            7.048613632883864,
            46.987904334131116
          ],
          [
            7.048633962382889,
            46.987964725466256
          ],
          [
            7.048703625070057,
            46.988054159776446
          ],
          [
            7.048728869080121,
            46.98810941359604
          ],
          [
            7.048730895094042,
            46.988150690588746
          ],
          [
            7.0487558759569975,
            46.98818252893937
          ],
          [
            7.048752942036087,
            46.98821174440926
          ],
          [
            7.0487528901871,
            46.98827480074137
          ],
          [
            7.048760965469128,
            46.988337408048345
          ],
          [
            7.048746960920295,
            46.98842827498769
          ],
          [
            7.048727765643352,
            46.988461159006235
          ],
          [
            7.048687051750087,
            46.988492170564314
          ],
          [
            7.048550407388413,
            46.98855134261731
          ],
          [
            7.048451643549956,
            46.988578665813876
          ],
          [
            7.048302513497942,
            46.98860318133412
          ],
          [
            7.048123950941894,
            46.98866728302532
          ],
          [
            7.048034998659791,
            46.98872988266511
          ],
          [
            7.047998471555188,
            46.98878513241937
          ],
          [
            7.047978087028573,
            46.988860199838086
          ],
          [
            7.047977559491721,
            46.98892706851353
          ],
          [
            7.047977115260199,
            46.988980723492304
          ],
          [
            7.048005007193566,
            46.98901894956362
          ],
          [
            7.048026525358484,
            46.98903351440397
          ],
          [
            7.048066143085704,
            46.98904653993975
          ],
          [
            7.0481150461950515,
            46.98904812827961
          ],
          [
            7.0481542555063035,
            46.989064885406215
          ],
          [
            7.048208449073913,
            46.98911071228769
          ],
          [
            7.048238358047141,
            46.98915899285224
          ],
          [
            7.048261078727209,
            46.98918352846007
          ],
          [
            7.048300013222808,
            46.989198332634345
          ],
          [
            7.048319541028421,
            46.98922807455459
          ],
          [
            7.048328351101644,
            46.98929081931966
          ],
          [
            7.048327848137855,
            46.989354377832555
          ],
          [
            7.048327440398691,
            46.98940307656526
          ],
          [
            7.048318969932088,
            46.98944517225861
          ],
          [
            7.04829534882297,
            46.989486397646914
          ],
          [
            7.048233384734427,
            46.989521798098565
          ],
          [
            7.048129375161767,
            46.989577761874244
          ],
          [
            7.048068471630515,
            46.989613714568655
          ],
          [
            7.048053493296776,
            46.98966308312767
          ],
          [
            7.04805339808952,
            46.98970314751389
          ],
          [
            7.048089872202497,
            46.98975071293696
          ],
          [
            7.048108645719421,
            46.98978475202782
          ],
          [
            7.048111407733478,
            46.98983320072502
          ],
          [
            7.0480946440602334,
            46.98991285009337
          ],
          [
            7.048073356907587,
            46.989971057388125
          ],
          [
            7.048051559007758,
            46.990007377563316
          ],
          [
            7.048013058579151,
            46.99008792412198
          ],
          [
            7.047980322442254,
            46.99015497055279
          ],
          [
            7.047947601604286,
            46.99021270697378
          ],
          [
            7.047897752294823,
            46.990268549808505
          ],
          [
            7.047893497721046,
            46.99028771307224
          ],
          [
            7.047903034787477,
            46.99033546531324
          ],
          [
            7.0478995409465615,
            46.99037647156996
          ],
          [
            7.047860432676583,
            46.99042857311242
          ],
          [
            7.047815426208493,
            46.990476471697605
          ],
          [
            7.047773671210944,
            46.990572352886815
          ],
          [
            7.0477225673451125,
            46.99067029797323
          ],
          [
            7.047680875597738,
            46.99073768248945
          ],
          [
            7.0476477119211305,
            46.99079116256771
          ],
          [
            7.047625477724316,
            46.99086552194569
          ],
          [
            7.047585537759561,
            46.990916217292515
          ],
          [
            7.047518337455237,
            46.99101484482248
          ],
          [
            7.047443465902059,
            46.99113778711916
          ],
          [
            7.047394996059235,
            46.99120794584338
          ],
          [
            7.047313399879769,
            46.99131558215994
          ],
          [
            7.047196046451711,
            46.991487834554924
          ],
          [
            7.0470491951646075,
            46.99168303152491
          ],
          [
            7.046991449625459,
            46.99175768289232
          ],
          [
            7.046960614286622,
            46.99180539581389
          ],
          [
            7.046943903644956,
            46.99185592765559
          ],
          [
            7.046904335700053,
            46.99189153006044
          ],
          [
            7.046839083139822,
            46.9919410499713
          ],
          [
            7.046795643168412,
            46.99198656978654
          ],
          [
            7.046747966345744,
            46.99203797592212
          ],
          [
            7.046722550206121,
            46.992072673287765
          ],
          [
            7.046714248775777,
            46.9921219745956
          ],
          [
            7.046690366112398,
            46.9921572978815
          ],
          [
            7.0466661905203045,
            46.99217337938877
          ],
          [
            7.04662896636089,
            46.99220123585786
          ],
          [
            7.046584359561528,
            46.992249854940376
          ],
          [
            7.046539028829979,
            46.99229320032508
          ],
          [
            7.0464699998389,
            46.992335897691824
          ],
          [
            7.0463780004843715,
            46.99238445303753
          ],
          [
            7.046319661011331,
            46.99242870718693
          ],
          [
            7.046273170750762,
            46.99247236331924
          ],
          [
            7.046234007699168,
            46.99250641070888
          ],
          [
            7.046218582911537,
            46.9925302670429
          ],
          [
            7.046188655445321,
            46.992554415402914
          ],
          [
            7.0461555825318065,
            46.9925915780288
          ],
          [
            7.046124402614787,
            46.99262874714518
          ],
          [
            7.046092811858179,
            46.99266994469906
          ],
          [
            7.046069669539031,
            46.992711782933306
          ],
          [
            7.046063841249593,
            46.9927285120102
          ],
          [
            7.046045012874968,
            46.99274678859242
          ],
          [
            7.0460223703711415,
            46.99276349589889
          ],
          [
            7.045981655118649,
            46.99279940887539
          ],
          [
            7.045945081927886,
            46.99284773147484
          ],
          [
            7.045938096588547,
            46.99286447456069
          ],
          [
            7.045920395999955,
            46.99288491384851
          ],
          [
            7.045910752354802,
            46.99290381564697
          ],
          [
            7.0458554545315195,
            46.992950868525966
          ],
          [
            7.045807516839724,
            46.99298026207681
          ],
          [
            7.0457928674191255,
            46.99300411202188
          ],
          [
            7.045780906394597,
            46.993019911490826
          ],
          [
            7.045770562650912,
            46.993026721300836
          ],
          [
            7.045766993294279,
            46.99305090616457
          ],
          [
            7.045766806836906,
            46.993083468205576
          ],
          [
            7.045750288531433,
            46.993098640333585
          ],
          [
            7.04572236394405,
            46.99310418435317
          ],
          [
            7.045678256816556,
            46.99313109034643
          ],
          [
            7.0456076089418245,
            46.9931899100499
          ],
          [
            7.045582940393332,
            46.99322646274449
          ],
          [
            7.045534103305725,
            46.99328159739584
          ],
          [
            7.045502653518905,
            46.99330170148878
          ],
          [
            7.045472790669469,
            46.993311583471005
          ],
          [
            7.0454574483915415,
            46.99332055290267
          ],
          [
            7.045451541257577,
            46.993351557083535
          ],
          [
            7.045440246486742,
            46.99338937909605
          ],
          [
            7.045395286525568,
            46.993432104630955
          ],
          [
            7.045362919805473,
            46.99347857050785
          ],
          [
            7.045341702108482,
            46.99351420851457
          ],
          [
            7.045333166397003,
            46.99353436441011
          ],
          [
            7.045319688254607,
            46.99355263229458
          ],
          [
            7.045297101635246,
            46.99356344778334
          ],
          [
            7.045277894855458,
            46.993577684084734
          ],
          [
            7.045248225740682,
            46.99362199136445
          ],
          [
            7.045209569449225,
            46.99363339918871
          ],
          [
            7.045171733659577,
            46.99363334092457
          ],
          [
            7.045130215254012,
            46.99360846116684
          ],
          [
            7.045112759075719,
            46.993584860595504
          ],
          [
            7.045118325761702,
            46.993530458705095
          ],
          [
            7.045160876219607,
            46.993447147566954
          ],
          [
            7.045179451302061,
            46.99339902413296
          ],
          [
            7.045180716827651,
            46.99336815690832
          ],
          [
            7.04520268844911,
            46.99333548095113
          ],
          [
            7.045227283515471,
            46.99331790799068
          ],
          [
            7.045273063477367,
            46.99328525098905
          ],
          [
            7.045305027324713,
            46.993248876382026
          ],
          [
            7.0453451797818865,
            46.99317516381226
          ],
          [
            7.045372559939855,
            46.99312922049599
          ],
          [
            7.045407314513879,
            46.993060121869206
          ],
          [
            7.0454292655526425,
            46.99303915756835
          ],
          [
            7.045455801891386,
            46.993020367886785
          ],
          [
            7.0454900783427625,
            46.9929787479754
          ],
          [
            7.045501284572716,
            46.99295654134649
          ],
          [
            7.04549635656084,
            46.99294017109466
          ],
          [
            7.045500216136279,
            46.992935551832204
          ],
          [
            7.04552324504971,
            46.99293249170074
          ],
          [
            7.045551270445043,
            46.99292574271736
          ],
          [
            7.045581772025789,
            46.992873612379725
          ],
          [
            7.045598089486901,
            46.99280881297557
          ],
          [
            7.045617037862744,
            46.992763479267644
          ],
          [
            7.04565243819344,
            46.99272989589916
          ],
          [
            7.045700461845254,
            46.99271205256592
          ],
          [
            7.045730815410871,
            46.99269974350277
          ],
          [
            7.045752432783443,
            46.99266151617182
          ],
          [
            7.0457594457859285,
            46.99262847385894
          ],
          [
            7.045827114230956,
            46.992592158847884
          ],
          [
            7.04584211817084,
            46.99257551528392
          ],
          [
            7.045859781372878,
            46.99257090746031
          ],
          [
            7.045885495952429,
            46.992569097824536
          ],
          [
            7.045916957823505,
            46.99256697510554
          ],
          [
            7.045956920619612,
            46.99254759277439
          ],
          [
            7.045993478929827,
            46.99251739547992
          ],
          [
            7.046040465687209,
            46.992463441642506
          ],
          [
            7.046053268075638,
            46.99242611048594
          ],
          [
            7.046054511270306,
            46.99239463149632
          ],
          [
            7.046051858826348,
            46.99238166027907
          ],
          [
            7.046051529958607,
            46.992363767663
          ],
          [
            7.046031272430523,
            46.992342118562284
          ],
          [
            7.046020179578487,
            46.99232203911839
          ],
          [
            7.045971747341155,
            46.99230246107862
          ],
          [
            7.045890715943998,
            46.99228594632876
          ],
          [
            7.045823947404351,
            46.99228927001361
          ],
          [
            7.045735823595565,
            46.99228976772276
          ],
          [
            7.045706355702349,
            46.99228354068896
          ],
          [
            7.045670615849632,
            46.992290002328296
          ],
          [
            7.045604203621933,
            46.99229671830703
          ],
          [
            7.04556888191551,
            46.99229636297764
          ],
          [
            7.045451145528286,
            46.992322853762424
          ],
          [
            7.045387343666264,
            46.99235002472365
          ],
          [
            7.04532059652078,
            46.99238440867488
          ],
          [
            7.045261376450264,
            46.992407052746394
          ],
          [
            7.045210980943878,
            46.99241672007547
          ],
          [
            7.04513954363845,
            46.99241847112064
          ],
          [
            7.045102041639787,
            46.992426770536554
          ],
          [
            7.045066259295099,
            46.99244434993028
          ],
          [
            7.045012300641739,
            46.99246837026633
          ],
          [
            7.044972469808749,
            46.99247156133227
          ],
          [
            7.044935499897774,
            46.99249330138114
          ],
          [
            7.044910799783728,
            46.99252340425675
          ],
          [
            7.044880762219981,
            46.99256601008397
          ],
          [
            7.044865382178267,
            46.99261050142029
          ],
          [
            7.044861091382685,
            46.99265406846692
          ],
          [
            7.0448694494231185,
            46.992711666648205
          ],
          [
            7.044871938218706,
            46.99275934987179
          ],
          [
            7.044867895943523,
            46.992797727533365
          ],
          [
            7.044849524849983,
            46.99284134502166
          ],
          [
            7.044839350426166,
            46.992869797823154
          ],
          [
            7.044832644203459,
            46.992898586399654
          ],
          [
            7.04481787687645,
            46.992920537824865
          ],
          [
            7.044787667698328,
            46.992947122553325
          ],
          [
            7.0447567072351305,
            46.9929614621951
          ],
          [
            7.044709153022374,
            46.99297439536325
          ],
          [
            7.044651844163521,
            46.99298731288205
          ],
          [
            7.044554490672889,
            46.99300204428892
          ],
          [
            7.044487512012185,
            46.99300520455965
          ],
          [
            7.044413091947699,
            46.99301021013345
          ],
          [
            7.044295745857723,
            46.993013772273
          ],
          [
            7.0442281602688865,
            46.99302436034767
          ],
          [
            7.044173705239853,
            46.9930442497723
          ],
          [
            7.044115170462951,
            46.99307898518909
          ],
          [
            7.044060606646368,
            46.99312253160509
          ],
          [
            7.044018605562716,
            46.993172148159104
          ],
          [
            7.044000727401014,
            46.993202292378044
          ],
          [
            7.043987974711323,
            46.99323801333319
          ],
          [
            7.043983534884789,
            46.99325176968189
          ],
          [
            7.043995331621507,
            46.99329041787857
          ],
          [
            7.044003255947926,
            46.99333184122237
          ],
          [
            7.043996595318799,
            46.99335437823105
          ],
          [
            7.043971780584201,
            46.99338028873595
          ],
          [
            7.0439632357752515,
            46.993394480671725
          ],
          [
            7.043948080532031,
            46.99341548614748
          ],
          [
            7.043935285911737,
            46.993426578048386
          ],
          [
            7.043928692227165,
            46.99343646800975
          ],
          [
            7.0439313391121665,
            46.9934519129405
          ],
          [
            7.043922376548569,
            46.99347105079964
          ],
          [
            7.043882321352633,
            46.9935401936402
          ],
          [
            7.0438675508808615,
            46.99356427679768
          ],
          [
            7.043872350471293,
            46.99361403691815
          ],
          [
            7.0438842785839855,
            46.99362239868471
          ],
          [
            7.0438981563156595,
            46.99362488431101
          ],
          [
            7.043932002482791,
            46.993654298600646
          ],
          [
            7.043969298334655,
            46.99368122412014
          ],
          [
            7.044017888788674,
            46.9936936793346
          ],
          [
            7.044044832311687,
            46.99371071033474
          ],
          [
            7.044071637234845,
            46.99376080726331
          ],
          [
            7.044092726342006,
            46.99379266914557
          ],
          [
            7.044118384130231,
            46.99383966774876
          ],
          [
            7.044137940698768,
            46.993867206629425
          ],
          [
            7.044165303084559,
            46.993875585648375
          ],
          [
            7.0441908176642,
            46.99387068134669
          ],
          [
            7.044198556259027,
            46.99386420450828
          ],
          [
            7.044210845239304,
            46.99387534700682
          ],
          [
            7.044229947980784,
            46.99391987626747
          ],
          [
            7.044244514068612,
            46.99394492422653
          ],
          [
            7.04424863158638,
            46.99397490149465
          ],
          [
            7.044248485740789,
            46.99401074692441
          ],
          [
            7.0442378622390205,
            46.99405368041525
          ],
          [
            7.04422462497204,
            46.9940802245999
          ],
          [
            7.044165367532173,
            46.99413080711504
          ],
          [
            7.0441168994655134,
            46.994180158510915
          ],
          [
            7.044078840066891,
            46.99423355767842
          ],
          [
            7.044054426125954,
            46.99425855206962
          ],
          [
            7.0440079795311945,
            46.99428690656975
          ],
          [
            7.043989396749635,
            46.994302017345305
          ],
          [
            7.043983509836784,
            46.99432301883892
          ],
          [
            7.043985317504039,
            46.99435422048474
          ],
          [
            7.043968259692806,
            46.99436933652149
          ],
          [
            7.043939267962069,
            46.994380417476165
          ],
          [
            7.043914935919,
            46.99438716082933
          ],
          [
            7.04388276133949,
            46.99441802025204
          ],
          [
            7.043850626587563,
            46.9944399115741
          ],
          [
            7.043835084851057,
            46.994463362395614
          ],
          [
            7.043824570131167,
            46.99448436588822
          ],
          [
            7.043796314215993,
            46.99450439958675
          ],
          [
            7.043776582353047,
            46.99451486482792
          ],
          [
            7.043716266654793,
            46.99453948326494
          ],
          [
            7.043697674938215,
            46.99455400027797
          ],
          [
            7.04369066297949,
            46.99457066217577
          ],
          [
            7.043659736804153,
            46.994580189199624
          ],
          [
            7.04360373280331,
            46.994590610035935
          ],
          [
            7.043577415480395,
            46.99460447066719
          ],
          [
            7.043568425832667,
            46.994632576630934
          ],
          [
            7.04356407534133,
            46.99465913345962
          ],
          [
            7.0435562715396225,
            46.99467797844954
          ],
          [
            7.043512569653676,
            46.99469953285727
          ],
          [
            7.043475781256451,
            46.99472667018947
          ],
          [
            7.043434390849394,
            46.99474853839496
          ],
          [
            7.043355106845548,
            46.99478518063314
          ],
          [
            7.0433063706640615,
            46.994810135736074
          ],
          [
            7.043274619630474,
            46.99482985138173
          ],
          [
            7.043248248533758,
            46.99486163921381
          ],
          [
            7.04320877392822,
            46.99488753482499
          ],
          [
            7.04318043658189,
            46.99492208636591
          ],
          [
            7.04312887564338,
            46.9949770036757
          ],
          [
            7.0430702891057315,
            46.995048600764484
          ],
          [
            7.043031460409949,
            46.99509735538861
          ],
          [
            7.043018995066835,
            46.995126069949606
          ],
          [
            7.043020461367086,
            46.99514646717435
          ],
          [
            7.043016495182909,
            46.99516901344523
          ],
          [
            7.042999349555776,
            46.99520482702068
          ],
          [
            7.042952689892139,
            46.995288482930384
          ],
          [
            7.042899879961397,
            46.99536287944523
          ],
          [
            7.042855921988192,
            46.995438502945554
          ],
          [
            7.042820970011709,
            46.99549097694603
          ],
          [
            7.042807716772407,
            46.99551598272662
          ],
          [
            7.0427899317786675,
            46.99552800171569
          ],
          [
            7.042781390256838,
            46.995536328692054
          ],
          [
            7.042771687801015,
            46.99555052552201
          ],
          [
            7.042765738591718,
            46.995579865297394
          ],
          [
            7.042764499960241,
            46.99560334751041
          ],
          [
            7.042777895750401,
            46.99562839159613
          ],
          [
            7.042778257524843,
            46.995634581555656
          ],
          [
            7.04277282838648,
            46.99563982495534
          ],
          [
            7.042757772139821,
            46.995641967649036
          ],
          [
            7.042750408147227,
            46.9956475101846
          ],
          [
            7.0427378699047924,
            46.99569137239973
          ],
          [
            7.042724973887474,
            46.99572317079324
          ],
          [
            7.04269511627821,
            46.9957605234527
          ],
          [
            7.042669531056784,
            46.99578549549907
          ],
          [
            7.042653606523021,
            46.995810806840744
          ],
          [
            7.042638878335306,
            46.995821909887574
          ],
          [
            7.042593245315891,
            46.99584130739916
          ],
          [
            7.042557668091651,
            46.99585917456634
          ],
          [
            7.042511639598319,
            46.99588225871269
          ],
          [
            7.042424995378475,
            46.99592538733757
          ],
          [
            7.042362241712125,
            46.99597533612842
          ],
          [
            7.042306863411578,
            46.996018204236286
          ],
          [
            7.04227706157593,
            46.99603731468788
          ],
          [
            7.042248738434386,
            46.99607156020707
          ],
          [
            7.042193632439011,
            46.99613975972372
          ],
          [
            7.042128496109568,
            46.9962113426053
          ],
          [
            7.042090436790826,
            46.99626072024386
          ],
          [
            7.0420605465834525,
            46.99629527511264
          ],
          [
            7.0420183058110775,
            46.99633939401243
          ],
          [
            7.041961626704622,
            46.99641222049272
          ],
          [
            7.041938256637809,
            46.996462845412005
          ],
          [
            7.041908286401907,
            46.99652058062502
          ],
          [
            7.041900860745746,
            46.996539732648024
          ],
          [
            7.041876797347228,
            46.996572139842975
          ],
          [
            7.041859734293131,
            46.99658601420651
          ],
          [
            7.0418322980373915,
            46.996599870553155
          ],
          [
            7.041799007718907,
            46.99661773642743
          ],
          [
            7.0417758352117765,
            46.99662573368754
          ],
          [
            7.041743692001786,
            46.996646697881
          ],
          [
            7.041703037196717,
            46.99667722140871
          ],
          [
            7.04168828616426,
            46.9966966628154
          ],
          [
            7.041679689779811,
            46.99671765477726
          ],
          [
            7.041661456341638,
            46.99673864026006
          ],
          [
            7.041618109125806,
            46.99676699555731
          ],
          [
            7.041569408247436,
            46.99678329664982
          ],
          [
            7.041519950617746,
            46.996795268395935
          ],
          [
            7.041490188331032,
            46.99680541055344
          ],
          [
            7.0414348516900755,
            46.99683714231077
          ],
          [
            7.041400790397432,
            46.996859646920235
          ],
          [
            7.041365558369674,
            46.99688400046497
          ],
          [
            7.041341580149066,
            46.996896015697395
          ],
          [
            7.041309542368254,
            46.996895652487716
          ],
          [
            7.041286383057349,
            46.99689653448225
          ],
          [
            7.041266269647707,
            46.99690330992809
          ],
          [
            7.041214108493645,
            46.99691991367477
          ],
          [
            7.041179265106234,
            46.99694148899286
          ],
          [
            7.041160264316313,
            46.99696308340258
          ],
          [
            7.041144711452312,
            46.99698777515523
          ],
          [
            7.041132625928662,
            46.99701649082641
          ],
          [
            7.0411198474912835,
            46.997026979787435
          ],
          [
            7.041089297821794,
            46.99703866627971
          ],
          [
            7.041077302557581,
            46.99704637843893
          ],
          [
            7.041061730015016,
            46.99707724982228
          ],
          [
            7.041038057600844,
            46.99710471083361
          ],
          [
            7.040988470593271,
            46.997148192128165
          ],
          [
            7.040957745232582,
            46.99719942992053
          ],
          [
            7.040932625871451,
            46.99726766117103
          ],
          [
            7.040883458093409,
            46.99736437754004
          ],
          [
            7.040780980432086,
            46.997511839262074
          ],
          [
            7.040699666196939,
            46.99760677056299
          ],
          [
            7.0406492724172605,
            46.99771266667086
          ],
          [
            7.040598696921206,
            46.99783943101179
          ],
          [
            7.040527772452449,
            46.9979285424787
          ],
          [
            7.040429295403206,
            46.99801339315242
          ],
          [
            7.040331999925057,
            46.9980949016395
          ],
          [
            7.040292153873673,
            46.99818078400808
          ],
          [
            7.040262641632859,
            46.99826670237123
          ],
          [
            7.040273008301128,
            46.99838950512336
          ],
          [
            7.0403077786757855,
            46.99848565913677
          ],
          [
            7.040330559541724,
            46.9985074529435
          ],
          [
            7.040355874152426,
            46.99851562782964
          ],
          [
            7.040405835721124,
            46.99849095710245
          ],
          [
            7.040451659433418,
            46.99844457549554
          ],
          [
            7.040476656268156,
            46.99841240573177
          ],
          [
            7.040527652329274,
            46.998384743149465
          ],
          [
            7.040590138706804,
            46.99832714851124
          ],
          [
            7.040652583962601,
            46.99829274334723
          ],
          [
            7.040691089292481,
            46.99828453882461
          ],
          [
            7.040800245871983,
            46.998346014194446
          ],
          [
            7.040810742922702,
            46.99835594545331
          ],
          [
            7.04082723099228,
            46.998378850660025
          ],
          [
            7.0408428760789095,
            46.99839842470348
          ],
          [
            7.0408612758445495,
            46.998425933108955
          ],
          [
            7.040859345130255,
            46.99843273576506
          ],
          [
            7.040832441062674,
            46.99844558625987
          ],
          [
            7.040786225220346,
            46.998472249153636
          ],
          [
            7.04072520999166,
            46.99851059027362
          ],
          [
            7.040624626860732,
            46.99858682536262
          ],
          [
            7.0406003502041425,
            46.99860525298476
          ],
          [
            7.040567240114336,
            46.998642854617394
          ],
          [
            7.040525696992504,
            46.99869528696072
          ],
          [
            7.040487638963437,
            46.998738754206926
          ],
          [
            7.040422928691569,
            46.998812424475005
          ],
          [
            7.040399703047505,
            46.99883800690664
          ],
          [
            7.040364285860916,
            46.99887993613434
          ],
          [
            7.040327004705591,
            46.998919682016364
          ],
          [
            7.040287822620103,
            46.998962209777545
          ],
          [
            7.040250860935665,
            46.9990084782743
          ],
          [
            7.040227522079189,
            46.99904924418902
          ],
          [
            7.040198474419365,
            46.99909741125067
          ],
          [
            7.040183989035089,
            46.999118094723606
          ],
          [
            7.040162703283558,
            46.99913562416034
          ],
          [
            7.040146361645256,
            46.9991513268082
          ],
          [
            7.040138361512231,
            46.99916274082894
          ],
          [
            7.040133699327585,
            46.99917790849087
          ],
          [
            7.040134342508453,
            46.99919217713401
          ],
          [
            7.040140648325343,
            46.9992052421664
          ],
          [
            7.040157426260626,
            46.999219234224334
          ],
          [
            7.040142635758255,
            46.99924733767552
          ],
          [
            7.040112765775784,
            46.99924877173883
          ],
          [
            7.040095760082104,
            46.99925300317341
          ],
          [
            7.040054574264035,
            46.999308530940446
          ],
          [
            7.039997306192095,
            46.99939433446105
          ],
          [
            7.039927885216598,
            46.99949124063389
          ],
          [
            7.039873816164307,
            46.99955351478721
          ],
          [
            7.0398429894664405,
            46.999588029820075
          ],
          [
            7.039827054358235,
            46.999600315660736
          ],
          [
            7.039806996841249,
            46.999608251428036
          ],
          [
            7.039793047326216,
            46.99960815778878
          ],
          [
            7.039741166650253,
            46.999586721109544
          ],
          [
            7.039688291038693,
            46.99954883769371
          ],
          [
            7.039692488805893,
            46.99954484047875
          ],
          [
            7.039673779355189,
            46.99952362745605
          ],
          [
            7.039649912004169,
            46.99949058572114
          ],
          [
            7.039640348276696,
            46.999457755814134
          ],
          [
            7.039664175167308,
            46.999379832515764
          ],
          [
            7.039710035197678,
            46.999295257678206
          ],
          [
            7.039756952046735,
            46.99920470469465
          ],
          [
            7.039803825654445,
            46.999141101186574
          ],
          [
            7.039842357666171,
            46.99910295198982
          ],
          [
            7.039927787671876,
            46.99900494131256
          ],
          [
            7.03993819086023,
            46.998997466592925
          ],
          [
            7.040016314785895,
            46.998907669981556
          ],
          [
            7.040023620962422,
            46.99887998121545
          ],
          [
            7.040090304158253,
            46.998793940641065
          ],
          [
            7.040165278385411,
            46.998713883753716
          ],
          [
            7.040231914752416,
            46.998657032388
          ],
          [
            7.040246524952554,
            46.9986248624598
          ],
          [
            7.040230948280535,
            46.998597885516
          ],
          [
            7.040137421633696,
            46.99849974564071
          ],
          [
            7.040106465777941,
            46.99846696713229
          ],
          [
            7.040073367045207,
            46.99842710191427
          ],
          [
            7.040043253547233,
            46.998374797723194
          ],
          [
            7.040029434322262,
            46.99835549079658
          ],
          [
            7.040017080250661,
            46.9983442396901
          ],
          [
            7.040006176421957,
            46.99833951516649
          ],
          [
            7.0399914685135725,
            46.9983406692401
          ],
          [
            7.039966553972514,
            46.998342345423225
          ],
          [
            7.039936734678736,
            46.9983458665047
          ],
          [
            7.039916376604749,
            46.998344797037504
          ],
          [
            7.039884710311318,
            46.998342104968685
          ],
          [
            7.039875632709536,
            46.99834638201266
          ],
          [
            7.039871384241844,
            46.99835719742751
          ],
          [
            7.039874311708919,
            46.99836838868492
          ],
          [
            7.039859523745369,
            46.998378519682404
          ],
          [
            7.039832739419291,
            46.99839468059842
          ],
          [
            7.039732562838029,
            46.99841270832182
          ],
          [
            7.039653998712926,
            46.99845753615469
          ],
          [
            7.039589187476904,
            46.99850408504726
          ],
          [
            7.039546083500996,
            46.998568241345936
          ],
          [
            7.039420844097943,
            46.998690579715024
          ],
          [
            7.0393340682158785,
            46.998750409649695
          ],
          [
            7.039246162104147,
            46.99881190867937
          ],
          [
            7.039193860358179,
            46.99887519615766
          ],
          [
            7.039120795359688,
            46.99894761315624
          ],
          [
            7.039098440346409,
            46.99900265768031
          ],
          [
            7.039087287561354,
            46.99909114056286
          ],
          [
            7.03910959656447,
            46.999165536946855
          ],
          [
            7.0391412032494,
            46.99922910859684
          ],
          [
            7.039140725275329,
            46.99928256545552
          ],
          [
            7.0391564656547025,
            46.99932102999938
          ],
          [
            7.03918082516262,
            46.999349737868215
          ],
          [
            7.039200732752278,
            46.99937069429799
          ],
          [
            7.039233777662988,
            46.99939309987245
          ],
          [
            7.0392885244271355,
            46.99942860630637
          ],
          [
            7.039325433948456,
            46.99945995759529
          ],
          [
            7.039346004685751,
            46.999474871534886
          ],
          [
            7.039363464552538,
            46.99949437115822
          ],
          [
            7.039381652509103,
            46.999518496858656
          ],
          [
            7.039402236566512,
            46.999533392843965
          ],
          [
            7.039446907764274,
            46.99955185407661
          ],
          [
            7.039478195799264,
            46.999561282354
          ],
          [
            7.039503450671784,
            46.99957046468026
          ],
          [
            7.039529775626841,
            46.999577204039774
          ],
          [
            7.039551938094938,
            46.99958144618576
          ],
          [
            7.039575085647807,
            46.9995928789374
          ],
          [
            7.039595033661546,
            46.99961021036897
          ],
          [
            7.0396196796915795,
            46.99962699149545
          ],
          [
            7.039645395327754,
            46.999634340375756
          ],
          [
            7.039675303502139,
            46.99963134140065
          ],
          [
            7.03968847054273,
            46.99963939308316
          ],
          [
            7.039725336533248,
            46.999657233285966
          ],
          [
            7.039798701043884,
            46.99969106835607
          ],
          [
            7.039819031411036,
            46.99969768778885
          ],
          [
            7.039833347765787,
            46.99970148873027
          ],
          [
            7.039850279089539,
            46.99970902280726
          ],
          [
            7.039855509225672,
            46.999716462096934
          ],
          [
            7.03986565028556,
            46.99972300999951
          ],
          [
            7.039877443916583,
            46.999723051134424
          ],
          [
            7.039891964809979,
            46.999715284944195
          ],
          [
            7.039906234348315,
            46.99970772476535
          ],
          [
            7.039918600528096,
            46.999710331527126
          ],
          [
            7.039932224034686,
            46.999717125444135
          ],
          [
            7.039937320425703,
            46.99972487010066
          ],
          [
            7.039933345833645,
            46.99973773737782
          ],
          [
            7.039926720857546,
            46.99975868210388
          ],
          [
            7.0399113555110375,
            46.999803901399254
          ],
          [
            7.039901139275432,
            46.9998480232448
          ],
          [
            7.039868444200582,
            46.999903868399805
          ],
          [
            7.039788714753166,
            46.99994952880929
          ],
          [
            7.039734960565867,
            46.999969481540035
          ],
          [
            7.039719197688745,
            46.999970991707364
          ],
          [
            7.0397024464907485,
            46.999967506083635
          ],
          [
            7.0396973945292025,
            46.999964385108754
          ],
          [
            7.039679752011573,
            46.999953475325086
          ],
          [
            7.039656068779186,
            46.99994685316275
          ],
          [
            7.039619294262833,
            46.99994846089784
          ],
          [
            7.039588543774398,
            46.99996212523533
          ],
          [
            7.039554021763767,
            46.99997022635635
          ],
          [
            7.039496963409947,
            46.99996954143042
          ],
          [
            7.039444903280474,
            46.999968604071704
          ],
          [
            7.03941419877191,
            46.99997609781047
          ],
          [
            7.039370146648411,
            46.99997858856905
          ],
          [
            7.039339560307044,
            46.99997376826082
          ],
          [
            7.03932471366727,
            46.99996349785147
          ],
          [
            7.039313367819331,
            46.99994925479046
          ],
          [
            7.039295767887271,
            46.99990446014727
          ],
          [
            7.0392813885384315,
            46.99988619462424
          ],
          [
            7.039250119559696,
            46.99987243067045
          ],
          [
            7.039217433537565,
            46.999844179472255
          ],
          [
            7.039194762635582,
            46.999812922875186
          ],
          [
            7.039179155156815,
            46.9998041879688
          ],
          [
            7.039117159388494,
            46.999799158906804
          ],
          [
            7.039069991081692,
            46.99980871788919
          ],
          [
            7.039024287089937,
            46.999822905507514
          ],
          [
            7.038969469785795,
            46.999830260872535
          ],
          [
            7.038908948431559,
            46.99983202823455
          ],
          [
            7.0388816701939545,
            46.9998420074923
          ],
          [
            7.038846007268125,
            46.99984794556107
          ],
          [
            7.038781091225148,
            46.99987125000759
          ],
          [
            7.0387471305577485,
            46.99988340069294
          ],
          [
            7.038716524213221,
            46.999919976097324
          ],
          [
            7.038648410541937,
            46.99995064535453
          ],
          [
            7.038605411096167,
            47.00000227133022
          ],
          [
            7.038595420496052,
            47.000089930658895
          ],
          [
            7.038609632073864,
            47.00016930912477
          ],
          [
            7.038634563411094,
            47.00020947900047
          ],
          [
            7.038646451424037,
            47.0003130014633
          ],
          [
            7.038660801916829,
            47.0003456682915
          ],
          [
            7.0386756766126535,
            47.000369773513754
          ],
          [
            7.038699775491731,
            47.000396438654505
          ],
          [
            7.038704782538442,
            47.000409085440886
          ],
          [
            7.038702832368224,
            47.000423722817025
          ],
          [
            7.038698018461075,
            47.0004432885445
          ],
          [
            7.038682058946062,
            47.00047636206494
          ],
          [
            7.038680564251334,
            47.00049514782455
          ],
          [
            7.038663162838775,
            47.00051707123604
          ],
          [
            7.038629536882492,
            47.00054419108267
          ],
          [
            7.038608100582871,
            47.00055885023173
          ],
          [
            7.038567706471703,
            47.000571455100086
          ],
          [
            7.038523262099355,
            47.000578855545356
          ],
          [
            7.038498965405757,
            47.000582161707285
          ],
          [
            7.038459922504903,
            47.000577590420534
          ],
          [
            7.038408191925725,
            47.0005606422771
          ],
          [
            7.0382985140702425,
            47.00050885067425
          ],
          [
            7.038183515798288,
            47.00046348989409
          ],
          [
            7.0381029657297,
            47.000434036274214
          ],
          [
            7.038069618420553,
            47.00042214471732
          ],
          [
            7.037980783381408,
            47.00039817604611
          ],
          [
            7.037943255698467,
            47.00039145104247
          ],
          [
            7.037927417665499,
            47.000392438978395
          ],
          [
            7.037739502859977,
            47.0004185409625
          ],
          [
            7.037580834202531,
            47.000423012810344
          ],
          [
            7.0374509259974625,
            47.000425066703386
          ],
          [
            7.03729767420757,
            47.00046462948416
          ],
          [
            7.037184756762824,
            47.000494304035676
          ],
          [
            7.037099303492952,
            47.000536605259676
          ],
          [
            7.036930615371537,
            47.00063039941901
          ],
          [
            7.036735486541755,
            47.00072575550765
          ],
          [
            7.036632491804915,
            47.00080140292446
          ],
          [
            7.036563825750725,
            47.00089302952846
          ],
          [
            7.036530658613358,
            47.00100064849106
          ],
          [
            7.0364833632815325,
            47.0011441266181
          ],
          [
            7.036451561231505,
            47.00122752626145
          ],
          [
            7.03644745822244,
            47.00129933855996
          ],
          [
            7.03644685727499,
            47.00136529830136
          ],
          [
            7.036417348990591,
            47.001447887437216
          ],
          [
            7.0363386132616625,
            47.001511080605816
          ],
          [
            7.0361535931105275,
            47.00163069536305
          ],
          [
            7.036090029831245,
            47.00169221469008
          ],
          [
            7.036073859830074,
            47.00171105668801
          ],
          [
            7.036067849850355,
            47.00173740947388
          ],
          [
            7.036068252622097,
            47.00177125985531
          ],
          [
            7.036074378026756,
            47.001802971535795
          ],
          [
            7.036098745081484,
            47.001837598920595
          ],
          [
            7.036122394015352,
            47.00186631392102
          ],
          [
            7.036149187699229,
            47.00192270924186
          ],
          [
            7.036225785757263,
            47.00201449608846
          ],
          [
            7.036284017853126,
            47.00208319951979
          ],
          [
            7.036333929948885,
            47.00214625164189
          ],
          [
            7.03642209714865,
            47.00222786949912
          ],
          [
            7.036435160827272,
            47.00224969284731
          ],
          [
            7.03643994226328,
            47.00226431788105
          ],
          [
            7.036459428162169,
            47.00229239749487
          ],
          [
            7.036488514273559,
            47.002311524661394
          ],
          [
            7.036504995696981,
            47.00233523102486
          ],
          [
            7.036485001022033,
            47.00235559780696
          ],
          [
            7.036467087656061,
            47.002357963504956
          ],
          [
            7.036440887356385,
            47.0023537515402
          ],
          [
            7.036411932661325,
            47.002331134684304
          ],
          [
            7.036383087966025,
            47.002314877818336
          ],
          [
            7.036337357343906,
            47.00228850489198
          ],
          [
            7.036281336579617,
            47.00226142109565
          ],
          [
            7.036229628891993,
            47.00222381906542
          ],
          [
            7.0361735454210015,
            47.0021666280403
          ],
          [
            7.036093843922763,
            47.00211332072315
          ],
          [
            7.036028300901966,
            47.00208836212521
          ],
          [
            7.036006628942963,
            47.00208698150537
          ],
          [
            7.03596967532082,
            47.002092959113774
          ],
          [
            7.035934205230225,
            47.00209923877727
          ],
          [
            7.03586641450244,
            47.00210563845431
          ],
          [
            7.035832984368673,
            47.002102930066236
          ],
          [
            7.035786638306432,
            47.00209548965891
          ],
          [
            7.035759611898965,
            47.00209623998086
          ],
          [
            7.03570781781085,
            47.0021068517144
          ],
          [
            7.035556014869269,
            47.00211385463324
          ],
          [
            7.035331771408583,
            47.00212310251862
          ],
          [
            7.0351348403458145,
            47.00216167178254
          ],
          [
            7.034877889206094,
            47.002229263197385
          ],
          [
            7.034640462922083,
            47.002296923027686
          ],
          [
            7.034497373408787,
            47.00235488619457
          ],
          [
            7.034377153637439,
            47.00242796103546
          ],
          [
            7.034206910591893,
            47.00256601110345
          ],
          [
            7.034058722877658,
            47.00268073343402
          ],
          [
            7.033964847791187,
            47.002763094158794
          ],
          [
            7.033863179783435,
            47.00281702035739
          ],
          [
            7.033741039280855,
            47.00285000509243
          ],
          [
            7.033533902853797,
            47.002872667930056
          ],
          [
            7.033316622130774,
            47.00287358900062
          ],
          [
            7.033144070256597,
            47.002887180626225
          ],
          [
            7.033008104057856,
            47.00292262521242
          ],
          [
            7.032617537947465,
            47.003018144349284
          ],
          [
            7.032488339638897,
            47.00306613368051
          ],
          [
            7.03235078150552,
            47.00314833791363
          ],
          [
            7.032197973010999,
            47.003263041426216
          ],
          [
            7.0320178337541135,
            47.00335261388547
          ],
          [
            7.031924260871908,
            47.0034015658215
          ],
          [
            7.031817112080328,
            47.003427072848055
          ],
          [
            7.03170317523959,
            47.003440870843505
          ],
          [
            7.031495946697795,
            47.00347522344718
          ],
          [
            7.031333337360274,
            47.003531449054286
          ],
          [
            7.031115139245861,
            47.00363175073076
          ],
          [
            7.0308089138337095,
            47.00380354679268
          ],
          [
            7.030627209368649,
            47.00393402168745
          ],
          [
            7.030535916577617,
            47.003987154404335
          ],
          [
            7.030374493629616,
            47.00403920911324
          ],
          [
            7.03030846831428,
            47.00406542825424
          ],
          [
            7.030262763518424,
            47.00409444548024
          ],
          [
            7.030211133214481,
            47.00413143826124
          ],
          [
            7.030183256315212,
            47.00415905291488
          ],
          [
            7.030152652095747,
            47.0041890955195
          ],
          [
            7.030089895199015,
            47.00425219756083
          ],
          [
            7.030036164759794,
            47.004280052625035
          ],
          [
            7.029969848511302,
            47.00431331377815
          ],
          [
            7.029873717697068,
            47.0043403335845
          ],
          [
            7.029823561861558,
            47.00434777321478
          ],
          [
            7.029766472054283,
            47.0043523275537
          ],
          [
            7.02972182013067,
            47.00436738776927
          ],
          [
            7.029675764113532,
            47.0043872283953
          ],
          [
            7.029626997566344,
            47.004391812433134
          ],
          [
            7.029578293684314,
            47.00439163821032
          ],
          [
            7.029511629229387,
            47.004372356854134
          ],
          [
            7.029463062253279,
            47.004356000696106
          ],
          [
            7.029415715807066,
            47.00436058972568
          ],
          [
            7.0293654215354815,
            47.00438611802018
          ],
          [
            7.0292802767442355,
            47.00441913147779
          ],
          [
            7.029258217674603,
            47.004442467026216
          ],
          [
            7.029240681278067,
            47.00445901838724
          ],
          [
            7.029207081301395,
            47.004468046207755
          ],
          [
            7.029141681143824,
            47.004482878985755
          ],
          [
            7.029087743591292,
            47.00450333880542
          ],
          [
            7.029037291387169,
            47.00452197606265
          ],
          [
            7.029000135517904,
            47.00453343778109
          ],
          [
            7.028944211751358,
            47.00454881712163
          ],
          [
            7.028879296202744,
            47.00455014068676
          ],
          [
            7.028800598112307,
            47.004565456333964
          ],
          [
            7.028689798889767,
            47.004608676912575
          ],
          [
            7.028625756186827,
            47.00464194544125
          ],
          [
            7.02858219609881,
            47.00467918231242
          ],
          [
            7.028544424976858,
            47.00470398156806
          ],
          [
            7.0284987691081175,
            47.00471784134542
          ],
          [
            7.0284565547507665,
            47.00472702694749
          ],
          [
            7.028413275137698,
            47.00472765427126
          ],
          [
            7.028376791251405,
            47.00473375705602
          ],
          [
            7.028348172959133,
            47.004751572824965
          ],
          [
            7.028332015214185,
            47.004780344484146
          ],
          [
            7.028320401107817,
            47.00480990603291
          ],
          [
            7.028294697304235,
            47.00482832593025
          ],
          [
            7.028263446721375,
            47.004836156548194
          ],
          [
            7.028255099391034,
            47.00485296561659
          ],
          [
            7.02824706923385,
            47.00486442367504
          ],
          [
            7.028239822666575,
            47.00487486808695
          ],
          [
            7.02822211865762,
            47.00488749678097
          ],
          [
            7.028202405406576,
            47.00489806735333
          ],
          [
            7.028177937153215,
            47.00490282794125
          ],
          [
            7.028137968013509,
            47.00490728101211
          ],
          [
            7.028123394483756,
            47.00491293165393
          ],
          [
            7.02812018839373,
            47.004922904822635
          ],
          [
            7.028118992129335,
            47.00495885436656
          ],
          [
            7.028114449301234,
            47.004983664825964
          ],
          [
            7.028102533248512,
            47.00500799905343
          ],
          [
            7.028073536939135,
            47.005052772028755
          ],
          [
            7.02805714380051,
            47.00509848077581
          ],
          [
            7.028053767889634,
            47.00511344567182
          ],
          [
            7.028018032647878,
            47.00515046755349
          ],
          [
            7.0280050218864,
            47.00517864778728
          ],
          [
            7.027995959139058,
            47.0052252643787
          ],
          [
            7.027987008063131,
            47.00526418147411
          ],
          [
            7.0279657661032084,
            47.00528030555278
          ],
          [
            7.02794522416555,
            47.00528231866422
          ],
          [
            7.027915915380675,
            47.00527354201719
          ],
          [
            7.027859571884423,
            47.00524753238126
          ],
          [
            7.027825317008309,
            47.00521673566949
          ],
          [
            7.027817749876244,
            47.00519698199698
          ],
          [
            7.027816562067158,
            47.005178708466495
          ],
          [
            7.027826379892864,
            47.005167355808126
          ],
          [
            7.027850630798662,
            47.00516352102037
          ],
          [
            7.027882664114016,
            47.00516167513813
          ],
          [
            7.027895392087054,
            47.005156638566774
          ],
          [
            7.027925804318008,
            47.005098737721745
          ],
          [
            7.027955886078067,
            47.00502906095665
          ],
          [
            7.027972113539884,
            47.00496211394655
          ],
          [
            7.0279838112629385,
            47.004918259350845
          ],
          [
            7.027979219035257,
            47.00488610298695
          ],
          [
            7.027970203354275,
            47.00486319579886
          ],
          [
            7.02795257073266,
            47.00484424253849
          ],
          [
            7.027931717793201,
            47.00483026105314
          ],
          [
            7.027911679987405,
            47.004824863918685
          ],
          [
            7.02789579628778,
            47.00482475289355
          ],
          [
            7.027878070708266,
            47.004826479267074
          ],
          [
            7.027841897490385,
            47.00482806740423
          ],
          [
            7.0278257487079685,
            47.004826516184046
          ],
          [
            7.027800272187759,
            47.00481359748832
          ],
          [
            7.027775915870806,
            47.00479350463703
          ],
          [
            7.027764283436097,
            47.004780887541244
          ],
          [
            7.027762053863899,
            47.00476471514367
          ],
          [
            7.027769538080448,
            47.004749018414735
          ],
          [
            7.027782708783646,
            47.00473768680197
          ],
          [
            7.0277719587504714,
            47.00471290236266
          ],
          [
            7.027737168320609,
            47.00469025335297
          ],
          [
            7.0276972323814055,
            47.00467498889596
          ],
          [
            7.027654403835732,
            47.00464086007484
          ],
          [
            7.0276010960013755,
            47.004598076160306
          ],
          [
            7.027565956281978,
            47.00457983349353
          ],
          [
            7.027527437107192,
            47.0045770054459
          ],
          [
            7.027486166539476,
            47.00458143561964
          ],
          [
            7.027451720004731,
            47.00458935347229
          ],
          [
            7.027402819583087,
            47.00460959673903
          ],
          [
            7.0273425425204366,
            47.00461475008351
          ],
          [
            7.027296012415364,
            47.00461743419106
          ],
          [
            7.02724018467282,
            47.00461853765361
          ],
          [
            7.027201640190958,
            47.00462241983003
          ],
          [
            7.027107082574654,
            47.00465834823693
          ],
          [
            7.02705176353121,
            47.00466682051328
          ],
          [
            7.026962159528437,
            47.00466389834059
          ],
          [
            7.026844610557249,
            47.004645916435116
          ],
          [
            7.026791128519054,
            47.00463951712829
          ],
          [
            7.026780345458504,
            47.00464129532234
          ],
          [
            7.026762704688694,
            47.004640548146796
          ],
          [
            7.026752699844544,
            47.00464201430909
          ],
          [
            7.026750658595189,
            47.004650957187756
          ],
          [
            7.026754022475407,
            47.00470934820027
          ],
          [
            7.0267492201137784,
            47.00472167232638
          ],
          [
            7.026731439831348,
            47.00473050453936
          ],
          [
            7.026717049775446,
            47.004743054987806
          ],
          [
            7.02669822320911,
            47.004771645896824
          ],
          [
            7.026683795923151,
            47.00482319043003
          ],
          [
            7.0266739667015035,
            47.00484966389402
          ],
          [
            7.0266717389634445,
            47.00486403920424
          ],
          [
            7.026667877790945,
            47.00488562278562
          ],
          [
            7.0266528320520125,
            47.0049184280697
          ],
          [
            7.0266392897685135,
            47.004955781348194
          ],
          [
            7.026620002923173,
            47.00499802530931
          ],
          [
            7.026608536095335,
            47.005033946828824
          ],
          [
            7.026602694381711,
            47.00504974834821
          ],
          [
            7.026602503478315,
            47.00506600199899
          ],
          [
            7.026568581800826,
            47.00513035740532
          ],
          [
            7.026545096374119,
            47.00518162640542
          ],
          [
            7.026538265329652,
            47.00521490204222
          ],
          [
            7.026525860211931,
            47.00526336848392
          ],
          [
            7.026520359320904,
            47.005292960878364
          ],
          [
            7.026524832164853,
            47.005306361865635
          ],
          [
            7.026535806930261,
            47.005313858444026
          ],
          [
            7.026561952033222,
            47.00532020433334
          ],
          [
            7.026588845459381,
            47.00532841492088
          ],
          [
            7.026631835632504,
            47.0053227499259
          ],
          [
            7.026681507938593,
            47.0053202213295
          ],
          [
            7.0267171976186535,
            47.005321708176126
          ],
          [
            7.026750178308177,
            47.005316384877894
          ],
          [
            7.026782644099629,
            47.00530962048267
          ],
          [
            7.026808390209184,
            47.00530630402707
          ],
          [
            7.026866784991299,
            47.00530321308058
          ],
          [
            7.026895565096659,
            47.00530548455867
          ],
          [
            7.026936497712604,
            47.005300621609365
          ],
          [
            7.0269687485135135,
            47.005289322803584
          ],
          [
            7.027013046614698,
            47.005282852805934
          ],
          [
            7.027068335520592,
            47.00528180148352
          ],
          [
            7.02709364051957,
            47.00529309159104
          ],
          [
            7.0271071637555655,
            47.00530263919818
          ],
          [
            7.0271176411336,
            47.005306427905644
          ],
          [
            7.0271260278050525,
            47.00531533635564
          ],
          [
            7.0271302362267045,
            47.00532894325687
          ],
          [
            7.027140171940278,
            47.005334771924645
          ],
          [
            7.027139063494232,
            47.00534382610824
          ],
          [
            7.02713654865869,
            47.005359639625574
          ],
          [
            7.0271314586529,
            47.00537688310856
          ],
          [
            7.027132404177263,
            47.005383884781374
          ],
          [
            7.0271191618976685,
            47.00539593567794
          ],
          [
            7.027099069799583,
            47.00539929054244
          ],
          [
            7.027055531016882,
            47.005406186081245
          ],
          [
            7.027024876127207,
            47.00541172472904
          ],
          [
            7.026989557473357,
            47.00542011605033
          ],
          [
            7.026951474489456,
            47.00542375693497
          ],
          [
            7.026916160038799,
            47.00542989045213
          ],
          [
            7.026895270444179,
            47.005437766998156
          ],
          [
            7.026798998668706,
            47.00544675733219
          ],
          [
            7.026732129583391,
            47.005450600302105
          ],
          [
            7.026713886798428,
            47.0054494461673
          ],
          [
            7.0267020927646096,
            47.00544587756006
          ],
          [
            7.026694886135683,
            47.00544766863015
          ],
          [
            7.026685318372199,
            47.00545212276984
          ],
          [
            7.026675749014357,
            47.00545678379271
          ],
          [
            7.026593307099426,
            47.00545085575462
          ],
          [
            7.026538053326885,
            47.00544902850912
          ],
          [
            7.02649099864968,
            47.00544972246115
          ],
          [
            7.026422315155988,
            47.00543134055137
          ],
          [
            7.026401343628213,
            47.005417412332285
          ],
          [
            7.026364959086218,
            47.005374688856435
          ],
          [
            7.026350690880521,
            47.0053594445098
          ],
          [
            7.026345439083169,
            47.00534645448666
          ],
          [
            7.026340654723364,
            47.00529498465524
          ],
          [
            7.026346097919192,
            47.00524729370535
          ],
          [
            7.026351014079333,
            47.00520144487196
          ],
          [
            7.026357755526866,
            47.00517639953694
          ],
          [
            7.0263653534077966,
            47.00516307804362
          ],
          [
            7.026374702462419,
            47.005111911033126
          ],
          [
            7.026380840358654,
            47.00509181088422
          ],
          [
            7.026392711614479,
            47.005052913431776
          ],
          [
            7.026391668518981,
            47.00503469437723
          ],
          [
            7.026391147214037,
            47.00502555336755
          ],
          [
            7.026403746897867,
            47.004974029269036
          ],
          [
            7.026413840295446,
            47.00494059449033
          ],
          [
            7.026430432157261,
            47.00488804133578
          ],
          [
            7.026474849649155,
            47.004809700271245
          ],
          [
            7.0264909950476335,
            47.004813392529115
          ],
          [
            7.026503422787408,
            47.00479953972656
          ],
          [
            7.026499683984623,
            47.004786447219686
          ],
          [
            7.026497890845818,
            47.00478024305892
          ],
          [
            7.026483411244383,
            47.004751487163226
          ],
          [
            7.026505932018706,
            47.004743499633385
          ],
          [
            7.026513827547964,
            47.004735909149396
          ],
          [
            7.0264998567999495,
            47.004717913357524
          ],
          [
            7.026510054618149,
            47.00469822362249
          ],
          [
            7.026520395978403,
            47.00469404214155
          ],
          [
            7.026558054948399,
            47.00467880505092
          ],
          [
            7.026602393688856,
            47.00466358302248
          ],
          [
            7.026614064149877,
            47.00465585321535
          ],
          [
            7.026626064620592,
            47.004641126324636
          ],
          [
            7.026643167920876,
            47.004607500896846
          ],
          [
            7.026667610007909,
            47.00456344048018
          ],
          [
            7.026688756416836,
            47.004535829415126
          ],
          [
            7.026708915880345,
            47.00450489555905
          ],
          [
            7.02674313519774,
            47.00445988087433
          ],
          [
            7.026749686216832,
            47.00444758103715
          ],
          [
            7.0267503629513355,
            47.00443482827018
          ],
          [
            7.026739127357293,
            47.00442877899946
          ],
          [
            7.0267211430314855,
            47.0044504646279
          ],
          [
            7.026691822892413,
            47.00449448949272
          ],
          [
            7.026681234453327,
            47.00449831928588
          ],
          [
            7.026674386239342,
            47.00451164350207
          ],
          [
            7.026658865222715,
            47.00452079867569
          ],
          [
            7.026634943128898,
            47.00452123420723
          ],
          [
            7.026567742478122,
            47.004520470336786
          ],
          [
            7.026434955565048,
            47.00451591691227
          ],
          [
            7.0262986419398885,
            47.004496355604935
          ],
          [
            7.025712904533897,
            47.00553726321837
          ],
          [
            7.025647562160082,
            47.00565335325503
          ],
          [
            7.025554088055248,
            47.005819390959786
          ],
          [
            7.025108834534829,
            47.00606837910366
          ],
          [
            7.0256985802910314,
            47.006561900340266
          ],
          [
            7.0260351170406015,
            47.00683073143784
          ],
          [
            7.028003145795215,
            47.008363491614205
          ],
          [
            7.02929661886528,
            47.009378505697605
          ],
          [
            7.030010404969843,
            47.00999679769297
          ],
          [
            7.0303627109920095,
            47.010314165196874
          ],
          [
            7.030668781045272,
            47.010638643760245
          ],
          [
            7.0309513715796,
            47.01097635065835
          ],
          [
            7.031199670227407,
            47.01132581730563
          ],
          [
            7.031417832711672,
            47.01167661530409
          ],
          [
            7.031651422418571,
            47.01209510260257
          ],
          [
            7.0318504381515545,
            47.01247416641434
          ],
          [
            7.032155927976698,
            47.01314092369134
          ],
          [
            7.033285008405031,
            47.01589065791182
          ],
          [
            7.033466185510644,
            47.01645946267863
          ],
          [
            7.033592324510286,
            47.01710282213638
          ],
          [
            7.033654912868312,
            47.017714931974865
          ],
          [
            7.033661585737846,
            47.0183276353024
          ],
          [
            7.033519213742436,
            47.020428242691295
          ],
          [
            7.034097452060338,
            47.020446480636856
          ],
          [
            7.034520390449519,
            47.02030793885775
          ],
          [
            7.034592536431218,
            47.02028699211412
          ],
          [
            7.034667147781246,
            47.020270506644664
          ],
          [
            7.034743605243365,
            47.020258624180485
          ],
          [
            7.034782373174599,
            47.02025443439484
          ],
          [
            7.03486052669113,
            47.02024961005899
          ],
          [
            7.034899754243205,
            47.02024900193606
          ],
          [
            7.034978143142383,
            47.020251329515304
          ],
          [
            7.036258514053854,
            47.02032717282273
          ],
          [
            7.036348922124308,
            47.02033865385915
          ],
          [
            7.036281067588505,
            47.020402937561805
          ],
          [
            7.036376075376145,
            47.020374730058286
          ],
          [
            7.036710927398038,
            47.02037525060566
          ],
          [
            7.036828732492022,
            47.02037291200166
          ],
          [
            7.036887485621321,
            47.020369745200846
          ],
          [
            7.0370043641322395,
            47.020359424442525
          ],
          [
            7.037088231142249,
            47.0203486728415
          ],
          [
            7.037190810369625,
            47.02033155530986
          ],
          [
            7.03729750816823,
            47.02030895608759
          ],
          [
            7.037377448148548,
            47.02028864661593
          ],
          [
            7.037455881761267,
            47.02026574119487
          ],
          [
            7.037532624519216,
            47.020240284156365
          ],
          [
            7.037607491733998,
            47.02021234681767
          ],
          [
            7.037680312006236,
            47.02018198255256
          ],
          [
            7.038343115552958,
            47.01989202402513
          ],
          [
            7.039781358030886,
            47.01921665377359
          ],
          [
            7.040446917835013,
            47.01982723553337
          ],
          [
            7.040648006203342,
            47.01973309935062
          ],
          [
            7.0408446276013255,
            47.01963464758673
          ],
          [
            7.041036583912984,
            47.01953198751783
          ],
          [
            7.041223677228072,
            47.0194251994361
          ],
          [
            7.041405735612609,
            47.01931440870033
          ],
          [
            7.041582547746835,
            47.019199731537874
          ],
          [
            7.041723252246884,
            47.019103054072325
          ],
          [
            7.041817891977026,
            47.019035109111755
          ],
          [
            7.042001803444555,
            47.01889579116881
          ],
          [
            7.0420909959354425,
            47.01882446289609
          ],
          [
            7.042178328396702,
            47.01875206667552
          ],
          [
            7.042263748287237,
            47.018678593333945
          ],
          [
            7.0423243539173885,
            47.01862392380849
          ],
          [
            7.042443049126254,
            47.0185132806397
          ],
          [
            7.042614629981291,
            47.01834417195351
          ],
          [
            7.042964199131396,
            47.01866136435045
          ],
          [
            7.043725444274368,
            47.01928695614896
          ],
          [
            7.043742838753196,
            47.01932174656908
          ],
          [
            7.043436133056221,
            47.01956083125429
          ],
          [
            7.043333318314313,
            47.01963698886121
          ],
          [
            7.043237017564515,
            47.0197019968934
          ],
          [
            7.043309395857586,
            47.0197664996075
          ],
          [
            7.0432673163686585,
            47.0197917745022
          ],
          [
            7.043392806893745,
            47.01990437803212
          ],
          [
            7.043936094046107,
            47.01972840174857
          ],
          [
            7.04411843015746,
            47.01994669600862
          ],
          [
            7.044563858326266,
            47.0197847084554
          ],
          [
            7.044714213639956,
            47.01995946287633
          ],
          [
            7.045774665086837,
            47.019471785333224
          ],
          [
            7.045981970032495,
            47.01939117192536
          ],
          [
            7.046203908084985,
            47.01933103638798
          ],
          [
            7.047031300470676,
            47.0191546167433
          ],
          [
            7.046956804870742,
            47.019069816028036
          ],
          [
            7.047074239764547,
            47.01902415389378
          ],
          [
            7.047333207324379,
            47.018972076691206
          ],
          [
            7.04741170384116,
            47.01911415410153
          ],
          [
            7.048059653108085,
            47.01906434074532
          ],
          [
            7.048120116904993,
            47.01919949276008
          ],
          [
            7.048126942137684,
            47.01925009590363
          ],
          [
            7.048029510284091,
            47.019580758411465
          ],
          [
            7.04804051744153,
            47.01964406802263
          ],
          [
            7.048254008776471,
            47.019985974707296
          ],
          [
            7.048670606342141,
            47.02050771244338
          ],
          [
            7.048752832987865,
            47.020512382429956
          ],
          [
            7.049218321932133,
            47.02058909599571
          ],
          [
            7.049626613169636,
            47.02065248917879
          ],
          [
            7.0505443349251635,
            47.02101127590589
          ],
          [
            7.051302206351428,
            47.02131850238077
          ],
          [
            7.051479019261218,
            47.02140884581853
          ],
          [
            7.052029851829056,
            47.0212300952983
          ],
          [
            7.052377489647148,
            47.02113288983275
          ],
          [
            7.0533898048654,
            47.02088087770402
          ],
          [
            7.053861227952465,
            47.02071732256089
          ],
          [
            7.055251488673459,
            47.02026515429549
          ],
          [
            7.056583786092852,
            47.01982222949723
          ],
          [
            7.057213552747793,
            47.019621832570735
          ],
          [
            7.059587907647015,
            47.01889206088067
          ],
          [
            7.060332089739207,
            47.01865333785333
          ],
          [
            7.060949207514389,
            47.01843351201906
          ],
          [
            7.061665955789861,
            47.01820569082551
          ],
          [
            7.06187699047733,
            47.01860909078183
          ],
          [
            7.062282748309608,
            47.01890908429454
          ],
          [
            7.063065673259871,
            47.018671307614525
          ],
          [
            7.063276388284555,
            47.01867035336359
          ],
          [
            7.064084536530073,
            47.0187850649748
          ],
          [
            7.0653274253028755,
            47.018900516310104
          ],
          [
            7.065531419645278,
            47.01866771269439
          ],
          [
            7.065733260417215,
            47.01844735998587
          ],
          [
            7.0673422603758835,
            47.019063807858615
          ],
          [
            7.067785666017565,
            47.019184126756535
          ],
          [
            7.06838705136953,
            47.01938463466651
          ],
          [
            7.069021546951979,
            47.01968417516506
          ],
          [
            7.069713122776239,
            47.019977752590115
          ],
          [
            7.070541609120987,
            47.020343323060395
          ],
          [
            7.0707533867452295,
            47.02050431622896
          ],
          [
            7.0716518416605325,
            47.02097475328165
          ],
          [
            7.071768453217672,
            47.02102745226934
          ],
          [
            7.072072777659209,
            47.02113575838586
          ],
          [
            7.073053920879155,
            47.02002513746234
          ],
          [
            7.0732951131849795,
            47.01974167944114
          ],
          [
            7.0734961045475595,
            47.01957036106702
          ],
          [
            7.073504192248667,
            47.01939526022079
          ],
          [
            7.073655636337409,
            47.01939711997534
          ],
          [
            7.073849419429155,
            47.01911559631175
          ],
          [
            7.0741329608949295,
            47.018729088167234
          ],
          [
            7.074454741748948,
            47.01830850151907
          ],
          [
            7.074522117545375,
            47.01823012540847
          ],
          [
            7.074589786785277,
            47.018160781329314
          ],
          [
            7.074878404594515,
            47.017894651661976
          ],
          [
            7.075149575459392,
            47.01765810484452
          ],
          [
            7.0758659170156095,
            47.01704539891693
          ],
          [
            7.076129493806733,
            47.01683161940615
          ],
          [
            7.076840438648526,
            47.01628430304547
          ],
          [
            7.076934574492719,
            47.01621739805042
          ],
          [
            7.077035372986289,
            47.0161551645468
          ],
          [
            7.07715370705178,
            47.01609234773991
          ],
          [
            7.077267282430085,
            47.01604081369047
          ],
          [
            7.077386182302258,
            47.01599540406493
          ],
          [
            7.0771234338927425,
            47.01562490851631
          ],
          [
            7.077438411438189,
            47.015611484765124
          ],
          [
            7.077738360058604,
            47.01531485407519
          ],
          [
            7.07869098154016,
            47.014619733727855
          ],
          [
            7.079541673249942,
            47.01400777843151
          ],
          [
            7.080100221662641,
            47.01374928339908
          ],
          [
            7.0809749083042055,
            47.01361366852804
          ],
          [
            7.082209944048319,
            47.0131996013884
          ],
          [
            7.08299476031678,
            47.01305094477092
          ],
          [
            7.083378064810608,
            47.01237491778464
          ],
          [
            7.083461961600018,
            47.01214644947478
          ],
          [
            7.083504914589372,
            47.0120888429639
          ],
          [
            7.083557125979077,
            47.01192227980025
          ],
          [
            7.083371432647879,
            47.01188252895559
          ],
          [
            7.083292510630017,
            47.01179375327403
          ],
          [
            7.083242281356094,
            47.011695567844896
          ],
          [
            7.083050444939683,
            47.011124102221444
          ],
          [
            7.0829904929158385,
            47.010917935449555
          ],
          [
            7.082947191803758,
            47.01070957165375
          ],
          [
            7.082805411715352,
            47.00983596965294
          ],
          [
            7.082752788592021,
            47.00963746240732
          ],
          [
            7.082660774490729,
            47.00944570478245
          ],
          [
            7.082531528483634,
            47.009264346451786
          ],
          [
            7.081444791768958,
            47.00797922529225
          ],
          [
            7.081249925489831,
            47.00778145108379
          ],
          [
            7.0810171744825325,
            47.00760345534
          ],
          [
            7.079542447857723,
            47.00662140779878
          ],
          [
            7.078958974748319,
            47.00656478383336
          ],
          [
            7.078771272483236,
            47.0068659901907
          ],
          [
            7.0780454927793075,
            47.00722237669814
          ],
          [
            7.07773554561364,
            47.006885410845186
          ],
          [
            7.078048255794837,
            47.00645943269099
          ],
          [
            7.078030081714392,
            47.0063601046063
          ],
          [
            7.077429266372859,
            47.006173311903225
          ],
          [
            7.076738706777509,
            47.00598093379315
          ],
          [
            7.076261955314457,
            47.00553190442144
          ],
          [
            7.076255104168849,
            47.00506025651202
          ],
          [
            7.076567742290899,
            47.004872393400085
          ],
          [
            7.07670536584173,
            47.0048099709129
          ],
          [
            7.076862560457482,
            47.00477596300478
          ],
          [
            7.077026826530862,
            47.00477153540883
          ],
          [
            7.077118785354932,
            47.0047746867387
          ],
          [
            7.077276969154537,
            47.00457083442503
          ],
          [
            7.077543447072385,
            47.00447057968979
          ],
          [
            7.077436577363292,
            47.00441680169215
          ],
          [
            7.077228985613389,
            47.00404945705681
          ],
          [
            7.077443468376705,
            47.003990200092574
          ],
          [
            7.077488084124367,
            47.004038825079114
          ],
          [
            7.078870234335863,
            47.00366023172632
          ],
          [
            7.07875681179115,
            47.0034664513356
          ],
          [
            7.082291624418618,
            47.00249786971001
          ],
          [
            7.078536066747632,
            47.00064166458309
          ],
          [
            7.0811319877048735,
            46.99865543697398
          ],
          [
            7.079728578289468,
            46.99826569377341
          ],
          [
            7.079521680413401,
            46.998225141232936
          ],
          [
            7.079332184555129,
            46.99817373186065
          ],
          [
            7.0793049925975895,
            46.99814863075525
          ],
          [
            7.072107032959066,
            46.99614978277961
          ],
          [
            7.073949404798252,
            46.99518517543211
          ],
          [
            7.0676665414431366,
            46.99247725231074
          ],
          [
            7.060040458664314,
            46.989325393361355
          ],
          [
            7.057039819135994,
            46.988053736193564
          ],
          [
            7.051172102695233,
            46.98571812952148
          ],
          [
            7.049766840836131,
            46.9849340463608
          ],
          [
            7.049688161016186,
            46.98489014277821
          ],
          [
            7.040522055646155,
            46.979774870018424
          ],
          [
            7.040163300473708,
            46.9798448620379
          ]
        ]
      }
    }
  ],
  "properties": {
    "swissboundaries:outer_boundary_of_switzerland": "yes",
    "note": "Includes segments on Switzerland's outer national boundary."
  }
}