{
  "type": "FeatureCollection",
  "features": [
    {
      "type": "Feature",
      "properties": {
        "source": "swisstopo swissBOUNDARIES3D",
        "source:date": "2026-01-01"
      },
      "geometry": {
        "type": "LineString",
        "coordinates": [
          [
            7.071242673648228,
            46.20101110031912
          ],
          [
            7.0711066345284035,
            46.20120379379514
          ],
          [
            7.070762057496066,
            46.20142818156992
          ],
          [
            7.070084444509944,
            46.201645082977436
          ],
          [
            7.069639688511175,
            46.201968631762554
          ],
          [
            7.069621914534645,
            46.202506056813654
          ],
          [
            7.069525168095385,
            46.20276814396078
          ],
          [
            7.0691513769035685,
            46.20301851863421
          ],
          [
            7.069416810512052,
            46.203310570548524
          ],
          [
            7.069989344806891,
            46.20368974319839
          ],
          [
            7.070365368673482,
            46.20400996947052
          ],
          [
            7.070503175691939,
            46.20415031193876
          ],
          [
            7.070672537987356,
            46.20443306011518
          ],
          [
            7.070511520432573,
            46.2046393357803
          ],
          [
            7.070590436555031,
            46.205422911182666
          ],
          [
            7.070779684082833,
            46.20575835795141
          ],
          [
            7.070720187182077,
            46.2063359296574
          ],
          [
            7.0708154346286,
            46.206622213682515
          ],
          [
            7.071134872233753,
            46.20682430108217
          ],
          [
            7.071263234122263,
            46.20709997890773
          ],
          [
            7.071677715598599,
            46.20766030416783
          ],
          [
            7.07169284117811,
            46.20802763840168
          ],
          [
            7.071645550357146,
            46.208280353121246
          ],
          [
            7.071609985661658,
            46.208577085959064
          ],
          [
            7.07145652055898,
            46.20887234602058
          ],
          [
            7.0710638386106766,
            46.209766478112776
          ],
          [
            7.070625997775572,
            46.210494580861905
          ],
          [
            7.070024759929481,
            46.21116376534336
          ],
          [
            7.061971218578416,
            46.21460210280097
          ],
          [
            7.060518812986806,
            46.21586946268139
          ],
          [
            7.058610224152084,
            46.2185946026988
          ],
          [
            7.05891003583991,
            46.22111497648409
          ],
          [
            7.058153569228704,
            46.22292888149871
          ],
          [
            7.0573162589234855,
            46.22408341101604
          ],
          [
            7.056245775220908,
            46.225029261707924
          ],
          [
            7.055525160022501,
            46.224949810641185
          ],
          [
            7.049999831653684,
            46.22402241252245
          ],
          [
            7.049377475779833,
            46.22419854121203
          ],
          [
            7.049167762163027,
            46.22430800497915
          ],
          [
            7.048749283558062,
            46.224340372645784
          ],
          [
            7.048397967948025,
            46.22442316743545
          ],
          [
            7.048088691054338,
            46.22453552281475
          ],
          [
            7.0478910894899105,
            46.224726356408844
          ],
          [
            7.047634249820542,
            46.2247019686909
          ],
          [
            7.047517213685768,
            46.22464785813894
          ],
          [
            7.047301909303103,
            46.224741016824126
          ],
          [
            7.0470522553014945,
            46.22488839881943
          ],
          [
            7.046521226236436,
            46.22523178955025
          ],
          [
            7.046140295267004,
            46.22548350368814
          ],
          [
            7.045715238598068,
            46.22577851198662
          ],
          [
            7.045136589727673,
            46.22614457933515
          ],
          [
            7.044648723128001,
            46.226163016068114
          ],
          [
            7.044160659606655,
            46.22620671895961
          ],
          [
            7.043731747461089,
            46.22620988547128
          ],
          [
            7.043395418873264,
            46.226260962434
          ],
          [
            7.043046769274009,
            46.226346808552584
          ],
          [
            7.042358994556717,
            46.22644376769891
          ],
          [
            7.042022740317708,
            46.226482516719486
          ],
          [
            7.041248385196644,
            46.22659292780536
          ],
          [
            7.040709287549247,
            46.22668592125429
          ],
          [
            7.040282362030024,
            46.226753401053074
          ],
          [
            7.039906494270629,
            46.22682213939306
          ],
          [
            7.039492410828801,
            46.226887943469784
          ],
          [
            7.039178843294661,
            46.22694484578052
          ],
          [
            7.038853163840594,
            46.22699189892708
          ],
          [
            7.038528522360034,
            46.22705631655246
          ],
          [
            7.037697300372714,
            46.22721264946006
          ],
          [
            7.037449308778147,
            46.227252787360094
          ],
          [
            7.036395337836975,
            46.22747181828303
          ],
          [
            7.035836091585901,
            46.22753539058439
          ],
          [
            7.035559023231068,
            46.22759835049852
          ],
          [
            7.035238705688856,
            46.22762059324393
          ],
          [
            7.034640616261081,
            46.22774608204948
          ],
          [
            7.034173872043043,
            46.2278497387749
          ],
          [
            7.033803952819902,
            46.22786612313483
          ],
          [
            7.032766745922226,
            46.228023757751444
          ],
          [
            7.032536823896506,
            46.228055853820635
          ],
          [
            7.031791762727147,
            46.227972088203245
          ],
          [
            7.030566962545113,
            46.22768694860363
          ],
          [
            7.029746129284263,
            46.2275283115604
          ],
          [
            7.028109656471825,
            46.22716543913698
          ],
          [
            7.026779109639806,
            46.226814366242195
          ],
          [
            7.02461069071305,
            46.22625105210107
          ],
          [
            7.0227706968264965,
            46.225766109852216
          ],
          [
            7.021019609706174,
            46.22531655032905
          ],
          [
            7.0206759904567235,
            46.22521820364321
          ],
          [
            7.020143488138212,
            46.225076514947204
          ],
          [
            7.0199905262563345,
            46.22502889020893
          ],
          [
            7.019819038710419,
            46.224963384882514
          ],
          [
            7.0197154851355705,
            46.22491235407483
          ],
          [
            7.019607083161598,
            46.224851400850916
          ],
          [
            7.0182708472554545,
            46.22402740881406
          ],
          [
            7.0181120778995565,
            46.22394369598812
          ],
          [
            7.017648761500019,
            46.223722371552306
          ],
          [
            7.017476276232967,
            46.22365271188982
          ],
          [
            7.017257514503097,
            46.223583985420746
          ],
          [
            7.015884628376518,
            46.223216019236645
          ],
          [
            7.015769121278881,
            46.223183021360995
          ],
          [
            7.015542015871881,
            46.2231044549052
          ],
          [
            7.015401592922367,
            46.22304563532951
          ],
          [
            7.01522056953002,
            46.22295796667675
          ],
          [
            7.015205087490319,
            46.22294891278133
          ],
          [
            7.015221852577084,
            46.22292639649263
          ],
          [
            7.014671658752005,
            46.22264502869568
          ],
          [
            7.014405407503174,
            46.22251620646587
          ],
          [
            7.014178623784763,
            46.22243025297113
          ],
          [
            7.014000467873364,
            46.222374168156286
          ],
          [
            7.013420824998168,
            46.222146018938204
          ],
          [
            7.012776304501082,
            46.221814179705326
          ],
          [
            7.012567073561729,
            46.22172173139664
          ],
          [
            7.012311808168198,
            46.22163098867197
          ],
          [
            7.012121417671122,
            46.22156559799001
          ],
          [
            7.011692774328045,
            46.22153887686077
          ],
          [
            7.011632452327089,
            46.22144725171147
          ],
          [
            7.011626397512113,
            46.22140800738982
          ],
          [
            7.0105417185612975,
            46.22156124568362
          ],
          [
            7.010320992350348,
            46.22159585020441
          ],
          [
            7.010120362742763,
            46.22139782915498
          ],
          [
            7.010344411398354,
            46.22082528399927
          ],
          [
            7.008131038051402,
            46.22005124201033
          ],
          [
            7.008112100947257,
            46.22016927462275
          ],
          [
            7.008056316038737,
            46.22033994441153
          ],
          [
            7.0079888336789224,
            46.2205164256985
          ],
          [
            7.007905832836855,
            46.220686991417146
          ],
          [
            7.007796211300181,
            46.22086738660035
          ],
          [
            7.007681539949969,
            46.22102751297932
          ],
          [
            7.007548058385,
            46.22118982522519
          ],
          [
            7.007390689750004,
            46.22134080125182
          ],
          [
            7.007227544172061,
            46.22148635751081
          ],
          [
            7.007056096788253,
            46.221614780860406
          ],
          [
            7.006863940005322,
            46.221741334464866
          ],
          [
            7.006621783024794,
            46.221880730911714
          ],
          [
            7.006353387185178,
            46.2220127306666
          ],
          [
            7.006089629707042,
            46.222112210024214
          ],
          [
            7.005789727364819,
            46.22220811358835
          ],
          [
            7.005107679879698,
            46.22241687382447
          ],
          [
            7.004907181533909,
            46.22248347146092
          ],
          [
            7.004747710440989,
            46.22254097008654
          ],
          [
            7.004432929931161,
            46.222683221784195
          ],
          [
            7.00411003753474,
            46.22287043800305
          ],
          [
            7.003869486069142,
            46.223048984232015
          ],
          [
            7.003660000275134,
            46.2232339198819
          ],
          [
            7.003432942096815,
            46.22351056179201
          ],
          [
            7.003188977114006,
            46.223871697856644
          ],
          [
            7.003052901799826,
            46.22411405691997
          ],
          [
            7.002926324884086,
            46.224380732037886
          ],
          [
            7.002783828493995,
            46.2246977305818
          ],
          [
            7.002685179828023,
            46.22495957478266
          ],
          [
            7.002574362702699,
            46.22528076168132
          ],
          [
            7.002523125029032,
            46.22552794620399
          ],
          [
            7.00248683458206,
            46.22570532765443
          ],
          [
            7.002459400540225,
            46.22588058439162
          ],
          [
            7.002424723998848,
            46.226261959410046
          ],
          [
            7.002420430993359,
            46.22652526601922
          ],
          [
            7.002429487023837,
            46.22679679242284
          ],
          [
            7.002464142386259,
            46.22709571995634
          ],
          [
            7.002517817992266,
            46.22740207059377
          ],
          [
            7.002569494818462,
            46.22762168556706
          ],
          [
            7.00263803704036,
            46.22785237653835
          ],
          [
            7.002701519140673,
            46.22809506620394
          ],
          [
            7.002758990049223,
            46.22839717642531
          ],
          [
            7.002787460762804,
            46.228640171442
          ],
          [
            7.002803568935413,
            46.22886342698284
          ],
          [
            7.002808918957824,
            46.22908988838879
          ],
          [
            7.002803095382401,
            46.229318006788716
          ],
          [
            7.0026102653038365,
            46.231444357456226
          ],
          [
            7.002583273716963,
            46.23163361335909
          ],
          [
            7.002546747903544,
            46.23182044850303
          ],
          [
            7.0025080100525665,
            46.2319760238805
          ],
          [
            7.002458360059923,
            46.23213932934296
          ],
          [
            7.002394957958856,
            46.23231532853035
          ],
          [
            7.00233737392698,
            46.23244961896675
          ],
          [
            7.0022408958364535,
            46.232645838414356
          ],
          [
            7.0021440538925095,
            46.23282112328801
          ],
          [
            7.002058989756719,
            46.23295832974971
          ],
          [
            7.001952235377441,
            46.233111995295154
          ],
          [
            7.001796387691795,
            46.233310988956525
          ],
          [
            7.001614171940305,
            46.23351642908919
          ],
          [
            7.001405113796066,
            46.233726001821964
          ],
          [
            7.001183477999676,
            46.23392453257323
          ],
          [
            7.000963210557961,
            46.23410106462705
          ],
          [
            7.000731216126409,
            46.23426718761124
          ],
          [
            7.000471289616849,
            46.2344294503386
          ],
          [
            7.000217961319188,
            46.234578694310166
          ],
          [
            7.000010455779612,
            46.23468478352897
          ],
          [
            6.999811560392338,
            46.23477763716664
          ],
          [
            6.999559326708528,
            46.23488568343718
          ],
          [
            6.999319766092471,
            46.23497982613903
          ],
          [
            6.999084316197569,
            46.23506409804296
          ],
          [
            6.9978817622448455,
            46.23544733530799
          ],
          [
            6.997645534387421,
            46.23553429091774
          ],
          [
            6.997404961192198,
            46.235635820127015
          ],
          [
            6.997021623551173,
            46.23582283397257
          ],
          [
            6.996755191120817,
            46.23597781217821
          ],
          [
            6.99660154402363,
            46.23607833101044
          ],
          [
            6.996431246719473,
            46.23619846701849
          ],
          [
            6.996299371066477,
            46.23629977250829
          ],
          [
            6.996183380916146,
            46.23639723603853
          ],
          [
            6.995972224805925,
            46.236597839868814
          ],
          [
            6.995779195820379,
            46.23680733934644
          ],
          [
            6.995624720652256,
            46.23699928637812
          ],
          [
            6.995491973605444,
            46.23719897399241
          ],
          [
            6.995369519433169,
            46.23741289721309
          ],
          [
            6.995272815201914,
            46.23762153312122
          ],
          [
            6.995186695061014,
            46.2378675069473
          ],
          [
            6.995087177944764,
            46.238223472976756
          ],
          [
            6.995021104957111,
            46.23841950920451
          ],
          [
            6.994931140034688,
            46.23863595267949
          ],
          [
            6.994753727782687,
            46.239004853595205
          ],
          [
            6.994598793771966,
            46.23928021503945
          ],
          [
            6.994396989382969,
            46.23958909867853
          ],
          [
            6.994191750331273,
            46.2398659165812
          ],
          [
            6.993974165668746,
            46.240125467571566
          ],
          [
            6.993813598436048,
            46.240305828652794
          ],
          [
            6.993708124252794,
            46.24041732858196
          ],
          [
            6.993488439439795,
            46.24062572054646
          ],
          [
            6.9932678052206585,
            46.24082004798668
          ],
          [
            6.990335649649783,
            46.24321480009906
          ],
          [
            6.990191382411333,
            46.243337369265376
          ],
          [
            6.99000893925488,
            46.24350603352579
          ],
          [
            6.989838286413459,
            46.24368026781789
          ],
          [
            6.989691903360782,
            46.243845170942606
          ],
          [
            6.989543693762803,
            46.244030145126956
          ],
          [
            6.98942026716192,
            46.244201778203475
          ],
          [
            6.989317379187195,
            46.24436066505012
          ],
          [
            6.989216599413243,
            46.24454203159963
          ],
          [
            6.9891259902688665,
            46.244725786500034
          ],
          [
            6.989045857350614,
            46.244911049410085
          ],
          [
            6.988976914527298,
            46.24509774223675
          ],
          [
            6.988920658228065,
            46.24528523226966
          ],
          [
            6.988875591954311,
            46.245475753500926
          ],
          [
            6.988839694699085,
            46.245686326843206
          ],
          [
            6.98815153259808,
            46.25080337863651
          ],
          [
            6.9881177007647794,
            46.25099869427042
          ],
          [
            6.988074988177601,
            46.251176576624026
          ],
          [
            6.988009947290145,
            46.25138548606542
          ],
          [
            6.987929392250882,
            46.251591832651
          ],
          [
            6.98785007056964,
            46.25175577811842
          ],
          [
            6.987748911066809,
            46.25193690807723
          ],
          [
            6.987625830588002,
            46.252131147060226
          ],
          [
            6.987489514284906,
            46.252321671693615
          ],
          [
            6.987353389539403,
            46.252492163383934
          ],
          [
            6.987179052975337,
            46.25268703338471
          ],
          [
            6.9870358827384695,
            46.25283284812416
          ],
          [
            6.986899988701665,
            46.252961276045504
          ],
          [
            6.986757843457126,
            46.253086602210495
          ],
          [
            6.986592921010032,
            46.25322188516669
          ],
          [
            6.986453307796392,
            46.25332485765088
          ],
          [
            6.98629060067357,
            46.253436886025675
          ],
          [
            6.9861221310932455,
            46.25354473500813
          ],
          [
            6.985959848285198,
            46.25364148981835
          ],
          [
            6.98564078972813,
            46.25381355698824
          ],
          [
            6.981581263892421,
            46.255848607887835
          ],
          [
            6.980965101766627,
            46.25617851168494
          ],
          [
            6.980378522457554,
            46.25653192133904
          ],
          [
            6.9791866691037585,
            46.25730116703304
          ],
          [
            6.975711304028354,
            46.259567563524534
          ],
          [
            6.974967633418636,
            46.260084905169165
          ],
          [
            6.974265963565999,
            46.260648464241136
          ],
          [
            6.970420116247464,
            46.263944422595664
          ],
          [
            6.97794996527522,
            46.26602179971676
          ],
          [
            6.978096286214092,
            46.26608176922481
          ],
          [
            6.9783027878429635,
            46.26618966169889
          ],
          [
            6.978418867116787,
            46.26623673338827
          ],
          [
            6.978950766845816,
            46.266319135313815
          ],
          [
            6.980255158581612,
            46.266707833574046
          ],
          [
            6.981432183554799,
            46.26700063647479
          ],
          [
            6.982983260814912,
            46.26741036318854
          ],
          [
            6.984128756590909,
            46.26767837114612
          ],
          [
            6.985225321022419,
            46.267777410283365
          ],
          [
            6.986161023068916,
            46.26780292799215
          ],
          [
            6.986398063170483,
            46.26728275401208
          ],
          [
            6.9869035832998305,
            46.267417206081454
          ],
          [
            6.987408428471147,
            46.26753641436108
          ],
          [
            6.987835461101599,
            46.26762756652405
          ],
          [
            6.988394800652377,
            46.267734484031784
          ],
          [
            6.9889435168522605,
            46.26782287012768
          ],
          [
            6.989482356671917,
            46.26789799945834
          ],
          [
            6.9900239869771905,
            46.26795898698185
          ],
          [
            6.990447648203444,
            46.267997535625796
          ],
          [
            6.991092726104513,
            46.26804288054091
          ],
          [
            6.996880191135612,
            46.26834663065432
          ],
          [
            7.0053592873610375,
            46.26879889965292
          ],
          [
            7.0059339017610425,
            46.26883744815987
          ],
          [
            7.006255343916491,
            46.26886890647065
          ],
          [
            7.006621130487989,
            46.26891897499561
          ],
          [
            7.006884889406719,
            46.26896181509319
          ],
          [
            7.007502663968152,
            46.269083461608595
          ],
          [
            7.007821478459757,
            46.269170049352375
          ],
          [
            7.008409900820201,
            46.269345913104964
          ],
          [
            7.014454931573778,
            46.271223289293765
          ],
          [
            7.0151885212781,
            46.27145831566138
          ],
          [
            7.015466148171881,
            46.27155669146952
          ],
          [
            7.015746948184417,
            46.27166416419006
          ],
          [
            7.016050576245112,
            46.27178881364592
          ],
          [
            7.016322213257308,
            46.271908844643335
          ],
          [
            7.016846223172013,
            46.27215440999764
          ],
          [
            7.017106734877271,
            46.27228762124035
          ],
          [
            7.017905462163635,
            46.27270782576039
          ],
          [
            7.018423013372352,
            46.27298691378734
          ],
          [
            7.019180741869784,
            46.27337691071365
          ],
          [
            7.019327737418756,
            46.27345868877482
          ],
          [
            7.021223376296317,
            46.27446234852853
          ],
          [
            7.021644296992884,
            46.2746912276838
          ],
          [
            7.022080824140195,
            46.2749171853016
          ],
          [
            7.022520561548452,
            46.275163132604796
          ],
          [
            7.022730945027301,
            46.275289938807376
          ],
          [
            7.023016590986991,
            46.275480441911554
          ],
          [
            7.023140789689228,
            46.27559460560589
          ],
          [
            7.02319242976327,
            46.2756275402968
          ],
          [
            7.023433452827656,
            46.27583820836272
          ],
          [
            7.023535762918174,
            46.27594788313763
          ],
          [
            7.023566456075426,
            46.27598874678264
          ],
          [
            7.023766940139915,
            46.2762215564025
          ],
          [
            7.023891063830601,
            46.27637988807258
          ],
          [
            7.023968314217493,
            46.27652653276331
          ],
          [
            7.024056510292386,
            46.276668638795925
          ],
          [
            7.024162718079874,
            46.2768797992716
          ],
          [
            7.024412187081487,
            46.277295500182014
          ],
          [
            7.02457022499521,
            46.27748140162508
          ],
          [
            7.024839202164432,
            46.277753880036144
          ],
          [
            7.0251022770165745,
            46.27792963195683
          ],
          [
            7.025236621427804,
            46.27795655384205
          ],
          [
            7.025416353409338,
            46.27800147138869
          ],
          [
            7.02573045856206,
            46.27815484743557
          ],
          [
            7.025832313099522,
            46.27837498612301
          ],
          [
            7.026456705670177,
            46.27866963977867
          ],
          [
            7.0269045689911716,
            46.27875413503889
          ],
          [
            7.027235506448179,
            46.27899688700281
          ],
          [
            7.027501483331231,
            46.27923489439354
          ],
          [
            7.027712011264875,
            46.279394184376685
          ],
          [
            7.0279564390575855,
            46.279531530832834
          ],
          [
            7.028356871976617,
            46.27973010250526
          ],
          [
            7.028486251412384,
            46.27993226642469
          ],
          [
            7.0285655579581165,
            46.280373804706656
          ],
          [
            7.028495284986259,
            46.28050479706881
          ],
          [
            7.0284972488017035,
            46.280843862596626
          ],
          [
            7.028528905853809,
            46.28098116270021
          ],
          [
            7.028578401982759,
            46.28104136219142
          ],
          [
            7.028729311132799,
            46.28110775943057
          ],
          [
            7.028782910696127,
            46.28114006895969
          ],
          [
            7.028798459157756,
            46.28114282416837
          ],
          [
            7.028989848815998,
            46.28112336885169
          ],
          [
            7.029123484236069,
            46.28109083967081
          ],
          [
            7.029468957679985,
            46.281095421645006
          ],
          [
            7.030186616965783,
            46.281141030921425
          ],
          [
            7.030330816881796,
            46.281133816588664
          ],
          [
            7.03061778288894,
            46.28110300994369
          ],
          [
            7.03068825695787,
            46.2810999363904
          ],
          [
            7.031215071558376,
            46.28095799838751
          ],
          [
            7.031274807928301,
            46.280949038460186
          ],
          [
            7.03231993654407,
            46.2808928959975
          ],
          [
            7.0324188936594805,
            46.28089784919657
          ],
          [
            7.032476919454459,
            46.28091110194439
          ],
          [
            7.03256544156495,
            46.28095639930493
          ],
          [
            7.032928468458775,
            46.28111189239021
          ],
          [
            7.033210629163659,
            46.281272410189416
          ],
          [
            7.033404675917475,
            46.28148929292783
          ],
          [
            7.033500708576515,
            46.281519413735644
          ],
          [
            7.033606638189182,
            46.281702767377496
          ],
          [
            7.033735359764851,
            46.28191112990949
          ],
          [
            7.033839883828255,
            46.28200488075542
          ],
          [
            7.034283583756323,
            46.282444132523416
          ],
          [
            7.034393966041547,
            46.28251811323047
          ],
          [
            7.034563837000548,
            46.282651408904506
          ],
          [
            7.034941589642608,
            46.28264369361079
          ],
          [
            7.03501983862112,
            46.28258989123487
          ],
          [
            7.0350389905632245,
            46.2825653204359
          ],
          [
            7.0351360106248935,
            46.28260435815173
          ],
          [
            7.035655537998603,
            46.2826717041298
          ],
          [
            7.035725161414915,
            46.28273096483475
          ],
          [
            7.035958066556294,
            46.2828172648997
          ],
          [
            7.036383301484438,
            46.283212714175484
          ],
          [
            7.0365348759345405,
            46.283296465084675
          ],
          [
            7.037123918726865,
            46.283701958807804
          ],
          [
            7.037154311040384,
            46.283750374066116
          ],
          [
            7.037347640378973,
            46.283750162353385
          ],
          [
            7.037779698997385,
            46.28357592177151
          ],
          [
            7.037899001592203,
            46.283549898170264
          ],
          [
            7.038240728565835,
            46.283642328294306
          ],
          [
            7.038324830560141,
            46.28370937510324
          ],
          [
            7.038352061814151,
            46.28378188738479
          ],
          [
            7.038316205100961,
            46.28415716111197
          ],
          [
            7.038407168316731,
            46.28433192013216
          ],
          [
            7.038549462864771,
            46.284443252300626
          ],
          [
            7.038885038631152,
            46.28452792230989
          ],
          [
            7.039110265118932,
            46.28467193224383
          ],
          [
            7.039318827116278,
            46.28471800916314
          ],
          [
            7.039383813131854,
            46.28482645784098
          ],
          [
            7.039521189823862,
            46.28488361705809
          ],
          [
            7.039855119197616,
            46.28485574173038
          ],
          [
            7.03992622195892,
            46.28491068710328
          ],
          [
            7.040076306402654,
            46.28489843450156
          ],
          [
            7.040126863278615,
            46.28492245179518
          ],
          [
            7.040239110219884,
            46.28500930623519
          ],
          [
            7.040393174345348,
            46.28510889321918
          ],
          [
            7.0404146161713,
            46.28528114723286
          ],
          [
            7.040446820498125,
            46.285348369072224
          ],
          [
            7.040377513044671,
            46.28538626632987
          ],
          [
            7.04036298375797,
            46.28554482779818
          ],
          [
            7.04041537922845,
            46.28561894868743
          ],
          [
            7.040444414445585,
            46.28571135638841
          ],
          [
            7.040560266640266,
            46.2858199749107
          ],
          [
            7.040847311198967,
            46.28590482763171
          ],
          [
            7.041205863060511,
            46.28598993155332
          ],
          [
            7.041353510198408,
            46.286045055691254
          ],
          [
            7.041509680311252,
            46.28614123917292
          ],
          [
            7.041816307735833,
            46.286281122279895
          ],
          [
            7.041970491378958,
            46.28632978267641
          ],
          [
            7.042087495935493,
            46.28638965580032
          ],
          [
            7.042396037331389,
            46.286429601472875
          ],
          [
            7.042432128441216,
            46.286427029510335
          ],
          [
            7.042445130439818,
            46.2864056653306
          ],
          [
            7.042603691831572,
            46.28635250855176
          ],
          [
            7.042838235256292,
            46.28632463528173
          ],
          [
            7.0428927907613215,
            46.28635226365191
          ],
          [
            7.043161191009084,
            46.28655695817336
          ],
          [
            7.0434283962441455,
            46.28682084877322
          ],
          [
            7.043478727643985,
            46.2868584473223
          ],
          [
            7.043665965578201,
            46.28687656371905
          ],
          [
            7.0440847415493435,
            46.28685210339789
          ],
          [
            7.044250202399296,
            46.286849353528794
          ],
          [
            7.044595799788397,
            46.28657600247149
          ],
          [
            7.044653442066125,
            46.28655398433737
          ],
          [
            7.04477086097024,
            46.286484047729346
          ],
          [
            7.044887433597708,
            46.28638766059964
          ],
          [
            7.044999223796446,
            46.28636015496254
          ],
          [
            7.045131486888265,
            46.28637590912977
          ],
          [
            7.045281406424868,
            46.286386777056094
          ],
          [
            7.045747972993157,
            46.28655311472495
          ],
          [
            7.045883976669067,
            46.286514726743285
          ],
          [
            7.04617882830972,
            46.28609806315284
          ],
          [
            7.046275868970292,
            46.2860644957983
          ],
          [
            7.046377815098543,
            46.28605233726253
          ],
          [
            7.046597210118179,
            46.285983553927316
          ],
          [
            7.0467215783716055,
            46.285974900373844
          ],
          [
            7.046839112751975,
            46.28599797787349
          ],
          [
            7.047121407701797,
            46.28620298107499
          ],
          [
            7.047155074097339,
            46.286205508765434
          ],
          [
            7.047193030869078,
            46.28620327460098
          ],
          [
            7.04723343436124,
            46.28619463495802
          ],
          [
            7.0472734014628635,
            46.286178140515396
          ],
          [
            7.0474024700749105,
            46.28605759565138
          ],
          [
            7.047849810559646,
            46.285995267496666
          ],
          [
            7.047949641096522,
            46.28597051519276
          ],
          [
            7.048257689280041,
            46.28578905828342
          ],
          [
            7.04844399866071,
            46.285755600048695
          ],
          [
            7.048665677591623,
            46.28573315760897
          ],
          [
            7.0489394726549435,
            46.28574948645393
          ],
          [
            7.049140568384482,
            46.285662553571676
          ],
          [
            7.050436487826319,
            46.28562157415876
          ],
          [
            7.051353956661337,
            46.28580680117633
          ],
          [
            7.051794287649417,
            46.285834849420816
          ],
          [
            7.051979158376199,
            46.28569352167904
          ],
          [
            7.052327403594077,
            46.28562661714268
          ],
          [
            7.052721282405745,
            46.285486813372806
          ],
          [
            7.052924515697694,
            46.285226083682915
          ],
          [
            7.052952950040405,
            46.284898817461034
          ],
          [
            7.053005216147624,
            46.284628575650615
          ],
          [
            7.0532208428471135,
            46.28426650599598
          ],
          [
            7.0533264732212935,
            46.28420992391572
          ],
          [
            7.053904338335357,
            46.28399886854329
          ],
          [
            7.0541316027527685,
            46.283988848572015
          ],
          [
            7.055042650172813,
            46.283907651434454
          ],
          [
            7.055493915122236,
            46.28367176997616
          ],
          [
            7.055818892023241,
            46.28362321694669
          ],
          [
            7.056102243405222,
            46.28360978506477
          ],
          [
            7.056375879067376,
            46.28364750521303
          ],
          [
            7.05690912693595,
            46.283687731782514
          ],
          [
            7.057079588255734,
            46.2836366820642
          ],
          [
            7.057226990763856,
            46.28354164600108
          ],
          [
            7.05826677633854,
            46.28313675129638
          ],
          [
            7.058434285152135,
            46.28304374253971
          ],
          [
            7.059073319344567,
            46.28294767942687
          ],
          [
            7.0590896226751205,
            46.28241471980602
          ],
          [
            7.058797179013832,
            46.28191384314047
          ],
          [
            7.058647365074168,
            46.281054328114834
          ],
          [
            7.0586793517799675,
            46.2804333622913
          ],
          [
            7.058856865771242,
            46.27977934153442
          ],
          [
            7.058708935273952,
            46.27974420980888
          ],
          [
            7.058239083813134,
            46.27943855279569
          ],
          [
            7.0578002097081,
            46.27924879133811
          ],
          [
            7.057158494335411,
            46.27914353178026
          ],
          [
            7.056513375666391,
            46.27907603007837
          ],
          [
            7.05626459959299,
            46.279103883325305
          ],
          [
            7.056274765164887,
            46.27873122502571
          ],
          [
            7.055769295680953,
            46.278767562234584
          ],
          [
            7.055614741733586,
            46.278385079125556
          ],
          [
            7.055373007101599,
            46.27842662781081
          ],
          [
            7.055391326710852,
            46.277982292383044
          ],
          [
            7.055354344009989,
            46.277653013237284
          ],
          [
            7.055063710862115,
            46.27771166685662
          ],
          [
            7.055023666916564,
            46.277540342070736
          ],
          [
            7.054869750780505,
            46.27723395491149
          ],
          [
            7.054786816642591,
            46.27718374643265
          ],
          [
            7.054490250559944,
            46.27712786283094
          ],
          [
            7.054793159528071,
            46.27681917139361
          ],
          [
            7.054976300053334,
            46.27669691295799
          ],
          [
            7.055144646742348,
            46.276575143671515
          ],
          [
            7.054729485986816,
            46.27632077157941
          ],
          [
            7.05465186743333,
            46.27584803403018
          ],
          [
            7.054458325350511,
            46.275625909249925
          ],
          [
            7.054733373986413,
            46.27547652730224
          ],
          [
            7.054681801197224,
            46.27541310282134
          ],
          [
            7.054476226469564,
            46.27498518695216
          ],
          [
            7.054089219001771,
            46.2751534374314
          ],
          [
            7.053995318134739,
            46.275205022545165
          ],
          [
            7.053802857906281,
            46.27490426871057
          ],
          [
            7.053869743586109,
            46.27485708945862
          ],
          [
            7.053787303309946,
            46.274661151218226
          ],
          [
            7.0536431342558865,
            46.2741570696481
          ],
          [
            7.053531057187923,
            46.27415605730417
          ],
          [
            7.053508765865227,
            46.273933786845994
          ],
          [
            7.053465852085595,
            46.27378404143439
          ],
          [
            7.05335926111638,
            46.27357515651234
          ],
          [
            7.0534507842514484,
            46.273472648028864
          ],
          [
            7.053619161334348,
            46.27332740231757
          ],
          [
            7.054083082017008,
            46.27319602836731
          ],
          [
            7.053909979776032,
            46.27294696716272
          ],
          [
            7.053608334903471,
            46.27298857747201
          ],
          [
            7.053544188620058,
            46.27274160580638
          ],
          [
            7.053170715198713,
            46.272595408852474
          ],
          [
            7.052926195196465,
            46.27257595170031
          ],
          [
            7.0528764524831935,
            46.272327049848045
          ],
          [
            7.052502699062025,
            46.27236841052651
          ],
          [
            7.052431105836177,
            46.27218248467593
          ],
          [
            7.0524048876191205,
            46.272020552848645
          ],
          [
            7.05241081654738,
            46.271898420239964
          ],
          [
            7.052636869126301,
            46.27183288669845
          ],
          [
            7.053044135729048,
            46.27164052104673
          ],
          [
            7.053120837114314,
            46.27143469128189
          ],
          [
            7.052899454600543,
            46.2714458086427
          ],
          [
            7.052626030925638,
            46.27076576806158
          ],
          [
            7.052967471395762,
            46.27067176150186
          ],
          [
            7.052927535111452,
            46.270651114674905
          ],
          [
            7.052710971787391,
            46.27045939461215
          ],
          [
            7.053035777892326,
            46.270369379003235
          ],
          [
            7.053477160676302,
            46.27026653696245
          ],
          [
            7.0536254928499025,
            46.27023915673258
          ],
          [
            7.0537662147776015,
            46.27022030526754
          ],
          [
            7.053860714824674,
            46.2702147265424
          ],
          [
            7.0539693647512065,
            46.27021678839257
          ],
          [
            7.054087583405745,
            46.270228625133115
          ],
          [
            7.054160949219016,
            46.27024545439516
          ],
          [
            7.05424440593218,
            46.27027892410569
          ],
          [
            7.054323149444361,
            46.270327679413626
          ],
          [
            7.054389187099177,
            46.270390181814896
          ],
          [
            7.0544356522246074,
            46.270468908748654
          ],
          [
            7.054454554640919,
            46.270528992593334
          ],
          [
            7.054452385401656,
            46.27055870706486
          ],
          [
            7.054444425197824,
            46.270583706041855
          ],
          [
            7.0546338411699665,
            46.270561600998796
          ],
          [
            7.054940988705934,
            46.27060194874551
          ],
          [
            7.055140402055618,
            46.27065192359299
          ],
          [
            7.055318046997179,
            46.27071685594707
          ],
          [
            7.05553016755715,
            46.27076768291064
          ],
          [
            7.055681354722884,
            46.27077692226139
          ],
          [
            7.055948205902316,
            46.270774220835335
          ],
          [
            7.056104066955867,
            46.270801296002034
          ],
          [
            7.0561329544656,
            46.27073337734852
          ],
          [
            7.05646705940933,
            46.27068540244023
          ],
          [
            7.056415186242584,
            46.27046249261913
          ],
          [
            7.056481780990866,
            46.27028982058081
          ],
          [
            7.0568569263339045,
            46.27028965191626
          ],
          [
            7.056979209850097,
            46.27005392820274
          ],
          [
            7.056692665505218,
            46.26915120918313
          ],
          [
            7.056680615286438,
            46.26907380518473
          ],
          [
            7.056711014760021,
            46.26864174480907
          ],
          [
            7.056740051060051,
            46.267962936246256
          ],
          [
            7.056776467006723,
            46.26783684963371
          ],
          [
            7.056893723845792,
            46.267579249430575
          ],
          [
            7.057432879214949,
            46.26617343237264
          ],
          [
            7.0574736218631955,
            46.2661898523488
          ],
          [
            7.057623764676616,
            46.26619827599807
          ],
          [
            7.058080520857288,
            46.266061194403974
          ],
          [
            7.058547482521517,
            46.266172157295266
          ],
          [
            7.059232707792538,
            46.26639971767888
          ],
          [
            7.059754201501119,
            46.2664312379491
          ],
          [
            7.060478391416578,
            46.26631582505511
          ],
          [
            7.060700281023603,
            46.2661877503223
          ],
          [
            7.060794693206455,
            46.26611547129537
          ],
          [
            7.060834791441334,
            46.26609419584785
          ],
          [
            7.0611116151815585,
            46.26613128578466
          ],
          [
            7.061389131625177,
            46.266231077497665
          ],
          [
            7.0616587356076765,
            46.26635531041976
          ],
          [
            7.061696158257319,
            46.266383052371374
          ],
          [
            7.061786561453848,
            46.266402245543276
          ],
          [
            7.062901482656917,
            46.26657850399277
          ],
          [
            7.0638465752714,
            46.266517428864574
          ],
          [
            7.064491544732343,
            46.26632112534519
          ],
          [
            7.064937516817388,
            46.26627843530849
          ],
          [
            7.065790179239749,
            46.26626533557053
          ],
          [
            7.066121907753159,
            46.26657696400928
          ],
          [
            7.066492600755906,
            46.266730404518015
          ],
          [
            7.067095319862225,
            46.26673626028843
          ],
          [
            7.068004503310156,
            46.26688067405344
          ],
          [
            7.06855009813594,
            46.26702746800116
          ],
          [
            7.068827032254227,
            46.26721721459402
          ],
          [
            7.069189225024519,
            46.26713501166195
          ],
          [
            7.070472660007893,
            46.26804202814174
          ],
          [
            7.070821458993896,
            46.26802256629696
          ],
          [
            7.071615095048598,
            46.268129322709676
          ],
          [
            7.072144677439636,
            46.26823035790678
          ],
          [
            7.073780647771248,
            46.268206346478635
          ],
          [
            7.074071400432963,
            46.26809807902674
          ],
          [
            7.074387444800343,
            46.2681270771011
          ],
          [
            7.074784537560699,
            46.26829666891868
          ],
          [
            7.075085519140222,
            46.26838633746239
          ],
          [
            7.075229462645641,
            46.268488812823364
          ],
          [
            7.0754536221608895,
            46.26877714586609
          ],
          [
            7.075577961505452,
            46.26886308648964
          ],
          [
            7.075773059095763,
            46.26893954834079
          ],
          [
            7.075913271044805,
            46.269018532015956
          ],
          [
            7.076072277833642,
            46.269157847199224
          ],
          [
            7.07640991268089,
            46.269470561692906
          ],
          [
            7.076539364539423,
            46.269648013023776
          ],
          [
            7.076673231284959,
            46.269745236659446
          ],
          [
            7.076717605163832,
            46.26997683867219
          ],
          [
            7.076686949513927,
            46.270099801560754
          ],
          [
            7.0764416653461355,
            46.27029233170177
          ],
          [
            7.076292431304663,
            46.27047582347338
          ],
          [
            7.0762388135320675,
            46.270598892369684
          ],
          [
            7.076176598946325,
            46.270707810344824
          ],
          [
            7.075957209776202,
            46.27085265547491
          ],
          [
            7.07592514563575,
            46.27091435285876
          ],
          [
            7.075906121962438,
            46.27123534851922
          ],
          [
            7.075947742029763,
            46.27166502750861
          ],
          [
            7.07618227804645,
            46.27191919976495
          ],
          [
            7.076376351590809,
            46.27205556867456
          ],
          [
            7.0766841220006125,
            46.27229773197322
          ],
          [
            7.076785243064169,
            46.272404295841085
          ],
          [
            7.077014345326948,
            46.2725775864898
          ],
          [
            7.077116036219839,
            46.272676685448005
          ],
          [
            7.077259244327699,
            46.27289178210548
          ],
          [
            7.077412611728707,
            46.27308145326848
          ],
          [
            7.07744552481146,
            46.2731454192351
          ],
          [
            7.077479560288721,
            46.27329602645841
          ],
          [
            7.077577394987474,
            46.2734095957371
          ],
          [
            7.077635344619873,
            46.27349317149464
          ],
          [
            7.077665143862491,
            46.27357676506001
          ],
          [
            7.0776403723435095,
            46.27371225109148
          ],
          [
            7.077660465939306,
            46.273792287268556
          ],
          [
            7.077910322629291,
            46.27404514659203
          ],
          [
            7.0780050789966396,
            46.27417327869666
          ],
          [
            7.078103788625131,
            46.274272727049585
          ],
          [
            7.078174688621156,
            46.27432090083959
          ],
          [
            7.078248761326692,
            46.27436017897302
          ],
          [
            7.078462901644106,
            46.27442474168056
          ],
          [
            7.0786066656178726,
            46.27455761760979
          ],
          [
            7.078817373664356,
            46.27467235574142
          ],
          [
            7.078996673023504,
            46.27478744309543
          ],
          [
            7.079240308882095,
            46.274903994630975
          ],
          [
            7.079644692043686,
            46.27513629252487
          ],
          [
            7.079827672858314,
            46.275224861928926
          ],
          [
            7.0799812342730695,
            46.27530910048982
          ],
          [
            7.080156950754599,
            46.275358514923255
          ],
          [
            7.080307010934271,
            46.27542107124829
          ],
          [
            7.080377878870698,
            46.275494251613146
          ],
          [
            7.080498023402932,
            46.27570811039822
          ],
          [
            7.080491175337719,
            46.27578248315279
          ],
          [
            7.080420591805726,
            46.2759803534393
          ],
          [
            7.080457514480631,
            46.27604694900564
          ],
          [
            7.080530926324163,
            46.27612796361882
          ],
          [
            7.080907324226327,
            46.27631755541533
          ],
          [
            7.081060434162535,
            46.27635294437267
          ],
          [
            7.08127702361915,
            46.27638025825886
          ],
          [
            7.081681384546212,
            46.276362746944876
          ],
          [
            7.082113613167239,
            46.27638841173446
          ],
          [
            7.082763576414446,
            46.27632642438857
          ],
          [
            7.083243962569041,
            46.27640738950378
          ],
          [
            7.083649090096132,
            46.276447086262415
          ],
          [
            7.083674294007962,
            46.27642179771131
          ],
          [
            7.084021778756042,
            46.2765313882193
          ],
          [
            7.084321155246183,
            46.27661787845754
          ],
          [
            7.084447467091227,
            46.27670464304706
          ],
          [
            7.084520648634332,
            46.276782235957825
          ],
          [
            7.084566218691076,
            46.276874414122396
          ],
          [
            7.084610841198732,
            46.276915034902316
          ],
          [
            7.08470183932418,
            46.27696623625343
          ],
          [
            7.084789499268455,
            46.276992239079185
          ],
          [
            7.085170045252651,
            46.27696664336202
          ],
          [
            7.0853054515398615,
            46.27697210531895
          ],
          [
            7.0854786456098315,
            46.27705181907559
          ],
          [
            7.085720755638248,
            46.27708757036364
          ],
          [
            7.085911605623985,
            46.27712370054385
          ],
          [
            7.086247387410925,
            46.27719888398387
          ],
          [
            7.086454481484038,
            46.27727286396074
          ],
          [
            7.086940610234618,
            46.27736866518047
          ],
          [
            7.087070740226742,
            46.27742772296419
          ],
          [
            7.0871983052567655,
            46.277462223324925
          ],
          [
            7.087501838912812,
            46.27744724651907
          ],
          [
            7.087771736462411,
            46.27746167915001
          ],
          [
            7.087933725140139,
            46.27750752141974
          ],
          [
            7.088000872156087,
            46.27757429844717
          ],
          [
            7.088082053951661,
            46.27777994077683
          ],
          [
            7.088223321945645,
            46.277922610942184
          ],
          [
            7.088304344990441,
            46.27797233906837
          ],
          [
            7.088486987856634,
            46.278016445565754
          ],
          [
            7.088872902290657,
            46.278044369481385
          ],
          [
            7.088986181729209,
            46.27804130242438
          ],
          [
            7.089092858053198,
            46.27801401634193
          ],
          [
            7.089251391152363,
            46.278014696566366
          ],
          [
            7.08982137253233,
            46.27808745526908
          ],
          [
            7.090110188920555,
            46.27818470129982
          ],
          [
            7.0903979506298525,
            46.27826250361778
          ],
          [
            7.090764266249688,
            46.278312400014116
          ],
          [
            7.090998090337418,
            46.278367104340994
          ],
          [
            7.0911723708442915,
            46.27838050536174
          ],
          [
            7.091349553906334,
            46.278362070264784
          ],
          [
            7.091455805181217,
            46.27848412730398
          ],
          [
            7.091731421834882,
            46.278761422507074
          ],
          [
            7.091751221627522,
            46.278828051619136
          ],
          [
            7.0916975383455,
            46.27892702810305
          ],
          [
            7.091892816125942,
            46.278984481595124
          ],
          [
            7.09254148454112,
            46.27884183249769
          ],
          [
            7.093042027429329,
            46.27900251066408
          ],
          [
            7.0931321986958284,
            46.279185237820506
          ],
          [
            7.093399487498335,
            46.27926251995517
          ],
          [
            7.093580914951044,
            46.279233920210416
          ],
          [
            7.0938331443662594,
            46.279231264405496
          ],
          [
            7.094016465218853,
            46.279414986305795
          ],
          [
            7.094199082191883,
            46.27944423156583
          ],
          [
            7.094549251765766,
            46.27934158920433
          ],
          [
            7.09473341526817,
            46.27922726692605
          ],
          [
            7.0951827150683675,
            46.27953224125633
          ],
          [
            7.095393770529377,
            46.27963958192077
          ],
          [
            7.095513274303847,
            46.2797194676261
          ],
          [
            7.095664375271608,
            46.2798498162451
          ],
          [
            7.096147309200223,
            46.27990506940326
          ],
          [
            7.096325678114367,
            46.27986782908486
          ],
          [
            7.096481291554665,
            46.27979750521794
          ],
          [
            7.096617661866784,
            46.27979540013929
          ],
          [
            7.096925967960747,
            46.27982970891447
          ],
          [
            7.097077251218873,
            46.27989052841872
          ],
          [
            7.097143742125774,
            46.279962785366955
          ],
          [
            7.097277543081981,
            46.28005971437008
          ],
          [
            7.098083986261794,
            46.2803736649536
          ],
          [
            7.0982861692795085,
            46.280407739404694
          ],
          [
            7.098410754872891,
            46.28044373835479
          ],
          [
            7.098523528918429,
            46.280418530782285
          ],
          [
            7.098706830792358,
            46.28042223201948
          ],
          [
            7.099386901902997,
            46.280718079702126
          ],
          [
            7.099465883199967,
            46.28084758550051
          ],
          [
            7.099706623700708,
            46.281065015770615
          ],
          [
            7.100009373855246,
            46.2811801707475
          ],
          [
            7.100184238496476,
            46.28110180346748
          ],
          [
            7.100291759963937,
            46.28106596343834
          ],
          [
            7.10055303915215,
            46.28109057674023
          ],
          [
            7.100716400623507,
            46.28123391812663
          ],
          [
            7.101406557210678,
            46.281434429423854
          ],
          [
            7.101955759337105,
            46.28141223200575
          ],
          [
            7.102200074100317,
            46.281411162095715
          ],
          [
            7.102422404736724,
            46.281314752670696
          ],
          [
            7.1025364302220355,
            46.28121325231241
          ],
          [
            7.102713871852658,
            46.281179066684466
          ],
          [
            7.102848055088859,
            46.281132589780206
          ],
          [
            7.1031401466931205,
            46.281231071566864
          ],
          [
            7.103357653058048,
            46.28118006523315
          ],
          [
            7.103488132642871,
            46.28095610044322
          ],
          [
            7.1037824491672215,
            46.28084147011859
          ],
          [
            7.104016037587452,
            46.28058091953755
          ],
          [
            7.104287046239403,
            46.28043734254974
          ],
          [
            7.10448276805854,
            46.28044682849631
          ],
          [
            7.104943446061219,
            46.28051574149951
          ],
          [
            7.1052423242713525,
            46.280460132661425
          ],
          [
            7.105932359468746,
            46.2802545322378
          ],
          [
            7.106525747521559,
            46.280412815734344
          ],
          [
            7.10668779999596,
            46.28043316443773
          ],
          [
            7.10701491227583,
            46.28063976860976
          ],
          [
            7.107271048901171,
            46.28067804270801
          ],
          [
            7.107427343224117,
            46.2806641987788
          ],
          [
            7.107620120898029,
            46.2806673646598
          ],
          [
            7.108129771292466,
            46.28066363325444
          ],
          [
            7.108518700700412,
            46.2804994317881
          ],
          [
            7.109099413871388,
            46.28037113377508
          ],
          [
            7.109785526622667,
            46.28038815984108
          ],
          [
            7.110038258344455,
            46.280408228443825
          ],
          [
            7.110119260927661,
            46.2804224078184
          ],
          [
            7.110349086681432,
            46.280411472790085
          ],
          [
            7.110448694043647,
            46.280459979692054
          ],
          [
            7.11081426498361,
            46.28055261937255
          ],
          [
            7.111357815431021,
            46.28062841295208
          ],
          [
            7.11183627081647,
            46.28076310796227
          ],
          [
            7.112280302477471,
            46.28116372194146
          ],
          [
            7.112575466597891,
            46.2813797529098
          ],
          [
            7.112676771397393,
            46.281427093308096
          ],
          [
            7.11276705882129,
            46.28140791460566
          ],
          [
            7.11298497883765,
            46.28126506293997
          ],
          [
            7.113320854513171,
            46.28133502053189
          ],
          [
            7.113489099146383,
            46.281600069175404
          ],
          [
            7.113745191524583,
            46.281647225194874
          ],
          [
            7.11412567862515,
            46.281547848076926
          ],
          [
            7.114451094974212,
            46.28152321847688
          ],
          [
            7.114520447692307,
            46.28151163351296
          ],
          [
            7.114890587222164,
            46.28190608757407
          ],
          [
            7.11529880280167,
            46.28205208065355
          ],
          [
            7.11541662334901,
            46.282137157899754
          ],
          [
            7.115413965961754,
            46.282495727558434
          ],
          [
            7.115496669677672,
            46.28259528605769
          ],
          [
            7.116114413577341,
            46.28281007283911
          ],
          [
            7.116173374817454,
            46.282822475627924
          ],
          [
            7.116512585601718,
            46.28279203232746
          ],
          [
            7.117234571192023,
            46.283020604285056
          ],
          [
            7.117490518965573,
            46.28311353945094
          ],
          [
            7.117792922035134,
            46.28322981512619
          ],
          [
            7.1179386846942245,
            46.28326432350016
          ],
          [
            7.118252325433775,
            46.28327969825491
          ],
          [
            7.118548908230468,
            46.283569032452306
          ],
          [
            7.118950072540463,
            46.283440443797424
          ],
          [
            7.119225961812147,
            46.28356518635103
          ],
          [
            7.119624748357575,
            46.283619839777046
          ],
          [
            7.120340700559225,
            46.28353216726941
          ],
          [
            7.120683699726828,
            46.28378519432118
          ],
          [
            7.121198984281552,
            46.28375471161416
          ],
          [
            7.1211980868426386,
            46.28379716874213
          ],
          [
            7.121079036289792,
            46.28445127890615
          ],
          [
            7.1212168205340936,
            46.28536149996961
          ],
          [
            7.121349279323477,
            46.28607398961576
          ],
          [
            7.121303448698082,
            46.28698711209687
          ],
          [
            7.12118703696836,
            46.2872584542486
          ],
          [
            7.121044018676933,
            46.28781624308565
          ],
          [
            7.1214408692951,
            46.28891664258904
          ],
          [
            7.121547406813434,
            46.28904917889814
          ],
          [
            7.121505766136746,
            46.2895347571223
          ],
          [
            7.121504483712906,
            46.289798228303844
          ],
          [
            7.12155342245752,
            46.29006130997966
          ],
          [
            7.121008646590995,
            46.290906658061935
          ],
          [
            7.121261423777534,
            46.292571941554186
          ],
          [
            7.122638272672667,
            46.29404572230626
          ],
          [
            7.124584106146049,
            46.294421762835306
          ],
          [
            7.127774965123719,
            46.29528968392528
          ],
          [
            7.129220666440737,
            46.295676327819656
          ],
          [
            7.131864693371021,
            46.29721951184485
          ],
          [
            7.132522173154578,
            46.29712656506569
          ],
          [
            7.132778056477235,
            46.2970633810617
          ],
          [
            7.133027882734861,
            46.29708915640562
          ],
          [
            7.133217438064063,
            46.297255478499864
          ],
          [
            7.133507455658099,
            46.29740163397156
          ],
          [
            7.133773907153522,
            46.297561479388655
          ],
          [
            7.1339865087476095,
            46.29785829995128
          ],
          [
            7.134123718891801,
            46.298058563735296
          ],
          [
            7.134477438735507,
            46.29839469770684
          ],
          [
            7.134484223650234,
            46.298503842684326
          ],
          [
            7.1347368181912785,
            46.29863667037255
          ],
          [
            7.135244970081418,
            46.29864973314322
          ],
          [
            7.135926700624914,
            46.29916144984654
          ],
          [
            7.136152500076706,
            46.29928278689582
          ],
          [
            7.136391459584722,
            46.2994415808215
          ],
          [
            7.136914626305784,
            46.2995378864095
          ],
          [
            7.137047145342765,
            46.29946680618523
          ],
          [
            7.137527632022986,
            46.29966951268649
          ],
          [
            7.13817924393687,
            46.29977227240368
          ],
          [
            7.138514316224981,
            46.29999023062865
          ],
          [
            7.138993693907607,
            46.30002218082724
          ],
          [
            7.139568480438939,
            46.30024203207254
          ],
          [
            7.139941840994485,
            46.30046144594192
          ],
          [
            7.140355682467084,
            46.30046937816747
          ],
          [
            7.141643551067279,
            46.30094371073018
          ],
          [
            7.14201500106792,
            46.3012323704633
          ],
          [
            7.142135782040127,
            46.30136089461562
          ],
          [
            7.143299450969968,
            46.30150651214777
          ],
          [
            7.143889947866105,
            46.30156446020276
          ],
          [
            7.144477203221701,
            46.30169373248135
          ],
          [
            7.146355839419732,
            46.30216560178746
          ],
          [
            7.146795970841384,
            46.302357900085894
          ],
          [
            7.146714936219588,
            46.302486337565156
          ],
          [
            7.147692285876691,
            46.30260472809562
          ],
          [
            7.148092598763736,
            46.302524691259386
          ],
          [
            7.148923539924723,
            46.30286462623054
          ],
          [
            7.150280374004646,
            46.3025289402895
          ],
          [
            7.1513895125555536,
            46.30271581408502
          ],
          [
            7.156116439967569,
            46.304581398498016
          ],
          [
            7.1714222432934935,
            46.30431689351757
          ],
          [
            7.189057733335589,
            46.303896511901215
          ],
          [
            7.18924820827555,
            46.29517191259962
          ],
          [
            7.194009322557712,
            46.29139643605225
          ],
          [
            7.195478867642389,
            46.290296830398646
          ],
          [
            7.1969481227926,
            46.28912965677993
          ],
          [
            7.196454638588444,
            46.2891324650881
          ],
          [
            7.194374147737276,
            46.28906734251867
          ],
          [
            7.1938785744418094,
            46.28838132833471
          ],
          [
            7.194114744305575,
            46.28713297369327
          ],
          [
            7.194839566106426,
            46.28568101698663
          ],
          [
            7.193961551330545,
            46.28570628023584
          ],
          [
            7.194003556136362,
            46.28522303466766
          ],
          [
            7.192991392654887,
            46.28487745873548
          ],
          [
            7.190286357722122,
            46.285006561603794
          ],
          [
            7.1891198364998425,
            46.28449077247988
          ],
          [
            7.188751058861982,
            46.28415891474701
          ],
          [
            7.1871531210597865,
            46.28370637652146
          ],
          [
            7.186805877864844,
            46.2835771427873
          ],
          [
            7.186307429450146,
            46.282843240847576
          ],
          [
            7.186581515599698,
            46.28156467133425
          ],
          [
            7.1873731571739095,
            46.27838888457148
          ],
          [
            7.189336474602785,
            46.27337419988389
          ],
          [
            7.1894089060884365,
            46.272907665434154
          ],
          [
            7.189305216947433,
            46.27260644122367
          ],
          [
            7.188927136936488,
            46.27205857765719
          ],
          [
            7.188958992114001,
            46.271702141355675
          ],
          [
            7.188771834793172,
            46.27135557338807
          ],
          [
            7.188505204317623,
            46.271002711590846
          ],
          [
            7.188418545353593,
            46.27066724193392
          ],
          [
            7.188233650749045,
            46.27053702366962
          ],
          [
            7.187727771171028,
            46.27025568307698
          ],
          [
            7.187559353044095,
            46.27012559036591
          ],
          [
            7.187331337371193,
            46.269980161777106
          ],
          [
            7.186838359790475,
            46.269632188147554
          ],
          [
            7.186333525580562,
            46.269355341454904
          ],
          [
            7.185678797429229,
            46.269198238989745
          ],
          [
            7.185348491537503,
            46.269076415096656
          ],
          [
            7.185106859531468,
            46.26884927080033
          ],
          [
            7.183715674953422,
            46.2684729907314
          ],
          [
            7.18244935758026,
            46.26838735747432
          ],
          [
            7.181855824996102,
            46.26854756795212
          ],
          [
            7.181581795760525,
            46.26854163545383
          ],
          [
            7.181103714307853,
            46.26839948241804
          ],
          [
            7.1809579693085555,
            46.26849765156422
          ],
          [
            7.180751767213333,
            46.26857346284023
          ],
          [
            7.180217973895022,
            46.26866561438969
          ],
          [
            7.179989974670143,
            46.2687965176689
          ],
          [
            7.179626448390848,
            46.26894932821186
          ],
          [
            7.1791888040394705,
            46.26900949150163
          ],
          [
            7.178941332864514,
            46.26894784067884
          ],
          [
            7.178488608546265,
            46.268682503472185
          ],
          [
            7.178149654536679,
            46.26858276785552
          ],
          [
            7.1777579540991585,
            46.26830659410902
          ],
          [
            7.177246959220956,
            46.267727168356785
          ],
          [
            7.177181017055367,
            46.267576059121204
          ],
          [
            7.177090371889525,
            46.26713613176532
          ],
          [
            7.1766550562093565,
            46.266684977235556
          ],
          [
            7.176131626539999,
            46.266351197990765
          ],
          [
            7.175864234568812,
            46.26598741066964
          ],
          [
            7.175675199019419,
            46.26575776006075
          ],
          [
            7.175232425892851,
            46.2656446485596
          ],
          [
            7.174707127490354,
            46.26545603030221
          ],
          [
            7.174504839659537,
            46.26531216528303
          ],
          [
            7.17431414416194,
            46.26499903774735
          ],
          [
            7.174030822397587,
            46.26479624001696
          ],
          [
            7.173787990157681,
            46.26439832193019
          ],
          [
            7.173516330312592,
            46.26414851200787
          ],
          [
            7.173311800767112,
            46.263907846244635
          ],
          [
            7.172739634439562,
            46.26331043547396
          ],
          [
            7.172417345324933,
            46.263069499026834
          ],
          [
            7.171972359408917,
            46.262644921662584
          ],
          [
            7.171920995033519,
            46.26243223255862
          ],
          [
            7.1719123707667825,
            46.262126458589854
          ],
          [
            7.171810330568961,
            46.261988304420456
          ],
          [
            7.17183253252894,
            46.26177013125737
          ],
          [
            7.171744196629894,
            46.26150669992324
          ],
          [
            7.171519899806177,
            46.26109633487402
          ],
          [
            7.171275871964924,
            46.26097934303156
          ],
          [
            7.170755843101477,
            46.26094609187946
          ],
          [
            7.170432838542864,
            46.2608281007434
          ],
          [
            7.1699711395295465,
            46.260563787345404
          ],
          [
            7.169206212269874,
            46.26027797613957
          ],
          [
            7.168542390712377,
            46.25979393992782
          ],
          [
            7.1682066666672135,
            46.25939434767312
          ],
          [
            7.167297468234759,
            46.25883721866818
          ],
          [
            7.167102270188228,
            46.25858136140775
          ],
          [
            7.1667973105657525,
            46.25828313925677
          ],
          [
            7.16656067173828,
            46.257910417332376
          ],
          [
            7.166124899103039,
            46.257633736753746
          ],
          [
            7.165797987390222,
            46.25726475286812
          ],
          [
            7.165647228417484,
            46.256862911155835
          ],
          [
            7.1652091625617205,
            46.25634675692813
          ],
          [
            7.164467226761171,
            46.255939428899076
          ],
          [
            7.164395016547543,
            46.25570419643689
          ],
          [
            7.163467386081857,
            46.25522137670333
          ],
          [
            7.162775641810498,
            46.2547701713339
          ],
          [
            7.162357121369155,
            46.25444782043381
          ],
          [
            7.162150561815928,
            46.25416179122464
          ],
          [
            7.161890913313676,
            46.253914042686766
          ],
          [
            7.161461883126196,
            46.253825909699174
          ],
          [
            7.16129698424776,
            46.25350921626445
          ],
          [
            7.161076324225375,
            46.253372748237915
          ],
          [
            7.160599406165328,
            46.25321711642481
          ],
          [
            7.160259006454236,
            46.25316895843865
          ],
          [
            7.159936936337488,
            46.2531852537338
          ],
          [
            7.159697925776765,
            46.253118004208936
          ],
          [
            7.159075446886744,
            46.25304647465938
          ],
          [
            7.158739810169642,
            46.25310852079919
          ],
          [
            7.158431169979753,
            46.253085534122604
          ],
          [
            7.157591947386565,
            46.253007519854016
          ],
          [
            7.157270915126466,
            46.2529513050827
          ],
          [
            7.156707246788542,
            46.252745604092155
          ],
          [
            7.156369458554999,
            46.25276742718569
          ],
          [
            7.155981204895274,
            46.25272372415745
          ],
          [
            7.155728364390313,
            46.25271868151897
          ],
          [
            7.155232333719748,
            46.25275278754333
          ],
          [
            7.154990501178457,
            46.25235151188268
          ],
          [
            7.15461010185326,
            46.25214104427254
          ],
          [
            7.154495170782543,
            46.25187655170975
          ],
          [
            7.154157123168274,
            46.251452002596736
          ],
          [
            7.1538060549407465,
            46.250915243591756
          ],
          [
            7.153617186015771,
            46.25067907939656
          ],
          [
            7.153426461230286,
            46.25030797520212
          ],
          [
            7.1527570157287865,
            46.249658941004206
          ],
          [
            7.152592453114049,
            46.249391261987796
          ],
          [
            7.152433191506398,
            46.249276612470354
          ],
          [
            7.152421155102869,
            46.24914461547256
          ],
          [
            7.152140202945267,
            46.24872074509533
          ],
          [
            7.151767693657262,
            46.248077326541974
          ],
          [
            7.1517351194329075,
            46.247908754760886
          ],
          [
            7.151735713845124,
            46.247595527208965
          ],
          [
            7.151511480030404,
            46.24686981524097
          ],
          [
            7.151291181386623,
            46.24638374839185
          ],
          [
            7.151409965886717,
            46.246302460692
          ],
          [
            7.151528033578363,
            46.24601858866923
          ],
          [
            7.151591888903434,
            46.24578630344996
          ],
          [
            7.151415222877041,
            46.24560387076798
          ],
          [
            7.151347250985435,
            46.24546289726534
          ],
          [
            7.151359444808571,
            46.24511920402325
          ],
          [
            7.151420151211555,
            46.24472255109353
          ],
          [
            7.151294999541671,
            46.24453314300361
          ],
          [
            7.151182826682317,
            46.24445388382794
          ],
          [
            7.151160529609639,
            46.244438516297066
          ],
          [
            7.151057884262561,
            46.24435729327299
          ],
          [
            7.150704953058155,
            46.24399771642392
          ],
          [
            7.150422037227384,
            46.24378002636074
          ],
          [
            7.150031361050798,
            46.24349556354938
          ],
          [
            7.150166869765527,
            46.24329423690683
          ],
          [
            7.150166673440789,
            46.243133753751266
          ],
          [
            7.150045566366612,
            46.243040950071986
          ],
          [
            7.149593952931419,
            46.24283100258648
          ],
          [
            7.148913790228563,
            46.24261928716189
          ],
          [
            7.147459432448889,
            46.242084783330206
          ],
          [
            7.147139716002913,
            46.24198824242931
          ],
          [
            7.1466868238938694,
            46.24192796784401
          ],
          [
            7.145856251925783,
            46.24164900617897
          ],
          [
            7.145626011400315,
            46.24162205012595
          ],
          [
            7.145276448524894,
            46.2416059285014
          ],
          [
            7.144877544276012,
            46.24143613908522
          ],
          [
            7.144748753188895,
            46.24134971457399
          ],
          [
            7.144680007094562,
            46.241164395367456
          ],
          [
            7.144151452037334,
            46.240972297500946
          ],
          [
            7.143924152822663,
            46.24081274954096
          ],
          [
            7.143855731470345,
            46.24068519185008
          ],
          [
            7.143792264058137,
            46.24024746752249
          ],
          [
            7.14367131717731,
            46.24008072201635
          ],
          [
            7.143090033284518,
            46.23950390732391
          ],
          [
            7.142760043946301,
            46.23911073990839
          ],
          [
            7.142549693243735,
            46.2388861050648
          ],
          [
            7.142378333120009,
            46.2387387642079
          ],
          [
            7.142104764129871,
            46.238605700023946
          ],
          [
            7.141685020707633,
            46.2384333166212
          ],
          [
            7.141390195094139,
            46.23820305045117
          ],
          [
            7.141158703468723,
            46.238029092762424
          ],
          [
            7.140960531948448,
            46.23790451892035
          ],
          [
            7.139116052731248,
            46.237319930038446
          ],
          [
            7.138994867826128,
            46.23729388008643
          ],
          [
            7.138677348667776,
            46.237253184083045
          ],
          [
            7.137704338866526,
            46.23699060469991
          ],
          [
            7.137587562744544,
            46.236987962746184
          ],
          [
            7.13581613167705,
            46.23672916725018
          ],
          [
            7.135542545954418,
            46.236671029985835
          ],
          [
            7.135137013398272,
            46.23656243970531
          ],
          [
            7.134950259861902,
            46.23657839838783
          ],
          [
            7.134643906185682,
            46.23665394517628
          ],
          [
            7.134387131678951,
            46.23667052353002
          ],
          [
            7.1339495204810675,
            46.236665022646974
          ],
          [
            7.133734066625095,
            46.236666778477776
          ],
          [
            7.133306323470327,
            46.23670457098606
          ],
          [
            7.132942110681368,
            46.2367408251435
          ],
          [
            7.132425578690513,
            46.23675318543047
          ],
          [
            7.131731399633717,
            46.23677324550497
          ],
          [
            7.131448196256054,
            46.236836882479516
          ],
          [
            7.131284492524157,
            46.236831848100785
          ],
          [
            7.130805822934385,
            46.23677629702642
          ],
          [
            7.130494675245435,
            46.236802253335355
          ],
          [
            7.130369695091337,
            46.236787977059436
          ],
          [
            7.130045344124592,
            46.23682863990034
          ],
          [
            7.129580542351976,
            46.23693315461458
          ],
          [
            7.128782591909617,
            46.23698826479179
          ],
          [
            7.128450392888963,
            46.23695910405423
          ],
          [
            7.1278538124182615,
            46.23702242634564
          ],
          [
            7.127403864874652,
            46.23713083224872
          ],
          [
            7.127129635156611,
            46.237070900664996
          ],
          [
            7.126889302694784,
            46.23706799584575
          ],
          [
            7.126659072966592,
            46.23717935454362
          ],
          [
            7.1264753921508595,
            46.237225982984796
          ],
          [
            7.126160290788831,
            46.237172313703866
          ],
          [
            7.126092676838091,
            46.23707013317779
          ],
          [
            7.125810783822227,
            46.23703776685367
          ],
          [
            7.125634711194451,
            46.236949839788494
          ],
          [
            7.12545913076103,
            46.23684636929309
          ],
          [
            7.125012872995032,
            46.236425938303086
          ],
          [
            7.124171661104284,
            46.235931736568524
          ],
          [
            7.124144744515969,
            46.23556356746599
          ],
          [
            7.124003010901134,
            46.23532515513802
          ],
          [
            7.124008081520325,
            46.23514156761252
          ],
          [
            7.123923864602612,
            46.23497743117898
          ],
          [
            7.123812229111312,
            46.23430883966241
          ],
          [
            7.123628011048667,
            46.234020651995834
          ],
          [
            7.123559791296085,
            46.23364264292904
          ],
          [
            7.1234826072471344,
            46.2334489390718
          ],
          [
            7.1233281247499525,
            46.23321975576564
          ],
          [
            7.123429357206615,
            46.23250057421356
          ],
          [
            7.123124747585308,
            46.23220836051851
          ],
          [
            7.122821331281559,
            46.231754047325666
          ],
          [
            7.122435754120498,
            46.2311858063848
          ],
          [
            7.1221726872298206,
            46.23056942173145
          ],
          [
            7.121813246422514,
            46.229943050086725
          ],
          [
            7.12122231036156,
            46.22931935352802
          ],
          [
            7.121636849734755,
            46.22811447131125
          ],
          [
            7.12177547927778,
            46.22760777541845
          ],
          [
            7.121818133233349,
            46.22635868457653
          ],
          [
            7.121458603935602,
            46.225908086985015
          ],
          [
            7.121406563604265,
            46.22571768197751
          ],
          [
            7.121394237856407,
            46.22538516727309
          ],
          [
            7.121323403823026,
            46.22490685683035
          ],
          [
            7.121478872655102,
            46.224826603599745
          ],
          [
            7.121606362673297,
            46.22452605739421
          ],
          [
            7.121731604678208,
            46.22438157960035
          ],
          [
            7.121846451362427,
            46.224268197447174
          ],
          [
            7.121851165820239,
            46.223969104687825
          ],
          [
            7.1220702915139364,
            46.22395369956862
          ],
          [
            7.12218740651802,
            46.22391777616653
          ],
          [
            7.122535878766281,
            46.22376680896265
          ],
          [
            7.122602221022443,
            46.223636108168556
          ],
          [
            7.122519017617201,
            46.22347531094549
          ],
          [
            7.12224420917816,
            46.223351757326796
          ],
          [
            7.121994676172099,
            46.223334593922395
          ],
          [
            7.121608062106839,
            46.22324825426779
          ],
          [
            7.121345409158533,
            46.22323851889826
          ],
          [
            7.1210538884507315,
            46.22313217797727
          ],
          [
            7.12077449245056,
            46.223084621243565
          ],
          [
            7.120479184111685,
            46.222875276718554
          ],
          [
            7.119949512095792,
            46.22280328002531
          ],
          [
            7.119920677789684,
            46.22259323948538
          ],
          [
            7.119817699396463,
            46.222429226806184
          ],
          [
            7.119597689463994,
            46.22222125354865
          ],
          [
            7.119370113542189,
            46.22208577250738
          ],
          [
            7.1188705938340116,
            46.221937204101316
          ],
          [
            7.119151351029551,
            46.22155423665407
          ],
          [
            7.119023184151716,
            46.221420746058506
          ],
          [
            7.118968414399887,
            46.22123384049485
          ],
          [
            7.1183179202031495,
            46.22084366705291
          ],
          [
            7.11808484084108,
            46.2206321543382
          ],
          [
            7.11767015604308,
            46.22005490847588
          ],
          [
            7.117504658709268,
            46.21994560704769
          ],
          [
            7.116767610261051,
            46.21966410634442
          ],
          [
            7.114940192559649,
            46.21837363003735
          ],
          [
            7.115344976012204,
            46.21812173561402
          ],
          [
            7.115322151701993,
            46.217972162045626
          ],
          [
            7.115686436130625,
            46.217687055065014
          ],
          [
            7.115284469045075,
            46.217441048432505
          ],
          [
            7.115225914033504,
            46.21728543510299
          ],
          [
            7.114918824766118,
            46.21710249837546
          ],
          [
            7.1144277448474975,
            46.21696085211899
          ],
          [
            7.113929256775325,
            46.21673660210492
          ],
          [
            7.113740271444831,
            46.21643866914903
          ],
          [
            7.113437388590696,
            46.216271204065876
          ],
          [
            7.113097695392916,
            46.21625646820404
          ],
          [
            7.112752154309999,
            46.21605028652257
          ],
          [
            7.112674647284633,
            46.21581303527068
          ],
          [
            7.11218367370691,
            46.21544119829712
          ],
          [
            7.111967215578932,
            46.2150832625426
          ],
          [
            7.111830589446937,
            46.21495692673137
          ],
          [
            7.11162150078285,
            46.21477452622827
          ],
          [
            7.111374736276169,
            46.21465129732005
          ],
          [
            7.111382138228732,
            46.21415017901193
          ],
          [
            7.11109106121882,
            46.213919331422325
          ],
          [
            7.110687281595851,
            46.2137689990028
          ],
          [
            7.1102140164856,
            46.213709525678205
          ],
          [
            7.109787787986782,
            46.21343240253944
          ],
          [
            7.10947479802301,
            46.21316496434167
          ],
          [
            7.108643710491747,
            46.21270754888951
          ],
          [
            7.1086014590951425,
            46.212344539688125
          ],
          [
            7.10843487026181,
            46.21220849554943
          ],
          [
            7.108252727741839,
            46.212115854622716
          ],
          [
            7.107625993462247,
            46.211831208158316
          ],
          [
            7.107410278733919,
            46.211762116795896
          ],
          [
            7.106689277121905,
            46.211597459922494
          ],
          [
            7.106684459057689,
            46.211474223008054
          ],
          [
            7.106282299576535,
            46.21101982583643
          ],
          [
            7.1059021528803346,
            46.21093038370365
          ],
          [
            7.105679146348021,
            46.210868023223696
          ],
          [
            7.104791949538475,
            46.21048310738422
          ],
          [
            7.103770721121439,
            46.21026195707202
          ],
          [
            7.103585685518354,
            46.21015543764851
          ],
          [
            7.103368096540731,
            46.21012106525092
          ],
          [
            7.103013612700387,
            46.210181008943465
          ],
          [
            7.1026615866626575,
            46.20992332164207
          ],
          [
            7.102168560605432,
            46.209816438283866
          ],
          [
            7.1016563724142365,
            46.20960523557219
          ],
          [
            7.101390924616044,
            46.20943082440967
          ],
          [
            7.101225550040948,
            46.209228834924794
          ],
          [
            7.1011987736851925,
            46.20903192935682
          ],
          [
            7.100780814878912,
            46.20881749666375
          ],
          [
            7.1007325014999685,
            46.20864832299483
          ],
          [
            7.100230152259756,
            46.20839747237959
          ],
          [
            7.099874093908947,
            46.20806528004109
          ],
          [
            7.099594473571783,
            46.20789883713688
          ],
          [
            7.098599571479644,
            46.20774490782784
          ],
          [
            7.097740064145145,
            46.20782149804711
          ],
          [
            7.096693835489842,
            46.20769195472795
          ],
          [
            7.096256339803695,
            46.207539156221785
          ],
          [
            7.09605338769151,
            46.20742367319887
          ],
          [
            7.095596548716918,
            46.20707039862671
          ],
          [
            7.095378569551032,
            46.20691401024853
          ],
          [
            7.0952892780823875,
            46.20666933452804
          ],
          [
            7.0950432844322115,
            46.206474826361564
          ],
          [
            7.094896818650093,
            46.20627918220517
          ],
          [
            7.094763290035818,
            46.20606629667285
          ],
          [
            7.094362977214967,
            46.20548568005396
          ],
          [
            7.0941192460569775,
            46.2053239210344
          ],
          [
            7.093624178246843,
            46.20483395811211
          ],
          [
            7.093346490823998,
            46.2048214215812
          ],
          [
            7.093157719254809,
            46.20459550091125
          ],
          [
            7.092968404757929,
            46.20445712416999
          ],
          [
            7.092580594431977,
            46.204279707745556
          ],
          [
            7.092347465083471,
            46.204141366215694
          ],
          [
            7.092280178798881,
            46.2040488636417
          ],
          [
            7.092151697274249,
            46.20390022863995
          ],
          [
            7.091850613951419,
            46.20367513856345
          ],
          [
            7.09146237262191,
            46.20346526055128
          ],
          [
            7.091161582569939,
            46.20323565370105
          ],
          [
            7.090781013653214,
            46.20303839995006
          ],
          [
            7.090613110104159,
            46.202856078529116
          ],
          [
            7.090480365690757,
            46.20276724968122
          ],
          [
            7.090088878363139,
            46.202538106136466
          ],
          [
            7.089674878838263,
            46.20250829861695
          ],
          [
            7.089489815100785,
            46.20243667709888
          ],
          [
            7.088560151471066,
            46.20178711849908
          ],
          [
            7.088435896933582,
            46.20158811659121
          ],
          [
            7.088433319616334,
            46.20158799163186
          ],
          [
            7.088115211166216,
            46.20153608631706
          ],
          [
            7.08718339800176,
            46.20150565507469
          ],
          [
            7.086606178197172,
            46.20147461606519
          ],
          [
            7.0859632094447385,
            46.20139389197239
          ],
          [
            7.085668763967503,
            46.20124984816632
          ],
          [
            7.085478913026277,
            46.20107914463916
          ],
          [
            7.085206285520991,
            46.20096719265785
          ],
          [
            7.084099725473687,
            46.20065777107597
          ],
          [
            7.083237198846103,
            46.20057418096471
          ],
          [
            7.08289794594606,
            46.200330406309796
          ],
          [
            7.082406300444878,
            46.20015262669992
          ],
          [
            7.0819143543925245,
            46.19992248913615
          ],
          [
            7.081716642370268,
            46.19976767669074
          ],
          [
            7.081184609476285,
            46.199783170821505
          ],
          [
            7.08081277873467,
            46.19966873427467
          ],
          [
            7.080543442302584,
            46.199787070846774
          ],
          [
            7.0803913808143095,
            46.199704006840705
          ],
          [
            7.079315055127789,
            46.19959083018546
          ],
          [
            7.079084064970127,
            46.199689225271385
          ],
          [
            7.078186233361986,
            46.19961924716113
          ],
          [
            7.07805948544691,
            46.199490023226495
          ],
          [
            7.077790726250111,
            46.1991464628585
          ],
          [
            7.076968251224287,
            46.19896743694697
          ],
          [
            7.076698149153805,
            46.19896667706741
          ],
          [
            7.076436924226107,
            46.199015943093066
          ],
          [
            7.076460327183832,
            46.19939367507202
          ],
          [
            7.075494257825255,
            46.19931976780896
          ],
          [
            7.075368477245633,
            46.199395555550595
          ],
          [
            7.0750686165825725,
            46.19954363729224
          ],
          [
            7.074889200891956,
            46.19960017148492
          ],
          [
            7.07479812542975,
            46.199619847677035
          ],
          [
            7.074468972280083,
            46.1996344272127
          ],
          [
            7.074194108383877,
            46.199684453571955
          ],
          [
            7.073997201894365,
            46.19974101970218
          ],
          [
            7.073812057719494,
            46.19980150073671
          ],
          [
            7.073767401866357,
            46.19983428025871
          ],
          [
            7.073683220870355,
            46.199945994738734
          ],
          [
            7.073504036004753,
            46.20012190920604
          ],
          [
            7.073463735849596,
            46.20014264851654
          ],
          [
            7.073240787812324,
            46.20019912888802
          ],
          [
            7.072935467897633,
            46.20025220186208
          ],
          [
            7.07276332168434,
            46.20045969488521
          ],
          [
            7.0726195315333005,
            46.20059246271138
          ],
          [
            7.072454370759563,
            46.20062826835232
          ],
          [
            7.072169433310568,
            46.20059774567403
          ],
          [
            7.072090168354799,
            46.20065225343256
          ],
          [
            7.071960744526926,
            46.20071003418074
          ],
          [
            7.071669533023366,
            46.20080272170075
          ],
          [
            7.071430336699335,
            46.200924013452145
          ],
          [
            7.071242673648228,
            46.20101110031912
          ]
        ]
      }
    }
  ]
}