{"type": "FeatureCollection", "features": [{"type": "Feature", "properties": {"bfs_nummer": 5586}, "geometry": {"type": "MultiPolygon", "coordinates": [[[[6.584240215377302, 46.52076287643175], [6.584293176738804, 46.52077622971469], [6.584357264168077, 46.52081125747849], [6.5848122487564344, 46.52092542512398], [6.585276201967396, 46.521016448233944], [6.58557671443426, 46.5211505016293], [6.585652497753676, 46.52116294629234], [6.586929334317799, 46.520878446641355], [6.5867300539100135, 46.52154258359059], [6.586591272031921, 46.52178138755991], [6.5864769429992, 46.521924827227906], [6.585883241922441, 46.52233430541277], [6.586925488424823, 46.52566714213763], [6.587467473093155, 46.5254572634333], [6.5893505975422855, 46.52762132178235], [6.5908957162059325, 46.52706080284648], [6.590880062001819, 46.52641330296494], [6.593818360534904, 46.52483976557924], [6.595255373707844, 46.52420818796287], [6.595410166406631, 46.52417749236308], [6.595549886072152, 46.52411879655314], [6.595849132177321, 46.52405174096222], [6.596156057764861, 46.52397692400307], [6.597205140849617, 46.523739907774605], [6.597220128973166, 46.52375665275425], [6.598583227844332, 46.52344882274833], [6.59886401117105, 46.52339520650213], [6.5991549605969455, 46.523358316591164], [6.599156694199692, 46.52336417687445], [6.599332254208676, 46.52332193550805], [6.599388830472198, 46.52332109429672], [6.599404553015739, 46.52334091144995], [6.5996720547387, 46.52333686381265], [6.60006126746112, 46.5233599745016], [6.600411187730159, 46.5234114992049], [6.600723781123188, 46.52350008127944], [6.600858825803522, 46.52351547214524], [6.6005889205446495, 46.5236073175082], [6.600583264252416, 46.52362749004542], [6.600592213695452, 46.523647104762716], [6.6006428437534765, 46.52368517256978], [6.600704373261753, 46.52370029973299], [6.600762854477656, 46.523720379187544], [6.60081744468115, 46.5237451258389], [6.600867380457681, 46.52377418321816], [6.60210696657703, 46.52463123068208], [6.602127142012726, 46.52463713692004], [6.602282382087646, 46.524682632197305], [6.602464395548549, 46.52453417950108], [6.6025940761878505, 46.52453423545307], [6.602748570677523, 46.5245478782489], [6.6033270959502675, 46.52463544253813], [6.60332131204239, 46.52503501604458], [6.603799586640122, 46.5250384374479], [6.603796663045133, 46.5252361684167], [6.6037863719248096, 46.525235822808575], [6.603792728276122, 46.52549091803534], [6.603629275525483, 46.52553388625158], [6.603633831525651, 46.52593083804505], [6.603283175423324, 46.525934113221815], [6.60328725948516, 46.52623490131308], [6.603272891804499, 46.52627904741155], [6.60324995980876, 46.52632080202367], [6.60324655283245, 46.52636413801517], [6.603276204132918, 46.52642742820355], [6.603299937471042, 46.52651099686125], [6.60333279507002, 46.526586095309966], [6.603378150639222, 46.52666208514408], [6.603401145040764, 46.526717580543306], [6.603250053630736, 46.52672789316385], [6.603168145673148, 46.52674834098077], [6.6035100874343, 46.527546502197396], [6.603524689710735, 46.527765575118416], [6.603668579192715, 46.52793478968413], [6.603677861626697, 46.52793296891151], [6.603714666537913, 46.52797201305184], [6.603709503193761, 46.52797719278073], [6.603738250058166, 46.528056929909496], [6.603941656952015, 46.52834756154841], [6.603751850305997, 46.528788143260826], [6.604090046222622, 46.52889237710432], [6.605592394983289, 46.52838458689183], [6.6075261507928955, 46.52845362795882], [6.6075458043416955, 46.52864110692204], [6.60753976122788, 46.5287916845512], [6.607250384404873, 46.53087892022772], [6.607445084961358, 46.53089169066889], [6.607366934899118, 46.531454004990465], [6.607781404879748, 46.53156787329519], [6.6083438492170545, 46.53185067246209], [6.608651496650027, 46.53212954540478], [6.608841617420289, 46.532295744577574], [6.6094288930078555, 46.532735801316925], [6.609800693956637, 46.53248876827286], [6.610865463759478, 46.533193552275264], [6.610659502275534, 46.533473627434624], [6.610580772218387, 46.53359162166946], [6.610961867350526, 46.53371576015287], [6.6110745170961565, 46.53374068288439], [6.6110850507518855, 46.533725286151515], [6.61168511209338, 46.53392829612784], [6.611705144337302, 46.533939597318756], [6.611725059607031, 46.53393298644892], [6.611584875849761, 46.53412287056769], [6.611241468614412, 46.53461901970905], [6.612642664249395, 46.53529743498034], [6.612686712854512, 46.535305951194246], [6.612721749885152, 46.53531727150778], [6.6128589939503994, 46.535377725939426], [6.612543602245918, 46.5359431739071], [6.6121794605343664, 46.536489931785695], [6.612061831458216, 46.536738176762455], [6.611708944326217, 46.5374424651248], [6.611591901736936, 46.53765383026801], [6.61171887904564, 46.53768777127584], [6.61142326654838, 46.53821137605134], [6.611309957255441, 46.53839414250497], [6.611189900038774, 46.538574826589226], [6.611159329862064, 46.53863010960509], [6.611179543656526, 46.53863817357594], [6.611123572726292, 46.538760202408334], [6.610976435415386, 46.538953733058165], [6.610955951295958, 46.53894628777265], [6.610848713202777, 46.53902782890514], [6.610654671616982, 46.53925853063361], [6.610413196449153, 46.53952263914137], [6.610267952402838, 46.53971566973706], [6.610286699739822, 46.539722463728744], [6.61023539002134, 46.53979109820049], [6.610260054694384, 46.53985241570831], [6.610249540849414, 46.53986386293219], [6.611715824719912, 46.540211670844386], [6.610992285773216, 46.54208643584172], [6.611942826247364, 46.54229442738112], [6.611468904746652, 46.54339346382149], [6.611283050376091, 46.54481801701913], [6.611568237080974, 46.547421911755556], [6.612332872683054, 46.55012220950133], [6.614339998386634, 46.5497906328872], [6.6144965049018785, 46.54944649062524], [6.6145230166374835, 46.549332612780894], [6.614533382848051, 46.54909753038035], [6.614517067530888, 46.54903021115172], [6.6144690912746755, 46.54896984990292], [6.615618617477326, 46.54993773237432], [6.615812296331335, 46.5500890117367], [6.616036263556152, 46.550220817777436], [6.616288502704983, 46.55031998324366], [6.61675517573249, 46.55053504192871], [6.617314186214227, 46.55073205460401], [6.617391335920861, 46.55076931689446], [6.617440814276245, 46.55082554055755], [6.61745639508089, 46.55088998424312], [6.617448862854415, 46.55095659071847], [6.617748459714612, 46.551071748477725], [6.617787682723278, 46.5510048314049], [6.617840789526339, 46.55094242271804], [6.617923703566958, 46.55089984100159], [6.61802687952906, 46.55089770810757], [6.618127591724275, 46.55091184022203], [6.618586783274924, 46.5510106066803], [6.619135296722224, 46.55109229396293], [6.619635050777206, 46.551207902074836], [6.619911159425978, 46.55114386281106], [6.619289835145857, 46.55099652172557], [6.619469738981737, 46.550448959454314], [6.619462070372146, 46.55024091435236], [6.619564215325943, 46.55017768935543], [6.619498641423443, 46.550125119816435], [6.619522137399016, 46.55005467015023], [6.619578678022151, 46.550049410778826], [6.619600783246087, 46.5499760722053], [6.619678740141241, 46.54989989816246], [6.6197146441487025, 46.54981946233195], [6.619831393706019, 46.54974752627534], [6.619852137852132, 46.549626319053814], [6.619933908944653, 46.54952984091522], [6.62000233841523, 46.54948859269755], [6.620069703795082, 46.54948314106489], [6.620178637853316, 46.54942867276323], [6.620058873429679, 46.54938985481105], [6.620053045358415, 46.549370021236015], [6.620024244890558, 46.54937755018632], [6.619982701475514, 46.549356910316284], [6.619966587677525, 46.54930165715324], [6.619984942973358, 46.549191767403066], [6.620062387689395, 46.54916649817728], [6.620116190044621, 46.54911813644588], [6.620261889289813, 46.54905449617464], [6.620366815051867, 46.549022686837006], [6.6204804919308815, 46.54899850637011], [6.620573078136746, 46.549023813957994], [6.620788859051742, 46.54901637290811], [6.620882146794317, 46.54897810074092], [6.621045950644691, 46.549001851883936], [6.621102863616274, 46.54898912749651], [6.621196429428288, 46.54900141530708], [6.621246673810141, 46.548998538544225], [6.621411320114725, 46.548966609538624], [6.621478044189564, 46.54894316035542], [6.621651619965928, 46.54889843086718], [6.621772836450433, 46.54885846099886], [6.621854390416663, 46.54877691368082], [6.621907163099753, 46.548641272750274], [6.621919832564367, 46.54850183472532], [6.621980104208587, 46.548345367975806], [6.621872268003109, 46.54820758153303], [6.621874941133632, 46.548186010203075], [6.621926894590372, 46.548182155917665], [6.621935120615654, 46.548172769168175], [6.621898160798048, 46.54808182273525], [6.621840374897354, 46.54799711364378], [6.6218205226951, 46.54792167358281], [6.621782853553981, 46.54786904533646], [6.621794933938047, 46.54778582854364], [6.621760859627333, 46.547736914522055], [6.621760879084811, 46.547658010040685], [6.621743866464425, 46.54760175211869], [6.621746356785421, 46.54742841556132], [6.621772893055191, 46.547311837463276], [6.621827560735543, 46.54729225959787], [6.621962793411147, 46.54729089365799], [6.622075123709129, 46.54720884793849], [6.622080766602831, 46.547197823361984], [6.622057796100928, 46.54714754107683], [6.622129444937517, 46.54710001734112], [6.622141770043104, 46.547043700550425], [6.622188747536785, 46.54692986927359], [6.622180534759594, 46.5468779927878], [6.62213292244498, 46.54681899582915], [6.622123890935491, 46.54676090616688], [6.622173858446692, 46.546689926726195], [6.62220085497364, 46.54668949117618], [6.622303064822366, 46.54659541653283], [6.622318875575487, 46.54656727356885], [6.62236933820528, 46.54650664305366], [6.622344094510287, 46.546434213972276], [6.622273731639841, 46.546344916636144], [6.62229296736072, 46.54629719581977], [6.622344190167079, 46.54624664640362], [6.622312156745458, 46.54614035226637], [6.62237150044954, 46.546087342396724], [6.622380756723039, 46.54597693705931], [6.622347552574463, 46.54589636340193], [6.622382885930972, 46.545783347719265], [6.622405587180176, 46.54566242375706], [6.622458795490975, 46.54558310113194], [6.6225387811206655, 46.545519534257146], [6.6227252245268815, 46.54541625035261], [6.622794983363405, 46.5454151324992], [6.622905245145018, 46.54536698633879], [6.622901597536708, 46.54523723664669], [6.622989013711723, 46.54519873195681], [6.623327093621906, 46.545147904221864], [6.623408123855421, 46.545091900943994], [6.623518771821066, 46.54502585480036], [6.624131819941878, 46.54467185241349], [6.624187862198673, 46.54464733522806], [6.6242277570452925, 46.54463880531652], [6.624300867270369, 46.5446410391409], [6.624350276671999, 46.5446500298813], [6.6243599590926205, 46.544647760369756], [6.624418836758097, 46.54466869382515], [6.6244749730246655, 46.54467341464088], [6.624684125447315, 46.54467203595497], [6.6247612627077945, 46.544649289303436], [6.624832544320601, 46.54459114599239], [6.624943020288884, 46.54446707252073], [6.6249427849720774, 46.5444567253515], [6.625031520384229, 46.54439969664818], [6.62506414840205, 46.54428495178612], [6.6251569264049035, 46.54423649813657], [6.625224004794545, 46.5442582995616], [6.6252296244730555, 46.54426607648845], [6.625317773412528, 46.54429127646682], [6.625364613411455, 46.544271730774994], [6.625377431866683, 46.54425167144608], [6.625365685592351, 46.54416584560125], [6.625262503575676, 46.54397870743462], [6.625295375703405, 46.54390832384325], [6.625310079155604, 46.54389295596439], [6.6253661979975025, 46.54376885243084], [6.625356763695335, 46.54372866228184], [6.625340037708307, 46.54373115128596], [6.625291162843876, 46.54369535649749], [6.625177285277579, 46.543439312616414], [6.625181754053889, 46.54336764594433], [6.625340963304967, 46.54320190977369], [6.6253902624364835, 46.543200823627814], [6.625459426685274, 46.543248548582305], [6.625484173893396, 46.543241520048966], [6.625586974639167, 46.54317668416125], [6.62549994848105, 46.543085650126], [6.62553013777402, 46.54303753948944], [6.625501880809963, 46.542965908192826], [6.625549718351392, 46.54293197586926], [6.625580269338557, 46.54292913607655], [6.625649992816683, 46.54294834739227], [6.625770508829783, 46.542936526206006], [6.625866145300989, 46.54288853336546], [6.625867222372656, 46.54284293096649], [6.625818122837312, 46.54278743337661], [6.6256641121346265, 46.54274647762073], [6.625551461782729, 46.54270347899], [6.625468578275328, 46.54270108594699], [6.625430239651484, 46.54267562223126], [6.6254254844739515, 46.542653727685305], [6.625484852422812, 46.54259864728342], [6.6254929270233855, 46.54257323725539], [6.625492986172514, 46.542560643173324], [6.625450888646756, 46.54247307957738], [6.625576454605365, 46.54232399659313], [6.625642607770313, 46.542294523115864], [6.6256809909528505, 46.54226502107769], [6.625793098404463, 46.54212735582569], [6.625800053483851, 46.54207234963923], [6.625789298476829, 46.542067954505654], [6.6257796841380046, 46.54196173191713], [6.625839389732667, 46.54184079347566], [6.625860083030779, 46.54176519468889], [6.625816601741785, 46.54172629013858], [6.625760231974782, 46.54170348613643], [6.625675347711816, 46.54163486771547], [6.625673283154962, 46.541624777305685], [6.625634787515573, 46.54156646784528], [6.6256113309946585, 46.54151376272554], [6.625656239348216, 46.541423134070754], [6.6256197507369405, 46.541335421794585], [6.625568952323689, 46.54127163553016], [6.625522423508854, 46.54118404025272], [6.627556684485873, 46.541197141314655], [6.628453178492764, 46.53996678843196], [6.628478144337322, 46.53998765762833], [6.628674686614719, 46.540027032960325], [6.628754252444309, 46.53999826461719], [6.628787541970233, 46.53993436020092], [6.628749575082516, 46.539814531371235], [6.628711232432081, 46.539753705068925], [6.628675785280175, 46.539613653086896], [6.628723120201039, 46.53948245029268], [6.62875816607876, 46.539309166120525], [6.62879420718955, 46.53916601688833], [6.628738242621419, 46.53915977014096], [6.628659259095448, 46.53909758321948], [6.6287652905592935, 46.53890338603811], [6.628865703630231, 46.53883177413729], [6.628916982352404, 46.53882881150166], [6.629070769782204, 46.53889279135582], [6.62911009934439, 46.538947768063714], [6.629142562919026, 46.53904335799682], [6.6290834960646965, 46.539148469631535], [6.629100003516061, 46.53916046222457], [6.629153141187434, 46.53915526373293], [6.629202594573363, 46.53910011066501], [6.629245288369683, 46.53911327959046], [6.629273801961758, 46.53919408784362], [6.629280173198374, 46.53926484242198], [6.629318494733258, 46.53930011045704], [6.629383677762371, 46.53932630410666], [6.629483031314629, 46.53927321618671], [6.629494027776528, 46.53924405737372], [6.629556427092973, 46.53924720111519], [6.629649416070852, 46.53927089405888], [6.6297568963044915, 46.53932806558397], [6.6299008407360995, 46.5393530212045], [6.630014347319122, 46.53940825627972], [6.6300503797828085, 46.53943100320659], [6.630076357804195, 46.53949839818657], [6.630028934732553, 46.539531165892356], [6.629951027129852, 46.53957118307178], [6.629946813365238, 46.539600120395995], [6.630015447558614, 46.539648378618494], [6.630047166761247, 46.53965445208407], [6.630159242135839, 46.53969213477475], [6.630887535199279, 46.53983714033331], [6.631048146027758, 46.54000317213987], [6.631157868097273, 46.54049678451693], [6.631030255425064, 46.540712600830595], [6.63110255852238, 46.54084788538511], [6.631096790386367, 46.54085001242668], [6.6312346895277035, 46.541034684554006], [6.631399521552443, 46.541470034823305], [6.634943639272177, 46.54227035267382], [6.635913889404812, 46.54188539753953], [6.6361707650637465, 46.541787169351416], [6.636372719247012, 46.541716628938495], [6.636527776550842, 46.54166985710916], [6.636669663611775, 46.54163289665469], [6.637480692029645, 46.54219925987169], [6.637733566334344, 46.542142192735405], [6.638250419467606, 46.54250174267853], [6.638414756685034, 46.54264710846075], [6.638258876278773, 46.54273175008396], [6.638328015388622, 46.54278189601743], [6.638317524814352, 46.54279477629725], [6.638635758421608, 46.54301688425907], [6.638653779230885, 46.543014942210895], [6.638704466550502, 46.54302573495136], [6.638868122369902, 46.54308608250852], [6.638897468634347, 46.54310293203207], [6.639268746409131, 46.54345882316128], [6.639452304605634, 46.543653720220505], [6.641825429203672, 46.543663469118634], [6.642456323993017, 46.54366285377649], [6.642453850240417, 46.543698010976584], [6.642497427257225, 46.543731332184635], [6.642496140459803, 46.5437478758996], [6.642625907508565, 46.54382480282942], [6.642641563317936, 46.54382410301786], [6.6426848965013345, 46.543919135536356], [6.642696524630777, 46.543970584562665], [6.642703680620826, 46.54413976064556], [6.642684265069072, 46.54422751592345], [6.642623072219242, 46.54431021066476], [6.642607430144409, 46.544318827300856], [6.642599764651514, 46.544352419279434], [6.642607004696532, 46.54443622332948], [6.6426386469541985, 46.54446550252889], [6.642803568212108, 46.544537008305895], [6.642819930095472, 46.54455034723646], [6.642883818653149, 46.544647592765116], [6.642896170511404, 46.54469418898303], [6.642860735466741, 46.544754214115436], [6.642837513310644, 46.544764036911495], [6.642813904798545, 46.544808941601715], [6.642817386328629, 46.54485583550324], [6.642845262573476, 46.54490182087957], [6.6428877925900345, 46.54493549448075], [6.643208272968238, 46.545085906125934], [6.643287715381055, 46.545145207122616], [6.643392939681807, 46.545251108336984], [6.643419629786257, 46.54533343831391], [6.643404023036124, 46.54554338694086], [6.643459709312691, 46.545799445054286], [6.643463789655062, 46.54585884760925], [6.643527556588202, 46.54592910378767], [6.6436258606594105, 46.545973783114434], [6.643660561209741, 46.54599912529726], [6.643774964677697, 46.546039599181036], [6.643807351618664, 46.546044953767336], [6.643833744293863, 46.546085530919456], [6.643847424834543, 46.54613051704777], [6.6439257708100286, 46.54615814388273], [6.644059827513958, 46.546165559629195], [6.644206986249727, 46.546230731736635], [6.644360862888252, 46.54622919996404], [6.6444703608526225, 46.54626640023609], [6.644557324405488, 46.5463730721885], [6.644588060223365, 46.54640207461595], [6.644633970763854, 46.54642767473415], [6.644678696588413, 46.546445170089854], [6.6447541986754795, 46.54645343492491], [6.644983431407835, 46.54644352339365], [6.645259427784827, 46.546410008788015], [6.64546446514803, 46.546431773240855], [6.645604355486506, 46.5464681952605], [6.645692129112624, 46.54646566010104], [6.645726291533819, 46.54647444502777], [6.645871681058189, 46.54648265746239], [6.646063972136788, 46.54652007462238], [6.646259752916969, 46.546577388180914], [6.646276875618218, 46.546565633211564], [6.646411976460745, 46.54658195960527], [6.6464799885712464, 46.54660312583265], [6.646621516505098, 46.54666132844221], [6.646805248230613, 46.5467490626409], [6.646974347717032, 46.54639409328111], [6.647261402624067, 46.546077450305354], [6.6474957322851385, 46.54598651656976], [6.648001889451387, 46.54567247407715], [6.6481040584554245, 46.545650155883855], [6.648531439543432, 46.5455879106684], [6.649388104366183, 46.54497593270496], [6.651549154084446, 46.54431371079368], [6.652073952551536, 46.54415928909722], [6.65239131661438, 46.54412299457123], [6.652419292592064, 46.54409008296681], [6.652743033709479, 46.54405364277679], [6.652983790872951, 46.54394079065724], [6.653144960576754, 46.54380480637685], [6.6531907876825755, 46.54369185397992], [6.6533307685266845, 46.543730875890645], [6.653605404099185, 46.54318752495596], [6.653624163787692, 46.54314366406576], [6.653767922569115, 46.54295844039923], [6.653868637043143, 46.542773638626976], [6.6539284448294245, 46.54274013714455], [6.654205375884707, 46.54271237377766], [6.654453600926173, 46.54267720543513], [6.654627680881247, 46.54261237706338], [6.654720625909709, 46.54251441328638], [6.654817529355779, 46.54232239600262], [6.6549217260283715, 46.54224862827396], [6.65550882030547, 46.54196776683328], [6.655678941442998, 46.54189697200875], [6.655912093405638, 46.54203892812267], [6.6560729955476745, 46.542108668777566], [6.6562881088844605, 46.54215495283881], [6.6565150135362225, 46.54219547924341], [6.656602781474924, 46.54222163289542], [6.656614949617137, 46.54215558684968], [6.656942026443506, 46.542266072336425], [6.657241150383306, 46.542442466805284], [6.657623844168134, 46.54259381490328], [6.657956115044382, 46.542732211178155], [6.65822007972574, 46.54195828946853], [6.65807505124515, 46.54195289314392], [6.658192118307947, 46.54166456304905], [6.659068147336604, 46.5418509556824], [6.659292688955964, 46.54179410443985], [6.660026783565525, 46.54162955045204], [6.661441235783856, 46.54115790463282], [6.661668131655293, 46.541481885800394], [6.663052488602632, 46.541020233525316], [6.663064082377437, 46.54104086877195], [6.664310420265346, 46.54061168395821], [6.6645853019985575, 46.54050650687441], [6.664820111923001, 46.54069774508819], [6.665291711700896, 46.5404202661285], [6.665137432026754, 46.540295428785875], [6.666905195727044, 46.539619314381255], [6.667179549825321, 46.539835295204654], [6.667327664210551, 46.53985159556771], [6.667361908620413, 46.53975593957], [6.667384984724579, 46.539709299039444], [6.6674370845769255, 46.53962677268062], [6.667476701359522, 46.539575773562795], [6.667542121383501, 46.5396049244476], [6.668236669794724, 46.53888005619745], [6.668300952442179, 46.538879233378324], [6.668901769314992, 46.5386470934149], [6.668957108863789, 46.538916270980444], [6.6693203237653504, 46.53885127324732], [6.670733268992865, 46.538679405146404], [6.671935688321907, 46.53849584401445], [6.672629924243716, 46.538448012844], [6.674256974715733, 46.53798587926572], [6.674303569044029, 46.538008773157856], [6.6743432882075, 46.538067065523826], [6.674370217579196, 46.5380894670973], [6.674453771246063, 46.538256105405225], [6.674585967091001, 46.53838662838547], [6.674680544870362, 46.53853893818949], [6.674674216061582, 46.538553199271895], [6.674685616432667, 46.53862283345407], [6.674798604576294, 46.53872704838299], [6.674886343782524, 46.53877297910475], [6.67495032600526, 46.53885887191023], [6.674919238650959, 46.53890832070873], [6.67489850010895, 46.53900128098977], [6.674900974523288, 46.539038361378786], [6.674929903090377, 46.53915919294523], [6.674901404670688, 46.53923852600863], [6.675013994405543, 46.53937197510109], [6.675085228860913, 46.53947888639741], [6.675185282912615, 46.5396036958345], [6.67527966315472, 46.53968720213078], [6.675371374340741, 46.53975663863584], [6.675418902534124, 46.53981696245021], [6.675430587916204, 46.53983881150925], [6.675463812057442, 46.54008021850976], [6.675556952785157, 46.540223890654], [6.6755739256625946, 46.5403052393028], [6.6755508060673066, 46.54046530315579], [6.675547861640382, 46.540526096558104], [6.675732758328606, 46.54077320135259], [6.67581176368633, 46.54081934232524], [6.675962771457681, 46.540816669205896], [6.676037665248679, 46.54085855424328], [6.676149325459972, 46.54099271560506], [6.6762701665768205, 46.54101214935896], [6.676434267431363, 46.541153409704414], [6.676594850403594, 46.54122987496734], [6.676742095003948, 46.54128150246529], [6.676837271402899, 46.541382896965665], [6.676975324274801, 46.54138373386922], [6.677062515428126, 46.54136722659076], [6.677149004907634, 46.54142826033185], [6.677206559241964, 46.541618282615666], [6.677217808381156, 46.54167116477517], [6.6771969236205, 46.54169144563864], [6.6772998665121674, 46.54178767430384], [6.677348736331644, 46.54188165088635], [6.677263938285374, 46.54193181948692], [6.677232796844137, 46.54200456840516], [6.677363047898166, 46.54210583796774], [6.677448773731664, 46.5422026703733], [6.677356388424587, 46.542327725049475], [6.677365540186058, 46.542473971861845], [6.67730796235533, 46.542627867487866], [6.677339919118837, 46.5427563651572], [6.677328318751347, 46.5427746481283], [6.677330269531834, 46.54288603202208], [6.677305607617806, 46.54290601772468], [6.6773133886629505, 46.54302832584676], [6.677287334909753, 46.54314707845104], [6.677234299746876, 46.543246848361036], [6.6772436993547135, 46.5432737195591], [6.677499511806269, 46.54337466229852], [6.677744888106053, 46.54357789948946], [6.677873212613001, 46.54365891438852], [6.678000144188134, 46.543894471516126], [6.6779560617269915, 46.544006626248034], [6.678053875344244, 46.54409715210103], [6.677967019823833, 46.54420992903768], [6.678012548677151, 46.54433770779718], [6.678016118049052, 46.54439719540487], [6.678006692579346, 46.54446568241936], [6.678198931928032, 46.54462727958282], [6.678246141825021, 46.54470145326166], [6.6783483733374664, 46.54478390295171], [6.678423810349389, 46.54485259885718], [6.678570602348052, 46.544917815041565], [6.6789927968874165, 46.54507582274139], [6.6791573313044434, 46.54508555944103], [6.679176248739665, 46.54508469646833], [6.679220658150596, 46.54510685399574], [6.6792369381563494, 46.54512666420937], [6.679271543144036, 46.54528054805635], [6.679548096428364, 46.54540024601798], [6.679748163866221, 46.54544231827711], [6.679871763672535, 46.54545178992144], [6.6800553955336, 46.545652270247366], [6.680176099021802, 46.545673057238915], [6.680234353441669, 46.54567496701638], [6.68026002176441, 46.54573191229673], [6.680242900736979, 46.54574411347733], [6.680288464441274, 46.54577699251856], [6.680402980582053, 46.54577415929813], [6.6804927766835815, 46.54586048228203], [6.680506458543237, 46.54590754195326], [6.680626078487071, 46.54596843435644], [6.6807327647944135, 46.54604048563518], [6.680904764170914, 46.54619689694567], [6.681126124915087, 46.546161949961885], [6.681294666880827, 46.546239540960215], [6.681311032851632, 46.546281202791995], [6.681335436751406, 46.546428459452166], [6.681348715840037, 46.5465610594435], [6.681330192071462, 46.546589624342566], [6.6814069709553925, 46.54658159025309], [6.68149411593753, 46.54658747921683], [6.681594515810837, 46.54669889895338], [6.681505625823721, 46.54681751219082], [6.681572782970464, 46.546919255363264], [6.681649816075587, 46.54693965050144], [6.681757942620743, 46.546993807995726], [6.6819323948496905, 46.54700342770245], [6.682043780088004, 46.54708468467553], [6.68223463715015, 46.547114654257946], [6.682283438817533, 46.54716787600897], [6.682315584661805, 46.54717213855077], [6.6825971365436345, 46.547263795134796], [6.682738297565663, 46.547406062830746], [6.682858635386817, 46.54753721639626], [6.682936145891899, 46.547588830012614], [6.6830539937941715, 46.5475904242513], [6.68316896661136, 46.547657760100726], [6.683316039517346, 46.54784460591339], [6.683352614183523, 46.547972322812825], [6.683322410534733, 46.54809023937094], [6.683432523912902, 46.548141529755966], [6.683577424824845, 46.54814807147001], [6.68373466626701, 46.54832589809979], [6.683852217308093, 46.548527110946274], [6.684011537115966, 46.54865897242773], [6.684052818843043, 46.54867202119181], [6.68417387863211, 46.54867723446553], [6.684411329077988, 46.54866810766012], [6.684449982630033, 46.54876669099068], [6.684588845484634, 46.54882293912404], [6.684816639341646, 46.54904801215475], [6.684781341334911, 46.549213493222375], [6.684712958030743, 46.54925504134696], [6.684606283817944, 46.549285009102285], [6.684564851768032, 46.54934807469993], [6.684628595685054, 46.54941380028111], [6.684629921947604, 46.54950655794643], [6.684462944708507, 46.54956707117746], [6.684442747807188, 46.549631456322615], [6.684446528311352, 46.54967826157545], [6.684389955502861, 46.54986473278351], [6.68445605727016, 46.55002405058502], [6.684565935417355, 46.550147666162665], [6.6845135623414365, 46.55035180654139], [6.68449018851128, 46.55047561613809], [6.68434371445028, 46.550749398975526], [6.6843461359703005, 46.55080104329172], [6.684402600560463, 46.55085683401181], [6.684468916702609, 46.55090748144236], [6.684579113156819, 46.551028040442645], [6.684614545016029, 46.55115205190896], [6.68460704122269, 46.55125150683134], [6.684588895887296, 46.55128098312845], [6.684578983716557, 46.55135586298578], [6.684624653132481, 46.55142840429851], [6.684695975361114, 46.55159692354307], [6.684765102156991, 46.55166116449232], [6.68492433269649, 46.55171799727199], [6.685191285057295, 46.55170564622188], [6.685297227097307, 46.551749080629065], [6.685336051414969, 46.55181698835392], [6.6852612335823745, 46.55208503155316], [6.685295585237006, 46.55216604376293], [6.685383873875585, 46.552249572956], [6.68543367655731, 46.55225026335522], [6.685535605057149, 46.55223465695676], [6.685635871125905, 46.552207344689734], [6.685699940551922, 46.55223133931709], [6.685759947258563, 46.55230451507686], [6.685897888859094, 46.55237334986209], [6.685970426821774, 46.552417551549134], [6.686177142515655, 46.55251814824402], [6.686258422240542, 46.55260883613031], [6.68625203155569, 46.552693176246294], [6.686199651013743, 46.55291593022875], [6.686218948474749, 46.55294414368273], [6.686329736952282, 46.55303213946403], [6.68636321108282, 46.55317538891401], [6.68637532258508, 46.55327110586211], [6.686457715880733, 46.553431772016786], [6.686475757156681, 46.55359705833195], [6.68648884606391, 46.55367784822126], [6.68656576605526, 46.5537746241969], [6.68663807761894, 46.553956102996274], [6.686606662928245, 46.554115394109814], [6.68656738343359, 46.554200775761316], [6.686529945280056, 46.554229764709056], [6.686518165742835, 46.5542338068338], [6.686361140382816, 46.55434665575541], [6.686306766182024, 46.554347293883524], [6.6862804825774, 46.55438058478569], [6.686288386868294, 46.554431014821155], [6.686240142139213, 46.55450464223045], [6.686192999520948, 46.55454688079992], [6.686165470282421, 46.55459562758958], [6.686157467477192, 46.55465431850136], [6.68615461188865, 46.55482280374224], [6.68614165082644, 46.554882631215655], [6.686084808140841, 46.55490878364277], [6.686093421261285, 46.55498414631536], [6.686112921863515, 46.55505399469842], [6.686074428320186, 46.55512030092902], [6.6860248624811645, 46.555167012537154], [6.686086729408681, 46.55523048471331], [6.686071044436425, 46.55527895925486], [6.686042526434264, 46.55529568271882], [6.685982771171446, 46.55528656045053], [6.68592944639097, 46.55528575712644], [6.685846716833122, 46.55536437355739], [6.685802102050384, 46.555384228736195], [6.685795986086301, 46.55540200025222], [6.685830740026188, 46.55544406224089], [6.685862839838915, 46.55553621429557], [6.685823669010189, 46.55557715635341], [6.685801633758461, 46.555595622976995], [6.68577628213469, 46.55563683653256], [6.685722049285702, 46.55568244649517], [6.685724920529752, 46.55570099738071], [6.685757806349002, 46.555718037986004], [6.685774811619046, 46.555732994184524], [6.685804427684041, 46.55579751204689], [6.6857551974081995, 46.5559613626327], [6.685729604808106, 46.55600113515955], [6.6857068858580995, 46.55601249931299], [6.685660176594687, 46.55605159196113], [6.68565630353402, 46.55609555671326], [6.685597428488491, 46.556202839364076], [6.685537683141624, 46.55623221973191], [6.685470206641279, 46.55629231516964], [6.685389666586237, 46.556344677301254], [6.685241360924371, 46.55634691360275], [6.685186538759815, 46.55638794038634], [6.6851798804740765, 46.55644457104856], [6.685088240595496, 46.55650638597211], [6.685024972786821, 46.55651712996867], [6.684982379076022, 46.55654158618407], [6.684889187271106, 46.556584687996], [6.684851182720969, 46.55659801059222], [6.684838238136777, 46.55660979938908], [6.684829375463001, 46.55665616002618], [6.684806896783193, 46.556697042449606], [6.684698056746343, 46.55668399516978], [6.68460128275161, 46.55664736844665], [6.68452826435528, 46.55659055959368], [6.684197561368196, 46.55601910549886], [6.683906496012006, 46.55562584459186], [6.683671730270259, 46.55548735522122], [6.683555010900182, 46.55560064842843], [6.683013833078243, 46.55560000857055], [6.682588869094819, 46.55559591083499], [6.681537860427755, 46.55578455247467], [6.68149402480819, 46.55580450110421], [6.68122106584744, 46.555601079606994], [6.679358623944544, 46.55673738049184], [6.6791971847825256, 46.55648638239282], [6.679028409744772, 46.55631109936607], [6.6789227297562475, 46.556231137213445], [6.6785523522491514, 46.55600069849912], [6.678252157888819, 46.555804904591156], [6.675744382610651, 46.556862262014704], [6.675187277180601, 46.55731585647307], [6.675369068788823, 46.55741748377686], [6.67559068559561, 46.55750640617898], [6.6755485437470705, 46.557553900646134], [6.674921911805813, 46.55779310975308], [6.674805425119555, 46.5576669210567], [6.67422574052308, 46.55793533672515], [6.674411474183166, 46.55819161622085], [6.674018327282156, 46.558364111481325], [6.673878491741574, 46.55819134497367], [6.673316250653262, 46.55840607774014], [6.6731115380223605, 46.5585424263264], [6.672303243914259, 46.5591960377777], [6.671720125517064, 46.55964910503443], [6.670671186353188, 46.56040381345757], [6.670365347476446, 46.560496930619124], [6.66997903631463, 46.56065346359247], [6.669631949147693, 46.56084966355215], [6.6701161863282605, 46.56105210618277], [6.668944081369445, 46.56214432234273], [6.669206610396837, 46.562391423026064], [6.670070771783854, 46.56336003911419], [6.670319891378217, 46.563724453030986], [6.670840182716622, 46.564499310893716], [6.671174505467543, 46.56451523670725], [6.671580402669785, 46.56447731813181], [6.672065999090677, 46.56447465164641], [6.67227915057989, 46.56450091971888], [6.672703358833295, 46.56470673276425], [6.673042983010231, 46.56500113299261], [6.673485287668924, 46.56528434056819], [6.673773645820373, 46.5654149177177], [6.673540243180028, 46.5655205770223], [6.67337099078568, 46.56558169742997], [6.673000399513012, 46.56546279828177], [6.672984752386076, 46.565472597366444], [6.672902427570256, 46.565473301563685], [6.672892598478573, 46.565494996543286], [6.672772881650911, 46.565549784224594], [6.672699286763812, 46.565541910943935], [6.672625231068429, 46.565512273185774], [6.6725972918852845, 46.56553348616387], [6.672577433594197, 46.565526605207125], [6.672561876069144, 46.56550248976952], [6.672499620573445, 46.56550530819128], [6.672437891583671, 46.56549859434212], [6.672397269073316, 46.56550271920718], [6.672374985667463, 46.565464515608724], [6.672356771636791, 46.56546125303113], [6.672281201485534, 46.56549240893471], [6.67225263466387, 46.56553853644578], [6.672231031588504, 46.565553503892765], [6.672197766807853, 46.56553546723032], [6.672172040564104, 46.565574435101624], [6.672158692044871, 46.56557757454289], [6.672131371446057, 46.56555427037779], [6.672087413233878, 46.56558205014059], [6.672127908812687, 46.56561443921371], [6.67211182048379, 46.56563601097239], [6.672082153200879, 46.565649385618926], [6.6719883325756095, 46.5656614364957], [6.671959818321265, 46.56567627623637], [6.671955742356594, 46.56569694853393], [6.67190963716712, 46.56571975690624], [6.671885264166395, 46.565718512771234], [6.671839678368311, 46.56568635891936], [6.671816830971679, 46.56569708977932], [6.6718386267985235, 46.56573286113676], [6.671782289085067, 46.565778180297755], [6.671777357683282, 46.565794789560975], [6.671805928662637, 46.565812704663514], [6.671798570250855, 46.565816523206855], [6.671753387771609, 46.56582026620623], [6.671703366787533, 46.565806524298935], [6.671617828111343, 46.565878274304126], [6.671664229336276, 46.56588974279093], [6.671674765383816, 46.56591014486898], [6.671634319468182, 46.565975281592], [6.671604027809326, 46.56598668184494], [6.671550858702116, 46.56597417795978], [6.6715315199284335, 46.566013359795704], [6.671501417377909, 46.56602062306842], [6.671472955137258, 46.56601341381667], [6.671415804247566, 46.56597821307671], [6.671403705942837, 46.565985148140136], [6.671412873852205, 46.56601003904762], [6.671329929382393, 46.566210359263316], [6.671239843504293, 46.56618896948383], [6.671197913672174, 46.56616664587214], [6.671182847620355, 46.566171311887295], [6.67109804767961, 46.5661634608397], [6.671067326158674, 46.56619590860026], [6.671053605301464, 46.566252760552466], [6.671092109507443, 46.566304118161305], [6.671085701304123, 46.56632458571267], [6.671047401195546, 46.56633044400673], [6.6709094584160376, 46.56638987449951], [6.670933400557546, 46.56647649693212], [6.670927444732085, 46.56651101023774], [6.670840063770193, 46.566536957483144], [6.6707992447665845, 46.56656492884554], [6.6706287654160255, 46.566536697691156], [6.670591981844629, 46.566546884252375], [6.670547478230314, 46.56660280818551], [6.670538846143636, 46.56660445903107], [6.670502176153046, 46.566596564273944], [6.670488720008011, 46.566598992100495], [6.670476533080566, 46.56663965255694], [6.670406381729192, 46.56661885589109], [6.67037416673274, 46.56662879437518], [6.670344997327941, 46.566616272460905], [6.67031163468462, 46.56664178424608], [6.67028971545179, 46.566624813347424], [6.670256288003402, 46.56663654279513], [6.670247766387312, 46.566675347864816], [6.670237173752825, 46.56667636469512], [6.6701741058585, 46.56664634095437], [6.670128628797631, 46.566634059329296], [6.6701095742608425, 46.56665318183436], [6.670117623344494, 46.566719995622364], [6.67010806548624, 46.56672253978405], [6.670069948651966, 46.566687997952535], [6.670046270446037, 46.566702060334585], [6.670046642046645, 46.566730940046], [6.67007168157383, 46.56674036637539], [6.6700898245143945, 46.56677522276003], [6.670071134584893, 46.56677788501126], [6.670006360536066, 46.5667568456242], [6.6699536380143725, 46.56677708958292], [6.669911933102786, 46.566747210239406], [6.669899889665304, 46.566750268309], [6.669893955056954, 46.56676400095203], [6.669854011707947, 46.566766150437125], [6.669806266368004, 46.5668032595423], [6.669723066992552, 46.56677453840918], [6.669710655613026, 46.566757631806475], [6.669693193228777, 46.56670155831509], [6.669635540195169, 46.56668424631616], [6.669578723582239, 46.56668971780193], [6.669477422102693, 46.56673231130584], [6.669435174576006, 46.56673139533313], [6.66937331152832, 46.56677064854422], [6.669340907365949, 46.566756305240375], [6.669312769705479, 46.56675377564665], [6.669295317992344, 46.5667793859104], [6.6692514310623485, 46.56678367646537], [6.669217281743967, 46.56676365378375], [6.669184675144232, 46.56676352277254], [6.669152632869011, 46.566787864697865], [6.669115099399009, 46.5667948071057], [6.669064382424867, 46.56678411785514], [6.669020091419151, 46.56675269141299], [6.66894569284236, 46.56674804881966], [6.66893545723376, 46.566715773673096], [6.668904358361092, 46.56671052505723], [6.668898468989787, 46.566675310692375], [6.668861494216832, 46.56665221012839], [6.668715400856471, 46.56665274879057], [6.668636919163911, 46.56663260520265], [6.668597497238199, 46.56666130494331], [6.668569396124989, 46.56664798008871], [6.668565795369406, 46.5666269949328], [6.668592516893705, 46.56660900428362], [6.668588521208073, 46.56657821079894], [6.668554977532478, 46.56655324421335], [6.668531311399849, 46.56652069796706], [6.6684660875612565, 46.56647455579731], [6.668424564567802, 46.56651430626628], [6.668413715474134, 46.56651684148373], [6.668349634526695, 46.566482941610715], [6.66833361146496, 46.56651809714863], [6.668285284353616, 46.566541068948354], [6.668207523478832, 46.566523448813165], [6.66818442287742, 46.566515285716065], [6.668199045991765, 46.56645025365222], [6.668162575003702, 46.566410153737785], [6.668150050796445, 46.56641033862941], [6.668145179993992, 46.56635039208706], [6.66812170391048, 46.56631460855727], [6.66811818786898, 46.56628678703055], [6.668170914302325, 46.56629371188524], [6.668195948274608, 46.566276069769344], [6.66812976212762, 46.56623432874954], [6.668095769506886, 46.56623994545588], [6.668045996411804, 46.566190579306664], [6.668006801853485, 46.56615855735021], [6.667986788110675, 46.56610866459463], [6.667957877515465, 46.566078061786875], [6.667928247594211, 46.566061307952765], [6.667848568134975, 46.566051141225735], [6.6678104622027785, 46.56601596897304], [6.667776309480597, 46.5660053915934], [6.667717091340965, 46.5660055292467], [6.667672659386636, 46.565984986429626], [6.667619875951738, 46.56599121306352], [6.6675214089859045, 46.5659540203812], [6.667466883411215, 46.56595436966945], [6.667433612623789, 46.565891153089716], [6.667383897989183, 46.56586698487338], [6.667308180198103, 46.56587169705061], [6.667226003169059, 46.56585377622205], [6.6671339760474435, 46.56579402879482], [6.666995594301112, 46.56580363150628], [6.666837321042998, 46.56578042538986], [6.666745251606907, 46.565760188007076], [6.666605973882356, 46.56576859662115], [6.6665003147776645, 46.56578658957617], [6.666288066809022, 46.56572703070537], [6.666206920692482, 46.56568266790517], [6.666155256126775, 46.56566630347323], [6.666120677039418, 46.56563997969281], [6.666065428737449, 46.5656179231763], [6.666031707734837, 46.56557721162867], [6.665999919461775, 46.5655563943601], [6.665980829767481, 46.565514073013645], [6.665935602615243, 46.56550359958749], [6.665846950404527, 46.56541870337588], [6.66574109776304, 46.5653964822439], [6.665676641670889, 46.565398112476714], [6.665596375819873, 46.56537615533552], [6.665556927180007, 46.56533468487023], [6.665510661529093, 46.56531385876714], [6.6654110234017425, 46.565312190489095], [6.66538315429494, 46.56528276353211], [6.665388343265647, 46.565238268439415], [6.665362295298696, 46.5651536183653], [6.66536064719157, 46.56510474968495], [6.66534164095779, 46.56506575737796], [6.665293975774757, 46.565034297361265], [6.665175820915592, 46.56493400536626], [6.6651446834862265, 46.564931544198664], [6.665085145714788, 46.5648721155532], [6.664959573449849, 46.564734259275795], [6.664826421049799, 46.564688551473814], [6.664784950909213, 46.56462438795819], [6.6647335608725795, 46.564588053558474], [6.664633114023884, 46.564561919078166], [6.664545438503332, 46.56457292596353], [6.664380337890501, 46.564535896908794], [6.664295358286687, 46.56445984959467], [6.664049841855025, 46.56444512071811], [6.664030672142333, 46.56445398591026], [6.663902754963711, 46.56446076860633], [6.663844158936229, 46.564407651988084], [6.66382546667102, 46.56438323514091], [6.663678366884813, 46.56431979867056], [6.663615912226714, 46.564309287786834], [6.663478879245865, 46.56434236611081], [6.663444312657757, 46.56432440788971], [6.663390016033494, 46.56422804041314], [6.6633963351409795, 46.564151266537266], [6.663283605321605, 46.564018695854585], [6.663197637571527, 46.563965311021875], [6.663122742449282, 46.56394014132675], [6.6629356323894235, 46.56382929137958], [6.662878595571533, 46.56375036633123], [6.662594847958049, 46.56359180623506], [6.662551589980202, 46.56354248220096], [6.662472614260434, 46.56343103027722], [6.662138564911369, 46.563224347170916], [6.662125731104654, 46.56323704272021], [6.661829069913515, 46.56316961209846], [6.6618026262728565, 46.56315826701944], [6.661791523972236, 46.563077775529685], [6.661742866176227, 46.562987743207], [6.661523668191351, 46.56278509166961], [6.661402175788975, 46.56272722508888], [6.661350220837063, 46.5626760508359], [6.661348850749116, 46.562608121410975], [6.661258578153226, 46.562500711432186], [6.661235582434733, 46.56248544050462], [6.661204293736818, 46.56243017055043], [6.661139570082045, 46.56239626211447], [6.661047232421087, 46.56240516535904], [6.660948213032463, 46.56237993705122], [6.660985177756179, 46.56224929793855], [6.6611049175786095, 46.56218507659431], [6.661119260818779, 46.56216718273533], [6.661159500721842, 46.562135162582635], [6.661184465231448, 46.56208612530914], [6.66116752741362, 46.56202150776317], [6.6610618602967335, 46.56196796836998], [6.661019883019182, 46.56189419227052], [6.661152529111056, 46.56166721334938], [6.661183842562525, 46.56163918027064], [6.661298219791875, 46.56147623577246], [6.661293201293787, 46.561399015441886], [6.661338790872508, 46.561339594014086], [6.661333419381674, 46.56131408947453], [6.661278747616946, 46.56127054313627], [6.6612394082011175, 46.56117661611078], [6.6611616100600015, 46.5611178789989], [6.661160981011437, 46.56096134389982], [6.661208959375353, 46.56085282035568], [6.661244301026265, 46.56075419606486], [6.661240234846746, 46.56072861945853], [6.661157517709031, 46.56067551616572], [6.6610922549821, 46.56055236335492], [6.661138229324733, 46.560485198942956], [6.661168525546343, 46.56046345606377], [6.6612316540875085, 46.56045489228862], [6.661249031035275, 46.56043369067916], [6.661225080708276, 46.56035885964727], [6.661145123382942, 46.56030433587247], [6.661099623689757, 46.56026696060551], [6.661082686443642, 46.56023949667213], [6.661092436814957, 46.56021356494315], [6.657139571063208, 46.56159251708904], [6.6574733269930055, 46.56297184713433], [6.657629919725582, 46.563676881982076], [6.657768673023242, 46.564335096054684], [6.658300898754045, 46.56500582012737], [6.658830159553762, 46.56568406895309], [6.659372475097298, 46.566352509398165], [6.659910559161634, 46.5670267653316], [6.65983240167961, 46.56759668519264], [6.659871128215854, 46.56795851014199], [6.659835755020402, 46.568654929193734], [6.659742692710842, 46.569552652397626], [6.659475814898455, 46.57018254936699], [6.659455010785146, 46.570448238850844], [6.659211493527909, 46.571024400033735], [6.658856122037306, 46.57153042404044], [6.658693971439736, 46.571936397705514], [6.658592930039679, 46.5726541432995], [6.659422248212618, 46.57279476960075], [6.659449891445239, 46.57294024506868], [6.659529086452263, 46.57323684751284], [6.659594086113398, 46.57364851055059], [6.659489093149864, 46.574594639031844], [6.658960341488736, 46.5743895073851], [6.658793752648029, 46.57429021684385], [6.658358009897352, 46.574472999924446], [6.657946037184322, 46.57460043026973], [6.6574185920427045, 46.574358596915], [6.657193588834754, 46.574518977025164], [6.657135592294583, 46.574687343200985], [6.657159101408089, 46.5751722107179], [6.65692353278844, 46.57562237849703], [6.65698943123082, 46.57590045774827], [6.656753567984224, 46.57656884826358], [6.656575093243765, 46.577138704546385], [6.656583551379304, 46.5771402021327], [6.656562540219237, 46.577203749167964], [6.656533112088742, 46.577534060190764], [6.65652052835014, 46.57756518963156], [6.656515980381738, 46.57760896887291], [6.65648959170331, 46.57765646602623], [6.656483132469099, 46.577688087514005], [6.65643517427537, 46.5777385847055], [6.6564204368461946, 46.57777428732181], [6.656462567951049, 46.57780183543583], [6.656449690662655, 46.5778352118902], [6.656446100075169, 46.577875939110875], [6.656394012898215, 46.57792325915296], [6.656379104368794, 46.57803470715259], [6.656358656379136, 46.57811337134934], [6.6563661367382165, 46.578146348259054], [6.656345552391571, 46.57818039125788], [6.65635591331295, 46.578230660379226], [6.6563557907647475, 46.57832916590046], [6.656341025637366, 46.57835776147471], [6.656363362761794, 46.57838283428041], [6.656361347633679, 46.57840486063597], [6.656343039610528, 46.57844386715065], [6.656356070428362, 46.57846293846973], [6.656339503977274, 46.57850780441551], [6.656346888049603, 46.57855643370715], [6.65633155171187, 46.57859833951805], [6.656335730476786, 46.57863408244801], [6.656324955542251, 46.578648401874716], [6.656310171768116, 46.57875931076292], [6.656253558629794, 46.57883079889361], [6.656268949470922, 46.57885807287859], [6.656268409911397, 46.578895312730864], [6.656235004688818, 46.578940782286836], [6.6562520524189255, 46.57897976251493], [6.656222807243762, 46.57902625033689], [6.656213747899366, 46.57906711977044], [6.656188985904064, 46.57908332189308], [6.656083024151268, 46.57917507078909], [6.656077622489876, 46.57921470593676], [6.656015283343328, 46.579321149013815], [6.655992876113683, 46.57939989857375], [6.655974701754093, 46.57942064408517], [6.65594956420996, 46.57949063979537], [6.655941137881968, 46.579622823170986], [6.655899823833831, 46.57965582359233], [6.655868228658545, 46.57972937310115], [6.655739338102248, 46.57985469863354], [6.655689325344782, 46.579938736523246], [6.655549205821103, 46.580029529718345], [6.655493397849829, 46.5800813216965], [6.655491910687707, 46.58009390590776], [6.6554395191544415, 46.58015300820398], [6.655435896289738, 46.580213886255656], [6.655421404094448, 46.580250580021456], [6.655431490645552, 46.58028375489031], [6.655420069306256, 46.580324608016014], [6.655454494553746, 46.5803978031011], [6.655472335267932, 46.58047205330496], [6.655457614742624, 46.580498400055774], [6.65545424636489, 46.58052374561611], [6.655480333141012, 46.58058716746242], [6.655454011110828, 46.58062989673367], [6.655373945834668, 46.58064499753259], [6.655335901226709, 46.5806683946037], [6.655341428516204, 46.58068309622763], [6.655311126352065, 46.580712394147426], [6.6553127226522895, 46.58080020626315], [6.6552873007099835, 46.58081686251367], [6.655268534487594, 46.580860363726984], [6.65528267054013, 46.5808752147418], [6.655247024586645, 46.5809221078327], [6.6550734852668585, 46.58101401880894], [6.655048787383238, 46.58101672707849], [6.654990278955034, 46.5810396227299], [6.654955430134832, 46.58105764412849], [6.6548997726089585, 46.58104592487779], [6.654778138361102, 46.581048503754175], [6.65475691320383, 46.58105465454649], [6.654726564776822, 46.581087100556665], [6.6546502710727635, 46.58119281669977], [6.654629392776893, 46.581246936207975], [6.654567363962756, 46.58135949785247], [6.654548869828905, 46.581456077209616], [6.654450805433859, 46.58170422962433], [6.654403051448428, 46.58176813134726], [6.6543789080412505, 46.58186737051779], [6.654282350687396, 46.581939841183384], [6.654237701017504, 46.58195977379948], [6.654156848416746, 46.58201094233772], [6.654097885418733, 46.58205515521202], [6.65397936876986, 46.58216714637172], [6.653866370463543, 46.58222170004954], [6.653764160337702, 46.582332904083856], [6.653813775932555, 46.58238425430887], [6.65377674587061, 46.582517229275055], [6.653724245196801, 46.58259252289359], [6.653678652143418, 46.58259742550331], [6.653673097986292, 46.582611510853006], [6.653741579639012, 46.582658403530466], [6.65375240164709, 46.582684926609055], [6.653691125880802, 46.582727503986305], [6.653659321870477, 46.582779191142336], [6.65364293461381, 46.58282045951048], [6.653657875090307, 46.58288677343841], [6.653692749722497, 46.58292092941648], [6.653700265440702, 46.58299627793607], [6.653689071344933, 46.58301239333658], [6.6536531875661025, 46.58303058711088], [6.653656429500465, 46.58306695341758], [6.653647113588357, 46.58309837523], [6.653667912959273, 46.58312964500036], [6.653671294382766, 46.583311657534615], [6.653693060466338, 46.58334914141679], [6.653696162758122, 46.58338703601456], [6.6537193410582525, 46.58340815691812], [6.653717712811659, 46.58348425187334], [6.6537237654266415, 46.58354357737976], [6.653690076917372, 46.58356331565604], [6.653663946643093, 46.58360163791795], [6.653667654170723, 46.58364277528778], [6.653677237076107, 46.583665691394025], [6.653693020997247, 46.58368388244858], [6.653686839260218, 46.58369625420157], [6.653643753437721, 46.5837170970145], [6.653616870427063, 46.58371745095609], [6.653568874741305, 46.58375202367908], [6.653595717864246, 46.58380825444814], [6.653589928973805, 46.58384743685531], [6.653547641810103, 46.5838932041593], [6.653541133241954, 46.583954961702176], [6.6535088726066745, 46.58398415560847], [6.653471597530638, 46.583999281096716], [6.653479835195897, 46.58402497662045], [6.653479789434734, 46.584090916902646], [6.653418244987086, 46.58408815244809], [6.6532846919332735, 46.58416603395484], [6.653242936424302, 46.58421109409607], [6.653166722363385, 46.58421218624922], [6.653088691375474, 46.58423053801703], [6.652923901088318, 46.58430217592592], [6.652885243666453, 46.584322599171365], [6.6528762463861275, 46.58435807112373], [6.6528408727486275, 46.584403885938805], [6.6528446238474075, 46.58442406295564], [6.652878054328757, 46.584440037225086], [6.652906932164282, 46.58444608441047], [6.652944320642975, 46.58446802339295], [6.652950395253283, 46.58448992571037], [6.652845702102091, 46.58461172690466], [6.6528479460308265, 46.58476233538983], [6.652841493886925, 46.584775334953775], [6.652871480424012, 46.58486568235289], [6.65292577805795, 46.58490114239451], [6.65294517884787, 46.58501957414532], [6.652911734261417, 46.58509418953239], [6.652919612751466, 46.58512662968137], [6.652946658184243, 46.58515281517001], [6.652945531045254, 46.58520336490626], [6.652953836315759, 46.58523337908522], [6.65297591028214, 46.585249724571355], [6.652977958466583, 46.585279335635846], [6.652955454627591, 46.58530149004332], [6.652961381409224, 46.5853604549222], [6.652980536315335, 46.58538910476297], [6.65295004601653, 46.5854758852237], [6.6529021264791615, 46.585514056663634], [6.652896246728135, 46.585532547754724], [6.652906809678498, 46.58555088274493], [6.652915788629551, 46.585597364222444], [6.65287764082895, 46.585636502805755], [6.652848787640752, 46.58564664863148], [6.652843120756505, 46.58566037329807], [6.652858918042573, 46.58570456308544], [6.652880808031507, 46.58572459568544], [6.652944071266339, 46.58575283095854], [6.6529464711311155, 46.58576724115432], [6.652939484379138, 46.585772140618616], [6.652949168515649, 46.58585982873198], [6.6529807855939955, 46.585973577087046], [6.653007432365084, 46.58599850044241], [6.653051911678332, 46.58601742973976], [6.653067427678425, 46.58605406073419], [6.653112790253856, 46.586075065238376], [6.653112997217862, 46.58614154716635], [6.653028531789621, 46.58626114956799], [6.653004600290946, 46.58628275438744], [6.652994357377289, 46.586332971181214], [6.652946367677388, 46.586349011857614], [6.65291104040018, 46.58635569434566], [6.65279658381182, 46.58649182168119], [6.6527867880247955, 46.58654626978921], [6.652829876600364, 46.58659802509899], [6.652829720274333, 46.58664462339418], [6.652871022545996, 46.58670257359708], [6.652932325958443, 46.586757963311264], [6.653034094645885, 46.58681228348612], [6.653011981149945, 46.58684523592699], [6.653018088390603, 46.58684608781634], [6.653025521673062, 46.586836513462096], [6.653072560581154, 46.58687777076659], [6.652960214496197, 46.58704009153319], [6.652072667781206, 46.58747979849384], [6.65210078256791, 46.58750248282515], [6.652069865586604, 46.5875109049019], [6.652036743203931, 46.5875274082709], [6.651977415130138, 46.58756927860675], [6.651904515700874, 46.587602256840825], [6.651887522254268, 46.58764999763603], [6.651878866126429, 46.58769779652098], [6.651842919216204, 46.58776482859974], [6.651875897394965, 46.58782092243162], [6.651864515474021, 46.58783190853257], [6.651856761272697, 46.58787153625333], [6.651820674402606, 46.58788549085729], [6.651826919390206, 46.58793151278645], [6.651817176669071, 46.587955374692584], [6.651752840814646, 46.58797373065314], [6.651769384662966, 46.5880114486546], [6.6517216319287265, 46.58802901084566], [6.6516780154434265, 46.58804031343057], [6.651628196469886, 46.588047443872334], [6.651596699642873, 46.588059811053924], [6.651565517404523, 46.58805059895048], [6.6514940766332336, 46.58807296264607], [6.651482545760238, 46.58810310930079], [6.651466280685317, 46.58812682704141], [6.651475370802189, 46.588174577834565], [6.65140867569122, 46.588193627924376], [6.651361615170401, 46.588245127721095], [6.65135047169008, 46.58827554695952], [6.651307453511181, 46.58830843497633], [6.651211103014373, 46.58832091908845], [6.6511926583770435, 46.58833302583656], [6.651194476986061, 46.588351480295564], [6.651183432480641, 46.588366157100026], [6.651153428923756, 46.58836558926383], [6.651116798583198, 46.588380988331245], [6.651091704455218, 46.58838378305802], [6.651063415654307, 46.58834616326636], [6.651027687773312, 46.58833548012031], [6.650970060613198, 46.588332201666475], [6.6509532954867625, 46.58830968538421], [6.650910579799651, 46.58829499539475], [6.650881536030726, 46.58830019154178], [6.650818779474959, 46.58836227849117], [6.650736590450666, 46.58840578878959], [6.650638884979377, 46.58843956563527], [6.650630514662183, 46.58845875905246], [6.650596073724014, 46.5884850582816], [6.650553728931131, 46.58850753339202], [6.650437745054519, 46.5885419928952], [6.65034597644623, 46.58858201801124], [6.650234843884381, 46.588596989564245], [6.650156676504413, 46.588615248603816], [6.650080176836378, 46.58861759620269], [6.649971392717827, 46.58863258390107], [6.649945094122096, 46.588672253562756], [6.649890464306171, 46.588687977047464], [6.649863127517035, 46.58871028625828], [6.649827790868996, 46.58872551393548], [6.649800020164219, 46.58870696922071], [6.649774452823622, 46.58871533778279], [6.649743496963375, 46.588699559683334], [6.649741067804949, 46.58866041004414], [6.649685299331005, 46.58863618316179], [6.649608068353181, 46.58860910846228], [6.6495491123415835, 46.588597633628275], [6.6495034482277315, 46.58857131794967], [6.649463190099019, 46.58857508638389], [6.649409936658946, 46.58860287385862], [6.649363682513851, 46.58859013786662], [6.649317516227977, 46.588596384088106], [6.649279185363484, 46.588576326439416], [6.649297780375435, 46.588509345252646], [6.649205218965663, 46.588450047844916], [6.6491677409145336, 46.588434143243795], [6.649143515447768, 46.58844890821855], [6.649105742407757, 46.58844514619481], [6.649079370515276, 46.58837380424842], [6.648922204774204, 46.58832529374304], [6.648910704816236, 46.588272946902755], [6.648723753084183, 46.588288379072594], [6.648656043744996, 46.58826965518867], [6.6486053869282, 46.58831527249724], [6.648582109138632, 46.588327696152945], [6.648506839788027, 46.588281661547754], [6.648485302030194, 46.588335667754315], [6.648394677364365, 46.58835897565625], [6.648351744460243, 46.58840284733233], [6.648352539558853, 46.58844747307698], [6.648282247667324, 46.58845274152155], [6.648262121726674, 46.58846555576841], [6.6482805581530835, 46.58848079734384], [6.648309917077131, 46.588578878251596], [6.648311707670579, 46.58865265806553], [6.648295370897299, 46.58866333961462], [6.648255490921932, 46.5886778156429], [6.6482478960339515, 46.58870637008399], [6.648278435202768, 46.588741667034085], [6.64826042626748, 46.588777435898514], [6.648263483089357, 46.58881820932855], [6.648238011808079, 46.58884672919303], [6.648219613956975, 46.588882315322955], [6.648195643804417, 46.588906347787564], [6.648131682417164, 46.588907881834075], [6.648098356162828, 46.58892033422414], [6.648075523300877, 46.5889379874683], [6.648039953106213, 46.589032377904616], [6.647988684491481, 46.589031481324646], [6.647929835086994, 46.58905014320671], [6.647899562469706, 46.58908573662862], [6.647855244541759, 46.5891002714701], [6.647795946956099, 46.58911300186204], [6.64770771176044, 46.589150350777565], [6.647688933873799, 46.58914059422484], [6.647639742156109, 46.58913152546811], [6.647608226513757, 46.589136163818], [6.647629435819664, 46.589166987808284], [6.6476250431767925, 46.58919070676882], [6.647591915659174, 46.5891895764051], [6.647542407729988, 46.58917537784007], [6.647519956701622, 46.58919366323833], [6.6475652143475354, 46.58922186609564], [6.6475581291155414, 46.58923342159679], [6.6474510090116015, 46.589241581604604], [6.647338932988776, 46.58930296321775], [6.647342424040833, 46.58933186480497], [6.647337264076308, 46.589372310944576], [6.647362893749095, 46.58940424542807], [6.647386198569439, 46.5894434504787], [6.64737443979191, 46.58947116626977], [6.647338805363829, 46.58948081365442], [6.647306384199149, 46.589467093739756], [6.647256791470415, 46.589476463894], [6.647271095783476, 46.589543044233004], [6.647224781631766, 46.58959579800723], [6.647193942984171, 46.58961654387413], [6.647159504076705, 46.589598042002535], [6.647127452796778, 46.589612491132236], [6.647110059837915, 46.58974856968066], [6.647085238737903, 46.589777184040585], [6.646450492356234, 46.59027996429093], [6.646743986587689, 46.59037646011562], [6.646978228894019, 46.590580413693914], [6.647615437876551, 46.59095323122498], [6.6476447046789096, 46.59102198459879], [6.648178724168834, 46.5914120724803], [6.648206653502173, 46.59139400509282], [6.648844470918475, 46.59181565926103], [6.649238899510228, 46.59205158737566], [6.649501479724699, 46.59232669299708], [6.649586231506381, 46.592286889812975], [6.649983104984728, 46.59255241987621], [6.650168759894032, 46.59262674760203], [6.650690948048992, 46.59280066545137], [6.651089265993315, 46.59294096779524], [6.651157242222884, 46.592861375250926], [6.651642074473137, 46.593055891995064], [6.651820055047536, 46.593119818336724], [6.652007239145257, 46.59316114708783], [6.652198558381259, 46.59318738188087], [6.65239343063888, 46.593193678772224], [6.652999727005377, 46.593174655129836], [6.653018049030621, 46.593188095929655], [6.6530368440566585, 46.59318876571186], [6.652926422837605, 46.59330755837066], [6.652846961387519, 46.59350394000845], [6.6528280718133175, 46.593833332316436], [6.6530754460583825, 46.59403510494669], [6.6531067851951216, 46.59403289274709], [6.653226901659353, 46.594046947447964], [6.653476596135898, 46.59411542403356], [6.65358664055893, 46.594167012162835], [6.653678743463586, 46.59424986320847], [6.653796879036124, 46.59424762089863], [6.653824927569058, 46.59423926846837], [6.653857731014486, 46.59411031239416], [6.6538651813873875, 46.59400178203472], [6.653794972509835, 46.59385817042691], [6.653763824514733, 46.59381045646107], [6.653827998833242, 46.59377671507122], [6.653981629893867, 46.59380134576303], [6.654056358606311, 46.59383154885608], [6.654184988554214, 46.59391529039537], [6.654438103948303, 46.59398189046282], [6.6548176558911365, 46.59390417587375], [6.654873753589553, 46.59389726717824], [6.654988642795423, 46.59393790320795], [6.655115763439536, 46.59418149256547], [6.655153782711584, 46.59428637846977], [6.65530535512079, 46.59439906433357], [6.655364476486545, 46.5944077483518], [6.655489349385693, 46.59440887922096], [6.65556601487742, 46.594413635880414], [6.655798728058304, 46.594356666907636], [6.656098782172856, 46.59425537022044], [6.656145432122243, 46.59419622796815], [6.656100981957889, 46.59409372709263], [6.656103649701166, 46.594018628797286], [6.656186243963937, 46.593901529953634], [6.6562503293885, 46.59386571745285], [6.656331293391482, 46.593942111444036], [6.6563382385314895, 46.593986059843076], [6.656358845936411, 46.59404989354031], [6.6563816086884895, 46.594082067109085], [6.656385176841215, 46.59412401311079], [6.656406537406189, 46.59419891703272], [6.656422889147697, 46.59422322890385], [6.656561616421304, 46.59427600113862], [6.656601036189362, 46.59424928451629], [6.6566626957960695, 46.594262033748585], [6.656690409028035, 46.5942776976436], [6.656772215609052, 46.59427799097102], [6.656812751447476, 46.59427332218662], [6.6568549067286025, 46.594273072572314], [6.656882762660004, 46.59425095418034], [6.656896131019085, 46.59424699800928], [6.656923189230706, 46.594306998732485], [6.656940589034594, 46.594321143419705], [6.65702867854733, 46.59436609999915], [6.657048346299545, 46.594395751192735], [6.657090929244491, 46.594420954194256], [6.6572131421902885, 46.59456888910459], [6.6572640989605105, 46.594602525005705], [6.657351564893443, 46.59462750602672], [6.657519909673505, 46.59469980459317], [6.657687697751737, 46.594747467932166], [6.657754564014848, 46.59474405952336], [6.657850950024041, 46.594720793126264], [6.657906111467274, 46.594723601034076], [6.65794486844933, 46.59473276453035], [6.658040905820587, 46.59479675656068], [6.658121465099433, 46.59486621970385], [6.65825072605807, 46.59491595630411], [6.658289633623494, 46.59495985433095], [6.658377368981453, 46.595002378561695], [6.658406381040788, 46.59500860526382], [6.6584318809355345, 46.595023075219444], [6.658872227579456, 46.595300927147434], [6.658883277103956, 46.59531385832125], [6.6588943417976605, 46.595342901372355], [6.658991680338256, 46.595353096294936], [6.6590047544906525, 46.59536048181203], [6.659014442907499, 46.5953944632175], [6.659045580619101, 46.595416177467], [6.659103036114413, 46.59544094227547], [6.659205612305315, 46.59544993134448], [6.659478672518669, 46.595627478786774], [6.659544323043594, 46.59565410743175], [6.659622397604108, 46.59567893219019], [6.659648966528808, 46.59569170883832], [6.659651928258189, 46.59570351391885], [6.6596408197987245, 46.5957407712316], [6.659640840667148, 46.5957754959422], [6.659676038339061, 46.595796248269245], [6.659670054603475, 46.59580394381032], [6.659668862123272, 46.595941754785095], [6.659824387831127, 46.596143243857526], [6.659542686518846, 46.59640229568627], [6.659374240510153, 46.59659050651977], [6.65918560278495, 46.59684748803739], [6.658836351155707, 46.59734724853299], [6.658547022304592, 46.59771699505799], [6.658296457114004, 46.598078172816486], [6.65738425838957, 46.59921341384842], [6.65847053673905, 46.59932016880242], [6.6586270823150535, 46.59976842646543], [6.65878131196103, 46.60003297820128], [6.658965403119956, 46.60027415592407], [6.659141649724693, 46.60053175114186], [6.659226462021319, 46.60074120215109], [6.6592574519609755, 46.60084747758896], [6.659520488614392, 46.60099798592308], [6.659790198630737, 46.60121977883121], [6.659940402974289, 46.601484481317925], [6.660086564996556, 46.601675739587186], [6.66014568948289, 46.601865780385694], [6.660134285531071, 46.602140619994664], [6.6603166568061045, 46.60258159318961], [6.660321949162235, 46.602495177925064], [6.6603048833106895, 46.602456738101864], [6.660346779464056, 46.60242059131723], [6.660392724200937, 46.60240237432222], [6.6604296026141405, 46.602442659173086], [6.660474625844297, 46.602452143489515], [6.660531947220742, 46.60242338909148], [6.660594484581532, 46.60240402639996], [6.660633052372515, 46.602408608455136], [6.660708248058431, 46.60240749521931], [6.660901819567382, 46.602361501671055], [6.660993866008437, 46.60235943306153], [6.66105642638512, 46.60233845088344], [6.661063003084756, 46.6023168155993], [6.6611150765112725, 46.60228991414516], [6.661118906764064, 46.602250537876806], [6.661153128187333, 46.60224878396169], [6.661181514624894, 46.60227154924836], [6.661205906125917, 46.60228170177433], [6.661309215843182, 46.602249753212995], [6.661387859260731, 46.602154223032734], [6.661425669596621, 46.60212983270218], [6.661474795248469, 46.602071955775166], [6.661509450261355, 46.60207634002393], [6.661578046746035, 46.602062145801746], [6.661658804165087, 46.60207357434626], [6.661696568729353, 46.60206141818001], [6.661722126927842, 46.60203585543431], [6.661784860814873, 46.602066241072336], [6.661803069860731, 46.60210693760052], [6.6619165372145, 46.60209466925015], [6.661984317300715, 46.60211906203288], [6.662052451211269, 46.602100726179984], [6.662073608610192, 46.602108877292636], [6.662123454310111, 46.60210975773705], [6.662181813442719, 46.602135795237935], [6.662230221594262, 46.60217309966565], [6.662311540036515, 46.602190918815786], [6.662387107565251, 46.602182079505404], [6.662413538650683, 46.602168406284825], [6.662412930369371, 46.60214717150066], [6.662454290774702, 46.602139087833756], [6.662480681158303, 46.60216454693825], [6.662558333972408, 46.60216498758132], [6.662571443064064, 46.60214285696078], [6.6626094343475355, 46.60216938480765], [6.662632470309408, 46.6022012080973], [6.662638711081151, 46.60223921415122], [6.662655595446494, 46.60223591075185], [6.662709152796933, 46.60219651422947], [6.662748160193128, 46.60218868426076], [6.66280713741113, 46.60220806860122], [6.66283110648576, 46.60223854888], [6.662870041607646, 46.602235747119906], [6.662886088982759, 46.60220895863111], [6.662934268060934, 46.602198672390514], [6.663008526188775, 46.60223552326484], [6.663061767811951, 46.60224533263772], [6.663121735136707, 46.60223215808472], [6.663158088350184, 46.60226371241124], [6.663211308108716, 46.60223870699617], [6.663226611089341, 46.60220921464923], [6.663249631993754, 46.60219668742845], [6.663622385136603, 46.60213382146269], [6.663757718915017, 46.60210757663108], [6.663853046543125, 46.6020769207508], [6.663919381360716, 46.602074764439394], [6.663921559340197, 46.6021049072991], [6.663989958724947, 46.60207712643033], [6.664021134710681, 46.60202381256045], [6.66402640595718, 46.60198391518343], [6.664059029337316, 46.60193797918931], [6.664103235849575, 46.60192253766566], [6.664144481599944, 46.601940622352195], [6.664176539375786, 46.60192590756843], [6.66422686212364, 46.601884418865296], [6.664356824675464, 46.601905006210195], [6.664467688437954, 46.60188309183078], [6.664471762626938, 46.601826534726165], [6.664494339810113, 46.60180851675317], [6.664560763348259, 46.601809239165256], [6.664671258815642, 46.60179478884877], [6.664769791092775, 46.60175902642385], [6.664838126141091, 46.60177207725822], [6.664896084627265, 46.601807916240716], [6.665019781004671, 46.60181037802749], [6.665093499402495, 46.60183031145578], [6.665181340195989, 46.60183018989393], [6.665234360795108, 46.60180077423284], [6.665300615882211, 46.60178593213471], [6.6653427815105815, 46.601767147723315], [6.665378980475545, 46.601698394915516], [6.665447409645193, 46.601668445334774], [6.665454017503574, 46.60156342625944], [6.665503255324188, 46.60156024394579], [6.665530818870168, 46.601486574536814], [6.665559123216323, 46.601460498908224], [6.665593107136011, 46.60135682656767], [6.665585008326062, 46.60132996348007], [6.665614622618307, 46.601302637346606], [6.665612282024775, 46.60125647210533], [6.665621453081379, 46.60121668237512], [6.66562537374151, 46.601161653718876], [6.665676806361806, 46.60112458041357], [6.665719235359986, 46.601114703743825], [6.665755348155158, 46.601099296438164], [6.665809546466562, 46.601106052381056], [6.665939311066214, 46.601040095111095], [6.665970102285989, 46.6010408443097], [6.666024348139222, 46.60098957640035], [6.666015865379564, 46.60096217096507], [6.666047043282228, 46.60089032531129], [6.66612488175146, 46.60084119696859], [6.666163063788794, 46.60084442535327], [6.666223367536427, 46.60085410151903], [6.66622581698991, 46.60080059201285], [6.666261477731137, 46.60077114773181], [6.6663137628193505, 46.600501174200986], [6.666437719456541, 46.59975364039187], [6.666552140628416, 46.59945440194845], [6.666569961835937, 46.599422947127465], [6.666796045379061, 46.59933650254875], [6.667120938307707, 46.59916885617344], [6.667390476790123, 46.59857209284464], [6.667680583412729, 46.59811471750679], [6.667996212859181, 46.59749641364365], [6.668316308879194, 46.59717823673544], [6.668377032394676, 46.597267960568104], [6.668409061439767, 46.59729156739526], [6.6685675908254005, 46.59726583427338], [6.668613065591431, 46.59727091050327], [6.668675949065495, 46.59730075361807], [6.66874090335348, 46.597340056678085], [6.668761034807245, 46.59738346363654], [6.668760861236259, 46.597404782978565], [6.66875060746107, 46.59742828301668], [6.668770421900975, 46.59743903265995], [6.668815981993185, 46.59742898711585], [6.668989475259372, 46.59748054075809], [6.669005851654433, 46.5975035915654], [6.668988545264193, 46.59760980639844], [6.6692221426129485, 46.597702248499665], [6.669209930356039, 46.59776243896259], [6.669235904348614, 46.59779886877431], [6.669264293260303, 46.5978123751311], [6.669306888762456, 46.59781805226354], [6.669339598933819, 46.59784886020088], [6.6694568472073055, 46.59791028719584], [6.669533062310906, 46.59792051897062], [6.669641624090973, 46.59789273666987], [6.669747485327461, 46.5978731223439], [6.669823651982834, 46.59786751159479], [6.669859840882353, 46.597846526020874], [6.66990353648576, 46.59785743701164], [6.669935048180644, 46.59788994585335], [6.6699917206607084, 46.597896896476776], [6.670039521792788, 46.59791278302649], [6.670095683942397, 46.59791891145199], [6.6701767964690655, 46.597914251579134], [6.67020121978475, 46.59792214432142], [6.670301027803542, 46.597924357872415], [6.67034880915512, 46.5978866280068], [6.6703666389472405, 46.597853463479], [6.67036480217288, 46.5978174671168], [6.670402632333844, 46.597800351719364], [6.670577302950227, 46.59781519792053], [6.670650369539993, 46.5977797979053], [6.6706652947451115, 46.59777648034097], [6.670806092476484, 46.59777797193462], [6.670844908721169, 46.59778327211239], [6.6709472831421355, 46.59777936710106], [6.671040051867752, 46.59776263179439], [6.67114367752883, 46.597808401956904], [6.671252178160807, 46.59781606206541], [6.671304758388482, 46.597769368220135], [6.67138626165031, 46.597794117988315], [6.671652735300562, 46.59782253682153], [6.671852211716139, 46.59786524719786], [6.671930573560686, 46.597861278298176], [6.672296479894783, 46.5978917342566], [6.6723058593869595, 46.59785617339702], [6.672599955393124, 46.59783268056241], [6.672812242074783, 46.597062797399566], [6.672956215888208, 46.596463097335366], [6.6733068757795, 46.59645448527998], [6.6731695735462155, 46.59543287608758], [6.673261453555273, 46.59547847507305], [6.673319206265485, 46.59554714364254], [6.673353804311584, 46.59546326417602], [6.673311980119345, 46.595218291513625], [6.673137538217317, 46.59466332226904], [6.673366241834339, 46.59448377332614], [6.6736242805442885, 46.59437971793411], [6.6741386786010555, 46.59454806038565], [6.6743687885734175, 46.59462841397378], [6.674716402727504, 46.594945774907245], [6.675276455975138, 46.595143844443356], [6.675970265792456, 46.59538066388603], [6.676914144365537, 46.595617095678], [6.676953718404716, 46.59562410797099], [6.677317618324236, 46.59556455531689], [6.677706111155243, 46.59571467427472], [6.678115619278456, 46.59594709310896], [6.678176988070697, 46.596018922765815], [6.678302277997207, 46.596240892390895], [6.678543361765012, 46.59622866024353], [6.678689392578862, 46.59598701538227], [6.678977480076178, 46.59600099752174], [6.679050446344969, 46.59600832240483], [6.67954543165866, 46.596036468940255], [6.680098450445439, 46.59605923497952], [6.6806002331810115, 46.596366379155356], [6.681104633814731, 46.596114169985555], [6.681092375873613, 46.59610419259552], [6.681082565209096, 46.59605932719259], [6.680947284471716, 46.59599050489724], [6.680942585872321, 46.595971941803874], [6.680838676236544, 46.59583450938895], [6.680756294787561, 46.59576253148984], [6.680691485325613, 46.59568455357887], [6.680625136481379, 46.59566045136399], [6.6805117488830925, 46.59564044306996], [6.6804270907523335, 46.59560982237458], [6.6803580375780625, 46.59559244902492], [6.680313505010826, 46.595566783035466], [6.680305513662777, 46.59554109098865], [6.680324394709032, 46.59551620823594], [6.680312339224617, 46.5954918385056], [6.680280206855709, 46.595493872928415], [6.680202827374917, 46.595465378736016], [6.68015773320866, 46.59546111942804], [6.680784266968973, 46.59505203554446], [6.681169162329005, 46.59481539950888], [6.681538056019903, 46.59476200327425], [6.68184546749884, 46.59476369242837], [6.681985062239574, 46.594757344506036], [6.682455922814973, 46.594625098794005], [6.682466543154068, 46.594193093777605], [6.6821432686690345, 46.59390630827337], [6.681870531102088, 46.59345820135011], [6.681639241723562, 46.59294047142085], [6.68143298091003, 46.592583034951815], [6.681894689620562, 46.59186437340623], [6.68201953569857, 46.59161565693084], [6.6829310619398825, 46.59171538530716], [6.683320207691801, 46.59163062495301], [6.683924524758022, 46.59152796927496], [6.68461527341776, 46.591272494828246], [6.685238981171762, 46.590950630114534], [6.685321230559249, 46.59090106841181], [6.686306956608214, 46.590415085379874], [6.687077858332557, 46.58940655107543], [6.688006089315142, 46.588463263563476], [6.689017792589109, 46.58817902503378], [6.6896378114836335, 46.58755233632175], [6.6908032652353615, 46.58685825964077], [6.692615024405368, 46.58574481486298], [6.693239865777729, 46.585349594001386], [6.693727138304539, 46.58507049622852], [6.694676020217574, 46.58449983110846], [6.695578412762939, 46.58394862683232], [6.695728172897855, 46.58384615293939], [6.696568022223348, 46.58334518870691], [6.6975844895960455, 46.58272140289578], [6.698159447284323, 46.58236235676211], [6.698745615601351, 46.58201390541132], [6.69946588744767, 46.58157087441156], [6.6998354738407215, 46.581363493184966], [6.700229993878761, 46.581106265407755], [6.700432371353228, 46.58111424763208], [6.702787795208587, 46.58124506504286], [6.704306358182873, 46.581322665088976], [6.706410552876422, 46.58134676959032], [6.707981403390229, 46.58129965354953], [6.708599902907634, 46.581274567509794], [6.7093062497789155, 46.58125688738414], [6.710759042979636, 46.58120933004559], [6.711914312592025, 46.5811345863445], [6.714299340716558, 46.58096672453788], [6.716434939102405, 46.580804618703326], [6.7182390204632405, 46.580652324773055], [6.720809399165943, 46.58040643711115], [6.72044253998292, 46.580001549037256], [6.719700557606483, 46.57911013208394], [6.719076545517846, 46.57816809089534], [6.7187246597212145, 46.57719997292961], [6.718718657962853, 46.57702388350292], [6.718683019695109, 46.576937566040435], [6.718638008668897, 46.576800820610096], [6.718620160032432, 46.576564184790975], [6.718587037561909, 46.57648490008436], [6.718633632183448, 46.576385430037575], [6.718621448558965, 46.57633056731802], [6.718698186708364, 46.57623047899084], [6.71876495953283, 46.57594823985702], [6.718759174368229, 46.575863550989766], [6.718638578309746, 46.57565246021822], [6.718574042723686, 46.5753951164029], [6.7185162554566435, 46.57527744241906], [6.718567423133546, 46.575177371815826], [6.7185327916076725, 46.575093939585], [6.718401360177872, 46.57504011938995], [6.718222980598898, 46.5749265379154], [6.718106841951326, 46.57480993279398], [6.718060705684562, 46.5747088851983], [6.717958475774768, 46.57458921964362], [6.717970872294591, 46.57434459004545], [6.717848331620504, 46.574172177967206], [6.717929213191152, 46.573888589799495], [6.717840102525408, 46.573811387418296], [6.717829286890588, 46.57378998937044], [6.717808842704645, 46.57366022789757], [6.717992596098296, 46.572667951715566], [6.7179909223521035, 46.57256754553631], [6.717989079141811, 46.57244276053916], [6.717241176087689, 46.57129264840623], [6.716833722939526, 46.57084961956234], [6.716168489993714, 46.57021315622043], [6.715225588880471, 46.56916587011902], [6.7143793607442, 46.56808086846273], [6.713600034806476, 46.56695931384805], [6.712975485399502, 46.5661172585858], [6.712155056559459, 46.565661582550064], [6.711112321555684, 46.565782197207184], [6.7102775476374195, 46.56533658081229], [6.710303855373117, 46.56497196278282], [6.710226728165697, 46.56486882372295], [6.710186285810651, 46.56482214501887], [6.710177841791932, 46.56479933104048], [6.7101462316977605, 46.56479310088225], [6.710029397317319, 46.56471453588878], [6.710021201747849, 46.56469361260967], [6.7099746768705755, 46.56469079510394], [6.70991115673783, 46.564652244371075], [6.709907024809971, 46.56462981790226], [6.7098656198454725, 46.5645955473226], [6.709858008756643, 46.56457867594108], [6.709839590037989, 46.5645720806077], [6.709734913947149, 46.56447020367498], [6.709716765982832, 46.56444354898358], [6.70967304576566, 46.56442428672543], [6.709628351237311, 46.56436318685083], [6.709551287315505, 46.56431348373465], [6.7095072061319785, 46.564226299583964], [6.709530653962814, 46.56419946213682], [6.709584979287461, 46.564039862657886], [6.7095553900627225, 46.563999910405684], [6.70959073620856, 46.56395155911534], [6.7095845141869255, 46.56388108072533], [6.7096772210177225, 46.563602800912655], [6.70974662223517, 46.56358237586023], [6.709785717038642, 46.56348816919599], [6.7098293260960284, 46.56343636250804], [6.709792414068619, 46.563368835624594], [6.70979491524927, 46.56332845964449], [6.70982073025996, 46.563290482576946], [6.709778238648371, 46.56326915914353], [6.7097841834885825, 46.56307992197309], [6.709759476781385, 46.563055114325365], [6.709768377850443, 46.56303340127186], [6.709745872942746, 46.563019402955135], [6.709686241031165, 46.56294417348911], [6.709698247721725, 46.56292427955925], [6.709664328161564, 46.56287665289049], [6.709590084247782, 46.56275347094694], [6.7095472279881525, 46.56264326491498], [6.709564415195604, 46.562539111953356], [6.709542730166888, 46.562512704393185], [6.70948477682669, 46.56252573613363], [6.709428796008247, 46.56249892833641], [6.709412009009945, 46.562438187592896], [6.709459032779261, 46.562413570882555], [6.709458596438348, 46.56238792956298], [6.709407324725176, 46.56235044682846], [6.709404763544016, 46.562288987832915], [6.709339520253979, 46.56229135734206], [6.709309275242725, 46.56225176062395], [6.70925753518457, 46.56222965788687], [6.709232333678594, 46.56213530809623], [6.709167490420653, 46.562108083533545], [6.709203319272778, 46.562052898576646], [6.709192461850953, 46.56201666485118], [6.709152881046914, 46.56200201694034], [6.70914856123114, 46.561964565839205], [6.7091048235395805, 46.561958347408044], [6.709057668483188, 46.561925119055005], [6.708953056624782, 46.56179967237929], [6.708883397046948, 46.561800753897735], [6.708869930928896, 46.561774219163844], [6.708893081868337, 46.56168242905312], [6.708880586132965, 46.56166129815181], [6.708810531156145, 46.56164339557032], [6.708756731412784, 46.56160004888001], [6.7086744052463425, 46.56156371549509], [6.708649548899184, 46.56147287624267], [6.708615635792551, 46.56145385653514], [6.708612192190761, 46.56139985850681], [6.708573815774873, 46.56137334345962], [6.708558305008238, 46.56131476984533], [6.708581183042135, 46.56125284472453], [6.708621798106323, 46.561200569399524], [6.708699805181552, 46.56118973613914], [6.708748114101075, 46.5611375101276], [6.70884750179761, 46.561088671387935], [6.70880452234805, 46.561036038296535], [6.7088002165974245, 46.560939663668286], [6.7087715409551825, 46.560890181344035], [6.708778075783858, 46.56085055112403], [6.708757999964325, 46.56077269673449], [6.708739067663971, 46.5607356915129], [6.708742390697783, 46.56072140923829], [6.708697257357885, 46.56064483307957], [6.708700152945504, 46.56060427982574], [6.70866842127156, 46.56053003881444], [6.708534032787922, 46.560379931043045], [6.708524549895682, 46.56034820418619], [6.708479034698301, 46.56031921418864], [6.708354283070606, 46.56017987353261], [6.708315136401967, 46.56016216946617], [6.708291495636128, 46.560135839038175], [6.708310838323372, 46.560084587464566], [6.708248481186799, 46.56003767701549], [6.708265487855196, 46.56000486108415], [6.708248558483523, 46.559964450216306], [6.708253056935007, 46.559921118515746], [6.708204115970424, 46.55987546384488], [6.7081058584914555, 46.55980133438084], [6.708066475845237, 46.559733611086514], [6.7080648333077155, 46.55969113958806], [6.708039628080645, 46.55966479914118], [6.708001511889497, 46.55965771676258], [6.70798182380054, 46.559628443045945], [6.7079810963632776, 46.55957617176804], [6.707954227547338, 46.55954748154069], [6.707893142061754, 46.55954160075136], [6.707839238715696, 46.55947720232659], [6.707827034782265, 46.55943457278044], [6.7077284991952455, 46.55928568464953], [6.70767470771439, 46.55925160338273], [6.707646414238528, 46.55920293283656], [6.707571043383808, 46.559115546238296], [6.707522848889749, 46.55911118763081], [6.707443538864831, 46.55907397325479], [6.7074397242881325, 46.55907637759637], [6.707305236170486, 46.558982312802314], [6.707303223988758, 46.55897681224879], [6.707174285055615, 46.55893334053891], [6.707147375465468, 46.55888845709625], [6.707162237599861, 46.55885994569567], [6.707041726422382, 46.558813388462326], [6.706996775243251, 46.55881030996108], [6.706987940710453, 46.55877894705012], [6.707045587066315, 46.55874981173994], [6.707041706562694, 46.558728196323315], [6.707090931973723, 46.55872284603424], [6.7070946559043625, 46.55869921062504], [6.707058689069864, 46.55865867687028], [6.7070348266435555, 46.5585515608577], [6.70699608498778, 46.55852333369739], [6.70699767532312, 46.55849257770246], [6.707012339593652, 46.55845075100018], [6.706998230576791, 46.55844292351252], [6.7069759673509335, 46.55839105297379], [6.706995245678912, 46.558374444722276], [6.706955638853677, 46.55835232916343], [6.706937298016818, 46.55830840057465], [6.70695420018887, 46.558302572112126], [6.706913032182701, 46.55821279669305], [6.706863820918445, 46.55818729068631], [6.706889356388923, 46.55816991314852], [6.706915362275621, 46.558127439922345], [6.706932737069692, 46.55802895586226], [6.706954970995277, 46.55799536432419], [6.706919849285281, 46.55795024801849], [6.707026488882119, 46.55791450172302], [6.707022345282564, 46.55790269029329], [6.706943897775524, 46.55789822639331], [6.706962722876147, 46.55785633649364], [6.706933514397793, 46.55784643257002], [6.706964347323968, 46.55781343616904], [6.706870608961068, 46.55774401262694], [6.7068737129701494, 46.55771704471413], [6.706839435187361, 46.5576953233437], [6.706796159332118, 46.55772266186348], [6.706784428240034, 46.55772222645017], [6.706771728350097, 46.55764891728578], [6.70679873088413, 46.55761949457464], [6.7067949225375845, 46.557602197804165], [6.706811223705423, 46.557582961487384], [6.706816448270242, 46.557495734151026], [6.706790306221714, 46.557480902148924], [6.706766195650973, 46.55748938274886], [6.706742987056174, 46.55746017612687], [6.706789620128559, 46.55744491378597], [6.706798136301085, 46.557422748581196], [6.706852821145374, 46.557390715594465], [6.706822971929162, 46.55737037219352], [6.706758109920444, 46.55734503511451], [6.706761033657896, 46.55729287732627], [6.706769501123856, 46.557255058849705], [6.706826189333143, 46.5572484074835], [6.706811969801416, 46.55719101142203], [6.7067467240372975, 46.5572132605948], [6.706738646602376, 46.557212668723594], [6.706738701529754, 46.55715086663162], [6.706655894701095, 46.55714097679735], [6.7066541459075815, 46.55713529803787], [6.706720728595331, 46.55708175154999], [6.706756955097082, 46.55703565584382], [6.7067152470785345, 46.55700507949015], [6.706758394324245, 46.55698718580073], [6.706786752172594, 46.55692412696716], [6.706652963955234, 46.55682700719181], [6.7066782942035745, 46.55679586460021], [6.706645601038473, 46.55676407790257], [6.706584061828833, 46.55676305131459], [6.706565389440541, 46.55674556863392], [6.706565478416903, 46.556739002109474], [6.706624275689893, 46.55672102953628], [6.706631569501298, 46.5567024548908], [6.706605630228733, 46.55668231655077], [6.706539664858771, 46.55668072155411], [6.706494397238528, 46.55670112028733], [6.7064813316269065, 46.55673180219048], [6.706469662835369, 46.55673640484255], [6.706389606460782, 46.556677594468596], [6.706389847840711, 46.55666940970456], [6.706458657628773, 46.55666319664399], [6.7064688518930815, 46.556642301697494], [6.7063869663628575, 46.556593375112136], [6.70637082747354, 46.556550630086285], [6.706326087972099, 46.556532079582944], [6.706306746901906, 46.556496600615155], [6.706252287004274, 46.556484194651425], [6.7061794690466305, 46.556410947280966], [6.706027556894462, 46.55631379985257], [6.705978427644618, 46.55627183136777], [6.705962421920869, 46.55624141162445], [6.7059118837136635, 46.55621679625363], [6.705881741592273, 46.55615947719258], [6.705904391988219, 46.556066335121194], [6.7058840578867995, 46.556046412725756], [6.7058424794697045, 46.55606404625874], [6.705833638062469, 46.556004435830026], [6.705923733079001, 46.55600564713267], [6.705979209678606, 46.555944023007655], [6.705944142039593, 46.55592391546988], [6.705911050413305, 46.555873504259594], [6.705873969440341, 46.555867237599244], [6.705845910339427, 46.55584960424975], [6.705850889940428, 46.5558382114794], [6.705826924696808, 46.55579757477329], [6.7057638830557975, 46.555724750164025], [6.7056818747702085, 46.55568501609757], [6.705665773643776, 46.555651078210914], [6.705612181004928, 46.55562096445648], [6.705529998521159, 46.555546036739926], [6.705512150419027, 46.555496704479005], [6.705506103273866, 46.5554522342526], [6.705485692210049, 46.55540919171814], [6.705435861342971, 46.55539113869099], [6.705422636578833, 46.555347062863035], [6.705385294006961, 46.55534089348386], [6.705370539361229, 46.55532306711855], [6.705335192459887, 46.55524673275265], [6.705344403150876, 46.55523104897979], [6.705418544217702, 46.55516819624461], [6.705441320610183, 46.55506579816787], [6.705435528717683, 46.55506017424706], [6.705348770914469, 46.55506204266529], [6.705248367557504, 46.55510943244398], [6.705114104934777, 46.555057386687025], [6.705103579084337, 46.55503545840464], [6.705124298855803, 46.55497891762581], [6.705079539182899, 46.554923572995115], [6.705089197633251, 46.55486533247038], [6.705043105787421, 46.55478326111654], [6.705060940397705, 46.554708709704094], [6.705102378502781, 46.55463413097284], [6.705151133374268, 46.554587316219056], [6.70514814007144, 46.55455805982244], [6.7051229904622085, 46.554526942162816], [6.705022296759071, 46.554499753199096], [6.704959622089518, 46.55453452263046], [6.704943469611583, 46.55453226820196], [6.704910873859124, 46.55446466827453], [6.704913725166503, 46.55442852289745], [6.704845302787527, 46.55437762216809], [6.704957881293463, 46.554269039681095], [6.705035152229006, 46.554234913595074], [6.7050136770933335, 46.554163697567176], [6.704905611059333, 46.55418010037308], [6.704836095337842, 46.55420970660787], [6.704781665661513, 46.55418470562281], [6.704728865607401, 46.55417509833978], [6.704689023977731, 46.554122574085575], [6.704616546367494, 46.554099525548395], [6.7046118489824424, 46.554090139301984], [6.704617807023592, 46.55408352077569], [6.704610088253626, 46.55405657288205], [6.704661463845248, 46.55396082801755], [6.7046854793983774, 46.55394964838385], [6.704738738433881, 46.553955210466334], [6.704768256433467, 46.55393255155188], [6.704861945164271, 46.55393774519965], [6.704849964792703, 46.55387892399809], [6.704826730522813, 46.55382299870508], [6.704749306953808, 46.553810803331], [6.704638709263348, 46.55386001582543], [6.704621518468528, 46.55385837534102], [6.704623733090076, 46.553848943921885], [6.704563746412877, 46.55383946999206], [6.704467227511172, 46.55385063040667], [6.704428079517803, 46.55383346495045], [6.7044197728165305, 46.55382099670718], [6.70445246498795, 46.55380465548586], [6.70442556754511, 46.55375923167575], [6.704409448454603, 46.55374590329078], [6.70437778512993, 46.553753704866864], [6.7043601400466954, 46.55374711358282], [6.704356404061626, 46.553618087040746], [6.704273288110157, 46.55346830598982], [6.704212729201934, 46.553433819369104], [6.704246605908327, 46.55341667653098], [6.704225384825845, 46.553375787393925], [6.704140082025866, 46.55334851714651], [6.704106677900201, 46.55335010024435], [6.703999599313346, 46.553293991883585], [6.703993316467216, 46.55326696327459], [6.70400714750966, 46.55326633310312], [6.7040466467847555, 46.55320010851497], [6.70400278651348, 46.553106626295836], [6.703903287661972, 46.55312604320577], [6.703905887951419, 46.55310743839008], [6.70389181241858, 46.5530781103142], [6.703929485202948, 46.55303112533012], [6.703925758153797, 46.55299835590099], [6.703948351988761, 46.55292869323348], [6.703953037921309, 46.552919727573325], [6.703980030768934, 46.552919722359626], [6.7040136458666355, 46.5529122034817], [6.70400502651351, 46.552893975727336], [6.704008319755615, 46.552881942418146], [6.704031934012603, 46.552871480004036], [6.704054062174736, 46.55282646341056], [6.703983975883346, 46.55279264367701], [6.703901082750704, 46.55273210387054], [6.703851540583863, 46.552702636161285], [6.7037590659271125, 46.55266587359293], [6.703736065786424, 46.55262065477488], [6.703793284687568, 46.55254590881571], [6.7037737922475875, 46.552511238021154], [6.703664589124627, 46.552458084315], [6.703785430343283, 46.552385189685], [6.7038373601454415, 46.55233496844194], [6.703814047511223, 46.55223604161985], [6.703798433457008, 46.552223975874895], [6.703674015203269, 46.55221669309976], [6.703586426442952, 46.55218508976424], [6.703452363558401, 46.55208931376138], [6.703436492333423, 46.55208561254543], [6.703040184033699, 46.55210688391694], [6.702982056114196, 46.552104707896675], [6.702966242063491, 46.552097768441094], [6.702935298423156, 46.552071929248335], [6.7029674276657385, 46.55204901802191], [6.702969931011341, 46.55200882213682], [6.702930379489687, 46.551983107079586], [6.702906999892513, 46.5519859241403], [6.702857455180147, 46.552023745921154], [6.702707872669498, 46.55191869253032], [6.702713199893479, 46.55189137930317], [6.702577742292044, 46.55181295545697], [6.702581105959618, 46.551776633504254], [6.702546909209361, 46.551750323359094], [6.702395015216374, 46.551729816830836], [6.702380024974637, 46.55173898544199], [6.702365015158033, 46.55177829046599], [6.70227618403626, 46.551799664291224], [6.702243213200403, 46.55178865518003], [6.702241460980509, 46.5517163252487], [6.7021042962925526, 46.55166658683269], [6.702063091923559, 46.55159956926642], [6.701985480688601, 46.5515344742904], [6.70193781775225, 46.55147254242315], [6.701945222031327, 46.55138856803929], [6.701922839337807, 46.55129918257093], [6.701877821666601, 46.55121540751955], [6.701736075122309, 46.551175714518656], [6.701613010792283, 46.551173565974416], [6.701507809060813, 46.55114382569379], [6.701284538086793, 46.55112717207044], [6.701132236587406, 46.5511357181826], [6.701027671532173, 46.55112622257009], [6.701005143165522, 46.55106481349056], [6.701079326355539, 46.55098927951619], [6.701102255269282, 46.55092393771755], [6.700999341345284, 46.55082124534937], [6.700887980637558, 46.550764206583224], [6.700853345808803, 46.55071279426306], [6.700818055738476, 46.550604343088736], [6.700668440318699, 46.55047363920117], [6.700626113991589, 46.55027896067608], [6.700545096939225, 46.5502057281774], [6.7003764340400815, 46.55017225454133], [6.700208522366962, 46.55011150067458], [6.700186401577352, 46.55006997518535], [6.700242010220659, 46.550008264711835], [6.700250400048902, 46.54998591933795], [6.70023113420472, 46.549964473430244], [6.700169542363365, 46.549929707894464], [6.700167290060395, 46.549894159072196], [6.700266385623742, 46.549846675358275], [6.700259025082556, 46.54982233826385], [6.700195387952786, 46.54979412656905], [6.699978757435764, 46.54964319446715], [6.699976067396085, 46.54960152553452], [6.700069446695351, 46.54955247536433], [6.700167313258086, 46.54942410965064], [6.700136816588617, 46.54940394013907], [6.70005616357443, 46.54939864745075], [6.70005406209308, 46.549343488297396], [6.699922669268493, 46.54927273422979], [6.699875940666977, 46.549228610612914], [6.699947485168353, 46.54914668200304], [6.699994135040678, 46.54904398154872], [6.700039023499867, 46.54901287766642], [6.700113754516819, 46.54900112949589], [6.700132994892858, 46.549034899721974], [6.700185195697782, 46.54903164100009], [6.70016976655475, 46.5490061718661], [6.700183029045339, 46.548903973690294], [6.70023240662011, 46.54884968930441], [6.700227613163094, 46.54880926614178], [6.700207151028941, 46.54878952175637], [6.700153158165541, 46.54879798653273], [6.700066712200556, 46.5487119530163], [6.700094774194316, 46.5486812793938], [6.700111339387928, 46.548604561467975], [6.70008486022525, 46.54856714570644], [6.700008311169226, 46.548567906959924], [6.699989384209735, 46.548540795804925], [6.700000445397855, 46.54850425414418], [6.700080905587855, 46.548455839618654], [6.700381929253974, 46.54834463752659], [6.700463261586525, 46.54824189256787], [6.700397257459854, 46.54808169448242], [6.700310932154617, 46.54783328426546], [6.70022014335276, 46.547778897571675], [6.700176640814406, 46.54778500162582], [6.700084206780419, 46.54777467547907], [6.700064346429951, 46.547672792509466], [6.700116541949742, 46.547622133901584], [6.700105981310165, 46.54756485061262], [6.699830136187915, 46.54734065618861], [6.699802905178811, 46.54727246915434], [6.6998466387362186, 46.5471731682661], [6.699775410287328, 46.54704244248581], [6.699770740455019, 46.54697395266786], [6.699836500730634, 46.546932459473844], [6.699846676018236, 46.546932075865165], [6.699954988441933, 46.54689670691959], [6.699979400273632, 46.54683731231385], [6.699942488454214, 46.546752419680686], [6.699744526967314, 46.546658822975914], [6.6997018856871025, 46.54662013240092], [6.69953567059141, 46.54649436551591], [6.699274161500327, 46.54639504643178], [6.6992095838250565, 46.54632156916618], [6.699211260332663, 46.54631339374171], [6.699289955267361, 46.54626992502553], [6.699316025223812, 46.5462323116443], [6.699331277989028, 46.54608001881315], [6.699368082943101, 46.54601062956054], [6.6992404173730336, 46.54568729239093], [6.699234538435194, 46.54564047406486], [6.69916848153927, 46.54551320007361], [6.699075984310312, 46.54546968639744], [6.698972082411653, 46.54539162566312], [6.698858655604228, 46.54537218359352], [6.698737922559564, 46.54539117854323], [6.6986574637686624, 46.54531598719899], [6.698648342004243, 46.54516236606355], [6.698575353667219, 46.54510341612774], [6.698447158162532, 46.5450771123456], [6.698413294757112, 46.545025974108285], [6.6983141292453485, 46.54496586369145], [6.698318380819302, 46.544931526750496], [6.698384193352406, 46.54490514792972], [6.698410088457905, 46.544918361030334], [6.698480287919965, 46.54491342129041], [6.698585427555885, 46.54483342189517], [6.698608559487474, 46.54478184580289], [6.6986383056175, 46.54465763415566], [6.698600662138478, 46.54460548177906], [6.698578163845946, 46.54460128683831], [6.698535690411711, 46.54461810227781], [6.6984316157132575, 46.5446299098431], [6.69833789712345, 46.54461859324671], [6.698308687424255, 46.544571353647775], [6.69836166484641, 46.544530137691055], [6.698288441222927, 46.54444086950814], [6.698221628105293, 46.54435002390942], [6.698207964041062, 46.54429011138879], [6.698180284513423, 46.544245400601085], [6.698205221906641, 46.544081116447956], [6.698159758367765, 46.54400219480714], [6.698165667130479, 46.54398963900583], [6.698279073584637, 46.543915190387615], [6.698310754911231, 46.54388669086506], [6.698298770462712, 46.54374321652458], [6.698284193454321, 46.54372234068793], [6.698247282284611, 46.54373289510104], [6.698173609334795, 46.54371360371732], [6.698085204472855, 46.54365716161562], [6.698069195765364, 46.54360757917902], [6.698129600235192, 46.543585663326496], [6.69818943769844, 46.54348143926892], [6.698141664756725, 46.54340933947134], [6.6981224786445415, 46.54323011299122], [6.698138982082622, 46.543196035985765], [6.698092884587461, 46.54317198568832], [6.698007211185521, 46.54315413634809], [6.697987624139833, 46.54312783006985], [6.6980566415042055, 46.54301017205409], [6.698063618282689, 46.54297676149248], [6.698034219822075, 46.54298141845936], [6.697979404564503, 46.542938050948926], [6.698033277933018, 46.542869421221475], [6.697985967665454, 46.54279120712292], [6.698008076440584, 46.54274862040871], [6.6981524238447525, 46.54263288436113], [6.698167143354872, 46.54261479950971], [6.698040307802433, 46.54255630745936], [6.697824543626665, 46.542563436287864], [6.697705956149366, 46.54258803076088], [6.697598963858359, 46.542603704726545], [6.697545837314166, 46.54262736807289], [6.697487430075694, 46.542722344121565], [6.6974384031847745, 46.54277977811804], [6.69728874167796, 46.54273156248279], [6.697230847482808, 46.54266560348576], [6.697100821416937, 46.54259170633411], [6.6970125300347245, 46.54258420238952], [6.69693895437341, 46.542568419331616], [6.696855608078659, 46.54252360525286], [6.696743277299595, 46.54251028543051], [6.696620808240805, 46.542589638791846], [6.696514757900814, 46.542611696055836], [6.69639901495705, 46.542590509056424], [6.696348308506196, 46.54257083592278], [6.696190990295899, 46.542520148715404], [6.6960525551929475, 46.5424900058834], [6.695904256724868, 46.542494522780004], [6.695846045768045, 46.542527606848644], [6.6958283537816525, 46.54260062841258], [6.695809259873161, 46.542623892985816], [6.695792534987482, 46.54262657223889], [6.695557334010394, 46.54269321286115], [6.69544597094805, 46.54274223136663], [6.695351735112272, 46.54280764466795], [6.695269538254999, 46.54290677284876], [6.695226768439185, 46.5429261938538], [6.695152225572653, 46.54294279779204], [6.695038044242484, 46.542921808582115], [6.695017157352094, 46.54295216813406], [6.695024728678938, 46.54298937129516], [6.694968716772777, 46.543023629655515], [6.694856992725302, 46.54304195991548], [6.694780923073183, 46.543112619522155], [6.694644341342091, 46.54317505586633], [6.694614905513554, 46.54331493032564], [6.694647004527185, 46.543341417936375], [6.694704808310782, 46.54341376475939], [6.694689915117709, 46.54343488855938], [6.694620128565843, 46.54347527269005], [6.694503317426511, 46.543522086349626], [6.694289123117008, 46.543634480615765], [6.694167530092007, 46.543687658798724], [6.694089658699825, 46.543709179101064], [6.693959912693805, 46.5437390040489], [6.693817395080428, 46.54374004770742], [6.6937192393503535, 46.54374812945555], [6.693670837646394, 46.543808084804525], [6.693664276523884, 46.543858419236095], [6.693687998891821, 46.543896708942405], [6.69369524159681, 46.54402386981554], [6.693689741742289, 46.54413907238113], [6.693568247420353, 46.54436459588421], [6.69345368580688, 46.54441826943979], [6.693202610919602, 46.54441563988095], [6.693147343903631, 46.54446186696744], [6.693144458718015, 46.54452922803252], [6.693003417785295, 46.54461206302051], [6.692876580758729, 46.54458207351692], [6.692682218098536, 46.544494623320254], [6.6924617836679285, 46.54446355921613], [6.692348370813938, 46.54448116522067], [6.692153463002606, 46.54455589876034], [6.69210879602762, 46.544580343919655], [6.6920810814897855, 46.5445479559293], [6.691998746777464, 46.544496047021795], [6.691856382997017, 46.54446695277101], [6.691733619681387, 46.5444724419405], [6.691509423534841, 46.54454373466825], [6.69144326163619, 46.54461400755265], [6.691403287804714, 46.54462903752319], [6.691257175829737, 46.544550439786036], [6.691163619271037, 46.54437674046039], [6.690902285979754, 46.54415444574433], [6.690882914447545, 46.544028014287385], [6.690751698886901, 46.54382473942796], [6.690379559819975, 46.543752297627385], [6.690238482445825, 46.543621104748944], [6.6901749118697165, 46.543381940615845], [6.690034388305185, 46.54325794828159], [6.689794488131202, 46.54319258374343], [6.689700992564697, 46.54312783366918], [6.689606550811106, 46.54291507552302], [6.689422413146268, 46.54272099452258], [6.689434633999172, 46.54258244677394], [6.689280855832555, 46.542407637493305], [6.689102543473721, 46.542291940574195], [6.688853497318981, 46.542275361885245], [6.688752495596042, 46.54221622039035], [6.688575216644472, 46.542148298278846], [6.688354813788819, 46.54208764752311], [6.688190720631916, 46.54198094929159], [6.688148501614878, 46.5418854922277], [6.688167647446836, 46.541670983163996], [6.688190894372105, 46.54150848899939], [6.688185802519259, 46.541340059092825], [6.688139174687963, 46.541055206986705], [6.688143490001726, 46.54091347643004], [6.6880834124608395, 46.54083669396542], [6.687996455033082, 46.540827302657334], [6.687833454942536, 46.540548427123476], [6.687790206334291, 46.54042399610338], [6.68768948284237, 46.54035361048762], [6.687609955874448, 46.54032556533913], [6.687531215243386, 46.54032630358642], [6.687219571196743, 46.54037748750961], [6.6871977234721784, 46.54037357350516], [6.687171419686962, 46.54036197438691], [6.687134757476413, 46.54029839066861], [6.687082229275181, 46.53995925304609], [6.686810905903294, 46.53987676146542], [6.686785234029602, 46.539866614730336], [6.68663747625377, 46.53988893518934], [6.686542146201038, 46.539863024602255], [6.686408192735831, 46.53980212428887], [6.686294968278329, 46.53972248759064], [6.6862646387067155, 46.53956936333325], [6.686319071708213, 46.539292836071404], [6.686255806808368, 46.53918311491377], [6.686222045928779, 46.539164089406796], [6.686233015350155, 46.53911594352834], [6.686106070878978, 46.5389357211765], [6.685894383584771, 46.538821417118164], [6.685681708217776, 46.538740661211015], [6.685509493064124, 46.53872206601066], [6.685459056203215, 46.53870229985837], [6.685250445696724, 46.53859188321427], [6.685113973182778, 46.53833799983132], [6.685133422180502, 46.538045479385], [6.685009288787466, 46.53788847515604], [6.685020204443018, 46.537862009558665], [6.684839450179192, 46.5378118796159], [6.684696879402697, 46.537799138406534], [6.684496354122971, 46.53773465363074], [6.684226583634961, 46.537700744526305], [6.684118486023631, 46.537655936217476], [6.683840071294731, 46.53748495931094], [6.683747648923945, 46.537392216284076], [6.683627345709886, 46.53733375141951], [6.683385111573087, 46.53731747582376], [6.683147067022113, 46.53732695604555], [6.6830415111492965, 46.53725805442473], [6.682977221973287, 46.537110361449315], [6.682903556750599, 46.53708315261073], [6.682798290044869, 46.537098014571036], [6.682512747625102, 46.53702700468034], [6.682442480238085, 46.5370271661079], [6.682215222120439, 46.53710338581499], [6.6820922062534915, 46.537101027313476], [6.681750948406595, 46.536958323547765], [6.6816823888012, 46.53693987410828], [6.681441431964323, 46.53689679461703], [6.681259555603405, 46.53683323824401], [6.681203930491899, 46.536783928444066], [6.681173248558635, 46.53664778481291], [6.681127761068217, 46.53658208006545], [6.680933850024637, 46.53652158239536], [6.6806833199598605, 46.536492021221235], [6.6804429914787855, 46.53646846521552], [6.680099745412178, 46.536496757052824], [6.679967423654004, 46.53651665317327], [6.679877475849517, 46.536543489467654], [6.6797733590136135, 46.53657023086906], [6.679569807513045, 46.53663930776738], [6.679481555280902, 46.53659274756623], [6.679282855418374, 46.53651044482522], [6.679274530129749, 46.53647206594191], [6.679086834717587, 46.5363674460731], [6.679037568833042, 46.536311071168065], [6.679007477832955, 46.53618797434699], [6.678957733464177, 46.53603487939693], [6.678778889372585, 46.535912775452445], [6.6786232838976956, 46.53577804304998], [6.678558649556295, 46.53561045490885], [6.678415365035877, 46.535480311849895], [6.678146446574731, 46.53524703277442], [6.677987343281226, 46.53514898009796], [6.677840248350431, 46.53510634211214], [6.67756095891948, 46.53491555209485], [6.67754060547804, 46.53476687322588], [6.677565843928952, 46.534613120420985], [6.677497787443819, 46.53446484997732], [6.677477147400862, 46.53430970095598], [6.6774001968744665, 46.5341552715475], [6.677332815804977, 46.534098864208346], [6.677226633317556, 46.53409482303904], [6.67702821404505, 46.534215468109664], [6.676880699377176, 46.53422041513535], [6.6768241958032455, 46.534207081473525], [6.6766589441631465, 46.534018503635615], [6.676430088475075, 46.53397909309207], [6.676247115474898, 46.534012858321795], [6.676208932099502, 46.53417838891772], [6.676063665319812, 46.53418200051972], [6.675787508887141, 46.53409234285488], [6.675641674910267, 46.533979190739174], [6.675479714906905, 46.533955701316096], [6.675416420093962, 46.53396085307445], [6.675069434692969, 46.53407851623702], [6.6749150903515595, 46.534115692508266], [6.674655223949528, 46.53402741916412], [6.674440986766365, 46.53393052803026], [6.67419877020661, 46.53392250815897], [6.673930269974787, 46.533919439332514], [6.673667758067496, 46.533935383504605], [6.673246416995936, 46.533836562696635], [6.673119475602819, 46.533752942015354], [6.672961751428485, 46.53363295784297], [6.672729800823687, 46.53348754572297], [6.672565551938858, 46.533368238009984], [6.672259264324216, 46.533236536737355], [6.672069176517612, 46.53330227294779], [6.671766464091873, 46.533304545333095], [6.671470741825767, 46.533254237155944], [6.6713986414582624, 46.53320939930291], [6.6712224181488455, 46.53314415560065], [6.671066699658356, 46.533094523612], [6.670988207812209, 46.53303165902463], [6.670926266709474, 46.5329507343094], [6.670780783340072, 46.532896403367054], [6.670748738002293, 46.532784815547664], [6.670690889945122, 46.53273512566812], [6.670418623969887, 46.53258656592702], [6.670310772499859, 46.53243426121434], [6.670124338304497, 46.53226234351015], [6.670107607778028, 46.532154646711305], [6.670162516173966, 46.53202413518909], [6.670187349110278, 46.53191859939562], [6.6701983706064185, 46.53178608100426], [6.670228879464523, 46.53168382277351], [6.670141387810421, 46.531521643088034], [6.670037561836291, 46.53146228569334], [6.670058573548855, 46.5313413323269], [6.67014981774376, 46.531157981481385], [6.670216161091786, 46.53078238766239], [6.670321362300374, 46.53060740764257], [6.670314769096746, 46.53046603504734], [6.670257096858538, 46.53032258950243], [6.670266605440721, 46.53025888096605], [6.670318762881558, 46.53018510688376], [6.6703494219720385, 46.530173979515446], [6.670345579801288, 46.5300399128675], [6.670379813933292, 46.5297965226723], [6.670342095693229, 46.529653239314754], [6.67038280165255, 46.52962301831055], [6.6704262502811265, 46.529528224387875], [6.67040828663034, 46.529499036527014], [6.670430522332754, 46.52931845673156], [6.670394484994759, 46.52884689110539], [6.670355913523868, 46.528616961004246], [6.670283224523582, 46.52857642729831], [6.670282478101896, 46.52851066124277], [6.670269660476063, 46.528439505776106], [6.668846511717484, 46.52861785421578], [6.668740691957423, 46.52794773184772], [6.668684569770159, 46.52755961218672], [6.668668747016918, 46.52742600357825], [6.668649541569124, 46.52712727636606], [6.668620455034494, 46.526360237646266], [6.668246288264763, 46.526283201334515], [6.667427928678864, 46.52627522991471], [6.666832866323003, 46.526255998312834], [6.66597363495764, 46.52628085473275], [6.665829856034929, 46.526291219342546], [6.665108258484727, 46.52635244018045], [6.664799648310737, 46.526415114145706], [6.664510751657713, 46.526277131260386], [6.664461624107053, 46.52625737351988], [6.66444262690909, 46.52621874062701], [6.664401061617466, 46.526218816854474], [6.6642837903598, 46.526124736304936], [6.664279015760209, 46.52610320317188], [6.664237689737028, 46.52606018958377], [6.66417718947047, 46.526034596457606], [6.664143599031063, 46.52598658909338], [6.66407620295106, 46.525924694681265], [6.664052892659907, 46.525877836952255], [6.6639695652383955, 46.52581809190404], [6.663881670796887, 46.52566779728762], [6.663823088538876, 46.52564482586518], [6.66378495680255, 46.52560543255405], [6.663655548953872, 46.525522594402446], [6.663593458700358, 46.525498879397674], [6.6635376498033905, 46.52543795457021], [6.663502507842594, 46.52535279180182], [6.6634855259923125, 46.525337292501334], [6.663480865167611, 46.52530784337892], [6.66342534541315, 46.52519861172771], [6.6633789071044, 46.525155922857266], [6.66340328614145, 46.52508276265271], [6.663318004602206, 46.52491314391068], [6.663272562743591, 46.524882786417066], [6.6632456897030385, 46.524848147866756], [6.663191350250838, 46.524729388355325], [6.663146321547828, 46.52469750435348], [6.6630575003508765, 46.524647508719895], [6.663023836739714, 46.52459564107928], [6.663001054050713, 46.524584779938984], [6.662955425474066, 46.52457655141883], [6.662902575106992, 46.52457205182167], [6.662872610898786, 46.52453487308564], [6.662876760810002, 46.52448182463789], [6.6628174397106505, 46.52445687758418], [6.66279967012061, 46.52444090502043], [6.662777231664406, 46.52434251470417], [6.6627744864945715, 46.52427952349215], [6.662703271043757, 46.52422883844787], [6.66265965488253, 46.524171235145495], [6.662566119093179, 46.52410474386171], [6.66254415276604, 46.52405520529199], [6.6625042704479585, 46.524037120213194], [6.662415456810497, 46.52402301839004], [6.662379428604405, 46.523999741764385], [6.662247001819971, 46.523946028586224], [6.662147426751093, 46.5239108020997], [6.662016345091686, 46.523899559110625], [6.661958900294641, 46.523861112426694], [6.661832379593859, 46.52390432635594], [6.66176167501019, 46.52389979373279], [6.661589298916238, 46.523859929635755], [6.661562371665568, 46.52383824477757], [6.6615211371159715, 46.52383265444424], [6.661459403614801, 46.523838708535536], [6.661382751154552, 46.52379464235206], [6.661322341317144, 46.52377209808184], [6.66122760067893, 46.52369984020051], [6.661194878481933, 46.52365517534644], [6.6611306972213375, 46.52360489725162], [6.660969123405643, 46.523539018005174], [6.66086019101635, 46.52345586715431], [6.660776285500928, 46.52341777827645], [6.660664546397837, 46.523303301910005], [6.660585949460767, 46.523213342137375], [6.660533522348742, 46.52316143507626], [6.660510256775525, 46.52310271106437], [6.6604591317699455, 46.523032821416244], [6.6603984783970525, 46.52305444585821], [6.659806298715549, 46.52232843875734], [6.660127719603256, 46.52229888899212], [6.660102519407866, 46.52193111830005], [6.660046925813505, 46.52162865792425], [6.659877350498448, 46.52142121402071], [6.659741032357883, 46.521248345290054], [6.6596729932207905, 46.52103197265699], [6.6596387253727825, 46.520704991404344], [6.6596353372083295, 46.52065071287058], [6.659569848396488, 46.520492561961134], [6.659419026192556, 46.52037591742102], [6.659204491131955, 46.52027728581864], [6.65905997986757, 46.52005839000184], [6.658970554196968, 46.51995170285222], [6.6587394786225955, 46.519888671156615], [6.657897180228467, 46.51947316909133], [6.657705090931234, 46.519418859892426], [6.65720575514498, 46.51933419483186], [6.657139471155212, 46.519303772212126], [6.657109707357844, 46.5192892633862], [6.657049023281663, 46.51924108506171], [6.656826408824233, 46.51898172331088], [6.656732316937231, 46.51890073980539], [6.656624529298175, 46.51890169673897], [6.656568503432407, 46.51892793865396], [6.656519409968195, 46.51896952149713], [6.656452536767768, 46.51913296805228], [6.656402331564415, 46.5191802198329], [6.656323801346097, 46.51920360764145], [6.655385180585726, 46.51881011844588], [6.654654818801929, 46.51850927071559], [6.654151574567091, 46.51809233309591], [6.654151279708318, 46.518023790988316], [6.654144395430957, 46.5179719806673], [6.654130850372396, 46.51791576968689], [6.654113028652776, 46.51786510669962], [6.654079399453773, 46.51779559551914], [6.653984193490066, 46.5176292373066], [6.653957069556876, 46.51757659286254], [6.653883642774862, 46.51738483475757], [6.653861620229271, 46.517303987562954], [6.653840750169525, 46.51725148615527], [6.65376222985864, 46.5171486577222], [6.653738482384675, 46.51706995770624], [6.653732855617249, 46.51696385519025], [6.653764605080663, 46.516841449635045], [6.653856833341806, 46.51662025355876], [6.653900657581912, 46.516527798388296], [6.653940070709859, 46.51647887152054], [6.653963105376465, 46.516427123648896], [6.653998238806226, 46.51631392644345], [6.653972424922737, 46.51623395285028], [6.653959653518828, 46.51617116194061], [6.653931322593447, 46.51612993485326], [6.653904279543527, 46.51610771637265], [6.65382228253125, 46.51602006713065], [6.653772842217196, 46.51593390267225], [6.653763360795916, 46.51588686866829], [6.653785093412141, 46.51580003618014], [6.653825671737973, 46.51569775293122], [6.653869511171159, 46.51563113458575], [6.65395440743514, 46.51556389163032], [6.654027852974063, 46.51549548988007], [6.654063045893558, 46.515423036198484], [6.654110282955798, 46.51525784438942], [6.654175263134697, 46.51517111305512], [6.654266257906685, 46.515070637275365], [6.6543006446538815, 46.515016899088224], [6.654306459981783, 46.51495827602186], [6.6542546931047735, 46.51495972623538], [6.654158638327371, 46.51448585140303], [6.654151092140624, 46.51446618779239], [6.654141053278693, 46.514452174475586], [6.654127657997903, 46.51443957733194], [6.654111291666904, 46.51442877680611], [6.6540924710714116, 46.514420082405756], [6.653930132197756, 46.51422086622393], [6.653943182774664, 46.514211420688234], [6.653940717653957, 46.514209784345276], [6.65396867195929, 46.514178131690464], [6.653817204061831, 46.51399392176576], [6.653787611326652, 46.5139660991153], [6.6537342860265705, 46.51388737445555], [6.65370232188502, 46.51386313373274], [6.653693256804459, 46.5138413005262], [6.65371010764471, 46.51376665992359], [6.653790576846414, 46.51364514014607], [6.653816668126295, 46.51356228708882], [6.653816153640167, 46.51351694340438], [6.653798463040472, 46.51346095551275], [6.653773651182627, 46.51342875786361], [6.653748083244829, 46.513367857433735], [6.653730564860351, 46.51334488614552], [6.653668813430687, 46.51329012263087], [6.653589840374251, 46.513263757379846], [6.653208102285821, 46.513241943878256], [6.653006926067019, 46.5132409103934], [6.652841445420011, 46.51327628796385], [6.65263584871176, 46.51326559729294], [6.652593349440041, 46.5132759181173], [6.65257603004021, 46.51329307050413], [6.652569621967746, 46.51332154356355], [6.652585662225928, 46.51339236370471], [6.652564107027627, 46.51343197687589], [6.652522810321552, 46.513440236905], [6.652477700721818, 46.51343290714303], [6.6523853471484795, 46.513403749471756], [6.652372744627292, 46.513392237103396], [6.652289731728133, 46.51336503328259], [6.651998448100062, 46.51329688340515], [6.651933247623262, 46.51329121346076], [6.651893955833501, 46.51332287691424], [6.651898976646621, 46.51338975242703], [6.651906882714032, 46.51341058820679], [6.651906582373838, 46.51349389846501], [6.6518770126497895, 46.5135469499108], [6.6518243195037305, 46.513586167052736], [6.651728143198858, 46.513685356045926], [6.651678140102668, 46.513709838214304], [6.651617492195702, 46.513713645506925], [6.651553550324437, 46.51370204667355], [6.651448068752688, 46.51367062908777], [6.651323987321289, 46.5136458383448], [6.651247187743956, 46.513640267333805], [6.651144833212731, 46.5136267823352], [6.651097155329405, 46.51360791940686], [6.651069229777457, 46.513574889892936], [6.651068315669294, 46.51352135699014], [6.651149615717671, 46.51331635251832], [6.651152214851908, 46.513272100900785], [6.651124197018882, 46.5132364709018], [6.651074534415005, 46.51321075719061], [6.650974017467582, 46.51318747001357], [6.650846944139497, 46.5131802991599], [6.650623597998149, 46.51313492782456], [6.650442020416674, 46.51309454223975], [6.650361105423985, 46.513067432488164], [6.650306998563808, 46.51303377102183], [6.650233139857988, 46.51296957455541], [6.650143398192886, 46.5128865467626], [6.650118569893056, 46.512873509777464], [6.650022457429454, 46.512843136564435], [6.649896608244328, 46.51281464351175], [6.649829241234642, 46.51281462481672], [6.649637028509847, 46.51279772463352], [6.649470078204347, 46.5127908955791], [6.649325527206239, 46.51277603575769], [6.649116743006655, 46.51271609897607], [6.648947157703005, 46.51268451170257], [6.648898089370166, 46.51268066159629], [6.648812159374793, 46.51268474101536], [6.648754618383576, 46.51269000780994], [6.648535134806011, 46.51274704342869], [6.64849401181692, 46.51276124059971], [6.64845176259276, 46.512798999588085], [6.648428351916029, 46.51286729639965], [6.648451306361861, 46.51292826962261], [6.64845322441423, 46.512966426249164], [6.648443500693851, 46.51302546247204], [6.648422717525295, 46.513047717842255], [6.648401813150526, 46.51306043657053], [6.648354788415698, 46.51305938924556], [6.648319885953224, 46.51304916043139], [6.648292639044881, 46.513032237915226], [6.64818051075921, 46.512920894605706], [6.648101049829636, 46.51285681959473], [6.648009752321001, 46.512809133793446], [6.647943876314658, 46.51278735390548], [6.647852930583279, 46.51277799364796], [6.647757077319003, 46.512792348727196], [6.647566336508622, 46.512879719674494], [6.647496404279758, 46.51290361116694], [6.647402676221072, 46.5129062859053], [6.6472818320055325, 46.51289202964572], [6.647227274324082, 46.51288040389691], [6.647117447194459, 46.51285237040924], [6.647042093230648, 46.51281047159519], [6.646900618517523, 46.51270126145494], [6.646706550796821, 46.512587806604884], [6.6465978298647235, 46.512555480243165], [6.646523662099763, 46.51253939910367], [6.64644930880165, 46.51253509244921], [6.646322560458284, 46.51256012474547], [6.646114956003733, 46.51262443542299], [6.646106475088824, 46.51263408285152], [6.645950564904515, 46.51267329567922], [6.645946707333497, 46.51267066885808], [6.6457656418192474, 46.512702310569075], [6.645764007091296, 46.5127071570133], [6.6456913439318495, 46.512720862725715], [6.645543218218637, 46.51273745910605], [6.6454500671043535, 46.51273545830066], [6.645280720876161, 46.51275874303193], [6.6452004342388085, 46.51275206406033], [6.645144285676524, 46.51275032182819], [6.64509973587004, 46.51274047427712], [6.64502995609149, 46.51271929495979], [6.64492852503448, 46.51267773390165], [6.644437669814984, 46.512243107301025], [6.6443774315303585, 46.51214903633322], [6.644274747608986, 46.512068702012286], [6.644182414745464, 46.51204745429889], [6.64413516815729, 46.51205270092508], [6.6440985349978074, 46.51206368938644], [6.643978436534289, 46.51207777229198], [6.643758022924163, 46.51205696718211], [6.643625667627875, 46.51201934457089], [6.643484697196745, 46.51197390678803], [6.64334285230768, 46.51193477782544], [6.6431593559817035, 46.51186602038457], [6.64304570652564, 46.51183148797593], [6.642907997239923, 46.51181243084147], [6.642631147311142, 46.51173967997679], [6.64254149798721, 46.511703516294865], [6.642429978427543, 46.51166773868289], [6.642346100893081, 46.51163782263666], [6.642247554635463, 46.51165899098804], [6.642192896303303, 46.51168973359829], [6.642157156602141, 46.51172762593432], [6.642159966965269, 46.51174824657811], [6.642188955880846, 46.51178029596576], [6.642194110305337, 46.51181073874842], [6.642172521929481, 46.5118247109973], [6.642138092873526, 46.511826718605306], [6.642078395169917, 46.51181919248521], [6.642018095267594, 46.51181804933635], [6.641863855125488, 46.51172618590474], [6.6417596519077815, 46.51165375507797], [6.641565193721992, 46.51145285553729], [6.64143293238471, 46.511347202656445], [6.641247743601506, 46.511216807244836], [6.641088865797338, 46.511149838899634], [6.640812286133083, 46.5110759430008], [6.640739101442851, 46.51103764466792], [6.640652178476822, 46.51101114237548], [6.6405396277995745, 46.51097300750071], [6.640486483184282, 46.51094448576568], [6.640261583910072, 46.51079999355704], [6.640208911557937, 46.510774766680605], [6.640150973512949, 46.510755826947644], [6.639963082530925, 46.51071520938272], [6.639914307703016, 46.510700472194785], [6.639862606127652, 46.510680991475525], [6.639425880248684, 46.510466939269335], [6.639383217273519, 46.510435422237585], [6.639356778856385, 46.51039934159478], [6.639343972561858, 46.510357779460065], [6.63934838897901, 46.51031462918184], [6.639407036407826, 46.509969768341485], [6.639399320598411, 46.50990116383093], [6.639370564155314, 46.50976629894838], [6.639377119808528, 46.50969302713262], [6.639434207237192, 46.509488228852156], [6.63946962300952, 46.50942819550218], [6.639528053393764, 46.509353759660286], [6.639547066706967, 46.50924863953063], [6.639537634600052, 46.50917273617507], [6.639535413269442, 46.5090585603729], [6.639561500145187, 46.508986145728706], [6.639585543629548, 46.50890211170208], [6.639643957451903, 46.50881993926134], [6.639675593005019, 46.508751162146226], [6.639675773512303, 46.5086243186722], [6.639715370574737, 46.50850171124282], [6.639791379615405, 46.50844557126776], [6.640003376800015, 46.508321460996896], [6.640081277161665, 46.50827837851042], [6.640311982812353, 46.50816664306112], [6.640368972778661, 46.50811900511959], [6.640406700613535, 46.50803461747104], [6.640407294975233, 46.50787080311674], [6.640404070774424, 46.50775383145255], [6.6403812841655805, 46.507682242122755], [6.640327152407199, 46.50762457411822], [6.640317561466454, 46.50755054990979], [6.640351176111574, 46.50746234614819], [6.640381715212808, 46.50743242425979], [6.640422234264435, 46.50743252948584], [6.640482915924583, 46.50744366173714], [6.640909363992329, 46.50758554324155], [6.6409719548635815, 46.50758209714179], [6.641008407079452, 46.50756643044118], [6.641065314125667, 46.507453669013834], [6.641094957015226, 46.5073784813683], [6.641102755633245, 46.507309095509825], [6.641039050139088, 46.50721059025883], [6.640989667193812, 46.507122450133025], [6.641007377210964, 46.50703477295206], [6.640999219568193, 46.506951852747534], [6.640978986824914, 46.50687497500474], [6.64100557322154, 46.506759651993114], [6.641030070387411, 46.50672410915268], [6.641054036501055, 46.50669809912264], [6.641129340382649, 46.50665417004731], [6.641249966380543, 46.506602661073764], [6.641323283734327, 46.50656089495548], [6.641358522020666, 46.50652146998431], [6.641368281836876, 46.50638973714204], [6.641397037572921, 46.50633046620935], [6.641461100288879, 46.5062712724816], [6.641588494120964, 46.50622017058316], [6.641675561487649, 46.506182459136625], [6.641803141189582, 46.50606566890387], [6.641998105200155, 46.50594092262814], [6.642019040765391, 46.50591981193428], [6.642033900259796, 46.50589636457826], [6.642041629684805, 46.505874027643856], [6.642043817533569, 46.50585110305993], [6.641985714661754, 46.50536352206759], [6.64196101518064, 46.50495301003145], [6.640611238784614, 46.45487280332731], [6.585050601643505, 46.45557556633591], [6.586654345894562, 46.51742048954683], [6.58654296422859, 46.51757511515575], [6.586446100110772, 46.51775944697453], [6.586333338577833, 46.51786016617339], [6.586170903112015, 46.51803751898509], [6.586099507468026, 46.51815203403542], [6.586072517326533, 46.51822730872419], [6.5860182181128355, 46.518341052523304], [6.585840706118365, 46.518596638837465], [6.585465143586077, 46.519076115766126], [6.585274503852943, 46.51927304665233], [6.585198291484789, 46.5193622457798], [6.585163067735618, 46.51943063031074], [6.585146787118573, 46.519478727103554], [6.58513800500532, 46.51956447517072], [6.585083295842876, 46.51963712122247], [6.5850237700071235, 46.51970199423467], [6.584705298047991, 46.51997947639139], [6.584658720617092, 46.52006692796108], [6.584604205590576, 46.52020145976368], [6.584323246476648, 46.52065473789056], [6.584240215377302, 46.52076287643175]]], [[[6.597090737146156, 46.56265593982824], [6.597066867025568, 46.56266026985833], [6.596953091834774, 46.56270243629194], [6.596712468368863, 46.56269417486681], [6.596609346178183, 46.56266790608196], [6.596582821530252, 46.562668491931355], [6.596506418412875, 46.56269359118036], [6.596293691077172, 46.562677079177604], [6.596073133939614, 46.56273778542665], [6.595997556327074, 46.56271662325654], [6.5957552909931625, 46.56276259400761], [6.595725580889767, 46.562785943221115], [6.595656417678755, 46.562795864883064], [6.595583383181298, 46.5627630265387], [6.595536013508978, 46.56275628760234], [6.5955050655902925, 46.56275866674494], [6.5952882520792855, 46.56267807002986], [6.595117009625317, 46.5625607479084], [6.5950307847423355, 46.56254409398617], [6.594878008465267, 46.562431136923315], [6.594855549078008, 46.56239858388536], [6.594838740467131, 46.562364984405406], [6.594825414686722, 46.56232467266603], [6.594756454247382, 46.562297441626384], [6.594662543922313, 46.56218087358045], [6.594644625763326, 46.56217489286245], [6.5945177045391885, 46.562101800526726], [6.594505277877626, 46.56201147692083], [6.594425255537849, 46.561925148781285], [6.59441984682079, 46.56178637057936], [6.594348092304273, 46.561729341195054], [6.5943087656825226, 46.561635318415135], [6.594250277236418, 46.561563993897614], [6.594208723732402, 46.561460589350816], [6.594184166875602, 46.56145464015581], [6.5940674716826955, 46.561369118660096], [6.593985370065129, 46.56136499930922], [6.593897800857959, 46.56131019111143], [6.593893782943945, 46.56129189905589], [6.593898241700705, 46.56121528558113], [6.593756044628034, 46.56119264560436], [6.593727884401512, 46.561183610828174], [6.593633164034504, 46.56102737185351], [6.593611579108196, 46.561014877516875], [6.593499156369565, 46.56101485038434], [6.593436771265197, 46.561001800270375], [6.593404316009663, 46.56092552343448], [6.5933413282275986, 46.56085848316474], [6.593249919303799, 46.56079078155948], [6.593137975610928, 46.5607601706946], [6.593051157798069, 46.56071580299238], [6.592953488559471, 46.56060649244176], [6.592887639536003, 46.56048905319287], [6.592772971597446, 46.560374299650256], [6.592553029428034, 46.56013714298506], [6.592218396218909, 46.559786130686156], [6.590660635614198, 46.55721559237467], [6.590656458969711, 46.5571991880592], [6.5906052609598476, 46.55717082774017], [6.590409162927522, 46.55711834610854], [6.590282120956111, 46.55704489649435], [6.590094853562908, 46.556878589140986], [6.590006262777721, 46.556806506696354], [6.5899688185731975, 46.55679093338521], [6.589878900309006, 46.55674609015277], [6.589848263372638, 46.55672057299928], [6.589781306708371, 46.556566427631715], [6.58972170573932, 46.55649194389066], [6.589594869114141, 46.55644709426542], [6.589434607128776, 46.5562306004312], [6.589442176303363, 46.55609751451455], [6.589447915866623, 46.556080824700345], [6.589371571901258, 46.55597643832791], [6.589391443076472, 46.55590695705623], [6.589349836609958, 46.555799492984406], [6.589224062607441, 46.55567971314761], [6.589172488150916, 46.555517846847216], [6.589100233539237, 46.55546036134829], [6.588397457523594, 46.55338280286103], [6.586315461965836, 46.55184484583734], [6.583863027095044, 46.55187842340785], [6.583883475478221, 46.55195414486553], [6.583876207239132, 46.55198495582986], [6.583898249853039, 46.55201760682498], [6.584089156581194, 46.5522318744967], [6.584136472493083, 46.55224959325137], [6.584234500776339, 46.55244131879913], [6.584272054569326, 46.552490900216974], [6.584263902576292, 46.552536377270975], [6.584323025327274, 46.55268983739094], [6.584479243914733, 46.55288793806305], [6.584472546792352, 46.55298244604167], [6.5843753987591755, 46.553188526882366], [6.58477917564605, 46.553243103677076], [6.584804682451046, 46.55326290712831], [6.584876206421794, 46.553366180786], [6.5847003168807765, 46.55357916353026], [6.584719922730857, 46.553848565021184], [6.585216497302034, 46.554088267695505], [6.585249428766093, 46.554141673689244], [6.585256552816594, 46.55421901256605], [6.5851092582969075, 46.554380096306645], [6.584737163489404, 46.554490397478396], [6.584718730737503, 46.5545097804299], [6.584687586342655, 46.554640349665775], [6.5847197089739025, 46.55481916450094], [6.584761160014383, 46.55488631727155], [6.5846565970474735, 46.554950851671286], [6.584512009227247, 46.55507247111926], [6.584467742182044, 46.55513394143977], [6.584462190607577, 46.55523762489649], [6.584488048336398, 46.55553964847409], [6.584526802800261, 46.55578564219792], [6.58477047308573, 46.55578143892526], [6.584806446677669, 46.55585691701727], [6.58487393496524, 46.55629004815307], [6.584867248919895, 46.55644905830844], [6.584914989934922, 46.556613425669745], [6.58499932276408, 46.556714366737], [6.5850476610654685, 46.556750174786075], [6.5850085671819265, 46.556854775577314], [6.58484916977439, 46.55697331528724], [6.5846027836545025, 46.55713331145259], [6.584596952519735, 46.55740235064665], [6.584624811937959, 46.55746319413067], [6.584834633029832, 46.55757956293992], [6.584947200834751, 46.55769376064692], [6.584938223081186, 46.557815410669505], [6.584956731295789, 46.557997640351765], [6.584998989778107, 46.558079913044914], [6.58500176632141, 46.55811960673996], [6.584943457889724, 46.55827642063816], [6.584925701711553, 46.558351944524055], [6.584977796921889, 46.558439778482075], [6.585057026514213, 46.558691375033334], [6.585076780539943, 46.55881873768444], [6.585095742226408, 46.558865840024914], [6.585116795518882, 46.5590191122949], [6.585127582344654, 46.55903718563187], [6.585311934908444, 46.55914067748895], [6.585404548565329, 46.55928819944797], [6.585371210311352, 46.55938420741489], [6.585333460506828, 46.55952831143207], [6.585414956528756, 46.559562299515214], [6.585492022804704, 46.559645562056005], [6.585470174729019, 46.55976549617772], [6.585405155936768, 46.5598764694545], [6.5852297399872155, 46.560009562168645], [6.585167888989954, 46.56017670383778], [6.585205158030932, 46.56023644836326], [6.585242112151787, 46.56039703700567], [6.585263838823248, 46.5605407785965], [6.5852202732163665, 46.560623665305776], [6.585164025653914, 46.560708516826075], [6.585150640560218, 46.56077976464784], [6.5851492391215345, 46.56081069199583], [6.585178734441771, 46.56085897164664], [6.5854009390602215, 46.56093540024349], [6.585766401442252, 46.561701384940555], [6.585965093648009, 46.56182163440035], [6.585993671275094, 46.561828956018815], [6.5860794916886745, 46.56211810686122], [6.586063964954546, 46.56220113222518], [6.5859784005987745, 46.562424582415154], [6.585914103698412, 46.56255661231512], [6.585929479013024, 46.56267322758536], [6.586035820887432, 46.56281084824678], [6.5860979976956875, 46.56282967622767], [6.586131192270827, 46.562866800845825], [6.586147365567089, 46.563056039032], [6.586025809098404, 46.56325430041141], [6.586110084931611, 46.56336045764142], [6.5862372284055875, 46.56346936577149], [6.586298770143663, 46.56352849142136], [6.586301644051027, 46.56356953528857], [6.586451348351264, 46.56376137686567], [6.586625562246892, 46.564086283769996], [6.5867583791117505, 46.56424831090981], [6.586803814287777, 46.56436946968478], [6.5868925688607565, 46.56443995445979], [6.586919789987888, 46.56444240768848], [6.587106894690885, 46.56447943581029], [6.587463347223615, 46.56481875252663], [6.587502396909471, 46.564914844756196], [6.587700710235149, 46.56503615955881], [6.587959293680223, 46.56518914204204], [6.588030009063272, 46.565220087925475], [6.588210170952841, 46.565326332121], [6.588442349577322, 46.56538204757433], [6.588496845640251, 46.56540017795924], [6.588488646658343, 46.56562277958535], [6.588594087396751, 46.565685821978576], [6.588786103786644, 46.565949864914586], [6.588808301091169, 46.566139039442255], [6.588749927343706, 46.56635901645977], [6.588697016421395, 46.56645559845781], [6.588782001780079, 46.56657534315299], [6.5887748900658725, 46.56682754998263], [6.588805682132135, 46.566893281169314], [6.588951102288237, 46.56694401903851], [6.58920098464524, 46.5672289154848], [6.589337535298075, 46.56742074450334], [6.5892755499794955, 46.56758840920274], [6.589443634319805, 46.567949951716734], [6.589243999232788, 46.56815231051463], [6.5890447125998355, 46.568466763199716], [6.589057713712702, 46.56855241352502], [6.589326973651584, 46.56852546052337], [6.589477265622687, 46.56873124603363], [6.589644321019197, 46.56899176319859], [6.589997454606993, 46.5693974195954], [6.590028401793425, 46.569411954716024], [6.590182760047351, 46.569550209072325], [6.590281880097177, 46.56965917271737], [6.59027795524073, 46.56977618298321], [6.590486472656241, 46.56994614783323], [6.590485607753936, 46.570085131500996], [6.590603542888276, 46.570366682062], [6.590709500659209, 46.57041416321828], [6.590898295589541, 46.570728097629164], [6.590826648263259, 46.57080582887448], [6.590833890936264, 46.57082558445329], [6.591003324195572, 46.57091878953785], [6.591039628332127, 46.57099102946288], [6.590966857732873, 46.57108962342615], [6.590997693084718, 46.57117702595533], [6.591151844173962, 46.57123834255262], [6.591245072189341, 46.57124011783021], [6.591412543641379, 46.571350409287774], [6.591502790488634, 46.571575526440206], [6.5916531313057805, 46.57182252052893], [6.59189379455511, 46.57199803010907], [6.591894534773867, 46.57203402004223], [6.591801939442154, 46.57210744850563], [6.591629000770414, 46.57212182099019], [6.591601694413397, 46.57214949625879], [6.591589248774553, 46.572161197336804], [6.591581237934577, 46.572231982001085], [6.59160520587554, 46.572333996701545], [6.591635585629307, 46.57238068820267], [6.5917926987444035, 46.572489633310774], [6.591859476354419, 46.572552825314204], [6.591995932262336, 46.57256491686158], [6.592126592448958, 46.57258891204515], [6.592287629092556, 46.572755586710514], [6.592447706722015, 46.57283783464472], [6.592482815003609, 46.57286171102628], [6.592497165936776, 46.57289492360738], [6.592515438622003, 46.572915121056816], [6.592449687994146, 46.573036933473844], [6.592435346742312, 46.573115497512255], [6.592449581418083, 46.57318527853099], [6.592464260304978, 46.5732225418086], [6.592489993832032, 46.57326195656294], [6.592506969244528, 46.57334831068333], [6.5925758477266845, 46.57343572625515], [6.592621083845742, 46.573483472717975], [6.592645096968349, 46.573528632107944], [6.592631494753942, 46.57354337435068], [6.592654768700878, 46.573589922673904], [6.592715173730193, 46.573661172028736], [6.592737505696554, 46.573697907557005], [6.592752288280757, 46.57371191670097], [6.592824034099143, 46.57375707174958], [6.59291641987323, 46.57380624888208], [6.593011158838668, 46.57386677856302], [6.593028015220835, 46.573889978992575], [6.593082404101871, 46.573932260780566], [6.593143663889623, 46.57396396934441], [6.593222779010207, 46.57398925276009], [6.593466492208547, 46.574184213262335], [6.5934818751864155, 46.574201555281306], [6.593560201346548, 46.57438066593129], [6.593560211964624, 46.574419169307205], [6.593534491184599, 46.57449139649409], [6.593537587694099, 46.574510266362026], [6.593585534795056, 46.574580792770526], [6.5938136277444235, 46.5747729824537], [6.593837387699565, 46.57478022117104], [6.594032197223934, 46.57490689591729], [6.594048805992635, 46.574904275672], [6.594106092699337, 46.57492821764305], [6.594204290345196, 46.57498467871894], [6.59425888205447, 46.575022463458176], [6.5942970444107045, 46.5750347121046], [6.594337998567751, 46.57508116659166], [6.594374977543789, 46.57513573297603], [6.594370378550356, 46.57519709722295], [6.594415185504655, 46.575251631875275], [6.594536680676917, 46.57533664853705], [6.594548420420323, 46.575353423559264], [6.594646393690579, 46.57542432134019], [6.594711634056212, 46.575498664134514], [6.59491234413791, 46.575536050226134], [6.594954877382216, 46.57556915679347], [6.594998765577032, 46.575632455573974], [6.595053906733185, 46.575727009383094], [6.595139700293838, 46.575784313171276], [6.59523417094428, 46.575816456177975], [6.59537717530724, 46.57591103262119], [6.595467925938268, 46.57594332777577], [6.595508305784839, 46.5759389406756], [6.595627359517446, 46.57597999205627], [6.595796337308122, 46.57608722032431], [6.595880435350803, 46.57616129756662], [6.595934573718623, 46.57623246258884], [6.596047651503248, 46.57627198529684], [6.596118110273286, 46.57631725485156], [6.596210489469978, 46.57645844955795], [6.596286466890038, 46.57653885368892], [6.596355351437712, 46.57657215523708], [6.596483346075035, 46.57668416134485], [6.596521725426095, 46.57669515140911], [6.596772996800394, 46.57679511683846], [6.596839954866722, 46.57683069795361], [6.596952925523702, 46.57686464090645], [6.597004456067259, 46.57687307433918], [6.597097701258816, 46.57691037951135], [6.597200953838746, 46.5769777606927], [6.597210534024121, 46.576995059205096], [6.59725921088075, 46.577018359963986], [6.597262227771588, 46.577026523786145], [6.5972742372044895, 46.577034439344814], [6.597384589823938, 46.577056433682046], [6.597559382249029, 46.57709902058875], [6.597674082270509, 46.57713171603089], [6.597758487597042, 46.57716454711026], [6.597872853087613, 46.577255624748105], [6.597944997326848, 46.57734782898512], [6.597971118457361, 46.57739205822367], [6.598004421359754, 46.577428334074426], [6.598039499147312, 46.57746205917324], [6.598069367467609, 46.5774709167756], [6.598130471764053, 46.57753569111647], [6.598191038447587, 46.577550353181515], [6.598297002614768, 46.57752329446269], [6.598317449051678, 46.57752560481758], [6.598358953143902, 46.57754125024346], [6.598397037005733, 46.577579675484905], [6.598442158396945, 46.577600970250224], [6.598584503874931, 46.577650503243596], [6.598694867784785, 46.57769369111984], [6.598789614382983, 46.57773779796265], [6.5988976912748365, 46.57780894656991], [6.598905735685088, 46.577842831340334], [6.5988555271077685, 46.5780261603479], [6.598824799461848, 46.578118682871775], [6.5988519591809816, 46.57820106302854], [6.598980573648742, 46.57832831914138], [6.599062743423329, 46.578392663949884], [6.599089986816107, 46.578394169788595], [6.599153468005824, 46.57842787962588], [6.599224259716156, 46.57849402931405], [6.59923098450537, 46.57854400735885], [6.5991952589614415, 46.57859718011389], [6.599182251040982, 46.578649261371886], [6.599192368853552, 46.57869917449516], [6.599233670834493, 46.57881602416609], [6.599246404146622, 46.578840362722744], [6.599302278834005, 46.57888841000807], [6.599329147875965, 46.57894843258794], [6.599363951190146, 46.57910989973835], [6.59937249324446, 46.57913110366538], [6.599418883864852, 46.57918920135423], [6.599463888205043, 46.57922317937045], [6.599505056399523, 46.57923535839204], [6.599539326355188, 46.579250680043224], [6.5995500244444285, 46.57924648594611], [6.5996145439691745, 46.57924619795659], [6.5996604550041, 46.57923862059765], [6.599708686687155, 46.57925382045072], [6.599822317986868, 46.579312864487186], [6.599989241589708, 46.57942839259111], [6.600065307973711, 46.57946588325257], [6.600142355071038, 46.57951584068401], [6.600164363642, 46.579546994700976], [6.600230106519914, 46.579599027778336], [6.600308450604989, 46.57964445145975], [6.600440217448418, 46.57975145194557], [6.6005130689454, 46.57985490487222], [6.600546773595275, 46.579889041896394], [6.600638314857366, 46.57996684975124], [6.600667868626223, 46.58002718867605], [6.600683326078168, 46.580082025980246], [6.600699465336091, 46.58011562854523], [6.600742518385222, 46.58015185859112], [6.600835219298606, 46.58019701912649], [6.600929865657672, 46.5802210711624], [6.60100439167661, 46.58026041201204], [6.601082744809379, 46.58031461556977], [6.601091561475945, 46.58032826468551], [6.601128515099579, 46.58035148621263], [6.6011278914826175, 46.580391694128274], [6.601169225608953, 46.58041008109213], [6.601232439032747, 46.58047307001446], [6.601305890957379, 46.580582554198905], [6.601342403426891, 46.58060900201721], [6.601513976113359, 46.58067674803895], [6.601792582209738, 46.58084154063195], [6.601835912728803, 46.58085742312233], [6.601872463512259, 46.58089826476165], [6.60183008054752, 46.58094752095731], [6.601806679539868, 46.581085258646134], [6.601795406068763, 46.581088684055715], [6.601813645557523, 46.58115772845857], [6.601852556463537, 46.58118941151541], [6.601917100083568, 46.58126770315461], [6.60203841171192, 46.581277772871964], [6.602101041650573, 46.58125223564739], [6.602168898621252, 46.58125984223622], [6.602329599808446, 46.58138022381619], [6.602390183050671, 46.581394163986126], [6.602672841225517, 46.5814746007627], [6.602760866239248, 46.58157006745293], [6.602795473783401, 46.581584805834666], [6.6029781066077, 46.58158650973468], [6.603089118175676, 46.58154558465957], [6.603153357150422, 46.58153409252187], [6.603253328576793, 46.58161643144745], [6.603297309251183, 46.58164095432775], [6.6034075672108585, 46.58159813428356], [6.6035030958585885, 46.58148692571149], [6.603528028491995, 46.58147766312001], [6.603629105157975, 46.58148011544745], [6.603698296796476, 46.58143519391986], [6.603747846311911, 46.58135270429023], [6.603780560301159, 46.58134646760282], [6.603967660456355, 46.58137141262889], [6.604003715386162, 46.581402264483984], [6.604031924143543, 46.581408948983245], [6.604057926493643, 46.58140644122205], [6.6040988716963795, 46.58139945529337], [6.604320087518934, 46.58130212353158], [6.604420513981841, 46.58126219900194], [6.604502845580623, 46.58123653515196], [6.6048669062598915, 46.581191079471566], [6.605013107559356, 46.58118621530134], [6.605049369807094, 46.5811952076528], [6.60511232649699, 46.58124136981049], [6.605143876977473, 46.581276686101525], [6.605227040613509, 46.58130698343191], [6.605338194182073, 46.58129052660916], [6.605425555831019, 46.581244091010845], [6.6055451585699485, 46.581228811536555], [6.605582448620002, 46.581227006985465], [6.6057924664904295, 46.581267581358325], [6.60590805073926, 46.581263292109], [6.605984107309516, 46.58126969722453], [6.606146110237554, 46.5812537294068], [6.606276855645336, 46.581221474264474], [6.6063907114982054, 46.58117779611766], [6.606612285296456, 46.58107554200392], [6.606844939735347, 46.58095858806454], [6.607334875699004, 46.58070195511201], [6.607486701454659, 46.580629946287445], [6.607676283058161, 46.580580910646084], [6.607823130517398, 46.58055173123197], [6.608043595119376, 46.58054244059026], [6.608123964979126, 46.58053556164233], [6.608254077235928, 46.580536648004106], [6.608402147711686, 46.580543299173925], [6.608465087551419, 46.58052705372753], [6.608517997342731, 46.58050550788185], [6.608538050741491, 46.580486807684686], [6.608841038816422, 46.58030159784798], [6.608947835742236, 46.58026278630554], [6.609095472022302, 46.580149038971996], [6.609151018046339, 46.580145243531206], [6.609206225917811, 46.58015666695192], [6.609295575755845, 46.58020045562931], [6.609333704766758, 46.58023656546671], [6.609341431403167, 46.580277149218894], [6.609327130860957, 46.58035029085503], [6.609360598153312, 46.58040111117688], [6.609408028377696, 46.58041776741561], [6.6094947991412205, 46.580409494866494], [6.609577871021716, 46.580368512495866], [6.609751286793238, 46.58024455299729], [6.609916452239467, 46.58013870507856], [6.6100257990763875, 46.58011560037119], [6.610151687615236, 46.580147861140375], [6.610169949572072, 46.58021612180403], [6.610195921501868, 46.5802861207751], [6.610277951667079, 46.58040059139404], [6.6103221641870755, 46.58042119999921], [6.610418269964491, 46.58042950263542], [6.61049544398698, 46.58042595426613], [6.610591713688874, 46.58046865888306], [6.610716773919211, 46.58054480478904], [6.610898383232694, 46.58061475067259], [6.611175150274722, 46.58069533018878], [6.611275461411462, 46.580737451956516], [6.6112998890136705, 46.58078488634471], [6.6112004999253875, 46.58083328988], [6.61106584523538, 46.58085017502251], [6.611039363518092, 46.58090272602192], [6.611121988431223, 46.58095728660181], [6.611321012939668, 46.58096875820773], [6.611713805022377, 46.580998472203326], [6.611800682104356, 46.58104037875861], [6.611863556287977, 46.58103946008365], [6.611905260036374, 46.58103482485647], [6.6119180279222665, 46.58102748706947], [6.61193902199976, 46.58097625432891], [6.612012763849857, 46.58091058903834], [6.61208059471729, 46.58091399748012], [6.612202920509129, 46.58095078205603], [6.612546470423999, 46.58100544976965], [6.612869237535622, 46.5811061691808], [6.613045667244663, 46.581168733107745], [6.613156244203977, 46.58118810481975], [6.613247387363025, 46.58117635278321], [6.613301933289156, 46.581134755629265], [6.613393643785692, 46.581104655632146], [6.613451830367453, 46.581121055347026], [6.613515793976329, 46.5811760632364], [6.613561861473056, 46.58125129023924], [6.613699207319753, 46.581411824318565], [6.613800097350519, 46.58147348749079], [6.613945128507252, 46.58150678266609], [6.61409604909554, 46.58148506442311], [6.614149086452874, 46.58148157219392], [6.614236321585666, 46.58150361609697], [6.614283490775808, 46.58152727635959], [6.614371526295637, 46.581591769479374], [6.614430408796118, 46.58167033675135], [6.6144554676718155, 46.5817552616504], [6.614550217635626, 46.58179702527238], [6.614676563680953, 46.58179973218988], [6.614810327821997, 46.58178571520089], [6.614964078188167, 46.58175556910178], [6.615354478134044, 46.581641459997655], [6.615422789913424, 46.581638212800556], [6.615572855709393, 46.5816674222029], [6.61571975765364, 46.58170990461266], [6.615891956060564, 46.581745679226024], [6.616050614587934, 46.581733307441326], [6.616188367131051, 46.58171523347588], [6.616303259604728, 46.581707537211685], [6.61642233958336, 46.5817041622601], [6.616531044104181, 46.581683844408914], [6.616560706237635, 46.5816783016627], [6.6166962961771985, 46.58169085204744], [6.616799659657449, 46.58173085923292], [6.617065876581914, 46.58163712111655], [6.617129748940644, 46.581598945381124], [6.6172034815196685, 46.581602987015245], [6.61732693804856, 46.58164296806892], [6.617433076860772, 46.5816265978269], [6.617656323274656, 46.581531477249925], [6.617866902065983, 46.581523787452674], [6.617959526102495, 46.58155276738108], [6.618082722424784, 46.5815712538774], [6.618313013988315, 46.58156193333088], [6.618580990176143, 46.58157892811589], [6.618763710375593, 46.581622996619714], [6.6188786281690914, 46.58162906192143], [6.619025359170567, 46.581610770526396], [6.619188699434158, 46.58164574746523], [6.61923442904471, 46.58165007171034], [6.619320692966221, 46.58163137049642], [6.619423505078206, 46.58153755458083], [6.619455621968023, 46.581521539357254], [6.6195250746259084, 46.581502401906135], [6.6196487215809645, 46.581516149010326], [6.6197140776783625, 46.58156667442047], [6.619791919617714, 46.58165077314798], [6.619831260708461, 46.58176234709905], [6.619897119436757, 46.581851172260414], [6.620055760894778, 46.58182611030725], [6.620202730318226, 46.581769720883514], [6.620233857293142, 46.58175445406308], [6.620282517155864, 46.58168769419563], [6.620331118952312, 46.58159634764322], [6.62047117093406, 46.58158052507535], [6.62050621730424, 46.58155714491916], [6.620524287389011, 46.58143832024679], [6.620414214840334, 46.58130281132796], [6.620267726843144, 46.58120617283947], [6.620262941038846, 46.58118965758669], [6.620333385024892, 46.58111280806147], [6.62051249926979, 46.58117441711595], [6.620536368725373, 46.581157622519136], [6.620668426864233, 46.58096146112146], [6.620874905893666, 46.580757379306725], [6.620973334759745, 46.58072182483056], [6.621061793324422, 46.58078466042277], [6.621142752145516, 46.58096973444381], [6.621189765685594, 46.581044344332184], [6.621312224833445, 46.58113049047057], [6.621381418345846, 46.58113615210057], [6.621451015804423, 46.58105306163897], [6.621550160576804, 46.58101591068328], [6.621622524928443, 46.58094306834784], [6.621693365668301, 46.580895035237], [6.621811401670945, 46.580938102825364], [6.621853311038342, 46.58093964570109], [6.621857559922725, 46.58092096452352], [6.6220208538216925, 46.5808028421395], [6.622037724396839, 46.5807794837259], [6.622005807171191, 46.58068834908412], [6.621959998824638, 46.58065736122663], [6.621965384699184, 46.58056436274688], [6.622009952582667, 46.58046343264543], [6.622097820679705, 46.58042732452959], [6.622425125335213, 46.580448874958606], [6.622599931932474, 46.580484739001], [6.62271354789317, 46.580429177051506], [6.622741084536078, 46.58036734709339], [6.622828184982823, 46.58032156225117], [6.622870943636466, 46.580188287219094], [6.622944285372521, 46.58009461661122], [6.623085053685823, 46.580030181060806], [6.623186194493392, 46.5800221990053], [6.623313011931196, 46.579999467607976], [6.6234247727248174, 46.57989470122119], [6.623497204139012, 46.57990616935032], [6.623600495627503, 46.57996659053721], [6.623654390309178, 46.57995974448691], [6.623686640595296, 46.579933014716545], [6.623751900061003, 46.5798448268955], [6.623861184393216, 46.57974847165629], [6.624027500607207, 46.57965087924873], [6.624065670502224, 46.579473022322475], [6.624155892524195, 46.57938012846969], [6.624257083682696, 46.57936612762951], [6.624436769062157, 46.57947888621834], [6.624548366530058, 46.57948771073436], [6.6248308826181646, 46.57945612642743], [6.624884568846696, 46.57938169093109], [6.625045750401716, 46.579298237902776], [6.62510669411142, 46.579294536271846], [6.625107475969834, 46.57932057645959], [6.625079443825894, 46.57939386447179], [6.625090203845483, 46.57942959299204], [6.625183368854732, 46.57944433023568], [6.6253557624449995, 46.57944453934843], [6.625459470726687, 46.57939332978674], [6.625508695985, 46.579299718642964], [6.6255834902964565, 46.57918455576547], [6.625883438327817, 46.57909202853248], [6.6259503075663195, 46.5791522857089], [6.625904214319489, 46.57924244731345], [6.6260703740862, 46.57924418497939], [6.626159154121482, 46.579035311233206], [6.626335531833653, 46.578974401340226], [6.626381007187565, 46.578946074162346], [6.626395446672995, 46.57889336165414], [6.626334023249345, 46.57884660171504], [6.626325522863519, 46.578801983456664], [6.6263890485928805, 46.57877490094296], [6.626572189797847, 46.57874737829073], [6.626625093751055, 46.5787342984718], [6.626827624418899, 46.57874650573813], [6.62700114949461, 46.578816242064185], [6.627094163297438, 46.57878457493196], [6.627200947168004, 46.57876117459143], [6.627369557348113, 46.57878120796462], [6.627584936614062, 46.57886132697127], [6.62781866589298, 46.5789297376798], [6.627924277331833, 46.57891838297549], [6.628164149046009, 46.57893050359743], [6.628354413690455, 46.57892294627352], [6.628472150207918, 46.57893298922563], [6.628611937618694, 46.57892286727377], [6.628722648152286, 46.57894468967749], [6.628817542433265, 46.57899549241884], [6.628898863703198, 46.57906228325947], [6.629000186152067, 46.579111620375826], [6.629106563593652, 46.579152735027364], [6.629170673351887, 46.57912839888789], [6.629171765782122, 46.57906510151056], [6.629186711506838, 46.57902456390821], [6.629258014210714, 46.57896336821038], [6.629287245384944, 46.578948957936475], [6.629308174144556, 46.57890354215596], [6.629352896586364, 46.57886266796065], [6.629454271202472, 46.57881886004076], [6.629695628074763, 46.57873445146344], [6.629895247673576, 46.578627479846276], [6.6299790218987855, 46.5786359390163], [6.62985862283544, 46.57853891433066], [6.629825593554597, 46.57854038823643], [6.629835178865804, 46.578430884471786], [6.629833584300092, 46.57841539987107], [6.629822593421173, 46.57840011828594], [6.629828433697107, 46.57836732445167], [6.629842030664443, 46.578339263564956], [6.62987085980728, 46.57833946889515], [6.629925947953478, 46.57834597853097], [6.629944909047507, 46.57833432876292], [6.6299472708640845, 46.57827245283155], [6.629921745428676, 46.57824330378689], [6.629887643637702, 46.57822929696803], [6.62987527331676, 46.57820159100313], [6.629890739913942, 46.57816193864043], [6.629945760544563, 46.578120678791336], [6.629925336373338, 46.578081940332325], [6.629926536969822, 46.57804533504799], [6.629958142804317, 46.577999500287504], [6.629913678221265, 46.577928294919936], [6.6299622265069456, 46.57786620809168], [6.629891111777905, 46.577840962486285], [6.629883697418332, 46.577804655590384], [6.629873757757622, 46.57769132459865], [6.6298522747663045, 46.577663193968874], [6.629814453985154, 46.577636206348785], [6.629834611135917, 46.577596947204995], [6.629900476003332, 46.5775624216683], [6.629861971247075, 46.57752013601542], [6.629871539940309, 46.577491866608234], [6.629911921835731, 46.57744366551304], [6.629839741546109, 46.577411215587574], [6.629821620498474, 46.57735809993264], [6.629829289080171, 46.57730687707282], [6.629778271895226, 46.57715060327837], [6.6297105929791265, 46.577078962577914], [6.629764066224296, 46.57701987958943], [6.629837218807769, 46.57698738518446], [6.629904705100444, 46.57697608103844], [6.62993494191972, 46.576960643245975], [6.629942167435079, 46.576913735405455], [6.629898898302463, 46.57687600369564], [6.629896224088197, 46.576854214209206], [6.629914451004568, 46.57682186838386], [6.6299135408254735, 46.5767772415078], [6.629900666782031, 46.57673963628522], [6.629856064905817, 46.57671251050908], [6.629863209118402, 46.57668845202009], [6.629891887078322, 46.57666472689956], [6.629991795839008, 46.57660525511073], [6.629998251541564, 46.576574894380585], [6.630022284101342, 46.57653728193586], [6.6300170683771755, 46.57651097641912], [6.629948462205939, 46.576467306874065], [6.629918691513271, 46.57643335997477], [6.629911332219087, 46.57639426482467], [6.629865810761048, 46.576367582274436], [6.629780121621438, 46.57634870969013], [6.629756036376793, 46.57631057482655], [6.629786031622441, 46.576267697443384], [6.629779925018162, 46.57622249389635], [6.629760835591099, 46.57619833836861], [6.629709708068858, 46.57615488311939], [6.6296855546693045, 46.5761204361381], [6.629718500953921, 46.575984201003045], [6.629753914971776, 46.57595404645499], [6.6298176689232795, 46.575965385775724], [6.629868504987427, 46.57593336226031], [6.6298811497176935, 46.575890451247794], [6.629942442777409, 46.57579606944246], [6.629949405270806, 46.575775428265146], [6.629950129381488, 46.57575321326198], [6.629918982430406, 46.57573364996748], [6.629881627123899, 46.57569308139705], [6.629871505038291, 46.57564596000119], [6.629838697450121, 46.575624045868146], [6.629833589639771, 46.57559054419736], [6.62980365701891, 46.57557701694476], [6.62974490132941, 46.57558910296856], [6.629710556520796, 46.575574014788046], [6.629693528511414, 46.57555248297561], [6.629710594342717, 46.57552795547071], [6.629734685032077, 46.57550473727011], [6.629722512568182, 46.575455163336876], [6.62968753187084, 46.575438991182956], [6.6296167246438555, 46.57544568345636], [6.62959198415793, 46.57543390229977], [6.629590287658474, 46.57541652787051], [6.6296048844856745, 46.575391352982834], [6.629603467520204, 46.57533790639983], [6.629614473459284, 46.57532602017897], [6.629605873089416, 46.57530796697536], [6.629577918509502, 46.57530174044745], [6.629541248468864, 46.575302558892034], [6.62952362705552, 46.57529451679771], [6.629520727064614, 46.57528693943195], [6.629524803194862, 46.575241268516095], [6.629510309981672, 46.57522470244737], [6.629464337621705, 46.575202064568785], [6.629432969379355, 46.57511026164052], [6.629319786414148, 46.57498494969553], [6.629314668871786, 46.574934715298035], [6.629327226735814, 46.57491501331238], [6.629273808802183, 46.57489304191995], [6.62920595971178, 46.57485909304587], [6.629161428737655, 46.5748534679601], [6.6291421468822485, 46.574843075023644], [6.629161421057904, 46.57481046677639], [6.6291960032701205, 46.57479227150046], [6.629201533644548, 46.574771440031185], [6.629196766122122, 46.57475008553932], [6.629096069942831, 46.5747317354583], [6.629066486791571, 46.57470363675037], [6.629027637674123, 46.574693194219286], [6.629001590881027, 46.574707672244], [6.628968853117761, 46.57470725878979], [6.628941480016788, 46.57469707797237], [6.628900714323985, 46.57470137575105], [6.628870262993865, 46.57468766404303], [6.628888514054975, 46.57465369923397], [6.628970605479039, 46.57458168645215], [6.628950557767903, 46.57456148244468], [6.628909210143807, 46.57455237138585], [6.628883315933019, 46.57458277343754], [6.6288483494392985, 46.57456570135743], [6.628794714844373, 46.57450603506702], [6.628767140225842, 46.57446580591002], [6.628751186573214, 46.57445966474782], [6.628710235890461, 46.57447628522124], [6.62869619295566, 46.574473216332336], [6.628685688951691, 46.57445164085157], [6.628708484215964, 46.574418248148], [6.628749928745683, 46.57439479426922], [6.628753662814255, 46.57437197092392], [6.628727750691643, 46.57432527645015], [6.628676053272559, 46.574284335663016], [6.628635402313781, 46.5742027032504], [6.628632175885632, 46.574182987978425], [6.62864286421933, 46.57414878017163], [6.628604144103498, 46.574121075037475], [6.628578009299699, 46.574124028166956], [6.628522779842979, 46.57402288740951], [6.628451674243157, 46.57396263735979], [6.628425402713647, 46.573931242747996], [6.628498609986677, 46.5738948721608], [6.628539074134087, 46.57384110387574], [6.628547663742475, 46.57364244239238], [6.628333265147463, 46.573150538399986], [6.628130235288264, 46.572822703738495], [6.627845235716563, 46.5724217843879], [6.627633997365589, 46.572211810326955], [6.627076064153964, 46.571705421292336], [6.626613584086253, 46.571318163279805], [6.6259733440342075, 46.570880395723826], [6.625696834883111, 46.57070399157514], [6.625429841477726, 46.57054981235325], [6.625363781982107, 46.57060889300688], [6.624821570281088, 46.5703385087787], [6.6245241693331405, 46.57000643711885], [6.624091559426452, 46.56962744278083], [6.623767252732828, 46.56923686363609], [6.623537899982732, 46.56885391924205], [6.622896792884691, 46.568314741548356], [6.622671181833482, 46.56812078421674], [6.6222544379116055, 46.56788568027729], [6.621907282750893, 46.56784659653371], [6.621842750510017, 46.567846051195104], [6.621669185432233, 46.56782051281202], [6.621604980166352, 46.56782939760874], [6.621541442525442, 46.567799325213976], [6.621401590913679, 46.56769822771717], [6.621344950759643, 46.56766575786683], [6.621285299543779, 46.56761763083771], [6.621154705428361, 46.56755648871523], [6.6209546793864265, 46.56751262235594], [6.620885164251134, 46.56751986706824], [6.620713009710559, 46.567505501464346], [6.62062336698208, 46.567447379643994], [6.620492463678154, 46.567417927899946], [6.620402305084281, 46.567402488454896], [6.620312777721339, 46.567335056107524], [6.620002297679467, 46.56727586360344], [6.619869580865779, 46.56724304237536], [6.619723547989169, 46.56719207900625], [6.619605938140668, 46.567154814380416], [6.619516128269502, 46.56711127318394], [6.619355390789877, 46.567058071126105], [6.619302415556858, 46.567025752788666], [6.619256456625221, 46.56703392241704], [6.619190129738291, 46.56699354611252], [6.619132750641525, 46.56698069038854], [6.618909720506994, 46.56695568136046], [6.618821224720572, 46.566922728481764], [6.618735977654409, 46.566826142826315], [6.618636920385003, 46.566762032012534], [6.618525699781077, 46.56669495461015], [6.6184478524612205, 46.566683192224865], [6.6184124014252195, 46.5666564966983], [6.618337487811504, 46.56666283735871], [6.618306600083298, 46.56664658338072], [6.618273399092388, 46.566583379681866], [6.618213388477875, 46.56651281247602], [6.61817363809382, 46.56642827708566], [6.618073802829888, 46.566308968319994], [6.618017324468902, 46.566264380762874], [6.6179364924822215, 46.56620786766826], [6.617866398475716, 46.566175172602826], [6.6178548075047035, 46.56612508857814], [6.617814916606944, 46.56609361972311], [6.617689172035136, 46.56609407792463], [6.617535102435682, 46.5665000363328], [6.617413941294122, 46.5666965337444], [6.617433356697049, 46.56705894549722], [6.617398600423581, 46.56781868266749], [6.6153766758426995, 46.568178994409095], [6.613213992794789, 46.568059747930626], [6.612363893698151, 46.56791708555573], [6.612023309932966, 46.56793484761493], [6.612064707355559, 46.568853837065284], [6.612105195353798, 46.56920929689275], [6.6114822174152, 46.56936210105363], [6.608929979411569, 46.56935434476322], [6.6078123457340645, 46.56955785870521], [6.6075848434889055, 46.569576435002055], [6.607276266403129, 46.56947162067011], [6.604930872759216, 46.56947348628507], [6.604701097457613, 46.56952010781902], [6.600722415770484, 46.56976234632352], [6.600615475437754, 46.568564636171985], [6.600413416691113, 46.56833824268042], [6.6004469864591035, 46.56828478377782], [6.599795256910643, 46.56737137442769], [6.599520813203, 46.5674136975553], [6.598933699525419, 46.56743247681847], [6.598198593819972, 46.56757261106961], [6.59709302004795, 46.567739314931174], [6.596830754551431, 46.56714227902762], [6.59646649244714, 46.566811399682074], [6.596275240905087, 46.566361893699394], [6.596251557996827, 46.56626545962441], [6.596123814060697, 46.5661766197697], [6.595848470590508, 46.5659256529886], [6.595835125745369, 46.56593661915954], [6.595780077713663, 46.56586172270257], [6.595654580464025, 46.56578783261053], [6.595630725393064, 46.56577856942223], [6.595538573382262, 46.565707625733985], [6.595557448281235, 46.565659906515734], [6.595480259106262, 46.565591340807], [6.595438918816824, 46.56556584478759], [6.595358369034276, 46.56554545498453], [6.59532886078204, 46.56556411857875], [6.595227176466205, 46.5655440307541], [6.595147456476873, 46.56554568753665], [6.595126634744465, 46.56550089429175], [6.595127509660854, 46.56545322144094], [6.595331811301499, 46.56509111690419], [6.595632853765251, 46.56461430140057], [6.595852438875283, 46.56430879586019], [6.595983907105813, 46.56410843921293], [6.596112255481778, 46.563949162491255], [6.596234551782469, 46.563826643658246], [6.596361950449896, 46.563719815856565], [6.596400700002912, 46.56366882551803], [6.596360397498568, 46.56354337252438], [6.596358954694416, 46.56349370326773], [6.5963889258989665, 46.56331976056013], [6.596477966088724, 46.56313833918456], [6.596540418947144, 46.56308113713489], [6.596848225769773, 46.562922019493094], [6.596966937806137, 46.56281998372801], [6.597041155769001, 46.562710781295245], [6.597090737146156, 46.56265593982824]]]]}}]}