{
  "type": "FeatureCollection",
  "features": [
    {
      "type": "Feature",
      "properties": {
        "bfs_nummer": 5675,
        "segment_length_m": 0.3816308643755973
      },
      "geometry": {
        "type": "LineString",
        "coordinates": [
          [
            6.817483969235806,
            46.733286800989944
          ],
          [
            6.820877509722869,
            46.73409906571091
          ],
          [
            6.820856712187584,
            46.7341327858036
          ],
          [
            6.821666059826148,
            46.734326336634886
          ],
          [
            6.824477613475477,
            46.73466947664252
          ],
          [
            6.824612922756107,
            46.73470187140046
          ],
          [
            6.82474467668922,
            46.734724801315465
          ],
          [
            6.827271498086737,
            46.73475013696981
          ],
          [
            6.82821641028193,
            46.73546421374482
          ],
          [
            6.828286534075534,
            46.735464769594245
          ],
          [
            6.828359565922552,
            46.73547425574776
          ],
          [
            6.828389867171819,
            46.73550321346434
          ],
          [
            6.8302814257117115,
            46.73467840739949
          ],
          [
            6.830383722904455,
            46.73466841996924
          ],
          [
            6.831150759752911,
            46.73489442161515
          ],
          [
            6.831643088402575,
            46.73508145068659
          ],
          [
            6.83177190824147,
            46.73509805081908
          ],
          [
            6.832562533821386,
            46.73501967256994
          ],
          [
            6.8326820820892635,
            46.73497542026096
          ],
          [
            6.83358474104993,
            46.7341824716044
          ],
          [
            6.833711130523288,
            46.7340903883686
          ],
          [
            6.833720964335928,
            46.73404078425501
          ],
          [
            6.834312161596641,
            46.733777371761846
          ],
          [
            6.834491630232423,
            46.73363970023859
          ],
          [
            6.835177184348007,
            46.73334997672075
          ],
          [
            6.8360921545860585,
            46.73350961213529
          ],
          [
            6.836373063865475,
            46.733392085163295
          ],
          [
            6.836672979010277,
            46.7333052524274
          ],
          [
            6.836745780610318,
            46.73321819897394
          ],
          [
            6.836827692175076,
            46.73307694946225
          ],
          [
            6.8369257361506435,
            46.73303741875691
          ],
          [
            6.837409464825567,
            46.73295217614278
          ],
          [
            6.837648779221194,
            46.73289181005278
          ],
          [
            6.837869700204315,
            46.73280310885273
          ],
          [
            6.838430265821697,
            46.73251468533298
          ],
          [
            6.8385438074029485,
            46.732456721766816
          ],
          [
            6.838794971638905,
            46.73231888167841
          ],
          [
            6.840148043529755,
            46.731541639484
          ],
          [
            6.8401139403212365,
            46.73151420317997
          ],
          [
            6.842953536434995,
            46.72988435645167
          ],
          [
            6.843120852859737,
            46.729767019159375
          ],
          [
            6.8431627255210214,
            46.72978990739375
          ],
          [
            6.8433001957404525,
            46.72965047317108
          ],
          [
            6.843587806374313,
            46.7292903672008
          ],
          [
            6.843686019556874,
            46.72919894433566
          ],
          [
            6.8437646106793,
            46.72914286196433
          ],
          [
            6.8438959795082654,
            46.729140930615834
          ],
          [
            6.843967605089251,
            46.72908652090018
          ],
          [
            6.844179036811869,
            46.729215004488296
          ],
          [
            6.846329888123991,
            46.72747744034627
          ],
          [
            6.8472306862851395,
            46.72789681721068
          ],
          [
            6.851683876292536,
            46.72651954893113
          ],
          [
            6.851995788775107,
            46.72641957729615
          ],
          [
            6.852032503839831,
            46.72641167036884
          ],
          [
            6.854573728128382,
            46.72614729223455
          ],
          [
            6.857204867262729,
            46.72602057337667
          ],
          [
            6.8582097728777764,
            46.72582769756308
          ],
          [
            6.858698552736694,
            46.72572457934042
          ],
          [
            6.8598115134221604,
            46.725481864003235
          ],
          [
            6.859685263820836,
            46.7253857775122
          ],
          [
            6.859658167310303,
            46.72535216667359
          ],
          [
            6.8618670252493805,
            46.72458568429321
          ],
          [
            6.8633300068123075,
            46.724073217605714
          ],
          [
            6.862529395500753,
            46.72340511433084
          ],
          [
            6.862575847150779,
            46.72337935185651
          ],
          [
            6.8614185173407,
            46.722420690504634
          ],
          [
            6.8611521220427845,
            46.7221578340384
          ],
          [
            6.862239929707317,
            46.7216908667059
          ],
          [
            6.861878549096209,
            46.72134566992422
          ],
          [
            6.861919490393247,
            46.721016085809914
          ],
          [
            6.8612772345341995,
            46.720431347110704
          ],
          [
            6.86115898626531,
            46.720358421710195
          ],
          [
            6.860867575747722,
            46.72010083496093
          ],
          [
            6.8608513711505985,
            46.72011163750455
          ],
          [
            6.860640379424851,
            46.7199052841318
          ],
          [
            6.860662600545134,
            46.71989451217169
          ],
          [
            6.860410393172698,
            46.71966518990558
          ],
          [
            6.860632575686902,
            46.71953569180323
          ],
          [
            6.860610500316796,
            46.71949635840038
          ],
          [
            6.860119859948686,
            46.718584201365076
          ],
          [
            6.8601139350974885,
            46.71856348111516
          ],
          [
            6.860105903611919,
            46.71836148659857
          ],
          [
            6.860046548963199,
            46.71801816943434
          ],
          [
            6.859945511104424,
            46.71781714133712
          ],
          [
            6.859549779650695,
            46.71732530297454
          ],
          [
            6.859377416085626,
            46.716812470847096
          ],
          [
            6.8584945797166155,
            46.71609417308471
          ],
          [
            6.85821173893883,
            46.71583356439143
          ],
          [
            6.857950093823832,
            46.71551188327234
          ],
          [
            6.857690199468243,
            46.71531913705234
          ],
          [
            6.856985884782311,
            46.714980907875656
          ],
          [
            6.856593777095503,
            46.71466639195438
          ],
          [
            6.855971291512269,
            46.714019464043375
          ],
          [
            6.855756306914307,
            46.713823425914455
          ],
          [
            6.8555845445613555,
            46.71363381586727
          ],
          [
            6.855442093942916,
            46.71352738625183
          ],
          [
            6.855128482777898,
            46.71334749251198
          ],
          [
            6.854904816650681,
            46.71324100558505
          ],
          [
            6.8548567237689495,
            46.71320027814931
          ],
          [
            6.854650617076496,
            46.71292314202971
          ],
          [
            6.854597853090982,
            46.7128320144782
          ],
          [
            6.854451652304917,
            46.71255328730872
          ],
          [
            6.854327122487328,
            46.71233854982208
          ],
          [
            6.854143324956331,
            46.71207664008736
          ],
          [
            6.8540068409482116,
            46.71180677801724
          ],
          [
            6.85386434548931,
            46.711548669273874
          ],
          [
            6.853768325012797,
            46.711431960080574
          ],
          [
            6.853176140880755,
            46.71079398786543
          ],
          [
            6.852722650452301,
            46.71027233970293
          ],
          [
            6.852087441371223,
            46.709578987295764
          ],
          [
            6.851856114461341,
            46.709337428905386
          ],
          [
            6.851749002407046,
            46.709218042990834
          ],
          [
            6.851583149444889,
            46.70902881698259
          ],
          [
            6.8509541804687055,
            46.7082552663163
          ],
          [
            6.850844374594649,
            46.70813145769798
          ],
          [
            6.850720207922168,
            46.708006675201
          ],
          [
            6.850578422713712,
            46.7078894478838
          ],
          [
            6.85043568039314,
            46.707788065911394
          ],
          [
            6.84999265077944,
            46.70749611249886
          ],
          [
            6.849854882680741,
            46.70739447664823
          ],
          [
            6.84972490010904,
            46.70728648495747
          ],
          [
            6.849601503462122,
            46.70717420925682
          ],
          [
            6.849487657960085,
            46.70706153308388
          ],
          [
            6.84938549020439,
            46.70694531897461
          ],
          [
            6.849075367105634,
            46.70656922034225
          ],
          [
            6.849033845829191,
            46.706515660522086
          ],
          [
            6.848942487505674,
            46.70637980135775
          ],
          [
            6.848543354164097,
            46.705688929035226
          ],
          [
            6.848440696093879,
            46.70552242535396
          ],
          [
            6.8482844823279105,
            46.70530292873432
          ],
          [
            6.847934647473542,
            46.704781609585474
          ],
          [
            6.847643521522585,
            46.70427318827607
          ],
          [
            6.847518129466484,
            46.70403280060865
          ],
          [
            6.84746629500931,
            46.70395417846547
          ],
          [
            6.847353496930003,
            46.70384240508099
          ],
          [
            6.847139853475841,
            46.70369746186361
          ],
          [
            6.84703772260888,
            46.70372175912288
          ],
          [
            6.846826995107495,
            46.70372804877944
          ],
          [
            6.846706476260204,
            46.70375971656193
          ],
          [
            6.846608051157477,
            46.703803733376084
          ],
          [
            6.846495847121461,
            46.70386406862942
          ],
          [
            6.846372636161677,
            46.70387890002589
          ],
          [
            6.846213240499383,
            46.70387969846008
          ],
          [
            6.846033887019041,
            46.70392239381952
          ],
          [
            6.845913853623745,
            46.70396927508525
          ],
          [
            6.845854620046812,
            46.703897810240974
          ],
          [
            6.845594961365694,
            46.70402510521611
          ],
          [
            6.845317928813401,
            46.70413881540733
          ],
          [
            6.845118576436335,
            46.704239967291606
          ],
          [
            6.844377085314265,
            46.704695725317876
          ],
          [
            6.84398586531345,
            46.70501404662377
          ],
          [
            6.843774105053399,
            46.70519619191449
          ],
          [
            6.8436791938148716,
            46.70512292018478
          ],
          [
            6.839137563934497,
            46.70290151320672
          ],
          [
            6.838549249503129,
            46.70262190084641
          ],
          [
            6.838418320474291,
            46.70240243377499
          ],
          [
            6.838330528070895,
            46.702172570162276
          ],
          [
            6.838279509710958,
            46.70195172533763
          ],
          [
            6.838262095505625,
            46.70172979839794
          ],
          [
            6.8382781239986485,
            46.70150012266218
          ],
          [
            6.838317036516556,
            46.70130548014613
          ],
          [
            6.838386839608509,
            46.701107933033626
          ],
          [
            6.838860578136379,
            46.70014326275475
          ],
          [
            6.839633728590873,
            46.69854191007522
          ],
          [
            6.839725509428262,
            46.698283756553806
          ],
          [
            6.839800153076197,
            46.69798988960189
          ],
          [
            6.839856896001752,
            46.697672548442036
          ],
          [
            6.839861074939861,
            46.69749659563882
          ],
          [
            6.839818809269887,
            46.69727624726252
          ],
          [
            6.839668881697794,
            46.69707286482183
          ],
          [
            6.83940116346405,
            46.696880304417746
          ],
          [
            6.839159613457766,
            46.69678016863835
          ],
          [
            6.839001455684671,
            46.69674093231975
          ],
          [
            6.8387064872205165,
            46.6966828030268
          ],
          [
            6.8366503403416345,
            46.69662810580344
          ],
          [
            6.836337475952792,
            46.696603879606094
          ],
          [
            6.836019952698735,
            46.69656370539226
          ],
          [
            6.83570690426268,
            46.69650925975652
          ],
          [
            6.8354065463692075,
            46.69644245741187
          ],
          [
            6.835113135819704,
            46.69636245837393
          ],
          [
            6.8348035815982096,
            46.69626475021589
          ],
          [
            6.834503988114032,
            46.69615333060127
          ],
          [
            6.834228665957513,
            46.6960345636648
          ],
          [
            6.833964718376205,
            46.69590426997955
          ],
          [
            6.833717799217652,
            46.695771259541125
          ],
          [
            6.833485264828666,
            46.695626450678695
          ],
          [
            6.833255709561364,
            46.69546097594591
          ],
          [
            6.833044848539298,
            46.695284166646836
          ],
          [
            6.831905497725752,
            46.69422199442575
          ],
          [
            6.828812450138402,
            46.69131508304254
          ],
          [
            6.828704232395616,
            46.69120862276695
          ],
          [
            6.828017368834715,
            46.69057625119376
          ],
          [
            6.827598737525748,
            46.69078758081055
          ],
          [
            6.827353546015449,
            46.690978080236654
          ],
          [
            6.82702312445307,
            46.69120346531125
          ],
          [
            6.826744973996457,
            46.691579009017026
          ],
          [
            6.826698359838047,
            46.6916314734617
          ],
          [
            6.826651958061063,
            46.69166523683739
          ],
          [
            6.826603025625772,
            46.69169160105782
          ],
          [
            6.826578692972178,
            46.691727543160916
          ],
          [
            6.826537828870282,
            46.69173416008157
          ],
          [
            6.8263704614911545,
            46.69184130756682
          ],
          [
            6.826288235412162,
            46.691922465577754
          ],
          [
            6.826211472893786,
            46.69198070474871
          ],
          [
            6.826172263237151,
            46.69202576034861
          ],
          [
            6.826176205103487,
            46.69204701157254
          ],
          [
            6.826209833245758,
            46.692124916005795
          ],
          [
            6.826205743716196,
            46.692139647043
          ],
          [
            6.826190776028367,
            46.69215791782404
          ],
          [
            6.826086014294306,
            46.692184709914024
          ],
          [
            6.826026872139882,
            46.692212098408135
          ],
          [
            6.825927739520994,
            46.69224970658625
          ],
          [
            6.825828309882371,
            46.69231340978965
          ],
          [
            6.825769880876483,
            46.69236886877615
          ],
          [
            6.825707162581178,
            46.692460035797744
          ],
          [
            6.825658910763194,
            46.692506904629745
          ],
          [
            6.825611387237364,
            46.69253572286797
          ],
          [
            6.825561475254957,
            46.69255614416348
          ],
          [
            6.825479271436088,
            46.692576571315456
          ],
          [
            6.8253909744522705,
            46.69259247667761
          ],
          [
            6.825359582010818,
            46.69260535131256
          ],
          [
            6.825269906449275,
            46.69270786936155
          ],
          [
            6.82520606706714,
            46.692768795303984
          ],
          [
            6.825140396221315,
            46.69280685309841
          ],
          [
            6.825052443623087,
            46.69285101575253
          ],
          [
            6.824877421663675,
            46.69295128300281
          ],
          [
            6.8246981516561975,
            46.69306861901452
          ],
          [
            6.824660432924253,
            46.693097390817286
          ],
          [
            6.824641638688268,
            46.69314046905543
          ],
          [
            6.824635139895839,
            46.693170389876286
          ],
          [
            6.8246361974865355,
            46.693226709067524
          ],
          [
            6.824652706684355,
            46.69328087170402
          ],
          [
            6.824689734452401,
            46.6934503718079
          ],
          [
            6.824712506489427,
            46.69348270852498
          ],
          [
            6.824746469508095,
            46.693518506022905
          ],
          [
            6.8247704599303045,
            46.69353456696991
          ],
          [
            6.824849367402695,
            46.69356377915313
          ],
          [
            6.824922651550153,
            46.693579368347955
          ],
          [
            6.824968020941858,
            46.69360318198146
          ],
          [
            6.824978941516538,
            46.69361890251106
          ],
          [
            6.824989464566939,
            46.693693615111734
          ],
          [
            6.825013786621006,
            46.6937161547448
          ],
          [
            6.825021935203594,
            46.69373535067498
          ],
          [
            6.825006437884574,
            46.69383216945046
          ],
          [
            6.825009760611775,
            46.69385035881385
          ],
          [
            6.825083253377669,
            46.693917683661475
          ],
          [
            6.825087460513921,
            46.69393857652077
          ],
          [
            6.825079610253932,
            46.69397352770279
          ],
          [
            6.825039220424373,
            46.69405311128658
          ],
          [
            6.824995718060172,
            46.694118995512454
          ],
          [
            6.824945232071224,
            46.69417702473313
          ],
          [
            6.824888823387444,
            46.694228176205314
          ],
          [
            6.824839851756475,
            46.694280645172
          ],
          [
            6.82478600483612,
            46.694347903834725
          ],
          [
            6.824711944746314,
            46.694422097082246
          ],
          [
            6.824652210262508,
            46.69448970173395
          ],
          [
            6.824603964312764,
            46.69454728411011
          ],
          [
            6.8245748484526,
            46.69460003104627
          ],
          [
            6.824535322986155,
            46.694649564274535
          ],
          [
            6.8244160934185745,
            46.69475221899026
          ],
          [
            6.824334314667414,
            46.69481528754376
          ],
          [
            6.824153189468139,
            46.694934150975044
          ],
          [
            6.8239643336755815,
            46.695029214545194
          ],
          [
            6.823846941772916,
            46.69510929923486
          ],
          [
            6.82379696923972,
            46.69513475706901
          ],
          [
            6.823697034919022,
            46.695173267572756
          ],
          [
            6.8236325743976325,
            46.69519657800093
          ],
          [
            6.823533020475462,
            46.69522465533267
          ],
          [
            6.823440044791458,
            46.69525942501333
          ],
          [
            6.823808079452504,
            46.69557940570772
          ],
          [
            6.823177194904015,
            46.6959143882765
          ],
          [
            6.8221837032527,
            46.69658451052404
          ],
          [
            6.8218961068520985,
            46.69638658338927
          ],
          [
            6.8216318953564405,
            46.69621441126545
          ],
          [
            6.82155304116543,
            46.696238560035965
          ],
          [
            6.818322775236786,
            46.69780255782774
          ],
          [
            6.8173921814165075,
            46.697198749238574
          ],
          [
            6.817284121652477,
            46.69726085066609
          ],
          [
            6.816748937922588,
            46.6975481391763
          ],
          [
            6.816370666025233,
            46.69774209777712
          ],
          [
            6.81599306907145,
            46.69787856687487
          ],
          [
            6.815902884916739,
            46.69792099212724
          ],
          [
            6.815830519621291,
            46.69797151208452
          ],
          [
            6.815703461536984,
            46.698070669550106
          ],
          [
            6.815583765742637,
            46.69817760355167
          ],
          [
            6.815477647063608,
            46.698308900363074
          ],
          [
            6.815446607291025,
            46.69836990158085
          ],
          [
            6.8154444008579995,
            46.69847019230774
          ],
          [
            6.8154716238852915,
            46.69856956472668
          ],
          [
            6.81551174406184,
            46.698661721197944
          ],
          [
            6.815608425647486,
            46.69880374506065
          ],
          [
            6.815661552608501,
            46.69881141248194
          ],
          [
            6.815712499385535,
            46.69887079360413
          ],
          [
            6.815780837541349,
            46.69901033223343
          ],
          [
            6.816503955460555,
            46.699627502755305
          ],
          [
            6.816457901775866,
            46.69965261899786
          ],
          [
            6.816380459502884,
            46.69963314247684
          ],
          [
            6.816308052477278,
            46.69965316686411
          ],
          [
            6.8149081462460135,
            46.70046484503558
          ],
          [
            6.814842770783352,
            46.70050982531685
          ],
          [
            6.814827944810899,
            46.70052548662859
          ],
          [
            6.814801182903221,
            46.70048791751907
          ],
          [
            6.8138113454943,
            46.69981465856683
          ],
          [
            6.811514668348968,
            46.70093245906151
          ],
          [
            6.811317083615907,
            46.70102330669421
          ],
          [
            6.811240812851048,
            46.700858353558175
          ],
          [
            6.811148386640404,
            46.70067721784409
          ],
          [
            6.810954465947842,
            46.70052214070202
          ],
          [
            6.810684215889293,
            46.70028595894211
          ],
          [
            6.810490871058112,
            46.70014788617498
          ],
          [
            6.810303217170724,
            46.70004773468657
          ],
          [
            6.810082097185368,
            46.69989439493616
          ],
          [
            6.809887262589662,
            46.69973858222749
          ],
          [
            6.809689851528051,
            46.69964674186264
          ],
          [
            6.809214785349931,
            46.69936039727116
          ],
          [
            6.809012615920912,
            46.69925078972923
          ],
          [
            6.808659821361312,
            46.699041673333014
          ],
          [
            6.807836047701402,
            46.69848785444095
          ],
          [
            6.80775519127531,
            46.698437659518035
          ],
          [
            6.807660107353052,
            46.69845125564265
          ],
          [
            6.807546558758836,
            46.6984438790784
          ],
          [
            6.807443892697048,
            46.69841272396602
          ],
          [
            6.807336366533131,
            46.6983622908359
          ],
          [
            6.806711294500437,
            46.69800305608858
          ],
          [
            6.806215246112735,
            46.6977245974813
          ],
          [
            6.806118258229823,
            46.69767772111497
          ],
          [
            6.805955032034867,
            46.697615381452785
          ],
          [
            6.805806579019379,
            46.69756542994433
          ],
          [
            6.8057394319514914,
            46.6975494128092
          ],
          [
            6.8056735846855485,
            46.69754517833802
          ],
          [
            6.805546244255764,
            46.69757785320818
          ],
          [
            6.805523517400874,
            46.69758699240309
          ],
          [
            6.805497607763575,
            46.6975554529672
          ],
          [
            6.805481781034421,
            46.69748924593084
          ],
          [
            6.805472775709595,
            46.69728876988516
          ],
          [
            6.805484492902621,
            46.69713842567725
          ],
          [
            6.805454709319103,
            46.697091661806326
          ],
          [
            6.805406532536264,
            46.69705244197549
          ],
          [
            6.805311548367476,
            46.69701323146771
          ],
          [
            6.80529961125692,
            46.6970265687327
          ],
          [
            6.805211541523894,
            46.696988656037405
          ],
          [
            6.804600058945071,
            46.69725576229897
          ],
          [
            6.804962957972203,
            46.697658356961504
          ],
          [
            6.803833991682233,
            46.698323427926326
          ],
          [
            6.803257609500918,
            46.698582536732644
          ],
          [
            6.803551742695323,
            46.69886447827482
          ],
          [
            6.804378492638328,
            46.699495438729976
          ],
          [
            6.804775522748106,
            46.69976770434865
          ],
          [
            6.8052238215001,
            46.70009367987316
          ],
          [
            6.805599810212731,
            46.700432565080355
          ],
          [
            6.805806954414167,
            46.70046132533268
          ],
          [
            6.8059588688226285,
            46.70049779336984
          ],
          [
            6.806160097853707,
            46.7006083006745
          ],
          [
            6.8063217391611515,
            46.70075185401118
          ],
          [
            6.806772437543148,
            46.70101855450113
          ],
          [
            6.8067424124174085,
            46.70107011346681
          ],
          [
            6.806739618979085,
            46.70109645557064
          ],
          [
            6.806549333280885,
            46.701201917665635
          ],
          [
            6.806444203137098,
            46.701234357115204
          ],
          [
            6.8064235320247,
            46.70124647652061
          ],
          [
            6.806161468259929,
            46.701271017980524
          ],
          [
            6.806129203344943,
            46.70126939931425
          ],
          [
            6.805889829799236,
            46.70122236095803
          ],
          [
            6.805615004853193,
            46.70122013074199
          ],
          [
            6.805464669844572,
            46.70123935489232
          ],
          [
            6.805386069646177,
            46.70123064138871
          ],
          [
            6.8052147610580676,
            46.701220962008584
          ],
          [
            6.805121710551771,
            46.70116126079175
          ],
          [
            6.805108614416062,
            46.70114076747002
          ],
          [
            6.8050824652865405,
            46.70105165366524
          ],
          [
            6.80500590293966,
            46.70102424003132
          ],
          [
            6.804943235596489,
            46.70104943905517
          ],
          [
            6.80486571648674,
            46.70112556137184
          ],
          [
            6.8048495593048965,
            46.70113185838081
          ],
          [
            6.804783368958559,
            46.70113418842583
          ],
          [
            6.804768417602021,
            46.701104688954466
          ],
          [
            6.804688724134356,
            46.70105557784623
          ],
          [
            6.804530152204233,
            46.70103032473748
          ],
          [
            6.8043963714872735,
            46.701053957700296
          ],
          [
            6.804355794054775,
            46.701057599705926
          ],
          [
            6.804242759750089,
            46.70102944250424
          ],
          [
            6.804217773118984,
            46.70103047264799
          ],
          [
            6.80393326988469,
            46.70108510968161
          ],
          [
            6.803779683575716,
            46.70102516863545
          ],
          [
            6.803618156150705,
            46.70102993466309
          ],
          [
            6.803448530536199,
            46.70106721996853
          ],
          [
            6.803323136113357,
            46.701133628426724
          ],
          [
            6.803271944825257,
            46.701150254663425
          ],
          [
            6.803210301815152,
            46.701143964244565
          ],
          [
            6.803136363438584,
            46.701104788531175
          ],
          [
            6.803021372939494,
            46.701098397966156
          ],
          [
            6.8029673725158695,
            46.70112148533444
          ],
          [
            6.802902408275137,
            46.7011639423024
          ],
          [
            6.802718882180394,
            46.701247746990575
          ],
          [
            6.802617386421961,
            46.70126121314822
          ],
          [
            6.8025440919211535,
            46.70127825526064
          ],
          [
            6.802476464948628,
            46.70137008392047
          ],
          [
            6.802426018456704,
            46.701412171993034
          ],
          [
            6.802345732433523,
            46.70145652205191
          ],
          [
            6.802241912511077,
            46.70150065048216
          ],
          [
            6.802120217990947,
            46.70160782919165
          ],
          [
            6.8020106984133095,
            46.70164958662879
          ],
          [
            6.801964980315852,
            46.70165554692378
          ],
          [
            6.801808868320311,
            46.70170972751674
          ],
          [
            6.801729141795663,
            46.701763076053986
          ],
          [
            6.80162377826679,
            46.701816011148246
          ],
          [
            6.801496308935622,
            46.701837517067545
          ],
          [
            6.801435345904373,
            46.70188422362645
          ],
          [
            6.801391537156348,
            46.70196197169525
          ],
          [
            6.8013706502808695,
            46.70209166379714
          ],
          [
            6.8011647349380056,
            46.702166434798514
          ],
          [
            6.801004446968302,
            46.70229813451034
          ],
          [
            6.800973496345048,
            46.702338981822905
          ],
          [
            6.800879911074423,
            46.702401967551474
          ],
          [
            6.8008042736783505,
            46.702462085199855
          ],
          [
            6.800749322260882,
            46.70253104466342
          ],
          [
            6.80071866993366,
            46.702535640595165
          ],
          [
            6.800697789570031,
            46.702554234757464
          ],
          [
            6.801193230977175,
            46.70301902529604
          ],
          [
            6.801440376154585,
            46.70316218290334
          ],
          [
            6.802020918598109,
            46.70352948224042
          ],
          [
            6.802551981449814,
            46.70394605072531
          ],
          [
            6.802864242737999,
            46.704244206507795
          ],
          [
            6.8028538349270775,
            46.704262949528
          ],
          [
            6.80310684846971,
            46.70450804935541
          ],
          [
            6.803183370809479,
            46.704548058093025
          ],
          [
            6.803292633189909,
            46.70459724534845
          ],
          [
            6.803420986097309,
            46.70463546526541
          ],
          [
            6.803627292791125,
            46.704683295747884
          ],
          [
            6.803819757418007,
            46.70473952265585
          ],
          [
            6.803993575427603,
            46.704814599339635
          ],
          [
            6.8046739155989595,
            46.70517182641323
          ],
          [
            6.8047011840556015,
            46.70532148804587
          ],
          [
            6.804712369862894,
            46.705482124879374
          ],
          [
            6.804696739895948,
            46.70564459139923
          ],
          [
            6.8046648598285735,
            46.70579779170071
          ],
          [
            6.8048440969838,
            46.70590169270618
          ],
          [
            6.804995834148177,
            46.70604116251266
          ],
          [
            6.805187214800151,
            46.7062467737915
          ],
          [
            6.805400072194233,
            46.70644991346277
          ],
          [
            6.805618758115142,
            46.70663571431372
          ],
          [
            6.8058342125182385,
            46.706872961559384
          ],
          [
            6.805825094100585,
            46.70689108230892
          ],
          [
            6.805869041426409,
            46.70713744191966
          ],
          [
            6.805974428504047,
            46.70730453952757
          ],
          [
            6.807042208252512,
            46.708002308115965
          ],
          [
            6.807394311803557,
            46.70800821084127
          ],
          [
            6.807414467857953,
            46.70796102289963
          ],
          [
            6.807524840709713,
            46.70790521359271
          ],
          [
            6.807575236426644,
            46.70783415662908
          ],
          [
            6.807573398074995,
            46.70777900238544
          ],
          [
            6.807727351914463,
            46.7076309760534
          ],
          [
            6.807739447451101,
            46.70761431098312
          ],
          [
            6.807777000845727,
            46.70760129538806
          ],
          [
            6.807824603863244,
            46.707567645223406
          ],
          [
            6.807842526177008,
            46.70753248116099
          ],
          [
            6.807840003078771,
            46.70746877714756
          ],
          [
            6.807874632841646,
            46.707426239200544
          ],
          [
            6.807933043449598,
            46.707374207571355
          ],
          [
            6.807956524622853,
            46.707345641208505
          ],
          [
            6.8079635717421105,
            46.70731338546025
          ],
          [
            6.808085861875906,
            46.707177777243274
          ],
          [
            6.808142592104891,
            46.707124027001676
          ],
          [
            6.808368939647558,
            46.707078592782295
          ],
          [
            6.808468564494902,
            46.70703695434821
          ],
          [
            6.80851080928345,
            46.706991759647934
          ],
          [
            6.808516659523127,
            46.70694888223468
          ],
          [
            6.808500712855402,
            46.706882315221
          ],
          [
            6.808917665845398,
            46.70700947544314
          ],
          [
            6.808997483202693,
            46.707027818660045
          ],
          [
            6.808983585877849,
            46.707109153450425
          ],
          [
            6.808976094135736,
            46.707201858345876
          ],
          [
            6.809169085943009,
            46.70721534015916
          ],
          [
            6.8093788758553755,
            46.70723494169339
          ],
          [
            6.809579580683418,
            46.70730351054653
          ],
          [
            6.809753129621099,
            46.70736941916031
          ],
          [
            6.810076928879118,
            46.707525566388014
          ],
          [
            6.810824521417342,
            46.707908576681746
          ],
          [
            6.8109545422216105,
            46.70799331432204
          ],
          [
            6.811154957982824,
            46.70826779179005
          ],
          [
            6.811261795936675,
            46.708224391537776
          ],
          [
            6.811677280552357,
            46.7085363963737
          ],
          [
            6.812176138489798,
            46.70892153539335
          ],
          [
            6.813096888452823,
            46.70959937506496
          ],
          [
            6.813168393098389,
            46.70954570355652
          ],
          [
            6.813201858919399,
            46.70951305295477
          ],
          [
            6.8132142908136935,
            46.709478577557604
          ],
          [
            6.813270759842736,
            46.70948086693974
          ],
          [
            6.81331390710934,
            46.709446740225985
          ],
          [
            6.813548591965342,
            46.709654653105446
          ],
          [
            6.813725781906246,
            46.70982483643319
          ],
          [
            6.813904955245992,
            46.709767797494244
          ],
          [
            6.814010325112227,
            46.709836365815896
          ],
          [
            6.814480683126663,
            46.710190401702604
          ],
          [
            6.814771411576704,
            46.71048435792064
          ],
          [
            6.814591542619811,
            46.71056631265985
          ],
          [
            6.816173467213937,
            46.71210581964259
          ],
          [
            6.816155756980237,
            46.7121331598302
          ],
          [
            6.8161288488560094,
            46.71234522250662
          ],
          [
            6.816037664567701,
            46.71249468294913
          ],
          [
            6.815915236938272,
            46.712779709313175
          ],
          [
            6.815762927918439,
            46.71298973633259
          ],
          [
            6.815622946828625,
            46.71316393757517
          ],
          [
            6.815270686038847,
            46.71340589263819
          ],
          [
            6.815144265979036,
            46.71353707791099
          ],
          [
            6.815120376047434,
            46.713693653074834
          ],
          [
            6.815388556114901,
            46.71402687636456
          ],
          [
            6.8157566777909055,
            46.71445031565924
          ],
          [
            6.81590565070222,
            46.71475526825518
          ],
          [
            6.816070506626088,
            46.71501128966421
          ],
          [
            6.816262329639261,
            46.71511713027623
          ],
          [
            6.816649934149413,
            46.71557394837748
          ],
          [
            6.817202376144693,
            46.715949794895764
          ],
          [
            6.817755294501162,
            46.71614889279298
          ],
          [
            6.818331205884581,
            46.7162916199925
          ],
          [
            6.8185483864544,
            46.71635423538079
          ],
          [
            6.818907316879066,
            46.716544534269985
          ],
          [
            6.818861490664673,
            46.71658395599143
          ],
          [
            6.818781692476675,
            46.7166408243553
          ],
          [
            6.818539446975024,
            46.71674430530111
          ],
          [
            6.818290570889639,
            46.716798830717934
          ],
          [
            6.818220483975314,
            46.71686528711462
          ],
          [
            6.818071713615083,
            46.7171221323154
          ],
          [
            6.818336016621311,
            46.717272704542694
          ],
          [
            6.818305505875565,
            46.717606118581564
          ],
          [
            6.818271329439099,
            46.71783649332377
          ],
          [
            6.818148887723843,
            46.71801943811189
          ],
          [
            6.8180157672386965,
            46.71824478447116
          ],
          [
            6.8178866114681815,
            46.71848805383494
          ],
          [
            6.817750516353305,
            46.718700069957336
          ],
          [
            6.817641957254195,
            46.71881310301827
          ],
          [
            6.817447061376311,
            46.71891666908319
          ],
          [
            6.817086220959817,
            46.71912881602134
          ],
          [
            6.8170706729912505,
            46.71917263936177
          ],
          [
            6.816826411157022,
            46.71925803325285
          ],
          [
            6.8166835374600545,
            46.71931806391669
          ],
          [
            6.816339616022414,
            46.71953821721743
          ],
          [
            6.816361730018682,
            46.719560107824186
          ],
          [
            6.816370865995814,
            46.719607115571726
          ],
          [
            6.816489230274559,
            46.719698619636326
          ],
          [
            6.81658881682163,
            46.71971723636729
          ],
          [
            6.816633813614784,
            46.719739791714716
          ],
          [
            6.81664989869374,
            46.719774063449826
          ],
          [
            6.816646427099918,
            46.71980283087054
          ],
          [
            6.816585480067531,
            46.71982489722626
          ],
          [
            6.81646354984155,
            46.71984950887139
          ],
          [
            6.816383125739014,
            46.71987048811992
          ],
          [
            6.81620240344084,
            46.7199456940038
          ],
          [
            6.816124096595136,
            46.71993060270539
          ],
          [
            6.815938047734462,
            46.71995738191987
          ],
          [
            6.815846534381412,
            46.719998441605384
          ],
          [
            6.815727704979802,
            46.71995847996382
          ],
          [
            6.815543373735277,
            46.719949842679746
          ],
          [
            6.8154610223229675,
            46.719979077822586
          ],
          [
            6.815325417024681,
            46.71997590648184
          ],
          [
            6.815038384840457,
            46.719890044180005
          ],
          [
            6.814948605662371,
            46.71988297639822
          ],
          [
            6.814864046484243,
            46.71985437434178
          ],
          [
            6.814801007541288,
            46.71986500368306
          ],
          [
            6.814722832428309,
            46.719883736156774
          ],
          [
            6.814609368148396,
            46.71987978574624
          ],
          [
            6.814390741012803,
            46.71986212474639
          ],
          [
            6.814321554098226,
            46.71987164061653
          ],
          [
            6.814278211755613,
            46.719933203682075
          ],
          [
            6.814210370787455,
            46.71994056788812
          ],
          [
            6.81411566445711,
            46.719907213828776
          ],
          [
            6.813982377075239,
            46.71990721111449
          ],
          [
            6.813858848142258,
            46.71996689463106
          ],
          [
            6.813637670060565,
            46.71997854433012
          ],
          [
            6.8134824896390755,
            46.71997148509755
          ],
          [
            6.813398208379293,
            46.71998658483022
          ],
          [
            6.8133010032612855,
            46.71995330632391
          ],
          [
            6.813236524693211,
            46.719908791940945
          ],
          [
            6.812941277221042,
            46.719832324738675
          ],
          [
            6.812805609170765,
            46.719833468013114
          ],
          [
            6.812773506673677,
            46.719905797256324
          ],
          [
            6.812648586782386,
            46.71995224806744
          ],
          [
            6.812570084831163,
            46.71996414050161
          ],
          [
            6.812439876250492,
            46.72000418400955
          ],
          [
            6.812295541259643,
            46.72006555053079
          ],
          [
            6.81196368149481,
            46.72030382957019
          ],
          [
            6.811867594979491,
            46.72036662162453
          ],
          [
            6.811812497045612,
            46.72043658403888
          ],
          [
            6.811755958358777,
            46.720495464722944
          ],
          [
            6.8116719759592135,
            46.72052971678554
          ],
          [
            6.811599847999546,
            46.720601834234245
          ],
          [
            6.811515610795593,
            46.72064670876111
          ],
          [
            6.811148753146708,
            46.72076720017407
          ],
          [
            6.811034976449596,
            46.72076522355835
          ],
          [
            6.810914115062131,
            46.720753852178724
          ],
          [
            6.810821720207146,
            46.72076910317927
          ],
          [
            6.810732665014739,
            46.720800816761376
          ],
          [
            6.810627132241301,
            46.72080977007302
          ],
          [
            6.81055451127898,
            46.72079056827235
          ],
          [
            6.810419247218765,
            46.720735577457475
          ],
          [
            6.8103780234465505,
            46.720737329004706
          ],
          [
            6.8102774384967,
            46.720759443098764
          ],
          [
            6.81003596403587,
            46.72076251778315
          ],
          [
            6.8098659751684725,
            46.72077894073235
          ],
          [
            6.809775104077437,
            46.72076449532869
          ],
          [
            6.809690212930863,
            46.720730831982905
          ],
          [
            6.809599968978906,
            46.72073213247128
          ],
          [
            6.809473862381506,
            46.721035312048386
          ],
          [
            6.809362632680065,
            46.72127533358724
          ],
          [
            6.810997793922357,
            46.721812744656134
          ],
          [
            6.812174719195241,
            46.72221259395229
          ],
          [
            6.812365261500064,
            46.72228389921541
          ],
          [
            6.812541735542154,
            46.72237266848968
          ],
          [
            6.813088253478883,
            46.722721532616035
          ],
          [
            6.813618936675167,
            46.723071584525364
          ],
          [
            6.813766466242579,
            46.72319761525014
          ],
          [
            6.814545802056315,
            46.723901021945544
          ],
          [
            6.814540126698124,
            46.72395163687577
          ],
          [
            6.8143275093071,
            46.723955769508706
          ],
          [
            6.814160904656297,
            46.72400785860774
          ],
          [
            6.81362932986795,
            46.724219129981336
          ],
          [
            6.815648373507442,
            46.7265180487267
          ],
          [
            6.815546538054541,
            46.726559303598115
          ],
          [
            6.8153966891867235,
            46.726609849010075
          ],
          [
            6.814508667035733,
            46.726860382057694
          ],
          [
            6.814431924521372,
            46.72684493840729
          ],
          [
            6.814369628385994,
            46.726847205579936
          ],
          [
            6.81401044934054,
            46.726944368489846
          ],
          [
            6.813656781010741,
            46.727008465189385
          ],
          [
            6.812939920325642,
            46.72726477431715
          ],
          [
            6.812678399912682,
            46.72751323841858
          ],
          [
            6.8125102891395715,
            46.72761612483272
          ],
          [
            6.812286613068899,
            46.72771493608803
          ],
          [
            6.8118201144311366,
            46.72786016861278
          ],
          [
            6.811281606088127,
            46.727897881123866
          ],
          [
            6.811320159464386,
            46.72794613084437
          ],
          [
            6.811839575589576,
            46.72852685135774
          ],
          [
            6.812401459775909,
            46.72896550836845
          ],
          [
            6.812924290447588,
            46.72933198197479
          ],
          [
            6.813500714891161,
            46.72974911457532
          ],
          [
            6.813949874977774,
            46.730106902740864
          ],
          [
            6.814518701275737,
            46.73057030743864
          ],
          [
            6.814976400806268,
            46.73094990795183
          ],
          [
            6.815084442364689,
            46.73103209108293
          ],
          [
            6.815100706400188,
            46.73103982653603
          ],
          [
            6.8152646036335165,
            46.73118942359109
          ],
          [
            6.815647434747445,
            46.73149142795422
          ],
          [
            6.815886830891692,
            46.731664187409706
          ],
          [
            6.816130899747193,
            46.73196247141173
          ],
          [
            6.816236868064895,
            46.73199685673724
          ],
          [
            6.8164867562790175,
            46.73221304069765
          ],
          [
            6.816812889442922,
            46.73241730739013
          ],
          [
            6.816920512214954,
            46.73253510955863
          ],
          [
            6.817027710712159,
            46.732667032607964
          ],
          [
            6.817197872338036,
            46.73306817272742
          ],
          [
            6.81743450953389,
            46.73324182234859
          ],
          [
            6.817483969235806,
            46.733286800989944
          ]
        ]
      }
    },
    {
      "type": "Feature",
      "properties": {
        "bfs_nummer": 5675,
        "segment_length_m": 0.3816308643755973
      },
      "geometry": {
        "type": "LineString",
        "coordinates": [
          [
            6.825199505766699,
            46.67520843815965
          ],
          [
            6.825142821779022,
            46.675239617626666
          ],
          [
            6.826265536288033,
            46.67573959058082
          ],
          [
            6.826311746790912,
            46.67579047662066
          ],
          [
            6.826384049986659,
            46.675994971071574
          ],
          [
            6.826449379810723,
            46.67648082483014
          ],
          [
            6.826517235097419,
            46.676754841581825
          ],
          [
            6.826863796090864,
            46.67728860853052
          ],
          [
            6.827013215124094,
            46.67755073943995
          ],
          [
            6.8271826622589,
            46.6778332992714
          ],
          [
            6.827614184057578,
            46.678022073811256
          ],
          [
            6.82783573137398,
            46.67809036331043
          ],
          [
            6.828148505583427,
            46.67819350594354
          ],
          [
            6.8284375250858425,
            46.6782696139077
          ],
          [
            6.8288642539818385,
            46.67828204979229
          ],
          [
            6.829232845138516,
            46.67822302501536
          ],
          [
            6.830327724340174,
            46.67763170194369
          ],
          [
            6.8303409797077554,
            46.677568973353786
          ],
          [
            6.830463860783024,
            46.67778686941629
          ],
          [
            6.830633480766942,
            46.678067355904034
          ],
          [
            6.830640682823496,
            46.67817039599016
          ],
          [
            6.830681542069459,
            46.67826749886691
          ],
          [
            6.830886045638308,
            46.67844400038373
          ],
          [
            6.831038811439115,
            46.678563200947465
          ],
          [
            6.831245859540088,
            46.67871244921403
          ],
          [
            6.831328994946312,
            46.67874644738585
          ],
          [
            6.831364785858208,
            46.67886431216526
          ],
          [
            6.831428710000802,
            46.67899093608427
          ],
          [
            6.831526412206194,
            46.67914735434864
          ],
          [
            6.831666245803359,
            46.67929868087327
          ],
          [
            6.8317863356972275,
            46.67939503667876
          ],
          [
            6.831891816667385,
            46.67952243078781
          ],
          [
            6.832205265286214,
            46.67986782183591
          ],
          [
            6.832674673716299,
            46.680258733982974
          ],
          [
            6.832836744012146,
            46.68041144589422
          ],
          [
            6.833031330030754,
            46.680519252913726
          ],
          [
            6.833359160444698,
            46.680679305507006
          ],
          [
            6.833468875011629,
            46.680757333876755
          ],
          [
            6.83367259913227,
            46.6809478594996
          ],
          [
            6.833845022529938,
            46.68108461254286
          ],
          [
            6.833920084792262,
            46.68118737447516
          ],
          [
            6.834053237397846,
            46.68129450224109
          ],
          [
            6.834239257927259,
            46.68143229848968
          ],
          [
            6.8344346901213635,
            46.68153515989267
          ],
          [
            6.834556696452338,
            46.681623516653936
          ],
          [
            6.834835741830441,
            46.68178961184243
          ],
          [
            6.83489449955406,
            46.68181843132707
          ],
          [
            6.835264956634343,
            46.682057678416484
          ],
          [
            6.83563122105202,
            46.68226423843272
          ],
          [
            6.836054306443647,
            46.68253290818337
          ],
          [
            6.836374877934219,
            46.6826999211976
          ],
          [
            6.836786505184594,
            46.68288450709089
          ],
          [
            6.837215977993461,
            46.68302572731548
          ],
          [
            6.83757669934098,
            46.68318089487359
          ],
          [
            6.838033914449849,
            46.6833666166808
          ],
          [
            6.838023799636313,
            46.68339454008599
          ],
          [
            6.838039233934592,
            46.6833936320514
          ],
          [
            6.838075809746545,
            46.683337151885745
          ],
          [
            6.838120294087434,
            46.68314812494584
          ],
          [
            6.838089718785993,
            46.68310136547441
          ],
          [
            6.838108937028825,
            46.68305414924138
          ],
          [
            6.838072036345397,
            46.682999089263554
          ],
          [
            6.838122748354961,
            46.68295257905867
          ],
          [
            6.838152845669478,
            46.68285693310353
          ],
          [
            6.8381889690979785,
            46.68281754245874
          ],
          [
            6.838224393218778,
            46.68270015486329
          ],
          [
            6.838306793544929,
            46.68262628481954
          ],
          [
            6.83831262166296,
            46.68250209311574
          ],
          [
            6.838652582959506,
            46.682362914358386
          ],
          [
            6.8389884911752326,
            46.68221192877921
          ],
          [
            6.839243882117964,
            46.68208660563559
          ],
          [
            6.839687273909861,
            46.681756530053434
          ],
          [
            6.839732183893008,
            46.681737875444156
          ],
          [
            6.839836744077674,
            46.681736177030565
          ],
          [
            6.840219421851392,
            46.68149493672191
          ],
          [
            6.840540246769784,
            46.681732726963396
          ],
          [
            6.840613922353116,
            46.68176028155925
          ],
          [
            6.840696533831667,
            46.6817599962298
          ],
          [
            6.840873859589492,
            46.681681756641176
          ],
          [
            6.841406434652329,
            46.68220520193756
          ],
          [
            6.841616405770533,
            46.68236579907365
          ],
          [
            6.842057963469851,
            46.68271840177635
          ],
          [
            6.842340044207727,
            46.68295413049184
          ],
          [
            6.841503366246301,
            46.68330573016531
          ],
          [
            6.842098318046692,
            46.684125109039186
          ],
          [
            6.842444598537198,
            46.68426536930752
          ],
          [
            6.844770628944364,
            46.68596547374786
          ],
          [
            6.844606084359087,
            46.68606932510538
          ],
          [
            6.845833091146279,
            46.68689433079399
          ],
          [
            6.8458238414359425,
            46.68670141368926
          ],
          [
            6.845889961078345,
            46.686715593728344
          ],
          [
            6.846389562365924,
            46.68650417819501
          ],
          [
            6.846480154961428,
            46.686527678970464
          ],
          [
            6.847283575511728,
            46.687501960298356
          ],
          [
            6.847320907385072,
            46.687554599588566
          ],
          [
            6.8473464423088926,
            46.687610146140614
          ],
          [
            6.848032834081782,
            46.68964989950178
          ],
          [
            6.848120748897016,
            46.689930123630596
          ],
          [
            6.850549941441481,
            46.68931241230837
          ],
          [
            6.850620602122082,
            46.689318175043795
          ],
          [
            6.850457003121387,
            46.68958694069344
          ],
          [
            6.85026241676366,
            46.6898799153064
          ],
          [
            6.850159685288677,
            46.690056240226674
          ],
          [
            6.849890771044424,
            46.69042737151072
          ],
          [
            6.849729481329351,
            46.690591896396015
          ],
          [
            6.849836836095327,
            46.69070920788395
          ],
          [
            6.8500732354751666,
            46.69062199409636
          ],
          [
            6.851981338591144,
            46.69017095375174
          ],
          [
            6.85204598706661,
            46.690332760721795
          ],
          [
            6.852053841411345,
            46.69039181329417
          ],
          [
            6.852149858260527,
            46.69048226579907
          ],
          [
            6.852180965679872,
            46.69059091482783
          ],
          [
            6.8523840422580875,
            46.69071826182167
          ],
          [
            6.852704892676733,
            46.69077496887285
          ],
          [
            6.852825351925417,
            46.69082992355723
          ],
          [
            6.8529507578149245,
            46.69083875542921
          ],
          [
            6.852965486234315,
            46.69085484367996
          ],
          [
            6.852940662886867,
            46.690937566648564
          ],
          [
            6.852962252318526,
            46.69095988829072
          ],
          [
            6.852998677080698,
            46.69097644806999
          ],
          [
            6.853320807311228,
            46.69099979476056
          ],
          [
            6.8534017552000055,
            46.69103358544261
          ],
          [
            6.853470929714912,
            46.69109214374743
          ],
          [
            6.85347452722801,
            46.69110997381967
          ],
          [
            6.853541723336542,
            46.69112201392501
          ],
          [
            6.8536783479141175,
            46.69113315162962
          ],
          [
            6.8538421880406615,
            46.69108073924388
          ],
          [
            6.853931883488227,
            46.69099520104411
          ],
          [
            6.853945526666213,
            46.69089451887934
          ],
          [
            6.854016450574581,
            46.69086420792987
          ],
          [
            6.854186896005121,
            46.690842702380024
          ],
          [
            6.854225813783932,
            46.690822302082566
          ],
          [
            6.854202184622843,
            46.69072285871731
          ],
          [
            6.854165615766202,
            46.69061113264606
          ],
          [
            6.8542179752677095,
            46.69043625459508
          ],
          [
            6.85421160744165,
            46.69033636915954
          ],
          [
            6.854183151131029,
            46.69030832716465
          ],
          [
            6.854023394977639,
            46.69023644887819
          ],
          [
            6.853992772353477,
            46.69007076986078
          ],
          [
            6.854061066166551,
            46.69002974043733
          ],
          [
            6.8542962187217285,
            46.690005931498206
          ],
          [
            6.854421867648679,
            46.68998014739877
          ],
          [
            6.8544568273818545,
            46.68992806168892
          ],
          [
            6.854348196279627,
            46.689576939728575
          ],
          [
            6.85417073411494,
            46.68939008607093
          ],
          [
            6.854135559917559,
            46.68934267769278
          ],
          [
            6.854129809993302,
            46.68928345616768
          ],
          [
            6.8541826140566275,
            46.6892229162769
          ],
          [
            6.854202271115889,
            46.68917030222859
          ],
          [
            6.854208118951673,
            46.689065082096924
          ],
          [
            6.854197301077751,
            46.68900305485121
          ],
          [
            6.854232632590129,
            46.688963655113476
          ],
          [
            6.854306575955619,
            46.68893192018588
          ],
          [
            6.8545574941719885,
            46.688961905289666
          ],
          [
            6.854610676857363,
            46.688965236911024
          ],
          [
            6.854677226960398,
            46.68887867971921
          ],
          [
            6.854624779208541,
            46.688832892001884
          ],
          [
            6.854507381217443,
            46.688798465207114
          ],
          [
            6.8544577021801105,
            46.68877464123913
          ],
          [
            6.85438877439245,
            46.688729668347946
          ],
          [
            6.854291297627381,
            46.6886170806928
          ],
          [
            6.854275669573741,
            46.688467041387725
          ],
          [
            6.854317593296603,
            46.688386295075844
          ],
          [
            6.854626866223884,
            46.68834983138651
          ],
          [
            6.854723513283029,
            46.68830985571169
          ],
          [
            6.8547526327741375,
            46.688240468104965
          ],
          [
            6.854767844403989,
            46.688163722551245
          ],
          [
            6.8547621794989935,
            46.688131578674174
          ],
          [
            6.854699357639341,
            46.68800576558541
          ],
          [
            6.854672914647268,
            46.68797297528955
          ],
          [
            6.8546867352393175,
            46.687891904646825
          ],
          [
            6.854766399884765,
            46.68781459038474
          ],
          [
            6.854918359141269,
            46.68772478317606
          ],
          [
            6.854948902398955,
            46.6876687165231
          ],
          [
            6.854911320785496,
            46.687590179748035
          ],
          [
            6.854828343689966,
            46.68749071976625
          ],
          [
            6.854849807604012,
            46.68735570488017
          ],
          [
            6.854853458223866,
            46.68726009887229
          ],
          [
            6.854905955173583,
            46.68720351519944
          ],
          [
            6.85497416387074,
            46.687182005564395
          ],
          [
            6.8550939765405285,
            46.687151315112075
          ],
          [
            6.855186504274346,
            46.68708108322885
          ],
          [
            6.855201926041028,
            46.687033125067714
          ],
          [
            6.855191186257592,
            46.68698675090084
          ],
          [
            6.855147502794955,
            46.68695261287202
          ],
          [
            6.855055122460385,
            46.68691272859274
          ],
          [
            6.855009797360571,
            46.686873274599265
          ],
          [
            6.854978733604183,
            46.686808525772165
          ],
          [
            6.854978470662257,
            46.686748342902355
          ],
          [
            6.855039919932099,
            46.6866750010571
          ],
          [
            6.855166986126139,
            46.68665037489622
          ],
          [
            6.855323702228436,
            46.68659171682846
          ],
          [
            6.855426100101135,
            46.686611852627436
          ],
          [
            6.855601002282076,
            46.686587921034885
          ],
          [
            6.855720726376419,
            46.68652781339813
          ],
          [
            6.8558094583710005,
            46.68601084197358
          ],
          [
            6.8558447270793685,
            46.68596487452661
          ],
          [
            6.855976540613394,
            46.68586371802403
          ],
          [
            6.856039766556845,
            46.68567423171352
          ],
          [
            6.856025509180725,
            46.68560255257026
          ],
          [
            6.856041419103102,
            46.68554561004785
          ],
          [
            6.856132260866884,
            46.6853625621514
          ],
          [
            6.856086648571008,
            46.685278398262845
          ],
          [
            6.856078975320321,
            46.68521313982307
          ],
          [
            6.856116435258729,
            46.68515908734637
          ],
          [
            6.856144574536082,
            46.68514375877867
          ],
          [
            6.856194104324457,
            46.685107399745526
          ],
          [
            6.856208776947852,
            46.6850439649317
          ],
          [
            6.856223912303717,
            46.68501147784268
          ],
          [
            6.856268565966342,
            46.68495458351402
          ],
          [
            6.856429104137537,
            46.68480780322357
          ],
          [
            6.856525862606371,
            46.68480640036364
          ],
          [
            6.856594993186394,
            46.684783913954334
          ],
          [
            6.856629351882461,
            46.68466354681244
          ],
          [
            6.856723990990327,
            46.684504977304236
          ],
          [
            6.856736876164454,
            46.68444962944702
          ],
          [
            6.856739539731168,
            46.68439666714066
          ],
          [
            6.85672883275933,
            46.68433508147667
          ],
          [
            6.856758406753265,
            46.68423528107146
          ],
          [
            6.85678152830633,
            46.68421246920664
          ],
          [
            6.856821478114947,
            46.68419280197401
          ],
          [
            6.8569864369326945,
            46.68414470883547
          ],
          [
            6.857136344317719,
            46.68417102326348
          ],
          [
            6.857212053609682,
            46.684156567333865
          ],
          [
            6.857264190371234,
            46.684061389005784
          ],
          [
            6.857122276349422,
            46.68392428805245
          ],
          [
            6.857022641482209,
            46.68384236711964
          ],
          [
            6.857057543262577,
            46.68372119300606
          ],
          [
            6.857040693565637,
            46.68355054754224
          ],
          [
            6.857120162598532,
            46.683452909266826
          ],
          [
            6.857364266495661,
            46.68341079757931
          ],
          [
            6.857530766649782,
            46.683364960477086
          ],
          [
            6.857600561203262,
            46.68334129841609
          ],
          [
            6.85774822842162,
            46.68321152445546
          ],
          [
            6.857774749237373,
            46.68315219803734
          ],
          [
            6.857782282827768,
            46.68309601311379
          ],
          [
            6.8578792506563016,
            46.682976693981054
          ],
          [
            6.857915032008818,
            46.682881611755924
          ],
          [
            6.857858283406732,
            46.68264095571126
          ],
          [
            6.857864497308858,
            46.68252530217291
          ],
          [
            6.857857625410598,
            46.682459508192366
          ],
          [
            6.857887443264676,
            46.682348922840276
          ],
          [
            6.85779820820475,
            46.68227245311422
          ],
          [
            6.857772326047298,
            46.682224103741376
          ],
          [
            6.857865194849526,
            46.68216962300157
          ],
          [
            6.857980171847942,
            46.68213647602102
          ],
          [
            6.858404802478907,
            46.68196845265483
          ],
          [
            6.8585038515785515,
            46.68181334055141
          ],
          [
            6.858585695090495,
            46.681749618336006
          ],
          [
            6.858739596257277,
            46.68167151047046
          ],
          [
            6.858911538687621,
            46.68162947733742
          ],
          [
            6.858984576470149,
            46.68158353052154
          ],
          [
            6.859018710203448,
            46.68153197895568
          ],
          [
            6.859169127634269,
            46.681449534803164
          ],
          [
            6.859360906929975,
            46.681249816716544
          ],
          [
            6.859415416862613,
            46.68107918420269
          ],
          [
            6.859410217605883,
            46.680917234329414
          ],
          [
            6.85948399143505,
            46.68083916714364
          ],
          [
            6.859653068492067,
            46.680758184732746
          ],
          [
            6.8597384676779996,
            46.68064427455152
          ],
          [
            6.859766545700697,
            46.680585675258925
          ],
          [
            6.859748298526944,
            46.68047017597937
          ],
          [
            6.859755302060296,
            46.68041443801289
          ],
          [
            6.859836753508861,
            46.680363756742345
          ],
          [
            6.859853214631745,
            46.68035231696781
          ],
          [
            6.860089071358976,
            46.680259979280294
          ],
          [
            6.860155537364871,
            46.68020499355123
          ],
          [
            6.8601534803713715,
            46.680177456111245
          ],
          [
            6.860093959586644,
            46.68012003036709
          ],
          [
            6.860087721488376,
            46.680081406890565
          ],
          [
            6.860263160176757,
            46.679954199830405
          ],
          [
            6.860402253479035,
            46.67992765900407
          ],
          [
            6.860487636465011,
            46.679888062027274
          ],
          [
            6.860547523746321,
            46.679774930121056
          ],
          [
            6.8606137510209475,
            46.679705549723444
          ],
          [
            6.86063869682184,
            46.67962201608707
          ],
          [
            6.860660972498531,
            46.67956806487371
          ],
          [
            6.860664673026992,
            46.679453396936225
          ],
          [
            6.86066271939029,
            46.67888991155911
          ],
          [
            6.860682562339666,
            46.67883243063974
          ],
          [
            6.860844190929338,
            46.67874933061682
          ],
          [
            6.8609554574822615,
            46.67862377551949
          ],
          [
            6.860990558828528,
            46.67853038907372
          ],
          [
            6.861071886409529,
            46.678442122080554
          ],
          [
            6.861039214762717,
            46.67836864082859
          ],
          [
            6.86099710771308,
            46.67830968474856
          ],
          [
            6.86126066228764,
            46.67814415204276
          ],
          [
            6.861365609461173,
            46.67809584690996
          ],
          [
            6.861558414873426,
            46.678042491140516
          ],
          [
            6.861605422890967,
            46.67799901034758
          ],
          [
            6.861626648288396,
            46.67793191982911
          ],
          [
            6.861526260366431,
            46.677884092820086
          ],
          [
            6.861477675482606,
            46.677772209062
          ],
          [
            6.861467188246651,
            46.67767509174805
          ],
          [
            6.861488442176255,
            46.67760656207872
          ],
          [
            6.861539275300187,
            46.67754637763517
          ],
          [
            6.861554727325894,
            46.6774582077863
          ],
          [
            6.861578001241978,
            46.67739508579734
          ],
          [
            6.861592001385295,
            46.6773326364071
          ],
          [
            6.861541913452789,
            46.6772500711723
          ],
          [
            6.861617488378996,
            46.677112909711646
          ],
          [
            6.8615548366789625,
            46.67698190161144
          ],
          [
            6.861510783380915,
            46.67692166743466
          ],
          [
            6.86151766095092,
            46.67685307379312
          ],
          [
            6.86160471141465,
            46.67674267894388
          ],
          [
            6.861710629442116,
            46.676710831647554
          ],
          [
            6.861764555683667,
            46.676680249803624
          ],
          [
            6.861836530368519,
            46.67659724231528
          ],
          [
            6.861912538688482,
            46.67660257546938
          ],
          [
            6.862034216082591,
            46.67654040217502
          ],
          [
            6.862155707342736,
            46.67653346168575
          ],
          [
            6.862238986869675,
            46.67649439249934
          ],
          [
            6.862340731762357,
            46.67646405274572
          ],
          [
            6.86244846473557,
            46.676422498560015
          ],
          [
            6.8625344071640395,
            46.676427701718154
          ],
          [
            6.862595597433051,
            46.67643763713638
          ],
          [
            6.862750895660479,
            46.67639804178139
          ],
          [
            6.862825012613726,
            46.6764091220265
          ],
          [
            6.86287950797192,
            46.67642181207378
          ],
          [
            6.863042812614799,
            46.676427946245774
          ],
          [
            6.863218742504991,
            46.67637657130119
          ],
          [
            6.86331906936784,
            46.67638103703395
          ],
          [
            6.86336199880666,
            46.676387551230256
          ],
          [
            6.863424982112496,
            46.676364211017955
          ],
          [
            6.863479315101073,
            46.67636763433971
          ],
          [
            6.8635397337252515,
            46.676364161688305
          ],
          [
            6.863699503354673,
            46.67640760938124
          ],
          [
            6.863829063043721,
            46.67634017553838
          ],
          [
            6.863934567183493,
            46.676350604089244
          ],
          [
            6.864028389352404,
            46.67635224764376
          ],
          [
            6.864095176322589,
            46.67633864168544
          ],
          [
            6.864139679843493,
            46.67634462379635
          ],
          [
            6.864170428426403,
            46.676353594959174
          ],
          [
            6.864179077759511,
            46.67636488333174
          ],
          [
            6.864204529745817,
            46.67638030466487
          ],
          [
            6.864300659305941,
            46.67638618764977
          ],
          [
            6.8643436611384,
            46.676384695629096
          ],
          [
            6.864378069674981,
            46.67639485466525
          ],
          [
            6.864509639975438,
            46.67639866749982
          ],
          [
            6.864522006224177,
            46.67639108354952
          ],
          [
            6.864547025339138,
            46.67638581240992
          ],
          [
            6.864558745855977,
            46.67640080451227
          ],
          [
            6.864633202193274,
            46.6763911051247
          ],
          [
            6.864669062735076,
            46.676386428424905
          ],
          [
            6.864679581705009,
            46.67636822015669
          ],
          [
            6.864800688980438,
            46.6763359069155
          ],
          [
            6.8648532586501725,
            46.67630855524133
          ],
          [
            6.864866237045568,
            46.67628030212426
          ],
          [
            6.864882983961613,
            46.67626635325987
          ],
          [
            6.8649000694319975,
            46.67623288533785
          ],
          [
            6.864945658834599,
            46.67619703340989
          ],
          [
            6.865021071346301,
            46.676184648866844
          ],
          [
            6.865032941780699,
            46.67610086841403
          ],
          [
            6.865075288276042,
            46.6760884789676
          ],
          [
            6.865077631054191,
            46.67606484097438
          ],
          [
            6.8651668390424545,
            46.6760579053692
          ],
          [
            6.865226454320252,
            46.67606847012949
          ],
          [
            6.865272411192402,
            46.67606068664389
          ],
          [
            6.86533960312914,
            46.676059316211536
          ],
          [
            6.865364115016232,
            46.676040278849264
          ],
          [
            6.8654077746742885,
            46.676038348953185
          ],
          [
            6.865445721022934,
            46.675985006558065
          ],
          [
            6.865475977596015,
            46.67595423169546
          ],
          [
            6.86551719584199,
            46.67592502335512
          ],
          [
            6.865545566044972,
            46.67591185263241
          ],
          [
            6.865542848090814,
            46.675860203369176
          ],
          [
            6.865589661314768,
            46.67582103792429
          ],
          [
            6.865654391576251,
            46.67581515703134
          ],
          [
            6.86568222761524,
            46.67576618052568
          ],
          [
            6.865772178312164,
            46.675739736424454
          ],
          [
            6.865829984851479,
            46.675759368463346
          ],
          [
            6.865948625220248,
            46.67578803272136
          ],
          [
            6.866060503530359,
            46.67573848980276
          ],
          [
            6.8661675458474525,
            46.675701255593516
          ],
          [
            6.8662416904139,
            46.675682647805516
          ],
          [
            6.866384698544473,
            46.675630742449705
          ],
          [
            6.866422440248108,
            46.67558424446393
          ],
          [
            6.866601114004069,
            46.67555698671846
          ],
          [
            6.866654078032773,
            46.67551695220644
          ],
          [
            6.866698127724505,
            46.67546715743388
          ],
          [
            6.86675296665916,
            46.67545978685161
          ],
          [
            6.86676116857195,
            46.67543815735512
          ],
          [
            6.866890557227159,
            46.6754133500186
          ],
          [
            6.8669806482233735,
            46.67538465673795
          ],
          [
            6.86703737444984,
            46.67532134198921
          ],
          [
            6.867169444170416,
            46.67529016083711
          ],
          [
            6.867249409955474,
            46.67526726369442
          ],
          [
            6.867311624275826,
            46.67519291162336
          ],
          [
            6.867409731852616,
            46.67516984463779
          ],
          [
            6.867475625018976,
            46.675168826256794
          ],
          [
            6.86754697852404,
            46.67515695940781
          ],
          [
            6.86761421301991,
            46.67511446831636
          ],
          [
            6.867671871270166,
            46.67511232898135
          ],
          [
            6.867704574036694,
            46.675084876248526
          ],
          [
            6.867734668675175,
            46.67504454650142
          ],
          [
            6.86778247354008,
            46.67504478649245
          ],
          [
            6.8677995816228545,
            46.6750213125257
          ],
          [
            6.867832124374077,
            46.67502128697066
          ],
          [
            6.867852743911643,
            46.67501177402202
          ],
          [
            6.867919217299755,
            46.675016416619435
          ],
          [
            6.867980909571459,
            46.67494188165239
          ],
          [
            6.868048208556076,
            46.674930264016716
          ],
          [
            6.8680610832039655,
            46.67491161747392
          ],
          [
            6.868120888478392,
            46.674916514359964
          ],
          [
            6.868181901060313,
            46.67489379134806
          ],
          [
            6.86820712245735,
            46.674880424256244
          ],
          [
            6.868229303948939,
            46.674896188113756
          ],
          [
            6.868306898955123,
            46.67491196003011
          ],
          [
            6.868320151975582,
            46.67493163721557
          ],
          [
            6.86834421049172,
            46.67493058842739
          ],
          [
            6.868360946568398,
            46.674917538576366
          ],
          [
            6.868383751786624,
            46.674923770045304
          ],
          [
            6.868405133048945,
            46.67494105913124
          ],
          [
            6.868426931064987,
            46.67490662478897
          ],
          [
            6.868476605138796,
            46.674917938624276
          ],
          [
            6.86849883812843,
            46.67492884498657
          ],
          [
            6.868599945241125,
            46.67494581407257
          ],
          [
            6.868634667934151,
            46.67496209050375
          ],
          [
            6.868844893967586,
            46.67501702856523
          ],
          [
            6.86889565520991,
            46.67501206537284
          ],
          [
            6.8689061579958155,
            46.67501994428855
          ],
          [
            6.868971372468573,
            46.67503241525451
          ],
          [
            6.869656578806022,
            46.67442503499419
          ],
          [
            6.870120775515415,
            46.67426578421353
          ],
          [
            6.870878356460536,
            46.67388578399832
          ],
          [
            6.871708361416167,
            46.673253008761186
          ],
          [
            6.871558965587646,
            46.67311823628303
          ],
          [
            6.871389839876613,
            46.672981916867826
          ],
          [
            6.871107623938167,
            46.672738352322376
          ],
          [
            6.870983881557065,
            46.67259893036497
          ],
          [
            6.870948368130915,
            46.67257095623085
          ],
          [
            6.870986487056834,
            46.67255009649646
          ],
          [
            6.870780348879261,
            46.672343604505855
          ],
          [
            6.870466991017603,
            46.67210429071611
          ],
          [
            6.870180384215317,
            46.67185782323216
          ],
          [
            6.870003477838188,
            46.67191460140509
          ],
          [
            6.869427802307106,
            46.671357421391356
          ],
          [
            6.869052749839515,
            46.671007866780684
          ],
          [
            6.868387236196952,
            46.67034705010494
          ],
          [
            6.868204863896121,
            46.67008103970886
          ],
          [
            6.867737139432547,
            46.669563514887635
          ],
          [
            6.867504173779398,
            46.66932342690697
          ],
          [
            6.867188982778254,
            46.66892728979088
          ],
          [
            6.867238178995155,
            46.66890918570568
          ],
          [
            6.8671677028749,
            46.668777493600906
          ],
          [
            6.8669989178408555,
            46.668526392452534
          ],
          [
            6.86684783707932,
            46.66828058861227
          ],
          [
            6.866743103280086,
            46.667904759244166
          ],
          [
            6.865980000259487,
            46.66685078158603
          ],
          [
            6.865711784867646,
            46.666501384785654
          ],
          [
            6.865356191020125,
            46.666024445812965
          ],
          [
            6.864394249952479,
            46.66476336161049
          ],
          [
            6.866377005336767,
            46.663952433384175
          ],
          [
            6.868333956345761,
            46.66296900083887
          ],
          [
            6.86725235489219,
            46.66211331851886
          ],
          [
            6.868005493473221,
            46.660766541860234
          ],
          [
            6.8673479918397735,
            46.66010009069996
          ],
          [
            6.865870895022922,
            46.658941876270845
          ],
          [
            6.865555366516462,
            46.65909050624507
          ],
          [
            6.864715752255496,
            46.65845173684003
          ],
          [
            6.864502805260943,
            46.658585067198395
          ],
          [
            6.864290466173936,
            46.65871029505556
          ],
          [
            6.8641406032556604,
            46.658759662182234
          ],
          [
            6.863978935334552,
            46.65876432349164
          ],
          [
            6.863782274830979,
            46.65875462132005
          ],
          [
            6.863453582694435,
            46.658628007668334
          ],
          [
            6.863018591735149,
            46.65838652776918
          ],
          [
            6.86166812384676,
            46.65891416488425
          ],
          [
            6.86017832447072,
            46.659687731992115
          ],
          [
            6.8593853174350325,
            46.659952028791565
          ],
          [
            6.858647269701379,
            46.65893796085456
          ],
          [
            6.858559487954517,
            46.65888776641215
          ],
          [
            6.85835245877216,
            46.658870337563634
          ],
          [
            6.858008207967985,
            46.65874947596188
          ],
          [
            6.857688526006655,
            46.658648799417676
          ],
          [
            6.857613876848162,
            46.658604608551606
          ],
          [
            6.85758801801932,
            46.65856849333252
          ],
          [
            6.85728763218704,
            46.65833729577771
          ],
          [
            6.857143954216026,
            46.65824885225066
          ],
          [
            6.856972812737338,
            46.65817502107884
          ],
          [
            6.856816899660953,
            46.6580339792639
          ],
          [
            6.856729121430671,
            46.65785064608473
          ],
          [
            6.856685317709011,
            46.65769543381867
          ],
          [
            6.856668491409386,
            46.657366192623925
          ],
          [
            6.856454027918223,
            46.657226019984016
          ],
          [
            6.856171222338213,
            46.65710160820816
          ],
          [
            6.855892204349819,
            46.65693997266402
          ],
          [
            6.855330012519006,
            46.65650621914075
          ],
          [
            6.85513868416436,
            46.656342782684476
          ],
          [
            6.854729370712007,
            46.65601667144194
          ],
          [
            6.854429231179216,
            46.65585196414706
          ],
          [
            6.853996313317759,
            46.65564311469908
          ],
          [
            6.853520636824127,
            46.65546210131461
          ],
          [
            6.851331909432488,
            46.656194351148734
          ],
          [
            6.851005880791151,
            46.65650095141391
          ],
          [
            6.850834904653968,
            46.65643718705256
          ],
          [
            6.850402565905126,
            46.6566106382004
          ],
          [
            6.849857855361878,
            46.65679466953671
          ],
          [
            6.848059976401741,
            46.65745949610022
          ],
          [
            6.847785220956059,
            46.657304348675986
          ],
          [
            6.847435198785189,
            46.65746373322909
          ],
          [
            6.846916152901958,
            46.65768844598334
          ],
          [
            6.845215787685727,
            46.65839043819503
          ],
          [
            6.844561318590614,
            46.6579190059284
          ],
          [
            6.844258854792088,
            46.6576825542703
          ],
          [
            6.844174119790487,
            46.65771287677868
          ],
          [
            6.843982298215842,
            46.657822971423435
          ],
          [
            6.843854817640065,
            46.657952383470686
          ],
          [
            6.843654802851512,
            46.65802222358405
          ],
          [
            6.84342418960677,
            46.65813103478119
          ],
          [
            6.843289510457925,
            46.65823656970686
          ],
          [
            6.842937763534252,
            46.658370563401604
          ],
          [
            6.842165818116283,
            46.658838974186644
          ],
          [
            6.842439847446447,
            46.65912988664942
          ],
          [
            6.8428170638952075,
            46.65951955513386
          ],
          [
            6.843486099350482,
            46.66019859712099
          ],
          [
            6.844114364456668,
            46.66084406553125
          ],
          [
            6.84435500911638,
            46.6614047438085
          ],
          [
            6.844367714145225,
            46.661938700340265
          ],
          [
            6.844732487129542,
            46.6623448493879
          ],
          [
            6.845198872619765,
            46.66283850774625
          ],
          [
            6.845427771202118,
            46.663411635361214
          ],
          [
            6.845629128422742,
            46.66386380563
          ],
          [
            6.845836423637003,
            46.664238552890836
          ],
          [
            6.845691165255147,
            46.66467758963296
          ],
          [
            6.845528060018751,
            46.66506156894145
          ],
          [
            6.844791056722192,
            46.66569757317098
          ],
          [
            6.844741386895071,
            46.665758224099555
          ],
          [
            6.843986661630991,
            46.66656684938839
          ],
          [
            6.843067516599283,
            46.66729230637039
          ],
          [
            6.840562006804556,
            46.668891197731085
          ],
          [
            6.838271172387948,
            46.66961896510441
          ],
          [
            6.837595302289739,
            46.669478937872526
          ],
          [
            6.83686826256687,
            46.669335316391575
          ],
          [
            6.834575462561976,
            46.66929846643319
          ],
          [
            6.833302970406221,
            46.66915679902046
          ],
          [
            6.832769967039024,
            46.66916638359774
          ],
          [
            6.832613721461484,
            46.66913901347253
          ],
          [
            6.8321871868502315,
            46.669035555007206
          ],
          [
            6.83201958977968,
            46.66902990230179
          ],
          [
            6.831556972486849,
            46.66904398571871
          ],
          [
            6.8312876404656055,
            46.669045435174425
          ],
          [
            6.831104115920406,
            46.669038427646655
          ],
          [
            6.8309132963448045,
            46.66900737110247
          ],
          [
            6.830731672212669,
            46.668958182926154
          ],
          [
            6.830345487082834,
            46.66882425762481
          ],
          [
            6.830025594755048,
            46.668800425348344
          ],
          [
            6.829951616987946,
            46.66880281807777
          ],
          [
            6.828136504378556,
            46.668550786345094
          ],
          [
            6.828055005188209,
            46.668501960457725
          ],
          [
            6.828023752127843,
            46.668571869781985
          ],
          [
            6.8280543716839075,
            46.66863860298155
          ],
          [
            6.828062741613486,
            46.66868415758285
          ],
          [
            6.828193600679933,
            46.66888618572851
          ],
          [
            6.828217485808728,
            46.668934891165605
          ],
          [
            6.828227203597754,
            46.66900106232285
          ],
          [
            6.828273112742142,
            46.66903090486941
          ],
          [
            6.82832675892452,
            46.669106829329955
          ],
          [
            6.8283449905004465,
            46.6691597414083
          ],
          [
            6.828394830549583,
            46.66920021102653
          ],
          [
            6.828387245896426,
            46.66922490872159
          ],
          [
            6.8285523486717565,
            46.669508612970226
          ],
          [
            6.828719100808766,
            46.66969293143333
          ],
          [
            6.828791084968908,
            46.66978713448973
          ],
          [
            6.8288457039283275,
            46.66984536021448
          ],
          [
            6.828864288850328,
            46.66990060400383
          ],
          [
            6.828895167489454,
            46.66993189497605
          ],
          [
            6.828990111159337,
            46.67000661920207
          ],
          [
            6.8290481400247875,
            46.67011001292521
          ],
          [
            6.829045651442088,
            46.670202925988335
          ],
          [
            6.82907404680636,
            46.67026892730684
          ],
          [
            6.829045763694707,
            46.67028541788853
          ],
          [
            6.8290495726438305,
            46.670341482012844
          ],
          [
            6.829033205795141,
            46.67040203482581
          ],
          [
            6.829065290330874,
            46.670453833594
          ],
          [
            6.829056173917362,
            46.67048571974281
          ],
          [
            6.829101227900479,
            46.670511599215374
          ],
          [
            6.829094365524197,
            46.67054061879939
          ],
          [
            6.829110364921736,
            46.670593419823305
          ],
          [
            6.829100283779032,
            46.67065282788859
          ],
          [
            6.829079717512751,
            46.670726483039225
          ],
          [
            6.829164475021393,
            46.670846941019924
          ],
          [
            6.829212868822122,
            46.67090108509088
          ],
          [
            6.829234105631835,
            46.67095301458403
          ],
          [
            6.829256712138327,
            46.67104561233236
          ],
          [
            6.829234301865249,
            46.671085883287695
          ],
          [
            6.829223883773367,
            46.6711173126837
          ],
          [
            6.829248355577002,
            46.67116053360349
          ],
          [
            6.829227059835334,
            46.67119469340029
          ],
          [
            6.829266750244572,
            46.671255789519385
          ],
          [
            6.829302074330128,
            46.671494996631466
          ],
          [
            6.829250646820007,
            46.671593494706286
          ],
          [
            6.829218665250036,
            46.67161340190085
          ],
          [
            6.829211600801353,
            46.671671836601476
          ],
          [
            6.8292477729524155,
            46.67169738954047
          ],
          [
            6.829239485530429,
            46.671759964742435
          ],
          [
            6.829255635725902,
            46.67178792020644
          ],
          [
            6.829248172229089,
            46.67182386332474
          ],
          [
            6.829210477175746,
            46.671841670871714
          ],
          [
            6.829203721859893,
            46.67189587921173
          ],
          [
            6.8292222906593665,
            46.67192953297305
          ],
          [
            6.829143000968847,
            46.671984072246595
          ],
          [
            6.829126964076254,
            46.67200386696433
          ],
          [
            6.829128877879873,
            46.67201952987549
          ],
          [
            6.829049985582885,
            46.67214288891683
          ],
          [
            6.829014941262859,
            46.672225552176684
          ],
          [
            6.828937292383761,
            46.67236601877999
          ],
          [
            6.82891213974397,
            46.67254463003185
          ],
          [
            6.828920094435166,
            46.672592350303006
          ],
          [
            6.828883542788905,
            46.67264648882481
          ],
          [
            6.828702269312682,
            46.67283209816192
          ],
          [
            6.828594626671724,
            46.672862826093656
          ],
          [
            6.828560580227722,
            46.67289187973176
          ],
          [
            6.8284485712022205,
            46.673113132668234
          ],
          [
            6.828395717818879,
            46.673187244151045
          ],
          [
            6.828285411769228,
            46.67322227547577
          ],
          [
            6.828175984336961,
            46.67324895433313
          ],
          [
            6.828129245851299,
            46.67326777448422
          ],
          [
            6.82809579115235,
            46.67330222862847
          ],
          [
            6.82810107926863,
            46.67338915623232
          ],
          [
            6.828088619547813,
            46.67343919582326
          ],
          [
            6.828022220950331,
            46.67348606716549
          ],
          [
            6.8278147981364805,
            46.67352229474685
          ],
          [
            6.827488781451314,
            46.673563641997404
          ],
          [
            6.827365957179203,
            46.67365483777538
          ],
          [
            6.827243371667412,
            46.673735320733996
          ],
          [
            6.827107125998973,
            46.67378840093414
          ],
          [
            6.82665386987003,
            46.67391695029483
          ],
          [
            6.826601477925057,
            46.67396165623975
          ],
          [
            6.82655397610506,
            46.674036065553885
          ],
          [
            6.826468071999767,
            46.67408561970837
          ],
          [
            6.826251703760574,
            46.67408069459357
          ],
          [
            6.826181647844923,
            46.67412717635231
          ],
          [
            6.826158281646305,
            46.67426387631214
          ],
          [
            6.826096906632962,
            46.67440893553611
          ],
          [
            6.826003307642327,
            46.67450297700365
          ],
          [
            6.825977391395522,
            46.674552404134424
          ],
          [
            6.825830790513031,
            46.67467567507381
          ],
          [
            6.8257061940782116,
            46.674760193660354
          ],
          [
            6.8256651311369785,
            46.67485433806627
          ],
          [
            6.825524087427374,
            46.67496000684115
          ],
          [
            6.825320806092746,
            46.67503475417651
          ],
          [
            6.82521877218183,
            46.67513477669089
          ],
          [
            6.825199505766699,
            46.67520843815965
          ]
        ]
      }
    }
  ]
}