{
  "type": "FeatureCollection",
  "features": [
    {
      "type": "Feature",
      "properties": {
        "bfs_nummer": 6010,
        "segment_length_m": 0.32181686037087703
      },
      "geometry": {
        "type": "LineString",
        "coordinates": [
          [
            8.002675901935941,
            46.3229485513937
          ],
          [
            8.007261486709172,
            46.32528280711314
          ],
          [
            8.00768764275772,
            46.32540547706805
          ],
          [
            8.009772837563029,
            46.32607351157299
          ],
          [
            8.010143183235645,
            46.32624948415913
          ],
          [
            8.01122336411536,
            46.326857199985405
          ],
          [
            8.012210565534948,
            46.327931631902786
          ],
          [
            8.012712651203387,
            46.328864786306724
          ],
          [
            8.013012710499254,
            46.329636416096285
          ],
          [
            8.01369876836137,
            46.331074768501075
          ],
          [
            8.014428442961563,
            46.332875932709634
          ],
          [
            8.014573391006877,
            46.333163019227264
          ],
          [
            8.015046106944911,
            46.333735515666824
          ],
          [
            8.015618526110623,
            46.33433766593859
          ],
          [
            8.016129180338885,
            46.33471874865684
          ],
          [
            8.017393464178882,
            46.33550367712111
          ],
          [
            8.018209693023493,
            46.33596308252502
          ],
          [
            8.018730181299913,
            46.336388722943134
          ],
          [
            8.01948609349064,
            46.337133956912545
          ],
          [
            8.019725386719669,
            46.33733846628512
          ],
          [
            8.020219652905723,
            46.33769625256725
          ],
          [
            8.02123135665062,
            46.33822329907935
          ],
          [
            8.02213866500063,
            46.338370051580334
          ],
          [
            8.022446710009532,
            46.33845376462295
          ],
          [
            8.024823508397445,
            46.339285952478406
          ],
          [
            8.026058474995772,
            46.34012489426529
          ],
          [
            8.026307878258459,
            46.34038882729656
          ],
          [
            8.026432993239345,
            46.34064547886092
          ],
          [
            8.026519287054976,
            46.340929894973215
          ],
          [
            8.026543271745577,
            46.34112881344542
          ],
          [
            8.026509077773138,
            46.3413552551236
          ],
          [
            8.026187638150805,
            46.342054839703394
          ],
          [
            8.0261317064569,
            46.34239266394153
          ],
          [
            8.026320635563057,
            46.34324854238282
          ],
          [
            8.026593698879447,
            46.34379994153201
          ],
          [
            8.02687276660305,
            46.344043703764385
          ],
          [
            8.02761254886523,
            46.34449679111582
          ],
          [
            8.027529250335748,
            46.34454519881656
          ],
          [
            8.028072247103104,
            46.344889087572945
          ],
          [
            8.028598424924093,
            46.34519070866226
          ],
          [
            8.029525740081802,
            46.34556296030233
          ],
          [
            8.030025798940532,
            46.34516127784566
          ],
          [
            8.03035082622539,
            46.345001965227496
          ],
          [
            8.030554527210139,
            46.34491549507362
          ],
          [
            8.030870869412654,
            46.34477362432673
          ],
          [
            8.031302550836063,
            46.34463218438066
          ],
          [
            8.031739427366364,
            46.34447896697582
          ],
          [
            8.032254184475574,
            46.34436472413635
          ],
          [
            8.03255517996017,
            46.34423014369096
          ],
          [
            8.03281654621729,
            46.344188625655796
          ],
          [
            8.032991550131957,
            46.344120347212304
          ],
          [
            8.033245941831591,
            46.34395781609903
          ],
          [
            8.033616292696486,
            46.34382996681584
          ],
          [
            8.033965511476978,
            46.343734486522614
          ],
          [
            8.034165432193058,
            46.3436833385218
          ],
          [
            8.03433580770533,
            46.343603126759646
          ],
          [
            8.034523797493637,
            46.34350996704199
          ],
          [
            8.034675726025103,
            46.34347826757835
          ],
          [
            8.034868309488147,
            46.34337056377166
          ],
          [
            8.035126007078729,
            46.343311301783636
          ],
          [
            8.035297367777217,
            46.343220486221895
          ],
          [
            8.03543985573086,
            46.34311221742952
          ],
          [
            8.035544810681209,
            46.34299629265295
          ],
          [
            8.03563948974212,
            46.34293826544663
          ],
          [
            8.035882733118934,
            46.34298597597112
          ],
          [
            8.036057153075339,
            46.34299057151692
          ],
          [
            8.036374198748959,
            46.34290674101731
          ],
          [
            8.036663116902215,
            46.34281894686978
          ],
          [
            8.036840944531162,
            46.34281100095332
          ],
          [
            8.037160892164433,
            46.34266294926421
          ],
          [
            8.037319656707355,
            46.34262249312666
          ],
          [
            8.037536608699023,
            46.34260877105585
          ],
          [
            8.037854479894708,
            46.342661561604
          ],
          [
            8.038066663582754,
            46.34273021209803
          ],
          [
            8.03822262458636,
            46.34279719843696
          ],
          [
            8.03857622709771,
            46.34278132127989
          ],
          [
            8.03874675460489,
            46.342740441056364
          ],
          [
            8.03887379633465,
            46.34267274016102
          ],
          [
            8.038950800563354,
            46.34259423013337
          ],
          [
            8.039050743750009,
            46.34248279056014
          ],
          [
            8.039176567477485,
            46.342397805667275
          ],
          [
            8.039380471753816,
            46.342306010854564
          ],
          [
            8.039632049452807,
            46.34221690462355
          ],
          [
            8.039854417949002,
            46.34216930684133
          ],
          [
            8.040044096946334,
            46.34215031804377
          ],
          [
            8.040250280225752,
            46.34208275349177
          ],
          [
            8.040355428733559,
            46.341957251534225
          ],
          [
            8.040421117393336,
            46.34182602164542
          ],
          [
            8.040555262510932,
            46.34170339719682
          ],
          [
            8.040667236308071,
            46.34161142238039
          ],
          [
            8.040762383523782,
            46.34149901718748
          ],
          [
            8.04080520924191,
            46.34142754226293
          ],
          [
            8.041048434547369,
            46.34125102813935
          ],
          [
            8.041186350664386,
            46.341178274112785
          ],
          [
            8.041406937220414,
            46.34115908275621
          ],
          [
            8.041652097045501,
            46.341074144223306
          ],
          [
            8.041812389041501,
            46.34097771916096
          ],
          [
            8.04198490846639,
            46.34069798244466
          ],
          [
            8.04212509013156,
            46.34062596186267
          ],
          [
            8.042199649253941,
            46.340540823631734
          ],
          [
            8.042318382739564,
            46.34046385230224
          ],
          [
            8.04244517253661,
            46.340331054400686
          ],
          [
            8.042624026945063,
            46.34008773430592
          ],
          [
            8.0427722143989,
            46.340002329347
          ],
          [
            8.042861208470041,
            46.33991309258251
          ],
          [
            8.043022929206158,
            46.33974120060002
          ],
          [
            8.043148232161318,
            46.33966891620657
          ],
          [
            8.043271944155618,
            46.33962880048115
          ],
          [
            8.04354423840545,
            46.33970133015148
          ],
          [
            8.04382485171095,
            46.339810545001974
          ],
          [
            8.044060586148557,
            46.33984588165646
          ],
          [
            8.044437908688689,
            46.33985193533071
          ],
          [
            8.044515500194146,
            46.339813225155474
          ],
          [
            8.044570839389223,
            46.339732308173424
          ],
          [
            8.044742030498957,
            46.339699781480256
          ],
          [
            8.045003463111154,
            46.339714738011544
          ],
          [
            8.045232164954198,
            46.339609791850975
          ],
          [
            8.04558371428447,
            46.33937007676323
          ],
          [
            8.045708013782386,
            46.339309507543376
          ],
          [
            8.045816312668634,
            46.33932468837239
          ],
          [
            8.046063452402905,
            46.33937998463248
          ],
          [
            8.04647012728801,
            46.33949654177216
          ],
          [
            8.046661681829523,
            46.33953364817727
          ],
          [
            8.046828168089277,
            46.339545151484586
          ],
          [
            8.047090306837699,
            46.33952687755554
          ],
          [
            8.047600308459858,
            46.33953432253522
          ],
          [
            8.047811854623523,
            46.339547192609956
          ],
          [
            8.047921634203686,
            46.339547205384605
          ],
          [
            8.048068209755247,
            46.339528614644266
          ],
          [
            8.048298951087958,
            46.33944398201962
          ],
          [
            8.048510711676528,
            46.339341639151755
          ],
          [
            8.048611209523376,
            46.339320138016866
          ],
          [
            8.048723802926999,
            46.33931514214691
          ],
          [
            8.049022225510615,
            46.33934045150949
          ],
          [
            8.049306673636154,
            46.33931610602861
          ],
          [
            8.049463391611932,
            46.33925699528222
          ],
          [
            8.049657807401179,
            46.33922034181203
          ],
          [
            8.050041560248658,
            46.339219865080445
          ],
          [
            8.050282196183225,
            46.33918388782862
          ],
          [
            8.050479521633482,
            46.339094222391026
          ],
          [
            8.050746444235573,
            46.339005062439206
          ],
          [
            8.050933027736187,
            46.33900199477561
          ],
          [
            8.051100044246027,
            46.33901912036641
          ],
          [
            8.051227557311758,
            46.33897232739961
          ],
          [
            8.051437941173798,
            46.33884182028659
          ],
          [
            8.051648595257232,
            46.33880450886157
          ],
          [
            8.051801231977501,
            46.33875355821742
          ],
          [
            8.052336968855677,
            46.33845818447049
          ],
          [
            8.05248326967742,
            46.338404136623375
          ],
          [
            8.052637962442558,
            46.338404315415694
          ],
          [
            8.052922435309041,
            46.3384505695236
          ],
          [
            8.053146937365128,
            46.33844013198366
          ],
          [
            8.053304916426868,
            46.338406998211944
          ],
          [
            8.053870280020853,
            46.33840430016574
          ],
          [
            8.054350149453864,
            46.33833346990467
          ],
          [
            8.054981999306818,
            46.33828034295955
          ],
          [
            8.055416860074939,
            46.338185301992446
          ],
          [
            8.0557700998513,
            46.33799971912367
          ],
          [
            8.056046607967271,
            46.33793354192533
          ],
          [
            8.056100399627015,
            46.337889591810345
          ],
          [
            8.056126015925175,
            46.337840721455784
          ],
          [
            8.056039119542305,
            46.337549655434685
          ],
          [
            8.056071893262574,
            46.337466561667114
          ],
          [
            8.056155208858394,
            46.337372505442595
          ],
          [
            8.056316357047661,
            46.337303213622384
          ],
          [
            8.056494554460064,
            46.3372541773867
          ],
          [
            8.056699774938837,
            46.337221869856585
          ],
          [
            8.056984372131453,
            46.33713993038696
          ],
          [
            8.057117389065688,
            46.33714623053785
          ],
          [
            8.057392769189883,
            46.33720974117045
          ],
          [
            8.057448138912923,
            46.3372076127603
          ],
          [
            8.05758531068353,
            46.33718524671293
          ],
          [
            8.057889560504105,
            46.33707736140601
          ],
          [
            8.058045636218806,
            46.337046480355006
          ],
          [
            8.058262693110573,
            46.33705231992247
          ],
          [
            8.058540113711146,
            46.33707941017458
          ],
          [
            8.058741804054351,
            46.337081662524646
          ],
          [
            8.059251964408423,
            46.33698192174327
          ],
          [
            8.05970538725458,
            46.336846550863534
          ],
          [
            8.059865796274135,
            46.33682791397241
          ],
          [
            8.060019183409699,
            46.33683696877061
          ],
          [
            8.06030895433,
            46.33687987376282
          ],
          [
            8.060508978218815,
            46.336861387530995
          ],
          [
            8.060831623476279,
            46.33677612602191
          ],
          [
            8.061045929523031,
            46.336689200521946
          ],
          [
            8.061356532776317,
            46.33658916037201
          ],
          [
            8.061493318141707,
            46.33650951472952
          ],
          [
            8.061804023272718,
            46.33648313130212
          ],
          [
            8.062100231673412,
            46.33630023492361
          ],
          [
            8.062355101374864,
            46.33608365963404
          ],
          [
            8.062932872827448,
            46.33577006613785
          ],
          [
            8.063050762425393,
            46.33577574992796
          ],
          [
            8.063207750816417,
            46.33582943626303
          ],
          [
            8.06337807718495,
            46.33585931765518
          ],
          [
            8.063669593464763,
            46.33584750026429
          ],
          [
            8.064037710318987,
            46.33589546917367
          ],
          [
            8.06456282462356,
            46.3359085475398
          ],
          [
            8.065048009959877,
            46.335845648738236
          ],
          [
            8.065229492672296,
            46.335754812496624
          ],
          [
            8.06538183210338,
            46.33569680126552
          ],
          [
            8.065703539959665,
            46.33563511826034
          ],
          [
            8.065922472937551,
            46.335546160770825
          ],
          [
            8.06613912062587,
            46.335405533972946
          ],
          [
            8.066303606606485,
            46.33531532983572
          ],
          [
            8.066855363875517,
            46.335342796400866
          ],
          [
            8.067198094357675,
            46.33542265130393
          ],
          [
            8.067470034768174,
            46.33546133677609
          ],
          [
            8.067969805658842,
            46.33547429701902
          ],
          [
            8.068577715204558,
            46.335439335618894
          ],
          [
            8.068813008946263,
            46.33544692472589
          ],
          [
            8.069000638720514,
            46.33545904248279
          ],
          [
            8.069249592923379,
            46.335366718017944
          ],
          [
            8.069399857836107,
            46.335345299289024
          ],
          [
            8.069519920219182,
            46.33529759146659
          ],
          [
            8.069837932245047,
            46.33509487923134
          ],
          [
            8.070507069292594,
            46.33478576668234
          ],
          [
            8.071620501375474,
            46.33423262046441
          ],
          [
            8.072440492069264,
            46.33392361640755
          ],
          [
            8.072900555786335,
            46.3337612843965
          ],
          [
            8.073610915446093,
            46.3334373762267
          ],
          [
            8.074571895400856,
            46.333022755185084
          ],
          [
            8.074791132132681,
            46.332853085270244
          ],
          [
            8.074938861916854,
            46.332766722801175
          ],
          [
            8.07519047748718,
            46.33262850898816
          ],
          [
            8.075394074131097,
            46.33242109786355
          ],
          [
            8.075597228275935,
            46.33216494893729
          ],
          [
            8.075795686004113,
            46.332034634030386
          ],
          [
            8.076127253570704,
            46.33185081808342
          ],
          [
            8.076381198540751,
            46.33175792794007
          ],
          [
            8.076579939252792,
            46.33165423798349
          ],
          [
            8.07668962465177,
            46.33149922351871
          ],
          [
            8.076968744069521,
            46.33140377041783
          ],
          [
            8.077154823632242,
            46.33109903784717
          ],
          [
            8.077065744194224,
            46.33088293577203
          ],
          [
            8.077120088642983,
            46.33064695440753
          ],
          [
            8.07721030482829,
            46.33046437763003
          ],
          [
            8.07725823742281,
            46.33028960460908
          ],
          [
            8.07727446546076,
            46.32997509659838
          ],
          [
            8.07731007095653,
            46.329860935587426
          ],
          [
            8.077395557902559,
            46.32973251378315
          ],
          [
            8.07743935669042,
            46.32952874312363
          ],
          [
            8.077532410886489,
            46.329248625255964
          ],
          [
            8.07758413628566,
            46.32918685550965
          ],
          [
            8.077697310545876,
            46.32913049666281
          ],
          [
            8.077874141600168,
            46.328792314173285
          ],
          [
            8.078009050452245,
            46.3286882079899
          ],
          [
            8.078067803240248,
            46.328606814242605
          ],
          [
            8.078023709505729,
            46.328398609423644
          ],
          [
            8.078036274525017,
            46.3281661827795
          ],
          [
            8.078015772092067,
            46.32789131999575
          ],
          [
            8.077982064778325,
            46.327778971126314
          ],
          [
            8.077908678701103,
            46.32767483444889
          ],
          [
            8.077979898936109,
            46.32762344379629
          ],
          [
            8.078090391410802,
            46.327559093291605
          ],
          [
            8.078299452146917,
            46.32748759237948
          ],
          [
            8.07841417531989,
            46.32742638424238
          ],
          [
            8.078536552046142,
            46.327315952048224
          ],
          [
            8.078947629027438,
            46.32714514557858
          ],
          [
            8.07916964477922,
            46.32699078033912
          ],
          [
            8.079666469520461,
            46.327007996213766
          ],
          [
            8.079894778113593,
            46.326950336142126
          ],
          [
            8.080131496834467,
            46.32686370609733
          ],
          [
            8.080554221077485,
            46.326673738458105
          ],
          [
            8.081067275148646,
            46.32646665972404
          ],
          [
            8.08117135890077,
            46.326397835546615
          ],
          [
            8.08133375463358,
            46.32632525314991
          ],
          [
            8.081618033629013,
            46.32626385369935
          ],
          [
            8.082130516754775,
            46.32619357443271
          ],
          [
            8.082404756708476,
            46.326137681532096
          ],
          [
            8.082843836237622,
            46.325914336412666
          ],
          [
            8.083212012983722,
            46.325857592671476
          ],
          [
            8.08352461365167,
            46.32583058068602
          ],
          [
            8.083775832517501,
            46.32582876403768
          ],
          [
            8.08406194383554,
            46.3258609416511
          ],
          [
            8.084247150439507,
            46.32590222156605
          ],
          [
            8.084421607694253,
            46.32598306356739
          ],
          [
            8.084894845695104,
            46.32602230493779
          ],
          [
            8.085287256520374,
            46.32607736161679
          ],
          [
            8.086001865990594,
            46.32620473037862
          ],
          [
            8.086180215142846,
            46.32625768705409
          ],
          [
            8.086313389191734,
            46.32631399623754
          ],
          [
            8.086392781836073,
            46.32640990691414
          ],
          [
            8.086479384282276,
            46.32646242492021
          ],
          [
            8.086713896125259,
            46.32658504805825
          ],
          [
            8.087470292986966,
            46.32676271679089
          ],
          [
            8.087759415764607,
            46.32680615775459
          ],
          [
            8.087933110050194,
            46.32687896539121
          ],
          [
            8.088170275380586,
            46.32709939213506
          ],
          [
            8.0884401702271,
            46.327255993491235
          ],
          [
            8.088718438164193,
            46.32737312599479
          ],
          [
            8.089003545466841,
            46.32754302471548
          ],
          [
            8.08930436057829,
            46.32769281658863
          ],
          [
            8.089501839796272,
            46.32785268289836
          ],
          [
            8.089763757697046,
            46.32800292184829
          ],
          [
            8.090007991167642,
            46.32808926474865
          ],
          [
            8.090209986252722,
            46.32813366802532
          ],
          [
            8.090474281246085,
            46.328147162433666
          ],
          [
            8.090804482398152,
            46.32824100653056
          ],
          [
            8.091155499087028,
            46.32831086360185
          ],
          [
            8.091903873175726,
            46.32863145860392
          ],
          [
            8.092253071370257,
            46.32881980828964
          ],
          [
            8.09242559178462,
            46.32862648001004
          ],
          [
            8.092614692135824,
            46.32837143360316
          ],
          [
            8.092605774045945,
            46.328340386102255
          ],
          [
            8.092610809180684,
            46.32830446324935
          ],
          [
            8.092598946899374,
            46.32828559524729
          ],
          [
            8.092628974960697,
            46.32813694399167
          ],
          [
            8.092606141641534,
            46.32801996661435
          ],
          [
            8.092549768195777,
            46.32797229856472
          ],
          [
            8.09257247534166,
            46.32791355000293
          ],
          [
            8.092577147553644,
            46.32787336517053
          ],
          [
            8.09261220003031,
            46.32786179203764
          ],
          [
            8.092614299559118,
            46.3278236461356
          ],
          [
            8.092962911125191,
            46.327051383581306
          ],
          [
            8.093625048101325,
            46.32523760250608
          ],
          [
            8.093607426778076,
            46.325100624219196
          ],
          [
            8.09361906043984,
            46.3250261335696
          ],
          [
            8.094003423193337,
            46.324708378800985
          ],
          [
            8.094010891106233,
            46.32466431847705
          ],
          [
            8.093823261981376,
            46.32443299331211
          ],
          [
            8.09380355603164,
            46.32437845690662
          ],
          [
            8.093806576127179,
            46.324314406345195
          ],
          [
            8.093847063003526,
            46.32425293690091
          ],
          [
            8.094061846875974,
            46.32417206279171
          ],
          [
            8.094255287500479,
            46.324108808857616
          ],
          [
            8.094560165874043,
            46.323988613030075
          ],
          [
            8.094953224310158,
            46.32389755632247
          ],
          [
            8.095070674411131,
            46.32388263545829
          ],
          [
            8.095305958831018,
            46.3238910868592
          ],
          [
            8.095543956407344,
            46.32387904728045
          ],
          [
            8.095650733303888,
            46.32385234902436
          ],
          [
            8.095665916148763,
            46.32380641767703
          ],
          [
            8.095661381489489,
            46.323747052761355
          ],
          [
            8.095696365127374,
            46.323661262534046
          ],
          [
            8.095732446652583,
            46.32353200653458
          ],
          [
            8.095730823255908,
            46.323210608941295
          ],
          [
            8.09587799161581,
            46.323126740926185
          ],
          [
            8.096135237324605,
            46.323029450848885
          ],
          [
            8.09618756458145,
            46.322958475103384
          ],
          [
            8.096199690795471,
            46.32276931903092
          ],
          [
            8.096224658460859,
            46.322747691836604
          ],
          [
            8.096416247888989,
            46.32266405110664
          ],
          [
            8.096557899671883,
            46.32257410597012
          ],
          [
            8.096594071897396,
            46.3225191286521
          ],
          [
            8.096590582744543,
            46.32245717586343
          ],
          [
            8.09653137102463,
            46.322389366387135
          ],
          [
            8.096399011401044,
            46.32230171363969
          ],
          [
            8.096120386309963,
            46.322191870878974
          ],
          [
            8.095747578825673,
            46.32199114787374
          ],
          [
            8.095728839829452,
            46.3219339793772
          ],
          [
            8.095635078211918,
            46.32186939241805
          ],
          [
            8.095563389843605,
            46.321794017229955
          ],
          [
            8.095453841378198,
            46.32172419604548
          ],
          [
            8.095402875560447,
            46.321585297248866
          ],
          [
            8.095144709269913,
            46.32144986603327
          ],
          [
            8.095003541744102,
            46.321335634725884
          ],
          [
            8.095594218433105,
            46.32100630681144
          ],
          [
            8.095810788449727,
            46.32083596329872
          ],
          [
            8.095879848241422,
            46.32074760044585
          ],
          [
            8.09590238573525,
            46.32067750828501
          ],
          [
            8.095918140043745,
            46.32066069344771
          ],
          [
            8.095945723199117,
            46.32065465010205
          ],
          [
            8.095993121395125,
            46.32066482843086
          ],
          [
            8.096054127618503,
            46.320691174461466
          ],
          [
            8.096100087299968,
            46.32069727693408
          ],
          [
            8.0962775016941,
            46.32064888378164
          ],
          [
            8.09633334637196,
            46.32062633069005
          ],
          [
            8.096496951675123,
            46.320536600023345
          ],
          [
            8.096696179835131,
            46.32039709460406
          ],
          [
            8.096753784567374,
            46.320348343892995
          ],
          [
            8.096812616155866,
            46.32025398559404
          ],
          [
            8.096851808655332,
            46.32022771468581
          ],
          [
            8.096926230038518,
            46.320160946281725
          ],
          [
            8.096970238515512,
            46.32013352286056
          ],
          [
            8.097038039091503,
            46.320117278076964
          ],
          [
            8.097104706448796,
            46.32011253665247
          ],
          [
            8.097230344435621,
            46.32012473366261
          ],
          [
            8.097360674273956,
            46.320149101757025
          ],
          [
            8.097427200483727,
            46.32013699328578
          ],
          [
            8.097451625337404,
            46.32012000187814
          ],
          [
            8.097461850667932,
            46.320119501625086
          ],
          [
            8.097500907530849,
            46.3201303035595
          ],
          [
            8.097617441516379,
            46.32012194337031
          ],
          [
            8.097723336090707,
            46.32010562956036
          ],
          [
            8.097773457859951,
            46.320105922750884
          ],
          [
            8.097841905402563,
            46.32012915691604
          ],
          [
            8.097911038954221,
            46.3201489955781
          ],
          [
            8.09794768146662,
            46.32015127425574
          ],
          [
            8.097954409107542,
            46.32010858534273
          ],
          [
            8.0979719595388,
            46.320073983779764
          ],
          [
            8.098047742869195,
            46.319991166936745
          ],
          [
            8.098178856750323,
            46.31992492238183
          ],
          [
            8.098239153349317,
            46.319878809039345
          ],
          [
            8.098303151829404,
            46.31985637842491
          ],
          [
            8.098441368313857,
            46.31971314990476
          ],
          [
            8.098487217054492,
            46.31968125318327
          ],
          [
            8.098560748395075,
            46.31956061216309
          ],
          [
            8.09863915552858,
            46.31950583798358
          ],
          [
            8.098675996094043,
            46.319489160815166
          ],
          [
            8.098716343936958,
            46.31948118027332
          ],
          [
            8.098770410222539,
            46.31948451765755
          ],
          [
            8.09882026030865,
            46.31945819296492
          ],
          [
            8.098780264927793,
            46.31938394856087
          ],
          [
            8.098756118278702,
            46.31937244848366
          ],
          [
            8.098755057721513,
            46.319295755242514
          ],
          [
            8.09876935150879,
            46.3192603359013
          ],
          [
            8.098826848359389,
            46.319189040910075
          ],
          [
            8.098826613295918,
            46.319025253124174
          ],
          [
            8.098815166326796,
            46.31896573068422
          ],
          [
            8.098834191964814,
            46.31880456544548
          ],
          [
            8.098871913041922,
            46.31868932351582
          ],
          [
            8.098913507516203,
            46.318608675395026
          ],
          [
            8.099016208271404,
            46.318509229453994
          ],
          [
            8.099064927738919,
            46.31838879566811
          ],
          [
            8.099107688749928,
            46.31833475967326
          ],
          [
            8.099170940761324,
            46.318280973044736
          ],
          [
            8.099514013242555,
            46.31818009814849
          ],
          [
            8.099755563617109,
            46.31806190367582
          ],
          [
            8.09986046256844,
            46.31798863132429
          ],
          [
            8.099928762218855,
            46.31791547352737
          ],
          [
            8.100051513561999,
            46.31771732304358
          ],
          [
            8.10010660931414,
            46.31757590001569
          ],
          [
            8.100152038401296,
            46.317410433259475
          ],
          [
            8.10017816793559,
            46.317293576307314
          ],
          [
            8.100222796148707,
            46.317195736717196
          ],
          [
            8.100969893636702,
            46.316671055480064
          ],
          [
            8.100958544892162,
            46.31653444641383
          ],
          [
            8.100964281340486,
            46.316469228257446
          ],
          [
            8.101137351772355,
            46.31602619162746
          ],
          [
            8.101214540939061,
            46.315992500244306
          ],
          [
            8.101279246313913,
            46.31569284470549
          ],
          [
            8.10133723158027,
            46.315663286734605
          ],
          [
            8.101572954776943,
            46.315420798402315
          ],
          [
            8.101912904506902,
            46.315237081707394
          ],
          [
            8.102221792109917,
            46.31502421912121
          ],
          [
            8.102778427436425,
            46.314450911430825
          ],
          [
            8.103156099995928,
            46.31411141188505
          ],
          [
            8.102788354774335,
            46.31391460481929
          ],
          [
            8.102635775247396,
            46.3136862554128
          ],
          [
            8.10261587360857,
            46.31356822827489
          ],
          [
            8.102470622361558,
            46.313497705581106
          ],
          [
            8.102375358203968,
            46.31326794048798
          ],
          [
            8.102078272902803,
            46.3131617471731
          ],
          [
            8.101993567360049,
            46.31311205477308
          ],
          [
            8.101970799156932,
            46.31307395530741
          ],
          [
            8.101872944770383,
            46.31303401044435
          ],
          [
            8.10158790117636,
            46.312965501348174
          ],
          [
            8.101390892346986,
            46.312847007887676
          ],
          [
            8.101042529595638,
            46.31255194508852
          ],
          [
            8.101020783249256,
            46.31249853735994
          ],
          [
            8.101036031053349,
            46.312457507665556
          ],
          [
            8.101547865035588,
            46.312050443103544
          ],
          [
            8.101550833067748,
            46.31204365178978
          ],
          [
            8.101481930514487,
            46.31185664239764
          ],
          [
            8.101442004829197,
            46.31175918900831
          ],
          [
            8.10144999316732,
            46.311727584496694
          ],
          [
            8.101411164500721,
            46.31165196683534
          ],
          [
            8.101405525571915,
            46.31161641186266
          ],
          [
            8.10137313430775,
            46.31156409201288
          ],
          [
            8.101367822164331,
            46.311537243202125
          ],
          [
            8.101403672253129,
            46.31131403299225
          ],
          [
            8.101484639224815,
            46.31110723729453
          ],
          [
            8.101505484397727,
            46.31088958437383
          ],
          [
            8.101557201340741,
            46.31084569641216
          ],
          [
            8.101618470175678,
            46.31057788842342
          ],
          [
            8.101643924671954,
            46.310514821817634
          ],
          [
            8.101662916403551,
            46.310418912847574
          ],
          [
            8.101701099755658,
            46.310330852963844
          ],
          [
            8.101696027245561,
            46.310151116671165
          ],
          [
            8.10167593878971,
            46.309892861689825
          ],
          [
            8.101656570940083,
            46.30980130635546
          ],
          [
            8.101662154951345,
            46.30969601211738
          ],
          [
            8.101691818767756,
            46.30963006015343
          ],
          [
            8.101720912783518,
            46.309328840554265
          ],
          [
            8.10181458488924,
            46.30902943794333
          ],
          [
            8.101840794117502,
            46.30898150704764
          ],
          [
            8.10184884160399,
            46.308905822026425
          ],
          [
            8.10185374402622,
            46.30889693232018
          ],
          [
            8.10188990670685,
            46.308825319789115
          ],
          [
            8.101879708583903,
            46.308728844003
          ],
          [
            8.101902900401868,
            46.30865596700856
          ],
          [
            8.101844800459016,
            46.30857857318745
          ],
          [
            8.101810163330859,
            46.3085069613229
          ],
          [
            8.10179259372392,
            46.30842126984134
          ],
          [
            8.10181990049752,
            46.308255737526586
          ],
          [
            8.101795249693712,
            46.308195069239744
          ],
          [
            8.101938203130349,
            46.307998498545544
          ],
          [
            8.101980985016803,
            46.30788958601994
          ],
          [
            8.102011602215802,
            46.307735854943736
          ],
          [
            8.102220872885125,
            46.30747749819365
          ],
          [
            8.10227957859992,
            46.30736622529458
          ],
          [
            8.102340455690817,
            46.307325494844605
          ],
          [
            8.102456164894967,
            46.3070677847131
          ],
          [
            8.102417750725001,
            46.30693128942174
          ],
          [
            8.102151559454507,
            46.30684884470505
          ],
          [
            8.102080776924854,
            46.3067798105656
          ],
          [
            8.10189332774138,
            46.306778236408924
          ],
          [
            8.101883308762233,
            46.30677948253269
          ],
          [
            8.10184859156226,
            46.30681835035993
          ],
          [
            8.10165153866829,
            46.30681163236962
          ],
          [
            8.101270709410242,
            46.30676384315323
          ],
          [
            8.100834799816866,
            46.3065653867173
          ],
          [
            8.10065523144778,
            46.30653186482899
          ],
          [
            8.100435138798805,
            46.30641628451311
          ],
          [
            8.100298798720566,
            46.306318863215616
          ],
          [
            8.10008918485484,
            46.30625467782756
          ],
          [
            8.099503306445788,
            46.306028520761586
          ],
          [
            8.099020309735138,
            46.30596004458813
          ],
          [
            8.09891467480746,
            46.305869234580506
          ],
          [
            8.098852331526137,
            46.305778514024276
          ],
          [
            8.09883613557454,
            46.30568147922829
          ],
          [
            8.098879034490945,
            46.305557247135404
          ],
          [
            8.098486932133424,
            46.30533463321325
          ],
          [
            8.098097000534718,
            46.30529192413875
          ],
          [
            8.097767063457232,
            46.30484404732265
          ],
          [
            8.097567796679229,
            46.304467386086074
          ],
          [
            8.096822751030274,
            46.304039912338716
          ],
          [
            8.095801352638182,
            46.303299179453695
          ],
          [
            8.095319294699838,
            46.3031490530638
          ],
          [
            8.093621205259359,
            46.30225929069062
          ],
          [
            8.092317595768359,
            46.30179004534197
          ],
          [
            8.091693348087139,
            46.301685694765126
          ],
          [
            8.090458971943344,
            46.30157585733764
          ],
          [
            8.08995904653259,
            46.30139761784731
          ],
          [
            8.089905552340259,
            46.30140582385011
          ],
          [
            8.089812714930899,
            46.30139540052902
          ],
          [
            8.0896130949977,
            46.301342653260974
          ],
          [
            8.08956329281954,
            46.30133615652309
          ],
          [
            8.08951634798698,
            46.30132113319328
          ],
          [
            8.089408589771425,
            46.30130681907382
          ],
          [
            8.089364699883797,
            46.30130955409222
          ],
          [
            8.089206343055057,
            46.301269883039545
          ],
          [
            8.089164166508684,
            46.30127044911641
          ],
          [
            8.089062543057162,
            46.30125573959967
          ],
          [
            8.088921118948523,
            46.30121666360769
          ],
          [
            8.08886068641525,
            46.3012133941553
          ],
          [
            8.088791552026088,
            46.301228121499356
          ],
          [
            8.088682115261902,
            46.301239499708196
          ],
          [
            8.088615947756578,
            46.30123965450181
          ],
          [
            8.088555356766394,
            46.30125137301684
          ],
          [
            8.088517989267066,
            46.30125140748862
          ],
          [
            8.088460193802712,
            46.30123419699141
          ],
          [
            8.08838782754422,
            46.301200022755125
          ],
          [
            8.088352635002945,
            46.301199585904335
          ],
          [
            8.088285256735805,
            46.30118203446139
          ],
          [
            8.088200821985359,
            46.3011719664476
          ],
          [
            8.088175895091313,
            46.301163824133035
          ],
          [
            8.088126714420731,
            46.301159347285214
          ],
          [
            8.088092814558818,
            46.301144329534104
          ],
          [
            8.087980932792837,
            46.301119404510914
          ],
          [
            8.087951384788628,
            46.30111774771561
          ],
          [
            8.08786810793545,
            46.3011024551774
          ],
          [
            8.087831937214219,
            46.30108094630628
          ],
          [
            8.087732101558094,
            46.30104521985491
          ],
          [
            8.087681630234888,
            46.30103481289627
          ],
          [
            8.087626057428098,
            46.30103415074801
          ],
          [
            8.087574974987206,
            46.301036710378604
          ],
          [
            8.087519504273619,
            46.301010867984594
          ],
          [
            8.087359896670991,
            46.30095972271831
          ],
          [
            8.087196713457018,
            46.30092109304761
          ],
          [
            8.087111673031714,
            46.30091787359478
          ],
          [
            8.0870675717701,
            46.300913745038706
          ],
          [
            8.087033653096137,
            46.3009188959548
          ],
          [
            8.086992520400118,
            46.30093624165306
          ],
          [
            8.08689817354954,
            46.30093954338006
          ],
          [
            8.086848820274907,
            46.30093580463249
          ],
          [
            8.086800435090808,
            46.30093597355328
          ],
          [
            8.086764255895574,
            46.30092242578996
          ],
          [
            8.086714402253946,
            46.300912635586364
          ],
          [
            8.08667547837039,
            46.300880050119645
          ],
          [
            8.086648369646701,
            46.30087067851451
          ],
          [
            8.08646103188619,
            46.30088322886715
          ],
          [
            8.08639877654607,
            46.30086417167574
          ],
          [
            8.086361887145198,
            46.30083347260922
          ],
          [
            8.086315496186296,
            46.30081579998859
          ],
          [
            8.08626362476637,
            46.300804401857334
          ],
          [
            8.086195622996842,
            46.30079979788294
          ],
          [
            8.086130194373935,
            46.300805281587365
          ],
          [
            8.086095475813218,
            46.300798841042116
          ],
          [
            8.086033107655268,
            46.30077137310231
          ],
          [
            8.085992928533113,
            46.300736878445
          ],
          [
            8.085946262193561,
            46.30067094409095
          ],
          [
            8.085902197554118,
            46.30063822581206
          ],
          [
            8.085822085277147,
            46.30059970419707
          ],
          [
            8.085630326066399,
            46.30053288037679
          ],
          [
            8.085527863880214,
            46.30042994942155
          ],
          [
            8.085454425598988,
            46.30037522375258
          ],
          [
            8.085349158219794,
            46.3003168744847
          ],
          [
            8.085081830988011,
            46.30021361584586
          ],
          [
            8.084919331178954,
            46.30016007276064
          ],
          [
            8.084767010366209,
            46.30011880479836
          ],
          [
            8.08473217660143,
            46.30008621333466
          ],
          [
            8.08459417997173,
            46.30004341509359
          ],
          [
            8.08438769471217,
            46.29991111984411
          ],
          [
            8.08427506333853,
            46.29986859942117
          ],
          [
            8.084154612047875,
            46.29987694144122
          ],
          [
            8.083962221481901,
            46.29983200550788
          ],
          [
            8.083888545358993,
            46.299830356157884
          ],
          [
            8.083763210658029,
            46.29979900856428
          ],
          [
            8.083729714081091,
            46.29980141233024
          ],
          [
            8.08364713159468,
            46.29977106256455
          ],
          [
            8.083169641644439,
            46.29972383513715
          ],
          [
            8.083065945163883,
            46.299711237101896
          ],
          [
            8.08267319687501,
            46.299722142894126
          ],
          [
            8.082258705931286,
            46.299719667982515
          ],
          [
            8.082134516518101,
            46.299708238057036
          ],
          [
            8.081813593292564,
            46.299737714209776
          ],
          [
            8.081701806727434,
            46.29974231608912
          ],
          [
            8.081483112526309,
            46.29981734199244
          ],
          [
            8.081454167853694,
            46.29984800243664
          ],
          [
            8.081370476669052,
            46.29987862268475
          ],
          [
            8.081244155849875,
            46.29996258765621
          ],
          [
            8.081119116730642,
            46.300013332263994
          ],
          [
            8.08110620732633,
            46.300058816907715
          ],
          [
            8.08104257069658,
            46.30008632752092
          ],
          [
            8.08097474191648,
            46.300098460848695
          ],
          [
            8.080942911371109,
            46.30009578963523
          ],
          [
            8.080824109510022,
            46.30011420318045
          ],
          [
            8.080791606510825,
            46.30012933866946
          ],
          [
            8.08073964755401,
            46.30013786448256
          ],
          [
            8.0806348778036,
            46.30021913376612
          ],
          [
            8.080594405045721,
            46.300240836411334
          ],
          [
            8.080424306255503,
            46.300244723948865
          ],
          [
            8.080304964677788,
            46.300209704220556
          ],
          [
            8.08019814939162,
            46.30023863740641
          ],
          [
            8.080174889738734,
            46.30023856223431
          ],
          [
            8.080029105672455,
            46.300204303693526
          ],
          [
            8.07986659629654,
            46.30020348753149
          ],
          [
            8.079765820797732,
            46.30021629241202
          ],
          [
            8.07958474894697,
            46.300275898565324
          ],
          [
            8.079463600136766,
            46.30027914783558
          ],
          [
            8.079394219646467,
            46.30031607275652
          ],
          [
            8.079310022165538,
            46.30031156525738
          ],
          [
            8.07922687533526,
            46.30028494877344
          ],
          [
            8.07908496037696,
            46.300272815097976
          ],
          [
            8.07899511697076,
            46.30027933230283
          ],
          [
            8.07889376540791,
            46.300261958343356
          ],
          [
            8.078823286813561,
            46.30026956241387
          ],
          [
            8.078769920965918,
            46.30026444845763
          ],
          [
            8.078714350409669,
            46.300282655367134
          ],
          [
            8.078395015348875,
            46.300285367942855
          ],
          [
            8.07823073234671,
            46.300275014774044
          ],
          [
            8.077906552113621,
            46.30031716445759
          ],
          [
            8.077783340734893,
            46.300308369033395
          ],
          [
            8.077718106650769,
            46.30033706524418
          ],
          [
            8.077567186072136,
            46.3003538213945
          ],
          [
            8.077416792541943,
            46.30035688257993
          ],
          [
            8.07729801695752,
            46.30038763466633
          ],
          [
            8.077270543377509,
            46.30040452197291
          ],
          [
            8.077120131682786,
            46.300451401992525
          ],
          [
            8.077059262597391,
            46.30049154301521
          ],
          [
            8.076911342679212,
            46.300669011477616
          ],
          [
            8.076880184311765,
            46.30069599488076
          ],
          [
            8.076834501420757,
            46.30072071217133
          ],
          [
            8.076817691558952,
            46.300762628907655
          ],
          [
            8.076715899021965,
            46.30087701871777
          ],
          [
            8.076660608026303,
            46.30089704021215
          ],
          [
            8.07657891005923,
            46.30094304667907
          ],
          [
            8.076522116087327,
            46.300947801497706
          ],
          [
            8.076433092749694,
            46.30101665376455
          ],
          [
            8.076249692691766,
            46.30109188456896
          ],
          [
            8.076187612883986,
            46.30110413558417
          ],
          [
            8.076109588064499,
            46.301131364543245
          ],
          [
            8.075973448614633,
            46.3012090906741
          ],
          [
            8.07575167240074,
            46.30129254294021
          ],
          [
            8.075633469145941,
            46.301343611824194
          ],
          [
            8.075553258115391,
            46.30136708339977
          ],
          [
            8.075348371201818,
            46.301479739613214
          ],
          [
            8.075169463924341,
            46.30170185574248
          ],
          [
            8.07421273938438,
            46.30061941431053
          ],
          [
            8.074126594627014,
            46.30062598785285
          ],
          [
            8.074070157220865,
            46.30065237462185
          ],
          [
            8.073998891342546,
            46.30075161250921
          ],
          [
            8.074125066079874,
            46.300895208251845
          ],
          [
            8.074029085592436,
            46.30096651754077
          ],
          [
            8.073966945638007,
            46.30118597963178
          ],
          [
            8.073706378394444,
            46.30157480492583
          ],
          [
            8.073760751018877,
            46.3016472050918
          ],
          [
            8.073753363808038,
            46.30170487435496
          ],
          [
            8.073678683196333,
            46.301783053742774
          ],
          [
            8.073733588265485,
            46.3019244136398
          ],
          [
            8.073528700093688,
            46.30203078738226
          ],
          [
            8.073497782550959,
            46.30216651113619
          ],
          [
            8.07352942678794,
            46.3022810767109
          ],
          [
            8.07374789071547,
            46.3025437473407
          ],
          [
            8.073770610668701,
            46.30268098761867
          ],
          [
            8.07383496792953,
            46.302770235105655
          ],
          [
            8.07372090484314,
            46.30295404049867
          ],
          [
            8.073659200441806,
            46.30319444246384
          ],
          [
            8.073414013339193,
            46.30329488865868
          ],
          [
            8.073217531428423,
            46.30349039122925
          ],
          [
            8.07320764953665,
            46.303573514882125
          ],
          [
            8.07317814010607,
            46.303733294734094
          ],
          [
            8.073200480630748,
            46.303862566867345
          ],
          [
            8.073269829358512,
            46.30398132031713
          ],
          [
            8.073301774608913,
            46.30408937123275
          ],
          [
            8.073297614293624,
            46.304183392879665
          ],
          [
            8.073361491199556,
            46.30435044002882
          ],
          [
            8.073456843120812,
            46.30448723742086
          ],
          [
            8.07346794600304,
            46.304506561405354
          ],
          [
            8.073418078841588,
            46.30457913203189
          ],
          [
            8.073420320296158,
            46.30461772095406
          ],
          [
            8.073504790184414,
            46.30474406305751
          ],
          [
            8.07355219007723,
            46.304864963428756
          ],
          [
            8.073543314522984,
            46.304904154408966
          ],
          [
            8.073286834331109,
            46.304950733052344
          ],
          [
            8.073082894120285,
            46.305064873086195
          ],
          [
            8.073025000133997,
            46.30522394824709
          ],
          [
            8.073041502883004,
            46.30547595741855
          ],
          [
            8.07296972660486,
            46.305650142465545
          ],
          [
            8.072723893386183,
            46.30587108202998
          ],
          [
            8.072663077024472,
            46.305995638028726
          ],
          [
            8.072658762977765,
            46.306398517328766
          ],
          [
            8.072568895184569,
            46.30659996203057
          ],
          [
            8.072630611993281,
            46.306735311083244
          ],
          [
            8.072564338888494,
            46.306829473369376
          ],
          [
            8.072556110884406,
            46.306922105387706
          ],
          [
            8.071766098488906,
            46.3069265321192
          ],
          [
            8.071369584736438,
            46.30688952514402
          ],
          [
            8.071273851265564,
            46.30688058707449
          ],
          [
            8.07123701138224,
            46.30680574885794
          ],
          [
            8.071237469685187,
            46.30664308214946
          ],
          [
            8.071170815774707,
            46.306441163158695
          ],
          [
            8.071197924409928,
            46.30629978491989
          ],
          [
            8.071177414373574,
            46.3062584192694
          ],
          [
            8.07121882587339,
            46.306155976452644
          ],
          [
            8.071171224150214,
            46.30607989390202
          ],
          [
            8.071123263132225,
            46.305951673011585
          ],
          [
            8.071202717286766,
            46.30584002188957
          ],
          [
            8.071157514340824,
            46.305732422245164
          ],
          [
            8.071197057893619,
            46.305674780528214
          ],
          [
            8.071195832240717,
            46.30562964586747
          ],
          [
            8.071269488967339,
            46.30549055353983
          ],
          [
            8.07123338142345,
            46.305402703146065
          ],
          [
            8.071301415055153,
            46.305300264567364
          ],
          [
            8.07133561351839,
            46.30516699699936
          ],
          [
            8.07132816274989,
            46.30501070758966
          ],
          [
            8.07134679051799,
            46.30497618518239
          ],
          [
            8.071320711177584,
            46.304902348422665
          ],
          [
            8.071067398875355,
            46.304743653527986
          ],
          [
            8.070959585366104,
            46.304547127861014
          ],
          [
            8.070541646034552,
            46.30432456199417
          ],
          [
            8.070214030149907,
            46.30405651150889
          ],
          [
            8.070105185176418,
            46.30362531439253
          ],
          [
            8.06958341045032,
            46.30340332379818
          ],
          [
            8.068348415688604,
            46.30323929108866
          ],
          [
            8.067149897712284,
            46.30285912270552
          ],
          [
            8.066762085241857,
            46.302996212328004
          ],
          [
            8.066500428763353,
            46.302817744608056
          ],
          [
            8.06613599270296,
            46.30272980475559
          ],
          [
            8.065266932584866,
            46.30277959482094
          ],
          [
            8.06494214741333,
            46.30275440316458
          ],
          [
            8.064681015523908,
            46.30262090792148
          ],
          [
            8.064317087895157,
            46.302577938966515
          ],
          [
            8.064033644905553,
            46.3027594222588
          ],
          [
            8.062902054931604,
            46.30233419291134
          ],
          [
            8.062122972883227,
            46.302204912219956
          ],
          [
            8.062098199530418,
            46.302200802495186
          ],
          [
            8.061222033146613,
            46.30227681468915
          ],
          [
            8.060340630541473,
            46.3025479699968
          ],
          [
            8.060082112846242,
            46.30263206978986
          ],
          [
            8.05992457991171,
            46.30277098500082
          ],
          [
            8.059941020090664,
            46.30293536696178
          ],
          [
            8.05995971725211,
            46.3031223432515
          ],
          [
            8.059684565942877,
            46.30321072543594
          ],
          [
            8.059460338138976,
            46.3035042583629
          ],
          [
            8.058875558054387,
            46.303444490152486
          ],
          [
            8.058421813050426,
            46.303491952963945
          ],
          [
            8.058005660776834,
            46.30342226169227
          ],
          [
            8.057811078369856,
            46.303483867772215
          ],
          [
            8.057801754661643,
            46.30361697712832
          ],
          [
            8.057886428075797,
            46.303710935320694
          ],
          [
            8.057962310284958,
            46.30384787895631
          ],
          [
            8.057938717386724,
            46.30395209052834
          ],
          [
            8.05779809058203,
            46.304110602342234
          ],
          [
            8.057698157074396,
            46.30417339111598
          ],
          [
            8.057705044004704,
            46.30423451662602
          ],
          [
            8.057791104911837,
            46.30431345315144
          ],
          [
            8.05780060034575,
            46.30437680438025
          ],
          [
            8.0577444134627,
            46.3044285230291
          ],
          [
            8.057585227298963,
            46.30452121401577
          ],
          [
            8.05746745527314,
            46.30465795639862
          ],
          [
            8.057418520302498,
            46.30466599614636
          ],
          [
            8.057328735364804,
            46.30463055687117
          ],
          [
            8.057283557168837,
            46.3045968350568
          ],
          [
            8.0572097109709,
            46.30459668953463
          ],
          [
            8.05712301679763,
            46.30466756478759
          ],
          [
            8.057051403259864,
            46.30469370199523
          ],
          [
            8.057016920010742,
            46.304687314217006
          ],
          [
            8.056987422671167,
            46.30465935402914
          ],
          [
            8.056955680864302,
            46.304647481760796
          ],
          [
            8.056880673910195,
            46.30465142649823
          ],
          [
            8.056850349228531,
            46.30467060032116
          ],
          [
            8.05670039276398,
            46.30468012654684
          ],
          [
            8.056504659715657,
            46.30457690471689
          ],
          [
            8.05630462965556,
            46.30453646138968
          ],
          [
            8.056049711257309,
            46.30454104447597
          ],
          [
            8.05587668309342,
            46.30446306627111
          ],
          [
            8.055741927661295,
            46.30445206072487
          ],
          [
            8.055441753205962,
            46.30435635975644
          ],
          [
            8.055364548065896,
            46.304273981799085
          ],
          [
            8.055304458950811,
            46.3041831444375
          ],
          [
            8.055041675708884,
            46.304185393153155
          ],
          [
            8.054688511049095,
            46.30410846507971
          ],
          [
            8.054441500403327,
            46.30410510315108
          ],
          [
            8.054347195112415,
            46.30412877116589
          ],
          [
            8.054163689741143,
            46.30410878089643
          ],
          [
            8.053944124609918,
            46.30412312562266
          ],
          [
            8.05372112505131,
            46.304155174506306
          ],
          [
            8.05342502974036,
            46.304158113087844
          ],
          [
            8.053272839339263,
            46.304123773898816
          ],
          [
            8.053080886881421,
            46.304061475012226
          ],
          [
            8.052479597141987,
            46.30400052184988
          ],
          [
            8.052398735400866,
            46.30400894831085
          ],
          [
            8.052150528089603,
            46.30399379424413
          ],
          [
            8.051637552200024,
            46.3039255394374
          ],
          [
            8.05126255121282,
            46.30394452515746
          ],
          [
            8.051186758468479,
            46.30397316410847
          ],
          [
            8.051107875735037,
            46.304050181654304
          ],
          [
            8.050955244852496,
            46.30404805604422
          ],
          [
            8.050850511969868,
            46.30397221990794
          ],
          [
            8.050498816413363,
            46.30386713169277
          ],
          [
            8.050375251988505,
            46.30386878851984
          ],
          [
            8.050200565957416,
            46.30381214890765
          ],
          [
            8.050001463199681,
            46.30378539921605
          ],
          [
            8.049825055368794,
            46.3037949781105
          ],
          [
            8.04970366496273,
            46.30376482198586
          ],
          [
            8.049578974391492,
            46.30375980006823
          ],
          [
            8.049159209276391,
            46.303703895488574
          ],
          [
            8.048785133828133,
            46.30369075266804
          ],
          [
            8.048591601566466,
            46.30376830488399
          ],
          [
            8.048440331767061,
            46.303775200435396
          ],
          [
            8.048230032402767,
            46.30380443537159
          ],
          [
            8.048158000911966,
            46.30383177463022
          ],
          [
            8.047885042556208,
            46.30386413474448
          ],
          [
            8.047823482903215,
            46.30385296002812
          ],
          [
            8.047776824257186,
            46.30380582953656
          ],
          [
            8.047717514555153,
            46.30369298906735
          ],
          [
            8.047645086411395,
            46.30363734301297
          ],
          [
            8.047421726548736,
            46.30358047499153
          ],
          [
            8.047174411772884,
            46.30349509228284
          ],
          [
            8.04680878662958,
            46.303431862391044
          ],
          [
            8.046178514483758,
            46.303273282028805
          ],
          [
            8.045774378279441,
            46.30315166508046
          ],
          [
            8.04550093368874,
            46.30308553503744
          ],
          [
            8.045227419122087,
            46.30298279143436
          ],
          [
            8.044813479592769,
            46.3028919265421
          ],
          [
            8.044625749000769,
            46.30304429572058
          ],
          [
            8.04443806927232,
            46.303196664310306
          ],
          [
            8.04402474104187,
            46.30309776892685
          ],
          [
            8.043920442996342,
            46.30307282286113
          ],
          [
            8.043689330312715,
            46.30304889589052
          ],
          [
            8.043150111273059,
            46.3029930492332
          ],
          [
            8.042804563014963,
            46.30296623161857
          ],
          [
            8.042608249511302,
            46.302932887077745
          ],
          [
            8.04218728737779,
            46.30300537939185
          ],
          [
            8.041897332476404,
            46.30304884456574
          ],
          [
            8.041616395986875,
            46.303011289006825
          ],
          [
            8.04137586098478,
            46.302870146067455
          ],
          [
            8.041073940452968,
            46.302837549590066
          ],
          [
            8.040761955807362,
            46.30281504520841
          ],
          [
            8.040540936960138,
            46.30283625350809
          ],
          [
            8.040329671364864,
            46.30287440280628
          ],
          [
            8.04010231291085,
            46.30290924569688
          ],
          [
            8.040066944171715,
            46.30290818303499
          ],
          [
            8.039872016911424,
            46.30290262368581
          ],
          [
            8.039642205410447,
            46.30286464797237
          ],
          [
            8.039431370240163,
            46.30282192928568
          ],
          [
            8.039345442929115,
            46.30280536471402
          ],
          [
            8.039201735838168,
            46.302596468485085
          ],
          [
            8.039012343793662,
            46.302537208864734
          ],
          [
            8.038966413536773,
            46.30252589254425
          ],
          [
            8.0388009658328,
            46.30248512717255
          ],
          [
            8.03873955045803,
            46.302478480693594
          ],
          [
            8.038584218761747,
            46.30246167143962
          ],
          [
            8.03850474144304,
            46.302447303056624
          ],
          [
            8.038373124753585,
            46.30242351307816
          ],
          [
            8.038286385076443,
            46.30242619420568
          ],
          [
            8.03826957004022,
            46.302429152893225
          ],
          [
            8.038035675796584,
            46.30247037731986
          ],
          [
            8.0379337494495,
            46.302488350565326
          ],
          [
            8.037653989246161,
            46.30257246630264
          ],
          [
            8.037605307700547,
            46.302587108108476
          ],
          [
            8.037549670674604,
            46.30260308207056
          ],
          [
            8.037515667353043,
            46.3026128424388
          ],
          [
            8.037520069761959,
            46.3026814577644
          ],
          [
            8.037585627807056,
            46.302809761337336
          ],
          [
            8.037590084992203,
            46.30281848177293
          ],
          [
            8.037681563637145,
            46.30304107805335
          ],
          [
            8.037711416772515,
            46.30311649462545
          ],
          [
            8.037791937932983,
            46.3033199155623
          ],
          [
            8.0378398646475,
            46.30338519711152
          ],
          [
            8.037929238171785,
            46.303496606205805
          ],
          [
            8.037998271275994,
            46.30356076850227
          ],
          [
            8.038105855830832,
            46.30364738741294
          ],
          [
            8.038182507448198,
            46.303709089394545
          ],
          [
            8.038306237424548,
            46.30383790333731
          ],
          [
            8.038411030894592,
            46.303995055482375
          ],
          [
            8.038398267384443,
            46.30400999324916
          ],
          [
            8.038399743421914,
            46.304033212811326
          ],
          [
            8.03840307434672,
            46.30407516098331
          ],
          [
            8.038457821384952,
            46.30411728674779
          ],
          [
            8.038746790678239,
            46.30431914446281
          ],
          [
            8.038827585286688,
            46.30437384326483
          ],
          [
            8.038930500950645,
            46.304506446123206
          ],
          [
            8.03904023673665,
            46.30456773834341
          ],
          [
            8.039200095342444,
            46.30467308750825
          ],
          [
            8.039229562519122,
            46.30470502862609
          ],
          [
            8.039353342996186,
            46.30477213839938
          ],
          [
            8.039428164211193,
            46.30487117319242
          ],
          [
            8.039447504238153,
            46.30489580932175
          ],
          [
            8.039575137486116,
            46.30494618406788
          ],
          [
            8.039595655652958,
            46.30495642950077
          ],
          [
            8.039789781753111,
            46.305053301867666
          ],
          [
            8.039887596847148,
            46.305140996485065
          ],
          [
            8.039976851892074,
            46.3051881829951
          ],
          [
            8.040057896404454,
            46.30527113568792
          ],
          [
            8.040211454281712,
            46.30545431332594
          ],
          [
            8.04116231130583,
            46.30531035506402
          ],
          [
            8.041213314805075,
            46.30538335531899
          ],
          [
            8.041491126467992,
            46.30554668209645
          ],
          [
            8.042148679570257,
            46.305955417963126
          ],
          [
            8.042268675053526,
            46.306000189959974
          ],
          [
            8.042642284104444,
            46.306132597409345
          ],
          [
            8.04370022238138,
            46.306485861516904
          ],
          [
            8.043725703468514,
            46.30676485892336
          ],
          [
            8.043800644862028,
            46.30730909687723
          ],
          [
            8.044159534800558,
            46.30725732416335
          ],
          [
            8.044354536383654,
            46.30728326949985
          ],
          [
            8.04464749879072,
            46.30794740787779
          ],
          [
            8.044947347400777,
            46.308062750287526
          ],
          [
            8.045233113906571,
            46.308079212489126
          ],
          [
            8.045495729082132,
            46.30834768296305
          ],
          [
            8.045316660159035,
            46.30877896044671
          ],
          [
            8.045440357677636,
            46.3092026252973
          ],
          [
            8.045379968942472,
            46.30960778185286
          ],
          [
            8.045649981471799,
            46.3103163544611
          ],
          [
            8.046687858033753,
            46.310482368184154
          ],
          [
            8.04763816518616,
            46.31072015358339
          ],
          [
            8.048183866913131,
            46.31076219869574
          ],
          [
            8.049161472586468,
            46.31111677115568
          ],
          [
            8.049747132615803,
            46.31124853442049
          ],
          [
            8.0502409171428,
            46.31129084964772
          ],
          [
            8.050723833505154,
            46.31152213528698
          ],
          [
            8.051447097086195,
            46.311536334638504
          ],
          [
            8.051810070696687,
            46.31229892338982
          ],
          [
            8.052489866887383,
            46.31271804988152
          ],
          [
            8.052854665480842,
            46.31283301969401
          ],
          [
            8.053340770232586,
            46.31334314993456
          ],
          [
            8.053510038310389,
            46.31338721103791
          ],
          [
            8.053735097430895,
            46.31377282227176
          ],
          [
            8.054363279468864,
            46.31421920557407
          ],
          [
            8.05445690077115,
            46.31446159514417
          ],
          [
            8.05462749725102,
            46.31462259410434
          ],
          [
            8.05465580359947,
            46.31482935495955
          ],
          [
            8.054399424211272,
            46.31511863530297
          ],
          [
            8.054705126320156,
            46.315746695796555
          ],
          [
            8.054643780772354,
            46.316061894867886
          ],
          [
            8.054348741113678,
            46.31637836393712
          ],
          [
            8.054132622620703,
            46.31678436259392
          ],
          [
            8.053875519127264,
            46.3170106743166
          ],
          [
            8.053710307554036,
            46.317326436724905
          ],
          [
            8.053428251119954,
            46.317642832862006
          ],
          [
            8.052783870499372,
            46.31806914330988
          ],
          [
            8.052656379310239,
            46.318276757888576
          ],
          [
            8.05223424092711,
            46.318836826218316
          ],
          [
            8.052211623270976,
            46.31913381339042
          ],
          [
            8.05198026363917,
            46.31934198052455
          ],
          [
            8.051590977620965,
            46.319362078599475
          ],
          [
            8.051073684656531,
            46.31954481137483
          ],
          [
            8.051025444196744,
            46.31946818411958
          ],
          [
            8.051017955371664,
            46.31941883710126
          ],
          [
            8.051014837082166,
            46.31936789218279
          ],
          [
            8.051004255777366,
            46.31933563609157
          ],
          [
            8.05096623123674,
            46.31928992648928
          ],
          [
            8.05097072937098,
            46.31921084622228
          ],
          [
            8.050963256573237,
            46.31916060852039
          ],
          [
            8.05093322307119,
            46.31910965609954
          ],
          [
            8.050889979630954,
            46.31903051892254
          ],
          [
            8.050830423592481,
            46.318940530841914
          ],
          [
            8.050790421770904,
            46.318901371883385
          ],
          [
            8.050750955763384,
            46.318865979298465
          ],
          [
            8.050735362772958,
            46.31884870143833
          ],
          [
            8.050729964187427,
            46.31883854724048
          ],
          [
            8.050727771048647,
            46.318828258782084
          ],
          [
            8.05072726878846,
            46.31881939153866
          ],
          [
            8.050731031217449,
            46.31881337095202
          ],
          [
            8.050740688295148,
            46.31878889492492
          ],
          [
            8.05068770189506,
            46.31872193677117
          ],
          [
            8.050670999173665,
            46.318683335620065
          ],
          [
            8.050658169417078,
            46.31863238017266
          ],
          [
            8.050652947930079,
            46.31857218083001
          ],
          [
            8.050664407036148,
            46.31850130322725
          ],
          [
            8.050672777979011,
            46.31844906381257
          ],
          [
            8.050672883094897,
            46.31840762813511
          ],
          [
            8.050668010966453,
            46.318373865853005
          ],
          [
            8.050652670914634,
            46.31833635484018
          ],
          [
            8.050585150904665,
            46.31825158229026
          ],
          [
            8.050516278207766,
            46.31816542264094
          ],
          [
            8.050336701739697,
            46.31794352773636
          ],
          [
            8.050270820253221,
            46.31779653952327
          ],
          [
            8.050058840124604,
            46.31781959746964
          ],
          [
            8.049959644036722,
            46.31778928570463
          ],
          [
            8.04986556309554,
            46.31775893726739
          ],
          [
            8.04961529541464,
            46.31768607972451
          ],
          [
            8.049666645239753,
            46.31796010577013
          ],
          [
            8.049630728131326,
            46.31823017636375
          ],
          [
            8.049478141973573,
            46.318518876678084
          ],
          [
            8.048991155374004,
            46.31908827814824
          ],
          [
            8.048669003711813,
            46.31930591430874
          ],
          [
            8.04861960411315,
            46.31946950073054
          ],
          [
            8.049065658855211,
            46.31994250510453
          ],
          [
            8.049203452868072,
            46.320652456702604
          ],
          [
            8.049336315070327,
            46.3209216177454
          ],
          [
            8.04950439138658,
            46.32085774060338
          ],
          [
            8.049790024370985,
            46.32085619159996
          ],
          [
            8.049663424429744,
            46.32114475199935
          ],
          [
            8.049602043626633,
            46.321459957357355
          ],
          [
            8.049734694694838,
            46.321711127298755
          ],
          [
            8.0497763739141,
            46.32195380080031
          ],
          [
            8.049791364662246,
            46.3222491182792
          ],
          [
            8.049809718984422,
            46.32261034855993
          ],
          [
            8.049625510809182,
            46.32307075334936
          ],
          [
            8.049630597555149,
            46.324005705645106
          ],
          [
            8.049577093776758,
            46.32502256660467
          ],
          [
            8.0489382769103,
            46.325278190370575
          ],
          [
            8.04259926849476,
            46.323084989392285
          ],
          [
            8.037290106476318,
            46.32134750783814
          ],
          [
            8.036778756366303,
            46.321427266555006
          ],
          [
            8.036132547455255,
            46.32142873214432
          ],
          [
            8.035049603596345,
            46.32164360863636
          ],
          [
            8.034348378724216,
            46.32171630407197
          ],
          [
            8.033666015725755,
            46.321791145095666
          ],
          [
            8.031753441367623,
            46.32200088797438
          ],
          [
            8.031027326199657,
            46.32213885021023
          ],
          [
            8.029612353084712,
            46.32267081404009
          ],
          [
            8.02878511668905,
            46.32274687563086
          ],
          [
            8.02883929764287,
            46.32256343738147
          ],
          [
            8.028207033155176,
            46.32248576521781
          ],
          [
            8.028151489611291,
            46.322546047656566
          ],
          [
            8.028140332530306,
            46.32264998110747
          ],
          [
            8.028088475230865,
            46.32264425057025
          ],
          [
            8.028074119444126,
            46.32270703550631
          ],
          [
            8.027939255730576,
            46.3227076378602
          ],
          [
            8.027770132631314,
            46.32271845754113
          ],
          [
            8.02761779221146,
            46.32271910537556
          ],
          [
            8.026914800640974,
            46.322719436941895
          ],
          [
            8.02638904050714,
            46.32271908807625
          ],
          [
            8.02616358451646,
            46.3227161549081
          ],
          [
            8.026151350456283,
            46.32288784168045
          ],
          [
            8.02614531392552,
            46.32290118687085
          ],
          [
            8.02591593529579,
            46.32289820157191
          ],
          [
            8.025749399065095,
            46.32291419544458
          ],
          [
            8.025581530679636,
            46.322943923678984
          ],
          [
            8.025501183911304,
            46.32296334802842
          ],
          [
            8.025256714991547,
            46.32300111888327
          ],
          [
            8.024961555016988,
            46.32300405853905
          ],
          [
            8.02433910520176,
            46.32292375916345
          ],
          [
            8.024050169314755,
            46.32284502670646
          ],
          [
            8.02378274884254,
            46.32275897674231
          ],
          [
            8.023565213842653,
            46.32275004223293
          ],
          [
            8.023384100752573,
            46.32271817782848
          ],
          [
            8.023261030871808,
            46.322665979938364
          ],
          [
            8.023102383837449,
            46.32264521705501
          ],
          [
            8.022882328619243,
            46.32264215954247
          ],
          [
            8.022731446236795,
            46.32262015966307
          ],
          [
            8.022327319815224,
            46.32250668061243
          ],
          [
            8.022295046617657,
            46.32248547261614
          ],
          [
            8.022173542543422,
            46.32245078945112
          ],
          [
            8.021701053106497,
            46.3223988680558
          ],
          [
            8.021064748435114,
            46.32227010726214
          ],
          [
            8.020850154002694,
            46.322214193978034
          ],
          [
            8.020600454583832,
            46.32210892027815
          ],
          [
            8.02028188372113,
            46.32205433140314
          ],
          [
            8.020048329557584,
            46.3219980191327
          ],
          [
            8.019877016250613,
            46.321943528224246
          ],
          [
            8.01944612882524,
            46.32178884014903
          ],
          [
            8.018929067721011,
            46.321696267382166
          ],
          [
            8.018639976193088,
            46.321667341117966
          ],
          [
            8.01836038349833,
            46.32165857025656
          ],
          [
            8.017943936527848,
            46.3216070932161
          ],
          [
            8.017592951260767,
            46.32159047211799
          ],
          [
            8.017356068693944,
            46.321571126351735
          ],
          [
            8.016962674296376,
            46.3214613876922
          ],
          [
            8.016593134650437,
            46.321399429034834
          ],
          [
            8.0163741346925,
            46.3214548716412
          ],
          [
            8.015939546827823,
            46.321588866574515
          ],
          [
            8.015671413722043,
            46.321725170044246
          ],
          [
            8.015653057100753,
            46.32171812078058
          ],
          [
            8.015595383246664,
            46.321679156416536
          ],
          [
            8.015505715609738,
            46.321591147468794
          ],
          [
            8.015442101610171,
            46.32163606374971
          ],
          [
            8.015405641066385,
            46.3216163954173
          ],
          [
            8.015358967353265,
            46.321645005892464
          ],
          [
            8.015298450999587,
            46.3216820619324
          ],
          [
            8.014933344497516,
            46.3214293629033
          ],
          [
            8.015068979700622,
            46.32129844897195
          ],
          [
            8.014920720202522,
            46.32119611926287
          ],
          [
            8.0147359954408,
            46.32106866035009
          ],
          [
            8.014493326747019,
            46.3212175067638
          ],
          [
            8.01453081439595,
            46.32127170530308
          ],
          [
            8.014412994982463,
            46.32138201750055
          ],
          [
            8.01411838719717,
            46.32124609289429
          ],
          [
            8.013895742622465,
            46.3215010145568
          ],
          [
            8.013787485404242,
            46.3214634304891
          ],
          [
            8.013451859184416,
            46.32132111832756
          ],
          [
            8.01299614613855,
            46.3211371512188
          ],
          [
            8.012983249873763,
            46.32113194499389
          ],
          [
            8.012933624989001,
            46.32111722733643
          ],
          [
            8.012817455910776,
            46.321082768019984
          ],
          [
            8.012622808609258,
            46.32100500413602
          ],
          [
            8.012312671268061,
            46.32124150137854
          ],
          [
            8.012224164359456,
            46.32128148615673
          ],
          [
            8.012081541317352,
            46.321300721342325
          ],
          [
            8.01196525248573,
            46.32129431086547
          ],
          [
            8.01190225347658,
            46.321310345304674
          ],
          [
            8.011781861532988,
            46.32138280415025
          ],
          [
            8.011738229854503,
            46.32140330146129
          ],
          [
            8.011629613627504,
            46.32142146452856
          ],
          [
            8.011159552619441,
            46.32142818495661
          ],
          [
            8.01111871890804,
            46.32145178046296
          ],
          [
            8.011016903174959,
            46.3215733340451
          ],
          [
            8.011023254054022,
            46.321694431287966
          ],
          [
            8.01096887641294,
            46.32173026654153
          ],
          [
            8.010890223901807,
            46.32172962016154
          ],
          [
            8.010725401188244,
            46.32171970216608
          ],
          [
            8.010494152118333,
            46.321690121295745
          ],
          [
            8.010254011592245,
            46.32158662980043
          ],
          [
            8.009761812595196,
            46.32138076686263
          ],
          [
            8.00963120564407,
            46.321362299712234
          ],
          [
            8.009314042100636,
            46.32132773372462
          ],
          [
            8.009128084128367,
            46.32127461374192
          ],
          [
            8.00899788447275,
            46.32132963101568
          ],
          [
            8.008942743788067,
            46.321369562247796
          ],
          [
            8.008839415827213,
            46.32146868577418
          ],
          [
            8.008744643993078,
            46.32150460621636
          ],
          [
            8.008602864227315,
            46.32159706808281
          ],
          [
            8.008084895647638,
            46.32131532143089
          ],
          [
            8.007809449716982,
            46.32116267784661
          ],
          [
            8.007594592116941,
            46.32102397891384
          ],
          [
            8.007501733605226,
            46.321087667930044
          ],
          [
            8.00738091266915,
            46.32117052343454
          ],
          [
            8.007028510269008,
            46.320986571686916
          ],
          [
            8.006840854054587,
            46.32088862110895
          ],
          [
            8.006674778714556,
            46.32098722957413
          ],
          [
            8.006262026632344,
            46.3212323026171
          ],
          [
            8.006249586964202,
            46.32123968754587
          ],
          [
            8.00603527172737,
            46.32112400336105
          ],
          [
            8.00581128696245,
            46.3210210333341
          ],
          [
            8.005341734904354,
            46.320956659770786
          ],
          [
            8.005182010759967,
            46.320941022842085
          ],
          [
            8.00505248066405,
            46.32093219759476
          ],
          [
            8.004831114184672,
            46.32088593144878
          ],
          [
            8.004193348608402,
            46.32062721916731
          ],
          [
            8.003972689876615,
            46.32051642052815
          ],
          [
            8.003772308173318,
            46.320377660187525
          ],
          [
            8.003519857719088,
            46.320250988571246
          ],
          [
            8.003373467528174,
            46.32016124673612
          ],
          [
            8.003205785666994,
            46.32001783353677
          ],
          [
            8.002608724743984,
            46.31970356713846
          ],
          [
            8.00214507157621,
            46.3193874019844
          ],
          [
            8.001588515099066,
            46.31909402416293
          ],
          [
            8.001567054407314,
            46.3191004188595
          ],
          [
            8.001541491411528,
            46.31913070892879
          ],
          [
            8.001849772428576,
            46.319387601376846
          ],
          [
            8.002195273833884,
            46.31962251097462
          ],
          [
            8.00245330085091,
            46.319761671010774
          ],
          [
            8.002673326429981,
            46.31995978052585
          ],
          [
            8.002906673970184,
            46.32011646934181
          ],
          [
            8.00319222786953,
            46.32052434986871
          ],
          [
            8.003557976882202,
            46.32083480968693
          ],
          [
            8.00392277144931,
            46.321115487818474
          ],
          [
            8.004221582325968,
            46.32136850795887
          ],
          [
            8.004309096538577,
            46.3214872303705
          ],
          [
            8.004003375503066,
            46.32173760819128
          ],
          [
            8.002675901935941,
            46.3229485513937
          ]
        ]
      }
    }
  ]
}