{"type": "FeatureCollection", "features": [{"type": "Feature", "properties": {"bfs_nummer": 6083}, "geometry": {"type": "MultiPolygon", "coordinates": [[[[7.431596298671444, 45.99098554943888], [7.432098286495356, 45.99110737291508], [7.432525348639286, 45.99122004061225], [7.432908338373557, 45.99134939941118], [7.434274252228153, 45.99194646851991], [7.435149127128372, 45.99231516348303], [7.435831439338611, 45.99262102208286], [7.436078650748815, 45.992776776103796], [7.436382850612934, 45.993012365277934], [7.436715776400055, 45.993344736048776], [7.437112779813742, 45.993775688011645], [7.437615754688335, 45.994389346397064], [7.438124159969542, 45.995068759515256], [7.438444201879595, 45.99543860023825], [7.4387103921504, 45.99564255508508], [7.4390689818979245, 45.99583186501159], [7.439437976768667, 45.99600663712509], [7.439775662742632, 45.996170739637215], [7.440254729802461, 45.99636580240331], [7.440656785560035, 45.9965032936583], [7.440940655866513, 45.996585958164374], [7.441177532987784, 45.99663521378631], [7.44150767485382, 45.99669341823745], [7.441746050514769, 45.99673784284049], [7.4420655604841945, 45.99675193747171], [7.442079205183163, 45.99679787711643], [7.442093107405681, 45.996824863691494], [7.4420931338761385, 45.99684028179041], [7.442087442642367, 45.996855789930564], [7.442091224915033, 45.99687014647979], [7.4420992273789865, 45.99687771138831], [7.442104790690346, 45.996888325899995], [7.442110097968627, 45.99693522852597], [7.442121768006262, 45.99698328199407], [7.44212948754378, 45.99700510509969], [7.442137980813687, 45.99701763559083], [7.442157754641369, 45.99702739545813], [7.442196168141819, 45.9970797485905], [7.442218085737447, 45.997113346364884], [7.442210834327581, 45.99716408044846], [7.44221166063439, 45.99717125868703], [7.442252048376512, 45.997213473701414], [7.442277359340644, 45.99722696631333], [7.442314482016511, 45.997278257529956], [7.442372773934378, 45.99736440574599], [7.442389645174612, 45.997400153377065], [7.442408518039741, 45.99745280358366], [7.442444349603822, 45.99748353172552], [7.442479976001753, 45.99754117402822], [7.442495984371174, 45.99760516765472], [7.442506375906938, 45.99762938332678], [7.442535845577078, 45.99767740995676], [7.442541165460029, 45.997723160260676], [7.442536429331141, 45.997745261532266], [7.442543916624983, 45.99776947698458], [7.442548551966263, 45.997801572570054], [7.4425935890849315, 45.997882449724024], [7.442620682056821, 45.99790051214767], [7.442639154422276, 45.99793528869552], [7.44264907076607, 45.99800121604954], [7.442644918941828, 45.99809174507895], [7.442646754837407, 45.998150368008126], [7.442654517294673, 45.99824474789418], [7.4426705000560585, 45.99830085282175], [7.442625624305584, 45.998347206880126], [7.44254509868007, 45.99840413918538], [7.442495898212449, 45.99843391503227], [7.442456726598211, 45.998465912438796], [7.44241876685635, 45.998476959101545], [7.442412429797729, 45.99848480317705], [7.44241390174569, 45.99849521984701], [7.442427468744862, 45.9985232674781], [7.442386284997364, 45.998579966643675], [7.4423850334301775, 45.99858826945577], [7.442392378308207, 45.99860127673421], [7.4424027302227564, 45.99861050568105], [7.442447300045493, 45.998638732226276], [7.442471165924443, 45.99864906740275], [7.442471824630567, 45.99865718128143], [7.442465164387395, 45.998665204625716], [7.442448965233498, 45.99866944071296], [7.442411147381768, 45.99867007143034], [7.4423908319122605, 45.998678464613945], [7.442370723919455, 45.99870981386652], [7.4423631878752525, 45.99874540887773], [7.4423468612109485, 45.99876662028506], [7.442264811431842, 45.99881020380362], [7.442231666423996, 45.99883057878457], [7.442180696625989, 45.99885324794833], [7.442153464155286, 45.99889538281534], [7.442121508256468, 45.99895200040244], [7.442097243200105, 45.998965646862715], [7.4420853435039245, 45.99898204581092], [7.442081110740418, 45.99900021664413], [7.442081937680476, 45.99901810861618], [7.442094394397665, 45.99904264802051], [7.442131389416372, 45.99909126828809], [7.442153384635548, 45.99911422437315], [7.442185126230404, 45.99916228671355], [7.442201792429847, 45.99922224094018], [7.442237318147408, 45.99931678247552], [7.442235756932664, 45.99932922314902], [7.442240740524163, 45.99935338501676], [7.4422640144904655, 45.99938677608832], [7.442282811828779, 45.999457795578635], [7.442329744472897, 45.999484646097926], [7.442353818181642, 45.999512135707675], [7.4423644932223585, 45.99952634814979], [7.442370095642134, 45.999539535258464], [7.442362674902558, 45.99955927140107], [7.442376140192321, 45.99960501358761], [7.442402756426446, 45.99963499429742], [7.442457396954663, 45.99968849876678], [7.4424868925965875, 45.99972253730607], [7.442504435380647, 45.99975022498771], [7.442453597227178, 45.99981936581171], [7.442421420918481, 45.999856058977166], [7.442410979907503, 45.99987182860051], [7.4424073666067665, 45.99988898284327], [7.442408349033941, 45.999908989215186], [7.44239690318116, 45.99996284551298], [7.4423936393684995, 45.9999918832139], [7.442393860711284, 46.00001743101774], [7.442402496706203, 46.0000333078441], [7.442405530740225, 46.00004806029869], [7.442401762476845, 46.0000615265877], [7.442382737900412, 46.00008227050835], [7.442357530812825, 46.00010576724584], [7.44235265303436, 46.00012468514141], [7.442355275506443, 46.000155396383356], [7.442368197293879, 46.00017818177908], [7.442372729639312, 46.00020777703011], [7.44236945334516, 46.00023683330953], [7.4423953494620605, 46.00029438631575], [7.442449149849798, 46.00032649879212], [7.4424524932149545, 46.00033276850151], [7.442452196475567, 46.000337194134545], [7.442416639017032, 46.00042387285759], [7.442411631929131, 46.00045254086127], [7.442437541980885, 46.00051758768931], [7.442392495870224, 46.00055334505272], [7.4423898243880915, 46.00056330290602], [7.442396691653857, 46.00057528440182], [7.442407818061226, 46.00058120279491], [7.442401648368846, 46.000587652426105], [7.442386727275995, 46.000594839795006], [7.442344043146923, 46.000624066805194], [7.442324217764243, 46.00064047480996], [7.442303941159251, 46.00066740752084], [7.442294455044387, 46.00068796227152], [7.4422758943096365, 46.00070122169746], [7.442272745205814, 46.00070851706728], [7.442272152461856, 46.00072714674101], [7.442260884542398, 46.00073581863463], [7.442246596115061, 46.000741881936584], [7.442221349123407, 46.00074925877782], [7.442174676058357, 46.00076916677982], [7.442118194278601, 46.00080816361472], [7.442102035327207, 46.00083231712927], [7.442087516270651, 46.000866518731485], [7.442072130947237, 46.00087824023022], [7.44206976938509, 46.000890779879064], [7.442071383262849, 46.00089991021195], [7.442092087963962, 46.000918080469155], [7.442089597423189, 46.00093588226044], [7.4420991628146265, 46.000951192394744], [7.442115259503466, 46.000965863744185], [7.442129330694675, 46.00100395912991], [7.442127459662357, 46.001017605178625], [7.442139956248006, 46.00105477427284], [7.442128753653476, 46.00108833614777], [7.442099483807607, 46.001200473493874], [7.442094905036893, 46.00127563047803], [7.442087678240029, 46.001310209043446], [7.442061953487234, 46.00132399937038], [7.442024818511475, 46.001346857157706], [7.441985011982392, 46.00137875539097], [7.441956345134027, 46.001416185643734], [7.441934480479051, 46.00144836247176], [7.441913919745394, 46.00148755565366], [7.441899930132171, 46.00155210681587], [7.44189533499479, 46.00155413983187], [7.44189448470512, 46.00159544672728], [7.441905508909727, 46.001618051959476], [7.441902204851068, 46.0016263458151], [7.441877758088985, 46.001645236608525], [7.441846973543736, 46.00166285023], [7.441818576985624, 46.00168193004218], [7.441753549110267, 46.001734653338175], [7.4417391317566, 46.00175559487534], [7.441733956650521, 46.00178214038202], [7.4417327572622165, 46.00180944151067], [7.441735843488067, 46.00184061064768], [7.441755401614731, 46.0019051796228], [7.441777565683246, 46.00193377572181], [7.441835705142401, 46.00198949215215], [7.441841785324998, 46.002002967177084], [7.441843076510795, 46.002014948935894], [7.441832880783359, 46.00206575464511], [7.441826183547414, 46.002120077898695], [7.44179834258076, 46.00217346550897], [7.441792083435033, 46.002214772088784], [7.441803354041706, 46.00227241408458], [7.441799275895285, 46.00229592800857], [7.441756694618321, 46.002364716278116], [7.441742961675644, 46.00239855718093], [7.4417395421785955, 46.00243258670209], [7.441747391058183, 46.00245536285075], [7.441749340830971, 46.002472616024356], [7.441742203046744, 46.00248155764048], [7.441676179464094, 46.002515741257675], [7.441653642564134, 46.00252938781664], [7.44164431061214, 46.002544329421845], [7.441643898644484, 46.00257374447789], [7.441635973275007, 46.00257853020275], [7.4416172179006415, 46.0025804645397], [7.441597339451787, 46.00258009608055], [7.441541164372469, 46.002608675348476], [7.441489739562456, 46.00263760551182], [7.441455456167774, 46.00265391471295], [7.441425302914902, 46.00267042117184], [7.441416577140599, 46.002677329634125], [7.441414537727947, 46.00268756611372], [7.441433061635943, 46.00272657832116], [7.441444718077899, 46.002743651256694], [7.441461589325895, 46.00275896097372], [7.441487857746478, 46.0027752960313], [7.44156214505688, 46.00280225421155], [7.441603723676716, 46.00284163560843], [7.441618104510929, 46.002871707158064], [7.4416223008831155, 46.00289872065798], [7.441622999003733, 46.00292260377203], [7.441619128839555, 46.0029675278366], [7.441624280570002, 46.00299279647871], [7.44164887263055, 46.003034769263905], [7.441648085544392, 46.00304195668499], [7.441638249805319, 46.00305126707015], [7.4415933433191, 46.00307735480929], [7.441576860142758, 46.003093492906224], [7.441564985162434, 46.00311488397982], [7.441556647609888, 46.00314798726323], [7.441552582400284, 46.00317564814202], [7.441526509088873, 46.00322894575365], [7.441505186029397, 46.00328833300273], [7.441501739911821, 46.003310650217536], [7.44150321161253, 46.00331921366554], [7.441515333009297, 46.00334107208123], [7.441522381558835, 46.003367275293364], [7.441520704079953, 46.00339041129091], [7.44152335128235, 46.00342980175298], [7.441521492934899, 46.00345432279096], [7.4415272767177125, 46.00348596830796], [7.4415354631211486, 46.00357792755482], [7.441513429157922, 46.00360133366113], [7.441474370551342, 46.0036747273253], [7.441467271826212, 46.00370201049426], [7.441458354031679, 46.00375929345369], [7.441450286856862, 46.00378068449407], [7.44142509066167, 46.00380759926734], [7.44141742451624, 46.003856192468945], [7.441406026971755, 46.00387215058144], [7.44138937568205, 46.0038864446577], [7.441369897970715, 46.00391447490439], [7.441362413141169, 46.00397377307688], [7.4413526426407515, 46.00401065447656], [7.441340782011219, 46.00408782614742], [7.441326222071553, 46.00411835661931], [7.441292480517809, 46.00416399955595], [7.441209377568581, 46.00423812244332], [7.441134045333011, 46.004315744301884], [7.441094029945714, 46.004350808981954], [7.441028933019688, 46.004395597352136], [7.440995835668661, 46.004413174328285], [7.440965849563006, 46.00443832557564], [7.440934482604734, 46.004476394366286], [7.440916901751479, 46.00451840265325], [7.440878912550947, 46.004563109829824], [7.440858078327719, 46.004583502317246], [7.440831061479755, 46.00462634757713], [7.440806445483652, 46.00465805664819], [7.440785727415612, 46.004678808982085], [7.440761240057447, 46.00469873383239], [7.440732531600362, 46.00471536651157], [7.440591983314839, 46.004770032217166], [7.440512440522949, 46.004789255651005], [7.440465079008036, 46.00480373853783], [7.44042790218103, 46.004817933255104], [7.440392764957393, 46.00482895269902], [7.440367670417585, 46.00483483550623], [7.440308379452835, 46.00483188319272], [7.440291752965781, 46.004833853001365], [7.440216921726867, 46.00487601435839], [7.440159505775952, 46.0049051705191], [7.440033064561847, 46.00496246078908], [7.439888125779777, 46.005046216382716], [7.439848883733002, 46.005072195487614], [7.439815644051572, 46.00509689705553], [7.439777022373268, 46.00513337483052], [7.439753180022563, 46.00516329354069], [7.439725245334016, 46.005190513295304], [7.439701867795283, 46.00520968267383], [7.439667827446972, 46.00522817712931], [7.439658261997692, 46.005229481337594], [7.439579196005261, 46.005273054992195], [7.439482405722511, 46.00530537461747], [7.4393639545898305, 46.00532850086883], [7.439303270457739, 46.00534222756625], [7.439237539012907, 46.00536763942547], [7.439221532142389, 46.00537539345285], [7.439105443396976, 46.005437830405825], [7.439027176938532, 46.005490660018715], [7.438974908949487, 46.00553348710625], [7.4389198266552565, 46.00557312957614], [7.438853810438142, 46.0056181961645], [7.438771903436487, 46.005671196806816], [7.438712122029387, 46.00571346583943], [7.438648893900889, 46.00574327588781], [7.438640115747505, 46.005748780944124], [7.438599323073769, 46.00578543682774], [7.438584877445782, 46.00580706140752], [7.438572949128513, 46.005830350331934], [7.438553353275444, 46.0058432496266], [7.438546279200755, 46.0058471806284], [7.43848887305763, 46.005861833371995], [7.4384849487006415, 46.00586529658085], [7.438461893262247, 46.00587594693258], [7.438372782909852, 46.00591379019354], [7.438357085337849, 46.005929235125414], [7.438333861292478, 46.00596476661076], [7.4383184865220295, 46.005976541428346], [7.438210540868896, 46.0060232708647], [7.43818544555584, 46.00603795103069], [7.438126773144949, 46.0060805881856], [7.438109035930622, 46.00609555638814], [7.4380332582827435, 46.00616372221975], [7.438028546177551, 46.00617288839171], [7.437987443480807, 46.006191859020255], [7.4379475917744085, 46.00624723411892], [7.437930938247818, 46.00627557832502], [7.437923876243624, 46.00629803966539], [7.4379006374957335, 46.0063546284678], [7.4378807175815105, 46.00638586879788], [7.437851219423972, 46.00641065929651], [7.437760053618021, 46.00647760143351], [7.4377299361728255, 46.006504245615496], [7.43770025747046, 46.00653520762695], [7.437671533550691, 46.00658712039181], [7.437651924144988, 46.006608169565716], [7.437626208859807, 46.006627059762714], [7.437551825891666, 46.006663787112466], [7.437506643489769, 46.006693516682574], [7.437417518358916, 46.00674614861795], [7.4373599565550625, 46.006763041410416], [7.437337688492369, 46.00676816873053], [7.437304744013841, 46.00678723871678], [7.4372170517209995, 46.00683090192578], [7.4371538226162635, 46.00685276018143], [7.437092801072724, 46.006866099469654], [7.436980013906926, 46.00688474498581], [7.4369368842685954, 46.00689490898665], [7.436905656436727, 46.006911459952384], [7.436873008413749, 46.00693212183385], [7.436838500599607, 46.00696859756469], [7.436814346174586, 46.00699843488746], [7.436775563481292, 46.007078421902385], [7.436767390131425, 46.00711631959859], [7.436755757011796, 46.00715458590849], [7.436738495410007, 46.00719069293135], [7.436707421507101, 46.00721584309851], [7.4366631806303065, 46.00723565878536], [7.436601538380076, 46.00725067038821], [7.4364517259879905, 46.007272111224474], [7.436371107305643, 46.007282165524735], [7.436287337841559, 46.007308870356574], [7.436223784806036, 46.00732680539784], [7.436151943812942, 46.00734500076648], [7.436080721947704, 46.00737714859297], [7.4360565685181985, 46.00738228426981], [7.436004324732643, 46.00738186850469], [7.4359320197688605, 46.007387254276765], [7.435887947108591, 46.007392748726495], [7.435848883270359, 46.00740226471833], [7.435820482385017, 46.007415253546455], [7.43578724154254, 46.00741055688861], [7.435754465930411, 46.00739303221136], [7.435711323917691, 46.00739000872547], [7.435673693950636, 46.007380624798586], [7.43560060230747, 46.007378805356986], [7.435541154956416, 46.00738886951153], [7.435435750670815, 46.00739722249144], [7.435409208512005, 46.00741536604734], [7.435371563898763, 46.00743752089004], [7.435339096686665, 46.00744441919007], [7.435275415550682, 46.007441852880284], [7.4351985377877785, 46.007487664114365], [7.435142677689639, 46.007515044532326], [7.435106904842195, 46.00753541820658], [7.435056867424764, 46.00755279572136], [7.435014188182875, 46.007569984502176], [7.434979667077954, 46.007592606810555], [7.4349537817616715, 46.0076210405356], [7.434934339375256, 46.00763412820206], [7.434923972971631, 46.00763730317487], [7.434895521883766, 46.007627227195364], [7.434857231915323, 46.00763986419489], [7.434779207451432, 46.007649539990574], [7.434709650873154, 46.0076653869464], [7.434517219752434, 46.007721788533246], [7.434401289072838, 46.007771122469784], [7.434323866151996, 46.00782534257103], [7.434260245917123, 46.00785319789947], [7.434183782347145, 46.00786603921776], [7.4340778860621946, 46.00787119669073], [7.433997048084081, 46.00786288907337], [7.433931249554203, 46.00785833384482], [7.4338074411575965, 46.007919080689746], [7.433783943929174, 46.007937600737534], [7.433738188732162, 46.00796677778737], [7.433694615609173, 46.00800211824838], [7.433650113197426, 46.00803072042137], [7.433579290051239, 46.00804582805211], [7.433546380599327, 46.0080701399334], [7.433547305873074, 46.00810496987206], [7.433545729278898, 46.00811901154316], [7.433475523912991, 46.00815004114161], [7.433382752160862, 46.00818421743718], [7.433309418535855, 46.00824200698315], [7.433276478355495, 46.0083031995553], [7.433258477830031, 46.00834113180644], [7.4332597927745825, 46.00835323920305], [7.433275462702177, 46.00836537398694], [7.433306683686948, 46.008414911991956], [7.433308321225874, 46.008429151443266], [7.433278929524962, 46.00850115639409], [7.433246766459416, 46.008540364385816], [7.433181771686568, 46.00859947677405], [7.433168524238752, 46.00861573026579], [7.433174677024295, 46.00865064968645], [7.433174773829662, 46.008700834501575], [7.433171621410398, 46.008720462124536], [7.433088151209149, 46.00879725012053], [7.433048593066448, 46.00882059033197], [7.433009991304318, 46.00883490818582], [7.432971401789938, 46.00885469528223], [7.432920426794424, 46.00890812317798], [7.432891750847399, 46.00893484625356], [7.432861173998691, 46.00898219494086], [7.432842007757803, 46.009043838505264], [7.432848889376238, 46.009127917046676], [7.432923596290155, 46.009315336291664], [7.43294622668109, 46.00941141601366], [7.432973202032005, 46.00955161817335], [7.43307713035003, 46.010017124142834], [7.433119899906617, 46.010244369951536], [7.433149348895659, 46.01094195960998], [7.433092677119353, 46.01178421795412], [7.433061387888611, 46.01205562525007], [7.433078536478369, 46.01213452552467], [7.433106299613146, 46.0121991332889], [7.43313911032303, 46.01226512627255], [7.433172284713722, 46.012313956084206], [7.433187943990965, 46.01232363624094], [7.433255098704177, 46.01237186530641], [7.4332531608272925, 46.01238440502251], [7.433242508520452, 46.01239592772078], [7.433223128512999, 46.012409329907754], [7.433176632703041, 46.01246348998519], [7.433155314664258, 46.01249191488381], [7.4331503151606695, 46.012520061530715], [7.433147831737329, 46.012561539730726], [7.4331414265789935, 46.01258142028697], [7.433125774898473, 46.01262179165179], [7.433091153157778, 46.01269745055438], [7.433067419886575, 46.01273293672714], [7.433054997500316, 46.01275043160067], [7.433032711398554, 46.01277487133522], [7.4329823298881506, 46.012811812235846], [7.432956685138376, 46.01284729748747], [7.4329407505835, 46.01287801695267], [7.432896821734376, 46.01293445125844], [7.4328472016473786, 46.012976178412885], [7.432814767683985, 46.01300050953952], [7.432795851547919, 46.01301869726685], [7.432784203976033, 46.013036192591834], [7.432778599283062, 46.01305199783906], [7.432740517284536, 46.01311790446158], [7.432718820050795, 46.013169301779755], [7.432637756995965, 46.013256184576434], [7.432607865783604, 46.013280812208656], [7.432535589202712, 46.013307992558225], [7.432496762238388, 46.01334371986073], [7.432463411287625, 46.01336536978539], [7.432432471925127, 46.013405685106505], [7.432418020863167, 46.01343546790261], [7.432388801108746, 46.013456326174484], [7.432357051275535, 46.013473990903435], [7.43234804981613, 46.01349623633445], [7.432302870149065, 46.0135359483139], [7.432249709726102, 46.01358776727521], [7.432218407608616, 46.01363443314922], [7.43216824529765, 46.01366362863656], [7.432101812478826, 46.013713449386344], [7.432093753585134, 46.01373411167504], [7.432097662644569, 46.013854696844895], [7.432089036269684, 46.01386840517306], [7.432073642685026, 46.013989779440955], [7.432076660793914, 46.014012826180085], [7.432090019342066, 46.014046002860745], [7.432122073406843, 46.01407383741611], [7.432173455799991, 46.014095511354576], [7.432246953619456, 46.01412117133498], [7.43228122831842, 46.014147809194085], [7.4322845827912225, 46.01416628623142], [7.432245872162897, 46.01419527587881], [7.4321265148775675, 46.01425997117025], [7.432041345559442, 46.01432350843277], [7.431976433512086, 46.014383673521586], [7.4318313133998375, 46.01456260686361], [7.431757669194734, 46.01464957763203], [7.431705962998877, 46.01471868489462], [7.431667799066458, 46.01479554706357], [7.431633562628201, 46.014855516314775], [7.4316160193796375, 46.01492067726188], [7.431600058085584, 46.01494152723464], [7.431572734050114, 46.01505216792484], [7.431554301301947, 46.015108783439], [7.43154981282062, 46.01516479762384], [7.431525870319873, 46.01519835731742], [7.431520300531066, 46.01522497289384], [7.431524583963723, 46.01524443913208], [7.431554166242092, 46.015311808181636], [7.431593133202011, 46.01539128577941], [7.431603018269857, 46.01542446170939], [7.431609620845137, 46.01547532180723], [7.431606582460512, 46.015502730373036], [7.431589079013047, 46.01556611158702], [7.431581394254562, 46.015578811613786], [7.431569834708121, 46.0156050322301], [7.43154107480131, 46.01564712812757], [7.4314928883391325, 46.015663002083706], [7.431483001819944, 46.015722991260944], [7.431483139834839, 46.01574861003636], [7.431497519500805, 46.01576989398534], [7.43152998862413, 46.01578539516756], [7.431531352386034, 46.015819164378655], [7.431547241060409, 46.01585174674166], [7.431571031452754, 46.01588414976684], [7.431609160503513, 46.01595091547651], [7.431662710318986, 46.016070520735155], [7.431678334696731, 46.016142646404695], [7.431680159425606, 46.01620026194566], [7.431659465492771, 46.01627005628464], [7.431633137615257, 46.016374537317404], [7.431600140516821, 46.01643691004092], [7.431563156568245, 46.016478799610184], [7.431563387226972, 46.01649151935046], [7.431590104021475, 46.016560264915256], [7.431616293691637, 46.01661411397625], [7.431645185686521, 46.01673233496263], [7.431646714663951, 46.01678538153098], [7.431654985514955, 46.016824917587286], [7.43168406853916, 46.01687082365971], [7.431722990746283, 46.01691395107999], [7.431742472205732, 46.016928651232966], [7.431797573205432, 46.01696424098671], [7.431806794340516, 46.01704847687024], [7.431902730675392, 46.01712124030828], [7.432002357282534, 46.017211481742294], [7.432041201405212, 46.01726016779225], [7.43207973523054, 46.017312236065486], [7.4321087789463816, 46.01736588694081], [7.432189610156739, 46.0174282941558], [7.432214357828474, 46.01746148983304], [7.432219893823518, 46.017483942773936], [7.432234366555503, 46.01749568332068], [7.432284579299106, 46.01750503388825], [7.432420249752704, 46.01754643169985], [7.43244351422593, 46.01756787905501], [7.43247865488652, 46.01760644511451], [7.4325003036497375, 46.017633072261056], [7.432494670903858, 46.017667642998404], [7.432506415948119, 46.017707377424586], [7.43253396585933, 46.017734356427134], [7.4325686820206975, 46.0177580523089], [7.432606589700772, 46.017762254999056], [7.4326366559561095, 46.01780398715045], [7.432701853832635, 46.01784136549502], [7.432707778428019, 46.017854480944884], [7.432715945492437, 46.01790573805939], [7.432749714778756, 46.01796435398531], [7.432821689693767, 46.01802577893664], [7.432824062518145, 46.018046837004235], [7.432782886837507, 46.01814872546647], [7.432768950075767, 46.01819444044439], [7.432747756828796, 46.01824091066254], [7.432732244071183, 46.01829057427054], [7.432731474886781, 46.01835473963482], [7.432747372931009, 46.01843420726394], [7.432736968714691, 46.01852023088719], [7.432732917331381, 46.01860444681636], [7.432673933126775, 46.01862767860464], [7.432575834859106, 46.0186840565576], [7.432567504920659, 46.01869835888497], [7.432561962633316, 46.01872258332134], [7.432556974150832, 46.018760526328066], [7.432542146632228, 46.01879826158504], [7.432504462876377, 46.01885128748237], [7.4324474756791945, 46.018907497035045], [7.432401086416338, 46.01898395600768], [7.432379792393757, 46.01900163085687], [7.432330957051804, 46.01902007754372], [7.432242652137657, 46.01912175734392], [7.432196796004646, 46.01916702002583], [7.432175073960059, 46.01919959157864], [7.432121849664287, 46.01930585208445], [7.432069936343935, 46.019359659977646], [7.432042909232693, 46.01938011462073], [7.43200600244342, 46.019411686452585], [7.431968732847902, 46.01945219075709], [7.4319498510724475, 46.01948476228211], [7.431947175191721, 46.01950721482265], [7.431974230140245, 46.01957040077061], [7.431980484372379, 46.01962563269446], [7.4319756736387035, 46.01967906536986], [7.431944889849383, 46.01978752268576], [7.431975338652199, 46.01986699974822], [7.4320080089968386, 46.01994370658033], [7.432020188981722, 46.020010057959865], [7.432040066905374, 46.02006172054667], [7.432048687931223, 46.02009668709575], [7.432071432969708, 46.0201447787414], [7.432089649148619, 46.02016305811556], [7.4321389934173165, 46.02020578921333], [7.4321606435615575, 46.02023122949465], [7.432173839846358, 46.020334940409285], [7.432185005043199, 46.02036554397367], [7.432186484494841, 46.02040578071819], [7.432190550560031, 46.02041537012938], [7.432263848322472, 46.02045605256092], [7.432267733894391, 46.02046448168237], [7.432258833931451, 46.02049090994739], [7.432267611702803, 46.02050989085379], [7.432286398973635, 46.020511259437015], [7.432293352342786, 46.02056086114725], [7.432289532770358, 46.02064307105136], [7.432285255390252, 46.020669319653145], [7.432297740708305, 46.02067629194813], [7.432351040235017, 46.02069538357509], [7.432403371808711, 46.020711272754035], [7.432413558776947, 46.02071795701905], [7.43242421022791, 46.0207279337356], [7.43242562915262, 46.02073916919567], [7.432417437398103, 46.02078264420643], [7.432448927248715, 46.020809101867144], [7.432456440826922, 46.02082034671162], [7.432459976728839, 46.02083651178755], [7.43246952860497, 46.02086323813169], [7.432494601364538, 46.02088842719141], [7.432512054909072, 46.020919804486304], [7.432517036654094, 46.020938983154466], [7.432533486172107, 46.020945865699794], [7.432539231600077, 46.02095021981424], [7.432543130300937, 46.02095720059716], [7.432546597079819, 46.02101085002593], [7.432553231491316, 46.02103118921461], [7.432607588221093, 46.021067615236106], [7.432609175263137, 46.02107700660222], [7.4326068242344006, 46.021084661605805], [7.432600844839314, 46.02109182159391], [7.432584974711772, 46.02109685795344], [7.4325765294385375, 46.02110266876959], [7.432569335211442, 46.02111951702959], [7.432566760467443, 46.02116271353762], [7.43256783079549, 46.021174056937326], [7.432575666977461, 46.021187505680686], [7.432594556195351, 46.021201072011706], [7.432616181812953, 46.02122209560546], [7.4326495057641395, 46.021248148694184], [7.432684417118086, 46.021280399630704], [7.43269274440278, 46.021291536684636], [7.432702523654663, 46.02136409555363], [7.432668469106162, 46.021405239916994], [7.432664284400154, 46.02141406429007], [7.432656415129765, 46.02145975204419], [7.432642375589701, 46.021489688297606], [7.432627809180377, 46.02149879092462], [7.432605663366549, 46.021507407589795], [7.4325829611496435, 46.02152366112529], [7.432569490703776, 46.02154478168608], [7.432562346309488, 46.021578002128585], [7.432551934928327, 46.02160956679846], [7.432535261606971, 46.02163765912175], [7.432489300077053, 46.02168529683599], [7.432494057872827, 46.02174079942074], [7.432491832085506, 46.021780208752844], [7.432482553222689, 46.0218413237242], [7.432464384919727, 46.02184374245267], [7.432456196191661, 46.02186204802974], [7.432464328675943, 46.02188180269554], [7.432461576327151, 46.021898372412835], [7.432455712154225, 46.021913088716595], [7.43243823825561, 46.02193894092026], [7.4324338587930665, 46.02195550139509], [7.432445139178157, 46.021997637124976], [7.432457338438745, 46.02202271731287], [7.43247221081851, 46.02204451401111], [7.432475410930351, 46.02206097577977], [7.432472928144296, 46.022088672697876], [7.432501953183543, 46.02211260299567], [7.432499292161756, 46.02211928626765], [7.432502970101779, 46.022136908735], [7.4325221694329855, 46.02215086183619], [7.432538938972778, 46.02218475817254], [7.432560048120327, 46.02221043274636], [7.43256537912866, 46.02222592331527], [7.432569030354978, 46.0222506251921], [7.432566053785359, 46.02230408528794], [7.4325513158024, 46.02234214459021], [7.432548085775069, 46.022356762056646], [7.432526878024282, 46.02239850012498], [7.4325249912005855, 46.022411192696666], [7.432526242479872, 46.02242135771091], [7.432555174828044, 46.02246369251724], [7.432540825404229, 46.022491964741505], [7.432517915382963, 46.022514722058006], [7.432492591699772, 46.0225294372872], [7.432487438615863, 46.02253679534164], [7.432486401260368, 46.02257117608177], [7.432468603486239, 46.02260396382495], [7.432467503485685, 46.02262349306093], [7.432583247201011, 46.02278406143977], [7.432591844632425, 46.02280419387059], [7.432599809114564, 46.02282509070888], [7.43261275474244, 46.02287425207346], [7.432626509808207, 46.02295514938301], [7.432622965871358, 46.023003896067344], [7.432634778201844, 46.02302867951166], [7.432642947925788, 46.0230635197822], [7.4326128736097345, 46.02317240001844], [7.432608208884455, 46.02319714623669], [7.4325447603209405, 46.02336499039433], [7.432523855995335, 46.023455313187426], [7.432514494852933, 46.023554929279875], [7.432517235768764, 46.02363328962375], [7.432522367703411, 46.02369404577272], [7.432478121389937, 46.02373906485411], [7.432440924517093, 46.02379336791581], [7.432423834884124, 46.023837849637765], [7.4323971193278835, 46.023926606634575], [7.432362597507243, 46.02406972337979], [7.432337621515546, 46.02418866988562], [7.4323416205302015, 46.024220604226834], [7.432344209854336, 46.0242722571133], [7.432333135082696, 46.02433724918632], [7.43232647391937, 46.024421779553265], [7.432316095512655, 46.02448440428466], [7.432313787255782, 46.02454818934882], [7.4323227812786, 46.02458965767145], [7.432332075526985, 46.024608718630226], [7.4323430087024205, 46.02463928548073], [7.432357285160543, 46.02468685523096], [7.432383362296975, 46.02474976287351], [7.432413146496017, 46.02480616706178], [7.432410988889552, 46.02481375898101], [7.4324053962779635, 46.02482154853857], [7.432391964759677, 46.02483498704341], [7.432339854330003, 46.02487146889693], [7.432337979687143, 46.024888020401605], [7.432342564531537, 46.02498410173996], [7.4323267196369835, 46.02508814311782], [7.432322736601416, 46.02513180693505], [7.432315008757054, 46.02517498478562], [7.432363131994383, 46.025215728742666], [7.432368604978618, 46.025233801072645], [7.432365528347884, 46.02526083266537], [7.432353361495768, 46.025279767465285], [7.432337331394288, 46.025314264083335], [7.432309938533479, 46.02534194165952], [7.432293509965671, 46.02536415078429], [7.4322861846969515, 46.025389904439855], [7.432292864646892, 46.02546213894425], [7.432306406566687, 46.02549620590245], [7.432323913991014, 46.0255234457399], [7.432350179718898, 46.025527036817536], [7.432361824997414, 46.0255485009138], [7.4323969852397855, 46.025570847513926], [7.432403002083106, 46.0255767218296], [7.432411070712619, 46.02559616184103], [7.4324351655587275, 46.025608981782554], [7.432457102918907, 46.025629114908995], [7.432464875281805, 46.02564335557486], [7.432489614967536, 46.02566213940992], [7.432508104389036, 46.02568360377473], [7.432527367004646, 46.02571690607351], [7.432542694486203, 46.025721539310055], [7.432557465017936, 46.02574089836703], [7.432578460694493, 46.02575352013098], [7.4326458290253665, 46.02576638777401], [7.432691450783294, 46.025783950219086], [7.43271541745071, 46.02579166988542], [7.4327354846828335, 46.025795539215046], [7.4327463699903955, 46.02580171069456], [7.432755601235789, 46.025818838855], [7.432761679788227, 46.025848857084156], [7.432789117161661, 46.02588158435461], [7.432829278732736, 46.02588163219323], [7.432838059438013, 46.025885113832594], [7.43284368768817, 46.025903393181224], [7.432847335169761, 46.025959560865466], [7.432850563169125, 46.02596601131629], [7.4328590337006135, 46.025971408933785], [7.432879424204751, 46.02597450498727], [7.432886074023233, 46.02597951575925], [7.432888293034626, 46.02599664320667], [7.432900234982314, 46.02602560082315], [7.432906119612772, 46.0260579128239], [7.432921536037458, 46.026075643424754], [7.432938490295285, 46.02608267825342], [7.433003865854608, 46.02613440610002], [7.43302759851128, 46.026159244423994], [7.433047728754554, 46.02617629187002], [7.433068118880795, 46.02618343586894], [7.433119174034704, 46.026227354345146], [7.433127861640222, 46.02625419714101], [7.433127212030535, 46.026288532942516], [7.43312376011883, 46.02632353430873], [7.433125528279672, 46.026332098085135], [7.433139446837245, 46.02635259956177], [7.43315804180833, 46.02635771885456], [7.433174400113372, 46.026388034761105], [7.4332192878385674, 46.02638788397522], [7.433237869906628, 46.026394370759185], [7.433250072063385, 46.02640504898678], [7.433256695665274, 46.02641573610704], [7.433270561154261, 46.02645153921049], [7.43330024882469, 46.02645858411958], [7.4333278949455375, 46.02647910456552], [7.433367287970387, 46.0265373432032], [7.43340291765981, 46.02652959083913], [7.433415584399882, 46.02654355241321], [7.433417029948034, 46.02655047898495], [7.43341535035233, 46.02655749532853], [7.433390977189096, 46.0266015178403], [7.433378550177872, 46.02663814689782], [7.4333757831290805, 46.02667065658296], [7.43338552831883, 46.026714231437175], [7.43340102101418, 46.02675012446476], [7.433412729349621, 46.02679110863055], [7.433428119645994, 46.026818923676316], [7.433448160966849, 46.02682742555081], [7.433467246242373, 46.026839507524805], [7.433505620001344, 46.02689771974425], [7.433546877526709, 46.02691814181954], [7.433568686811722, 46.02693868874138], [7.433590921179837, 46.02697056116403], [7.433608337305688, 46.02701443315113], [7.4336349388016645, 46.02702271920963], [7.433636369081218, 46.02705238640508], [7.433633088249261, 46.02705757642088], [7.433587445518808, 46.027104521302306], [7.433574904056065, 46.02712270933018], [7.433560966566025, 46.0271501892071], [7.433628182660389, 46.02715137950109], [7.433651335903822, 46.027161500295755], [7.433666973392084, 46.02717193572959], [7.433701509082738, 46.02725954494791], [7.433700706575009, 46.027277940798], [7.433693808961524, 46.02729388056619], [7.433665770293583, 46.027318211914476], [7.433626729223111, 46.02734088764881], [7.433625319419453, 46.02736174816258], [7.433631631465159, 46.0273878442961], [7.433641432210529, 46.027396561434905], [7.433655327450184, 46.02739752461138], [7.433726613171139, 46.02738875755731], [7.4337378864886245, 46.02739364264321], [7.433763891709544, 46.02742358054178], [7.433797150472289, 46.027490022044624], [7.433831155547189, 46.027576945428585], [7.4338761056282205, 46.027712767291796], [7.433898040888312, 46.02776778473783], [7.433969744531061, 46.02787222925942], [7.43399186419404, 46.02789524107189], [7.4340202084898275, 46.02791990861916], [7.43405025558776, 46.027960191973705], [7.434054283820853, 46.0279697813498], [7.434061712414554, 46.028070531226305], [7.434086023370644, 46.028137846078145], [7.43410249804972, 46.02817524103983], [7.434119902013856, 46.02822222573173], [7.434128551443369, 46.02825568965782], [7.434129826833829, 46.028290097781344], [7.434151671026185, 46.02835932833995], [7.4341510881930475, 46.028373324853625], [7.434164941354595, 46.02841378745751], [7.4341910262749655, 46.02843029526057], [7.43420154935659, 46.02845004975554], [7.434212277666018, 46.028488884243124], [7.434234344801918, 46.028522168541755], [7.434242414208015, 46.02854258865355], [7.434222367855901, 46.02857543876759], [7.434223955240585, 46.02858492888155], [7.434240934816028, 46.028605933349084], [7.4342604963405, 46.02863508767331], [7.434298521413368, 46.028703445029265], [7.434322727616235, 46.02879496703066], [7.434352294580478, 46.028878025119035], [7.4343787781600374, 46.02892462389439], [7.434471002328344, 46.02904638381631], [7.434488163520422, 46.029077600096635], [7.434497356248923, 46.029103912460045], [7.434497316376303, 46.02911633522606], [7.434488079962146, 46.029145255270464], [7.4345186539604935, 46.02922085427767], [7.434523287767696, 46.0292509537392], [7.434529097925787, 46.0292664533402], [7.4346177571058805, 46.02939564213322], [7.434614165636329, 46.02940926107265], [7.434614978318322, 46.02942044258599], [7.434623795714021, 46.02945720767075], [7.43463202096529, 46.029470188404204], [7.434637132413407, 46.029502707586914], [7.4346354768973315, 46.02953287863851], [7.434671694375134, 46.02962352829406], [7.434678882453454, 46.02968762189466], [7.434686730638523, 46.02973198806149], [7.434696079476989, 46.029747235920816], [7.434725908847114, 46.02977952161093], [7.434736845242669, 46.0298053841752], [7.434749577108376, 46.02982777461265], [7.434743205887702, 46.02988291720109], [7.434751894771569, 46.0299144109392], [7.434763744739392, 46.02998200385854], [7.43477650396628, 46.029987006000106], [7.434790373371048, 46.02999641584791], [7.434792309663333, 46.03000714758284], [7.434791636790859, 46.03002292568464], [7.434801476262249, 46.03003948678392], [7.434797716587755, 46.03005506654204], [7.434772673436214, 46.03007684363659], [7.434767635021077, 46.03009842375822], [7.434767943865001, 46.03011187209162], [7.434773082132317, 46.03013208517311], [7.434787905065961, 46.03016809483819], [7.434801988116388, 46.03025091728394], [7.43478824578086, 46.03026395107008], [7.43478177444132, 46.03027512298403], [7.434783052199903, 46.03028217526125], [7.4347886954247695, 46.0302877257316], [7.434794351052488, 46.030299384150815], [7.4347965710039405, 46.030316961608925], [7.4348155923422246, 46.03034340959413], [7.434816169141127, 46.0303964022353], [7.434799255855895, 46.030489495749364], [7.43480068835602, 46.03050134284664], [7.434814389333435, 46.03051997320837], [7.434816480568821, 46.03053172147945], [7.434801210051377, 46.030594086500116], [7.434801337031644, 46.03062029945167], [7.434795302154327, 46.030661822158876], [7.434782359815246, 46.030682376251406], [7.434727585646978, 46.03070896384775], [7.434714502033892, 46.0307201176502], [7.434691847485349, 46.030745070230715], [7.43468372062114, 46.03078264376023], [7.434650565157616, 46.03081866005055], [7.434635349197658, 46.03084551090022], [7.434605311473418, 46.03097278727164], [7.434623505934956, 46.031006746747984], [7.434645110088779, 46.03103647821681], [7.434648802241209, 46.0310551802197], [7.434647160763985, 46.031070211647005], [7.434641825503517, 46.03108729392904], [7.434623522456124, 46.031118561459586], [7.4346069875269, 46.03116298044106], [7.434600334049965, 46.03119058745744], [7.434601597681652, 46.03121503745387], [7.434619482402187, 46.031243050391254], [7.434633492356203, 46.03127305995661], [7.434650899861655, 46.031293957400266], [7.4346528495108455, 46.03129988554878], [7.434652457749031, 46.03134930679873], [7.434656781685258, 46.0313802337088], [7.4346711148560365, 46.03140911909553], [7.434692384251929, 46.031429441289], [7.434687863629765, 46.0314342267042], [7.434673179054833, 46.03143805813724], [7.4346552263891885, 46.03144892389705], [7.434640964876944, 46.03148798166513], [7.434638186394954, 46.0315088421691], [7.434639282140951, 46.03153196065204], [7.434682491399249, 46.03158494673583], [7.4346828003830785, 46.03159556136795], [7.43467366380058, 46.03165727861652], [7.434673171358164, 46.03167794141427], [7.434676850189181, 46.031701078101186], [7.434686186081145, 46.03171950125698], [7.4347184445677446, 46.03175030267752], [7.434723454466188, 46.031762806593115], [7.4347127450190715, 46.03179032262737], [7.43470481442608, 46.03180431082053], [7.4347025404753895, 46.03181473648791], [7.434693963283841, 46.03182919137307], [7.4346911980427395, 46.031844213563076], [7.434691802808495, 46.03186752963631], [7.43469502984084, 46.0318865911511], [7.434703551631037, 46.03190682192542], [7.434707230654658, 46.03192383220248], [7.434718839561719, 46.03194293909041], [7.434756882813627, 46.03199262269073], [7.434768969515955, 46.03201406856236], [7.434770079303131, 46.03202403554894], [7.434762961976005, 46.032038572096006], [7.4347382018037, 46.03206484715437], [7.434728501142757, 46.03208504198551], [7.434728796911653, 46.0321011980591], [7.434739719276017, 46.032145096556945], [7.434743552380732, 46.03217479969768], [7.434744141272091, 46.03223353111304], [7.434762686090946, 46.03224550463313], [7.434773959081668, 46.03226544789992], [7.434781524743126, 46.03229430561525], [7.434784712598159, 46.03231855746737], [7.434794565874351, 46.03232899258356], [7.43481309772163, 46.032342009557304], [7.434838563284863, 46.032378703337855], [7.4348421005894965, 46.03239732433176], [7.434830745787027, 46.03242999594379], [7.4348462148876955, 46.03246817346114], [7.434851326819459, 46.0324977868797], [7.434851608252946, 46.03253114232233], [7.434856368376269, 46.0325969265195], [7.4348545308900595, 46.03264099559364], [7.434871069404362, 46.03271517363257], [7.434896857616295, 46.032753837063005], [7.434914784024816, 46.032752470478655], [7.434924766697919, 46.03276094454458], [7.434949935968038, 46.03279030680881], [7.434990099138369, 46.03282937593972], [7.435014906221233, 46.03286643831455], [7.43506194865318, 46.03296135149226], [7.435093649225944, 46.033043634783226], [7.435167606183635, 46.03316161417193], [7.435190023447336, 46.0332114593239], [7.435224335042388, 46.033267061685144], [7.435264276289524, 46.03334155471378], [7.435284420577351, 46.033388017073], [7.435330914517749, 46.03339608684305], [7.435345248537468, 46.033422525088085], [7.43534764980299, 46.03343304964399], [7.4353519591776385, 46.03348201139025], [7.435338598137522, 46.03355847156857], [7.435342066524608, 46.03362886071291], [7.43534876586292, 46.033676617817164], [7.435345199585997, 46.03369624566341], [7.435330615720307, 46.033722997285835], [7.43531316523401, 46.03373942176108], [7.435292795871949, 46.033754595657086], [7.435289315321275, 46.033826675373014], [7.435300524418538, 46.033845350312596], [7.435299863250849, 46.03387484620465], [7.435277350910183, 46.033885910026676], [7.435291566456768, 46.03393964026955], [7.435304764339677, 46.03395737037281], [7.435320635866106, 46.03397447099527], [7.43531614040463, 46.03398180174361], [7.435313814622694, 46.033992245162175], [7.435315144187569, 46.03400044895996], [7.435322336756159, 46.034016101155615], [7.435368920658292, 46.034043988631566], [7.435374602522881, 46.03405643856809], [7.43537244496502, 46.03406492119506], [7.435338242479602, 46.03409272484754], [7.435313558684024, 46.034120105994596], [7.435252873294076, 46.03422191415356], [7.435250391487981, 46.034246867429324], [7.435255076485625, 46.034289758056715], [7.4352559983554745, 46.034396022017], [7.4352540198883785, 46.03442776711837], [7.4352433494034145, 46.03445892736618], [7.435227370542056, 46.03448952057488], [7.435201330461611, 46.03451819724645], [7.435171504964592, 46.03456092471583], [7.43514915539182, 46.03462049991489], [7.4351418311069235, 46.03463396581682], [7.435114305707017, 46.03465839622096], [7.435107471485923, 46.03467675526184], [7.43509879146332, 46.034684086096014], [7.435077776721646, 46.034693935102744], [7.435058932069646, 46.03470030291685], [7.435055766805156, 46.03471311251104], [7.435038587205259, 46.034734089229204], [7.435012391688265, 46.03476210880792], [7.434999551581398, 46.034778857175404], [7.43495166973821, 46.034820774294374], [7.434949344138226, 46.03483018348763], [7.434950195066807, 46.0348479045871], [7.434982093359113, 46.03488632520503], [7.4350470771063035, 46.034994499475474], [7.435090752018623, 46.03507729642278], [7.435171001354387, 46.03521244977434], [7.4352208662051185, 46.03526981786676], [7.435228072494064, 46.03528655950098], [7.435241232323948, 46.0353077537335], [7.43523624544995, 46.035318367506804], [7.435235740296041, 46.035340001957465], [7.435238154982911, 46.03534659566779], [7.435245206605712, 46.0353516873611], [7.435269139586137, 46.035353523499445], [7.4352866790927585, 46.03536032520837], [7.435288550989904, 46.03537285608085], [7.435281495845523, 46.03540944908469], [7.435223190688775, 46.0354340210006], [7.435112859597061, 46.03547346980744], [7.4350452699602005, 46.035480959839234], [7.435005435947607, 46.03549463083971], [7.434959195015589, 46.035513023878444], [7.434934770743205, 46.03551450678946], [7.434868589549797, 46.035510644115284], [7.434842239787654, 46.03552186878279], [7.434814739834468, 46.03554056860855], [7.4347846835565665, 46.03554931954273], [7.434767040489146, 46.03554770842502], [7.434705596073283, 46.035579980534195], [7.434676676429779, 46.03559062985422], [7.434666950785333, 46.03559071940935], [7.4346564375917605, 46.03558683288136], [7.434617730707688, 46.03556275006259], [7.434572099517964, 46.03555296055805], [7.434514184449814, 46.035550528483924], [7.43445147698871, 46.03555291752588], [7.434401879736646, 46.03555279788329], [7.434372933922766, 46.03556440937593], [7.434361630414352, 46.035584612425275], [7.4343632429443405, 46.0356028820236], [7.434368162799139, 46.035613172919774], [7.434374064707843, 46.03561965888498], [7.434368794344365, 46.03562555051557], [7.434315177275819, 46.03565346925333], [7.4342694390202, 46.03568042592184], [7.43424310028484, 46.03570570996295], [7.434203923448353, 46.03573021111945], [7.434147555632658, 46.03575434275384], [7.434105099931151, 46.03576383073893], [7.434057400513863, 46.03577225705749], [7.433908891168492, 46.03579338015081], [7.433839221995436, 46.03580008727803], [7.433773156099902, 46.035809178352764], [7.4336462690770775, 46.03581918388203], [7.433550548098007, 46.03582948776166], [7.433521383219987, 46.035835081272815], [7.433468102487841, 46.035855686756], [7.433377778318458, 46.0358819935393], [7.433292543746295, 46.03590085221055], [7.433073862227786, 46.035920216988515], [7.433025672232185, 46.03592741994914], [7.4329522421047605, 46.035956192905864], [7.432922909400391, 46.035962353330575], [7.4328935647238845, 46.03596024683072], [7.432872899993138, 46.03595471356066], [7.432844705037896, 46.03595184263241], [7.432793379746521, 46.03593117718531], [7.432755846566698, 46.03592687515339], [7.4327234777965625, 46.03593804558324], [7.43269838030948, 46.03595267976444], [7.432681651579435, 46.03597365629229], [7.432675218725482, 46.035979494003875], [7.432665570121654, 46.0359826418562], [7.432623231898599, 46.0359787529832], [7.432579471475736, 46.03598654918291], [7.432536809966856, 46.03598611459004], [7.432522009314601, 46.035977270995716], [7.432509146384319, 46.035966034742806], [7.432488687603219, 46.03596409024683], [7.4323874348624575, 46.03598701135569], [7.4322231601087845, 46.036042140339624], [7.432169737708702, 46.03605316476435], [7.4320902639450726, 46.036060309963375], [7.432036815538935, 46.0360730615955], [7.4319850192555155, 46.03609367534559], [7.431967205335085, 46.03611089999472], [7.4319549821507325, 46.03614214005758], [7.431879766849823, 46.03617958293011], [7.431803955492626, 46.03622833274752], [7.4317629444715605, 46.036246041857396], [7.4317206690870945, 46.03625462961752], [7.431668797271529, 46.03626184937473], [7.43164309251563, 46.03627499902712], [7.431610863854463, 46.036296082040984], [7.431563214581803, 46.03630859115815], [7.431507891444965, 46.036333054759325], [7.431465339835816, 46.0363751236639], [7.431439345439319, 46.03642663036384], [7.431314294221817, 46.03649933202577], [7.431199276650445, 46.03658272965452], [7.431129714777633, 46.036640331832494], [7.43093507533594, 46.036766353464515], [7.430848039223599, 46.03681248492219], [7.430670700935766, 46.03689129012659], [7.430605585264722, 46.03692491046333], [7.430556900654424, 46.036947323572], [7.430502068788128, 46.03696354710845], [7.430452701429464, 46.03697321321964], [7.430361368732052, 46.03698803967591], [7.430237125181489, 46.03700489637172], [7.430171972317669, 46.03702635440129], [7.430125559239986, 46.037057187278265], [7.430109152297395, 46.03707665214464], [7.430103091873847, 46.0370923847347], [7.430097833200174, 46.03717915509463], [7.4300908757512225, 46.03723030324983], [7.430075188401427, 46.03727263508244], [7.430049776556441, 46.0373065193663], [7.430018839171101, 46.03732502088269], [7.43001238066282, 46.037326702395504], [7.429897933330579, 46.03737785890336], [7.429801877249819, 46.03743803968193], [7.429701649817101, 46.03749335340273], [7.429639437350256, 46.03753542902707], [7.429578590988873, 46.03759379560366], [7.42953165404111, 46.037660259455826], [7.429443159401207, 46.03775943672759], [7.429413524871854, 46.03778338016303], [7.4293648753451285, 46.03781853031136], [7.429262336087423, 46.03786502746696], [7.4292017757843345, 46.03790954088835], [7.4291388557833375, 46.03792873085224], [7.429097608752246, 46.03795415722857], [7.429060273110355, 46.03799195289539], [7.428996793031752, 46.03803721228912], [7.428991972931719, 46.03804937383758], [7.428973665251843, 46.03807558495896], [7.428971788320749, 46.038097695977704], [7.428956634802554, 46.0381111609258], [7.428915808680374, 46.03816413175581], [7.428888123329483, 46.03819200627109], [7.428847269991102, 46.038252110672815], [7.428778636324851, 46.03829378909082], [7.428745077546713, 46.03830141382217], [7.428711580643624, 46.038323476509284], [7.428637827254785, 46.03838932551902], [7.428567912215444, 46.038443930573784], [7.428511274915843, 46.03850081289285], [7.428484569519033, 46.03853600992821], [7.428461129246831, 46.038585438326265], [7.428403437619338, 46.038616818158886], [7.428349490063293, 46.03872188097392], [7.428278332758261, 46.038785670554596], [7.428220390125266, 46.03884386616849], [7.428172323791846, 46.03886027796115], [7.428155233038095, 46.03887018030283], [7.428129472835766, 46.038891883959884], [7.428041449817019, 46.03893446864304], [7.42800695835108, 46.03895333764966], [7.427992990936297, 46.03903558186744], [7.427960197966539, 46.03908369504751], [7.427904262271169, 46.03917243817862], [7.427878847310267, 46.039208381364496], [7.4278490093608545, 46.03927091506826], [7.427807521171908, 46.03932989431201], [7.427759323867888, 46.03941208989811], [7.427733539556048, 46.039422728689104], [7.427718410677412, 46.03943769546513], [7.4276804387326285, 46.039482237295296], [7.427634669124007, 46.03950502644033], [7.427614372577333, 46.0395244725114], [7.4275253912573, 46.03957099649328], [7.427486103134547, 46.03960728895866], [7.427445822162471, 46.03963552137088], [7.427379255492914, 46.039722374802686], [7.427341999613499, 46.0397991569207], [7.42731268670473, 46.03981934858073], [7.427269845992998, 46.03985751202954], [7.427229960829162, 46.03990635348271], [7.4271651979457465, 46.03995385187416], [7.427134305285217, 46.03999242165025], [7.427066061762534, 46.04006576375371], [7.427055801811776, 46.04008467166121], [7.42701170462298, 46.040135581182334], [7.426984638507161, 46.040157824000296], [7.4269747254655565, 46.040184809954255], [7.426982858679546, 46.0402050509349], [7.4269864933131124, 46.04024273434221], [7.426959823094637, 46.04028617109747], [7.4268883619017005, 46.04036064554976], [7.426833584409898, 46.04040236082009], [7.426779381155513, 46.04041500165936], [7.426659768515002, 46.040473260430836], [7.426601450304581, 46.04051815905173], [7.426538647893949, 46.04057201694467], [7.426456852124329, 46.040647605755524], [7.426413351962811, 46.040682953079184], [7.426372783353896, 46.040719055843994], [7.426364135701621, 46.04074378321064], [7.426359434835255, 46.04079456254231], [7.42634858658274, 46.0408395297671], [7.4263473651104475, 46.04086951154036], [7.426349446268216, 46.040917493914534], [7.426358978966966, 46.04097316856185], [7.426385924301717, 46.04102831471679], [7.4264118660751315, 46.04106715194243], [7.42641935305018, 46.04108872424365], [7.426416183548852, 46.04110914376811], [7.426399498500598, 46.04114678803177], [7.426396399787027, 46.041193815810104], [7.426402571475346, 46.041204880881835], [7.4264139094002495, 46.04121859121225], [7.426458902515562, 46.041261774659304], [7.4265074851364705, 46.041313018938894], [7.426539921113174, 46.04136161559716], [7.4265568078772075, 46.04139893966036], [7.42659824957585, 46.041439873817126], [7.426628724068091, 46.041483397535444], [7.426676981511853, 46.04154401448494], [7.4266929009621325, 46.04157327773001], [7.426723998295614, 46.041606690947035], [7.426781335621261, 46.041675945613626], [7.426805353803686, 46.04171346944657], [7.426870250092725, 46.041716760677296], [7.426902231551218, 46.041724500333466], [7.426920053111251, 46.041744580632916], [7.426935029527917, 46.04178190578424], [7.426972559423477, 46.04181551690463], [7.426999147915088, 46.041850232981105], [7.427020914763068, 46.041900681753376], [7.427023198378782, 46.04191230404893], [7.427022504163068, 46.04200938288967], [7.42706319329125, 46.04201133015477], [7.427074196943604, 46.04201940915902], [7.42708295178155, 46.04203310121212], [7.427083992353692, 46.04205840566766], [7.427093093943542, 46.042080544384966], [7.427104230118271, 46.04212984044393], [7.427092375792309, 46.042168807348034], [7.427075368276475, 46.042204760451014], [7.427077736189455, 46.042243189255245], [7.427092949434404, 46.04225820428895], [7.427106908931644, 46.042276214572475], [7.427123771768039, 46.0423082942422], [7.427173956935065, 46.04235842163362], [7.427176241691764, 46.04236591520121], [7.427174340154294, 46.04237790603327], [7.427136962255049, 46.04241139207329], [7.427134750588798, 46.042423760663965], [7.427139618290686, 46.04243295444885], [7.4271506217922925, 46.04244216689012], [7.427179733279899, 46.0424607543193], [7.4272221326899075, 46.04249831476444], [7.427220683788293, 46.04250773285653], [7.427209116990919, 46.04253251410894], [7.427190683812233, 46.04258813087374], [7.4271823510501385, 46.04264668974906], [7.427206213215529, 46.042684238246835], [7.427210444291299, 46.042709641767466], [7.427203150539141, 46.04274690048242], [7.427202794025585, 46.042778932706874], [7.427198111240737, 46.04280719569776], [7.427186580736812, 46.0428427176183], [7.427157503725271, 46.04289829773894], [7.427132681134591, 46.0429318568294], [7.42711285666643, 46.04297014823685], [7.4270999175117955, 46.04300672207418], [7.427092645072295, 46.043062898164656], [7.427097484673258, 46.043082670762274], [7.427124769361675, 46.04312652633489], [7.427145909733591, 46.0431506450919], [7.427173080334161, 46.04318685495725], [7.427192092028673, 46.04320030519525], [7.427204306099398, 46.04322674416392], [7.427211044091619, 46.04324740704517], [7.427235118137492, 46.04327012406052], [7.427246261364607, 46.04329112072242], [7.427251967315615, 46.04330770910053], [7.427259709095812, 46.043345697490224], [7.427281375347433, 46.043388230353436], [7.42730810492988, 46.04343178895761], [7.427312218537245, 46.04346182477696], [7.42730832533096, 46.04348552790199], [7.427291971412183, 46.04354198137698], [7.427306912366884, 46.0435640220047], [7.427315376951982, 46.0436062387157], [7.427329627336311, 46.043711550139065], [7.42732426332035, 46.043781929834154], [7.427312848289604, 46.0438201413539], [7.427289577208218, 46.04384798905543], [7.427222225048009, 46.04390056074878], [7.427214121454826, 46.04391880271847], [7.42721406432198, 46.043943558452426], [7.427241925676641, 46.044011162388564], [7.427254257912809, 46.04408606863142], [7.427243104997172, 46.04410802560511], [7.427250610660524, 46.044163510499224], [7.427264094172481, 46.04423364086653], [7.4272869882081824, 46.04427492342137], [7.42730159958557, 46.04432489425713], [7.4273038914795935, 46.0443575928715], [7.427301612584587, 46.04438217751249], [7.427302999393773, 46.04441752938979], [7.427307125815894, 46.044448266838685], [7.427317582162071, 46.04447979695398], [7.427330596396444, 46.04451061664558], [7.427351856213965, 46.04458145802083], [7.42736241264305, 46.04462673292279], [7.42735430927234, 46.04470142152782], [7.427346980238742, 46.044720868754574], [7.427346964853866, 46.04473075445334], [7.427375831032171, 46.04475624184702], [7.427378231627084, 46.04476553432421], [7.427365669307419, 46.04479301436639], [7.427386549394031, 46.04482952894185], [7.427407060861296, 46.044897662716956], [7.427463804822142, 46.04497902390335], [7.427486690932632, 46.045000831493006], [7.427500187972367, 46.045011951458754], [7.427533539225924, 46.04502693251392], [7.42755877825987, 46.04504094134233], [7.427616292623904, 46.04508596966819], [7.4276406540239694, 46.0450952553907], [7.427666150529148, 46.045112862197605], [7.427685162783841, 46.045127841718006], [7.427706859782664, 46.04515367921924], [7.427718198246212, 46.04517110481428], [7.427736486161592, 46.0451911578855], [7.4277648899053865, 46.04520701111774], [7.427801251258572, 46.04522199238047], [7.427846576505291, 46.04524449516023], [7.427874773366827, 46.04526159873644], [7.427905167880629, 46.04527315279265], [7.4279235472756815, 46.045288222199375], [7.427946268227664, 46.045299703215704], [7.427957298683991, 46.045307224491594], [7.427972786207546, 46.04531353188202], [7.428001050048994, 46.04531896808986], [7.428026809043364, 46.04531950180738], [7.428039698741638, 46.04533036021525], [7.428058350776418, 46.04533851189921], [7.428105369517271, 46.045354717503415], [7.428134201105963, 46.045363131156066], [7.4282071725136065, 46.04537951027989], [7.428245784263568, 46.04538390420592], [7.428279872213813, 46.04540212426676], [7.428329580084274, 46.04540993765001], [7.428395548656288, 46.04543630191724], [7.428449218614963, 46.045463546018716], [7.42845068591387, 46.04548903011338], [7.428461197529329, 46.045508470567356], [7.428483890192324, 46.04553265298788], [7.428507940543742, 46.0455505926599], [7.428527845802887, 46.04556014806822], [7.428551147659393, 46.04557538926396], [7.428594124759461, 46.04565201775144], [7.428633076183639, 46.04570298115906], [7.428648095312994, 46.04572794530455], [7.428675340353504, 46.04579309383804], [7.42868309802304, 46.04582558659676], [7.428693250130967, 46.045903255701795], [7.4287119108906365, 46.04593631637245], [7.428750634761534, 46.04596490826065], [7.428781955546993, 46.04599817708332], [7.428815667229695, 46.046026165680935], [7.428851186261834, 46.04606193588762], [7.42887226437741, 46.04608751253066], [7.428889943344946, 46.046122444397916], [7.428889836515114, 46.04614317971782], [7.428893615719238, 46.046176554152616], [7.428921373798122, 46.046194520733415], [7.428962034097689, 46.0462305517633], [7.428996182222946, 46.04627427348057], [7.429031803857374, 46.04631393832763], [7.429041425099443, 46.04633069814212], [7.429091850847296, 46.04637337797744], [7.429175888573201, 46.04642832233863], [7.429231122135576, 46.046461998406706], [7.429280644748698, 46.046501638013304], [7.4293633694784065, 46.046537386688165], [7.4294038235799205, 46.046577826332836], [7.429450289463162, 46.046588769225046], [7.429475400332999, 46.046605269711335], [7.429498856342695, 46.04662971325713], [7.429525702130504, 46.04662209618116], [7.429533087896219, 46.04664327257276], [7.429535472414438, 46.046676386041476], [7.42956755594602, 46.04671051805472], [7.429598334133336, 46.04674914795399], [7.429615012283244, 46.04675301885818], [7.429626949653503, 46.04675279583467], [7.429667899553018, 46.046762757450175], [7.4297182269213, 46.046781121811584], [7.429746515597254, 46.04679798200032], [7.429757907734732, 46.046809731232045], [7.429772045980588, 46.04685517842971], [7.4298323449051615, 46.046885283248756], [7.429869560782448, 46.04689978732828], [7.429953114133668, 46.04692661117623], [7.429978470094846, 46.046946835681915], [7.430008465217482, 46.04695739901835], [7.430038395407124, 46.046970472193216], [7.430042085801567, 46.04699618181277], [7.430062936830439, 46.04699331395163], [7.430070479057308, 46.0470067449935], [7.430079895575567, 46.04701405030779], [7.430108065491549, 46.04704595068571], [7.430124549327496, 46.04704744529123], [7.430129946092385, 46.04706684919303], [7.430135641485469, 46.04707642079482], [7.430157691710327, 46.047087064321055], [7.430192467082638, 46.04709697152548], [7.43020374221847, 46.04711434297216], [7.430259038191187, 46.04716739454011], [7.43027971531061, 46.0472026590787], [7.430300636057524, 46.04725069762861], [7.430323239863145, 46.047274618792784], [7.430358073398643, 46.047325428824344], [7.430397718812144, 46.047337989986445], [7.430419898706481, 46.047349731586436], [7.430443066031052, 46.04740591108687], [7.430471739366244, 46.04744671780402], [7.430484331657983, 46.047471241362366], [7.4304906717541686, 46.047490303548], [7.430491598702814, 46.04750970691444], [7.430487461530378, 46.04752853404838], [7.430492510530037, 46.04753978735772], [7.430491592037892, 46.047547091549866], [7.430486655430515, 46.047556851199154], [7.430485852858578, 46.047566341324334], [7.430495382783824, 46.047594138832444], [7.430499820997184, 46.04763142594328], [7.430472114488975, 46.047681348053175], [7.430448366176056, 46.047704545741226], [7.430428924202942, 46.047772530968935], [7.430424191423009, 46.04779874325743], [7.430417665711968, 46.0478086556525], [7.430401708725462, 46.04782185960148], [7.430376447383679, 46.04785052572572], [7.430360035396125, 46.047881199021006], [7.43033686746891, 46.04790792266367], [7.430338337342949, 46.04792370959565], [7.43033434356966, 46.04793464775377], [7.430308564357792, 46.047974145433756], [7.43021067784561, 46.048142994649716], [7.430180118562968, 46.04818409358096], [7.430195098997651, 46.048216631682784], [7.430195212208469, 46.048234775653476], [7.430202029608665, 46.04825832675733], [7.430218586926936, 46.04828594433319], [7.430226906020653, 46.048370656671416], [7.430244588117129, 46.04839465837381], [7.430266985857194, 46.048416132464816], [7.430321261017949, 46.04847732455154], [7.430351281031294, 46.04849956408902], [7.430357170702989, 46.04850737259374], [7.430363689791866, 46.04853766109302], [7.430353323717189, 46.04856856889557], [7.430352014654039, 46.04859351321182], [7.430355693918524, 46.04861042530349], [7.4303683497314665, 46.04863638679339], [7.430381253836363, 46.048646507457576], [7.4304073218266, 46.048660785301244], [7.430419567275123, 46.048670825189035], [7.430422369645083, 46.048677401186325], [7.430414080153481, 46.04872816212847], [7.43041560263075, 46.04873948748148], [7.430428502507541, 46.04877661291866], [7.430440681107993, 46.04879986706716], [7.430440910919808, 46.04881332370146], [7.430431941816239, 46.04883250120674], [7.430383975583125, 46.048900881791454], [7.430388430720996, 46.04891147864589], [7.430365768448994, 46.048922585663085], [7.430334086561426, 46.048947185370956], [7.430307816867992, 46.04897846052437], [7.430276428878242, 46.04902333641067], [7.430244357515449, 46.04906008931272], [7.4302204536071565, 46.049081766536524], [7.430210380920987, 46.04913277010341], [7.43021067485418, 46.0491521375521], [7.43020828348883, 46.04916000842053], [7.4301999353398385, 46.04917360878584], [7.430186883711673, 46.04918907903148], [7.43017903802493, 46.04920965970746], [7.4301578184314545, 46.04924429893822], [7.4301394561790275, 46.049267964369136], [7.43013241261129, 46.049283535012535], [7.430133432091006, 46.04929067764742], [7.430139657862973, 46.04929954809303], [7.430207992577665, 46.04934741078151], [7.43025542705702, 46.049377496345485], [7.4302686545604555, 46.04938885005216], [7.430298159094396, 46.049408382375255], [7.430311877157073, 46.04942122019835], [7.430347569910371, 46.049441265758055], [7.43036861290245, 46.04945683007593], [7.430396216966078, 46.04948307245914], [7.430453871337137, 46.04950956958358], [7.430490134001132, 46.049520907397714], [7.430517931362024, 46.04955223255609], [7.430550871920296, 46.04957522824094], [7.430585826702633, 46.049605357464486], [7.430604310419144, 46.049629530222006], [7.430627510009062, 46.04965109455719], [7.43065016798897, 46.04966649690159], [7.430666403350726, 46.04969181153878], [7.43068402314974, 46.049704829541106], [7.4307094082076155, 46.04971408828758], [7.430721175792813, 46.049726341275], [7.430728744195125, 46.049740725736825], [7.430744593472293, 46.04975799854493], [7.430752962966213, 46.04977155542484], [7.430840955973486, 46.04976721671541], [7.43088657009282, 46.049792515986], [7.430947495778528, 46.049799743660266], [7.430961989897349, 46.04980790369908], [7.431024559115457, 46.04989201830431], [7.431047255724768, 46.04991086609991], [7.431056274861381, 46.049901700463586], [7.431126951909422, 46.04993496327286], [7.431121418849289, 46.04995759535102], [7.431121985461405, 46.04996916352557], [7.431126117803867, 46.04998065100311], [7.431142986460788, 46.05000622645779], [7.431174467541507, 46.05002887078166], [7.431215119163635, 46.05006451399475], [7.431251819197114, 46.050089236388025], [7.4312751237421475, 46.05010226369176], [7.431305559964464, 46.050114401053655], [7.431340090499516, 46.05013426588088], [7.431384853178538, 46.05015277287865], [7.431442727093142, 46.050187491323335], [7.4314918822712, 46.050208121740035], [7.43149504482146, 46.05022635582597], [7.431493763537251, 46.05024140512204], [7.431479096057773, 46.05026693293632], [7.431472000090712, 46.050287144956975], [7.4314838696564, 46.05030887876718], [7.431519469465632, 46.05035044069593], [7.431522889057099, 46.05038115215631], [7.431517535264708, 46.050421245615105], [7.431523410413335, 46.05044413080924], [7.431533032937632, 46.0504610520924], [7.431571698759272, 46.05046941973132], [7.431606072825457, 46.05049849530227], [7.431627308984594, 46.050521822162224], [7.431663655942635, 46.0505798637751], [7.431685189636524, 46.05060185949538], [7.431685614371428, 46.050614507463436], [7.431676154233037, 46.05063736457408], [7.431686742261345, 46.05067491183063], [7.43168897242163, 46.05070635072766], [7.4316970550920605, 46.05074079508103], [7.431704973079223, 46.050751320186514], [7.4317106042326, 46.05076322158024], [7.431722356206123, 46.05079650574904], [7.431757095719775, 46.050800906535954], [7.431793166821039, 46.05079162387223], [7.431875294017587, 46.05080021931274], [7.4318992322921416, 46.050813633698816], [7.4319072025492545, 46.05082388059053], [7.431912238391812, 46.05084560540947], [7.431910773770765, 46.05088446675872], [7.431926915626507, 46.05094290339434], [7.431929071487767, 46.05095480452619], [7.4319292491841, 46.050976852351944], [7.431941648885772, 46.05099554525826], [7.431952019402353, 46.0510248175615], [7.431965207328288, 46.051044347399696], [7.431970334474747, 46.051057148155806], [7.431988784760155, 46.0510474520608], [7.431994094130638, 46.05105020480706], [7.4320060924001785, 46.05107981891245], [7.432009848692603, 46.051106086427964], [7.432007637122352, 46.05112380755002], [7.432000554037139, 46.05114850900629], [7.432002898639414, 46.05120343671053], [7.432036023089734, 46.05121288415871], [7.432064328745852, 46.05121440508755], [7.432076227385968, 46.051216420855646], [7.43212560594033, 46.05121626211151], [7.432121181215146, 46.05126024944004], [7.432132676666005, 46.05127589224186], [7.4321298447635895, 46.05129516053091], [7.432136469284456, 46.05131655181742], [7.432182820530828, 46.05134343255303], [7.43223019334677, 46.05136568099027], [7.432239818209025, 46.051366976872714], [7.432256935489852, 46.051376576278415], [7.43227716588476, 46.05139115057646], [7.432293817251656, 46.051405724242265], [7.432301836782337, 46.05142180684608], [7.432331330588302, 46.05143702053612], [7.432340905324091, 46.051427872849835], [7.432358035485246, 46.05143564574349], [7.432357410400538, 46.051473975622876], [7.432371347783081, 46.05148807107702], [7.432375671563641, 46.05150472824783], [7.432377943054142, 46.051540821394745], [7.4323822566212385, 46.05155218283694], [7.432409424745912, 46.051557607287506], [7.4324230533700035, 46.05157036382789], [7.432443024147279, 46.05159851282984], [7.432473087678598, 46.05160428112576], [7.43249932631279, 46.051613916995606], [7.432506197176699, 46.05163887198485], [7.432526399301326, 46.05166888170214], [7.4325531158731035, 46.05167801358666], [7.432576846410515, 46.051701133514186], [7.432622230686595, 46.051718290185086], [7.432630988141453, 46.05173212534025], [7.432647502509386, 46.05180223582112], [7.432700575931873, 46.051809048787064], [7.432711040394676, 46.05181292645539], [7.4327345903435065, 46.05183208789011], [7.432773281046728, 46.051859255979856], [7.432785980578853, 46.051862899779714], [7.432821031324002, 46.05186698587831], [7.432851250686684, 46.05186693386092], [7.432910304257687, 46.0518858906076], [7.432919166123871, 46.05189096399554], [7.432974608896626, 46.05196592707183], [7.432990124020628, 46.05197942137658], [7.4330336320088835, 46.05201081556514], [7.4330446624379025, 46.05203289958968], [7.433061170320788, 46.05205837505307], [7.4330893964494935, 46.052082654592624], [7.433119678104319, 46.05209954944877], [7.433135154350079, 46.052111199121875], [7.433139868959245, 46.052121310419224], [7.43313788952287, 46.052147595621], [7.433131221084106, 46.05216460593921], [7.433122677185562, 46.05219752889611], [7.433126460676203, 46.05221277618307], [7.433117333019517, 46.05226062184434], [7.433123338952292, 46.05227511382101], [7.433141721229011, 46.0522837394327], [7.433160506492825, 46.05228841865962], [7.43319017051296, 46.0522892031974], [7.433231501623721, 46.05228515771062], [7.433261486025574, 46.05231257848684], [7.433297494106208, 46.052304969837515], [7.433342763944302, 46.05231262701681], [7.433380848909976, 46.052328100115474], [7.433435907742596, 46.052368446605975], [7.433502350685878, 46.05238932676497], [7.433508538033901, 46.0523988530528], [7.433511857064174, 46.052410133413574], [7.433509969052644, 46.05242353629244], [7.433510183624738, 46.052463466439036], [7.433520478606195, 46.05248182662337], [7.433531536803633, 46.05248746661676], [7.433537401132006, 46.05250026766383], [7.433536934745505, 46.05251097215217], [7.433518328256541, 46.05252968204093], [7.433514243445896, 46.05254990382466], [7.433524251708984, 46.05259564694903], [7.433532790583938, 46.05260751262689], [7.433573756433946, 46.05263764988726], [7.4335802409048, 46.05264877751405], [7.433592577237543, 46.052662747305845], [7.433601438048199, 46.052679352873945], [7.43359955060257, 46.05268928372343], [7.433586665823197, 46.052725607286746], [7.433572942325819, 46.05275147798005], [7.43355053589252, 46.05278333912241], [7.433534330528072, 46.05282108386077], [7.433531977535976, 46.05283515266889], [7.433534713918718, 46.05286076320349], [7.433527953028533, 46.05289867939767], [7.433502418916736, 46.052941236298665], [7.433477339247734, 46.05295977475183], [7.433472752016467, 46.05296669221033], [7.433473875142991, 46.05297561590311], [7.433479416754197, 46.0529858081836], [7.433481172460671, 46.05300004836256], [7.433476287539111, 46.053011499502354], [7.433435883858865, 46.05303873592154], [7.43331029142913, 46.053142836321925], [7.433283789564998, 46.05317291650872], [7.4332653498326815, 46.053202331444986], [7.433251366825692, 46.05323278938533], [7.433253962412809, 46.053248568243646], [7.433254851039838, 46.053276175880995], [7.433264125000872, 46.05329958273607], [7.433277348343334, 46.05336087905986], [7.433279000503132, 46.053377350263155], [7.4332731182163485, 46.05341303564029], [7.4332579611744265, 46.053431404033894], [7.4331785507708, 46.05346623085499], [7.433170978808081, 46.05347341789951], [7.433172256715564, 46.053483699841784], [7.43319902330683, 46.05351684971688], [7.4332453892088415, 46.05355538907832], [7.433271485896655, 46.05357199614045], [7.433282880084389, 46.053582296372575], [7.433289700206659, 46.05359727425797], [7.433293212002756, 46.05361835080379], [7.433288698577486, 46.053658893692756], [7.43328780385007, 46.053690414338014], [7.433281497941252, 46.053699013827256], [7.4332876976084306, 46.053717428077], [7.433286443818912, 46.05372301434726], [7.433264646942066, 46.05373075868548], [7.433255343722628, 46.05373742391513], [7.433240665292224, 46.05374886562379], [7.433240522338194, 46.053756385894765], [7.433250327887208, 46.053763501823624], [7.433267562293857, 46.05377156251344], [7.4332748607023476, 46.05378411156702], [7.433286531938632, 46.05386507252923], [7.43328926772649, 46.053897268064105], [7.433275866675994, 46.053921402191726], [7.433229646860571, 46.053964893875474], [7.43322761726853, 46.053976840121706], [7.433248662450516, 46.05399225946274], [7.433259049831366, 46.053995435299164], [7.4332672792441015, 46.054002146393714], [7.433273234375617, 46.05401226674315], [7.433326486611602, 46.05405436838094], [7.43337070943838, 46.05408435308597], [7.433403835002697, 46.05410090647985], [7.433407542499724, 46.05410629496889], [7.433410691239073, 46.05414617304383], [7.433401413138883, 46.05415982793936], [7.4333881047179915, 46.05416511662957], [7.433366734718549, 46.054159861479775], [7.433360636863226, 46.054161094376724], [7.433342404095138, 46.05418460811642], [7.433297851545126, 46.054217025753786], [7.4332094186975946, 46.05428534352211], [7.4331779024748394, 46.054321099550876], [7.433178715725546, 46.054329474724355], [7.43318871388652, 46.054349463495754], [7.433189061583805, 46.0543606451096], [7.433184112129972, 46.05437034217614], [7.433168555482698, 46.05437554072076], [7.433150104823953, 46.05437758138512], [7.43313334355596, 46.054417755744936], [7.433106938481224, 46.05450186350207], [7.433087050233128, 46.05453598253586], [7.433082590325103, 46.054556285131966], [7.433050401929551, 46.05459080841702], [7.433021237000218, 46.05462705045602], [7.433022850556368, 46.05464006711143], [7.433036260489165, 46.054650979260735], [7.43304951514761, 46.05466637154386], [7.433067420305782, 46.05469192946682], [7.433131047572259, 46.0547447463427], [7.433152531964175, 46.05476467269818], [7.433166058580896, 46.05477260732492], [7.433188938467131, 46.05479156217707], [7.433216172729663, 46.05480946487004], [7.433239183060633, 46.05481506097422], [7.43326749083855, 46.05482596559561], [7.433281805825345, 46.054834305360956], [7.433352103106773, 46.05485949675003], [7.433364092002993, 46.05487075977802], [7.433397124309748, 46.05491856381325], [7.433436849334827, 46.05496930098216], [7.433456137814063, 46.05498092359003], [7.433474974252552, 46.05499847527882], [7.433503200673881, 46.05504634246903], [7.433530459297611, 46.05508313610848], [7.433591645637499, 46.055139317576355], [7.433578347414644, 46.05516843548612], [7.433600155419257, 46.05519059332565], [7.433658308665705, 46.05521474110166], [7.433693177674558, 46.055246083076504], [7.43371078514629, 46.055281023178836], [7.433744375460057, 46.055313688070335], [7.4337932768719845, 46.05534487854199], [7.4337919565343755, 46.05548005230165], [7.433797119521463, 46.05551976628265], [7.433797162262646, 46.05558276771261], [7.433840140369015, 46.05567052149504], [7.4339536891290985, 46.055737988555784], [7.433974784977329, 46.05576005384125], [7.433980225608726, 46.05585456683417], [7.433876338778424, 46.05599953874861], [7.433852310587234, 46.0560783915428], [7.433826979871054, 46.056139640991276], [7.433788265739115, 46.05617708771105], [7.433828413433497, 46.056267709723805], [7.433886978056092, 46.05632347648997], [7.433848297091307, 46.05639611121434], [7.43379629603647, 46.05645734818015], [7.433788720705893, 46.05648928131953], [7.433783678550849, 46.056522187152005], [7.433753244983973, 46.056573001626745], [7.433701000682425, 46.05663033724187], [7.433632331268091, 46.056715396636534], [7.43359952355664, 46.056730021555175], [7.43343073316903, 46.0567931456308], [7.433366682722871, 46.056814741436646], [7.433140158153686, 46.0569077905512], [7.433104623727747, 46.05692496108904], [7.433108665035987, 46.05695040065711], [7.433130533391134, 46.05700224204867], [7.433182965410917, 46.057012463948226], [7.433194707493271, 46.05703863249211], [7.433186562844399, 46.05707727674588], [7.4331865979268334, 46.05710711453799], [7.4331964636889865, 46.05715243363595], [7.433209161436724, 46.05718059885119], [7.433218369251533, 46.05722026018192], [7.433250615892731, 46.05724945133989], [7.433298019779077, 46.05727049333031], [7.433337850628851, 46.057300691879746], [7.433384133432294, 46.05740370880614], [7.433419271160751, 46.05746171239837], [7.433434810692287, 46.05749707383972], [7.43343863302435, 46.057517061953064], [7.433438668676379, 46.057542545854034], [7.433437451416576, 46.05756387372556], [7.433429306853566, 46.05759968399337], [7.4334552353370205, 46.057629027588966], [7.433476113514812, 46.057649385471514], [7.433509292274448, 46.05766523619894], [7.433514703087727, 46.05768874102713], [7.43349201053233, 46.05771137170912], [7.433459214205579, 46.0577308356949], [7.4334396739052435, 46.05775746951969], [7.433440368830491, 46.05778079460812], [7.433470431070051, 46.057828148589806], [7.433461355085329, 46.05787693978774], [7.433470899797261, 46.05791694384075], [7.433470972880927, 46.05795659595006], [7.433455193851753, 46.05797074409152], [7.433441389141506, 46.05800855053509], [7.433441460708713, 46.05805518221674], [7.433474438797026, 46.05812669589925], [7.433503520748696, 46.05815272038231], [7.433508608460995, 46.05817722368681], [7.433506136976398, 46.05820653050274], [7.433509004064448, 46.05821952916561], [7.433516612529768, 46.05823970658811], [7.433567911735578, 46.058325398290584], [7.433561009017404, 46.058347715329965], [7.433556636436229, 46.058383191633446], [7.433564604511377, 46.0584175271022], [7.433590545428024, 46.05845353604215], [7.433632275894419, 46.05848990527965], [7.433665468727266, 46.0585084287785], [7.433693336417374, 46.05854411572573], [7.433709794323462, 46.05858079132681], [7.433728524067592, 46.058634620790215], [7.433737448128198, 46.058675280567726], [7.433764097639077, 46.05874979252918], [7.433789432162736, 46.05879796578994], [7.433835919842021, 46.05883633475493], [7.433885858502692, 46.05886471870496], [7.433928857738247, 46.05889875131513], [7.433946272662381, 46.05893110026054], [7.433948245552367, 46.058973235573816], [7.4339552576955565, 46.05901624368329], [7.4339553064206845, 46.05903940632176], [7.433967693211719, 46.05907772652758], [7.43396931813435, 46.05910388485264], [7.4339662005868945, 46.059129376793834], [7.433951104453131, 46.059165843594364], [7.433886490191597, 46.0592292490723], [7.433875800749231, 46.059254569868884], [7.433851258019514, 46.05929668495086], [7.4337724782249595, 46.05938790325717], [7.433748221044056, 46.059418360398745], [7.433765121992205, 46.05952383966988], [7.43376491002945, 46.0595694823096], [7.433769139042953, 46.059646293607344], [7.433782457364714, 46.05967929833946], [7.4337794255204575, 46.059749435049575], [7.433774756777463, 46.05978674799794], [7.433777026928848, 46.05982057056314], [7.433774233402305, 46.05984322999525], [7.433795172599826, 46.059901233214504], [7.433785523827066, 46.05998435950411], [7.433788117540208, 46.06001751698765], [7.4338062279834105, 46.060074684682895], [7.433853074610029, 46.06015237316876], [7.433870489757473, 46.060186377353915], [7.433909071069877, 46.06021691038212], [7.433908487521177, 46.06023857172665], [7.433901907550062, 46.06026589072689], [7.433905108827555, 46.06029704218053], [7.433902028782296, 46.06034052602786], [7.4339249782906744, 46.0604566674623], [7.433915281459684, 46.06050965939639], [7.433917539616023, 46.06053813897231], [7.43388773036409, 46.060644067612685], [7.4338893552548155, 46.060673392733854], [7.433894133981664, 46.06069504500574], [7.433902065935532, 46.06071321609827], [7.433918822802798, 46.06073873703192], [7.433936574229685, 46.060771409822514], [7.433939143576794, 46.06079157782315], [7.433933519123954, 46.060824554957556], [7.4339212784340285, 46.060863190376196], [7.433900509055851, 46.06090331850679], [7.433888255719711, 46.06093279567855], [7.433885137927697, 46.0609654488744], [7.433884875517131, 46.06100393162659], [7.433893130826832, 46.06101810854347], [7.433925058200511, 46.06104063447601], [7.433962038298462, 46.06106249520002], [7.43399207922251, 46.06108652359125], [7.434015204828973, 46.061134866915644], [7.434069315554775, 46.06119889971614], [7.434072207479353, 46.06122322348939], [7.434066557703799, 46.06124821221456], [7.43402623545222, 46.06130097726105], [7.434013659848011, 46.06132562425748], [7.4340020874134245, 46.06139342225189], [7.433991386303915, 46.0614097394951], [7.433964571599898, 46.061421872646086], [7.433949128490559, 46.06143401568625], [7.433958101527455, 46.061505988623054], [7.433968874568533, 46.06154215977393], [7.433966092756446, 46.06157231190007], [7.433948598466473, 46.06167359082191], [7.433953351971359, 46.06169059246422], [7.433966671383703, 46.06171809182791], [7.433973982131035, 46.06174775920336], [7.433974329559813, 46.061762754800476], [7.433971213069718, 46.06178641299724], [7.433973434339788, 46.06179840397359], [7.433969374929988, 46.06181706047449], [7.433921741574735, 46.06184650098591], [7.433875077004368, 46.061880439466805], [7.433843891743653, 46.061923220780855], [7.433854082537652, 46.06197188737367], [7.43384599908886, 46.06204901558748], [7.4338527142801425, 46.06209483060431], [7.433887595227803, 46.06218384332227], [7.433922081402003, 46.06221070518761], [7.434010257728857, 46.062257954182755], [7.434039343245109, 46.06228130796816], [7.4340697319441755, 46.062324505890366], [7.434074188769412, 46.06233565124768], [7.434066328816738, 46.062364813850294], [7.434048725459211, 46.062398276333404], [7.434039598951308, 46.062432593770914], [7.433999064555204, 46.06253267555006], [7.433989044960594, 46.06257964946605], [7.433986908289187, 46.062621631067], [7.433976291724479, 46.06269292873672], [7.433983267632499, 46.06271042487863], [7.433989385802837, 46.0627765777442], [7.433985137406146, 46.06286986937374], [7.434003545923356, 46.062924868482156], [7.434007120381831, 46.06297335425861], [7.434022624790371, 46.062994368128486], [7.434031177100164, 46.063014869003545], [7.434026941203099, 46.063113333111716], [7.434022867833193, 46.063140319298746], [7.434012849976398, 46.063169635103584], [7.433964720827018, 46.06323073032273], [7.433972122024538, 46.06326277256365], [7.433987729323208, 46.06329092009548], [7.43399372286159, 46.06331398469335], [7.433994529520093, 46.063383987278925], [7.433998106198858, 46.06341128871323], [7.43404367927899, 46.063450870575195], [7.434062659352158, 46.063477011895], [7.434065137832798, 46.0634962794641], [7.434060108873922, 46.06350726140541], [7.434045608163755, 46.06351955696335], [7.434026146350123, 46.06352771528584], [7.434000558278267, 46.06354106309904], [7.433984920519162, 46.063556993458334], [7.433965857115097, 46.06358399705195], [7.433945275370307, 46.0636741850865], [7.433946745754253, 46.063702530144276], [7.433939050245172, 46.06376994246057], [7.433928294957281, 46.063807813199155], [7.433912409851887, 46.06384058313718], [7.433904668400935, 46.06384863371581], [7.433899459020447, 46.06386394379157], [7.4338961615021155, 46.06388528987832], [7.433901943850953, 46.063952342592955], [7.433900403519735, 46.06397645938955], [7.433864758999118, 46.064013851738885], [7.433845682275294, 46.06404309526529], [7.433845563161131, 46.06407100843503], [7.433836786556249, 46.06409349700756], [7.433812464411809, 46.06411280044896], [7.433804864741106, 46.06412499811201], [7.433801063370081, 46.06414721709295], [7.4337964705970485, 46.06420209911898], [7.433786569215555, 46.06423114564761], [7.433766988452613, 46.064264023902055], [7.433761157556856, 46.064294995774574], [7.43379545115019, 46.064327642560485], [7.433798318280193, 46.06434477027116], [7.433795330425401, 46.06437259348532], [7.433799321345353, 46.06439510966431], [7.433802706024126, 46.06440529275104], [7.433816596087934, 46.06442367139428], [7.4338209229448236, 46.0644459445919], [7.4338216700870685, 46.06446981885907], [7.433817982647384, 46.064514850488216], [7.433818702999138, 46.06454883584954], [7.433826233169123, 46.06458589783289], [7.433822108156208, 46.06461311826467], [7.4338137442671695, 46.06464266836064], [7.433830244619506, 46.06466233344345], [7.43383232404313, 46.064673973830516], [7.433827902841491, 46.06469093932923], [7.433816671323204, 46.06470883112362], [7.433809497704317, 46.06472475304354], [7.433817236664937, 46.064743239404535], [7.433832573713085, 46.06476548611668], [7.433844330220258, 46.06479783474142], [7.433844303092541, 46.06481084233543], [7.4338156893699665, 46.064837845599975], [7.433813387896273, 46.064851204047024], [7.433817741670963, 46.0648637891216], [7.433826127399742, 46.064875501765876], [7.433828866325235, 46.06488268936771], [7.433826484230489, 46.06492960159437], [7.433828665129496, 46.064961698053104], [7.43387876059345, 46.06503006740075], [7.433890039331638, 46.065059051605935], [7.433906118705591, 46.065153424455474], [7.433904587864167, 46.06521426140901], [7.433887161080736, 46.06528372441181], [7.433883734254843, 46.065307355677405], [7.433870486492271, 46.065326101854744], [7.433866957386488, 46.065337579994114], [7.43386461568796, 46.0653650164248], [7.4338861329276815, 46.06548963295007], [7.4339006278282, 46.06553639254108], [7.433915084853083, 46.06569959885175], [7.433688516727662, 46.06582374102271], [7.433649901791869, 46.06583033243594], [7.433610305367593, 46.0658312207024], [7.433542433798857, 46.06582661099765], [7.433436014206297, 46.06580801989045], [7.433266516663343, 46.06579310391127], [7.433169878542439, 46.06578875330592], [7.433108946685132, 46.06578364885076], [7.433039950631684, 46.06578074782004], [7.432894694718135, 46.06578609997466], [7.432847422511201, 46.065783605284636], [7.4328171693791205, 46.0657853124555], [7.4327771070016775, 46.065791588608725], [7.4327339420371406, 46.065805492615326], [7.432692082660427, 46.0658164101897], [7.432646049775774, 46.06582356759792], [7.432601658909342, 46.06582538192406], [7.432560020996282, 46.06582181665183], [7.432504038123047, 46.06582242455694], [7.432464454013061, 46.06582790012672], [7.4323897568115935, 46.065842728806956], [7.432354514438324, 46.06585232477072], [7.4322995887928744, 46.06587255206415], [7.432281856624978, 46.065884226821154], [7.432249301801635, 46.065896197632924], [7.432227900675713, 46.06590052310698], [7.432173997994489, 46.06590681670727], [7.432047363072686, 46.065919149829824], [7.432000400322655, 46.06592096361905], [7.431913738588499, 46.06591615363984], [7.431825811622469, 46.065903103687255], [7.431731912831189, 46.06590101896496], [7.431644087260955, 46.06590506087861], [7.431582198871859, 46.06590560547029], [7.431525454254341, 46.06590487330938], [7.431460025986961, 46.065899642707556], [7.431398279833304, 46.06590088009856], [7.431308683661381, 46.065907665635784], [7.431231660558205, 46.06592091073113], [7.431175172369553, 46.06593278099678], [7.4311322531753, 46.06594532679595], [7.431053442867871, 46.06598281457637], [7.430991794693611, 46.06601800980139], [7.430950362611967, 46.06602459179395], [7.430930279459793, 46.066029537904605], [7.4309210383734134, 46.066036526728034], [7.430917144960248, 46.06605745862928], [7.4309085627033955, 46.06606529293874], [7.430886191534879, 46.06607297326751], [7.430851569702344, 46.06607861980458], [7.4308286053492365, 46.066079220825024], [7.4307858409232646, 46.06609082162957], [7.4307709260383135, 46.066100625489064], [7.430735114341134, 46.06611128226015], [7.430673133178572, 46.066123151385604], [7.430643384143021, 46.06612403070936], [7.430608143132459, 46.06612371338096], [7.43056181517756, 46.06611667547719], [7.430527777185089, 46.06610913479313], [7.4304985196130575, 46.0661075313186], [7.430456299188874, 46.06611113502947], [7.430421017774072, 46.06611907516622], [7.430392467982525, 46.06613347432389], [7.430367962981771, 46.06614871940189], [7.430359147113884, 46.066161159182464], [7.43035111889915, 46.0661770801998], [7.4303573457200995, 46.066188810654445], [7.4303679144053945, 46.06620216960626], [7.430359616465137, 46.066209329229174], [7.43027685210624, 46.066236866659295], [7.430221022796318, 46.06624523690534], [7.430151314205227, 46.06625260747554], [7.430109624506221, 46.066251101823035], [7.430072599742203, 46.0662514676218], [7.430046041398858, 46.06625897662731], [7.43001864208017, 46.066271504930974], [7.429979156280472, 46.06630132116245], [7.4299686720508475, 46.066320219503794], [7.429954492000587, 46.0663389468476], [7.429939564036642, 46.06634874167868], [7.429911518883779, 46.06636059559678], [7.429878499097925, 46.06636751944402], [7.429848413882167, 46.06636838049185], [7.42979882849254, 46.06636475118391], [7.429762657661374, 46.06635959383813], [7.429721083036938, 46.06636489772997], [7.429672502662778, 46.06637769420233], [7.429626338588508, 46.066392191016725], [7.429598306223496, 46.06640318102526], [7.429560603740864, 46.066432736654804], [7.429501034340254, 46.06646835363358], [7.429428723040577, 46.06650236843097], [7.429346640344861, 46.06654436146988], [7.429119315245648, 46.066649373635514], [7.428726737672408, 46.066836878219384], [7.428669239461238, 46.06685151779717], [7.428593535497608, 46.06685056642991], [7.428538572077227, 46.06685503204665], [7.428512982127727, 46.066864483874426], [7.428488334872963, 46.06687745305294], [7.428468300490096, 46.06689389491368], [7.428393727451018, 46.06692251144677], [7.428329005312321, 46.06693470318868], [7.428245039959481, 46.06694896196972], [7.42818291537318, 46.06696117192859], [7.427973564851181, 46.06699264475456], [7.427879067898077, 46.06700253955265], [7.427703435737116, 46.067026504292954], [7.427622341718779, 46.0670291138883], [7.4275457720941604, 46.06702609272582], [7.427475575705214, 46.0670142027219], [7.427403830857386, 46.06699059997166], [7.427405372010253, 46.0670338234955], [7.427400931315545, 46.06706925615922], [7.427402661604425, 46.067075652131265], [7.427412016921118, 46.0670806815563], [7.427419458986868, 46.0670883734327], [7.427424677765179, 46.06709825998645], [7.427417085891606, 46.067124642962725], [7.42739020962802, 46.067163428670895], [7.4273935164665135, 46.06717025659158], [7.427417964496956, 46.06718337463176], [7.427421271259129, 46.06719046339115], [7.427421088116484, 46.067200268421765], [7.427416561466342, 46.06721582113566], [7.427406915638844, 46.0672384528268], [7.427400846940062, 46.067272850998016], [7.427404035068958, 46.067290554486135], [7.427412431506003, 46.06730739495584], [7.427428322825094, 46.06732730369149], [7.427484462601168, 46.067381570149244], [7.427524992478113, 46.067429205240856], [7.427547290828766, 46.06746262577541], [7.427600580424503, 46.067550823101605], [7.427611478922666, 46.06759169989912], [7.427615889862655, 46.067632414045235], [7.427620635759172, 46.0677385799318], [7.427617809844916, 46.06777874479935], [7.427591257289528, 46.067814859208376], [7.427526482475334, 46.06788543155716], [7.427518581920605, 46.06790525691528], [7.4275227064641225, 46.06795575830329], [7.427523033918234, 46.06799592364574], [7.42753187915688, 46.06803081853397], [7.427545146387311, 46.068055548825676], [7.427547700286152, 46.06807858671453], [7.4275375962835195, 46.06812875401039], [7.427521487165148, 46.06815928353596], [7.427530336080939, 46.06817689786083], [7.427567001937578, 46.06822837406375], [7.427567323067078, 46.068237351624674], [7.427548990464197, 46.068269742727125], [7.427516762915522, 46.068311964601456], [7.427500017931329, 46.06835351340596], [7.42749718025144, 46.068387741196375], [7.427506674060296, 46.06841111265258], [7.427532279117582, 46.068455472433705], [7.427609726584121, 46.0685341917365], [7.427613832448608, 46.06855198531597], [7.427596161494901, 46.06857216952698], [7.427684650460733, 46.06868849970293], [7.427691933530239, 46.068716107798664], [7.427684362473211, 46.06876509647507], [7.427731762823538, 46.06878283154631], [7.427738726260747, 46.06879384268154], [7.427738729837933, 46.06883722805563], [7.427724522548023, 46.06891569432787], [7.427726736614003, 46.068956030294174], [7.42770367247287, 46.06899350314547], [7.427672709567823, 46.06903708184185], [7.427631630754049, 46.069069497397706], [7.427592124633279, 46.069118167458136], [7.427527674811237, 46.069227383272896], [7.427498911342072, 46.069263497204595], [7.42746353237009, 46.06929267490094], [7.427399367620741, 46.06934172070815], [7.427377893504944, 46.06937480359487], [7.427299529857463, 46.06951704983918], [7.4271930394439405, 46.069676789328895], [7.427151647868605, 46.069774107247945], [7.427111518595962, 46.06983193479229], [7.427059695502854, 46.06987791364104], [7.426996797329731, 46.06992034708297], [7.426873551549858, 46.06998571228293], [7.42682708837036, 46.069992202022554], [7.426738583147895, 46.07000009943654], [7.426633641277397, 46.06999664262881], [7.426598254196957, 46.07000176613195], [7.426590045409853, 46.07001024792277], [7.426580241810825, 46.0700924469653], [7.426563516066154, 46.070153469974514], [7.426537284520094, 46.07018907996252], [7.426518967722377, 46.07020333572796], [7.426481665767057, 46.07021641991493], [7.4263726208617795, 46.07023585571797], [7.426330912294813, 46.070247761282424], [7.426293945545941, 46.07026440782525], [7.426263593561399, 46.070290536351486], [7.426247795449287, 46.07036156236164], [7.426163108316437, 46.070500091768025], [7.426100858102163, 46.070583535756484], [7.425973561374199, 46.0707689097103], [7.425907690394306, 46.07085862326108], [7.425874460350774, 46.07091843060862], [7.42586107011408, 46.07097265382792], [7.425855251522533, 46.07098319580988], [7.425817582061345, 46.07101554799544], [7.425648758838505, 46.071145954218714], [7.425561437849165, 46.071216604033005], [7.425514370430004, 46.071256943494895], [7.42548029268546, 46.071293875155426], [7.425458449363408, 46.071348511095465], [7.425568145448044, 46.07136681130345], [7.425642237189046, 46.071377146160955], [7.425802772908205, 46.071411418313936], [7.425956173225594, 46.0714533542728], [7.426417666637372, 46.07164651287678], [7.426730542217638, 46.07179821999253], [7.426977313708201, 46.07193758610592], [7.427122747691002, 46.07201380221758], [7.427298169872573, 46.0721336403446], [7.427422104448253, 46.07224043836773], [7.427538085277303, 46.07237189184336], [7.427626772013729, 46.072498090222425], [7.427672516822329, 46.07259722598913], [7.427719459572271, 46.07265500017989], [7.427787126545185, 46.072684701328356], [7.42788155059229, 46.07276058801687], [7.427975962723802, 46.07283249848443], [7.428032017239535, 46.072891649293], [7.428092657579952, 46.072963070418815], [7.428101862792189, 46.07300962265241], [7.428112948322131, 46.07302796555885], [7.428159221794767, 46.073075691355335], [7.428169756642526, 46.07313004273992], [7.428211552113709, 46.073205284733966], [7.428247170334361, 46.073277431698436], [7.428264834933739, 46.07335574793715], [7.428314911131037, 46.07345203113456], [7.4283831351013925, 46.07354275682932], [7.428411190297843, 46.073564609420906], [7.428466591587607, 46.07360054254989], [7.4285339218043385, 46.07364051580835], [7.4285983206881525, 46.073667814037805], [7.428649535659844, 46.0736982864352], [7.42869596562467, 46.07374304320396], [7.42874112804228, 46.07379203653042], [7.428787869865998, 46.073829219089205], [7.428831033870469, 46.07385475215165], [7.428898651309745, 46.07388292309947], [7.429045069412694, 46.07392497228898], [7.429278989539367, 46.07396942246932], [7.429388406630574, 46.0739995043588], [7.429505241432674, 46.0740364592683], [7.429579345143297, 46.07407995893924], [7.429648291686915, 46.07412487945893], [7.429666978181663, 46.074141441765434], [7.429673883653482, 46.074192752599494], [7.429682295921421, 46.07420315209946], [7.4296964481825265, 46.07420666159124], [7.429711248002501, 46.074203127702035], [7.429731477172504, 46.07419517755675], [7.429759459434624, 46.074197455879165], [7.429840620035361, 46.07424430232277], [7.429877409699797, 46.07428818544559], [7.429893622864208, 46.07433191398311], [7.429902766179063, 46.07437458936503], [7.429911189063366, 46.07439874304622], [7.42989740762358, 46.07441726355542], [7.429896835386794, 46.07443718854647], [7.429910999893024, 46.0744449258916], [7.429937702317292, 46.07444949793175], [7.430002066588717, 46.074464103067044], [7.430071300023584, 46.074498255514364], [7.430095527992552, 46.074534563065534], [7.430108200009303, 46.07457634791433], [7.430103140850752, 46.07460597828666], [7.430108308890973, 46.07461672816503], [7.430132488115924, 46.0746362860518], [7.430154752662999, 46.074662193708974], [7.430175018531148, 46.07466535258183], [7.430185045462161, 46.07468174303378], [7.430197058824833, 46.07472159390649], [7.430229996847309, 46.07476706842925], [7.4302638790958495, 46.074808485972746], [7.4303380687233975, 46.074883549240155], [7.430389706626724, 46.07494629638656], [7.430454937350247, 46.07503635489177], [7.430492636064269, 46.07506014181798], [7.430534472140665, 46.07507633685777], [7.430576997609098, 46.0751436621673], [7.430634439484988, 46.07520710248472], [7.430692097083523, 46.0752962969863], [7.430694123979834, 46.07531059094241], [7.430692336503417, 46.075332080682045], [7.430682194219703, 46.07538234588432], [7.430681711747601, 46.07540624645515], [7.430687045093376, 46.075433412803115], [7.430698685268422, 46.07546438460151], [7.430762443304145, 46.075552085066846], [7.430792891487045, 46.0755753406045], [7.430845067749944, 46.07559466667468], [7.43086808432671, 46.07561544787524], [7.430888050394176, 46.07563709239747], [7.430901915209959, 46.0756620468306], [7.430909279848726, 46.07567970555474], [7.430952658132879, 46.075756674405795], [7.43099841475455, 46.075827957017225], [7.430998914826203, 46.07585362124869], [7.430995436274188, 46.075864721603836], [7.430977905705639, 46.07589234629937], [7.430971129395409, 46.07591649925665], [7.430976980091906, 46.075946248055935], [7.43099009401307, 46.07598096280169], [7.431008599965414, 46.07600093404786], [7.43102351381157, 46.076013978570295], [7.431030672707698, 46.07602542138341], [7.431038113462716, 46.07605268727288], [7.431048205816421, 46.07606742251155], [7.431057765008831, 46.07609973429855], [7.431106057057054, 46.07616311950514], [7.43111968779073, 46.07620298030039], [7.4311723488352355, 46.07627062155329], [7.431217376028899, 46.07630567151573], [7.431232961809992, 46.07632199965106], [7.431254413781095, 46.0763503189927], [7.4312860001240875, 46.07637374550738], [7.431290548867784, 46.07638023152444], [7.4313166472928165, 46.07645170229044], [7.431323261210677, 46.076476737033175], [7.431329187358194, 46.07651864706846], [7.4313444711386705, 46.076563562234625], [7.431351320033981, 46.076573853449986], [7.431406129404007, 46.07662693983279], [7.431414761649265, 46.07664069459534], [7.431416931332651, 46.07665294665049], [7.43141996433228, 46.07676918669821], [7.431449332347294, 46.076847224424014], [7.431458468130558, 46.07686436139271], [7.431464011916155, 46.076873060414144], [7.431495443192927, 46.07689950047879], [7.4315557559925844, 46.07697788299735], [7.431582118889395, 46.07701552211078], [7.431671807166357, 46.077126749057776], [7.431687342517071, 46.077135781573226], [7.431712621951925, 46.07715851500679], [7.431715799379297, 46.077174401277034], [7.431730995296022, 46.07720698399566], [7.431762126430511, 46.07725634465756], [7.431797172235991, 46.0773188389986], [7.431826858363657, 46.07735008257227], [7.4318806591857856, 46.07741603253761], [7.431881013389788, 46.07746930367733], [7.4318748542102595, 46.07751415462127], [7.4318790261857055, 46.07753447550264], [7.431878325967493, 46.07754966875752], [7.431891041718352, 46.07757097965866], [7.43189449107207, 46.07758367248434], [7.431886935619128, 46.07763145604055], [7.4318837927960555, 46.07764388749194], [7.431876978754821, 46.07765845065508], [7.431870395047509, 46.07768899875553], [7.431868218425893, 46.07772390097323], [7.43185934777115, 46.07774805316153], [7.431829651478357, 46.0777861738319], [7.431823340316046, 46.077809255787066], [7.4318193929921055, 46.077844158115234], [7.431827119432845, 46.07786724117105], [7.43186196008743, 46.077921117758166], [7.431874533609219, 46.077945802426946], [7.431912824774879, 46.07800820748697], [7.431942239247892, 46.07804539727896], [7.431966240020208, 46.07806518912775], [7.43199415602503, 46.07809625289509], [7.432010284037965, 46.07812261093674], [7.432038263367762, 46.078161860309415], [7.432037866512473, 46.078224549421314], [7.4320444022380086, 46.07826059506131], [7.432083533020616, 46.07832850506777], [7.432101546151545, 46.07837093820786], [7.4321184979903965, 46.07842368015407], [7.43212898677378, 46.078476259626704], [7.432124665156032, 46.078508355385104], [7.432113323222905, 46.0785504625481], [7.432094239643917, 46.078584923056674], [7.432080040840439, 46.0786290451593], [7.432077259068964, 46.078647998424564], [7.432078614783584, 46.07865912596453], [7.4320891193648375, 46.078691744578784], [7.432116476983832, 46.078744226546966], [7.432124706922573, 46.078773210582106], [7.432134400675818, 46.07877922021865], [7.43214961283383, 46.07879305633782], [7.4321600669339745, 46.0788176600321], [7.432184130358547, 46.07885683745645], [7.4322167219334325, 46.07891988962679], [7.432311530859086, 46.07905235519117], [7.432236715555839, 46.07913278716828], [7.432193485282619, 46.07916999865685], [7.432179482723671, 46.079196624593656], [7.432113082330361, 46.07928598261769], [7.432054316569633, 46.07930753169853], [7.4320366832069915, 46.079318657370415], [7.431956487224297, 46.079315428826376], [7.43191603836346, 46.07932765869726], [7.431896428124223, 46.07933515949642], [7.431884624513108, 46.07934956058902], [7.431879148722694, 46.07940351476794], [7.431854005065325, 46.079500689842355], [7.431783454565409, 46.0794897908199], [7.431750050380336, 46.07950512518379], [7.431712920875701, 46.079540870617876], [7.431702770596255, 46.079561658331805], [7.431695204567707, 46.07958919282317], [7.431682430902368, 46.079603962092825], [7.431612246205154, 46.07965468225716], [7.431588549049548, 46.079675477947326], [7.431554352563765, 46.079715046010335], [7.431510189917763, 46.07975590907324], [7.431449262363078, 46.07979240805507], [7.431401171593237, 46.079823600856066], [7.431295301737504, 46.07983004017934], [7.4312580202625, 46.07984027390082], [7.431205354485774, 46.079862362407525], [7.4311627314200015, 46.07989208901856], [7.431144477030915, 46.07990687616789], [7.431124397470221, 46.07993842187681], [7.43109213914833, 46.07998091369782], [7.431081677286068, 46.08000771920457], [7.431054564092791, 46.080048925429786], [7.431019151046326, 46.08009652675528], [7.430987391351844, 46.0801707363071], [7.430996442668354, 46.080226327442894], [7.430993685419235, 46.0802487525249], [7.43099832229961, 46.08027062059521], [7.43102892258434, 46.080325467266285], [7.431038780135237, 46.0803566278407], [7.431040559166478, 46.08038562012238], [7.43103137745608, 46.080410042120995], [7.431027466648755, 46.08045324693673], [7.431021256060848, 46.080490073951125], [7.431026228901132, 46.080512859565594], [7.43101739515392, 46.08054366837025], [7.431007567575675, 46.08056518482026], [7.4310082636326795, 46.0805772207514], [7.430966563646075, 46.08065143021826], [7.43094945514601, 46.08069518337055], [7.430950848094251, 46.08071523453037], [7.430963879090492, 46.08078997007073], [7.4309567497451585, 46.0808344526096], [7.430999180508309, 46.0808759871983], [7.430967592656348, 46.08092248147664], [7.43096775670088, 46.08094691309798], [7.430973027164323, 46.080968601441526], [7.4309808832272815, 46.08098937260489], [7.43100333099005, 46.08102618393461], [7.431012940400841, 46.08107175479625], [7.430909389316016, 46.08111923270057], [7.430876525994428, 46.08114001820103], [7.43086234285612, 46.08115498536786], [7.430848258331134, 46.08119827005828], [7.430799931408618, 46.08123774672312], [7.430711891173584, 46.08129057822472], [7.430685478122317, 46.08131377552002], [7.430676192348106, 46.08134083329176], [7.430676278651562, 46.08136674941652], [7.4306696026818715, 46.081403675769856], [7.430668744794156, 46.081434818624594], [7.43067784177464, 46.08145530198993], [7.430683086994466, 46.08147411205375], [7.430712953200886, 46.081522681683616], [7.430705965386069, 46.08156259305461], [7.430691198047596, 46.08159303266586], [7.430637035133312, 46.08173245515], [7.430599505822244, 46.081818699085325], [7.43056170225247, 46.08192097294761], [7.430538356373126, 46.081994319447574], [7.430532002832811, 46.08202918465345], [7.430510174538007, 46.08207344030444], [7.430489401275647, 46.08214788508419], [7.430486852020239, 46.08216280820595], [7.430495627048577, 46.08217619408634], [7.4305179989933166, 46.0822007440385], [7.43051773579296, 46.082226839558935], [7.4304975489639675, 46.08227314654905], [7.430496712820762, 46.08232292693014], [7.430499122981414, 46.08236337034787], [7.430491439967956, 46.08238744119289], [7.430486032051442, 46.08241431038002], [7.430486441330735, 46.082439857493576], [7.430476222209164, 46.08247921169265], [7.430472131267837, 46.08251371779884], [7.43044935743425, 46.0825689661553], [7.4304397728670795, 46.08260031419158], [7.430422468737442, 46.082646045798484], [7.430423884828659, 46.08268016567641], [7.430408530740481, 46.08273688088302], [7.4304015442731695, 46.082772133798095], [7.430370020395302, 46.082817531465054], [7.430365966253361, 46.08286508146987], [7.4303574124417775, 46.08291898198177], [7.430344334595616, 46.08297048939634], [7.430323774243855, 46.08300857494373], [7.430286409927648, 46.083039075912986], [7.430240567384046, 46.0830574771194], [7.430193495608763, 46.08308295779302], [7.430167739678336, 46.083113810526086], [7.430165338227007, 46.08317178647677], [7.430158363042709, 46.08321544121054], [7.430127822208809, 46.08325654842145], [7.43011888266336, 46.08329591195474], [7.4300948160778075, 46.08334818279548], [7.4300616516631095, 46.08338481897598], [7.430084969276162, 46.083402659119855], [7.430092512458935, 46.08343898364413], [7.430111927081592, 46.08344993262897], [7.430108444954912, 46.08347772861499], [7.430109812345717, 46.08349486528113], [7.43004957472864, 46.08355245891632], [7.429984849374639, 46.08361957814677], [7.429943655032797, 46.08366817796631], [7.42992405162277, 46.0837016129033], [7.429929295487234, 46.083728438144256], [7.429950027463422, 46.08374683557281], [7.429959796418753, 46.08376881218628], [7.4299475473514125, 46.08388350440395], [7.4299322063413085, 46.083937431588105], [7.429919501137414, 46.08400066075549], [7.429900556285985, 46.08403949351753], [7.429854787098929, 46.084077667082816], [7.429743797774098, 46.084117884435024], [7.429737991803389, 46.08412685249698], [7.4297361017763235, 46.08414158701313], [7.429737491998009, 46.084174951592416], [7.429742785194432, 46.08421371365521], [7.429692850520119, 46.0842608360331], [7.429692149872206, 46.084345843426625], [7.429705175250459, 46.084376204460135], [7.429710589639925, 46.084457289860175], [7.429691570846711, 46.08447058341404], [7.429665118636288, 46.084483714192835], [7.429664905053116, 46.08451949799944], [7.4296737533593245, 46.08455770262144], [7.429692656454174, 46.08461114646635], [7.429696619509508, 46.08464170437169], [7.429694790548221, 46.084675095369626], [7.4296719900457635, 46.0847208342087], [7.429670594280387, 46.08478944276641], [7.429681667881927, 46.084818868121395], [7.429679131062653, 46.08483565355186], [7.429657948253851, 46.08487803880268], [7.4296315568153934, 46.08491373091432], [7.429586756455378, 46.08494965527997], [7.429583634955215, 46.08498097708594], [7.429523371339028, 46.085028513724446], [7.429548689033162, 46.08506703429155], [7.429507229857934, 46.08513893165557], [7.429493071679929, 46.08515220777347], [7.42948796166203, 46.08517179055786], [7.429487259884059, 46.08526148470698], [7.429490113403236, 46.085350207677905], [7.429476413182591, 46.08540375684146], [7.429482253746743, 46.08541865394976], [7.429494248486026, 46.085430178257496], [7.429585186190988, 46.085475577462184], [7.429648603065759, 46.085510827551595], [7.4297101429441925, 46.08556005642346], [7.4298041601386355, 46.085665860831575], [7.429841522279477, 46.08573230481428], [7.429876848422815, 46.08576259573876], [7.429909935669301, 46.085806496641815], [7.429926564388788, 46.08585958967863], [7.429956743733691, 46.08589976630216], [7.429931608274828, 46.08592183022702], [7.429978306819536, 46.08597763369602], [7.430012016653709, 46.08601127979461], [7.430123760628319, 46.08610808065845], [7.430129018254382, 46.086130992622024], [7.430154075679723, 46.08618816147771], [7.430209127829918, 46.08623031857644], [7.430242501949118, 46.08626303797917], [7.430250966304584, 46.08628314369552], [7.430284017571147, 46.08631361405567], [7.4303378270233305, 46.086369957639725], [7.430428181997475, 46.08643735972746], [7.430432456550445, 46.08646252903647], [7.430522574486498, 46.08656256781112], [7.4305857333984635, 46.086606381264474], [7.430638536846018, 46.08665151613877], [7.430678387750656, 46.08668869780981], [7.430930299961513, 46.08677788848505], [7.431162176803949, 46.08685468170954], [7.431220968199356, 46.08688756444905], [7.431259772089411, 46.08692625684407], [7.431347586255028, 46.08704983433693], [7.431373435300985, 46.08709691874201], [7.431385968303738, 46.087145513505256], [7.4313895287025025, 46.08719785879006], [7.4313960509698616, 46.08724164961215], [7.431386567864851, 46.087287706096724], [7.4313319600082925, 46.08737231439658], [7.431289161979682, 46.08741289037167], [7.431229985547891, 46.08744237356942], [7.4311967192548725, 46.087456943944105], [7.431192127549973, 46.08747124645471], [7.43119587352111, 46.08749202636505], [7.431206975640654, 46.08751279784611], [7.4312107215787995, 46.087534306484585], [7.43120479774154, 46.08755270198774], [7.431173959025967, 46.08758712591039], [7.431143095296512, 46.08761523484827], [7.431106879105401, 46.08764428789437], [7.4310491096535, 46.08768731870338], [7.430979292058879, 46.08772277415587], [7.431014410436332, 46.08776996704438], [7.431052827699816, 46.08780326204004], [7.4310518800656675, 46.08782485954525], [7.431048282607565, 46.08784554872976], [7.431048357324306, 46.087864007572534], [7.431065156065336, 46.087912134212274], [7.43100586372297, 46.08801201517903], [7.431010029077885, 46.08807126740374], [7.431025795441542, 46.08810721397865], [7.431012950461037, 46.08815285623795], [7.430967064116542, 46.088175521238895], [7.430906915005202, 46.08821557343503], [7.4308790120813795, 46.08823688142895], [7.430850462466037, 46.08826170701802], [7.430799249369792, 46.08828567601716], [7.430719138183981, 46.08832856917155], [7.430683319243774, 46.08837611713488], [7.430665733851088, 46.088394268906264], [7.430645833101472, 46.08841981486432], [7.430571347036003, 46.08845418084554], [7.430519126541484, 46.08847151123317], [7.430443658053321, 46.088507191059335], [7.430391460980363, 46.08853966110883], [7.43030800192107, 46.088578857398645], [7.430267442040729, 46.08860002075626], [7.43025026570062, 46.08864327877525], [7.430104476885616, 46.088769241373136], [7.430049751306127, 46.08884141716597], [7.430029477115813, 46.088854215956204], [7.429983578126356, 46.088870979819575], [7.429746006904539, 46.08893928307947], [7.42975965429665, 46.08896687331839], [7.429814150013335, 46.089029973099876], [7.429851189758389, 46.089108984775926], [7.429970584978846, 46.08925258076652], [7.430040065847167, 46.08938223833198], [7.4301439454142635, 46.08953455734811], [7.430196548404294, 46.089626800763064], [7.430230365062681, 46.089724349678576], [7.430257024457025, 46.089792788704266], [7.430274609894894, 46.089857459557194], [7.43027077675941, 46.089891128814536], [7.430271456511771, 46.08992517733768], [7.430349302341109, 46.08999051815888], [7.430342858171467, 46.09002155164187], [7.430342904836541, 46.09005181265405], [7.430436312832303, 46.090140965333816], [7.430484310560144, 46.090182888455544], [7.4305517614189025, 46.090250512577484], [7.43051303863662, 46.09032736567956], [7.430480707365209, 46.09037924852082], [7.430414721202058, 46.09043646282416], [7.43034808570722, 46.090508069449434], [7.430272424975521, 46.09058535182371], [7.430209693956552, 46.09065770589452], [7.430218838053218, 46.090703455586066], [7.430240924588373, 46.09075148345416], [7.430298018815819, 46.090819114639096], [7.430357088423232, 46.09090264076207], [7.430357688214708, 46.09094687124608], [7.430250566609494, 46.09104319354454], [7.430122549092389, 46.09115214365394], [7.4300337117802275, 46.091231241406874], [7.429935711769017, 46.09128711209923], [7.4298854631315185, 46.09132222621819], [7.429833357106645, 46.091405016459056], [7.429804820173443, 46.091418786179446], [7.429797084936542, 46.09143874648265], [7.4297215677879525, 46.0915009169599], [7.4297196128343055, 46.09151555247795], [7.429731729321018, 46.091576534115696], [7.429727223500115, 46.0916130286732], [7.429697698168549, 46.09165925440572], [7.429693167299814, 46.0916911702557], [7.429653519121482, 46.091733437121626], [7.42964381504121, 46.09177370936706], [7.429548327630301, 46.09195094129711], [7.42949698750457, 46.09201448187282], [7.429439123718123, 46.092045385666296], [7.429338958446149, 46.09206001275634], [7.429408437613615, 46.09214355145491], [7.429470848767079, 46.092206373136634], [7.429501328439091, 46.09224843915488], [7.429518622360146, 46.09227862077986], [7.429525677427988, 46.09230212669689], [7.429524334871344, 46.092361578104345], [7.429531839181904, 46.09240348901039], [7.429538558916781, 46.09242275804528], [7.429562936880393, 46.092459749819554], [7.429579779693064, 46.09248245605237], [7.429622156386219, 46.092513845184634], [7.429657615503301, 46.09254765351879], [7.429684890881102, 46.09257888846177], [7.429709114788094, 46.09261087871269], [7.429719377458312, 46.09262879865716], [7.429730240248509, 46.092688736736925], [7.429767839432568, 46.09282737836515], [7.4297828947957285, 46.092867346435234], [7.429803745174781, 46.092891491583735], [7.429832638111176, 46.0929134065642], [7.429862456358338, 46.09296918126484], [7.429870452745068, 46.0930083124707], [7.429868466682151, 46.093052822210524], [7.429878529214969, 46.09310679626323], [7.429905171696725, 46.093135350131995], [7.429923772810772, 46.09316073714491], [7.429945762604502, 46.093179791614574], [7.429957951860586, 46.0931979994986], [7.429969325926845, 46.09322033637141], [7.429977015136965, 46.09324256502396], [7.430001224052707, 46.09328857014092], [7.430040056616105, 46.0933334971555], [7.43006412534209, 46.093368374793535], [7.430082682596625, 46.093424166716424], [7.430100157016066, 46.093460878917355], [7.430110743522687, 46.09347735964856], [7.430136094037302, 46.09350264814478], [7.430146033657123, 46.093521143712834], [7.430153555152223, 46.09354176211224], [7.430164956958722, 46.093554014978466], [7.43024279534412, 46.093618060816], [7.43030106229779, 46.09365873447184], [7.430173252908145, 46.093726701395354], [7.430128255180997, 46.0937365465958], [7.429999546178273, 46.093769349356414], [7.429856718996214, 46.09379911108532], [7.429745391934489, 46.09380832049654], [7.42965281156502, 46.09382687833847], [7.429577931783973, 46.0938478939519], [7.42955777286154, 46.09385943414039], [7.429439553760397, 46.09394035497398], [7.429418254141828, 46.093963876295426], [7.429390125190681, 46.094000224560205], [7.429384937545876, 46.09401537254246], [7.42938395184824, 46.09403107849152], [7.429385900522651, 46.094050229950206], [7.429371932631209, 46.094141227745986], [7.429362658923196, 46.09415772469484], [7.429330963601529, 46.09418183882264], [7.4292779453472155, 46.094213758763324], [7.429230295495393, 46.094230926276744], [7.4290659009835425, 46.09432028895007], [7.428994830332863, 46.09436164299626], [7.428958893841479, 46.094384811963415], [7.428873854812836, 46.09445195613379], [7.4288284778965235, 46.094484623858996], [7.428810102485893, 46.09449606457076], [7.428786206302456, 46.09450598447036], [7.428748147513053, 46.0945386437837], [7.428715135488139, 46.09454887735628], [7.428686852680477, 46.09457575338806], [7.4285980773026985, 46.09470668542353], [7.428571566283497, 46.09473174472398], [7.428568974178432, 46.09476304012648], [7.4285564637459185, 46.09480025374485], [7.4285367021805895, 46.094824459038506], [7.4285114842396744, 46.09484741316712], [7.428506914178071, 46.094875442605165], [7.428502303840997, 46.09491268396064], [7.428524203928312, 46.09492519800051], [7.428527730200498, 46.09494302748299], [7.428521868665196, 46.09496360851874], [7.4285229910367025, 46.0950392607728], [7.428517424772791, 46.09507218420983], [7.428534094877855, 46.09511920538799], [7.428553084050425, 46.095141722497125], [7.428566550108099, 46.095176194614496], [7.428581969449073, 46.0952057641647], [7.428583472788829, 46.09525220803512], [7.428592031539296, 46.095320403759395], [7.428587055215935, 46.09537724629923], [7.42860597415988, 46.095429349998305], [7.42864742557728, 46.09550259480191], [7.428681202287279, 46.09554958145746], [7.42874752134157, 46.09561358259448], [7.428771965702203, 46.095646661612186], [7.428786415834602, 46.09567545762699], [7.4287957199436745, 46.095703272573736], [7.428826546481383, 46.0957627988098], [7.42884675998928, 46.09580942446601], [7.4288608450231495, 46.09585487131992], [7.428866901720225, 46.09589210404883], [7.42887623298049, 46.09591404499674], [7.4288906706196105, 46.09594165369168], [7.428911586401137, 46.095969065190175], [7.4289545852594765, 46.096070529622324], [7.428981278942167, 46.09610674791089], [7.429042763107014, 46.09616976764193], [7.429068486803569, 46.096213246609636], [7.429096740296067, 46.096270234488166], [7.429102474408105, 46.09630529931805], [7.429093999508399, 46.096339419815294], [7.429088317386511, 46.096425467656026], [7.429091141823954, 46.09646112558532], [7.429099757720917, 46.09650382759054], [7.429112887213975, 46.09654184335434], [7.429147648738472, 46.096583531672586], [7.429164361972699, 46.09661271455544], [7.429176788353381, 46.09667776205965], [7.429191561765019, 46.09670792510393], [7.429208499972198, 46.09677944119865], [7.429208415871658, 46.096813345211714], [7.429201878667251, 46.096850585697005], [7.429173960166292, 46.096926091090204], [7.429173621134358, 46.09694078069212], [7.429178697553095, 46.09696820850067], [7.429205995236334, 46.09702833718829], [7.429213036546586, 46.09705870671187], [7.429195789455892, 46.097114971957744], [7.42919015239359, 46.09717828157087], [7.4291923163702, 46.09722119917772], [7.429208015954845, 46.09727839405843], [7.429241094201847, 46.097333233171234], [7.42915000193819, 46.097379217516966], [7.429057560747677, 46.09744696208757], [7.428968662331624, 46.09751527382529], [7.428900427513168, 46.09758002534628], [7.428871610314375, 46.097620250554314], [7.428804652875433, 46.09769520242229], [7.428748970659407, 46.09777228772568], [7.42868292671062, 46.097869971700774], [7.4286395035204, 46.09794176885419], [7.428611583673745, 46.09801823687799], [7.428607295645881, 46.09805803268019], [7.428606873358762, 46.09810153530079], [7.428619003498199, 46.09816129403969], [7.428638221031183, 46.09821477469542], [7.428652936483813, 46.09828021017894], [7.428659277862137, 46.0983223379035], [7.428672140605878, 46.0983403575284], [7.428722760357743, 46.09836086320247], [7.428764369042065, 46.098373550980114], [7.4288046729001795, 46.09837977068368], [7.428855981174299, 46.09838440824627], [7.428897562924885, 46.09840237622901], [7.428837775223756, 46.09844714123425], [7.428781827727043, 46.098492878164514], [7.4287323435892025, 46.098545469521426], [7.428660100024503, 46.098667062981555], [7.428654855650876, 46.09870294533799], [7.4286612510942565, 46.098728996857645], [7.428712039481951, 46.098810455411], [7.428713570150278, 46.0988494597046], [7.428699326111747, 46.09900722874921], [7.428680529778298, 46.09904469294629], [7.428655282455394, 46.099073736544135], [7.428602902072841, 46.099122207750774], [7.42856471923186, 46.09917360394389], [7.428520943620433, 46.099256366738345], [7.428477868887956, 46.099325807253436], [7.428475210726003, 46.09936126721663], [7.428493090026237, 46.09944454919489], [7.428497544601084, 46.099476483563905], [7.428497699905493, 46.09953920928372], [7.4285184604893075, 46.09963461754272], [7.428518558871229, 46.09972128885747], [7.428521061647054, 46.099749435903526], [7.428565402006519, 46.09987794102218], [7.42856629020295, 46.09989759621946], [7.428556108191728, 46.099922701522594], [7.4285470626076915, 46.09995575911764], [7.42854936093184, 46.09997247297706], [7.428559807111407, 46.09998276475882], [7.428610065088075, 46.10000825372982], [7.428650983931482, 46.10004828755499], [7.428686245763426, 46.10011929243904], [7.428708333648062, 46.10017576818667], [7.428715126979133, 46.10021797575721], [7.428743737783107, 46.10031220646148], [7.4287500292919315, 46.100341109353856], [7.428744569863711, 46.10035310876087], [7.428728363979117, 46.10036794065968], [7.428717032654205, 46.10038539974629], [7.428712643943165, 46.10041099168029], [7.428713163555555, 46.10046289559915], [7.42872463211688, 46.100534446908696], [7.428726615735386, 46.10057359560836], [7.428724513668609, 46.10061032426791], [7.428769167888687, 46.10066369922271], [7.428833288355356, 46.100757276407855], [7.428848255720488, 46.10079238711836], [7.428846441421486, 46.10081168218888], [7.428838381864766, 46.10082881793523], [7.428836904542274, 46.10084510876217], [7.428841389826066, 46.10085467142332], [7.428870583919038, 46.10087939389204], [7.428877460193999, 46.10089541550105], [7.428893817309959, 46.10096649962683], [7.428896257855053, 46.100984580937975], [7.42890241097404, 46.10099637478057], [7.42891814580512, 46.10101022946101], [7.428945711769535, 46.10102915860989], [7.42897487944932, 46.10105716434637], [7.428996444011106, 46.101083199507386], [7.428990411372512, 46.101116068281016], [7.429020639983105, 46.101141978254226], [7.429028693003197, 46.101158161807106], [7.429038777183862, 46.10116986585578], [7.429061929581265, 46.101209214218045], [7.429075113286063, 46.10124092436035], [7.429083490046848, 46.10125586680024], [7.4290981633835935, 46.10127596420032], [7.429126465378876, 46.10130129814669], [7.42911962259415, 46.10131148931074], [7.42914501885756, 46.101382915654895], [7.429164113934912, 46.10147280909412], [7.429155479866837, 46.10151813659835], [7.4291411209458, 46.10154509510752], [7.429087468939176, 46.101611639857296], [7.429073354708454, 46.10164324899524], [7.429036538200096, 46.10171207018292], [7.429012225411606, 46.101785372130756], [7.429013848865892, 46.10181371661401], [7.42900687575533, 46.1018942254739], [7.429005065583858, 46.10195535779763], [7.428999448955136, 46.10197677540095], [7.42898340689387, 46.10201085759896], [7.428966513239205, 46.10203560248698], [7.428941019787567, 46.1020618758575], [7.42889141352249, 46.102131658667], [7.428883636633182, 46.10215756517599], [7.428884554121603, 46.10222441037097], [7.428902064231237, 46.10228701184126], [7.4288999407769305, 46.10229995603526], [7.428890485469635, 46.1023106416153], [7.428763640227174, 46.10236515070062], [7.428636354083458, 46.102426298772514], [7.428572225480486, 46.10249275173667], [7.428532944331865, 46.102530583271665], [7.428497193356313, 46.10256952170437], [7.428464791088714, 46.10261310264731], [7.428423338772362, 46.10264343165579], [7.428401908958118, 46.10265372969578], [7.428364533352118, 46.10266825397597], [7.42834381422108, 46.102681736639376], [7.428343796067805, 46.10270588929863], [7.4283527962311, 46.1027710449494], [7.428369123872563, 46.1027964139633], [7.428371474747585, 46.10280952965064], [7.428354112762339, 46.10284669760992], [7.428355531984866, 46.10286214293913], [7.428364492281664, 46.10286973620312], [7.428380772261667, 46.10287553996235], [7.42839159494128, 46.10288180197023], [7.428395343310456, 46.1028909688116], [7.428394912815088, 46.10290950861941], [7.428384630615705, 46.102916443176795], [7.42836944728674, 46.10292336829306], [7.428360548730116, 46.102930590845865], [7.428320647930967, 46.10302326786914], [7.428317436506283, 46.10304406515983], [7.428318855866222, 46.10305978061559], [7.428328694144218, 46.10307428254984], [7.428333476171176, 46.10308805527854], [7.4283295413210775, 46.10310565921654], [7.4282987695864575, 46.10313740101253], [7.428286837101553, 46.10318394310999], [7.42827447031405, 46.10320368729434], [7.428247735267653, 46.10322765788354], [7.428230856672943, 46.10323984520863], [7.42822681954062, 46.10325144007807], [7.428237816154772, 46.103291327159226], [7.4282414839661035, 46.10331473390302], [7.4282371722990295, 46.10334056866172], [7.428223496441583, 46.10337418380392], [7.428214189890946, 46.10341594036783], [7.428194352379474, 46.1034793213407], [7.428175996677183, 46.10350526279942], [7.428096980291871, 46.103577732026245], [7.428078948472254, 46.10360095697133], [7.42808656825382, 46.103648040107394], [7.428100155142246, 46.10366929770124], [7.428130669215332, 46.103696071711184], [7.428170636237285, 46.10372592348113], [7.428160259920947, 46.10374879798429], [7.42815310079528, 46.10378603884345], [7.428149356885944, 46.10381843165982], [7.428135569951629, 46.10388864988092], [7.428117173963248, 46.10392159903607], [7.428077862641414, 46.10397497509386], [7.428049606853474, 46.1040348201108], [7.428053649138917, 46.10406118655901], [7.428053427141259, 46.1040716844018], [7.428046887146822, 46.10411770542626], [7.428058004524418, 46.10413794654949], [7.428070670537076, 46.10417326427076], [7.428083399140819, 46.10421880100346], [7.428084557704198, 46.10424502333896], [7.428064440116054, 46.104283666123166], [7.428057142371832, 46.10430261893813], [7.428051303429822, 46.10433398585552], [7.428050146990702, 46.10435974888276], [7.4280546931397256, 46.10438799529314], [7.428055648966951, 46.10445386940798], [7.4280452550944505, 46.10456251724981], [7.42804550517915, 46.10460354602306], [7.428042915928277, 46.10461698512174], [7.428034105402566, 46.104634921452174], [7.42802473311175, 46.104680636186664], [7.42802598057257, 46.104714324782506], [7.428035205746782, 46.10475508468709], [7.4280367638062454, 46.10478801776426], [7.428033692216819, 46.104820203667], [7.4280283094863675, 46.10483447017375], [7.428009512727927, 46.10486382073637], [7.428001762322246, 46.1048830525269], [7.427999657959644, 46.10492877706425], [7.4280030615682255, 46.104980205358686], [7.427996071679039, 46.10507231008246], [7.427996596189903, 46.10509935072535], [7.428001710369953, 46.10513321062337], [7.428031158038616, 46.105193097465914], [7.428033740091446, 46.10521490314417], [7.428030579165716, 46.10524130490396], [7.428023667231697, 46.10527075580354], [7.428020595486479, 46.10530367938689], [7.428022354337917, 46.10536679282178], [7.4280169945837144, 46.105394300714146], [7.428004237354253, 46.105422455537926], [7.427977733525909, 46.10544794628886], [7.4279855524253975, 46.10547204598682], [7.42798424423553, 46.10548151814089], [7.427981655007977, 46.10549448944635], [7.427964522200488, 46.10554316260993], [7.427956358596, 46.10555898508456], [7.427954532076205, 46.10557343175795], [7.427959069076383, 46.10558428985631], [7.427971867891051, 46.10560479204244], [7.427975820447234, 46.105627434243615], [7.427974277597643, 46.10564573999372], [7.427966758015418, 46.10567371549071], [7.427951246308573, 46.10570076357149], [7.42792703111433, 46.105727801875084], [7.427919204599336, 46.10573932447291], [7.427950818795955, 46.105764793660434], [7.4279536879826, 46.10577297977708], [7.427928448880274, 46.10581002090665], [7.427925251072208, 46.10582674338527], [7.427925455519323, 46.10583838363696], [7.427929940156556, 46.10585205726867], [7.4279307653344535, 46.1058635175825], [7.427926130836699, 46.10588579016467], [7.427914732010319, 46.10591101260659], [7.4278687924782645, 46.10598955777935], [7.4278629955800195, 46.106004156945225], [7.427866575241953, 46.10601719202432], [7.427895952391691, 46.10604481172725], [7.427872551847289, 46.10607050049784], [7.427856952309024, 46.10608361430386], [7.427826450148847, 46.10611771343009], [7.427804885778014, 46.10614534571324], [7.42779150878284, 46.10616817527235], [7.42779090687323, 46.10620198078991], [7.427787461647682, 46.106226655398935], [7.4277793624187485, 46.10624309856042], [7.427768030290919, 46.10625826399577], [7.427768851732838, 46.106287544648325], [7.427761165433397, 46.106307864845846], [7.427737236426516, 46.10632570975975], [7.427710632552494, 46.10633383933521], [7.427679323503239, 46.10639122808289], [7.427674609346902, 46.1064222712857], [7.427665681333152, 46.1064442648294], [7.42765063651087, 46.106463756708855], [7.427680591214957, 46.10651106741062], [7.427759938072715, 46.10660802961025], [7.427758447643321, 46.10662282714696], [7.4277489121241755, 46.106641770716344], [7.427723322791195, 46.10668047574925], [7.427703693080507, 46.10673039897871], [7.427709065017817, 46.106828748167956], [7.427723228209997, 46.106880861047664], [7.4277320172349235, 46.10690550085165], [7.427751928782756, 46.10692882853341], [7.427811992216079, 46.106973678015045], [7.4278217664567, 46.106987469216286], [7.427826093473803, 46.10701311599621], [7.427836745578983, 46.10703489550487], [7.42786630303501, 46.10706862323365], [7.427854749177694, 46.10709077789011], [7.427851706500722, 46.107106960546574], [7.4278529830445095, 46.10712487983378], [7.4278629472765765, 46.10715815555834], [7.427901160074554, 46.10723785145881], [7.427912932933463, 46.10728048268737], [7.427910950759067, 46.107356233597436], [7.427903207462002, 46.10739933909273], [7.427858190815143, 46.107563042876635], [7.427854415082899, 46.1076202181155], [7.427864069042194, 46.107652333093725], [7.427892936071079, 46.107710051568674], [7.42793328926111, 46.10775969310139], [7.427948337344989, 46.10778742789542], [7.427953853693677, 46.10781574639276], [7.427956846258037, 46.107852502358554], [7.427965475861438, 46.10789714788701], [7.4279669561908195, 46.10792945086715], [7.427974091559979, 46.10794643510857], [7.428026150435842, 46.10799105828751], [7.428029223467088, 46.10801472581641], [7.428027124888828, 46.10803069260572], [7.428032484203035, 46.108067808657104], [7.42802716901118, 46.10812546888754], [7.428028161011303, 46.108142803144965], [7.4280392230273895, 46.10818404883268], [7.428053289970056, 46.108203804368316], [7.428075764935664, 46.10821686821606], [7.4280991584346685, 46.108228078921336], [7.42811277298026, 46.10824717784776], [7.4281176427166775, 46.10827444338793], [7.428112301913315, 46.108330151295014], [7.428119761799977, 46.108401926896846], [7.428147295065649, 46.10846777632861], [7.428181647779575, 46.10851769572882], [7.428202061865309, 46.10855236639292], [7.42821184482017, 46.10858721581931], [7.428214434503852, 46.10863363273457], [7.428203068128843, 46.10868587742956], [7.4281878880271, 46.10873057450709], [7.428172477869119, 46.10876230007646], [7.428128775266646, 46.108829627069404], [7.428128229030078, 46.10884383087751], [7.428132428592485, 46.1088611925538], [7.428176295285889, 46.108935211835984], [7.428185639564597, 46.108965860472836], [7.428187146257396, 46.10899678720502], [7.428172005282669, 46.1091013855458], [7.42817308254265, 46.1092069841962], [7.4281818416203995, 46.1092538878945], [7.428198491830121, 46.10929242659362], [7.428231407008463, 46.1093560374897], [7.428275795526148, 46.10941362267841], [7.42831697942426, 46.1094571923239], [7.428347117614494, 46.10950438616186], [7.428355103573474, 46.10953865116471], [7.4283501592092955, 46.10955745141223], [7.428326654236617, 46.1095818540013], [7.428301763399134, 46.109615557764954], [7.4282739315482225, 46.10967434989793], [7.428248504619507, 46.10973609276782], [7.42822105925219, 46.10986444756131], [7.428214890187563, 46.109926174437284], [7.428216434380281, 46.109963973876], [7.428229680067487, 46.11001801149251], [7.42821688040951, 46.11005914696035], [7.4281964470419375, 46.110114449678555], [7.428220284185186, 46.11017461451069], [7.428244720064841, 46.1102174721857], [7.428269764849233, 46.11025581422908], [7.428304589059373, 46.11028586322909], [7.4283551257825655, 46.110325512216036], [7.428391697759468, 46.11034742936811], [7.4284540057323545, 46.110379046364486], [7.42849609986366, 46.11040334773428], [7.428563459833371, 46.1104593067434], [7.428636019649373, 46.11051340416516], [7.428655323970118, 46.11054168809626], [7.428671084181381, 46.110571635880795], [7.428682031537786, 46.110609400321735], [7.428686352345658, 46.11067021976263], [7.428681795063737, 46.11075970727372], [7.42868173436361, 46.11080523382142], [7.428675515896998, 46.110857569441016], [7.428665216072086, 46.11088109190498], [7.428599199522308, 46.110963161642175], [7.4285495098369925, 46.111020512788826], [7.428522961986338, 46.11106030675976], [7.428473143989586, 46.11111159482067], [7.42844346673383, 46.11114783515557], [7.428433577255405, 46.11118821535072], [7.428432846048791, 46.1112224343823], [7.428435235652348, 46.11123820388186], [7.428446950753623, 46.111252777873766], [7.428455445337812, 46.11126736053635], [7.428453269388657, 46.11128267978333], [7.428437899029179, 46.11130755101946], [7.428433873950284, 46.11132085508533], [7.428436729069842, 46.111337272343604], [7.428434358018741, 46.11135836682487], [7.428420331015982, 46.11139230584914], [7.428418073921388, 46.11142524743672], [7.4284254394444424, 46.111458999578154], [7.428438017127815, 46.11149384973009], [7.428454708152552, 46.11152695515389], [7.428463458252825, 46.11155749597497], [7.428467691430059, 46.111603040959764], [7.428464840255845, 46.111631565631], [7.428452031129596, 46.11165444012416], [7.428423429168164, 46.111680866544724], [7.428400080153189, 46.111698180926865], [7.428393415779701, 46.11171485799219], [7.428401610707451, 46.1117417468946], [7.428396808917149, 46.11175887417838], [7.428382190757024, 46.11177254590446], [7.428370060680625, 46.11182676996574], [7.428362490698791, 46.11184445443835], [7.42836151804792, 46.111857300009], [7.428367775367813, 46.11187088399409], [7.428398938004321, 46.11191161908672], [7.428409733141758, 46.11193522458715], [7.428416684751032, 46.11197030826701], [7.428417623072934, 46.1119990311194], [7.42840634158584, 46.11201391759454], [7.428389666038685, 46.11203145716502], [7.428373349570853, 46.11206470318441], [7.428375154211541, 46.112095117427074], [7.428400993235017, 46.11217558561552], [7.428434041183938, 46.112232845838854], [7.42844586648807, 46.112279956977304], [7.4284470106851686, 46.11231547186546], [7.4284295015006725, 46.112427141303655], [7.42842398479338, 46.11252642521106], [7.4284372606007825, 46.112564945857116], [7.4284592665826334, 46.112605302450014], [7.428518360196279, 46.112683228200055], [7.42856251560308, 46.11275805793362], [7.428585197443937, 46.11278288825602], [7.42862924592643, 46.11281090508773], [7.428662235972037, 46.11283690561631], [7.428683947841566, 46.11286054812197], [7.428700924900005, 46.112888202020265], [7.428704913103055, 46.112930643328575], [7.428713169448957, 46.1129742545739], [7.4287185153407505, 46.11301951179913], [7.428711705393599, 46.113053145641054], [7.4286906363669365, 46.11311556407651], [7.4286808738105785, 46.113167872568084], [7.428680399562386, 46.113212499757225], [7.428692042481135, 46.11326908336179], [7.428697282043188, 46.11332975919692], [7.428698325052496, 46.1133533096418], [7.4286928073307275, 46.11339225985013], [7.4286932266923404, 46.113430671073324], [7.4287018308670065, 46.113482531495634], [7.428697414596456, 46.113511406857114], [7.428686959766142, 46.11353096216033], [7.428647826749835, 46.11356411591839], [7.428591331920204, 46.113616644407465], [7.428518688935043, 46.11370045826848], [7.428450149963093, 46.11376528312373], [7.4284415192708355, 46.11378309367243], [7.428442524523105, 46.11380127385097], [7.428439812096691, 46.113846251315174], [7.428418480423551, 46.113925851377125], [7.428407064970472, 46.113961355604054], [7.428395619354092, 46.1140188002206], [7.428395533427563, 46.11406059378832], [7.428402068418023, 46.114109413400065], [7.4283944585903905, 46.114130678094384], [7.428376594365438, 46.11413933011942], [7.428139649002208, 46.11419538485721], [7.4280182117421205, 46.1142359158634], [7.427934530776708, 46.1142728342409], [7.427889550866307, 46.114305960796756], [7.427857543997126, 46.114337099796266], [7.427771040999588, 46.11444354434426], [7.427725756590438, 46.11450660760223], [7.427682266204952, 46.11458694244136], [7.427654531813407, 46.11466063164437], [7.4276466696417724, 46.11471173485578], [7.427655626354645, 46.114744875699685], [7.427671388320355, 46.114769939088234], [7.427675378426279, 46.114801262143246], [7.427671270434015, 46.11483716305316], [7.427655701213635, 46.114878334183246], [7.427572765342375, 46.11499358604147], [7.427531484677183, 46.11502216975578], [7.427619012625349, 46.11508266400195], [7.427686510343718, 46.11511614191679], [7.427797209920541, 46.11515158563011], [7.428091217865027, 46.11525390068652], [7.428219065505211, 46.115308911160334], [7.4283263221947395, 46.11536092436302], [7.428378276309499, 46.11538295914178], [7.428434551206073, 46.11540280850745], [7.428509993065036, 46.11543447981228], [7.428549879539769, 46.115455668022314], [7.428628897802408, 46.115520893019], [7.428648786394286, 46.115546280265995], [7.4286613672917285, 46.115569094010695], [7.4286763195041905, 46.115634996475094], [7.428679965360192, 46.11564377645072], [7.428688954426164, 46.115646664791115], [7.428712909148962, 46.11564908674018], [7.428724044979805, 46.11565436816839], [7.428732062340665, 46.11566524443707], [7.428742965014106, 46.1156722260003], [7.42875478721028, 46.11567348650407], [7.428770244429858, 46.115672804247886], [7.428783891290905, 46.1156697200678], [7.428792442520611, 46.11566282122054], [7.42880766839734, 46.11565471765017], [7.428823345980454, 46.11565180456402], [7.428846990815163, 46.11565210366925], [7.428868888389037, 46.11565786291277], [7.428954367599122, 46.115694716708425], [7.428977686240937, 46.11570935456714], [7.429000873835351, 46.11573137737663], [7.42902580413893, 46.115771958229836], [7.42909443425967, 46.11585265492986], [7.429120659203696, 46.1158883784172], [7.429154153883365, 46.115923554077106], [7.429182491453861, 46.115938507321594], [7.429204556987912, 46.11594602962876], [7.429234306916146, 46.11594764247569], [7.4293845739475834, 46.115935808947334], [7.429510200545843, 46.11591907009562], [7.429566520561593, 46.11591011527914], [7.429583129878387, 46.11590504323118], [7.429603105485488, 46.11588198031494], [7.42962732086822, 46.11580052700435], [7.429646108841024, 46.11576291791031], [7.4296964357545, 46.11570312827445], [7.429737068875773, 46.11567567717643], [7.429787364137342, 46.11564876657082], [7.4298309063336925, 46.1156278644326], [7.429857374231652, 46.11560895790728], [7.429883597707729, 46.11558198226038], [7.429914178955116, 46.11556229343484], [7.429948263877423, 46.11555178931901], [7.429980497668557, 46.11554968691624], [7.43014734135517, 46.11556134051992], [7.430266902439605, 46.11560996218286], [7.430380233703755, 46.11563247837854], [7.4304200056598715, 46.11564861965369], [7.430465506984315, 46.11566961899223], [7.430574351429899, 46.11568329190088], [7.430640057601389, 46.11570117133345], [7.430696839655, 46.11571412058917], [7.4307479180117095, 46.11572268833522], [7.430816835344811, 46.115721506573536], [7.430851073277269, 46.11572571018381], [7.430892344895319, 46.11574633981959], [7.430916907737973, 46.11574953517614], [7.431022650531459, 46.115823827034], [7.431074220882183, 46.11590470800853], [7.431128063407198, 46.11608613875068], [7.431280971603641, 46.11629171169389], [7.431430817526073, 46.11647709713264], [7.431518743579973, 46.11659231531229], [7.431603817848666, 46.11674638394817], [7.431664983138657, 46.116848879613826], [7.4316949930143545, 46.11691274565745], [7.4319780064946475, 46.117385391321854], [7.432533848132597, 46.1184389055375], [7.433691751296323, 46.11961188900027], [7.433889875242077, 46.1197357850243], [7.4341775677084305, 46.11986236585093], [7.434418060859534, 46.11996495279791], [7.4346671158906155, 46.120095425674535], [7.434869771814967, 46.12021869997999], [7.435151553222713, 46.12039623778036], [7.435238892749391, 46.120444771739216], [7.435334214240316, 46.12049330632686], [7.435414478582959, 46.120539717369155], [7.435468601136138, 46.120563008894564], [7.43553656521707, 46.12058550014001], [7.4356125372041095, 46.1206009660371], [7.435672507606537, 46.12061589184946], [7.435713734386901, 46.120622847047954], [7.435870297136195, 46.120654004090966], [7.435913347551171, 46.12067011701623], [7.4359966916257445, 46.120725461344726], [7.436153714470104, 46.12084652786547], [7.436248067815098, 46.120896897601966], [7.436307933625199, 46.120940294086935], [7.43633450417562, 46.12094416298124], [7.436347298155683, 46.120941644635764], [7.436362861067942, 46.12092924930159], [7.436395501048817, 46.12089494152139], [7.436426315865389, 46.12087731118194], [7.436479108332111, 46.120872653017194], [7.436524268114315, 46.1208751640829], [7.436556038321961, 46.120890466396084], [7.436578040756591, 46.12092457809952], [7.436646718825174, 46.12091952450711], [7.436656486339659, 46.12090440320136], [7.43667232172805, 46.120872622272586], [7.436708311362625, 46.12084374743252], [7.436762618304412, 46.12081932596516], [7.436814505824704, 46.1207997708903], [7.4368547887761824, 46.12079995185254], [7.436903324371749, 46.12081157531449], [7.436921617091554, 46.1207890959314], [7.436997318608655, 46.12079703182667], [7.43705532322232, 46.12081658970857], [7.437081273071686, 46.12081348676424], [7.437094700996166, 46.12080534598786], [7.437147159120919, 46.12075129290226], [7.4372011428942555, 46.12071640049644], [7.43721243608609, 46.12071426870238], [7.437265849270101, 46.120714656975416], [7.437393710126917, 46.12069410494167], [7.437440720456245, 46.12066947579264], [7.437490459869042, 46.120670259850385], [7.437575332592378, 46.12069892176963], [7.437662625321447, 46.1206954242867], [7.437763836296085, 46.12072064975669], [7.437794416814517, 46.120724338186896], [7.437814894323764, 46.12072937589158], [7.437828347727365, 46.12073442269652], [7.4378495103243605, 46.12076432440973], [7.4378837391602355, 46.12076470279709], [7.4379231808481645, 46.12077207956008], [7.437959892805923, 46.12079032299776], [7.43798346153702, 46.12080817914391], [7.438024714512058, 46.12080759480144], [7.438071180750157, 46.12080971830668], [7.4381221877227475, 46.120809125328364], [7.438202521097419, 46.12079513833515], [7.438218729731799, 46.12079921331099], [7.438236503251383, 46.12081881460183], [7.438260667274566, 46.12083104847828], [7.438299888294101, 46.12086462879317], [7.438324414134519, 46.12089899178877], [7.438344076245331, 46.12093800583451], [7.4383713064871815, 46.12095295682672], [7.438401266336143, 46.12096072030015], [7.4384174494882, 46.12095470239948], [7.438447008962431, 46.12092226454118], [7.4385116898705395, 46.120889053369986], [7.438559346543371, 46.12088399836731], [7.438693209000959, 46.12090569699996], [7.438754965559406, 46.120917535389566], [7.438870769163937, 46.12091499000346], [7.438910832016298, 46.12092837552673], [7.438957078218002, 46.12096798328887], [7.438991358696027, 46.12098661323157], [7.4390269069404695, 46.12102835301731], [7.439069376059446, 46.12102407107861], [7.439146992697552, 46.12103124082704], [7.439204182947135, 46.12104540868939], [7.439343284291338, 46.12106906642846], [7.439374783460776, 46.12108013065614], [7.439418157809094, 46.12107448984637], [7.4394642360238725, 46.12105292717184], [7.43956469743684, 46.12102495039819], [7.439585162324009, 46.12102533713855], [7.439609637430794, 46.121035816889176], [7.4396411885714615, 46.121063379084774], [7.4396491700833565, 46.12107891424361], [7.439699698635106, 46.12111269237599], [7.439737601343837, 46.121119087896744], [7.4397870947030675, 46.12112024782142], [7.4398384250868315, 46.121123719677264], [7.439873934734262, 46.12114197132469], [7.439889509763109, 46.121138283020564], [7.439899845556481, 46.12111964413713], [7.4399752755099895, 46.121101957942585], [7.440017757555815, 46.121107192835105], [7.440039787775974, 46.12111495578015], [7.440053979258663, 46.12116757072298], [7.440077225666583, 46.1211770789783], [7.440134338259519, 46.12116792967826], [7.440144971574463, 46.121145413836445], [7.440165423323036, 46.12113357537855], [7.440185564697373, 46.121132792406655], [7.440199652225404, 46.12114016864863], [7.440219949813083, 46.121187926122985], [7.440295729661977, 46.12118441725858], [7.440340967508249, 46.12119139751231], [7.440392660687829, 46.12121332822572], [7.440428157957752, 46.12123040171987], [7.440474392621608, 46.12126399102751], [7.44052366733118, 46.12129349639084], [7.440547534704248, 46.12130028781429], [7.440579305944281, 46.12130299509273], [7.440621101976525, 46.1212789132418], [7.440662342208195, 46.12127172520473], [7.440730761338035, 46.12126627297507], [7.4407603588771964, 46.121248209577914], [7.440787472277002, 46.12121675174112], [7.44081615130827, 46.12120160281341], [7.4408619970574685, 46.121204489775366], [7.440913664411399, 46.121218864011375], [7.440958281201225, 46.12121904332491], [7.441085999611955, 46.12121183607823], [7.441161766685717, 46.12121318427776], [7.441275773166835, 46.12122228583132], [7.441373881033921, 46.12122827506806], [7.441501083115106, 46.12126030558847], [7.441630691363696, 46.12128596724849], [7.441794852876156, 46.12132376318981], [7.4420080059260965, 46.12140667035911], [7.442137357870307, 46.12147039162404], [7.442215881700093, 46.12149296842704], [7.442352049150422, 46.121513024787404], [7.442466730355131, 46.12154562142399], [7.442600455192266, 46.12160346782597], [7.442760324261499, 46.12165703145582], [7.442919248639413, 46.12169942246539], [7.443111226780144, 46.121763590269836], [7.443319415111968, 46.121835394448986], [7.443431627617026, 46.12187854212938], [7.44367395566149, 46.12194841943774], [7.443779543800125, 46.121975113909286], [7.443895235370018, 46.122001025415166], [7.443983669069751, 46.122013534525955], [7.444088919389721, 46.12201684056296], [7.444207907457666, 46.12201210393998], [7.444316804822366, 46.12200361647346], [7.444534289788363, 46.12199550185028], [7.444615672359703, 46.12199758495814], [7.444685128730741, 46.1220106432091], [7.444738105089422, 46.12203332734629], [7.444809465472426, 46.12207195054202], [7.444879961786745, 46.12213710155923], [7.444958455824649, 46.12223133471493], [7.4450051381750715, 46.122312759693074], [7.4450413800214434, 46.1223837504808], [7.445085875457436, 46.12245337375965], [7.445119617015334, 46.12248702422772], [7.445182658430541, 46.12250853818778], [7.4452919349737945, 46.12253287414069], [7.445436400536295, 46.12257375984061], [7.44554323244968, 46.12259853655647], [7.44562461846847, 46.122623899293565], [7.445708154169043, 46.12266846731282], [7.445781949991422, 46.12272335370237], [7.445821620923182, 46.122791870150714], [7.4458372179772, 46.12286851991204], [7.445853977290916, 46.12292610821554], [7.445898121192324, 46.122962933559926], [7.445953105650058, 46.122997500264596], [7.445988089023112, 46.123021606336536], [7.446006538611289, 46.12303878674138], [7.44603949622456, 46.123108509068054], [7.446074264105499, 46.123171718290095], [7.446097307801699, 46.12320252652089], [7.44616582972692, 46.12328577552502], [7.446246303955824, 46.12335829199866], [7.446303220616053, 46.123429433633845], [7.446340887469929, 46.12349899326034], [7.446372463119917, 46.123585149785896], [7.4463880975168015, 46.12364325047274], [7.446423347268433, 46.12372921776147], [7.446455176250523, 46.12376735657196], [7.446505943251701, 46.12379363814033], [7.446579011971388, 46.123807657687806], [7.446644447510984, 46.12381792648731], [7.446711425169074, 46.123848749863164], [7.446802558928153, 46.123903283745726], [7.4468961633145065, 46.12395367054252], [7.446965291444125, 46.12400444566496], [7.447021288749022, 46.124054636924086], [7.447042174543151, 46.12409794881533], [7.447045137120431, 46.124196224254135], [7.44705031953503, 46.12425541397656], [7.44704815653325, 46.124337659193465], [7.447017095460225, 46.12444532713326], [7.4470133862400765, 46.124473393266804], [7.4497014284209015, 46.12808167806112], [7.450154401058129, 46.128756302137965], [7.448783918883633, 46.13199593504831], [7.449567626635938, 46.132362932482316], [7.45011619230014, 46.132848645262705], [7.450186376801916, 46.13293679444674], [7.450284687617163, 46.13301119503802], [7.450433972186581, 46.133255506037536], [7.450544433347751, 46.13339392618408], [7.450628472088465, 46.1336575027168], [7.450688722181353, 46.133752065960145], [7.450839362383936, 46.133895969305186], [7.451020162365061, 46.134028004507186], [7.451109291081621, 46.134108396841924], [7.451340864948398, 46.134480704786476], [7.451682279627896, 46.13495488190844], [7.451729995368104, 46.13505172208626], [7.45175506595882, 46.135142636729626], [7.451750120720643, 46.13530980935972], [7.451902194003692, 46.13593488847583], [7.451934825575402, 46.136161111603826], [7.451917003798124, 46.13650271490151], [7.451872618806409, 46.136916617274146], [7.45188656341247, 46.137194772536304], [7.45195331516586, 46.13746694914654], [7.452181010175915, 46.13771239105315], [7.452404821152395, 46.13799796137214], [7.452481918317009, 46.13811098918417], [7.452539850293813, 46.13838914844571], [7.452874624900175, 46.138494372587], [7.453027183409454, 46.13857419763534], [7.453111203616524, 46.13867845359902], [7.453183440412253, 46.13869692095559], [7.453288858363172, 46.13877673340996], [7.4534540306368795, 46.138839959234], [7.4538722523426895, 46.1390088396873], [7.454092708354438, 46.13907622230201], [7.454483415796919, 46.13917221351291], [7.4547133052765036, 46.13923452001918], [7.4549544172927495, 46.1393512568855], [7.455113947143384, 46.13939971956622], [7.4552062503423775, 46.139442623783516], [7.455335705747895, 46.13944079670662], [7.455455720326695, 46.13945879695345], [7.455596406279146, 46.13949525286736], [7.4559269120261105, 46.139518816447854], [7.455973997186889, 46.13954512117278], [7.45605559226846, 46.13960647630131], [7.4561805283044365, 46.139677531111545], [7.456290419828511, 46.139725980925], [7.456466340152351, 46.13974953085752], [7.456578774115046, 46.13977213685278], [7.456725689442112, 46.13986071055567], [7.456859379337271, 46.1399493032856], [7.456895134183838, 46.13999128842494], [7.456914546156083, 46.140036955136395], [7.456972952724436, 46.14005587207386], [7.457079123763041, 46.14007571741435], [7.457144431219046, 46.1401047803751], [7.457165119487555, 46.14013385041853], [7.457163656123035, 46.14025470423183], [7.457178001808569, 46.14032251741658], [7.4572576331787035, 46.140427239048606], [7.457356054402324, 46.140571168915905], [7.457563735249934, 46.14075617218818], [7.457816232076527, 46.14094172587286], [7.457984890077036, 46.1414124577193], [7.458259199221413, 46.14183549643035], [7.458442143392943, 46.14235667354871], [7.458583924919841, 46.14306669064751], [7.458890545425922, 46.14340373539847], [7.459694599623089, 46.14380285996417], [7.460229727346915, 46.14417450072396], [7.4604355099804165, 46.144512117599426], [7.460409202331688, 46.14489803760717], [7.460757946306183, 46.145238551648795], [7.461176212721028, 46.144907076380285], [7.461414142701193, 46.1446353296163], [7.461925784170913, 46.14460490019663], [7.462184891153434, 46.14466587630888], [7.462781849067708, 46.14491840894195], [7.463026717279104, 46.14514673086173], [7.463373295393599, 46.14530880624005], [7.4635769816970905, 46.1453804143497], [7.463719443435709, 46.14545911467519], [7.463894149911312, 46.145550644833605], [7.46403965395435, 46.145629847608575], [7.464154154084813, 46.145662801321095], [7.4642718744630425, 46.145660914960594], [7.464405867004491, 46.14564043961947], [7.46454103241176, 46.14563808975251], [7.464685475975356, 46.1456610152667], [7.464873916604611, 46.14575406973477], [7.4651295741963, 46.145864299706176], [7.465624204903547, 46.1460461262157], [7.465741795440881, 46.146096232290006], [7.465896103279099, 46.146146824646266], [7.466113978844716, 46.146187885227675], [7.46624472966732, 46.146206521058275], [7.46640167073537, 46.146215147807936], [7.4665068749869326, 46.146235678527376], [7.466690347874327, 46.14632395361303], [7.466931752236156, 46.1464141495487], [7.467093654320687, 46.14642992541021], [7.4674885571833585, 46.14642476607462], [7.467720198667319, 46.14645344166814], [7.467917535419936, 46.14649163338297], [7.468208126396514, 46.14658851593013], [7.468544196316639, 46.14668159124831], [7.4686811945482825, 46.146690201153696], [7.468912977576583, 46.14666688833081], [7.469237505254779, 46.14666743517407], [7.469594939171028, 46.14670518640289], [7.469815969026942, 46.14673194414357], [7.470060618623574, 46.14678158888188], [7.470259114519371, 46.14685077479558], [7.4705413862074765, 46.14691937110444], [7.470927164796651, 46.14699811315589], [7.471346365428075, 46.1470398991574], [7.4716700684831245, 46.147021404254296], [7.471059617528533, 46.14672559651336], [7.470676317376768, 46.146470498801634], [7.469681688884797, 46.14619520675372], [7.468759792986972, 46.145585746041014], [7.469112389091253, 46.144266271211805], [7.4694405721991615, 46.14360169863311], [7.469772375626397, 46.14238350308965], [7.470991273110899, 46.14035647684575], [7.471829523151193, 46.13738992860613], [7.472660465041938, 46.13658027651529], [7.4737334875198576, 46.134889666154805], [7.475344284164801, 46.13651949936882], [7.480302057983136, 46.13861038277179], [7.4819754619462575, 46.139847613275684], [7.482302163823287, 46.14021386255345], [7.482549848450475, 46.14057191156211], [7.482628810401631, 46.14177783727871], [7.483535066405759, 46.14144933868624], [7.486812397209054, 46.141992647632364], [7.49101025889234, 46.14175921301107], [7.491119925679406, 46.14180509399775], [7.491168926168589, 46.14181116147043], [7.4911980689408235, 46.141810653374996], [7.491235077429894, 46.14180756893862], [7.491283262422491, 46.141799711678445], [7.491325772111838, 46.141797991974244], [7.491364508377893, 46.14180190522075], [7.491399935864803, 46.14181012887847], [7.491436302230673, 46.14182580044348], [7.491462448860831, 46.14183182437568], [7.491527798673901, 46.14182908671831], [7.491557724074886, 46.1418350100216], [7.491586389191458, 46.14184926375812], [7.491617102313283, 46.141866943886654], [7.491636931630533, 46.141870658960244], [7.4916566259789175, 46.14186854498689], [7.49166512090856, 46.141860804947], [7.491682104477594, 46.14182512996177], [7.491711051865409, 46.14179607913225], [7.491769147563195, 46.141785815587845], [7.491805519056076, 46.14179313928373], [7.491843316663264, 46.141803178942986], [7.491892767574526, 46.14181975303852], [7.491915776542864, 46.14181943660754], [7.49193858774064, 46.14181530616238], [7.491961094160669, 46.14180375452751], [7.491984383979441, 46.14178595962081], [7.492008313840069, 46.14176083311235], [7.4920447947526565, 46.14170696004898], [7.492079871986181, 46.14166032903062], [7.4921001639959615, 46.141620433454605], [7.492118423900651, 46.14160706666412], [7.49214329068407, 46.141600929219166], [7.49222501021473, 46.14159759013009], [7.492259000512828, 46.14159153840866], [7.492326228538886, 46.1415638911474], [7.492365095588968, 46.141542284004665], [7.49240350903119, 46.141533333842375], [7.4924449178658525, 46.14153060718474], [7.492549142283645, 46.14152736595537], [7.49263038607617, 46.14151377219831], [7.492717289040205, 46.1414911440137], [7.492758996874327, 46.14147666881473], [7.4927791461729685, 46.14146348998254], [7.4928195755341696, 46.141412034681125], [7.492846166891128, 46.14138299371876], [7.492875909833056, 46.141361075734466], [7.492959340964075, 46.14132166354336], [7.493038758829815, 46.141280750956064], [7.49306199939289, 46.141266005460785], [7.493109279646664, 46.141220285875995], [7.493149973474303, 46.14118829663622], [7.493189127178364, 46.1411692438567], [7.493222453747533, 46.141159719940795], [7.493343911437247, 46.14115316842737], [7.493392530707554, 46.14115316363982], [7.493434242712374, 46.14115644541162], [7.493472490290859, 46.14116356084933], [7.493525524147905, 46.14116544278108], [7.493544856231467, 46.141163733460814], [7.493563261693842, 46.14115410852755], [7.493570947973255, 46.14114026988955], [7.493578434930445, 46.14110799961279], [7.493591257363482, 46.14107974760872], [7.4936347011958855, 46.141041702860655], [7.493699371623229, 46.141007237246164], [7.493746312265659, 46.14098510395841], [7.493794045838429, 46.140966568487116], [7.493819314771075, 46.14096186082454], [7.493893508203021, 46.140900367629754], [7.493949203863393, 46.14085979775892], [7.493991260562382, 46.14083285381544], [7.494047599256978, 46.14080121636247], [7.494097064984582, 46.14078117747825], [7.494139912624437, 46.14076874305282], [7.49418450980622, 46.140758817573634], [7.49422312613569, 46.140746709061126], [7.494324846256773, 46.140700216147096], [7.494413044255037, 46.14066780767312], [7.494470575208896, 46.14065091341811], [7.4945153558582405, 46.14064330871935], [7.494648429567674, 46.14063350248059], [7.494755330504833, 46.14061738490346], [7.494851212300669, 46.140607686385096], [7.494934299298759, 46.14060174500243], [7.495004328037697, 46.140607549157686], [7.495130991928066, 46.1406318926774], [7.495192516616228, 46.140648351700705], [7.495212506795937, 46.14061962818869], [7.495220341907762, 46.14058755500792], [7.495245992085095, 46.14055093067114], [7.495289149248601, 46.14051242674978], [7.495340983923953, 46.14048101603862], [7.495375186064268, 46.14046799175902], [7.495414428775312, 46.14044882999261], [7.495437423309967, 46.1404350105328], [7.49547684383202, 46.140425222038914], [7.495562443479342, 46.140409015151924], [7.495589728989693, 46.14040259692879], [7.49562976455605, 46.14038688904002], [7.495675786490146, 46.140378689513334], [7.495699765835956, 46.14037877667629], [7.495738710373731, 46.14038429885243], [7.495764889999355, 46.14038468182452], [7.495794531919449, 46.14037944082262], [7.495873513549861, 46.140358298376945], [7.495970622805381, 46.140334880079436], [7.496036358465802, 46.14031916821857], [7.496079390689856, 46.140310780992685], [7.49611487257121, 46.14030918916281], [7.49614848256667, 46.140311934137515], [7.496177009917157, 46.14031755131783], [7.496239452820484, 46.14030874959682], [7.496261052583829, 46.140310322090464], [7.496284251206725, 46.14031870349679], [7.496367339304502, 46.14030210115074], [7.496384517173725, 46.14029498606376], [7.496410804925368, 46.140275146629506], [7.496442005414878, 46.14025065420825], [7.496473354704647, 46.14021994581523], [7.4965109946737485, 46.14019072748905], [7.496568032060495, 46.14016090568613], [7.496677868049937, 46.140106796583986], [7.496730505076223, 46.14007658118834], [7.496801908716986, 46.14004882125064], [7.496889957235278, 46.140024138366], [7.496982061571275, 46.14000466176966], [7.497083057390884, 46.139998709889596], [7.497116953140664, 46.14000254296208], [7.4971446589284785, 46.14001454709715], [7.497179438856862, 46.14003461664658], [7.4972266472843065, 46.14007210418545], [7.497330043075717, 46.14013271796671], [7.497359936349585, 46.14014500891304], [7.497367724054172, 46.14014254019946], [7.497390287057574, 46.14012502346431], [7.497407932544611, 46.14011970713735], [7.497428700675835, 46.14011814031206], [7.497457935347619, 46.14011969065114], [7.497499430473481, 46.140126470220586], [7.4975346252083455, 46.140134899127354], [7.497580479891286, 46.14014029112483], [7.497694944806192, 46.14014437969232], [7.497881369582483, 46.14015707641449], [7.497931693727372, 46.140154900753444], [7.497972138453137, 46.140147476697436], [7.498012719008112, 46.14013391768244], [7.498079270992761, 46.14010787736456], [7.498150979055983, 46.14008719568628], [7.498221608696963, 46.14007459246808], [7.498408296665374, 46.14006779437424], [7.49850695836796, 46.140069596331756], [7.498585891477851, 46.14007668013316], [7.498821687832862, 46.140092254892046], [7.4988542532137465, 46.14009834587002], [7.498894778763756, 46.140117854014136], [7.498966087710468, 46.14013512400796], [7.499127366641324, 46.140170175621634], [7.499186798821379, 46.140177916603044], [7.4992481653912035, 46.14019137763597], [7.499312879161193, 46.140200663071816], [7.499384881548619, 46.140200930996585], [7.499434878451022, 46.140207219571394], [7.499474541664637, 46.14021895580945], [7.4995214362694655, 46.14024035820326], [7.49953878732281, 46.14024997416506], [7.499597258188394, 46.14030105624952], [7.4996415392200975, 46.140333984027116], [7.499670853412179, 46.140360218015566], [7.499695985254112, 46.14037263676161], [7.4997454201834985, 46.140385438323285], [7.499798656877703, 46.14039552140228], [7.499832331255987, 46.1403977345425], [7.4999085121669244, 46.14038496521342], [7.500000572694343, 46.140373437731256], [7.500156893697186, 46.14034714149445], [7.500215604918206, 46.14033446270288], [7.500236877319649, 46.1403326969299], [7.500257844842899, 46.140335897084356], [7.500285623976364, 46.14033170833157], [7.500324157291958, 46.14031615264473], [7.500344317966939, 46.14031535011816], [7.500361356515609, 46.14032302317368], [7.50038252607044, 46.140345095607586], [7.500450888137963, 46.14036489401434], [7.500558209559322, 46.1403913643723], [7.500682922819742, 46.14042842257685], [7.500711395861755, 46.14043118721175], [7.5007424842031645, 46.14042371324707], [7.50078395819268, 46.14041107026762], [7.500799201794029, 46.140399205615246], [7.500815294339401, 46.14039422219103], [7.501005862076618, 46.14036248073033], [7.501095074061956, 46.140349631787444], [7.501170294977073, 46.140346352689654], [7.501247278014881, 46.140344970702955], [7.501280331277276, 46.14034706699355], [7.5013073946746465, 46.140350794531294], [7.501328947995561, 46.14035699866999], [7.501361766754841, 46.14036951133077], [7.501394445773656, 46.140384138266164], [7.501424189418383, 46.14041262811657], [7.50143844831125, 46.14042247040411], [7.5014566275870544, 46.140431689902805], [7.5015434876886795, 46.14045626286598], [7.501582292453675, 46.140474907529594], [7.5016538329993505, 46.14051227220169], [7.501700725349469, 46.14055308660148], [7.501723763854742, 46.140567709960344], [7.501739530377377, 46.14057175833984], [7.501753701075921, 46.14057222732941], [7.5017828107573505, 46.14056595054091], [7.501814464431032, 46.14056621229406], [7.5018411050370055, 46.140573421386115], [7.5018549886858015, 46.140583048152386], [7.501883289154447, 46.14061589364784], [7.501891538396913, 46.140632261251156], [7.501904990254844, 46.1406377502476], [7.501925471586106, 46.140634284691316], [7.501955939163336, 46.14061580929723], [7.5019893373660995, 46.14059146692611], [7.502011444375915, 46.14057242025313], [7.5020311351601014, 46.14056798357422], [7.502094418751869, 46.1405706833801], [7.502112561763702, 46.14057068240009], [7.502128462882641, 46.14056799291843], [7.502152365216013, 46.14055740982813], [7.50221611534696, 46.140538438635346], [7.502221536261987, 46.14052612963878], [7.502231753566874, 46.14052101447794], [7.502249880151569, 46.140518044879684], [7.502355290761375, 46.14052486829376], [7.502385737568587, 46.14054479465829], [7.50242820161638, 46.14052708570222], [7.502454210438282, 46.14052526311509], [7.502470200721807, 46.140532468813944], [7.502505062550296, 46.14053188279743], [7.502550115488407, 46.1405263159566], [7.502586522712712, 46.140519467822436], [7.502624715282496, 46.14052331452026], [7.502815477743183, 46.140591836063784], [7.502860213702136, 46.140602668716234], [7.502909190534855, 46.14062128036145], [7.5029382042348765, 46.14065527596655], [7.502953155727901, 46.14068178638002], [7.502968276434045, 46.14072020688091], [7.502978478856611, 46.1407355747231], [7.502996308889758, 46.140744596299506], [7.503014470286994, 46.14074929073996], [7.503030260537755, 46.14075139583488], [7.503120682750723, 46.14075498892384], [7.503200656567195, 46.140754467385804], [7.503230662919765, 46.1407515539193], [7.503268582636627, 46.14074316666937], [7.5033476635509295, 46.140720525509614], [7.503364307157849, 46.1407219554726], [7.503394114762816, 46.14073712326631], [7.50344994371774, 46.14073910667765], [7.503592538475138, 46.14073910685672], [7.503668522347887, 46.14074606255397], [7.503760959781449, 46.140757920413975], [7.503810814212442, 46.14077415631081], [7.503830873807353, 46.140775296306686], [7.503903529434933, 46.14075841515718], [7.5039691578047885, 46.14075216175692], [7.504016135601301, 46.1407436159214], [7.504113851278749, 46.14074320941435], [7.504197897446543, 46.140739482194334], [7.504292146230934, 46.1407401659239], [7.504394267960168, 46.14074505488139], [7.50445151019879, 46.14075999984014], [7.504497474912149, 46.14078072633403], [7.504612109917464, 46.14077446211786], [7.504716433693589, 46.14078108558048], [7.504804140096342, 46.14079735280328], [7.504912050918709, 46.14082743458373], [7.5049659821376755, 46.140844035881784], [7.505023469919737, 46.14085883593351], [7.505104584012669, 46.14089222483502], [7.505140427170189, 46.1409114721656], [7.505177129096889, 46.14092378348649], [7.505217420652392, 46.14092941813272], [7.505283809970624, 46.14093169136492], [7.505326300416982, 46.14093627247219], [7.505359218553338, 46.14094409754235], [7.50541611776433, 46.14097462253632], [7.505437695356372, 46.14097890981099], [7.5054564199349265, 46.14097822418621], [7.505488138132263, 46.14096763589798], [7.505513471901534, 46.140964004830124], [7.505574682253721, 46.1409641668061], [7.505612009794474, 46.14096920945366], [7.505643546884489, 46.140980066606495], [7.505673009646229, 46.14098776755955], [7.505696936882477, 46.14098738477728], [7.505779159902044, 46.1409739154414], [7.505798394635674, 46.140956389847105], [7.505825723747483, 46.14095481748578], [7.505893819180731, 46.140944864142774], [7.505936423654082, 46.14093696779494], [7.505983137441137, 46.14093481726888], [7.506136796257525, 46.14094451419741], [7.506234200976977, 46.1409540192586], [7.506347427472599, 46.140970144468625], [7.506403318308034, 46.14099058535774], [7.506503082622879, 46.14103499178494], [7.506538981376761, 46.141056479171546], [7.5065702045048015, 46.14108524672242], [7.506608690823004, 46.14112707174824], [7.506649374527968, 46.14116678146949], [7.5066953161296786, 46.14119903082863], [7.50675418768676, 46.14122241173428], [7.506813194314656, 46.14123981055109], [7.506891107532818, 46.14125700030481], [7.507018491535814, 46.141292889566195], [7.5071079586147365, 46.14130820091125], [7.507174402109613, 46.14131178666543], [7.507261577291502, 46.14130520393438], [7.507331070697347, 46.14129515032294], [7.50737655758147, 46.14129452963], [7.5074434781410275, 46.141296630799424], [7.507486550735365, 46.141290038682016], [7.507525577939774, 46.141277439540765], [7.507569170428853, 46.141272673182186], [7.507620896766928, 46.141273604871316], [7.507670003289692, 46.14128025036355], [7.507726490832497, 46.141290570660956], [7.507829258001205, 46.14131305258999], [7.507884822561092, 46.14133018321504], [7.507966042120146, 46.1413519581865], [7.50797127799654, 46.14136843486086], [7.508049684530189, 46.14138617266068], [7.508060760949658, 46.141385329374714], [7.5080832595305855, 46.141380781916865], [7.5081459583027605, 46.14139061247511], [7.508194786962708, 46.14140250240074], [7.508247049355977, 46.141417817573476], [7.508345414429288, 46.14145870666014], [7.508393130262956, 46.14147051634142], [7.5084467849786405, 46.14148147682602], [7.508489626520243, 46.14148684812783], [7.508576075864811, 46.141489458328266], [7.508605296263947, 46.141489134693], [7.508638458921616, 46.1414950698917], [7.508696518988521, 46.14151026442991], [7.508828656328376, 46.141527545891705], [7.50888979683965, 46.14153306790742], [7.5089350847593686, 46.14152865930634], [7.508960851159477, 46.14151922505682], [7.5089801555685725, 46.141506304516206], [7.509001209817242, 46.141495497012], [7.509010577128414, 46.141493917091466], [7.509049040213124, 46.141495701783036], [7.509057926187769, 46.141492188041596], [7.509083335329893, 46.14147668189558], [7.509103770665651, 46.14146779958078], [7.509153720438464, 46.14145576873619], [7.509197470451082, 46.141452926404035], [7.509245752486775, 46.14145210538942], [7.509318000066549, 46.14146046306991], [7.50937910733271, 46.14146037142304], [7.509441953669345, 46.14146403901637], [7.509501714075044, 46.1414731507576], [7.509641912132358, 46.14150948746107], [7.509713627354954, 46.141536430098874], [7.509744004516378, 46.14155000363652], [7.509771451362252, 46.14156920125308], [7.5098056537367945, 46.141598335317234], [7.509869003564142, 46.14164114186638], [7.509905562174182, 46.14167109279], [7.509926625599658, 46.14169739205358], [7.509943674385021, 46.14173134020324], [7.509954972546545, 46.141741813040134], [7.509968280919284, 46.14174566383775], [7.509995485401136, 46.14174755387093], [7.510053462761237, 46.14174864220354], [7.5100965910014805, 46.141745358842535], [7.5101076428366635, 46.14173558262442], [7.5101146316519225, 46.14172617775036], [7.510124447814704, 46.1417214669526], [7.510144142125233, 46.14171996137186], [7.510178530554037, 46.141723043448266], [7.510296700993769, 46.14175718894347], [7.510321529634145, 46.141753188299006], [7.510347941788198, 46.141752775946856], [7.51039296909138, 46.141756849806356], [7.510430985305339, 46.14176314104792], [7.510460568653285, 46.14177304478149], [7.510512261013324, 46.14179715674741], [7.510544821290875, 46.141807427372214], [7.510587935378327, 46.1418032172624], [7.5106315327933375, 46.1418024072578], [7.510658749516034, 46.14180364956436], [7.510692848078451, 46.141812605803196], [7.510748481717825, 46.14184208558037], [7.510829763508575, 46.14188044601219], [7.510903567144064, 46.14191999867972], [7.511056322343306, 46.141996905602895], [7.511137358646969, 46.14204491847573], [7.5112043928336325, 46.142092922257696], [7.5112736883457005, 46.14212856444955], [7.5113238047311, 46.142144571889716], [7.511351130245122, 46.14214967304412], [7.511390796784378, 46.142160946255046], [7.511418509714219, 46.14217524956945], [7.511501157584411, 46.142238229065505], [7.511540560071147, 46.14227469025487], [7.511583915682528, 46.1423254878359], [7.51164663425281, 46.14237809971731], [7.511729576884146, 46.14239951913719], [7.511776320808187, 46.14241930640915], [7.511804842374958, 46.14244736430397], [7.511859969876903, 46.14249448388912], [7.511931290160272, 46.14260179253709], [7.511946220250351, 46.142607272269466], [7.511986099843608, 46.14267042420808], [7.512052370543727, 46.1426980437359], [7.512089520668761, 46.14269508688398], [7.512106828013638, 46.14269873696033], [7.512138361544204, 46.1427148099055], [7.5121731734649035, 46.14274375340308], [7.512211990696537, 46.14278704252936], [7.512235156116198, 46.14279697695974], [7.512282398636225, 46.142802073983304], [7.512286559893887, 46.142817031023206], [7.512300284682508, 46.14282222171759], [7.512349826232089, 46.14283349735981], [7.512370336432682, 46.142822545431876], [7.512398581350247, 46.14281821812541], [7.512415120775723, 46.14281847744209], [7.5124557155914236, 46.14282661920469], [7.512465389670173, 46.14281244495751], [7.512500357626196, 46.142812872133035], [7.51256223886407, 46.14281947090472], [7.5126083391226315, 46.142822040662146], [7.512639281139775, 46.14283116021876], [7.512642796560442, 46.14284685547921], [7.512764293213166, 46.142878396275236], [7.512827358958151, 46.14288972629099], [7.512882166411918, 46.14291871140924], [7.512936638562152, 46.14291057118236], [7.512996151148572, 46.142907114293756], [7.513102246833555, 46.142918766351], [7.513142795829627, 46.14292162744692], [7.513208018874711, 46.14293024770095], [7.513268722494344, 46.14295562997129], [7.513303123610056, 46.14296733790241], [7.513378710039097, 46.14298332796947], [7.5134585818472255, 46.14299085073628], [7.513502016650674, 46.14300290364547], [7.5135474565941855, 46.14306183144413], [7.513610234945856, 46.1431750011254], [7.513685458979427, 46.143285292622316], [7.513744428553927, 46.143357552130865], [7.513914844406127, 46.143547995650984], [7.513972058179357, 46.14353813484197], [7.514019773177759, 46.143537914585266], [7.514055614088607, 46.14354215506056], [7.514186303807677, 46.143546845755345], [7.51428975240052, 46.14356135068529], [7.5143527669624905, 46.14358193594122], [7.514457598454158, 46.143604625424146], [7.514557779241038, 46.14363319207492], [7.514625444184169, 46.14367550755388], [7.514681954842776, 46.14372795963117], [7.514726151621535, 46.14377563423882], [7.5147583725407125, 46.143847703965804], [7.514778571169846, 46.14391071404258], [7.514793559721073, 46.143930989190785], [7.514834791005721, 46.143939849519306], [7.5149318742158195, 46.143945812095815], [7.5150196643521445, 46.14396032665207], [7.515153730101424, 46.14400964992122], [7.515603353206286, 46.143801603422055], [7.516069108483868, 46.143563509233], [7.5165537973993235, 46.14326207575775], [7.516824064984084, 46.1430865165631], [7.517122654022623, 46.14297184433358], [7.517573337312909, 46.14280866249462], [7.517709036695978, 46.14274341363816], [7.518022457718433, 46.14249830048823], [7.518171129895942, 46.14242852706086], [7.518481457236733, 46.14232718440973], [7.518753043113361, 46.14228430094014], [7.519112035638947, 46.14224135852629], [7.519244574427803, 46.14222105992337], [7.5193415282913145, 46.14217604945343], [7.519507742547806, 46.142033568230616], [7.519637024191363, 46.141997504789444], [7.519779251476746, 46.14193000949386], [7.519856744498868, 46.14186031197521], [7.520037614503124, 46.14168041516031], [7.520166902654197, 46.14160616427452], [7.520351138508281, 46.141549882799715], [7.52077467381803, 46.141455198661035], [7.520962206362862, 46.141423615376944], [7.521272669687455, 46.14140315266603], [7.521612136265944, 46.14129057934016], [7.521940385802508, 46.141163135471025], [7.522664365958722, 46.14086376908343], [7.522835679056057, 46.14077152042935], [7.522877619897285, 46.140728796895885], [7.522948576376207, 46.14061188286712], [7.523019506275222, 46.140459053239944], [7.523142211089698, 46.14029944367353], [7.523326204877088, 46.14009930884596], [7.523744384986965, 46.139658599101615], [7.523858606896405, 46.13952254473865], [7.523975355952445, 46.13941296506904], [7.524087030961049, 46.13932811728316], [7.524307929876134, 46.1391902199205], [7.524694348466315, 46.13894361408474], [7.525144587257956, 46.13870437527462], [7.525514693175982, 46.138524468977685], [7.525640208426729, 46.13843069391138], [7.525739968396068, 46.138351491974866], [7.525813715420238, 46.13826260309219], [7.525907355511946, 46.13813487548025], [7.5259612049795725, 46.138040461513306], [7.526036965256968, 46.13795712954369], [7.526194493147873, 46.13782376582653], [7.526366087578522, 46.13768347288145], [7.526541927942114, 46.13742276260167], [7.526649492199988, 46.137233923248665], [7.526663349680481, 46.13716869410699], [7.526671218990707, 46.13708957065499], [7.526766599105449, 46.13678973903815], [7.526963992417388, 46.13631254854279], [7.527077644627125, 46.13617782223425], [7.527420754681812, 46.13589860013542], [7.527608443873049, 46.135754389316375], [7.527714145581032, 46.135665483837165], [7.5278198316548215, 46.13553493833793], [7.527851659964202, 46.135461374338625], [7.527851527373867, 46.13537949695107], [7.527827415470991, 46.135296243808554], [7.527745178407863, 46.135060372620174], [7.527733004749177, 46.13494980887534], [7.527764731412868, 46.13481377043822], [7.527828424798977, 46.13468188979642], [7.527962010208388, 46.13453051466939], [7.528233305189683, 46.13429853782837], [7.528497235899762, 46.13414614081706], [7.528892353420662, 46.13393764978614], [7.529153787012018, 46.133787547025946], [7.529451076970304, 46.13359995841239], [7.529607775402841, 46.133486290857334], [7.529932123038149, 46.13332537809288], [7.53015114439848, 46.13320991526598], [7.530212329749521, 46.133153481983626], [7.530282582252807, 46.133049120999154], [7.530363486311785, 46.132892603364084], [7.530420352429564, 46.13279927336777], [7.530506026134016, 46.132717245353085], [7.530666530289006, 46.13254577621899], [7.5306772312860275, 46.13250743745782], [7.530663128655094, 46.132338214073705], [7.530676840637118, 46.1322743616398], [7.5309108888967105, 46.13198082551821], [7.5312762587949695, 46.13153350696326], [7.5314156438214095, 46.131378382012294], [7.531663468369908, 46.131179152151894], [7.5317705746048995, 46.13110350147951], [7.531941966385255, 46.13100969812516], [7.53200181421123, 46.13096100021803], [7.532154700246916, 46.130789507720316], [7.532283067729427, 46.13061806294701], [7.532588652086433, 46.13022009806091], [7.532680664647277, 46.13000604323534], [7.532772569610633, 46.12976638016922], [7.532870922005276, 46.129665746871986], [7.533070783894094, 46.12950297828052], [7.533428934723856, 46.129055822751226], [7.533601178711697, 46.12886859809392], [7.5336837993241685, 46.12871022593026], [7.533994018475737, 46.12846768821512], [7.534355981586498, 46.128198761362995], [7.5353091154308, 46.12778881966609], [7.535888371662539, 46.127550486868074], [7.536274469744102, 46.127373711391606], [7.536602533200187, 46.12717149944333], [7.536656123853, 46.12689097877109], [7.536666465723892, 46.12660412650605], [7.536724363782473, 46.12617836928301], [7.536806545519232, 46.12591173413544], [7.53688867118662, 46.12568823787069], [7.537042303635796, 46.12534993504497], [7.537232861760384, 46.124942675294726], [7.537553314070601, 46.124373261598876], [7.537723041391134, 46.12414689577287], [7.537881306556148, 46.123979180365126], [7.538015787468078, 46.12387338277664], [7.538211106528129, 46.12378716060047], [7.5391402941317125, 46.12334930510446], [7.538978834145467, 46.12293242256336], [7.538950329290029, 46.12278752025136], [7.538966901591941, 46.122454696622476], [7.539035242260957, 46.1222328076209], [7.539157628570726, 46.12203134416159], [7.539314428569312, 46.12185375015796], [7.5395497953738255, 46.12167948618234], [7.539844047341242, 46.12148469528312], [7.539971550941321, 46.12139584908309], [7.540113447173174, 46.12112952444747], [7.540280110698106, 46.120972385178476], [7.540477569942952, 46.12083368667219], [7.5407669120489915, 46.12063889875641], [7.541085714174384, 46.12044066567204], [7.541463333796322, 46.12021509431535], [7.541850904736699, 46.120033862226826], [7.54203438996236, 46.11997269815409], [7.542244285261543, 46.11983460427763], [7.542581025701582, 46.11959270216118], [7.54266386756671, 46.119504290296696], [7.542728486473847, 46.11938343076804], [7.542808711376132, 46.119285999633746], [7.542927880966973, 46.11920656917634], [7.543142944747222, 46.11908737154607], [7.543322965689279, 46.11899588474587], [7.543426575199578, 46.11892549776328], [7.543535330651301, 46.11883343613739], [7.543651845493679, 46.118719734135844], [7.543745028410374, 46.118622307332124], [7.543827798963108, 46.118505037193586], [7.543946945127507, 46.11840216171373], [7.544239683064843, 46.11821799281031], [7.544742871725926, 46.117895565219634], [7.544646264184078, 46.11756392567565], [7.544567836404752, 46.1172484691893], [7.544505025828192, 46.11702207238729], [7.544455320656187, 46.11679674224342], [7.5444235740941075, 46.116479461009234], [7.544415557837853, 46.11636048369164], [7.5444464798444235, 46.11625046517569], [7.5446502936282, 46.115726255971644], [7.544903117657693, 46.11487383130606], [7.544954890679037, 46.1148178758947], [7.545372022074221, 46.11458491567154], [7.545543006725723, 46.11449280275024], [7.54594385799775, 46.113821285056915], [7.546187859925202, 46.11348088818455], [7.546345007690217, 46.11325301091294], [7.546348481011834, 46.1129070646788], [7.546339583231009, 46.112610148715234], [7.546310219720933, 46.112357357303146], [7.546255991303414, 46.112187312716536], [7.546168534863948, 46.11200289934156], [7.5461642541094385, 46.11193659812759], [7.546197287770196, 46.1118702706006], [7.546416726824189, 46.11168555699045], [7.546797564571329, 46.11134216119104], [7.547004555675337, 46.11116321553121], [7.547199121302557, 46.11098718621603], [7.547348067548927, 46.11081697596748], [7.547497764684298, 46.11060171552909], [7.547555617257145, 46.110503636438956], [7.547720979098514, 46.11024404124468], [7.547783063831087, 46.110180554419486], [7.547985862733281, 46.11003182385349], [7.54838356978963, 46.10975308437416], [7.548873717253178, 46.109395676677934], [7.549019047652636, 46.10931118391342], [7.549130222872712, 46.10922771386323], [7.549239162172715, 46.10909364620551], [7.549313757360258, 46.10893132910504], [7.5494094248128745, 46.108591841302896], [7.549482406944161, 46.108380876985805], [7.5495592843530135, 46.108273628298605], [7.5496875781548995, 46.108196094832756], [7.5498501722795055, 46.108125976132925], [7.5500791311651625, 46.10806471656957], [7.550487901359826, 46.10796756634514], [7.5506697336337005, 46.10789444313777], [7.55091784987684, 46.10777214724978], [7.55120888420014, 46.107697431666786], [7.551370847269172, 46.10763561686565], [7.5515633016233545, 46.10751485135028], [7.551663852606805, 46.10746861584914], [7.552209475883422, 46.107304334578025], [7.553414748662992, 46.10683161007582], [7.554174224953675, 46.10654206607907], [7.554589231302169, 46.10637491937474], [7.5548882364556995, 46.10627256681047], [7.554990894005416, 46.10620994471522], [7.555234545660715, 46.10601766990015], [7.555324328717993, 46.10595208392541], [7.5557862669331834, 46.10570749304431], [7.555997975988951, 46.10558820073653], [7.556162600357454, 46.105476387324785], [7.55626089925353, 46.105391430856365], [7.556554207234021, 46.105072773165155], [7.556648253623182, 46.10499527869006], [7.556789324863725, 46.10490135404695], [7.557103745101214, 46.104749193086974], [7.557285464050348, 46.10462695185015], [7.557456477649684, 46.10450619694719], [7.557884062728344, 46.10422888568903], [7.55804841047688, 46.104118553695436], [7.558139038270774, 46.104029105695396], [7.558183245849325, 46.10397823428764], [7.558196409300231, 46.10392431850609], [7.558187280690303, 46.103801077600146], [7.558158206801517, 46.103680972668805], [7.558173349044032, 46.10350227778659], [7.558245811811452, 46.10320799186145], [7.5583362986847895, 46.1029941926755], [7.558377725582212, 46.10268917107368], [7.558383869864209, 46.10246427653191], [7.558334423831903, 46.10213467635848], [7.5583496572775095, 46.10201638567888], [7.558398145995076, 46.101896179160775], [7.558537218590279, 46.10166960087864], [7.558954748413705, 46.10113464145517], [7.5593351134406594, 46.1007019852079], [7.5595716732082, 46.10048300420804], [7.559786374183356, 46.10026779007727], [7.560084842088901, 46.10000561143317], [7.5608322267419705, 46.099289473158834], [7.561076232204267, 46.09907882498154], [7.5613193696774665, 46.09883827908861], [7.561655428294577, 46.09847719180679], [7.561318531115264, 46.097417218668056], [7.562392300667603, 46.09737619549814], [7.563393368503835, 46.09732659060147], [7.563714044677246, 46.097212220899536], [7.563930068153088, 46.09709555513593], [7.564438672699016, 46.09678936134412], [7.565037681042863, 46.096352078019834], [7.565428511771167, 46.096059515806], [7.565627381781151, 46.09588186583547], [7.565903864812543, 46.09565683139097], [7.566100480483322, 46.095556921447375], [7.566425831149071, 46.095441646992796], [7.56657646427897, 46.09542964809575], [7.566835155724263, 46.09542390508232], [7.566988224098544, 46.09541358582882], [7.567150940411369, 46.09537622486977], [7.5672771190737755, 46.09530173465407], [7.567410251048434, 46.095131714669705], [7.567583231962912, 46.094934346785806], [7.567658770973919, 46.094863440011665], [7.567774214759063, 46.09479439341106], [7.567991439091206, 46.094696525863455], [7.568268473330709, 46.09460281779966], [7.568510578992546, 46.094539376475794], [7.568654988606308, 46.09449901151717], [7.568771851072179, 46.09443952662544], [7.568878971449765, 46.09433413025317], [7.569013844998466, 46.09417077274267], [7.569193700233115, 46.0939800981908], [7.56964055714823, 46.093618208943646], [7.569784764714739, 46.093489783625216], [7.570309496875346, 46.092931547407225], [7.570269170505303, 46.09275931131545], [7.570235771234457, 46.09258633656335], [7.570226939930852, 46.092348021085776], [7.570321423798372, 46.09214117725475], [7.570414845747829, 46.09199884972612], [7.570590529309985, 46.0917995670384], [7.57067148447221, 46.091650697359185], [7.570911516144822, 46.09156774186451], [7.571093400109883, 46.091459510193], [7.5712752906641985, 46.09134329113862], [7.571569519913223, 46.09117844546727], [7.5717515127253385, 46.09111155392672], [7.57204071610082, 46.09097119674618], [7.572363950966019, 46.09078973483627], [7.572385913111334, 46.09076170514541], [7.572378134185736, 46.09071571109268], [7.572322149330749, 46.09057736036097], [7.572298928209086, 46.09049271065774], [7.572312102956354, 46.0903920166625], [7.572345185565728, 46.090194624446816], [7.572376580575551, 46.09006269732753], [7.572432802342526, 46.089921942440206], [7.572688853017059, 46.089443725841136], [7.572768044973819, 46.089286946815406], [7.572995790287562, 46.088892812465325], [7.573014106413106, 46.08880689216216], [7.5729766335820266, 46.08863515825521], [7.572879951469674, 46.088231572228096], [7.5728484703982835, 46.08798682673801], [7.572854453335211, 46.08791166176847], [7.572888251014136, 46.08784935510669], [7.572992972963923, 46.087739728097084], [7.573251927625289, 46.087529510507935], [7.573550876946104, 46.087312274888255], [7.573856149573086, 46.087153020371105], [7.574444978280723, 46.086793721373496], [7.574515933032218, 46.08677001388386], [7.574855329022833, 46.08667942890443], [7.574995132614338, 46.08663739730711], [7.575083254451529, 46.08659180305031], [7.575151538773002, 46.0865229524515], [7.57530014495938, 46.08632916687652], [7.575357849368752, 46.086289950535836], [7.575485551843916, 46.08625912170146], [7.576260405636062, 46.086162432315675], [7.5761501312781085, 46.08586738967422], [7.576119419381584, 46.0857446937628], [7.576120660407786, 46.08563572206341], [7.576182761724516, 46.08552599098903], [7.576369312193494, 46.085309928973295], [7.576376780587294, 46.08524645678911], [7.5763368842109005, 46.08510685779971], [7.5762951072525775, 46.08483873118291], [7.576525742227113, 46.08453534591149], [7.576770054040723, 46.08429066215689], [7.576493186853626, 46.083935691804015], [7.5764766943040485, 46.08382299043684], [7.576448676121638, 46.08372318330784], [7.5763556364789375, 46.08355259622636], [7.5762414830903815, 46.083277388944374], [7.576128540228903, 46.08303104612715], [7.576022898368664, 46.08277761614805], [7.57589660754888, 46.08242278943909], [7.575767453195778, 46.08208622413581], [7.575664188627332, 46.081851618590875], [7.575535276690508, 46.08161645905384], [7.575186945468939, 46.08109151407149], [7.574932545990172, 46.080824079445385], [7.574458290939091, 46.080433529816524], [7.5743647625651445, 46.08035250375611], [7.574341225189835, 46.08026936872637], [7.574363888716107, 46.07999955421463], [7.574383934348151, 46.079851455973944], [7.5743690918099515, 46.07974599096904], [7.574304270436262, 46.079480351177956], [7.574216319207508, 46.07928571399794], [7.574023196507878, 46.079020239174355], [7.573937953592619, 46.078890689905144], [7.573812356631536, 46.078809698610044], [7.573552539232741, 46.07869844489236], [7.573400726194799, 46.078625601953014], [7.573298445237486, 46.07853647226965], [7.573178473799972, 46.07837028953559], [7.573109778187988, 46.07814864788656], [7.573095877815483, 46.077972827397254], [7.5731246888634836, 46.077840935465005], [7.573235182877992, 46.07771098834601], [7.573870764381503, 46.07733574471296], [7.574103654276739, 46.07718131852522], [7.574397867181336, 46.07705518967425], [7.574523095706131, 46.076984046107675], [7.574659865913026, 46.076876374905225], [7.574924673660372, 46.07665292971995], [7.575058574830167, 46.076561499049966], [7.575253754535098, 46.07648011400934], [7.575591713373288, 46.07636408535994], [7.5759765422963055, 46.07632100932872], [7.576136807857067, 46.07628026384516], [7.576371772594852, 46.07618896302146], [7.576639743598623, 46.07606490497889], [7.576866809671757, 46.07592263456906], [7.577169553970433, 46.07570927794557], [7.577425685721111, 46.075520330432525], [7.577719572023752, 46.075270473173376], [7.577964059420681, 46.07509370094377], [7.57829596980555, 46.0748904561678], [7.578558073382904, 46.074760312097816], [7.578833797875447, 46.07467503931874], [7.578880071455707, 46.074528939543576], [7.5789731793155894, 46.074445662456725], [7.579331476485558, 46.07430322875935], [7.579538309500284, 46.074223869144475], [7.579791685679133, 46.074103883687755], [7.580132321333591, 46.07390062372275], [7.580929887128314, 46.07336005963248], [7.5816094599564225, 46.073430210289835], [7.582230672158678, 46.07348214579544], [7.582652932330857, 46.07344000454072], [7.582932938773997, 46.07346602154366], [7.583277027255945, 46.0734676052313], [7.583495499528439, 46.073390253358085], [7.583932256182392, 46.073154394647354], [7.584118682423694, 46.07308519774758], [7.5843198142879, 46.073054508115966], [7.584827125699871, 46.07303560311765], [7.585033998671982, 46.07298664403453], [7.5854242077821805, 46.07279142601879], [7.586099916107182, 46.07243036588323], [7.586712538710525, 46.07185978639519], [7.587399613762065, 46.07123919157337], [7.588114332429931, 46.070656886810895], [7.589041793196386, 46.06974975446738], [7.589256651806925, 46.069404501355], [7.589499268041121, 46.06913904663012], [7.5896501413961985, 46.06890885769032], [7.5898510946552324, 46.06851249953383], [7.589948133268835, 46.06835038128755], [7.590103895318944, 46.068225596192235], [7.590341959822328, 46.06797613245434], [7.5903503311957286, 46.06768543874929], [7.590330967648721, 46.06732449903869], [7.590353564536115, 46.06718711459483], [7.590417677737847, 46.06713592479802], [7.590651549562197, 46.067033382750125], [7.59071100797249, 46.06695344954528], [7.59070582344985, 46.0667330493935], [7.590622293007434, 46.066416926552854], [7.590502282363517, 46.06620390509236], [7.5904144716132835, 46.065993207611704], [7.590418892588179, 46.06593251032141], [7.590496796998095, 46.06587810833278], [7.590615888494736, 46.0657821101475], [7.590670771227494, 46.06570218357756], [7.590693416269989, 46.06558714479786], [7.5907202646605745, 46.065337959635976], [7.590714785351187, 46.06501534534134], [7.590718691428564, 46.06476937547421], [7.590763872502476, 46.06450099285119], [7.5908241589727785, 46.06437416188188], [7.59097526412944, 46.06423021779879], [7.591217779056667, 46.06393601511383], [7.59130921170005, 46.06379853021644], [7.591432338291101, 46.063501296949426], [7.591514515626599, 46.063335084863745], [7.591633368206629, 46.06315603915968], [7.591793613193214, 46.062996108311495], [7.591912615853448, 46.06286178911298], [7.591921550874945, 46.0627755382593], [7.5917460469251, 46.062465850581496], [7.5922827638175425, 46.06224654738244], [7.593035193075481, 46.06207622344698], [7.594173079332557, 46.06184787159536], [7.595061590016721, 46.06166662806838], [7.59548863375957, 46.061701155804315], [7.595805435496053, 46.06170710337315], [7.5961266435275245, 46.061658765595126], [7.59650747385643, 46.06158795462571], [7.596846945753807, 46.06150123331377], [7.597310155068621, 46.061337677578074], [7.597621481442466, 46.061046559970954], [7.597969482855018, 46.06073621706205], [7.598363216278729, 46.060374713568834], [7.5986029077630795, 46.060097510607015], [7.598712555979594, 46.05991847976763], [7.59877634334283, 46.05975227833748], [7.598839530081222, 46.05938484808719], [7.598870615338045, 46.05902066523375], [7.598906510670124, 46.05873310793479], [7.598997014352709, 46.058292170672914], [7.599147946260221, 46.057938494949944], [7.599261859569583, 46.05764765937216], [7.599394121302634, 46.057356773067234], [7.599499177978716, 46.05717456349311], [7.599741826813956, 46.05696019891825], [7.600007534326225, 46.05677135626159], [7.600351265062231, 46.05658559469858], [7.600663029054644, 46.056457376916185], [7.601063353443934, 46.05632116974325], [7.601411987290353, 46.05624400149831], [7.602251534163942, 46.05607668998727], [7.602664489610166, 46.0560186034334], [7.603164671867921, 46.05596037106665], [7.603848418115895, 46.05588909645864], [7.605355982415517, 46.05574262639394], [7.605892825715395, 46.055661975714614], [7.606461700174791, 46.05555253444275], [7.606989203803379, 46.055427176248], [7.607475277604362, 46.05526674152363], [7.607933738027795, 46.05508079206832], [7.608401284056384, 46.054862903415746], [7.608837110650463, 46.054599537839174], [7.608879726997068, 46.05454666229217], [7.608934727583207, 46.05449203981538], [7.609046157641393, 46.0544062884261], [7.609069436418972, 46.05436330057913], [7.609146209336501, 46.05430519971988], [7.609223139975095, 46.05426464877022], [7.609269580041551, 46.05422853431818], [7.609296009689045, 46.05418898795548], [7.609345991786377, 46.054132798928684], [7.609385134669996, 46.054118329920094], [7.609474706053949, 46.05402947245868], [7.609536219532343, 46.05393814745019], [7.609622569028113, 46.05383550459518], [7.609674488240438, 46.05378746267276], [7.609757829702804, 46.05374374485849], [7.609857522260877, 46.053660997417104], [7.60991115980502, 46.053621408286], [7.609965271663036, 46.053593053842356], [7.610044549267409, 46.05357210062598], [7.61028611193032, 46.053483247057294], [7.610369194030147, 46.0534435864341], [7.610406585696274, 46.05340668413909], [7.610453228930131, 46.05338239758452], [7.610598207328598, 46.053333233880274], [7.610604337863002, 46.05332292464607], [7.610674351528884, 46.053289840710015], [7.610689484649569, 46.05327451641906], [7.610692946355488, 46.0532536146596], [7.610709676118416, 46.05321988389523], [7.610771900603194, 46.05316638453581], [7.610802651188211, 46.053104862516406], [7.610847884380728, 46.05302645268299], [7.61085173507984, 46.053009914035876], [7.6109247430412, 46.05296746230218], [7.610947608507088, 46.05294573118178], [7.610949635997821, 46.052912660009014], [7.610957606655905, 46.052899847886145], [7.61096525277468, 46.052865986720775], [7.6109521362220605, 46.052803469590714], [7.610941147100712, 46.05278040471081], [7.61094832116903, 46.05275684347775], [7.610969881271641, 46.0527310566869], [7.610996161457776, 46.052706648002356], [7.610990200113608, 46.05268436638281], [7.611020890080189, 46.05266121057208], [7.6110318904459, 46.05264245593229], [7.611038070832295, 46.05261484950026], [7.611054796020982, 46.05258002033126], [7.611096094271725, 46.052532658992284], [7.611138956098299, 46.05250588625397], [7.611186915397887, 46.05248549245821], [7.611228752984514, 46.052453566566804], [7.611264178385604, 46.05241216031928], [7.6112822889565095, 46.052386531481105], [7.611355754400589, 46.05230930167291], [7.611413296852863, 46.05225910039068], [7.611461627392261, 46.05222123691647], [7.6115160741279855, 46.052172596931264], [7.611540001763685, 46.05213967342403], [7.611548886656576, 46.052113708256805], [7.611523429531789, 46.05208754300671], [7.6114898503310195, 46.05206698499643], [7.611444481580013, 46.05199506262269], [7.611402753709384, 46.05194677549909], [7.611382190952725, 46.051928015245466], [7.6113739170705745, 46.05192629198923], [7.611354049703126, 46.05190268215117], [7.611333312571457, 46.051881871181585], [7.611319741725036, 46.051872041796614], [7.611303299207778, 46.05185289741836], [7.611296419685816, 46.05185086615916], [7.6112649065434725, 46.05182560098697], [7.611214673807899, 46.05179250212114], [7.61117009239474, 46.051736545626525], [7.6111563946462395, 46.051727418094636], [7.611114714679864, 46.05168186554312], [7.611096784515752, 46.05165377321691], [7.611087908446115, 46.05162907590386], [7.611088242304877, 46.051607926712826], [7.611096588057238, 46.051591389149145], [7.611093283122507, 46.051583954937314], [7.611081765231721, 46.051573654740956], [7.611100976771539, 46.05155316936085], [7.611105603265594, 46.05153307508936], [7.611104649837491, 46.051517532046965], [7.6111006713894955, 46.051505492981306], [7.611087033359089, 46.0514905816282], [7.611082274404385, 46.05147679880953], [7.611087936751589, 46.051453661109285], [7.611089656388416, 46.05142129224988], [7.611094615859167, 46.05140437290519], [7.6111046543679715, 46.0513879048505], [7.611112486537611, 46.051355824357046], [7.611098483735063, 46.05133561606082], [7.611086383317555, 46.05130857577086], [7.611072772223276, 46.051261450074755], [7.611063038234239, 46.05119399821495], [7.6110514273206995, 46.051170582420006], [7.61105109853588, 46.051156414942035], [7.6110662673591625, 46.05114858372509], [7.611069370459207, 46.05114113964955], [7.611061904906707, 46.05112948363532], [7.611030921206646, 46.05110824691765], [7.611025899673957, 46.05109727092798], [7.611027741757015, 46.05108732805953], [7.611033746874902, 46.05107829648255], [7.611048775605755, 46.051071140045266], [7.61105144237066, 46.051064623196304], [7.611042171693331, 46.05102119786221], [7.611036755362681, 46.051016132590945], [7.61101837103658, 46.05101214833714], [7.611003743363869, 46.0510032283677], [7.61098779758724, 46.0509981790431], [7.610977634324146, 46.05099136690006], [7.610971406575218, 46.05098297456513], [7.610968378200313, 46.050960787101204], [7.6109791124562465, 46.050923375579146], [7.610973194585824, 46.050906823322954], [7.610945994514261, 46.05088905319159], [7.610925525109682, 46.050879359847286], [7.61089701311914, 46.05087586729714], [7.610872676327763, 46.05085255104083], [7.610862789756806, 46.050839225645916], [7.610857981236008, 46.05082611740648], [7.610845653828869, 46.05081311945379], [7.610823438565368, 46.050798733134656], [7.610780059566942, 46.05077978203516], [7.610729552588387, 46.050745468495805], [7.610707620304493, 46.050718290167474], [7.610694079174919, 46.05068478472884], [7.610691169022015, 46.050663190727136], [7.610679434939402, 46.05064987693873], [7.610610133038775, 46.050604032794006], [7.6105957714011865, 46.05058904123557], [7.610554660676712, 46.05056813499855], [7.610533944261263, 46.0505495995354], [7.61051851790778, 46.050524866576914], [7.610496463426518, 46.050499919046885], [7.610416899724517, 46.05039087880647], [7.610397929093032, 46.05037696436881], [7.610384612400569, 46.05036981483763], [7.610340346266611, 46.05036456469231], [7.610307507711312, 46.050328245540186], [7.610262640866337, 46.0503126515057], [7.61024755527495, 46.050301663695016], [7.610222602525203, 46.05026290326462], [7.610157458568077, 46.050257684298174], [7.610102017637731, 46.05024840304623], [7.61002514096845, 46.05022181071594], [7.609977012072245, 46.050195804872985], [7.609931751176022, 46.050190403556314], [7.609910770304095, 46.05018232079211], [7.609887725735708, 46.050162835121775], [7.6098740620213015, 46.05013959336744], [7.6098437053319525, 46.05012853820652], [7.609826564619668, 46.050113010921116], [7.6097998560572, 46.05010348854957], [7.609772784094437, 46.050080968348205], [7.609758089281549, 46.05005851962342], [7.609736290303696, 46.050003409856906], [7.609713966923945, 46.049966651352406], [7.609698632558245, 46.049933715193454], [7.60967500642775, 46.04990582851638], [7.609661791026171, 46.04988547349779], [7.609640799910971, 46.0498698705986], [7.609604839724328, 46.049855774144255], [7.609582237416106, 46.049841262493146], [7.609553203216346, 46.04980670024202], [7.609543880571984, 46.049787589851455], [7.609536369510415, 46.04976107355473], [7.609500572477846, 46.0497162575621], [7.609473202793796, 46.04966434961133], [7.609453801394951, 46.04961974321172], [7.609439556598113, 46.049604831961304], [7.609432252558433, 46.04959092672685], [7.609426203599939, 46.049565127754], [7.609410100723577, 46.04953434221394], [7.609370018528685, 46.04947413230187], [7.609364736101781, 46.049445534624134], [7.6093394294173455, 46.049412901297565], [7.609310636611596, 46.04939342448213], [7.609308294927328, 46.04935905645176], [7.60928675848113, 46.049329916461616], [7.609279782666525, 46.04932597776919], [7.609224506649292, 46.04926120307999], [7.60919369456963, 46.0492363496852], [7.609108120184659, 46.04917885298164], [7.609086067703241, 46.04915827718716], [7.609074979000343, 46.04911956802565], [7.609077906306465, 46.04910113214024], [7.609040594323881, 46.0490925515971], [7.609013998790153, 46.04909002766997], [7.608988601686055, 46.04908235651444], [7.608983872046949, 46.04907778494659], [7.608980988249439, 46.04906853296074], [7.608958752861784, 46.0490472558248], [7.608919569527294, 46.04902243291058], [7.608901300651845, 46.048997030099834], [7.608880759851611, 46.0489514087255], [7.608856251385177, 46.04891785600191], [7.608810176547745, 46.048895444772555], [7.608797193392275, 46.04888729626808], [7.608787509095587, 46.04887642618074], [7.608740276792724, 46.04888069733343], [7.608700047421563, 46.04888090160412], [7.608670963170812, 46.0488632057497], [7.60866399461425, 46.04884067350362], [7.608651638286046, 46.04882210749026], [7.608617002129365, 46.04880123573999], [7.60856906025105, 46.04875145431612], [7.608526900694829, 46.04869156221379], [7.6084788011803886, 46.048632533598344], [7.608465650662864, 46.048595231194795], [7.608470871749647, 46.04857904075565], [7.608483515005693, 46.04856494438329], [7.6084954682332935, 46.048557532493824], [7.608515812608603, 46.04855230289263], [7.608498492971386, 46.04851623897938], [7.608371654466142, 46.04840375021013], [7.6083269149678, 46.048353343000784], [7.608319305824548, 46.048340832695054], [7.608313760199084, 46.048285321084876], [7.608285698587709, 46.04825161087261], [7.608241356155489, 46.0482165232858], [7.608210007077832, 46.04819728379255], [7.608183717205195, 46.04818488190506], [7.608142630836602, 46.04817109871569], [7.608099676746289, 46.04814238566364], [7.608068867615345, 46.048118089788105], [7.608039185500759, 46.04808234944454], [7.607999126466041, 46.04805387537235], [7.607936407557838, 46.04804642105422], [7.60791768594599, 46.0480415643232], [7.6079014481516145, 46.04803356465879], [7.607870044046853, 46.04799216044865], [7.607836728762243, 46.04797206899263], [7.607777176624519, 46.04796087689607], [7.607746495229533, 46.04794451438929], [7.60772427494465, 46.047923623865074], [7.607701788524426, 46.0478959782539], [7.60767442815318, 46.0478546305905], [7.607659187193178, 46.04783887533018], [7.607618749909446, 46.04774585118707], [7.607598984136585, 46.047737407078436], [7.607594850662461, 46.04772917342165], [7.607597758069806, 46.04772100116698], [7.607579288104229, 46.04771386831366], [7.607568231895994, 46.04770619371591], [7.607560597354045, 46.04768108095747], [7.607521063217243, 46.04765524097711], [7.607494124622751, 46.047641751624404], [7.607471796428136, 46.04760251037536], [7.607470588545983, 46.04758781354001], [7.607475739771788, 46.04757831563367], [7.607487969464082, 46.047568348960056], [7.60749056528407, 46.04755963758734], [7.607485533042382, 46.04753638283763], [7.60741992931636, 46.0475398985845], [7.607395751663002, 46.04753776652466], [7.607377801327454, 46.04753156829312], [7.607347533995274, 46.04751100453978], [7.607319627809504, 46.047476898847705], [7.607300137087214, 46.04746550345144], [7.60720295258805, 46.047445686245986], [7.607175391890563, 46.04744405402178], [7.607090425583042, 46.047423264998265], [7.607049480290286, 46.04740877990102], [7.607038259993472, 46.04740234675959], [7.607032685694306, 46.047396049283414], [7.606996849327171, 46.047379227056794], [7.606960694656125, 46.047351286824785], [7.606955238032338, 46.0473328002824], [7.606927926486622, 46.04731548850544], [7.606904483412679, 46.047308452965524], [7.606886866652365, 46.047292988948755], [7.606866610175773, 46.04728454534832], [7.606798937078323, 46.04727880726504], [7.606710059768427, 46.04724596221171], [7.606693599359876, 46.04723261941368], [7.606624877794036, 46.04722189951342], [7.606619837822131, 46.04720862087166], [7.606589678754562, 46.047193652274764], [7.606559257070595, 46.04717308877718], [7.60653058250516, 46.04716208448864], [7.606445313093727, 46.04714331054552], [7.606420237765007, 46.04713486460815], [7.606343866241655, 46.04711911856432], [7.606336109148468, 46.04709594900245], [7.606337911732571, 46.04706842081832], [7.606332518261466, 46.047053577469974], [7.606299292603063, 46.047028502379376], [7.606270789932402, 46.04699735778163], [7.606264992884286, 46.046977225807886], [7.606264383158451, 46.046938106093855], [7.606268729464888, 46.04691874159769], [7.606208908256093, 46.046882281183635], [7.606179080909864, 46.04685744370472], [7.606157114205082, 46.0468430833279], [7.606141405254488, 46.046826150084634], [7.606138263776922, 46.04680838894406], [7.606151501858431, 46.04676503760205], [7.606178365151489, 46.04674572048358], [7.606252457012484, 46.04670944698319], [7.606278925786212, 46.04665773964991], [7.606298561792413, 46.046569139817464], [7.6063062331246565, 46.04655979170919], [7.606312261872223, 46.04650357835044], [7.606304391869237, 46.04646090446544], [7.606308831628671, 46.046438113339256], [7.606288537981466, 46.046417587870486], [7.606277923053738, 46.04640204119199], [7.60626957607987, 46.04637169449776], [7.606242422895405, 46.046317445720376], [7.606244180756922, 46.046309284244536], [7.606269796937833, 46.04630049359073], [7.606292759274033, 46.04628154148921], [7.606312645710621, 46.04621988326111], [7.606306770652894, 46.04615748969999], [7.606297215994611, 46.04612966217394], [7.606298180623249, 46.04609882354637], [7.606316369935764, 46.046006240399876], [7.606314920980243, 46.04599292000039], [7.6062902664070515, 46.0459614175976], [7.606286970225936, 46.045948117960606], [7.6062903804681, 46.04592694632713], [7.60631649348856, 46.04589902147908], [7.606316357740201, 46.045892661789175], [7.606308528264709, 46.04588393856237], [7.606318873326148, 46.04584928155466], [7.606313590643932, 46.04583694734501], [7.606314383366824, 46.04577509294542], [7.6063110302050685, 46.04572618036325], [7.606304567562087, 46.045708189667565], [7.606304194758034, 46.04568340763092], [7.606334184486365, 46.045643198331135], [7.606325655717308, 46.045612626596615], [7.606323859577222, 46.045574281911], [7.606312902701726, 46.04553555432654], [7.606309881291618, 46.04547663003365], [7.606326139571453, 46.045432258865304], [7.606333619518937, 46.045402769468424], [7.60636109074541, 46.04535012308156], [7.606363973272366, 46.04531282279511], [7.606359196945893, 46.04517925331888], [7.606344141903572, 46.04514381479516], [7.606348504241501, 46.04512989201428], [7.606362880119827, 46.04510817323049], [7.606376832890685, 46.04507489556064], [7.60639536358969, 46.04505161436771], [7.606405092583057, 46.04503110783552], [7.606405235243267, 46.045022885550885], [7.606393616913938, 46.04501286362164], [7.60639528771617, 46.04500586254775], [7.606410253836049, 46.04498704855596], [7.606429649935821, 46.04497217694548], [7.6064400910567915, 46.044960629011435], [7.606462659362553, 46.04491018420506], [7.606500053474135, 46.04486264980167], [7.606517113250181, 46.04484839338403], [7.606507454562802, 46.0448286623278], [7.606504509742821, 46.04480358683195], [7.606509410381068, 46.04477563919246], [7.606524266853424, 46.04474639041242], [7.606541669189015, 46.044717506547876], [7.60659045541755, 46.044656848765], [7.6066394403707855, 46.04461888655707], [7.606665125537713, 46.0445865900825], [7.606713611449261, 46.044470357579165], [7.606723169974941, 46.04442805497434], [7.606748047257896, 46.044368323004754], [7.606813690582119, 46.04434125642428], [7.606834511230026, 46.04432341423355], [7.606837559638451, 46.044302297117675], [7.606830301071371, 46.04428589998342], [7.606810195004061, 46.0442714020543], [7.6067676226368945, 46.04424784295571], [7.606745444626161, 46.044227473980165], [7.60673016018433, 46.04420561043886], [7.6067249067283775, 46.044160685228654], [7.606732403375175, 46.0440694679358], [7.606757216608622, 46.04395502586637], [7.60676088510529, 46.043925461132076], [7.606778605630546, 46.043886592238046], [7.606792270865128, 46.04378911422077], [7.606785978682342, 46.04375082053811], [7.606795436934416, 46.04370948098049], [7.606813050514803, 46.04359791909915], [7.6068138803791445, 46.04348519488065], [7.606809486316377, 46.043463459262966], [7.60680926308882, 46.04344119572456], [7.606815462134356, 46.04340696769002], [7.606853700899375, 46.04334446409366], [7.6068590575102215, 46.043317802402726], [7.606859056426261, 46.04327952649672], [7.606865422642339, 46.04323668035241], [7.606880751729087, 46.043210039766485], [7.606922054234329, 46.04316944448254], [7.60693062730867, 46.04313861293158], [7.606923787121091, 46.04304392667048], [7.606927577666047, 46.04298688916987], [7.606935905469116, 46.04294352707601], [7.606948016862181, 46.042908138520744], [7.6069703367810115, 46.04287390429418], [7.607049450077973, 46.04279589413163], [7.607069945130647, 46.042768984917004], [7.607080847944069, 46.04273126834512], [7.607097784837145, 46.04271508711464], [7.607137655344547, 46.04268792404977], [7.607143064826638, 46.042678542658095], [7.6071472529104485, 46.042658431402536], [7.607168097902253, 46.04263197127871], [7.607205807652383, 46.04260365114658], [7.6072106690860135, 46.04259247150819], [7.607212820635467, 46.04253598538407], [7.607210005677464, 46.042485911419234], [7.607218315802241, 46.042441038318486], [7.607232837294399, 46.042412338932984], [7.6072617816784645, 46.04231446050726], [7.607303630476096, 46.0422711209415], [7.607313749836738, 46.04224331873883], [7.6073154986744935, 46.042223921830725], [7.607311650892784, 46.04220344476344], [7.607296545665422, 46.042172504684686], [7.607298155660209, 46.04215408878732], [7.607309899672421, 46.04213380415539], [7.607331804891242, 46.04206576507448], [7.607333836775646, 46.04202935660157], [7.607322993317312, 46.04199401983465], [7.607322609753188, 46.041970155081316], [7.607343348578828, 46.04187143425569], [7.607341266658023, 46.04185385134706], [7.607323421233444, 46.04181804908728], [7.6073228862580855, 46.041795273333214], [7.60730920219616, 46.04176440301993], [7.607308415523749, 46.04175641618133], [7.6073150888163905, 46.041746376296345], [7.607381301133802, 46.041678469528684], [7.607430826825907, 46.04163671927967], [7.607459968757171, 46.04157405736161], [7.6074850551859905, 46.04155345594467], [7.607498090326394, 46.041533025496314], [7.607563886196159, 46.04148949688408], [7.607601962778135, 46.041475730910264], [7.6076339811436915, 46.04147037570649], [7.607658559453689, 46.041448425585], [7.6077006466246155, 46.04144093229404], [7.6077256909901045, 46.041427590650954], [7.607747209725532, 46.0413977474902], [7.607770390527333, 46.04137911021534], [7.607801987560362, 46.04135860720372], [7.607840201358218, 46.04134330273862], [7.6078905032731665, 46.0413397643554], [7.607921515285618, 46.04132222184551], [7.607979138917167, 46.04129707394088], [7.608002664474383, 46.041281395493286], [7.608042627369399, 46.0412636774343], [7.608097925703735, 46.041225885540804], [7.60814346564897, 46.04119041102776], [7.608170725423032, 46.041166756978754], [7.608201822822405, 46.041130944309195], [7.608257617292306, 46.041103271645696], [7.60830317000179, 46.04107195312735], [7.608393016653402, 46.04101995984163], [7.608426741244723, 46.041006694978975], [7.608460811749001, 46.04098414630084], [7.608469996515372, 46.04095092127995], [7.608495300784962, 46.04092569601558], [7.608529494019102, 46.0409010961406], [7.60858218635755, 46.040881218186215], [7.608598830136374, 46.04084987112856], [7.608709058206836, 46.04074737361903], [7.608738300984239, 46.04072596556916], [7.608741712272683, 46.04071799049277], [7.608739212657354, 46.040690872722244], [7.608750547682581, 46.04067219006761], [7.608775299828365, 46.040652272958106], [7.608817260789386, 46.04062919969605], [7.608852902484328, 46.040613557232284], [7.608916851758897, 46.04055822925911], [7.608998291147193, 46.04047790420135], [7.609154247325273, 46.04033435602263], [7.609231979575047, 46.040266827605755], [7.6092874300315065, 46.040195024641], [7.609424453829839, 46.03989485050602], [7.609578617524759, 46.03959080011488], [7.609736266343227, 46.03930311600578], [7.6098026016867815, 46.03910606199193], [7.609955370634669, 46.03888669505584], [7.610183112233215, 46.03848167913775], [7.610238555262971, 46.03830061816774], [7.610247164831472, 46.03817394305292], [7.610318075309334, 46.03806977773853], [7.610290511265411, 46.037970106314134], [7.610286364923795, 46.037907810943466], [7.610298969587943, 46.037832393564216], [7.6103348702755405, 46.037743123024605], [7.610344219529607, 46.037667692168704], [7.610405785436939, 46.03750408075686], [7.610446970595846, 46.0374194355029], [7.610510545693209, 46.037303515740604], [7.610541131123121, 46.03720783195305], [7.61056365870664, 46.03709647155255], [7.610553132973053, 46.037001443134024], [7.610544347970207, 46.03697974315777], [7.61051589046513, 46.036700806442795], [7.610449067089108, 46.0364364386433], [7.610408545496258, 46.03625648734346], [7.610396931857753, 46.03613368856086], [7.6105194498522515, 46.036061560092705], [7.610623912063466, 46.03601883744043], [7.610901147696891, 46.03594548556119], [7.611050110362954, 46.03589615547442], [7.611057686607235, 46.035873781467146], [7.611043591790991, 46.035818994260765], [7.611056301965408, 46.035778027898175], [7.611079804358871, 46.03573941992267], [7.611118746295452, 46.0356939707175], [7.611183108916636, 46.03563289314263], [7.611189882818643, 46.03559765707264], [7.611316373971226, 46.03547557800245], [7.6114299346299035, 46.03541897794684], [7.611436244596914, 46.035396614419], [7.611434440350427, 46.03538144186886], [7.611440976513261, 46.03537346191679], [7.611452547511052, 46.035319346434754], [7.611438544520722, 46.035294126059554], [7.6114661156418695, 46.03523065914208], [7.611437977846364, 46.0351916429741], [7.611431207475702, 46.035162058434715], [7.611446142324935, 46.03512187269566], [7.611442325560885, 46.03509918320556], [7.611457116411949, 46.03507120256377], [7.6114460498322165, 46.035051474071714], [7.611432581277294, 46.03504001629212], [7.611430114431335, 46.03502358545262], [7.611444772476909, 46.03492018845388], [7.611483704466579, 46.03476864001055], [7.611476172043194, 46.034747359012115], [7.611485254025471, 46.03468667899454], [7.611497171292448, 46.03468543739329], [7.611510256945758, 46.03467375039484], [7.611524985192863, 46.034638231661745], [7.611579530177865, 46.034614256413214], [7.611669826547578, 46.03455758259933], [7.611704772014093, 46.034527430667886], [7.611731770651345, 46.03449210016117], [7.611879512281999, 46.03432372310369], [7.611915328332198, 46.03429944368071], [7.611940494023574, 46.034289042575374], [7.611907716208009, 46.03417912315102], [7.611903481682394, 46.0340653088989], [7.611880844809262, 46.033972492027765], [7.611876513367351, 46.033876912361194], [7.6118386006410494, 46.03376896035724], [7.6118262391434355, 46.03348285609142], [7.61183175042871, 46.033395851858465], [7.611864264114981, 46.03323021159157], [7.611839086439155, 46.03319988088449], [7.611676129339712, 46.033072193634574], [7.611621133006684, 46.03300183304212], [7.611584644117291, 46.03291909328218], [7.611565141291944, 46.03278799446021], [7.61157239130019, 46.03258495315792], [7.6115906114631855, 46.032530709265146], [7.611585243785414, 46.03251596464937], [7.611597305634634, 46.032462440796685], [7.611616773954643, 46.03243541546274], [7.61158810539897, 46.03232608165762], [7.61159403230646, 46.03227670464594], [7.611569346760393, 46.032218108538075], [7.611550536837694, 46.03210574723279], [7.611513097264742, 46.03202441208319], [7.611501126112828, 46.03194280502219], [7.611425884771665, 46.03182084875084], [7.611402834866182, 46.03174832526521], [7.61136180806771, 46.03168017385923], [7.611335157615149, 46.031649377529845], [7.611242403853924, 46.03158435495126], [7.611212795158865, 46.031537037683464], [7.611198446713613, 46.03145905941115], [7.611228048029673, 46.031422168794634], [7.611208041340155, 46.03138893358104], [7.611202183389886, 46.03131663703791], [7.611142424630426, 46.03124224519904], [7.611122309349027, 46.03118678212164], [7.611097785899714, 46.03103604302548], [7.611100212084587, 46.03100663330851], [7.611115768219285, 46.03097999192855], [7.611106275140632, 46.03091855642969], [7.6110731873067445, 46.03084893554721], [7.6110680726790045, 46.03079132693622], [7.611041132957964, 46.0306971571978], [7.611015754248691, 46.0306719550536], [7.610997178941195, 46.03060537882186], [7.610943031692775, 46.030532938518704], [7.610942285589679, 46.03050106820781], [7.610975990859853, 46.03047553337898], [7.610958943427648, 46.030438632308346], [7.610919102936891, 46.03040664001867], [7.610833187563465, 46.030298075545296], [7.610788406912532, 46.030255288518525], [7.610791223282181, 46.030230852634936], [7.610820853752938, 46.03020757197261], [7.6107605313945434, 46.030150685618864], [7.610742132031005, 46.03006537367599], [7.610746528400959, 46.02996862792605], [7.610681317868464, 46.02988918738925], [7.610636995779046, 46.02977794524063], [7.610581331364022, 46.02972368716132], [7.610547400342291, 46.02966514846238], [7.6104937786241935, 46.029624100837246], [7.610417404614624, 46.029588331274596], [7.6103795402802525, 46.02950259616547], [7.610335258617991, 46.02947046751109], [7.610234282530483, 46.02942618994248], [7.610224176861693, 46.029378681920164], [7.610246037269938, 46.029331872899064], [7.610241412777492, 46.029273688028134], [7.61023158020771, 46.02925981380433], [7.610180647565046, 46.02923165340354], [7.610162852983989, 46.029207392280824], [7.610156802163478, 46.02913924188318], [7.610169782721939, 46.02905329595685], [7.610156337671767, 46.02894984017081], [7.6101662403897645, 46.02884992980719], [7.610152141224322, 46.02878074870289], [7.610151142781414, 46.02865532659167], [7.610153606449212, 46.02863779982803], [7.610190805789185, 46.028598272049415], [7.610097010487274, 46.02851600599155], [7.610034695971907, 46.02832550961273], [7.610008101322069, 46.028270559595505], [7.609977942866354, 46.02811686085306], [7.6099809005193375, 46.02799304163417], [7.609917703417762, 46.027812749297404], [7.609805633931942, 46.02766787372126], [7.609787618810743, 46.02756873355433], [7.609751587627517, 46.02750227467459], [7.609719831835131, 46.02736984507137], [7.6097311264758085, 46.02731449615838], [7.609719723753344, 46.027182439832366], [7.609688720549715, 46.02712961997233], [7.6096635887531, 46.027038083534585], [7.609660355309773, 46.02685026137322], [7.609691886411137, 46.02660865697458], [7.609692739476649, 46.02650539603771], [7.6097167526611305, 46.02642455346785], [7.609700867109532, 46.02624994812157], [7.609716521154263, 46.02618862922906], [7.609773262680826, 46.02606387532278], [7.609736221958898, 46.02605014983545], [7.609632066630427, 46.02604012269473], [7.609482702715435, 46.025964469242155], [7.609384450799144, 46.02586761817394], [7.609372829049394, 46.02584702700528], [7.609373083052411, 46.02581246583886], [7.609332809104258, 46.02574732662831], [7.609350962561313, 46.02567565058339], [7.60932498822031, 46.02566983370946], [7.609324126493085, 46.02564180536012], [7.609345968879671, 46.025614560917184], [7.609366900587707, 46.02553084548362], [7.609405124131703, 46.02553081428136], [7.609410756149301, 46.0254855590432], [7.609399805981551, 46.02546906005683], [7.609456095059123, 46.02533980109161], [7.609449487967056, 46.02529134390864], [7.609432596605518, 46.02525366988103], [7.609437372359968, 46.02517420507835], [7.609413945608188, 46.02513209668944], [7.609429406432865, 46.02510826244159], [7.609437943496591, 46.025029710361224], [7.609503045040627, 46.024881772000384], [7.609450401736102, 46.024833518343534], [7.609260117912101, 46.02473234418053], [7.609205508718602, 46.02454181120826], [7.609228045983901, 46.02434731406836], [7.60926574126821, 46.024252524631066], [7.609222125512941, 46.02423759473502], [7.608866374609057, 46.02416145181806], [7.608786056518606, 46.0241287840395], [7.608635699395594, 46.024084266393096], [7.608319124802631, 46.0240063017652], [7.60809498475749, 46.02396636592129], [7.608054608173878, 46.02392545191405], [7.608038428946584, 46.02385906142288], [7.607975696227048, 46.02373360383761], [7.607943865892811, 46.02362514686638], [7.607903445650519, 46.02341973917801], [7.607770652377713, 46.023120249531566], [7.60772411608281, 46.02306657931444], [7.60769356537441, 46.022975085572945], [7.607641065997333, 46.02292638088488], [7.607549858279879, 46.02280390668934], [7.607494367562813, 46.022752381707704], [7.607461658189645, 46.02268506245946], [7.607432168635857, 46.022652677303135], [7.6073878660243, 46.02253593524526], [7.607329768325714, 46.02244293497949], [7.607240215253907, 46.02235415533642], [7.6071486846261225, 46.0222939219804], [7.607138800706077, 46.0222375433688], [7.607082963234233, 46.02216920722407], [7.6071031327356415, 46.02211043587328], [7.607103845212658, 46.02206515946964], [7.607022611567734, 46.021972823892945], [7.607008158688092, 46.02193385857532], [7.606972090683613, 46.02168554254118], [7.606944154059285, 46.02159097752919], [7.60685692558394, 46.02139612897044], [7.606627202066739, 46.02099656629876], [7.606474744444607, 46.020810657802706], [7.606241094587072, 46.02058224020597], [7.605794886640211, 46.02017225638334], [7.60571367443764, 46.019996180977536], [7.605532444519566, 46.01920345274765], [7.605505993862543, 46.01901397603485], [7.6054831869472865, 46.018702056430456], [7.605441106165611, 46.018531636550264], [7.605437228644593, 46.01837739641629], [7.605417712760759, 46.01829060885296], [7.605383876765493, 46.01822461349814], [7.60527237003272, 46.01810133179808], [7.60525717305362, 46.01791807256958], [7.6051844573639205, 46.017795293754254], [7.605119296011262, 46.01773656979446], [7.605133404902748, 46.01770986832739], [7.605168121272617, 46.0176789540531], [7.605164205754684, 46.01765228836105], [7.605213769006921, 46.0174933459708], [7.605218800421216, 46.017441029397816], [7.605210301946164, 46.01738061012171], [7.605158951579036, 46.0173036663823], [7.6050646980765135, 46.01720172449725], [7.6050475737472345, 46.01717490741582], [7.605034559899889, 46.01710689437902], [7.605013223649741, 46.01706208361239], [7.604970266679866, 46.017006429269706], [7.605020223947602, 46.01687969854233], [7.605028470822721, 46.01681905615667], [7.6050251427702, 46.01677334549338], [7.605008644248808, 46.01673597470295], [7.605019524050289, 46.01670043535456], [7.60501190714862, 46.01661178494299], [7.605044768947041, 46.01645946887135], [7.605037636819647, 46.016440777692345], [7.604945309008558, 46.01633103126252], [7.604949455365931, 46.01631041613383], [7.6049274988753615, 46.01628258889134], [7.604910752908558, 46.016282613457264], [7.604905479074233, 46.01622115423277], [7.604935286771327, 46.01616012047016], [7.604935557597641, 46.016134482779535], [7.604919410661391, 46.01611494995088], [7.604937345457227, 46.016068479560914], [7.604972425737455, 46.01606008906212], [7.60498488451227, 46.01601312287235], [7.604932490553337, 46.01595379235802], [7.604876684051189, 46.015851670689116], [7.604867845466082, 46.01566329380226], [7.604827806960676, 46.01564182582288], [7.604805660147, 46.01564479959897], [7.6047656018369585, 46.0156254360772], [7.604736522946114, 46.015565144442434], [7.604741967612935, 46.015529891524295], [7.604731610201477, 46.01551631414416], [7.604489653417268, 46.015384368194965], [7.604451536623821, 46.0153535599361], [7.604418416717795, 46.015310042572246], [7.604373913067106, 46.015199641322305], [7.604369433739862, 46.01514004375004], [7.604379064105381, 46.01508843996864], [7.6044457652182755, 46.01502931437358], [7.604458501650552, 46.015014282117214], [7.6044569762645295, 46.01500092570387], [7.604431933229428, 46.01498547141128], [7.604391054863201, 46.01498486537172], [7.604360768274609, 46.01499433690962], [7.604332154445939, 46.015014672893194], [7.604299715486023, 46.01501684324147], [7.60426750144003, 46.01499092009792], [7.604231559235382, 46.01493188959177], [7.60420752529933, 46.01491694702491], [7.604098522957281, 46.01489746870906], [7.604049088787066, 46.014876824046056], [7.603889272693434, 46.01479004336737], [7.603670624662717, 46.014652604955856], [7.603627939518748, 46.01462191205266], [7.603617825468804, 46.01459877267011], [7.603621084041043, 46.01458312526589], [7.603694296072493, 46.014568104652234], [7.603771249006049, 46.014530482121955], [7.603808416203494, 46.014469043596165], [7.603858093998988, 46.01446351125395], [7.60400783849992, 46.014387272938094], [7.604101036096963, 46.01436541547898], [7.604127300428564, 46.01434958058362], [7.604295986238504, 46.01418105901406], [7.60432597967125, 46.01409983257728], [7.60436294608987, 46.014079349698676], [7.604388795453044, 46.01404988820208], [7.604435323290791, 46.01390298019643], [7.6044698917586295, 46.013862243280315], [7.604277214743756, 46.013619279053366], [7.604258721533691, 46.01357899766241], [7.604269161019258, 46.0135343919989], [7.604219796291021, 46.01351485424345], [7.604153315989567, 46.01346247160034], [7.604067917971111, 46.01330605664905], [7.604037650249673, 46.01321857500312], [7.6040356506692275, 46.013154826856216], [7.6040512909920075, 46.01312665722306], [7.604092537038932, 46.0131041710608], [7.604050278261501, 46.01306899786364], [7.604071481944013, 46.01301048729743], [7.604057649544689, 46.01297880729388], [7.604027762464037, 46.01296196639556], [7.603989228120372, 46.012954655232875], [7.603879650999126, 46.01295314125527], [7.603827493281021, 46.01293628788192], [7.60380509281641, 46.01291887842237], [7.603750152427199, 46.01285676385455], [7.603736999018742, 46.01282309543822], [7.603499596454921, 46.01249908331817], [7.603320798272761, 46.01212461693497], [7.603322088888692, 46.01193106714031], [7.602943761818873, 46.011783093373076], [7.602519889817089, 46.0114059435667], [7.60236874904151, 46.011016404084515], [7.602273478988896, 46.01042515161369], [7.6020917876237615, 46.00971034667187], [7.6021433395391975, 46.0094341191955], [7.601949202160179, 46.00908672347679], [7.601934860487767, 46.00899150015609], [7.602033978530879, 46.00889516025925], [7.602118815110903, 46.008741718402696], [7.602168805194251, 46.00868244698894], [7.602203315927315, 46.00850141775426], [7.602163255469192, 46.008418339234765], [7.602158703545482, 46.008389740087374], [7.6021584400455335, 46.00836193547993], [7.602176959945404, 46.00831244283804], [7.602197537935811, 46.00829084207509], [7.602278918437791, 46.00826020308743], [7.602339400509458, 46.00820001683213], [7.602440099792682, 46.008149883692326], [7.6025244854698, 46.00808824149117], [7.602511279258062, 46.00807529813984], [7.602484480520246, 46.00807139681086], [7.602397030460625, 46.0080795201356], [7.602350590984631, 46.008095410258946], [7.602337009982734, 46.008091004027136], [7.602293025193213, 46.007917085455446], [7.602281261178075, 46.00790723436811], [7.602223249726092, 46.00789970783985], [7.6021711971079995, 46.00781239169662], [7.6021368750927065, 46.007783358900085], [7.6020428662023205, 46.00773472964694], [7.601981171708768, 46.007599832840775], [7.601961956472492, 46.00758473911081], [7.601895441846151, 46.00756098817032], [7.601693023064394, 46.00741280040785], [7.601595284275143, 46.007277046200585], [7.6015554068583775, 46.00708966478499], [7.601559507372311, 46.00704459157574], [7.601580679021131, 46.00700563770103], [7.601610470550429, 46.00696118419054], [7.601655187317925, 46.006917509799436], [7.601711824458611, 46.00688432492947], [7.601892894054261, 46.00681260384183], [7.601971921588726, 46.006751176610834], [7.602076685048834, 46.006558099276305], [7.602080123777906, 46.00652938975216], [7.602066311423765, 46.00647309804216], [7.602014850006178, 46.006405940295615], [7.602029719361277, 46.006318518910334], [7.602149835945702, 46.00615755142146], [7.602258514600906, 46.006078944870715], [7.602331275385289, 46.0060419852347], [7.602484196044537, 46.00598628874807], [7.602577217526622, 46.00590398973793], [7.602678935489441, 46.005776980351314], [7.602680771441049, 46.0057649687902], [7.602627484781818, 46.00570923771907], [7.60261800736142, 46.005665236552055], [7.602619710547912, 46.00559148019214], [7.602646466933886, 46.00553823384985], [7.602667971883919, 46.005516190982], [7.602728107499171, 46.00550098271556], [7.602759873977518, 46.005409435244516], [7.602768711567578, 46.005368870999924], [7.602758981992915, 46.00534851924232], [7.602763637640612, 46.005286489006096], [7.602741803318334, 46.005128947467966], [7.602749397692187, 46.00506535701701], [7.602739521803897, 46.005047830161566], [7.602741246246625, 46.005037375050485], [7.602770258446433, 46.005022220632796], [7.602776530582555, 46.00499592632012], [7.602758077762827, 46.00499368669329], [7.602752248321761, 46.0049867867273], [7.60277750337737, 46.00496709499244], [7.6027758114758415, 46.004958191833445], [7.60276307182812, 46.00495421654532], [7.602682169013819, 46.00496152992682], [7.6026445531253914, 46.004952903702005], [7.60260970432711, 46.004928504495766], [7.602548484809609, 46.00482241084305], [7.6025449900360895, 46.00465904077547], [7.6025637926715355, 46.00457502322382], [7.6026035619873, 46.004492126583195], [7.602615981497052, 46.00443201015518], [7.602590009575291, 46.004276094305006], [7.60256892228391, 46.0042648266835], [7.602182891237912, 46.00415933121189], [7.602021329763253, 46.004081224318476], [7.601905490681345, 46.003977090504804], [7.601869615713739, 46.00392397967472], [7.601850864626092, 46.003873326832256], [7.601824098721884, 46.003753438963784], [7.601816270617245, 46.003529500747725], [7.601883830254988, 46.002927809906836], [7.601889322753703, 46.00279946457056], [7.601891550809475, 46.00268469773239], [7.601884015546039, 46.002616190325405], [7.601861707224651, 46.002567359141445], [7.6018504505799225, 46.002501897506995], [7.601849450233749, 46.00240409150501], [7.601868914360534, 46.00233406114784], [7.6019438775635155, 46.002157715374494], [7.601906728520271, 46.001922800184744], [7.601861308341544, 46.00191935774589], [7.601715095687277, 46.00193547184457], [7.6015627269322295, 46.00193461987864], [7.601470220718025, 46.00194530371188], [7.601432653877929, 46.001939492234335], [7.601373023828494, 46.00191509174455], [7.601115703812271, 46.00178890276606], [7.601012803601032, 46.00177217434992], [7.600890217463621, 46.00173749209152], [7.600806827982748, 46.00174486151008], [7.600736661556348, 46.00173225969507], [7.600685455256447, 46.001719028304564], [7.600573435731738, 46.00166541171696], [7.600520743750203, 46.00165619397753], [7.600480662664147, 46.00165993019291], [7.600370127062639, 46.0016888286005], [7.600299483786226, 46.00169380493068], [7.600187037259047, 46.00168304496223], [7.600125304934248, 46.001663216939534], [7.60005775751235, 46.00161041970978], [7.599950560638437, 46.001567511191965], [7.5999235736255955, 46.001542317188594], [7.5998197189640955, 46.001503442636015], [7.599768196839259, 46.00150109620056], [7.599646375242865, 46.0014667630264], [7.59952549986399, 46.001442521354704], [7.599506564156916, 46.00142492613014], [7.599492166458675, 46.001361339673025], [7.59947756652083, 46.00134329752163], [7.59943600302126, 46.001338813705985], [7.599394040883973, 46.00132165565634], [7.599324917544843, 46.001316545447025], [7.599295497194133, 46.00129340548159], [7.599111489209458, 46.00121162693059], [7.5990163592938105, 46.00114550995591], [7.598992454669603, 46.00111915119511], [7.598936852114153, 46.001102885073216], [7.598828292326243, 46.000994356971354], [7.598780201433241, 46.0009822719129], [7.598636655526388, 46.00096927862354], [7.598615292283348, 46.00095561784623], [7.598596497731861, 46.00092864026946], [7.598445297924415, 46.00089340322224], [7.598326874862062, 46.000877557879086], [7.598176533274333, 46.00080882913844], [7.59809477643211, 46.00079103495291], [7.598065839958519, 46.00080959776898], [7.597979258596115, 46.000801606736694], [7.59788530263119, 46.00077899850622], [7.597794330201911, 46.000797180161356], [7.597690474001646, 46.00079678661298], [7.597595404092848, 46.000772731656845], [7.597562194003136, 46.000728431205204], [7.597523932139031, 46.00071819442488], [7.597449358649538, 46.000711723246276], [7.597238075444862, 46.000712577020515], [7.596993817789907, 46.00065221788383], [7.59693251789162, 46.000642831087255], [7.5968351103232745, 46.00064061931602], [7.596596276119837, 46.00065272774638], [7.59656880037991, 46.00066334467251], [7.596548485827178, 46.00071369283022], [7.596478519695693, 46.00072934365482], [7.596428301916221, 46.000731347937936], [7.596365841838156, 46.00071341703116], [7.5962877325340825, 46.00075209856451], [7.596244453008953, 46.00075649489155], [7.596200686392013, 46.00074863982753], [7.596146258299007, 46.000763360286605], [7.5960978948971825, 46.00076384171006], [7.595960815594219, 46.00075469574], [7.5958772536444865, 46.00073289013444], [7.595850823125028, 46.00071631246112], [7.595574574356409, 46.00071637303758], [7.595291426568433, 46.000651295663054], [7.5951670030162015, 46.00065813290464], [7.5950712061770025, 46.000636891685375], [7.59504694990234, 46.000599638973576], [7.595028284546056, 46.000590282367355], [7.594991870253628, 46.00060326802987], [7.594947506895084, 46.00060793474073], [7.594918696283085, 46.00060316182108], [7.594857649257567, 46.0005738746348], [7.594779615937246, 46.00055340944509], [7.594757885271407, 46.00055989846739], [7.59458343935452, 46.000496899205444], [7.594547902573763, 46.00048265381716], [7.59447415503082, 46.00042145052194], [7.5943026394061395, 46.00036711938409], [7.5942415777265415, 46.0003366547415], [7.594125761535023, 46.00031984765414], [7.594011279296077, 46.00027726641053], [7.593936577638454, 46.00028003986886], [7.593875479717724, 46.00026875293215], [7.593750745104342, 46.00023369731041], [7.593704608548112, 46.00021377211667], [7.59369979571105, 46.00019641622683], [7.593570659110531, 46.00016095309091], [7.593450254739422, 46.00010960947415], [7.593298960546729, 46.00009431601454], [7.593249013741081, 46.000082536831705], [7.593062719971235, 46.00001391233729], [7.593031741396244, 45.99999072833093], [7.593116075167556, 45.999855495110246], [7.5926548407527195, 45.999754958705424], [7.592390376547657, 45.99970779403342], [7.592360984588885, 45.99968871856201], [7.591967301744222, 45.999547609810755], [7.591077796694, 45.999447362112036], [7.59052392642711, 45.99933816707824], [7.590232113709811, 45.999261630170885], [7.589817693841068, 45.999128323686584], [7.589154840728008, 45.99872226448955], [7.588792615178579, 45.99842001418149], [7.588523354360667, 45.998100511826195], [7.58830202321454, 45.997677086463234], [7.588153798276922, 45.99761001444074], [7.58811434441133, 45.99757776380194], [7.587996831654708, 45.997432425790834], [7.587986094849825, 45.99739000045193], [7.587897492591923, 45.99729108755932], [7.58785654726964, 45.9972370338254], [7.587841565412417, 45.997190394789456], [7.5877695847072255, 45.9971050327148], [7.587735765555252, 45.99705154503069], [7.587728039767782, 45.99698233454011], [7.587789472457185, 45.9968290691174], [7.587841827832843, 45.99674561207211], [7.587852798536946, 45.99670754692604], [7.587853831390854, 45.996603135071425], [7.587831500074774, 45.99653069744901], [7.587807531591561, 45.99649230960206], [7.587792045196519, 45.99642615994746], [7.587744046000033, 45.996341151744744], [7.5877317880351525, 45.9962759591523], [7.58771706147655, 45.99625686326247], [7.587693656435765, 45.99624542466941], [7.587628919964654, 45.99584701866773], [7.587632487994285, 45.99577282003288], [7.58762267735515, 45.99576269496909], [7.587576605358515, 45.995749963978454], [7.587554739302982, 45.995730112387186], [7.587544738314126, 45.99569742672342], [7.587561577775877, 45.99562473909747], [7.58754564779109, 45.995580592388755], [7.58746049572217, 45.99550614964769], [7.5873964376906615, 45.995399934639806], [7.587326879893658, 45.99533120183882], [7.587271052945382, 45.99524275987327], [7.587205446904465, 45.99521781152258], [7.58715012440108, 45.995148673407876], [7.587087317849101, 45.99514724399987], [7.587039300246715, 45.99513545992931], [7.586977489898447, 45.99510133105295], [7.586922064780245, 45.99505629147021], [7.586911689927683, 45.995018641263904], [7.586897631003665, 45.99500279179461], [7.586850112829917, 45.99497513898523], [7.586835361098006, 45.99491768657576], [7.58677069770508, 45.994911870029945], [7.586671361079733, 45.99487462399707], [7.586590186782228, 45.99485318518277], [7.586548799053658, 45.994849469885544], [7.586521436673762, 45.99482042284674], [7.586460339964141, 45.99478258685346], [7.58645468632261, 45.99476311910596], [7.586424636300122, 45.99474712844023], [7.5863419570744295, 45.99466998208715], [7.586306662257784, 45.994647359534426], [7.586258618797845, 45.99459217177968], [7.586254018351917, 45.99455630408421], [7.586219898834114, 45.99451470860722], [7.586175751249418, 45.994506778149514], [7.585979910840506, 45.99441945329633], [7.585853148886587, 45.99429486990902], [7.585784884678884, 45.994283786584944], [7.585715268326542, 45.994264069669256], [7.585690436879459, 45.99424950256054], [7.585672258815435, 45.99417932664185], [7.585648122385054, 45.99414472573069], [7.585625917414722, 45.99413265566561], [7.5855824009503845, 45.99412413931465], [7.5855656812441445, 45.99410718695487], [7.585495560350783, 45.994082100185736], [7.585446939036824, 45.99403696149534], [7.585326707366058, 45.9939740341286], [7.585240199991742, 45.99397430070965], [7.585231469094429, 45.99396701685411], [7.585234345631751, 45.99391788054236], [7.58521853781182, 45.99388958345921], [7.585179354749205, 45.99387503424816], [7.5851565289778184, 45.99387697064088], [7.585096290560029, 45.993864842485124], [7.5850670359142685, 45.99384165479809], [7.5850531380763915, 45.99380817470498], [7.584936394657371, 45.993785540377466], [7.584904365795662, 45.9937577503145], [7.5848405050181915, 45.9937326639807], [7.584776387679915, 45.993625521707806], [7.584746088514361, 45.993549261715145], [7.584727396139325, 45.99354264735929], [7.584729372461694, 45.993504360424794], [7.584708100117741, 45.993473956275075], [7.584711300000011, 45.993449286903164], [7.584663993585526, 45.993422649527616], [7.584676380276796, 45.993377728468964], [7.584588906159666, 45.99332982398648], [7.584599529767839, 45.99331109991733], [7.5845872002961015, 45.993294896970056], [7.584498459488552, 45.993275500226936], [7.584378284871262, 45.993199607189965], [7.584336684993905, 45.99318343284046], [7.584258098304829, 45.99316786350978], [7.584178740099455, 45.99313387234827], [7.584095774152553, 45.99306293284345], [7.584003821695636, 45.99300016361794], [7.583854412741522, 45.99292765387895], [7.583755269359193, 45.992893103476135], [7.583696333972204, 45.99288049539814], [7.583623964283077, 45.99287788950262], [7.583530278104101, 45.99288653722302], [7.583340104705479, 45.99292323042984], [7.5832386269916485, 45.99293321941199], [7.583050199691305, 45.99293210231538], [7.582981156335008, 45.992923231198], [7.582842812770479, 45.99286163641654], [7.58281328215498, 45.99282137464024], [7.582785328779696, 45.99268851200352], [7.582703236897808, 45.99256081899615], [7.5823664123107966, 45.99236836890239], [7.582059374040997, 45.992229690142246], [7.581373221503184, 45.991801810923214], [7.580603346660882, 45.991338202905645], [7.580209966240567, 45.991128643574946], [7.578594070687161, 45.99007821584105], [7.578115658017746, 45.98971899914139], [7.576913581126269, 45.988973885132424], [7.57659056498346, 45.98882135820394], [7.575853398172047, 45.98819259529879], [7.574993131268715, 45.987435252804794], [7.574703070385176, 45.987573816148874], [7.574551428932035, 45.987584270872404], [7.573633364323951, 45.987433686650526], [7.572986801243484, 45.98738284840961], [7.572237777165031, 45.987348155898694], [7.5716895070836525, 45.98733048825949], [7.571221032317698, 45.98723514804289], [7.570980502314147, 45.98725002801939], [7.570513416117771, 45.98733251212318], [7.5697641343647115, 45.987524129744244], [7.568954412224167, 45.987697508084736], [7.568474603752959, 45.98771187775238], [7.568225381514849, 45.98764185605511], [7.56760568893044, 45.987265431986664], [7.566644775465408, 45.98678988236617], [7.5662105554996835, 45.986667053251765], [7.565385793028638, 45.986560750125534], [7.565083340735874, 45.986509221730465], [7.564905466247406, 45.98646885140607], [7.564854707012065, 45.98643775688098], [7.564752872278362, 45.98641789104894], [7.564513304813813, 45.986407047234415], [7.564283635819975, 45.98643646353107], [7.564107425764741, 45.986498715623135], [7.563916466398988, 45.986527125311675], [7.563635192457918, 45.98653356097432], [7.5635093260733, 45.9865233364112], [7.563366143154672, 45.98647936193125], [7.5628407335376515, 45.986149981299825], [7.5625675088088915, 45.98601753152036], [7.562314621255746, 45.98587915701596], [7.562097190064339, 45.98572724905087], [7.561996873468955, 45.9856875516608], [7.561865071889951, 45.98573510703969], [7.561579966634022, 45.98588663296967], [7.561156914852413, 45.98609130674359], [7.560979330688088, 45.98615221402461], [7.560793113737257, 45.986172839232225], [7.552021029727844, 45.98642806289448], [7.550134067846746, 45.986556403381705], [7.548961492316369, 45.98620148277847], [7.548897211146481, 45.98606267568429], [7.548647211861576, 45.98576028960197], [7.548377641965902, 45.98547824292778], [7.547865382408414, 45.98505478105112], [7.547380792782495, 45.98468916458126], [7.546607692296559, 45.98426710278717], [7.546268944644455, 45.984092194784175], [7.546009033472067, 45.984015201858696], [7.545800610375915, 45.983885546470674], [7.545698662680949, 45.98376661892395], [7.545645811459136, 45.98359960143755], [7.54561624566071, 45.98345717997435], [7.545577875774051, 45.98331948901507], [7.5455699135472525, 45.98321883888259], [7.5456332464918505, 45.98314695080617], [7.545828446078379, 45.98288529780284], [7.545824319260147, 45.98270870895167], [7.545729009211003, 45.98261854117134], [7.545509416446388, 45.982242662135185], [7.545603660055943, 45.98216231497461], [7.545566688050805, 45.982014508287655], [7.545656833441281, 45.981796330689484], [7.545779824912756, 45.981695879719176], [7.54550727520136, 45.98153256987479], [7.545611204673232, 45.98136485728179], [7.545447208733222, 45.9812467383172], [7.54537142942953, 45.98108778640184], [7.545310665283429, 45.980759527291966], [7.54519574797592, 45.980651948094746], [7.545135467976641, 45.980640479927615], [7.545026195082057, 45.980495312856924], [7.545043881146801, 45.98026353688676], [7.544863199288631, 45.98002746771811], [7.544804705397018, 45.98001817533464], [7.5448189200999165, 45.980002752567515], [7.544746520072454, 45.9799618085052], [7.544676527781362, 45.97995795143409], [7.544629439584253, 45.9798876692017], [7.544484867109573, 45.9797894630756], [7.544495367581948, 45.97974747275626], [7.544436822757137, 45.97973112902204], [7.544398601855074, 45.97963421469391], [7.544329206699932, 45.979618402291564], [7.544261416575329, 45.979543787292094], [7.544186422300736, 45.97956872014494], [7.544062068371247, 45.97946166436569], [7.543993373720692, 45.97944755149472], [7.54376273867828, 45.97921726627958], [7.543668141052037, 45.979198868714015], [7.543466494360769, 45.97909430324924], [7.543342464071998, 45.978899196694144], [7.543282996518996, 45.97889943093474], [7.543190076085661, 45.97878615467854], [7.5430744419870335, 45.9785878481165], [7.542946796874116, 45.978464457962026], [7.542835015557777, 45.97843979623098], [7.542607993357928, 45.97822338989167], [7.542502822080936, 45.97802285126186], [7.542386701696493, 45.977981857265014], [7.54222777766027, 45.97779142881612], [7.542189877762681, 45.977496216365125], [7.541951549589111, 45.97710403510315], [7.541976835965568, 45.97695158485798], [7.5418747303365175, 45.97688367134346], [7.541876433966292, 45.9768217368163], [7.5418219386992025, 45.97678189159344], [7.541782028717993, 45.976703874445626], [7.5417650626265695, 45.976532937189425], [7.541686925444988, 45.97641416905116], [7.541518276814662, 45.97625693130486], [7.541478189761051, 45.97616627628744], [7.541647728119442, 45.97589277487378], [7.541727184955163, 45.97562991421859], [7.541992526646145, 45.975324319585745], [7.542145317839626, 45.97500076530147], [7.542189451630767, 45.97478757586374], [7.542266217151522, 45.974598470400906], [7.542321715168129, 45.97425518566421], [7.542402800267783, 45.97415894190874], [7.5423268176800695, 45.97403232816441], [7.542466482680751, 45.97397373300626], [7.542538033493183, 45.97372801876063], [7.542495372579716, 45.97367464417257], [7.5425436966633965, 45.97361070589573], [7.542543473576624, 45.973519555861195], [7.542620929505734, 45.97347062046123], [7.542619944978888, 45.97331710760102], [7.542675000889274, 45.97328041676962], [7.5427691126912295, 45.9731355228121], [7.542649856907912, 45.972823819859784], [7.54265429349178, 45.972460544949726], [7.542504322759556, 45.97238764657102], [7.54272659856299, 45.97199307704167], [7.542821334179138, 45.97155207870571], [7.542840789751109, 45.97131393379374], [7.542893739586323, 45.971221645161876], [7.5429420685436614, 45.97102533002641], [7.54293493700624, 45.97091761624932], [7.543039381834897, 45.9707825340007], [7.543093238466902, 45.970467994553815], [7.543251461191227, 45.97019588815289], [7.543200485274593, 45.97013969206273], [7.543222338994822, 45.96999181949619], [7.543324753385295, 45.96978759965512], [7.543317391719679, 45.9697156509806], [7.543551030635936, 45.96946548828491], [7.544451951716474, 45.968793267459965], [7.544634942161331, 45.96858536830702], [7.544408309931091, 45.9684419951866], [7.544623009757146, 45.96832404386261], [7.544624608701632, 45.96807611798666], [7.544749635495655, 45.968056543468876], [7.544875387141009, 45.96741829306704], [7.544667258624789, 45.96720273962245], [7.54468453483186, 45.96710393584284], [7.544771099939462, 45.966941368810566], [7.544736335545567, 45.96678767777853], [7.544858280471236, 45.966783623149205], [7.544826801303044, 45.96669446304405], [7.544979517573751, 45.96661360276332], [7.544945054530311, 45.96645554944522], [7.544966590580097, 45.96630527861527], [7.545130623854354, 45.96598018192517], [7.545206704600933, 45.96550123561519], [7.545332971716394, 45.96533928865455], [7.5453423596342155, 45.96507738870522], [7.545285411600328, 45.96479790200846], [7.545373733978685, 45.9647264919508], [7.54546095493349, 45.96406523948827], [7.545427179192937, 45.96392834440797], [7.545485272593699, 45.96363323229911], [7.545784243577811, 45.96346195395359], [7.545915615036581, 45.96331426939477], [7.546581334498813, 45.963035907002606], [7.546474393137315, 45.962964692587256], [7.546474169287221, 45.962849840424845], [7.546363819087062, 45.96275016757323], [7.546283636345602, 45.96254899106482], [7.546329610305742, 45.962378736824], [7.5462827132442545, 45.962260726185896], [7.54628081745975, 45.962003674073586], [7.546093760119085, 45.96172382499273], [7.546127753123306, 45.961654033131445], [7.546117491311595, 45.96141244296934], [7.5460139027018025, 45.961305056148106], [7.545819418216997, 45.961003914078084], [7.545819985690317, 45.960891272598936], [7.545712874794058, 45.960696632267144], [7.5454989859104105, 45.96042281172482], [7.545344519396265, 45.960282568473914], [7.54541014428805, 45.9601353068528], [7.545262987767664, 45.95992067969791], [7.545275608042964, 45.95969629723877], [7.544962900785816, 45.95955163756078], [7.544801462319174, 45.959373669832054], [7.544523898289208, 45.95913849077755], [7.544465221889648, 45.95904871798039], [7.544223086563197, 45.958858634342384], [7.544051047975292, 45.95856422177241], [7.544035165083391, 45.9584528113938], [7.543626088634624, 45.95799928925924], [7.543477047599779, 45.95777007180542], [7.543127125277857, 45.957476750069574], [7.543002219853818, 45.957274103241815], [7.542852496785991, 45.957152802664815], [7.54271792013741, 45.95696326307619], [7.542513565504751, 45.956875611238786], [7.542390391574435, 45.95687968254681], [7.541939228510197, 45.95660740399323], [7.541632586772911, 45.95649022389104], [7.541256150681722, 45.956614945170536], [7.541072813877695, 45.956626348643496], [7.540592054489712, 45.95624530305528], [7.540405111041641, 45.95625815793182], [7.540209694366132, 45.95610988586259], [7.5399675827633175, 45.9560547766862], [7.5397516465879395, 45.955954710189445], [7.539596952105466, 45.955851519474294], [7.539377489620736, 45.9556642239474], [7.5390371035390356, 45.95543082097208], [7.538718172985068, 45.955187840673176], [7.538513481206346, 45.954957216558], [7.538434131727001, 45.954945762892116], [7.538381363327859, 45.954948930358825], [7.538247331047501, 45.95500193099066], [7.5380911976764935, 45.95510053897683], [7.537810327559063, 45.955402289253485], [7.537161944515958, 45.95593060038179], [7.536640475460327, 45.95627280087801], [7.53578766974576, 45.95669653607036], [7.535586605917177, 45.95682420790132], [7.535464637026211, 45.956861588445996], [7.534956214388031, 45.956915280223015], [7.533976819697069, 45.95690192757107], [7.533545982127419, 45.956885143028], [7.533095275921916, 45.9568346842531], [7.532549162287507, 45.95678667941719], [7.5319718082108205, 45.95675839895128], [7.531354254249081, 45.95665370493453], [7.531030039224172, 45.956626967335666], [7.53083362506753, 45.95664826735562], [7.530620366566667, 45.95669250108114], [7.530492104216082, 45.95670842791833], [7.5302522342012015, 45.95666508458556], [7.529817989754243, 45.95651152440344], [7.5294326236604725, 45.95642693405169], [7.528750082962529, 45.95643557724591], [7.52823912337682, 45.95646589574822], [7.528103089931088, 45.95650102315227], [7.5279784773589755, 45.95649334884006], [7.527805370434749, 45.95661306906174], [7.5275717667397934, 45.956809115100135], [7.5272467529496785, 45.95696160465564], [7.526710148640326, 45.95709252571179], [7.525969317652813, 45.95729264950912], [7.5254302579634516, 45.95754791818998], [7.524938259398721, 45.957814552539936], [7.524709846984201, 45.95813293383923], [7.52384810425016, 45.958485799770216], [7.523325876053853, 45.95862083954629], [7.523009838727238, 45.958796491029815], [7.522273160799334, 45.95910006551761], [7.5211307210408815, 45.95942292598229], [7.519539265789978, 45.960311312270626], [7.519452977898247, 45.96046212659477], [7.519347109581974, 45.96075481965439], [7.519140118748468, 45.961161774974016], [7.518906450696013, 45.961382111839924], [7.518703570717938, 45.96145218501697], [7.518469555967425, 45.96147081611129], [7.518217376369234, 45.96158535954216], [7.518078612408067, 45.961744729498534], [7.5180183106386655, 45.961922773719216], [7.5180129749990945, 45.96213903144624], [7.518041541880816, 45.96238593956534], [7.518121126853044, 45.962547783586054], [7.518114065765482, 45.96264234878238], [7.518061109724578, 45.96269071915294], [7.5176148242770955, 45.962302853185975], [7.517234976419204, 45.96233197276431], [7.5168518543547655, 45.962447893562725], [7.516524019323873, 45.962373606038035], [7.5160453447635325, 45.96239628487687], [7.515867339881412, 45.962338662694016], [7.515602405448467, 45.96229419762987], [7.514832317704854, 45.961973470056094], [7.514260460005026, 45.96146392484742], [7.513779936065843, 45.961145758708064], [7.512272171420118, 45.96057635938076], [7.512094094063424, 45.96047454849918], [7.51201076926303, 45.96020837651306], [7.511875788965097, 45.959551488044276], [7.511862279559391, 45.95934268655577], [7.511493640988268, 45.959151970410055], [7.509858368767194, 45.95868185616273], [7.508984847360876, 45.95832608537295], [7.507982193957196, 45.958042942242024], [7.507531501210096, 45.957968062287634], [7.507226985395918, 45.958045205339026], [7.506802736031878, 45.958422596003366], [7.506701042569548, 45.95862421017586], [7.506532306983359, 45.95868076621454], [7.506180656605657, 45.95876888915338], [7.5058200352753355, 45.958811586426684], [7.505281534275546, 45.95895687054009], [7.504878466389443, 45.959111722347984], [7.504537971653171, 45.95938834977864], [7.504258268191671, 45.95959363578942], [7.503023909661595, 45.9603659353598], [7.499795244046483, 45.96209515029369], [7.4993277834180185, 45.96238897575637], [7.499186023445363, 45.962418711112925], [7.499053416275152, 45.96230322639976], [7.498897785203596, 45.96223548225872], [7.498138496992775, 45.96186998677922], [7.497619230615081, 45.9615517413717], [7.497488761040729, 45.96136552484216], [7.497511071831481, 45.96092207923109], [7.497217217378979, 45.96062120061804], [7.497006763814777, 45.960529338377526], [7.496711986881975, 45.96045344957875], [7.496377178774756, 45.960331146502405], [7.49620735823578, 45.9602641095957], [7.495968459937099, 45.96003054208762], [7.495840516995164, 45.95975164477332], [7.495932757601152, 45.95834607579649], [7.495762959369871, 45.95732498184778], [7.495278071533416, 45.95707378464634], [7.494673553935083, 45.95680930566792], [7.49448836064469, 45.95669075814977], [7.494266184190891, 45.956460120446366], [7.493852713005562, 45.95605144269369], [7.493439277526811, 45.955688681274104], [7.4930491891223125, 45.955511622310205], [7.492592420027791, 45.955367894703706], [7.492123975926289, 45.9552734994279], [7.49177339633381, 45.95525808131349], [7.491479732966059, 45.95528478913138], [7.4910569673796665, 45.95536203776133], [7.490362441844319, 45.95551485223166], [7.489512503533456, 45.95564042932519], [7.488419127204766, 45.955748394159976], [7.488094958813347, 45.95577579015534], [7.4880990545977335, 45.95601734079085], [7.487973253943284, 45.95648840286145], [7.487674347107903, 45.957240493866884], [7.487271678117924, 45.9590492638157], [7.487115300643695, 45.95928233657097], [7.486294928261517, 45.96015842947276], [7.483571353801467, 45.962270964590225], [7.48340892747007, 45.96243622164755], [7.483211155137026, 45.96269429839793], [7.482776678957161, 45.96271589069257], [7.482353028175438, 45.962772265392786], [7.4819668447431145, 45.96284277345046], [7.481571913938912, 45.962928611694], [7.48123405657858, 45.96304498518803], [7.480944482852281, 45.96316747523065], [7.48069443552333, 45.96331442691039], [7.480457582630491, 45.9634950082067], [7.480312872238686, 45.96365108787571], [7.48049753872104, 45.964088522352505], [7.48062538022233, 45.96464367494941], [7.48051206777574, 45.9655999446539], [7.480543020503608, 45.965884458332205], [7.480714772727249, 45.966546288157986], [7.481016863108637, 45.96683379060947], [7.481632480397287, 45.96715139882391], [7.480963456198646, 45.96773024880804], [7.480863095108246, 45.967835349064664], [7.479683829541373, 45.96817207787095], [7.478887165652624, 45.96844697226425], [7.477969126429575, 45.96864621146312], [7.477478140638748, 45.96922031986111], [7.4762553069802316, 45.9699535372884], [7.476025203290052, 45.97011407642336], [7.475759472813878, 45.97035902314193], [7.475631248825735, 45.970612106957645], [7.475569463825641, 45.97088674149092], [7.475547821992567, 45.97165818772182], [7.475486009180819, 45.97211657392482], [7.475322608038738, 45.97270290934711], [7.4749998263307855, 45.973351015603], [7.474413923163635, 45.97427490388495], [7.4719380203029155, 45.9772457368299], [7.4705757225321925, 45.979664344391466], [7.470361449673671, 45.98053469372427], [7.470172252735295, 45.98167773367408], [7.47005758392621, 45.98220811054085], [7.46987806250419, 45.98276516741969], [7.469540771823968, 45.98346798721731], [7.469343740317535, 45.983849873566335], [7.469100258798188, 45.98417430716219], [7.468762447576717, 45.98444941656792], [7.4684083852793535, 45.98467509743645], [7.466695274943597, 45.985561502751004], [7.465179254368566, 45.9862708878218], [7.4625227625688515, 45.9872406748298], [7.461164020765882, 45.98767024709707], [7.460274628420982, 45.988040302204844], [7.458488790285696, 45.9890753217549], [7.457853918639146, 45.98955580549941], [7.456118247950801, 45.990922296551055], [7.455240120214061, 45.991456107534866], [7.454892254473301, 45.989598967671576], [7.454537649868348, 45.98801524524636], [7.453513616693742, 45.98723098700362], [7.452766285463168, 45.98671936162153], [7.452344694661201, 45.98630114241416], [7.450959042354054, 45.98679075758066], [7.450086978166642, 45.986853458599285], [7.448790624609316, 45.986978173189264], [7.447788040848112, 45.98713843937459], [7.446804601440295, 45.98728980046245], [7.445925972985213, 45.98737918711256], [7.443780235374088, 45.987437158214824], [7.440919882053408, 45.987387087984665], [7.440291021742594, 45.98733674848522], [7.439707960098329, 45.9872449271255], [7.439128888436455, 45.9870918889908], [7.438776601216655, 45.986940459498136], [7.438405206399628, 45.98671786626861], [7.438025830024625, 45.986392301446095], [7.437506677471252, 45.985810741866736], [7.437166430527524, 45.98536185697259], [7.436852838559833, 45.98484875295485], [7.43413842294944, 45.9845160391232], [7.433250947343651, 45.984318227704875], [7.43272333197099, 45.985578468639], [7.432529580611287, 45.98593317835924], [7.432252123118636, 45.98633098703569], [7.431951265715481, 45.986649536786736], [7.431457948316374, 45.98706029345319], [7.430847813726898, 45.987826656256956], [7.430688880063381, 45.98798609581565], [7.4304568388563395, 45.988083515915754], [7.430393244304497, 45.98823854657356], [7.430412284919735, 45.98849100965213], [7.43145879038219, 45.98987083588414], [7.431625062941882, 45.99011058455518], [7.431733999888359, 45.99034630815163], [7.431768369491052, 45.99059401725962], [7.431728202577851, 45.99081375462465], [7.431596298671444, 45.99098554943888]]]]}}]}