{
  "type": "FeatureCollection",
  "features": [
    {
      "type": "Feature",
      "properties": {
        "bfs_nummer": 6119,
        "segment_length_m": 0.568441316490102
      },
      "geometry": {
        "type": "LineString",
        "coordinates": [
          [
            7.705981910852549,
            46.212995254768764
          ],
          [
            7.706047022084523,
            46.212978765056384
          ],
          [
            7.706253406198593,
            46.212844152817866
          ],
          [
            7.706288833948229,
            46.21274114099424
          ],
          [
            7.70634945041874,
            46.21269599260633
          ],
          [
            7.70638543391396,
            46.212677322594125
          ],
          [
            7.706813144743356,
            46.21252301646609
          ],
          [
            7.7073103520074095,
            46.21239882330264
          ],
          [
            7.707327968472384,
            46.212389641960186
          ],
          [
            7.707646761077841,
            46.21234797344498
          ],
          [
            7.707902628828404,
            46.21218786398991
          ],
          [
            7.708097814303626,
            46.211991133067826
          ],
          [
            7.708286978315727,
            46.21189783005931
          ],
          [
            7.708576248359706,
            46.211861176764074
          ],
          [
            7.708934112384023,
            46.211821075719875
          ],
          [
            7.709108317310327,
            46.21175316573374
          ],
          [
            7.709366520847958,
            46.21163176462732
          ],
          [
            7.709708991199655,
            46.21152944803997
          ],
          [
            7.709773259016519,
            46.21148981239775
          ],
          [
            7.7099826294036164,
            46.21141416161751
          ],
          [
            7.710139222635167,
            46.2114167011179
          ],
          [
            7.710472538385382,
            46.21135268960696
          ],
          [
            7.710844480726645,
            46.21133039608343
          ],
          [
            7.711282666642346,
            46.21126744356935
          ],
          [
            7.711467195442808,
            46.21125686132632
          ],
          [
            7.711663215391634,
            46.21122510233258
          ],
          [
            7.711866947974613,
            46.21120431707922
          ],
          [
            7.712133761162188,
            46.21111686541864
          ],
          [
            7.712401747069631,
            46.2109610973622
          ],
          [
            7.712703367661009,
            46.21053649342063
          ],
          [
            7.712806498834396,
            46.21048540053869
          ],
          [
            7.712990694707087,
            46.210465874933405
          ],
          [
            7.71324600308333,
            46.21032566204377
          ],
          [
            7.713444233811033,
            46.210278341120244
          ],
          [
            7.7137320533055025,
            46.210254496904135
          ],
          [
            7.714046913116199,
            46.21024833464021
          ],
          [
            7.714349992476859,
            46.21020325801416
          ],
          [
            7.714581190794318,
            46.21011854092649
          ],
          [
            7.71478415118171,
            46.210005016165766
          ],
          [
            7.71487131722765,
            46.209861952835624
          ],
          [
            7.71508083878378,
            46.209693367186226
          ],
          [
            7.7152067212184745,
            46.20951988480582
          ],
          [
            7.715517595431852,
            46.20924727712902
          ],
          [
            7.715751213919812,
            46.20912230520155
          ],
          [
            7.715856611987023,
            46.209090049857515
          ],
          [
            7.71601785429204,
            46.209075487083034
          ],
          [
            7.716524962368092,
            46.2089491510067
          ],
          [
            7.716783689832657,
            46.208921196362546
          ],
          [
            7.7170223724453875,
            46.20887036947166
          ],
          [
            7.717251074037071,
            46.20895851337344
          ],
          [
            7.71765141896048,
            46.20896796312984
          ],
          [
            7.717863765041329,
            46.20891574201836
          ],
          [
            7.71786953205488,
            46.20888808418329
          ],
          [
            7.717967301337783,
            46.20884913491433
          ],
          [
            7.718116541147498,
            46.20884411612503
          ],
          [
            7.718683056813094,
            46.20865335887971
          ],
          [
            7.719118003473194,
            46.2083970404609
          ],
          [
            7.719205713448527,
            46.208387782662626
          ],
          [
            7.7196931807906015,
            46.20801526111074
          ],
          [
            7.7199239269133315,
            46.20792665704735
          ],
          [
            7.720096402317513,
            46.207965665609294
          ],
          [
            7.7205568165311105,
            46.207863724620694
          ],
          [
            7.720613726020521,
            46.207876860567275
          ],
          [
            7.721136150172605,
            46.207792511270014
          ],
          [
            7.72182468831416,
            46.20759003639723
          ],
          [
            7.722063221023906,
            46.20765214855612
          ],
          [
            7.722383699416776,
            46.20762320795272
          ],
          [
            7.722528102020931,
            46.20754579846413
          ],
          [
            7.7226893636832745,
            46.207526206528165
          ],
          [
            7.723020292635433,
            46.2072749734396
          ],
          [
            7.723599469995295,
            46.20720044641805
          ],
          [
            7.723661114671521,
            46.20716755617671
          ],
          [
            7.723970003988357,
            46.20710845082337
          ],
          [
            7.724154227620903,
            46.20702778147188
          ],
          [
            7.724692620577021,
            46.20708077497838
          ],
          [
            7.725015866818577,
            46.207019687446646
          ],
          [
            7.725156625084731,
            46.20706609091238
          ],
          [
            7.725233221430133,
            46.20716913122632
          ],
          [
            7.725467370009333,
            46.20715347090779
          ],
          [
            7.725804959814031,
            46.20726256946681
          ],
          [
            7.7265557832476,
            46.20714868584718
          ],
          [
            7.7268001069643555,
            46.207060240089
          ],
          [
            7.72692733668409,
            46.20709617784092
          ],
          [
            7.727075079974065,
            46.20703947099879
          ],
          [
            7.72717875691513,
            46.20704396566967
          ],
          [
            7.7272298575809435,
            46.20693847845068
          ],
          [
            7.727373969097497,
            46.206849315168405
          ],
          [
            7.727609170311593,
            46.2068444155134
          ],
          [
            7.728116327707231,
            46.206706998481444
          ],
          [
            7.728883452722185,
            46.20669825283027
          ],
          [
            7.733519702457703,
            46.2052971970061
          ],
          [
            7.754183646319671,
            46.20436973237042
          ],
          [
            7.753948690229938,
            46.20424437559639
          ],
          [
            7.753844302675033,
            46.204237460673
          ],
          [
            7.7537265784900615,
            46.20421397677242
          ],
          [
            7.753596298041743,
            46.20398128861696
          ],
          [
            7.753333772709412,
            46.20320824777974
          ],
          [
            7.753305299124004,
            46.2030244736125
          ],
          [
            7.7533649895477375,
            46.20292169424762
          ],
          [
            7.75339948871359,
            46.202719133054124
          ],
          [
            7.7533767434321845,
            46.202654796347765
          ],
          [
            7.753419645750234,
            46.20249409558445
          ],
          [
            7.753374116064425,
            46.202356354661674
          ],
          [
            7.7533550148109045,
            46.20217348101952
          ],
          [
            7.753291019507553,
            46.20204619936208
          ],
          [
            7.753207550202585,
            46.2019882293464
          ],
          [
            7.753041149718726,
            46.201920648300025
          ],
          [
            7.752771681605426,
            46.20170764128961
          ],
          [
            7.75248292972683,
            46.20139176776311
          ],
          [
            7.752385282963648,
            46.20130566203691
          ],
          [
            7.752360667732408,
            46.20123348610254
          ],
          [
            7.752311118727617,
            46.201162188841295
          ],
          [
            7.752248639513891,
            46.20103884250863
          ],
          [
            7.752113817928507,
            46.20100561702472
          ],
          [
            7.7519493739548775,
            46.200898942835316
          ],
          [
            7.751889073056102,
            46.20082765714891
          ],
          [
            7.75170085395269,
            46.20073394814024
          ],
          [
            7.7515708850966165,
            46.20060238605821
          ],
          [
            7.751307719694618,
            46.200517321411546
          ],
          [
            7.751016370864234,
            46.20051709098567
          ],
          [
            7.750719426619473,
            46.200331213861965
          ],
          [
            7.750579197064688,
            46.20026477150134
          ],
          [
            7.750465334516944,
            46.20023064072919
          ],
          [
            7.7503105304974245,
            46.20014593200777
          ],
          [
            7.749927543828762,
            46.20006687013952
          ],
          [
            7.749805021519825,
            46.200052031204976
          ],
          [
            7.749656615491231,
            46.19995991857731
          ],
          [
            7.749450477714845,
            46.19975314367209
          ],
          [
            7.749283055236052,
            46.199697452189504
          ],
          [
            7.748683681201352,
            46.19932752026671
          ],
          [
            7.748394398534218,
            46.19893678503011
          ],
          [
            7.747689750408176,
            46.19900750909603
          ],
          [
            7.747395159633,
            46.199046499250976
          ],
          [
            7.746935147200104,
            46.19906452045874
          ],
          [
            7.746701771889672,
            46.19906536247477
          ],
          [
            7.746517673288484,
            46.199095503828566
          ],
          [
            7.746153812740806,
            46.199141524741215
          ],
          [
            7.745966703243615,
            46.19918461811788
          ],
          [
            7.74587870412817,
            46.19923806619822
          ],
          [
            7.745683337606227,
            46.19925045235101
          ],
          [
            7.745097297205777,
            46.19924977289881
          ],
          [
            7.744485492166987,
            46.199163953160365
          ],
          [
            7.74421396145268,
            46.199143402458716
          ],
          [
            7.743476183093518,
            46.19900119951747
          ],
          [
            7.743005309924631,
            46.198767526583325
          ],
          [
            7.742776434818516,
            46.1987504200576
          ],
          [
            7.742352539473948,
            46.19849563138489
          ],
          [
            7.7420807960123925,
            46.19841739601354
          ],
          [
            7.741817488358989,
            46.19835577936295
          ],
          [
            7.7415404384040665,
            46.19839259329846
          ],
          [
            7.741298709301841,
            46.19839326658405
          ],
          [
            7.741122718017199,
            46.19835763724687
          ],
          [
            7.740910715450606,
            46.1982919863195
          ],
          [
            7.7406547054368,
            46.19818627778748
          ],
          [
            7.740135796156249,
            46.19783869217155
          ],
          [
            7.739924236900213,
            46.197765931657806
          ],
          [
            7.739473550316013,
            46.19767869353835
          ],
          [
            7.739099370079145,
            46.19758369432176
          ],
          [
            7.738394343964604,
            46.19738390716288
          ],
          [
            7.738241028923761,
            46.197317754054566
          ],
          [
            7.738064005857268,
            46.19721107505332
          ],
          [
            7.737766864969262,
            46.197157634521844
          ],
          [
            7.7376059422803705,
            46.19710951893595
          ],
          [
            7.737193948884754,
            46.197058287121855
          ],
          [
            7.736936068668146,
            46.19694930970905
          ],
          [
            7.736764607855266,
            46.19671707075332
          ],
          [
            7.736713265849848,
            46.19651688179331
          ],
          [
            7.736590252572193,
            46.19620809702122
          ],
          [
            7.736455539965695,
            46.195969976723376
          ],
          [
            7.736375550625654,
            46.19589901348022
          ],
          [
            7.736137518171987,
            46.19572969325102
          ],
          [
            7.7360558528339265,
            46.195600595313046
          ],
          [
            7.736014562336373,
            46.19546859365764
          ],
          [
            7.736002891794846,
            46.19532840014138
          ],
          [
            7.735931106166317,
            46.19523883903512
          ],
          [
            7.735812980316537,
            46.19497226619674
          ],
          [
            7.73583380805512,
            46.19467674049604
          ],
          [
            7.73581475663805,
            46.19454645255449
          ],
          [
            7.735716124074241,
            46.194410121431105
          ],
          [
            7.735548040289515,
            46.19427005023311
          ],
          [
            7.735361637677258,
            46.19409360341343
          ],
          [
            7.735482341597697,
            46.19391771004005
          ],
          [
            7.7354930408050695,
            46.19381992629739
          ],
          [
            7.735417241565986,
            46.19358479884618
          ],
          [
            7.735397737428931,
            46.19347344786874
          ],
          [
            7.735254262933803,
            46.19327743979611
          ],
          [
            7.735265581207324,
            46.19305985943198
          ],
          [
            7.735255152687512,
            46.192887934964816
          ],
          [
            7.7351711497111335,
            46.192730308356445
          ],
          [
            7.735153878572701,
            46.192583949437186
          ],
          [
            7.735197535494608,
            46.192472675915084
          ],
          [
            7.735287875593278,
            46.19233996940744
          ],
          [
            7.735357938966636,
            46.19220402355284
          ],
          [
            7.735476147444267,
            46.19209645866452
          ],
          [
            7.735656219148841,
            46.192003151427805
          ],
          [
            7.735837662239329,
            46.19180254023544
          ],
          [
            7.735806735963073,
            46.19172738181362
          ],
          [
            7.735791368505041,
            46.19157882306281
          ],
          [
            7.735714486323559,
            46.191477652850594
          ],
          [
            7.735640477119072,
            46.19133546390246
          ],
          [
            7.73560514989123,
            46.19121788451027
          ],
          [
            7.73562667032252,
            46.19108077041193
          ],
          [
            7.73553947521967,
            46.19095751583616
          ],
          [
            7.735402462272034,
            46.190712356837835
          ],
          [
            7.735300436272726,
            46.19046012540452
          ],
          [
            7.735281750971785,
            46.19034665830793
          ],
          [
            7.7351973087902826,
            46.190195698674934
          ],
          [
            7.73512181156699,
            46.18998163809872
          ],
          [
            7.735151118935335,
            46.18989255844895
          ],
          [
            7.735327133778097,
            46.189797607155064
          ],
          [
            7.735363468173173,
            46.18969793015969
          ],
          [
            7.735571112863823,
            46.189574541322415
          ],
          [
            7.735566900397963,
            46.18931907605349
          ],
          [
            7.735723184856849,
            46.18905005617363
          ],
          [
            7.735597190354005,
            46.18813877705246
          ],
          [
            7.735488997396206,
            46.18779255752922
          ],
          [
            7.735433167860027,
            46.18751970407792
          ],
          [
            7.7353229152817,
            46.18738762211467
          ],
          [
            7.735295152332194,
            46.187276661624956
          ],
          [
            7.7351811650115065,
            46.187191294693505
          ],
          [
            7.735221424261924,
            46.18712059143903
          ],
          [
            7.735262950064674,
            46.18694446490582
          ],
          [
            7.735282049369254,
            46.18680766309826
          ],
          [
            7.735352574046214,
            46.186619658273266
          ],
          [
            7.735327702485982,
            46.18645914221712
          ],
          [
            7.735370912177096,
            46.18634518912223
          ],
          [
            7.73539434991005,
            46.186170261389236
          ],
          [
            7.735394505397844,
            46.18604631001508
          ],
          [
            7.7353719644579035,
            46.185876108554076
          ],
          [
            7.735333942556988,
            46.185731405326834
          ],
          [
            7.73535961340391,
            46.18560995984756
          ],
          [
            7.735313400720418,
            46.185311605516
          ],
          [
            7.7353853270055835,
            46.18517456631974
          ],
          [
            7.735307609048197,
            46.185060786192416
          ],
          [
            7.735228768586465,
            46.184880944955474
          ],
          [
            7.735216502241877,
            46.18478050475624
          ],
          [
            7.735146854953488,
            46.1845905732624
          ],
          [
            7.7351287285773465,
            46.18446989021565
          ],
          [
            7.735086915932086,
            46.18438527874108
          ],
          [
            7.73509517970007,
            46.18428998425893
          ],
          [
            7.735197508648743,
            46.184144688541565
          ],
          [
            7.735173919140996,
            46.184000559180056
          ],
          [
            7.735308038804038,
            46.18374014382886
          ],
          [
            7.7352784400402035,
            46.18364851081199
          ],
          [
            7.735179699095597,
            46.183607614406164
          ],
          [
            7.734995940190963,
            46.18345556543976
          ],
          [
            7.734943100053505,
            46.183386347338924
          ],
          [
            7.734858626457516,
            46.18334206693738
          ],
          [
            7.734758819712093,
            46.18331463942997
          ],
          [
            7.734705293807689,
            46.18327652094526
          ],
          [
            7.734621843282369,
            46.183165238156164
          ],
          [
            7.734515850255963,
            46.18310265365016
          ],
          [
            7.734452497631131,
            46.18304828761135
          ],
          [
            7.734289859680589,
            46.18284011249605
          ],
          [
            7.734105046018299,
            46.182736344457844
          ],
          [
            7.734066678019137,
            46.18266071927304
          ],
          [
            7.7339907637242495,
            46.18259910828199
          ],
          [
            7.733947797659093,
            46.182518547450194
          ],
          [
            7.733828048852355,
            46.182469590596384
          ],
          [
            7.733779170257565,
            46.18244041022412
          ],
          [
            7.733676030185325,
            46.18232772977544
          ],
          [
            7.73365199320249,
            46.182270112363156
          ],
          [
            7.733569591601153,
            46.18218211579192
          ],
          [
            7.733536838166625,
            46.18209556409528
          ],
          [
            7.733403076145155,
            46.182031863456686
          ],
          [
            7.733323690825533,
            46.181960302886445
          ],
          [
            7.73330129401999,
            46.18184411951663
          ],
          [
            7.733172110720874,
            46.1815678037387
          ],
          [
            7.732986045798098,
            46.1814950001397
          ],
          [
            7.732863169592538,
            46.18139139289762
          ],
          [
            7.732798155437026,
            46.181263481914485
          ],
          [
            7.7326700421557035,
            46.18111545860948
          ],
          [
            7.732624258997468,
            46.18097529050353
          ],
          [
            7.732573555757099,
            46.18043092510898
          ],
          [
            7.732588500118385,
            46.18025036182851
          ],
          [
            7.732624598571262,
            46.18017206901172
          ],
          [
            7.732574823700474,
            46.17996136746199
          ],
          [
            7.732439054965124,
            46.17981712396753
          ],
          [
            7.7323907159827545,
            46.17966132799461
          ],
          [
            7.732287737903415,
            46.179536312876586
          ],
          [
            7.732253356014948,
            46.179447282257904
          ],
          [
            7.732254552668348,
            46.17933260275802
          ],
          [
            7.732270562956008,
            46.17922492842492
          ],
          [
            7.732220531753315,
            46.17897093139554
          ],
          [
            7.732297561918332,
            46.178730710009276
          ],
          [
            7.73250530011727,
            46.17865767514069
          ],
          [
            7.732596675972055,
            46.17859294819595
          ],
          [
            7.732861688434326,
            46.17844017953507
          ],
          [
            7.732994564062845,
            46.1783795813546
          ],
          [
            7.733213548388001,
            46.17824317764971
          ],
          [
            7.733389814239591,
            46.17816270267829
          ],
          [
            7.73349217505755,
            46.17810138273922
          ],
          [
            7.733614741400882,
            46.178103186429865
          ],
          [
            7.73385822789933,
            46.17804658989779
          ],
          [
            7.73400618508153,
            46.17797349223458
          ],
          [
            7.734142926330744,
            46.177943287869496
          ],
          [
            7.7342300136213185,
            46.17787873271203
          ],
          [
            7.734410466518259,
            46.17780911193997
          ],
          [
            7.73456561387641,
            46.17777748263995
          ],
          [
            7.734830529426069,
            46.177689793035576
          ],
          [
            7.735033182925451,
            46.17758314110503
          ],
          [
            7.735205123411818,
            46.17746773555278
          ],
          [
            7.735234024444252,
            46.17737424912897
          ],
          [
            7.735431258455035,
            46.177099895995084
          ],
          [
            7.735487006520356,
            46.1769760328146
          ],
          [
            7.735554300156227,
            46.17686790868033
          ],
          [
            7.735705588454528,
            46.176791624582634
          ],
          [
            7.735763431009396,
            46.17666732397856
          ],
          [
            7.7358639007451355,
            46.17655456078689
          ],
          [
            7.735932356299846,
            46.17651265026948
          ],
          [
            7.736028050663038,
            46.17648856048304
          ],
          [
            7.736160859977225,
            46.17637688149916
          ],
          [
            7.736350693904474,
            46.17634056179626
          ],
          [
            7.736440852344257,
            46.176260722254455
          ],
          [
            7.736581893179803,
            46.176177015545235
          ],
          [
            7.736608190691407,
            46.17611007275405
          ],
          [
            7.736619635881591,
            46.176021867380804
          ],
          [
            7.736664525663477,
            46.17596391625266
          ],
          [
            7.736801234350454,
            46.17588622975911
          ],
          [
            7.736891842415183,
            46.17581784911448
          ],
          [
            7.736918020864023,
            46.17574343118926
          ],
          [
            7.737008575696348,
            46.17568908378653
          ],
          [
            7.737136118887396,
            46.175593114918385
          ],
          [
            7.737296445842422,
            46.175520277161134
          ],
          [
            7.737476015100398,
            46.17540251813577
          ],
          [
            7.737625465749569,
            46.175261422729214
          ],
          [
            7.737730341485133,
            46.17513625024126
          ],
          [
            7.737887813872281,
            46.17504383567738
          ],
          [
            7.738156660017923,
            46.17476951331989
          ],
          [
            7.738257014989162,
            46.174722362477766
          ],
          [
            7.738398995219791,
            46.174608137795225
          ],
          [
            7.738510028728348,
            46.174553213204575
          ],
          [
            7.738660493581564,
            46.17444444405878
          ],
          [
            7.738992036388491,
            46.17429825830502
          ],
          [
            7.739073470521103,
            46.1741449724192
          ],
          [
            7.7391462866297305,
            46.174056396989364
          ],
          [
            7.739292050185436,
            46.17392676959704
          ],
          [
            7.739351649951345,
            46.17363208508788
          ],
          [
            7.739358376951881,
            46.1734944969213
          ],
          [
            7.739394477145688,
            46.17342850796106
          ],
          [
            7.739432561349329,
            46.1732384098935
          ],
          [
            7.739443871049788,
            46.17301130294852
          ],
          [
            7.739494866595615,
            46.17284040322586
          ],
          [
            7.7395796415247275,
            46.17268543491054
          ],
          [
            7.739650200297947,
            46.17260128201546
          ],
          [
            7.739761694013923,
            46.17252510726504
          ],
          [
            7.739933620624834,
            46.172252234866086
          ],
          [
            7.7398782750464425,
            46.17215754116159
          ],
          [
            7.739818278987193,
            46.17211176908681
          ],
          [
            7.7396044404749835,
            46.1718891021179
          ],
          [
            7.739536848631958,
            46.171808851822405
          ],
          [
            7.7394322178119035,
            46.17172494873868
          ],
          [
            7.739274430125472,
            46.17163313565945
          ],
          [
            7.739184383329469,
            46.17146750423309
          ],
          [
            7.739114437932302,
            46.17139701120925
          ],
          [
            7.738993539637284,
            46.17132849746319
          ],
          [
            7.738787586770264,
            46.17125554042219
          ],
          [
            7.738642615637575,
            46.17116290086659
          ],
          [
            7.7385572294780225,
            46.17106505671153
          ],
          [
            7.738363208486373,
            46.17094818657124
          ],
          [
            7.738181364219202,
            46.170865242404346
          ],
          [
            7.737912422657219,
            46.17069548648556
          ],
          [
            7.7377786440572685,
            46.1705796524757
          ],
          [
            7.7376735580507185,
            46.170508648726
          ],
          [
            7.737581982656889,
            46.170464704053174
          ],
          [
            7.73749643082049,
            46.17038809824104
          ],
          [
            7.737388573105409,
            46.170328642947226
          ],
          [
            7.737337913924266,
            46.17027053889708
          ],
          [
            7.73723289784755,
            46.170214485303035
          ],
          [
            7.7370364559971305,
            46.17016299057143
          ],
          [
            7.7369412736161,
            46.17011984650714
          ],
          [
            7.736955736680653,
            46.17006535781042
          ],
          [
            7.737045730675421,
            46.17003096416843
          ],
          [
            7.73712462433536,
            46.16996030233815
          ],
          [
            7.737225242433832,
            46.16991537363416
          ],
          [
            7.737359351002926,
            46.16982446972517
          ],
          [
            7.737458396944784,
            46.16978809081506
          ],
          [
            7.7374914874424485,
            46.1697518409984
          ],
          [
            7.737594551785279,
            46.169673747593244
          ],
          [
            7.7376360890137805,
            46.16962420686224
          ],
          [
            7.737699109555633,
            46.16957049835136
          ],
          [
            7.737706130616848,
            46.16951198118439
          ],
          [
            7.737739648963237,
            46.169461705968864
          ],
          [
            7.737805347292845,
            46.16942889617875
          ],
          [
            7.737854803768065,
            46.169388015223696
          ],
          [
            7.737881002808806,
            46.169322889529255
          ],
          [
            7.737881391773334,
            46.169275706394075
          ],
          [
            7.737861717064835,
            46.16921292389531
          ],
          [
            7.737865146114836,
            46.169172353511314
          ],
          [
            7.737881887051891,
            46.16915337344168
          ],
          [
            7.737881982952914,
            46.16910705466278
          ],
          [
            7.738035644677085,
            46.16898404680277
          ],
          [
            7.738071480591535,
            46.16891733932861
          ],
          [
            7.738129530471795,
            46.168899509323076
          ],
          [
            7.738180971460217,
            46.16886412830218
          ],
          [
            7.738320561744222,
            46.16879376376478
          ],
          [
            7.738379067387837,
            46.1687363246421
          ],
          [
            7.738402702046029,
            46.168673589460845
          ],
          [
            7.73840172746866,
            46.16859979185153
          ],
          [
            7.738427250690792,
            46.168548548085326
          ],
          [
            7.738602650043595,
            46.168390461865826
          ],
          [
            7.7386258135218435,
            46.16833630972263
          ],
          [
            7.7386762424165205,
            46.16828653814128
          ],
          [
            7.738660992462971,
            46.168232694711676
          ],
          [
            7.738702978932479,
            46.16819224698297
          ],
          [
            7.738869219198729,
            46.16819141933293
          ],
          [
            7.738957125025701,
            46.16810767964387
          ],
          [
            7.739042566716765,
            46.16792904247668
          ],
          [
            7.739136806192992,
            46.16784115684036
          ],
          [
            7.739160408911066,
            46.167786967438495
          ],
          [
            7.739161420297219,
            46.1675377226971
          ],
          [
            7.739193551547336,
            46.16746170522513
          ],
          [
            7.7391869598520024,
            46.1673649207032
          ],
          [
            7.739081352341748,
            46.16728775766553
          ],
          [
            7.739040609100418,
            46.16720562771838
          ],
          [
            7.739080450274998,
            46.16710722666932
          ],
          [
            7.739146257645542,
            46.167054886281434
          ],
          [
            7.739304031686287,
            46.167024322900176
          ],
          [
            7.739499054356547,
            46.16689969189065
          ],
          [
            7.739599677980308,
            46.16680778583871
          ],
          [
            7.739438854822416,
            46.16651717760578
          ],
          [
            7.739266384194835,
            46.16652361794228
          ],
          [
            7.738984485114774,
            46.1664994034715
          ],
          [
            7.73883252746334,
            46.166334709740354
          ],
          [
            7.738787318039696,
            46.16608042411831
          ],
          [
            7.738800840789726,
            46.16582230352338
          ],
          [
            7.739012431602679,
            46.165600998317764
          ],
          [
            7.739025214153203,
            46.16547456674466
          ],
          [
            7.7390809374269685,
            46.16539222573359
          ],
          [
            7.7391054122340535,
            46.16529433324606
          ],
          [
            7.739104338588211,
            46.16513675958458
          ],
          [
            7.739136634790492,
            46.16503918816114
          ],
          [
            7.739225149934136,
            46.164937770227624
          ],
          [
            7.738997920224478,
            46.164593327987724
          ],
          [
            7.738968543344856,
            46.16441881870051
          ],
          [
            7.738860142153204,
            46.16431278691821
          ],
          [
            7.7386929284523625,
            46.16421199350403
          ],
          [
            7.738648958096054,
            46.16403674920576
          ],
          [
            7.738354732742907,
            46.163693625728726
          ],
          [
            7.738271353938563,
            46.16364325506679
          ],
          [
            7.738230774999996,
            46.163545508004354
          ],
          [
            7.738221899279113,
            46.163404821821786
          ],
          [
            7.738099274822675,
            46.16327538435658
          ],
          [
            7.738037970572099,
            46.163187272413246
          ],
          [
            7.737926814360983,
            46.163128195244305
          ],
          [
            7.7376413774855575,
            46.163057434433696
          ],
          [
            7.737466292359293,
            46.162993371193565
          ],
          [
            7.737336829376471,
            46.16291026047677
          ],
          [
            7.737274111368023,
            46.16289480057468
          ],
          [
            7.7371917070733005,
            46.162889692568626
          ],
          [
            7.737074242471172,
            46.162851006310675
          ],
          [
            7.736841799800603,
            46.1628021700153
          ],
          [
            7.7367450111510285,
            46.162792062029744
          ],
          [
            7.736569197946965,
            46.16265822021237
          ],
          [
            7.736290378672327,
            46.16257994521629
          ],
          [
            7.736175879127218,
            46.162522071544686
          ],
          [
            7.73611018449064,
            46.162435301464065
          ],
          [
            7.736058891907443,
            46.162390044316965
          ],
          [
            7.736035933326696,
            46.162329609033
          ],
          [
            7.735932721496774,
            46.162228535425854
          ],
          [
            7.7358353212304625,
            46.162089089097805
          ],
          [
            7.735794571933015,
            46.16196137718696
          ],
          [
            7.735743864957907,
            46.161868927286854
          ],
          [
            7.735795999352427,
            46.16178820755961
          ],
          [
            7.735798158964294,
            46.16173778138285
          ],
          [
            7.73577216210452,
            46.16166607350664
          ],
          [
            7.735724994147986,
            46.16158159343291
          ],
          [
            7.735579728991102,
            46.16148394028731
          ],
          [
            7.735545175054684,
            46.16143361943276
          ],
          [
            7.735346185382688,
            46.161257242234115
          ],
          [
            7.735171129223055,
            46.161201721234335
          ],
          [
            7.734961525764576,
            46.16096797905978
          ],
          [
            7.734920373654978,
            46.16094451825097
          ],
          [
            7.734807869087792,
            46.16079283156747
          ],
          [
            7.734753174532241,
            46.160685476918765
          ],
          [
            7.734729936928429,
            46.16057792300727
          ],
          [
            7.734700734457831,
            46.16027019597386
          ],
          [
            7.734641154332492,
            46.16013547136346
          ],
          [
            7.734688313546355,
            46.15980547831264
          ],
          [
            7.735404009617916,
            46.157048971664835
          ],
          [
            7.735410666148542,
            46.15697799670215
          ],
          [
            7.735401185305759,
            46.15692219470322
          ],
          [
            7.735412258149825,
            46.156813480500176
          ],
          [
            7.7354671392293755,
            46.15673877181109
          ],
          [
            7.735652536728142,
            46.1566155850172
          ],
          [
            7.735451108775996,
            46.15655195669527
          ],
          [
            7.735411390809238,
            46.156508351110716
          ],
          [
            7.735339279026498,
            46.15646356206502
          ],
          [
            7.734871391632742,
            46.15644373805199
          ],
          [
            7.734742925439164,
            46.156426316896585
          ],
          [
            7.734520482043474,
            46.15636357849776
          ],
          [
            7.734312680326265,
            46.15624357123418
          ],
          [
            7.734215571845849,
            46.156176870467085
          ],
          [
            7.733929340339408,
            46.155934627862166
          ],
          [
            7.733886211471071,
            46.155870340707864
          ],
          [
            7.733874056547096,
            46.155733746856036
          ],
          [
            7.733937198060798,
            46.15558253655943
          ],
          [
            7.734013978301703,
            46.15549280271754
          ],
          [
            7.734133031849454,
            46.155445651686485
          ],
          [
            7.734482625925594,
            46.15537246743067
          ],
          [
            7.734564617937198,
            46.15530597327928
          ],
          [
            7.734571590464169,
            46.15523103947499
          ],
          [
            7.7345593541279785,
            46.15502949749493
          ],
          [
            7.734494019881801,
            46.15467717474277
          ],
          [
            7.734465018679231,
            46.154606679880395
          ],
          [
            7.7345070454549365,
            46.15444592613203
          ],
          [
            7.734511429433994,
            46.1543304018474
          ],
          [
            7.7344654573270795,
            46.154250092153
          ],
          [
            7.734479265755235,
            46.15413716096034
          ],
          [
            7.734466563866837,
            46.15405037739017
          ],
          [
            7.734505546118693,
            46.15390116399727
          ],
          [
            7.734544505359906,
            46.153850542699814
          ],
          [
            7.734586547266087,
            46.15371424799191
          ],
          [
            7.7346696570284434,
            46.153558271361995
          ],
          [
            7.734657720583925,
            46.1535053003669
          ],
          [
            7.734768071307314,
            46.153305326766194
          ],
          [
            7.7347819865880725,
            46.15321227559195
          ],
          [
            7.734761175275313,
            46.15312432585968
          ],
          [
            7.734753763844427,
            46.153041702452256
          ],
          [
            7.734857431526158,
            46.15289853563169
          ],
          [
            7.735043840743319,
            46.15267287803281
          ],
          [
            7.735042766144741,
            46.1525749724726
          ],
          [
            7.735064547429036,
            46.15249089628604
          ],
          [
            7.735117924248182,
            46.152418773462685
          ],
          [
            7.735119394463295,
            46.152384379339246
          ],
          [
            7.73506366884707,
            46.152283558445845
          ],
          [
            7.735096562319727,
            46.152210265884484
          ],
          [
            7.735180271878362,
            46.15213928696436
          ],
          [
            7.73520957987112,
            46.15202785332475
          ],
          [
            7.73526484517303,
            46.15196276905648
          ],
          [
            7.73529237824969,
            46.1518725427344
          ],
          [
            7.7353612587945655,
            46.15182156384455
          ],
          [
            7.735610693393721,
            46.151733418047975
          ],
          [
            7.735724486398949,
            46.151675115560195
          ],
          [
            7.735797011882195,
            46.151628075912356
          ],
          [
            7.735820686538547,
            46.151540189459844
          ],
          [
            7.735833805014411,
            46.151405751387806
          ],
          [
            7.735881613383136,
            46.151316839002575
          ],
          [
            7.735974120622259,
            46.15122894259869
          ],
          [
            7.736034944906419,
            46.15111537492308
          ],
          [
            7.736114838568754,
            46.15104536786778
          ],
          [
            7.736287279596987,
            46.15076434988164
          ],
          [
            7.736366320727531,
            46.15071144557098
          ],
          [
            7.736457380481142,
            46.1506028986261
          ],
          [
            7.736503133333725,
            46.15057412713222
          ],
          [
            7.736577405248504,
            46.150513067201295
          ],
          [
            7.736711968372978,
            46.15036218003534
          ],
          [
            7.736815561834932,
            46.15028320437963
          ],
          [
            7.736846622729359,
            46.15024475618793
          ],
          [
            7.736872095464006,
            46.15016896389173
          ],
          [
            7.7369969425044545,
            46.14993616085841
          ],
          [
            7.737202975992955,
            46.14974289515156
          ],
          [
            7.737201426574334,
            46.149715147741496
          ],
          [
            7.736959109954909,
            46.14955912809484
          ],
          [
            7.736798421485836,
            46.14933349163071
          ],
          [
            7.736569925833211,
            46.14907684568406
          ],
          [
            7.736251908072329,
            46.14876574140521
          ],
          [
            7.73548899746024,
            46.147896375599
          ],
          [
            7.734825110902697,
            46.14725931835587
          ],
          [
            7.734700288578947,
            46.14702653251939
          ],
          [
            7.734576700341151,
            46.1468971839646
          ],
          [
            7.734649106101446,
            46.14645859299586
          ],
          [
            7.734452008260597,
            46.14627677624521
          ],
          [
            7.734261508519816,
            46.146144525774055
          ],
          [
            7.7342202236700635,
            46.146063277247855
          ],
          [
            7.734219199715627,
            46.14601034069963
          ],
          [
            7.733966856819221,
            46.14585279367676
          ],
          [
            7.733771871780698,
            46.14566835251692
          ],
          [
            7.733827580039602,
            46.14559989445573
          ],
          [
            7.733898863527012,
            46.14554454731864
          ],
          [
            7.734051131229164,
            46.14547836489324
          ],
          [
            7.734278130397657,
            46.14516897935096
          ],
          [
            7.734304312764902,
            46.14507581526897
          ],
          [
            7.73406852829261,
            46.14499999540096
          ],
          [
            7.733779610443986,
            46.14487003409155
          ],
          [
            7.73373904780201,
            46.14466574144168
          ],
          [
            7.7336249490989,
            46.144585932993365
          ],
          [
            7.733622299645131,
            46.14445230098944
          ],
          [
            7.733441645185993,
            46.1442578727753
          ],
          [
            7.733359785209584,
            46.144043576524645
          ],
          [
            7.733639085642282,
            46.143788119707736
          ],
          [
            7.733498696103395,
            46.14360117890788
          ],
          [
            7.733469403690082,
            46.143269002094655
          ],
          [
            7.733279700352505,
            46.14255699839415
          ],
          [
            7.732866085291333,
            46.14220881996116
          ],
          [
            7.73307388583581,
            46.1420243819661
          ],
          [
            7.733226497615131,
            46.141915623496544
          ],
          [
            7.733790110527451,
            46.14147203796272
          ],
          [
            7.734354646390399,
            46.14114813387185
          ],
          [
            7.734413937313382,
            46.141106608036424
          ],
          [
            7.734472037091408,
            46.14097412160659
          ],
          [
            7.7348570480055825,
            46.14079350769626
          ],
          [
            7.735142122213541,
            46.14063347552995
          ],
          [
            7.736174669447778,
            46.14052091016455
          ],
          [
            7.736280324686015,
            46.14048877875877
          ],
          [
            7.736350471069477,
            46.140428296561694
          ],
          [
            7.736383877030745,
            46.14032480402521
          ],
          [
            7.736426429039525,
            46.14026353082335
          ],
          [
            7.736800176494639,
            46.14009121587361
          ],
          [
            7.736913214214608,
            46.14005570904998
          ],
          [
            7.737066985999571,
            46.13998169237481
          ],
          [
            7.7371624608063,
            46.1399150168371
          ],
          [
            7.7374169947393225,
            46.139818559549234
          ],
          [
            7.738334154812815,
            46.13943431454314
          ],
          [
            7.73834970371705,
            46.139331786278824
          ],
          [
            7.73832528733988,
            46.13922365167708
          ],
          [
            7.738320378993103,
            46.1390742294839
          ],
          [
            7.738138111041761,
            46.138833116895
          ],
          [
            7.737933347823171,
            46.138595544841834
          ],
          [
            7.737803526702621,
            46.13847200060181
          ],
          [
            7.737779586456005,
            46.13836784069589
          ],
          [
            7.737669890861639,
            46.138256576075705
          ],
          [
            7.737603170437484,
            46.138206844743735
          ],
          [
            7.737491410773265,
            46.13804454428095
          ],
          [
            7.737392166659071,
            46.13777599941925
          ],
          [
            7.737306030345607,
            46.13762560427356
          ],
          [
            7.737212816669194,
            46.13740657320517
          ],
          [
            7.737200393307614,
            46.13710312990403
          ],
          [
            7.7370920993651096,
            46.136878165459265
          ],
          [
            7.7369861828043796,
            46.13653145698655
          ],
          [
            7.73692017472354,
            46.13619911714565
          ],
          [
            7.736874264963934,
            46.135843443639146
          ],
          [
            7.736843214879007,
            46.13571393467353
          ],
          [
            7.7368127891063425,
            46.135426029277546
          ],
          [
            7.7367987851324544,
            46.135154947372946
          ],
          [
            7.736686136991085,
            46.13499185689877
          ],
          [
            7.736623046333702,
            46.13455311812055
          ],
          [
            7.736641330038907,
            46.134256439596825
          ],
          [
            7.736696554203772,
            46.13401416816626
          ],
          [
            7.736690638282257,
            46.13388788534356
          ],
          [
            7.736616052839179,
            46.13381364314624
          ],
          [
            7.736659876735798,
            46.13373031827229
          ],
          [
            7.736588059832933,
            46.13367019187626
          ],
          [
            7.736592856487464,
            46.13363388194298
          ],
          [
            7.7367177050242155,
            46.1335647185835
          ],
          [
            7.736868862743411,
            46.13350817853376
          ],
          [
            7.736889875761893,
            46.133479679001994
          ],
          [
            7.736870161903048,
            46.13334309661361
          ],
          [
            7.736955228357051,
            46.13327753716338
          ],
          [
            7.737055312704611,
            46.13318039041506
          ],
          [
            7.737350019148452,
            46.13301326566283
          ],
          [
            7.737374002215172,
            46.13287483180727
          ],
          [
            7.737656311228653,
            46.1325469693995
          ],
          [
            7.737872724937345,
            46.13233363285688
          ],
          [
            7.738033014202143,
            46.13222298545755
          ],
          [
            7.738159172172567,
            46.132155220345254
          ],
          [
            7.738218993688415,
            46.13209477332349
          ],
          [
            7.738294527250139,
            46.13199264395476
          ],
          [
            7.738437261477122,
            46.13188050423494
          ],
          [
            7.738509279760135,
            46.1317532952755
          ],
          [
            7.738902219588077,
            46.13132264037635
          ],
          [
            7.739096045562101,
            46.131081025260116
          ],
          [
            7.739235708765476,
            46.13094525221443
          ],
          [
            7.739271586592937,
            46.130867452758295
          ],
          [
            7.73954569225223,
            46.130670430604354
          ],
          [
            7.739608298868905,
            46.130578256904805
          ],
          [
            7.739762841118754,
            46.13043117210845
          ],
          [
            7.740202006745594,
            46.1300926485898
          ],
          [
            7.740778949394573,
            46.129670321079324
          ],
          [
            7.740914481440183,
            46.12959610496243
          ],
          [
            7.741008421464751,
            46.12951105222274
          ],
          [
            7.741175834724601,
            46.12940917000654
          ],
          [
            7.741589977249293,
            46.129216005123766
          ],
          [
            7.741903180778421,
            46.12901478847489
          ],
          [
            7.742169012828187,
            46.12876410528528
          ],
          [
            7.742227136863987,
            46.128699999471436
          ],
          [
            7.742331109126887,
            46.12863284695117
          ],
          [
            7.742373214120807,
            46.12856847822422
          ],
          [
            7.742463576749079,
            46.128529545383515
          ],
          [
            7.742832609464023,
            46.128257875440475
          ],
          [
            7.742919448918751,
            46.128209065531266
          ],
          [
            7.743023856804604,
            46.128136819681174
          ],
          [
            7.743343324110654,
            46.127866028084156
          ],
          [
            7.743497212584434,
            46.12778817913945
          ],
          [
            7.743557775916481,
            46.12776522998355
          ],
          [
            7.743645292840195,
            46.127698966198786
          ],
          [
            7.743704980884043,
            46.1276304745392
          ],
          [
            7.743862716561988,
            46.12753513624149
          ],
          [
            7.743977135610485,
            46.12747676970285
          ],
          [
            7.744129942451966,
            46.127441876860345
          ],
          [
            7.744324249913223,
            46.127373974689746
          ],
          [
            7.7443573783292,
            46.12731059201215
          ],
          [
            7.744367911469993,
            46.12722068837547
          ],
          [
            7.744400792974147,
            46.12715713543631
          ],
          [
            7.744651281031137,
            46.12708348552313
          ],
          [
            7.744829491833175,
            46.12694160113871
          ],
          [
            7.744918305714775,
            46.12683022885061
          ],
          [
            7.745014447787309,
            46.1267337603606
          ],
          [
            7.745063984637999,
            46.126636608471664
          ],
          [
            7.745165957010454,
            46.12658328500197
          ],
          [
            7.745191268455909,
            46.12654736887912
          ],
          [
            7.745178105143682,
            46.12647479197838
          ],
          [
            7.745151924699728,
            46.12640415742785
          ],
          [
            7.74526995821033,
            46.126296582772916
          ],
          [
            7.745553926431453,
            46.126089821946174
          ],
          [
            7.745660492340597,
            46.12603459648218
          ],
          [
            7.745777059822865,
            46.12592200572294
          ],
          [
            7.745772742457071,
            46.125784483536535
          ],
          [
            7.745785432067162,
            46.12563905299728
          ],
          [
            7.7455890791512685,
            46.12552093400017
          ],
          [
            7.745341404945224,
            46.12513988620282
          ],
          [
            7.745333890007874,
            46.12499255847117
          ],
          [
            7.745226147621578,
            46.124856126325575
          ],
          [
            7.745144559502856,
            46.12458724378564
          ],
          [
            7.745038975534204,
            46.124350945344624
          ],
          [
            7.7448669954452,
            46.12418312130077
          ],
          [
            7.744853466502194,
            46.1239827087492
          ],
          [
            7.744639480542767,
            46.12393481063546
          ],
          [
            7.743765760791274,
            46.1233297699082
          ],
          [
            7.743513992887989,
            46.12335197543816
          ],
          [
            7.743362193998843,
            46.123463606292
          ],
          [
            7.743180606093072,
            46.1233973030554
          ],
          [
            7.742983260755032,
            46.12329132632244
          ],
          [
            7.742885338367339,
            46.123195264833605
          ],
          [
            7.742864186511456,
            46.12296269529506
          ],
          [
            7.742776876552515,
            46.122771917390516
          ],
          [
            7.742809985654736,
            46.122451755596316
          ],
          [
            7.742465444136119,
            46.12236985923888
          ],
          [
            7.742433713317783,
            46.12231908331763
          ],
          [
            7.742586803850695,
            46.122191033263775
          ],
          [
            7.74249091478666,
            46.121845805636
          ],
          [
            7.742308288684139,
            46.12157974734786
          ],
          [
            7.742048172370203,
            46.121585806933474
          ],
          [
            7.741794143998327,
            46.12151862535536
          ],
          [
            7.741647186578884,
            46.12139477189646
          ],
          [
            7.7416583144338365,
            46.12120615817312
          ],
          [
            7.741565678960123,
            46.121103604566045
          ],
          [
            7.74098560039253,
            46.12109335474526
          ],
          [
            7.740585464293398,
            46.12124697135045
          ],
          [
            7.739379902363988,
            46.12162704578043
          ],
          [
            7.7387476815023275,
            46.12175519454374
          ],
          [
            7.738380516230217,
            46.12179916731023
          ],
          [
            7.737600948146527,
            46.12186397520912
          ],
          [
            7.7349773357422755,
            46.12083179818647
          ],
          [
            7.734601552173193,
            46.12086270162599
          ],
          [
            7.734053743299027,
            46.12092960392615
          ],
          [
            7.73318533108523,
            46.120942906620414
          ],
          [
            7.732780047812682,
            46.12089861460178
          ],
          [
            7.73127650480499,
            46.120621195626065
          ],
          [
            7.730613293633239,
            46.12047775673442
          ],
          [
            7.7303916268642014,
            46.12037701132699
          ],
          [
            7.730011172228878,
            46.12027889660271
          ],
          [
            7.729756137488804,
            46.12022769372905
          ],
          [
            7.7296529610289975,
            46.12021819903872
          ],
          [
            7.729535099532624,
            46.120198469050344
          ],
          [
            7.729459352385438,
            46.12015096917944
          ],
          [
            7.729372006793564,
            46.120140911778385
          ],
          [
            7.729225391507526,
            46.1200754227943
          ],
          [
            7.728996606951573,
            46.12007808837909
          ],
          [
            7.72885738015921,
            46.12007137519424
          ],
          [
            7.728530778055774,
            46.119950394398025
          ],
          [
            7.728386017912764,
            46.119880734609175
          ],
          [
            7.7282164971054765,
            46.11986206212883
          ],
          [
            7.728113973903529,
            46.11988293350599
          ],
          [
            7.728046033887184,
            46.11987795290086
          ],
          [
            7.7279360248206395,
            46.11982868658705
          ],
          [
            7.727693250975664,
            46.11966857395107
          ],
          [
            7.727300918650247,
            46.11951418600591
          ],
          [
            7.726952195768182,
            46.1194188046186
          ],
          [
            7.726079181423045,
            46.11913793526779
          ],
          [
            7.725977335509384,
            46.11909556392222
          ],
          [
            7.725714527405161,
            46.11902305211466
          ],
          [
            7.725515540182019,
            46.11894965818397
          ],
          [
            7.725387159910157,
            46.118869509127904
          ],
          [
            7.7250976269122065,
            46.11874728200355
          ],
          [
            7.724808442575861,
            46.11866672086704
          ],
          [
            7.724611061920875,
            46.118585908910745
          ],
          [
            7.724487305873895,
            46.11845702698881
          ],
          [
            7.724143428963529,
            46.118462546309935
          ],
          [
            7.722845587346196,
            46.11860188247095
          ],
          [
            7.7222939461564355,
            46.11864153458197
          ],
          [
            7.721994289241077,
            46.118650966460706
          ],
          [
            7.7213962003587975,
            46.118709162508644
          ],
          [
            7.721198145137176,
            46.11870965747058
          ],
          [
            7.720953363520488,
            46.11868705109222
          ],
          [
            7.720568127286427,
            46.11869965230871
          ],
          [
            7.720365145314225,
            46.118667827915736
          ],
          [
            7.720338077801746,
            46.11866914572131
          ],
          [
            7.7201899006224535,
            46.11866172448862
          ],
          [
            7.719984138224591,
            46.11863751660595
          ],
          [
            7.719526807784911,
            46.11864933104429
          ],
          [
            7.7194204132146025,
            46.1186822942052
          ],
          [
            7.719246473743676,
            46.11870618638254
          ],
          [
            7.718994544061191,
            46.118770266048585
          ],
          [
            7.718831531789979,
            46.118788526243094
          ],
          [
            7.7186411239300385,
            46.11877690768717
          ],
          [
            7.718573931901236,
            46.11875839914831
          ],
          [
            7.718400180243726,
            46.11874578542824
          ],
          [
            7.71830670004707,
            46.11872921283261
          ],
          [
            7.718208934882459,
            46.118737298681516
          ],
          [
            7.718043331540107,
            46.11872949490574
          ],
          [
            7.717134617888248,
            46.11841761882264
          ],
          [
            7.717067334945779,
            46.11831244605626
          ],
          [
            7.716859523400226,
            46.11819509713951
          ],
          [
            7.716466626315954,
            46.118023221548434
          ],
          [
            7.715397705680934,
            46.11791138213034
          ],
          [
            7.714988065902813,
            46.117937058610686
          ],
          [
            7.714379170509767,
            46.11731147982619
          ],
          [
            7.714260144131451,
            46.117122376723515
          ],
          [
            7.7142021881278025,
            46.11697225555982
          ],
          [
            7.714175713264762,
            46.11672386180123
          ],
          [
            7.714135114992326,
            46.116504018469065
          ],
          [
            7.7138912483591175,
            46.11611569677656
          ],
          [
            7.713777557051996,
            46.11587289452043
          ],
          [
            7.713420306643628,
            46.11560006312484
          ],
          [
            7.713360429378629,
            46.11549672329576
          ],
          [
            7.713120658669152,
            46.11526793583693
          ],
          [
            7.7129923264509745,
            46.115029504221155
          ],
          [
            7.712694329802199,
            46.11476508162973
          ],
          [
            7.712482061163161,
            46.1145434406631
          ],
          [
            7.712324897882677,
            46.114273116781895
          ],
          [
            7.711964208000081,
            46.11418594014409
          ],
          [
            7.711839008878867,
            46.11406053825673
          ],
          [
            7.711621124194529,
            46.11387344332758
          ],
          [
            7.711352026727544,
            46.113485195178306
          ],
          [
            7.711266535022427,
            46.113159104296464
          ],
          [
            7.711218724103979,
            46.11281530020028
          ],
          [
            7.711253078694788,
            46.11260529635926
          ],
          [
            7.711088559362873,
            46.112416434605606
          ],
          [
            7.711041726998411,
            46.11184798129746
          ],
          [
            7.7108200314726165,
            46.11144891305079
          ],
          [
            7.710821725771283,
            46.11074955608085
          ],
          [
            7.7092208348944276,
            46.11465892146277
          ],
          [
            7.705447005581732,
            46.118933297166855
          ],
          [
            7.689528606571253,
            46.13045371820845
          ],
          [
            7.689190832465434,
            46.13071565349247
          ],
          [
            7.688866405607586,
            46.130985618303846
          ],
          [
            7.688555725625147,
            46.13126327903899
          ],
          [
            7.688405663236361,
            46.13140490406317
          ],
          [
            7.688116312572227,
            46.13169350013181
          ],
          [
            7.687841610828575,
            46.13198893583665
          ],
          [
            7.687581918828169,
            46.13229085966387
          ],
          [
            7.687337519704677,
            46.13259890227649
          ],
          [
            7.68710874832989,
            46.13291268522476
          ],
          [
            7.686895861925165,
            46.133231821229934
          ],
          [
            7.686699130713278,
            46.13355593197575
          ],
          [
            7.686518760160858,
            46.13388462129156
          ],
          [
            7.686355007469211,
            46.134217483892236
          ],
          [
            7.686208078101559,
            46.13455411459993
          ],
          [
            7.686078112841045,
            46.13489410837181
          ],
          [
            7.685965317141178,
            46.13523705102123
          ],
          [
            7.685869779973618,
            46.135582519613344
          ],
          [
            7.685791655018296,
            46.13593009106445
          ],
          [
            7.685731031308009,
            46.136279351419915
          ],
          [
            7.685687958942054,
            46.136629859815365
          ],
          [
            7.685662527007109,
            46.13698121127553
          ],
          [
            7.685654746711541,
            46.13733294701335
          ],
          [
            7.685657482012713,
            46.137508849903234
          ],
          [
            7.685676176424948,
            46.13786041093708
          ],
          [
            7.685712531476822,
            46.13821129474417
          ],
          [
            7.68576646791616,
            46.138561069692585
          ],
          [
            7.685837932528395,
            46.138909340067656
          ],
          [
            7.685880203409128,
            46.13908277279833
          ],
          [
            7.685977808280464,
            46.13942794549346
          ],
          [
            7.686092678608611,
            46.13977057060352
          ],
          [
            7.686224683180081,
            46.14011018059214
          ],
          [
            7.686373639372193,
            46.140446388988586
          ],
          [
            7.686539390265813,
            46.14077877327673
          ],
          [
            7.686721740225949,
            46.141106938005166
          ],
          [
            7.686819055244659,
            46.14126931113242
          ],
          [
            7.687025873781487,
            46.1415903871843
          ],
          [
            7.687135299262116,
            46.14174899130632
          ],
          [
            7.687248692219031,
            46.1419062552638
          ],
          [
            7.6876217270684695,
            46.14239667606215
          ],
          [
            7.687889527485646,
            46.14276172185811
          ],
          [
            7.688148131729229,
            46.14312995375585
          ],
          [
            7.688397435716267,
            46.143501282092124
          ],
          [
            7.68863739985795,
            46.14387557208198
          ],
          [
            7.688867932874959,
            46.14425270704385
          ],
          [
            7.689088956504528,
            46.144632588256975
          ],
          [
            7.68930040529528,
            46.145015089983545
          ],
          [
            7.689502226772329,
            46.145400095450775
          ],
          [
            7.689694355554273,
            46.14578749690789
          ],
          [
            7.689876739071776,
            46.1461771595868
          ],
          [
            7.690049286088788,
            46.14656898478552
          ],
          [
            7.690212008735184,
            46.14696283758799
          ],
          [
            7.690364789797094,
            46.147358601354135
          ],
          [
            7.69050762857683,
            46.14775616817842
          ],
          [
            7.6906404595367235,
            46.14815540331011
          ],
          [
            7.6907632430606245,
            46.14855618093402
          ],
          [
            7.690875952554006,
            46.14895839319454
          ],
          [
            7.690978535450458,
            46.149361914300215
          ],
          [
            7.691070978008193,
            46.149766618370435
          ],
          [
            7.691153253498285,
            46.15017237055523
          ],
          [
            7.691225322412092,
            46.150579072013
          ],
          [
            7.691287170916711,
            46.15098657886393
          ],
          [
            7.6913387594153955,
            46.15139477426989
          ],
          [
            7.691380112984161,
            46.15180353225006
          ],
          [
            7.692959582457206,
            46.16969643231065
          ],
          [
            7.692851858158735,
            46.170303617451076
          ],
          [
            7.692669299873416,
            46.17053359523262
          ],
          [
            7.692570971663557,
            46.17072002502006
          ],
          [
            7.692617050252259,
            46.170956200587185
          ],
          [
            7.692665552667956,
            46.17132100803774
          ],
          [
            7.692549665789509,
            46.171644138621225
          ],
          [
            7.692545393075078,
            46.171844894411635
          ],
          [
            7.6924368348227485,
            46.17202057926959
          ],
          [
            7.692319633919894,
            46.17210860309167
          ],
          [
            7.692150751886614,
            46.17219577995196
          ],
          [
            7.69195596008737,
            46.17231378852108
          ],
          [
            7.691906682174037,
            46.17235368634427
          ],
          [
            7.691910960682271,
            46.17271539958049
          ],
          [
            7.691942641520045,
            46.17280394456803
          ],
          [
            7.69194045261058,
            46.172901614892325
          ],
          [
            7.691914732582172,
            46.172964965582
          ],
          [
            7.691902032568456,
            46.1730409619791
          ],
          [
            7.691925893535851,
            46.1731241090968
          ],
          [
            7.692014694007387,
            46.17318540452584
          ],
          [
            7.692074909013833,
            46.17324494673762
          ],
          [
            7.692135877309524,
            46.17335800216761
          ],
          [
            7.692131401575356,
            46.17351533656182
          ],
          [
            7.692183870984677,
            46.173596611477016
          ],
          [
            7.692358860798819,
            46.17370293464258
          ],
          [
            7.692450455328295,
            46.173796769624936
          ],
          [
            7.692540173905106,
            46.174049786221794
          ],
          [
            7.692535849850561,
            46.174228385945305
          ],
          [
            7.692726899117517,
            46.174989382745146
          ],
          [
            7.692852340977539,
            46.17507952524033
          ],
          [
            7.692955826567419,
            46.17547130405909
          ],
          [
            7.692943552560232,
            46.175635897494296
          ],
          [
            7.6928035814413,
            46.175782705349036
          ],
          [
            7.692817361286503,
            46.1759418429333
          ],
          [
            7.6929537130395795,
            46.176138666893806
          ],
          [
            7.692959020813709,
            46.17669498913917
          ],
          [
            7.692879484310663,
            46.17695920715988
          ],
          [
            7.6929731639958225,
            46.177499795600795
          ],
          [
            7.692998531866594,
            46.17780302601206
          ],
          [
            7.692999238828692,
            46.17795494248059
          ],
          [
            7.692913941016263,
            46.17808897085172
          ],
          [
            7.692833880869648,
            46.17824107759965
          ],
          [
            7.692837072538382,
            46.178367674816556
          ],
          [
            7.692949414719252,
            46.17844338167728
          ],
          [
            7.693525311808737,
            46.17849452271296
          ],
          [
            7.693580601914223,
            46.178621011663715
          ],
          [
            7.69355238429417,
            46.178748768027006
          ],
          [
            7.693370713734991,
            46.178888464940314
          ],
          [
            7.6932771717421815,
            46.178937503502006
          ],
          [
            7.693296151140596,
            46.179094812258114
          ],
          [
            7.693302296246209,
            46.179299169986194
          ],
          [
            7.693355801235358,
            46.17960108670184
          ],
          [
            7.6933145292080125,
            46.17968723162833
          ],
          [
            7.693317747353943,
            46.179819253146135
          ],
          [
            7.693349426226801,
            46.17990599867093
          ],
          [
            7.693577173268257,
            46.18015145363761
          ],
          [
            7.693600950450392,
            46.180223751916685
          ],
          [
            7.6936518327660774,
            46.18070964390777
          ],
          [
            7.693662203448057,
            46.18090892759016
          ],
          [
            7.693800918228761,
            46.18101496146794
          ],
          [
            7.693822154497721,
            46.18116144334096
          ],
          [
            7.693865726778312,
            46.18129880729866
          ],
          [
            7.693798932061644,
            46.18138842825022
          ],
          [
            7.693721917582575,
            46.1816747255069
          ],
          [
            7.6936234220243405,
            46.18177608506033
          ],
          [
            7.693557398865583,
            46.1820368908548
          ],
          [
            7.693653314908414,
            46.182181927306466
          ],
          [
            7.693769252226468,
            46.1822102093604
          ],
          [
            7.6941409097209466,
            46.18220417220935
          ],
          [
            7.694197121842621,
            46.18224422885964
          ],
          [
            7.694156271886645,
            46.18232938363484
          ],
          [
            7.694170085635422,
            46.18248626315005
          ],
          [
            7.694196834914378,
            46.18260938888686
          ],
          [
            7.694363614275236,
            46.182730903217276
          ],
          [
            7.694416557842029,
            46.18287214093037
          ],
          [
            7.6945562012479805,
            46.183003629428185
          ],
          [
            7.694755224170548,
            46.18322881688112
          ],
          [
            7.694836274647422,
            46.18338423992333
          ],
          [
            7.694901343150534,
            46.18371348555019
          ],
          [
            7.694924770703959,
            46.18392869786438
          ],
          [
            7.694910440994524,
            46.18404899279995
          ],
          [
            7.695017776022058,
            46.18423030863665
          ],
          [
            7.695186616601546,
            46.184389418828566
          ],
          [
            7.695220731616877,
            46.18449179274453
          ],
          [
            7.695443024381911,
            46.184791625992624
          ],
          [
            7.69544532964136,
            46.184879804889164
          ],
          [
            7.695484851405627,
            46.184941956023884
          ],
          [
            7.695707618480742,
            46.1850555782253
          ],
          [
            7.695721230631108,
            46.18516575275247
          ],
          [
            7.69577572936475,
            46.18523438263097
          ],
          [
            7.695804193057569,
            46.185335455845696
          ],
          [
            7.695743172196761,
            46.185441436897314
          ],
          [
            7.695581300280332,
            46.18557277149345
          ],
          [
            7.6955706513545055,
            46.18569339101599
          ],
          [
            7.69564402072944,
            46.185806056730065
          ],
          [
            7.695812405746638,
            46.185861429481115
          ],
          [
            7.696092602832672,
            46.185864679139065
          ],
          [
            7.696221787712318,
            46.185931834678904
          ],
          [
            7.6962919177777485,
            46.18614823591841
          ],
          [
            7.696470582809028,
            46.18635620412231
          ],
          [
            7.696615745924945,
            46.18663337974463
          ],
          [
            7.696657507445853,
            46.18677982340596
          ],
          [
            7.69668473676218,
            46.1870002262253
          ],
          [
            7.696892714822064,
            46.18740521221758
          ],
          [
            7.697012989010577,
            46.18756183970734
          ],
          [
            7.697172692239064,
            46.18775729218243
          ],
          [
            7.697218317204992,
            46.18792318437803
          ],
          [
            7.697136584827881,
            46.18811384434356
          ],
          [
            7.69700298715295,
            46.18830087137214
          ],
          [
            7.6968677748593874,
            46.188541102069884
          ],
          [
            7.6964935250931665,
            46.18885780004119
          ],
          [
            7.696422882969743,
            46.18893187788823
          ],
          [
            7.696400977284615,
            46.18903826505744
          ],
          [
            7.696425813245295,
            46.189154917831715
          ],
          [
            7.69647475059037,
            46.18923521838909
          ],
          [
            7.69641017034986,
            46.189400048326135
          ],
          [
            7.696322248806234,
            46.189792736626586
          ],
          [
            7.6962763182847915,
            46.189960132800756
          ],
          [
            7.6961672694462315,
            46.1901989898007
          ],
          [
            7.696167892775474,
            46.19033125111878
          ],
          [
            7.696205816345102,
            46.19045177830212
          ],
          [
            7.696222994062254,
            46.19053473292284
          ],
          [
            7.696228089689799,
            46.19074191766749
          ],
          [
            7.696670731607754,
            46.19112478087647
          ],
          [
            7.696736691960441,
            46.19124913014315
          ],
          [
            7.6967100427562585,
            46.19147567382473
          ],
          [
            7.696811415407069,
            46.191580493827495
          ],
          [
            7.696868197591521,
            46.19173597082635
          ],
          [
            7.6969248452659595,
            46.191862922961995
          ],
          [
            7.697086273328806,
            46.192023351713466
          ],
          [
            7.6971168597571875,
            46.19217759297849
          ],
          [
            7.697203933659615,
            46.19239999116359
          ],
          [
            7.697210292352637,
            46.19255300132375
          ],
          [
            7.697313690761271,
            46.1926993041142
          ],
          [
            7.697370536926763,
            46.192867743434014
          ],
          [
            7.697376791095532,
            46.193001305274485
          ],
          [
            7.697351871914607,
            46.193234465967144
          ],
          [
            7.697345354382895,
            46.193441965081256
          ],
          [
            7.697348434717902,
            46.1937013200865
          ],
          [
            7.697361966478078,
            46.19379335947259
          ],
          [
            7.697493935202972,
            46.194044629860876
          ],
          [
            7.69749667558058,
            46.19421293186592
          ],
          [
            7.6975812404856345,
            46.194320362359626
          ],
          [
            7.697770115027205,
            46.194756956312055
          ],
          [
            7.69769446804587,
            46.19495423259659
          ],
          [
            7.6976145739417206,
            46.19508366448663
          ],
          [
            7.697580292371072,
            46.195336628051265
          ],
          [
            7.69752670500988,
            46.195454755213525
          ],
          [
            7.697396779716527,
            46.195641189637726
          ],
          [
            7.697350615519283,
            46.195754109283456
          ],
          [
            7.697284476665101,
            46.195990287687074
          ],
          [
            7.697384479199559,
            46.19619494388011
          ],
          [
            7.6973911186370065,
            46.1964179754269
          ],
          [
            7.697513397687351,
            46.19659406448145
          ],
          [
            7.697527260961323,
            46.196761324588614
          ],
          [
            7.697470169510899,
            46.19692216200541
          ],
          [
            7.697384927417799,
            46.19706370508187
          ],
          [
            7.697340810230426,
            46.1972207076519
          ],
          [
            7.697367800537572,
            46.197394423661684
          ],
          [
            7.697430120390602,
            46.197530439240545
          ],
          [
            7.697621113596577,
            46.19762209114008
          ],
          [
            7.697716655861673,
            46.19768022738926
          ],
          [
            7.697723027324167,
            46.197810910377726
          ],
          [
            7.697654444173529,
            46.197925176790726
          ],
          [
            7.697604978614771,
            46.19812627929755
          ],
          [
            7.6976171123802315,
            46.19832207751162
          ],
          [
            7.697743231885162,
            46.19852020586714
          ],
          [
            7.697828722124197,
            46.19878294372
          ],
          [
            7.697853908861219,
            46.19897740769119
          ],
          [
            7.697963093165918,
            46.19914704040381
          ],
          [
            7.69810055704758,
            46.1993736585726
          ],
          [
            7.698226116479643,
            46.19968478185665
          ],
          [
            7.698322226421474,
            46.200079487979444
          ],
          [
            7.69864605130593,
            46.20047195356072
          ],
          [
            7.69933371820389,
            46.201041839218426
          ],
          [
            7.699478546063249,
            46.20137863535176
          ],
          [
            7.699502174428102,
            46.20160881526022
          ],
          [
            7.699591303545832,
            46.20188741177677
          ],
          [
            7.69953686366866,
            46.202220816461505
          ],
          [
            7.699539446933814,
            46.202338536404895
          ],
          [
            7.699632338518781,
            46.20262880957142
          ],
          [
            7.699912561376227,
            46.203009416849405
          ],
          [
            7.699926520256419,
            46.20315144375785
          ],
          [
            7.699929849742009,
            46.2034574946333
          ],
          [
            7.699938033392616,
            46.203600128573136
          ],
          [
            7.699966773527328,
            46.203744532225805
          ],
          [
            7.69993778863551,
            46.2039417024732
          ],
          [
            7.69996151643431,
            46.204202863068815
          ],
          [
            7.699939740767831,
            46.204341688982126
          ],
          [
            7.6999839380610275,
            46.20459446341903
          ],
          [
            7.700327506974829,
            46.20484335342175
          ],
          [
            7.7003828512853865,
            46.20508313026109
          ],
          [
            7.700456338003947,
            46.20521004186908
          ],
          [
            7.7007018249409365,
            46.20536249919963
          ],
          [
            7.700870024209493,
            46.20563538857645
          ],
          [
            7.700846285457049,
            46.20575086654462
          ],
          [
            7.700844961324937,
            46.205863692905034
          ],
          [
            7.701152454266813,
            46.20608472345945
          ],
          [
            7.701566389232463,
            46.206287371049385
          ],
          [
            7.7016975003290895,
            46.206530488746665
          ],
          [
            7.7017800254524165,
            46.20650465057129
          ],
          [
            7.701794892180515,
            46.20653808881999
          ],
          [
            7.7018476538428615,
            46.2066166331425
          ],
          [
            7.702054592847059,
            46.20696802570584
          ],
          [
            7.7021872341220625,
            46.20712737189965
          ],
          [
            7.702303584801632,
            46.20725082726204
          ],
          [
            7.702435037198254,
            46.20742930966232
          ],
          [
            7.702473833563612,
            46.20750791319646
          ],
          [
            7.702490737993932,
            46.20756070522939
          ],
          [
            7.7025065983294985,
            46.20766020505341
          ],
          [
            7.702532832400976,
            46.20775872718011
          ],
          [
            7.702599110836276,
            46.207821299409034
          ],
          [
            7.702702163886971,
            46.20787108406624
          ],
          [
            7.702914422343884,
            46.20795402380468
          ],
          [
            7.702921159104715,
            46.20795653586811
          ],
          [
            7.7030181408448986,
            46.20800198050818
          ],
          [
            7.7030643549118425,
            46.208095022532284
          ],
          [
            7.703094947727425,
            46.20821042817486
          ],
          [
            7.703136661251723,
            46.20833994000464
          ],
          [
            7.703133233297437,
            46.20852305426738
          ],
          [
            7.703122987128328,
            46.2086119371193
          ],
          [
            7.703180423304274,
            46.20871045823962
          ],
          [
            7.703271263010958,
            46.20881433469665
          ],
          [
            7.703431024365651,
            46.20894012535615
          ],
          [
            7.703449021943695,
            46.20897223372004
          ],
          [
            7.703488263399491,
            46.20907262331991
          ],
          [
            7.70368243608498,
            46.209317723345
          ],
          [
            7.703708052839546,
            46.2093872267194
          ],
          [
            7.703705335711638,
            46.209486814822455
          ],
          [
            7.703762406860171,
            46.20963251864787
          ],
          [
            7.703787726039017,
            46.209880892034164
          ],
          [
            7.70383418520075,
            46.20998378341267
          ],
          [
            7.7039489751851775,
            46.210072004845244
          ],
          [
            7.704140244594593,
            46.2101505116223
          ],
          [
            7.704270744290627,
            46.210178380145116
          ],
          [
            7.704348353317014,
            46.210206507480905
          ],
          [
            7.704354960544066,
            46.21020895679412
          ],
          [
            7.704523824633274,
            46.210334751574244
          ],
          [
            7.704581144703093,
            46.21040587154801
          ],
          [
            7.704616539469262,
            46.21050596394597
          ],
          [
            7.704567019234804,
            46.210783388821966
          ],
          [
            7.704576917498649,
            46.210894893564245
          ],
          [
            7.704642919279818,
            46.21102443782336
          ],
          [
            7.7047891586511295,
            46.21111486048548
          ],
          [
            7.705065981002281,
            46.21117514647379
          ],
          [
            7.70516363195173,
            46.21119951992836
          ],
          [
            7.705168886227098,
            46.211200838925535
          ],
          [
            7.705266510762897,
            46.21128879355513
          ],
          [
            7.70530831751729,
            46.21138278060831
          ],
          [
            7.7052900564083275,
            46.21147490297736
          ],
          [
            7.7051359482824155,
            46.21167625514057
          ],
          [
            7.705093442408803,
            46.211773606985986
          ],
          [
            7.705120078423983,
            46.211870814238665
          ],
          [
            7.705204528203601,
            46.21194063770461
          ],
          [
            7.705328156177307,
            46.21200648279646
          ],
          [
            7.705392030237004,
            46.21207117305366
          ],
          [
            7.7054054592548535,
            46.21214376326776
          ],
          [
            7.705415429172667,
            46.21226953486996
          ],
          [
            7.705654083805548,
            46.21249937820359
          ],
          [
            7.705785437905997,
            46.2126131873578
          ],
          [
            7.705836625795919,
            46.212757014962314
          ],
          [
            7.705895252252991,
            46.212895625520815
          ],
          [
            7.705981910852549,
            46.212995254768764
          ]
        ]
      }
    },
    {
      "type": "Feature",
      "properties": {
        "bfs_nummer": 6119,
        "segment_length_m": 0.568441316490102
      },
      "geometry": {
        "type": "LineString",
        "coordinates": [
          [
            7.744662267449781,
            46.30567926215817
          ],
          [
            7.744643171212498,
            46.30554706803623
          ],
          [
            7.744562199003269,
            46.30455702296479
          ],
          [
            7.744423836610047,
            46.30372945074578
          ],
          [
            7.744375061855668,
            46.303260295110434
          ],
          [
            7.744335392636691,
            46.30300280146479
          ],
          [
            7.744352703882076,
            46.30265046568026
          ],
          [
            7.744351842020187,
            46.302320955944644
          ],
          [
            7.744336768000777,
            46.30164436788969
          ],
          [
            7.744276465891816,
            46.30044533318904
          ],
          [
            7.7442490640290425,
            46.30003503272531
          ],
          [
            7.744253913437194,
            46.299842080154555
          ],
          [
            7.744183245328292,
            46.29953903485707
          ],
          [
            7.744171301280919,
            46.29926749621302
          ],
          [
            7.744175247357478,
            46.299031438748116
          ],
          [
            7.7440616992579985,
            46.297952405938524
          ],
          [
            7.744041608310318,
            46.2974913770858
          ],
          [
            7.744037435755678,
            46.29696440298357
          ],
          [
            7.743962378272136,
            46.296643755842446
          ],
          [
            7.743857672936203,
            46.296256944186005
          ],
          [
            7.743839884321115,
            46.29590073586386
          ],
          [
            7.744064558217614,
            46.29538217757702
          ],
          [
            7.744250108312589,
            46.294621992151306
          ],
          [
            7.744261699853242,
            46.29459236511569
          ],
          [
            7.744601058148319,
            46.292846017329225
          ],
          [
            7.744919172514789,
            46.29191404239586
          ],
          [
            7.744925108612696,
            46.29120831478999
          ],
          [
            7.745256017049302,
            46.28933298974896
          ],
          [
            7.745377182428832,
            46.288775937165795
          ],
          [
            7.745377114465986,
            46.28852171027621
          ],
          [
            7.745337120488135,
            46.288233101889624
          ],
          [
            7.745181170646934,
            46.28790238326513
          ],
          [
            7.745462319892623,
            46.28769250941476
          ],
          [
            7.745571907343054,
            46.287350187973075
          ],
          [
            7.745743910466123,
            46.287043095474715
          ],
          [
            7.745936973432927,
            46.286814675897986
          ],
          [
            7.745296806069217,
            46.28666947290497
          ],
          [
            7.744854915198036,
            46.286522984553585
          ],
          [
            7.744354743441582,
            46.286365460946215
          ],
          [
            7.743986274261099,
            46.286293300548685
          ],
          [
            7.74379134615083,
            46.28621280998855
          ],
          [
            7.742261341408568,
            46.28715969039418
          ],
          [
            7.7417116321876085,
            46.28749038448613
          ],
          [
            7.74077500158875,
            46.28824039740435
          ],
          [
            7.740207100493596,
            46.28895013872271
          ],
          [
            7.740310904240565,
            46.2900489193614
          ],
          [
            7.740038413240113,
            46.29053972851133
          ],
          [
            7.738593723906409,
            46.29229997376801
          ],
          [
            7.738448349242774,
            46.293195455540534
          ],
          [
            7.7376534531021965,
            46.29422392487935
          ],
          [
            7.7369613008024976,
            46.29486413464388
          ],
          [
            7.735681296785704,
            46.29622683972278
          ],
          [
            7.735317089637444,
            46.296764331161505
          ],
          [
            7.7338063318983945,
            46.29889823313653
          ],
          [
            7.731407392054624,
            46.300479295199146
          ],
          [
            7.730542149310587,
            46.300614606379334
          ],
          [
            7.730395544129159,
            46.30064952682897
          ],
          [
            7.7301645834833,
            46.300688388045906
          ],
          [
            7.729515830586956,
            46.30100243689856
          ],
          [
            7.729383626964365,
            46.3010878028794
          ],
          [
            7.728030257526137,
            46.301190061859494
          ],
          [
            7.727540657003259,
            46.30119930652218
          ],
          [
            7.726925603374416,
            46.301169862566034
          ],
          [
            7.726411985958373,
            46.30115346269543
          ],
          [
            7.725652884714906,
            46.301176938771555
          ],
          [
            7.725142865961169,
            46.301173477815915
          ],
          [
            7.724170413808543,
            46.30106072106468
          ],
          [
            7.723994375674319,
            46.30096343479148
          ],
          [
            7.723382691751773,
            46.3007284028558
          ],
          [
            7.723153486077428,
            46.30058229418863
          ],
          [
            7.722862653618794,
            46.30049265236943
          ],
          [
            7.722268600268896,
            46.3005011462567
          ],
          [
            7.721329361500739,
            46.30036243753185
          ],
          [
            7.721054605054666,
            46.30030362419445
          ],
          [
            7.720706921330188,
            46.30021478398807
          ],
          [
            7.720546597743157,
            46.300195535793996
          ],
          [
            7.720564940032416,
            46.300140931446
          ],
          [
            7.7206536875923515,
            46.299912265715925
          ],
          [
            7.719907828304511,
            46.2997850917288
          ],
          [
            7.719428089552906,
            46.299678304597535
          ],
          [
            7.7187482744332,
            46.29962233125241
          ],
          [
            7.718344178301917,
            46.29958619375968
          ],
          [
            7.7180224841837335,
            46.29952720088767
          ],
          [
            7.717912891875597,
            46.299435948616036
          ],
          [
            7.717506788506189,
            46.299397762061986
          ],
          [
            7.71710989672952,
            46.29933595579157
          ],
          [
            7.7166242521808455,
            46.29919410614069
          ],
          [
            7.715889653396225,
            46.29901620548677
          ],
          [
            7.715552354100125,
            46.298983151270846
          ],
          [
            7.7154803831934196,
            46.29910234863004
          ],
          [
            7.715187234422191,
            46.29912768449323
          ],
          [
            7.7148731440781,
            46.29903896043337
          ],
          [
            7.714607541722098,
            46.29879620161763
          ],
          [
            7.7145150133358085,
            46.298908170842545
          ],
          [
            7.714290413687277,
            46.29888903403684
          ],
          [
            7.713994847587676,
            46.298777386552324
          ],
          [
            7.713932152053482,
            46.29871642203469
          ],
          [
            7.713791541210822,
            46.29864663274175
          ],
          [
            7.713498127870753,
            46.298544487174
          ],
          [
            7.713154408766805,
            46.2984083419462
          ],
          [
            7.712653619458862,
            46.29833012033588
          ],
          [
            7.7121281792131136,
            46.29822991651618
          ],
          [
            7.711754002754542,
            46.29821243939408
          ],
          [
            7.71142262684658,
            46.29815557406774
          ],
          [
            7.7109590904615155,
            46.298043611607184
          ],
          [
            7.710283086726818,
            46.29780633349933
          ],
          [
            7.709959642464648,
            46.29776730132311
          ],
          [
            7.70979701784103,
            46.29774503886679
          ],
          [
            7.709661287791157,
            46.297713032614475
          ],
          [
            7.709592977054376,
            46.29771179238983
          ],
          [
            7.709228458211041,
            46.29773824571772
          ],
          [
            7.709067167927811,
            46.297783455568876
          ],
          [
            7.708941986759953,
            46.29779015868337
          ],
          [
            7.708811430499022,
            46.2977466786041
          ],
          [
            7.708759029936845,
            46.297687566826205
          ],
          [
            7.708737618731424,
            46.297551909073476
          ],
          [
            7.708669390852147,
            46.297271208549276
          ],
          [
            7.708319757915392,
            46.29700848465523
          ],
          [
            7.708165611248006,
            46.29693114620547
          ],
          [
            7.708154193181325,
            46.29691329892017
          ],
          [
            7.708180256716461,
            46.296822128863255
          ],
          [
            7.708162706608085,
            46.29680035603743
          ],
          [
            7.707604729733568,
            46.29693210793739
          ],
          [
            7.707453076872821,
            46.296873356662545
          ],
          [
            7.707352030224853,
            46.29684712167943
          ],
          [
            7.7068190677005655,
            46.29683008504192
          ],
          [
            7.70643917813573,
            46.29675157723268
          ],
          [
            7.706280914586397,
            46.29668089373731
          ],
          [
            7.7062325472935775,
            46.2966336455741
          ],
          [
            7.706263465098104,
            46.29659748204491
          ],
          [
            7.70614333497624,
            46.29654073268704
          ],
          [
            7.70612465028308,
            46.296552048298416
          ],
          [
            7.706007795042459,
            46.29655173891305
          ],
          [
            7.705984529948498,
            46.2965605824859
          ],
          [
            7.705748589197108,
            46.29657891343581
          ],
          [
            7.70404337738884,
            46.2966518474131
          ],
          [
            7.703373466839906,
            46.29662262869997
          ],
          [
            7.703652857145298,
            46.29487876886344
          ],
          [
            7.702478882859757,
            46.29519331179234
          ],
          [
            7.702031159500348,
            46.29499832703337
          ],
          [
            7.701489758550362,
            46.29463188414926
          ],
          [
            7.700725539045142,
            46.294448367576386
          ],
          [
            7.7000484075659426,
            46.29417910550919
          ],
          [
            7.699970959441159,
            46.29407640939484
          ],
          [
            7.699198461879777,
            46.29444190718621
          ],
          [
            7.698646648058101,
            46.294213504177634
          ],
          [
            7.699448525341921,
            46.29318013128464
          ],
          [
            7.699463576115762,
            46.29295161574287
          ],
          [
            7.699486906277834,
            46.292742125000615
          ],
          [
            7.699442578019174,
            46.292574160813814
          ],
          [
            7.699434609057549,
            46.29255765408379
          ],
          [
            7.699497276417146,
            46.2924005626665
          ],
          [
            7.699530728348252,
            46.29232945599043
          ],
          [
            7.699471750594605,
            46.29217260815158
          ],
          [
            7.699475282947375,
            46.29213516906264
          ],
          [
            7.6993195379679,
            46.291856355340244
          ],
          [
            7.6991483840614405,
            46.291660282939446
          ],
          [
            7.699109264592894,
            46.291601675994166
          ],
          [
            7.699008086169191,
            46.29137911246054
          ],
          [
            7.6989883625902396,
            46.29131680873792
          ],
          [
            7.698797557268385,
            46.29111641799277
          ],
          [
            7.698699258820743,
            46.29092588115814
          ],
          [
            7.698593181869208,
            46.290750375823976
          ],
          [
            7.698583386848862,
            46.290633778436586
          ],
          [
            7.698642625585866,
            46.29044610109158
          ],
          [
            7.6988048039885335,
            46.290489187519796
          ],
          [
            7.698899767060575,
            46.29014942836577
          ],
          [
            7.698793479152696,
            46.29014171987561
          ],
          [
            7.69872638810966,
            46.28963224214954
          ],
          [
            7.698656580364472,
            46.28962509761772
          ],
          [
            7.698651763723851,
            46.28957831319618
          ],
          [
            7.6987024257531615,
            46.289475421633725
          ],
          [
            7.69858768157582,
            46.28926684111102
          ],
          [
            7.698567732234588,
            46.28920591417529
          ],
          [
            7.698526629242333,
            46.289152637014645
          ],
          [
            7.698450897516157,
            46.289029506807545
          ],
          [
            7.698572518153785,
            46.28881877472122
          ],
          [
            7.698589982747393,
            46.28864969715958
          ],
          [
            7.698783765303504,
            46.28879068301244
          ],
          [
            7.6988181129903275,
            46.288681846673434
          ],
          [
            7.699031964452857,
            46.288503583872824
          ],
          [
            7.6992609091036455,
            46.28840209100544
          ],
          [
            7.699439163561436,
            46.288242548189274
          ],
          [
            7.699492715871726,
            46.28813409930205
          ],
          [
            7.699756097713591,
            46.28777811983025
          ],
          [
            7.699852196781014,
            46.28758567928859
          ],
          [
            7.69992553526344,
            46.28749338584751
          ],
          [
            7.7000103194270455,
            46.28743927059421
          ],
          [
            7.700458014972592,
            46.286964436895296
          ],
          [
            7.7005602961963255,
            46.2868118412821
          ],
          [
            7.700782981164737,
            46.28665729432466
          ],
          [
            7.70084563233831,
            46.28653685054133
          ],
          [
            7.700881611536219,
            46.28628002209105
          ],
          [
            7.700956365530016,
            46.28622108063651
          ],
          [
            7.70105130049488,
            46.28605783269568
          ],
          [
            7.701491112916966,
            46.285367674840565
          ],
          [
            7.701923995901832,
            46.28512860104303
          ],
          [
            7.702135714450821,
            46.284954304370494
          ],
          [
            7.702299134792012,
            46.28498065092569
          ],
          [
            7.70211702298263,
            46.28487223532504
          ],
          [
            7.702537084710396,
            46.284559073637965
          ],
          [
            7.702587605939085,
            46.284434932883116
          ],
          [
            7.7025716149390595,
            46.28440425887055
          ],
          [
            7.702441829841701,
            46.28435960031131
          ],
          [
            7.702358184806134,
            46.284213075407074
          ],
          [
            7.702405651003649,
            46.284093061849866
          ],
          [
            7.702801069798392,
            46.28390131698506
          ],
          [
            7.7028882654055435,
            46.28383248603085
          ],
          [
            7.702891884022607,
            46.28362597308237
          ],
          [
            7.702975503370832,
            46.28356628098958
          ],
          [
            7.70300111836025,
            46.28351862524653
          ],
          [
            7.703005823242669,
            46.28328201026434
          ],
          [
            7.70302217676073,
            46.28315460252222
          ],
          [
            7.7034052866500495,
            46.28269023454807
          ],
          [
            7.703416239168522,
            46.28254628732392
          ],
          [
            7.7034496015400356,
            46.28244567390356
          ],
          [
            7.703520950660076,
            46.28238725143958
          ],
          [
            7.703589672578639,
            46.282319542541096
          ],
          [
            7.703638730915516,
            46.282202331392625
          ],
          [
            7.703715735084723,
            46.281986111608006
          ],
          [
            7.703735998702955,
            46.28186545037362
          ],
          [
            7.703777893799015,
            46.281766795967776
          ],
          [
            7.703759588118642,
            46.28148142423602
          ],
          [
            7.703797873067175,
            46.281390172695666
          ],
          [
            7.703785269862377,
            46.28132239281323
          ],
          [
            7.703784723429271,
            46.28125802110187
          ],
          [
            7.703751027693909,
            46.281036158754944
          ],
          [
            7.703688033178568,
            46.28082430505241
          ],
          [
            7.70372571922249,
            46.280404308318175
          ],
          [
            7.703673916070551,
            46.28018318991863
          ],
          [
            7.703682413650719,
            46.28010566341189
          ],
          [
            7.70377481592783,
            46.27996441348663
          ],
          [
            7.703862348670494,
            46.27989976396786
          ],
          [
            7.7039049225605485,
            46.27977564119922
          ],
          [
            7.703897961486464,
            46.27968615059629
          ],
          [
            7.703996243067862,
            46.27955626626165
          ],
          [
            7.704040143855117,
            46.279446326504015
          ],
          [
            7.7040292372162344,
            46.27923922680654
          ],
          [
            7.704072104286866,
            46.279138213155115
          ],
          [
            7.704076848477538,
            46.27907868673137
          ],
          [
            7.704017750670159,
            46.27892624048341
          ],
          [
            7.704015546245793,
            46.278817128213106
          ],
          [
            7.704111656323328,
            46.27864929614183
          ],
          [
            7.704117039748631,
            46.278478545810174
          ],
          [
            7.704144774130099,
            46.27841389203544
          ],
          [
            7.704161146382276,
            46.27828851711289
          ],
          [
            7.704141645210535,
            46.27820284304846
          ],
          [
            7.7040764906563455,
            46.27812261921725
          ],
          [
            7.704168079916605,
            46.277967166714184
          ],
          [
            7.704167709963792,
            46.2778831660545
          ],
          [
            7.7041529238649264,
            46.277849278001355
          ],
          [
            7.704065050594538,
            46.277787197610294
          ],
          [
            7.704028079379496,
            46.277723864649744
          ],
          [
            7.704157817175145,
            46.277623187483734
          ],
          [
            7.704243931014454,
            46.27748647670773
          ],
          [
            7.704335443454513,
            46.27728893352916
          ],
          [
            7.704322128961284,
            46.27725085906829
          ],
          [
            7.70446770780999,
            46.276905714226615
          ],
          [
            7.704511357080586,
            46.27679271635019
          ],
          [
            7.704501185566945,
            46.276710097006415
          ],
          [
            7.704463380068716,
            46.276611287241344
          ],
          [
            7.704515173949683,
            46.27652709239346
          ],
          [
            7.704496651723439,
            46.276458597821645
          ],
          [
            7.704546853979988,
            46.27637527926814
          ],
          [
            7.704508395029166,
            46.276216892759685
          ],
          [
            7.704521920887659,
            46.27593635822957
          ],
          [
            7.704393624346067,
            46.27579665027921
          ],
          [
            7.704463903942025,
            46.27567781482625
          ],
          [
            7.704782333387745,
            46.275336276537644
          ],
          [
            7.704335457012155,
            46.27537655401698
          ],
          [
            7.704029720472861,
            46.27543180130158
          ],
          [
            7.703381628174171,
            46.27550863610013
          ],
          [
            7.703042223831091,
            46.27557433126602
          ],
          [
            7.702705842840859,
            46.275490240562306
          ],
          [
            7.702639419156151,
            46.27557289437481
          ],
          [
            7.702630036818117,
            46.275644683615745
          ],
          [
            7.702656065738803,
            46.27570203338121
          ],
          [
            7.702668983983662,
            46.27577649641767
          ],
          [
            7.702599819498906,
            46.275930906004334
          ],
          [
            7.702538207456059,
            46.27631110715315
          ],
          [
            7.702530778026687,
            46.276387065832985
          ],
          [
            7.702528574604441,
            46.276489396642184
          ],
          [
            7.702502510428754,
            46.27654818995288
          ],
          [
            7.702525150482973,
            46.2767443507369
          ],
          [
            7.702489660061509,
            46.27678012807013
          ],
          [
            7.7024364810969566,
            46.276803946301946
          ],
          [
            7.702310591616549,
            46.27691731442307
          ],
          [
            7.70220025010445,
            46.27699174003922
          ],
          [
            7.702168815626991,
            46.277058848745106
          ],
          [
            7.702181233977689,
            46.2773897614085
          ],
          [
            7.702035540896408,
            46.277714519362526
          ],
          [
            7.702110116929222,
            46.277876619016254
          ],
          [
            7.702085019915175,
            46.278033831553294
          ],
          [
            7.702039003632918,
            46.2781334394327
          ],
          [
            7.702012846944849,
            46.27816528183308
          ],
          [
            7.701846868843866,
            46.278252565092664
          ],
          [
            7.701784619836398,
            46.27828987955983
          ],
          [
            7.7017648451361325,
            46.2783403821018
          ],
          [
            7.7018407354130565,
            46.27867537556738
          ],
          [
            7.701829540388402,
            46.27878589528684
          ],
          [
            7.701784882671951,
            46.27889034857456
          ],
          [
            7.701597695119332,
            46.279021786393834
          ],
          [
            7.701537242271029,
            46.27915204876591
          ],
          [
            7.701488110649267,
            46.27922749228599
          ],
          [
            7.701474262694302,
            46.27932880655457
          ],
          [
            7.70153452731223,
            46.27939901304541
          ],
          [
            7.7015525741398205,
            46.27959017409131
          ],
          [
            7.701543488875872,
            46.27970789442288
          ],
          [
            7.701578612697163,
            46.27977318453599
          ],
          [
            7.7016957817964995,
            46.27986221293438
          ],
          [
            7.701701359307148,
            46.27991844090259
          ],
          [
            7.701682216277242,
            46.27999245663516
          ],
          [
            7.701629362690153,
            46.28004412430639
          ],
          [
            7.701333229199379,
            46.2802405649274
          ],
          [
            7.701219049682221,
            46.28037914654682
          ],
          [
            7.701140343140163,
            46.280429218607296
          ],
          [
            7.700910848419366,
            46.28053002394986
          ],
          [
            7.700737210206501,
            46.28065856839367
          ],
          [
            7.700600569867391,
            46.280845768856395
          ],
          [
            7.700595728723563,
            46.2809696863217
          ],
          [
            7.700531904810683,
            46.28132026876714
          ],
          [
            7.700522793354051,
            46.28152494117579
          ],
          [
            7.700393507074266,
            46.28182039623933
          ],
          [
            7.699785410832158,
            46.28229273833226
          ],
          [
            7.699726638667052,
            46.28246136237328
          ],
          [
            7.699404149924894,
            46.28272906822567
          ],
          [
            7.699284793965845,
            46.2828617226336
          ],
          [
            7.698953061599656,
            46.28314552367547
          ],
          [
            7.698873086237871,
            46.283262713713675
          ],
          [
            7.698785149492428,
            46.28344635493099
          ],
          [
            7.698668741741723,
            46.2835258285505
          ],
          [
            7.698631074904736,
            46.28356649429612
          ],
          [
            7.698577867795431,
            46.283757693099325
          ],
          [
            7.6985327952730165,
            46.28384533314539
          ],
          [
            7.69840536999798,
            46.2839764578436
          ],
          [
            7.698306492106074,
            46.284040067585856
          ],
          [
            7.6981196319000675,
            46.284133977938126
          ],
          [
            7.697901257136397,
            46.284370361354036
          ],
          [
            7.697634722542285,
            46.2846708044444
          ],
          [
            7.697399598288899,
            46.284965840859954
          ],
          [
            7.697319410652016,
            46.285187290029704
          ],
          [
            7.696925907702637,
            46.2858609450478
          ],
          [
            7.696926257176268,
            46.285970376514776
          ],
          [
            7.697081384184858,
            46.28640699678538
          ],
          [
            7.697051165660223,
            46.28653605443454
          ],
          [
            7.6967258330338915,
            46.28676729963672
          ],
          [
            7.696668672897746,
            46.287013658946265
          ],
          [
            7.696466763276996,
            46.28707789707285
          ],
          [
            7.696300503669852,
            46.287415396182524
          ],
          [
            7.696286926474173,
            46.28751883217346
          ],
          [
            7.696412870981986,
            46.28769482524702
          ],
          [
            7.696187492293202,
            46.28765888647159
          ],
          [
            7.695827782418838,
            46.287652037855274
          ],
          [
            7.695256043223131,
            46.28767466071632
          ],
          [
            7.693750008361605,
            46.28777892419256
          ],
          [
            7.693379332983283,
            46.287788653450356
          ],
          [
            7.693376030510936,
            46.287637191873934
          ],
          [
            7.692730169637061,
            46.28755056303338
          ],
          [
            7.688330944148044,
            46.28715214765254
          ],
          [
            7.688110281864525,
            46.28718966798295
          ],
          [
            7.688046891350602,
            46.28720581056821
          ],
          [
            7.687838812987388,
            46.28724286192984
          ],
          [
            7.687844154706716,
            46.287278850840615
          ],
          [
            7.687806689403902,
            46.287630195687726
          ],
          [
            7.687409854178944,
            46.28763694925257
          ],
          [
            7.68681257051728,
            46.287664209167865
          ],
          [
            7.685876582882107,
            46.28763536955961
          ],
          [
            7.685871859601092,
            46.28763535286007
          ],
          [
            7.684777409502398,
            46.28761167984715
          ],
          [
            7.6840984113391135,
            46.287635018549025
          ],
          [
            7.683439693474176,
            46.28764670503848
          ],
          [
            7.683239541143463,
            46.28769301435567
          ],
          [
            7.682928529098052,
            46.287775526588085
          ],
          [
            7.682306564837241,
            46.287666945359334
          ],
          [
            7.681483185658051,
            46.287693861588444
          ],
          [
            7.68132412214304,
            46.287785966466174
          ],
          [
            7.680652183615107,
            46.28760843228842
          ],
          [
            7.680198517555884,
            46.287522284563465
          ],
          [
            7.680023028728581,
            46.287436326500625
          ],
          [
            7.680018357687724,
            46.28743638141082
          ],
          [
            7.679231180219887,
            46.28743903293349
          ],
          [
            7.6790256123304115,
            46.28754676861976
          ],
          [
            7.677755918771422,
            46.287269082348935
          ],
          [
            7.677665001868747,
            46.28749514578441
          ],
          [
            7.677566767654841,
            46.287760148759126
          ],
          [
            7.6775618429905155,
            46.28777340972767
          ],
          [
            7.6774375900022935,
            46.287741691587016
          ],
          [
            7.67719835098995,
            46.287690532489314
          ],
          [
            7.6767515229768035,
            46.28816817742475
          ],
          [
            7.677388549751867,
            46.28863624201451
          ],
          [
            7.6775548752827705,
            46.28898551737618
          ],
          [
            7.677817254751775,
            46.289015478192965
          ],
          [
            7.677798390161848,
            46.28906939293264
          ],
          [
            7.678317642097438,
            46.28909534785386
          ],
          [
            7.678622867799183,
            46.289059925849365
          ],
          [
            7.679069311432903,
            46.289053655825285
          ],
          [
            7.678950624188029,
            46.28911389916737
          ],
          [
            7.6788665139634995,
            46.28919379670488
          ],
          [
            7.678681385732315,
            46.28964581533868
          ],
          [
            7.678678298792857,
            46.28965203786578
          ],
          [
            7.678436563892354,
            46.29013054204284
          ],
          [
            7.678201790430298,
            46.29100740377181
          ],
          [
            7.678704964036272,
            46.29212612961049
          ],
          [
            7.6792068473085555,
            46.293097624053864
          ],
          [
            7.679734997912752,
            46.29417102636635
          ],
          [
            7.680128575915194,
            46.29492143553207
          ],
          [
            7.6798994160847425,
            46.295672259755584
          ],
          [
            7.679831433009354,
            46.29593810902117
          ],
          [
            7.679787851236236,
            46.296043288900606
          ],
          [
            7.679681797850416,
            46.296234554941634
          ],
          [
            7.679622971529281,
            46.29632618367134
          ],
          [
            7.6795072661117425,
            46.296565542843645
          ],
          [
            7.679484901758189,
            46.29664709996668
          ],
          [
            7.679636604002032,
            46.29677693629576
          ],
          [
            7.679670016655464,
            46.296852006127644
          ],
          [
            7.679703968236733,
            46.297072507655976
          ],
          [
            7.679712816362439,
            46.297277419022784
          ],
          [
            7.679694106687039,
            46.297395985574084
          ],
          [
            7.679657777082071,
            46.29750970488107
          ],
          [
            7.679598787991686,
            46.29762944538404
          ],
          [
            7.679436933399283,
            46.2978815772968
          ],
          [
            7.67935231413986,
            46.298046089451965
          ],
          [
            7.6793269601022445,
            46.298112072397764
          ],
          [
            7.679314878684134,
            46.2981918175543
          ],
          [
            7.679293441432393,
            46.29824250856236
          ],
          [
            7.679360395852754,
            46.29835404777082
          ],
          [
            7.679385668788716,
            46.29834613198153
          ],
          [
            7.679567243936495,
            46.298477110496016
          ],
          [
            7.679820898157134,
            46.298627699111805
          ],
          [
            7.679961940674176,
            46.298705238898854
          ],
          [
            7.680325217596671,
            46.29889188185367
          ],
          [
            7.680439338641746,
            46.299000414428484
          ],
          [
            7.680597485304301,
            46.29921469603891
          ],
          [
            7.680716023907029,
            46.299397154268675
          ],
          [
            7.680701183433595,
            46.299506968963186
          ],
          [
            7.680784451741199,
            46.299602811114994
          ],
          [
            7.681291992357692,
            46.30005993066903
          ],
          [
            7.681729212308207,
            46.30035766046526
          ],
          [
            7.6821282572778875,
            46.30060692086122
          ],
          [
            7.682626724173112,
            46.30104459631967
          ],
          [
            7.682932053152723,
            46.30126998284396
          ],
          [
            7.683294027119544,
            46.30152752295404
          ],
          [
            7.6836920972396525,
            46.30157939712993
          ],
          [
            7.6838850322388135,
            46.30161107710625
          ],
          [
            7.683936598598525,
            46.30163995874087
          ],
          [
            7.684166069037258,
            46.30163962469901
          ],
          [
            7.684391318063293,
            46.30165586934058
          ],
          [
            7.684893308637932,
            46.301752411684205
          ],
          [
            7.684865246246596,
            46.30193037078857
          ],
          [
            7.684873888112358,
            46.30200173264036
          ],
          [
            7.684966483424492,
            46.302321003807066
          ],
          [
            7.685001722748177,
            46.30252511093317
          ],
          [
            7.684993236698211,
            46.30261761376625
          ],
          [
            7.685037802237709,
            46.30273125824235
          ],
          [
            7.685063745845197,
            46.30283991454104
          ],
          [
            7.685085049028427,
            46.302872369640156
          ],
          [
            7.685121010457162,
            46.30287132904665
          ],
          [
            7.685125539396466,
            46.302871130306436
          ],
          [
            7.6851801598687155,
            46.30320484081913
          ],
          [
            7.6853161360953495,
            46.30325702620304
          ],
          [
            7.685212896875594,
            46.3034437035703
          ],
          [
            7.685140119844693,
            46.30362455749161
          ],
          [
            7.685049389972913,
            46.30398034403016
          ],
          [
            7.685094365907359,
            46.303974849021756
          ],
          [
            7.685602975210635,
            46.304054704938565
          ],
          [
            7.68540305077136,
            46.30483850903834
          ],
          [
            7.685332130051765,
            46.30494219424125
          ],
          [
            7.68452904322929,
            46.306116179133625
          ],
          [
            7.684099502802513,
            46.30698763687148
          ],
          [
            7.69237192801293,
            46.308628587089345
          ],
          [
            7.693183891287798,
            46.30889783622297
          ],
          [
            7.694109427672,
            46.30928225649146
          ],
          [
            7.694502879007929,
            46.30942819787045
          ],
          [
            7.696186280551487,
            46.30985822609788
          ],
          [
            7.696523741615505,
            46.30990003664454
          ],
          [
            7.696950387700638,
            46.309934437791384
          ],
          [
            7.6972849246484065,
            46.30995068702861
          ],
          [
            7.698918696606057,
            46.30992081211065
          ],
          [
            7.698923746225386,
            46.309920800534684
          ],
          [
            7.699687538441367,
            46.30992209651889
          ],
          [
            7.699692575208842,
            46.309922111925175
          ],
          [
            7.7008798660209274,
            46.30997486109956
          ],
          [
            7.700884903399376,
            46.30997500239075
          ],
          [
            7.701974832978574,
            46.31005635526232
          ],
          [
            7.702735054275123,
            46.310105235059595
          ],
          [
            7.703511991375274,
            46.31014231341095
          ],
          [
            7.704728196110852,
            46.31019158138104
          ],
          [
            7.705604052744185,
            46.31023126511266
          ],
          [
            7.706328276863465,
            46.31022605146558
          ],
          [
            7.707653395505236,
            46.310198334022246
          ],
          [
            7.707658574249144,
            46.31019817781967
          ],
          [
            7.709459800286819,
            46.309492853254234
          ],
          [
            7.711720788664306,
            46.309023214970686
          ],
          [
            7.71266293650572,
            46.308943680732696
          ],
          [
            7.712668205076773,
            46.308943344170125
          ],
          [
            7.7131399492345984,
            46.30895954805739
          ],
          [
            7.714095555100356,
            46.30910093013495
          ],
          [
            7.714266156268071,
            46.30915072089348
          ],
          [
            7.715092525917617,
            46.30985711190853
          ],
          [
            7.715279497874051,
            46.310060030670165
          ],
          [
            7.715402716457605,
            46.31015481462194
          ],
          [
            7.715948587081816,
            46.31079976785289
          ],
          [
            7.716523327888627,
            46.3112230303028
          ],
          [
            7.71729679893939,
            46.311501367583034
          ],
          [
            7.718282379526819,
            46.31158891866184
          ],
          [
            7.720190593645732,
            46.31162659830259
          ],
          [
            7.721942288456308,
            46.31133651909303
          ],
          [
            7.724152177517881,
            46.31011092470507
          ],
          [
            7.725009708971198,
            46.3097658669961
          ],
          [
            7.726338411708145,
            46.30924533607035
          ],
          [
            7.730296579496832,
            46.30745635521997
          ],
          [
            7.733768564761463,
            46.306955243380436
          ],
          [
            7.736293826324875,
            46.306553521472
          ],
          [
            7.736573341083219,
            46.30656925007524
          ],
          [
            7.736578301045556,
            46.30656951591934
          ],
          [
            7.739302364337193,
            46.306211580347245
          ],
          [
            7.740540717385854,
            46.30613061470566
          ],
          [
            7.744435262958259,
            46.30593940877555
          ],
          [
            7.744687160123486,
            46.30592367985477
          ],
          [
            7.744662267449781,
            46.30567926215817
          ]
        ]
      }
    }
  ]
}