{"type": "FeatureCollection", "features": [{"type": "Feature", "properties": {"bfs_nummer": 6300}, "geometry": {"type": "MultiPolygon", "coordinates": [[[[7.69005516526441, 46.064330107850196], [7.690112645387844, 46.064260779945315], [7.690283370848109, 46.06419163540755], [7.690343991335482, 46.06407145966137], [7.690404279071028, 46.06399972627837], [7.690387470960818, 46.06394764120277], [7.6904662957168615, 46.0638937606582], [7.690495817656358, 46.063819597003096], [7.690474668833338, 46.06375362420308], [7.690404191754588, 46.063586280018626], [7.690428450895845, 46.063466690139606], [7.690848769676137, 46.06336883320736], [7.69150538197281, 46.06317155953193], [7.691437050431314, 46.06313035837637], [7.691141451951929, 46.06311485902891], [7.690946119708618, 46.06305416018606], [7.691012933823728, 46.062893060102], [7.690986987049176, 46.06285978014273], [7.691097254263639, 46.0627675354015], [7.691284555132482, 46.062695861410965], [7.6912867890453205, 46.06264793681741], [7.691394029240344, 46.06255525744719], [7.691710840093806, 46.06234427753689], [7.691894359050136, 46.06224030903811], [7.691892028889228, 46.06210292268652], [7.691999318781648, 46.06199887353576], [7.692263271928334, 46.06130011519873], [7.692507071749281, 46.060943397423856], [7.693085376000298, 46.06019174090966], [7.693345646346434, 46.05973096699036], [7.693475523887369, 46.059625893893205], [7.693780185184427, 46.05949449206533], [7.693915072563385, 46.059280938046584], [7.694047232570299, 46.05914765790505], [7.694369586165032, 46.05895690644415], [7.694582508436908, 46.058728053520746], [7.694877757102727, 46.05857773423634], [7.695071292420041, 46.05844506940071], [7.695140160423026, 46.05838651412597], [7.695389226129286, 46.058081998267205], [7.69556481609567, 46.05793117533624], [7.695800374505747, 46.05786345094515], [7.695895133076641, 46.05778825576716], [7.696106903922174, 46.0577427770785], [7.696301300579631, 46.057671034001004], [7.6966887844456835, 46.05747207438345], [7.696806830604553, 46.05741442116095], [7.697511755965542, 46.057152914286554], [7.697874606705975, 46.05718119748405], [7.698517115014507, 46.05720569567793], [7.6986802135311345, 46.057245826426566], [7.699719084907595, 46.05731807072619], [7.700471979128698, 46.057471669503606], [7.701193338003505, 46.05758474143164], [7.701648205663998, 46.05760197040224], [7.702171732795896, 46.0576994277192], [7.70275177172235, 46.05764221851682], [7.703276402021061, 46.05762226888106], [7.703556999467597, 46.057644099258816], [7.703621949186158, 46.05769385395662], [7.703697731975495, 46.05780343916941], [7.703777277084925, 46.057865312561766], [7.703990749717397, 46.05796955555799], [7.704178728414576, 46.058028161368256], [7.704327257345817, 46.05828881894732], [7.704379719412498, 46.05834758121531], [7.704540201569426, 46.058432240585844], [7.70464761338018, 46.05863365922641], [7.704946935881622, 46.05869399146266], [7.704916564359116, 46.05882573894914], [7.704954040872248, 46.058855848706365], [7.704964999903353, 46.0589306742483], [7.705072115525009, 46.05899366971158], [7.705267179566593, 46.05904684204099], [7.7052965169424965, 46.05912771401642], [7.705598562280453, 46.0593434602887], [7.706082176281265, 46.059621114543255], [7.706195283021386, 46.05963256718728], [7.706308304635527, 46.05961351516261], [7.706453509771549, 46.059612054301745], [7.706604130752267, 46.05964783144228], [7.70668445347685, 46.059693077415815], [7.706884150126745, 46.059839231140785], [7.707474876081484, 46.06042717816878], [7.707653984839621, 46.06055046883739], [7.7078614335022415, 46.06060869662554], [7.708014727496971, 46.060606594176996], [7.708180317307565, 46.06054532689231], [7.708529968080492, 46.06056379376122], [7.7088248699644835, 46.06055609735396], [7.708979364789563, 46.06050674602531], [7.709319688981974, 46.06054433789318], [7.709458405667658, 46.06048197075274], [7.7096424600822635, 46.060486735283426], [7.709708879247123, 46.060424120758135], [7.709852125096275, 46.060415445425825], [7.710111714664168, 46.06034613807572], [7.710469257058221, 46.06016333297158], [7.710932599876917, 46.0600582106177], [7.711919085488184, 46.05966217509594], [7.7122987935445035, 46.059587997950985], [7.712468990703096, 46.05960983222109], [7.712593641965309, 46.05959090979778], [7.712746506417792, 46.05946991754208], [7.713091237986478, 46.05927313994391], [7.713388714437808, 46.05917449170673], [7.7134270882986815, 46.059145558592874], [7.713349965530432, 46.05903861768706], [7.7133716329293875, 46.05894810563176], [7.7137570153664425, 46.05859779216646], [7.713944150284594, 46.058519176369515], [7.7144045194947415, 46.058399020583884], [7.714672796337052, 46.05828963559666], [7.714893365632088, 46.05830787104722], [7.715234852437413, 46.05820592547565], [7.715807286064671, 46.057812267290956], [7.715965585751476, 46.05764193343157], [7.716083911052078, 46.057571756335534], [7.716303106262715, 46.057324686003994], [7.716326085896527, 46.057277537216216], [7.716560548805819, 46.05710640467193], [7.716491570068686, 46.05705942817834], [7.71654160632198, 46.05701221355195], [7.71656346377048, 46.056919738597564], [7.716470754830083, 46.05675173051777], [7.716484085826677, 46.056618698142785], [7.716580371845869, 46.05647880370367], [7.716739168651552, 46.05635134208545], [7.716826396184403, 46.056310404451764], [7.716867022327502, 46.05622474633305], [7.717130035765252, 46.05612526274607], [7.717467790682623, 46.05604289122488], [7.717716946871405, 46.05609241410577], [7.717815553672806, 46.05606629817098], [7.717993026384592, 46.05598669625309], [7.718229788790858, 46.055934383266894], [7.71837970867364, 46.05587912800711], [7.718526610838473, 46.0558779981502], [7.718654646320344, 46.05584871316802], [7.7189828855990745, 46.05571046214073], [7.719070345348229, 46.055652412070614], [7.7192172906755365, 46.05559928706778], [7.719920193355353, 46.05522373187438], [7.720066936118786, 46.0551742767005], [7.72020511095499, 46.0550566836633], [7.720333724385522, 46.05501949876635], [7.7205852059411235, 46.054915916615926], [7.720917813498461, 46.05483212882433], [7.720924442341282, 46.054747005559996], [7.721286767220602, 46.0545433312348], [7.721564084055945, 46.05442184469763], [7.721748385301085, 46.05432765884694], [7.721970381795717, 46.054179810384824], [7.722202841209035, 46.053969084901944], [7.722481256056421, 46.0539634005198], [7.7229237291802955, 46.053854683293714], [7.723049319081014, 46.05386066344805], [7.723169611593103, 46.05388414341169], [7.723508756205979, 46.05383004039748], [7.723790145391919, 46.053728719640134], [7.723950293341806, 46.05371685320937], [7.724122171970535, 46.05373225727308], [7.724188993141155, 46.05372456678751], [7.724223717399713, 46.0536937327066], [7.724406697172651, 46.05364515967046], [7.72469837588157, 46.05353551601357], [7.725179914563305, 46.05351389282562], [7.725780520311206, 46.0534172666684], [7.726093134235615, 46.053306095443034], [7.726286786495545, 46.053193976238404], [7.72673304338124, 46.05325255724787], [7.726919139565687, 46.05321716162306], [7.727091374760128, 46.05316279240967], [7.727190178872044, 46.053193007666046], [7.727323114800403, 46.05316183660608], [7.727322446821465, 46.053204314740924], [7.72807305442031, 46.0533975419537], [7.72836092034231, 46.053569150627474], [7.728491553868352, 46.0536050954341], [7.728603221120304, 46.05366319908381], [7.728638190851929, 46.05377217891841], [7.7286769112912435, 46.053818315993404], [7.72881448028351, 46.053885652656646], [7.728999758753767, 46.05391756077159], [7.729175257167041, 46.05399338296446], [7.729288002149531, 46.05414555294692], [7.729367544097647, 46.05418535101425], [7.72940014019629, 46.05423614545661], [7.729548028915201, 46.05431185846655], [7.729626894317908, 46.054333631305276], [7.729941145197055, 46.0543655816897], [7.730246878727269, 46.05444757053786], [7.730349304635137, 46.05443410942471], [7.730527461047087, 46.05450144797856], [7.73065550419263, 46.05450897041108], [7.730719662029354, 46.054495878115155], [7.730794921955734, 46.05453194420321], [7.731076934238156, 46.05456759375065], [7.731090043017363, 46.054590714641584], [7.731190915403897, 46.05460795956514], [7.731214576392926, 46.05458690247548], [7.731384253924085, 46.054595189131824], [7.731521304168207, 46.054619868561595], [7.731635116314876, 46.05466735777629], [7.731800126117309, 46.054679820515624], [7.732210187511437, 46.05466830407019], [7.73235522748225, 46.05464797528981], [7.7326819150417805, 46.05455995947034], [7.733284541279254, 46.0543154923352], [7.734082548525225, 46.0539514601391], [7.734539651659391, 46.05382084005419], [7.734699635973409, 46.05381203857033], [7.735790292568413, 46.053887276240204], [7.736185701584167, 46.053802742763715], [7.7363990505422136, 46.05372812222485], [7.736608958521432, 46.053765050898704], [7.736732641631358, 46.05377647244164], [7.736958142334327, 46.053765315473896], [7.737232376737585, 46.05377291043129], [7.737418200239457, 46.053821406157866], [7.737503565694177, 46.053812130881795], [7.737615447809405, 46.05372590697634], [7.737926597250098, 46.053736566584206], [7.738218139177087, 46.053778691217836], [7.738451745426642, 46.05374463532667], [7.73867789476514, 46.05373620914409], [7.7388648410447285, 46.05374616524831], [7.738933880613702, 46.05376149009639], [7.738980967562087, 46.053830855102866], [7.73893324593323, 46.053933305864774], [7.738978675557284, 46.05397607555443], [7.739265033224395, 46.05407092812994], [7.739478087610288, 46.054171543579464], [7.7395389746975916, 46.054273688442315], [7.739552670521481, 46.054407659141404], [7.739911265550859, 46.05474314969986], [7.74022469007828, 46.054939436548985], [7.740609255601207, 46.05515155474937], [7.740779819529724, 46.0552236499095], [7.740919068878585, 46.055254520578075], [7.741051607732626, 46.055307942649584], [7.7414842228934315, 46.05554421755436], [7.741564530258777, 46.055545037565906], [7.741642361217414, 46.055626068203956], [7.741657045455362, 46.055648176151344], [7.7417919823505565, 46.055693645814145], [7.742021897971748, 46.055645915361474], [7.742233621367592, 46.05569142766025], [7.742432529324196, 46.05564146128701], [7.742557200138364, 46.05559236995013], [7.742746660736952, 46.055665558382735], [7.743061786747908, 46.055650089191076], [7.743799741823536, 46.05571846313915], [7.744014581256994, 46.05580113308833], [7.744330987515923, 46.05586005751995], [7.74448916784926, 46.055863387613584], [7.744666064608965, 46.05583822981925], [7.744899533646842, 46.05599950822777], [7.745603403727998, 46.05566611924086], [7.746102871879456, 46.05566524203656], [7.746624053502146, 46.055566684366255], [7.7470574507368735, 46.055420111569205], [7.747290262473772, 46.05537579134601], [7.74785106975499, 46.05532150176173], [7.748693028703547, 46.05448855376719], [7.7489080968769635, 46.0541558034794], [7.749024773044445, 46.05389089985556], [7.749111926396272, 46.0536101378733], [7.749152210823351, 46.053557717047454], [7.749235514703527, 46.05351806885903], [7.749359027453874, 46.05351282571412], [7.749479728853429, 46.05356999205846], [7.749579171118014, 46.05353516541207], [7.749729240553016, 46.05340382825372], [7.749951289123699, 46.053275000507035], [7.75005420781282, 46.052941478628604], [7.750122058748519, 46.052793204744084], [7.750198487108269, 46.05270589799938], [7.750614281726003, 46.052568472983104], [7.750803178163631, 46.05245871649749], [7.752147301916944, 46.052325781680686], [7.752567465733984, 46.05184365086007], [7.753348895718794, 46.0513818663881], [7.753548869767079, 46.05133318969444], [7.753684825302309, 46.0514056359793], [7.754627565898439, 46.05133998956892], [7.755362499434137, 46.051086047156396], [7.755917769682336, 46.05103950441097], [7.757173146453348, 46.050620428595], [7.75838170820703, 46.05033109190839], [7.7599644892636865, 46.049848068531766], [7.760589848186531, 46.05010130346321], [7.760979445940336, 46.05010847219622], [7.761284786893308, 46.049984626901654], [7.761552030926872, 46.049938250137586], [7.76203521266447, 46.04994145259591], [7.76234468449906, 46.0499857829676], [7.7630662044426115, 46.05001256237023], [7.764133954591776, 46.05003143699208], [7.765048204279987, 46.0498519898687], [7.766190512845474, 46.04951944276067], [7.76798668028129, 46.049250669101006], [7.76865835552042, 46.04923069374657], [7.769922333397306, 46.0488852034063], [7.772240407962396, 46.04769097722803], [7.7736192091841065, 46.047120193004716], [7.777135630002488, 46.045445604426746], [7.779261707803287, 46.04456667678553], [7.780582015673206, 46.044985446268385], [7.78417983276088, 46.046008914907524], [7.78653520997634, 46.04665831625025], [7.78702538210097, 46.04653986886748], [7.7875018178912265, 46.046295523473425], [7.788552241896204, 46.046015761405144], [7.790021359074273, 46.04635067574898], [7.790531766937652, 46.046250502790144], [7.790732161660083, 46.04639342953142], [7.793713891503534, 46.04798522510316], [7.795936770025948, 46.04613419347513], [7.796709347775696, 46.0457449528655], [7.799217001834322, 46.04400988731938], [7.8003778510987765, 46.04373631906856], [7.801223480092024, 46.04362719669293], [7.801597614484768, 46.04325309944343], [7.801865921344282, 46.043189018514575], [7.802608194070194, 46.042805548003486], [7.8027724129115485, 46.04258137248382], [7.802858063279002, 46.042494963405645], [7.8027917516935235, 46.042315696494924], [7.802682029148305, 46.042181808099684], [7.802673069054772, 46.042005748914356], [7.802531251875404, 46.041823927777536], [7.8026601899190995, 46.04164064148361], [7.802654194363835, 46.04153935278408], [7.802810451160746, 46.04143756783189], [7.802885069640901, 46.04108173955678], [7.802997538986555, 46.04099838056087], [7.803118978220834, 46.04075056591115], [7.80341142608415, 46.04048269172289], [7.803373717688696, 46.040429830094524], [7.803409833786524, 46.04034268027232], [7.803394236118307, 46.04026035750945], [7.803353781492618, 46.04018698526572], [7.803403702183644, 46.04007794081786], [7.803425228798437, 46.03988915203695], [7.8033580117963215, 46.039755910764185], [7.803421244929737, 46.0396363089744], [7.803394245807535, 46.039502128685015], [7.803406154652845, 46.039395403021466], [7.803475737026005, 46.039286673923336], [7.803454618241828, 46.03916263974559], [7.80341340817825, 46.03911727333492], [7.803380438970171, 46.0389691597702], [7.803277891225968, 46.038887541623765], [7.803119154268719, 46.03871840703196], [7.8030021802222524, 46.03871650867339], [7.802845805519571, 46.03857616901507], [7.80267029964893, 46.038530667959975], [7.802664442422261, 46.03828874363575], [7.802692885859604, 46.03816257960234], [7.802686115218536, 46.038076783665225], [7.80292679843539, 46.037736923859775], [7.802939435440177, 46.03762130693099], [7.802878960835748, 46.037547719601775], [7.802850277843074, 46.0374165475841], [7.8028397192596985, 46.03732454703252], [7.802888213316606, 46.03717602605762], [7.8029334455195345, 46.03713708198271], [7.8029298717826885, 46.03704845987491], [7.8030189083238914, 46.036986966676004], [7.803041178923986, 46.036762329389816], [7.803164964083847, 46.0365775460926], [7.803312670151177, 46.03644920386651], [7.803313577695222, 46.036393571685785], [7.8033593063500115, 46.03631499067991], [7.803514612045489, 46.036251312348526], [7.803728758599984, 46.036024424298404], [7.803722737503006, 46.03599316574383], [7.803774066828917, 46.03594875034479], [7.803771765077969, 46.03590773757513], [7.803700594770271, 46.03582615191262], [7.803729421031226, 46.035723283229316], [7.803640849241712, 46.035660455843626], [7.803721770785748, 46.03560665218975], [7.803738171718241, 46.03556564216052], [7.803826527803687, 46.03553816284418], [7.803842752728678, 46.03548625093334], [7.803794687362157, 46.035406219214345], [7.803795656257369, 46.035323069425], [7.803736220987028, 46.035254102546936], [7.8037334321836465, 46.035192302926035], [7.803842188107648, 46.0350960138593], [7.803895574645431, 46.03507155356838], [7.804275345253967, 46.034988843837226], [7.804268260541674, 46.034951103247224], [7.804291502311777, 46.03488630462978], [7.804333900926111, 46.03487214323249], [7.804318126460323, 46.034786439640875], [7.804357122766671, 46.03476185403633], [7.804347545485437, 46.03469511111916], [7.804435441773295, 46.03466488840131], [7.804420491942276, 46.03459816337195], [7.804473396041787, 46.034563494201386], [7.804515641562313, 46.03451873934202], [7.804592266567471, 46.03445628650948], [7.804537936733855, 46.034383877389004], [7.804675091159905, 46.034310731117365], [7.804753608619614, 46.034189521780526], [7.804891655058476, 46.03410885240309], [7.805060053061892, 46.034039796466466], [7.805154375203291, 46.03383317756553], [7.805394812509377, 46.033696062139136], [7.805610927452804, 46.03363786157577], [7.80571364104942, 46.033498448429164], [7.805854804079555, 46.03339765370208], [7.805863789749606, 46.033302846723245], [7.806079160589452, 46.03315523200323], [7.806172993013381, 46.032959237225725], [7.806233767052401, 46.032666035632005], [7.806387832500078, 46.03256960558823], [7.806409087358269, 46.032530603494486], [7.806387563709353, 46.03250080796011], [7.806324799267442, 46.03249562407809], [7.806279687171039, 46.03239388700067], [7.806350846100446, 46.03229332724547], [7.806509650063243, 46.03219298692771], [7.806811072470571, 46.032070862865844], [7.807331271923315, 46.03182693687945], [7.807429830884117, 46.03180245350211], [7.807505938513548, 46.031813781959386], [7.807724215105298, 46.031661962340976], [7.807748929938216, 46.03156357803616], [7.8078399939028715, 46.03143524626691], [7.80803822632882, 46.03138343123559], [7.808023646746612, 46.03124007193386], [7.8082421124639465, 46.03118373882533], [7.8084009348508125, 46.03105469918255], [7.808534621747636, 46.031045929794715], [7.80867495042179, 46.031003190066784], [7.808877900759684, 46.03101373959509], [7.809050385687275, 46.03090961670869], [7.8091250229705125, 46.030835446456635], [7.809274186006784, 46.03078331333256], [7.809526875402446, 46.03073698427045], [7.809714111517385, 46.03075345229661], [7.810212346155385, 46.03068690571613], [7.810267699757966, 46.030711650623154], [7.810519866207914, 46.030641627710054], [7.810514382288663, 46.030465477193765], [7.810701226525681, 46.030249874664605], [7.810827048499168, 46.030055048490524], [7.810782871264576, 46.03001772697038], [7.81078118849618, 46.02990305803883], [7.810981968810137, 46.02969128208802], [7.811112718263979, 46.02945225327257], [7.811332239308601, 46.02928304359731], [7.811638049086738, 46.02915557851243], [7.811673452535058, 46.029060851773885], [7.811772046297978, 46.028951634469074], [7.81183225518033, 46.028838181500134], [7.811940279424438, 46.0288016425515], [7.812074241141519, 46.028695565387984], [7.812188991290718, 46.02854848839114], [7.812221108748002, 46.02847261323379], [7.812343767352556, 46.02838337631148], [7.812790438019931, 46.02814720527706], [7.81278739702967, 46.02787773740268], [7.812770387572228, 46.02750147352072], [7.812807034300703, 46.02729139414999], [7.812895057546136, 46.02720291732459], [7.81286560688937, 46.027143392336164], [7.81291714491195, 46.02706008374613], [7.812905520951184, 46.02702023582859], [7.812839937149782, 46.02695884261732], [7.812986869436653, 46.02676592974155], [7.813279887097661, 46.02657757702937], [7.813285677177007, 46.026531006400795], [7.81341062544306, 46.02643583139256], [7.813400802391964, 46.02634604232991], [7.813456459240078, 46.02630054649019], [7.813456074877621, 46.026270844160926], [7.813693836631706, 46.026185018120955], [7.813681042580754, 46.02612904475169], [7.813702235796517, 46.02607656570618], [7.81385948039483, 46.02595913374635], [7.814028552112626, 46.02590170833378], [7.814299058826522, 46.02588151151262], [7.814482386906597, 46.02580898917545], [7.814630617209406, 46.02579312117354], [7.814712929579621, 46.025723715132365], [7.815083669872881, 46.02566582315875], [7.815147928831955, 46.025639682861886], [7.815239264325792, 46.025635536621095], [7.815439770007291, 46.02556748856435], [7.815513545190879, 46.025516839340796], [7.815747797309778, 46.025424983705236], [7.816162819445053, 46.025363989274446], [7.8162937984989, 46.02531305755233], [7.816385955420599, 46.025241017091886], [7.8165500652054485, 46.025198762406454], [7.816821291368213, 46.02503859399216], [7.816940406521748, 46.02500323748151], [7.8172268871491974, 46.024959466280514], [7.81729541014669, 46.02493762000551], [7.817355528966046, 46.0248471114857], [7.817592230496902, 46.02479443960203], [7.817708178503294, 46.02471023818747], [7.817800780718435, 46.02462071797477], [7.817888638760855, 46.024565918736755], [7.817895711997478, 46.02452442545805], [7.81787004245962, 46.02448012674046], [7.818011964362731, 46.02436888680144], [7.818043260948757, 46.024306657809056], [7.818861772188559, 46.024039878326995], [7.819067865518134, 46.023951963865834], [7.819282605574039, 46.02397325956381], [7.81939688741171, 46.02395836353166], [7.81949346384412, 46.02396558410264], [7.819632122174927, 46.023963056152], [7.819851894983538, 46.023803562163444], [7.819941695521178, 46.023757426699376], [7.820159253519529, 46.023699389395745], [7.820204589995583, 46.02373632353595], [7.820373491128991, 46.02375439894006], [7.820937017801647, 46.02375373829973], [7.821111917476022, 46.02373389425214], [7.8214415696732615, 46.023664318753596], [7.822344182313639, 46.02358596688779], [7.822677252507234, 46.023529131183736], [7.823215977527192, 46.023475627067924], [7.82394109285602, 46.02349414946879], [7.824541602466831, 46.02345311067963], [7.825023859187969, 46.02348632627743], [7.825384898426927, 46.02354482831574], [7.825784059789472, 46.02358712325587], [7.826069377290626, 46.02364570216739], [7.826489147973706, 46.02376945375857], [7.82732258406277, 46.023928882769205], [7.8274466558521025, 46.02381987918334], [7.8279565110343885, 46.023478378755065], [7.828374508538053, 46.0232710919054], [7.828676371239809, 46.02277935426767], [7.8287925660860935, 46.022649549925106], [7.828943240618919, 46.0226089068133], [7.829104099483717, 46.02248083630369], [7.829320568593956, 46.022415362437485], [7.829417181288416, 46.02234275734985], [7.829619460113899, 46.02243659907896], [7.82978614991117, 46.022398177032045], [7.829865647367263, 46.02235740319144], [7.829948513631451, 46.02222266646989], [7.830020792312742, 46.022147741804645], [7.830106540031292, 46.02209096004132], [7.830474222549976, 46.02192215468971], [7.83114687926177, 46.02146914310141], [7.831693121870763, 46.021347872470635], [7.831814984195958, 46.02128376933421], [7.832297851833151, 46.02095505968347], [7.8325326831937305, 46.0208479382316], [7.8327200205865815, 46.02079792581753], [7.832844848121292, 46.020713947548145], [7.832851800163836, 46.02065010864306], [7.833072458290187, 46.02035216799257], [7.833411947267824, 46.02007057761652], [7.834037307846718, 46.0197204558763], [7.834223299365601, 46.019698084335275], [7.834290096875619, 46.019598537275826], [7.834544492383201, 46.01945369717623], [7.834658128460609, 46.0194335877245], [7.8348460319071105, 46.01934688470188], [7.83503823709152, 46.019365827477856], [7.835368432090493, 46.019252410322856], [7.835683424703257, 46.01906855224702], [7.8358461749626915, 46.0190017534533], [7.835955912539677, 46.01902611548897], [7.83619228514823, 46.0189128462149], [7.836336201161487, 46.018905653102415], [7.8367662475844835, 46.018830346983556], [7.837351860366306, 46.01866740689469], [7.837847722629378, 46.01837512538833], [7.837912656357131, 46.01827939006892], [7.838040744891329, 46.018164496063754], [7.838442993486027, 46.01792593279665], [7.838854293760038, 46.01788052396456], [7.839270528098341, 46.01792022038452], [7.83968852531349, 46.01788318608459], [7.839699191900096, 46.01796979296689], [7.839773473014874, 46.017987259311674], [7.839851853325602, 46.017919243972166], [7.840135584993968, 46.017934031847574], [7.840372045063524, 46.01799614214211], [7.840545758029344, 46.01796916719681], [7.840871583987739, 46.01783810324923], [7.841064158403003, 46.01779398930267], [7.841761520439858, 46.017567985228894], [7.8419910697339565, 46.017412779977995], [7.842364619332795, 46.01703643502746], [7.842832943621073, 46.01696390670823], [7.843099910077558, 46.01701862474249], [7.8434787133840755, 46.01680740881817], [7.843815762774562, 46.016352455366416], [7.843727332424858, 46.016101185629644], [7.843747689426342, 46.015971495230815], [7.8438680694560095, 46.01584334375131], [7.8441480603063045, 46.01565075086718], [7.84431973210594, 46.015581344996235], [7.844730574572459, 46.01551729519443], [7.844960799458124, 46.01542715916416], [7.845070040865753, 46.015444325733405], [7.845365189859963, 46.01573206745361], [7.845703403712451, 46.01582925128078], [7.84599311808921, 46.015844173652766], [7.846457890987842, 46.015991489810354], [7.846626804396408, 46.016106411334455], [7.846698857030288, 46.0161869047487], [7.847057653658664, 46.016423427035186], [7.847148648731564, 46.0164071214956], [7.847308663073676, 46.01633638600562], [7.84754673483899, 46.016472427198366], [7.8476829100977605, 46.01647897692183], [7.847882797199914, 46.01647292295897], [7.847952571027845, 46.01649014840685], [7.848025971295833, 46.01642965496907], [7.848277739803774, 46.01638242084478], [7.8484151285395845, 46.01630262658996], [7.848477124148179, 46.0162983899067], [7.848663791226815, 46.01633868714713], [7.848857609833413, 46.016318587488065], [7.848973426341023, 46.01634623200952], [7.849057815844028, 46.01631181336338], [7.849133483109972, 46.01623512943505], [7.8494934880394345, 46.01612268568583], [7.849731842899447, 46.01610350923966], [7.849899328104298, 46.01609819279209], [7.8500959224444955, 46.01614007835069], [7.850407435385541, 46.01627536893718], [7.850602304293373, 46.01633661836534], [7.850824845455789, 46.01637404626203], [7.8514204711882885, 46.01638269433639], [7.851717268303382, 46.01643045505988], [7.8518600482457535, 46.016425821630804], [7.85201417354937, 46.016398441688], [7.852486022942116, 46.016244380700364], [7.8528268946236786, 46.01620635442763], [7.853474200174212, 46.016196266680616], [7.853842933250202, 46.01622081016598], [7.85416753108766, 46.01626178837406], [7.854317024116312, 46.016251999792], [7.85456291233806, 46.01619435015695], [7.855187559387548, 46.01619275773812], [7.855403355913315, 46.01622415610646], [7.855617460866199, 46.01627419864815], [7.855801166910541, 46.01634888449426], [7.855980944387284, 46.016465271189496], [7.856165292698889, 46.01661209920546], [7.856452503913649, 46.01694082476501], [7.856660106757835, 46.01713291338857], [7.856600084279208, 46.01726026142012], [7.856436726297192, 46.01748034977485], [7.8562374461048705, 46.01770712030299], [7.85617470043445, 46.01787031723351], [7.856472328536515, 46.017817445154705], [7.856708319892597, 46.01772625555489], [7.856887837779791, 46.01771325772581], [7.857168150258077, 46.01771945121797], [7.857319468165625, 46.0177029953718], [7.857466244654266, 46.01759251636564], [7.857788400680496, 46.01765571905666], [7.858312428370756, 46.01785109865867], [7.858540420007756, 46.017828337471165], [7.858854730739127, 46.017696740200535], [7.8592251783827525, 46.017714394611296], [7.859393092647417, 46.01778766781564], [7.859468253262814, 46.01778271868092], [7.859541057781602, 46.01773832393068], [7.859578109921635, 46.017663801303534], [7.859657099755061, 46.0176362683767], [7.859843623764522, 46.01764799476677], [7.860095897814162, 46.01762833157783], [7.860356437118815, 46.01772938642675], [7.860508724715067, 46.01771154628492], [7.861020598642693, 46.01756227322968], [7.861837122876676, 46.01740309208238], [7.862058727611653, 46.01732461074921], [7.862345001435736, 46.01717692729591], [7.862465676188403, 46.0171420486947], [7.862634968596138, 46.01712616595161], [7.863076431590861, 46.01715759177279], [7.865668938197725, 46.01757203093456], [7.866639491414498, 46.017744643193296], [7.868333650812159, 46.018146220729385], [7.869093188488005, 46.01835841109572], [7.8699634962215335, 46.01863675771297], [7.871024516300948, 46.01904151887765], [7.871363408161592, 46.01920608250565], [7.87151283870617, 46.019231697183315], [7.87160302172957, 46.01928430944451], [7.8717366631003145, 46.01928585693173], [7.8718027333529, 46.019383484819265], [7.871850285385733, 46.01941561453272], [7.872001099386395, 46.019461092927465], [7.872474365690335, 46.019530177391744], [7.8730082049288725, 46.01979432279784], [7.874004084460588, 46.02008253413959], [7.874409608280071, 46.020216150115], [7.875164256600353, 46.020593285871854], [7.875613825667118, 46.02078102533098], [7.875766021137234, 46.02082549598442], [7.875769858382284, 46.02087730669447], [7.875786348247376, 46.02092420916319], [7.875940508336872, 46.020934982772914], [7.876008307483294, 46.02097470572687], [7.876092283328132, 46.0209962580818], [7.8766467613382405, 46.02110649454006], [7.876935233138596, 46.02106483176615], [7.877049922299841, 46.02111630839309], [7.877263848728924, 46.02110362127939], [7.877413589160262, 46.021131546904556], [7.877554834974547, 46.02109043740076], [7.878995317482667, 46.02116031800248], [7.879467412763597, 46.021222118469744], [7.879764535584076, 46.02128019989358], [7.880345046706763, 46.02142369089111], [7.880929118289629, 46.02153741841684], [7.881959654540986, 46.02176729026161], [7.882282890138683, 46.02180079789153], [7.882754317034604, 46.021765826764806], [7.882909337378366, 46.02171975421208], [7.88311690805107, 46.02171428913442], [7.88323226446547, 46.021741973774226], [7.883352470498325, 46.02181346557363], [7.883715855639031, 46.02191181839812], [7.883673871193529, 46.02188746161429], [7.883663806126114, 46.02187721918156], [7.883661856514315, 46.02183603526496], [7.883683365603479, 46.02176893271587], [7.883729815173025, 46.02172813210517], [7.883747104854191, 46.021691710986595], [7.883768445739065, 46.02167383271121], [7.884015685262153, 46.02157452582369], [7.884201893295817, 46.02157227690923], [7.884326902452806, 46.02159331486164], [7.8845534707107605, 46.02160168100817], [7.884574869044177, 46.021484094458415], [7.88458511573705, 46.021464504828266], [7.884604104612328, 46.021449595376154], [7.884723803347572, 46.02139261707909], [7.884871266654005, 46.021249025242795], [7.884900418579463, 46.0212136553682], [7.884956630808786, 46.02119038540038], [7.884996730965943, 46.021199104995304], [7.885051846929274, 46.021198121855065], [7.885145620550247, 46.02115891505017], [7.885158177482342, 46.021146999793], [7.8851839440075056, 46.02106704330558], [7.88517762696193, 46.020897330708344], [7.885230465683551, 46.02077715562572], [7.885226668289685, 46.0206979548678], [7.885356484881841, 46.02059146964408], [7.885455029393067, 46.020542167936085], [7.885529587908081, 46.020533037138044], [7.885618391926975, 46.02050532763369], [7.885662788807464, 46.02045042259683], [7.885727285031661, 46.02042664195635], [7.88575148055673, 46.02040738522479], [7.88577855165657, 46.02035289913583], [7.885814975885261, 46.02032275324427], [7.885837953693783, 46.020310993962845], [7.885869690652884, 46.020304516434145], [7.885903828936211, 46.02028055151789], [7.885939557722439, 46.02021735957667], [7.885988667517975, 46.02008670154946], [7.886002890571986, 46.020074878655116], [7.886103044899393, 46.020058573205866], [7.886134527732233, 46.02001637433681], [7.88623393744266, 46.01996720433306], [7.886265218660691, 46.01991285466401], [7.886291748217395, 46.0197874410557], [7.886410700789265, 46.01969786833949], [7.886418014550856, 46.019681161498234], [7.886422477551894, 46.019581193388554], [7.886438025411342, 46.01954660697559], [7.8864439027103685, 46.01950111088175], [7.886438125348288, 46.01946256954326], [7.8864756296073875, 46.019324571932266], [7.886512834624934, 46.019295277485895], [7.886582995262011, 46.019286911080286], [7.886627112642816, 46.01927385393555], [7.886651313372685, 46.01923003956741], [7.8866587475319605, 46.019130231186274], [7.886683093999481, 46.01905846712762], [7.886715185059232, 46.01901474776823], [7.886763278377864, 46.01897154936909], [7.886896435668266, 46.01895179773109], [7.886884784686016, 46.018870856883204], [7.886885105591676, 46.01880283091033], [7.8869646547138155, 46.01866233530231], [7.887021926073057, 46.018612667725385], [7.887043624302189, 46.01858340911206], [7.8870667933931395, 46.01856347307999], [7.8871127669857275, 46.018548483906294], [7.887216636802181, 46.01853960647047], [7.8872167354096705, 46.01847456666068], [7.8872261008428595, 46.01845776149414], [7.887250452322255, 46.01844356790347], [7.887271921580593, 46.018438444705986], [7.887327657928669, 46.018447246019655], [7.887456561897863, 46.01842255162847], [7.8874951972785015, 46.018402436231504], [7.887773893249683, 46.018007796479175], [7.888050420231052, 46.0177407165295], [7.888108477159765, 46.01771770878124], [7.888191885592463, 46.017657610446975], [7.88821763004657, 46.017625933481774], [7.888354630613839, 46.017533795411], [7.8884212855907, 46.01751537712152], [7.88846644834313, 46.01748985680949], [7.888547631917589, 46.01741524792704], [7.888671736433306, 46.01727341445336], [7.888714559418113, 46.01723976222709], [7.888750273471447, 46.01720048921431], [7.888777499093974, 46.01715741800799], [7.888790462915658, 46.01711347711116], [7.888842166207001, 46.01704651478041], [7.889218659225135, 46.01669958377556], [7.889362430754344, 46.01658190602713], [7.889413174959775, 46.01646444634456], [7.8895816833348125, 46.01630117043546], [7.889836131458838, 46.0161538052067], [7.890362229354115, 46.015603599562894], [7.89085421481761, 46.015181273397154], [7.8909108354446245, 46.01514278794392], [7.890945998126965, 46.015141864326026], [7.891067502947469, 46.01517588369421], [7.891183525465235, 46.01517294470113], [7.891200355561878, 46.01516905420318], [7.89121757865008, 46.015158028735314], [7.891255820696379, 46.01512192045804], [7.891280856329071, 46.01510948728278], [7.891330889927115, 46.01509725970624], [7.8913644948447565, 46.01508437825139], [7.89143364629435, 46.01501073396732], [7.891452854818501, 46.01498065667052], [7.891461449005573, 46.01497228327508], [7.891473873011229, 46.01496957071891], [7.891493386164466, 46.01497632903517], [7.891544454298569, 46.015043995103056], [7.891592292046245, 46.015084822167786], [7.891660015534622, 46.01512437288373], [7.891690438363919, 46.015131105078574], [7.89172079643286, 46.01512841947863], [7.891754741453575, 46.015119224473565], [7.891812298228047, 46.01508003334624], [7.891928350761564, 46.01505572076029], [7.892070746965341, 46.01504764643234], [7.892140010255931, 46.01501886153876], [7.892236101196797, 46.0149570902942], [7.892261172377661, 46.014913073999374], [7.892500764538861, 46.01490971805911], [7.892539456698498, 46.014914131339765], [7.892904084782187, 46.01483034516235], [7.893398081538645, 46.014788308340506], [7.893494778354127, 46.01475463552843], [7.893591236751984, 46.01474207548839], [7.89375674522264, 46.01468454738078], [7.893784628030463, 46.01465904945227], [7.893828759769077, 46.01465457132274], [7.893858425741594, 46.01464323412329], [7.89416998964321, 46.014452756129714], [7.894250321615677, 46.01444481308445], [7.894334198850332, 46.014454900275865], [7.894518032716193, 46.014398142305666], [7.894592626682629, 46.01431210401883], [7.894711276081236, 46.01421862875233], [7.894823548645244, 46.01415947885298], [7.895261888661679, 46.013810675320194], [7.895389544492095, 46.01378190314116], [7.895444219888772, 46.01375992158896], [7.895517038463258, 46.01367954821599], [7.895515750796207, 46.01362579601121], [7.895549692038651, 46.013607037736], [7.89561968142167, 46.01359765088457], [7.895866668673626, 46.01352043134839], [7.8962484605806065, 46.013296810165606], [7.896607639055073, 46.013165304946824], [7.897326742566965, 46.012778154633345], [7.898134969217528, 46.0129062349426], [7.898459128464551, 46.012925774246284], [7.899193484071119, 46.013018400787516], [7.899361017327416, 46.013024886028724], [7.89962554561905, 46.01301410742305], [7.900478387494682, 46.0130454772166], [7.901397781127126, 46.01310821581864], [7.902085426510599, 46.013164587359455], [7.902187596192553, 46.01313644233085], [7.902196982295599, 46.01314712630303], [7.902301925287685, 46.01314767450654], [7.902446570250201, 46.01312858361103], [7.902515791990286, 46.013095941122224], [7.90256336659558, 46.013054626403395], [7.902655427492233, 46.013040348095984], [7.902654482870248, 46.01300969439014], [7.902736036476687, 46.0129012485328], [7.9028435317183705, 46.012808688405194], [7.9029064743745865, 46.012736014170294], [7.902938096395749, 46.01266794929917], [7.902953130967206, 46.01266262502144], [7.902968846989907, 46.01266611348998], [7.903040518500976, 46.012785360274975], [7.903110491241166, 46.01281998369955], [7.9032830108229195, 46.01285727001698], [7.903467537041348, 46.0127925868537], [7.903646340085473, 46.01276398142383], [7.903761119882305, 46.01281456668939], [7.903848111779119, 46.012826657630036], [7.903939243604457, 46.01288077656621], [7.904080854233343, 46.012924008998944], [7.904195104447484, 46.01292434701508], [7.90430077334571, 46.012891796580234], [7.904318903122269, 46.01288912200224], [7.904341390646504, 46.01289029739969], [7.904366011730549, 46.012894891327385], [7.904385502537682, 46.01289437005143], [7.904450332883913, 46.01287221638031], [7.90453811741489, 46.01287444241164], [7.904678368477747, 46.01273874291487], [7.904739744659841, 46.012715945185704], [7.904792648221522, 46.0126488873644], [7.9049835404867, 46.012371495836476], [7.905146204488994, 46.012207384169756], [7.905191477082699, 46.01214344252652], [7.90528029506053, 46.01191442025534], [7.905277663662942, 46.01187391385929], [7.90530228604436, 46.011810652812734], [7.90534863877995, 46.01177491801291], [7.90538765686824, 46.01173752216115], [7.905427487487411, 46.01166521996529], [7.905437143838135, 46.01156695480799], [7.905459924931275, 46.01153758799757], [7.905507346232758, 46.01150601437137], [7.905533287571767, 46.01147784877063], [7.905535814743393, 46.01142771280677], [7.905552013263117, 46.011403078182795], [7.905589778103426, 46.011368522354466], [7.905596537656979, 46.01131669489271], [7.905707930491097, 46.01126561408481], [7.905790154338263, 46.011207970387275], [7.905843763402652, 46.011152703382926], [7.905875405686698, 46.0110468902045], [7.905978513374295, 46.010905510183285], [7.905903407195147, 46.01081584341231], [7.905852838154591, 46.010721001369674], [7.905763970300941, 46.010532828765065], [7.9057095012274505, 46.010348203129034], [7.905694749105452, 46.01023075394226], [7.905713388983844, 46.01009894423853], [7.905748659657552, 46.01000071836095], [7.905838472698919, 46.00984330838344], [7.905913523798197, 46.00976989814733], [7.906052681749999, 46.00968858359385], [7.906088003592268, 46.00963560682242], [7.906075109139172, 46.00956786069401], [7.906133687362312, 46.00937672054668], [7.906132207738162, 46.009282119541716], [7.906111325126098, 46.00922836735123], [7.9061164319963435, 46.00918390776281], [7.906150770304351, 46.00914894311652], [7.906370099790348, 46.009024171147225], [7.906453884491051, 46.00899702502874], [7.906461472990712, 46.00895145742601], [7.906382035717765, 46.0088589165989], [7.906153580729395, 46.00846102616077], [7.906156781304867, 46.00840955762024], [7.906172320428953, 46.00836074562839], [7.906097542270954, 46.0081546059912], [7.906078187836528, 46.00802283679701], [7.905989323121684, 46.00792056577894], [7.905922335431626, 46.007785785625764], [7.90584911048711, 46.007719035534606], [7.905677431545021, 46.007622551677976], [7.905410297071684, 46.0075514609388], [7.9053291828053185, 46.00751913438614], [7.905190733592759, 46.00741965930822], [7.905170407760867, 46.00737045641677], [7.905220359769871, 46.007295459283355], [7.905384986398477, 46.00721904251362], [7.905655406235908, 46.00716397442193], [7.905717748320696, 46.00716127811715], [7.905857196276381, 46.007114445222925], [7.90590644926282, 46.00706345203453], [7.905932712364003, 46.00697036435505], [7.905977625930814, 46.006890414619164], [7.906063702464172, 46.006814459079465], [7.906114914700483, 46.00679037260222], [7.9060984901607885, 46.00675972034484], [7.906113340594089, 46.00674212644724], [7.906166461292367, 46.006710259692326], [7.906190957843763, 46.0066839271655], [7.906138186122438, 46.00662074363482], [7.906128396541576, 46.00659003691492], [7.906149948290106, 46.00655295782609], [7.906239216287711, 46.00649713840211], [7.90625794760839, 46.00645639107595], [7.906242484754231, 46.00641439145623], [7.906190304634831, 46.006385632208044], [7.906174956859556, 46.00636010322069], [7.906192277067548, 46.006323383177474], [7.906232645280725, 46.006288789300946], [7.906253731462695, 46.006200346313], [7.906252563314009, 46.00612565966673], [7.906268064334699, 46.006009038685924], [7.9062903571987855, 46.0059605587666], [7.906354019993934, 46.00591017070554], [7.90634217701987, 46.00583860516799], [7.906309806193791, 46.00577585906769], [7.906269853186575, 46.00572615222315], [7.906266457756297, 46.00570048324451], [7.906282832050283, 46.00566943422266], [7.906557877221212, 46.00531135791061], [7.906554570914722, 46.00509991930958], [7.906537967613887, 46.00503926748932], [7.906463188636967, 46.00495798752329], [7.906440260451528, 46.00488528982537], [7.906438995007683, 46.00480374923247], [7.906499357388603, 46.00464536384808], [7.906443205522009, 46.004511183710164], [7.90629550292626, 46.004391830503224], [7.906271458655803, 46.004220328064704], [7.906284219201561, 46.00417279605084], [7.906273300080662, 46.004142795736], [7.906243892182852, 46.00411236845417], [7.90611201432229, 46.00403347482991], [7.906095949539263, 46.003988994122736], [7.906113813722444, 46.003963192051295], [7.906066218709063, 46.00382578107553], [7.906050409420337, 46.003714524287474], [7.906047384171977, 46.00365357300698], [7.906099192786541, 46.003420377690595], [7.906132502461895, 46.00333959230378], [7.906068946174143, 46.00318321303416], [7.906062745284577, 46.00314793937785], [7.906071693662419, 46.003127157891925], [7.906121651398446, 46.00306258535227], [7.9061207251518475, 46.003047872062616], [7.906104065509983, 46.00302888778911], [7.906083408010954, 46.002974143745945], [7.906126190586567, 46.00286132284598], [7.90619221758886, 46.002746606339485], [7.906190959239632, 46.00271113274778], [7.906152448540189, 46.00264102765469], [7.906053400453982, 46.002355071950625], [7.906011626018488, 46.002180856115366], [7.905997244452348, 46.002037030962335], [7.906071035674589, 46.001661670494535], [7.906051851768461, 46.00138480187753], [7.906055375412843, 46.00132127837614], [7.906071007603795, 46.00126390261943], [7.90609213042048, 46.00122975772157], [7.9061951076446615, 46.001140274223246], [7.906287146530403, 46.00101837201261], [7.906379562860595, 46.00081981690289], [7.906391710120148, 46.00077004811556], [7.906363620189523, 46.000704811634805], [7.906368111180607, 46.0006744690284], [7.906357439182022, 46.000599256188536], [7.906365080139299, 46.000522114629746], [7.9063938455616105, 46.00036421334803], [7.90648790607307, 46.000104490203434], [7.9065649307078125, 45.999973537198436], [7.906583058131456, 45.999872954149815], [7.906610536463225, 45.999821349509695], [7.906653243734249, 45.99979064140074], [7.906717045036342, 45.99976178876929], [7.906733348306698, 45.99971810161088], [7.906756609366845, 45.99970014891143], [7.906793278960656, 45.99968944503135], [7.906827109833949, 45.999683385628096], [7.906885302895274, 45.99961611774433], [7.906902757539269, 45.999532053122145], [7.907066626515646, 45.99944385442983], [7.907162318791157, 45.99932570432535], [7.9072430140197145, 45.99918360768281], [7.907305116286925, 45.99915090270596], [7.9074013767265425, 45.99906451391013], [7.907492986418602, 45.99886921629998], [7.907527401655626, 45.99875367735007], [7.9075886443249965, 45.99865687309437], [7.9076133003567, 45.99863612557571], [7.907639386194436, 45.998575988137674], [7.90767616155414, 45.9985130451934], [7.907673856138492, 45.998482037503926], [7.907739133438414, 45.99832149073458], [7.907796020119196, 45.99828882505928], [7.907809865295135, 45.998271747792096], [7.9078145252230065, 45.99821758383215], [7.907884504318436, 45.99811616448587], [7.907910097418404, 45.99803758092396], [7.907939028178681, 45.99791170270871], [7.908058906877248, 45.99768992198751], [7.908133266505399, 45.99754549511776], [7.908163925752158, 45.99745422440117], [7.908204747659481, 45.99740116043081], [7.908271055232044, 45.99734743249155], [7.908383102070719, 45.99730228531029], [7.9084603837044885, 45.997251841104706], [7.908572714090534, 45.99707586076283], [7.908653716702237, 45.9970425544057], [7.908678711888784, 45.99700582895678], [7.908679852948122, 45.99693729569822], [7.908533232551986, 45.9967786091682], [7.908344695895055, 45.996152507163345], [7.908158549142513, 45.99593084719508], [7.908021160943122, 45.99583207100194], [7.907987096023794, 45.99576385526448], [7.907610564361061, 45.99568813997045], [7.907177189426371, 45.99525716775904], [7.907003721316118, 45.99506192188251], [7.9066079433987975, 45.9943975425918], [7.906171882844686, 45.993872337735084], [7.906067087282502, 45.99363984138085], [7.906102978406148, 45.992561263848465], [7.905863846668835, 45.99238779336517], [7.905939300125019, 45.99217065143755], [7.9058751937484955, 45.99197826739584], [7.90579654048051, 45.99190967725934], [7.905670821661083, 45.99185334554029], [7.905632021158923, 45.991604686718055], [7.905551676073283, 45.99139974740807], [7.9051562806054845, 45.990796546979126], [7.904824075966889, 45.990156313480696], [7.904228678810262, 45.9895999954913], [7.904019220151274, 45.989342562050176], [7.903975426634393, 45.98908190072429], [7.9037212803973445, 45.988784579276626], [7.903527100363316, 45.98869971561453], [7.902642802963212, 45.988527795217706], [7.901584303595147, 45.98836839158313], [7.900822122061837, 45.98778580668197], [7.900540783582423, 45.9873037277271], [7.901504018599458, 45.98645935959636], [7.901092297359006, 45.98571082867854], [7.900886869838225, 45.985620204480135], [7.900783031044855, 45.98553629745314], [7.9003733038214525, 45.98532615881693], [7.900316472557452, 45.98536733972664], [7.9001430126034755, 45.98528297023854], [7.900013014329158, 45.98528281008221], [7.899891084975267, 45.985200379135726], [7.8994681744569775, 45.98510802668532], [7.899372551911407, 45.98498036622551], [7.899199577106144, 45.9849457116081], [7.899084189431715, 45.98485523850238], [7.8989573836155555, 45.98483100097721], [7.898848174273034, 45.98472626286167], [7.898727030126659, 45.984664697677076], [7.898431533580287, 45.984637730580765], [7.897973396352489, 45.98430289075597], [7.897248383997105, 45.98420156742394], [7.896889343787621, 45.983937241831484], [7.896531596481394, 45.98360191576183], [7.896283075350736, 45.98343107607775], [7.895769300591709, 45.982421950904595], [7.895065770002672, 45.98170752541812], [7.894895476371461, 45.9813889012042], [7.894316250376497, 45.98061992157228], [7.89416826743937, 45.98033167284666], [7.894105147805812, 45.980299328167625], [7.89405993556707, 45.97989359595426], [7.893986521871482, 45.97956677647725], [7.893961459739579, 45.97917348444809], [7.893963368985811, 45.97900595110905], [7.893993579209882, 45.978952286854955], [7.8939671079347455, 45.978838193748466], [7.893849607770269, 45.97863559163346], [7.893634601106774, 45.97863603632937], [7.893535754636505, 45.978499575306294], [7.893510842452098, 45.978417537728184], [7.893410895707731, 45.978411031502155], [7.893072903849777, 45.97817894478532], [7.892837827175637, 45.9780928680408], [7.892495797598432, 45.97782238180582], [7.892278434952551, 45.977503715986806], [7.891999928461729, 45.97745755520651], [7.891857705709821, 45.97745763179551], [7.891673254794317, 45.97737680050348], [7.891320868684685, 45.97731337418769], [7.890592711489385, 45.977518067103034], [7.890319893251624, 45.97722410801151], [7.890003106100057, 45.9771271664751], [7.889689154132885, 45.977100278190946], [7.889593524781242, 45.977069123474834], [7.888821141976187, 45.97696850199409], [7.8881312527453735, 45.9769237413489], [7.887559359404893, 45.97671573198656], [7.887136654893111, 45.976652430198115], [7.8868893222285985, 45.97655982284287], [7.886407545843162, 45.97613754036419], [7.886029126515424, 45.97599673321575], [7.885556015901, 45.97604972285833], [7.885318692514064, 45.975930769756985], [7.885005162596658, 45.975810795442314], [7.884519135205368, 45.97547189665467], [7.884389080734388, 45.97532393161394], [7.884417525270388, 45.97520609458364], [7.884224789357232, 45.97514467179611], [7.883947741720635, 45.9749643638104], [7.883819851379692, 45.97500289499673], [7.883459101942269, 45.97502010595146], [7.88343267691522, 45.975081776056776], [7.8831264184357925, 45.975168109949244], [7.88295784666757, 45.97516533848599], [7.882769350724093, 45.975267110693785], [7.882597301934429, 45.975147436658055], [7.882399579170034, 45.97513276141617], [7.882170408762549, 45.97508074263361], [7.881946076171801, 45.974993612148154], [7.8817701169028025, 45.974969000597696], [7.8816797356088, 45.97493334694677], [7.881677919286463, 45.97489706548018], [7.8813735957577995, 45.97474735255176], [7.881165978441764, 45.97466555287234], [7.881095280496978, 45.97467071549317], [7.8808989771273925, 45.97459666157432], [7.880393128783739, 45.97434066357276], [7.880027144801525, 45.97420890065785], [7.879542594693686, 45.97389703545315], [7.879468349362406, 45.9737770831852], [7.879233039768448, 45.973684179368746], [7.879108401417199, 45.97367335845855], [7.878065784503498, 45.973834427809784], [7.877425589350651, 45.973860598316904], [7.877116718191462, 45.972736757008654], [7.877205156766416, 45.97229055685435], [7.877576372099496, 45.972111700521495], [7.877637850451096, 45.97196261134833], [7.877427147315897, 45.97179780737826], [7.877404828966913, 45.97160781825741], [7.8775710340161185, 45.97128917926565], [7.878218343522958, 45.97076729190753], [7.879629057391447, 45.97000928632222], [7.879848764982456, 45.96986484816463], [7.8798798009436135, 45.96966276701876], [7.880076151917505, 45.969512825803164], [7.8801786141882975, 45.96937919152409], [7.88019357706691, 45.96923815465894], [7.880102296186121, 45.96910885001628], [7.8800938854653815, 45.968958503585654], [7.880157628314942, 45.9688340601236], [7.880514962604112, 45.96856683690641], [7.880706436343034, 45.968503935312135], [7.880771145628308, 45.9684482681998], [7.880856303870317, 45.968308294423935], [7.880993951084156, 45.96821277844668], [7.8810813555533485, 45.968012435475245], [7.881512567609288, 45.9677985723846], [7.8814972445278615, 45.96766975188129], [7.881426379763288, 45.96741239612609], [7.881455394781689, 45.96720528577557], [7.881520117349332, 45.96705569680618], [7.881541947512241, 45.96696679784773], [7.88149582008556, 45.96695101346771], [7.881251883733185, 45.966954470506444], [7.881012427195938, 45.96692445861001], [7.880760601832116, 45.966816448523836], [7.880616770296114, 45.9666134452269], [7.880526780251091, 45.96640347673831], [7.880486248612914, 45.96589573592162], [7.88063232565239, 45.96555013451661], [7.8812178523858725, 45.96460183176161], [7.8817731158255615, 45.96407868139893], [7.8818115987772766, 45.964009093463815], [7.8817801999058075, 45.96393703690782], [7.881638012373566, 45.96387000387736], [7.8814353241294395, 45.963784893653], [7.881317737779749, 45.963697325658806], [7.880006994554356, 45.96313083409434], [7.878592178678976, 45.962250642666646], [7.877820293796193, 45.96165741948115], [7.8775741712366125, 45.96140601549024], [7.877421685116084, 45.96114380276963], [7.87736106018827, 45.96075374961115], [7.877479347541579, 45.96026663345734], [7.877640540400198, 45.95998005041132], [7.877807186058256, 45.95978517174434], [7.877840129070001, 45.959643714457656], [7.877856882651314, 45.95931716326237], [7.877838037915227, 45.95913035531853], [7.877256934195863, 45.95901041998515], [7.876094417134016, 45.95874472141265], [7.875341995477782, 45.95846055717061], [7.8749466459832, 45.95806964151784], [7.874891352572681, 45.9579318464344], [7.875384965496178, 45.95697591385782], [7.875837534922018, 45.95645157288166], [7.8762539861553, 45.95611815638192], [7.87660657912296, 45.95598816867482], [7.876884221918087, 45.95590089033645], [7.877213537204607, 45.95559682612849], [7.877206691927344, 45.955329498993656], [7.877243671987325, 45.95523476867947], [7.877538247827953, 45.95493261485083], [7.877868486952738, 45.95477444761633], [7.878121128678919, 45.95472300910813], [7.8783594604151705, 45.954691801076606], [7.878727880144946, 45.95454604013883], [7.878907242323988, 45.954369713581144], [7.8788955021592715, 45.954280884149334], [7.8788533135126375, 45.95417941723262], [7.878706704675103, 45.95405934175924], [7.878589248893224, 45.953973588213316], [7.878356891501357, 45.95382266397563], [7.878044875482054, 45.953635328581015], [7.877838950056761, 45.9533863781755], [7.87767530550051, 45.95300108843748], [7.877280647892872, 45.9527701998298], [7.877226627131166, 45.95257810173582], [7.877203400237487, 45.9523845024426], [7.877199256291581, 45.95218257785676], [7.877234523809236, 45.95208067304933], [7.877324127219793, 45.95198080591877], [7.877450643238362, 45.95163217279654], [7.877384959919752, 45.95141788282666], [7.87737168003994, 45.95075983673905], [7.877417446312157, 45.95046488412243], [7.877516410339037, 45.95023953806708], [7.8774943514631826, 45.949998777662934], [7.877309883834607, 45.94958886954831], [7.877206757918713, 45.94911357148788], [7.877133188262256, 45.94904903700667], [7.876854699863586, 45.94892557820926], [7.876526297854543, 45.948831486973745], [7.876240954140033, 45.94881002720916], [7.875577687608646, 45.94879584622351], [7.875177093832128, 45.948725463395284], [7.874853999068373, 45.94856815724263], [7.87416863319262, 45.94839880114503], [7.873833560638685, 45.94832290411557], [7.8735527963691165, 45.94826976077425], [7.873171181336506, 45.94812765354793], [7.872822279104347, 45.948079180780006], [7.87260750200408, 45.948071870401584], [7.872273430701401, 45.948077899058866], [7.871906603313006, 45.948054260512855], [7.8716835286370905, 45.94799404981469], [7.8713970647132205, 45.947823070728006], [7.87115717302025, 45.947740834503605], [7.870968042278165, 45.947708460277994], [7.870836164490613, 45.947640195027375], [7.870374292230666, 45.947363473857244], [7.8703514197565525, 45.94706249301969], [7.870381408639334, 45.94666676983006], [7.870260521152359, 45.945409109374744], [7.870223488350883, 45.944216186036805], [7.870104587753329, 45.94260618114645], [7.869990865521272, 45.94211430098691], [7.869926438105506, 45.94196392811382], [7.869857195435969, 45.94175425265842], [7.869501331773144, 45.941239391592454], [7.869445180320203, 45.940967204559634], [7.869328151815906, 45.94064811502568], [7.8691902395334195, 45.94030350887479], [7.869216181530147, 45.93997850148055], [7.8692234266419705, 45.93973059312066], [7.869181436329344, 45.939522829308856], [7.869153172223255, 45.93930746892171], [7.8690595046931175, 45.9387940472259], [7.8690039431083045, 45.93840113664417], [7.868986991079909, 45.93815843055598], [7.86890723785773, 45.93794545969983], [7.86872539146554, 45.937774160324], [7.868589507159202, 45.937594328463845], [7.868587015260901, 45.93739983800284], [7.868864792649358, 45.93720718639902], [7.869087325487114, 45.937190990363185], [7.869037215192325, 45.936878677510684], [7.868761330746531, 45.936789148551384], [7.86865395595936, 45.93672119345111], [7.868408851743764, 45.93671434997352], [7.868502404435658, 45.93654254355753], [7.869609024783135, 45.93571990285865], [7.869657706414837, 45.935654416726585], [7.870009359553844, 45.93553956396633], [7.870068387078952, 45.935455344796836], [7.87017425416495, 45.935400526000194], [7.870278567132953, 45.935243745104515], [7.870858697217385, 45.934990015748454], [7.870951590583651, 45.934866401894666], [7.8709158518351625, 45.934776412309176], [7.871176855881928, 45.9342230187176], [7.871229816820014, 45.93407107039201], [7.871178053339337, 45.93374201130299], [7.871301134601507, 45.93329256794891], [7.871356144158487, 45.93287034971877], [7.871335396508621, 45.93243320783221], [7.8714375393356795, 45.93213120659009], [7.87265807485663, 45.93182048791299], [7.874037974652198, 45.9311669280717], [7.874106518911587, 45.930221179511456], [7.877052523576364, 45.92719596623663], [7.876903262365943, 45.92695546785652], [7.875005318809981, 45.92443435006936], [7.873717412927432, 45.922346947141875], [7.873073430379764, 45.92046587629306], [7.872132389959737, 45.919781673859625], [7.870400554745568, 45.919414624292386], [7.8663383471850965, 45.919572742783295], [7.865217598742901, 45.917661876441095], [7.864076506485323, 45.91675066300169], [7.860949840289338, 45.91786939142267], [7.860375559333329, 45.91926346342111], [7.859671496680296, 45.92033128173535], [7.858500717831005, 45.92086949588589], [7.855936302173311, 45.921168793399474], [7.85294292670561, 45.9207638392476], [7.850729325292701, 45.92059161888647], [7.847519016141597, 45.92078426970899], [7.842923762729743, 45.92196264543786], [7.840670847553956, 45.92203980660473], [7.836720595464734, 45.92172472678052], [7.835633617800764, 45.922355040740776], [7.833878194313601, 45.92304537265183], [7.833330986270733, 45.9238734494411], [7.832839412272071, 45.92446382094249], [7.831447050083308, 45.92496386468692], [7.8302098939720715, 45.92517017852565], [7.828966743783926, 45.92534017195301], [7.8278755648092, 45.92571063910741], [7.826596254256547, 45.92610970963218], [7.825145085635223, 45.92618570339524], [7.824059003993815, 45.926311388516226], [7.822668343180968, 45.92670763861035], [7.821765492847621, 45.92696071457106], [7.820390648474097, 45.92695984098732], [7.819166172108108, 45.92656398751832], [7.817100688258386, 45.92531092635189], [7.814865758342892, 45.92418719698753], [7.814191739259626, 45.92355428774827], [7.813144478745035, 45.923381285097136], [7.811796996420501, 45.92350412841548], [7.80990159116174, 45.92304648469132], [7.808684883197041, 45.92229477961307], [7.807365559841157, 45.921104059499335], [7.805389907451756, 45.91916743427904], [7.803803875813749, 45.91846167005068], [7.8020639693336635, 45.91773180484014], [7.801472328536332, 45.917451877185506], [7.800356724852095, 45.91722121439956], [7.799517827997448, 45.917126607996146], [7.799117245365886, 45.917536647278226], [7.793983829536039, 45.9200007168048], [7.793188533354649, 45.9208154584798], [7.7932291871883255, 45.92182346141674], [7.792324478244206, 45.922446601344525], [7.791707882444085, 45.923315933675006], [7.791740317125804, 45.92418924989163], [7.790813173593165, 45.92494871242367], [7.789118139504256, 45.925587652965724], [7.787867109552743, 45.92642289541739], [7.786198044138868, 45.927582172109766], [7.784810070848427, 45.92784114522854], [7.782449061165681, 45.92883417580861], [7.781928306674695, 45.92909199041263], [7.781053148319972, 45.92941603995119], [7.780468170516075, 45.929567559582196], [7.779125204809976, 45.92999064396653], [7.777690779624193, 45.930583745967645], [7.776954644938814, 45.93086028503295], [7.776560582396602, 45.931066674966196], [7.776154659286016, 45.93134134591174], [7.775853857969895, 45.931881749571126], [7.775688836043775, 45.93199520080545], [7.775394823714341, 45.93246005608265], [7.775227915428442, 45.932776900374755], [7.775168110398856, 45.93279785850837], [7.774941852464085, 45.932763037000974], [7.774501768997181, 45.932715106415564], [7.77421484214198, 45.93274081739271], [7.773633943551863, 45.93287860032305], [7.773159444518426, 45.93310393340931], [7.772806011519559, 45.93333775100257], [7.772417018817861, 45.933662982222565], [7.772333205467192, 45.93371968613578], [7.7719958406454115, 45.93380966654648], [7.771770776827245, 45.9339548606792], [7.771254302465271, 45.93456134087757], [7.770899505028937, 45.934739335845954], [7.770813679346165, 45.93488780792964], [7.770763494691146, 45.93529050572887], [7.770635012492918, 45.93550978354914], [7.7705499929869815, 45.93562546579883], [7.770529377284782, 45.93570400405329], [7.770420131213793, 45.93582803328464], [7.7702907605658105, 45.93587788915317], [7.770304140542651, 45.935950073549556], [7.770147626899491, 45.93600999372064], [7.770190389003657, 45.936120753081426], [7.770088189091304, 45.93614637455042], [7.770041953346941, 45.93621871460995], [7.769689117873098, 45.93639139851397], [7.769491888234058, 45.936560292399264], [7.769364670990131, 45.93694594372105], [7.769267992496938, 45.93711770751451], [7.768976790744389, 45.93721897207518], [7.768553780114252, 45.937214421520665], [7.767365833791072, 45.93749862863755], [7.767026703483608, 45.93755076554402], [7.766747360473107, 45.93758195703948], [7.766537134096476, 45.93763729225802], [7.766047107645801, 45.93763020273442], [7.765748700888827, 45.93759096817679], [7.765553403207319, 45.937671665485524], [7.765345415635567, 45.937743233005], [7.76506874231357, 45.937770839321296], [7.764811523081907, 45.937735652547666], [7.764711799726617, 45.93769497584223], [7.764485799289413, 45.93776455023102], [7.7639357553666635, 45.93790259909461], [7.762676435118811, 45.93814637853568], [7.762386691389622, 45.938181045507235], [7.761911002754195, 45.938224500669214], [7.761741254126483, 45.93831625724311], [7.761489368756871, 45.93838914310421], [7.760989255405923, 45.93848631791011], [7.760764353665022, 45.93862249186209], [7.760647173745131, 45.93866981686871], [7.760525657633107, 45.93868111093646], [7.760028753475761, 45.938634312992015], [7.759866019970724, 45.93864334287104], [7.759699696539435, 45.93869733543081], [7.759502837419569, 45.938731216398764], [7.759127881477578, 45.93876852947575], [7.758686458834573, 45.938779954155535], [7.758225166402845, 45.93875513228141], [7.757769170377167, 45.93872497091762], [7.757083104024054, 45.93871391527638], [7.756541835652817, 45.93892043983837], [7.756107845007493, 45.93905972428955], [7.755685459859073, 45.93914152156297], [7.755164760063653, 45.9393500616227], [7.754907272475081, 45.93944266196429], [7.754355679650694, 45.939533855056695], [7.753990948815685, 45.93969007371772], [7.753366311409805, 45.94004690087701], [7.7531673016293725, 45.940062721362075], [7.752065765408409, 45.94005430834686], [7.751629157810048, 45.939964022255936], [7.750667394035242, 45.939994021536684], [7.750059689286413, 45.94005487786348], [7.748896566335236, 45.94043365855341], [7.7480741055225035, 45.94086568959989], [7.747751577238796, 45.94100841538579], [7.747847851860016, 45.94017016964719], [7.747769417275425, 45.93921300301072], [7.747229990584756, 45.9373890178092], [7.745828875316613, 45.934878221054106], [7.743551399164554, 45.932625576144325], [7.742059445431643, 45.93157859529015], [7.740340226069798, 45.93074511530902], [7.738693175688033, 45.929716639721335], [7.73687123911973, 45.92829917939114], [7.736150434218316, 45.927523909714], [7.734726349031883, 45.92478099338167], [7.734875229175567, 45.92418860959772], [7.735017606343369, 45.92404479576745], [7.735085249414573, 45.92400383312632], [7.735097668242168, 45.92399062234988], [7.735093473668149, 45.923972894539425], [7.735009097010548, 45.923975095229764], [7.734933286915285, 45.92399547100764], [7.734740608614981, 45.9240689291083], [7.7344614677710615, 45.92403026164905], [7.734153549794748, 45.923959113871355], [7.734132182689142, 45.92394547882817], [7.728580670262037, 45.923801470788575], [7.725959083969863, 45.92367326224108], [7.7238704647695915, 45.923587843005016], [7.722327571453467, 45.92349319507716], [7.721234631546038, 45.923631273546945], [7.7204803779201585, 45.92379024756951], [7.718902472120225, 45.924209092408304], [7.718374570683869, 45.92456229441897], [7.717773064297039, 45.92519998479462], [7.717313398713679, 45.92572585076003], [7.716940196857745, 45.92647410994878], [7.716705049456529, 45.92705109652111], [7.716541863411984, 45.9274164953452], [7.716333305945911, 45.92773456378205], [7.716218958462373, 45.92777108776085], [7.713475137389287, 45.92790866901627], [7.71309375613993, 45.927988504128294], [7.712673622009655, 45.92822792053026], [7.712657726011893, 45.92828958629554], [7.712714234361093, 45.928490672839274], [7.712841228852048, 45.92904828839503], [7.712773286553981, 45.92978867876147], [7.712457384572128, 45.930640336632315], [7.711842018783633, 45.93153805993763], [7.711566430150646, 45.93218958106998], [7.7112740008985865, 45.93290911147923], [7.710931830320098, 45.93324994609038], [7.709658484993174, 45.933764933770455], [7.70929125034357, 45.93386777006805], [7.709129778485588, 45.93386501857436], [7.708601376251202, 45.933765123828195], [7.708436601013677, 45.933488775587705], [7.708353399431633, 45.93347612930756], [7.708283376212539, 45.93362150993498], [7.70825737127656, 45.93363940146021], [7.708223599284906, 45.93367183887902], [7.708252667665969, 45.93370016767825], [7.708190842895496, 45.93374316948271], [7.708190417095193, 45.93377717346168], [7.708176815848422, 45.93379285806551], [7.707999219569977, 45.933987683274474], [7.7079419534322735, 45.93402443160147], [7.707831675126714, 45.9340583747283], [7.707545230250776, 45.93447719216417], [7.707321404392492, 45.934894305392426], [7.707370149409612, 45.934962671529256], [7.707385365249831, 45.935213400668054], [7.7074291177088385, 45.93553928884994], [7.709151937530166, 45.94164097000378], [7.7085766558442455, 45.94387281144679], [7.708651609641101, 45.943964331700926], [7.708680630093586, 45.94412324727167], [7.708564680452351, 45.94440540698335], [7.708656398799728, 45.94485864809157], [7.708853822648817, 45.94522159165607], [7.709173704097194, 45.94531408941306], [7.7095778370521675, 45.94580292918514], [7.709562235106566, 45.94591280960195], [7.7096895428274985, 45.94624911250933], [7.709622149733771, 45.94651728345609], [7.709559528961559, 45.94661068062129], [7.709797788583952, 45.947059608854914], [7.709905142395424, 45.947203601342956], [7.70992828321105, 45.94741068589957], [7.709855907836931, 45.94757299645161], [7.709897140414297, 45.94764980942975], [7.70980178312505, 45.94778543269487], [7.709910185616037, 45.947901061448206], [7.709947835914381, 45.948012236610786], [7.709879167691119, 45.94809544815397], [7.709705940069598, 45.948170095023066], [7.709198315451518, 45.948692557096805], [7.708762025476253, 45.948927866242656], [7.708569877217665, 45.94899693808919], [7.708390935062725, 45.94929978736147], [7.707684419440442, 45.9493442695009], [7.707458474748882, 45.949260016014335], [7.706182902182352, 45.94949289001022], [7.705708057075494, 45.94961124596345], [7.705726364453738, 45.94968190648316], [7.705659823448501, 45.94980425607359], [7.705455446859025, 45.94997021948367], [7.70516381125407, 45.9501511141052], [7.704798039739516, 45.9504977346099], [7.704595628699876, 45.95057800176342], [7.704231621571902, 45.95063481180329], [7.704054659935548, 45.95056082677785], [7.703734004688077, 45.950872002900404], [7.703411177305908, 45.950986444348445], [7.702935466953019, 45.951341647980605], [7.702903174556525, 45.95151027967222], [7.702705471425468, 45.95170458573723], [7.701730750393564, 45.95200699003247], [7.701322693627446, 45.95229872913647], [7.7006209394939145, 45.95247598125424], [7.700181286173707, 45.952752806569464], [7.699699745538392, 45.95339123531346], [7.699769791327326, 45.953741429747396], [7.699408130271873, 45.95389588134273], [7.6997217688240225, 45.953994376114665], [7.699678304911341, 45.95406430892832], [7.699506216365163, 45.95414131212493], [7.699333738608584, 45.954196357248975], [7.698821999216569, 45.954499073315034], [7.6979941227736965, 45.95464836791453], [7.697554849125116, 45.954803150470774], [7.6972107335389675, 45.95467394829144], [7.6969008741073095, 45.95474540590876], [7.696603668391193, 45.95491371307699], [7.696053707064764, 45.9549466526293], [7.695798632267227, 45.95481190653261], [7.695581610556354, 45.95482187174652], [7.6951887115037145, 45.95466279980019], [7.694853870358434, 45.95471810786783], [7.694382944804125, 45.95459132474127], [7.694015862280849, 45.954601766576616], [7.693871344440032, 45.95470788049048], [7.693209819295646, 45.95469546647122], [7.69295820271475, 45.954798573057865], [7.692370416679278, 45.95467337564208], [7.6921770640829, 45.954661522453534], [7.692024886498303, 45.95470174094532], [7.69178063611808, 45.95467468067972], [7.69155101261249, 45.95458892946511], [7.69154342829355, 45.95468947038878], [7.691169439354681, 45.95467410703809], [7.69105656646144, 45.95461334750481], [7.69088108210544, 45.95459636497451], [7.690642595968724, 45.954489924789506], [7.690497795729579, 45.95454154925738], [7.690337818101431, 45.954500976830175], [7.690218135494576, 45.95457127296122], [7.689937266448022, 45.95460187989536], [7.689674803439157, 45.9547517142169], [7.688767200584627, 45.95492458789969], [7.688162558925059, 45.954981762965694], [7.687789601563944, 45.95498600772879], [7.687026454245618, 45.955042942174636], [7.686759601198499, 45.95513063265162], [7.685699799880155, 45.95561570783604], [7.685235199352686, 45.95578808989571], [7.68499422275558, 45.95591823369746], [7.684820958853725, 45.95596838763353], [7.684599989124914, 45.95613721159675], [7.684596387383925, 45.95616513279492], [7.684369178774102, 45.95630047988371], [7.684043797819101, 45.956551864822686], [7.683877327740258, 45.95658499927232], [7.683816798874754, 45.95654677573227], [7.683574858054216, 45.95661869859896], [7.683529657822355, 45.956585010249555], [7.683335961294412, 45.956673603255915], [7.6831864170609405, 45.95665022568], [7.682741307173061, 45.956673812757515], [7.682475377498159, 45.956775280962255], [7.682368274027729, 45.956666481043996], [7.682199425833292, 45.95666145702921], [7.68188678886556, 45.95684345165882], [7.6816422484951365, 45.95676055377088], [7.681414133268728, 45.95682099431828], [7.681133037068524, 45.95693241226223], [7.681015578344564, 45.95699926548473], [7.680775455455681, 45.957239739594556], [7.6802377123218815, 45.95754550181974], [7.679705273360167, 45.95779150359863], [7.679746197422748, 45.95797981440673], [7.67943607907583, 45.95809266712243], [7.679025233447792, 45.95833334216935], [7.6786335561869885, 45.958592741229054], [7.678321543925575, 45.95883707360632], [7.678326075960555, 45.959171999635856], [7.678139501402034, 45.95961730718867], [7.678255316536731, 45.959943665132144], [7.678347903628123, 45.960074917575945], [7.678197016347452, 45.960345908758285], [7.67804714449136, 45.960444627657495], [7.677894437112799, 45.96078670516198], [7.677855874509095, 45.96094728326989], [7.678079682025969, 45.96142231682587], [7.6780899120527755, 45.9615291427365], [7.678002996989464, 45.961593032507224], [7.677927000228027, 45.96171183314428], [7.677705818304023, 45.961928702921014], [7.677639507617324, 45.962047492360135], [7.677709807787118, 45.96234168124738], [7.67769987651249, 45.96248410833214], [7.6777740939028964, 45.96256374031289], [7.677748966196063, 45.962661267729644], [7.677674650739397, 45.962742789038515], [7.677678844512759, 45.96288801301383], [7.677602723146095, 45.963043445855], [7.677479092045424, 45.963204249945406], [7.677544228852623, 45.96334561216386], [7.677442880191237, 45.963398405289325], [7.677340540581064, 45.963749080318735], [7.677111827534183, 45.96396772495677], [7.67707641891848, 45.9641932789271], [7.677270464803909, 45.964351540214274], [7.677323884209301, 45.96470597068482], [7.677102707411479, 45.96493352464689], [7.677053121461728, 45.96507907481599], [7.6763502583712935, 45.96515519070322], [7.676068208460014, 45.96521934549502], [7.67567089288023, 45.96536775098377], [7.675450254169948, 45.96551547755883], [7.675202453614871, 45.9656105029908], [7.674977915879806, 45.9657307839068], [7.674757455466284, 45.965785622809584], [7.674283664373622, 45.966210916770734], [7.674149630380318, 45.96641949519815], [7.673893096083701, 45.966642109954314], [7.673692794598791, 45.966856951544216], [7.67372523571563, 45.967148848168215], [7.6737707230830186, 45.967303123834306], [7.673830481588062, 45.96736796397094], [7.673832216689157, 45.96752604607691], [7.673747052477637, 45.967691766858955], [7.673792802144529, 45.967834923402485], [7.673580210439095, 45.968217259442454], [7.67354102969888, 45.96850562786867], [7.673423495941742, 45.968701298827526], [7.672665831633969, 45.969328980344855], [7.672492000164535, 45.96933727853354], [7.672362805582322, 45.96937368270159], [7.672164624906035, 45.96934483995387], [7.671207617300495, 45.96963807383147], [7.6711200342172114, 45.96963435951826], [7.6708053213466565, 45.96973915571005], [7.67071692301279, 45.969817211514076], [7.670558089804317, 45.96988955590033], [7.670444312046448, 45.97008585477727], [7.670361763865309, 45.97059347530875], [7.670240302001045, 45.97081597484149], [7.669934142545403, 45.971069653312206], [7.6697433750526205, 45.971383698864415], [7.669617215093817, 45.97141956164152], [7.669437070795532, 45.97160686610876], [7.669317714660707, 45.971690246058785], [7.669095897361663, 45.97211119052517], [7.668860457227875, 45.97237277420806], [7.668886240440372, 45.97246343271098], [7.668826262078407, 45.972604442302604], [7.668607153208393, 45.972817361986856], [7.668499725456025, 45.97310022904347], [7.668412191810628, 45.97317435885352], [7.668363706942387, 45.97339819556246], [7.6682837185524875, 45.97357039771084], [7.668315261447326, 45.97371164503585], [7.668270010608558, 45.973817723646405], [7.66683248127234, 45.97400728250354], [7.666683821483497, 45.97398249784226], [7.666388770727184, 45.974026042225205], [7.666095793289657, 45.97411821299337], [7.665980931161941, 45.97417665655595], [7.665835968365102, 45.974134862265636], [7.665723577479501, 45.97418306146677], [7.665488588270145, 45.97431281996189], [7.665315818706968, 45.974591840071575], [7.665176069037285, 45.97475369973979], [7.664984565855255, 45.97480814933324], [7.664884950759729, 45.97500110642889], [7.66480082290849, 45.975079995433546], [7.664726553211446, 45.9751217848305], [7.664572949632325, 45.97503116023016], [7.664370088869201, 45.97553308546177], [7.664274256491211, 45.97565865752877], [7.664030629568347, 45.97573896430352], [7.6637624903713055, 45.9757881060901], [7.663496691807738, 45.97579777937626], [7.663222988007723, 45.975864824151614], [7.663010896407675, 45.97585497669948], [7.659309000955694, 45.97635198004513], [7.658976616380609, 45.97636634047392], [7.658738226188126, 45.976433516138286], [7.658595287920027, 45.97642116545274], [7.6585229859012625, 45.97642128827448], [7.658293670943424, 45.976483641056284], [7.657918843859906, 45.97660994509196], [7.657801901589986, 45.97667187989846], [7.65779229466141, 45.97661476953523], [7.657591876815476, 45.97661176800322], [7.657442145065098, 45.97663669638318], [7.657228700694833, 45.976528765361074], [7.656998161049241, 45.97656337236059], [7.656538340944516, 45.976285430781616], [7.656409091972909, 45.97626346041433], [7.656269529404972, 45.976282663187], [7.65608954286089, 45.97622650734712], [7.655883672949641, 45.97606915475918], [7.655723004978094, 45.97611508599161], [7.655573991366809, 45.976024893918044], [7.655290197661014, 45.97590357353479], [7.655167454535412, 45.97590197166241], [7.655158720164465, 45.975865800887966], [7.655036690101666, 45.97584499433441], [7.655010536758051, 45.97581862401371], [7.655031186511391, 45.97573833711931], [7.654990836107161, 45.97573346664675], [7.654982066667477, 45.975616283248876], [7.654912148804058, 45.975442030852825], [7.6548389379549535, 45.97535859380788], [7.6546923281143995, 45.97533040363081], [7.654656270351073, 45.9752294266209], [7.654604302991501, 45.97516686569304], [7.654543672891768, 45.97513930257782], [7.654522632453299, 45.97506443752634], [7.654290950522666, 45.974790104658595], [7.654250000399817, 45.97467836904308], [7.654035178199054, 45.9745507453998], [7.654011712140443, 45.97450516524705], [7.653876396392977, 45.974438325157294], [7.653705984265909, 45.974281041192164], [7.653311064399208, 45.974217399383264], [7.6531882230835, 45.97423915693854], [7.6530498000857925, 45.9742219585562], [7.6526707732496835, 45.97411784117189], [7.6525683612369555, 45.97411789913209], [7.652433282415157, 45.97416776250005], [7.65227485583884, 45.974145733340116], [7.652264282482392, 45.97416036253769], [7.652110842515717, 45.97412026017041], [7.652112286354605, 45.97416946385579], [7.651599585809819, 45.974271065909896], [7.651551241461275, 45.974207118781756], [7.651239829731088, 45.974191905907134], [7.651127462208125, 45.97422328468035], [7.651062208357759, 45.974210578823374], [7.650997791432563, 45.97423403346102], [7.650907946823462, 45.9742109848031], [7.650758523026708, 45.97423496617926], [7.6505001294028725, 45.97417407395836], [7.650314750912369, 45.97415841587641], [7.650080693326118, 45.97408155532397], [7.649933651591404, 45.97408745977337], [7.649632316056772, 45.974007961419936], [7.6495445972188785, 45.97403458799089], [7.649359982242958, 45.973902199638], [7.649304511625205, 45.97390368775182], [7.649164022842558, 45.97382197139957], [7.649054226893894, 45.9737798894922], [7.648936970459554, 45.97380118357543], [7.648737514686699, 45.973602420402855], [7.648644457544687, 45.97356197862209], [7.648545304427663, 45.973570491820084], [7.648490307505208, 45.97361843893111], [7.6484460549140305, 45.97354106756874], [7.648177536401063, 45.97336566174141], [7.64808323255626, 45.973205434020656], [7.647974009579232, 45.97313418470343], [7.647815384339002, 45.97309239667139], [7.6476339130744995, 45.97300701368672], [7.647198154032878, 45.97289340063126], [7.647199109798853, 45.97291062533292], [7.646988290067141, 45.97287694387698], [7.64613487705855, 45.972639233146154], [7.646040009885195, 45.972539177769406], [7.645747190631038, 45.97243270159861], [7.645701127815295, 45.97233263605258], [7.645105568964678, 45.97190943922724], [7.644936482235085, 45.971712402639554], [7.644861708522086, 45.97167471229718], [7.644305875615711, 45.9716202269324], [7.644114190643453, 45.97166676052803], [7.643780386464885, 45.97151821988523], [7.643737693032166, 45.97135361370322], [7.643690156806474, 45.97130237312961], [7.64336575469438, 45.97119160690871], [7.643011057774217, 45.9711246027701], [7.642476443181071, 45.97095192848831], [7.642255907823214, 45.970903642556046], [7.642061924738935, 45.97079010819421], [7.641945606306822, 45.970816322947265], [7.641893677811238, 45.970791057892704], [7.6418417784223704, 45.970808521016636], [7.64174069194805, 45.970729200424344], [7.6414845338976045, 45.97069705082044], [7.641274687758257, 45.970696040364395], [7.641099205377232, 45.97063811678671], [7.64108728365252, 45.97059582302702], [7.640931865243582, 45.970598724242606], [7.640861765438089, 45.97053922114114], [7.640455775501246, 45.97048140053946], [7.6403071402977405, 45.970374186790494], [7.64019796630725, 45.97032952051095], [7.640183217855328, 45.97028657517021], [7.639760687925705, 45.97023420789393], [7.639623318424886, 45.970137885166224], [7.639538545423371, 45.970112182611764], [7.638922482305031, 45.97014036866768], [7.6385507195268385, 45.970219035619195], [7.638478800826612, 45.97019464120981], [7.638392816833862, 45.97022978402795], [7.638371184456769, 45.97015587035749], [7.638273624558282, 45.97015437715363], [7.638093405885483, 45.97011942275563], [7.637468741021026, 45.97004527503185], [7.637225897627063, 45.97003296488397], [7.637094651886088, 45.970055333050674], [7.636684107903354, 45.970159256662136], [7.636138299470498, 45.970234206744635], [7.635467370645867, 45.970313850796046], [7.635288496578753, 45.970315007955925], [7.63517807221294, 45.9702727510385], [7.635091786209883, 45.97031770654893], [7.634843180061938, 45.97032478599905], [7.634467319227563, 45.97037050509584], [7.633923440395767, 45.970445154103906], [7.633298815675541, 45.97047980195562], [7.6327164673115435, 45.97048174918319], [7.632501815398465, 45.97047421183463], [7.632363294543018, 45.97039835025019], [7.632300175442302, 45.970299933776694], [7.63179030547901, 45.970463544622966], [7.631687428991347, 45.97045747857417], [7.631594583444513, 45.97049371047063], [7.63140570671297, 45.97050424491272], [7.6312525245716145, 45.9705701637037], [7.63110554135172, 45.97059376682331], [7.630937662570226, 45.970662508737014], [7.630622181723166, 45.97074450780902], [7.630583246375738, 45.97076633363604], [7.630412959031116, 45.970814639950824], [7.630062430084414, 45.9708978756692], [7.629697950825119, 45.9709469679852], [7.629282418597787, 45.970972397700464], [7.629030780178248, 45.970968990626496], [7.628828420640049, 45.970957665023164], [7.628337285038891, 45.970917142283945], [7.62755417260855, 45.9709174104044], [7.627439053023234, 45.97087363482362], [7.627064759989033, 45.97092368266719], [7.626919064428484, 45.97096952577202], [7.626675721068859, 45.97093559740662], [7.6260719909741095, 45.97114183998675], [7.625759308173866, 45.97121128085764], [7.625188394452896, 45.9714031353823], [7.624642415931189, 45.97148115423182], [7.624490453912346, 45.97152568908697], [7.624462300684707, 45.971501484633585], [7.6240072722200365, 45.97152626940965], [7.6239037692204565, 45.97150690200664], [7.623386189125835, 45.97151381409789], [7.623244822454275, 45.97148659254792], [7.622848023595605, 45.971572407540606], [7.622648507847745, 45.971594060506916], [7.622502198154048, 45.97165144617273], [7.62221888425162, 45.971697972401444], [7.622056296699982, 45.97175232666465], [7.621749528073056, 45.97177531395217], [7.6214959361585795, 45.971852779387525], [7.621308310219809, 45.97188096050165], [7.621157603431093, 45.97194336261879], [7.621026580785329, 45.97194274741693], [7.620727663033704, 45.97203812463814], [7.620571681576574, 45.97217532289908], [7.620272745619707, 45.97225063733428], [7.620110475567324, 45.972324381164], [7.6199012395760155, 45.97228672020894], [7.619582279671401, 45.972377716774055], [7.619264504748538, 45.9723278752011], [7.618989636387172, 45.972355640681386], [7.618815453501956, 45.972333879655686], [7.6183305338369625, 45.97198507314388], [7.618266080694507, 45.97196917278643], [7.617880070254176, 45.97172548474985], [7.617683408847848, 45.971783533006665], [7.61755422043034, 45.97173932143368], [7.617419399207015, 45.971640805133504], [7.617385896425247, 45.97155293114599], [7.617268888292006, 45.971473580942146], [7.617306649063196, 45.971350168976294], [7.617076788467673, 45.97127891534471], [7.6168504114082864, 45.97135987173469], [7.616807100839783, 45.97139915858955], [7.61663101784539, 45.97137890889191], [7.61644337898901, 45.9714393122445], [7.616282227455217, 45.971452206353696], [7.616222833098594, 45.97136037639428], [7.616151572237154, 45.971388108737884], [7.6160920743435545, 45.97135258790888], [7.615987632734734, 45.97138082894026], [7.615917977157204, 45.97137149280073], [7.6158859079553745, 45.97140011259845], [7.615533194479428, 45.97141858139814], [7.6154117987932475, 45.97139495012026], [7.615228366961846, 45.97145619949905], [7.614929845527827, 45.971385435741276], [7.6146219565152755, 45.97116901333588], [7.614289153607038, 45.97106505659353], [7.614099462400017, 45.97092173810216], [7.613847809470044, 45.970815177875814], [7.613628447274487, 45.970757832142354], [7.613598007368748, 45.9707066333082], [7.613527258775391, 45.970669421401425], [7.6134926518555375, 45.97057329778814], [7.613153895483279, 45.9705365886904], [7.612792686169499, 45.97053435712139], [7.612523251895218, 45.97045504456394], [7.612321502259201, 45.970427126466696], [7.612191231114273, 45.970352692868936], [7.611811831448775, 45.970317121953975], [7.61168746893984, 45.9702226073867], [7.611585144235303, 45.970190443153946], [7.611400697611869, 45.97007636822804], [7.611342021041491, 45.969979839549644], [7.611018524085948, 45.96991170839387], [7.610929034156653, 45.96973757270894], [7.61067921886364, 45.969612678847994], [7.61058945970368, 45.96961735750936], [7.610539534172787, 45.969537934427805], [7.610414910807822, 45.96948186785117], [7.610348334806853, 45.96934544012275], [7.609535271592086, 45.969344330343795], [7.609029111958439, 45.96940480706436], [7.608849584456932, 45.96938973212806], [7.608688891947316, 45.96941236431683], [7.608483384249448, 45.96939708689249], [7.60838589136046, 45.96942879789322], [7.608350828917799, 45.96941247797138], [7.608166969581825, 45.969419643107706], [7.608001954110861, 45.969471505959525], [7.607711234730347, 45.969521939100915], [7.607672214012862, 45.96956013970339], [7.607576546656663, 45.9695689632809], [7.607163222313718, 45.969765847650606], [7.607075080796966, 45.96978469903828], [7.607013627560875, 45.96984026733455], [7.606711928451533, 45.96992347210011], [7.60645366488055, 45.9699374636103], [7.606347929801572, 45.969923623729315], [7.605996215818379, 45.969974781841664], [7.605149726495025, 45.96993841710534], [7.605035579458767, 45.969941140250384], [7.604725947424643, 45.97007490643395], [7.604397973868749, 45.970270396909065], [7.604001228868036, 45.9704066994552], [7.603472420082102, 45.9703260266288], [7.603044565568959, 45.9701517724194], [7.602759007059292, 45.97011997142489], [7.6020838353906255, 45.97013435447993], [7.6015362165473865, 45.970111328298074], [7.600858041441045, 45.97001711616434], [7.6004484031502475, 45.9700314633409], [7.600367694522397, 45.97000885429949], [7.600034440490917, 45.97007610134623], [7.599762056779221, 45.97007528218494], [7.598890832002488, 45.970247918347795], [7.5986811382980735, 45.97032953139446], [7.59785044695904, 45.970446412934194], [7.597237348763003, 45.970402114050884], [7.596169304170927, 45.97052162781842], [7.596114644136194, 45.970553070673326], [7.596035176846851, 45.97053962493668], [7.59587137293833, 45.9705737920794], [7.595744083097751, 45.9705736902194], [7.5949419468712875, 45.97074143432082], [7.594877487339108, 45.970720554404146], [7.594541344535146, 45.97074178725677], [7.59410038599273, 45.9707321454196], [7.593731094524313, 45.97075144084331], [7.593413439056225, 45.97080122149548], [7.593223911000847, 45.97078612334097], [7.593114679351798, 45.97074893119812], [7.592971480645473, 45.97075756351607], [7.592555433757869, 45.97069273085379], [7.592404438213518, 45.970722727950964], [7.5923006903187895, 45.970773188615674], [7.5922167471830955, 45.97068954025048], [7.5921275383721545, 45.97064752647775], [7.592063910188092, 45.970739607058995], [7.591950725821235, 45.97074624584229], [7.591716748056501, 45.97071744810271], [7.591620980482547, 45.97067282721047], [7.591373091718863, 45.97073672219751], [7.591140418783488, 45.97073735112962], [7.590991346480311, 45.9707863342826], [7.590768066520914, 45.970806585385006], [7.590648858793971, 45.970762200727734], [7.590587481168876, 45.97071189139306], [7.589535592112889, 45.97059938629129], [7.589217708727685, 45.970508948905774], [7.5890012403432605, 45.970476216631496], [7.58871549075022, 45.97052180886016], [7.588631952254257, 45.970505079371506], [7.588519140940759, 45.970548794640166], [7.588335305323141, 45.97057162470146], [7.588271573235764, 45.97061311468656], [7.588087472361214, 45.97066645775877], [7.587968308255818, 45.97065153003316], [7.587884303915789, 45.97071963713341], [7.587763858289306, 45.970703163524654], [7.587748906857693, 45.9707317350492], [7.587669469512323, 45.97073333304322], [7.5875654508065615, 45.97080451511201], [7.587322853173234, 45.970846797600615], [7.586878788672337, 45.971033379037976], [7.586807326031086, 45.97114181181517], [7.586671743324771, 45.971210604877704], [7.58638570581061, 45.97132063006681], [7.586111623914568, 45.97139527191594], [7.585783902128446, 45.97150450721789], [7.58552743836359, 45.971554027490825], [7.585332322897251, 45.97158632223864], [7.585046500939835, 45.971588305609274], [7.584967189314506, 45.971665350892266], [7.5848127481598056, 45.97169731288102], [7.584709159671001, 45.97183368746526], [7.584373979314137, 45.97206422852702], [7.584077577671713, 45.97211047238132], [7.583920100369761, 45.97219479164578], [7.583757506957207, 45.97220799959791], [7.583520024382454, 45.972324408645704], [7.583503555315147, 45.97239485559007], [7.583551504149698, 45.97244693251839], [7.583396256659606, 45.97257552281867], [7.583273723479869, 45.972840012385596], [7.583143173831664, 45.97299065527042], [7.583085905907128, 45.97301529475615], [7.582893459782, 45.97333943109622], [7.582897695161098, 45.97337988826514], [7.582721175960023, 45.973387060178425], [7.5826264911906796, 45.97347007248938], [7.582626074755504, 45.973640323383904], [7.582583305409279, 45.973654850191146], [7.5826033117144815, 45.97369710574522], [7.5825583156465965, 45.973801404039854], [7.582357581158623, 45.97389902536485], [7.582259342616989, 45.97403842021455], [7.582174002596832, 45.97401941374321], [7.582040756094443, 45.97411740945184], [7.5819916830777325, 45.97422760323246], [7.581869180556345, 45.97432038400384], [7.581702666789494, 45.974377210557975], [7.581745524408606, 45.97444633999411], [7.581687444070646, 45.97462026066264], [7.581584065099538, 45.97473515349279], [7.581252946851543, 45.97513804431986], [7.581239967466977, 45.975556346825066], [7.581305111046569, 45.97581139225854], [7.581603926017446, 45.97622751163715], [7.582029641045143, 45.9766257839638], [7.582128043633625, 45.97673965705609], [7.582171462247536, 45.977291340573835], [7.582276521817751, 45.977878482605554], [7.578607759844316, 45.9860124760601], [7.576594512574958, 45.986801857624016], [7.576406860876416, 45.98674924591614], [7.575703172102823, 45.98698269929542], [7.574993131268715, 45.987435252804794], [7.575853398172047, 45.98819259529879], [7.57659056498346, 45.98882135820394], [7.576913581126269, 45.988973885132424], [7.578115658017746, 45.98971899914139], [7.578594070687161, 45.99007821584105], [7.580209966240567, 45.991128643574946], [7.580603346660882, 45.991338202905645], [7.581373221503184, 45.991801810923214], [7.582059374040997, 45.992229690142246], [7.5823664123107966, 45.99236836890239], [7.582703236897808, 45.99256081899615], [7.582785328779696, 45.99268851200352], [7.58281328215498, 45.99282137464024], [7.582842812770479, 45.99286163641654], [7.582981156335008, 45.992923231198], [7.583050199691305, 45.99293210231538], [7.5832386269916485, 45.99293321941199], [7.583340104705479, 45.99292323042984], [7.583530278104101, 45.99288653722302], [7.583623964283077, 45.99287788950262], [7.583696333972204, 45.99288049539814], [7.583755269359193, 45.992893103476135], [7.583854412741522, 45.99292765387895], [7.584003821695636, 45.99300016361794], [7.584095774152553, 45.99306293284345], [7.584178740099455, 45.99313387234827], [7.584258098304829, 45.99316786350978], [7.584336684993905, 45.99318343284046], [7.584378284871262, 45.993199607189965], [7.584498459488552, 45.993275500226936], [7.5845872002961015, 45.993294896970056], [7.584599529767839, 45.99331109991733], [7.584588906159666, 45.99332982398648], [7.584676380276796, 45.993377728468964], [7.584663993585526, 45.993422649527616], [7.584711300000011, 45.993449286903164], [7.584708100117741, 45.993473956275075], [7.584729372461694, 45.993504360424794], [7.584727396139325, 45.99354264735929], [7.584746088514361, 45.993549261715145], [7.584776387679915, 45.993625521707806], [7.5848405050181915, 45.9937326639807], [7.584904365795662, 45.9937577503145], [7.584936394657371, 45.993785540377466], [7.5850531380763915, 45.99380817470498], [7.5850670359142685, 45.99384165479809], [7.585096290560029, 45.993864842485124], [7.5851565289778184, 45.99387697064088], [7.585179354749205, 45.99387503424816], [7.58521853781182, 45.99388958345921], [7.585234345631751, 45.99391788054236], [7.585231469094429, 45.99396701685411], [7.585240199991742, 45.99397430070965], [7.585326707366058, 45.9939740341286], [7.585446939036824, 45.99403696149534], [7.585495560350783, 45.994082100185736], [7.5855656812441445, 45.99410718695487], [7.5855824009503845, 45.99412413931465], [7.585625917414722, 45.99413265566561], [7.585648122385054, 45.99414472573069], [7.585672258815435, 45.99417932664185], [7.585690436879459, 45.99424950256054], [7.585715268326542, 45.994264069669256], [7.585784884678884, 45.994283786584944], [7.585853148886587, 45.99429486990902], [7.585979910840506, 45.99441945329633], [7.586175751249418, 45.994506778149514], [7.586219898834114, 45.99451470860722], [7.586254018351917, 45.99455630408421], [7.586258618797845, 45.99459217177968], [7.586306662257784, 45.994647359534426], [7.5863419570744295, 45.99466998208715], [7.586424636300122, 45.99474712844023], [7.58645468632261, 45.99476311910596], [7.586460339964141, 45.99478258685346], [7.586521436673762, 45.99482042284674], [7.586548799053658, 45.994849469885544], [7.586590186782228, 45.99485318518277], [7.586671361079733, 45.99487462399707], [7.58677069770508, 45.994911870029945], [7.586835361098006, 45.99491768657576], [7.586850112829917, 45.99497513898523], [7.586897631003665, 45.99500279179461], [7.586911689927683, 45.995018641263904], [7.586922064780245, 45.99505629147021], [7.586977489898447, 45.99510133105295], [7.587039300246715, 45.99513545992931], [7.587087317849101, 45.99514724399987], [7.58715012440108, 45.995148673407876], [7.587205446904465, 45.99521781152258], [7.587271052945382, 45.99524275987327], [7.587326879893658, 45.99533120183882], [7.5873964376906615, 45.995399934639806], [7.58746049572217, 45.99550614964769], [7.58754564779109, 45.995580592388755], [7.587561577775877, 45.99562473909747], [7.587544738314126, 45.99569742672342], [7.587554739302982, 45.995730112387186], [7.587576605358515, 45.995749963978454], [7.58762267735515, 45.99576269496909], [7.587632487994285, 45.99577282003288], [7.587628919964654, 45.99584701866773], [7.587693656435765, 45.99624542466941], [7.58771706147655, 45.99625686326247], [7.5877317880351525, 45.9962759591523], [7.587744046000033, 45.996341151744744], [7.587792045196519, 45.99642615994746], [7.587807531591561, 45.99649230960206], [7.587831500074774, 45.99653069744901], [7.587853831390854, 45.996603135071425], [7.587852798536946, 45.99670754692604], [7.587841827832843, 45.99674561207211], [7.587789472457185, 45.9968290691174], [7.587728039767782, 45.99698233454011], [7.587735765555252, 45.99705154503069], [7.5877695847072255, 45.9971050327148], [7.587841565412417, 45.997190394789456], [7.58785654726964, 45.9972370338254], [7.587897492591923, 45.99729108755932], [7.587986094849825, 45.99739000045193], [7.587996831654708, 45.997432425790834], [7.58811434441133, 45.99757776380194], [7.588153798276922, 45.99761001444074], [7.58830202321454, 45.997677086463234], [7.588523354360667, 45.998100511826195], [7.588792615178579, 45.99842001418149], [7.589154840728008, 45.99872226448955], [7.589817693841068, 45.999128323686584], [7.590232113709811, 45.999261630170885], [7.59052392642711, 45.99933816707824], [7.591077796694, 45.999447362112036], [7.591967301744222, 45.999547609810755], [7.592360984588885, 45.99968871856201], [7.592390376547657, 45.99970779403342], [7.5926548407527195, 45.999754958705424], [7.593116075167556, 45.999855495110246], [7.593031741396244, 45.99999072833093], [7.593062719971235, 46.00001391233729], [7.593249013741081, 46.000082536831705], [7.593298960546729, 46.00009431601454], [7.593450254739422, 46.00010960947415], [7.593570659110531, 46.00016095309091], [7.59369979571105, 46.00019641622683], [7.593704608548112, 46.00021377211667], [7.593750745104342, 46.00023369731041], [7.593875479717724, 46.00026875293215], [7.593936577638454, 46.00028003986886], [7.594011279296077, 46.00027726641053], [7.594125761535023, 46.00031984765414], [7.5942415777265415, 46.0003366547415], [7.5943026394061395, 46.00036711938409], [7.59447415503082, 46.00042145052194], [7.594547902573763, 46.00048265381716], [7.59458343935452, 46.000496899205444], [7.594757885271407, 46.00055989846739], [7.594779615937246, 46.00055340944509], [7.594857649257567, 46.0005738746348], [7.594918696283085, 46.00060316182108], [7.594947506895084, 46.00060793474073], [7.594991870253628, 46.00060326802987], [7.595028284546056, 46.000590282367355], [7.59504694990234, 46.000599638973576], [7.5950712061770025, 46.000636891685375], [7.5951670030162015, 46.00065813290464], [7.595291426568433, 46.000651295663054], [7.595574574356409, 46.00071637303758], [7.595850823125028, 46.00071631246112], [7.5958772536444865, 46.00073289013444], [7.595960815594219, 46.00075469574], [7.5960978948971825, 46.00076384171006], [7.596146258299007, 46.000763360286605], [7.596200686392013, 46.00074863982753], [7.596244453008953, 46.00075649489155], [7.5962877325340825, 46.00075209856451], [7.596365841838156, 46.00071341703116], [7.596428301916221, 46.000731347937936], [7.596478519695693, 46.00072934365482], [7.596548485827178, 46.00071369283022], [7.59656880037991, 46.00066334467251], [7.596596276119837, 46.00065272774638], [7.5968351103232745, 46.00064061931602], [7.59693251789162, 46.000642831087255], [7.596993817789907, 46.00065221788383], [7.597238075444862, 46.000712577020515], [7.597449358649538, 46.000711723246276], [7.597523932139031, 46.00071819442488], [7.597562194003136, 46.000728431205204], [7.597595404092848, 46.000772731656845], [7.597690474001646, 46.00079678661298], [7.597794330201911, 46.000797180161356], [7.59788530263119, 46.00077899850622], [7.597979258596115, 46.000801606736694], [7.598065839958519, 46.00080959776898], [7.59809477643211, 46.00079103495291], [7.598176533274333, 46.00080882913844], [7.598326874862062, 46.000877557879086], [7.598445297924415, 46.00089340322224], [7.598596497731861, 46.00092864026946], [7.598615292283348, 46.00095561784623], [7.598636655526388, 46.00096927862354], [7.598780201433241, 46.0009822719129], [7.598828292326243, 46.000994356971354], [7.598936852114153, 46.001102885073216], [7.598992454669603, 46.00111915119511], [7.5990163592938105, 46.00114550995591], [7.599111489209458, 46.00121162693059], [7.599295497194133, 46.00129340548159], [7.599324917544843, 46.001316545447025], [7.599394040883973, 46.00132165565634], [7.59943600302126, 46.001338813705985], [7.59947756652083, 46.00134329752163], [7.599492166458675, 46.001361339673025], [7.599506564156916, 46.00142492613014], [7.59952549986399, 46.001442521354704], [7.599646375242865, 46.0014667630264], [7.599768196839259, 46.00150109620056], [7.5998197189640955, 46.001503442636015], [7.5999235736255955, 46.001542317188594], [7.599950560638437, 46.001567511191965], [7.60005775751235, 46.00161041970978], [7.600125304934248, 46.001663216939534], [7.600187037259047, 46.00168304496223], [7.600299483786226, 46.00169380493068], [7.600370127062639, 46.0016888286005], [7.600480662664147, 46.00165993019291], [7.600520743750203, 46.00165619397753], [7.600573435731738, 46.00166541171696], [7.600685455256447, 46.001719028304564], [7.600736661556348, 46.00173225969507], [7.600806827982748, 46.00174486151008], [7.600890217463621, 46.00173749209152], [7.601012803601032, 46.00177217434992], [7.601115703812271, 46.00178890276606], [7.601373023828494, 46.00191509174455], [7.601432653877929, 46.001939492234335], [7.601470220718025, 46.00194530371188], [7.6015627269322295, 46.00193461987864], [7.601715095687277, 46.00193547184457], [7.601861308341544, 46.00191935774589], [7.601906728520271, 46.001922800184744], [7.6019438775635155, 46.002157715374494], [7.601868914360534, 46.00233406114784], [7.601849450233749, 46.00240409150501], [7.6018504505799225, 46.002501897506995], [7.601861707224651, 46.002567359141445], [7.601884015546039, 46.002616190325405], [7.601891550809475, 46.00268469773239], [7.601889322753703, 46.00279946457056], [7.601883830254988, 46.002927809906836], [7.601816270617245, 46.003529500747725], [7.601824098721884, 46.003753438963784], [7.601850864626092, 46.003873326832256], [7.601869615713739, 46.00392397967472], [7.601905490681345, 46.003977090504804], [7.602021329763253, 46.004081224318476], [7.602182891237912, 46.00415933121189], [7.60256892228391, 46.0042648266835], [7.602590009575291, 46.004276094305006], [7.602615981497052, 46.00443201015518], [7.6026035619873, 46.004492126583195], [7.6025637926715355, 46.00457502322382], [7.6025449900360895, 46.00465904077547], [7.602548484809609, 46.00482241084305], [7.60260970432711, 46.004928504495766], [7.6026445531253914, 46.004952903702005], [7.602682169013819, 46.00496152992682], [7.60276307182812, 46.00495421654532], [7.6027758114758415, 46.004958191833445], [7.60277750337737, 46.00496709499244], [7.602752248321761, 46.0049867867273], [7.602758077762827, 46.00499368669329], [7.602776530582555, 46.00499592632012], [7.602770258446433, 46.005022220632796], [7.602741246246625, 46.005037375050485], [7.602739521803897, 46.005047830161566], [7.602749397692187, 46.00506535701701], [7.602741803318334, 46.005128947467966], [7.602763637640612, 46.005286489006096], [7.602758981992915, 46.00534851924232], [7.602768711567578, 46.005368870999924], [7.602759873977518, 46.005409435244516], [7.602728107499171, 46.00550098271556], [7.602667971883919, 46.005516190982], [7.602646466933886, 46.00553823384985], [7.602619710547912, 46.00559148019214], [7.60261800736142, 46.005665236552055], [7.602627484781818, 46.00570923771907], [7.602680771441049, 46.0057649687902], [7.602678935489441, 46.005776980351314], [7.602577217526622, 46.00590398973793], [7.602484196044537, 46.00598628874807], [7.602331275385289, 46.0060419852347], [7.602258514600906, 46.006078944870715], [7.602149835945702, 46.00615755142146], [7.602029719361277, 46.006318518910334], [7.602014850006178, 46.006405940295615], [7.602066311423765, 46.00647309804216], [7.602080123777906, 46.00652938975216], [7.602076685048834, 46.006558099276305], [7.601971921588726, 46.006751176610834], [7.601892894054261, 46.00681260384183], [7.601711824458611, 46.00688432492947], [7.601655187317925, 46.006917509799436], [7.601610470550429, 46.00696118419054], [7.601580679021131, 46.00700563770103], [7.601559507372311, 46.00704459157574], [7.6015554068583775, 46.00708966478499], [7.601595284275143, 46.007277046200585], [7.601693023064394, 46.00741280040785], [7.601895441846151, 46.00756098817032], [7.601961956472492, 46.00758473911081], [7.601981171708768, 46.007599832840775], [7.6020428662023205, 46.00773472964694], [7.6021368750927065, 46.007783358900085], [7.6021711971079995, 46.00781239169662], [7.602223249726092, 46.00789970783985], [7.602281261178075, 46.00790723436811], [7.602293025193213, 46.007917085455446], [7.602337009982734, 46.008091004027136], [7.602350590984631, 46.008095410258946], [7.602397030460625, 46.0080795201356], [7.602484480520246, 46.00807139681086], [7.602511279258062, 46.00807529813984], [7.6025244854698, 46.00808824149117], [7.602440099792682, 46.008149883692326], [7.602339400509458, 46.00820001683213], [7.602278918437791, 46.00826020308743], [7.602197537935811, 46.00829084207509], [7.602176959945404, 46.00831244283804], [7.6021584400455335, 46.00836193547993], [7.602158703545482, 46.008389740087374], [7.602163255469192, 46.008418339234765], [7.602203315927315, 46.00850141775426], [7.602168805194251, 46.00868244698894], [7.602118815110903, 46.008741718402696], [7.602033978530879, 46.00889516025925], [7.601934860487767, 46.00899150015609], [7.601949202160179, 46.00908672347679], [7.6021433395391975, 46.0094341191955], [7.6020917876237615, 46.00971034667187], [7.602273478988896, 46.01042515161369], [7.60236874904151, 46.011016404084515], [7.602519889817089, 46.0114059435667], [7.602943761818873, 46.011783093373076], [7.603322088888692, 46.01193106714031], [7.603320798272761, 46.01212461693497], [7.603499596454921, 46.01249908331817], [7.603736999018742, 46.01282309543822], [7.603750152427199, 46.01285676385455], [7.60380509281641, 46.01291887842237], [7.603827493281021, 46.01293628788192], [7.603879650999126, 46.01295314125527], [7.603989228120372, 46.012954655232875], [7.604027762464037, 46.01296196639556], [7.604057649544689, 46.01297880729388], [7.604071481944013, 46.01301048729743], [7.604050278261501, 46.01306899786364], [7.604092537038932, 46.0131041710608], [7.6040512909920075, 46.01312665722306], [7.6040356506692275, 46.013154826856216], [7.604037650249673, 46.01321857500312], [7.604067917971111, 46.01330605664905], [7.604153315989567, 46.01346247160034], [7.604219796291021, 46.01351485424345], [7.604269161019258, 46.0135343919989], [7.604258721533691, 46.01357899766241], [7.604277214743756, 46.013619279053366], [7.6044698917586295, 46.013862243280315], [7.604435323290791, 46.01390298019643], [7.604388795453044, 46.01404988820208], [7.60436294608987, 46.014079349698676], [7.60432597967125, 46.01409983257728], [7.604295986238504, 46.01418105901406], [7.604127300428564, 46.01434958058362], [7.604101036096963, 46.01436541547898], [7.60400783849992, 46.014387272938094], [7.603858093998988, 46.01446351125395], [7.603808416203494, 46.014469043596165], [7.603771249006049, 46.014530482121955], [7.603694296072493, 46.014568104652234], [7.603621084041043, 46.01458312526589], [7.603617825468804, 46.01459877267011], [7.603627939518748, 46.01462191205266], [7.603670624662717, 46.014652604955856], [7.603889272693434, 46.01479004336737], [7.604049088787066, 46.014876824046056], [7.604098522957281, 46.01489746870906], [7.60420752529933, 46.01491694702491], [7.604231559235382, 46.01493188959177], [7.60426750144003, 46.01499092009792], [7.604299715486023, 46.01501684324147], [7.604332154445939, 46.015014672893194], [7.604360768274609, 46.01499433690962], [7.604391054863201, 46.01498486537172], [7.604431933229428, 46.01498547141128], [7.6044569762645295, 46.01500092570387], [7.604458501650552, 46.015014282117214], [7.6044457652182755, 46.01502931437358], [7.604379064105381, 46.01508843996864], [7.604369433739862, 46.01514004375004], [7.604373913067106, 46.015199641322305], [7.604418416717795, 46.015310042572246], [7.604451536623821, 46.0153535599361], [7.604489653417268, 46.015384368194965], [7.604731610201477, 46.01551631414416], [7.604741967612935, 46.015529891524295], [7.604736522946114, 46.015565144442434], [7.6047656018369585, 46.0156254360772], [7.604805660147, 46.01564479959897], [7.604827806960676, 46.01564182582288], [7.604867845466082, 46.01566329380226], [7.604876684051189, 46.015851670689116], [7.604932490553337, 46.01595379235802], [7.60498488451227, 46.01601312287235], [7.604972425737455, 46.01606008906212], [7.604937345457227, 46.016068479560914], [7.604919410661391, 46.01611494995088], [7.604935557597641, 46.016134482779535], [7.604935286771327, 46.01616012047016], [7.604905479074233, 46.01622115423277], [7.604910752908558, 46.016282613457264], [7.6049274988753615, 46.01628258889134], [7.604949455365931, 46.01631041613383], [7.604945309008558, 46.01633103126252], [7.605037636819647, 46.016440777692345], [7.605044768947041, 46.01645946887135], [7.60501190714862, 46.01661178494299], [7.605019524050289, 46.01670043535456], [7.605008644248808, 46.01673597470295], [7.6050251427702, 46.01677334549338], [7.605028470822721, 46.01681905615667], [7.605020223947602, 46.01687969854233], [7.604970266679866, 46.017006429269706], [7.605013223649741, 46.01706208361239], [7.605034559899889, 46.01710689437902], [7.6050475737472345, 46.01717490741582], [7.6050646980765135, 46.01720172449725], [7.605158951579036, 46.0173036663823], [7.605210301946164, 46.01738061012171], [7.605218800421216, 46.017441029397816], [7.605213769006921, 46.0174933459708], [7.605164205754684, 46.01765228836105], [7.605168121272617, 46.0176789540531], [7.605133404902748, 46.01770986832739], [7.605119296011262, 46.01773656979446], [7.6051844573639205, 46.017795293754254], [7.60525717305362, 46.01791807256958], [7.60527237003272, 46.01810133179808], [7.605383876765493, 46.01822461349814], [7.605417712760759, 46.01829060885296], [7.605437228644593, 46.01837739641629], [7.605441106165611, 46.018531636550264], [7.6054831869472865, 46.018702056430456], [7.605505993862543, 46.01901397603485], [7.605532444519566, 46.01920345274765], [7.60571367443764, 46.019996180977536], [7.605794886640211, 46.02017225638334], [7.606241094587072, 46.02058224020597], [7.606474744444607, 46.020810657802706], [7.606627202066739, 46.02099656629876], [7.60685692558394, 46.02139612897044], [7.606944154059285, 46.02159097752919], [7.606972090683613, 46.02168554254118], [7.607008158688092, 46.02193385857532], [7.607022611567734, 46.021972823892945], [7.607103845212658, 46.02206515946964], [7.6071031327356415, 46.02211043587328], [7.607082963234233, 46.02216920722407], [7.607138800706077, 46.0222375433688], [7.6071486846261225, 46.0222939219804], [7.607240215253907, 46.02235415533642], [7.607329768325714, 46.02244293497949], [7.6073878660243, 46.02253593524526], [7.607432168635857, 46.022652677303135], [7.607461658189645, 46.02268506245946], [7.607494367562813, 46.022752381707704], [7.607549858279879, 46.02280390668934], [7.607641065997333, 46.02292638088488], [7.60769356537441, 46.022975085572945], [7.60772411608281, 46.02306657931444], [7.607770652377713, 46.023120249531566], [7.607903445650519, 46.02341973917801], [7.607943865892811, 46.02362514686638], [7.607975696227048, 46.02373360383761], [7.608038428946584, 46.02385906142288], [7.608054608173878, 46.02392545191405], [7.60809498475749, 46.02396636592129], [7.608319124802631, 46.0240063017652], [7.608635699395594, 46.024084266393096], [7.608786056518606, 46.0241287840395], [7.608866374609057, 46.02416145181806], [7.609222125512941, 46.02423759473502], [7.60926574126821, 46.024252524631066], [7.609228045983901, 46.02434731406836], [7.609205508718602, 46.02454181120826], [7.609260117912101, 46.02473234418053], [7.609450401736102, 46.024833518343534], [7.609503045040627, 46.024881772000384], [7.609437943496591, 46.025029710361224], [7.609429406432865, 46.02510826244159], [7.609413945608188, 46.02513209668944], [7.609437372359968, 46.02517420507835], [7.609432596605518, 46.02525366988103], [7.609449487967056, 46.02529134390864], [7.609456095059123, 46.02533980109161], [7.609399805981551, 46.02546906005683], [7.609410756149301, 46.0254855590432], [7.609405124131703, 46.02553081428136], [7.609366900587707, 46.02553084548362], [7.609345968879671, 46.025614560917184], [7.609324126493085, 46.02564180536012], [7.60932498822031, 46.02566983370946], [7.609350962561313, 46.02567565058339], [7.609332809104258, 46.02574732662831], [7.609373083052411, 46.02581246583886], [7.609372829049394, 46.02584702700528], [7.609384450799144, 46.02586761817394], [7.609482702715435, 46.025964469242155], [7.609632066630427, 46.02604012269473], [7.609736221958898, 46.02605014983545], [7.609773262680826, 46.02606387532278], [7.609716521154263, 46.02618862922906], [7.609700867109532, 46.02624994812157], [7.6097167526611305, 46.02642455346785], [7.609692739476649, 46.02650539603771], [7.609691886411137, 46.02660865697458], [7.609660355309773, 46.02685026137322], [7.6096635887531, 46.027038083534585], [7.609688720549715, 46.02712961997233], [7.609719723753344, 46.027182439832366], [7.6097311264758085, 46.02731449615838], [7.609719831835131, 46.02736984507137], [7.609751587627517, 46.02750227467459], [7.609787618810743, 46.02756873355433], [7.609805633931942, 46.02766787372126], [7.609917703417762, 46.027812749297404], [7.6099809005193375, 46.02799304163417], [7.609977942866354, 46.02811686085306], [7.610008101322069, 46.028270559595505], [7.610034695971907, 46.02832550961273], [7.610097010487274, 46.02851600599155], [7.610190805789185, 46.028598272049415], [7.610153606449212, 46.02863779982803], [7.610151142781414, 46.02865532659167], [7.610152141224322, 46.02878074870289], [7.6101662403897645, 46.02884992980719], [7.610156337671767, 46.02894984017081], [7.610169782721939, 46.02905329595685], [7.610156802163478, 46.02913924188318], [7.610162852983989, 46.029207392280824], [7.610180647565046, 46.02923165340354], [7.61023158020771, 46.02925981380433], [7.610241412777492, 46.029273688028134], [7.610246037269938, 46.029331872899064], [7.610224176861693, 46.029378681920164], [7.610234282530483, 46.02942618994248], [7.610335258617991, 46.02947046751109], [7.6103795402802525, 46.02950259616547], [7.610417404614624, 46.029588331274596], [7.6104937786241935, 46.029624100837246], [7.610547400342291, 46.02966514846238], [7.610581331364022, 46.02972368716132], [7.610636995779046, 46.02977794524063], [7.610681317868464, 46.02988918738925], [7.610746528400959, 46.02996862792605], [7.610742132031005, 46.03006537367599], [7.6107605313945434, 46.030150685618864], [7.610820853752938, 46.03020757197261], [7.610791223282181, 46.030230852634936], [7.610788406912532, 46.030255288518525], [7.610833187563465, 46.030298075545296], [7.610919102936891, 46.03040664001867], [7.610958943427648, 46.030438632308346], [7.610975990859853, 46.03047553337898], [7.610942285589679, 46.03050106820781], [7.610943031692775, 46.030532938518704], [7.610997178941195, 46.03060537882186], [7.611015754248691, 46.0306719550536], [7.611041132957964, 46.0306971571978], [7.6110680726790045, 46.03079132693622], [7.6110731873067445, 46.03084893554721], [7.611106275140632, 46.03091855642969], [7.611115768219285, 46.03097999192855], [7.611100212084587, 46.03100663330851], [7.611097785899714, 46.03103604302548], [7.611122309349027, 46.03118678212164], [7.611142424630426, 46.03124224519904], [7.611202183389886, 46.03131663703791], [7.611208041340155, 46.03138893358104], [7.611228048029673, 46.031422168794634], [7.611198446713613, 46.03145905941115], [7.611212795158865, 46.031537037683464], [7.611242403853924, 46.03158435495126], [7.611335157615149, 46.031649377529845], [7.61136180806771, 46.03168017385923], [7.611402834866182, 46.03174832526521], [7.611425884771665, 46.03182084875084], [7.611501126112828, 46.03194280502219], [7.611513097264742, 46.03202441208319], [7.611550536837694, 46.03210574723279], [7.611569346760393, 46.032218108538075], [7.61159403230646, 46.03227670464594], [7.61158810539897, 46.03232608165762], [7.611616773954643, 46.03243541546274], [7.611597305634634, 46.032462440796685], [7.611585243785414, 46.03251596464937], [7.6115906114631855, 46.032530709265146], [7.61157239130019, 46.03258495315792], [7.611565141291944, 46.03278799446021], [7.611584644117291, 46.03291909328218], [7.611621133006684, 46.03300183304212], [7.611676129339712, 46.033072193634574], [7.611839086439155, 46.03319988088449], [7.611864264114981, 46.03323021159157], [7.61183175042871, 46.033395851858465], [7.6118262391434355, 46.03348285609142], [7.6118386006410494, 46.03376896035724], [7.611876513367351, 46.033876912361194], [7.611880844809262, 46.033972492027765], [7.611903481682394, 46.0340653088989], [7.611907716208009, 46.03417912315102], [7.611940494023574, 46.034289042575374], [7.612039058407612, 46.034294954141636], [7.612185778276322, 46.03433601595233], [7.61225965527388, 46.034364786025066], [7.6123380059591055, 46.03439084214425], [7.612431022604812, 46.0344068543233], [7.612532272810887, 46.034404601325036], [7.612586197259967, 46.03440935744554], [7.612634202038741, 46.03441681234538], [7.612709947478398, 46.03443584659923], [7.6128902096874755, 46.034476308980935], [7.612954877177284, 46.0344882270491], [7.613014455384687, 46.034491814214945], [7.613062275339518, 46.03448978817068], [7.6130697235621385, 46.03448446919716], [7.613082035482925, 46.03448145468571], [7.613127811755394, 46.034490622366626], [7.613147099061238, 46.034483962418406], [7.613158854247723, 46.03448459189698], [7.613191983990797, 46.034497161326904], [7.61324022112143, 46.034500495549025], [7.6132909551661125, 46.034509205200415], [7.613325882913962, 46.034522662189865], [7.613348189546789, 46.034539359130925], [7.613363584336198, 46.03455540121063], [7.613436481200209, 46.03456399540226], [7.613457002456121, 46.03457965191838], [7.6135099418293715, 46.03460339903156], [7.613565893528016, 46.034615932969345], [7.613596019165457, 46.03462994680153], [7.61362851318833, 46.034633512384666], [7.6137555027461605, 46.034667065558004], [7.613830969067568, 46.03466726271403], [7.613909288244187, 46.03469119475036], [7.613965212629867, 46.03471122207324], [7.614024367592708, 46.034723822455895], [7.614076960343361, 46.034727977347835], [7.614125900511289, 46.03476105900174], [7.614169276485938, 46.034778784794725], [7.614182831047079, 46.03478066178012], [7.614225835123172, 46.03477510728586], [7.614287110827192, 46.034784385093914], [7.614360464596977, 46.034802378451296], [7.614371917288651, 46.03480936802651], [7.614410256807522, 46.0348192841314], [7.614468887410213, 46.0348293665032], [7.614499075047544, 46.03483055169563], [7.614508782344135, 46.0348370041458], [7.614522630851284, 46.034854154445895], [7.614532975661243, 46.034862143764194], [7.614572207157975, 46.03488415824749], [7.614600245661884, 46.03488779341248], [7.614630866182694, 46.034887133349464], [7.6146657698454785, 46.03488095225898], [7.614718215301447, 46.03486331089978], [7.614741881237944, 46.03486069210047], [7.614789675940831, 46.03486302720746], [7.614861299542072, 46.034861204983486], [7.61492957826036, 46.0348671256506], [7.614958592384261, 46.0348728285282], [7.615032292261556, 46.03489806177978], [7.615073471685223, 46.0348993467706], [7.615112857368245, 46.03490507852671], [7.615152923413255, 46.03490552871139], [7.61516610953905, 46.03491335198002], [7.6151942092759795, 46.03490391631878], [7.615216406554954, 46.0349144513418], [7.615232543904619, 46.03491224892947], [7.615302039838529, 46.0349233569174], [7.615329695634355, 46.03493241696803], [7.615402514056207, 46.034944598701095], [7.6154187303166525, 46.034954765353554], [7.615427727810411, 46.03495726114895], [7.615439489753387, 46.034955920439835], [7.615510913615203, 46.03492787739194], [7.615529064228432, 46.0349251233089], [7.615541800441987, 46.034925535123755], [7.6155829783899405, 46.034934465686405], [7.6156352095491515, 46.03493846777085], [7.615644282935381, 46.034944462705006], [7.61565896996432, 46.03496505736215], [7.61575341580042, 46.03496681675091], [7.615773588872506, 46.0349703296894], [7.615852607050862, 46.03497008942229], [7.615860644186389, 46.034971201196456], [7.615885516117235, 46.034990509507125], [7.615920804291802, 46.03498718003672], [7.615955539339926, 46.034988484357235], [7.615984551165672, 46.03498553287931], [7.61600246635906, 46.03498584664171], [7.616036040275331, 46.034991596320076], [7.6160545433621465, 46.03498999306466], [7.616075135610213, 46.03499136417593], [7.616170796861374, 46.03496574727587], [7.616233245554423, 46.034962131742766], [7.6163269173900865, 46.03497223934639], [7.616346133805231, 46.034991343197014], [7.616398115861856, 46.034990217730616], [7.6164853569645095, 46.03499285954363], [7.616528499451024, 46.03499015562259], [7.616576911189475, 46.034983305660745], [7.616674156601297, 46.035024430931074], [7.616706661666004, 46.03503118932009], [7.616777055660473, 46.035032121966005], [7.616799007037982, 46.03503846495095], [7.616822519958762, 46.03505228110708], [7.616846725428006, 46.03506067161187], [7.616882635650251, 46.03506595848137], [7.61692475566744, 46.03506639614516], [7.6169575265497524, 46.03506351091208], [7.616988024306979, 46.03506460531193], [7.61703000924531, 46.03509144324694], [7.617051278573008, 46.035110479796], [7.61707256609552, 46.03512314767772], [7.617101906647783, 46.03514575186672], [7.61710880192801, 46.03516100672326], [7.617125806200219, 46.03517118951275], [7.617188165462453, 46.03519563046469], [7.617222572648289, 46.03520353661235], [7.617251262707476, 46.03521671455953], [7.617286336414562, 46.035226967653145], [7.617343731009984, 46.03523796795738], [7.617446076283538, 46.03524198926781], [7.6175084335392205, 46.035249779856926], [7.61753668853171, 46.03525624780406], [7.61755947251652, 46.03526426294884], [7.617582352789232, 46.03526217607304], [7.617599541261198, 46.03526532448559], [7.6177050517898115, 46.035245862224656], [7.617721359998455, 46.03524447813632], [7.617739151765113, 46.03524655478582], [7.617780611703945, 46.03527024662008], [7.617808235750575, 46.035293141174535], [7.617902778384667, 46.03532450210254], [7.617922349788321, 46.03532969727087], [7.6179870688992715, 46.03532905483542], [7.618001102987996, 46.035331371298795], [7.61801953147166, 46.03534253226942], [7.618045145373776, 46.03536697657612], [7.618078800368166, 46.03538565155924], [7.618193897923244, 46.03539871970975], [7.618224968979788, 46.03541320679021], [7.6182787449732885, 46.03542374329244], [7.618422011001072, 46.035437392254266], [7.618462903539108, 46.03543377382023], [7.618496174858119, 46.035425930710886], [7.618521138393409, 46.03541715650439], [7.618535882350776, 46.03540747183543], [7.6185471061680525, 46.03540356769522], [7.61862428099297, 46.03541253804696], [7.618676205202741, 46.035413309862356], [7.618719142461109, 46.03541087569249], [7.618753680401183, 46.03540326457114], [7.618831315484246, 46.03540282516302], [7.61888502757774, 46.03541717678364], [7.6189035238443985, 46.03541743503551], [7.619034833526077, 46.03538834027223], [7.6191570356366, 46.035370307129064], [7.6192987466224125, 46.035354194336676], [7.619330536972406, 46.03535163375799], [7.6193811940873175, 46.035351939810454], [7.619403742893956, 46.035339301865505], [7.619439060531665, 46.035341080311156], [7.619454850120153, 46.0353471083756], [7.619489400894017, 46.035339649370776], [7.619528220921128, 46.03532655207661], [7.6195640520696335, 46.035319648592086], [7.619639558822571, 46.03532390809275], [7.6196739326883955, 46.035345099778226], [7.619705907265754, 46.035343564343094], [7.61973461523275, 46.035334540854976], [7.619784380116283, 46.035326716203016], [7.619822374485307, 46.03532950648631], [7.619842401319176, 46.03533567208711], [7.6198626105823255, 46.03533443437728], [7.619873540085981, 46.03533138519514], [7.619914610149053, 46.035330779239395], [7.620011669106165, 46.03533763058479], [7.620081752119649, 46.03534603649346], [7.620106582089986, 46.03535573809472], [7.620129045911384, 46.03536849329121], [7.620140015958712, 46.0353777227955], [7.620167002853898, 46.03537567290188], [7.620170083083568, 46.03536180648543], [7.620186565627374, 46.03535915949212], [7.620189980999007, 46.03533699092657], [7.62019811471145, 46.03532833261835], [7.620195906488118, 46.035312863782885], [7.620202349070065, 46.03530823870547], [7.620214373681183, 46.035304333310286], [7.62023107038347, 46.03528781714092], [7.620252616390127, 46.03525767313184], [7.6202730406089945, 46.03523559222655], [7.6202831252898084, 46.03523096113399], [7.620309629927983, 46.035227625576866], [7.620329357740194, 46.03519806155967], [7.620346014501177, 46.035181105078955], [7.620354974618192, 46.03516062565099], [7.62036166849877, 46.03513450045732], [7.620385500538858, 46.03510424536146], [7.620450158422422, 46.03508942338247], [7.6204763211582796, 46.03507649008794], [7.6205524399918465, 46.03500097405571], [7.62057848981922, 46.03498126734247], [7.620619200156661, 46.03497746812872], [7.620644890995373, 46.034954855682344], [7.620652466180254, 46.03491022531303], [7.620664929861046, 46.03490634610792], [7.620697188892075, 46.034905025669914], [7.62078487952195, 46.03488734295217], [7.620800184723947, 46.03489129412098], [7.620825127835785, 46.0348843454712], [7.620859300323557, 46.03488366933208], [7.6208970652814765, 46.034875790976734], [7.620990735570999, 46.034850406737526], [7.62114249514317, 46.034830983231124], [7.621164627815042, 46.03482952617804], [7.621220698521322, 46.034834571677386], [7.621247972896218, 46.03483350205172], [7.621321630258306, 46.03482158984833], [7.621342670474767, 46.034810086670085], [7.6213835361340445, 46.03479476387767], [7.621462276621, 46.03477776792258], [7.621526874740722, 46.03473753286289], [7.621555437809243, 46.03471245174503], [7.621583259693768, 46.034681974661154], [7.621636059077804, 46.034647264997446], [7.621649556914307, 46.03463601641459], [7.621648351219914, 46.03463080090423], [7.621682558405236, 46.03460969528767], [7.621712076210814, 46.03458436066232], [7.621733214478569, 46.034555954252255], [7.621749597146313, 46.034522976476836], [7.6217552283727725, 46.03446537625865], [7.621760012432814, 46.03445147944734], [7.621775266831374, 46.03444023711358], [7.621852223852234, 46.03441099402363], [7.622010924042817, 46.034339339464054], [7.622154465468628, 46.03428432468794], [7.622283929698812, 46.03422183069972], [7.622482231964941, 46.03414727866569], [7.622533853311951, 46.034119435564826], [7.622574100627603, 46.034092996141865], [7.622600881232312, 46.03406824099612], [7.622633315282846, 46.03404600556131], [7.6226472218703965, 46.03403336250604], [7.622654321545998, 46.033935831167724], [7.622662047271289, 46.03388250263456], [7.622659837760301, 46.033870650217935], [7.622592250645146, 46.03379012254657], [7.622520985965011, 46.03378165629994], [7.622491077913184, 46.03376369568328], [7.62245245391297, 46.033723367677794], [7.622436446501045, 46.0336834618709], [7.622436647417857, 46.03363948193931], [7.622451279355302, 46.03360450124687], [7.622476483272054, 46.033583194656096], [7.6225070594123885, 46.033565701855146], [7.622523744828951, 46.0335501832446], [7.622526789951521, 46.0335301448865], [7.6225233902936935, 46.03350626689113], [7.622501939703255, 46.03347230710285], [7.622491727168749, 46.03343126697363], [7.622478625750381, 46.033399092454424], [7.622481209567108, 46.03338778973333], [7.622515457610795, 46.03335585418079], [7.6225270387460435, 46.03331629943312], [7.622553531793763, 46.03327113496162], [7.622575335286019, 46.03325638306552], [7.622614446853053, 46.033242115615295], [7.622657510806582, 46.033220186771615], [7.622722250850454, 46.033195587237074], [7.622723086277067, 46.033167618055025], [7.622737856185919, 46.03314302702905], [7.622782184810933, 46.03310953579028], [7.622794917716075, 46.03308987762955], [7.622808759463986, 46.033077198853505], [7.622838737108121, 46.03305426636623], [7.622883732906968, 46.033030724355065], [7.62291698993165, 46.03298858867448], [7.622928098372502, 46.032969868409204], [7.622930420851643, 46.03296154360738], [7.62291519545934, 46.032950853364525], [7.622908802420924, 46.032939483794685], [7.622908225595971, 46.03292546945074], [7.6229258441811245, 46.03289542243541], [7.6229381589097684, 46.03285154786659], [7.622973554725559, 46.03281137140912], [7.622990487974203, 46.03280777326647], [7.6230449133658755, 46.03278105774378], [7.623074364112117, 46.03275550680771], [7.623130239200913, 46.03271816553373], [7.62315062100958, 46.03270724715566], [7.623198779018079, 46.03268726125756], [7.623340374268948, 46.032619672719946], [7.623458848721195, 46.03256664099351], [7.623461611583644, 46.032547089631414], [7.6234761858135585, 46.032529561042026], [7.623492131558674, 46.03251668954835], [7.623517849711697, 46.032502524695566], [7.623561449557136, 46.03248280734688], [7.623557611688158, 46.032459451247675], [7.623537873220954, 46.03243153397261], [7.623538356179394, 46.03242159296873], [7.623543869955633, 46.032409853594054], [7.623558712036461, 46.032399115700564], [7.623575426142412, 46.03239202685284], [7.623596848419729, 46.032356378604476], [7.623593281945509, 46.032348216256786], [7.623596542312598, 46.03233844175608], [7.623625284112288, 46.03230949207753], [7.623648066991583, 46.03227519992236], [7.623655137930787, 46.032269404348824], [7.623674628784635, 46.032262311025065], [7.623690561738268, 46.03223057506994], [7.623707317961265, 46.03221678475859], [7.623720462036411, 46.032211905724125], [7.623710861130546, 46.032195198440824], [7.623713958734515, 46.03217555576557], [7.6237255982251035, 46.032142037246885], [7.623717002309011, 46.0321055289957], [7.623723675344443, 46.032085295703254], [7.623740263364184, 46.032071487425576], [7.623769076305118, 46.03205604875785], [7.623844116561472, 46.03202266072814], [7.623862283013523, 46.03200596189535], [7.623884722865126, 46.031962071568046], [7.623891588228612, 46.031933849724425], [7.62391224924793, 46.03189114009247], [7.623926170527194, 46.03186425578041], [7.623942599724304, 46.031841793647494], [7.624003737230938, 46.03180691607963], [7.624043214469142, 46.03179432941398], [7.624068110236192, 46.03178917034386], [7.62409678502064, 46.031774928353585], [7.624144956632224, 46.03175553554119], [7.6242106538708425, 46.03173984758433], [7.62422690172323, 46.03170649823552], [7.624240897872296, 46.031693971433526], [7.624296845640332, 46.0316712551838], [7.624326835723071, 46.031667877624855], [7.624344842890712, 46.031669035165905], [7.624377546176879, 46.03168132290481], [7.6244037703667304, 46.03168734191971], [7.624473963824765, 46.03169534854521], [7.624543079293848, 46.03169766313599], [7.624592025788284, 46.03168980988719], [7.624633574311579, 46.03167113852936], [7.624649556313946, 46.031650161468136], [7.624672277325099, 46.0316360548004], [7.624716584982259, 46.03161608327781], [7.624767246431497, 46.03160743559937], [7.624862818373072, 46.031619483932374], [7.624876952963904, 46.03161360425852], [7.624947921811056, 46.03159878839466], [7.624976792783014, 46.031578103611295], [7.625025315315675, 46.03157089879963], [7.625106424569373, 46.03153888879578], [7.625170439933566, 46.03151900980054], [7.625233318281892, 46.03149118157566], [7.625260102979839, 46.03149104687891], [7.625298549614679, 46.03150227203592], [7.625425600146809, 46.03156937222949], [7.625484163444575, 46.03160571542134], [7.625557874271007, 46.03163010571978], [7.625565658203152, 46.03164426030672], [7.625583289614806, 46.031660233777444], [7.6256088182157455, 46.03167041014574], [7.625629746523575, 46.031675997613625], [7.625647583594663, 46.031676453779035], [7.625675073426966, 46.031667133670744], [7.625699634821727, 46.031662594864606], [7.625725223080024, 46.031667544680566], [7.625760139572657, 46.031688939784864], [7.625784962177153, 46.03168901532383], [7.625833361625398, 46.031683582514425], [7.625868131974512, 46.03167701195879], [7.6259227320728975, 46.031671946937195], [7.626037864756472, 46.03164417608525], [7.626155747057272, 46.031597230899195], [7.626216443130352, 46.031565852502524], [7.626210304956038, 46.03155348483664], [7.626252115416202, 46.031539849907446], [7.62625478805707, 46.03149827644226], [7.6262787178765095, 46.03146018521452], [7.626314137450659, 46.03143959840446], [7.626359270994842, 46.031329273155016], [7.6263780644747765, 46.03130736461863], [7.626408374714514, 46.03128454615613], [7.626429340193159, 46.031263353495746], [7.626435622091937, 46.031238578028486], [7.626468005301846, 46.0311951381199], [7.626513256621997, 46.0311457123379], [7.626518848498609, 46.031119318895435], [7.626534975312308, 46.0311031987862], [7.626550479900297, 46.03107136439234], [7.626566481757564, 46.03103038859022], [7.62657586891498, 46.03099604550963], [7.626610539105003, 46.030907320305786], [7.626628045923954, 46.03089436466474], [7.626705488083536, 46.030873204509575], [7.626736804185778, 46.03086121550511], [7.626779164331133, 46.03084225458613], [7.6268188117808355, 46.030819313381706], [7.626844151666087, 46.03081204805024], [7.626932495809865, 46.03080275282337], [7.626997078038559, 46.030786273894584], [7.627060354356153, 46.03076193463896], [7.627075585003928, 46.030759372556396], [7.6271747879771, 46.030696653295415], [7.627212856776476, 46.030676700914704], [7.627281389527844, 46.030652460735006], [7.627329665142311, 46.03063374166217], [7.627364207877089, 46.03061750113789], [7.627393399573542, 46.030607503456245], [7.627439842056065, 46.03057019400193], [7.627465665174864, 46.03055333833145], [7.627494310937547, 46.030538547090465], [7.627535618488433, 46.03052529104049], [7.627559860655152, 46.03050300531242], [7.6275871169497895, 46.03046725693193], [7.6275865534996266, 46.03044602006778], [7.6275744971239465, 46.03042517098305], [7.627583465740064, 46.03041178004684], [7.627586884887744, 46.03036559251811], [7.627609696354768, 46.03031034096515], [7.627620082866935, 46.03030372103546], [7.627638579619026, 46.03030079373449], [7.627672220312313, 46.030307691112704], [7.62769846719364, 46.03030511084172], [7.62772054521338, 46.03029205768523], [7.627742253832819, 46.03028433904531], [7.627752903416021, 46.03028287301839], [7.627775056495554, 46.030272878151294], [7.627800866912657, 46.03025612152195], [7.627814983112719, 46.03023748643828], [7.627901380076481, 46.03018436792242], [7.627962672755985, 46.0301692612191], [7.628001742299502, 46.03016619190191], [7.62804365526234, 46.03016005917031], [7.628091885720624, 46.030165574984935], [7.628126684009909, 46.030163520267], [7.628162649398104, 46.030155409455006], [7.628197748470742, 46.03014322529299], [7.628193351623948, 46.03011911565158], [7.628186123406398, 46.0301016939654], [7.628186939218677, 46.03009112284924], [7.628198085458006, 46.030072663566386], [7.628211334098937, 46.030060794946856], [7.6282390693326665, 46.03005912083474], [7.628269088488095, 46.03003828210192], [7.628291206610927, 46.03001825709555], [7.628287967554979, 46.02998537491111], [7.628303582336742, 46.0299408838221], [7.628293535145879, 46.02990349794928], [7.6282957728777765, 46.02989319483886], [7.628370955645992, 46.02985416320723], [7.628430852982122, 46.029816301447944], [7.628462834304327, 46.0298027278032], [7.6285038613061245, 46.029798170624495], [7.6285391085967555, 46.029787830287326], [7.628582431412264, 46.02976382968192], [7.628612977500941, 46.029761097411075], [7.628631379896247, 46.02975342920459], [7.62865867918973, 46.029723041401944], [7.628667357020598, 46.02970786065556], [7.628685724709916, 46.029697584037635], [7.628693988286434, 46.029685876128134], [7.628709578445133, 46.029675352248006], [7.628737709237686, 46.0296650141895], [7.628804348141128, 46.02962402665339], [7.628820268683771, 46.02960456044288], [7.628843839783178, 46.029593942362055], [7.6289017694316605, 46.029585074494335], [7.628932240403534, 46.02956812057827], [7.628953304417233, 46.029545973969924], [7.62896512350528, 46.029524328823754], [7.6289799969767405, 46.02946362013956], [7.629029721160452, 46.02929294798886], [7.629139963532718, 46.02893262278761], [7.629168078521291, 46.02885061889192], [7.629193762598311, 46.02876029840085], [7.629223467162104, 46.02872720838698], [7.629275803263429, 46.0286806779348], [7.629309125577558, 46.02849778724883], [7.629328434440765, 46.02847976389145], [7.629334721100161, 46.02846045790044], [7.629356666364763, 46.02843166327127], [7.629368670117601, 46.02840743648056], [7.629378030630487, 46.02835821651685], [7.629397723632963, 46.028324324826116], [7.629449730293104, 46.02827251373114], [7.629475513831722, 46.028259561969904], [7.629496331234013, 46.02823706573956], [7.62955492896804, 46.02818300352618], [7.629590153085388, 46.028159025350924], [7.629638917920108, 46.028107282265886], [7.629649699345077, 46.02809185498432], [7.629668318170222, 46.02808339508741], [7.629680596873865, 46.028063998461924], [7.629739320597335, 46.028020271712634], [7.629765615065549, 46.027990875485415], [7.62979892254746, 46.027961719074895], [7.62984809066284, 46.02793688068311], [7.6298875229330365, 46.02791247243923], [7.629945491206367, 46.027870645145576], [7.629979960896137, 46.02784890807918], [7.630017546695538, 46.0278282005316], [7.63008279331904, 46.027784518643834], [7.6301002220008085, 46.02777916438798], [7.630141351195799, 46.02775242415335], [7.630151185417959, 46.027732059969274], [7.630168297827709, 46.027721254719346], [7.630202027629424, 46.02768741080593], [7.630223823421163, 46.027657013725666], [7.630242642252228, 46.02761699784146], [7.63040234660501, 46.0274750863988], [7.630426295023646, 46.027450767557355], [7.630430476759372, 46.02743178817942], [7.630502121499145, 46.027364525184495], [7.630544072183141, 46.02731828010817], [7.630577179494241, 46.027291318201684], [7.630664736651408, 46.02733233176583], [7.630775239691264, 46.02734683262996], [7.630834039096692, 46.02735870479758], [7.630870691658654, 46.02737062411849], [7.630899348565754, 46.027374560312616], [7.6309247889325365, 46.0273745349617], [7.630948745273038, 46.027378479243666], [7.630960589209945, 46.027382704880715], [7.6309869338593215, 46.027404941494666], [7.631022379564426, 46.02741155518447], [7.631053530236858, 46.027423303881996], [7.631122230662264, 46.027419855110026], [7.631179233539673, 46.027427502619176], [7.631212337727931, 46.027440309095724], [7.631322946502632, 46.027496079524596], [7.631378878588291, 46.02751901074261], [7.631416684747852, 46.027528444962776], [7.631581963503558, 46.02755974438985], [7.631640552267841, 46.02756291829382], [7.631758158560846, 46.02756276109221], [7.631798645380443, 46.02756698207297], [7.631804639275469, 46.027574833864456], [7.631838010592771, 46.02758636259127], [7.631868678522363, 46.027603976912715], [7.631886288720304, 46.02761745759606], [7.631898785274375, 46.02763465332725], [7.631894267589111, 46.027686771240866], [7.631899638401138, 46.02770845876242], [7.631915992303276, 46.02772451451356], [7.631941599939476, 46.02773898016547], [7.631978406248167, 46.02775408323689], [7.632032580652953, 46.027772413213626], [7.632065737604194, 46.0277889440933], [7.632104974611243, 46.02780111967514], [7.632135611849301, 46.02785389743519], [7.632156642841733, 46.02787061946454], [7.632190913292764, 46.02789529816121], [7.6322223524364, 46.02790439273112], [7.632371593144832, 46.028008699096496], [7.632416196089121, 46.02804469406819], [7.632443122758789, 46.02805964285259], [7.632464855847207, 46.02806289797323], [7.632472755559407, 46.02806917218587], [7.632488762972028, 46.028104163434776], [7.632511921673537, 46.02813452806523], [7.6325534359225555, 46.02817346096679], [7.632595018281049, 46.02822072338838], [7.632640340687447, 46.02826649529079], [7.63270610456496, 46.0283228103853], [7.632825081530702, 46.028406550959836], [7.632963862215531, 46.02851011964768], [7.633026840025938, 46.02857078453198], [7.633195412980063, 46.02872121314348], [7.633249610495329, 46.02878213591096], [7.633383472689237, 46.02890392841826], [7.633441128116294, 46.02893472837215], [7.633519294339743, 46.028991813486414], [7.6335759550120335, 46.02903705264503], [7.633704883145236, 46.02919105662665], [7.633763538553369, 46.029274225996076], [7.633823674815165, 46.02933431053814], [7.633995598756185, 46.029470708067116], [7.634100512047704, 46.029538613157705], [7.6342022512131305, 46.02959274257669], [7.6343345623640895, 46.02965147818761], [7.63445450317112, 46.02969965689922], [7.634582321951239, 46.029740508792365], [7.63471740211475, 46.02977505998329], [7.634865902647194, 46.029788475413525], [7.634986073181447, 46.02981392200666], [7.635028686399327, 46.02982698156888], [7.635085641438311, 46.02984915541545], [7.635190224288826, 46.02990718288585], [7.635199831989635, 46.029910602365774], [7.635336814697403, 46.029935379874956], [7.635390075466983, 46.029932210121466], [7.635505970426432, 46.02994661645299], [7.635577339510336, 46.0299619460999], [7.635638744528512, 46.02998618037016], [7.635698654835345, 46.03000057604355], [7.635791679047717, 46.030011594700646], [7.635838505880066, 46.0300220553177], [7.635863493329974, 46.030025078878026], [7.635906706314134, 46.03002177373745], [7.635934757907542, 46.03004370938492], [7.635968450029385, 46.030057566287475], [7.636016454663247, 46.03006151217357], [7.636036992746174, 46.03007702017285], [7.63609009988313, 46.03010648603171], [7.636141019556048, 46.030120249453226], [7.636240648283724, 46.03013272197624], [7.636298624423979, 46.03013703711979], [7.636362836796036, 46.030137311481525], [7.636441849546594, 46.03014841735922], [7.636502061218626, 46.03016025766113], [7.636540374958224, 46.030180717956576], [7.636559321003821, 46.03018797106381], [7.63658716760897, 46.03018871387541], [7.636616006494077, 46.030192459350275], [7.636626759347553, 46.030198242511176], [7.636644101455264, 46.03021914439698], [7.6366611732506975, 46.03022952218381], [7.636683600280216, 46.030231524844346], [7.636741553318102, 46.03022221180261], [7.6370545270534205, 46.030279503562554], [7.637121510273963, 46.03028531363226], [7.637208132931683, 46.03028291241066], [7.6372540799312265, 46.03027488850483], [7.637306002395183, 46.03025518634007], [7.637346431000723, 46.03022838902597], [7.6374403030619025, 46.03015621348318], [7.637541526108175, 46.03010592118592], [7.637649290688309, 46.030078754361774], [7.638109231638323, 46.02998665633861], [7.6386804814410105, 46.02985584833837], [7.63909387661549, 46.0297502537756], [7.6393443226369415, 46.02968879269739], [7.639490342663007, 46.02967348382943], [7.639569503747763, 46.0296721198935], [7.639706191948086, 46.02967932561864], [7.639884218523006, 46.02970028388428], [7.64004021312415, 46.02972826179054], [7.6403661296472745, 46.029813598672746], [7.640453795472407, 46.02985265387006], [7.640583586840196, 46.02992617690416], [7.640658257054263, 46.02998526095189], [7.640746081291732, 46.030049646988985], [7.640827297251302, 46.03011858741249], [7.640956705917363, 46.030189556119645], [7.641011929722013, 46.03022821916005], [7.641145689964039, 46.03029901726292], [7.641571591997553, 46.03047067915125], [7.642045026842393, 46.03066761292124], [7.642173709785057, 46.03072341416823], [7.642486370366993, 46.030874623351416], [7.6426541678729984, 46.03096362823618], [7.643340305843997, 46.031402458814405], [7.64405255775359, 46.03191391351166], [7.644414879174664, 46.03209314881839], [7.644931987865581, 46.032227131239274], [7.645149205291414, 46.032236854703896], [7.645291977221116, 46.03225268692277], [7.645396485194101, 46.03225576128365], [7.645563486939111, 46.03225474510839], [7.645742859451462, 46.03226001209858], [7.6459384435814615, 46.03227282379786], [7.646090534424434, 46.032286884497694], [7.646293528429358, 46.03229862111275], [7.646446658913519, 46.03231769912508], [7.646617144835583, 46.03235310783594], [7.646836505638221, 46.032406355003], [7.646987716942832, 46.032423303704185], [7.647048782946496, 46.032427419466785], [7.647102751040163, 46.03242611525237], [7.647129483844205, 46.032435808452306], [7.6471466884282915, 46.03243617275893], [7.64715852134925, 46.03243005206175], [7.647175367733827, 46.03242793420297], [7.647187210958083, 46.03243131275432], [7.647205544210812, 46.03244321608772], [7.647258987840584, 46.03246710866655], [7.647329192881498, 46.03247673051784], [7.64739789254667, 46.032481020949675], [7.647452879193396, 46.032492758432994], [7.647465069268262, 46.03250918887861], [7.647529207991847, 46.03251641096412], [7.647811488440983, 46.032571744061514], [7.6478892344900915, 46.032584203665714], [7.647958546212771, 46.03258628023103], [7.648012023598482, 46.03259510543361], [7.648191269429261, 46.0326140873508], [7.648369615719581, 46.0326207018806], [7.648515563377509, 46.032622006099615], [7.648632471331737, 46.032628437415575], [7.648910532429841, 46.03265053783788], [7.649066570098866, 46.03266925696752], [7.649693653874969, 46.03276095655015], [7.64965618954785, 46.032869071597055], [7.64963015849639, 46.03292103318473], [7.6496310946677575, 46.03292937029966], [7.649639914628821, 46.03294247833027], [7.64965797927564, 46.03295819604446], [7.649664852103727, 46.032972090368354], [7.649664868743629, 46.03298312781676], [7.649652386305945, 46.033011711838434], [7.649606705811666, 46.033079146242606], [7.649608451959029, 46.03308652830423], [7.649634953205649, 46.03310302170931], [7.649633527413966, 46.03311508750889], [7.649623490286563, 46.03312465947813], [7.6496252281471735, 46.03313325588826], [7.649631554993957, 46.03314288728348], [7.649669254613311, 46.03315955774445], [7.649675575128674, 46.033180928461796], [7.649671592435993, 46.03321332833516], [7.649675751570845, 46.033220174982205], [7.64970717615568, 46.03323068577839], [7.64975357958892, 46.03325724332081], [7.649832921546736, 46.033355289769624], [7.649856735357117, 46.03339496939442], [7.649888634717307, 46.03343475094054], [7.649978611880051, 46.03350055602561], [7.650081004422766, 46.03354359817234], [7.650120032806702, 46.03355305168076], [7.650222940072565, 46.03356225973937], [7.650230627243581, 46.03356624836045], [7.650231794926828, 46.03357097775981], [7.6502232094544524, 46.033595299510516], [7.650225086347032, 46.033603068124215], [7.65023690995482, 46.033611303892705], [7.650258779123633, 46.03361882829929], [7.65029652009686, 46.033619270767666], [7.650312923386864, 46.03362609481843], [7.650327543836554, 46.03363947991852], [7.650388921576325, 46.03367694031051], [7.650454274118688, 46.03369365779912], [7.650458449407309, 46.033704606557436], [7.650472235873585, 46.03371606813955], [7.650509721287433, 46.03372060369469], [7.65052608242586, 46.03371655199372], [7.650535217489906, 46.03372422602445], [7.650564831215618, 46.03372721087403], [7.650623400616801, 46.03375003940447], [7.650679055103659, 46.0338073617759], [7.650711081882351, 46.03382986208025], [7.650731544139496, 46.03385769149042], [7.6507467503075715, 46.03388587151382], [7.650789134085303, 46.0339348883583], [7.650900108881967, 46.03404971356086], [7.650976852865496, 46.03410625953832], [7.651014914505051, 46.03412603258195], [7.65109118234052, 46.03414624677371], [7.6510999409978036, 46.03415342659802], [7.651105356081309, 46.03417102045142], [7.651102891541077, 46.034205072510616], [7.651096878126644, 46.034226510708834], [7.651100042305584, 46.03425321207273], [7.651126891370766, 46.034346245394765], [7.651154579941, 46.03439570400057], [7.651192818547104, 46.034424588228575], [7.651220833272186, 46.03445478725023], [7.651224378481688, 46.034466420725444], [7.651218176926245, 46.03449591945786], [7.651226082069832, 46.03450948757618], [7.651245854066487, 46.03452567817576], [7.651301163983302, 46.03455368474352], [7.6513130259170845, 46.03456505969789], [7.651319618181419, 46.03457643547029], [7.651326968800742, 46.03461355470243], [7.651335610079321, 46.03463376904141], [7.651352864248594, 46.034650144195126], [7.651380668477309, 46.03466930611837], [7.651408311878617, 46.03469696001719], [7.6514144575609295, 46.03470973990331], [7.651414062825347, 46.034724529166965], [7.651418658324142, 46.03473056538554], [7.65143120582326, 46.03473556108819], [7.651450281901683, 46.03473879942401], [7.651461754403264, 46.0347463250101], [7.651473985121424, 46.03475953427228], [7.651491673969948, 46.03479472707517], [7.65150172872844, 46.03480303783774], [7.651541904347262, 46.03482500103852], [7.651550627108686, 46.03483953019773], [7.651560635281148, 46.03487244367404], [7.651622800089413, 46.03490928046401], [7.651676965585844, 46.034944998624226], [7.651718585666783, 46.0349762429116], [7.651745177187004, 46.03498893078491], [7.651795234818865, 46.03502769744598], [7.651890203122119, 46.03509351941383], [7.651948898668297, 46.03515137650439], [7.651969457732158, 46.03515723889114], [7.651986585666313, 46.03516756057632], [7.652038380416236, 46.03521456353252], [7.652103768435922, 46.03526287292275], [7.652172521933269, 46.03529998447369], [7.652211593265123, 46.03531354748151], [7.652259865257821, 46.03532164183932], [7.652302071346149, 46.03532095006728], [7.652334799283353, 46.03531745175061], [7.652431881607872, 46.035299313096566], [7.652572285103967, 46.0353082487654], [7.652681986284504, 46.035306790202206], [7.652758305316418, 46.03530337088795], [7.652807697095542, 46.03531701336483], [7.652814096332164, 46.03532185865851], [7.652839702804667, 46.03533039152031], [7.6529314896480285, 46.03534221662813], [7.652930439635113, 46.03536449985498], [7.6529532258427375, 46.03538174575092], [7.652985595140282, 46.03539889236237], [7.653015461850807, 46.03541019673621], [7.653088877695391, 46.035420698726064], [7.653122320661845, 46.03541842204451], [7.653141690961791, 46.03542084992383], [7.653157850561184, 46.03542794358451], [7.653174095348293, 46.03544033527707], [7.653203817200724, 46.03545424839914], [7.653276780386506, 46.03546788151281], [7.65333224516355, 46.03547227348748], [7.653338120508764, 46.03547522183019], [7.65334816380031, 46.03548707678155], [7.6533770417026235, 46.035496511869106], [7.653542404087073, 46.035533024042905], [7.653600361891259, 46.035557255092485], [7.653671968004348, 46.035567301338745], [7.653707072358071, 46.03556701865767], [7.653763228179481, 46.03555972463575], [7.65384013131081, 46.03556347326784], [7.653895080496643, 46.035578021594574], [7.653907725361471, 46.03557809631949], [7.653926425500475, 46.03557754800999], [7.6539525383594285, 46.03557350405438], [7.653982276731215, 46.03555875680878], [7.654011984757015, 46.03555596490301], [7.654054981249802, 46.035565831238955], [7.654138334781454, 46.03557766256306], [7.654152066765113, 46.03558485965348], [7.654155874650323, 46.035590861304044], [7.654159427239853, 46.03561745363141], [7.654170687216596, 46.03563649356487], [7.654183582272732, 46.03564107450102], [7.654214340024351, 46.035645648332455], [7.654249139845846, 46.035646805018274], [7.654286702441352, 46.03565092496975], [7.654407903095459, 46.03568987709811], [7.654419865682409, 46.0356970506948], [7.654431691741843, 46.03569579572037], [7.654438256429911, 46.03568681464798], [7.654443692117732, 46.03566337088851], [7.654459342178844, 46.035652483489926], [7.654475089890608, 46.03565329001359], [7.654501354937087, 46.03566164153111], [7.654520207931602, 46.03566055306004], [7.654563229922714, 46.03564391904883], [7.654585514098559, 46.03564499187086], [7.654630487320605, 46.035654944263435], [7.654657124550297, 46.03566922316885], [7.654687601933329, 46.035691131752664], [7.654711762388907, 46.03571610162958], [7.654745815414232, 46.03573765163623], [7.654809213690411, 46.03573933863218], [7.654860013658541, 46.035762764134375], [7.654875975212296, 46.035765458872824], [7.6549436302989715, 46.03576911621657], [7.655055442351024, 46.03578507626557], [7.655152144340818, 46.03580165772297], [7.655225685323997, 46.035807570685385], [7.655267524767863, 46.0357989446891], [7.655285433094114, 46.03580396566969], [7.655299630002277, 46.03581437308931], [7.65529547131509, 46.03583401841405], [7.655356370937162, 46.03585393409089], [7.655415624943273, 46.03586595490035], [7.655458051094795, 46.03586523481274], [7.655528769308712, 46.035879140910396], [7.655651042700914, 46.035924306239934], [7.655709081429503, 46.035899961124905], [7.655741832986013, 46.03589584122872], [7.655807776822147, 46.03589776559099], [7.655813485819424, 46.035907595630434], [7.655831961653018, 46.035915638006365], [7.655867788066237, 46.03592151515621], [7.655957460276008, 46.035933621757295], [7.656023468762123, 46.03593877541928], [7.656072758049079, 46.03594572419884], [7.656093732299118, 46.03594535118218], [7.656111365114995, 46.03593944327369], [7.6561757051925765, 46.03594423916681], [7.656272772666955, 46.035967783259444], [7.656311651413697, 46.03598117472654], [7.65634118528743, 46.036006016950026], [7.6563693140080336, 46.03602495219304], [7.656489765929374, 46.03607942203896], [7.6565206129147425, 46.03608029811404], [7.656533176272517, 46.03608905351657], [7.656574828480384, 46.03613730597253], [7.656607305624561, 46.03616160319041], [7.656639888938088, 46.03617035600234], [7.656695364861799, 46.03617390148942], [7.656767359294466, 46.03618691425363], [7.6568062654275595, 46.036226590393234], [7.656851264744815, 46.036255712012355], [7.656952296021229, 46.03630464214267], [7.657055427230853, 46.036365028973506], [7.657100442681516, 46.03639485233209], [7.657254487880968, 46.03648382790624], [7.657317828577549, 46.036486836926365], [7.657386911062373, 46.03647875184399], [7.657412677307966, 46.036468546713266], [7.65744382704507, 46.03646745242894], [7.657464586818729, 46.03647477973401], [7.657507642967999, 46.03650550631497], [7.657615656099445, 46.03656231197271], [7.657754385981854, 46.03658709780323], [7.657865455142208, 46.036603839888286], [7.65805124447507, 46.03666238377064], [7.658089456528431, 46.036650921537515], [7.658136303760979, 46.0366476735877], [7.6582595600333, 46.03666309536035], [7.658328896736004, 46.03667980058029], [7.6583612834028685, 46.036700616042495], [7.658511332849503, 46.03681055565685], [7.658574928743625, 46.03687725075634], [7.658663521272662, 46.03696093459152], [7.658741921721302, 46.03702495606042], [7.658773440860621, 46.037041878311435], [7.658843382977179, 46.03706769431834], [7.658905308486124, 46.03707850346262], [7.658968724406279, 46.03710343253582], [7.659048460684117, 46.03713011085178], [7.659137050622871, 46.03714541053286], [7.659220720976778, 46.03714826083501], [7.6593029413540785, 46.03713744967562], [7.659402585521527, 46.03712019047482], [7.659519049016028, 46.03708750693562], [7.659678382656724, 46.03702622397595], [7.659829912536584, 46.036964353844574], [7.659943176335959, 46.03691651957249], [7.660009831739756, 46.036879903830865], [7.660025664336046, 46.03687601385801], [7.660098778191522, 46.036874773279514], [7.660113269226512, 46.036868151105224], [7.660134004428573, 46.03686290210858], [7.660152707415037, 46.036862973402215], [7.660242958530337, 46.03688988196305], [7.660277596520734, 46.03689225181059], [7.660310661384685, 46.03688889456153], [7.660393776247004, 46.03686626077998], [7.660417226910025, 46.0368553215779], [7.660435124822835, 46.036835127799655], [7.660459995467005, 46.03682085718744], [7.660478157076564, 46.036818014932926], [7.660537860765802, 46.03681925594304], [7.660563013692732, 46.03681408828647], [7.6605768274051025, 46.036815626444906], [7.66058936599758, 46.03682128681247], [7.660595454997363, 46.036832186512584], [7.660603213824223, 46.03683760465779], [7.660612090021669, 46.03683827990429], [7.6606200589323175, 46.03683499884596], [7.660625593528233, 46.03682065805139], [7.660632062298908, 46.0368137098681], [7.660672024818037, 46.03681041121663], [7.660696362502002, 46.03680490314314], [7.660722517778219, 46.03677936754109], [7.660742145936471, 46.03677506514485], [7.660777017107637, 46.036771263351454], [7.6608150378180815, 46.03677012715358], [7.6608338182250515, 46.03677654907224], [7.660863467550099, 46.03680685068936], [7.660891712284042, 46.03685390459003], [7.660917013984445, 46.036879123092156], [7.660932427041978, 46.036889680412465], [7.660950733336559, 46.036897047646555], [7.66097318109033, 46.03689687758556], [7.660989188929943, 46.036891619848205], [7.661009291055216, 46.03687674696719], [7.661025523961069, 46.036853731687685], [7.661055754314676, 46.03682656020508], [7.661070720793216, 46.03682886974384], [7.661094457229494, 46.036837539668305], [7.661277887493964, 46.03680082004885], [7.661370183672818, 46.03676803070047], [7.66146569323279, 46.036740920241435], [7.661577099325629, 46.03671292427135], [7.6616148779913695, 46.03670613085714], [7.6616574272969435, 46.036690971012135], [7.661706925878712, 46.036666379163876], [7.661740296962202, 46.036639813090915], [7.661760324252821, 46.03664143848748], [7.661787197503698, 46.03664004555426], [7.66182924431348, 46.036634691944975], [7.661880038105387, 46.03662048749434], [7.6619059172994515, 46.03661926715659], [7.6619854373485685, 46.03666232522432], [7.662010815432926, 46.036671243845724], [7.662085444402845, 46.03668364554545], [7.662128569522081, 46.03666085619442], [7.662140739561839, 46.03666471840149], [7.6621742441003535, 46.03666778306251], [7.662211910676643, 46.03666527117416], [7.662256698382414, 46.03666695523216], [7.66258307581002, 46.03669413670017], [7.662645876969169, 46.036694615817346], [7.662713071660376, 46.036692423554484], [7.662779633305161, 46.036680697370535], [7.662921827253676, 46.03666128383251], [7.662949365666706, 46.036661517238144], [7.662986829569809, 46.0366727141315], [7.66302588757007, 46.03669463977762], [7.663036181581027, 46.036697776618084], [7.66305260737669, 46.03669690737125], [7.6630918459283786, 46.03667774115584], [7.663118009815349, 46.036676458006646], [7.6631449320062135, 46.036680767516444], [7.663165367109412, 46.03668743783836], [7.663186255319546, 46.03669123753311], [7.663208262247914, 46.03668427679578], [7.663272467536054, 46.0366901679763], [7.66330204067526, 46.03669837629318], [7.663363128178588, 46.0367346957059], [7.663408183524897, 46.03675440564664], [7.663432265220643, 46.03673380295767], [7.663460953343886, 46.03672768356225], [7.663508729061151, 46.03672400938514], [7.663570994362415, 46.03671033022963], [7.663597377162584, 46.036721666243956], [7.66364131707544, 46.03675282057539], [7.6636851402891715, 46.03673661397792], [7.663690023753222, 46.03673686526122], [7.663698725837367, 46.036742290375926], [7.663743118173508, 46.03679242410079], [7.663766403505677, 46.03681376924494], [7.663822283826023, 46.03683051620619], [7.663852700301961, 46.03683015905108], [7.663874365262387, 46.036824898778825], [7.663934929085005, 46.03678721224122], [7.663947039737189, 46.03678298681048], [7.663962744373967, 46.03678552051868], [7.663975327935132, 46.0367956427624], [7.663980887799915, 46.03684091586772], [7.663993350173398, 46.03685299029312], [7.664023386687931, 46.036860667239544], [7.66413392650494, 46.03687054079787], [7.6641554834688135, 46.03690494202054], [7.6641665812959525, 46.03691190037145], [7.664181701051441, 46.03691377728669], [7.664200368100588, 46.03691132953229], [7.664220629423589, 46.036925951967845], [7.664232015915985, 46.036927719356704], [7.664246531863313, 46.03693661421938], [7.664260859826905, 46.03695949728559], [7.664279170429715, 46.03697400674587], [7.664318554109936, 46.03700269595259], [7.664356416017559, 46.03702566706112], [7.664412301416565, 46.037046722383636], [7.664467477835077, 46.0370743370545], [7.664491364209977, 46.0370690898652], [7.664514925856107, 46.03709780180431], [7.664588335329631, 46.03714940647883], [7.66461087190315, 46.03717387432353], [7.664641410481822, 46.03718746851983], [7.664701924425185, 46.037184362170336], [7.664737299294889, 46.037189824167164], [7.6647919872908785, 46.037192864093335], [7.664839290322898, 46.037240652622856], [7.66484479567256, 46.03725700457238], [7.664864030646462, 46.03727325704538], [7.6648778143968785, 46.037276908462104], [7.664894271717553, 46.037289856223246], [7.664926104306248, 46.03729141209596], [7.66494964614818, 46.037283935174585], [7.664981938249604, 46.0372622279238], [7.665007655960657, 46.03724993404056], [7.665022146589531, 46.03724644177044], [7.665026586477987, 46.037233155347145], [7.665027779966834, 46.03721563873095], [7.665057953286959, 46.037224997729574], [7.665103263443595, 46.037243564291664], [7.665163421152737, 46.03727324586475], [7.665226455978045, 46.037280109786394], [7.665260777273167, 46.03729004434419], [7.665299419897773, 46.037311196157376], [7.665336363664733, 46.037336912229556], [7.665372085657091, 46.03736701159377], [7.665379677141737, 46.03738494241529], [7.66537443293845, 46.0374097900443], [7.665396834209229, 46.03743559035699], [7.665455631841155, 46.03747058139481], [7.665503328825535, 46.03750419159278], [7.665579992010525, 46.03754888960779], [7.665634542518189, 46.03758730845454], [7.665670027065961, 46.037603698830246], [7.665744362489205, 46.037622244896575], [7.665790172424902, 46.03763647500842], [7.665813701840131, 46.03765461416194], [7.665821612440567, 46.03768952283162], [7.665874638032771, 46.037696594875285], [7.665908146705893, 46.03770366988292], [7.665963525216474, 46.03772061411627], [7.666040796273756, 46.03776543603361], [7.666069746553609, 46.037766466555], [7.666121795887558, 46.037815279602206], [7.666202518485915, 46.03781688149387], [7.6662540717265495, 46.03790795629183], [7.666281289200015, 46.037930291452525], [7.666300697163534, 46.03792266953334], [7.666393967952464, 46.03800360369856], [7.666457791209249, 46.03801968569879], [7.666506290113123, 46.03802206227908], [7.666577829590178, 46.038014443755756], [7.666667432209694, 46.03802683096302], [7.666706694064128, 46.03802568184837], [7.666742492488859, 46.038014815411266], [7.666794183778949, 46.03802996866547], [7.666845941955634, 46.038014823917344], [7.666861441360733, 46.038020757565604], [7.666924928359797, 46.03803666921958], [7.666958915088522, 46.03804980640741], [7.667004910448858, 46.038058835928126], [7.667086636316911, 46.03810610389965], [7.667127513080903, 46.03809254700006], [7.667172042493062, 46.038100014282826], [7.667209561486572, 46.03811464615128], [7.6672354837818055, 46.03813901720141], [7.667259254302493, 46.03817706563588], [7.667262598585256, 46.03820763533521], [7.667300396345408, 46.03822402981633], [7.667338842066626, 46.038231509121694], [7.667399823296272, 46.038271769179175], [7.667429087833545, 46.03831397122978], [7.667438194993896, 46.03835744653454], [7.667484749868867, 46.03837997581873], [7.667522422153301, 46.03838794161815], [7.667634218232917, 46.038419568284006], [7.667691571017741, 46.03842647761008], [7.667743749339986, 46.038419067978275], [7.667755946547026, 46.03842000579275], [7.667765554988941, 46.03842585125036], [7.6677850694740295, 46.038446888143255], [7.667838281806061, 46.03848300504399], [7.667951539705776, 46.03852116861124], [7.668031060245855, 46.03855345387472], [7.66807886254956, 46.0385653564689], [7.668364517127727, 46.03852340352549], [7.668402105938862, 46.038520691281086], [7.668424951801199, 46.038522929551], [7.668442254400604, 46.03853088204792], [7.668481181750396, 46.038561080749304], [7.668624337581284, 46.038651164162694], [7.668899288884877, 46.03884160910166], [7.669327921482278, 46.03904693056355], [7.66938987015082, 46.039099390210545], [7.669447888408971, 46.03915391829957], [7.66949630658284, 46.03922615998276], [7.669518432428207, 46.03926601814633], [7.669554307246461, 46.03929794132296], [7.669600424371739, 46.039323528821875], [7.669654805703913, 46.03934848777389], [7.6697120256730775, 46.03936656838336], [7.669760022808443, 46.03937538452697], [7.669873587921966, 46.039378695593044], [7.6699092821982875, 46.03938296735472], [7.669987887110641, 46.039405808030146], [7.670078382996819, 46.03943972401054], [7.670174628392553, 46.03950159464836], [7.6702972395290985, 46.03956091944201], [7.670355631357648, 46.03962708655805], [7.6703692454359285, 46.03966992154524], [7.6703918307296055, 46.039699056210935], [7.670418660564293, 46.039723900401555], [7.670455388420455, 46.03974960583996], [7.670494458391124, 46.03976709371556], [7.670545782166939, 46.039777414132786], [7.670869694616471, 46.03987683285746], [7.670917275515698, 46.03990006910639], [7.670985352876341, 46.03995319089286], [7.671035593956883, 46.03999761474842], [7.67107731715671, 46.04002539680815], [7.671101545715971, 46.04003366779341], [7.671139377355927, 46.04003616284851], [7.671184682691414, 46.040061841611326], [7.671198143639684, 46.04008657834603], [7.6712436164362785, 46.04012129705553], [7.671273552180664, 46.040135142441116], [7.67134307927313, 46.040158279626276], [7.671421741291247, 46.04017591079465], [7.671484784026502, 46.040186836445585], [7.671581502737393, 46.04018888634862], [7.671658827120974, 46.040204775110844], [7.671742723347095, 46.040229088001226], [7.671803812123581, 46.040251342683796], [7.671871955744974, 46.04028016745056], [7.671959113282811, 46.04032114171769], [7.67203827001549, 46.040366980827194], [7.672091174667951, 46.04040261919689], [7.672162985519429, 46.04043411683615], [7.672211175281869, 46.04046354043692], [7.672241024807979, 46.04047220434827], [7.672357595012727, 46.0404887316209], [7.672504832800436, 46.040526910944315], [7.672683682584028, 46.04055071328352], [7.672727494934618, 46.04057430784955], [7.673048527230099, 46.04064155838589], [7.673125572133815, 46.04064308151171], [7.673167936752448, 46.04066374428977], [7.6731737896554195, 46.040703428790806], [7.673229640286773, 46.04073610940663], [7.673274440745337, 46.04076732891235], [7.673278620076598, 46.04079015061561], [7.673275355956283, 46.04084573874825], [7.673265847719614, 46.040887937209696], [7.673283966791958, 46.04092646242643], [7.673370303458624, 46.0410350097636], [7.6734278150035955, 46.04107219443746], [7.673545785622899, 46.04110475604104], [7.673605175648421, 46.0411189716915], [7.6736721439983215, 46.04114431676066], [7.673721987422699, 46.04117041712021], [7.673760043547868, 46.04119496756886], [7.673782024230406, 46.04120595935744], [7.673895983825313, 46.04123073932086], [7.673954642590194, 46.04123399102498], [7.6740678218291185, 46.041224347000274], [7.674182614095599, 46.04119024988616], [7.6743226688366795, 46.04115234873491], [7.67438388136165, 46.04116077602345], [7.674405206680557, 46.04117255158245], [7.674438917317551, 46.04119881992546], [7.674508433274464, 46.04126086921584], [7.6746327194073, 46.04134709194591], [7.674790399399525, 46.04142178474244], [7.674981074997937, 46.04151858152858], [7.6751070250486375, 46.04157085198488], [7.67535525969008, 46.041667060785244], [7.675547402210316, 46.04171402887102], [7.675812871155118, 46.041762248012], [7.676187189553088, 46.04175878142038], [7.676478352537936, 46.04173281234355], [7.676735864638476, 46.04170656308209], [7.6770064295448215, 46.04166399478164], [7.677407439437226, 46.0415664037703], [7.677739191738409, 46.04151478075069], [7.677778341907046, 46.041523046259066], [7.677815620584886, 46.04158483958094], [7.677855246722079, 46.0417021655612], [7.677886307811173, 46.041860726949174], [7.677894361212795, 46.041974512169425], [7.677867823513795, 46.04205326084752], [7.677792225673641, 46.04224188443662], [7.6777257467538, 46.04238295688242], [7.677642539880018, 46.0425330065361], [7.677521228748886, 46.04265707684265], [7.677521390100889, 46.042753382436395], [7.677514478284866, 46.04279764594243], [7.677448047137782, 46.042875794991254], [7.67741969941263, 46.04294556076319], [7.6773721423280605, 46.04301820034664], [7.677337012095833, 46.04308197108778], [7.677306803229429, 46.0431485923771], [7.677291356022831, 46.04319370120036], [7.6772976302683436, 46.04324328909965], [7.677271593260362, 46.04329791071571], [7.677245066822623, 46.04333506411598], [7.67723648540819, 46.04336386759576], [7.6772403931348805, 46.043389154505334], [7.677262330048306, 46.04341640972659], [7.677287848699237, 46.043468465550816], [7.677284540216352, 46.04353653161475], [7.677291161932731, 46.04359194676461], [7.677331603104774, 46.043635489086896], [7.67732005152355, 46.04380158497217], [7.677302179795211, 46.04390138984345], [7.67724724984471, 46.04402883434511], [7.677173177617155, 46.04414777431716], [7.67716298869582, 46.04418727634852], [7.677172458442677, 46.04422625089545], [7.67720564828249, 46.04427474655498], [7.677218034893901, 46.044333865011325], [7.677232786468875, 46.04438425306422], [7.677232030520295, 46.044460201961165], [7.677217463192567, 46.04458019516168], [7.67720131858538, 46.04466136683524], [7.677172189107593, 46.04474792755909], [7.677146154208732, 46.04484206509661], [7.677137332194551, 46.04489887154341], [7.677147179810415, 46.044914655753054], [7.67713312097901, 46.04496440268675], [7.677139145430037, 46.04498925332443], [7.67712617891472, 46.04502573897724], [7.677098344830138, 46.04508037274205], [7.677093060158345, 46.04511873166662], [7.67710358380432, 46.04513542339057], [7.677133849418086, 46.04522712243715], [7.677140123757357, 46.045261912486595], [7.677140664990709, 46.045285362615175], [7.677156248721638, 46.04533986017699], [7.677155527317096, 46.04539665079529], [7.677162242324157, 46.04547611262712], [7.677161267058729, 46.04553739883309], [7.67711416210735, 46.045643258000915], [7.677094197163605, 46.045674460845085], [7.677072306207693, 46.045729378693466], [7.677024551436227, 46.045828653516416], [7.677016586097398, 46.04591921785334], [7.677034290332993, 46.045977012830996], [7.676985279366482, 46.04607266511121], [7.676939265381569, 46.04623374419846], [7.676921851831808, 46.046421103328115], [7.67692883376631, 46.046496928845734], [7.6769392682537125, 46.0465526603762], [7.676912570930362, 46.046643076318546], [7.676898286333528, 46.0467033489975], [7.676858624407555, 46.04678619100157], [7.676849691684059, 46.046865154007754], [7.67683381138312, 46.046894054402244], [7.67680297908281, 46.04692474939681], [7.676745309054784, 46.04701394293405], [7.676713617258131, 46.04704916374024], [7.676684073057252, 46.047067136292654], [7.676667864440149, 46.04707997133122], [7.676655793849467, 46.04709375112829], [7.676651958494982, 46.04710892587455], [7.676661275412061, 46.047121374260776], [7.67669205749422, 46.04714735188098], [7.6768006130207995, 46.04718868397667], [7.676854952437021, 46.047204177561234], [7.676919516560775, 46.047209107130755], [7.676933456308937, 46.047221042118935], [7.676939347013084, 46.04725655350502], [7.676939762089595, 46.047289593324244], [7.676932624003039, 46.04729691269722], [7.676938080395015, 46.0473424640208], [7.676919948787824, 46.047423823433896], [7.676909601842084, 46.047447854080644], [7.676909703171638, 46.047459304999194], [7.676938052778692, 46.047517113377346], [7.676942257586817, 46.047551215563516], [7.676939781490844, 46.04758489099581], [7.676919888943301, 46.04761811741777], [7.676913476459634, 46.04766450316818], [7.676926153159355, 46.0476772406516], [7.676935666624105, 46.04770225489239], [7.676929286802423, 46.04775025949369], [7.67694264481569, 46.04777108275084], [7.6770516505284006, 46.047859592714865], [7.677105884087137, 46.04790727088147], [7.677205324135097, 46.04803577762421], [7.677240520756083, 46.04811126557487], [7.677248483692327, 46.04834778951795], [7.677275617907215, 46.04848850171546], [7.677287621442667, 46.04864946727268], [7.677252612428073, 46.04873905441887], [7.677267309728875, 46.0489047446203], [7.677266532033955, 46.049014255980616], [7.677244197838478, 46.04908898466236], [7.67727114493849, 46.04918079713359], [7.677257543420738, 46.04927666205119], [7.67724637671156, 46.049311246303716], [7.67721380550594, 46.04936994003594], [7.677165634767788, 46.049400421433056], [7.677170801868195, 46.049415136155936], [7.677183838548049, 46.049436077806256], [7.677206772012491, 46.0494600932679], [7.677214794624708, 46.04947481137651], [7.677224288414792, 46.04953068100891], [7.677221719843362, 46.04956071448697], [7.677229637513656, 46.049580956297675], [7.677326555055167, 46.04963962760561], [7.677332998845196, 46.04964786284965], [7.677334620003011, 46.04965819528495], [7.6773263372028575, 46.04969336763875], [7.6773249172691616, 46.049720267623755], [7.677336694140579, 46.04974562849182], [7.677353874614897, 46.049765850341004], [7.677396726141867, 46.049794924275496], [7.677406448799264, 46.04984392106465], [7.6774208070627425, 46.04987166925687], [7.6774400928158695, 46.04989173377757], [7.677485143694319, 46.04992736101725], [7.677504944849763, 46.04990850118827], [7.677529716828476, 46.049948173869936], [7.677523810956986, 46.0499774128055], [7.677575123372534, 46.05003280764452], [7.677601556218381, 46.05010354834473], [7.677643650017999, 46.05017785408088], [7.677652150276766, 46.050224919598556], [7.6776523667335885, 46.05027729227491], [7.677663957660328, 46.050331079181674], [7.677667294476641, 46.05036157566442], [7.677678155919361, 46.05037252736701], [7.677709489887919, 46.05038528019777], [7.677720012997244, 46.05039270639275], [7.677710962877824, 46.0504266750546], [7.677721640155545, 46.050448673855485], [7.677722435415924, 46.05048278379207], [7.6777436420171865, 46.05051373738324], [7.677766323790499, 46.0505243408498], [7.677788128353496, 46.05052349435622], [7.677799362673546, 46.05052812130471], [7.6778231933622605, 46.05056235267569], [7.677851695499703, 46.0505952791287], [7.677885474556247, 46.0506562419469], [7.677887168606094, 46.05067440906182], [7.677884623420164, 46.05069218941143], [7.677901101151013, 46.05070224775857], [7.6779252401084, 46.05070933038517], [7.67797352006798, 46.05073582828147], [7.677966492321244, 46.050759618242516], [7.677993171634133, 46.050777498707674], [7.678029787323673, 46.05081915221637], [7.678056550466926, 46.05084432814708], [7.678080706368204, 46.05088184277063], [7.678115128966368, 46.05099171662951], [7.678136283204712, 46.051016418846814], [7.678164005616092, 46.051112830510434], [7.678173684382428, 46.051133904876544], [7.678182424244409, 46.051191082084664], [7.678197531160599, 46.051247831401916], [7.678211450622343, 46.05127251318322], [7.678229215134464, 46.0512872464039], [7.678246223255729, 46.05129740254532], [7.678289069265174, 46.051301243459086], [7.678286525824451, 46.05136358833207], [7.678281826509699, 46.05139390429851], [7.678282869358201, 46.051416634168554], [7.67829222606562, 46.05144084867162], [7.67831534481294, 46.05146271304293], [7.678348060920809, 46.05150177486343], [7.678383948010667, 46.051506799230005], [7.678399827027694, 46.05150696342819], [7.678433983748587, 46.05152994625841], [7.678465012726009, 46.051543796274125], [7.678475836034277, 46.051551896137944], [7.6785078972681795, 46.05158915870783], [7.678543198669609, 46.05159616312809], [7.678575288246272, 46.05159842485059], [7.678619867738985, 46.05162363386064], [7.678675643278899, 46.051662321549195], [7.678707496412611, 46.05167254471001], [7.6787636580458285, 46.051672470183725], [7.678779892697338, 46.05168599179379], [7.6787830191606945, 46.051700755529346], [7.678790932769196, 46.051702312802405], [7.678837013309309, 46.05168969239976], [7.678853827681891, 46.05169105075442], [7.678922177788658, 46.05172184855654], [7.679103967381137, 46.05179779590648], [7.679340625420274, 46.05191737104842], [7.679441894829591, 46.052003745149854], [7.679494646649028, 46.05203326355677], [7.679555054085859, 46.05205553337939], [7.679626541994729, 46.05207672698533], [7.679672806302533, 46.05209402541985], [7.679692822857093, 46.05210958083132], [7.679707587585007, 46.05212957316512], [7.6797713600856445, 46.05224129577205], [7.679806881715742, 46.05227471919814], [7.6798507826030065, 46.05229801379832], [7.679886084764098, 46.052310900956435], [7.680078317880763, 46.052333870061396], [7.680147714623716, 46.052346441764996], [7.6802867780408715, 46.052394747605476], [7.680403828681345, 46.05244069855765], [7.680512318822772, 46.052479039568546], [7.680644123209043, 46.052512905313606], [7.6807011205956455, 46.052517353980306], [7.680730519760023, 46.05252755488832], [7.68081127970029, 46.05254736127102], [7.680928784631726, 46.052590701932054], [7.6810183152036915, 46.05261289140705], [7.6810764807584535, 46.05265379496219], [7.681108325830082, 46.05266777773325], [7.681130621221921, 46.05268134918809], [7.681151220589746, 46.05269706510185], [7.681226993178024, 46.0527459372858], [7.681240878311743, 46.0527713735625], [7.681249085880161, 46.052777967669144], [7.681352892575547, 46.052808707912675], [7.681443010246059, 46.052840862542524], [7.681529192700924, 46.05288284925667], [7.681560012628946, 46.05290447153356], [7.681594539915136, 46.052934622871035], [7.6816502341242385, 46.05297724175683], [7.681694027980894, 46.05300225436445], [7.68174653858312, 46.0530292539139], [7.681777911740064, 46.053041609368535], [7.681854729104457, 46.05305482119177], [7.681887249013844, 46.05308115241953], [7.681924631549233, 46.05310258927393], [7.681959120611353, 46.05312715332654], [7.681964550466388, 46.05313959127488], [7.682008077026766, 46.0531684359904], [7.682027761742938, 46.053210995462024], [7.682057258838316, 46.05322272514965], [7.6821073505253015, 46.05322858158626], [7.682131558586511, 46.05324215771136], [7.682156102899029, 46.05326163408936], [7.6821784359780905, 46.05329230567712], [7.682198827288631, 46.05330757223613], [7.682250360334155, 46.053326666861075], [7.682466666967283, 46.05345368626396], [7.68250102499488, 46.053460134460195], [7.682573450485655, 46.053496653456634], [7.682620820547694, 46.053506338759355], [7.682705697979034, 46.0535334035915], [7.682760215328456, 46.05354364000967], [7.68280079037697, 46.05356515093561], [7.682873719611452, 46.05361020569489], [7.682913050134566, 46.05364808248737], [7.682940500499764, 46.053670035708826], [7.682978495068523, 46.05369235250605], [7.6829908280192525, 46.053731573470905], [7.68301633890455, 46.053759035817066], [7.683036128690503, 46.053775410449376], [7.683061871261475, 46.05379107915667], [7.683083608498542, 46.05383586507797], [7.6831302984742065, 46.05388426776132], [7.683128129311579, 46.053893294871045], [7.683134949551682, 46.053913214074335], [7.683167862862741, 46.053969329467975], [7.683181257289269, 46.054023435689984], [7.683193957819722, 46.05404357671352], [7.683229236725331, 46.05405647266123], [7.68324762684775, 46.05411527314602], [7.683259293187683, 46.0541758241389], [7.683269318002452, 46.054192902818365], [7.683286391340484, 46.054208563367155], [7.683315535733068, 46.05422795751776], [7.683353029400765, 46.05424799007341], [7.683404086928303, 46.05428759508383], [7.683460205075391, 46.0543435880284], [7.683560020736627, 46.05438797305159], [7.683583132122685, 46.05440448439178], [7.683588153895436, 46.05441507036253], [7.683589662702646, 46.05442887523714], [7.683586721862109, 46.054473444908844], [7.683592436624765, 46.05451187951181], [7.683618842844612, 46.05455152916407], [7.683637391035715, 46.0545675732669], [7.683711963633029, 46.05461271394827], [7.683776006825731, 46.05462334358238], [7.683821457266289, 46.05465425274719], [7.683875711711961, 46.05467454725637], [7.683937106896877, 46.054725823702476], [7.683938166035584, 46.05474019615382], [7.683953789851905, 46.05475812657864], [7.683968910278813, 46.05476171039582], [7.684018759483636, 46.054825560773885], [7.684062951069831, 46.05486949856903], [7.68415839565674, 46.05492708009565], [7.68418004513665, 46.05494602293859], [7.68421620991418, 46.05496321666446], [7.684327654355889, 46.05498717351784], [7.6843414349762424, 46.055008948886055], [7.684377284216409, 46.05504509669486], [7.684395233859516, 46.055077405859215], [7.684403866507, 46.05510075789692], [7.684456176187075, 46.05517431783922], [7.684495890250876, 46.0552050506929], [7.684527692777582, 46.05538459559651], [7.684527501963073, 46.055434170575644], [7.684538252948317, 46.05555808816302], [7.684533392279816, 46.05561794624007], [7.684569283779896, 46.055651809418876], [7.684558202992329, 46.05568470275271], [7.684574897918115, 46.0557598242331], [7.6845734032565245, 46.05578380042591], [7.684568618080592, 46.05580298011534], [7.684574602392924, 46.05584078466862], [7.684548555152906, 46.055872837461095], [7.684554177799747, 46.055899200228716], [7.6845667822672965, 46.055929335674236], [7.684576037421384, 46.055993561427634], [7.684571533813159, 46.05601211996007], [7.684556088738553, 46.05603125980206], [7.68454967187164, 46.05607843700592], [7.684546260911436, 46.056159160814026], [7.684558221924255, 46.056178233791115], [7.684559017254306, 46.05618844211699], [7.684552833777119, 46.056221405904296], [7.684551441115579, 46.05626787206238], [7.6845383799243905, 46.056369028227124], [7.684532847144585, 46.05638867701287], [7.684547737607799, 46.05648483437025], [7.684557560101028, 46.0565745082738], [7.684568026733057, 46.05662065095628], [7.684589699831168, 46.05668207068608], [7.684577058307752, 46.05670127588824], [7.684564209505256, 46.05673454275475], [7.684570821058231, 46.05677961453374], [7.684560300666832, 46.05680484329572], [7.684555831325027, 46.05682812468442], [7.68455996788574, 46.056854400874215], [7.684558355746861, 46.05688377522372], [7.684532787352189, 46.056976403819874], [7.684523564067897, 46.05699697919861], [7.684521921377167, 46.057019633487286], [7.6845255952361, 46.05704359871688], [7.684560162122839, 46.057133532845256], [7.684569608048848, 46.05717975817671], [7.684567945519374, 46.0572640507121], [7.684577121899903, 46.05736253138891], [7.684595966950311, 46.05741576155488], [7.68461148638026, 46.05744190490493], [7.684655428557408, 46.05755072694521], [7.684681293358618, 46.05757870105946], [7.684706253087717, 46.05763830474053], [7.684716933440413, 46.05765730660367], [7.6848070234322305, 46.05779071926301], [7.684845267668566, 46.05783335538789], [7.684903658138912, 46.05791094017938], [7.684922279202475, 46.05795449147932], [7.6849382847674095, 46.05803127822816], [7.684958355374125, 46.0580982422386], [7.684973842620292, 46.05821201986126], [7.6849792660916325, 46.05822848786786], [7.685009657216767, 46.058262929005316], [7.68503335426176, 46.05830292594787], [7.6850515122047875, 46.05841274054885], [7.685060513806007, 46.05845470370575], [7.685076577527758, 46.05849827939135], [7.685080261042378, 46.05853576509767], [7.685091601810047, 46.05857505976461], [7.685112489768621, 46.058599536371766], [7.685140273332729, 46.05862296380952], [7.685160047787585, 46.058655529895894], [7.685167963091452, 46.058674376426865], [7.685163532703535, 46.058700607953426], [7.685146986495958, 46.05872490519886], [7.685133275113462, 46.05873310319456], [7.685114393791302, 46.05875261014486], [7.685115877669365, 46.05876935671888], [7.685136741739157, 46.058797107820446], [7.685174567157409, 46.05883530193432], [7.685220203956791, 46.058889347160154], [7.685220846949189, 46.05890013148547], [7.68520656329714, 46.05892194054697], [7.685204984195832, 46.05892995005884], [7.685212895492695, 46.05896793938204], [7.685204452290973, 46.05903837553119], [7.685188988565894, 46.05905926060472], [7.685203825081356, 46.05907422367492], [7.685268496495999, 46.05912543977273], [7.685266510977508, 46.0591321458381], [7.685241346219994, 46.0591478801229], [7.685239776103379, 46.05915502598423], [7.685243771682554, 46.059161412994435], [7.685262505167468, 46.05917519804718], [7.685265098171613, 46.05918574413589], [7.685272957840339, 46.05919511825425], [7.6853078259764125, 46.05921351072042], [7.685317306332877, 46.05922404206843], [7.685317215246343, 46.05923533193377], [7.685311100194178, 46.05924895564792], [7.6853117513365685, 46.05927583331028], [7.685324213124421, 46.05928847206933], [7.685366549739553, 46.05930968178324], [7.685390846763709, 46.059370700713295], [7.685390034821901, 46.059379752136216], [7.6853224569711385, 46.05941460452163], [7.685313386487928, 46.059423448191254], [7.685311973005491, 46.05943095347698], [7.685327717393608, 46.059460982064586], [7.685356634555069, 46.05949234874354], [7.685384464389121, 46.05951191503787], [7.685446078163328, 46.059584347871166], [7.685474647025617, 46.05962140130644], [7.685504186372988, 46.05966740287714], [7.6855094072366805, 46.059684725855696], [7.685500602683007, 46.05971533799087], [7.685483040186516, 46.059752382827504], [7.685455678230157, 46.059828623981744], [7.685425497350125, 46.05988706107867], [7.685404074046733, 46.059941872013084], [7.685411491284209, 46.05996483953168], [7.685435933105468, 46.060006373363194], [7.685468125939904, 46.06003884078479], [7.685491417624171, 46.060128998476586], [7.685512333568526, 46.060150866502845], [7.6855912066127505, 46.060204723157696], [7.685613115314123, 46.0602319585209], [7.685666479015548, 46.06030842200812], [7.685690370955895, 46.06036558166527], [7.685711563962754, 46.06040593449286], [7.685823621212663, 46.06054877357461], [7.685824154090488, 46.060603968447644], [7.6858544341186725, 46.06068216354682], [7.685874682801332, 46.06069644944244], [7.685884886154303, 46.06070966857013], [7.685895419669772, 46.06077023070574], [7.6859112378011085, 46.060793557270124], [7.685921486453478, 46.060802485465246], [7.685964425501299, 46.06082230827544], [7.6859861835200505, 46.060864629965366], [7.686027838736882, 46.060926320941036], [7.686063865350364, 46.061032182806464], [7.68609744691119, 46.06107729431879], [7.686131365659784, 46.06113415297209], [7.686174791231334, 46.06118441521505], [7.686219500891852, 46.06120706769496], [7.686275885920555, 46.06124833351663], [7.686336301222574, 46.061306340611026], [7.686366678162243, 46.061342671176085], [7.68638915212783, 46.06137449407196], [7.686399536275541, 46.061401916717415], [7.686410648994195, 46.06141607871312], [7.686442169117536, 46.06143957831348], [7.686498311547096, 46.06149001970415], [7.686557969839961, 46.06156630688413], [7.686583052400736, 46.061606426073816], [7.686601344608381, 46.06165371166211], [7.686611699818107, 46.061669044081626], [7.686718305126938, 46.06176783650649], [7.686775743437898, 46.06181018912349], [7.6868734272385835, 46.06190253017713], [7.6869119280604465, 46.06193518913237], [7.686937490003444, 46.061972671325655], [7.6869603755593205, 46.06202125070902], [7.686966014405007, 46.06204526450076], [7.686981566185095, 46.06208076334134], [7.686996759760901, 46.06210568404791], [7.687017811097489, 46.062128639807796], [7.6871212710501045, 46.062197796358106], [7.687150633103881, 46.062212422762585], [7.687205840242656, 46.062267228323066], [7.687218816947666, 46.06230491772366], [7.687222581666494, 46.06233723917049], [7.687209085743886, 46.06240471597331], [7.6872152035726184, 46.062423044357864], [7.6872288253640795, 46.062440492790955], [7.687247570544443, 46.06245360309134], [7.687294462074437, 46.06246977367946], [7.6873200322044815, 46.06248892342186], [7.68733050167363, 46.062506513745966], [7.687334771906806, 46.062564544641866], [7.687346691230341, 46.06257128329948], [7.68736493717434, 46.06257398712304], [7.687424997824227, 46.062573226676214], [7.687430470800546, 46.06258027695465], [7.687427750254253, 46.06261560925832], [7.687446462063787, 46.06264993032649], [7.68745539061183, 46.0626554250556], [7.6874756973214815, 46.062662351997304], [7.687523366414868, 46.06267328528224], [7.687570714662369, 46.06270473732704], [7.6876228897377965, 46.0627289742505], [7.687665056310883, 46.06275171317625], [7.687743829357124, 46.06280245451841], [7.687931291799862, 46.06288344640318], [7.688050868402338, 46.06294385994663], [7.688104857627656, 46.06299478158049], [7.688280568068812, 46.06306293535726], [7.688365584907648, 46.06310525273387], [7.688434703543124, 46.0631468221992], [7.688457113864708, 46.063167282393245], [7.688487594567424, 46.063189155409106], [7.688556395990245, 46.06323210102617], [7.688586956968394, 46.063246057787325], [7.688601118085017, 46.06328244940728], [7.688624272042514, 46.06330146043216], [7.688652771447158, 46.06333363813264], [7.688655599557498, 46.063369714763475], [7.68866935708248, 46.06338276396464], [7.688755025818203, 46.063437690201496], [7.688785777703239, 46.06346229715116], [7.688811211095279, 46.063471155625805], [7.68885234367753, 46.063471047382734], [7.688899377305867, 46.0634671030167], [7.68892129546417, 46.06347302790779], [7.688939284351089, 46.063504238880036], [7.688996692948774, 46.063545185878894], [7.689015078200699, 46.06353878513625], [7.689062485853394, 46.063568492749184], [7.689100631818804, 46.063616094322064], [7.689103964809913, 46.063646932775356], [7.689098385524394, 46.06368442037338], [7.689057177198746, 46.06379819551685], [7.689077275472352, 46.06381589943368], [7.689136714139532, 46.06385122049487], [7.68914588878879, 46.06386516179058], [7.689143969372791, 46.063886171176655], [7.689254829128303, 46.063932876217486], [7.689342398128521, 46.063956207527326], [7.689436808973214, 46.06397521426675], [7.689464093678771, 46.06398752296511], [7.689532714991664, 46.06403293400268], [7.689570259464702, 46.064067690329566], [7.689699917518797, 46.064147472895776], [7.689907034889368, 46.06423552222347], [7.69005516526441, 46.064330107850196]]]]}}]}