{"type": "FeatureCollection", "features": [{"type": "Feature", "properties": {"bfs_nummer": 6458}, "geometry": {"type": "MultiPolygon", "coordinates": [[[[6.991771796581647, 47.05153498017173], [6.99125853031858, 47.051344959749], [6.990132805894336, 47.05094099238671], [6.990040483519396, 47.05082326213848], [6.989757085096493, 47.050410218262954], [6.98903694475062, 47.04971070961694], [6.9882326289937895, 47.048883970583105], [6.987646907968063, 47.04825144662032], [6.987176643853615, 47.04769169513577], [6.986473637208494, 47.04722295229699], [6.985951295851488, 47.04686513748], [6.985693381200708, 47.04672163369845], [6.985451460779169, 47.046526416225305], [6.984079348634399, 47.045115832042946], [6.9837829949544314, 47.044870337405065], [6.983249503386339, 47.04427832207499], [6.982394827879429, 47.04382811400244], [6.98176619951632, 47.0434192064813], [6.981469774012497, 47.043153709839345], [6.980913626627676, 47.042838519600885], [6.979556559414621, 47.04319273551687], [6.979378230705411, 47.042765082587486], [6.979333311696526, 47.04180526153558], [6.978943115939178, 47.04117957379789], [6.9787542362827875, 47.040929028301306], [6.978566500703193, 47.04066652339701], [6.978148846539013, 47.040233606345055], [6.977769468544256, 47.03990693103774], [6.97748503571322, 47.039672738685844], [6.977245760021907, 47.039461845271404], [6.976688934655243, 47.039020644443305], [6.9763581786501225, 47.0387640439885], [6.9761617253767865, 47.0385730741975], [6.975312462892182, 47.037835533789035], [6.973795352385684, 47.037139030718144], [6.973571106206693, 47.036950309229354], [6.973289521231384, 47.036524123019596], [6.9727841351094275, 47.0358276181482], [6.972318220381924, 47.03517029293631], [6.97191603099971, 47.03464628380142], [6.971542317133061, 47.034338166375996], [6.971135795570937, 47.03398788923706], [6.970442945078786, 47.033409876428536], [6.969604369298953, 47.03278012442132], [6.968798985217835, 47.03212883332248], [6.968201559032888, 47.03182245906435], [6.967541395072415, 47.03155525775143], [6.9666065701244015, 47.03114150349831], [6.965668814337293, 47.03063096992599], [6.965856074449983, 47.0301797049462], [6.965972409585803, 47.02992804832718], [6.965856218418493, 47.02942475271178], [6.9657858260457814, 47.02919660343573], [6.965634023050562, 47.02886630890482], [6.965366874989479, 47.028705782074006], [6.965135019527411, 47.028544330512204], [6.964728370541527, 47.028280418525036], [6.964270617435153, 47.028035803781], [6.963457645255238, 47.02733413843506], [6.9630936433461, 47.02724556205989], [6.962691416392032, 47.02715670820399], [6.962677702330106, 47.02703017729648], [6.961920631120054, 47.026560783819804], [6.96061422132287, 47.0257096648584], [6.959201384080513, 47.024806730229365], [6.957512318434258, 47.02366955130932], [6.956974919419931, 47.02355114476615], [6.956617987630622, 47.02350971265986], [6.960529073244029, 47.020220357470365], [6.963238213349052, 47.01791707083319], [6.963257760072464, 47.017890202087955], [6.964633372828955, 47.01520088476224], [6.964744861317484, 47.01336891676733], [6.965757457262527, 47.01196941384229], [6.965726744950315, 47.011931183108295], [6.965888496680849, 47.01174610946048], [6.965840632010096, 47.01172908156797], [6.966630344788173, 47.01083589804664], [6.966680791687146, 47.010813555005164], [6.967255017998018, 47.010195032901066], [6.968523265579088, 47.00839817858744], [6.9696532709048, 47.00677224040085], [6.968938009283534, 47.00640292036345], [6.9700323414047585, 47.00560416905892], [6.969970705531436, 47.005597026198984], [6.969964964188102, 47.0055934405299], [6.969830587318049, 47.00558293209674], [6.969797209461594, 47.005581877784266], [6.969758489536516, 47.00558269955211], [6.969711534779993, 47.00558838097585], [6.96960329425774, 47.00559198501477], [6.96945432548941, 47.005605001868126], [6.969406049779018, 47.00560835693846], [6.969344832114122, 47.00561051654817], [6.969308642589171, 47.00561518952181], [6.96923822543898, 47.00561823779187], [6.969189472932122, 47.00561747998173], [6.969150232892848, 47.005619126971716], [6.969121413001626, 47.00562313751024], [6.9690536900044675, 47.00562635864034], [6.968974290985186, 47.00562347797694], [6.9689021128968305, 47.00563089050944], [6.96882179330747, 47.00563401481208], [6.968782524540305, 47.0056404290301], [6.9687013646796165, 47.00564190366521], [6.96864819411129, 47.005641118508116], [6.9685478800891705, 47.005633042342055], [6.968512509862577, 47.005625268984346], [6.968477429750419, 47.00562189549722], [6.968388315486918, 47.00560378156148], [6.968364533059352, 47.005597180219695], [6.968280155209085, 47.005566816142746], [6.9681080357011345, 47.00548788559245], [6.968062317075362, 47.00545914660541], [6.967987882196691, 47.005407684412525], [6.967966620131284, 47.005389633426326], [6.967941652689708, 47.00536527948624], [6.967916823787466, 47.00534461417684], [6.9678367045618, 47.00528463697659], [6.967806730329062, 47.005250961328024], [6.967768879844908, 47.00522173288753], [6.967763663621995, 47.005215279820675], [6.967761696472997, 47.005207202968535], [6.967753096382302, 47.00519826227053], [6.967714703000351, 47.00517245877047], [6.967705493587134, 47.00515804645595], [6.967695707713085, 47.00514937072081], [6.967681641272089, 47.00514148695835], [6.967656993634751, 47.005116684543694], [6.967645183608501, 47.005109403718784], [6.967630925318907, 47.00508895278247], [6.9676106975811685, 47.005068450271025], [6.967601039542209, 47.005063184274505], [6.9675882648668885, 47.005062421039526], [6.9675670832572365, 47.00506514031514], [6.9675502265909035, 47.005065016932384], [6.9675395344445255, 47.005060709142995], [6.967498398847699, 47.00506561303113], [6.967462983844258, 47.005077925569935], [6.967448216010533, 47.00508847913193], [6.967430901193494, 47.00509558601446], [6.967415521641744, 47.00509944456161], [6.967374392474242, 47.00512004517531], [6.967322175191457, 47.00513948460411], [6.967298594231208, 47.00514588201035], [6.967257303281137, 47.005149004095294], [6.967236805301365, 47.005153228343694], [6.9671942974237755, 47.00515865718873], [6.9671262653459545, 47.00516119227413], [6.967104629654861, 47.0051602215569], [6.967081355482971, 47.00515417974483], [6.966987390166038, 47.00514204453258], [6.966937261908618, 47.00512734644921], [6.966836522858646, 47.00511243066052], [6.966809684239135, 47.00510351359418], [6.966738321190527, 47.0050841492708], [6.966707167207197, 47.00508146612435], [6.9666672232101785, 47.00506903178849], [6.966568973342853, 47.00501492470959], [6.966504634380186, 47.004975952615126], [6.966469190018575, 47.00496027153955], [6.96640944724002, 47.00492201097232], [6.9663991584857605, 47.00491223562696], [6.966386104579303, 47.004905867067066], [6.966370302592583, 47.00490097139961], [6.966340458364802, 47.0048869685331], [6.966297463968087, 47.00486111858816], [6.9662778782343375, 47.00484541290568], [6.96627484969077, 47.00483992228043], [6.966254335851821, 47.00483104922187], [6.966236793186585, 47.00481479429752], [6.966225091294094, 47.004808701162716], [6.96620146594999, 47.004802252975765], [6.966183825802169, 47.00479406638776], [6.966164922822949, 47.00477699627016], [6.966145651278134, 47.004764440252096], [6.966123522449856, 47.004759770281574], [6.966117636016423, 47.00475329636094], [6.966106645427465, 47.004745578021], [6.966095733256299, 47.0047453620444], [6.966042286702222, 47.00472381351202], [6.965998016657269, 47.00468907080625], [6.9659713505376555, 47.004680019356], [6.965959263340829, 47.004663957851285], [6.965948354913265, 47.004663319088806], [6.965937815840551, 47.00466106275741], [6.96592413852208, 47.00464935733188], [6.965903476905323, 47.004637874962285], [6.965870173289209, 47.00462849022146], [6.965851016391935, 47.004619343822505], [6.96583074974329, 47.00460185423493], [6.965814072782011, 47.00459926663597], [6.965804010479031, 47.00458471569982], [6.965759327758008, 47.00457141591466], [6.965720291756626, 47.00455749189893], [6.965663283616926, 47.004529811687206], [6.965577663406826, 47.00447670936818], [6.9655592566468005, 47.004461557247], [6.965536372932162, 47.004451558789384], [6.965515648810644, 47.004445680156145], [6.965495107833063, 47.00443693277503], [6.965476191985682, 47.00442135567785], [6.965454000634992, 47.0044089044064], [6.965442344540533, 47.00440062553412], [6.965426701674223, 47.00439560443703], [6.9654116187331185, 47.0043867446959], [6.9654040578459275, 47.00437781710386], [6.965380306525044, 47.00436631285812], [6.965372426632372, 47.004356286534225], [6.965365130595818, 47.0043530990138], [6.96535305204637, 47.004350962154575], [6.965345719856555, 47.00435186737153], [6.96533172040834, 47.004336463483796], [6.965313071537424, 47.00432937002546], [6.9653033006015725, 47.00431906600878], [6.965278346772136, 47.00430972464555], [6.965264982567315, 47.00430130376705], [6.965253782812605, 47.004296444968006], [6.965215219047966, 47.004285652976655], [6.965205233982604, 47.004278748271155], [6.9652007175458674, 47.00427052587157], [6.965174677705897, 47.00426801642706], [6.965172395511045, 47.004258435963536], [6.965166826997297, 47.004253204664], [6.9651537059305095, 47.004252979477705], [6.965131305383739, 47.00424189453576], [6.965127003313143, 47.00423025487178], [6.9651182531173825, 47.0042219969658], [6.965103070090277, 47.00422297759886], [6.965077422781963, 47.00421473969378], [6.965063796508612, 47.00419878866599], [6.965026377855939, 47.00417599268175], [6.9650107241520915, 47.00417369708075], [6.964981414025641, 47.00415737529236], [6.964958484788129, 47.00415106461805], [6.964918470842071, 47.004133286208365], [6.964872770464726, 47.00410429414839], [6.964825246421842, 47.00408524325438], [6.964823981348215, 47.00407663854315], [6.964801763659414, 47.004067191390966], [6.9647807078260735, 47.00405870260549], [6.964720543015072, 47.00404311650683], [6.964698322988198, 47.00403393921118], [6.964703505326355, 47.00402782588179], [6.9646970844499325, 47.004023823383584], [6.964686111399141, 47.004012677770056], [6.964670729833802, 47.004001927677876], [6.964660893042177, 47.00399611196718], [6.964652291194223, 47.00398744987819], [6.96464210132154, 47.003985869468856], [6.964621031932927, 47.00398634895224], [6.964600941481369, 47.003977243401394], [6.964602383720533, 47.0039702961046], [6.964597365445751, 47.00396233247666], [6.964588213344403, 47.00395789583296], [6.9645767993669185, 47.00395645427347], [6.964560013230561, 47.003948405910315], [6.964546284400171, 47.003942574045126], [6.964535964866354, 47.0039348493278], [6.964525819701921, 47.00392822275693], [6.9645129095568565, 47.003923491733474], [6.964490971098329, 47.003919649764676], [6.964484367441846, 47.00391550257222], [6.9644771379786965, 47.00390629745789], [6.964468177393806, 47.00389954083101], [6.964455232188512, 47.00389876754792], [6.964448492584152, 47.003892155089865], [6.964441725170163, 47.00388719764149], [6.964434928763297, 47.003885514361414], [6.964431576356625, 47.003880984822274], [6.964425036616021, 47.00387110791157], [6.964419624736625, 47.00386750538045], [6.964404317751252, 47.00386467134572], [6.9643756949621825, 47.00386282559163], [6.9643607057183115, 47.00386271845618], [6.964345801845825, 47.00386930418794], [6.964324633683693, 47.00387202290707], [6.964310472574328, 47.0038734304075], [6.964293225008687, 47.003875913547525], [6.964271719910158, 47.00387807314749], [6.9642641746572815, 47.0038822516677], [6.964252385015339, 47.00388462247321], [6.964244892830835, 47.003884294566255], [6.964236263233639, 47.00387877165428], [6.964226258988525, 47.003874052614414], [6.964215537048198, 47.003873162578024], [6.964195243976711, 47.00387506636912], [6.964172076733917, 47.00387189387372], [6.964163887332482, 47.00387308325668], [6.964159359824003, 47.003876518652966], [6.964150454258468, 47.00388581885375], [6.964129956592419, 47.0038885493181], [6.964114118659164, 47.00388924822921], [6.964089880977864, 47.00389112658628], [6.964068017024889, 47.00389520067072], [6.964055182574081, 47.00389825079031], [6.964031662209557, 47.003899313588086], [6.9640020353256356, 47.00389651906505], [6.963993699497077, 47.00389494632963], [6.963963901092767, 47.003877389883264], [6.963960936594105, 47.00386767164072], [6.963957317326191, 47.003856169659], [6.963950404376804, 47.003849835297764], [6.963917360834088, 47.00383197755742], [6.963903189331753, 47.003819730167756], [6.963892869996993, 47.00381199640198], [6.963884184213864, 47.00379650650457], [6.963878214166931, 47.00378171151193], [6.963877985797487, 47.00377187875829], [6.963883265873117, 47.00375772419209], [6.963887332990059, 47.00374244916137], [6.963904631991806, 47.00371934022175], [6.9639176065602255, 47.00370345450564], [6.963925704428667, 47.0036962739174], [6.963942698189316, 47.003685334201606], [6.963953546740612, 47.00367639301278], [6.963963037508351, 47.00366634870589], [6.963968886818707, 47.00366065196849], [6.963968439246347, 47.003654776203554], [6.963963396964914, 47.00364805383137], [6.963954429315434, 47.00364210671679], [6.963941989645725, 47.003642163041775], [6.963935271750146, 47.00364349346276], [6.9638476073091455, 47.0037204168779], [6.9637424259223035, 47.00382124863091], [6.963751891335535, 47.003825929498085], [6.963648882888238, 47.00392786815351], [6.963546304436004, 47.003874585636545], [6.9636164279543395, 47.00380512766309], [6.963582417045934, 47.003785160880476], [6.963609970139008, 47.00375641875768], [6.963703543677913, 47.003801963285966], [6.963723647405914, 47.00378138466678], [6.963708120819058, 47.0037677464193], [6.9637248097913, 47.00375264988087], [6.963749787173573, 47.003747419369354], [6.963777915603081, 47.0037323521507], [6.963890667810195, 47.00362145898577], [6.9638876750850836, 47.00359120445544], [6.9638940106726865, 47.00356626899749], [6.963917963136513, 47.00355649151309], [6.963952391381973, 47.00353237438913], [6.964002216673621, 47.00354685642035], [6.964013725134479, 47.003528733770615], [6.963998457362167, 47.00351853283885], [6.963976828976389, 47.003507918607724], [6.963950211404176, 47.00350239301437], [6.9639368934024475, 47.00350511727347], [6.96391750019604, 47.00350935449936], [6.963900067044724, 47.00351498518024], [6.963879445296015, 47.00353023645808], [6.963858747328842, 47.003548150015895], [6.963850867075357, 47.003558965597065], [6.96384963401985, 47.00357642026297], [6.9638468287788715, 47.00359322973863], [6.96383421800564, 47.00360812747486], [6.963789479004175, 47.00364578476172], [6.96376960114997, 47.00366165978528], [6.963748679144854, 47.00367814220691], [6.963735421242013, 47.00368298059748], [6.963717276808925, 47.00368429052549], [6.963684903143805, 47.0036828337986], [6.9636584992414665, 47.00368285909216], [6.963632078594805, 47.00368328909091], [6.963619132732462, 47.00368259666326], [6.96361037300489, 47.00367841346373], [6.963582588059767, 47.00366366277619], [6.96356300770816, 47.00365490103295], [6.963546182684676, 47.003652744262425], [6.963522208981171, 47.003644153160096], [6.9634987493905856, 47.0036339360497], [6.963462673773817, 47.003619942490275], [6.963447481761764, 47.00361306098174], [6.963440049097226, 47.00360603178687], [6.963425184160486, 47.003593412659676], [6.96341955830649, 47.00358577928976], [6.963405932682755, 47.003578715378254], [6.9633953456121995, 47.003575972814474], [6.963390261239151, 47.003569556066076], [6.963375563308613, 47.00356330626325], [6.96335562812369, 47.00356193713508], [6.963344537359976, 47.00355816700938], [6.963318015298259, 47.003544851782166], [6.963314470996535, 47.003538252501166], [6.963305172903131, 47.00353695455748], [6.963294629899542, 47.00353073099361], [6.963274005376211, 47.00352258552321], [6.963259074098357, 47.00351448170764], [6.96322351336259, 47.003500274357606], [6.963186772017926, 47.0034753846671], [6.963169506180186, 47.0034680897118], [6.963145789641261, 47.00345869003398], [6.9631254303631165, 47.0034517780178], [6.963099718761931, 47.00343457113332], [6.963081298739692, 47.0034373100938], [6.963066584507586, 47.00343290422312], [6.963055350853624, 47.0034215414701], [6.963049482598737, 47.003413079512235], [6.963039421091492, 47.003408908864756], [6.963011959993983, 47.00340954129084], [6.962991708916979, 47.00341413464874], [6.962967077060867, 47.00341600217996], [6.962914515347948, 47.003415018938135], [6.962877175028023, 47.0034190824298], [6.962866078898889, 47.00341592392431], [6.962849366491908, 47.00340554584631], [6.962826234356104, 47.003389582005404], [6.962817586930943, 47.00337721351089], [6.962816860102974, 47.0033717054092], [6.962854149526591, 47.00333046435963], [6.962838237327808, 47.003320305538864], [6.962794482771752, 47.00329598023611], [6.962781035350816, 47.003294035317204], [6.962701523620686, 47.00325101300199], [6.962684508260439, 47.00324514026935], [6.96266897606829, 47.00324400519562], [6.96265081711513, 47.003246961017076], [6.962631031057714, 47.00325545115297], [6.962603640008235, 47.00327187041444], [6.962559218407141, 47.0033048240629], [6.962547384896556, 47.00331952703093], [6.962539250116122, 47.00332788573733], [6.962489625779586, 47.00336181611554], [6.962472751610152, 47.00336520006983], [6.9624365180747825, 47.00336309727403], [6.9624065529928565, 47.00335549746481], [6.962373078994562, 47.00334029099639], [6.962358172182688, 47.00333093683285], [6.962331182126786, 47.00331557747472], [6.9622997243958356, 47.00330283513018], [6.9622710902207166, 47.00329196655349], [6.962248888873971, 47.00328668382776], [6.962225115581317, 47.00328221315683], [6.962196039199188, 47.003267843527816], [6.962172074447139, 47.00325681448614], [6.962147678224813, 47.00323960392225], [6.962138769964004, 47.00322701845579], [6.9621437904770485, 47.00321843090651], [6.962153502351919, 47.00320720926332], [6.962152944060334, 47.00319016094245], [6.962144024311711, 47.003177386486115], [6.962119541805153, 47.00316839722757], [6.96209976683371, 47.00315348168568], [6.962088606901156, 47.00313534573309], [6.962088061013523, 47.0031154279564], [6.962084937655749, 47.00309406019089], [6.962071535025897, 47.00306789113849], [6.962066933949259, 47.00304118306182], [6.96206822660574, 47.00302004957398], [6.962068980524715, 47.00300035311265], [6.962062764049749, 47.00299262727522], [6.962045139975916, 47.00298426035109], [6.962062894546835, 47.0029661547912], [6.962008937184454, 47.00294032947536], [6.962002856795354, 47.002942427027364], [6.961972765657865, 47.00292539056045], [6.961968164580312, 47.0029208377762], [6.961949222383312, 47.00290101425615], [6.961930512333377, 47.00288465487634], [6.961924712523748, 47.002871488651735], [6.96193076634065, 47.002863517116324], [6.9619257057756325, 47.00285445581729], [6.96191432484186, 47.002853769761536], [6.961893128858712, 47.002849309721704], [6.961877122369967, 47.00284386382303], [6.9618625027244825, 47.00283329644109], [6.961851528057626, 47.00281946991721], [6.96184647085153, 47.00280855558416], [6.9618505267629605, 47.00279606906406], [6.961857229451009, 47.00278906275099], [6.961865192677085, 47.00278077532828], [6.961864540494363, 47.0027713276141], [6.961858913435349, 47.00276534029071], [6.961846471958722, 47.00276709646147], [6.961823242603836, 47.002781302101766], [6.961808683007154, 47.002786134788224], [6.961798873787409, 47.002783188436624], [6.96179273947401, 47.00277657832827], [6.961792607392729, 47.00276631422013], [6.961788800281024, 47.002759722792085], [6.961775573498767, 47.00276107089693], [6.9617583576453805, 47.002771829430735], [6.961738630532098, 47.00277518337413], [6.961726203649104, 47.00277530247858], [6.961717528730862, 47.002779341117], [6.961710697117529, 47.00279049381312], [6.961672759530747, 47.002823249165246], [6.961596914184636, 47.00288688916271], [6.961564729371667, 47.00286577799448], [6.9616218619724615, 47.00281560683179], [6.961632227516695, 47.00279449329306], [6.961648558393349, 47.00277975512624], [6.961633325435345, 47.00277162291771], [6.961605097063458, 47.002800838654714], [6.961593717042516, 47.00280742973906], [6.9615555616835305, 47.002781993884305], [6.961682641013146, 47.0026764158623], [6.961669151430002, 47.00267184399362], [6.961545797528972, 47.00277546757969], [6.9615413991047745, 47.002779164272724], [6.961486942909988, 47.00282410230996], [6.961416080089028, 47.00278457836573], [6.961437609245649, 47.00276640782738], [6.961326567491728, 47.00270429119669], [6.961415443366551, 47.00265836332652], [6.961409095401574, 47.002649179701045], [6.961545843538763, 47.00257704147996], [6.961638267666884, 47.002599177479816], [6.961643502433213, 47.00259163430241], [6.961542781861937, 47.002567961493696], [6.961403695218359, 47.00264134926916], [6.96138781208449, 47.00263240467368], [6.961370703267605, 47.00262672926031], [6.961365497996437, 47.00262358619026], [6.961358817932146, 47.00261920461461], [6.9613489786266385, 47.00260636327807], [6.961333457429133, 47.002590745690775], [6.9613276468819585, 47.002578802732266], [6.9613277317294475, 47.00257223655123], [6.961328307075806, 47.00256669787597], [6.9613010549013445, 47.00255131920271], [6.961275752526772, 47.00254436821787], [6.961252516574956, 47.002538667238206], [6.961241141020348, 47.0025359213483], [6.961221766259073, 47.00252335496129], [6.9610900385246355, 47.00245574584063], [6.961066812282036, 47.00243271046678], [6.9610512383574275, 47.00241270296112], [6.961042817277848, 47.002401558660026], [6.961031804512083, 47.00239204068949], [6.961024616712012, 47.0023856240581], [6.961024946272718, 47.002381109826025], [6.961057311954453, 47.0023597822555], [6.961051486807645, 47.00234948535264], [6.9610351024857104, 47.002333360410375], [6.961026870889289, 47.00232898133024], [6.96101679166513, 47.00232830957428], [6.9610046052673304, 47.00232801585236], [6.960990961670105, 47.00232156324433], [6.960980647112268, 47.002317796168526], [6.960971124733664, 47.00231218832201], [6.960958069345428, 47.002298757813264], [6.960940082258476, 47.00228837412678], [6.960911197323203, 47.00227770206627], [6.960898053708988, 47.00227269079938], [6.960871555261224, 47.0022583406269], [6.9608422146125255, 47.002242746209355], [6.960819043287537, 47.002231297436566], [6.960801258154977, 47.00222480951831], [6.960780386553644, 47.0022164556915], [6.960766196606649, 47.00221081932134], [6.960748435265558, 47.00220166891195], [6.9607303743306135, 47.002196619064925], [6.960717767787388, 47.00219036870047], [6.960716815600153, 47.00218214303732], [6.9607099075106955, 47.00217533175568], [6.960702690367124, 47.00217220721762], [6.960691559696262, 47.002172961303], [6.960683000408688, 47.002172889541804], [6.960675015209927, 47.002170373486074], [6.960666253973166, 47.002166414967014], [6.960656918866886, 47.002166348980175], [6.96064135800459, 47.00216993601055], [6.960631667651664, 47.00217725358513], [6.960628159658575, 47.002188725882704], [6.960624398279974, 47.00220060198357], [6.960616476489811, 47.00221307229132], [6.960605688410329, 47.00221815441857], [6.9605984946786155, 47.0022138785507], [6.960587732794846, 47.00220425361353], [6.960572842674995, 47.00219310022962], [6.960559273373316, 47.002188644834085], [6.960541342344007, 47.002185250677556], [6.960565014170485, 47.00216273554009], [6.9605789160455895, 47.002152035314225], [6.96060016662146, 47.00214739260348], [6.960622438902766, 47.0021446611768], [6.960635896763538, 47.002143925837196], [6.960634084040031, 47.00213488702574], [6.960633965400666, 47.002129030619066], [6.960626625195748, 47.00212201962531], [6.960615998160375, 47.002116443198325], [6.960624814594264, 47.00210833033293], [6.9606400361010605, 47.00208973784321], [6.9606510914407735, 47.002088578602816], [6.9606504882195575, 47.00207956285802], [6.960645582197011, 47.002069422687626], [6.960638761816083, 47.00206309748708], [6.960629105540438, 47.002060718416324], [6.960615016448804, 47.00205557723196], [6.960607948607963, 47.00205634823482], [6.960602718003658, 47.00206341463209], [6.960592052931486, 47.0020606174547], [6.960557691657813, 47.002049211771784], [6.960529464977647, 47.002042887060156], [6.960500702110578, 47.00204065294181], [6.960475379337112, 47.00203749771346], [6.960468335953402, 47.00203553429878], [6.9604620240208686, 47.00202675550626], [6.96044374546664, 47.002028415192676], [6.960434635312577, 47.00202672200222], [6.960433301172225, 47.00202151715323], [6.960432320663521, 47.00201646669004], [6.96042047774184, 47.00201011150555], [6.960408980106858, 47.0020048461925], [6.960401786445956, 47.00200057035245], [6.960395629362107, 47.00199506648949], [6.960379926682718, 47.001996871859184], [6.9603706250620005, 47.001996005421034], [6.960366677770526, 47.001991887093354], [6.960361405239347, 47.00198598212966], [6.960357493941941, 47.001980775482934], [6.960348049675074, 47.001976742099885], [6.9603312880299075, 47.00197345172038], [6.960304638378972, 47.001958399164664], [6.960275775787516, 47.001945262358504], [6.960236733537291, 47.00192503957653], [6.960206059076777, 47.00191454875058], [6.96018488486575, 47.00190329707152], [6.96016146502708, 47.00188584726357], [6.960147473055139, 47.001872790568505], [6.960140865795671, 47.001866169403215], [6.960140676683338, 47.00185937719471], [6.960142286826454, 47.00185135115259], [6.960146223863471, 47.00184190461203], [6.960142404616483, 47.00183817359327], [6.960127861497309, 47.00183088056633], [6.9601189000640975, 47.00183020441199], [6.960106265918687, 47.00183588153349], [6.960099605356765, 47.001835223997915], [6.960075330994078, 47.001828061191645], [6.960053362304456, 47.001817435812015], [6.960035000047681, 47.00180640275873], [6.960024762874065, 47.0018042910131], [6.960012502315273, 47.00179906743816], [6.960004842100978, 47.00179550925884], [6.959989806284813, 47.00178449909217], [6.959982416265876, 47.001780132449596], [6.959976055513279, 47.00177535633027], [6.959960727796749, 47.00177052470249], [6.9599494834476925, 47.0017648825924], [6.959942085677267, 47.0017599132349], [6.959936230396575, 47.001755957801315], [6.959916548279117, 47.0017484273515], [6.959903510507817, 47.00174483765631], [6.959899702298088, 47.001739874314126], [6.9598871772293975, 47.00173629575365], [6.959875412913564, 47.00173292726911], [6.959861919033818, 47.00172152775476], [6.959847885314456, 47.00171462363059], [6.95983409375818, 47.001708575045825], [6.959824611906344, 47.001707285038265], [6.959810063383769, 47.00170060360881], [6.959796775541893, 47.001695573616814], [6.959793743170084, 47.001690604518124], [6.9597812640610375, 47.00168188984108], [6.959769260963204, 47.001677287984485], [6.959759260666191, 47.00167515923413], [6.95975112075418, 47.00166790194423], [6.959742971874214, 47.001663118328445], [6.959731698238582, 47.001662225583345], [6.959722245913246, 47.00165763440424], [6.959714861484161, 47.00165264709154], [6.959706171951269, 47.001649507339664], [6.959698013910612, 47.00164574915208], [6.959692156261071, 47.00163912209706], [6.959680401229301, 47.001634719169395], [6.959672184204739, 47.00163755426439], [6.959660384720065, 47.00163665030602], [6.959631469170863, 47.00162946796603], [6.959609728943453, 47.001624186627886], [6.9595925979424695, 47.001618106036574], [6.959580556240032, 47.001617821727294], [6.95956870666417, 47.00162104637319], [6.959558394385315, 47.00162880207172], [6.959549051922332, 47.00163985411923], [6.959531234889597, 47.001653128432906], [6.959517832839802, 47.001660862192], [6.9594955516736, 47.001655785446715], [6.959462552644975, 47.001647956260285], [6.959426061908722, 47.00162919219453], [6.959409206784597, 47.001621673503266], [6.959393605164214, 47.001618072999555], [6.959381300421031, 47.0016177965681], [6.959370769189335, 47.00161916471322], [6.959339647457051, 47.00163663803297], [6.959320185024765, 47.0016515785608], [6.959311968042224, 47.00165440460934], [6.959303769155388, 47.00165374056395], [6.959296094203052, 47.001651837424404], [6.959287680827841, 47.00164869882791], [6.959463731467294, 47.00151920309599], [6.9594364191705385, 47.00147540770381], [6.959428524651184, 47.00147893675005], [6.959450541405399, 47.001520883921344], [6.959276472027359, 47.00164204041777], [6.9591192133362645, 47.00154513209224], [6.959285433209504, 47.00142394283063], [6.959310250151726, 47.00141159739911], [6.9593349611334485, 47.00140814782736], [6.9593573491355025, 47.00141449334636], [6.959391889667776, 47.00143958192494], [6.959400858610065, 47.00143500493793], [6.959363708108316, 47.00140917680975], [6.959339969971447, 47.00140383310305], [6.95932757782614, 47.001403043562206], [6.959300721112695, 47.001406771988194], [6.959282120009534, 47.001416570824844], [6.95921882854096, 47.00145843933976], [6.959213829671981, 47.00145429855818], [6.959191602656589, 47.00144612765155], [6.959160384028365, 47.00143625491861], [6.959136611614103, 47.00143033533317], [6.959096450106083, 47.001417726514546], [6.959067834776485, 47.001407873669166], [6.959042792059851, 47.001398449579355], [6.959020015485226, 47.00139438716942], [6.959002601365572, 47.001390572129054], [6.958979839457409, 47.001384872622445], [6.958951714606898, 47.001376047260514], [6.958918215699149, 47.00136533734046], [6.958897488080473, 47.00136006014536], [6.95886629618318, 47.00135161769018], [6.95883177730754, 47.001340282785776], [6.958809274457527, 47.00133355889041], [6.958780919919825, 47.00132102647847], [6.958754372266341, 47.00130788097889], [6.958732931667606, 47.00129560243117], [6.958722737465331, 47.00129018049161], [6.958706454986649, 47.00130387492316], [6.958661817888068, 47.001280120053664], [6.958636599354303, 47.001262455459994], [6.958624202024444, 47.001269581663564], [6.958599474033336, 47.00125440182623], [6.958571908237629, 47.001240433436124], [6.958524897872387, 47.00122181382242], [6.958492709931635, 47.00120862658766], [6.95844904280152, 47.00118962518731], [6.958413028321446, 47.00117354339156], [6.958391867684042, 47.00116085218273], [6.958362256443834, 47.00114625447068], [6.958345660718106, 47.00113770225871], [6.9583173566622065, 47.001122498355805], [6.95829718102367, 47.00111433588155], [6.958289291225412, 47.00110707956135], [6.958290627615478, 47.001100284762884], [6.958295584825505, 47.00109147223385], [6.958297208135881, 47.00108200702978], [6.958293177918859, 47.00107396633339], [6.958282730124576, 47.00106750883669], [6.9582451940781205, 47.00104956757696], [6.95822676038084, 47.001046566712326], [6.958209341077222, 47.00104481142009], [6.958195570457404, 47.00103793516653], [6.958185648053216, 47.00102861036549], [6.958173612631931, 47.00102032019922], [6.958197377027728, 47.001002195625276], [6.958208153191295, 47.0009955034411], [6.958178733545192, 47.00097275674608], [6.958138130142961, 47.00095377709238], [6.95809858226394, 47.00093293084656], [6.9580579533343885, 47.00091826882209], [6.958019636467698, 47.00090237512733], [6.957990791693834, 47.000887375751624], [6.9579410588567585, 47.00085864277303], [6.957915598085703, 47.00083871921006], [6.957886111067659, 47.00081032316319], [6.957865620811874, 47.00078157812358], [6.957853012493067, 47.000758029522466], [6.957837564649466, 47.00073734745911], [6.957816200782499, 47.000719500974604], [6.957795696137095, 47.00072896781018], [6.9577776961952384, 47.000714283796256], [6.957761849969268, 47.00069550704015], [6.957744123436094, 47.00066502851864], [6.9577396412602415, 47.000651696746615], [6.9577710642252155, 47.00063727447802], [6.957757393405152, 47.00061784118884], [6.957748906113444, 47.00062149356628], [6.957732332787121, 47.00061047665417], [6.957723293293427, 47.00060096683313], [6.957791166756207, 47.000561331110084], [6.957785937347352, 47.00055360928671], [6.957797359123685, 47.00054090193559], [6.957803612116004, 47.00052981900955], [6.9578078622827375, 47.00051482379566], [6.957804868951632, 47.000505537094845], [6.957799099101622, 47.00049356713271], [6.957787205453796, 47.000475364689024], [6.957783415019598, 47.00047138183302], [6.957765234356722, 47.000466582884066], [6.957737857985681, 47.00045940650462], [6.957725892356921, 47.0004506847757], [6.9577219141616595, 47.000436869335054], [6.95772256008446, 47.00042204783487], [6.957726515867761, 47.000410550534845], [6.957737443041181, 47.000394360035195], [6.957749412505277, 47.00037631194572], [6.957770017325625, 47.00036592806012], [6.9577865829204235, 47.000349986140414], [6.957821826266303, 47.00033765787953], [6.9578604443173555, 47.00032143086407], [6.957889565979116, 47.00030555969818], [6.957914372736071, 47.00028554156344], [6.957933005840109, 47.000266307061814], [6.957948357094153, 47.00024355963553], [6.957958332600821, 47.00021912543845], [6.957967861884312, 47.00018727727505], [6.9579741778946005, 47.0001706355847], [6.957985630854181, 47.00015444726205], [6.957999282417334, 47.000145266498926], [6.958020446145449, 47.000131196889406], [6.958042966674773, 47.00010952299131], [6.958062373533751, 47.000090498603], [6.958078606013212, 47.00007209954303], [6.958092394108738, 47.000053564276506], [6.958111149834121, 47.000033835512816], [6.958127931898164, 47.000006938229916], [6.958141768899787, 46.99997123120578], [6.95815260022929, 46.99994225801731], [6.958167660930451, 46.99989326112492], [6.958181192073776, 46.999859396837536], [6.958195278444315, 46.9998398463332], [6.9582205589874295, 46.999821206392895], [6.958238577274744, 46.99981184605023], [6.95825336569809, 46.99980636710078], [6.958291287726356, 46.99982515554375], [6.958315818661472, 46.999834370753995], [6.958329659433505, 46.999834860651866], [6.9583315974773425, 46.999821088061616], [6.958325460778667, 46.99981776103681], [6.958288214491324, 46.99979693357369], [6.9582847104405365, 46.999788877086104], [6.95828140353492, 46.99973100561969], [6.958270342507205, 46.99968009095232], [6.958254392553932, 46.999604023003926], [6.958247389135499, 46.99955662454548], [6.958246316978935, 46.99953397898006], [6.958248108476222, 46.99950723461184], [6.958254386932038, 46.999475714626406], [6.9582812358693635, 46.99947275097999], [6.958368005862278, 46.999450222449816], [6.9584031256714205, 46.999444253105075], [6.958416449732267, 46.99943784145697], [6.958422635778828, 46.9994356635912], [6.958418350216985, 46.999426785265456], [6.958368861594768, 46.99942811567898], [6.95833777819472, 46.99943409292857], [6.95831282929027, 46.99944217386127], [6.95827529298455, 46.999452225832584], [6.9582465069446675, 46.99946006575132], [6.958216446781361, 46.99943845876228], [6.958175831386759, 46.99941947907223], [6.958147820786026, 46.99940098408168], [6.958120857708131, 46.99937711431314], [6.958101028486609, 46.99935826688726], [6.958082454352332, 46.999341682563916], [6.958070061396274, 46.99932492627993], [6.958056766572356, 46.99929292823379], [6.958036013584806, 46.999236386769994], [6.958025878609372, 46.99919659412804], [6.9580202025971545, 46.999144892498734], [6.958020968832863, 46.99911812582175], [6.958028076189357, 46.99908215664684], [6.9580349066495835, 46.99905213217673], [6.958040783877993, 46.99902869723469], [6.958055268191736, 46.99898823444177], [6.958062824152432, 46.998975519899695], [6.958075438904379, 46.99894265924049], [6.958094401029875, 46.998891106105944], [6.958112922244436, 46.998856444219555], [6.958130203404684, 46.998817846192594], [6.95813852559693, 46.99880472108406], [6.958153013836139, 46.99879163988319], [6.958173088526588, 46.99878311575128], [6.9582057786712745, 46.99877240479818], [6.958253026589364, 46.99876283439699], [6.958315966456621, 46.99875109005062], [6.958362705930577, 46.99874396418517], [6.958399447227795, 46.998734538522925], [6.958429275471189, 46.998727728417805], [6.95845673963166, 46.998725028196326], [6.958474992801751, 46.99871875419901], [6.958491489436745, 46.998710421893406], [6.958509485344169, 46.99870497433135], [6.958523381241246, 46.99870075091474], [6.958535775835804, 46.998690935156816], [6.9585505100502285, 46.99867826873645], [6.958559565366309, 46.99866987814311], [6.9585655662934744, 46.998659010076274], [6.958573660653919, 46.998643419279354], [6.958580755484767, 46.99862492782498], [6.958583702055504, 46.998611573223364], [6.958585358481008, 46.99859840211593], [6.958584728851874, 46.99858357527839], [6.95857976982401, 46.99856769581411], [6.958574420106408, 46.99856313078757], [6.958570656519634, 46.99855322917036], [6.958565821635639, 46.99854989862863], [6.958564583024571, 46.99854433434762], [6.958551334789625, 46.99853498662758], [6.958534604918465, 46.99851655708964], [6.95852513826678, 46.998512172667255], [6.958516795314162, 46.99849976909555], [6.958507395446527, 46.99849086931018], [6.958483198071679, 46.99847238141868], [6.958469211351675, 46.99846034999137], [6.9584365952697285, 46.99843791379252], [6.958414917234049, 46.998424392845536], [6.958400388508797, 46.99841709066308], [6.958389631801821, 46.998414346925564], [6.958377675704058, 46.99840459981196], [6.958352925215912, 46.99839208240963], [6.9583309214152465, 46.998385567406], [6.958304110743297, 46.99837406680074], [6.958262778118773, 46.99835158496807], [6.958234699461878, 46.998337803236225], [6.958215826102307, 46.998328224981165], [6.958195129359434, 46.99831964652956], [6.958172966357955, 46.9983030381017], [6.958158219290462, 46.99829223579642], [6.958132680227288, 46.99828116329875], [6.958111226292175, 46.99827052171304], [6.958096454717357, 46.99825952138545], [6.958072996213547, 46.99824516531971], [6.958054604120709, 46.998237640001186], [6.958012057593832, 46.99820833452719], [6.957996532784999, 46.9981962965523], [6.957963376700577, 46.99817693434081], [6.957925868851088, 46.99815755382927], [6.957884938368672, 46.99814011095721], [6.9578744540781905, 46.998133392374974], [6.957875633262309, 46.998127991118245], [6.957867214488474, 46.99812259455538], [6.957849846091973, 46.99811528037816], [6.957829378846723, 46.998108978619136], [6.957808962070726, 46.99809998750542], [6.95778091305529, 46.99808293148511], [6.957765597297763, 46.99807397976853], [6.9577465261534455, 46.998058625591206], [6.957724598641217, 46.99804510345672], [6.957702636225358, 46.998036933380924], [6.957679379438873, 46.998026491043724], [6.957658971750182, 46.998016492440506], [6.95764622909428, 46.9980065171229], [6.95762384451306, 46.99798826149601], [6.95761343430407, 46.99797769320544], [6.957599886417891, 46.99797246395553], [6.957573325841177, 46.99796097324404], [6.957549858611785, 46.99794908174203], [6.957519977148989, 46.99793551714195], [6.9574972927864795, 46.997921371121365], [6.957484034111456, 46.99791468583352], [6.957476161229366, 46.99790414621134], [6.957462874234666, 46.99789768566718], [6.957440419480224, 46.99788725567847], [6.957413122481194, 46.997872865372486], [6.957378169436784, 46.99785452982976], [6.957371511139263, 46.997852217021745], [6.9573398975002805, 46.99783390457423], [6.957305183118841, 46.99781535415711], [6.95726207290646, 46.99779326028112], [6.957228637734592, 46.99777574971396], [6.957210073729567, 46.99775958800935], [6.957195263744296, 46.99775289615042], [6.957169460340284, 46.99774202922881], [6.957152384661596, 46.997729966655854], [6.957130498246899, 46.99771336819413], [6.957113981619976, 46.99769761986648], [6.9570969096146795, 46.99768515252249], [6.957081916596704, 46.997672505044136], [6.957065681382579, 46.99765324978864], [6.9570540033137, 46.997640409311416], [6.957034673210284, 46.997623191941436], [6.957013331102673, 46.997603096598255], [6.95699322525425, 46.997585884945934], [6.956977723213026, 46.997571364267], [6.956963203668787, 46.99756016699718], [6.956944488364762, 46.99753307537854], [6.9569242071070985, 46.99750906256105], [6.956886444831806, 46.997461066682185], [6.956870265451364, 46.99743708008482], [6.956857032627216, 46.99742608613924], [6.956853810423299, 46.9974159708674], [6.956843209558895, 46.99739593870252], [6.956820724055955, 46.99736120322198], [6.9568040041698715, 46.99734030874646], [6.9567875506624475, 46.99731611413413], [6.956767039882548, 46.99728840325594], [6.9567615666064055, 46.99726984095212], [6.95675244331262, 46.9972594849617], [6.956747619551322, 46.9972534827843], [6.956742455720092, 46.99723121571178], [6.956729095430441, 46.997206638347], [6.956721269498272, 46.99719237487181], [6.956721641738342, 46.99718023281093], [6.9567125886144145, 46.997160620944285], [6.956696663064528, 46.99713766989305], [6.956686049663819, 46.997120507201345], [6.9566684119634825, 46.997087663115195], [6.956663960497255, 46.997069518900325], [6.9566620264276, 46.99705798781366], [6.956647875867627, 46.9970350352326], [6.9566368222731265, 46.99701273434041], [6.956622414303201, 46.99698916899668], [6.95660583918795, 46.9969522185665], [6.95659030641645, 46.99691485870646], [6.956580773920882, 46.99689009053458], [6.9565755842756545, 46.99687070182906], [6.956567595617175, 46.99684677672287], [6.956553233956679, 46.99681807524371], [6.956534106890958, 46.9967827421772], [6.956515399266933, 46.996753392713494], [6.9564996383173785, 46.99673846611403], [6.9564889470185305, 46.9967299654723], [6.9564785798244735, 46.99671321756779], [6.956457248087445, 46.99668619581472], [6.956443060490624, 46.99667467605576], [6.956434567943649, 46.996665833887995], [6.9564238149696935, 46.996651045274], [6.956407348410624, 46.99663418170613], [6.956391791368007, 46.99660975688247], [6.956376072591608, 46.99659453357136], [6.95633809595762, 46.99656608336338], [6.956323925078249, 46.99655271058393], [6.956311920807938, 46.996535263083054], [6.9562876596579, 46.99651528125359], [6.956257169977262, 46.99649200786428], [6.956234691827624, 46.99647550565953], [6.956218684331815, 46.99646315058719], [6.956184245770829, 46.99644185747263], [6.9561549724854, 46.996425128725285], [6.956130385298521, 46.996409238294056], [6.9561099824941905, 46.99639296070154], [6.956089429471843, 46.99638752184991], [6.956061256168098, 46.99636691175169], [6.956034105022843, 46.99634813198025], [6.956002743489875, 46.99633116948805], [6.955978093211099, 46.99631937162173], [6.955927983661157, 46.99629801225898], [6.9558646510528455, 46.99626900504398], [6.955815023016751, 46.99625111984367], [6.9557565410242255, 46.99622950016484], [6.955716835159271, 46.99621207957221], [6.955670582244394, 46.996194622334095], [6.955610506129298, 46.99617483991428], [6.955567822766903, 46.99616394630465], [6.955560807516202, 46.9961604265103], [6.955558841728826, 46.99615243939003], [6.955546429864392, 46.99614377852148], [6.9555352433762785, 46.99614064586175], [6.955509870610394, 46.99614191500186], [6.955481352097188, 46.99614502378013], [6.955452414491662, 46.996156694300076], [6.9554307476097215, 46.996172713296495], [6.955417490225306, 46.996184899877946], [6.955408581390756, 46.99620180927756], [6.955409676686171, 46.99621592750854], [6.955416187426627, 46.996234557234594], [6.955422976899844, 46.996239785182766], [6.955423220091407, 46.99624634375707], [6.955414129536461, 46.996251342694904], [6.9553956062502404, 46.996249726240436], [6.955357326626178, 46.99624472502191], [6.9553351107653105, 46.996245818548225], [6.955316861443718, 46.99624735158673], [6.9553061365553175, 46.99624551619273], [6.9553015195648, 46.99624139482553], [6.95529819820817, 46.99622628675653], [6.955291351995295, 46.99621132567224], [6.955289296399644, 46.996192903667705], [6.955280663918669, 46.99617628888486], [6.9552740121495535, 46.99616746343635], [6.955270768851222, 46.99615681735725], [6.955267493392157, 46.99613225540763], [6.955264749871776, 46.996123041625104], [6.955246484307941, 46.99610453308157], [6.955231072613849, 46.996100492043226], [6.955226758116276, 46.996096362978875], [6.9552086094339325, 46.99609112297306], [6.9551886353694075, 46.996087107619644], [6.955174096108297, 46.99607963405894], [6.955134448184678, 46.99606893297637], [6.955107525434898, 46.99606567982299], [6.955080095490711, 46.996061812849916], [6.955047558761347, 46.996057105638094], [6.955012195577101, 46.99605092026786], [6.954989156383802, 46.99604565056714], [6.954942698037158, 46.996043700049036], [6.954895036639788, 46.99603520480085], [6.9548629568917555, 46.99603376478148], [6.954841618345345, 46.99603525767363], [6.954831891329786, 46.99603212216034], [6.954815189616319, 46.99603262723563], [6.954802065914747, 46.99603582802478], [6.954774052646659, 46.99603686088164], [6.954743947526424, 46.99604096128337], [6.954719197091325, 46.99604755799558], [6.954693848271769, 46.996059270562775], [6.954668440079881, 46.996076092142715], [6.954652559092509, 46.996091973563416], [6.9546225807557285, 46.99610385532138], [6.954605922147317, 46.99611849208516], [6.954587777579527, 46.996130253066475], [6.954568850033203, 46.99614282032997], [6.954544041790654, 46.996152897976415], [6.954519600735934, 46.99615580792964], [6.954487077144755, 46.996149652451514], [6.9544568950726235, 46.996140448482656], [6.954445134010601, 46.99613689050905], [6.95442523097849, 46.996129385137756], [6.954379553536903, 46.99612539572282], [6.954362579477009, 46.99612693400739], [6.954334874028062, 46.99612590815878], [6.954311830908689, 46.99611962182657], [6.954281417830578, 46.99612578070636], [6.95425202506585, 46.99613396787532], [6.95423069952754, 46.996135469703425], [6.954205777394563, 46.99613633568264], [6.954184444311114, 46.99613721677803], [6.954163407740413, 46.99613584130926], [6.954150227845194, 46.996140885813524], [6.954143748918889, 46.9961449422373], [6.95411900587244, 46.99615071131889], [6.954089948544382, 46.9961537905576], [6.954060432381706, 46.99615236115724], [6.9540265030825115, 46.99615480805636], [6.953983480731372, 46.99616251460086], [6.953971854093067, 46.99616734976657], [6.95396206773962, 46.99617077147792], [6.953928089770305, 46.996174234590704], [6.953892057410371, 46.99617952401998], [6.953842561868085, 46.996192096498945], [6.953819903114633, 46.996195634527524], [6.953795478800176, 46.996198139589694], [6.953781366773515, 46.99619722524564], [6.953756153735427, 46.99619971797922], [6.953741512049035, 46.99619921511269], [6.953701120704098, 46.99620529559406], [6.953663046585867, 46.996209559823704], [6.953646561119145, 46.99621230540453], [6.9536074540178765, 46.99621594457691], [6.9535825301980285, 46.99621843850325], [6.953552719391881, 46.996219058714026], [6.953511878434195, 46.99621961406709], [6.9534698218554665, 46.99621503697672], [6.9534484812368165, 46.99621674548007], [6.9534207793834195, 46.9962153236909], [6.9533699914652045, 46.99620945920351], [6.953312532552223, 46.996204168983056], [6.953265542717506, 46.996202827223804], [6.953240132087651, 46.99620245850737], [6.953205742096276, 46.99620060343102], [6.9531542646225875, 46.99619103880908], [6.9531181426587105, 46.996184453874555], [6.953075636882913, 46.99617577285382], [6.953037637252357, 46.99617327277357], [6.9529923199538315, 46.99616437291838], [6.952945934271768, 46.996157303544116], [6.952923877768755, 46.996155320885975], [6.952893168429096, 46.996147742360534], [6.952843943065896, 46.99614066091736], [6.952805578321712, 46.9961305851452], [6.952776882645248, 46.99612567778202], [6.952746911633976, 46.99612077397411], [6.952732527383379, 46.99612088377839], [6.952723510810849, 46.996122050821945], [6.952711531854143, 46.996116440847075], [6.952675682240765, 46.9961088314692], [6.952652712320402, 46.99609884805414], [6.9526240501254355, 46.99609170092879], [6.952581777345107, 46.996083443547], [6.952563552572127, 46.996083716901275], [6.952554845423039, 46.99608121520036], [6.952534869761495, 46.99607739726875], [6.952512543017183, 46.99607622295556], [6.952501220267992, 46.99607798285893], [6.952482208416367, 46.996078063980896], [6.952455541219536, 46.99607563881542], [6.952442143141611, 46.99607718300242], [6.9524125561767525, 46.99608211255474], [6.952380832394334, 46.996090703118384], [6.952333230573986, 46.99611476996487], [6.952294155104654, 46.996135184981114], [6.952274534379356, 46.99614584187611], [6.951944757672914, 46.99593182680838], [6.951937212493327, 46.995918661675404], [6.951901003687421, 46.995882616426634], [6.951857397327534, 46.9958518829531], [6.951810800096044, 46.99580739179956], [6.951787917449221, 46.99579507890325], [6.951750738883861, 46.99575292163316], [6.951713232355061, 46.99573672346696], [6.951697747432112, 46.995719089761366], [6.951670808314765, 46.9956945438296], [6.951627195157091, 46.99566458376099], [6.951561806167876, 46.99561771876413], [6.951512872023716, 46.99559459944415], [6.951475432804971, 46.99557535199829], [6.951470358697939, 46.99556082099217], [6.951448452238684, 46.9955553844907], [6.951404701954804, 46.99553763035668], [6.951353629666902, 46.99551832483242], [6.9513485888344055, 46.99550302933952], [6.9513017652813245, 46.995479154257374], [6.9512787453661185, 46.995479056195336], [6.9512674072063145, 46.99546374288081], [6.951232946494332, 46.99545672370436], [6.951211191557794, 46.99543753395477], [6.9511944766683325, 46.99543516893644], [6.951176778722088, 46.9954267009405], [6.951151915705534, 46.995405213138376], [6.951135201642703, 46.99540131897452], [6.951122631822966, 46.99540432378184], [6.9510903711854075, 46.995388156766936], [6.951090515704445, 46.99537516812468], [6.951061397181412, 46.99535900541346], [6.951041553467624, 46.99535662712595], [6.951004191715202, 46.99532745793552], [6.950982264591971, 46.9953243060611], [6.950939463491835, 46.9953149663904], [6.950894764596734, 46.995288815441995], [6.95084808594302, 46.99525196054889], [6.9508084479808305, 46.99524033155916], [6.950787662993287, 46.99522726265587], [6.9507573545253685, 46.9952248395841], [6.950713762409241, 46.99519411470606], [6.950683654202288, 46.995172604474206], [6.950650383118375, 46.995153365498645], [6.950603339856943, 46.99514935099245], [6.950603525262827, 46.99513332198358], [6.950585792867307, 46.99512865881307], [6.950539994548866, 46.99510632599142], [6.9505129869069595, 46.99508939863631], [6.950476429132111, 46.99508313470303], [6.9504734046890855, 46.99507166176864], [6.95043080272395, 46.99504628420206], [6.9503996351046755, 46.99502707212179], [6.950367238083183, 46.995021581684234], [6.950339233499806, 46.99500008935309], [6.950314116626888, 46.995000737805164], [6.950294369686022, 46.99498920251852], [6.9502705735875985, 46.99496466962572], [6.9502061013367324, 46.99492850310722], [6.9501748442611815, 46.994917674217724], [6.950155153214282, 46.99490002239996], [6.950105064877446, 46.99488682837301], [6.950090619238636, 46.99486919877696], [6.95006560602225, 46.994859934818535], [6.950063666600445, 46.99484771091389], [6.950024977835254, 46.99484448724179], [6.950008448885803, 46.99482609322472], [6.9499740367178156, 46.99481525077749], [6.949930287540359, 46.99479749610069], [6.949890821893105, 46.99477136710618], [6.949858699764887, 46.99474298466988], [6.949822052611103, 46.994745112852165], [6.949785715174612, 46.99472051735352], [6.94974510108971, 46.99470354958802], [6.949725458167099, 46.99468208379808], [6.9496785121349465, 46.99466890297542], [6.949637830059447, 46.99465650442583], [6.949564886591338, 46.99463099672981], [6.949515850314049, 46.99461780685268], [6.949498207936587, 46.99460475120594], [6.94945843974762, 46.99460458116618], [6.949417818893999, 46.994588368772604], [6.949383587939897, 46.99458650427414], [6.948895132853991, 46.99398898028477], [6.94888855366575, 46.9939766735616], [6.948887877217707, 46.99396870084248], [6.948877509944862, 46.993953715295916], [6.948857874514674, 46.9939372508113], [6.948839959684746, 46.99392815182151], [6.948815302796284, 46.993921677555356], [6.948795817880383, 46.99391463177731], [6.948760601019515, 46.99390992933422], [6.948742530662794, 46.993912082746405], [6.948709701172318, 46.993922331639595], [6.948679925485548, 46.99393504937933], [6.948662638283778, 46.993937817786886], [6.948638909411238, 46.993939119380016], [6.948627510025928, 46.993944980445534], [6.948606530811785, 46.99395468641575], [6.948590772362991, 46.99395848686149], [6.94858042742887, 46.99396548581342], [6.948570180451989, 46.99397902484078], [6.948538276984446, 46.99399725647385], [6.948515410581155, 46.99401348487081], [6.948507605708334, 46.99402018891018], [6.948490835704352, 46.99402390405106], [6.948464663001788, 46.994035089937945], [6.948450931079044, 46.99404155268495], [6.948427481963799, 46.994043880859486], [6.948412985601129, 46.994049116971595], [6.94837778411294, 46.994062827777334], [6.948364322408702, 46.99406849105869], [6.948359370300377, 46.9940737680615], [6.948345192964309, 46.994074309952076], [6.948318241666418, 46.994087246567275], [6.9483074035690455, 46.99408923303441], [6.948276446018931, 46.99409316617241], [6.948247364754789, 46.99409176415862], [6.9482089477304125, 46.99409482876382], [6.9481777760527335, 46.99409486598035], [6.948161562949427, 46.994093752979396], [6.948137651712365, 46.99409055605244], [6.948112754447798, 46.99408305514349], [6.948093213321383, 46.99407927423649], [6.94807958070749, 46.99407919781383], [6.948065929299553, 46.99407973292191], [6.948052978455285, 46.99408559625587], [6.94797131731829, 46.994064700749824], [6.947966355291144, 46.9940509706509], [6.9479611020565075, 46.994046063670275], [6.947921466169503, 46.99403437068617], [6.94791039330748, 46.99403471899217], [6.947895707025443, 46.99403341461449], [6.947848256319715, 46.994019457165344], [6.9478130393590165, 46.994013333182345], [6.947795791600286, 46.994013232228], [6.947765776681442, 46.994003253537414], [6.947741596947932, 46.993999236817686], [6.947700717722746, 46.993992674714306], [6.947672002420429, 46.99398290846039], [6.947642780037721, 46.993971098153374], [6.947618076464049, 46.993969732815785], [6.947591556742356, 46.99396856648453], [6.947572810149215, 46.99396273799095], [6.9475484689397975, 46.993953395318606], [6.947525355871316, 46.993947754963344], [6.947506077910891, 46.99394539639833], [6.9474780970278145, 46.99393727044188], [6.947466347915547, 46.99392964593002], [6.947439884554338, 46.993923775323886], [6.947416980093369, 46.99392262446058], [6.947401024296692, 46.9939207029283], [6.947371000196107, 46.99391174058994], [6.947333172901223, 46.993909284289444], [6.947319820045191, 46.993905943646716], [6.9472928401723575, 46.99389905430093], [6.9472514934875385, 46.993890439107304], [6.947219882482735, 46.99388535585196], [6.947209025632023, 46.9938879538243], [6.947192904495294, 46.99388112910551], [6.947170356878635, 46.993869752117924], [6.9471396078666, 46.9938581330021], [6.947109197096832, 46.993858362125394], [6.94706003965935, 46.993855650221], [6.947029938634814, 46.99385221054172], [6.947020479004253, 46.99384724944699], [6.946999662931479, 46.99384202365175], [6.946962598223249, 46.99384100078754], [6.946945645240758, 46.99383743777457], [6.946934927411887, 46.99382918795645], [6.946914909390695, 46.9938229581123], [6.946891511053662, 46.993819763126986], [6.946863507836058, 46.993814083607475], [6.9468416813559974, 46.99381008579833], [6.946828430555391, 46.99381138713831], [6.946775545671321, 46.99380656309801], [6.946766845824653, 46.99379904160682], [6.946756126089917, 46.99379243795296], [6.946720546948371, 46.99379285163016], [6.946670914453956, 46.99378747484998], [6.946638764581987, 46.99378381938343], [6.946606086984578, 46.99378036856536], [6.94658501372169, 46.993777390473795], [6.946562227637835, 46.993766228192726], [6.946537340163667, 46.99375913175936], [6.946511119216225, 46.99375408050832], [6.946488513393707, 46.993749062875914], [6.946473419921399, 46.99374057830372], [6.946445886179935, 46.99373818399748], [6.946420688770379, 46.993734774288235], [6.946396548741666, 46.99372931814743], [6.946386991405335, 46.99373213755748], [6.9463715634548695, 46.9937285810054], [6.946359529131992, 46.99372340187868], [6.946336673681727, 46.99371836508947], [6.946307586804737, 46.99371617097492], [6.946278562094167, 46.99371007312766], [6.946261383894933, 46.99370384642737], [6.946243593293272, 46.993705595849214], [6.946215824968185, 46.99370298464574], [6.9461764354566204, 46.99370030535954], [6.946149380521205, 46.99370160109175], [6.94612961261475, 46.99369535424303], [6.946103438695164, 46.993688054249475], [6.946086452063857, 46.99368673078312], [6.946065590984575, 46.9936864160808], [6.946046348887098, 46.993680171394125], [6.946021746890797, 46.99367063838157], [6.946007107817519, 46.99366707614534], [6.945983961224485, 46.99366368419526], [6.945966317415506, 46.99365376732671], [6.945953687741422, 46.993654720434066], [6.945933341170761, 46.99365564025323], [6.945906906413952, 46.99364669301568], [6.945885840731584, 46.9936414659165], [6.945872022421871, 46.99363443504408], [6.945838069661679, 46.99363098745962], [6.945818033233892, 46.99362678131266], [6.945810399309076, 46.99361916539211], [6.945802218654072, 46.99361381389993], [6.945772868962785, 46.99361447000218], [6.945761781141011, 46.99361359467599], [6.945744663243927, 46.99360224976517], [6.94572672828611, 46.993595408039965], [6.9456855698157245, 46.99359067907925], [6.945665745420685, 46.993589145372134], [6.9456539723465385, 46.993584165263094], [6.945642202894535, 46.99357592877149], [6.94562169326058, 46.99357029030108], [6.9455967251203745, 46.993567690912876], [6.945557136520976, 46.993563805220695], [6.9455360558884465, 46.99355878493678], [6.945513473012957, 46.99355271466265], [6.9455003860256275, 46.9935490781204], [6.945473275994464, 46.99354208880377], [6.945454131657017, 46.993539523605676], [6.945434855907451, 46.993536948790236], [6.945411266222569, 46.99352885923665], [6.94537603477749, 46.99352294128114], [6.9453460281728505, 46.99351214349162], [6.94533191879311, 46.99350674840904], [6.945316491023298, 46.993504612960514], [6.9453037000442155, 46.99349881883707], [6.94528270411386, 46.99348888738782], [6.94526117098025, 46.99348161626091], [6.9452426801923135, 46.99347660705783], [6.945226442842518, 46.993476725901736], [6.945208179218284, 46.99347560370252], [6.945193801304881, 46.99347081913043], [6.945181310976463, 46.993460933415165], [6.945159184256427, 46.993458157320994], [6.945130125898128, 46.99345431691002], [6.945109640847758, 46.99344459457707], [6.945096027175555, 46.99344247588274], [6.945078995465771, 46.99344462420637], [6.945060237962529, 46.99344145790379], [6.945034520517925, 46.99343886419437], [6.945018074929438, 46.99343447544717], [6.944992461007894, 46.993423507593086], [6.944972120359789, 46.993422367355876], [6.944963004938418, 46.99341004948209], [6.944945843939258, 46.99340197854685], [6.944918588394531, 46.993397956954205], [6.94489864832219, 46.9933861680085], [6.944878360227126, 46.993380755206516], [6.944862741088373, 46.993373716441035], [6.944848312302501, 46.993374454714335], [6.9448378954840555, 46.993376379711314], [6.944825988690677, 46.99336737801076], [6.944793150169626, 46.99335717946964], [6.944778265272852, 46.99335178098917], [6.944760441002084, 46.993357191162296], [6.9447478433301555, 46.99335325078557], [6.944737615884872, 46.993348897876906], [6.944718571067263, 46.993346953616154], [6.944696472633418, 46.99334397068464], [6.944677304353173, 46.993331186606106], [6.944658802380547, 46.993327400610845], [6.944637271287983, 46.99331992245711], [6.944604132222866, 46.993312385209244], [6.944565062472177, 46.99330501120558], [6.944545833902257, 46.99329733610133], [6.944512726793854, 46.993289187274776], [6.944484759988154, 46.993279621397264], [6.944447282888263, 46.99326919581839], [6.944412696332449, 46.993254689910096], [6.944371821825863, 46.99324772185804], [6.944337929835193, 46.99324057703867], [6.944308614373099, 46.99323612362199], [6.944280159353535, 46.9932253321982], [6.944253428091731, 46.99322007133478], [6.944236426458069, 46.99321897245068], [6.94421567117724, 46.99321148857873], [6.944196232483606, 46.9932009520215], [6.944173831644741, 46.99320082816738], [6.944158648024622, 46.99319931424702], [6.944139947282212, 46.99319144354697], [6.9441032007142525, 46.993184493184124], [6.944065421350538, 46.993176917682085], [6.944036868377713, 46.99317389777283], [6.944005628494087, 46.99316002683151], [6.943967109374315, 46.993148571159715], [6.943940998237457, 46.993137385019786], [6.943904514672478, 46.99313043575659], [6.9438888957932665, 46.99312196659257], [6.943865528208576, 46.99311549685349], [6.943831029368824, 46.993114286145925], [6.943807834031618, 46.99311620976935], [6.943771087565349, 46.99310925931078], [6.943755453496458, 46.993103857434356], [6.94373497456926, 46.99309351421057], [6.943706211521304, 46.993086202525916], [6.943690012148179, 46.993083649748186], [6.943664370274409, 46.9930757488103], [6.943642854656594, 46.993065203181466], [6.943622778910915, 46.9930638659324], [6.943580589962766, 46.993059743405524], [6.943564154053607, 46.99305575933988], [6.943543725814241, 46.99304278063821], [6.9435188808141275, 46.99302974682396], [6.943490581302142, 46.993027762325546], [6.943475384534522, 46.99302767852358], [6.943450482674028, 46.99302079724818], [6.943414341554039, 46.99300668908111], [6.943385642722341, 46.9929952847059], [6.9433588437003735, 46.99299595125414], [6.9433400770585685, 46.9929923798486], [6.943319891276852, 46.99298020275032], [6.943295596674835, 46.9929659479229], [6.943278884315096, 46.99296485008711], [6.943264762163424, 46.992959454726645], [6.9432370472634455, 46.992951121973455], [6.943225471273636, 46.99295045113787], [6.943206560883607, 46.992936840309426], [6.943187324921667, 46.992931422800524], [6.943170349802199, 46.992930305793976], [6.943154929948086, 46.99292592126709], [6.943134500130311, 46.992913131417964], [6.943116777776981, 46.992908943763], [6.943095701207945, 46.992906378776226], [6.943083171848928, 46.9928979228801], [6.9430709431208415, 46.99288681467592], [6.943065061505539, 46.99288310111193], [6.943042935078912, 46.9928817549155], [6.943026696103949, 46.99288207138389], [6.943018493321326, 46.99287915738667], [6.943005558710739, 46.99286335052245], [6.942990151938048, 46.99285897500368], [6.9429639241037195, 46.99285617174395], [6.942941828003854, 46.9928515513781], [6.942920632128646, 46.99283773269022], [6.9429106265790494, 46.99283357847188], [6.942902040768131, 46.99283227289393], [6.942886490994649, 46.99282772584047], [6.942851789932522, 46.992821404696684], [6.942833112084612, 46.992812508311154], [6.942809248959779, 46.992805631419365], [6.9427854028982265, 46.9927969105338], [6.942778772199458, 46.992790333229955], [6.942761048178214, 46.99278633443333], [6.942749044585295, 46.99277789878453], [6.942726923844138, 46.992775940825084], [6.942714833595079, 46.992774026422694], [6.942685370749251, 46.99276139519766], [6.942666676071345, 46.99275290352536], [6.9426404880421035, 46.99274580959897], [6.942633357720693, 46.9927406603792], [6.942625238092458, 46.99273019063085], [6.942613242279792, 46.992720918434955], [6.942604097256547, 46.99271044422235], [6.942585497094093, 46.99269459484336], [6.9425737717351375, 46.9926845142678], [6.94257467974128, 46.99267306722707], [6.942569072507267, 46.99266812245164], [6.942558809655023, 46.99266478565236], [6.9425565789946075, 46.99265865018282], [6.942553616281318, 46.99264922825591], [6.9425480146685326, 46.99264368086995], [6.942552490696286, 46.99263449810543], [6.942551571285488, 46.992625894648604], [6.942553593190556, 46.992609154187605], [6.942560901065579, 46.9926008112383], [6.942565735577541, 46.99259408575049], [6.9425718997903845, 46.9925857379087], [6.942571477898865, 46.99257735245573], [6.942560299124092, 46.992566455656544], [6.942551494998822, 46.99256885518395], [6.942532091110097, 46.99257590425656], [6.9425232752747394, 46.99258240558911], [6.942512982497495, 46.99260074732238], [6.942500059864271, 46.9926262378482], [6.942484785954196, 46.99265294162992], [6.942474462480235, 46.99265472279095], [6.942464702743987, 46.992652422620466], [6.942449848406018, 46.992646610188224], [6.942437410724442, 46.99264388462632], [6.9424215466099195, 46.992644895235244], [6.942406356781169, 46.99264549499065], [6.942390181126693, 46.99264323894916], [6.942375032284166, 46.99264083444546], [6.942362969305269, 46.99263597861258], [6.942341070905347, 46.99262848046539], [6.942311699061614, 46.99261739673807], [6.942282842438082, 46.99260604539838], [6.94226335182859, 46.9925969205667], [6.942254539151407, 46.99259031577898], [6.942248001594621, 46.99258220964805], [6.942250056420255, 46.99256760122753], [6.942258016837212, 46.992558361611735], [6.942264618996785, 46.992548153616724], [6.942263173095379, 46.992541041086845], [6.94227856971357, 46.99252238875123], [6.942285014046132, 46.99251218909074], [6.942291516526095, 46.99250989651194], [6.9423006803337985, 46.99249847626943], [6.9423103082677695, 46.99247953805107], [6.942308881430417, 46.99247036564512], [6.94229746445464, 46.9924709907382], [6.942285717496194, 46.99246750355138], [6.942278269097802, 46.99246405299072], [6.9422667121534705, 46.99247410453738], [6.942256000771332, 46.99248512224757], [6.942252834265801, 46.99249343816981], [6.942255629599258, 46.99250247257197], [6.942253333603, 46.99250764389276], [6.9422475032582165, 46.992511171693565], [6.942229157014805, 46.99251899891543], [6.94222365036112, 46.99252306790944], [6.942217226221233, 46.99253109083183], [6.94219892393442, 46.99253701123232], [6.942182989184094, 46.992542806990485], [6.94217121599107, 46.99254356544316], [6.942164851072768, 46.992548035475124], [6.942151551211478, 46.992547554928386], [6.942140347775312, 46.99254216309618], [6.942129692619789, 46.992537187400444], [6.942108916862953, 46.992533391151476], [6.9420936330689935, 46.99252853028801], [6.942079791437244, 46.99253118678252], [6.942071438243244, 46.992530322932744], [6.942052250517265, 46.99252256665745], [6.942031000970372, 46.992517410054326], [6.942010076483213, 46.9925126416456], [6.94199498184967, 46.99250723289653], [6.941975942942954, 46.992500439712956], [6.941960140619052, 46.99249762753569], [6.941944791076841, 46.9924927754252], [6.941938570255381, 46.99248028990942], [6.941923154442821, 46.992472657904734], [6.941905939533123, 46.99246623247505], [6.941889960010305, 46.99246410320172], [6.941881151018018, 46.99245569033233], [6.94186490863318, 46.992452129557364], [6.941847727537556, 46.99244489468616], [6.941832243688578, 46.99244318127549], [6.941817238632898, 46.99244370980986], [6.9418038832522235, 46.9924350523318], [6.941784148158989, 46.99242536860418], [6.9417761204633415, 46.99241634741897], [6.9417588697230626, 46.99241236850456], [6.9417381065059125, 46.99240723198646], [6.9417272342298215, 46.99240015939688], [6.9417133187922335, 46.99239518751584], [6.941682894225043, 46.992388488749384], [6.941672798918408, 46.99238127562225], [6.941658932532375, 46.992372435968264], [6.941642519798886, 46.99236174120591], [6.941611332776131, 46.992355039080024], [6.941578155477568, 46.992344649287276], [6.94153706426418, 46.992335646320235], [6.941508455889676, 46.9923273272931], [6.941490473047757, 46.99232007986486], [6.941468280163032, 46.992306094648185], [6.941451825901848, 46.992299879342816], [6.941435952498767, 46.992286326415424], [6.941420996602544, 46.99228297810205], [6.941407020959029, 46.99228166703973], [6.9413939057441, 46.99227405397414], [6.941378041752452, 46.99226090587088], [6.941369448560973, 46.99225616397234], [6.941354970012799, 46.99225662270297], [6.9413296437198655, 46.99224738236935], [6.941318042295959, 46.99223955996684], [6.941311102737591, 46.99222238478279], [6.941305056113623, 46.99221805874916], [6.9412888326188025, 46.99221389534474], [6.941262967700039, 46.99220886243433], [6.9412414771906, 46.992198532348745], [6.941225265192017, 46.99219313668823], [6.941209312285414, 46.99218814683471], [6.941197495143998, 46.99217666242054], [6.94118894560791, 46.99216722516486], [6.941172725919987, 46.99216406922697], [6.941149358467084, 46.99216190764328], [6.94114080314201, 46.99215451232801], [6.941134769727635, 46.99214876506192], [6.941108146229789, 46.992143315022616], [6.9410960587053685, 46.99213263903683], [6.941087465461405, 46.992127906090005], [6.9410745377994925, 46.99212558302001], [6.941060111873957, 46.992118971700904], [6.941042656851719, 46.99211152862333], [6.941021158807763, 46.99210201702083], [6.941005198187429, 46.99209786368917], [6.940994656418035, 46.99208495456815], [6.940980777321136, 46.99207608778339], [6.940957243380736, 46.992067799662685], [6.94093622970651, 46.99205992730951], [6.940926423822091, 46.99204988186715], [6.940914587112045, 46.99204475703125], [6.940898411110378, 46.99203973927018], [6.940881952171188, 46.99202555398272], [6.940861733006289, 46.99201565210311], [6.94084044686301, 46.99201022528574], [6.940838242760303, 46.99200266860369], [6.940817518718445, 46.99199192798403], [6.940793201726526, 46.99198444602631], [6.940782425283181, 46.99196991666628], [6.940770296116243, 46.99196372909437], [6.940762921390074, 46.9919636880245], [6.94075324213131, 46.99196689318392], [6.94073952561909, 46.991965996894486], [6.940731713990898, 46.991959216438964], [6.940712651002977, 46.99193667218441], [6.940700801816202, 46.99192865075996], [6.940690663054154, 46.99192472064152], [6.940650306312549, 46.99191454219998], [6.940624099311638, 46.991899666812614], [6.9406086820268325, 46.99189223254073], [6.9405820757941425, 46.991884947439246], [6.94056494647358, 46.99187076819483], [6.94055110341707, 46.99185804256341], [6.940519901778819, 46.99185295925259], [6.940492253041013, 46.991847513613415], [6.940477335329345, 46.99184008149696], [6.9404710807136585, 46.99183127484848], [6.940467955460447, 46.9918153485961], [6.940462705536433, 46.99180735588518], [6.9404538343337645, 46.99180424982267], [6.940447165071249, 46.99181033756112], [6.940437970135977, 46.99181518195406], [6.940416941264772, 46.99181602587168], [6.940394212949626, 46.99181583687707], [6.9403624372175114, 46.9918131167915], [6.94031173216944, 46.99181024225546], [6.940270519247858, 46.991805906848], [6.940223894111515, 46.99180113406534], [6.940189419578781, 46.99179176366184], [6.940167685101802, 46.991782259856144], [6.940153563990662, 46.99177258234614], [6.940143026244538, 46.991759268353235], [6.940132738110352, 46.991747385706745], [6.940115771571925, 46.991741158978385], [6.940096280956994, 46.99173493023711], [6.9400599560114005, 46.99173228020444], [6.940000555065741, 46.99172725371816], [6.939961742397723, 46.99171928556109], [6.939924047758323, 46.99170561027059], [6.939890177081687, 46.99168787677874], [6.939868970815676, 46.991675307832594], [6.939855370106098, 46.99166340172294], [6.939844855162098, 46.99164906235175], [6.939819953200551, 46.99160138666086], [6.939811559502252, 46.99157807924125], [6.9398113705694815, 46.99157154783836], [6.939807882049755, 46.99156500204354], [6.939798515342002, 46.99156147101654], [6.9397805173050084, 46.99155872990593], [6.939742943804485, 46.991556056320114], [6.939694503272262, 46.991545797261494], [6.939659026137561, 46.99153682709715], [6.939628116208407, 46.9915272741657], [6.939587616226971, 46.99151276795128], [6.939563835093388, 46.991502841321704], [6.939544144325569, 46.99149130439056], [6.939524989246396, 46.991475892831794], [6.939502370242885, 46.99145271219927], [6.939490054366321, 46.991439786189844], [6.939465512675526, 46.9914296583237], [6.939429837306455, 46.991415173129965], [6.939403000825859, 46.99140583582595], [6.939366934691094, 46.99138814659374], [6.93934428780173, 46.99137642579212], [6.939322100743281, 46.99135769070509], [6.939300013442542, 46.991328260659955], [6.939292795596335, 46.991318451243615], [6.939287425103245, 46.99131354333399], [6.939279462953524, 46.9913003754228], [6.93926909544886, 46.991294213344744], [6.9392522344869105, 46.991283741183956], [6.939243858108456, 46.991272703362135], [6.939236252755771, 46.99126075141022], [6.939226651193299, 46.99125703940305], [6.939216676264983, 46.991249664687125], [6.9392059378461415, 46.991243806824066], [6.939190190392111, 46.991235165534256], [6.939156772113635, 46.99121972761164], [6.939145994884353, 46.991216622129706], [6.939137956969768, 46.991210173376615], [6.939123843219903, 46.99119269685646], [6.939099032772043, 46.9911663042573], [6.939087541545871, 46.991158005395235], [6.939076428776472, 46.991150005027094], [6.939067469698378, 46.99114788801635], [6.939060435440638, 46.99113954564335], [6.9390489490629905, 46.99113072502482], [6.9390221094995015, 46.99111469511209], [6.938994202706342, 46.99110314917628], [6.938980187312612, 46.99109063848476], [6.9389748985957755, 46.99107838177049], [6.938976346771572, 46.99106125207723], [6.938987053070398, 46.99104377601475], [6.938987414909814, 46.991033181223706], [6.939007867541513, 46.991017978502], [6.939027287361331, 46.99100216870371], [6.939038908577458, 46.99099793766915], [6.939052073668828, 46.990991680469556], [6.939065471216638, 46.990988689589976], [6.939068116377052, 46.99097993977088], [6.939086764016404, 46.99096657327292], [6.939098410195439, 46.990958258515285], [6.939114199402263, 46.99094691246142], [6.939116089707054, 46.99093734071759], [6.939111818607295, 46.99092732831846], [6.939093857016982, 46.99092775361401], [6.939083228204299, 46.99093269953644], [6.939067720946737, 46.99094200487079], [6.939063530152784, 46.990951566567844], [6.939059594945427, 46.99095909644668], [6.93904498258864, 46.9909612544601], [6.939030367421596, 46.99097498945813], [6.9390100626136855, 46.99098138629647], [6.938998394860458, 46.990982144847706], [6.938981707490875, 46.99099253349597], [6.938970120002946, 46.990984692934944], [6.938958052709509, 46.990971920883794], [6.938931261218451, 46.99095498271181], [6.9389086085752405, 46.99093826934966], [6.938887785169683, 46.990921357165966], [6.938866336668423, 46.99091367141124], [6.938844908978553, 46.99090516720169], [6.938838775316731, 46.99089611811611], [6.938811743924583, 46.99087671405003], [6.938773841374902, 46.9908558322424], [6.938747273291088, 46.990840316165155], [6.938725915853988, 46.99082710769272], [6.938708637080948, 46.99081635475629], [6.938687821615203, 46.99079719371557], [6.9386643648525155, 46.99078355325522], [6.938639276567856, 46.99077851418608], [6.938620206376083, 46.9907667369356], [6.938604238254208, 46.99075641249508], [6.93859212512733, 46.990748560591456], [6.938573555824739, 46.990739457116355], [6.9385387137282875, 46.990723095253344], [6.93850392310871, 46.99070263175119], [6.938465255082837, 46.990679281770376], [6.9384384523297955, 46.99066357570697], [6.938422509152805, 46.990650588754036], [6.938402320146651, 46.99064741507895], [6.93839410000344, 46.99063938228863], [6.938369423823778, 46.99061979055707], [6.938350154322765, 46.990599808662864], [6.93833752637124, 46.990593600637006], [6.93831475721557, 46.990589399183754], [6.938297910751839, 46.99058726555526], [6.938277548659014, 46.99057588738185], [6.938261567223318, 46.99056700209969], [6.938248649873932, 46.990562223056784], [6.938232948732297, 46.99055147693281], [6.938215867734528, 46.99054771411854], [6.938193148559521, 46.99053816968121], [6.938178735137024, 46.99052889541532], [6.938158275930409, 46.99052509983031], [6.938145884558232, 46.990518901820515], [6.93813067665306, 46.99051164802135], [6.93811438642345, 46.99050767276581], [6.938103016396457, 46.99050331425171], [6.938095842791209, 46.9904930282279], [6.938087622199933, 46.99048786493277], [6.938059737414415, 46.99047542834369], [6.938038803505982, 46.990468977034574], [6.938020712516524, 46.99046357264455], [6.938006554973263, 46.99045365183102], [6.93798975039175, 46.99044845095124], [6.937979226646939, 46.99043794335648], [6.937958931704481, 46.9904193961629], [6.9379419736314665, 46.99041092931089], [6.937928900913473, 46.99040871319674], [6.937915858038423, 46.990401900626395], [6.937894310601336, 46.990397803386465], [6.937876643541917, 46.99039064671498], [6.937858213984937, 46.990383495726505], [6.937838659173337, 46.99037296656523], [6.937811762317697, 46.99036454612317], [6.937800292444209, 46.9903568139126], [6.937789945665145, 46.990348474947936], [6.937775310380578, 46.99034747536194], [6.937749193308512, 46.99033720527634], [6.937743115795262, 46.99032920884967], [6.937712761343049, 46.990318002683665], [6.937689703370966, 46.99031236956328], [6.93767511975302, 46.99030584705855], [6.937650170989795, 46.99029435874509], [6.937616658919144, 46.99029326741868], [6.937596652344637, 46.99028888002966], [6.9375598077548, 46.99027303979881], [6.937531377085258, 46.9902627685325], [6.9374983754995005, 46.990247871672025], [6.937464808001086, 46.99023444752578], [6.937438971864195, 46.9902278846872], [6.937413533118419, 46.99022099973969], [6.937364861084877, 46.99021177313604], [6.937315362194195, 46.990202407995525], [6.937286563814662, 46.990189292476124], [6.937260733035215, 46.990189188329545], [6.937181368722371, 46.99016976133258], [6.937099927401786, 46.99015033415878], [6.937071021760651, 46.99014868723701], [6.937016379531899, 46.990135467336735], [6.936974054526285, 46.99013073008774], [6.93693076053012, 46.99012137393219], [6.93686577759473, 46.99011042043998], [6.93681314896357, 46.99010257947511], [6.936773910893023, 46.99010090511668], [6.9367120375424625, 46.99008919153057], [6.936670729583107, 46.99008675242993], [6.9366138932652275, 46.990088841760766], [6.936555094842191, 46.99007866173734], [6.936451749758862, 46.990080582751766], [6.93638769898412, 46.990079581851376], [6.936351492646382, 46.99008404644751], [6.936293610614578, 46.99008689555783], [6.936249098663038, 46.99009668484538], [6.936154981454638, 46.99010706569594], [6.936085629137109, 46.990119066535364], [6.936069660447233, 46.99012288234947], [6.936121472030338, 46.98975410504106], [6.936129638128684, 46.98975383506221], [6.93614307005142, 46.98974716559669], [6.936148061372064, 46.989737796434305], [6.936147097158327, 46.98973127961861], [6.936151331901363, 46.9897198831999], [6.936161558401855, 46.98970177564135], [6.9361675787531505, 46.98969201519225], [6.936169008296599, 46.98967836666592], [6.93616682429723, 46.989667346785836], [6.936153045907611, 46.989657706265184], [6.936142350924651, 46.989648690968025], [6.936118329030358, 46.989636558708675], [6.936094217712661, 46.98963115453174], [6.936070576940639, 46.98963024107057], [6.936034298991027, 46.98963395860427], [6.936022950054916, 46.98963859527373], [6.936012573483832, 46.98964607873638], [6.936002022827133, 46.98964829917697], [6.9359973232697385, 46.98965459322243], [6.935977524522591, 46.98965471310292], [6.935954836348843, 46.98966154871837], [6.935932155801345, 46.98966757483522], [6.9359177788470845, 46.9896656855957], [6.935907268916362, 46.989662167210234], [6.9358985615643425, 46.98965988012624], [6.935883334460247, 46.989665929975956], [6.9358702189721875, 46.98966689778018], [6.935856876979523, 46.98966398761654], [6.935838133925744, 46.98966227705738], [6.935814502559415, 46.98966175935662], [6.935794911336923, 46.98966637776639], [6.93578741969219, 46.98967041969753], [6.935772474963563, 46.98967299862785], [6.935748586475363, 46.989670464853816], [6.935727279880702, 46.98967016424956], [6.93570702941617, 46.989665190750145], [6.935672078232772, 46.98966340890623], [6.93566390441504, 46.98965890229658], [6.93563767553757, 46.98966061296685], [6.935624274076023, 46.98966403520499], [6.935608633616912, 46.98966090801479], [6.935599110754822, 46.98966146880056], [6.935580807747074, 46.98966609283144], [6.9355669606066535, 46.98966378312618], [6.935551790711829, 46.98966513762356], [6.935533751188999, 46.98966690230289], [6.9355121912630135, 46.989665584109105], [6.9354970347370415, 46.98966551742741], [6.935470516293791, 46.98966866605925], [6.935440969391776, 46.98966814026885], [6.93541684252027, 46.98966579426159], [6.935395219855454, 46.98966835271545], [6.935368440167111, 46.989672723564965], [6.935350457690914, 46.989671214166115], [6.935337023720339, 46.98967809038559], [6.935313609792538, 46.98967961549737], [6.935294338797677, 46.98967953070062], [6.9352884481859505, 46.989676869150756], [6.935269907031078, 46.98968025069811], [6.935246227653881, 46.989684842028666], [6.935229512581611, 46.98968415677011], [6.935222632797145, 46.98967904415975], [6.935198483325711, 46.98967770549872], [6.935174284170803, 46.9896802525743], [6.935155485488695, 46.989684460571084], [6.93513230951216, 46.9896886403113], [6.935115352067058, 46.989688565639604], [6.935105623119269, 46.98968587818375], [6.9350675770234105, 46.98968469417579], [6.935048004504577, 46.989690113143794], [6.935030220252308, 46.98969268844933], [6.935012431573513, 46.98969852901526], [6.9349851583476765, 46.98970085562534], [6.9349681800570355, 46.98970159941583], [6.934949615889335, 46.9897074275754], [6.934939846891649, 46.98970760042786], [6.934927009990302, 46.98970550195584], [6.934907180512863, 46.98970888681823], [6.934892953971408, 46.98971616431611], [6.934878542284975, 46.989719366121605], [6.93486355929013, 46.98972460734947], [6.934842153530718, 46.98973205110266], [6.934821327088206, 46.989733812413675], [6.934789382830921, 46.989739383710685], [6.934771327484392, 46.98974561886413], [6.93474835698643, 46.989754494911466], [6.934724618676202, 46.98976254910013], [6.934700123640232, 46.98976998819879], [6.934684929277823, 46.98977114459641], [6.934675308453017, 46.989782112449376], [6.934690846812458, 46.98979470254921], [6.93466911474591, 46.98979769202277], [6.93464916571669, 46.98983053592768], [6.934636367504268, 46.98987182203775], [6.934631915609256, 46.98990625439919], [6.934664018623366, 46.990265137100145], [6.934649570416556, 46.99027498610742], [6.934634523965601, 46.990286946456756], [6.934632623550479, 46.99029611330137], [6.934629983732237, 46.99030283017525], [6.934618400533426, 46.99030299497575], [6.9346037331854715, 46.99031099918742], [6.934553653747858, 46.99026838366941], [6.933896471989391, 46.98979707319083], [6.93388441084838, 46.98977962310567], [6.933864443594864, 46.989768326841585], [6.9338083747723545, 46.98974758801561], [6.933447762628778, 46.98965090640226], [6.933369294525997, 46.98962728896244], [6.9333536740269865, 46.98962065317507], [6.933321079934642, 46.989617063943726], [6.933267479187414, 46.98961483015029], [6.933215630025665, 46.98961643605416], [6.933176651531125, 46.98961934019024], [6.933140425069262, 46.98962732979769], [6.933108500393345, 46.98963777615089], [6.933085131762724, 46.989647027941444], [6.933051631907078, 46.989664186789625], [6.933017542769702, 46.98968945680416], [6.932969885074392, 46.98973582379785], [6.932926794483364, 46.9897815992625], [6.932894254174991, 46.98977091281338], [6.932850063140453, 46.98976199191996], [6.9327886892501205, 46.989753201913324], [6.9327520558883675, 46.98974858719926], [6.932717938786025, 46.98974479318437], [6.932619643044042, 46.98973688319415], [6.932549541469294, 46.98972658824134], [6.932476711572753, 46.98972121954459], [6.932420020981077, 46.98971347554876], [6.932378326027798, 46.9897033511757], [6.9323374505508735, 46.98968858884777], [6.932308685550629, 46.989680446690066], [6.93229715081513, 46.98967550218011], [6.932267255014227, 46.98965905241302], [6.932250631311043, 46.98964592658794], [6.932231394582721, 46.989633877659934], [6.9322138737311505, 46.989623878261504], [6.932198923197043, 46.989615932177905], [6.932184475119094, 46.98960906774484], [6.932171917365095, 46.989602490593256], [6.93215555050181, 46.9895983522152], [6.932135607197509, 46.989588737862], [6.932111362164731, 46.98957666672762], [6.932087943550081, 46.98956895297619], [6.932059197673828, 46.989557410620485], [6.932041613738876, 46.98955408542813], [6.932030703354239, 46.989548460020615], [6.932016748621472, 46.98954225440512], [6.932000796289159, 46.98953460069913], [6.931975370543403, 46.989525061001835], [6.93196266895595, 46.989517016943246], [6.931950434830523, 46.98951513665629], [6.931935729363907, 46.98950769536759], [6.93192226409596, 46.989503947648465], [6.9319098236021945, 46.98949609358596], [6.931891356183115, 46.989490281776824], [6.931872390529127, 46.98948155326606], [6.931887412552938, 46.98946526637686], [6.93189875691308, 46.98945419840942], [6.931884037993899, 46.9894467930496], [6.931872676130089, 46.989458319674476], [6.931855885409951, 46.98947536333169], [6.931846989196569, 46.98947082624288], [6.931832786712835, 46.98946441262895], [6.931815817455465, 46.989460037662596], [6.931791621572443, 46.9894511240753], [6.93177920377559, 46.989442262602175], [6.931742525646086, 46.989427131853944], [6.9317203793435205, 46.98941556470257], [6.931705636494362, 46.98941346641544], [6.9316928740473, 46.98941463321344], [6.931688419486781, 46.98940888347668], [6.931682976536498, 46.98939922536721], [6.931663057283382, 46.98938847765598], [6.931645116196065, 46.989381228859216], [6.931632656278095, 46.989375434617756], [6.931613679217168, 46.98937208520904], [6.931601223696113, 46.98936443793941], [6.931578518113318, 46.98935779770699], [6.931573266716606, 46.98935429326948], [6.931606179550055, 46.98932140839874], [6.931592762324379, 46.98931398176468], [6.931559454708684, 46.98934690986335], [6.93153991830892, 46.98933321329302], [6.9315120632266725, 46.989324805157246], [6.9314907892876025, 46.98930996749485], [6.931471335550646, 46.98930281993877], [6.931452631088162, 46.98929567569142], [6.9314267169972, 46.989283588028954], [6.931411103074665, 46.98927491925823], [6.93140164542381, 46.9892644337466], [6.93138636620854, 46.98926067790437], [6.931371503067484, 46.98925324484589], [6.931358195460538, 46.9892439656381], [6.9313429568934275, 46.989235919201775], [6.93131587752322, 46.98922750543236], [6.931289937263396, 46.98921818819839], [6.931271209546068, 46.98921349947028], [6.931262315935678, 46.98921008678716], [6.931286411310797, 46.98918380144461], [6.931271446695495, 46.98917598110553], [6.931263782592265, 46.98918432173564], [6.93124724866029, 46.9892020051769], [6.931232106907033, 46.98919484065878], [6.931212240465192, 46.989182698828145], [6.931204019023584, 46.98917632967539], [6.931186973635091, 46.989168904858474], [6.931151600558387, 46.989153428897396], [6.931131418482455, 46.989148238998666], [6.931118787953653, 46.9891410406963], [6.93109786175494, 46.98913114293467], [6.931080029263828, 46.98912493801118], [6.931058308081456, 46.989117087652005], [6.93104227793963, 46.98911212306232], [6.931033018066588, 46.98910574929513], [6.931023781850003, 46.9890954896087], [6.931007975349474, 46.98909050800643], [6.930983965324598, 46.98908143314147], [6.930970246884501, 46.989076676721965], [6.930962130801557, 46.989078610667974], [6.930928415259103, 46.98906441033479], [6.930914948843717, 46.9890566415683], [6.9309067221576415, 46.98904944480265], [6.930888607362712, 46.989045289517094], [6.930872619990546, 46.989035818450674], [6.930859196931976, 46.98902902132082], [6.930833071821661, 46.98902258167437], [6.930820155688458, 46.98901639855858], [6.930801789678742, 46.98901100976239], [6.930786310211404, 46.98900481519823], [6.930762595102786, 46.98898959774786], [6.93074860800358, 46.98898545179109], [6.930743498680731, 46.98897806192616], [6.930724631992561, 46.98897002631024], [6.930707377700076, 46.98895830977224], [6.9306931752956125, 46.988951913972684], [6.930674055115177, 46.98894427301938], [6.930654346498369, 46.988940461450575], [6.930650038360237, 46.988933147099964], [6.93063528109966, 46.98892981627545], [6.930625776299804, 46.988920167066546], [6.930616250074098, 46.98891277556601], [6.930595826159806, 46.98890676594164], [6.930582927554725, 46.98889873880694], [6.930569206282158, 46.98889705869154], [6.930561761467786, 46.98888782345951], [6.930544752697207, 46.98887794298065], [6.930524354490364, 46.98886784059191], [6.930500863178691, 46.988858147228754], [6.930488689627662, 46.988855448519814], [6.930476007439231, 46.98885232478275], [6.9304492234986785, 46.9888391356395], [6.930433955281203, 46.9888300814336], [6.930416144635802, 46.988820206395836], [6.930396492490653, 46.98881460494372], [6.930373999848557, 46.98880634628584], [6.9303520198344835, 46.988798089845616], [6.930342738907992, 46.988793946738944], [6.930331402598908, 46.9887861424314], [6.930321131946746, 46.988775473290914], [6.9303110567819335, 46.98877052607793], [6.930293736722579, 46.98876575355325], [6.930278521246436, 46.98875669060904], [6.930277014624871, 46.98875199737212], [6.930274193659324, 46.988747280289026], [6.93025818315984, 46.98874026473129], [6.930225895442246, 46.988726637231544], [6.930181529135364, 46.98870031763954], [6.930150346037098, 46.98868111796815], [6.9301373645217055, 46.988669375351904], [6.93012265239215, 46.98865853357613], [6.930106404421184, 46.988646074775595], [6.9300916497503255, 46.98863971244505], [6.930072190342396, 46.98863597382038], [6.930025661768147, 46.98863802473557], [6.929982741903797, 46.98864212460899], [6.929929921154847, 46.98864922985331], [6.929880202240511, 46.988657770093226], [6.929850277068692, 46.988662530406934], [6.929825517613812, 46.988668725947385], [6.929809725590668, 46.988665012582395], [6.9297988348809065, 46.98866150993204], [6.929789473650106, 46.98866167518076], [6.929781392147909, 46.988665507228866], [6.9297713868983335, 46.988664275316765], [6.929713305383605, 46.98864950743569], [6.929673068283129, 46.988649346417255], [6.929578825347468, 46.98864818932109], [6.929521651479643, 46.988647197258175], [6.929503706679016, 46.988641774098966], [6.929413652814755, 46.988645232208135], [6.92935231174981, 46.98863733106031], [6.929279337202206, 46.988629386970224], [6.929225281875326, 46.98863222263764], [6.929148046991163, 46.9886257887366], [6.929076137280487, 46.988617849326985], [6.929007276074291, 46.98861833407233], [6.928942794759515, 46.988608898501695], [6.928889818701752, 46.9886102095631], [6.9288040266105195, 46.9886106276997], [6.9287901356343164, 46.98862127028962], [6.928771111600424, 46.98861737139135], [6.928743521717709, 46.98862260958802], [6.92872888638327, 46.98860648763138], [6.928674851378938, 46.98860856750634], [6.928644009055311, 46.98861990806952], [6.928625994384114, 46.988619072083054], [6.928620810566534, 46.98860987369383], [6.928593242543643, 46.98861281818656], [6.9285931420683795, 46.98862199303194], [6.928495675699723, 46.98862388800271], [6.928410935222322, 46.98862431059122], [6.928322074351876, 46.98861706874404], [6.928272301251929, 46.98861610004593], [6.928170787404311, 46.98860268469777], [6.928132743996558, 46.98859717158736], [6.9280215512580465, 46.98859519099048], [6.927942171066399, 46.988591805114275], [6.927871092877709, 46.98860145448193], [6.927823342697442, 46.98860891423176], [6.92780314607353, 46.988614949808834], [6.927778781040265, 46.9886156055736], [6.927721408643905, 46.98862991267635], [6.927705294414234, 46.98864896470918], [6.927679864417185, 46.98864963364388], [6.927654720420101, 46.9886644175217], [6.927625694012804, 46.98868242235886], [6.927603752510768, 46.988700485834215], [6.927584806665052, 46.988717330310166], [6.9275771725586806, 46.988734873050646], [6.927564530936624, 46.98876195541408], [6.9275570566036775, 46.988769639974386], [6.9275493495716125, 46.98878380011132], [6.927547629464304, 46.988797366322466], [6.927540599730339, 46.9888149387165], [6.927536456864941, 46.98883993609561], [6.927535279734911, 46.98887236792945], [6.927530454097846, 46.98892207235578], [6.927546928148893, 46.98896037605837], [6.927560920744914, 46.98903003522405], [6.927567842523179, 46.989070607967975], [6.927579024880473, 46.9891096615624], [6.927601874425735, 46.989147993744474], [6.927601402848144, 46.989187759770026], [6.927612365585457, 46.98928427442068], [6.9276080294768425, 46.989297837904964], [6.927604600495772, 46.98931139648555], [6.927601383067564, 46.98932620638556], [6.927586473406976, 46.9893388501053], [6.927573398716709, 46.989346554628845], [6.927568282320612, 46.98935785686199], [6.927551655953871, 46.98937131147885], [6.927526160390564, 46.989389835813675], [6.927520393974112, 46.98939761794072], [6.927506821457894, 46.98940514032453], [6.927490146899185, 46.98940849301788], [6.927473769858883, 46.98940959822137], [6.92745698559783, 46.989418932267476], [6.927435574423953, 46.98942822770224], [6.927423639908743, 46.989439049685785], [6.927400939251142, 46.98945121777352], [6.927374330505477, 46.98946378218195], [6.927360560253169, 46.989468605083154], [6.927343943222861, 46.98946868373067], [6.927330059251293, 46.98946889148153], [6.927320800229247, 46.98947898779658], [6.927294698883471, 46.98949072690433], [6.927281993574622, 46.98950379425413], [6.927263327412334, 46.989509206905446], [6.927245074781164, 46.989518120592834], [6.9272171511895895, 46.98953621119527], [6.92718688291618, 46.98954791365056], [6.927163259346173, 46.98955760388629], [6.927149713801992, 46.989563669108065], [6.927125657619838, 46.98957047889135], [6.9270955121963125, 46.98957620003082], [6.927078235527177, 46.989586152516004], [6.927049927820277, 46.98959765681816], [6.927011018892316, 46.98961525747303], [6.926990034709144, 46.98962662361455], [6.926978123062488, 46.98963641115426], [6.926969598266156, 46.98964807589996], [6.926948352634608, 46.989660664260064], [6.926932623351864, 46.98966688156532], [6.926889053715108, 46.989679711816855], [6.9268584266850475, 46.98969042310926], [6.92684470615853, 46.989692781435245], [6.926837286691658, 46.98969745278111], [6.926834430496698, 46.98970607547736], [6.92682675327604, 46.989711582239494], [6.9268118392849045, 46.98971227109663], [6.926794187714812, 46.98971605110092], [6.9267729951568695, 46.98972720034013], [6.9267576408649685, 46.989738195862266], [6.926737452447338, 46.989746066333545], [6.926724996359314, 46.98974679316635], [6.926702691755955, 46.989750507341476], [6.9266844959588285, 46.98975758619933], [6.926654446399401, 46.98977113348374], [6.926634378189956, 46.989774677729514], [6.926601499802926, 46.98978160983592], [6.926567941723724, 46.98978813410431], [6.926554271038593, 46.989788027936626], [6.926539253175219, 46.98979407749469], [6.92653665054893, 46.989802296514824], [6.926513280477506, 46.98981157398337], [6.926494861925507, 46.989817194529664], [6.926459533813317, 46.989825977671984], [6.92644232271931, 46.989831801500756], [6.926421745052521, 46.98983637788176], [6.92640803445005, 46.98983769274475], [6.926391709093038, 46.98983612640728], [6.926373509865659, 46.98983668358019], [6.926357567263197, 46.989840453142925], [6.926336569202094, 46.98984637696568], [6.926309375726831, 46.98985131050102], [6.926293075567567, 46.989860853506066], [6.926275594898195, 46.98986874503656], [6.926237896728914, 46.989873793402296], [6.926195118138875, 46.98987673209317], [6.9261657642836525, 46.989879380096774], [6.9261309994038145, 46.98988424367901], [6.926102988996111, 46.989893491257035], [6.926083426829152, 46.98989497779789], [6.926070538151195, 46.98989282410789], [6.926052315513503, 46.989901314938095], [6.926037520331641, 46.9899088136971], [6.926026273572807, 46.98990954588171], [6.926019807573932, 46.989902491551355], [6.926001293036406, 46.98990027665854], [6.925976756131967, 46.9899064633866], [6.925952421014136, 46.98991491786522], [6.9259344828888025, 46.98992115215477], [6.925924156920991, 46.98992456904874], [6.92591324473881, 46.98992056219262], [6.925880209626136, 46.98991226431711], [6.925856743430138, 46.98991371529353], [6.925804136907702, 46.98991884960022], [6.925788668663937, 46.989923871587706], [6.925758941523854, 46.98992157044255], [6.925735996454721, 46.989920765889686], [6.925700529590503, 46.989924798630916], [6.9256460045514645, 46.9899284760204], [6.925620952379101, 46.98992394693392], [6.925599983017439, 46.98992274646785], [6.92556628873927, 46.989922883171026], [6.925537190550815, 46.98992491150711], [6.925511890512622, 46.989920183370735], [6.925496680027565, 46.989924369925745], [6.925484900835749, 46.98992715956978], [6.925471758744445, 46.989925391532076], [6.925441326258255, 46.989921243046965], [6.925419528771986, 46.989924149666166], [6.92540295177241, 46.989922779975174], [6.925384477339852, 46.98991912591689], [6.92536310251321, 46.98991359684673], [6.925329280478862, 46.98991883324112], [6.925308138378883, 46.98991645355023], [6.9252966000237395, 46.98990646194245], [6.925264862772013, 46.98990403466778], [6.92524043258288, 46.98991005080789], [6.925213994449688, 46.98990611814997], [6.925187562118789, 46.98990295008817], [6.9251749501602635, 46.98989524743746], [6.925150591752393, 46.9898951470608], [6.92513462714392, 46.989901201170944], [6.925122633548271, 46.989900301750524], [6.925104712487274, 46.989893780651954], [6.925086734309264, 46.98988910332879], [6.925066493167231, 46.989888733589986], [6.925054266360478, 46.98988884959047], [6.925032405281514, 46.98988330926844], [6.925011978484603, 46.989883109622205], [6.92498342403917, 46.989879158366215], [6.9249653913152365, 46.989882909369996], [6.924932561405631, 46.98988201527111], [6.924907230543986, 46.989875029079464], [6.924880770413477, 46.989873389997065], [6.924868086701328, 46.98987180383278], [6.924837458208147, 46.98986480283831], [6.924810935139605, 46.98986698650149], [6.924783501037996, 46.98985999081771], [6.924740124423086, 46.989856746517916], [6.924712606880506, 46.98985433805652], [6.9246766089973635, 46.98985342969287], [6.924666150207265, 46.98984191364919], [6.9246312450253935, 46.989839472002565], [6.924603642482775, 46.98984317992442], [6.924580448576793, 46.98983543868293], [6.924554117595048, 46.98982308667441], [6.924506487583231, 46.98982060577537], [6.924473713489404, 46.98981664444126], [6.924428236751322, 46.98981033217534], [6.924399638160762, 46.98981098616796], [6.924381636352464, 46.98981014965209], [6.924362748783078, 46.989794772704855], [6.924322510873505, 46.989794600731905], [6.924296722163744, 46.98979149832245], [6.924263265174031, 46.9897833599951], [6.9242308322442145, 46.989773993943004], [6.9241941917803125, 46.989763349613725], [6.924149372853313, 46.989750149788385], [6.9241093493653185, 46.98973450679467], [6.92407185828008, 46.98971662638511], [6.924040352204456, 46.989698368085385], [6.924005622439805, 46.98967905181937], [6.923986917608191, 46.98966793041517], [6.923966856731675, 46.98965018237772], [6.92393098359479, 46.98961305923856], [6.923904872670652, 46.989573740188945], [6.923886925079314, 46.98953718345549], [6.923869934266297, 46.98950229515993], [6.923854311696197, 46.98946182693697], [6.9238503648221545, 46.989447110848076], [6.923844055001167, 46.98942658215007], [6.923833868640407, 46.9894004319332], [6.923823413510286, 46.98937489219398], [6.923817877972926, 46.98935313461654], [6.9238126394309365, 46.989341507097784], [6.923793126154175, 46.989307839799416], [6.923750500300549, 46.9892470735303], [6.92373932716997, 46.98923332338363], [6.923734300191751, 46.9892229381693], [6.923733631185074, 46.98920638379746], [6.923738531652356, 46.989172502520944], [6.923738830614131, 46.98915781451251], [6.923742908750324, 46.98912742875102], [6.923748848560004, 46.98910576782352], [6.923755560365803, 46.98908037729222], [6.923757776019896, 46.989056387791166], [6.923760459985577, 46.98903428044601], [6.923764091757187, 46.989027073560464], [6.923760617375321, 46.989013807822715], [6.923755855215064, 46.989003225898905], [6.92374085275869, 46.98899399215722], [6.923724962621815, 46.98899096138248], [6.923713750864026, 46.98898671020351], [6.923816626793842, 46.98888846759073], [6.923799784209225, 46.98887921669406], [6.923814912828504, 46.98885480847455], [6.923807914629915, 46.988821116572915], [6.923801984174204, 46.98878438000508], [6.92380331473296, 46.98876220353843], [6.923771923406713, 46.98873071362468], [6.923728857642357, 46.988700709291756], [6.923701525725827, 46.98868452958684], [6.923659480695997, 46.988659117467655], [6.923637290573134, 46.988653683298956], [6.923613134013213, 46.98863675326996], [6.923583528735151, 46.988632806060934], [6.923548969534821, 46.9886013016211], [6.923523555724624, 46.988597553046944], [6.923488965320962, 46.98858844701064], [6.923474292745693, 46.98857909773206], [6.923452491248378, 46.988575635294595], [6.923432629245036, 46.988572811394064], [6.92341341076473, 46.98855910585627], [6.923398157055173, 46.98854867448961], [6.923368695826268, 46.9885324851127], [6.923346490135737, 46.98852185160386], [6.92331963133856, 46.988515271981775], [6.9232937869370845, 46.98850846300614], [6.923269578830634, 46.9884969028065], [6.923239052957564, 46.98848070864841], [6.923230052567507, 46.98846796670622], [6.923222159945433, 46.98846032110721], [6.9231960682151135, 46.98845190088772], [6.923167511940201, 46.988441400534256], [6.923144427654607, 46.98842371965347], [6.923120854509382, 46.988414492173476], [6.9231089379471324, 46.98840972490257], [6.92309229745938, 46.98840408183642], [6.923075786363727, 46.988390460509386], [6.923061480334966, 46.988379916436045], [6.923049141527937, 46.98837122538958], [6.923035221989544, 46.98836559446547], [6.923024892222509, 46.988357128257434], [6.923002866407256, 46.988342843361664], [6.9229607217930695, 46.98832373619701], [6.922919956852124, 46.988310158403365], [6.92289325618361, 46.98830491968436], [6.922887442777088, 46.98829704954464], [6.9228797682778005, 46.98829269718978], [6.922872611114299, 46.98828649410464], [6.922853367955737, 46.98827265353166], [6.92283152533885, 46.9882639194794], [6.922799168998829, 46.98825491319846], [6.922781496746589, 46.988251307342566], [6.922769132869375, 46.98824385743955], [6.922763278365852, 46.98823479975821], [6.922750388136802, 46.988228768714485], [6.922738750481174, 46.98822234751034], [6.922719951105758, 46.98821156727755], [6.922712782329056, 46.98820930411079], [6.9226852846004885, 46.98820766890619], [6.922660113877055, 46.98818690210978], [6.922623102365077, 46.98818216547866], [6.922594218098121, 46.9881825388413], [6.922569738362401, 46.98819511179037], [6.922544017706927, 46.9882068605171], [6.922529317596916, 46.98821949557507], [6.922526577264788, 46.98823240046038], [6.922521585328948, 46.98824569097102], [6.9225059236288216, 46.98825443569792], [6.922498213321212, 46.98826607679996], [6.922491246305002, 46.98827834195528], [6.922481328910383, 46.988287112572934], [6.922471347793912, 46.988299768913095], [6.922454384769483, 46.98831259159431], [6.922443402620707, 46.98832545028969], [6.922369709376849, 46.98840584152231], [6.921849386571174, 46.988940754146626], [6.921818468827804, 46.9889720174327], [6.9217735273950725, 46.988951206054416], [6.9217299996334996, 46.98893103078518], [6.921755300524369, 46.988905607229995], [6.921953235486057, 46.988705249537695], [6.921976733641788, 46.98867863959327], [6.9219493945591175, 46.98867417152398], [6.921950450611049, 46.98865735491617], [6.921951531802378, 46.98863930622568], [6.921945462567055, 46.98862798971086], [6.921930966836389, 46.98861396348133], [6.921916641952857, 46.98860403090122], [6.9219190827120975, 46.98859358039737], [6.921928316754255, 46.98858071385367], [6.921965502412635, 46.988556522580964], [6.921993794645957, 46.988539865128374], [6.922022303622082, 46.98852526860632], [6.9220465379877085, 46.9885122719283], [6.9220554583802025, 46.98850329894182], [6.9220648103109665, 46.98848365948583], [6.922068544538505, 46.9884699405305], [6.922070409186738, 46.98845788626352], [6.922068057201192, 46.988441423239344], [6.922075897541561, 46.98843675408983], [6.922103229819515, 46.98843238889311], [6.92212019108217, 46.988434750286366], [6.922139214232539, 46.98843322601293], [6.922149430200502, 46.98843575481426], [6.922159419124261, 46.98843456756752], [6.922175283731608, 46.98842933200511], [6.922176146914701, 46.98842297623382], [6.922168224701437, 46.988418415829074], [6.922094381398315, 46.988409365822164], [6.922059081846385, 46.98841248066354], [6.922005266696804, 46.9884271877723], [6.921932738077611, 46.98844946531561], [6.921845576697377, 46.98847872901235], [6.921758381327278, 46.98851014236761], [6.921699289830688, 46.988529431083386], [6.921635026942635, 46.98854652852242], [6.921588686679137, 46.98856036070095], [6.921524743484554, 46.98857837704489], [6.921461604959778, 46.988596100147035], [6.921425358104335, 46.988608817596365], [6.921139439449212, 46.98857367518556], [6.920987617076329, 46.98852240743645], [6.920981491431645, 46.988510127803885], [6.920927455169504, 46.98848919397992], [6.920901479293132, 46.98847834504777], [6.920988485249124, 46.98834009412527], [6.920947934917607, 46.98832612077136], [6.9208833845624325, 46.98841238141039], [6.920316709551003, 46.988220544316704], [6.920380257478672, 46.98813198564009], [6.920344905443181, 46.98811880022828], [6.920284663318102, 46.98819176701774], [6.920275879339491, 46.98818391033436], [6.920260337856926, 46.98817340528191], [6.920239833906329, 46.98816494671376], [6.92021638035275, 46.9881637969617], [6.920199455724027, 46.988159024681934], [6.9201849934099195, 46.98814568204836], [6.9201772387175495, 46.988140132769054], [6.920159472024609, 46.988140870794595], [6.920145697749237, 46.98813792985844], [6.920121876392176, 46.988120460918665], [6.920101632158987, 46.988110978027656], [6.920081643705108, 46.98810087563073], [6.920069445353083, 46.9880967364516], [6.920057170694612, 46.98809911850343], [6.920042290679357, 46.98809905103806], [6.920034787594663, 46.98809331399443], [6.920024208897697, 46.98808346114827], [6.92000339359656, 46.98807865320274], [6.919986981542654, 46.988077967076734], [6.919970382500858, 46.98806808692514], [6.919946194814102, 46.98806266099202], [6.919930869404777, 46.988055647092374], [6.919922314220252, 46.98805131754307], [6.919904820978982, 46.98805368493348], [6.919894085491759, 46.988057306320734], [6.919883973996348, 46.98805215113384], [6.919872279086151, 46.98804760941139], [6.919853339652621, 46.9880391398686], [6.919844779177234, 46.98803400071564], [6.919836786131554, 46.98802456434779], [6.919819654606458, 46.988016732675526], [6.91979260740264, 46.98801067308192], [6.9197675712275935, 46.988008706460526], [6.919759323738378, 46.988001112991235], [6.9197473878429765, 46.987994312362154], [6.919730757611222, 46.98799036889899], [6.919718036879015, 46.987983168933695], [6.919703221644643, 46.98797777649992], [6.9196813025865564, 46.987979709956996], [6.919671155371543, 46.987978242641624], [6.91965871869003, 46.98797021635669], [6.9196432967828, 46.98794603894548], [6.9196285413429575, 46.98793719259258], [6.919612421388897, 46.98793078672065], [6.919583015208829, 46.98792534602493], [6.919572115152372, 46.987920178217585], [6.919552137996797, 46.98791028265214], [6.919531736117393, 46.98788995960397], [6.919520377985544, 46.987880516939995], [6.9195003390004866, 46.98787429118932], [6.919489616667523, 46.98787791259973], [6.919476350958625, 46.98787540566467], [6.919465485708659, 46.987868007191274], [6.919439508856385, 46.98785460317609], [6.919415146747699, 46.987841422387895], [6.919397541173984, 46.98782826326708], [6.919373116496709, 46.98782018253608], [6.919354360282554, 46.98781723687251], [6.919344242955821, 46.98781269329601], [6.919327115576109, 46.987804447773755], [6.9193123491814585, 46.98779538545068], [6.919304623060439, 46.987785545427855], [6.919291860898278, 46.987782626972994], [6.9192772820084345, 46.98778133739322], [6.919270270165647, 46.98777782439378], [6.9192604948527565, 46.987765123585724], [6.919243094784884, 46.987757893340394], [6.919207526159268, 46.98774404989753], [6.919196360078798, 46.98773785537687], [6.919191479061029, 46.987731500518734], [6.919192854399025, 46.987722520430644], [6.919187870941681, 46.98769962273884], [6.919181981870139, 46.9876887746232], [6.919180854969663, 46.987670787913345], [6.919174501519898, 46.98765360496543], [6.91917305624363, 46.987641337838916], [6.9191687927213295, 46.9876241733621], [6.919166854570682, 46.98760986200558], [6.919158375556999, 46.98759633955251], [6.9191534773875, 46.98759039838262], [6.919144342977666, 46.98758752338066], [6.9191402772163295, 46.98758114523632], [6.919141681503073, 46.987570537138005], [6.919135050690685, 46.987556204477414], [6.91912031668295, 46.98754245567126], [6.919100862255591, 46.987531545927084], [6.91908636878225, 46.98752145929445], [6.919071087755311, 46.98751261047164], [6.919064120315792, 46.987503169734794], [6.919053242015257, 46.987495771103774], [6.919019165373877, 46.98748805123601], [6.919001769325148, 46.98748041613536], [6.918976748953982, 46.98748091414023], [6.918929239805369, 46.98748517789457], [6.918889331732817, 46.987486417813855], [6.91884411998087, 46.98749641303086], [6.918811472676897, 46.98750259732077], [6.918789117157787, 46.987495344438344], [6.918774038427361, 46.98749138992999], [6.918758239927532, 46.98748710838639], [6.918743570912879, 46.987492402883376], [6.918730238223202, 46.98749138872314], [6.9186914815669525, 46.98748099385116], [6.918659540591304, 46.987468588034886], [6.918643222679654, 46.98745687390011], [6.91861984869421, 46.98744756544034], [6.918584307061879, 46.987429629099864], [6.918552653526599, 46.987413347559155], [6.91853319139954, 46.98740324726095], [6.918514023155617, 46.987391313275474], [6.918496354426457, 46.98738469330119], [6.918485392994418, 46.987385866808374], [6.918477830853924, 46.98738623720876], [6.918461509107931, 46.98737492786893], [6.918451184482717, 46.98736467117963], [6.918434868782244, 46.98735274119381], [6.9184117100349525, 46.98734834506561], [6.918395357077887, 46.98734295444407], [6.918381579150622, 46.98733636118582], [6.918361021898835, 46.98733074453227], [6.9183694235084685, 46.98732650095827], [6.918365308205797, 46.987321175019346], [6.918350219673693, 46.98731823686963], [6.918334948266958, 46.9873057088898], [6.918312378881302, 46.98729477584559], [6.918290487782051, 46.987293857686964], [6.918267346493682, 46.9872849639683], [6.91825620792209, 46.98728001985835], [6.918237297570419, 46.98726725942468], [6.918200746287092, 46.98724502757537], [6.918184898742, 46.98723903654446], [6.9181704411887255, 46.98722527987395], [6.91815096732024, 46.98721640283055], [6.918137017566915, 46.98720450151248], [6.918111811481903, 46.98719436603694], [6.918081375470081, 46.98718809269275], [6.918058524235664, 46.987177770047715], [6.918053099587445, 46.98717326567275], [6.918045352133211, 46.98716565635021], [6.918036803935862, 46.98715928473692], [6.918018334695933, 46.98715389342207], [6.917998602425121, 46.9871472640227], [6.917971495707721, 46.98714468487261], [6.917961894521592, 46.987141159981135], [6.917956231057434, 46.98713418082706], [6.9179455709121, 46.987130057396186], [6.917936466360884, 46.987128180896306], [6.917913638303441, 46.98711683287479], [6.917886680931265, 46.98710159793804], [6.917854140537209, 46.987094100611486], [6.917823148406842, 46.98709230432925], [6.917805693855164, 46.987089364342815], [6.917793243727234, 46.98708276801163], [6.917777852626305, 46.98708392132209], [6.917772410247979, 46.98708124289547], [6.917763381307467, 46.98707159478893], [6.917738732800478, 46.987058205448555], [6.917708514085262, 46.98705258068214], [6.917697900872509, 46.98704904214643], [6.917662012360282, 46.98703844409197], [6.917641796888406, 46.98702609139258], [6.917617452309879, 46.98700984291891], [6.917598454586379, 46.98700608626068], [6.9175735557148155, 46.98699411699566], [6.917551966213508, 46.98698788382376], [6.917527511189902, 46.98698163758983], [6.917510853804207, 46.98698053623933], [6.9174887543693515, 46.98697267257259], [6.917465133728719, 46.986961734571224], [6.91744070447551, 46.98695284383177], [6.917416012781876, 46.986946605477655], [6.9173954419725945, 46.98694240988453], [6.91737651312295, 46.98693293249569], [6.917354175976738, 46.98692383536424], [6.917339384988273, 46.98691600498345], [6.917333183861909, 46.986910255724], [6.917322370097671, 46.986904368463286], [6.917307753303323, 46.986904301832155], [6.917289688777823, 46.98690596456781], [6.9172732878269825, 46.98690283143121], [6.917250414283804, 46.98689617860779], [6.917235893282751, 46.98688897007633], [6.917214363488303, 46.98687661128103], [6.91719719706592, 46.986872440142946], [6.917195143507114, 46.986867339439826], [6.917192876645434, 46.98686119430052], [6.91717752417157, 46.98685703141331], [6.9171577651291445, 46.98685182300327], [6.9171539216160545, 46.986844249413515], [6.917138317304487, 46.98684030126574], [6.917111558411602, 46.98683037436704], [6.917090742903699, 46.9868270141397], [6.917072045335127, 46.98682079406849], [6.917065064321088, 46.98681279239558], [6.917054728902548, 46.986802337706145], [6.917036314257476, 46.98679405892709], [6.9170137141683465, 46.98678497853242], [6.916997085500359, 46.986779586471364], [6.916991292252928, 46.986783248118286], [6.916981663517022, 46.986782565549554], [6.916975721217281, 46.98677724023003], [6.916955741098008, 46.986767739966346], [6.916938049993454, 46.98676480773828], [6.916902627774415, 46.986760355403476], [6.916887326269296, 46.986752315734286], [6.91687234006971, 46.986737549012], [6.916862516011866, 46.98672993014247], [6.916847685280109, 46.98672619239493], [6.916831521512866, 46.986725704866096], [6.916810501017738, 46.986719105345806], [6.916786576101765, 46.9867137878887], [6.916773343146338, 46.986705262906796], [6.916756714697105, 46.98670390072037], [6.916736922539598, 46.98669265620176], [6.916718318989399, 46.98668758789347], [6.916700696462179, 46.986684368106715], [6.91669492189737, 46.986682065937835], [6.916692047488248, 46.98667217596678], [6.916682982860722, 46.98667026359484], [6.9166681648579225, 46.98666522154303], [6.9166540401992656, 46.986659175188116], [6.916639837814496, 46.98665166222772], [6.916627293922567, 46.9866466215696], [6.9166038164852175, 46.98664664936013], [6.916593798973908, 46.9866400010548], [6.916580080627399, 46.98663003461924], [6.9165594158610695, 46.98662740360156], [6.91654522744176, 46.986630595107215], [6.916539509261829, 46.98662520780353], [6.916530037643609, 46.98661650208605], [6.916509168204869, 46.986610595830804], [6.916498916221331, 46.986603730568234], [6.916484189785433, 46.98659334569987], [6.916470860236042, 46.98658934491581], [6.91644620842378, 46.9865844378453], [6.916429897104568, 46.98657751793944], [6.916420587814773, 46.98657643197244], [6.916408401259343, 46.9865792368582], [6.916402251051661, 46.9865682794835], [6.916393501819145, 46.98656367887015], [6.916370820739077, 46.98656022905068], [6.916361141660579, 46.9865498852128], [6.916352174633198, 46.986542009327906], [6.916335832026698, 46.98653695128216], [6.916322718216495, 46.986536441657904], [6.916295990010399, 46.986534178677175], [6.9162876565769, 46.98653412263698], [6.916280371220385, 46.98653038327233], [6.916279955381249, 46.98652584773547], [6.916280869506129, 46.98652107540018], [6.916273532126304, 46.98651593254413], [6.916242797786715, 46.98651200513329], [6.916221686751032, 46.986505270158645], [6.916204181920926, 46.986494035994596], [6.916183583450575, 46.98648731235863], [6.916163431319404, 46.98648469262659], [6.916139030319111, 46.98647833839879], [6.916123954701436, 46.986474113691656], [6.916109706651739, 46.98646455853837], [6.916089824275891, 46.98645988907462], [6.916061118193192, 46.98645556610935], [6.916036956862819, 46.986450247405976], [6.916022413994291, 46.98644396518879], [6.91600943582438, 46.986433597245394], [6.915993663131168, 46.9864240261103], [6.915975812119262, 46.986419986589546], [6.915951923614362, 46.9864136526311], [6.915934313345793, 46.986409191439584], [6.915913494508111, 46.98640081162856], [6.915912882047564, 46.98639218232342], [6.915900335054605, 46.98638612508999], [6.91589919082379, 46.98637810499948], [6.915869722510579, 46.98637376950908], [6.9158526527954445, 46.98636645023084], [6.915840591505611, 46.98636450613076], [6.915831872107502, 46.98635416662983], [6.9158253702579415, 46.98633480594124], [6.915827392137717, 46.98631755318186], [6.915825982139238, 46.98631117806974], [6.915833877314772, 46.986306302711895], [6.915827661497803, 46.98628322829277], [6.915822564439854, 46.986269433154085], [6.915814231979259, 46.9862531225322], [6.915801593136234, 46.986237628799984], [6.915789295049114, 46.986233011971464], [6.915786717887051, 46.98621962416792], [6.915780013668857, 46.986211569656305], [6.9157572099120825, 46.986200509123854], [6.91572743833868, 46.98618281412811], [6.915710408045531, 46.98617281444158], [6.9156995962255365, 46.98616945473191], [6.915689979016098, 46.98617164158959], [6.9156835680513105, 46.98616317465217], [6.91567071902751, 46.986159787635174], [6.915654555065, 46.9861606852264], [6.915642219696916, 46.98615854190671], [6.915630968854487, 46.98615168100311], [6.915619145188406, 46.98614828967375], [6.915591126134997, 46.986147666787815], [6.915581556166647, 46.98614636368711], [6.915571748383413, 46.986143836105335], [6.915566252888691, 46.986139889009735], [6.915534684018881, 46.986140680120066], [6.915515512913361, 46.986139917777315], [6.915499347754789, 46.98613959197128], [6.915487439456246, 46.98614217311315], [6.915467687438049, 46.98614570788068], [6.915452413639417, 46.98615505609949], [6.915442215242194, 46.98616156703663], [6.9154295638584555, 46.98616351510517], [6.915415888148492, 46.98616670884972], [6.915411026186905, 46.98617057258626], [6.915413434116578, 46.986178400534435], [6.915405761541825, 46.98618470712726], [6.915396032428994, 46.98617681868659], [6.915395917538324, 46.986168398573554], [6.915387208443622, 46.98615970519663], [6.915359906454758, 46.98616237782529], [6.915351856091136, 46.98616026307897], [6.9153469224141135, 46.98615263045158], [6.915339497643152, 46.98615913606728], [6.915329677031491, 46.986174068358636], [6.915320134261452, 46.98617132609349], [6.915309357858934, 46.98616569071028], [6.915286793930442, 46.98615565662945], [6.915269661045768, 46.98615347332778], [6.915261546235922, 46.986155262229005], [6.915252269312763, 46.98615087504652], [6.915235959191081, 46.98614520530268], [6.915214594630753, 46.98613888275331], [6.915194199833463, 46.98613421080579], [6.915182686256224, 46.98612733966455], [6.91515220001798, 46.98612361097598], [6.915129284630906, 46.986119952950716], [6.915111715694509, 46.98611262227472], [6.915104527390725, 46.986104349668466], [6.915083487163775, 46.98609309014084], [6.915073424648911, 46.98608973383143], [6.915062953436797, 46.98608246262371], [6.9150468539505265, 46.98607945646998], [6.915040140859318, 46.98607097910837], [6.915027310105854, 46.98606841968636], [6.915012948619913, 46.98606646492949], [6.9149848954041, 46.986051863002096], [6.9149628350284456, 46.986041426372815], [6.914952508686878, 46.98603950805285], [6.914944795906015, 46.98603244739263], [6.914927999346453, 46.9860241037687], [6.9149158452849795, 46.98602627897312], [6.914902196782191, 46.986028033506145], [6.914896490982694, 46.986021404840265], [6.914890099224327, 46.98600964567809], [6.914879313947276, 46.98600626801226], [6.914861153816257, 46.986004286797105], [6.914841770286539, 46.98600105866903], [6.9148271872190215, 46.98599622434845], [6.914822265799786, 46.98598735044187], [6.914810806808796, 46.98597759198094], [6.914796110044177, 46.985965569904266], [6.914777681073607, 46.985964199147055], [6.914761954092869, 46.98596880467129], [6.914752092031864, 46.985969146289165], [6.914742397367881, 46.98596043940321], [6.914740505048038, 46.985950976657534], [6.914729875724111, 46.985935689887], [6.914709278835397, 46.98593018936243], [6.9146952104677775, 46.98592515051326], [6.914681680863441, 46.98591744251329], [6.914669987175644, 46.98590749408086], [6.91464994111821, 46.98589809208636], [6.914638402349737, 46.985892462094], [6.914626071132949, 46.985889904899665], [6.914623101394268, 46.9858857714492], [6.914622189078888, 46.98587959646755], [6.914608091465664, 46.98587620359161], [6.914595706981227, 46.98587774802419], [6.914577772562556, 46.9858782325651], [6.9145695430915834, 46.98587159229697], [6.914562376981903, 46.98586106191], [6.914545808192836, 46.98585497711111], [6.914527804448826, 46.98584374041257], [6.914514473199789, 46.98583994627246], [6.914513075507162, 46.98583232982915], [6.914494448342107, 46.98582972576151], [6.914486912710762, 46.985827406412376], [6.914475641867085, 46.98581992461888], [6.914463029736031, 46.985819210152556], [6.914451997666937, 46.98581419417675], [6.914438258763055, 46.9858050459443], [6.914426776455143, 46.985796339819466], [6.914406894651386, 46.98579165207619], [6.914392319933013, 46.985788661800136], [6.914384828334725, 46.98578184498387], [6.914387208119022, 46.98577507341505], [6.914383495243632, 46.98577031585808], [6.914357703020108, 46.98575574216113], [6.9143439671179365, 46.98574494778861], [6.914321457997369, 46.98573203523789], [6.914306178290757, 46.98572452608214], [6.914299140151061, 46.98572241590991], [6.914287245971041, 46.985723557730374], [6.914277422307092, 46.98572266712638], [6.914263375298873, 46.9857168007792], [6.914272577556663, 46.985708657184816], [6.914258853899705, 46.98569930213766], [6.914251474266434, 46.98570253360144], [6.9142357678751285, 46.98570235362446], [6.914230574295939, 46.985698461792026], [6.914227626615697, 46.98569207960003], [6.914220469697011, 46.98568196302869], [6.914207199143639, 46.98567466094765], [6.914189605203483, 46.98566857140454], [6.914188704063738, 46.9856626033681], [6.914180784871066, 46.98565247429612], [6.914170293585662, 46.98564459126082], [6.914162483052286, 46.98564350300573], [6.914150315024012, 46.98564710829617], [6.914139090648069, 46.985637575764194], [6.914125569405929, 46.985631711745974], [6.914113338908038, 46.98562156289934], [6.914101515471477, 46.98561817143876], [6.914085440200619, 46.98561270949348], [6.914078439457966, 46.985608125769005], [6.91406726349589, 46.98559633561255], [6.914061286751667, 46.98559054220322], [6.914046852147183, 46.98557727985607], [6.914027251319078, 46.985570758292475], [6.914012443838281, 46.9855646994894], [6.913997966923473, 46.9855530740837], [6.913984915862417, 46.98554886737498], [6.913979449899759, 46.98554326519352], [6.913968002210117, 46.985533722622286], [6.913963738232558, 46.98553021288321], [6.913964073763079, 46.98552548289366], [6.913963383948032, 46.98552075718697], [6.913950925091668, 46.985509770689944], [6.913943542744571, 46.98549717935663], [6.913942133078379, 46.98549079522355], [6.9139429719672485, 46.98548567174609], [6.913935733575808, 46.98547985454843], [6.913933517005, 46.98547532872958], [6.913933460952524, 46.9854636075654], [6.913929500786089, 46.98544116407344], [6.9139284061708, 46.985429456145354], [6.913919429647968, 46.98542260549897], [6.913915949382702, 46.98541826278125], [6.913920594884676, 46.98541234718771], [6.913917456141426, 46.98540266281843], [6.913918110960094, 46.985392177287714], [6.913917462491692, 46.98538457326185], [6.91391355443758, 46.98537693629651], [6.913915459927556, 46.98536893921989], [6.913916604944998, 46.98535806012158], [6.913915570989776, 46.98534284429294], [6.913909215949771, 46.98533005077892], [6.913900959395365, 46.985324849580095], [6.91389900581651, 46.985320315987614], [6.913901427981107, 46.98531190749189], [6.913902759370301, 46.98530615659372], [6.9138955933772355, 46.985295635156405], [6.9138878807636654, 46.9852885834334], [6.913884469009452, 46.985279932264476], [6.9138843625269875, 46.98527067557961], [6.913878178517029, 46.985263235067244], [6.913865592626183, 46.98525985806032], [6.913856307936516, 46.985256289278404], [6.913854891134655, 46.98524929342702], [6.913847223835087, 46.98523895859773], [6.913835504160833, 46.985229009957195], [6.9138267068055, 46.98522668478114], [6.913814615387643, 46.98522516306715], [6.91380337195598, 46.9852202719853], [6.913792295432742, 46.985205055028246], [6.913771366997637, 46.985181112388865], [6.913757504052925, 46.98516587370104], [6.913734000233499, 46.98514988008543], [6.9137138147259805, 46.98513060939483], [6.913686745624974, 46.985101520216794], [6.913667417868191, 46.985079231042015], [6.913631861920355, 46.985044309918806], [6.913596125076055, 46.985006392510776], [6.913554956651081, 46.98496072317542], [6.913513466739693, 46.984911652112544], [6.913484134855277, 46.98486669376928], [6.9134759558259145, 46.98484287256621], [6.913470075613766, 46.984813844655804], [6.913471592441553, 46.98478516555973], [6.913482717239072, 46.98476058747915], [6.913493408083388, 46.984734685077456], [6.9135006640847445, 46.984710538975236], [6.913513286385849, 46.98465522172557], [6.913529261401372, 46.98461590455444], [6.913530107074134, 46.98459266455488], [6.913539818857984, 46.984566065023614], [6.913548604144635, 46.98454950002022], [6.9135665735140615, 46.98453065632891], [6.913608835697436, 46.98449690202043], [6.913632955988445, 46.984472770374275], [6.913645217655684, 46.98445154374485], [6.913655735813682, 46.984427151739254], [6.913661840668427, 46.98439304258767], [6.91369210848908, 46.984389439464486], [6.913709908026525, 46.98438120948258], [6.9137331125124115, 46.98435260291918], [6.913745739060339, 46.98433303308233], [6.913751713977189, 46.98431619427373], [6.91374912555825, 46.98430938195624], [6.913754537520347, 46.9843003574674], [6.913751580927534, 46.98428551063691], [6.91374474686068, 46.98426796541466], [6.91374251111534, 46.98425064813513], [6.913736654796671, 46.98423392592447], [6.913718660083477, 46.98422184361997], [6.913705462721415, 46.984212481880085], [6.913688470779796, 46.98419732770389], [6.91366688465017, 46.984181522771124], [6.913647126870766, 46.984177663079436], [6.91363464423897, 46.98416914116369], [6.913624506549456, 46.9841667918074], [6.913615818711713, 46.984166724984], [6.913610100070371, 46.984160096107395], [6.913570247796393, 46.98415856386084], [6.913530543197847, 46.98416609952962], [6.913519849617196, 46.98416950464144], [6.913500270718134, 46.984170188317904], [6.913468510884764, 46.98417984740289], [6.913446209443231, 46.9841860597056], [6.913432636279904, 46.98419089983854], [6.913423398479571, 46.98419597574614], [6.913399409553002, 46.9842013526874], [6.913350487204245, 46.98421191335989], [6.913318968126855, 46.984221141706406], [6.913298860543896, 46.984226140694616], [6.913277594255857, 46.98422598001197], [6.913252165487655, 46.98423073865604], [6.913235469148597, 46.98423370236913], [6.913195607734665, 46.984231756148255], [6.913159625635537, 46.98422963883204], [6.913111607064186, 46.98422310345832], [6.913094444600675, 46.98422400507141], [6.9130878849857, 46.98422807683367], [6.913079951261485, 46.98422348871549], [6.913047375418814, 46.98421850852686], [6.913025942383142, 46.98421257206956], [6.913015802502829, 46.98421312816312], [6.912996650649552, 46.9842104764493], [6.912992683194085, 46.98421427224765], [6.912985589544516, 46.98421248556066], [6.912947759183025, 46.98420047380815], [6.912907535849809, 46.984189872322894], [6.912881498380291, 46.98418432841836], [6.912858087700823, 46.98418168417026], [6.912851595782519, 46.984177516464435], [6.912841049703644, 46.98417392380251], [6.9128367080849875, 46.98416896536587], [6.912802725947809, 46.98416129806647], [6.912775538965814, 46.98415100834269], [6.9127292577464985, 46.98413488279249], [6.9126965512272625, 46.98412447770628], [6.912672738236015, 46.98411461730597], [6.912656867888875, 46.98410708716771], [6.912626255482284, 46.98410028085294], [6.912600733860144, 46.984090403529], [6.912581281383252, 46.98407955562235], [6.912564453590206, 46.9840718141797], [6.912545203457821, 46.98406445741665], [6.912517807321501, 46.9840500468301], [6.912484205461436, 46.98402776374327], [6.912465239448944, 46.984016909068515], [6.91244314610887, 46.984004609747274], [6.91242152110282, 46.983994147666834], [6.912413844314716, 46.983987500780266], [6.912400597584862, 46.98398185371646], [6.912375394601726, 46.98396765106867], [6.912362149022176, 46.98396322739704], [6.912354446944901, 46.983960493360904], [6.9123323699144406, 46.98394653894909], [6.912316283334871, 46.98393694786574], [6.912300886300874, 46.983929419903895], [6.912291379529715, 46.983913706266016], [6.912279620213792, 46.98390785015408], [6.912274835046299, 46.98390389716982], [6.9122659986132176, 46.98389353885226], [6.912246993225209, 46.98388536459853], [6.912237673462805, 46.98387603852772], [6.912221594158945, 46.98386705017727], [6.912217320369307, 46.983859213562376], [6.912207937085026, 46.98385501454128], [6.912197914748112, 46.98384361629312], [6.912179920396111, 46.98383154269835], [6.9121614580519335, 46.98381760494322], [6.912143976374817, 46.98380285307565], [6.91212673730963, 46.983787490641035], [6.9121085541363305, 46.98377189901473], [6.912083641261675, 46.98375093313343], [6.912065710781041, 46.983733705490046], [6.912046807573534, 46.983716482347894], [6.912033372106816, 46.98370731723411], [6.912016868216585, 46.98369071681026], [6.912001974739892, 46.98368278633675], [6.911975091615695, 46.98366569736253], [6.911955198719794, 46.98365154605793], [6.911944222132299, 46.9836382813417], [6.9119305479959525, 46.9836293310109], [6.911917879860881, 46.98361565372634], [6.911907579702932, 46.983607123716745], [6.911902854172526, 46.98359844844064], [6.911890846278826, 46.98359115194024], [6.911867853758678, 46.983571409214896], [6.911855354367698, 46.98356597244982], [6.911845364532336, 46.98355128201849], [6.911827165223337, 46.98353467378847], [6.911799328839935, 46.98351695970409], [6.911778508000777, 46.98349827044657], [6.911770151938168, 46.983488534970995], [6.911752861402556, 46.98347976587326], [6.911736128222136, 46.98346377605468], [6.911718159441871, 46.98344778952161], [6.911705199108594, 46.98344110922487], [6.911697707460375, 46.983441047750254], [6.911692466404407, 46.983431335624786], [6.911677825839479, 46.983424431749754], [6.911664152902973, 46.983414033138295], [6.911635676847065, 46.98338786946911], [6.9116230625001185, 46.983370072502105], [6.911611375288263, 46.98335557214091], [6.911585006167963, 46.983337037199455], [6.911553609125182, 46.98331251515866], [6.911530596425867, 46.98329485023085], [6.9115154940181815, 46.983282789851096], [6.911499245068139, 46.98326702710349], [6.911482439082325, 46.9832557774418], [6.911461139254612, 46.98323769758833], [6.911441985679845, 46.98322191246625], [6.911420918306721, 46.98320425646107], [6.911413327763445, 46.98319955286839], [6.911396146557447, 46.98319171074629], [6.911390450546798, 46.983182824075264], [6.911378710847042, 46.98317366668075], [6.911365478695627, 46.98316657133283], [6.911347485867889, 46.983155720989906], [6.911339161257737, 46.983144141620656], [6.911321258609773, 46.983122794087336], [6.911295397135729, 46.98310078020582], [6.91126635501469, 46.98308141430504], [6.911259201395311, 46.98307372632196], [6.911253492181913, 46.98306752020864], [6.911242388203197, 46.98306455450997], [6.911236912718619, 46.98305730603035], [6.911234314544872, 46.9830515190175], [6.911224016360158, 46.98304280902383], [6.911211757889039, 46.98303695049159], [6.911195692177899, 46.98302529045227], [6.911180595920559, 46.98301528998079], [6.9111662033219, 46.98300324179825], [6.911149968837694, 46.98298603084319], [6.91113654674386, 46.982976874650575], [6.911114454429605, 46.98296187647782], [6.911088850828546, 46.98293905417081], [6.911076154819306, 46.982928246187704], [6.911058861701052, 46.982918433496586], [6.9110483433781775, 46.982908058337465], [6.911037381234008, 46.982896034963765], [6.911025096555996, 46.98289017633066], [6.911020373350567, 46.98288128512758], [6.911010520057555, 46.982875455686255], [6.910992538427166, 46.9828621495834], [6.910979628205361, 46.98284907378406], [6.910967617512027, 46.98284342328651], [6.910952733595128, 46.98283322586622], [6.910940311649551, 46.98281995441368], [6.910924088510564, 46.98280026974639], [6.910906400281964, 46.982783870584576], [6.910884833902011, 46.982766203198366], [6.910857719013674, 46.982748708121385], [6.910835691638801, 46.98272980623808], [6.910809818401235, 46.98270902453686], [6.91079451319196, 46.98269490321186], [6.910769855148039, 46.98267352444519], [6.910738714876678, 46.98264836467426], [6.910700188427917, 46.98261245738661], [6.910677884081227, 46.98259766508914], [6.910659676216473, 46.982583323389925], [6.910644842128679, 46.982569420118196], [6.910626396639766, 46.98255385398976], [6.910596966213671, 46.98252726283055], [6.910579700547488, 46.98251601992176], [6.910550895586357, 46.98249665493289], [6.9105362960228325, 46.98248563120759], [6.910528217539592, 46.98247177704902], [6.910513072933623, 46.98246404310002], [6.910499098878353, 46.98246023654127], [6.910491904771269, 46.98245400552688], [6.910480543902397, 46.982433119857966], [6.910464734177088, 46.98242085817315], [6.910431410452398, 46.9823958861704], [6.910399042884933, 46.98237259171928], [6.910384693178999, 46.98235889752416], [6.910378536477872, 46.98234876728025], [6.910362004062261, 46.98233382163696], [6.910323118818079, 46.98230902183212], [6.910305843153641, 46.9822988042855], [6.910280491154378, 46.982274525687885], [6.910255057016373, 46.982257245098005], [6.910215731177977, 46.98222915090743], [6.910192767120455, 46.98220797772283], [6.910162576595572, 46.98218386568363], [6.910132529122937, 46.98216923536179], [6.910111642380288, 46.98215733696993], [6.910079793867167, 46.9821307524999], [6.910065415878979, 46.98211993660288], [6.91005408893211, 46.982116951812934], [6.9100478267230185, 46.982114862961744], [6.910044770912731, 46.98210618630518], [6.910033548328656, 46.9820939547322], [6.91000547058603, 46.98207685977556], [6.909984360548095, 46.982062288711155], [6.9099529497233325, 46.98204064467389], [6.909925392043413, 46.982018802515164], [6.909907361184939, 46.98200921112774], [6.909873511805006, 46.98198960674665], [6.909847851553822, 46.981971290539256], [6.909824588285698, 46.98195382195543], [6.9098022945556785, 46.98193800402983], [6.909775242310489, 46.98191557049631], [6.90973611285468, 46.98189159687687], [6.909713036448485, 46.98188050689096], [6.909697202740271, 46.98187070973407], [6.909688581316425, 46.98186261899926], [6.909673224861333, 46.981852410255826], [6.909634267952243, 46.98183360073615], [6.909616570390501, 46.98181821778752], [6.909609172395733, 46.98180869346286], [6.909593051410368, 46.98180136865051], [6.909578421766215, 46.98179343007162], [6.9095344476922165, 46.98177025259984], [6.90949119454369, 46.981747276282114], [6.909468834014049, 46.98173557784792], [6.909448957679482, 46.98172121927685], [6.9094316813818715, 46.981709769200194], [6.909406932000275, 46.98169640454673], [6.909390806900391, 46.98169216512007], [6.909388701329885, 46.98168576864727], [6.9093805501331715, 46.981679317252976], [6.909346625980878, 46.981664659800806], [6.909339671716828, 46.981659455309625], [6.909334231261813, 46.981648698661324], [6.9093255762506525, 46.981645348319], [6.909304117139991, 46.98164086832393], [6.909275271279064, 46.981627061879905], [6.909242550315682, 46.98161302163269], [6.909215146971385, 46.981600886031394], [6.909194990637836, 46.98158693987707], [6.909187298414779, 46.98158192985146], [6.909154137850765, 46.98156582761467], [6.90911664730552, 46.9815476363479], [6.9090904583819786, 46.981533653303806], [6.909075080773473, 46.98152693457052], [6.909063741738309, 46.9815225283119], [6.909038091018376, 46.98150462571708], [6.909014005593945, 46.98149724599553], [6.908990005481267, 46.9814838937006], [6.908968884938231, 46.98146910649987], [6.90895397418313, 46.98146302854738], [6.908933087984069, 46.981451129950315], [6.908911449297679, 46.98144089197378], [6.908883555987613, 46.981429140817085], [6.9088513267087635, 46.981413249660754], [6.908807083235939, 46.98139212156786], [6.908774899472649, 46.98137561890311], [6.90873619810022, 46.98135761986769], [6.908725402226713, 46.98135013067576], [6.908706351486908, 46.98134668718669], [6.9086857243638695, 46.981332522875874], [6.908666717191139, 46.98132600314353], [6.908654696103743, 46.98131747379975], [6.908641254490356, 46.98131037717797], [6.9086171876112115, 46.98130113539199], [6.90860015216693, 46.98129194415988], [6.9085850214589835, 46.981281538392125], [6.908564369848082, 46.98126985669349], [6.908551406441296, 46.9812635808296], [6.908528780292983, 46.98125352710348], [6.90849993690694, 46.98123951361005], [6.908484352352953, 46.98122848502941], [6.908463196133306, 46.98121865399303], [6.908433082555303, 46.98121080543199], [6.908400869829974, 46.98119326806872], [6.908372773527424, 46.98117947388453], [6.9083278309358525, 46.98115730788403], [6.908292471967269, 46.98114159997911], [6.908279720718649, 46.981137798801136], [6.908264139476465, 46.981125115051704], [6.908236216842843, 46.98111502772349], [6.908216457494772, 46.981110150589735], [6.908202024271266, 46.981103651981584], [6.908185930989593, 46.98109489682813], [6.90816041461114, 46.98108604400558], [6.908140213851128, 46.98107663111323], [6.908125335990178, 46.981067251909536], [6.908098592028406, 46.981060255421944], [6.908061960772524, 46.9810509282488], [6.908038370152838, 46.98104272300313], [6.908013144239454, 46.98102976058722], [6.9079780331130225, 46.98101426062045], [6.907941025552902, 46.980996484996766], [6.907907792549045, 46.98098511358951], [6.907871672169793, 46.98097331498603], [6.907835556846587, 46.980962334983026], [6.907816316485029, 46.98095416785414], [6.907796832659052, 46.980945369932265], [6.907775856113151, 46.980941305616206], [6.907761384219276, 46.98093871975991], [6.907741639242843, 46.9809324033553], [6.907727888446666, 46.980927347110594], [6.907691317189471, 46.98091596015891], [6.907681236314969, 46.98090929277221], [6.9076597919571165, 46.98090336423301], [6.907638607378202, 46.9808964203906], [6.907633334400299, 46.98089268085259], [6.907606807865441, 46.980886305930696], [6.9075913827167925, 46.98088309497279], [6.9075651345833595, 46.98087382476849], [6.907550737770276, 46.98086631875823], [6.907524951375784, 46.980859533470536], [6.907478901216677, 46.98084971260607], [6.907449060049806, 46.98083960714612], [6.907427625907123, 46.98083265313045], [6.907392920695588, 46.980823964334306], [6.907360135496341, 46.98081649883372], [6.907318891156179, 46.980809812564004], [6.907274782164112, 46.980800414442534], [6.907231654893399, 46.98078877195684], [6.907212569926324, 46.98078615558958], [6.907172563145359, 46.98077926814774], [6.907133991317553, 46.98076949983113], [6.9070887098808695, 46.98075639905418], [6.907065129696785, 46.98074716815746], [6.907051385614288, 46.98074542218237], [6.9070415230167574, 46.98074060876143], [6.907023943582416, 46.98073594840093], [6.906991140005132, 46.98073034473943], [6.906979327016295, 46.98072737532153], [6.906954234968812, 46.98072348063463], [6.906942163024832, 46.9807227678804], [6.906918770455692, 46.98071847629608], [6.90689200749537, 46.98071210007599], [6.906884523122222, 46.980712667986325], [6.906877058365212, 46.98070993467939], [6.906849810035462, 46.98070478856284], [6.906810025038544, 46.98069542826318], [6.906796065744476, 46.98069285365854], [6.906783760400157, 46.980690493601365], [6.906761069146068, 46.98068970446454], [6.906733049281419, 46.98068681258855], [6.906721239271993, 46.98068486861905], [6.906707736929676, 46.98068127963586], [6.9067004924110424, 46.98068019348344], [6.906691366712428, 46.98067662485965], [6.906675213758855, 46.980672591758776], [6.906668415776317, 46.980674188299645], [6.906651551879646, 46.98067160016724], [6.90663102839284, 46.980669579682065], [6.906617506626575, 46.98066927394549], [6.906609805301501, 46.980666539501044], [6.906604768945022, 46.98066280094265], [6.906581362152649, 46.9806599485061], [6.90656740000275, 46.98065633938405], [6.90654006612307, 46.98065716571466], [6.906507977257345, 46.980652392758635], [6.906489160165913, 46.98065060510173], [6.906460011432533, 46.98064359701707], [6.906420414089362, 46.98063917594322], [6.906386393217491, 46.980634393962575], [6.90636686272301, 46.98063032711968], [6.9063333363127954, 46.98062472888599], [6.906304366091991, 46.98062224626412], [6.906274901336863, 46.98062058887351], [6.906242304634437, 46.98061931273443], [6.906218135287755, 46.980619128245706], [6.906196157798147, 46.980617937496085], [6.9061744157360225, 46.98061818711542], [6.906149284761458, 46.98061821396116], [6.9061419856716695, 46.98062394605619], [6.906109745363352, 46.98062383182044], [6.906093731702476, 46.980638860644135], [6.906072861834825, 46.98063995990688], [6.906057316250621, 46.98063036134723], [6.906047217708128, 46.98061756795031], [6.9060557044800905, 46.980604743995094], [6.906030722542488, 46.980593752279994], [6.906000491724596, 46.98058983349008], [6.905982610028013, 46.980583858198365], [6.905961711436636, 46.98058123314519], [6.905920623565815, 46.98057999832994], [6.905885912188673, 46.98057725494905], [6.905860525735453, 46.9805752206364], [6.905817208023298, 46.9805708809599], [6.905772461964153, 46.98056346721522], [6.9057235280565195, 46.98056215975215], [6.905687686318312, 46.980559420050184], [6.905618264660016, 46.980551189606516], [6.905573856115824, 46.980546844753725], [6.905536545821014, 46.98053978938081], [6.905513387645092, 46.980538377092024], [6.905499980289157, 46.980535822903555], [6.905486168675137, 46.98053294292202], [6.905447639924015, 46.98054002251338], [6.905406479782598, 46.980547368679225], [6.9053978434576, 46.98055406591375], [6.905394392000675, 46.98056277532458], [6.905388911137371, 46.980565412387804], [6.90538111740661, 46.980565367045834], [6.9053756069854195, 46.980556454011435], [6.9053743572639945, 46.98054864022439], [6.905380800853138, 46.98053511427796], [6.905342816643102, 46.980528424534235], [6.905307104197329, 46.9805272235065], [6.905270965537591, 46.980522629273636], [6.905234952472794, 46.98052390055658], [6.905214165599475, 46.9805166612651], [6.905187408710423, 46.9805136669529], [6.905129781096825, 46.98050766812746], [6.905100807275558, 46.98050159598477], [6.905037233024065, 46.98049617203347], [6.904982210516746, 46.98048990639726], [6.904933500575604, 46.980484596709545], [6.90492532274755, 46.980484846383256], [6.9048963398310335, 46.9804796916882], [6.904842417101992, 46.98047649854768], [6.904814146450958, 46.98047505328859], [6.9047691966621985, 46.980466999492265], [6.904739066842125, 46.98046614821489], [6.904709332529447, 46.98046253717131], [6.9046899743696875, 46.98046361618215], [6.904666525695341, 46.98046498194627], [6.9046327217107235, 46.98045824849266], [6.904604520960159, 46.98044847380391], [6.904578860440598, 46.980448893691666], [6.9045532026939, 46.980443763475954], [6.90452347451602, 46.9804395407463], [6.90449710314872, 46.98043348065873], [6.904451450504536, 46.98042079087889], [6.9044068908507965, 46.980406576967845], [6.904388714365448, 46.9804011938019], [6.904362013331912, 46.9803886554868], [6.904340488555227, 46.980382941862345], [6.904284835445957, 46.98036217244158], [6.904251818977815, 46.980348974935325], [6.904232914057968, 46.980340197083976], [6.90420211037896, 46.98032916877983], [6.90417022423856, 46.98031597651964], [6.904150198307524, 46.98030626691723], [6.904117994837128, 46.98028536416705], [6.9040972321614085, 46.98027440974835], [6.90407984002521, 46.980262877404], [6.904066148827594, 46.98025321534762], [6.9040531637328515, 46.98024787441344], [6.904051736151193, 46.9802407793757], [6.904032154393665, 46.9802221305065], [6.903997010565108, 46.9801969051906], [6.903961127132646, 46.98017072288888], [6.903940006533613, 46.980160081607636], [6.903917371561121, 46.98014973011526], [6.903894373154544, 46.98014155379717], [6.903879205431755, 46.9801297078991], [6.903855435035747, 46.980126448381775], [6.903756015615741, 46.98012793538401], [6.903723451464515, 46.98014975871786], [6.903705391038843, 46.98018146373637], [6.903703135117108, 46.980198094543645], [6.9037080906192525, 46.98022306178653], [6.903691270418814, 46.9802358643979], [6.90371045589128, 46.98029945224158], [6.903709168197135, 46.980324417222285], [6.903714912732861, 46.9803743502121], [6.903702662810144, 46.98045069026909], [6.9036886155654935, 46.980499055442976], [6.903673741651956, 46.980526223738174], [6.903663034066768, 46.98055341152803], [6.903631158431319, 46.980611543197], [6.903605709121756, 46.98065002312811], [6.903559465434421, 46.9806846546095], [6.903530051751563, 46.98070420783266], [6.903514403663891, 46.9807049171677], [6.903496781924421, 46.98070846880109], [6.903468131777508, 46.980709477142064], [6.903457314678446, 46.980713411495934], [6.903434306222971, 46.980704902121154], [6.903419783583837, 46.980704789171305], [6.9034056913840605, 46.98069974884442], [6.903374490464819, 46.98069426854455], [6.903337673161681, 46.980691829453114], [6.903317003713365, 46.98068601164032], [6.903307329382116, 46.98067817634152], [6.903287388150697, 46.98067314455502], [6.903257227828281, 46.98066744424224], [6.9032404333740836, 46.98066449606371], [6.903229183305966, 46.98067098305663], [6.903206802321931, 46.98066676736526], [6.9031845777517304, 46.980673202899176], [6.9031836144826615, 46.98067752513891], [6.902863897269582, 46.980616820403974], [6.903049767286567, 46.9805912897671], [6.903066862814616, 46.980586467365995], [6.903076925699024, 46.98057646671105], [6.903072891736417, 46.98056189337004], [6.903062453735082, 46.98055814744428], [6.9030539703134695, 46.98055215280919], [6.903052567153162, 46.98054394245404], [6.903047988288026, 46.98053654485403], [6.90303070942771, 46.980536041125504], [6.903005573264157, 46.980541851317675], [6.902969460685413, 46.98054780797903], [6.902956526558319, 46.980551831306514], [6.902936307378078, 46.98055357164401], [6.902926764024065, 46.98055761979521], [6.902909927554927, 46.98056019454997], [6.9028911324384765, 46.98056542276092], [6.902881664114086, 46.980560655843156], [6.90285753451958, 46.98056175717718], [6.902848705406069, 46.98056929886709], [6.9028350692359455, 46.98056860529874], [6.902821451410408, 46.98056607674843], [6.902813850848817, 46.980573003586], [6.902801910052783, 46.98057232697364], [6.902782202123847, 46.98056894228574], [6.902764430032246, 46.98056781553159], [6.90274078680932, 46.98056891011738], [6.902721563778267, 46.98056698499258], [6.90270970433298, 46.98055686363838], [6.9027026937717535, 46.98055210822357], [6.902694639164731, 46.980551863578846], [6.902675850274161, 46.98055647115716], [6.9026688195358155, 46.98055110394066], [6.902662030405059, 46.98054654741992], [6.902654010204381, 46.980545493381875], [6.9026313641483075, 46.98054413689555], [6.902614803214323, 46.98054281790954], [6.902599719602339, 46.98053966179018], [6.902574159122997, 46.98053664547415], [6.902559119379954, 46.980530422181815], [6.9025493777056655, 46.98052933306133], [6.9025303749918105, 46.98052903711889], [6.902517231606444, 46.980525071510726], [6.902502933952192, 46.9805182399271], [6.902490756705123, 46.980517553204535], [6.90247445169866, 46.98051561469831], [6.90244569499458, 46.980515461932384], [6.90243401221464, 46.980513958916184], [6.902419190564158, 46.980509580603496], [6.902404612639821, 46.98050580618014], [6.9023895459131674, 46.98049834136711], [6.9023798210116905, 46.9804995191784], [6.9023630369988265, 46.980495536431604], [6.902346467926309, 46.980495035998125], [6.90232699376841, 46.98049062688351], [6.9023111799333, 46.980489518242024], [6.902282162050611, 46.98049181989123], [6.902273648344249, 46.980492796432024], [6.902257640734158, 46.98048348325045], [6.902234788702112, 46.98047906720634], [6.902207524993304, 46.98047419875685], [6.902182477616336, 46.98046851314854], [6.902159639957021, 46.9804626669531], [6.902141327419836, 46.98046563947519], [6.902130615183186, 46.980464347895115], [6.902114350406444, 46.98045708429551], [6.902102898688787, 46.98045744432425], [6.902092661378365, 46.98045860169622], [6.902065909266071, 46.980452521204334], [6.902049145374964, 46.98045178588515], [6.90205102811966, 46.98045802852734], [6.902012554005859, 46.98045305346693], [6.901987949777483, 46.980451678652734], [6.901949275039037, 46.98044574014308], [6.901941350090136, 46.98044830266374], [6.901373878428559, 46.980347004188914], [6.9013735946307495, 46.980334670156324], [6.901370208036671, 46.98032767385547], [6.90136482657251, 46.98032169365465], [6.901357967832625, 46.98031754155885], [6.9013503546857935, 46.98031522097329], [6.900659116421398, 46.98018736781596], [6.900245822793654, 46.98010967302723], [6.900183058310581, 46.980098313249684], [6.900157453538819, 46.98009320028068], [6.900137047602312, 46.980086069840475], [6.900113457590346, 46.98007665757598], [6.900084487136306, 46.98006248841777], [6.900060216665861, 46.98004754978911], [6.900039653002985, 46.98002996601114], [6.900027197749233, 46.980015110010996], [6.900015019749737, 46.979998825068954], [6.900005336378799, 46.97997888177446], [6.899999318636941, 46.97996038600078], [6.899997267032212, 46.979940901426374], [6.899995222828817, 46.979919374960105], [6.899996467878776, 46.97988966921983], [6.900001104770001, 46.97983766202769], [6.90000395761305, 46.97982190663417], [6.900006038611828, 46.979808405438796], [6.900007175721522, 46.97978812630929], [6.900004804664167, 46.97977949760826], [6.900009004582899, 46.97975003067261], [6.900008088218435, 46.97974182260701], [6.900006887046812, 46.979737103392814], [6.900007384454307, 46.97970985886275], [6.900009289242542, 46.979687739302186], [6.900007609357975, 46.97968095789998], [6.90001204866802, 46.97965251755772], [6.900004625380883, 46.97963263888154], [6.899999646879968, 46.979619284336735], [6.899985689903742, 46.97961785140353], [6.899986942522289, 46.97960438225783], [6.899983065166887, 46.97957563287891], [6.899965571213258, 46.97955211764776], [6.8999251903429135, 46.97952249472013], [6.899928424861576, 46.97951191340754], [6.899943079922014, 46.97950666617301], [6.8999558507968795, 46.97950449542322], [6.899955681050913, 46.97949654274559], [6.899945351980603, 46.97948462027089], [6.89994174982891, 46.97947294536144], [6.899941854809962, 46.97945989363069], [6.899936979378682, 46.97945066841294], [6.89992820260304, 46.979434687319134], [6.899930821663069, 46.97941734765705], [6.8999300200202525, 46.9793977340361], [6.899924118979017, 46.97939116661842], [6.899924933049017, 46.97938340748563], [6.899930723028527, 46.9793748801967], [6.899929370587015, 46.979360373344704], [6.899925187169236, 46.979354218797475], [6.899929476490684, 46.979348535972875], [6.899933773092144, 46.979340820203895], [6.899931870059265, 46.979331402171894], [6.899923978392864, 46.97932542803344], [6.899924154984906, 46.97930786997345], [6.89991658121853, 46.97929250623469], [6.899914463201582, 46.97927963295476], [6.899917919260813, 46.97925617137301], [6.899916815785695, 46.97924043332824], [6.899913981365065, 46.979224300329236], [6.89990780281524, 46.979221806522695], [6.899910464518358, 46.97920283888528], [6.899909301417505, 46.97919302846985], [6.899906674598367, 46.97918239262857], [6.899893923118645, 46.979164341855956], [6.899884869269271, 46.979149780738126], [6.899866374260145, 46.97913433857968], [6.899847072145696, 46.979127267222104], [6.8998297373204, 46.97912061898573], [6.899798810442046, 46.979106314559466], [6.899771809770076, 46.979100214419], [6.899759907366596, 46.9790970639483], [6.899742586854395, 46.97908899449394], [6.89972028926355, 46.97908311437716], [6.899708648716561, 46.97907875977818], [6.899686654252004, 46.97906757384957], [6.899652986372042, 46.97905529841454], [6.899627518938908, 46.97904573325904], [6.89960659492351, 46.97905095089764], [6.899579559504357, 46.97904178321144], [6.899554731344348, 46.979023549539285], [6.899514187868254, 46.979007526555606], [6.899455862942837, 46.97900051409561], [6.899422459440927, 46.979001157193196], [6.899377717240819, 46.97898965704519], [6.899316813038886, 46.97897773880372], [6.899284997597784, 46.97897338794582], [6.899259014390734, 46.978968066087454], [6.899246590815677, 46.978961854633134], [6.899226635551817, 46.97895701095978], [6.89920482663192, 46.97895090819064], [6.89918784006442, 46.978943622801246], [6.899164416967269, 46.978935974218025], [6.899111300873697, 46.978925954698234], [6.89906769398841, 46.97891919134728], [6.899031147230483, 46.97890829645758], [6.899004064276368, 46.97890516421707], [6.898948900080112, 46.97889362374297], [6.898891779534118, 46.97888058073996], [6.898841497809681, 46.97887232855301], [6.898813757763618, 46.97887049750659], [6.8987974959944856, 46.978866939518475], [6.898781242508529, 46.97885995438333], [6.898760604729884, 46.97884459182574], [6.898738030181339, 46.97884404447647], [6.898709536127476, 46.978845304252005], [6.89869659383713, 46.97884362397608], [6.898670381171717, 46.978834999602945], [6.898632286321591, 46.978829053693396], [6.898608257962597, 46.978825396075266], [6.898585705096436, 46.97882269890947], [6.898554635271573, 46.97882392847455], [6.898527990820129, 46.97881902611275], [6.898514713649279, 46.978811452251314], [6.898489177219124, 46.9788139762833], [6.8984869891534215, 46.97880808299144], [6.898484431842911, 46.97879970523831], [6.898466689110785, 46.97879703979472], [6.898450047811346, 46.978795935750924], [6.898426390821094, 46.97878672964478], [6.898389393448392, 46.978786653828735], [6.898364640347769, 46.978785790279254], [6.898348727332007, 46.97878284558479], [6.898322463002389, 46.978781956871856], [6.8982965878244995, 46.97877766975705], [6.898288098582077, 46.978772331379], [6.8982733775425045, 46.978755458531204], [6.898243455881173, 46.97874710439026], [6.898198310429534, 46.97874696305177], [6.898183898677338, 46.978743728574074], [6.898163595635497, 46.97873299115036], [6.898132178375074, 46.97872957730959], [6.898117013799119, 46.978725403745365], [6.898080029340731, 46.978718842241804], [6.89805158790769, 46.97871358945962], [6.897980991986664, 46.97869834144209], [6.897959548818718, 46.97869378734248], [6.897922959363763, 46.97868845999025], [6.897898208718782, 46.978679545505194], [6.897879716741264, 46.97867689440791], [6.8978678872244155, 46.978673051407014], [6.897851585906798, 46.97867472844386], [6.897833882931757, 46.9786668277606], [6.8978109791585975, 46.97865854268926], [6.89777548419268, 46.97865416499529], [6.897726310515414, 46.978646853061925], [6.897701196415921, 46.97864009569756], [6.897689333720331, 46.97864214449116], [6.897675997279058, 46.97864696588082], [6.897651214258869, 46.978645166495795], [6.897630145334378, 46.97864000246007], [6.89760244483486, 46.97863166765017], [6.897588789137525, 46.97862255374248], [6.897556274261408, 46.9786120102527], [6.897524859623641, 46.97860704909969], [6.897501555989094, 46.978607127733454], [6.897474562641197, 46.978600352426824], [6.897453488859657, 46.97859827372862], [6.897434247896593, 46.978602113639305], [6.897403932777587, 46.978594998776], [6.897386523706045, 46.97859574397029], [6.897359162388833, 46.97859547053355], [6.897340668739557, 46.978595589881074], [6.897327325409604, 46.97859979052162], [6.8973147593002935, 46.97859471164903], [6.897298129343233, 46.97858989241189], [6.897281506726252, 46.97858694417753], [6.897253383829596, 46.97858789946428], [6.897236012194049, 46.97858493870046], [6.897216801334276, 46.978576697989205], [6.897199427192947, 46.97857528438256], [6.897166135109546, 46.978574029328264], [6.8971369360354124, 46.97857093160929], [6.897109188638894, 46.97856724705544], [6.897077009284698, 46.97856382932928], [6.897054831559835, 46.978561745328854], [6.897029670001218, 46.97855839686993], [6.897013434236076, 46.978553588407735], [6.897000859373436, 46.97855067731084], [6.896982726799402, 46.97855018666934], [6.896956133422643, 46.978541560103025], [6.896944696329612, 46.97853401278892], [6.896923636937687, 46.97852791309162], [6.896901440403182, 46.97852769100851], [6.896874090331029, 46.97852371144578], [6.896858190118807, 46.978519516248795], [6.89681345232986, 46.9785128726324], [6.896773523839689, 46.97850503739293], [6.8967365685522255, 46.97849691935144], [6.89670364065764, 46.97849474836208], [6.896682212197354, 46.97849265885584], [6.896663331763373, 46.9784946383131], [6.896650032950396, 46.97848924106393], [6.896632299078154, 46.97848441644153], [6.896621206176605, 46.978481827172935], [6.896603833334966, 46.97848548688291], [6.896572766208829, 46.97847607444289], [6.896548391322884, 46.978469023488245], [6.896522881355542, 46.97846504357908], [6.896492952591384, 46.978454835894844], [6.8964770773681225, 46.97844817602949], [6.896450459679166, 46.97844326432934], [6.89643088347117, 46.97843347448141], [6.896413177988654, 46.97842585246099], [6.8964024541608175, 46.97842575662767], [6.896382842785935, 46.9784246381555], [6.8963529110187345, 46.97841473632901], [6.896324111970873, 46.97840329256483], [6.89629789499777, 46.978391258401594], [6.896274300684249, 46.978374622059235], [6.896247715050924, 46.978361353725994], [6.896203028973936, 46.97834573280544], [6.89618603118308, 46.97834091162806], [6.896172758754848, 46.9783290197461], [6.896157632080713, 46.9783211310461], [6.896144722058391, 46.978311093965026], [6.896126239843606, 46.97830749809379], [6.896095944416565, 46.978299771314724], [6.896068233706189, 46.97828988886765], [6.896052340404488, 46.97828632328566], [6.896041610489171, 46.97828683006007], [6.896023141420168, 46.978283234216164], [6.896008695522396, 46.97828339960505], [6.896001669746624, 46.97828023591248], [6.895982830704322, 46.97827942682288], [6.895978273475213, 46.97828428071027], [6.895943563000109, 46.978271261594614], [6.895914784286983, 46.978268210569304], [6.895899984154335, 46.97826960655031], [6.895886702252494, 46.978265144765025], [6.895869691957525, 46.97826156486836], [6.895856375623236, 46.978260503179825], [6.895836442233133, 46.978252258769764], [6.895833132006814, 46.97824818614453], [6.895822773862383, 46.97824313556503], [6.895806507428021, 46.97824267155355], [6.895790617901771, 46.97824003245897], [6.895763245153557, 46.97823571970499], [6.895741859341444, 46.97822683868584], [6.8957137592541775, 46.97822037255002], [6.895701175822893, 46.97821962018385], [6.89569158379881, 46.97821549075125], [6.8956845560531175, 46.97821511555754], [6.895673802224203, 46.978220578661364], [6.89564904456053, 46.978216305270585], [6.8956298233161855, 46.978213011623325], [6.895603916713662, 46.97821057680874], [6.895578045147061, 46.9782059832803], [6.895544753566709, 46.97819951945636], [6.89549469558015, 46.97819783350476], [6.8954550728198605, 46.978196179021246], [6.895427864761407, 46.978197659912475], [6.895406405533622, 46.97819991474228], [6.895374571220755, 46.97820268706338], [6.895358310620116, 46.97820035196085], [6.895340301718702, 46.97819804454246], [6.895308896345273, 46.97820776323229], [6.895277243967232, 46.978209438899505], [6.89522874759759, 46.97821575701022], [6.895201320515358, 46.97822198638894], [6.895168871491063, 46.97823223084617], [6.895127990148225, 46.978243217727915], [6.895116482109866, 46.97825176258699], [6.895110175194245, 46.97825417934764], [6.895099825780057, 46.978253455496684], [6.895055503419177, 46.978419659315996], [6.894655690201799, 46.97930223417051], [6.894640194586738, 46.97930090110144], [6.894446720116292, 46.97973084842823], [6.894404958279359, 46.97984399249825], [6.894232284087017, 46.98025613909144], [6.893978728629464, 46.98076325176463], [6.893958469180421, 46.98090726129845], [6.893926090010932, 46.98107980015592], [6.8939065005934195, 46.98115787667085], [6.893849034801075, 46.98135577126702], [6.893729211362665, 46.98170124365094], [6.893727093159109, 46.981728579450916], [6.893669586399232, 46.98190451578538], [6.893679449509606, 46.98194279334603], [6.893664729475448, 46.98211066699208], [6.89363653535209, 46.98220759271167], [6.8935903393412845, 46.98230397396658], [6.893638368336077, 46.98238920922865], [6.893641764090323, 46.982534761407784], [6.893611165925426, 46.982609555907395], [6.893477260828877, 46.98307252075154], [6.8933156554237165, 46.983478961703035], [6.892984043294456, 46.98336215000896], [6.892319618741396, 46.983167998222825], [6.891779080512016, 46.98303075434833], [6.890482183360241, 46.982674222208026], [6.890518052985749, 46.98263062265987], [6.890139359958592, 46.98250449151383], [6.89019392623751, 46.98241156119485], [6.889962911903946, 46.98235575260343], [6.889643930590586, 46.982289104640444], [6.889167657430649, 46.98221836268367], [6.888332986656475, 46.982132294110556], [6.887963328394414, 46.98208706721972], [6.887508346381741, 46.98206930465219], [6.887192974639286, 46.98204700522336], [6.88690072775062, 46.982016630655686], [6.886546019447267, 46.981986394655095], [6.886360991563754, 46.98198253281812], [6.886136603824583, 46.98198441744785], [6.885868272833779, 46.9819916663456], [6.885714787770095, 46.98200081023798], [6.885401127240512, 46.98199236685769], [6.88526625738531, 46.98198082997433], [6.885277372472059, 46.982011827785456], [6.8852957455187855, 46.982206747283485], [6.885278958460612, 46.98234311691413], [6.88526146520904, 46.982573314103135], [6.88513545879804, 46.98291362887148], [6.8850188262452505, 46.9830233654184], [6.885111705255364, 46.98316448559293], [6.884953039521487, 46.9832051849433], [6.884755722219036, 46.983206029658184], [6.884515698398266, 46.983194162542816], [6.883915836698994, 46.98301343465975], [6.883474154969741, 46.98289119460245], [6.882863862062148, 46.98275241876112], [6.882433543020708, 46.982636355770765], [6.881779708745563, 46.98247612440784], [6.881524989259682, 46.98242424013941], [6.881188632633499, 46.98237357660921], [6.880993429021948, 46.9823370034764], [6.880679724538409, 46.98225821252134], [6.880232354436598, 46.982164726442306], [6.8800270947885664, 46.9821346691635], [6.879437023477612, 46.98208762744562], [6.879270048165678, 46.98206685018047], [6.878244446128237, 46.981888317909046], [6.877756962636899, 46.98181163558391], [6.877505068701315, 46.98177927613998], [6.877199725280073, 46.98174251594534], [6.876419737144279, 46.98165728565113], [6.876201831147497, 46.98164281124787], [6.876025806071619, 46.9816454537119], [6.876038374956943, 46.98160008900276], [6.873187519538205, 46.980088424350996], [6.873239206281372, 46.97998694202001], [6.872844308816947, 46.97988361999713], [6.872773989895709, 46.97987004906373], [6.87277158479103, 46.97984762959374], [6.872388730310293, 46.97970937423198], [6.872068968836233, 46.97958329487387], [6.871757114790949, 46.97949260572077], [6.871524028737348, 46.979448003011534], [6.871441917408223, 46.979418630726265], [6.87037633248918, 46.979310514734976], [6.869953621685106, 46.979225746693615], [6.869139212767866, 46.979080557290324], [6.868839027391372, 46.97903038845647], [6.868613271201334, 46.979001377881914], [6.868549836518203, 46.979182229203694], [6.868547752833493, 46.97921995457716], [6.868422111682384, 46.97924132217664], [6.86835056166994, 46.97923367907993], [6.868352550470542, 46.97925181476054], [6.868323473717711, 46.979247217051096], [6.868183398698582, 46.97924408958763], [6.867604358972568, 46.97927574199362], [6.8671509657750205, 46.97933230601736], [6.866576587248027, 46.9789872353197], [6.866583781567248, 46.97891664920649], [6.866619740313052, 46.97884784367352], [6.866640520073388, 46.97876042267711], [6.866669535172708, 46.978701819026696], [6.866784992767628, 46.97861246969293], [6.8651109925751985, 46.979102932231974], [6.865095341331628, 46.979072008581795], [6.865075678809331, 46.97900204289424], [6.865066659090515, 46.97891151311642], [6.865069721281274, 46.97887470139308], [6.865120353790094, 46.978735526849206], [6.865120302347351, 46.978719460854215], [6.865099667168082, 46.97867652143101], [6.865064715425475, 46.97862901254218], [6.864821790457311, 46.97839823222639], [6.864739377098377, 46.978349693458064], [6.864502678499471, 46.9782261683514], [6.864111982076585, 46.977963061714085], [6.864008946950566, 46.977901195588096], [6.8639453076644426, 46.97787185675871], [6.863957420615472, 46.97786495505522], [6.863908923193717, 46.977841628966466], [6.863800478590172, 46.977903026272166], [6.863646429630015, 46.97801442448511], [6.863313402270779, 46.97833100680395], [6.863005649155628, 46.97852124028649], [6.8624602690292535, 46.97875992191025], [6.862058465636773, 46.97889561680154], [6.861239755553723, 46.979214133693816], [6.860924900468553, 46.979341456863956], [6.860819534601283, 46.9793739287496], [6.860652294920493, 46.979440009546614], [6.86036518746285, 46.979566913722635], [6.859786039597813, 46.97983897359642], [6.859657407692412, 46.97989580316236], [6.859347424843535, 46.98001063431765], [6.859164494643132, 46.980056654817325], [6.858857237638131, 46.980150179376245], [6.858682589382885, 46.98020812402753], [6.858301080117736, 46.980322500078394], [6.858119755009597, 46.98036456933926], [6.857717438448358, 46.98046787201389], [6.857320912467257, 46.98060794045604], [6.857245924773077, 46.98074873343151], [6.85732185206768, 46.980934478757845], [6.857346364748679, 46.98104840410191], [6.857170284841439, 46.981275389655394], [6.8568769526067035, 46.981519967312245], [6.856479006753277, 46.981709922614684], [6.856234415069905, 46.981871530134455], [6.855975537662159, 46.982007445428465], [6.855250528411594, 46.98229317615325], [6.855075640931194, 46.98235034935307], [6.854702328685058, 46.98251971668817], [6.854033975812738, 46.98285317110122], [6.853574047626805, 46.983094864575705], [6.853293190422791, 46.983392254610585], [6.85300288852781, 46.98363949126617], [6.852610059910361, 46.98388646328238], [6.85253625041431, 46.98386872411633], [6.85255428972874, 46.98384183040247], [6.852431073523494, 46.983822578635944], [6.852423204074981, 46.98384502676573], [6.851863737367937, 46.98384836514352], [6.8512233372010805, 46.983931065321826], [6.850617866817252, 46.98399398054763], [6.849215298107161, 46.98408056586739], [6.847988292377219, 46.98412463776919], [6.847753657135331, 46.984125045180996], [6.84751227802829, 46.98410526767079], [6.847029164422309, 46.98405033627462], [6.846480473223599, 46.983969282669726], [6.846463499555592, 46.98397202834727], [6.846404974786717, 46.98403433324771], [6.845928753463489, 46.98412884628208], [6.845878887118702, 46.98438270779917], [6.846357608072189, 46.984499851488906], [6.845156955754159, 46.989416475372494], [6.845142296639632, 46.989436773793706], [6.845162660075842, 46.98949724743993], [6.845519862713886, 46.989089773524434], [6.846496560029243, 46.989063176947816], [6.847954666037234, 46.98900456123198], [6.84845987953154, 46.98898826877119], [6.849136956491351, 46.98931996471151], [6.850003415276192, 46.98980659592057], [6.850225272498796, 46.989490101191784], [6.851892578492917, 46.99037836917752], [6.8524129526267075, 46.990096152483055], [6.853965869724876, 46.99010332824843], [6.854417724008696, 46.9901094777327], [6.854488565948964, 46.99011207021396], [6.854498336036127, 46.99011785911535], [6.854431547521652, 46.99028241249792], [6.854467921984297, 46.99075017742455], [6.853777504756705, 46.99182462777578], [6.8537426985582535, 46.991815688402355], [6.85370348275867, 46.991877070075276], [6.853739311264032, 46.99188750801819], [6.853568241809333, 46.9921301199963], [6.853499637798572, 46.99225457092724], [6.852962482802922, 46.99307856701209], [6.853176857697216, 46.99312393037994], [6.853513688238185, 46.993244563393084], [6.85383569320727, 46.99349019118588], [6.853664104151671, 46.9936390864962], [6.853728897243617, 46.99367714439945], [6.854055930138569, 46.99385149998177], [6.854878658691694, 46.99431784660503], [6.855218632005065, 46.99447928447239], [6.855438536431701, 46.99460671831081], [6.85561340594087, 46.99474565212017], [6.855652266917376, 46.994834004489256], [6.855634179482769, 46.99492912805907], [6.85545456080289, 46.995216603460705], [6.855206107557899, 46.99553362837091], [6.8553414964567345, 46.99551938636478], [6.855346681783996, 46.99552856108856], [6.855665006790454, 46.99561786142657], [6.856045972714015, 46.995804557926746], [6.856498893357234, 46.99594808173668], [6.85697824472971, 46.99601516967708], [6.857145553146205, 46.99602667077782], [6.857140253467018, 46.99606069126124], [6.857446080344911, 46.99608587636203], [6.857569677339297, 46.99611279785081], [6.861026883383812, 46.9969589641724], [6.86219585701536, 46.99733420000895], [6.8630620361107, 46.99758980265836], [6.865031094782383, 46.99815364257115], [6.865844151505267, 46.998283049991045], [6.866090363166301, 46.998332101868755], [6.866644084240629, 46.9984646110417], [6.8670447072029495, 46.99853101989022], [6.867172741430843, 46.998578003276336], [6.867356911356462, 46.99873043179354], [6.867609544639326, 46.99886434686906], [6.867908817639549, 46.99900423258462], [6.868210641580391, 46.99913810381402], [6.8686850701009385, 46.99931839587845], [6.868655905549067, 46.99938405191133], [6.868991432266328, 46.999577305523694], [6.869269832262953, 46.99968272266454], [6.869944894161994, 46.999967606522766], [6.870758135493771, 47.00023938287102], [6.871164395726861, 47.00045789712953], [6.87181441503133, 47.0007540333408], [6.872033969722447, 47.00084732274738], [6.872609745263925, 47.001296690946546], [6.8730657397828026, 47.0017178485179], [6.873196614410727, 47.00188303715522], [6.873451205595459, 47.00199866114123], [6.874260834455816, 47.00267633438692], [6.8743527629352235, 47.002747158226214], [6.874599176870257, 47.00306171541015], [6.874785749629744, 47.00331525884261], [6.8752215808150385, 47.00388762730957], [6.876662682163253, 47.00436301920808], [6.877383269238155, 47.004605568734185], [6.878238093835829, 47.00488471866563], [6.879829571811935, 47.00518037909165], [6.880798100018609, 47.005473124934866], [6.880918949982665, 47.005504343062675], [6.880700635087735, 47.00559789980987], [6.880155939265034, 47.00568780351042], [6.8798872765670955, 47.00571032914812], [6.878949480368916, 47.005809864989956], [6.87922944388946, 47.006033552379805], [6.879484633291939, 47.006429917757224], [6.87941550418614, 47.00653812603245], [6.879807297208688, 47.006783704815945], [6.879963379566365, 47.006858948143716], [6.880493363449217, 47.00732237291268], [6.881018111041046, 47.00780458782184], [6.881169451672072, 47.00790626147559], [6.881294219750238, 47.00807072762537], [6.881310064849028, 47.0082906409616], [6.881474413818035, 47.00836698377768], [6.881743540668695, 47.00872960822224], [6.8817475444224385, 47.009311848541024], [6.881500422381749, 47.00951975930117], [6.88187751939601, 47.01042653055471], [6.8823224935682905, 47.01116204498327], [6.8823088353350625, 47.01126653105985], [6.882483504592631, 47.01147839149579], [6.883129830185314, 47.01196683567339], [6.883398600612286, 47.012153614034276], [6.88355886518686, 47.01229552773437], [6.883653596081055, 47.01245781265673], [6.883355438125913, 47.012642991632184], [6.883513284122727, 47.01266567879968], [6.883326010920071, 47.01299492534896], [6.883089269796416, 47.01345366194531], [6.882892803437283, 47.01372286470078], [6.882918675152191, 47.01405840706734], [6.882734518635673, 47.0143829981329], [6.882556820118991, 47.01449718465435], [6.882277899057304, 47.01472057644928], [6.882045168007273, 47.01488558816598], [6.8824029688102195, 47.015204699614415], [6.882667249546977, 47.015494561621246], [6.882813373451575, 47.015710906471156], [6.882950399906595, 47.015952321785264], [6.891558844521732, 47.018027483664696], [6.893830235499285, 47.01953153451782], [6.89530974506489, 47.01992946493305], [6.897633024720517, 47.020340879002106], [6.900294423947718, 47.02078749546911], [6.901450835915089, 47.02090330111443], [6.901753979108841, 47.020827867948576], [6.902067428753297, 47.020716204479264], [6.902785458359714, 47.02038572725005], [6.903801661502206, 47.02002528137669], [6.903974837312451, 47.01997400803249], [6.904093576672249, 47.019943268194744], [6.904675956878242, 47.01969622433589], [6.906087274262432, 47.0190720610025], [6.906668892297283, 47.019619744350905], [6.906899466597104, 47.01998662622718], [6.907164922592369, 47.0203936714804], [6.907137541702676, 47.02060913399731], [6.907095394272974, 47.02065189969922], [6.906647931273959, 47.021364710265665], [6.906620174263052, 47.02141924539629], [6.906231388312201, 47.022572608553475], [6.906205022428101, 47.02257711847484], [6.90800389242096, 47.02588673804382], [6.909362708721478, 47.02878291838411], [6.909445998351017, 47.028918358015275], [6.909754741169186, 47.029340627144094], [6.909894308618778, 47.029649529745974], [6.909959260127152, 47.02986237826016], [6.910017683961669, 47.03002225053888], [6.910029583984991, 47.030223942763364], [6.910077934686378, 47.03047534907697], [6.910208728203841, 47.03064740193303], [6.91028700286596, 47.03091552461548], [6.910606080438212, 47.03063628198455], [6.910886489192715, 47.030362400938216], [6.911150052815321, 47.03006614267203], [6.911400952589958, 47.02975837429011], [6.911636032721599, 47.0294296369907], [6.911746232762557, 47.02929913726322], [6.913584692778393, 47.02837710548301], [6.913507350342947, 47.028346481585935], [6.91344297146402, 47.02831262492607], [6.913382440220632, 47.02827143679162], [6.91332689992605, 47.028221699055635], [6.913313659567975, 47.02808428986054], [6.913339801643823, 47.02799290121082], [6.913373015683306, 47.02794093517008], [6.91362498856423, 47.027776281864874], [6.913651892362678, 47.027747980313805], [6.913665838818616, 47.027715598433176], [6.913662437372224, 47.027670759514585], [6.913550334536781, 47.027402042947124], [6.913559971233558, 47.02734098246303], [6.913527677166525, 47.027111554387304], [6.913518769588432, 47.02708490556569], [6.913499248225501, 47.02704327595735], [6.91346980030927, 47.02699840745366], [6.913432854273993, 47.02695620314162], [6.913390973704849, 47.02691950822818], [6.913321680561933, 47.0268745287498], [6.913099482516703, 47.02675903510105], [6.912752636448074, 47.02671510122254], [6.91237065622105, 47.026622790148544], [6.912166792169555, 47.02654010372778], [6.9120623584864775, 47.02645556270568], [6.911913555507205, 47.026291973799914], [6.911779767300139, 47.02611460125045], [6.9117654065682705, 47.026015281467785], [6.911777118028079, 47.02591602783789], [6.911799725003184, 47.025864526123286], [6.911844295425421, 47.02582020476615], [6.912128327980913, 47.02572571230965], [6.912214947975676, 47.025685973954474], [6.912288389091491, 47.02564333242875], [6.912323728447214, 47.0255785312415], [6.912336676530277, 47.02550858075979], [6.912326399886701, 47.02544065534963], [6.912291255900953, 47.025371913933135], [6.912072778329999, 47.025123809279634], [6.911949014871365, 47.02503612965392], [6.911798719477096, 47.02495510121962], [6.9115549389349615, 47.02490978495995], [6.911516578084249, 47.02488864932374], [6.911405497358766, 47.02475019538096], [6.911300666379949, 47.02467440408516], [6.911216325587542, 47.024593750719646], [6.911193681933949, 47.02449547210318], [6.911218601389929, 47.02435213960521], [6.911246543537225, 47.024258465802795], [6.911214831932446, 47.02406323058926], [6.91113960280445, 47.02397644843201], [6.9110804636835566, 47.02392014435293], [6.910946175242387, 47.02384642082911], [6.910859921142705, 47.02375855316321], [6.910794798634622, 47.023640774793485], [6.910722255208851, 47.02352855717394], [6.910519018269902, 47.02337976440883], [6.909927233370476, 47.02316606615011], [6.909778438587552, 47.023103068347645], [6.909708594565072, 47.023077369972846], [6.909680664251581, 47.02305251293134], [6.909631304951715, 47.023021107187596], [6.9094959434789605, 47.02291397748658], [6.909268881441238, 47.02270092714335], [6.9092243428266285, 47.022627715574316], [6.909216788223396, 47.02256431805727], [6.909271088416439, 47.022469831344694], [6.909265683906189, 47.02241247057021], [6.90920505745145, 47.02234731611724], [6.909087116746507, 47.022265192380694], [6.909133078949176, 47.022244985820144], [6.909176748928249, 47.022072208941296], [6.909285094290182, 47.02195677027004], [6.909801209521711, 47.02173316943575], [6.909952500041076, 47.02156843683101], [6.910446455315757, 47.021003918566244], [6.910437847878626, 47.02091778507181], [6.910462268518351, 47.020774387389174], [6.910490069700907, 47.02070961496107], [6.910712008734284, 47.02046820773085], [6.912382431376922, 47.01993697292765], [6.9130941636710945, 47.01971932270009], [6.913953918247744, 47.01944095252558], [6.914516437413894, 47.018998096572794], [6.915306073523743, 47.018330441346244], [6.91588136229856, 47.01783462459357], [6.916382714390053, 47.017416090949226], [6.915508087044854, 47.016160811297546], [6.914491225338402, 47.01506349330436], [6.914238298611341, 47.014271335558234], [6.913892580316971, 47.0135639029047], [6.9137518283137585, 47.013216759462445], [6.912951042916174, 47.01167878448589], [6.912713007798234, 47.01125288025992], [6.912536705341604, 47.01091273093419], [6.9128156637735545, 47.01004799200483], [6.9130277781570415, 47.00936439766269], [6.9140005714030774, 47.00999294989442], [6.915185076282875, 47.010715804729784], [6.91597173989962, 47.011201280294564], [6.916716345173055, 47.01166805541862], [6.91741222558171, 47.01194549419564], [6.91808250317444, 47.012201918986094], [6.918535101834968, 47.01236650636427], [6.919928563954847, 47.01284434368006], [6.921000085000532, 47.01322416912991], [6.921818840934451, 47.01351981450125], [6.924646773932041, 47.01493767456715], [6.9253973787844165, 47.015319952204955], [6.926864562534627, 47.01604971267335], [6.927484507283998, 47.01635037270417], [6.928333407350995, 47.016772074540626], [6.929032651530701, 47.01727174917191], [6.929838197117391, 47.01754161342727], [6.931744260482846, 47.01844713064059], [6.934477444398785, 47.01975890064368], [6.93547919665612, 47.020386843977], [6.937775578937245, 47.02150276847882], [6.940406681466971, 47.02375289177636], [6.9411026437442125, 47.024076787946555], [6.941863419819638, 47.02452033658989], [6.9438072639513075, 47.02555636375854], [6.945745915561709, 47.026708670553894], [6.9467675118001075, 47.02735834558412], [6.950054021465591, 47.02913862928918], [6.954693168546248, 47.0307292831219], [6.955463831634589, 47.030989568637], [6.956090408849842, 47.031167654749424], [6.956515120726995, 47.03131544592898], [6.957513246096846, 47.031528650462754], [6.957593630408891, 47.03142761233986], [6.958975934546928, 47.03175810570973], [6.962873608534618, 47.03261217417517], [6.96433625571081, 47.03295749061095], [6.966685339712621, 47.03475676617139], [6.969576429349551, 47.03716820257655], [6.971100959531117, 47.0388781755125], [6.973795125301851, 47.041868323155256], [6.975253330122921, 47.04461167043516], [6.977263559579779, 47.048213887278685], [6.979659163980792, 47.053299106070995], [6.981227161941756, 47.055814568351934], [6.982194650140664, 47.05735341678563], [6.9834510122830835, 47.05933747751908], [6.985339111606253, 47.06249697521839], [6.986885717526387, 47.06382646014286], [6.9871073137096955, 47.06347492270765], [6.988139842317252, 47.06183686302613], [6.989447990290728, 47.058875093729924], [6.9910576153609165, 47.05516663467892], [6.991058568267655, 47.055164434593486], [6.991771796581647, 47.05153498017173]]]]}}]}