{
  "type": "FeatureCollection",
  "features": [
    {
      "type": "Feature",
      "properties": {
        "source": "swisstopo SWISSBOUNDARIES3D",
        "source:date": "2026-01-01"
      },
      "geometry": {
        "type": "LineString",
        "coordinates": [
          [
            9.475795177389198,
            47.051750178420264
          ],
          [
            9.472428746947552,
            47.05978433616187
          ],
          [
            9.471786006496586,
            47.06151436046323
          ],
          [
            9.471682943892443,
            47.06330862328983
          ],
          [
            9.471870795816608,
            47.06419880569738
          ],
          [
            9.472386798462448,
            47.06502649547901
          ],
          [
            9.473175185467996,
            47.06574493359673
          ],
          [
            9.474097697259609,
            47.066387231619544
          ],
          [
            9.475102050402501,
            47.066965075572234
          ],
          [
            9.476232274631787,
            47.067424602525705
          ],
          [
            9.478481518409165,
            47.06835911066707
          ],
          [
            9.480868742282544,
            47.06927672438222
          ],
          [
            9.48762801938235,
            47.07192129260994
          ],
          [
            9.491106856600911,
            47.073312310390975
          ],
          [
            9.492283534148992,
            47.07384192844348
          ],
          [
            9.502420804119552,
            47.07941163224732
          ],
          [
            9.510636016922296,
            47.08393629432374
          ],
          [
            9.512546353354898,
            47.08499686219333
          ],
          [
            9.512778436000543,
            47.08514598833041
          ],
          [
            9.514159766619711,
            47.0839684994858
          ],
          [
            9.514003705435009,
            47.0839029529605
          ],
          [
            9.514969917304986,
            47.08316956087201
          ],
          [
            9.515019726740633,
            47.08311217013196
          ],
          [
            9.515825598251528,
            47.08250555546767
          ],
          [
            9.51607783413978,
            47.08233672273655
          ],
          [
            9.516196965110604,
            47.08224589996192
          ],
          [
            9.516294048756532,
            47.08215858935537
          ],
          [
            9.516529960685936,
            47.08247814354836
          ],
          [
            9.516935883893227,
            47.08281290417645
          ],
          [
            9.517143171362925,
            47.082741171291765
          ],
          [
            9.518252875690907,
            47.08398065779806
          ],
          [
            9.518715820775277,
            47.08448398474725
          ],
          [
            9.519002072843199,
            47.084418664406435
          ],
          [
            9.519214901103167,
            47.08433483301467
          ],
          [
            9.519817365534802,
            47.08403009066712
          ],
          [
            9.520139075037342,
            47.083851153560346
          ],
          [
            9.520797797041359,
            47.083527902641805
          ],
          [
            9.52133093756607,
            47.083229205090774
          ],
          [
            9.522455500036756,
            47.082626605309045
          ],
          [
            9.522707399100382,
            47.08211202029296
          ],
          [
            9.523903138545576,
            47.080791035433045
          ],
          [
            9.524181864316127,
            47.08047551064381
          ],
          [
            9.525017228219072,
            47.079802822427965
          ],
          [
            9.525225336762707,
            47.07962894885111
          ],
          [
            9.524160873238962,
            47.078981366885095
          ],
          [
            9.526483239415969,
            47.07703746482142
          ],
          [
            9.527083507876045,
            47.0771066301126
          ],
          [
            9.528618047623567,
            47.076986032689085
          ],
          [
            9.529805709760263,
            47.07693066241931
          ],
          [
            9.531310008852326,
            47.07681911888356
          ],
          [
            9.532649764403264,
            47.07676356503108
          ],
          [
            9.533145996339666,
            47.07614573348165
          ],
          [
            9.533238937125422,
            47.07608078074466
          ],
          [
            9.533528953533404,
            47.07604154788287
          ],
          [
            9.53365211286097,
            47.07578839577348
          ],
          [
            9.533666977350414,
            47.075645755641354
          ],
          [
            9.533595437279843,
            47.07547446748286
          ],
          [
            9.533376986766575,
            47.07522337389893
          ],
          [
            9.53323017729261,
            47.07494130587909
          ],
          [
            9.533220519708486,
            47.074728630632215
          ],
          [
            9.533059941266538,
            47.07425667351674
          ],
          [
            9.532758322298921,
            47.07378043251926
          ],
          [
            9.532583824461918,
            47.073572239798594
          ],
          [
            9.53253724170166,
            47.073408171209515
          ],
          [
            9.532539531048531,
            47.07329048750758
          ],
          [
            9.53260266305318,
            47.07311198220712
          ],
          [
            9.53283482890462,
            47.07280445504333
          ],
          [
            9.533251907312971,
            47.07244471141727
          ],
          [
            9.533700638353077,
            47.07216942113475
          ],
          [
            9.533832710865592,
            47.07206328877944
          ],
          [
            9.533883100822138,
            47.071964594976954
          ],
          [
            9.533876436401247,
            47.07191305814222
          ],
          [
            9.533703426210948,
            47.07166034398235
          ],
          [
            9.533553382420008,
            47.07147421979906
          ],
          [
            9.53363233433612,
            47.07127536813628
          ],
          [
            9.533678004553277,
            47.070917190385096
          ],
          [
            9.533947203174598,
            47.07077202248014
          ],
          [
            9.534050109804323,
            47.07019194862031
          ],
          [
            9.533967740781554,
            47.06996350393555
          ],
          [
            9.534111014493558,
            47.06965596751281
          ],
          [
            9.534046662827738,
            47.06923657667051
          ],
          [
            9.534343387983379,
            47.06923682850054
          ],
          [
            9.534477408039187,
            47.069212021114254
          ],
          [
            9.534812268599984,
            47.069060667032325
          ],
          [
            9.535116848381485,
            47.06887089388834
          ],
          [
            9.535276509275304,
            47.0687996545426
          ],
          [
            9.535440333156913,
            47.06863455990931
          ],
          [
            9.535650433218125,
            47.06833752513655
          ],
          [
            9.535761429010432,
            47.068225197611504
          ],
          [
            9.536024903111798,
            47.06801400135456
          ],
          [
            9.5362284619088,
            47.0679012417007
          ],
          [
            9.536464013913385,
            47.06767458283611
          ],
          [
            9.53651318808402,
            47.06759081083345
          ],
          [
            9.536500118895338,
            47.067543584278006
          ],
          [
            9.536397903877983,
            47.0674212774559
          ],
          [
            9.536443134364452,
            47.06738781440977
          ],
          [
            9.536653071641942,
            47.06732099905907
          ],
          [
            9.536905928655528,
            47.06731005130898
          ],
          [
            9.53772262106333,
            47.06695527544096
          ],
          [
            9.538116027033498,
            47.06688639774232
          ],
          [
            9.538287292040549,
            47.06681881996563
          ],
          [
            9.538530569886232,
            47.06668278899073
          ],
          [
            9.538950886103843,
            47.06653886602459
          ],
          [
            9.539252893041946,
            47.06636851046232
          ],
          [
            9.539501633436503,
            47.06629903599258
          ],
          [
            9.539518477328196,
            47.06626042237578
          ],
          [
            9.53940146539055,
            47.066092003251825
          ],
          [
            9.539370631997217,
            47.06595280760725
          ],
          [
            9.539325086233738,
            47.06587972101473
          ],
          [
            9.539666984442249,
            47.06568268335426
          ],
          [
            9.539758618980665,
            47.06558944029793
          ],
          [
            9.539759400869608,
            47.06553448299206
          ],
          [
            9.53968460805522,
            47.06543791573155
          ],
          [
            9.539630033470248,
            47.06530281698242
          ],
          [
            9.539644110920111,
            47.06524504281876
          ],
          [
            9.539761283159928,
            47.06514619429871
          ],
          [
            9.539519781069817,
            47.06500244165175
          ],
          [
            9.538602099110996,
            47.064764433244875
          ],
          [
            9.538445072887814,
            47.0647341207431
          ],
          [
            9.538236047654701,
            47.06471668185669
          ],
          [
            9.537782532004583,
            47.06465821044048
          ],
          [
            9.537466440497008,
            47.06460229935604
          ],
          [
            9.53720994093675,
            47.06453738844347
          ],
          [
            9.536827147526436,
            47.064381141596684
          ],
          [
            9.53651555181081,
            47.06427214641408
          ],
          [
            9.536217426945544,
            47.064212223296344
          ],
          [
            9.535962462354258,
            47.064203268328
          ],
          [
            9.535335327941613,
            47.064225272212425
          ],
          [
            9.53524381021524,
            47.064219646463684
          ],
          [
            9.535162142336814,
            47.064194827556996
          ],
          [
            9.535043716387738,
            47.064120740061206
          ],
          [
            9.53469165653192,
            47.063934239876254
          ],
          [
            9.53454328934285,
            47.063875707643106
          ],
          [
            9.534127515832441,
            47.063815623948884
          ],
          [
            9.53358816657432,
            47.063571172114784
          ],
          [
            9.533117417037692,
            47.06326474626324
          ],
          [
            9.532452519527867,
            47.063015930624196
          ],
          [
            9.532219068466466,
            47.06294604422873
          ],
          [
            9.532132824248755,
            47.06294253340173
          ],
          [
            9.53163441176071,
            47.06302054950074
          ],
          [
            9.531464010269891,
            47.06306359969311
          ],
          [
            9.531360766080898,
            47.06307662197732
          ],
          [
            9.531258130982202,
            47.06307286946049
          ],
          [
            9.531173655286176,
            47.0630411343806
          ],
          [
            9.531063627999362,
            47.063011961645245
          ],
          [
            9.530957687718725,
            47.062998425114735
          ],
          [
            9.530794987224544,
            47.06300465735621
          ],
          [
            9.530607666233406,
            47.06304270575902
          ],
          [
            9.524218979968971,
            47.06169635019717
          ],
          [
            9.516547162785514,
            47.06008745305219
          ],
          [
            9.516192435271032,
            47.05957802977825
          ],
          [
            9.515375141665398,
            47.0585246711442
          ],
          [
            9.514648916227136,
            47.057839474070725
          ],
          [
            9.514147297026328,
            47.05733727300618
          ],
          [
            9.512081948002725,
            47.05681628191702
          ],
          [
            9.502772672869767,
            47.05622403809065
          ],
          [
            9.501533778360997,
            47.05668011308547
          ],
          [
            9.50065695668768,
            47.056804820002576
          ],
          [
            9.500005053435833,
            47.05712561593676
          ],
          [
            9.499712961186477,
            47.05593981156606
          ],
          [
            9.499344886256848,
            47.05480980031599
          ],
          [
            9.4995410972758,
            47.05415294298987
          ],
          [
            9.497396058247684,
            47.054158233731904
          ],
          [
            9.494573296404175,
            47.055823959601966
          ],
          [
            9.493333199280743,
            47.056514618339534
          ],
          [
            9.492422054670307,
            47.05642807996495
          ],
          [
            9.491316500274994,
            47.05624981233
          ],
          [
            9.490777828076087,
            47.05564022607216
          ],
          [
            9.490355095479954,
            47.054945674445015
          ],
          [
            9.490084144465037,
            47.05425371699037
          ],
          [
            9.488328900798455,
            47.0527104468589
          ],
          [
            9.4863334882176,
            47.0498446186336
          ],
          [
            9.48575685369526,
            47.04908992793178
          ],
          [
            9.484383161172081,
            47.04925747823859
          ],
          [
            9.48320797163917,
            47.05106939702692
          ],
          [
            9.48273053138994,
            47.05176934017124
          ],
          [
            9.481896864771205,
            47.052538790710734
          ],
          [
            9.481680332600225,
            47.05343204883792
          ],
          [
            9.481801002887876,
            47.054678433017585
          ],
          [
            9.48228309668929,
            47.056117246930384
          ],
          [
            9.481062738536329,
            47.05607274683003
          ],
          [
            9.480096305011708,
            47.055384145665236
          ],
          [
            9.479790868323962,
            47.0553949864993
          ],
          [
            9.478804435144333,
            47.05565339563599
          ],
          [
            9.4769007322881,
            47.05460045948447
          ],
          [
            9.476279667672422,
            47.05345717682284
          ],
          [
            9.476828964941017,
            47.05211825073454
          ],
          [
            9.476705323060449,
            47.051944607194436
          ],
          [
            9.475795177389198,
            47.051750178420264
          ]
        ]
      }
    },
    {
      "type": "Feature",
      "properties": {
        "source": "swisstopo SWISSBOUNDARIES3D",
        "source:date": "2026-01-01"
      },
      "geometry": {
        "type": "LineString",
        "coordinates": [
          [
            9.591220931339553,
            47.16461101320587
          ],
          [
            9.591595375087804,
            47.16452574627388
          ],
          [
            9.594814492019626,
            47.16345235410181
          ],
          [
            9.596741792101085,
            47.16288636846901
          ],
          [
            9.597739092778328,
            47.161525856485106
          ],
          [
            9.60062404338525,
            47.1591848845759
          ],
          [
            9.600627004762606,
            47.15910833525351
          ],
          [
            9.600738783756274,
            47.15901469476439
          ],
          [
            9.600766562491723,
            47.15900741475827
          ],
          [
            9.600774431916335,
            47.15894361355375
          ],
          [
            9.600901696772903,
            47.158816982244744
          ],
          [
            9.600888892189522,
            47.15874954762216
          ],
          [
            9.600957763661176,
            47.15866066399581
          ],
          [
            9.600925865224594,
            47.15863096696065
          ],
          [
            9.600874520944481,
            47.158528471285564
          ],
          [
            9.600895636221432,
            47.15845980488957
          ],
          [
            9.600870248399334,
            47.15842635912985
          ],
          [
            9.600824096072213,
            47.15840628824415
          ],
          [
            9.600742237298608,
            47.1582769848334
          ],
          [
            9.600690409116057,
            47.15801398836782
          ],
          [
            9.600782306568487,
            47.15776632157064
          ],
          [
            9.600817043598264,
            47.15772037140961
          ],
          [
            9.600834980423931,
            47.157594941164575
          ],
          [
            9.600818148941254,
            47.15756200935174
          ],
          [
            9.600789234441674,
            47.15735317404778
          ],
          [
            9.600742681770464,
            47.15733427143817
          ],
          [
            9.600716416655288,
            47.15729803470697
          ],
          [
            9.600681856760474,
            47.15728765280035
          ],
          [
            9.600663338668989,
            47.15725443774469
          ],
          [
            9.600588396476654,
            47.15721070299734
          ],
          [
            9.60056425448426,
            47.157162692661835
          ],
          [
            9.600487465684308,
            47.157137564852796
          ],
          [
            9.60046422086221,
            47.15710261200869
          ],
          [
            9.60042257605273,
            47.1570827351707
          ],
          [
            9.600384251665336,
            47.15702979050179
          ],
          [
            9.6004075417493,
            47.156967606973396
          ],
          [
            9.60039633395352,
            47.15692823463411
          ],
          [
            9.600368927546993,
            47.15689802108417
          ],
          [
            9.600289852389336,
            47.15689562959076
          ],
          [
            9.600174391404918,
            47.15679586875799
          ],
          [
            9.600175416411972,
            47.156769979671914
          ],
          [
            9.600352419904667,
            47.15670725473695
          ],
          [
            9.600391617523721,
            47.156704448161314
          ],
          [
            9.600477415821372,
            47.15665940064093
          ],
          [
            9.600583773394334,
            47.156499626353735
          ],
          [
            9.60063097086495,
            47.156480319537806
          ],
          [
            9.600706028457788,
            47.15647764836394
          ],
          [
            9.60078782722927,
            47.156387513844884
          ],
          [
            9.600843031256987,
            47.15627517694993
          ],
          [
            9.601032178301512,
            47.15613437010749
          ],
          [
            9.601085810598777,
            47.156060511949526
          ],
          [
            9.601131127296988,
            47.15602536746247
          ],
          [
            9.601260976821337,
            47.15602682130179
          ],
          [
            9.601247762350473,
            47.15590388447895
          ],
          [
            9.601223718281267,
            47.155849159765886
          ],
          [
            9.601246500236297,
            47.15582241150195
          ],
          [
            9.601420656307793,
            47.155805521241604
          ],
          [
            9.60173198366225,
            47.15571801462624
          ],
          [
            9.601787823119633,
            47.155692902845416
          ],
          [
            9.601923680704974,
            47.15559241919677
          ],
          [
            9.601946923443764,
            47.155569900268304
          ],
          [
            9.60194456586197,
            47.155519428705254
          ],
          [
            9.602025543814653,
            47.15538396670439
          ],
          [
            9.602100404080428,
            47.155328505827924
          ],
          [
            9.602095477745438,
            47.155312374763376
          ],
          [
            9.60218525060874,
            47.15523685515194
          ],
          [
            9.602189153741099,
            47.155201265780526
          ],
          [
            9.602157458499669,
            47.155177864008735
          ],
          [
            9.602129018171219,
            47.15504771824067
          ],
          [
            9.602187012023782,
            47.15486714867025
          ],
          [
            9.602239564655049,
            47.15481298029706
          ],
          [
            9.602283270804847,
            47.1547511049497
          ],
          [
            9.602293506369287,
            47.15470575031791
          ],
          [
            9.602357295149643,
            47.154639780733724
          ],
          [
            9.602412306222114,
            47.154550194045065
          ],
          [
            9.602576275919386,
            47.154380722056025
          ],
          [
            9.602756752481904,
            47.15422933143231
          ],
          [
            9.602816581467644,
            47.1541633281232
          ],
          [
            9.60282002748037,
            47.1541334071913
          ],
          [
            9.602863490253883,
            47.154098152880145
          ],
          [
            9.602918090657777,
            47.154001384071
          ],
          [
            9.602909978327183,
            47.153937478517456
          ],
          [
            9.602979819825544,
            47.15380498779636
          ],
          [
            9.60297557890766,
            47.153613756641604
          ],
          [
            9.60300027944924,
            47.15357154892607
          ],
          [
            9.602983880057112,
            47.15347854619175
          ],
          [
            9.60301842826479,
            47.15340195986909
          ],
          [
            9.603049881793272,
            47.15339658066744
          ],
          [
            9.603046439131225,
            47.153348981944454
          ],
          [
            9.603068025506309,
            47.153273494455554
          ],
          [
            9.603059920678097,
            47.153221187456204
          ],
          [
            9.603135571580523,
            47.153164829089775
          ],
          [
            9.603197243616998,
            47.15295467543083
          ],
          [
            9.603179954398628,
            47.15287848013009
          ],
          [
            9.603107706839177,
            47.15278061705031
          ],
          [
            9.603223435627383,
            47.15263897481337
          ],
          [
            9.603356487905003,
            47.1525991630013
          ],
          [
            9.603312245045927,
            47.15247100663104
          ],
          [
            9.603297267523978,
            47.15232252113316
          ],
          [
            9.603309468039473,
            47.15222959178317
          ],
          [
            9.603291859772193,
            47.15219538817379
          ],
          [
            9.603217773105799,
            47.152079437380635
          ],
          [
            9.603104895688046,
            47.152022876250754
          ],
          [
            9.602936166272004,
            47.15189481387585
          ],
          [
            9.60286619923012,
            47.15187251973111
          ],
          [
            9.60282356686655,
            47.15183760837293
          ],
          [
            9.60280451122502,
            47.15178489561577
          ],
          [
            9.602827609443645,
            47.15174483264956
          ],
          [
            9.602809993936646,
            47.151712068822036
          ],
          [
            9.602830677597114,
            47.15160742611746
          ],
          [
            9.602850729200233,
            47.151577156566375
          ],
          [
            9.602921358662595,
            47.15155062291781
          ],
          [
            9.60292879577604,
            47.15151828728673
          ],
          [
            9.602967189673679,
            47.15151755547822
          ],
          [
            9.60302306616405,
            47.15146087653506
          ],
          [
            9.603085193273575,
            47.151429265890144
          ],
          [
            9.603085594068125,
            47.15135146875183
          ],
          [
            9.603221658291286,
            47.15123523243811
          ],
          [
            9.603428765017776,
            47.15115812319739
          ],
          [
            9.603448579362405,
            47.15104996041028
          ],
          [
            9.603498120301248,
            47.15102221281392
          ],
          [
            9.603525081014922,
            47.1509788555862
          ],
          [
            9.603703573869053,
            47.150913082519985
          ],
          [
            9.603779538519449,
            47.15083361028364
          ],
          [
            9.603883109546812,
            47.150799104050115
          ],
          [
            9.603825716372187,
            47.150773289327915
          ],
          [
            9.603792103183896,
            47.150743841342525
          ],
          [
            9.603783744374063,
            47.15068982947747
          ],
          [
            9.603817533254569,
            47.15062942691309
          ],
          [
            9.604012354960544,
            47.15052489638834
          ],
          [
            9.604081300116391,
            47.15053468354124
          ],
          [
            9.604075678771252,
            47.15049291169815
          ],
          [
            9.604094175104665,
            47.15047019371098
          ],
          [
            9.60424729439961,
            47.15036971464073
          ],
          [
            9.60433924155276,
            47.15034655774186
          ],
          [
            9.604372044243954,
            47.15028983584946
          ],
          [
            9.604404783659831,
            47.15027879912286
          ],
          [
            9.604496433173495,
            47.15027794530153
          ],
          [
            9.604559172334103,
            47.15026053047494
          ],
          [
            9.604596847500918,
            47.15023261900997
          ],
          [
            9.604676950419119,
            47.15023717456783
          ],
          [
            9.604800759469436,
            47.150168614788754
          ],
          [
            9.604890083215393,
            47.15006862602448
          ],
          [
            9.604922097224854,
            47.15000254266669
          ],
          [
            9.605033608767567,
            47.14986841931265
          ],
          [
            9.60511233621508,
            47.1498103548187
          ],
          [
            9.60516437486722,
            47.14932057234924
          ],
          [
            9.605194133581817,
            47.149305650331776
          ],
          [
            9.605276178596057,
            47.149196971121526
          ],
          [
            9.605333854168247,
            47.14917278562453
          ],
          [
            9.60546278753964,
            47.149154626538156
          ],
          [
            9.605618541197167,
            47.14909329212899
          ],
          [
            9.605648442207947,
            47.149076027766014
          ],
          [
            9.605686117530727,
            47.149011682069094
          ],
          [
            9.605830515126803,
            47.14894190513078
          ],
          [
            9.605897461494527,
            47.14892550799976
          ],
          [
            9.605986996808467,
            47.148943175173436
          ],
          [
            9.606050769610862,
            47.14892755764379
          ],
          [
            9.606145619690292,
            47.1488361378934
          ],
          [
            9.606206910863989,
            47.14880810451152
          ],
          [
            9.606385832314505,
            47.14875967656013
          ],
          [
            9.606422307198445,
            47.14876306494438
          ],
          [
            9.606491893071757,
            47.14872653362573
          ],
          [
            9.606695051141957,
            47.14867080946589
          ],
          [
            9.60692234328831,
            47.14844871125345
          ],
          [
            9.60699043013019,
            47.14841524029638
          ],
          [
            9.607284065595385,
            47.14832661150486
          ],
          [
            9.607379304863034,
            47.148314178853795
          ],
          [
            9.607460924233168,
            47.148273235717056
          ],
          [
            9.607548038873592,
            47.14825723093667
          ],
          [
            9.607608123637648,
            47.1482508783003
          ],
          [
            9.607748643650856,
            47.14828206927386
          ],
          [
            9.607926731977983,
            47.14825513337769
          ],
          [
            9.608007347147247,
            47.14826067570499
          ],
          [
            9.60815516038941,
            47.14816303571533
          ],
          [
            9.608229419317752,
            47.14802516689935
          ],
          [
            9.60840937332727,
            47.14794831776602
          ],
          [
            9.608511647743022,
            47.147873591510546
          ],
          [
            9.608539389789517,
            47.14786980148886
          ],
          [
            9.60854570676903,
            47.1478512448492
          ],
          [
            9.608611442323195,
            47.14779659042204
          ],
          [
            9.6086999976392,
            47.14776117533418
          ],
          [
            9.60876672822464,
            47.14776585444324
          ],
          [
            9.608821771422098,
            47.147750985014866
          ],
          [
            9.609040031294874,
            47.14775555665999
          ],
          [
            9.609147638374804,
            47.147779475866926
          ],
          [
            9.60921903290888,
            47.14772550607355
          ],
          [
            9.609335281927057,
            47.14772966374847
          ],
          [
            9.609360944381038,
            47.14771363018993
          ],
          [
            9.609392055492753,
            47.147711935919304
          ],
          [
            9.609456474059131,
            47.147648577558506
          ],
          [
            9.609530107167858,
            47.14760460733027
          ],
          [
            9.609590217502843,
            47.147586555435254
          ],
          [
            9.609663395894485,
            47.147575590276084
          ],
          [
            9.609686971192255,
            47.147558831208016
          ],
          [
            9.609719361384434,
            47.147562007736184
          ],
          [
            9.609801384228197,
            47.147531403239334
          ],
          [
            9.60988841124902,
            47.14755911178852
          ],
          [
            9.60995535874019,
            47.14756133858474
          ],
          [
            9.61002157410043,
            47.14751075045708
          ],
          [
            9.610101639401522,
            47.14749821520712
          ],
          [
            9.610216275864698,
            47.14751269644086
          ],
          [
            9.61029940625782,
            47.1475760033797
          ],
          [
            9.610344536572217,
            47.147563884980336
          ],
          [
            9.610394683809975,
            47.14753109278522
          ],
          [
            9.610457151460421,
            47.14753310698169
          ],
          [
            9.610518942670662,
            47.147555173026475
          ],
          [
            9.610547923925008,
            47.14760563654278
          ],
          [
            9.610579864398636,
            47.14762275061732
          ],
          [
            9.610661993983163,
            47.14757496582338
          ],
          [
            9.610716766444188,
            47.14757098847156
          ],
          [
            9.61075956226659,
            47.14758518890899
          ],
          [
            9.610834907153691,
            47.14755059764756
          ],
          [
            9.610912913733156,
            47.14753543725003
          ],
          [
            9.61093045009011,
            47.14749534259432
          ],
          [
            9.61099558717919,
            47.14746597414228
          ],
          [
            9.611031751629183,
            47.14743509258073
          ],
          [
            9.611106217429128,
            47.147407770336855
          ],
          [
            9.611214912933729,
            47.14739352345457
          ],
          [
            9.611287379392161,
            47.14739622105395
          ],
          [
            9.611420838348254,
            47.147374028389464
          ],
          [
            9.611550859507652,
            47.147391573849575
          ],
          [
            9.611631226664622,
            47.14742545380745
          ],
          [
            9.61178993022747,
            47.14740846140413
          ],
          [
            9.611984570397128,
            47.147434871805665
          ],
          [
            9.612011519422122,
            47.147449884285365
          ],
          [
            9.61205936686362,
            47.14752934305851
          ],
          [
            9.612131560710663,
            47.14753311607647
          ],
          [
            9.61222986300898,
            47.14750945460773
          ],
          [
            9.612392799765809,
            47.14752945414367
          ],
          [
            9.6125599153218,
            47.147513687340854
          ],
          [
            9.612726128344566,
            47.1475562100726
          ],
          [
            9.612820953078574,
            47.14746677361797
          ],
          [
            9.612862871573343,
            47.14744768732523
          ],
          [
            9.61302600710481,
            47.14741578025441
          ],
          [
            9.613148090425636,
            47.14741583748045
          ],
          [
            9.61325796462053,
            47.1474416356052
          ],
          [
            9.613306119348584,
            47.14746792636975
          ],
          [
            9.61334247159013,
            47.14745986908607
          ],
          [
            9.613424420860062,
            47.14746579628494
          ],
          [
            9.613694933456975,
            47.14754555877178
          ],
          [
            9.613742355537113,
            47.14754927758916
          ],
          [
            9.61386015000235,
            47.14752591176079
          ],
          [
            9.613960827382872,
            47.14752824482054
          ],
          [
            9.614149548518883,
            47.147603021266534
          ],
          [
            9.614275513469188,
            47.14761873280397
          ],
          [
            9.614362961080026,
            47.14764536825654
          ],
          [
            9.614470274687644,
            47.14769541902943
          ],
          [
            9.614536431124716,
            47.147764452235855
          ],
          [
            9.61458306921555,
            47.14777742676577
          ],
          [
            9.614659546908324,
            47.1477561469398
          ],
          [
            9.614732753709793,
            47.147754977108974
          ],
          [
            9.614960561731966,
            47.14784283366248
          ],
          [
            9.615114251511327,
            47.14794218915982
          ],
          [
            9.61556086739005,
            47.14815659236918
          ],
          [
            9.615895877232404,
            47.14828901898761
          ],
          [
            9.615972075394309,
            47.14833832598202
          ],
          [
            9.616095902170393,
            47.14846283809741
          ],
          [
            9.616457102334513,
            47.14861808154783
          ],
          [
            9.616601736026094,
            47.14869443616173
          ],
          [
            9.61669247015375,
            47.148759934125195
          ],
          [
            9.616835371974913,
            47.14894600114262
          ],
          [
            9.617118204723946,
            47.149038425855835
          ],
          [
            9.617240569388532,
            47.149094856619136
          ],
          [
            9.617379804093064,
            47.14926011651361
          ],
          [
            9.617724944970023,
            47.14937415147383
          ],
          [
            9.618135297366265,
            47.149542558394394
          ],
          [
            9.618243996141851,
            47.14956652950793
          ],
          [
            9.618291444335513,
            47.14959641296039
          ],
          [
            9.61829686170726,
            47.14963484983414
          ],
          [
            9.618516394856162,
            47.149691164550106
          ],
          [
            9.6187040412215,
            47.14975475127774
          ],
          [
            9.618756808270671,
            47.14982063474087
          ],
          [
            9.618761686603765,
            47.14989082771893
          ],
          [
            9.618803328348625,
            47.1498911717822
          ],
          [
            9.618844884556706,
            47.149918224320665
          ],
          [
            9.618863472537264,
            47.14999630972275
          ],
          [
            9.618805816497108,
            47.150137056327345
          ],
          [
            9.618739787752668,
            47.15023483296626
          ],
          [
            9.618743091938738,
            47.15027254504202
          ],
          [
            9.618795952580086,
            47.150351393221335
          ],
          [
            9.619268393349499,
            47.15063932157633
          ],
          [
            9.619357911960472,
            47.15068745592674
          ],
          [
            9.619455609940376,
            47.15071620574106
          ],
          [
            9.61948642279192,
            47.15076766721248
          ],
          [
            9.619454873240285,
            47.150839864957526
          ],
          [
            9.619476769366635,
            47.15089747043381
          ],
          [
            9.619547468614646,
            47.1509239878745
          ],
          [
            9.619643815364041,
            47.15093575643878
          ],
          [
            9.619666874338344,
            47.15100505556995
          ],
          [
            9.619661696686638,
            47.151057622718206
          ],
          [
            9.619797245901946,
            47.151143818968094
          ],
          [
            9.620011731753415,
            47.15134013184476
          ],
          [
            9.62045033892149,
            47.151526765109864
          ],
          [
            9.620546453326678,
            47.15159490253007
          ],
          [
            9.620564280070571,
            47.15164131021528
          ],
          [
            9.62069019110782,
            47.151633098537694
          ],
          [
            9.620834309183673,
            47.151545761234686
          ],
          [
            9.620943604036684,
            47.15151695269046
          ],
          [
            9.621012937745721,
            47.1515183629969
          ],
          [
            9.621078536616348,
            47.15153362952042
          ],
          [
            9.621111801162037,
            47.151560100824575
          ],
          [
            9.621150467492567,
            47.15153856275484
          ],
          [
            9.621212647705166,
            47.151464208298314
          ],
          [
            9.621291026954411,
            47.15145067153626
          ],
          [
            9.621289740860954,
            47.15140944785954
          ],
          [
            9.621316171783644,
            47.151374464650424
          ],
          [
            9.621422415159392,
            47.1513681912673
          ],
          [
            9.621452694465692,
            47.15137225046083
          ],
          [
            9.621464981322688,
            47.1513898697455
          ],
          [
            9.621486026460818,
            47.15139423023893
          ],
          [
            9.621589305652087,
            47.1513515159754
          ],
          [
            9.621644031253204,
            47.15134178446969
          ],
          [
            9.621698616087313,
            47.15129175232826
          ],
          [
            9.62170706627705,
            47.15124314513961
          ],
          [
            9.62178267266397,
            47.15116877834339
          ],
          [
            9.621751110433525,
            47.15109545686431
          ],
          [
            9.621472663750293,
            47.15065516754264
          ],
          [
            9.621391505057376,
            47.15040268715594
          ],
          [
            9.621394591166732,
            47.15036355803653
          ],
          [
            9.621413747518588,
            47.15032260307752
          ],
          [
            9.621471081516702,
            47.150265293199155
          ],
          [
            9.621470085369534,
            47.15021178135487
          ],
          [
            9.621499411714248,
            47.15018829689192
          ],
          [
            9.621567807229974,
            47.15005360767846
          ],
          [
            9.621636011164908,
            47.14997371257658
          ],
          [
            9.621693276167912,
            47.14986171233527
          ],
          [
            9.621797879655071,
            47.14978041502894
          ],
          [
            9.62187346068979,
            47.14975849056792
          ],
          [
            9.622000977629517,
            47.14963039875452
          ],
          [
            9.621908763483303,
            47.14942669235271
          ],
          [
            9.621917358249963,
            47.14934640841953
          ],
          [
            9.62195763972496,
            47.1492924185449
          ],
          [
            9.622126616598715,
            47.149158644051816
          ],
          [
            9.622269526248427,
            47.149081990645755
          ],
          [
            9.622343994677465,
            47.14901570744722
          ],
          [
            9.622394832798765,
            47.14899966059525
          ],
          [
            9.622469773772915,
            47.14885835863136
          ],
          [
            9.622614953674658,
            47.1488234586729
          ],
          [
            9.622698310630991,
            47.14875425288255
          ],
          [
            9.622594274466849,
            47.148669063036884
          ],
          [
            9.62257985228761,
            47.14864307103625
          ],
          [
            9.622575778801933,
            47.14862244336964
          ],
          [
            9.62261133039762,
            47.14856699538706
          ],
          [
            9.622553292432027,
            47.148490334815875
          ],
          [
            9.622554093242895,
            47.14839104151388
          ],
          [
            9.622677740594899,
            47.14823645038876
          ],
          [
            9.622739555822193,
            47.148187549024435
          ],
          [
            9.622850009376773,
            47.14813335930607
          ],
          [
            9.622892135156974,
            47.14804834390692
          ],
          [
            9.622969209916393,
            47.148033354954144
          ],
          [
            9.623004019285611,
            47.14801369812498
          ],
          [
            9.622987483718113,
            47.147948540787446
          ],
          [
            9.623000164666674,
            47.1479270368692
          ],
          [
            9.623057507037577,
            47.147897818583964
          ],
          [
            9.623027818546724,
            47.14785003493155
          ],
          [
            9.623023364892225,
            47.14779909926401
          ],
          [
            9.623068622145624,
            47.14774783084999
          ],
          [
            9.623150471847136,
            47.1477209092799
          ],
          [
            9.62319640953162,
            47.147657237235705
          ],
          [
            9.623199247903223,
            47.147612722746345
          ],
          [
            9.623159554132426,
            47.147525662765084
          ],
          [
            9.623176429249428,
            47.14747541056601
          ],
          [
            9.62317202919435,
            47.14741060751397
          ],
          [
            9.623202313827667,
            47.14737382287008
          ],
          [
            9.623255907543761,
            47.147348427995134
          ],
          [
            9.623263484278766,
            47.14731465739141
          ],
          [
            9.623244046698415,
            47.14725014011822
          ],
          [
            9.623257837630264,
            47.14713533878511
          ],
          [
            9.62329177379362,
            47.147092374875726
          ],
          [
            9.623403603693252,
            47.14705161084639
          ],
          [
            9.623596477589102,
            47.14705434273952
          ],
          [
            9.623645540917277,
            47.14700264179095
          ],
          [
            9.623799873367837,
            47.14698788438435
          ],
          [
            9.623870521454652,
            47.146911495624686
          ],
          [
            9.623901703325814,
            47.1469063857111
          ],
          [
            9.623996485584165,
            47.14684867743959
          ],
          [
            9.624033809283103,
            47.14683829470371
          ],
          [
            9.623933363889883,
            47.146658852651356
          ],
          [
            9.623950899702738,
            47.14656990408148
          ],
          [
            9.623986888500113,
            47.14649132166443
          ],
          [
            9.624048805999282,
            47.14644564795828
          ],
          [
            9.624080985980028,
            47.14643559694687
          ],
          [
            9.6240919836542,
            47.14639195308811
          ],
          [
            9.624124360668457,
            47.14636606131776
          ],
          [
            9.624231967392644,
            47.146335616787894
          ],
          [
            9.624403255827753,
            47.146205519912705
          ],
          [
            9.624548960778766,
            47.14611620364039
          ],
          [
            9.624620638792386,
            47.14609058116811
          ],
          [
            9.624771701941077,
            47.14606398882013
          ],
          [
            9.624781217405928,
            47.146032826713
          ],
          [
            9.624869061101887,
            47.145990645710356
          ],
          [
            9.624930293107278,
            47.145985359902944
          ],
          [
            9.625293299497425,
            47.14600318245176
          ],
          [
            9.625418051936164,
            47.14596276444579
          ],
          [
            9.62542678645128,
            47.14590992223108
          ],
          [
            9.625467242245549,
            47.1458932615994
          ],
          [
            9.625603978045925,
            47.14588143696702
          ],
          [
            9.625696441848918,
            47.14588938693463
          ],
          [
            9.62584152304362,
            47.14588393600405
          ],
          [
            9.624309637989935,
            47.143413939940366
          ],
          [
            9.623446080479827,
            47.14260892941297
          ],
          [
            9.623331248365192,
            47.14239149052426
          ],
          [
            9.62338888736066,
            47.141981431141204
          ],
          [
            9.623047603856866,
            47.141763319981465
          ],
          [
            9.62260756122015,
            47.14139696574567
          ],
          [
            9.622590435222458,
            47.14117478115577
          ],
          [
            9.623265548751192,
            47.14041725173038
          ],
          [
            9.623386718988789,
            47.14024900182114
          ],
          [
            9.623497279633456,
            47.1400079321814
          ],
          [
            9.623516192987095,
            47.13988331502694
          ],
          [
            9.62356487281732,
            47.13980138687693
          ],
          [
            9.623572604718268,
            47.13972623000004
          ],
          [
            9.623743315871913,
            47.139597008343365
          ],
          [
            9.623763898103132,
            47.139567534508714
          ],
          [
            9.623794029562019,
            47.1392748945321
          ],
          [
            9.623888035051273,
            47.13916652227597
          ],
          [
            9.624699138156334,
            47.13859445333419
          ],
          [
            9.625002378299323,
            47.13846499441993
          ],
          [
            9.624913171968773,
            47.13841477106577
          ],
          [
            9.624897964159109,
            47.13832625597744
          ],
          [
            9.624861843871917,
            47.138243285715276
          ],
          [
            9.62487384382063,
            47.13815063575804
          ],
          [
            9.624851892937176,
            47.138032311530296
          ],
          [
            9.624871250338426,
            47.13792963246723
          ],
          [
            9.624974126374548,
            47.13775961396787
          ],
          [
            9.624980164118991,
            47.13768113277215
          ],
          [
            9.625018941019633,
            47.13758705557266
          ],
          [
            9.624993057449556,
            47.13740120180853
          ],
          [
            9.624881661404888,
            47.13723999240048
          ],
          [
            9.624800320352536,
            47.13701328833994
          ],
          [
            9.624783083207477,
            47.136784375070874
          ],
          [
            9.624766665756855,
            47.13672982460927
          ],
          [
            9.624744667924421,
            47.136697489159
          ],
          [
            9.624713797478922,
            47.136680376657054
          ],
          [
            9.624762630037834,
            47.13663748864576
          ],
          [
            9.624826069039198,
            47.136606758445616
          ],
          [
            9.624848827290629,
            47.13653149551755
          ],
          [
            9.62478502138663,
            47.13642250681842
          ],
          [
            9.624683346915056,
            47.13637364528429
          ],
          [
            9.62465357671822,
            47.136342141526306
          ],
          [
            9.62461519610704,
            47.1362351076769
          ],
          [
            9.624590557808988,
            47.136006407115275
          ],
          [
            9.624453806150802,
            47.13586968709831
          ],
          [
            9.624476606985297,
            47.135751231492215
          ],
          [
            9.62440304622566,
            47.135554784491475
          ],
          [
            9.624350598426506,
            47.135385479771216
          ],
          [
            9.624350237896152,
            47.13531498479229
          ],
          [
            9.624370007340191,
            47.135268564406104
          ],
          [
            9.624314865732492,
            47.135145328306976
          ],
          [
            9.624244631664011,
            47.13510359804107
          ],
          [
            9.624327182025674,
            47.13495387076846
          ],
          [
            9.624294438957158,
            47.13486989126894
          ],
          [
            9.624393603235662,
            47.13476374177677
          ],
          [
            9.62454769957405,
            47.134440281706425
          ],
          [
            9.624779136180294,
            47.134226380509105
          ],
          [
            9.624591904604236,
            47.13382023929168
          ],
          [
            9.624675745698825,
            47.1336282579795
          ],
          [
            9.624841473723968,
            47.13351961805974
          ],
          [
            9.62487874744499,
            47.13343174220872
          ],
          [
            9.624942124605147,
            47.133392491609705
          ],
          [
            9.624902782775836,
            47.13323380770913
          ],
          [
            9.62475443580972,
            47.13307647754216
          ],
          [
            9.624709345970352,
            47.13262242487565
          ],
          [
            9.625600895013788,
            47.131924891301104
          ],
          [
            9.626388454957487,
            47.13150447207738
          ],
          [
            9.62666143450764,
            47.13143092357286
          ],
          [
            9.627134521119553,
            47.13137361204293
          ],
          [
            9.627223789770785,
            47.13133401998097
          ],
          [
            9.627484690600273,
            47.13118054231548
          ],
          [
            9.627662641572195,
            47.131031604592465
          ],
          [
            9.627838669240354,
            47.13091819266386
          ],
          [
            9.627926117965654,
            47.130903443123124
          ],
          [
            9.627965932295245,
            47.13087300808469
          ],
          [
            9.628006262592278,
            47.1308838745849
          ],
          [
            9.62803444437144,
            47.130855622779464
          ],
          [
            9.628086849700232,
            47.13083966909915
          ],
          [
            9.628212675913371,
            47.13076452913868
          ],
          [
            9.628297610472352,
            47.13073087670313
          ],
          [
            9.628388210319512,
            47.130716777628486
          ],
          [
            9.628444205007595,
            47.130680599096515
          ],
          [
            9.628701437454195,
            47.1306499798212
          ],
          [
            9.629141548993909,
            47.13075528548211
          ],
          [
            9.62921424713992,
            47.13065946207924
          ],
          [
            9.62927748292245,
            47.13063205345879
          ],
          [
            9.629546782703692,
            47.1306015171806
          ],
          [
            9.629712447392627,
            47.13051240641253
          ],
          [
            9.629859954625356,
            47.13047158481881
          ],
          [
            9.630026693972955,
            47.130441590231634
          ],
          [
            9.630052361137507,
            47.130424732773534
          ],
          [
            9.630048212301618,
            47.1303301672603
          ],
          [
            9.630079859966369,
            47.13027936195628
          ],
          [
            9.630171086339598,
            47.13023873136809
          ],
          [
            9.630243134587705,
            47.130223697832776
          ],
          [
            9.630249626033054,
            47.13020061924166
          ],
          [
            9.630368788021745,
            47.13007039004297
          ],
          [
            9.630388913950354,
            47.1300544210449
          ],
          [
            9.630442216301692,
            47.13005042595506
          ],
          [
            9.630470222504746,
            47.13003531445474
          ],
          [
            9.630536020808844,
            47.12992434253955
          ],
          [
            9.630612788574554,
            47.129899644494884
          ],
          [
            9.630856724701902,
            47.12976341730139
          ],
          [
            9.630945480543966,
            47.12962130477967
          ],
          [
            9.631099947259592,
            47.12956216307672
          ],
          [
            9.63114203931904,
            47.12946959477578
          ],
          [
            9.631426525398902,
            47.12924637937059
          ],
          [
            9.63163785123634,
            47.12914396760817
          ],
          [
            9.631767429779009,
            47.12912200422094
          ],
          [
            9.631790966721132,
            47.12908697432808
          ],
          [
            9.631809162219332,
            47.12908601517134
          ],
          [
            9.631837408531954,
            47.12903302464982
          ],
          [
            9.632212989910698,
            47.128809634224
          ],
          [
            9.632251645059672,
            47.12881599603058
          ],
          [
            9.632425786118466,
            47.12875411031982
          ],
          [
            9.632455815494138,
            47.128715689924675
          ],
          [
            9.632484069093708,
            47.128702462837204
          ],
          [
            9.632570294885507,
            47.12869112539104
          ],
          [
            9.632614862092897,
            47.1286696322551
          ],
          [
            9.6326989327494,
            47.12865107418096
          ],
          [
            9.63271410475118,
            47.12857057310649
          ],
          [
            9.63273013812214,
            47.128553862959265
          ],
          [
            9.632793069847025,
            47.12852878869026
          ],
          [
            9.632849608979882,
            47.128480287738626
          ],
          [
            9.632902299444797,
            47.12846237369277
          ],
          [
            9.632926319149329,
            47.12842113445243
          ],
          [
            9.633074104511694,
            47.12836735460207
          ],
          [
            9.633147664721575,
            47.128306632609146
          ],
          [
            9.633230702591744,
            47.1282879858732
          ],
          [
            9.633415802448944,
            47.12827445347635
          ],
          [
            9.633477972679065,
            47.12821699925196
          ],
          [
            9.633524353738489,
            47.128197315765945
          ],
          [
            9.633642101869071,
            47.128174370389914
          ],
          [
            9.633699384334976,
            47.128117981225955
          ],
          [
            9.633796823907794,
            47.12805443607006
          ],
          [
            9.634007746836762,
            47.128002211330745
          ],
          [
            9.634198808169977,
            47.12801543287837
          ],
          [
            9.634289565222206,
            47.12807248510848
          ],
          [
            9.6343873082425,
            47.1281034524891
          ],
          [
            9.634459690467086,
            47.12814229206813
          ],
          [
            9.634671979277547,
            47.12818956195571
          ],
          [
            9.634719205723679,
            47.12818470913
          ],
          [
            9.634800474409616,
            47.12814127755606
          ],
          [
            9.634883842097791,
            47.1281265106009
          ],
          [
            9.634987508593017,
            47.12808622315937
          ],
          [
            9.634962024124299,
            47.1280184666224
          ],
          [
            9.634908176886277,
            47.12796478572506
          ],
          [
            9.634731952034008,
            47.127875497550725
          ],
          [
            9.634597898320107,
            47.12775261316728
          ],
          [
            9.634363137928778,
            47.12766082571794
          ],
          [
            9.63424600130064,
            47.12757747145818
          ],
          [
            9.63409285632458,
            47.127391539795575
          ],
          [
            9.634070966789745,
            47.12729085235323
          ],
          [
            9.633908273370826,
            47.1271527132545
          ],
          [
            9.633860994171531,
            47.12707749929632
          ],
          [
            9.633727188124817,
            47.12696859268201
          ],
          [
            9.633649754860265,
            47.126778883545455
          ],
          [
            9.63373606144377,
            47.126687296165755
          ],
          [
            9.633752289579151,
            47.12661363145797
          ],
          [
            9.633709565884093,
            47.12650256190124
          ],
          [
            9.633603783571843,
            47.12642818646233
          ],
          [
            9.633596340198643,
            47.126401963426765
          ],
          [
            9.633548896686348,
            47.126361297222566
          ],
          [
            9.63351398422039,
            47.12626772419114
          ],
          [
            9.633549886386726,
            47.126222424494635
          ],
          [
            9.63354154645749,
            47.126153116395265
          ],
          [
            9.633533163706948,
            47.12612906190906
          ],
          [
            9.633432979094005,
            47.12606899478635
          ],
          [
            9.633453396444533,
            47.12602900297828
          ],
          [
            9.63341531037483,
            47.12596734476088
          ],
          [
            9.633379374326168,
            47.12594429345891
          ],
          [
            9.633423319156385,
            47.1258980393241
          ],
          [
            9.633387227533985,
            47.125794023673585
          ],
          [
            9.63332384999911,
            47.125773413149055
          ],
          [
            9.633317716765694,
            47.12574666116361
          ],
          [
            9.633283857241265,
            47.12573566398053
          ],
          [
            9.63321265036812,
            47.12567812065598
          ],
          [
            9.633183941186829,
            47.12563549479476
          ],
          [
            9.633209333543016,
            47.125617481008625
          ],
          [
            9.633131650457297,
            47.12560263260719
          ],
          [
            9.633116856270043,
            47.1255636822627
          ],
          [
            9.633030801936215,
            47.12546233938208
          ],
          [
            9.633053717737234,
            47.12544116050731
          ],
          [
            9.633054826603658,
            47.12541804051822
          ],
          [
            9.633028843711145,
            47.12538820322698
          ],
          [
            9.633040902876962,
            47.12536237256816
          ],
          [
            9.633012148612222,
            47.125292590450755
          ],
          [
            9.632945317284697,
            47.12519253610124
          ],
          [
            9.632842337675038,
            47.12513433954228
          ],
          [
            9.632875610800449,
            47.125087947451874
          ],
          [
            9.632843376604455,
            47.125012382808414
          ],
          [
            9.632769003422,
            47.124932880681925
          ],
          [
            9.632638832156017,
            47.124879657373896
          ],
          [
            9.632618442109154,
            47.12479970027192
          ],
          [
            9.632578071016898,
            47.12475912361038
          ],
          [
            9.632540711062576,
            47.12475341211055
          ],
          [
            9.632432370278822,
            47.12470398299436
          ],
          [
            9.632329818598894,
            47.12466809378023
          ],
          [
            9.632237178021905,
            47.124665903118945
          ],
          [
            9.63219310522376,
            47.12460994679966
          ],
          [
            9.631921888786984,
            47.12444042982516
          ],
          [
            9.631781993043875,
            47.1242067669811
          ],
          [
            9.631732954508003,
            47.12417696454773
          ],
          [
            9.631762479514544,
            47.124117596682495
          ],
          [
            9.631689716987783,
            47.12409825323048
          ],
          [
            9.631678447500883,
            47.1240339590282
          ],
          [
            9.631646767584593,
            47.12401820464059
          ],
          [
            9.631578428806916,
            47.12401319207354
          ],
          [
            9.631565128381052,
            47.123992965632404
          ],
          [
            9.631500390310737,
            47.12396449754421
          ],
          [
            9.631462852263752,
            47.12393350369402
          ],
          [
            9.631409482701244,
            47.123924444033186
          ],
          [
            9.631261845965756,
            47.123756940341046
          ],
          [
            9.631200472441721,
            47.12372337779957
          ],
          [
            9.631179854646955,
            47.123678995358205
          ],
          [
            9.631120601933945,
            47.123655686437836
          ],
          [
            9.631082510678711,
            47.12354615628676
          ],
          [
            9.631009765806388,
            47.12353590943231
          ],
          [
            9.630955571297976,
            47.12349897037469
          ],
          [
            9.630941573757354,
            47.12345173507367
          ],
          [
            9.630965562903286,
            47.12343101303869
          ],
          [
            9.630945849667224,
            47.12338682026146
          ],
          [
            9.630877731535621,
            47.123345647648826
          ],
          [
            9.630794062873685,
            47.123334880214976
          ],
          [
            9.630804888761613,
            47.12331336554001
          ],
          [
            9.630735620585872,
            47.12324861207429
          ],
          [
            9.630659594791114,
            47.1232580350392
          ],
          [
            9.630654720485973,
            47.123238484596975
          ],
          [
            9.630632070765367,
            47.123226561939774
          ],
          [
            9.630586306379486,
            47.123229351645364
          ],
          [
            9.630534579604978,
            47.123204369140446
          ],
          [
            9.63045813729086,
            47.12306646068727
          ],
          [
            9.630438802300134,
            47.12305338596003
          ],
          [
            9.630449566499806,
            47.122996877852486
          ],
          [
            9.630431010467207,
            47.12298479608188
          ],
          [
            9.630391731409718,
            47.122985626335144
          ],
          [
            9.630289147135791,
            47.12294109756538
          ],
          [
            9.630269684928269,
            47.12289689989288
          ],
          [
            9.630184289639773,
            47.122829448269954
          ],
          [
            9.630112938693713,
            47.12281200258393
          ],
          [
            9.630068824516252,
            47.12276009555028
          ],
          [
            9.62998178630331,
            47.122715297007005
          ],
          [
            9.62985251852927,
            47.122703265946974
          ],
          [
            9.629748707132952,
            47.12265063459016
          ],
          [
            9.629698236977564,
            47.122610915435
          ],
          [
            9.629618856371055,
            47.12251516583753
          ],
          [
            9.62953566260156,
            47.12248793945059
          ],
          [
            9.629449900959063,
            47.12240698774749
          ],
          [
            9.629375767340232,
            47.1223930410486
          ],
          [
            9.629263105413903,
            47.12234188278247
          ],
          [
            9.629124958794705,
            47.122117037954915
          ],
          [
            9.629025174853096,
            47.12206838745204
          ],
          [
            9.628957522757185,
            47.12205366904864
          ],
          [
            9.628820438930987,
            47.12196430096114
          ],
          [
            9.628755785128268,
            47.12189139586828
          ],
          [
            9.62867766839373,
            47.12186932715048
          ],
          [
            9.628579664517693,
            47.12178876114846
          ],
          [
            9.628485099125085,
            47.12174293519581
          ],
          [
            9.628426580385424,
            47.12168463431793
          ],
          [
            9.628343308695628,
            47.121664157354665
          ],
          [
            9.62829795755227,
            47.121635444032634
          ],
          [
            9.628217909885903,
            47.12154004817098
          ],
          [
            9.628191263651015,
            47.121315003033615
          ],
          [
            9.628138760701937,
            47.121309002833016
          ],
          [
            9.628037339837773,
            47.121254758726714
          ],
          [
            9.62796100112581,
            47.12122875037185
          ],
          [
            9.627918467324577,
            47.12117639851953
          ],
          [
            9.627865251083582,
            47.121145216377464
          ],
          [
            9.627879481019578,
            47.121085394085256
          ],
          [
            9.627838511264228,
            47.121025507770455
          ],
          [
            9.627738058544649,
            47.12097783176573
          ],
          [
            9.627712544222133,
            47.120936115572995
          ],
          [
            9.627649301241668,
            47.120904413502
          ],
          [
            9.627539402796577,
            47.12080497875362
          ],
          [
            9.627425466072244,
            47.12075217835348
          ],
          [
            9.627352406112317,
            47.120647380494226
          ],
          [
            9.627192121206827,
            47.12059044169644
          ],
          [
            9.627134667866766,
            47.120511378681684
          ],
          [
            9.627064234990428,
            47.12049565036695
          ],
          [
            9.62698023622963,
            47.12046023103017
          ],
          [
            9.626910069919212,
            47.120414901941295
          ],
          [
            9.626885627509521,
            47.120321019667315
          ],
          [
            9.626859591300036,
            47.12029747192685
          ],
          [
            9.626835169393503,
            47.120241175400274
          ],
          [
            9.626778075008017,
            47.12020376778644
          ],
          [
            9.626711523109918,
            47.12018428502223
          ],
          [
            9.626697759313995,
            47.12014975048743
          ],
          [
            9.626634305000383,
            47.120114452562014
          ],
          [
            9.626607231328157,
            47.1199713363282
          ],
          [
            9.626566061967829,
            47.11995553635149
          ],
          [
            9.626488652567552,
            47.1198497230033
          ],
          [
            9.626360941967885,
            47.11981366887599
          ],
          [
            9.626305209655248,
            47.11983247484571
          ],
          [
            9.626266972027247,
            47.11982486143877
          ],
          [
            9.626230705949656,
            47.11977678085515
          ],
          [
            9.62620062900823,
            47.11976885907312
          ],
          [
            9.626172217881672,
            47.119775248950226
          ],
          [
            9.62614824331651,
            47.11976439448064
          ],
          [
            9.62612335939394,
            47.119702896561584
          ],
          [
            9.626041439563956,
            47.11965120394745
          ],
          [
            9.62597488843166,
            47.119531056123364
          ],
          [
            9.62592660539035,
            47.1194972956582
          ],
          [
            9.62569964177926,
            47.119480857088035
          ],
          [
            9.625514604130462,
            47.119441313128505
          ],
          [
            9.625481006788487,
            47.11937237732283
          ],
          [
            9.625404621632422,
            47.11933771179735
          ],
          [
            9.625363140911338,
            47.119335567836856
          ],
          [
            9.625321503453046,
            47.119217923935985
          ],
          [
            9.625250699743825,
            47.1191911246279
          ],
          [
            9.625182613352838,
            47.11912854108884
          ],
          [
            9.625155641534564,
            47.119076566981356
          ],
          [
            9.625192664912094,
            47.11900734888875
          ],
          [
            9.625134301252627,
            47.118958491745296
          ],
          [
            9.625114853025105,
            47.11888641609108
          ],
          [
            9.625046127398484,
            47.118832375084644
          ],
          [
            9.624949030798799,
            47.11880054196925
          ],
          [
            9.624934664410212,
            47.11877606987191
          ],
          [
            9.62498449048762,
            47.11871433780392
          ],
          [
            9.625104302076968,
            47.118655845015034
          ],
          [
            9.625119228776379,
            47.11861721894494
          ],
          [
            9.625097561977611,
            47.11859216593157
          ],
          [
            9.625097954505344,
            47.1185646594806
          ],
          [
            9.62504705763606,
            47.11855659372752
          ],
          [
            9.625031749488048,
            47.1185174542439
          ],
          [
            9.624937871758348,
            47.118472431268444
          ],
          [
            9.624923848552399,
            47.11839696794623
          ],
          [
            9.624931221796327,
            47.11837803006914
          ],
          [
            9.624962460079269,
            47.11836760941159
          ],
          [
            9.62483891328388,
            47.11818549407793
          ],
          [
            9.624832927459376,
            47.118130592021714
          ],
          [
            9.624863783902772,
            47.11811953977048
          ],
          [
            9.624811178312958,
            47.11807252555031
          ],
          [
            9.624748860774123,
            47.11804173117966
          ],
          [
            9.624722396517766,
            47.11799118705507
          ],
          [
            9.624729476982402,
            47.117915043201826
          ],
          [
            9.624759085149138,
            47.117897958833346
          ],
          [
            9.624647635662603,
            47.11760949548087
          ],
          [
            9.624681155624879,
            47.11751130648034
          ],
          [
            9.61761080306212,
            47.12011658046074
          ],
          [
            9.615791104535443,
            47.12077715308868
          ],
          [
            9.614029580880326,
            47.12143421895953
          ],
          [
            9.61350046330181,
            47.12175305787527
          ],
          [
            9.612676394843666,
            47.12227481741398
          ],
          [
            9.612561718362663,
            47.12236029353755
          ],
          [
            9.612573437979144,
            47.122438195123884
          ],
          [
            9.612290731323112,
            47.122840639029924
          ],
          [
            9.61227281028857,
            47.12294181309074
          ],
          [
            9.61239012837001,
            47.12310347084338
          ],
          [
            9.612419308630626,
            47.123215604599544
          ],
          [
            9.61242566345305,
            47.12335553403095
          ],
          [
            9.612451456377407,
            47.123465410297
          ],
          [
            9.612441612426164,
            47.123630751458634
          ],
          [
            9.61242284551446,
            47.12369291587216
          ],
          [
            9.612220095274033,
            47.12376400477832
          ],
          [
            9.612112365582375,
            47.12389371058343
          ],
          [
            9.61189179345526,
            47.12422660871673
          ],
          [
            9.611832264257641,
            47.124417751794795
          ],
          [
            9.611848014885183,
            47.12452773710192
          ],
          [
            9.612095543999583,
            47.12498402932652
          ],
          [
            9.612112866026651,
            47.125167438016426
          ],
          [
            9.612059855920998,
            47.12534932457832
          ],
          [
            9.61179512772547,
            47.12581122927285
          ],
          [
            9.611648246955458,
            47.126301678860194
          ],
          [
            9.61153641924634,
            47.1265530644199
          ],
          [
            9.611371275175667,
            47.126816516877696
          ],
          [
            9.61122540145728,
            47.12688466562848
          ],
          [
            9.611124283478551,
            47.12716806210042
          ],
          [
            9.611078362898173,
            47.12736817950813
          ],
          [
            9.610952285682789,
            47.12740827485032
          ],
          [
            9.610906354336906,
            47.127432070800886
          ],
          [
            9.61088085969597,
            47.127464658661914
          ],
          [
            9.610872547816541,
            47.12750837652737
          ],
          [
            9.610996598521561,
            47.127597661067114
          ],
          [
            9.611028336053128,
            47.127638327247645
          ],
          [
            9.611033847678234,
            47.12769323861826
          ],
          [
            9.611006268136016,
            47.12775794483586
          ],
          [
            9.610921815545192,
            47.12782375318378
          ],
          [
            9.610752363743044,
            47.12785679471997
          ],
          [
            9.610386092189191,
            47.12807699509712
          ],
          [
            9.610368909601329,
            47.1281506828987
          ],
          [
            9.61042614191049,
            47.12824356139675
          ],
          [
            9.61050995944179,
            47.12833135727326
          ],
          [
            9.610560486685324,
            47.12842437143414
          ],
          [
            9.610569197706763,
            47.128474633210416
          ],
          [
            9.610535562219374,
            47.12855550669646
          ],
          [
            9.610372707473184,
            47.1286709372478
          ],
          [
            9.610305250407931,
            47.12874330757943
          ],
          [
            9.610277390502594,
            47.12888595305776
          ],
          [
            9.610279368754147,
            47.12919077768651
          ],
          [
            9.610258215148868,
            47.12924849653924
          ],
          [
            9.609841108187426,
            47.12996250965132
          ],
          [
            9.609657091852524,
            47.13022046676106
          ],
          [
            9.609586083588539,
            47.13045793219741
          ],
          [
            9.609522167764924,
            47.13053479720671
          ],
          [
            9.609434176859473,
            47.130596091017416
          ],
          [
            9.609266360961469,
            47.13067035637812
          ],
          [
            9.609089764112465,
            47.130861692996675
          ],
          [
            9.608901760411529,
            47.13101888030289
          ],
          [
            9.608943814143354,
            47.13115103568333
          ],
          [
            9.608932219846405,
            47.13119710088333
          ],
          [
            9.60882253937527,
            47.13130234647155
          ],
          [
            9.608769178962074,
            47.13139277004124
          ],
          [
            9.608771621021274,
            47.1314546230842
          ],
          [
            9.60883481230334,
            47.13169866884449
          ],
          [
            9.60882090419006,
            47.13185481766025
          ],
          [
            9.608859848364354,
            47.132078715226484
          ],
          [
            9.60884519894073,
            47.13213171278105
          ],
          [
            9.608778530822294,
            47.132224673191956
          ],
          [
            9.60879013643446,
            47.1322634255708
          ],
          [
            9.60876200791749,
            47.1323143920846
          ],
          [
            9.608666574259273,
            47.132442296022674
          ],
          [
            9.608654660653372,
            47.13247919795701
          ],
          [
            9.608703845898063,
            47.132622673533405
          ],
          [
            9.608678665184412,
            47.13289398811332
          ],
          [
            9.608215570354528,
            47.13321901197024
          ],
          [
            9.608290704502965,
            47.13409007501117
          ],
          [
            9.608816388638786,
            47.13436861610365
          ],
          [
            9.608869555328786,
            47.13444015619893
          ],
          [
            9.60880298703101,
            47.13471579755191
          ],
          [
            9.608804357222166,
            47.13476844756095
          ],
          [
            9.608863408072613,
            47.13485013457784
          ],
          [
            9.608784326343184,
            47.13516026859673
          ],
          [
            9.608661060866584,
            47.1354458076804
          ],
          [
            9.608575938571459,
            47.13552246046352
          ],
          [
            9.608414285869863,
            47.13561840162031
          ],
          [
            9.608319346135644,
            47.13570433679443
          ],
          [
            9.608230080913172,
            47.13587950855922
          ],
          [
            9.608201126356228,
            47.13605620522992
          ],
          [
            9.607831284252173,
            47.136392954727754
          ],
          [
            9.607429033788604,
            47.136512574509645
          ],
          [
            9.607306831111483,
            47.1365805407993
          ],
          [
            9.60707031598929,
            47.1367621702453
          ],
          [
            9.60688958087881,
            47.13702780741222
          ],
          [
            9.606544487204385,
            47.13715585679976
          ],
          [
            9.606475619999177,
            47.137213988797875
          ],
          [
            9.606407442184368,
            47.137427822612366
          ],
          [
            9.60636716112994,
            47.13768479875613
          ],
          [
            9.606270354048961,
            47.13782800519816
          ],
          [
            9.606142526902824,
            47.13793726124147
          ],
          [
            9.606083063743379,
            47.137970074489346
          ],
          [
            9.605827305641695,
            47.13792524499087
          ],
          [
            9.605730114129353,
            47.137924189160465
          ],
          [
            9.605647588129251,
            47.13797104239257
          ],
          [
            9.605366116211698,
            47.138228795064435
          ],
          [
            9.605004608359621,
            47.13824027071891
          ],
          [
            9.604888616548779,
            47.13828983276259
          ],
          [
            9.604742118083259,
            47.13845428341287
          ],
          [
            9.604577540174668,
            47.13856858537947
          ],
          [
            9.604400829743051,
            47.13873112137245
          ],
          [
            9.603993104466028,
            47.13889888239431
          ],
          [
            9.60375050261715,
            47.13897524970942
          ],
          [
            9.603625657522763,
            47.139070724275676
          ],
          [
            9.603450400847297,
            47.139290496150835
          ],
          [
            9.602877332142953,
            47.13967331176032
          ],
          [
            9.602708845930966,
            47.13989529443531
          ],
          [
            9.60257310522645,
            47.13995884018837
          ],
          [
            9.602267243810742,
            47.14004974858279
          ],
          [
            9.602118936851532,
            47.14014303555607
          ],
          [
            9.601621173737714,
            47.14043375175194
          ],
          [
            9.601404155518761,
            47.14061020572548
          ],
          [
            9.601314104487521,
            47.14077615393235
          ],
          [
            9.6007585395403,
            47.14093558971571
          ],
          [
            9.60054886258777,
            47.14114175999994
          ],
          [
            9.600306810407368,
            47.14124744361686
          ],
          [
            9.600020832758013,
            47.14133527237466
          ],
          [
            9.599521399371572,
            47.1416109743426
          ],
          [
            9.59908650486993,
            47.141927230735966
          ],
          [
            9.59892042546139,
            47.141986276207106
          ],
          [
            9.598778273776285,
            47.14206798819205
          ],
          [
            9.598341647690512,
            47.14260882475372
          ],
          [
            9.598078843952493,
            47.1428361803548
          ],
          [
            9.597787545526378,
            47.14298593002063
          ],
          [
            9.597506677894664,
            47.14300265130716
          ],
          [
            9.597026386870677,
            47.14308564538593
          ],
          [
            9.596648244298084,
            47.14309424808202
          ],
          [
            9.596156044466134,
            47.1430925819103
          ],
          [
            9.596025101075789,
            47.14307563949987
          ],
          [
            9.595674242647455,
            47.14295561034367
          ],
          [
            9.595271962624475,
            47.142932375901225
          ],
          [
            9.594917879058208,
            47.14296820900624
          ],
          [
            9.594487942366763,
            47.1430575453356
          ],
          [
            9.593731603146534,
            47.14307242124726
          ],
          [
            9.593313183360733,
            47.14322806992348
          ],
          [
            9.593055288117398,
            47.143375174540346
          ],
          [
            9.592950469246876,
            47.143479385688146
          ],
          [
            9.592305194203217,
            47.14367181055574
          ],
          [
            9.592108189723875,
            47.14369680026236
          ],
          [
            9.591664906858338,
            47.14393979513152
          ],
          [
            9.591520976574563,
            47.1439413121836
          ],
          [
            9.591334542361087,
            47.143989110951615
          ],
          [
            9.591272197398071,
            47.14404705713538
          ],
          [
            9.591271294990905,
            47.144157067987045
          ],
          [
            9.591142137925717,
            47.144222582004815
          ],
          [
            9.590763528533252,
            47.14436176470806
          ],
          [
            9.590489837193626,
            47.1445525573237
          ],
          [
            9.590302560226855,
            47.14471492611419
          ],
          [
            9.590060568796728,
            47.144782658871385
          ],
          [
            9.589739237860716,
            47.14494628486559
          ],
          [
            9.589559583925293,
            47.145000801387205
          ],
          [
            9.589088652920816,
            47.145216336806975
          ],
          [
            9.588951715599524,
            47.1452337635201
          ],
          [
            9.588664054186347,
            47.14524816049748
          ],
          [
            9.588440892985309,
            47.145305414592094
          ],
          [
            9.58814177555809,
            47.14541154503068
          ],
          [
            9.587743831778653,
            47.14543850272718
          ],
          [
            9.587375593524467,
            47.14544455887641
          ],
          [
            9.587283509154437,
            47.14552337656452
          ],
          [
            9.586471649248518,
            47.14561183908739
          ],
          [
            9.585974931426227,
            47.14587572249919
          ],
          [
            9.585620055461293,
            47.14603737173477
          ],
          [
            9.585469078355885,
            47.14618093191279
          ],
          [
            9.585234657881704,
            47.146339061466506
          ],
          [
            9.585124911079367,
            47.14637453901491
          ],
          [
            9.58495365996737,
            47.146353369583565
          ],
          [
            9.584589291784,
            47.146226540422425
          ],
          [
            9.584081926502757,
            47.146146965031
          ],
          [
            9.583655842949742,
            47.146110078725656
          ],
          [
            9.583445441132337,
            47.14613741789351
          ],
          [
            9.583289595439606,
            47.146210007408584
          ],
          [
            9.583138193092227,
            47.14633522506706
          ],
          [
            9.583006960637668,
            47.146462531751496
          ],
          [
            9.582913772376353,
            47.14649096763807
          ],
          [
            9.582776374054555,
            47.14648549516185
          ],
          [
            9.582319368765273,
            47.14641227016613
          ],
          [
            9.58181631810534,
            47.14637845898066
          ],
          [
            9.581755482984768,
            47.14635159989605
          ],
          [
            9.581521494666905,
            47.14653035537665
          ],
          [
            9.581480657112666,
            47.146814783637204
          ],
          [
            9.581519223416043,
            47.147054891463235
          ],
          [
            9.581659619199604,
            47.147200042007995
          ],
          [
            9.581965912834725,
            47.14743054226002
          ],
          [
            9.582320642196349,
            47.147733842446925
          ],
          [
            9.58254994730784,
            47.147965129001804
          ],
          [
            9.582612010402917,
            47.14804923808802
          ],
          [
            9.582617262318612,
            47.14813850087059
          ],
          [
            9.582539644025134,
            47.14826756936089
          ],
          [
            9.582392065108849,
            47.14841565083607
          ],
          [
            9.582300894020646,
            47.14853798030536
          ],
          [
            9.58229322000595,
            47.148650294450135
          ],
          [
            9.582244956885297,
            47.148742408750245
          ],
          [
            9.582304220224126,
            47.14900978169314
          ],
          [
            9.582352760735867,
            47.1494032297749
          ],
          [
            9.582433669728529,
            47.14974367793775
          ],
          [
            9.582865887374918,
            47.150224846841816
          ],
          [
            9.583015849119429,
            47.150505032721014
          ],
          [
            9.58281308523457,
            47.15089190217708
          ],
          [
            9.58259627060661,
            47.15124914135307
          ],
          [
            9.58260132735307,
            47.15132924759224
          ],
          [
            9.582978569321838,
            47.15190257467997
          ],
          [
            9.583069624469955,
            47.15224750312785
          ],
          [
            9.58295744421591,
            47.15248456431132
          ],
          [
            9.582555488414046,
            47.15279788095784
          ],
          [
            9.58243719267483,
            47.15306247294126
          ],
          [
            9.582614044509715,
            47.15334698084381
          ],
          [
            9.582881320458553,
            47.15347251439275
          ],
          [
            9.5831495109959,
            47.15364156333084
          ],
          [
            9.583418716374279,
            47.153700653329274
          ],
          [
            9.5836638049407,
            47.15388595983239
          ],
          [
            9.584007728389073,
            47.15446649200974
          ],
          [
            9.58404103619289,
            47.155086868831646
          ],
          [
            9.583900996567838,
            47.155431879499346
          ],
          [
            9.583915821723648,
            47.15565617866461
          ],
          [
            9.58398134950436,
            47.15574482946513
          ],
          [
            9.584477633489547,
            47.15604213488927
          ],
          [
            9.58459909744837,
            47.156127905739346
          ],
          [
            9.584771602128358,
            47.15636434255526
          ],
          [
            9.58483680083016,
            47.15659499883029
          ],
          [
            9.584804975686,
            47.156831236414526
          ],
          [
            9.58476093419983,
            47.156964538235684
          ],
          [
            9.584782545125652,
            47.15703531019573
          ],
          [
            9.58488766701654,
            47.15709608302007
          ],
          [
            9.585099627077483,
            47.157139726372506
          ],
          [
            9.585275515850268,
            47.157220377335186
          ],
          [
            9.585262978805419,
            47.15741749989846
          ],
          [
            9.58543929959475,
            47.15751874832187
          ],
          [
            9.58555357996722,
            47.1576939499831
          ],
          [
            9.586063487214933,
            47.158201785191004
          ],
          [
            9.586522377711438,
            47.158515455410964
          ],
          [
            9.586579879716293,
            47.158542347468185
          ],
          [
            9.586733166497469,
            47.15850413004772
          ],
          [
            9.586884190030958,
            47.15851862088411
          ],
          [
            9.58712076784645,
            47.158616968342116
          ],
          [
            9.587297594862806,
            47.158741140855554
          ],
          [
            9.587353950948236,
            47.15902685879382
          ],
          [
            9.587460258303736,
            47.15914258591714
          ],
          [
            9.587792903184722,
            47.159347591376026
          ],
          [
            9.588475755213551,
            47.159952144158396
          ],
          [
            9.588494377128765,
            47.160038988081475
          ],
          [
            9.588443262658634,
            47.16015632588152
          ],
          [
            9.588521342731198,
            47.16036166154344
          ],
          [
            9.588544258040814,
            47.16049427076327
          ],
          [
            9.58841945393921,
            47.16061007092708
          ],
          [
            9.588399493933377,
            47.16077289672904
          ],
          [
            9.588583763475995,
            47.16124512068812
          ],
          [
            9.589242768032037,
            47.1618292844182
          ],
          [
            9.58966751720731,
            47.16211124192133
          ],
          [
            9.590104078187878,
            47.1624755169696
          ],
          [
            9.590439906281711,
            47.162827089521556
          ],
          [
            9.59056799375832,
            47.16302046532688
          ],
          [
            9.590630625013326,
            47.16328551255413
          ],
          [
            9.59069396537554,
            47.163584892416836
          ],
          [
            9.590683547770867,
            47.16388046970823
          ],
          [
            9.590746062019473,
            47.16414092997892
          ],
          [
            9.590913417769515,
            47.16444611935846
          ],
          [
            9.591220931339553,
            47.16461101320587
          ]
        ]
      }
    },
    {
      "type": "Feature",
      "properties": {
        "source": "swisstopo SWISSBOUNDARIES3D",
        "source:date": "2026-01-01"
      },
      "geometry": {
        "type": "LineString",
        "coordinates": [
          [
            9.572153416467943,
            47.08756732005143
          ],
          [
            9.572407145685085,
            47.08748237690851
          ],
          [
            9.572771372674245,
            47.0874557488354
          ],
          [
            9.573152790676529,
            47.08744958600761
          ],
          [
            9.573418222459129,
            47.08749503276488
          ],
          [
            9.573554654056833,
            47.08745925663891
          ],
          [
            9.573918725187431,
            47.08727901851373
          ],
          [
            9.574416851355025,
            47.087106588791194
          ],
          [
            9.574695103434774,
            47.08697996329465
          ],
          [
            9.574826438414895,
            47.087015312717966
          ],
          [
            9.575068208337493,
            47.087049525106
          ],
          [
            9.575411382252364,
            47.08705865247202
          ],
          [
            9.57683610166775,
            47.087924480211875
          ],
          [
            9.578500355301065,
            47.08865433565359
          ],
          [
            9.578997759684162,
            47.087731911353586
          ],
          [
            9.578383812916968,
            47.086335834636316
          ],
          [
            9.580228042727922,
            47.08441934410124
          ],
          [
            9.58057835357466,
            47.08332867786059
          ],
          [
            9.580940086484132,
            47.08239222558637
          ],
          [
            9.582363686709673,
            47.0787745763819
          ],
          [
            9.583599914111272,
            47.07884075834416
          ],
          [
            9.584363324996104,
            47.07738130098242
          ],
          [
            9.585833768747193,
            47.075931857900244
          ],
          [
            9.584321119193138,
            47.0755627746736
          ],
          [
            9.58136034477642,
            47.074878927702
          ],
          [
            9.581052509019615,
            47.07471240052026
          ],
          [
            9.580800889083582,
            47.07451553405397
          ],
          [
            9.580588711122436,
            47.07428618510694
          ],
          [
            9.580159301837647,
            47.073745074903094
          ],
          [
            9.579595062244117,
            47.073471091083
          ],
          [
            9.579029406210305,
            47.07328876971834
          ],
          [
            9.578587101473206,
            47.07324730022038
          ],
          [
            9.578374930419537,
            47.073176065425436
          ],
          [
            9.578108112485646,
            47.07305037421366
          ],
          [
            9.577687205173463,
            47.07275433650411
          ],
          [
            9.577587698012689,
            47.072633876773416
          ],
          [
            9.577199343574728,
            47.072293993961075
          ],
          [
            9.576799703757427,
            47.07205502907603
          ],
          [
            9.576158599851308,
            47.071781785733876
          ],
          [
            9.575744939565817,
            47.071829386188234
          ],
          [
            9.575381853179842,
            47.07189711776559
          ],
          [
            9.575083000117717,
            47.07199856609551
          ],
          [
            9.574677520119687,
            47.072277527471925
          ],
          [
            9.574133790795264,
            47.07250283794574
          ],
          [
            9.573965105876898,
            47.07259156760722
          ],
          [
            9.573830222329756,
            47.072698285755834
          ],
          [
            9.573431208744115,
            47.0728076124574
          ],
          [
            9.5731796942152,
            47.072933802414056
          ],
          [
            9.572631447105602,
            47.07326227384713
          ],
          [
            9.57246668083933,
            47.0733807306691
          ],
          [
            9.57224443350257,
            47.07330729644035
          ],
          [
            9.571992826103617,
            47.07326852891196
          ],
          [
            9.571517743516365,
            47.07325943234879
          ],
          [
            9.571083835439197,
            47.0733003552507
          ],
          [
            9.570784013452814,
            47.07335599982721
          ],
          [
            9.57053504819029,
            47.073445513474724
          ],
          [
            9.570108070694113,
            47.07349781272905
          ],
          [
            9.57001369389836,
            47.0736224724836
          ],
          [
            9.569965785369629,
            47.073732924973626
          ],
          [
            9.56983037688827,
            47.07381446177168
          ],
          [
            9.56957855279131,
            47.07392689995157
          ],
          [
            9.569559828007765,
            47.07399126124961
          ],
          [
            9.569595355607298,
            47.07409173334696
          ],
          [
            9.569500873881308,
            47.07421182344768
          ],
          [
            9.56911349654688,
            47.07456161348188
          ],
          [
            9.56906210135262,
            47.07466295199405
          ],
          [
            9.569041059758272,
            47.07477771949272
          ],
          [
            9.568860360053671,
            47.07493302652149
          ],
          [
            9.56875328209015,
            47.075092177192204
          ],
          [
            9.568751276615483,
            47.07515636305828
          ],
          [
            9.568648571125943,
            47.07520320608352
          ],
          [
            9.568173304636742,
            47.07534762720484
          ],
          [
            9.567929741248227,
            47.07553561969633
          ],
          [
            9.567636178714086,
            47.07573326720701
          ],
          [
            9.56751889595596,
            47.07588334663888
          ],
          [
            9.567480577419557,
            47.07597080047177
          ],
          [
            9.567142558135275,
            47.076120743391385
          ],
          [
            9.566929060651663,
            47.07630845509277
          ],
          [
            9.566558262773361,
            47.076490803732675
          ],
          [
            9.565911660647405,
            47.07674286056648
          ],
          [
            9.565774690220714,
            47.07690317394709
          ],
          [
            9.5654708231092,
            47.076982643468355
          ],
          [
            9.565304723568126,
            47.077086770893544
          ],
          [
            9.565356501849703,
            47.07725599568623
          ],
          [
            9.565209715550278,
            47.077334678042625
          ],
          [
            9.565111850553942,
            47.077449562850624
          ],
          [
            9.565137050521093,
            47.077481804724144
          ],
          [
            9.56521362466423,
            47.07748260889231
          ],
          [
            9.565282729267512,
            47.077501637864714
          ],
          [
            9.565365599590828,
            47.07758274268682
          ],
          [
            9.56538479861098,
            47.07764299025913
          ],
          [
            9.565326818395285,
            47.07771009350478
          ],
          [
            9.565097780680299,
            47.07789653267529
          ],
          [
            9.565003234055302,
            47.078007441649895
          ],
          [
            9.56492209241949,
            47.07838211092555
          ],
          [
            9.56478062505232,
            47.07857234441046
          ],
          [
            9.564583691571936,
            47.07902324025106
          ],
          [
            9.564808234437637,
            47.07926771264277
          ],
          [
            9.565133642157749,
            47.07946310262096
          ],
          [
            9.565229522801076,
            47.07964425205736
          ],
          [
            9.565465332651536,
            47.079907608819305
          ],
          [
            9.565571714818027,
            47.08029947339027
          ],
          [
            9.56594825799782,
            47.08055000893767
          ],
          [
            9.56641557897357,
            47.08080022869751
          ],
          [
            9.566497958775248,
            47.080909272427654
          ],
          [
            9.566534804505013,
            47.08102438801558
          ],
          [
            9.566681320768394,
            47.081756145521446
          ],
          [
            9.566491987411888,
            47.0828164897463
          ],
          [
            9.566431298859529,
            47.08290539234815
          ],
          [
            9.566340157296377,
            47.08295459210781
          ],
          [
            9.566319471032147,
            47.08321949685791
          ],
          [
            9.566349962559059,
            47.083312243606265
          ],
          [
            9.566522670561557,
            47.083435405304115
          ],
          [
            9.566612317672186,
            47.083618846745395
          ],
          [
            9.566668042746938,
            47.0838221640827
          ],
          [
            9.566658478808254,
            47.084052975339006
          ],
          [
            9.566634294206729,
            47.08415351103674
          ],
          [
            9.56641183705113,
            47.08450786335803
          ],
          [
            9.566064174386716,
            47.08487915723251
          ],
          [
            9.565981174197885,
            47.085054838002925
          ],
          [
            9.565968494398147,
            47.085162484916744
          ],
          [
            9.566030924352335,
            47.08522648448586
          ],
          [
            9.56646497023921,
            47.08546278890156
          ],
          [
            9.56663554676348,
            47.08551055774981
          ],
          [
            9.566668966723888,
            47.08559771620938
          ],
          [
            9.566748700493543,
            47.08564327224962
          ],
          [
            9.566942883300664,
            47.085660477018585
          ],
          [
            9.567223147826384,
            47.085646256518345
          ],
          [
            9.567503695866058,
            47.085657405121296
          ],
          [
            9.567689784237137,
            47.08557071201186
          ],
          [
            9.56774793809114,
            47.08555888078791
          ],
          [
            9.567814373384397,
            47.08558338384997
          ],
          [
            9.567909482497926,
            47.08565214840707
          ],
          [
            9.567975730789852,
            47.08566067396365
          ],
          [
            9.568034313095836,
            47.08565299183922
          ],
          [
            9.568221929440433,
            47.085585534758685
          ],
          [
            9.568380091695868,
            47.08558343805918
          ],
          [
            9.5683927629882,
            47.085602936181445
          ],
          [
            9.568263642914799,
            47.08583617207847
          ],
          [
            9.568210438736784,
            47.085879063684146
          ],
          [
            9.568113491648313,
            47.0859234863821
          ],
          [
            9.568093031787853,
            47.085943356024615
          ],
          [
            9.568103587584952,
            47.08598851141275
          ],
          [
            9.568173127905439,
            47.08602084815337
          ],
          [
            9.568472983624304,
            47.08600628827983
          ],
          [
            9.568581380217529,
            47.086114641068455
          ],
          [
            9.56860769850885,
            47.086205665024416
          ],
          [
            9.568660311119823,
            47.086279095538586
          ],
          [
            9.56874671192078,
            47.08632593028397
          ],
          [
            9.569004591224822,
            47.08638246006011
          ],
          [
            9.569080983036184,
            47.08643201776825
          ],
          [
            9.56898525355199,
            47.08648884517838
          ],
          [
            9.569024165013492,
            47.086527805503245
          ],
          [
            9.56925200541545,
            47.08659254058023
          ],
          [
            9.569530869249906,
            47.08654995104748
          ],
          [
            9.569582921874524,
            47.08657548488271
          ],
          [
            9.56966251277934,
            47.086586551328246
          ],
          [
            9.569791613949281,
            47.08664467746744
          ],
          [
            9.569958303377803,
            47.08664854819208
          ],
          [
            9.569989320695212,
            47.08667384241979
          ],
          [
            9.570000935962222,
            47.08671545067894
          ],
          [
            9.57004651176171,
            47.08674639550371
          ],
          [
            9.570587595785838,
            47.086926240468884
          ],
          [
            9.57065173214368,
            47.08696043074654
          ],
          [
            9.570955260418707,
            47.08700160344407
          ],
          [
            9.571758851808214,
            47.08722782191758
          ],
          [
            9.57186192954995,
            47.087263915599614
          ],
          [
            9.572015136331546,
            47.08736716762349
          ],
          [
            9.572116664767277,
            47.08747681460445
          ],
          [
            9.572153416467943,
            47.08756732005143
          ]
        ]
      }
    }
  ]
}