{
  "type": "FeatureCollection",
  "features": [
    {
      "type": "Feature",
      "properties": {
        "source": "swisstopo SWISSBOUNDARIES3D",
        "source:date": "2026-01-01"
      },
      "geometry": {
        "type": "LineString",
        "coordinates": [
          [
            9.585556513650602,
            47.100349237020396
          ],
          [
            9.57985687720181,
            47.10018948738488
          ],
          [
            9.579040537873249,
            47.09990957005889
          ],
          [
            9.57666351141672,
            47.09915573592992
          ],
          [
            9.576931239092966,
            47.09860005899698
          ],
          [
            9.577567286272604,
            47.09740133695637
          ],
          [
            9.578138812930582,
            47.09650163679967
          ],
          [
            9.578775886484754,
            47.09529658863055
          ],
          [
            9.579444592724402,
            47.09415843336043
          ],
          [
            9.579776164890214,
            47.09348726199314
          ],
          [
            9.580937760571809,
            47.09162813326623
          ],
          [
            9.581016197510792,
            47.09095359903032
          ],
          [
            9.581069879700939,
            47.08969282979717
          ],
          [
            9.578500355301065,
            47.08865433565359
          ],
          [
            9.57683610166775,
            47.087924480211875
          ],
          [
            9.575411382252364,
            47.08705865247202
          ],
          [
            9.575068208337493,
            47.087049525106
          ],
          [
            9.574826438414895,
            47.087015312717966
          ],
          [
            9.574695103434774,
            47.08697996329465
          ],
          [
            9.574416851355025,
            47.087106588791194
          ],
          [
            9.573918725187431,
            47.08727901851373
          ],
          [
            9.573554654056833,
            47.08745925663891
          ],
          [
            9.573418222459129,
            47.08749503276488
          ],
          [
            9.573152790676529,
            47.08744958600761
          ],
          [
            9.572771372674245,
            47.0874557488354
          ],
          [
            9.572407145685085,
            47.08748237690851
          ],
          [
            9.572153416467943,
            47.08756732005143
          ],
          [
            9.572061494109104,
            47.08759864123303
          ],
          [
            9.571854799065543,
            47.08772664827307
          ],
          [
            9.571777211490161,
            47.08779671033191
          ],
          [
            9.571654651901616,
            47.08798106670281
          ],
          [
            9.571626388969603,
            47.08813085470795
          ],
          [
            9.57163595695296,
            47.08835326671366
          ],
          [
            9.571610183008861,
            47.088432894094346
          ],
          [
            9.571321857310416,
            47.08889289506551
          ],
          [
            9.57124450653151,
            47.089036800928625
          ],
          [
            9.571203908384547,
            47.089162054673984
          ],
          [
            9.57120415778315,
            47.089397975099004
          ],
          [
            9.571248778558129,
            47.08967090908799
          ],
          [
            9.571225253659915,
            47.08973160724731
          ],
          [
            9.571171955239299,
            47.089779450946125
          ],
          [
            9.570986133670294,
            47.08987076059689
          ],
          [
            9.570909825502447,
            47.09001112848562
          ],
          [
            9.57081472877545,
            47.09028519916356
          ],
          [
            9.570772426559092,
            47.09062321180995
          ],
          [
            9.570539509541597,
            47.09163963149666
          ],
          [
            9.570497360211109,
            47.091736596187005
          ],
          [
            9.570444964043247,
            47.09181114750161
          ],
          [
            9.570211289241785,
            47.091966898610394
          ],
          [
            9.570122287019343,
            47.09211551887411
          ],
          [
            9.569851690577565,
            47.09275103863616
          ],
          [
            9.569582309994612,
            47.09299835114058
          ],
          [
            9.569481373133739,
            47.09311731813078
          ],
          [
            9.569431538205828,
            47.0932165755268
          ],
          [
            9.569411930303046,
            47.0933420417948
          ],
          [
            9.569433214560844,
            47.09344384881273
          ],
          [
            9.569560416417481,
            47.09372638162733
          ],
          [
            9.569492682866205,
            47.093967585341666
          ],
          [
            9.569334470673965,
            47.094347618784056
          ],
          [
            9.568726632155153,
            47.09469819099124
          ],
          [
            9.568458270779974,
            47.09487475549842
          ],
          [
            9.568297584251948,
            47.09503773291821
          ],
          [
            9.56789770671729,
            47.0953306253745
          ],
          [
            9.567318061855929,
            47.09593190630777
          ],
          [
            9.566774485696953,
            47.095993765209926
          ],
          [
            9.565284487086636,
            47.095027153276995
          ],
          [
            9.564930031198802,
            47.093964737296915
          ],
          [
            9.564516926655278,
            47.093505377809436
          ],
          [
            9.563257413796265,
            47.09391650088958
          ],
          [
            9.562645035387755,
            47.09418899282028
          ],
          [
            9.562488132582242,
            47.09424242863553
          ],
          [
            9.562289596242925,
            47.0942976059402
          ],
          [
            9.561904536280295,
            47.09436169356181
          ],
          [
            9.561538461328368,
            47.09451750758096
          ],
          [
            9.56136778559101,
            47.094550284591115
          ],
          [
            9.561239466596945,
            47.094588271278624
          ],
          [
            9.561081858031947,
            47.0946412502581
          ],
          [
            9.560945077783169,
            47.094734722947045
          ],
          [
            9.560546204409832,
            47.095090477004725
          ],
          [
            9.560286739000182,
            47.095163027247466
          ],
          [
            9.560104686813451,
            47.09516081153282
          ],
          [
            9.55992050518559,
            47.09522792100932
          ],
          [
            9.55932404519884,
            47.09602069126107
          ],
          [
            9.558717580764018,
            47.09622831009001
          ],
          [
            9.55812424124018,
            47.096550941247166
          ],
          [
            9.556318821093745,
            47.097441674434236
          ],
          [
            9.555471204076778,
            47.098059629876786
          ],
          [
            9.555150165654585,
            47.098848649197315
          ],
          [
            9.555007159471499,
            47.09943165794017
          ],
          [
            9.554566959342495,
            47.10056364063759
          ],
          [
            9.554357733991788,
            47.10075797726315
          ],
          [
            9.553099420345244,
            47.10105513478133
          ],
          [
            9.552954935963951,
            47.10133105995107
          ],
          [
            9.552985283855982,
            47.101468893094484
          ],
          [
            9.552544790819283,
            47.101723640828254
          ],
          [
            9.552754300740327,
            47.101875731867715
          ],
          [
            9.552458560836246,
            47.102164473209264
          ],
          [
            9.552388635727471,
            47.10245519498838
          ],
          [
            9.552503027685932,
            47.10272410543046
          ],
          [
            9.55250444992297,
            47.10280620548434
          ],
          [
            9.552872192866385,
            47.10286680620808
          ],
          [
            9.552713761289542,
            47.103367086803175
          ],
          [
            9.55206504561964,
            47.10338472081554
          ],
          [
            9.552056890359626,
            47.10327090917625
          ],
          [
            9.552219508716016,
            47.10288290358455
          ],
          [
            9.55209312100439,
            47.102891015053125
          ],
          [
            9.551602630837941,
            47.10280819499302
          ],
          [
            9.55157573034709,
            47.10284817377852
          ],
          [
            9.550636602700282,
            47.102832098846264
          ],
          [
            9.549240715775364,
            47.10276302496087
          ],
          [
            9.548422295914317,
            47.10271735045225
          ],
          [
            9.54707997882112,
            47.102650469744475
          ],
          [
            9.546693109371535,
            47.10248640805629
          ],
          [
            9.54645248426354,
            47.10236434618958
          ],
          [
            9.546091377841055,
            47.10193966440011
          ],
          [
            9.545656839372372,
            47.10171297408973
          ],
          [
            9.54527705422814,
            47.10164831529395
          ],
          [
            9.544783978946008,
            47.10168581005572
          ],
          [
            9.543602323227987,
            47.101617049837074
          ],
          [
            9.543136748873158,
            47.10154722562936
          ],
          [
            9.54242787744408,
            47.10137649704837
          ],
          [
            9.54198811266197,
            47.101649663221544
          ],
          [
            9.542011129539722,
            47.10189144444083
          ],
          [
            9.541550543417944,
            47.10217617476097
          ],
          [
            9.541329511966381,
            47.10266253006185
          ],
          [
            9.541056160522597,
            47.103081114803686
          ],
          [
            9.540716779566118,
            47.103116255354394
          ],
          [
            9.54017757699153,
            47.10317622368302
          ],
          [
            9.54074222528214,
            47.103834307927904
          ],
          [
            9.54096242588779,
            47.10417981893232
          ],
          [
            9.541078284674237,
            47.10441093869268
          ],
          [
            9.540954707053281,
            47.10447598048381
          ],
          [
            9.540982375510959,
            47.104662788003814
          ],
          [
            9.54110867982006,
            47.104755460382464
          ],
          [
            9.54117509514007,
            47.10485771411661
          ],
          [
            9.541000293206444,
            47.105076202738076
          ],
          [
            9.541038025599562,
            47.10527261598479
          ],
          [
            9.541173569353393,
            47.10537333448107
          ],
          [
            9.541541242960768,
            47.105504905008814
          ],
          [
            9.541591778438349,
            47.10557591981248
          ],
          [
            9.541944962746419,
            47.10564051137324
          ],
          [
            9.542039629634305,
            47.105708378379454
          ],
          [
            9.542052528756212,
            47.10584921476249
          ],
          [
            9.54224261885409,
            47.105907217883974
          ],
          [
            9.54227923122326,
            47.10608840846887
          ],
          [
            9.54242133759994,
            47.10618833050876
          ],
          [
            9.54229055869202,
            47.106362319867365
          ],
          [
            9.542361481527804,
            47.106980397796285
          ],
          [
            9.542356513458525,
            47.107177655640065
          ],
          [
            9.542346882657244,
            47.10730051241456
          ],
          [
            9.542442670482128,
            47.10769133717847
          ],
          [
            9.542622989510171,
            47.10819244225291
          ],
          [
            9.542720241460701,
            47.10851076009431
          ],
          [
            9.542906539492012,
            47.109277892602755
          ],
          [
            9.543052839018605,
            47.10982194731176
          ],
          [
            9.543072606317319,
            47.11040403338927
          ],
          [
            9.54325394780348,
            47.111114180958054
          ],
          [
            9.543527715133768,
            47.11167414784628
          ],
          [
            9.54366379853997,
            47.11205994107362
          ],
          [
            9.543571384306734,
            47.11223745759331
          ],
          [
            9.542923701198765,
            47.11249070658178
          ],
          [
            9.5426717451847,
            47.11256386904397
          ],
          [
            9.542307625685869,
            47.112780355241306
          ],
          [
            9.542348629483136,
            47.11282930994745
          ],
          [
            9.54217861107782,
            47.11310165564616
          ],
          [
            9.541691831360348,
            47.1134219472905
          ],
          [
            9.541579641292529,
            47.1137210464956
          ],
          [
            9.541328140934768,
            47.114020796792204
          ],
          [
            9.539576704246569,
            47.114002135223856
          ],
          [
            9.53947926879198,
            47.11371418722418
          ],
          [
            9.539423959585253,
            47.11362241023087
          ],
          [
            9.539407615317211,
            47.11361501573038
          ],
          [
            9.539377855638554,
            47.11359760870743
          ],
          [
            9.539352667468705,
            47.113577121716766
          ],
          [
            9.5393327180719,
            47.11355410044225
          ],
          [
            9.539324908347446,
            47.11354183486731
          ],
          [
            9.539313819468518,
            47.11351620408759
          ],
          [
            9.539308996115926,
            47.11348968490319
          ],
          [
            9.53931061068192,
            47.11346297601421
          ],
          [
            9.53890045488658,
            47.113408901137916
          ],
          [
            9.538509864384933,
            47.113359641096785
          ],
          [
            9.538417081870767,
            47.11373024095667
          ],
          [
            9.538259439377878,
            47.11421018318934
          ],
          [
            9.538098031120471,
            47.11468492103532
          ],
          [
            9.537600936295872,
            47.11454168435028
          ],
          [
            9.537756709856518,
            47.11532402075948
          ],
          [
            9.537000677400549,
            47.11525704703203
          ],
          [
            9.536756782129245,
            47.115222611689305
          ],
          [
            9.53670561434603,
            47.11521221753675
          ],
          [
            9.536596089556527,
            47.11537797383258
          ],
          [
            9.536473198062053,
            47.1155218567835
          ],
          [
            9.536447275205955,
            47.115615154393105
          ],
          [
            9.535696168130597,
            47.11559826442136
          ],
          [
            9.535701747818464,
            47.115697303467186
          ],
          [
            9.5357435268449,
            47.115777253676214
          ],
          [
            9.535781379977038,
            47.11577110987913
          ],
          [
            9.535797576225907,
            47.11594229972239
          ],
          [
            9.535787153058514,
            47.11599151154652
          ],
          [
            9.535811960261764,
            47.1161701925692
          ],
          [
            9.535870560873999,
            47.116201057060515
          ],
          [
            9.53596307150855,
            47.116214952973785
          ],
          [
            9.535985667718244,
            47.11630016623845
          ],
          [
            9.536016877989814,
            47.11639664980955
          ],
          [
            9.536169978620567,
            47.116715563246416
          ],
          [
            9.535999803617177,
            47.11682788871502
          ],
          [
            9.535897595501533,
            47.116912041978686
          ],
          [
            9.535706604265826,
            47.117432189079125
          ],
          [
            9.536019120446413,
            47.117658436961484
          ],
          [
            9.536083891014167,
            47.11827471183279
          ],
          [
            9.536098191896082,
            47.118336582503076
          ],
          [
            9.536356906582276,
            47.118589411250916
          ],
          [
            9.536345813570836,
            47.11873725428166
          ],
          [
            9.535034754292177,
            47.11964024166565
          ],
          [
            9.534950425187432,
            47.119753284430054
          ],
          [
            9.534738379793547,
            47.12017859576254
          ],
          [
            9.533954256078019,
            47.12041974834867
          ],
          [
            9.533675254663159,
            47.12062059793137
          ],
          [
            9.53337057886482,
            47.12091393808789
          ],
          [
            9.533135803518524,
            47.12143529185098
          ],
          [
            9.533399630251791,
            47.12172441308285
          ],
          [
            9.533304191590661,
            47.12196169531072
          ],
          [
            9.534123185632014,
            47.12276359741783
          ],
          [
            9.534284171252635,
            47.12293016696197
          ],
          [
            9.533940481901315,
            47.123250242223016
          ],
          [
            9.532982496261068,
            47.12353703722308
          ],
          [
            9.532681603114847,
            47.12368495140639
          ],
          [
            9.532840293878682,
            47.12376055836424
          ],
          [
            9.532545780779833,
            47.12391827173432
          ],
          [
            9.532385412976966,
            47.124070102819566
          ],
          [
            9.532019816222357,
            47.123950809135835
          ],
          [
            9.532000569031313,
            47.12408498786388
          ],
          [
            9.531974959898779,
            47.124358203452225
          ],
          [
            9.532137984930074,
            47.124395616664465
          ],
          [
            9.532495908905753,
            47.12451044283031
          ],
          [
            9.533199421784722,
            47.124793999150846
          ],
          [
            9.533691008446961,
            47.12493754544371
          ],
          [
            9.534175679898329,
            47.12499900951083
          ],
          [
            9.534689185935465,
            47.12503255548226
          ],
          [
            9.535434861894354,
            47.1252184111715
          ],
          [
            9.535267991210969,
            47.125629221231655
          ],
          [
            9.535297855723337,
            47.125840346731174
          ],
          [
            9.535179202669047,
            47.12597600686728
          ],
          [
            9.535021613797886,
            47.12628190965494
          ],
          [
            9.534918383763605,
            47.12622903970116
          ],
          [
            9.534597529416391,
            47.12646338020463
          ],
          [
            9.535045637319067,
            47.126597726182375
          ],
          [
            9.535117972602643,
            47.126692190840885
          ],
          [
            9.535331171820705,
            47.12684942023626
          ],
          [
            9.535479249631786,
            47.127018590244425
          ],
          [
            9.535483405212565,
            47.12729967678287
          ],
          [
            9.53533343955217,
            47.1273977025884
          ],
          [
            9.535383041070688,
            47.12751523899801
          ],
          [
            9.53535359934898,
            47.12763333582835
          ],
          [
            9.535189238547572,
            47.12775803336773
          ],
          [
            9.534840679190708,
            47.12778709423883
          ],
          [
            9.534725470806007,
            47.127895714738365
          ],
          [
            9.534787153258389,
            47.128153094745144
          ],
          [
            9.534762465960993,
            47.12830039332011
          ],
          [
            9.533241887010462,
            47.12813416659379
          ],
          [
            9.53298086090945,
            47.12840801080888
          ],
          [
            9.533100078488694,
            47.12866319120642
          ],
          [
            9.533014634829597,
            47.12870508672629
          ],
          [
            9.532919486113556,
            47.128929585477856
          ],
          [
            9.5329512404094,
            47.1291113612098
          ],
          [
            9.53326585683677,
            47.12934570395473
          ],
          [
            9.53354599226631,
            47.12960280065674
          ],
          [
            9.533712730931155,
            47.12998222301229
          ],
          [
            9.533648457592502,
            47.130126112792595
          ],
          [
            9.53334914362773,
            47.13036985525459
          ],
          [
            9.533141975710627,
            47.130571471268745
          ],
          [
            9.532685279792922,
            47.13090885242989
          ],
          [
            9.532578373784823,
            47.13088823329262
          ],
          [
            9.5324367009389,
            47.13102573123205
          ],
          [
            9.532294737038649,
            47.131135583300484
          ],
          [
            9.531754584862474,
            47.13106439526515
          ],
          [
            9.531444567803302,
            47.13095788078256
          ],
          [
            9.531478462879164,
            47.130837076707735
          ],
          [
            9.53135947355889,
            47.13083753395277
          ],
          [
            9.531205866692986,
            47.13075349997643
          ],
          [
            9.531046860209411,
            47.130842965313164
          ],
          [
            9.530606252001624,
            47.13072943231777
          ],
          [
            9.530462223452238,
            47.13082127859704
          ],
          [
            9.53051283811974,
            47.130939293327884
          ],
          [
            9.530622896433295,
            47.131023716056056
          ],
          [
            9.530617722954059,
            47.13152419101327
          ],
          [
            9.530830922084705,
            47.13169543863223
          ],
          [
            9.531024197266559,
            47.13185852748767
          ],
          [
            9.531302048173403,
            47.132379187627336
          ],
          [
            9.531510955820922,
            47.13266072913715
          ],
          [
            9.531186366909074,
            47.133073062923685
          ],
          [
            9.530871691823677,
            47.13343724667278
          ],
          [
            9.53070625607899,
            47.13376251380289
          ],
          [
            9.530439306040597,
            47.133799792802826
          ],
          [
            9.530426700490985,
            47.13400963134158
          ],
          [
            9.530625368149638,
            47.13432398761573
          ],
          [
            9.530767429228849,
            47.13438834699796
          ],
          [
            9.531088766468374,
            47.134402490628624
          ],
          [
            9.53117522591773,
            47.13456335791945
          ],
          [
            9.531219075084943,
            47.13486466841319
          ],
          [
            9.530730248078083,
            47.13549750895986
          ],
          [
            9.53063218498496,
            47.13604031830319
          ],
          [
            9.531677752493172,
            47.13711905951912
          ],
          [
            9.531722940035623,
            47.137334099272096
          ],
          [
            9.531718451585624,
            47.137604031816245
          ],
          [
            9.53169022218928,
            47.13782292797661
          ],
          [
            9.531432488844281,
            47.13797634951301
          ],
          [
            9.531437662206415,
            47.13814235883865
          ],
          [
            9.531122222977979,
            47.13845230716425
          ],
          [
            9.531746313957411,
            47.138691655552584
          ],
          [
            9.532595164214532,
            47.13910478813809
          ],
          [
            9.532968701468889,
            47.139306025776705
          ],
          [
            9.533908781793158,
            47.139765176149496
          ],
          [
            9.534885285561272,
            47.14025757737875
          ],
          [
            9.535244933099419,
            47.140363376122764
          ],
          [
            9.534923133314969,
            47.14075816734183
          ],
          [
            9.534821266044316,
            47.14089262907154
          ],
          [
            9.534542939444393,
            47.141367896422835
          ],
          [
            9.534120004820473,
            47.14220618815362
          ],
          [
            9.533851890773517,
            47.14246939085089
          ],
          [
            9.533549628010306,
            47.142931945503065
          ],
          [
            9.533350222894631,
            47.143491090185215
          ],
          [
            9.533423181083347,
            47.143616119808215
          ],
          [
            9.533161617645064,
            47.14441216274093
          ],
          [
            9.533274107144821,
            47.14472363085818
          ],
          [
            9.533417847014524,
            47.14515382507209
          ],
          [
            9.533449937098018,
            47.14536713209415
          ],
          [
            9.533502407584889,
            47.14562971873809
          ],
          [
            9.533680879760086,
            47.14566047867095
          ],
          [
            9.534036072353212,
            47.14550481754699
          ],
          [
            9.534505688386261,
            47.14531856338956
          ],
          [
            9.534801038566446,
            47.14511404286715
          ],
          [
            9.535154328156175,
            47.14479385704001
          ],
          [
            9.535414360555908,
            47.1446308839628
          ],
          [
            9.535976015427458,
            47.14421641937196
          ],
          [
            9.536334907634965,
            47.14377539186606
          ],
          [
            9.536787599401864,
            47.14345104705687
          ],
          [
            9.536974089217892,
            47.14329896845451
          ],
          [
            9.537491982828572,
            47.142912972645
          ],
          [
            9.537922643859025,
            47.14269369043819
          ],
          [
            9.5384641883486,
            47.142482566755156
          ],
          [
            9.538687692310372,
            47.14240754304902
          ],
          [
            9.539946210621698,
            47.14220011923046
          ],
          [
            9.540172173990541,
            47.14315624110174
          ],
          [
            9.540112795238404,
            47.143326669788365
          ],
          [
            9.538910991573095,
            47.14421295013747
          ],
          [
            9.538888143472601,
            47.144323341564714
          ],
          [
            9.53891386485287,
            47.14458015236868
          ],
          [
            9.539145293549979,
            47.14507669119753
          ],
          [
            9.539202539851933,
            47.145328867750145
          ],
          [
            9.539306097492043,
            47.145488804961914
          ],
          [
            9.539434727993305,
            47.14560542624562
          ],
          [
            9.539519105936211,
            47.14571452398477
          ],
          [
            9.539623197883403,
            47.14588130766253
          ],
          [
            9.539633335225552,
            47.14598631837733
          ],
          [
            9.539609289711219,
            47.146146472918716
          ],
          [
            9.539605162815437,
            47.146407824181686
          ],
          [
            9.539490847974685,
            47.146614888542025
          ],
          [
            9.539467159336848,
            47.14682479559939
          ],
          [
            9.539383260997521,
            47.14698896820915
          ],
          [
            9.539405995659827,
            47.14704196504514
          ],
          [
            9.539685629661447,
            47.14713571585691
          ],
          [
            9.53976387689164,
            47.1471064188058
          ],
          [
            9.539878260591854,
            47.14702537035998
          ],
          [
            9.53995417080556,
            47.14700877612083
          ],
          [
            9.540176804266727,
            47.14706226670816
          ],
          [
            9.540621959962069,
            47.14700086845862
          ],
          [
            9.540649783282651,
            47.14697118807689
          ],
          [
            9.540710913207278,
            47.14672945385728
          ],
          [
            9.540681997853182,
            47.1462871803422
          ],
          [
            9.540707537679282,
            47.146228927939234
          ],
          [
            9.540844883193438,
            47.14605766716975
          ],
          [
            9.540899370554767,
            47.146022541170645
          ],
          [
            9.540986775471533,
            47.14602598157997
          ],
          [
            9.541124598626572,
            47.146152546718895
          ],
          [
            9.54121072951783,
            47.14603360997062
          ],
          [
            9.541346212657627,
            47.14596435737875
          ],
          [
            9.541540752040682,
            47.14579437101069
          ],
          [
            9.541582467079563,
            47.14564502327185
          ],
          [
            9.541659086466725,
            47.145553920116235
          ],
          [
            9.54186241307446,
            47.145451194695745
          ],
          [
            9.541933744559735,
            47.14546111910839
          ],
          [
            9.542002494807027,
            47.14550368161058
          ],
          [
            9.542104809231486,
            47.14551602634625
          ],
          [
            9.542165808151822,
            47.14558853210318
          ],
          [
            9.542244186340794,
            47.14571395220285
          ],
          [
            9.542344209099573,
            47.14571563100133
          ],
          [
            9.542384364807178,
            47.14574773896894
          ],
          [
            9.542400903340504,
            47.14579872513023
          ],
          [
            9.54239014368607,
            47.145927594026894
          ],
          [
            9.542481496378805,
            47.14607169040847
          ],
          [
            9.542747839487188,
            47.14596964571246
          ],
          [
            9.543537283517791,
            47.14570798968493
          ],
          [
            9.543751051460266,
            47.14569138793002
          ],
          [
            9.544003143937044,
            47.14569921540667
          ],
          [
            9.544449409341485,
            47.14579675920605
          ],
          [
            9.54466637043706,
            47.14585927107879
          ],
          [
            9.544785889699064,
            47.14602923198098
          ],
          [
            9.544870651480817,
            47.14605999995053
          ],
          [
            9.54495723672675,
            47.146044952377785
          ],
          [
            9.545557766158028,
            47.14567165862943
          ],
          [
            9.545874061642229,
            47.14551338893625
          ],
          [
            9.546405478248309,
            47.145379328957816
          ],
          [
            9.547023567124176,
            47.14533328844164
          ],
          [
            9.547613486612295,
            47.145347202571244
          ],
          [
            9.548039989876258,
            47.14538193769569
          ],
          [
            9.548265868000563,
            47.14552737627727
          ],
          [
            9.548668424800484,
            47.14584878587228
          ],
          [
            9.548993901142188,
            47.146068284489935
          ],
          [
            9.549122496860605,
            47.14610753963702
          ],
          [
            9.549421695456285,
            47.146141925515494
          ],
          [
            9.549516568181065,
            47.14617483494997
          ],
          [
            9.549621182757727,
            47.14629921967222
          ],
          [
            9.549704611121063,
            47.14689346724271
          ],
          [
            9.549776679901042,
            47.146945052326565
          ],
          [
            9.549904403850775,
            47.14695913707555
          ],
          [
            9.550084936736857,
            47.14694949562374
          ],
          [
            9.550227827717446,
            47.147016039076206
          ],
          [
            9.550573136451266,
            47.147298578459534
          ],
          [
            9.551062389144874,
            47.14733542513695
          ],
          [
            9.55141823897033,
            47.147460554185386
          ],
          [
            9.551730246911376,
            47.1474764057175
          ],
          [
            9.551852152447035,
            47.14751577187538
          ],
          [
            9.552324423191171,
            47.14781777452298
          ],
          [
            9.552638725195452,
            47.14790230869393
          ],
          [
            9.552827425580528,
            47.14793607243955
          ],
          [
            9.55299800718887,
            47.1480296553655
          ],
          [
            9.55323616974803,
            47.14824133633179
          ],
          [
            9.553391454796776,
            47.148277891366554
          ],
          [
            9.553582681510912,
            47.14828643082842
          ],
          [
            9.5535227895474,
            47.14839956764631
          ],
          [
            9.553852175862932,
            47.14843347687386
          ],
          [
            9.553917992044617,
            47.148498896558074
          ],
          [
            9.553739156238679,
            47.14876044967283
          ],
          [
            9.553727078725725,
            47.14890034891304
          ],
          [
            9.553610604883715,
            47.14902353383249
          ],
          [
            9.553461794300402,
            47.14908076378962
          ],
          [
            9.553318380100572,
            47.149099004633946
          ],
          [
            9.553369143159049,
            47.14921504571297
          ],
          [
            9.553247953957463,
            47.14929705183461
          ],
          [
            9.553203667847594,
            47.14937559173801
          ],
          [
            9.553253852514535,
            47.14957411077679
          ],
          [
            9.55315692337426,
            47.14968094609552
          ],
          [
            9.55298050171619,
            47.14981420399458
          ],
          [
            9.552953110558093,
            47.14989707604834
          ],
          [
            9.553017202166085,
            47.15001062261073
          ],
          [
            9.55303358153697,
            47.1503012647687
          ],
          [
            9.552805374357737,
            47.150689544064264
          ],
          [
            9.552530478207206,
            47.151385461180936
          ],
          [
            9.552416415172155,
            47.1515818895319
          ],
          [
            9.552397209646465,
            47.15190971800203
          ],
          [
            9.552267047898686,
            47.15212471719432
          ],
          [
            9.552298973951649,
            47.15278158226813
          ],
          [
            9.552664392331744,
            47.152991311788675
          ],
          [
            9.552794318280023,
            47.15337182595675
          ],
          [
            9.552771432591218,
            47.153488987581234
          ],
          [
            9.552841437786187,
            47.153680312644994
          ],
          [
            9.552793000123625,
            47.153935290460794
          ],
          [
            9.552847732405672,
            47.154170374961694
          ],
          [
            9.552992177391976,
            47.15438346501909
          ],
          [
            9.553061451477458,
            47.154551903339325
          ],
          [
            9.553248797138469,
            47.15474601903425
          ],
          [
            9.552975574055338,
            47.15499068011721
          ],
          [
            9.553030694080638,
            47.15533799009083
          ],
          [
            9.552976305835296,
            47.1555151811639
          ],
          [
            9.553072807605002,
            47.155596170562994
          ],
          [
            9.55308582764808,
            47.15568529077478
          ],
          [
            9.553001985521881,
            47.15578276988954
          ],
          [
            9.553019641593556,
            47.15591075741307
          ],
          [
            9.55298001283122,
            47.156028181909655
          ],
          [
            9.553008334265462,
            47.15607356914268
          ],
          [
            9.553205344361777,
            47.15615530149992
          ],
          [
            9.553295150259522,
            47.156236386880394
          ],
          [
            9.55338037111946,
            47.156280898463386
          ],
          [
            9.553525673918033,
            47.15641838846986
          ],
          [
            9.553667060785408,
            47.156439128623035
          ],
          [
            9.554137090413176,
            47.156770931590984
          ],
          [
            9.554192858738613,
            47.1568365180588
          ],
          [
            9.554177482807965,
            47.15697875425894
          ],
          [
            9.554319738148074,
            47.15712547739725
          ],
          [
            9.554384446355721,
            47.15725732290232
          ],
          [
            9.554748833583965,
            47.157434996191924
          ],
          [
            9.555330115073664,
            47.157687219662336
          ],
          [
            9.55517161397087,
            47.157856844435024
          ],
          [
            9.555005650855916,
            47.15790290107744
          ],
          [
            9.554960444504022,
            47.157953960298514
          ],
          [
            9.554970066101347,
            47.158125475050646
          ],
          [
            9.554772461663,
            47.15822472533853
          ],
          [
            9.554724427331369,
            47.15839506068516
          ],
          [
            9.55463991554298,
            47.15847197468861
          ],
          [
            9.554747542333295,
            47.158694936235804
          ],
          [
            9.554749038173238,
            47.15874075377532
          ],
          [
            9.554902259106171,
            47.15892407646094
          ],
          [
            9.554959805594349,
            47.15894382977359
          ],
          [
            9.555057123308826,
            47.15895151346282
          ],
          [
            9.555150267276755,
            47.15893406135808
          ],
          [
            9.55567931170819,
            47.1590429070779
          ],
          [
            9.555873037241408,
            47.159133927558926
          ],
          [
            9.556160817310847,
            47.15933812078151
          ],
          [
            9.556341556912905,
            47.15954393387802
          ],
          [
            9.556553733651208,
            47.15989365840591
          ],
          [
            9.556794405899428,
            47.160089395829154
          ],
          [
            9.557084127915228,
            47.160146864790065
          ],
          [
            9.557179076079168,
            47.160287518650684
          ],
          [
            9.557154023919916,
            47.16044374555128
          ],
          [
            9.557370540478562,
            47.160823208251905
          ],
          [
            9.557358728926564,
            47.16097464719087
          ],
          [
            9.557243336375851,
            47.16113225072646
          ],
          [
            9.557350755149784,
            47.16129992078555
          ],
          [
            9.557509831021406,
            47.161504079766026
          ],
          [
            9.557619787379483,
            47.161798044490595
          ],
          [
            9.55774217654133,
            47.161958905741606
          ],
          [
            9.55779444672198,
            47.162125423200024
          ],
          [
            9.558244040252777,
            47.16246694490301
          ],
          [
            9.558271929885692,
            47.162500902346316
          ],
          [
            9.558329863638855,
            47.16273837280595
          ],
          [
            9.558548084000387,
            47.1628611145291
          ],
          [
            9.55876823032273,
            47.163043405455085
          ],
          [
            9.559172825338422,
            47.163646885880055
          ],
          [
            9.559326449013566,
            47.16394477677461
          ],
          [
            9.55947459206253,
            47.16438257130624
          ],
          [
            9.559671485764232,
            47.16456979748339
          ],
          [
            9.559942370706414,
            47.16487049159007
          ],
          [
            9.560035783739341,
            47.165066176639556
          ],
          [
            9.560232229247282,
            47.165239661150075
          ],
          [
            9.56028586845665,
            47.165447399361156
          ],
          [
            9.560436282267029,
            47.16564679239681
          ],
          [
            9.56084437500888,
            47.16594540266439
          ],
          [
            9.560909992842815,
            47.16621254964408
          ],
          [
            9.560851058742887,
            47.16645868124031
          ],
          [
            9.560868889245938,
            47.16654926850885
          ],
          [
            9.560934929798615,
            47.166464277862865
          ],
          [
            9.561384728874547,
            47.16619386249413
          ],
          [
            9.561735076297337,
            47.166055582279405
          ],
          [
            9.56197989041979,
            47.165863920576726
          ],
          [
            9.562121804159528,
            47.16580216487739
          ],
          [
            9.5623162469705,
            47.16581065856028
          ],
          [
            9.563052073386293,
            47.165483151960856
          ],
          [
            9.563463867225346,
            47.165279763876065
          ],
          [
            9.563535460371432,
            47.16521678624667
          ],
          [
            9.563711160700517,
            47.16516369918666
          ],
          [
            9.563877452310335,
            47.16502822849
          ],
          [
            9.564662666530639,
            47.164984146324606
          ],
          [
            9.56500905894863,
            47.16503385358193
          ],
          [
            9.56524655484589,
            47.165131067948444
          ],
          [
            9.565323349811525,
            47.1651253106653
          ],
          [
            9.565425497178223,
            47.16507561477035
          ],
          [
            9.565671732017108,
            47.16503059611345
          ],
          [
            9.565920615089476,
            47.164861759454276
          ],
          [
            9.566609221985717,
            47.16472976723354
          ],
          [
            9.566917436733547,
            47.1646356661389
          ],
          [
            9.567120702025234,
            47.164607339185835
          ],
          [
            9.567424007592097,
            47.164465178856716
          ],
          [
            9.567742721705992,
            47.16438467517435
          ],
          [
            9.56808495847364,
            47.16440921948227
          ],
          [
            9.568397990746243,
            47.164461729824254
          ],
          [
            9.568675877784942,
            47.16436121210413
          ],
          [
            9.56885711014279,
            47.164273632880246
          ],
          [
            9.569036989950085,
            47.164144822204975
          ],
          [
            9.569254546056131,
            47.16414378779146
          ],
          [
            9.569704431021318,
            47.16418500368619
          ],
          [
            9.57000103007974,
            47.16404296066182
          ],
          [
            9.57006810086477,
            47.16404650446735
          ],
          [
            9.570131257832804,
            47.16413491874964
          ],
          [
            9.570243830953906,
            47.16419966981684
          ],
          [
            9.570426127158955,
            47.1641441555185
          ],
          [
            9.570665798404464,
            47.164103809711676
          ],
          [
            9.570869415798164,
            47.163983796994685
          ],
          [
            9.571220895022616,
            47.163882133318104
          ],
          [
            9.571610449430693,
            47.16381886799342
          ],
          [
            9.57203896671453,
            47.16371832821051
          ],
          [
            9.572587798043545,
            47.16351048335345
          ],
          [
            9.573154426599013,
            47.16333447362379
          ],
          [
            9.573186651872522,
            47.16329730716174
          ],
          [
            9.573201168252856,
            47.16312747753189
          ],
          [
            9.57334066837798,
            47.163040116793134
          ],
          [
            9.573467163336264,
            47.16300838062601
          ],
          [
            9.578314965635307,
            47.159870514706185
          ],
          [
            9.584477633489547,
            47.15604213488927
          ],
          [
            9.58398134950436,
            47.15574482946513
          ],
          [
            9.583915821723648,
            47.15565617866461
          ],
          [
            9.583900996567838,
            47.155431879499346
          ],
          [
            9.58404103619289,
            47.155086868831646
          ],
          [
            9.584007728389073,
            47.15446649200974
          ],
          [
            9.5836638049407,
            47.15388595983239
          ],
          [
            9.583418716374279,
            47.153700653329274
          ],
          [
            9.5831495109959,
            47.15364156333084
          ],
          [
            9.582881320458553,
            47.15347251439275
          ],
          [
            9.582614044509715,
            47.15334698084381
          ],
          [
            9.58243719267483,
            47.15306247294126
          ],
          [
            9.582555488414046,
            47.15279788095784
          ],
          [
            9.58295744421591,
            47.15248456431132
          ],
          [
            9.583069624469955,
            47.15224750312785
          ],
          [
            9.582978569321838,
            47.15190257467997
          ],
          [
            9.58260132735307,
            47.15132924759224
          ],
          [
            9.58259627060661,
            47.15124914135307
          ],
          [
            9.58281308523457,
            47.15089190217708
          ],
          [
            9.583015849119429,
            47.150505032721014
          ],
          [
            9.582865887374918,
            47.150224846841816
          ],
          [
            9.582433669728529,
            47.14974367793775
          ],
          [
            9.582352760735867,
            47.1494032297749
          ],
          [
            9.582304220224126,
            47.14900978169314
          ],
          [
            9.582244956885297,
            47.148742408750245
          ],
          [
            9.58229322000595,
            47.148650294450135
          ],
          [
            9.582300894020646,
            47.14853798030536
          ],
          [
            9.582392065108849,
            47.14841565083607
          ],
          [
            9.582539644025134,
            47.14826756936089
          ],
          [
            9.582617262318612,
            47.14813850087059
          ],
          [
            9.582612010402917,
            47.14804923808802
          ],
          [
            9.58254994730784,
            47.147965129001804
          ],
          [
            9.582320642196349,
            47.147733842446925
          ],
          [
            9.581965912834725,
            47.14743054226002
          ],
          [
            9.581659619199604,
            47.147200042007995
          ],
          [
            9.581519223416043,
            47.147054891463235
          ],
          [
            9.581480657112666,
            47.146814783637204
          ],
          [
            9.581521494666905,
            47.14653035537665
          ],
          [
            9.581755482984768,
            47.14635159989605
          ],
          [
            9.581929038181277,
            47.146166592206086
          ],
          [
            9.581910106235966,
            47.14606371827033
          ],
          [
            9.581695275793864,
            47.14572464163695
          ],
          [
            9.581753061993478,
            47.14560723604857
          ],
          [
            9.58171870393919,
            47.14540831533924
          ],
          [
            9.581754274534463,
            47.14534839926377
          ],
          [
            9.581706900358192,
            47.14516794249479
          ],
          [
            9.581846055150557,
            47.144939782081956
          ],
          [
            9.581879332428022,
            47.14477224566257
          ],
          [
            9.581833469172965,
            47.144662765276095
          ],
          [
            9.581666890471027,
            47.14454535855441
          ],
          [
            9.581426658788548,
            47.14442871273973
          ],
          [
            9.581314191426205,
            47.144335941577374
          ],
          [
            9.581292056151968,
            47.14423997484341
          ],
          [
            9.581357399963194,
            47.14400568632507
          ],
          [
            9.581352892322652,
            47.14395075556728
          ],
          [
            9.5812126232614,
            47.143810182412736
          ],
          [
            9.581025450048966,
            47.14367008739089
          ],
          [
            9.580834659320292,
            47.14335823953366
          ],
          [
            9.580550878036819,
            47.14276560882217
          ],
          [
            9.58040645892223,
            47.14258843555158
          ],
          [
            9.580218680449766,
            47.14241855764623
          ],
          [
            9.580042951676287,
            47.14234246779216
          ],
          [
            9.57965900038728,
            47.142238735796795
          ],
          [
            9.579401703561674,
            47.142106225128494
          ],
          [
            9.57918336615807,
            47.141916048005655
          ],
          [
            9.57901859128374,
            47.14172534100034
          ],
          [
            9.57890651942732,
            47.14149284576203
          ],
          [
            9.578728444199497,
            47.141306849111224
          ],
          [
            9.578389586575053,
            47.141117897660244
          ],
          [
            9.578012848841203,
            47.14087894566762
          ],
          [
            9.577877865668835,
            47.14082992554069
          ],
          [
            9.577607031208503,
            47.140848715100745
          ],
          [
            9.577485869814668,
            47.140820169067545
          ],
          [
            9.57708489664706,
            47.14054253211379
          ],
          [
            9.576671693037838,
            47.14000389576445
          ],
          [
            9.576412468991943,
            47.13977976827022
          ],
          [
            9.576391135339547,
            47.13972043527914
          ],
          [
            9.576319760026857,
            47.13967077920779
          ],
          [
            9.57617824056306,
            47.139628690327704
          ],
          [
            9.576064064953856,
            47.139613834107
          ],
          [
            9.57587465959666,
            47.139524117284196
          ],
          [
            9.57546329663837,
            47.13923054342061
          ],
          [
            9.575330321014643,
            47.13911736221259
          ],
          [
            9.575049807153995,
            47.13899424494964
          ],
          [
            9.574923425952123,
            47.13887642364135
          ],
          [
            9.574363619903169,
            47.13868741909272
          ],
          [
            9.57424815228432,
            47.13861071380666
          ],
          [
            9.573986733201435,
            47.13828124447694
          ],
          [
            9.574070964480843,
            47.13814755962409
          ],
          [
            9.57433162195423,
            47.13796395906896
          ],
          [
            9.574462284621227,
            47.13780917424652
          ],
          [
            9.574475073933863,
            47.137463191370436
          ],
          [
            9.574525795776388,
            47.13732753735327
          ],
          [
            9.574507135894773,
            47.13707806824168
          ],
          [
            9.574370881438673,
            47.136809188803355
          ],
          [
            9.57428599002241,
            47.13675278213719
          ],
          [
            9.57418154081082,
            47.136721762694854
          ],
          [
            9.57401381631246,
            47.13670744062392
          ],
          [
            9.573706095623466,
            47.136722011696165
          ],
          [
            9.573607968938497,
            47.136672626024534
          ],
          [
            9.573553777801655,
            47.13648534622845
          ],
          [
            9.57345866055871,
            47.135943480359295
          ],
          [
            9.573415834299867,
            47.13581794170613
          ],
          [
            9.573110820516044,
            47.13548434027572
          ],
          [
            9.572866614882637,
            47.13533564579735
          ],
          [
            9.572731006133969,
            47.135096527451736
          ],
          [
            9.572540347892042,
            47.13462892407598
          ],
          [
            9.572404042035796,
            47.13451577452443
          ],
          [
            9.57228415375772,
            47.1343864292769
          ],
          [
            9.572263372237906,
            47.13419425450929
          ],
          [
            9.572172427029354,
            47.134009645019596
          ],
          [
            9.57180158443655,
            47.13372937969801
          ],
          [
            9.571629966883227,
            47.133687592222415
          ],
          [
            9.571547889626569,
            47.1336059815577
          ],
          [
            9.571498270101856,
            47.133475916267926
          ],
          [
            9.57144336011716,
            47.13309397372999
          ],
          [
            9.57145525945497,
            47.13286250922866
          ],
          [
            9.571535770922162,
            47.132552495143116
          ],
          [
            9.57150727225821,
            47.132470321974345
          ],
          [
            9.571327440628927,
            47.13235762809762
          ],
          [
            9.571209681136157,
            47.132170996007275
          ],
          [
            9.57089451727961,
            47.131830630820275
          ],
          [
            9.570914003518887,
            47.13164260366213
          ],
          [
            9.570515801901452,
            47.13149318041415
          ],
          [
            9.570311406938371,
            47.13132574598861
          ],
          [
            9.571830853353806,
            47.130934889512176
          ],
          [
            9.574087212448493,
            47.12966421122714
          ],
          [
            9.5755772885294,
            47.12904084160741
          ],
          [
            9.576386570979905,
            47.12867127010633
          ],
          [
            9.576915435175058,
            47.12847696765075
          ],
          [
            9.577415843090016,
            47.12821732558786
          ],
          [
            9.57865025988039,
            47.12749692101868
          ],
          [
            9.579844024328366,
            47.12681575425231
          ],
          [
            9.587324809983041,
            47.12612516320445
          ],
          [
            9.588550794743997,
            47.12592498473213
          ],
          [
            9.588723450324432,
            47.1257138951847
          ],
          [
            9.588815198820766,
            47.1254723756207
          ],
          [
            9.58880333274128,
            47.125090001975984
          ],
          [
            9.588943923712877,
            47.12478608336723
          ],
          [
            9.588914241910025,
            47.12450699181607
          ],
          [
            9.588812843152692,
            47.12416459000005
          ],
          [
            9.58844114277467,
            47.122664026236805
          ],
          [
            9.588466484004185,
            47.12244844033045
          ],
          [
            9.588446559244646,
            47.12215550669802
          ],
          [
            9.588347551485993,
            47.12192071456284
          ],
          [
            9.588005358879958,
            47.1214436142209
          ],
          [
            9.587869682828874,
            47.121216121338456
          ],
          [
            9.587702585264354,
            47.12078056496399
          ],
          [
            9.58742454562681,
            47.12032563145881
          ],
          [
            9.587182590670484,
            47.11968707942002
          ],
          [
            9.58699605271819,
            47.1194303745957
          ],
          [
            9.586471658297214,
            47.11889121458515
          ],
          [
            9.586392145882545,
            47.11877989911366
          ],
          [
            9.586298629851473,
            47.1183388980755
          ],
          [
            9.586154353858085,
            47.11817563147984
          ],
          [
            9.585980702937364,
            47.1180470440486
          ],
          [
            9.585902408402461,
            47.11783950536477
          ],
          [
            9.58587636777403,
            47.11757182664129
          ],
          [
            9.585548477490375,
            47.11683117273767
          ],
          [
            9.585513862436702,
            47.1166300071385
          ],
          [
            9.585519575753457,
            47.11658642989434
          ],
          [
            9.585604092310852,
            47.116470950837034
          ],
          [
            9.585745148196503,
            47.11633880312525
          ],
          [
            9.585858659217799,
            47.11617260780234
          ],
          [
            9.586163134264048,
            47.115859950843195
          ],
          [
            9.586289938227178,
            47.115689034425195
          ],
          [
            9.586386452033658,
            47.11551158450246
          ],
          [
            9.586420112664303,
            47.115369196920184
          ],
          [
            9.586391509187381,
            47.11528705581302
          ],
          [
            9.586191029852007,
            47.115156495812094
          ],
          [
            9.586067704215923,
            47.11503191688585
          ],
          [
            9.586038108133575,
            47.11490627875488
          ],
          [
            9.586145994346476,
            47.11463708629517
          ],
          [
            9.586162870757807,
            47.114492609976075
          ],
          [
            9.586152464514191,
            47.1143255181629
          ],
          [
            9.58618253078508,
            47.11417173403633
          ],
          [
            9.586256728035169,
            47.11404492048891
          ],
          [
            9.58619571903533,
            47.113711209313564
          ],
          [
            9.586124593337127,
            47.1135241966335
          ],
          [
            9.586048448945453,
            47.11341283598556
          ],
          [
            9.585996749530118,
            47.11319583787873
          ],
          [
            9.586067782333876,
            47.11292705524674
          ],
          [
            9.586238539318453,
            47.11262507640148
          ],
          [
            9.586339505268608,
            47.11249796024426
          ],
          [
            9.586496914439445,
            47.11234729307191
          ],
          [
            9.586456861572358,
            47.11220345806804
          ],
          [
            9.58641938470606,
            47.11217410459755
          ],
          [
            9.58629810569407,
            47.112141134846745
          ],
          [
            9.586046173866402,
            47.11210502841727
          ],
          [
            9.585739708540512,
            47.11202604725362
          ],
          [
            9.585604339047354,
            47.11196116240876
          ],
          [
            9.585515622579532,
            47.111886587267264
          ],
          [
            9.585470238191245,
            47.11180233900473
          ],
          [
            9.58534529617571,
            47.11180716637177
          ],
          [
            9.585184007861939,
            47.111768077453604
          ],
          [
            9.585210450818533,
            47.1109676302399
          ],
          [
            9.585852461312273,
            47.109060402109066
          ],
          [
            9.585587571872377,
            47.10772059117092
          ],
          [
            9.588011444447242,
            47.09963566687493
          ],
          [
            9.585556513650602,
            47.100349237020396
          ]
        ]
      }
    },
    {
      "type": "Feature",
      "properties": {
        "source": "swisstopo SWISSBOUNDARIES3D",
        "source:date": "2026-01-01"
      },
      "geometry": {
        "type": "LineString",
        "coordinates": [
          [
            9.61150179151348,
            47.07940741448633
          ],
          [
            9.611351665822573,
            47.079614060332666
          ],
          [
            9.611229008839578,
            47.07982861763498
          ],
          [
            9.611220486984946,
            47.07989977621574
          ],
          [
            9.611267350537176,
            47.08005523643691
          ],
          [
            9.61124691073434,
            47.08019534126955
          ],
          [
            9.610832295167045,
            47.08084865913721
          ],
          [
            9.610770128138526,
            47.080915820506405
          ],
          [
            9.610693954163855,
            47.08095559478536
          ],
          [
            9.610391692995806,
            47.08107112011653
          ],
          [
            9.61039918395361,
            47.08110772783004
          ],
          [
            9.610560441197926,
            47.08128950423095
          ],
          [
            9.610578688850675,
            47.08136040826061
          ],
          [
            9.610541764482878,
            47.08151214470132
          ],
          [
            9.610328781415854,
            47.08204410884057
          ],
          [
            9.610047979612693,
            47.08241395344574
          ],
          [
            9.609911656291278,
            47.082424549154766
          ],
          [
            9.60975043492982,
            47.082401007746775
          ],
          [
            9.609245016768849,
            47.082410870049515
          ],
          [
            9.609085051932514,
            47.08244694522347
          ],
          [
            9.608942570520096,
            47.08251722546476
          ],
          [
            9.608785668869661,
            47.08253950178264
          ],
          [
            9.608585214112288,
            47.08271816500302
          ],
          [
            9.608413138172269,
            47.08281400137476
          ],
          [
            9.60828950774262,
            47.08282674882609
          ],
          [
            9.608169688625477,
            47.08286009339558
          ],
          [
            9.607951214234843,
            47.082979346718716
          ],
          [
            9.607654013975694,
            47.08317506133791
          ],
          [
            9.606629417399295,
            47.083916631109794
          ],
          [
            9.606497197258214,
            47.08398673239958
          ],
          [
            9.606307274805808,
            47.084016116511066
          ],
          [
            9.606157956660885,
            47.08406803955087
          ],
          [
            9.605961447711428,
            47.08425797030849
          ],
          [
            9.60583508615057,
            47.08444492097351
          ],
          [
            9.605490813238356,
            47.08506956130804
          ],
          [
            9.605433526986545,
            47.08535895895494
          ],
          [
            9.605435397755526,
            47.08560192443715
          ],
          [
            9.605467532454151,
            47.08585147248349
          ],
          [
            9.605445573877782,
            47.08654167425839
          ],
          [
            9.605531507050422,
            47.08709198500942
          ],
          [
            9.605829180211426,
            47.08734976706735
          ],
          [
            9.605986551808188,
            47.08743966879425
          ],
          [
            9.606097124951763,
            47.08753438599128
          ],
          [
            9.606228974527392,
            47.087771352458
          ],
          [
            9.606281208534456,
            47.087816842936135
          ],
          [
            9.60648757718433,
            47.08791255881115
          ],
          [
            9.60671639036118,
            47.08789941128225
          ],
          [
            9.606909207765192,
            47.087999467543206
          ],
          [
            9.607031610502158,
            47.08815136105394
          ],
          [
            9.607074092376978,
            47.08823385664808
          ],
          [
            9.607093752972563,
            47.088429865622146
          ],
          [
            9.607131247026853,
            47.08849361281917
          ],
          [
            9.607148981595603,
            47.0886732811327
          ],
          [
            9.607263492638035,
            47.089002798137294
          ],
          [
            9.607192849991161,
            47.0903344767988
          ],
          [
            9.607632917802757,
            47.09166029796009
          ],
          [
            9.608143446915774,
            47.09271094831506
          ],
          [
            9.608576736036436,
            47.0935591083194
          ],
          [
            9.609241507739847,
            47.0947814885455
          ],
          [
            9.609923317567196,
            47.09600508174555
          ],
          [
            9.610092026394803,
            47.09623210583904
          ],
          [
            9.610299462056634,
            47.09646819659961
          ],
          [
            9.610590356176235,
            47.09667555161067
          ],
          [
            9.611271702496314,
            47.097019754641856
          ],
          [
            9.611608951096875,
            47.09726358241791
          ],
          [
            9.611752720313577,
            47.09749499037893
          ],
          [
            9.61174311319351,
            47.09761154793474
          ],
          [
            9.611457003507141,
            47.098132954113986
          ],
          [
            9.611084189958957,
            47.09864190810191
          ],
          [
            9.610680792622663,
            47.09861757585095
          ],
          [
            9.610571818047772,
            47.09868943698503
          ],
          [
            9.610362918133571,
            47.098727482134855
          ],
          [
            9.610220793378843,
            47.098789387710134
          ],
          [
            9.609927374401224,
            47.098984125692
          ],
          [
            9.609612579082244,
            47.09907906134268
          ],
          [
            9.609284217332634,
            47.09920149051092
          ],
          [
            9.608923638023658,
            47.09943259765441
          ],
          [
            9.608660869464785,
            47.09945125830675
          ],
          [
            9.608514632356123,
            47.09952364147373
          ],
          [
            9.608260865494733,
            47.09973165423196
          ],
          [
            9.60787634739174,
            47.09988142420491
          ],
          [
            9.607667385276995,
            47.09998185998666
          ],
          [
            9.607218484396405,
            47.10087343378887
          ],
          [
            9.60718648222099,
            47.10111832488179
          ],
          [
            9.60706627646523,
            47.10128471507905
          ],
          [
            9.606885835414708,
            47.101462878316674
          ],
          [
            9.607228339648351,
            47.10166220385967
          ],
          [
            9.607432060280479,
            47.10190332789452
          ],
          [
            9.607265172992447,
            47.10193881910233
          ],
          [
            9.607047494767947,
            47.10214381678287
          ],
          [
            9.6070326494849,
            47.10231125910272
          ],
          [
            9.606749436813933,
            47.10308009607923
          ],
          [
            9.605738188632106,
            47.104064170054514
          ],
          [
            9.604324682562213,
            47.104756589225865
          ],
          [
            9.60272129286523,
            47.1059429399572
          ],
          [
            9.603006246661941,
            47.106220279969385
          ],
          [
            9.601758135277878,
            47.10663455161972
          ],
          [
            9.600505174253597,
            47.107336882274915
          ],
          [
            9.599751684914297,
            47.10801201303112
          ],
          [
            9.599857745988993,
            47.1082214326114
          ],
          [
            9.599829866800661,
            47.1082879416704
          ],
          [
            9.599323079016276,
            47.10846621151074
          ],
          [
            9.598908410747727,
            47.108728014505665
          ],
          [
            9.598788357256437,
            47.10883323967532
          ],
          [
            9.598409651906145,
            47.10906629878196
          ],
          [
            9.59934612801306,
            47.109666753484674
          ],
          [
            9.599858984304664,
            47.11002025889711
          ],
          [
            9.601100981604429,
            47.11078213973112
          ],
          [
            9.601250539823058,
            47.110895402309865
          ],
          [
            9.602051129986874,
            47.11198530090311
          ],
          [
            9.60344802482078,
            47.11138940190355
          ],
          [
            9.603941460966604,
            47.11120914333328
          ],
          [
            9.604746020626138,
            47.11089703105759
          ],
          [
            9.606247091187575,
            47.11112066941361
          ],
          [
            9.60727786294486,
            47.11125238658439
          ],
          [
            9.610778095163703,
            47.11167251566768
          ],
          [
            9.613973672163953,
            47.11190667996574
          ],
          [
            9.614793861677297,
            47.11197503718902
          ],
          [
            9.615051390998719,
            47.111823422491184
          ],
          [
            9.61508929023401,
            47.111724649546986
          ],
          [
            9.615278240634192,
            47.11164699518077
          ],
          [
            9.615552542917236,
            47.111641509492586
          ],
          [
            9.615896015538839,
            47.1114431374528
          ],
          [
            9.616177389998905,
            47.111309523763296
          ],
          [
            9.616347341415104,
            47.1112778133275
          ],
          [
            9.616619676811382,
            47.11118773289673
          ],
          [
            9.616846799493837,
            47.11102274303508
          ],
          [
            9.61691482583149,
            47.11092592666825
          ],
          [
            9.617220673810472,
            47.11083772881039
          ],
          [
            9.617611463812372,
            47.11065938416743
          ],
          [
            9.617804969836058,
            47.11063425243066
          ],
          [
            9.617945566676934,
            47.11049085098692
          ],
          [
            9.618721485954218,
            47.11032626049113
          ],
          [
            9.619416866191138,
            47.110297503141155
          ],
          [
            9.619535108856248,
            47.11034642298465
          ],
          [
            9.619579975562992,
            47.1104053382552
          ],
          [
            9.619617577010814,
            47.110585518329415
          ],
          [
            9.620004411094575,
            47.11052609077215
          ],
          [
            9.620236751753165,
            47.11073370686742
          ],
          [
            9.620371740227458,
            47.11078242483071
          ],
          [
            9.620538649336565,
            47.11076445239717
          ],
          [
            9.620741233918752,
            47.11064969056081
          ],
          [
            9.620892213165103,
            47.11061116200066
          ],
          [
            9.620818187869585,
            47.11054087829916
          ],
          [
            9.6209923654325,
            47.11029251703982
          ],
          [
            9.621098272394162,
            47.110055584723504
          ],
          [
            9.621183000968797,
            47.109928015847
          ],
          [
            9.62132434781704,
            47.10965390355009
          ],
          [
            9.62143097670503,
            47.10950263955307
          ],
          [
            9.621504524435048,
            47.109243753744586
          ],
          [
            9.621532289283396,
            47.10919803633743
          ],
          [
            9.62152957302682,
            47.109162769369256
          ],
          [
            9.621618003632403,
            47.10912347570875
          ],
          [
            9.621677430050278,
            47.10899249993229
          ],
          [
            9.621766461743505,
            47.10890751001594
          ],
          [
            9.621764968944728,
            47.10888382768974
          ],
          [
            9.62179989666847,
            47.108834392723544
          ],
          [
            9.621794221977144,
            47.10880512090493
          ],
          [
            9.621838316719721,
            47.10877913241486
          ],
          [
            9.621890035998428,
            47.10872486109614
          ],
          [
            9.621901125405072,
            47.108644501862706
          ],
          [
            9.621917204540065,
            47.10862445383346
          ],
          [
            9.62197357850623,
            47.10857605991879
          ],
          [
            9.622069569308561,
            47.10859905286451
          ],
          [
            9.622122178237897,
            47.10858793869468
          ],
          [
            9.622218786156909,
            47.10852522831707
          ],
          [
            9.622237338483597,
            47.10849763758406
          ],
          [
            9.622181856048536,
            47.10846931258897
          ],
          [
            9.622224963322006,
            47.1084278475183
          ],
          [
            9.622285941801543,
            47.10840996036675
          ],
          [
            9.622291684085013,
            47.10839434701496
          ],
          [
            9.622260140387324,
            47.1083386528559
          ],
          [
            9.622302729480767,
            47.1082970896217
          ],
          [
            9.622346138538154,
            47.10828403561562
          ],
          [
            9.62248922514916,
            47.10827224501576
          ],
          [
            9.622532335739695,
            47.108260276416914
          ],
          [
            9.622542692053418,
            47.108244692306315
          ],
          [
            9.622584483175777,
            47.10824432067838
          ],
          [
            9.622710630325013,
            47.10820886220377
          ],
          [
            9.622733303422596,
            47.108179231385336
          ],
          [
            9.622705143409089,
            47.10810762686964
          ],
          [
            9.622842569784531,
            47.10805757438176
          ],
          [
            9.622981170228961,
            47.10797783176263
          ],
          [
            9.623169908861051,
            47.107953726228565
          ],
          [
            9.623388168253822,
            47.107888881166566
          ],
          [
            9.62354456178399,
            47.10788056145868
          ],
          [
            9.62359180375524,
            47.10785648303974
          ],
          [
            9.623639235098135,
            47.10785577877694
          ],
          [
            9.62364950146053,
            47.10788580003409
          ],
          [
            9.623677455059708,
            47.10789353780328
          ],
          [
            9.623822068200074,
            47.10787752323563
          ],
          [
            9.624061104566112,
            47.10781478316772
          ],
          [
            9.624149525280153,
            47.10776468960462
          ],
          [
            9.624184783849866,
            47.107757980843374
          ],
          [
            9.624193573394551,
            47.10774148155208
          ],
          [
            9.624315153744023,
            47.10772334905187
          ],
          [
            9.624345125291372,
            47.10769915801112
          ],
          [
            9.62439481870624,
            47.10768768432394
          ],
          [
            9.624439201784808,
            47.10765944870464
          ],
          [
            9.624585465805216,
            47.10761771137308
          ],
          [
            9.624679901758146,
            47.107610380188184
          ],
          [
            9.62476513767139,
            47.10763079505344
          ],
          [
            9.62479916725491,
            47.10760851529867
          ],
          [
            9.624921509506581,
            47.10760324432739
          ],
          [
            9.624957078228585,
            47.10758250994583
          ],
          [
            9.625011350022273,
            47.10758375353919
          ],
          [
            9.625046299742957,
            47.10760014922957
          ],
          [
            9.625147963238357,
            47.10758423060727
          ],
          [
            9.62520516092028,
            47.107593220010365
          ],
          [
            9.625227533866015,
            47.10757564320993
          ],
          [
            9.625268297754818,
            47.107581112102054
          ],
          [
            9.625410134750885,
            47.10754555887994
          ],
          [
            9.625657378703098,
            47.107520569354634
          ],
          [
            9.625701528535805,
            47.10749825860789
          ],
          [
            9.625812472532287,
            47.10747852734143
          ],
          [
            9.625872111005656,
            47.10745208829505
          ],
          [
            9.625962553988742,
            47.10746704008917
          ],
          [
            9.625972782239327,
            47.107500292310014
          ],
          [
            9.626132100926634,
            47.10750811943667
          ],
          [
            9.626312491479123,
            47.1074862102905
          ],
          [
            9.626377931488992,
            47.10751854591375
          ],
          [
            9.626527261003643,
            47.107524781066914
          ],
          [
            9.626635370505143,
            47.10753857698416
          ],
          [
            9.626669828843946,
            47.10755390174331
          ],
          [
            9.626765399414454,
            47.10753983442776
          ],
          [
            9.626862168327914,
            47.107545738617056
          ],
          [
            9.6270269973029,
            47.107504571300844
          ],
          [
            9.627272883319117,
            47.10760018254269
          ],
          [
            9.627600959319894,
            47.10754041759511
          ],
          [
            9.627738675959971,
            47.10755853439038
          ],
          [
            9.62783595191899,
            47.10754556747511
          ],
          [
            9.62793278516216,
            47.107575927161555
          ],
          [
            9.628322515866031,
            47.10758097021214
          ],
          [
            9.62848185047324,
            47.107542119131985
          ],
          [
            9.628533430224707,
            47.10749687270301
          ],
          [
            9.628217144331295,
            47.10546668289892
          ],
          [
            9.628261570340054,
            47.10543475555489
          ],
          [
            9.628332496618178,
            47.10542080570543
          ],
          [
            9.628384980340302,
            47.10538675405234
          ],
          [
            9.628456433196115,
            47.10538278230475
          ],
          [
            9.628495241628924,
            47.10533660052386
          ],
          [
            9.628750217586637,
            47.10530308818646
          ],
          [
            9.628889911413935,
            47.10520760603537
          ],
          [
            9.629261623778149,
            47.10511056038821
          ],
          [
            9.629366070647293,
            47.105050393687236
          ],
          [
            9.629379626431524,
            47.105002263654505
          ],
          [
            9.629427039329547,
            47.104993116804955
          ],
          [
            9.629730147621999,
            47.10483249961583
          ],
          [
            9.629878700923221,
            47.10479642560647
          ],
          [
            9.629991693763465,
            47.10480792951361
          ],
          [
            9.63014982844698,
            47.104733870062574
          ],
          [
            9.630259626611918,
            47.10459744692491
          ],
          [
            9.630508839555368,
            47.1044380628968
          ],
          [
            9.630562720444775,
            47.10431650104582
          ],
          [
            9.630619992614937,
            47.10426845439917
          ],
          [
            9.630690306314486,
            47.10425053744447
          ],
          [
            9.630701013678753,
            47.10419789039181
          ],
          [
            9.63074700901532,
            47.104156069826324
          ],
          [
            9.630851294794294,
            47.104099135196726
          ],
          [
            9.630971785708807,
            47.10396998489141
          ],
          [
            9.631030328330315,
            47.10393624823505
          ],
          [
            9.631073443455914,
            47.10389361865687
          ],
          [
            9.631175499630023,
            47.103864648330664
          ],
          [
            9.631166888193665,
            47.103818803857024
          ],
          [
            9.631202728158852,
            47.10376747666424
          ],
          [
            9.631245547191858,
            47.10372663435161
          ],
          [
            9.631326546293932,
            47.10370771214757
          ],
          [
            9.631375749536677,
            47.10360168041326
          ],
          [
            9.631393804443942,
            47.10352154683705
          ],
          [
            9.631500870871037,
            47.10348235734078
          ],
          [
            9.631544705957289,
            47.103425145396685
          ],
          [
            9.631590959665692,
            47.10340221618826
          ],
          [
            9.631727877903689,
            47.1032456391486
          ],
          [
            9.631802392982088,
            47.10319906230202
          ],
          [
            9.631907450801545,
            47.10309283660191
          ],
          [
            9.632116637190345,
            47.10298095088824
          ],
          [
            9.632169881225538,
            47.102898336439566
          ],
          [
            9.632127515886086,
            47.10282378382231
          ],
          [
            9.632140756643642,
            47.10279924423743
          ],
          [
            9.632238339919745,
            47.10274961698936
          ],
          [
            9.632352407716004,
            47.10270992399894
          ],
          [
            9.632414865052295,
            47.10270102842224
          ],
          [
            9.63248607400646,
            47.1026458397772
          ],
          [
            9.6327830726667,
            47.102484601846385
          ],
          [
            9.632921417482697,
            47.10244209590325
          ],
          [
            9.633019071223252,
            47.10242991802422
          ],
          [
            9.633062762325578,
            47.10234095277856
          ],
          [
            9.633162200186712,
            47.102311859655714
          ],
          [
            9.633182031612153,
            47.102296696337376
          ],
          [
            9.633200860399933,
            47.10226928733036
          ],
          [
            9.63317510176928,
            47.10219384186177
          ],
          [
            9.633178937717302,
            47.102046266509205
          ],
          [
            9.633247286538825,
            47.1019306536342
          ],
          [
            9.633419458001491,
            47.10177560535557
          ],
          [
            9.633500566199464,
            47.101612497780955
          ],
          [
            9.633528377831203,
            47.10159270067768
          ],
          [
            9.63355285844432,
            47.10151253383745
          ],
          [
            9.633587445377344,
            47.101496638529824
          ],
          [
            9.633681575457834,
            47.101389540063266
          ],
          [
            9.633751995998209,
            47.10138366797458
          ],
          [
            9.633790344987371,
            47.101353141255615
          ],
          [
            9.633842193351716,
            47.101335917128104
          ],
          [
            9.633882796298309,
            47.10128129451558
          ],
          [
            9.633918803377481,
            47.10126918728932
          ],
          [
            9.634044183971042,
            47.101240353346896
          ],
          [
            9.634226642544697,
            47.10122575245656
          ],
          [
            9.634357557771624,
            47.10116285231424
          ],
          [
            9.634387962056419,
            47.10108706222647
          ],
          [
            9.635034458557945,
            47.098698674758644
          ],
          [
            9.635693397556745,
            47.0962350052533
          ],
          [
            9.635604585963799,
            47.094786335943255
          ],
          [
            9.63555521860851,
            47.09335508843763
          ],
          [
            9.63542395279706,
            47.092312862320696
          ],
          [
            9.635347252910977,
            47.090617213663556
          ],
          [
            9.63401574139222,
            47.08801649049534
          ],
          [
            9.633197147760633,
            47.086234995672456
          ],
          [
            9.633203815187251,
            47.0854169540819
          ],
          [
            9.633359782364309,
            47.08451913978709
          ],
          [
            9.633530766768523,
            47.083425303503105
          ],
          [
            9.632996651088124,
            47.08319761176425
          ],
          [
            9.631264660404879,
            47.08308989337119
          ],
          [
            9.629140420776512,
            47.08293933200436
          ],
          [
            9.627448106677578,
            47.08278242374689
          ],
          [
            9.623522496918442,
            47.08251946602215
          ],
          [
            9.621022291075457,
            47.08029789508932
          ],
          [
            9.620926964726282,
            47.08022528115998
          ],
          [
            9.620784819263056,
            47.07991683556014
          ],
          [
            9.620765190456273,
            47.079900309607545
          ],
          [
            9.620762855385442,
            47.07984944991359
          ],
          [
            9.620679651723265,
            47.079730974376815
          ],
          [
            9.620564461660813,
            47.079602389577566
          ],
          [
            9.620556461779076,
            47.07955151156333
          ],
          [
            9.620631530316441,
            47.07943404118151
          ],
          [
            9.620611136976938,
            47.079430757417555
          ],
          [
            9.620609593171926,
            47.07940061504641
          ],
          [
            9.620576127278289,
            47.07936324174749
          ],
          [
            9.62051150802898,
            47.079320368578564
          ],
          [
            9.62037525548863,
            47.0792671317541
          ],
          [
            9.620360536677369,
            47.079226900567626
          ],
          [
            9.620285567482604,
            47.07918055260663
          ],
          [
            9.620236169979716,
            47.07911294131581
          ],
          [
            9.620149856242412,
            47.079049045960055
          ],
          [
            9.620033449676402,
            47.07900989209803
          ],
          [
            9.619903029895633,
            47.07900249884491
          ],
          [
            9.619837635571663,
            47.07898456566532
          ],
          [
            9.619732621229463,
            47.07883631416417
          ],
          [
            9.619525550109728,
            47.07871435107323
          ],
          [
            9.619468554617837,
            47.078664241760876
          ],
          [
            9.61918095063713,
            47.078507382245945
          ],
          [
            9.61874490507098,
            47.07817693600756
          ],
          [
            9.618671805484608,
            47.078139882893566
          ],
          [
            9.618556697703301,
            47.07819569923036
          ],
          [
            9.618499305041041,
            47.07822676273711
          ],
          [
            9.618296157366643,
            47.07828690498437
          ],
          [
            9.618250064403346,
            47.07832569042919
          ],
          [
            9.618119831795449,
            47.078371418287034
          ],
          [
            9.618050510247798,
            47.07837315722103
          ],
          [
            9.617919258854268,
            47.07840194217093
          ],
          [
            9.617860378312512,
            47.078356933983244
          ],
          [
            9.61769842685368,
            47.078407537689976
          ],
          [
            9.61761351502594,
            47.07842205307499
          ],
          [
            9.61757550524497,
            47.07845620360661
          ],
          [
            9.617477293432271,
            47.07845236259478
          ],
          [
            9.617444336744754,
            47.0784834746974
          ],
          [
            9.617401803915705,
            47.078481879321735
          ],
          [
            9.617336257473097,
            47.07854729994255
          ],
          [
            9.617288871024959,
            47.07855397619218
          ],
          [
            9.617205495513293,
            47.07854311358184
          ],
          [
            9.617173391588391,
            47.078559569000504
          ],
          [
            9.617008171429088,
            47.078560265546116
          ],
          [
            9.616916488168835,
            47.07859939357387
          ],
          [
            9.616596621063827,
            47.07858934608203
          ],
          [
            9.6164105683264,
            47.07866019266365
          ],
          [
            9.61627760611979,
            47.07866280478617
          ],
          [
            9.616243660573131,
            47.07867933086367
          ],
          [
            9.61617990886077,
            47.07867713868645
          ],
          [
            9.616085081935458,
            47.07869662814163
          ],
          [
            9.615991171626641,
            47.07869524181906
          ],
          [
            9.615511166725925,
            47.07879704606654
          ],
          [
            9.61544256021237,
            47.07879402769461
          ],
          [
            9.615191961935967,
            47.078817585667935
          ],
          [
            9.615122130848697,
            47.0788074455858
          ],
          [
            9.615108174387702,
            47.07882608491984
          ],
          [
            9.615067153734907,
            47.07882961609464
          ],
          [
            9.615004213280733,
            47.078816267855565
          ],
          [
            9.614894287643903,
            47.07881980941621
          ],
          [
            9.614827457936435,
            47.078802485523795
          ],
          [
            9.61460620498798,
            47.0788308400029
          ],
          [
            9.614460091199865,
            47.07877527263886
          ],
          [
            9.614213175555008,
            47.07871663024186
          ],
          [
            9.614171212797347,
            47.07868560708231
          ],
          [
            9.614090069102986,
            47.07868103480137
          ],
          [
            9.614053620003785,
            47.0786498711274
          ],
          [
            9.61398168506493,
            47.07863591890837
          ],
          [
            9.613896229941565,
            47.07867601527375
          ],
          [
            9.613671140874409,
            47.07869391250613
          ],
          [
            9.613468979869573,
            47.078682805027604
          ],
          [
            9.61335076728028,
            47.07870155642496
          ],
          [
            9.613082804723364,
            47.07876529262649
          ],
          [
            9.612971104090816,
            47.078809808684156
          ],
          [
            9.612940689686376,
            47.07888740201346
          ],
          [
            9.612825315502118,
            47.07900662021696
          ],
          [
            9.612643438205955,
            47.07906138233863
          ],
          [
            9.61253341360237,
            47.079068666833784
          ],
          [
            9.612453068490023,
            47.079091901312175
          ],
          [
            9.612346033336538,
            47.07914202438145
          ],
          [
            9.612194915393191,
            47.0791689202388
          ],
          [
            9.612114866404454,
            47.079208876886995
          ],
          [
            9.612077014702093,
            47.07925286676817
          ],
          [
            9.612031655581251,
            47.07925824266708
          ],
          [
            9.611988255172985,
            47.07929339315364
          ],
          [
            9.61178690062633,
            47.079385344027685
          ],
          [
            9.611572147412126,
            47.0794418604991
          ],
          [
            9.61150179151348,
            47.07940741448633
          ]
        ]
      }
    }
  ]
}