{
  "type": "FeatureCollection",
  "features": [
    {
      "type": "Feature",
      "properties": {
        "source": "swisstopo swissBOUNDARIES3D",
        "source:date": "2026-01-01"
      },
      "geometry": {
        "type": "LineString",
        "coordinates": [
          [
            9.531494268007808,
            47.19190993832354
          ],
          [
            9.534245741701843,
            47.19105123060681
          ],
          [
            9.53520225401091,
            47.19074734644533
          ],
          [
            9.535329253789854,
            47.190784838858015
          ],
          [
            9.535414542513651,
            47.19087786165263
          ],
          [
            9.53550340555267,
            47.19165431915056
          ],
          [
            9.53627256126472,
            47.191629285046304
          ],
          [
            9.536973068357344,
            47.19153812138084
          ],
          [
            9.53707733071035,
            47.191532305689876
          ],
          [
            9.539737754059493,
            47.19139199949679
          ],
          [
            9.540073437535696,
            47.19140131813903
          ],
          [
            9.543447880072724,
            47.191495604348695
          ],
          [
            9.543840149409002,
            47.19164895964864
          ],
          [
            9.544422481245181,
            47.19186949598819
          ],
          [
            9.545287300717629,
            47.192224037631796
          ],
          [
            9.546293917460188,
            47.19270786741573
          ],
          [
            9.546566531372475,
            47.19300888439469
          ],
          [
            9.546898504543776,
            47.19304699075477
          ],
          [
            9.547296003316426,
            47.19306698812346
          ],
          [
            9.547365357969818,
            47.19302281478366
          ],
          [
            9.547827754073811,
            47.19283548675851
          ],
          [
            9.548414708835445,
            47.19265796606507
          ],
          [
            9.548729473125677,
            47.19254168982597
          ],
          [
            9.548937695104488,
            47.19240730148562
          ],
          [
            9.549185598524462,
            47.192277664589206
          ],
          [
            9.54936321546471,
            47.192148164866744
          ],
          [
            9.549654102280998,
            47.19197489005433
          ],
          [
            9.549739268822151,
            47.191907021391316
          ],
          [
            9.549851215146719,
            47.191743147890605
          ],
          [
            9.54988884340676,
            47.19148264124518
          ],
          [
            9.549913303813407,
            47.19144322220673
          ],
          [
            9.550029114792144,
            47.19135585023462
          ],
          [
            9.550030945155727,
            47.19110306384867
          ],
          [
            9.550044886953236,
            47.19101255841179
          ],
          [
            9.550085012777766,
            47.19090790452659
          ],
          [
            9.550241295949743,
            47.19075644385895
          ],
          [
            9.550462729366545,
            47.190578511806095
          ],
          [
            9.550787110323128,
            47.19019789070697
          ],
          [
            9.550840502498254,
            47.19017048344944
          ],
          [
            9.551079896830926,
            47.19013420830846
          ],
          [
            9.551159612258848,
            47.190103546191764
          ],
          [
            9.551256803860037,
            47.190017099619844
          ],
          [
            9.551307051143567,
            47.18991780211494
          ],
          [
            9.551328022848306,
            47.18983289906454
          ],
          [
            9.551326159892316,
            47.18977773972233
          ],
          [
            9.551311052240903,
            47.18971876551345
          ],
          [
            9.551313789767198,
            47.189693511926365
          ],
          [
            9.551325022310198,
            47.18967379805609
          ],
          [
            9.551350564525224,
            47.18965378541338
          ],
          [
            9.551385743881914,
            47.18963681706109
          ],
          [
            9.551435360239006,
            47.18962444247395
          ],
          [
            9.551471088964115,
            47.18962371434241
          ],
          [
            9.551772329903441,
            47.18968820391961
          ],
          [
            9.551838023800594,
            47.18969254002158
          ],
          [
            9.551870017797018,
            47.18968782228085
          ],
          [
            9.551922690647494,
            47.189659941820274
          ],
          [
            9.551955265756444,
            47.189636533588846
          ],
          [
            9.552081614428714,
            47.189532427533884
          ],
          [
            9.552314830628774,
            47.18929590533953
          ],
          [
            9.551339647007481,
            47.189399559259535
          ],
          [
            9.550853844751403,
            47.18939999432262
          ],
          [
            9.550644788089722,
            47.189314032586466
          ],
          [
            9.550241217492554,
            47.18927599180136
          ],
          [
            9.54992569185873,
            47.18937142036963
          ],
          [
            9.54977719679212,
            47.18925105319245
          ],
          [
            9.549287151050985,
            47.18959833212028
          ],
          [
            9.54837481172662,
            47.18999496010689
          ],
          [
            9.54809363164837,
            47.189675424574936
          ],
          [
            9.548467191566164,
            47.189496155613604
          ],
          [
            9.548529641177915,
            47.18932130466981
          ],
          [
            9.54864420954827,
            47.18919080255615
          ],
          [
            9.548617363292605,
            47.189149364413176
          ],
          [
            9.548326467172966,
            47.18918428444266
          ],
          [
            9.548071521304163,
            47.18904078082843
          ],
          [
            9.54732935756665,
            47.1892314482295
          ],
          [
            9.54686105217712,
            47.18938231554589
          ],
          [
            9.546349445410305,
            47.18893643789396
          ],
          [
            9.545371348014614,
            47.18816063438254
          ],
          [
            9.544911386226042,
            47.18833857789129
          ],
          [
            9.544395493002323,
            47.18793701332813
          ],
          [
            9.543391776496826,
            47.188512524937494
          ],
          [
            9.54254056849299,
            47.18787948657105
          ],
          [
            9.54244991263487,
            47.18787668144836
          ],
          [
            9.542103335387287,
            47.18756073931028
          ],
          [
            9.54166750131572,
            47.187257963231744
          ],
          [
            9.541600601131853,
            47.18706581129812
          ],
          [
            9.54118143453704,
            47.18644931229733
          ],
          [
            9.541421869339908,
            47.186218277428424
          ],
          [
            9.540820438180203,
            47.18572357556173
          ],
          [
            9.540741105081226,
            47.18563368706688
          ],
          [
            9.540909702642939,
            47.18542993392772
          ],
          [
            9.540665022109318,
            47.18522763221948
          ],
          [
            9.540519524522422,
            47.1852313614717
          ],
          [
            9.540071153628187,
            47.18535102839475
          ],
          [
            9.540008175149879,
            47.18510128907688
          ],
          [
            9.54052773182085,
            47.184919072686654
          ],
          [
            9.540485917176353,
            47.184604755509376
          ],
          [
            9.540161726917143,
            47.184371323917816
          ],
          [
            9.539942658080715,
            47.18444137066441
          ],
          [
            9.539843913543542,
            47.184352816935224
          ],
          [
            9.53946667820007,
            47.18437283473047
          ],
          [
            9.538861389058072,
            47.18355950429228
          ],
          [
            9.53874572281577,
            47.18321073205441
          ],
          [
            9.538728831386017,
            47.18281393401237
          ],
          [
            9.53957658832401,
            47.182675478919776
          ],
          [
            9.54023338022201,
            47.18275218334396
          ],
          [
            9.5404436668481,
            47.18271776627669
          ],
          [
            9.540844806057423,
            47.18269342109708
          ],
          [
            9.541122659547405,
            47.182581006422836
          ],
          [
            9.541350264099806,
            47.18229128704589
          ],
          [
            9.541719943813673,
            47.18218558739006
          ],
          [
            9.542219546106713,
            47.18194117359903
          ],
          [
            9.5422084029364,
            47.18178104271123
          ],
          [
            9.542388859404557,
            47.181735587111106
          ],
          [
            9.54285516815261,
            47.18133047279312
          ],
          [
            9.543372231368675,
            47.18113502514916
          ],
          [
            9.544360360586227,
            47.18073557980851
          ],
          [
            9.544566358417812,
            47.18068601793689
          ],
          [
            9.544979595931515,
            47.18042145160066
          ],
          [
            9.54475058989488,
            47.18022155283401
          ],
          [
            9.544440453904484,
            47.180212105310396
          ],
          [
            9.54426777581026,
            47.18011307643697
          ],
          [
            9.543890820214244,
            47.17979482552644
          ],
          [
            9.543676956691478,
            47.17951477258501
          ],
          [
            9.5434542112573,
            47.179140106170685
          ],
          [
            9.543331134242841,
            47.178960320319
          ],
          [
            9.543421495095258,
            47.178895663089754
          ],
          [
            9.54331943952562,
            47.17875673926156
          ],
          [
            9.543358614903536,
            47.178609733415016
          ],
          [
            9.543729701476208,
            47.17822774514705
          ],
          [
            9.543770383901544,
            47.17812844578408
          ],
          [
            9.543345324112058,
            47.17777951773558
          ],
          [
            9.543259837044697,
            47.17759946687522
          ],
          [
            9.543334872737105,
            47.17719578545016
          ],
          [
            9.543325567578623,
            47.17663949393157
          ],
          [
            9.54321053602267,
            47.17595480123984
          ],
          [
            9.54335583567853,
            47.17587828709237
          ],
          [
            9.543798359017456,
            47.17603531040439
          ],
          [
            9.544123672752383,
            47.17598644441803
          ],
          [
            9.544655108074155,
            47.17603773921848
          ],
          [
            9.545057870521127,
            47.176034133975
          ],
          [
            9.545260680435796,
            47.17593962992725
          ],
          [
            9.54583411133074,
            47.17584670423078
          ],
          [
            9.545917685680863,
            47.17578048654845
          ],
          [
            9.546198830355685,
            47.17573835352851
          ],
          [
            9.546431061465135,
            47.17560694737107
          ],
          [
            9.546592187391681,
            47.17544932806019
          ],
          [
            9.546783417012469,
            47.175355762296554
          ],
          [
            9.54696215054893,
            47.17536364365255
          ],
          [
            9.54718014548896,
            47.175403737625295
          ],
          [
            9.547447097487995,
            47.17531264266829
          ],
          [
            9.547788351397996,
            47.175326180916
          ],
          [
            9.548146034743214,
            47.175367490565186
          ],
          [
            9.548486827770063,
            47.17526163181266
          ],
          [
            9.548755443188826,
            47.17511912469145
          ],
          [
            9.549049338705368,
            47.175056154245866
          ],
          [
            9.549371038712511,
            47.17517576404359
          ],
          [
            9.549708379646045,
            47.175290415922646
          ],
          [
            9.550180020855809,
            47.17534699371434
          ],
          [
            9.550724569673001,
            47.17530497138903
          ],
          [
            9.550966355960307,
            47.17539608091766
          ],
          [
            9.551344972549344,
            47.175416039872324
          ],
          [
            9.551514601438305,
            47.17537414248832
          ],
          [
            9.551645899252636,
            47.17536473000025
          ],
          [
            9.551944881197668,
            47.175437528557275
          ],
          [
            9.552079136982377,
            47.175493944622914
          ],
          [
            9.55223010365099,
            47.17558986962775
          ],
          [
            9.552496742353858,
            47.175817190020226
          ],
          [
            9.552682552148315,
            47.1759185477368
          ],
          [
            9.552843924676779,
            47.17606967243435
          ],
          [
            9.552985213606398,
            47.17613669282218
          ],
          [
            9.553130715885208,
            47.17616241571318
          ],
          [
            9.553257971504875,
            47.17620825151058
          ],
          [
            9.5535083179747,
            47.17639446935715
          ],
          [
            9.553736189077746,
            47.176486503925815
          ],
          [
            9.553983780601246,
            47.176674058155065
          ],
          [
            9.554094021922415,
            47.17678845586639
          ],
          [
            9.554142888535962,
            47.176810484020955
          ],
          [
            9.555344692801805,
            47.1764326910232
          ],
          [
            9.55570021723369,
            47.17650910939796
          ],
          [
            9.556271026052302,
            47.17654350165145
          ],
          [
            9.557215177581114,
            47.17622792947854
          ],
          [
            9.557849546463535,
            47.17593820409739
          ],
          [
            9.558280507906364,
            47.17577342722227
          ],
          [
            9.558514660528928,
            47.17552077531363
          ],
          [
            9.558749863411926,
            47.17547540903968
          ],
          [
            9.559819540086373,
            47.175011741796176
          ],
          [
            9.56050585640526,
            47.17463014495859
          ],
          [
            9.560827258448066,
            47.17441542467074
          ],
          [
            9.56123748144102,
            47.174202438516005
          ],
          [
            9.561773902438485,
            47.174010993085766
          ],
          [
            9.56193801478408,
            47.17390689748898
          ],
          [
            9.562265336820486,
            47.17380628479606
          ],
          [
            9.562345117031557,
            47.173686973339095
          ],
          [
            9.562383459371452,
            47.173668260260314
          ],
          [
            9.562497127255263,
            47.1736423614664
          ],
          [
            9.562637407587362,
            47.173626021906735
          ],
          [
            9.562816814099325,
            47.17361735472798
          ],
          [
            9.562898774534393,
            47.173592832963955
          ],
          [
            9.56302790146136,
            47.17350865571873
          ],
          [
            9.563087911600766,
            47.17341589317896
          ],
          [
            9.563159901259816,
            47.173348328789835
          ],
          [
            9.5631496846074,
            47.17324195367205
          ],
          [
            9.56316258200402,
            47.173208872565155
          ],
          [
            9.563182933981697,
            47.173194702612946
          ],
          [
            9.563498285202945,
            47.17309850948785
          ],
          [
            9.563654812696322,
            47.1731390870594
          ],
          [
            9.563740508789927,
            47.17313388644046
          ],
          [
            9.563882532828625,
            47.17307579816233
          ],
          [
            9.564023554036549,
            47.172957621274215
          ],
          [
            9.56445599279439,
            47.173083358055976
          ],
          [
            9.564551086068194,
            47.1730792068706
          ],
          [
            9.564683329885659,
            47.1730512888656
          ],
          [
            9.564883254639817,
            47.172983247907744
          ],
          [
            9.56510175470521,
            47.1728835949206
          ],
          [
            9.565136963488948,
            47.1728382146154
          ],
          [
            9.565173308982164,
            47.172728837130315
          ],
          [
            9.565487351881831,
            47.17277143958773
          ],
          [
            9.565900933255481,
            47.17277667583262
          ],
          [
            9.566446414588539,
            47.17270625320297
          ],
          [
            9.566606216310515,
            47.172663606166246
          ],
          [
            9.566628226072877,
            47.172558146615934
          ],
          [
            9.566623256940614,
            47.17250854228912
          ],
          [
            9.566551666135961,
            47.17243278053241
          ],
          [
            9.56646894446473,
            47.17236943503334
          ],
          [
            9.566469558426462,
            47.17232715980072
          ],
          [
            9.566414716726221,
            47.172270397911056
          ],
          [
            9.566398025453841,
            47.17220209652917
          ],
          [
            9.566372982004689,
            47.17217360410269
          ],
          [
            9.566395745320282,
            47.172140475028016
          ],
          [
            9.566370373314962,
            47.17209775375315
          ],
          [
            9.566359588911924,
            47.172031655584654
          ],
          [
            9.566310105556783,
            47.172005423903215
          ],
          [
            9.566186361823428,
            47.17188737309373
          ],
          [
            9.566167830575516,
            47.1718086319788
          ],
          [
            9.566145145434346,
            47.17177241153847
          ],
          [
            9.566104241207395,
            47.171746228024936
          ],
          [
            9.56609044744408,
            47.17171492700015
          ],
          [
            9.566077012312107,
            47.17159644616049
          ],
          [
            9.565908590049988,
            47.17145679837465
          ],
          [
            9.56582232821071,
            47.17132893886269
          ],
          [
            9.565784917698451,
            47.17124295251979
          ],
          [
            9.565719654985935,
            47.17116830596495
          ],
          [
            9.565680124732712,
            47.17114646095471
          ],
          [
            9.56561685176304,
            47.171151698287275
          ],
          [
            9.56554249257339,
            47.17113995432228
          ],
          [
            9.565436687510921,
            47.17108634800387
          ],
          [
            9.56548967110038,
            47.17101681198098
          ],
          [
            9.565476198920292,
            47.17094547258443
          ],
          [
            9.565494680947438,
            47.17085412444081
          ],
          [
            9.5654641818811,
            47.170800565154096
          ],
          [
            9.565382545425091,
            47.170744172343504
          ],
          [
            9.565297333065084,
            47.17072560144919
          ],
          [
            9.56521364668208,
            47.170665764181756
          ],
          [
            9.565094627242608,
            47.1706139585763
          ],
          [
            9.565034610766798,
            47.170559046366364
          ],
          [
            9.565019657478997,
            47.170498226040536
          ],
          [
            9.56497134727004,
            47.17042710781068
          ],
          [
            9.564740815785504,
            47.170297550786664
          ],
          [
            9.5646233050471,
            47.17025810714383
          ],
          [
            9.56456574669977,
            47.1702198676472
          ],
          [
            9.564478006585063,
            47.17010447882159
          ],
          [
            9.564425589304507,
            47.17004486382469
          ],
          [
            9.564342815592443,
            47.170020884328544
          ],
          [
            9.564142727855451,
            47.16999956791751
          ],
          [
            9.564092373900243,
            47.16992612062341
          ],
          [
            9.564026155261477,
            47.169862513440606
          ],
          [
            9.563965977948472,
            47.16982840717373
          ],
          [
            9.56361727860137,
            47.169724048733684
          ],
          [
            9.563382351591713,
            47.16961487890528
          ],
          [
            9.56327157808055,
            47.16954169272011
          ],
          [
            9.562671835153177,
            47.16911356720396
          ],
          [
            9.562624731701423,
            47.16896441264129
          ],
          [
            9.562592574927324,
            47.168906222265896
          ],
          [
            9.562518375469931,
            47.16886584165592
          ],
          [
            9.562452022624734,
            47.168726670442595
          ],
          [
            9.562360734110234,
            47.168609132097984
          ],
          [
            9.562312477370554,
            47.16855850039273
          ],
          [
            9.562245375863354,
            47.16852240658493
          ],
          [
            9.562154670525299,
            47.168485002968275
          ],
          [
            9.562082133127129,
            47.168462866442916
          ],
          [
            9.562004183853519,
            47.16841807372398
          ],
          [
            9.561623857290508,
            47.16815015995083
          ],
          [
            9.56155283553064,
            47.16810735359319
          ],
          [
            9.561470039735779,
            47.1680833725044
          ],
          [
            9.561394798235394,
            47.16806821397357
          ],
          [
            9.56133144941008,
            47.16803654940646
          ],
          [
            9.561154950293309,
            47.16786765642196
          ],
          [
            9.56108470052423,
            47.16783397755675
          ],
          [
            9.560927920439772,
            47.16780853613698
          ],
          [
            9.56089176919766,
            47.167780292558554
          ],
          [
            9.560831644037794,
            47.16767290363382
          ],
          [
            9.560778764340007,
            47.167645364640606
          ],
          [
            9.560696684263986,
            47.167554928205654
          ],
          [
            9.560677322728685,
            47.167452689714985
          ],
          [
            9.56073330151959,
            47.167292310271186
          ],
          [
            9.560735046911638,
            47.167200623920294
          ],
          [
            9.56071376755099,
            47.16715114039728
          ],
          [
            9.560604751423673,
            47.16702292324562
          ],
          [
            9.560773827598675,
            47.166850882877675
          ],
          [
            9.56083746885491,
            47.16677490763733
          ],
          [
            9.560861158599213,
            47.16670291794726
          ],
          [
            9.560868889245938,
            47.16654926850885
          ],
          [
            9.560851058742887,
            47.16645868124031
          ],
          [
            9.560909992842815,
            47.16621254964408
          ],
          [
            9.56084437500888,
            47.16594540266439
          ],
          [
            9.560436282267029,
            47.16564679239681
          ],
          [
            9.56028586845665,
            47.165447399361156
          ],
          [
            9.560232229247282,
            47.165239661150075
          ],
          [
            9.560035783739341,
            47.165066176639556
          ],
          [
            9.559942370706414,
            47.16487049159007
          ],
          [
            9.559671485764232,
            47.16456979748339
          ],
          [
            9.55947459206253,
            47.16438257130624
          ],
          [
            9.559326449013566,
            47.16394477677461
          ],
          [
            9.559172825338422,
            47.163646885880055
          ],
          [
            9.55876823032273,
            47.163043405455085
          ],
          [
            9.558548084000387,
            47.1628611145291
          ],
          [
            9.558329863638855,
            47.16273837280595
          ],
          [
            9.558271929885692,
            47.162500902346316
          ],
          [
            9.558244040252777,
            47.16246694490301
          ],
          [
            9.55779444672198,
            47.162125423200024
          ],
          [
            9.55774217654133,
            47.161958905741606
          ],
          [
            9.557619787379483,
            47.161798044490595
          ],
          [
            9.557509831021406,
            47.161504079766026
          ],
          [
            9.557350755149784,
            47.16129992078555
          ],
          [
            9.554851526844557,
            47.162198157813314
          ],
          [
            9.554548193057597,
            47.162276390102214
          ],
          [
            9.55429119747447,
            47.16228539289436
          ],
          [
            9.554111592709669,
            47.16238651498578
          ],
          [
            9.553670157891004,
            47.16255192107044
          ],
          [
            9.553289828830607,
            47.16261351607734
          ],
          [
            9.553056997431955,
            47.16263311228486
          ],
          [
            9.552786361692617,
            47.16274900721497
          ],
          [
            9.552735101649867,
            47.16275787692154
          ],
          [
            9.552185883231727,
            47.16276092763082
          ],
          [
            9.551597248488928,
            47.16272400190857
          ],
          [
            9.551022027195204,
            47.16277448559277
          ],
          [
            9.550798763339063,
            47.16277781296313
          ],
          [
            9.550552300406023,
            47.162815740494224
          ],
          [
            9.550245588805266,
            47.16280998169882
          ],
          [
            9.550178506040023,
            47.16281975268216
          ],
          [
            9.55007951070053,
            47.162859965065486
          ],
          [
            9.549946407035629,
            47.16293716465038
          ],
          [
            9.549820520279914,
            47.16303276750636
          ],
          [
            9.549630715524293,
            47.1631033593872
          ],
          [
            9.549487066524055,
            47.16312766365707
          ],
          [
            9.549067275471135,
            47.16315498459829
          ],
          [
            9.548821367579743,
            47.16325119636382
          ],
          [
            9.548365525731901,
            47.16332251074847
          ],
          [
            9.548138644976781,
            47.16331480470854
          ],
          [
            9.547714577978804,
            47.16324577633997
          ],
          [
            9.547246402388597,
            47.16321910811279
          ],
          [
            9.54656323427334,
            47.16313016288785
          ],
          [
            9.546145258142845,
            47.16309943866161
          ],
          [
            9.545718084538388,
            47.16308338625723
          ],
          [
            9.545488283650913,
            47.16306145767336
          ],
          [
            9.54522734833627,
            47.16301676716746
          ],
          [
            9.545047808043536,
            47.16294077468175
          ],
          [
            9.544439525786812,
            47.162973357978075
          ],
          [
            9.54289197422168,
            47.163070018583845
          ],
          [
            9.541507078084628,
            47.162807381006296
          ],
          [
            9.538299592681911,
            47.162761337317015
          ],
          [
            9.536444467193416,
            47.16274276483885
          ],
          [
            9.536372197815677,
            47.16273235888148
          ],
          [
            9.5360965078326,
            47.16261730080032
          ],
          [
            9.53596685135091,
            47.16257765412749
          ],
          [
            9.535895567801834,
            47.162568156687406
          ],
          [
            9.535859911234473,
            47.16257194730795
          ],
          [
            9.535707942911722,
            47.162624423727706
          ],
          [
            9.535609047114988,
            47.16262603829509
          ],
          [
            9.535450698167217,
            47.16260224684765
          ],
          [
            9.53536069288469,
            47.16256814805474
          ],
          [
            9.535048352512813,
            47.162372198080504
          ],
          [
            9.534775745205934,
            47.1622484876339
          ],
          [
            9.534474790077331,
            47.162139977950076
          ],
          [
            9.531479167900663,
            47.16232933715007
          ],
          [
            9.529792250524777,
            47.16241756024088
          ],
          [
            9.528520176216654,
            47.16249267690371
          ],
          [
            9.527520293030841,
            47.16274215549592
          ],
          [
            9.525528985633787,
            47.16320027078681
          ],
          [
            9.524413951586286,
            47.16357519140749
          ],
          [
            9.522552425947499,
            47.16345908976212
          ],
          [
            9.522670740287856,
            47.16283197545721
          ],
          [
            9.522791977677386,
            47.16244620477447
          ],
          [
            9.522853754721186,
            47.16203979061114
          ],
          [
            9.52290365645841,
            47.1619211389887
          ],
          [
            9.522736871234084,
            47.16148827448268
          ],
          [
            9.522782267671309,
            47.16124349934063
          ],
          [
            9.522750553959542,
            47.16093539055622
          ],
          [
            9.522637050673525,
            47.16064832566794
          ],
          [
            9.522060336175986,
            47.160598130418435
          ],
          [
            9.521781791234632,
            47.16064612422361
          ],
          [
            9.520950431260493,
            47.160685135097715
          ],
          [
            9.520748117603022,
            47.16075874867878
          ],
          [
            9.52048982620586,
            47.160791624947514
          ],
          [
            9.520211157520876,
            47.16086090626953
          ],
          [
            9.519807404343005,
            47.16106291202205
          ],
          [
            9.519694972799277,
            47.16076128445142
          ],
          [
            9.519681117475644,
            47.160711686626165
          ],
          [
            9.519579888802525,
            47.16034057205464
          ],
          [
            9.519372200961953,
            47.15947122438293
          ],
          [
            9.519414194296655,
            47.1591647234142
          ],
          [
            9.519444607682045,
            47.1586300551739
          ],
          [
            9.519449640927146,
            47.158345701061776
          ],
          [
            9.519506108074095,
            47.157974188807
          ],
          [
            9.51948723909734,
            47.15783026624143
          ],
          [
            9.519585861993356,
            47.15712056796938
          ],
          [
            9.518025647724938,
            47.156806810307444
          ],
          [
            9.516227375416863,
            47.1569644435665
          ],
          [
            9.51575238395465,
            47.15574138782875
          ],
          [
            9.515506622994764,
            47.15555995702015
          ],
          [
            9.514874938843356,
            47.15583401554513
          ],
          [
            9.514539466492346,
            47.155910544855914
          ],
          [
            9.513384307312121,
            47.15628552711514
          ],
          [
            9.512138848578479,
            47.15646575521337
          ],
          [
            9.511310129229079,
            47.156551610005316
          ],
          [
            9.511070178187165,
            47.15659136012123
          ],
          [
            9.510825980384949,
            47.15672479164118
          ],
          [
            9.51062942136737,
            47.155990918319816
          ],
          [
            9.509632736963171,
            47.15597193884176
          ],
          [
            9.509450221974188,
            47.15596229621847
          ],
          [
            9.509110663665762,
            47.15593413836591
          ],
          [
            9.50908193934959,
            47.15604471815161
          ],
          [
            9.508891790946892,
            47.15602121133985
          ],
          [
            9.508607187134206,
            47.15597193414126
          ],
          [
            9.508467851332473,
            47.155940934345644
          ],
          [
            9.507989468073246,
            47.15582231481974
          ],
          [
            9.507827273876206,
            47.15578656086385
          ],
          [
            9.507698329902265,
            47.1557643350536
          ],
          [
            9.507567657648806,
            47.1557475569439
          ],
          [
            9.507435695206027,
            47.15573629962675
          ],
          [
            9.50730344678371,
            47.155730608014515
          ],
          [
            9.507170937661247,
            47.155730454657004
          ],
          [
            9.50691018529125,
            47.15574495329148
          ],
          [
            9.506780760743505,
            47.15575873574748
          ],
          [
            9.50668311437944,
            47.15577254933366
          ],
          [
            9.506351104141775,
            47.1558300516779
          ],
          [
            9.506491858694913,
            47.156129859041116
          ],
          [
            9.506446249140044,
            47.156213262129235
          ],
          [
            9.506190603488138,
            47.15625142171969
          ],
          [
            9.506065865692065,
            47.15627421594982
          ],
          [
            9.505935090615441,
            47.15630497376668
          ],
          [
            9.505708650353116,
            47.15637525155591
          ],
          [
            9.50561112744369,
            47.156412780465345
          ],
          [
            9.505176539270394,
            47.15659871485435
          ],
          [
            9.505211769181784,
            47.15661774206911
          ],
          [
            9.504870846052196,
            47.156773891249195
          ],
          [
            9.50448661727206,
            47.15693695403819
          ],
          [
            9.504237991474328,
            47.157019702631544
          ],
          [
            9.504007140110023,
            47.15706879417182
          ],
          [
            9.503755750385755,
            47.15709638023637
          ],
          [
            9.498519020479929,
            47.15729318975477
          ],
          [
            9.497124720615952,
            47.15733727195827
          ],
          [
            9.496800110440393,
            47.15740588819936
          ],
          [
            9.495046580066923,
            47.15699560280224
          ],
          [
            9.493316376152997,
            47.15963630233957
          ],
          [
            9.491307065386486,
            47.16296987528695
          ],
          [
            9.49067018228566,
            47.16449591246667
          ],
          [
            9.490660493367976,
            47.16456661945345
          ],
          [
            9.489338502017205,
            47.16889684443852
          ],
          [
            9.487505328825325,
            47.175276461042124
          ],
          [
            9.485985416341421,
            47.18052235735605
          ],
          [
            9.485849016857866,
            47.18144076920383
          ],
          [
            9.485936764596811,
            47.182355218597436
          ],
          [
            9.486324643458195,
            47.18414432733704
          ],
          [
            9.487876928824067,
            47.19016388102148
          ],
          [
            9.490158507740801,
            47.189924836804906
          ],
          [
            9.49036342934168,
            47.18946090982655
          ],
          [
            9.49050637679301,
            47.1891995301513
          ],
          [
            9.49110505487913,
            47.18830055347568
          ],
          [
            9.491414239310869,
            47.18794852314151
          ],
          [
            9.491961342515436,
            47.18725252497983
          ],
          [
            9.49231902000802,
            47.186784004682295
          ],
          [
            9.493728601960928,
            47.187540535189356
          ],
          [
            9.49514285412031,
            47.18831722856252
          ],
          [
            9.496261368019672,
            47.18891694418949
          ],
          [
            9.49648580934257,
            47.189054555330436
          ],
          [
            9.502867205425957,
            47.194155227544336
          ],
          [
            9.503822589212442,
            47.1940722734222
          ],
          [
            9.503518345090418,
            47.19378482796865
          ],
          [
            9.503454722863307,
            47.19343939184814
          ],
          [
            9.50398603756693,
            47.192498194475625
          ],
          [
            9.504121832608007,
            47.19144128399069
          ],
          [
            9.504757044777795,
            47.19023186303176
          ],
          [
            9.50555901659239,
            47.18857903387983
          ],
          [
            9.506317592871765,
            47.18726881444856
          ],
          [
            9.506915324484192,
            47.185613354176546
          ],
          [
            9.50762235704965,
            47.184723089365605
          ],
          [
            9.508656053667472,
            47.18332452870193
          ],
          [
            9.50909399593231,
            47.182853167647764
          ],
          [
            9.509169594819646,
            47.18254547486382
          ],
          [
            9.509390331830256,
            47.18211763935054
          ],
          [
            9.518850237908497,
            47.1816563805232
          ],
          [
            9.518884990328367,
            47.18163747734581
          ],
          [
            9.51888259679236,
            47.18176727920245
          ],
          [
            9.5158271991832,
            47.193162262255896
          ],
          [
            9.52435718490278,
            47.19253756624311
          ],
          [
            9.524362616713756,
            47.192497472189125
          ],
          [
            9.524683173663908,
            47.19108222299748
          ],
          [
            9.530077461371535,
            47.19062678589927
          ],
          [
            9.53167623861765,
            47.18972639891963
          ],
          [
            9.533652076999223,
            47.18857166204944
          ],
          [
            9.535885605421253,
            47.18724968034716
          ],
          [
            9.536296967071314,
            47.18746748861253
          ],
          [
            9.537117445159504,
            47.188062207261055
          ],
          [
            9.537513053502595,
            47.18832359673277
          ],
          [
            9.537311879224388,
            47.18834394892498
          ],
          [
            9.537069008176372,
            47.1884658471362
          ],
          [
            9.536543581306926,
            47.18880808311669
          ],
          [
            9.536024845007075,
            47.18916895524645
          ],
          [
            9.53580133522356,
            47.18926135338814
          ],
          [
            9.535115835840317,
            47.18950529164886
          ],
          [
            9.534349545312514,
            47.18995082011536
          ],
          [
            9.533148184953562,
            47.19076702443232
          ],
          [
            9.532929147815747,
            47.190906835297255
          ],
          [
            9.531173299736613,
            47.19186212188667
          ],
          [
            9.530998673837198,
            47.19193083850023
          ],
          [
            9.530815853118852,
            47.19197567945664
          ],
          [
            9.531494268007808,
            47.19190993832354
          ]
        ]
      }
    },
    {
      "type": "Feature",
      "properties": {
        "source": "swisstopo swissBOUNDARIES3D",
        "source:date": "2026-01-01"
      },
      "geometry": {
        "type": "LineString",
        "coordinates": [
          [
            9.532941982484232,
            47.184756551098
          ],
          [
            9.53273821892124,
            47.18463196808793
          ],
          [
            9.532468024539888,
            47.184402094437154
          ],
          [
            9.532323506441506,
            47.18419855531745
          ],
          [
            9.532847301105525,
            47.18377301079356
          ],
          [
            9.533769379538413,
            47.18303370486094
          ],
          [
            9.534151136683459,
            47.18293428845759
          ],
          [
            9.534404884344823,
            47.18312100685139
          ],
          [
            9.53459827191792,
            47.18342401605416
          ],
          [
            9.534756697018034,
            47.18365388796348
          ],
          [
            9.53509897146317,
            47.18398674685068
          ],
          [
            9.53515433201941,
            47.1841909268147
          ],
          [
            9.534357060911507,
            47.185170797118516
          ],
          [
            9.53358532006577,
            47.18494761439589
          ],
          [
            9.532941982484232,
            47.184756551098
          ]
        ]
      }
    },
    {
      "type": "Feature",
      "properties": {
        "source": "swisstopo swissBOUNDARIES3D",
        "source:date": "2026-01-01"
      },
      "geometry": {
        "type": "LineString",
        "coordinates": [
          [
            9.525934939596565,
            47.17716919161356
          ],
          [
            9.524862355649683,
            47.17743744323478
          ],
          [
            9.52401681962097,
            47.17765459934019
          ],
          [
            9.522233367172475,
            47.17812012408627
          ],
          [
            9.521771284427603,
            47.177104036737056
          ],
          [
            9.521390563938962,
            47.17633302605514
          ],
          [
            9.522346070107988,
            47.17617323805308
          ],
          [
            9.522363175094771,
            47.17578926614536
          ],
          [
            9.522898322854664,
            47.17577127386397
          ],
          [
            9.523259929784043,
            47.17566254924459
          ],
          [
            9.52346343898395,
            47.17553632696928
          ],
          [
            9.523988766351724,
            47.17538771380706
          ],
          [
            9.524494298665106,
            47.17541811090355
          ],
          [
            9.524613491764038,
            47.17498833202009
          ],
          [
            9.524642117461037,
            47.17467212972554
          ],
          [
            9.52469455231843,
            47.17435942765702
          ],
          [
            9.525459857948418,
            47.17421161047965
          ],
          [
            9.525855243301494,
            47.17404642335226
          ],
          [
            9.526073643243334,
            47.17399132452446
          ],
          [
            9.526420003306594,
            47.174048194277795
          ],
          [
            9.52735462819138,
            47.17396363240685
          ],
          [
            9.52802864790959,
            47.17369793607098
          ],
          [
            9.529955547003873,
            47.17613324519768
          ],
          [
            9.528024214077071,
            47.176639710675936
          ],
          [
            9.525934939596565,
            47.17716919161356
          ]
        ]
      }
    },
    {
      "type": "Feature",
      "properties": {
        "source": "swisstopo swissBOUNDARIES3D",
        "source:date": "2026-01-01"
      },
      "geometry": {
        "type": "LineString",
        "coordinates": [
          [
            9.610386092189191,
            47.12807699509712
          ],
          [
            9.610752363743044,
            47.12785679471997
          ],
          [
            9.610921815545192,
            47.12782375318378
          ],
          [
            9.611006268136016,
            47.12775794483586
          ],
          [
            9.611033847678234,
            47.12769323861826
          ],
          [
            9.611028336053128,
            47.127638327247645
          ],
          [
            9.610996598521561,
            47.127597661067114
          ],
          [
            9.610872547816541,
            47.12750837652737
          ],
          [
            9.61088085969597,
            47.127464658661914
          ],
          [
            9.610906354336906,
            47.127432070800886
          ],
          [
            9.610952285682789,
            47.12740827485032
          ],
          [
            9.611078362898173,
            47.12736817950813
          ],
          [
            9.611124283478551,
            47.12716806210042
          ],
          [
            9.61122540145728,
            47.12688466562848
          ],
          [
            9.611371275175667,
            47.126816516877696
          ],
          [
            9.61153641924634,
            47.1265530644199
          ],
          [
            9.611648246955458,
            47.126301678860194
          ],
          [
            9.61179512772547,
            47.12581122927285
          ],
          [
            9.612059855920998,
            47.12534932457832
          ],
          [
            9.612112866026651,
            47.125167438016426
          ],
          [
            9.612095543999583,
            47.12498402932652
          ],
          [
            9.611848014885183,
            47.12452773710192
          ],
          [
            9.611832264257641,
            47.124417751794795
          ],
          [
            9.61189179345526,
            47.12422660871673
          ],
          [
            9.612112365582375,
            47.12389371058343
          ],
          [
            9.612220095274033,
            47.12376400477832
          ],
          [
            9.61242284551446,
            47.12369291587216
          ],
          [
            9.612441612426164,
            47.123630751458634
          ],
          [
            9.612451456377407,
            47.123465410297
          ],
          [
            9.61242566345305,
            47.12335553403095
          ],
          [
            9.612419308630626,
            47.123215604599544
          ],
          [
            9.61239012837001,
            47.12310347084338
          ],
          [
            9.61227281028857,
            47.12294181309074
          ],
          [
            9.612290731323112,
            47.122840639029924
          ],
          [
            9.612573437979144,
            47.122438195123884
          ],
          [
            9.612561718362663,
            47.12236029353755
          ],
          [
            9.612676394843666,
            47.12227481741398
          ],
          [
            9.61350046330181,
            47.12175305787527
          ],
          [
            9.614029580880326,
            47.12143421895953
          ],
          [
            9.615791104535443,
            47.12077715308868
          ],
          [
            9.61761080306212,
            47.12011658046074
          ],
          [
            9.624681155624879,
            47.11751130648034
          ],
          [
            9.624702770113789,
            47.11744793369187
          ],
          [
            9.62470749433784,
            47.11733119807479
          ],
          [
            9.624685853241843,
            47.1172344455762
          ],
          [
            9.624707769551707,
            47.117143280103924
          ],
          [
            9.62470341231734,
            47.11709468188875
          ],
          [
            9.624679378490313,
            47.11696967507338
          ],
          [
            9.62464474117108,
            47.11692007830009
          ],
          [
            9.624651383777485,
            47.11688647801003
          ],
          [
            9.62469196906535,
            47.11683671869383
          ],
          [
            9.624703339388367,
            47.1167555530928
          ],
          [
            9.624647100193284,
            47.11656495812879
          ],
          [
            9.624608953356928,
            47.11623602902574
          ],
          [
            9.624664723510994,
            47.1161446243051
          ],
          [
            9.624511486581826,
            47.11589863631663
          ],
          [
            9.624412016394517,
            47.11581885973444
          ],
          [
            9.624412383657582,
            47.1157807176922
          ],
          [
            9.624427472454808,
            47.11576318075544
          ],
          [
            9.62452508396133,
            47.11574804197723
          ],
          [
            9.624551789356937,
            47.115692175933
          ],
          [
            9.62461892798813,
            47.11563869896163
          ],
          [
            9.624665749357305,
            47.115575755342135
          ],
          [
            9.624676509553785,
            47.115450599331616
          ],
          [
            9.624582983868777,
            47.11511350058116
          ],
          [
            9.624546194185104,
            47.11504699181942
          ],
          [
            9.624487789072395,
            47.11478359620601
          ],
          [
            9.624534407292224,
            47.11474539298377
          ],
          [
            9.624659511163479,
            47.114692108782634
          ],
          [
            9.624660540373451,
            47.114661143823504
          ],
          [
            9.624634915841082,
            47.11455945498713
          ],
          [
            9.62448091849954,
            47.11432894961438
          ],
          [
            9.624426266890534,
            47.114296938463326
          ],
          [
            9.624277452328466,
            47.11412231304901
          ],
          [
            9.624059724088479,
            47.11390013733222
          ],
          [
            9.624014993767675,
            47.11380503869331
          ],
          [
            9.623996845666722,
            47.113702730586915
          ],
          [
            9.624036934591654,
            47.11361114747695
          ],
          [
            9.624035378464027,
            47.11351102528111
          ],
          [
            9.623987392490907,
            47.11346242012563
          ],
          [
            9.623984218193083,
            47.11339304912763
          ],
          [
            9.623905018388362,
            47.11330566087139
          ],
          [
            9.623901137611565,
            47.11326128277056
          ],
          [
            9.623728202123699,
            47.11316729095291
          ],
          [
            9.623665498489865,
            47.11314658159176
          ],
          [
            9.62365743819406,
            47.1130886054668
          ],
          [
            9.62357908244785,
            47.112996359824145
          ],
          [
            9.62362438649365,
            47.11290821401435
          ],
          [
            9.623587284251148,
            47.11285465055641
          ],
          [
            9.623575404185438,
            47.112787370779
          ],
          [
            9.623430916681581,
            47.11268501789013
          ],
          [
            9.623374527023149,
            47.11267495934099
          ],
          [
            9.623341061856822,
            47.11270405760004
          ],
          [
            9.623296425381099,
            47.11271134030107
          ],
          [
            9.623229974170181,
            47.11269600201816
          ],
          [
            9.623229579948832,
            47.11267503432866
          ],
          [
            9.6231548441504,
            47.112618173127416
          ],
          [
            9.623151000209484,
            47.112589541443235
          ],
          [
            9.623118543346624,
            47.11256388341625
          ],
          [
            9.623090236412915,
            47.112551742995244
          ],
          [
            9.623023532117879,
            47.11255474807465
          ],
          [
            9.622996107358063,
            47.11247667784371
          ],
          [
            9.6230014315776,
            47.11240332092644
          ],
          [
            9.622941554442045,
            47.11236786311579
          ],
          [
            9.622891895254892,
            47.11238707401549
          ],
          [
            9.62285088770186,
            47.112379269279685
          ],
          [
            9.622832536470128,
            47.11237078180596
          ],
          [
            9.622813607657061,
            47.11232875041438
          ],
          [
            9.622770863934926,
            47.11230455664817
          ],
          [
            9.622724307285596,
            47.11229707333304
          ],
          [
            9.622658099838079,
            47.11224439588834
          ],
          [
            9.62262414681044,
            47.11224085715384
          ],
          [
            9.622609062629236,
            47.112224568941954
          ],
          [
            9.622618015513835,
            47.112176500448626
          ],
          [
            9.622597939464752,
            47.112139943842806
          ],
          [
            9.622528161311795,
            47.11207662615941
          ],
          [
            9.62251279601417,
            47.11200368058834
          ],
          [
            9.622493710916421,
            47.111982690291576
          ],
          [
            9.622204099892556,
            47.11182357053739
          ],
          [
            9.622059056991821,
            47.11172362911917
          ],
          [
            9.62197853557975,
            47.111705507122934
          ],
          [
            9.621946078444473,
            47.11162001867679
          ],
          [
            9.621808957086571,
            47.111478030028834
          ],
          [
            9.621711748948538,
            47.111426598101005
          ],
          [
            9.621637440250979,
            47.11141859794458
          ],
          [
            9.621617023707593,
            47.11132840841657
          ],
          [
            9.621552574339466,
            47.11121081877068
          ],
          [
            9.621513805842936,
            47.11116415209675
          ],
          [
            9.621440316876663,
            47.11112258135339
          ],
          [
            9.621340439215206,
            47.110896361689406
          ],
          [
            9.621254953590624,
            47.11080524884337
          ],
          [
            9.621228991251655,
            47.110717378218155
          ],
          [
            9.621202072920584,
            47.11068042048393
          ],
          [
            9.62116934301688,
            47.11065447917472
          ],
          [
            9.621022041469068,
            47.11061055823519
          ],
          [
            9.620892213165103,
            47.11061116200066
          ],
          [
            9.620741233918752,
            47.11064969056081
          ],
          [
            9.620538649336565,
            47.11076445239717
          ],
          [
            9.620371740227458,
            47.11078242483071
          ],
          [
            9.620236751753165,
            47.11073370686742
          ],
          [
            9.620004411094575,
            47.11052609077215
          ],
          [
            9.619617577010814,
            47.110585518329415
          ],
          [
            9.619579975562992,
            47.1104053382552
          ],
          [
            9.619535108856248,
            47.11034642298465
          ],
          [
            9.619416866191138,
            47.110297503141155
          ],
          [
            9.618721485954218,
            47.11032626049113
          ],
          [
            9.617945566676934,
            47.11049085098692
          ],
          [
            9.617804969836058,
            47.11063425243066
          ],
          [
            9.617611463812372,
            47.11065938416743
          ],
          [
            9.617220673810472,
            47.11083772881039
          ],
          [
            9.61691482583149,
            47.11092592666825
          ],
          [
            9.616846799493837,
            47.11102274303508
          ],
          [
            9.616619676811382,
            47.11118773289673
          ],
          [
            9.616347341415104,
            47.1112778133275
          ],
          [
            9.616177389998905,
            47.111309523763296
          ],
          [
            9.615896015538839,
            47.1114431374528
          ],
          [
            9.615552542917236,
            47.111641509492586
          ],
          [
            9.615278240634192,
            47.11164699518077
          ],
          [
            9.61508929023401,
            47.111724649546986
          ],
          [
            9.615051390998719,
            47.111823422491184
          ],
          [
            9.614793861677297,
            47.11197503718902
          ],
          [
            9.613973672163953,
            47.11190667996574
          ],
          [
            9.610778095163703,
            47.11167251566768
          ],
          [
            9.60727786294486,
            47.11125238658439
          ],
          [
            9.606247091187575,
            47.11112066941361
          ],
          [
            9.604746020626138,
            47.11089703105759
          ],
          [
            9.603941460966604,
            47.11120914333328
          ],
          [
            9.60344802482078,
            47.11138940190355
          ],
          [
            9.602051129986874,
            47.11198530090311
          ],
          [
            9.59942768818937,
            47.112822017924906
          ],
          [
            9.598090095995298,
            47.11322059801238
          ],
          [
            9.597413620704742,
            47.11331068825768
          ],
          [
            9.596952177875801,
            47.11324287317771
          ],
          [
            9.59648721929332,
            47.11331639526806
          ],
          [
            9.595921747868275,
            47.11298868919631
          ],
          [
            9.59500328776521,
            47.11247144447109
          ],
          [
            9.594836140674191,
            47.112183037740955
          ],
          [
            9.59419264988479,
            47.11135738363561
          ],
          [
            9.593360301988271,
            47.11032560894591
          ],
          [
            9.593133194514568,
            47.11047070961625
          ],
          [
            9.593119287268362,
            47.11054402742848
          ],
          [
            9.593137152184063,
            47.11066012102202
          ],
          [
            9.593111282051813,
            47.11068344383547
          ],
          [
            9.5928904819548,
            47.11077210549558
          ],
          [
            9.59264188443328,
            47.1108339152043
          ],
          [
            9.592511996531083,
            47.11085006400385
          ],
          [
            9.592259889395514,
            47.11073387191467
          ],
          [
            9.592055817681263,
            47.11073546600914
          ],
          [
            9.591758743663876,
            47.110841554163365
          ],
          [
            9.591654723478063,
            47.110921167831314
          ],
          [
            9.591549732330927,
            47.11097565843643
          ],
          [
            9.591283810862409,
            47.11108592155385
          ],
          [
            9.590557011473805,
            47.111227035094075
          ],
          [
            9.59022867990959,
            47.111368186042135
          ],
          [
            9.589988113503916,
            47.11139153387186
          ],
          [
            9.58950189033192,
            47.11136041638234
          ],
          [
            9.58943477752109,
            47.11150318856534
          ],
          [
            9.58929531977973,
            47.111557440510985
          ],
          [
            9.588971998491548,
            47.1116229535842
          ],
          [
            9.588717363615354,
            47.11161667884981
          ],
          [
            9.58842432189871,
            47.111537552555866
          ],
          [
            9.58819946365518,
            47.111514900509235
          ],
          [
            9.587412817906316,
            47.11152381358518
          ],
          [
            9.586998672959902,
            47.11157203357842
          ],
          [
            9.586567037039801,
            47.11158608881256
          ],
          [
            9.586197111612599,
            47.11166356022911
          ],
          [
            9.585976515700677,
            47.111682099122625
          ],
          [
            9.585470238191245,
            47.11180233900473
          ],
          [
            9.585515622579532,
            47.111886587267264
          ],
          [
            9.585604339047354,
            47.11196116240876
          ],
          [
            9.585739708540512,
            47.11202604725362
          ],
          [
            9.586046173866402,
            47.11210502841727
          ],
          [
            9.58629810569407,
            47.112141134846745
          ],
          [
            9.58641938470606,
            47.11217410459755
          ],
          [
            9.586456861572358,
            47.11220345806804
          ],
          [
            9.586496914439445,
            47.11234729307191
          ],
          [
            9.586339505268608,
            47.11249796024426
          ],
          [
            9.586238539318453,
            47.11262507640148
          ],
          [
            9.586067782333876,
            47.11292705524674
          ],
          [
            9.585996749530118,
            47.11319583787873
          ],
          [
            9.586048448945453,
            47.11341283598556
          ],
          [
            9.586124593337127,
            47.1135241966335
          ],
          [
            9.58619571903533,
            47.113711209313564
          ],
          [
            9.586256728035169,
            47.11404492048891
          ],
          [
            9.58618253078508,
            47.11417173403633
          ],
          [
            9.586152464514191,
            47.1143255181629
          ],
          [
            9.586162870757807,
            47.114492609976075
          ],
          [
            9.586145994346476,
            47.11463708629517
          ],
          [
            9.586038108133575,
            47.11490627875488
          ],
          [
            9.586067704215923,
            47.11503191688585
          ],
          [
            9.586191029852007,
            47.115156495812094
          ],
          [
            9.586391509187381,
            47.11528705581302
          ],
          [
            9.586420112664303,
            47.115369196920184
          ],
          [
            9.586386452033658,
            47.11551158450246
          ],
          [
            9.586289938227178,
            47.115689034425195
          ],
          [
            9.586163134264048,
            47.115859950843195
          ],
          [
            9.585858659217799,
            47.11617260780234
          ],
          [
            9.585745148196503,
            47.11633880312525
          ],
          [
            9.585604092310852,
            47.116470950837034
          ],
          [
            9.585519575753457,
            47.11658642989434
          ],
          [
            9.585513862436702,
            47.1166300071385
          ],
          [
            9.585548477490375,
            47.11683117273767
          ],
          [
            9.58587636777403,
            47.11757182664129
          ],
          [
            9.585902408402461,
            47.11783950536477
          ],
          [
            9.585980702937364,
            47.1180470440486
          ],
          [
            9.586154353858085,
            47.11817563147984
          ],
          [
            9.586298629851473,
            47.1183388980755
          ],
          [
            9.586392145882545,
            47.11877989911366
          ],
          [
            9.586471658297214,
            47.11889121458515
          ],
          [
            9.58699605271819,
            47.1194303745957
          ],
          [
            9.587182590670484,
            47.11968707942002
          ],
          [
            9.58742454562681,
            47.12032563145881
          ],
          [
            9.587702585264354,
            47.12078056496399
          ],
          [
            9.587869682828874,
            47.121216121338456
          ],
          [
            9.588005358879958,
            47.1214436142209
          ],
          [
            9.588347551485993,
            47.12192071456284
          ],
          [
            9.588446559244646,
            47.12215550669802
          ],
          [
            9.588466484004185,
            47.12244844033045
          ],
          [
            9.58844114277467,
            47.122664026236805
          ],
          [
            9.588812843152692,
            47.12416459000005
          ],
          [
            9.588914241910025,
            47.12450699181607
          ],
          [
            9.588943923712877,
            47.12478608336723
          ],
          [
            9.58880333274128,
            47.125090001975984
          ],
          [
            9.588815198820766,
            47.1254723756207
          ],
          [
            9.588723450324432,
            47.1257138951847
          ],
          [
            9.588550794743997,
            47.12592498473213
          ],
          [
            9.587324809983041,
            47.12612516320445
          ],
          [
            9.579844024328366,
            47.12681575425231
          ],
          [
            9.57865025988039,
            47.12749692101868
          ],
          [
            9.577415843090016,
            47.12821732558786
          ],
          [
            9.576915435175058,
            47.12847696765075
          ],
          [
            9.576386570979905,
            47.12867127010633
          ],
          [
            9.5755772885294,
            47.12904084160741
          ],
          [
            9.574087212448493,
            47.12966421122714
          ],
          [
            9.571830853353806,
            47.130934889512176
          ],
          [
            9.570311406938371,
            47.13132574598861
          ],
          [
            9.570515801901452,
            47.13149318041415
          ],
          [
            9.570914003518887,
            47.13164260366213
          ],
          [
            9.57089451727961,
            47.131830630820275
          ],
          [
            9.571209681136157,
            47.132170996007275
          ],
          [
            9.571327440628927,
            47.13235762809762
          ],
          [
            9.57150727225821,
            47.132470321974345
          ],
          [
            9.571535770922162,
            47.132552495143116
          ],
          [
            9.57145525945497,
            47.13286250922866
          ],
          [
            9.57144336011716,
            47.13309397372999
          ],
          [
            9.571498270101856,
            47.133475916267926
          ],
          [
            9.571547889626569,
            47.1336059815577
          ],
          [
            9.571629966883227,
            47.133687592222415
          ],
          [
            9.57180158443655,
            47.13372937969801
          ],
          [
            9.572172427029354,
            47.134009645019596
          ],
          [
            9.572263372237906,
            47.13419425450929
          ],
          [
            9.57228415375772,
            47.1343864292769
          ],
          [
            9.572404042035796,
            47.13451577452443
          ],
          [
            9.572540347892042,
            47.13462892407598
          ],
          [
            9.572731006133969,
            47.135096527451736
          ],
          [
            9.572866614882637,
            47.13533564579735
          ],
          [
            9.573110820516044,
            47.13548434027572
          ],
          [
            9.573415834299867,
            47.13581794170613
          ],
          [
            9.57345866055871,
            47.135943480359295
          ],
          [
            9.573553777801655,
            47.13648534622845
          ],
          [
            9.573607968938497,
            47.136672626024534
          ],
          [
            9.573706095623466,
            47.136722011696165
          ],
          [
            9.57401381631246,
            47.13670744062392
          ],
          [
            9.57418154081082,
            47.136721762694854
          ],
          [
            9.57428599002241,
            47.13675278213719
          ],
          [
            9.574370881438673,
            47.136809188803355
          ],
          [
            9.574507135894773,
            47.13707806824168
          ],
          [
            9.574525795776388,
            47.13732753735327
          ],
          [
            9.574475073933863,
            47.137463191370436
          ],
          [
            9.574462284621227,
            47.13780917424652
          ],
          [
            9.57433162195423,
            47.13796395906896
          ],
          [
            9.574070964480843,
            47.13814755962409
          ],
          [
            9.573986733201435,
            47.13828124447694
          ],
          [
            9.57424815228432,
            47.13861071380666
          ],
          [
            9.574363619903169,
            47.13868741909272
          ],
          [
            9.574923425952123,
            47.13887642364135
          ],
          [
            9.575049807153995,
            47.13899424494964
          ],
          [
            9.575330321014643,
            47.13911736221259
          ],
          [
            9.57546329663837,
            47.13923054342061
          ],
          [
            9.57587465959666,
            47.139524117284196
          ],
          [
            9.576064064953856,
            47.139613834107
          ],
          [
            9.57617824056306,
            47.139628690327704
          ],
          [
            9.576319760026857,
            47.13967077920779
          ],
          [
            9.576391135339547,
            47.13972043527914
          ],
          [
            9.576412468991943,
            47.13977976827022
          ],
          [
            9.576671693037838,
            47.14000389576445
          ],
          [
            9.57708489664706,
            47.14054253211379
          ],
          [
            9.577485869814668,
            47.140820169067545
          ],
          [
            9.577607031208503,
            47.140848715100745
          ],
          [
            9.577877865668835,
            47.14082992554069
          ],
          [
            9.578012848841203,
            47.14087894566762
          ],
          [
            9.578389586575053,
            47.141117897660244
          ],
          [
            9.578728444199497,
            47.141306849111224
          ],
          [
            9.57890651942732,
            47.14149284576203
          ],
          [
            9.57901859128374,
            47.14172534100034
          ],
          [
            9.57918336615807,
            47.141916048005655
          ],
          [
            9.579401703561674,
            47.142106225128494
          ],
          [
            9.57965900038728,
            47.142238735796795
          ],
          [
            9.580042951676287,
            47.14234246779216
          ],
          [
            9.580218680449766,
            47.14241855764623
          ],
          [
            9.58040645892223,
            47.14258843555158
          ],
          [
            9.580550878036819,
            47.14276560882217
          ],
          [
            9.580834659320292,
            47.14335823953366
          ],
          [
            9.581025450048966,
            47.14367008739089
          ],
          [
            9.5812126232614,
            47.143810182412736
          ],
          [
            9.581352892322652,
            47.14395075556728
          ],
          [
            9.581357399963194,
            47.14400568632507
          ],
          [
            9.581292056151968,
            47.14423997484341
          ],
          [
            9.581314191426205,
            47.144335941577374
          ],
          [
            9.581426658788548,
            47.14442871273973
          ],
          [
            9.581666890471027,
            47.14454535855441
          ],
          [
            9.581833469172965,
            47.144662765276095
          ],
          [
            9.581879332428022,
            47.14477224566257
          ],
          [
            9.581846055150557,
            47.144939782081956
          ],
          [
            9.581706900358192,
            47.14516794249479
          ],
          [
            9.581754274534463,
            47.14534839926377
          ],
          [
            9.58171870393919,
            47.14540831533924
          ],
          [
            9.581753061993478,
            47.14560723604857
          ],
          [
            9.581695275793864,
            47.14572464163695
          ],
          [
            9.581910106235966,
            47.14606371827033
          ],
          [
            9.581929038181277,
            47.146166592206086
          ],
          [
            9.581755482984768,
            47.14635159989605
          ],
          [
            9.58181631810534,
            47.14637845898066
          ],
          [
            9.582319368765273,
            47.14641227016613
          ],
          [
            9.582776374054555,
            47.14648549516185
          ],
          [
            9.582913772376353,
            47.14649096763807
          ],
          [
            9.583006960637668,
            47.146462531751496
          ],
          [
            9.583138193092227,
            47.14633522506706
          ],
          [
            9.583289595439606,
            47.146210007408584
          ],
          [
            9.583445441132337,
            47.14613741789351
          ],
          [
            9.583655842949742,
            47.146110078725656
          ],
          [
            9.584081926502757,
            47.146146965031
          ],
          [
            9.584589291784,
            47.146226540422425
          ],
          [
            9.58495365996737,
            47.146353369583565
          ],
          [
            9.585124911079367,
            47.14637453901491
          ],
          [
            9.585234657881704,
            47.146339061466506
          ],
          [
            9.585469078355885,
            47.14618093191279
          ],
          [
            9.585620055461293,
            47.14603737173477
          ],
          [
            9.585974931426227,
            47.14587572249919
          ],
          [
            9.586471649248518,
            47.14561183908739
          ],
          [
            9.587283509154437,
            47.14552337656452
          ],
          [
            9.587375593524467,
            47.14544455887641
          ],
          [
            9.587743831778653,
            47.14543850272718
          ],
          [
            9.58814177555809,
            47.14541154503068
          ],
          [
            9.588440892985309,
            47.145305414592094
          ],
          [
            9.588664054186347,
            47.14524816049748
          ],
          [
            9.588951715599524,
            47.1452337635201
          ],
          [
            9.589088652920816,
            47.145216336806975
          ],
          [
            9.589559583925293,
            47.145000801387205
          ],
          [
            9.589739237860716,
            47.14494628486559
          ],
          [
            9.590060568796728,
            47.144782658871385
          ],
          [
            9.590302560226855,
            47.14471492611419
          ],
          [
            9.590489837193626,
            47.1445525573237
          ],
          [
            9.590763528533252,
            47.14436176470806
          ],
          [
            9.591142137925717,
            47.144222582004815
          ],
          [
            9.591271294990905,
            47.144157067987045
          ],
          [
            9.591272197398071,
            47.14404705713538
          ],
          [
            9.591334542361087,
            47.143989110951615
          ],
          [
            9.591520976574563,
            47.1439413121836
          ],
          [
            9.591664906858338,
            47.14393979513152
          ],
          [
            9.592108189723875,
            47.14369680026236
          ],
          [
            9.592305194203217,
            47.14367181055574
          ],
          [
            9.592950469246876,
            47.143479385688146
          ],
          [
            9.593055288117398,
            47.143375174540346
          ],
          [
            9.593313183360733,
            47.14322806992348
          ],
          [
            9.593731603146534,
            47.14307242124726
          ],
          [
            9.594487942366763,
            47.1430575453356
          ],
          [
            9.594917879058208,
            47.14296820900624
          ],
          [
            9.595271962624475,
            47.142932375901225
          ],
          [
            9.595674242647455,
            47.14295561034367
          ],
          [
            9.596025101075789,
            47.14307563949987
          ],
          [
            9.596156044466134,
            47.1430925819103
          ],
          [
            9.596648244298084,
            47.14309424808202
          ],
          [
            9.597026386870677,
            47.14308564538593
          ],
          [
            9.597506677894664,
            47.14300265130716
          ],
          [
            9.597787545526378,
            47.14298593002063
          ],
          [
            9.598078843952493,
            47.1428361803548
          ],
          [
            9.598341647690512,
            47.14260882475372
          ],
          [
            9.598778273776285,
            47.14206798819205
          ],
          [
            9.59892042546139,
            47.141986276207106
          ],
          [
            9.59908650486993,
            47.141927230735966
          ],
          [
            9.599521399371572,
            47.1416109743426
          ],
          [
            9.600020832758013,
            47.14133527237466
          ],
          [
            9.600306810407368,
            47.14124744361686
          ],
          [
            9.60054886258777,
            47.14114175999994
          ],
          [
            9.6007585395403,
            47.14093558971571
          ],
          [
            9.601314104487521,
            47.14077615393235
          ],
          [
            9.601404155518761,
            47.14061020572548
          ],
          [
            9.601621173737714,
            47.14043375175194
          ],
          [
            9.602118936851532,
            47.14014303555607
          ],
          [
            9.598512420550403,
            47.136813636172015
          ],
          [
            9.597323305061973,
            47.13616461873107
          ],
          [
            9.59631178964345,
            47.135648461501745
          ],
          [
            9.595470601748145,
            47.13499309105018
          ],
          [
            9.5939303967508,
            47.134635241955706
          ],
          [
            9.593233794782293,
            47.13448971899312
          ],
          [
            9.592936215627477,
            47.13451179125557
          ],
          [
            9.59274838254558,
            47.13450269653418
          ],
          [
            9.592412766603008,
            47.13434665872958
          ],
          [
            9.592149053737428,
            47.134251513346335
          ],
          [
            9.591994369268253,
            47.134228271934546
          ],
          [
            9.591869064034103,
            47.134174893729885
          ],
          [
            9.591746292330813,
            47.13408943426685
          ],
          [
            9.591344027964572,
            47.13368460855911
          ],
          [
            9.591356181267974,
            47.1335035526977
          ],
          [
            9.591293338405757,
            47.133403589846274
          ],
          [
            9.591276848473104,
            47.133282431756314
          ],
          [
            9.591583943667755,
            47.132845772331024
          ],
          [
            9.591578434329683,
            47.132500019889626
          ],
          [
            9.59146863371016,
            47.132323237172166
          ],
          [
            9.59143166841145,
            47.13211787934647
          ],
          [
            9.591363069384666,
            47.131971476552046
          ],
          [
            9.591352134509103,
            47.131842214958084
          ],
          [
            9.591403795373562,
            47.131681267815516
          ],
          [
            9.591479790237472,
            47.131547381350074
          ],
          [
            9.591551218847382,
            47.13147764772473
          ],
          [
            9.591838404862498,
            47.13134283673445
          ],
          [
            9.592074346138844,
            47.131179057165376
          ],
          [
            9.592476460138746,
            47.130770209380806
          ],
          [
            9.592815136544797,
            47.13046984411909
          ],
          [
            9.593006828311612,
            47.13038287300804
          ],
          [
            9.59330489917662,
            47.13032347522334
          ],
          [
            9.593609557646554,
            47.130317348634975
          ],
          [
            9.594014024677467,
            47.130415276494915
          ],
          [
            9.594727819896583,
            47.13042916907278
          ],
          [
            9.595011867519338,
            47.130402675540594
          ],
          [
            9.596430230528204,
            47.13019926333946
          ],
          [
            9.596790620674364,
            47.13027715120336
          ],
          [
            9.597119948793235,
            47.13031877358596
          ],
          [
            9.597262105353265,
            47.1303765085932
          ],
          [
            9.597374479911407,
            47.13044837224541
          ],
          [
            9.597535494030597,
            47.13045778303646
          ],
          [
            9.5977719125077,
            47.130402114296096
          ],
          [
            9.59842609039586,
            47.13044192119756
          ],
          [
            9.598621238202512,
            47.13047609100301
          ],
          [
            9.598837717143393,
            47.13042754351942
          ],
          [
            9.598995978522474,
            47.13045988656286
          ],
          [
            9.599135028361667,
            47.13052682892064
          ],
          [
            9.599462602752869,
            47.130499775973846
          ],
          [
            9.59965081880974,
            47.13052486917477
          ],
          [
            9.599871768025167,
            47.130519778210584
          ],
          [
            9.600134127483535,
            47.130562246553716
          ],
          [
            9.601277612758874,
            47.13048133541103
          ],
          [
            9.60202929920948,
            47.13027485808178
          ],
          [
            9.602247191030802,
            47.13028124787505
          ],
          [
            9.602544610486746,
            47.130254573860704
          ],
          [
            9.602710915239129,
            47.13020894339361
          ],
          [
            9.602838164977136,
            47.13020732084673
          ],
          [
            9.602979506575538,
            47.130233012429
          ],
          [
            9.603583518839226,
            47.13001467476799
          ],
          [
            9.604279849419218,
            47.12960966167544
          ],
          [
            9.605041108887033,
            47.12834510186837
          ],
          [
            9.605218446099727,
            47.128207738162615
          ],
          [
            9.605385254050494,
            47.128174421790085
          ],
          [
            9.60677159371643,
            47.128261741314205
          ],
          [
            9.608914740704641,
            47.12803727900879
          ],
          [
            9.610073260341617,
            47.12792001092372
          ],
          [
            9.610278492675686,
            47.12789567043054
          ],
          [
            9.610337889675263,
            47.12795872371788
          ],
          [
            9.610386092189191,
            47.12807699509712
          ]
        ]
      }
    },
    {
      "type": "Feature",
      "properties": {
        "source": "swisstopo swissBOUNDARIES3D",
        "source:date": "2026-01-01"
      },
      "geometry": {
        "type": "LineString",
        "coordinates": [
          [
            9.603479157947676,
            47.06177212471084
          ],
          [
            9.603272215118773,
            47.062430265830564
          ],
          [
            9.6027571198888,
            47.06257996780987
          ],
          [
            9.602725866451564,
            47.06282116531448
          ],
          [
            9.602671099901526,
            47.06291348671892
          ],
          [
            9.602443800614509,
            47.06306717267212
          ],
          [
            9.602296809804576,
            47.063222349672735
          ],
          [
            9.602038621033898,
            47.063341946269226
          ],
          [
            9.601954902669256,
            47.06348502405875
          ],
          [
            9.601592877943652,
            47.063745601918995
          ],
          [
            9.601341014316668,
            47.06355769256209
          ],
          [
            9.601135377055313,
            47.06348863531722
          ],
          [
            9.600957456012631,
            47.06346059211644
          ],
          [
            9.600817798843963,
            47.06349869484714
          ],
          [
            9.600173741471941,
            47.06342253416034
          ],
          [
            9.600090963140918,
            47.06346007767744
          ],
          [
            9.599912723195324,
            47.06359847306886
          ],
          [
            9.599486908483861,
            47.06410848376344
          ],
          [
            9.599215752119665,
            47.06439337530123
          ],
          [
            9.598819351209334,
            47.06475981819386
          ],
          [
            9.598751598560012,
            47.064870612658375
          ],
          [
            9.598643079598748,
            47.06509882929805
          ],
          [
            9.598536327535841,
            47.065258183942206
          ],
          [
            9.598349042213789,
            47.06555371461923
          ],
          [
            9.59825266385347,
            47.065729034841176
          ],
          [
            9.598241446127185,
            47.0658232069823
          ],
          [
            9.597826252153677,
            47.06639401079991
          ],
          [
            9.597605765748547,
            47.06696886227083
          ],
          [
            9.597437720164931,
            47.06931657577045
          ],
          [
            9.596384307918202,
            47.06982083682624
          ],
          [
            9.596461737178457,
            47.073313715181115
          ],
          [
            9.594056367770238,
            47.07931046405779
          ],
          [
            9.59337254360168,
            47.081731479644894
          ],
          [
            9.593293360737698,
            47.08183008467832
          ],
          [
            9.59307290331341,
            47.0819927633357
          ],
          [
            9.592929686190088,
            47.08217068416817
          ],
          [
            9.592668906791081,
            47.082780660604925
          ],
          [
            9.592522065998219,
            47.08294488137638
          ],
          [
            9.592581857866657,
            47.08307948145313
          ],
          [
            9.592584382864066,
            47.08319404577338
          ],
          [
            9.592539845100081,
            47.083297624191175
          ],
          [
            9.592246001323534,
            47.08362148798284
          ],
          [
            9.592140450513124,
            47.08384029137615
          ],
          [
            9.592019416608649,
            47.083962994990614
          ],
          [
            9.591767976265011,
            47.084391837381894
          ],
          [
            9.591778385385544,
            47.084561332533895
          ],
          [
            9.59142655893066,
            47.0846818034045
          ],
          [
            9.591298582323668,
            47.08479311849275
          ],
          [
            9.591228228999187,
            47.08494052519214
          ],
          [
            9.59118989545896,
            47.08517466923589
          ],
          [
            9.59098506487946,
            47.085289053400345
          ],
          [
            9.590969864170223,
            47.085357959512336
          ],
          [
            9.59122254379983,
            47.0855960242942
          ],
          [
            9.591231296025258,
            47.085689901629976
          ],
          [
            9.591177625826555,
            47.08583483588096
          ],
          [
            9.591033013332693,
            47.08595089862353
          ],
          [
            9.590971343833912,
            47.086187594559455
          ],
          [
            9.590835004652613,
            47.086223353941016
          ],
          [
            9.590796888224883,
            47.08631541027755
          ],
          [
            9.59078307936382,
            47.086448484228065
          ],
          [
            9.590843842590923,
            47.08662661873249
          ],
          [
            9.590946199594224,
            47.086719551368525
          ],
          [
            9.591021236110851,
            47.08693878348857
          ],
          [
            9.591062745894924,
            47.08715379394806
          ],
          [
            9.590856857066498,
            47.08722006554658
          ],
          [
            9.590787168886019,
            47.08739725276023
          ],
          [
            9.590813393618095,
            47.0875253201211
          ],
          [
            9.590927178863826,
            47.08768229553586
          ],
          [
            9.591040653917496,
            47.0879767798729
          ],
          [
            9.59125386805781,
            47.08839629756159
          ],
          [
            9.590818992315546,
            47.08900119015709
          ],
          [
            9.590587447780266,
            47.08957649934761
          ],
          [
            9.59059663627792,
            47.08984226313041
          ],
          [
            9.59054789367887,
            47.090060476690795
          ],
          [
            9.590607872812122,
            47.09026754648952
          ],
          [
            9.59082000467267,
            47.090196335506185
          ],
          [
            9.591033710375092,
            47.09018954949903
          ],
          [
            9.591231878215808,
            47.09023117731877
          ],
          [
            9.591602461014968,
            47.090353859476515
          ],
          [
            9.591877582416071,
            47.0903993163798
          ],
          [
            9.592111437577868,
            47.09039688365871
          ],
          [
            9.592364768929198,
            47.090371265455154
          ],
          [
            9.59257429525885,
            47.09032999245947
          ],
          [
            9.59287841134055,
            47.09033143225502
          ],
          [
            9.593098065345458,
            47.09029465641715
          ],
          [
            9.59322530012884,
            47.09030484879964
          ],
          [
            9.59337344785511,
            47.09021360654282
          ],
          [
            9.593991218299559,
            47.09005999226987
          ],
          [
            9.594656373737683,
            47.08992889854822
          ],
          [
            9.594710369454155,
            47.089677623439776
          ],
          [
            9.594851836248981,
            47.08955601831458
          ],
          [
            9.59883053044071,
            47.08916452443727
          ],
          [
            9.599043536674143,
            47.088909238552866
          ],
          [
            9.59909742588691,
            47.08877116199311
          ],
          [
            9.599094911612752,
            47.088654275919296
          ],
          [
            9.599132829502901,
            47.08855074749642
          ],
          [
            9.599258499062596,
            47.088485295574905
          ],
          [
            9.599738481572842,
            47.08841633408065
          ],
          [
            9.600069916517397,
            47.08828009676865
          ],
          [
            9.6002527291001,
            47.08823013401619
          ],
          [
            9.60050336995027,
            47.088223057818475
          ],
          [
            9.600892086725711,
            47.088265049566516
          ],
          [
            9.6011195902045,
            47.08827194122545
          ],
          [
            9.60129644189564,
            47.08825644473008
          ],
          [
            9.60151565061256,
            47.08818777075797
          ],
          [
            9.60209040371475,
            47.088172875901336
          ],
          [
            9.602859394924447,
            47.08801621067534
          ],
          [
            9.603198292189493,
            47.08791654574549
          ],
          [
            9.604002069409587,
            47.08782371716963
          ],
          [
            9.60435187607652,
            47.08776520847457
          ],
          [
            9.604641152418028,
            47.08769125656538
          ],
          [
            9.60528430800296,
            47.08728140408534
          ],
          [
            9.605395669987324,
            47.08717484075011
          ],
          [
            9.605531507050422,
            47.08709198500942
          ],
          [
            9.605445573877782,
            47.08654167425839
          ],
          [
            9.605467532454151,
            47.08585147248349
          ],
          [
            9.605435397755526,
            47.08560192443715
          ],
          [
            9.605433526986545,
            47.08535895895494
          ],
          [
            9.605490813238356,
            47.08506956130804
          ],
          [
            9.60583508615057,
            47.08444492097351
          ],
          [
            9.605961447711428,
            47.08425797030849
          ],
          [
            9.606157956660885,
            47.08406803955087
          ],
          [
            9.606307274805808,
            47.084016116511066
          ],
          [
            9.606497197258214,
            47.08398673239958
          ],
          [
            9.606629417399295,
            47.083916631109794
          ],
          [
            9.607654013975694,
            47.08317506133791
          ],
          [
            9.607951214234843,
            47.082979346718716
          ],
          [
            9.608169688625477,
            47.08286009339558
          ],
          [
            9.60828950774262,
            47.08282674882609
          ],
          [
            9.608413138172269,
            47.08281400137476
          ],
          [
            9.608585214112288,
            47.08271816500302
          ],
          [
            9.608785668869661,
            47.08253950178264
          ],
          [
            9.608942570520096,
            47.08251722546476
          ],
          [
            9.609085051932514,
            47.08244694522347
          ],
          [
            9.609245016768849,
            47.082410870049515
          ],
          [
            9.60975043492982,
            47.082401007746775
          ],
          [
            9.609911656291278,
            47.082424549154766
          ],
          [
            9.610047979612693,
            47.08241395344574
          ],
          [
            9.610328781415854,
            47.08204410884057
          ],
          [
            9.610541764482878,
            47.08151214470132
          ],
          [
            9.610578688850675,
            47.08136040826061
          ],
          [
            9.610560441197926,
            47.08128950423095
          ],
          [
            9.61039918395361,
            47.08110772783004
          ],
          [
            9.610391692995806,
            47.08107112011653
          ],
          [
            9.610693954163855,
            47.08095559478536
          ],
          [
            9.610770128138526,
            47.080915820506405
          ],
          [
            9.610832295167045,
            47.08084865913721
          ],
          [
            9.61124691073434,
            47.08019534126955
          ],
          [
            9.611267350537176,
            47.08005523643691
          ],
          [
            9.611220486984946,
            47.07989977621574
          ],
          [
            9.611229008839578,
            47.07982861763498
          ],
          [
            9.611351665822573,
            47.079614060332666
          ],
          [
            9.61150179151348,
            47.07940741448633
          ],
          [
            9.61147035474241,
            47.07928902370094
          ],
          [
            9.61159435569593,
            47.07900762755252
          ],
          [
            9.611523819320748,
            47.07894565888608
          ],
          [
            9.611512615137855,
            47.078907798734534
          ],
          [
            9.611394046294151,
            47.07875604425285
          ],
          [
            9.611314001211634,
            47.078696055102014
          ],
          [
            9.611329491251443,
            47.07865056301438
          ],
          [
            9.611361065461592,
            47.07863366937044
          ],
          [
            9.611348799133346,
            47.07855694723953
          ],
          [
            9.611415917661448,
            47.078530112537905
          ],
          [
            9.611495054421622,
            47.07837413931118
          ],
          [
            9.611498850793216,
            47.0782088928968
          ],
          [
            9.611525962716698,
            47.07813232530467
          ],
          [
            9.611515184113985,
            47.078061109036575
          ],
          [
            9.611524815792704,
            47.07795367484513
          ],
          [
            9.611472655327027,
            47.0779254622808
          ],
          [
            9.611448342859623,
            47.07785442116976
          ],
          [
            9.611295239209804,
            47.077685782340914
          ],
          [
            9.61127344460483,
            47.07764239061004
          ],
          [
            9.6111698834163,
            47.077344163941994
          ],
          [
            9.61120731514946,
            47.07721414860045
          ],
          [
            9.611203531251181,
            47.077202693261896
          ],
          [
            9.611143044251515,
            47.0771968281836
          ],
          [
            9.611141912416151,
            47.07718288408985
          ],
          [
            9.61120560740445,
            47.07714442534115
          ],
          [
            9.611236266127397,
            47.07702994341397
          ],
          [
            9.611208917261237,
            47.07697885517327
          ],
          [
            9.611235583034276,
            47.076954630751864
          ],
          [
            9.6112306875835,
            47.07690764377895
          ],
          [
            9.61127905182052,
            47.07687637688327
          ],
          [
            9.611279229846518,
            47.076833019230634
          ],
          [
            9.611350484525412,
            47.076694508096466
          ],
          [
            9.611370126826559,
            47.076584796796766
          ],
          [
            9.61131564309621,
            47.07643657150752
          ],
          [
            9.61125066101364,
            47.07633477865414
          ],
          [
            9.611151590805953,
            47.076231696214265
          ],
          [
            9.611025948070981,
            47.07591148125497
          ],
          [
            9.611006558424519,
            47.075827974090984
          ],
          [
            9.610864445111996,
            47.07550756672917
          ],
          [
            9.61079891951882,
            47.07540596388922
          ],
          [
            9.610762422586387,
            47.075378390492794
          ],
          [
            9.610592586759727,
            47.075308842834794
          ],
          [
            9.610510653754488,
            47.075244371715634
          ],
          [
            9.610489823485532,
            47.07517956340575
          ],
          [
            9.610592417636655,
            47.07504961114269
          ],
          [
            9.611101256479934,
            47.07479870864451
          ],
          [
            9.611276535778932,
            47.074660487383355
          ],
          [
            9.611510444858435,
            47.07433400728862
          ],
          [
            9.611575624677283,
            47.07412796984369
          ],
          [
            9.611772363537993,
            47.07397855244358
          ],
          [
            9.61173479452185,
            47.07391381823981
          ],
          [
            9.61180464393497,
            47.07380118566263
          ],
          [
            9.611969613306385,
            47.07371317153965
          ],
          [
            9.612047232167946,
            47.073688837044195
          ],
          [
            9.612081054427344,
            47.07351346560308
          ],
          [
            9.612068343292483,
            47.07336343286136
          ],
          [
            9.612171155313964,
            47.0731981201261
          ],
          [
            9.612235944313925,
            47.07312962126271
          ],
          [
            9.612315325203655,
            47.073083162106236
          ],
          [
            9.612320048794633,
            47.0730434346692
          ],
          [
            9.61240205879999,
            47.07296731189775
          ],
          [
            9.612422303523084,
            47.07293064694365
          ],
          [
            9.612403422632237,
            47.0728860034367
          ],
          [
            9.612409604019783,
            47.07278871255391
          ],
          [
            9.612470808697005,
            47.07256566172461
          ],
          [
            9.612594581373282,
            47.07243788889069
          ],
          [
            9.612678425629763,
            47.0722823561589
          ],
          [
            9.61273744662296,
            47.07222300961099
          ],
          [
            9.61277017179633,
            47.0721479189411
          ],
          [
            9.612896736594221,
            47.07203771174775
          ],
          [
            9.612963532191797,
            47.07191615575314
          ],
          [
            9.612941366203115,
            47.07185222795962
          ],
          [
            9.613008390244573,
            47.07184114112757
          ],
          [
            9.613082545597305,
            47.07179969349595
          ],
          [
            9.61314679722452,
            47.07174171437097
          ],
          [
            9.61317636806937,
            47.071686929747706
          ],
          [
            9.613174650108764,
            47.071619285215675
          ],
          [
            9.613200660904562,
            47.07151475279832
          ],
          [
            9.61333416644391,
            47.07139648597247
          ],
          [
            9.613378867098287,
            47.07127932557707
          ],
          [
            9.613429365254692,
            47.06948914141967
          ],
          [
            9.61269543862029,
            47.06835975950335
          ],
          [
            9.612688865747328,
            47.06788159097904
          ],
          [
            9.612521663905769,
            47.06782288466166
          ],
          [
            9.612488271936623,
            47.06776006922062
          ],
          [
            9.612487246769074,
            47.06772830621657
          ],
          [
            9.61246479333252,
            47.067704957636856
          ],
          [
            9.612392172168015,
            47.067672741879626
          ],
          [
            9.612114261303814,
            47.06741454898448
          ],
          [
            9.612096254396963,
            47.06735470853145
          ],
          [
            9.612046252372346,
            47.06731355174624
          ],
          [
            9.612046948762899,
            47.06728234103911
          ],
          [
            9.611957056531208,
            47.06725029008184
          ],
          [
            9.611839416158276,
            47.067232532014216
          ],
          [
            9.611424985723088,
            47.06699068984364
          ],
          [
            9.611129848148023,
            47.066838165261544
          ],
          [
            9.611293881394019,
            47.06657652683053
          ],
          [
            9.611293411759554,
            47.06648503979913
          ],
          [
            9.61126205212208,
            47.06641675051084
          ],
          [
            9.61126754200445,
            47.066380976860906
          ],
          [
            9.611331364475447,
            47.066284592469934
          ],
          [
            9.611271446908509,
            47.06619794708825
          ],
          [
            9.611284259099053,
            47.066135867426866
          ],
          [
            9.611249339115984,
            47.066049918642214
          ],
          [
            9.611278756313546,
            47.066025479996874
          ],
          [
            9.61127374929903,
            47.065957852669044
          ],
          [
            9.61123664773886,
            47.06590709300278
          ],
          [
            9.61127341389329,
            47.06582582520336
          ],
          [
            9.611229371548669,
            47.06577310028669
          ],
          [
            9.61122974012789,
            47.06573541692541
          ],
          [
            9.611182916738047,
            47.065605322228
          ],
          [
            9.611214874450928,
            47.0655782619562
          ],
          [
            9.61122580207559,
            47.065547658445034
          ],
          [
            9.611230051112292,
            47.065456918928966
          ],
          [
            9.611293450851099,
            47.06538293959192
          ],
          [
            9.611379472409011,
            47.06535891414001
          ],
          [
            9.611472065168316,
            47.06531604750504
          ],
          [
            9.611588120295352,
            47.06516393667893
          ],
          [
            9.611576274910991,
            47.065104672367674
          ],
          [
            9.61161457801495,
            47.065017490358585
          ],
          [
            9.611678242661291,
            47.06498092120939
          ],
          [
            9.611796677871657,
            47.064847265833116
          ],
          [
            9.611770016988038,
            47.06476461619858
          ],
          [
            9.611781351211665,
            47.06466546392738
          ],
          [
            9.611687196376236,
            47.06450025387458
          ],
          [
            9.611511183955463,
            47.064353879463674
          ],
          [
            9.611049638647554,
            47.06410828501434
          ],
          [
            9.610906625426692,
            47.06407256859901
          ],
          [
            9.610908946687081,
            47.063988839337746
          ],
          [
            9.610885676809952,
            47.063977455830305
          ],
          [
            9.610908217456892,
            47.06394485985234
          ],
          [
            9.61082412992919,
            47.06381479540386
          ],
          [
            9.610823070840674,
            47.06376657490508
          ],
          [
            9.610787078724943,
            47.06373144236556
          ],
          [
            9.61076219468228,
            47.0636630123903
          ],
          [
            9.610789507812141,
            47.06359968648099
          ],
          [
            9.610756010796893,
            47.06350654787002
          ],
          [
            9.610776511449938,
            47.0634795065537
          ],
          [
            9.610729063739221,
            47.06341515696164
          ],
          [
            9.610686509291305,
            47.06337828591426
          ],
          [
            9.610625901432984,
            47.063352806567416
          ],
          [
            9.610543046777282,
            47.063268718532115
          ],
          [
            9.610409467072373,
            47.063198611019914
          ],
          [
            9.610089714860202,
            47.06307013472269
          ],
          [
            9.610034666318645,
            47.06306159290235
          ],
          [
            9.609978047066585,
            47.063073111257744
          ],
          [
            9.609883655808396,
            47.06302341703156
          ],
          [
            9.609813356973643,
            47.06293488869929
          ],
          [
            9.60984041888602,
            47.06289134630223
          ],
          [
            9.60980381640745,
            47.06286224496151
          ],
          [
            9.609754970758738,
            47.062862485106656
          ],
          [
            9.609698184939177,
            47.06283738290579
          ],
          [
            9.60959019478788,
            47.06277184751763
          ],
          [
            9.609507886890885,
            47.06274442948018
          ],
          [
            9.609430454073241,
            47.06268781828582
          ],
          [
            9.60936497626294,
            47.06241853722276
          ],
          [
            9.609254756142848,
            47.062351558974584
          ],
          [
            9.609187701982965,
            47.06229042309654
          ],
          [
            9.609110587526692,
            47.06220620752414
          ],
          [
            9.609097137407453,
            47.06215600774548
          ],
          [
            9.608779941207619,
            47.06186213364882
          ],
          [
            9.608662903039134,
            47.061829657743786
          ],
          [
            9.60855498135404,
            47.06176800745219
          ],
          [
            9.608315692037392,
            47.06158890970494
          ],
          [
            9.607832235711617,
            47.061341071588956
          ],
          [
            9.607443504806719,
            47.061078654721726
          ],
          [
            9.60731597696369,
            47.0609411392291
          ],
          [
            9.607061591996548,
            47.060769855911886
          ],
          [
            9.606699258277034,
            47.06075515917251
          ],
          [
            9.60643270794609,
            47.060853723820934
          ],
          [
            9.605993799563658,
            47.06099624274722
          ],
          [
            9.605103936691757,
            47.06121213407737
          ],
          [
            9.604920826913604,
            47.061397979250806
          ],
          [
            9.604757917112126,
            47.06147829645619
          ],
          [
            9.6043348738388,
            47.06154375299622
          ],
          [
            9.603966669995517,
            47.06166024708317
          ],
          [
            9.603479157947676,
            47.06177212471084
          ]
        ]
      }
    },
    {
      "type": "Feature",
      "properties": {
        "source": "swisstopo swissBOUNDARIES3D",
        "source:date": "2026-01-01"
      },
      "geometry": {
        "type": "LineString",
        "coordinates": [
          [
            9.546628347026074,
            47.17991684811891
          ],
          [
            9.546757411884638,
            47.18000950144893
          ],
          [
            9.54685744688232,
            47.180032952366126
          ],
          [
            9.546970675764124,
            47.18006903747601
          ],
          [
            9.547074746360433,
            47.18010780978222
          ],
          [
            9.54720407965203,
            47.18017176315096
          ],
          [
            9.547410499623556,
            47.18030134714172
          ],
          [
            9.54750140818703,
            47.18036374612052
          ],
          [
            9.54734795898369,
            47.18046166793226
          ],
          [
            9.547340564577068,
            47.18065365840572
          ],
          [
            9.54726050751305,
            47.1809661771113
          ],
          [
            9.547620388425377,
            47.180939792927646
          ],
          [
            9.548364305066226,
            47.18083797104633
          ],
          [
            9.549937740869982,
            47.18040770184694
          ],
          [
            9.550652200739478,
            47.180242330919064
          ],
          [
            9.552153390178827,
            47.179659212523
          ],
          [
            9.552715867107404,
            47.17904113321769
          ],
          [
            9.552890943259,
            47.178870723454324
          ],
          [
            9.552770891351367,
            47.17864608147602
          ],
          [
            9.553321409661365,
            47.17837177128772
          ],
          [
            9.553810211078996,
            47.1780122934181
          ],
          [
            9.554346320702344,
            47.17747883046803
          ],
          [
            9.554362497860335,
            47.17728866593108
          ],
          [
            9.55412270379003,
            47.17735336317651
          ],
          [
            9.553360236451844,
            47.17732166522799
          ],
          [
            9.552815165261725,
            47.17735629491928
          ],
          [
            9.55260962022669,
            47.17731499282629
          ],
          [
            9.55208256196856,
            47.177272157109016
          ],
          [
            9.551522821329012,
            47.17715695457784
          ],
          [
            9.551308359512898,
            47.177156457950694
          ],
          [
            9.55120070429064,
            47.17717252615367
          ],
          [
            9.55101301494012,
            47.17725847590564
          ],
          [
            9.550894039274729,
            47.17733474136779
          ],
          [
            9.550863308744631,
            47.177410016075456
          ],
          [
            9.550899719221047,
            47.177572751065604
          ],
          [
            9.549973038285835,
            47.17781022481745
          ],
          [
            9.549069173051961,
            47.178049872738164
          ],
          [
            9.54890581526677,
            47.17829006591324
          ],
          [
            9.54816221640629,
            47.17843849577185
          ],
          [
            9.54785565958215,
            47.178527915843404
          ],
          [
            9.5478893611267,
            47.17891459812511
          ],
          [
            9.547524999087685,
            47.17909604684103
          ],
          [
            9.54745545682333,
            47.17931536993957
          ],
          [
            9.547269700901747,
            47.17953703039314
          ],
          [
            9.547344508055879,
            47.17964930352616
          ],
          [
            9.546957230835611,
            47.179840168352
          ],
          [
            9.546869137489857,
            47.17978888385773
          ],
          [
            9.546628347026074,
            47.17991684811891
          ]
        ]
      }
    },
    {
      "type": "Feature",
      "properties": {
        "source": "swisstopo swissBOUNDARIES3D",
        "source:date": "2026-01-01"
      },
      "geometry": {
        "type": "LineString",
        "coordinates": [
          [
            9.555524078599342,
            47.185548947338695
          ],
          [
            9.555622810630437,
            47.185602459137904
          ],
          [
            9.556392962360393,
            47.185526566678135
          ],
          [
            9.556937915935944,
            47.18539362962436
          ],
          [
            9.557433548050627,
            47.18530441984186
          ],
          [
            9.558188251288199,
            47.18522852982478
          ],
          [
            9.558386242856846,
            47.18646698382387
          ],
          [
            9.556604875595706,
            47.18710382002276
          ],
          [
            9.556775468377339,
            47.187398251854226
          ],
          [
            9.557868370034042,
            47.18748944760087
          ],
          [
            9.558323408842487,
            47.187348352844054
          ],
          [
            9.558689899328868,
            47.18725899794334
          ],
          [
            9.559035323872004,
            47.18719728507347
          ],
          [
            9.559532624639544,
            47.187153457689824
          ],
          [
            9.559886628028034,
            47.187149990112296
          ],
          [
            9.56007461670206,
            47.18712028546927
          ],
          [
            9.560758306694886,
            47.187079332078675
          ],
          [
            9.561155581369155,
            47.18703511121948
          ],
          [
            9.561393148084454,
            47.18693768846051
          ],
          [
            9.561780042370428,
            47.18685080843178
          ],
          [
            9.562120090483115,
            47.18671867698947
          ],
          [
            9.562365805420782,
            47.186594863548
          ],
          [
            9.562703206593692,
            47.186475916281104
          ],
          [
            9.562851827637093,
            47.18643977146778
          ],
          [
            9.563075141571511,
            47.186410300357835
          ],
          [
            9.563776222080064,
            47.18635652741456
          ],
          [
            9.564332899524755,
            47.18640714113097
          ],
          [
            9.564541625481965,
            47.18640316715673
          ],
          [
            9.564892625617578,
            47.18643050380769
          ],
          [
            9.564665048322793,
            47.18596870236677
          ],
          [
            9.563490882072129,
            47.18548683996726
          ],
          [
            9.56294551060038,
            47.185463070614304
          ],
          [
            9.561870387304605,
            47.18548011156616
          ],
          [
            9.561812027541201,
            47.18504414617198
          ],
          [
            9.560773795774733,
            47.1850028278836
          ],
          [
            9.55978325482413,
            47.184988865649494
          ],
          [
            9.558757170202995,
            47.18496422147829
          ],
          [
            9.55757888269935,
            47.18498086524121
          ],
          [
            9.557219193441888,
            47.18504032626895
          ],
          [
            9.557012196049508,
            47.18509045994091
          ],
          [
            9.556886148367644,
            47.18513936363334
          ],
          [
            9.556380963885088,
            47.185268626044795
          ],
          [
            9.555594583485021,
            47.18553123757837
          ],
          [
            9.555524078599342,
            47.185548947338695
          ]
        ]
      }
    }
  ]
}