{"type": "FeatureCollection", "features": [{"type": "Feature", "properties": {"bfs_nummer": 756}, "geometry": {"type": "MultiPolygon", "coordinates": [[[[7.215466077420145, 47.12719376167569], [7.215406064733626, 47.127160777160306], [7.215393066510907, 47.12713008803984], [7.215375591205502, 47.12713311228254], [7.215337447783674, 47.127108490761756], [7.215309060072123, 47.12711148468946], [7.215072594742377, 47.126982926833236], [7.21508470939288, 47.12695078444007], [7.214975733903361, 47.12688690556581], [7.214951741074073, 47.126885311590904], [7.214960529351322, 47.126863884920205], [7.214931108654863, 47.12684924666903], [7.214887423522927, 47.126854495200284], [7.2148567875854, 47.126878172778035], [7.214811023840427, 47.126854300817506], [7.2148263366969285, 47.12684208859519], [7.214794741006504, 47.12682132075714], [7.21483631225027, 47.126798437892454], [7.214849488768263, 47.12677088549206], [7.214847371839116, 47.12675402495915], [7.214837581412176, 47.12673790492662], [7.214874809022568, 47.126704282724674], [7.21477130686834, 47.12663964981891], [7.214696916134507, 47.12669463404421], [7.214653336768682, 47.12666847251998], [7.214646811841765, 47.126656199622985], [7.214601051561843, 47.12663156296971], [7.214563849283573, 47.12665599231947], [7.214545308880669, 47.12664904790985], [7.214532183685128, 47.12666128237645], [7.2142499423491655, 47.1265096148677], [7.2142861816840504, 47.126438446273106], [7.21433771581776, 47.12637190424464], [7.2144347885375035, 47.12639819756729], [7.2146420402603, 47.1264431823299], [7.214648622170722, 47.12643246425774], [7.214442467679425, 47.12638673535854], [7.214426137414779, 47.12637136706905], [7.214430647463757, 47.12632999945298], [7.214460227728016, 47.126294059757264], [7.214465825217461, 47.1262542325163], [7.214462626614128, 47.12622510077533], [7.21444527657845, 47.12619211841486], [7.214409367196075, 47.12615677014414], [7.214361455175452, 47.12612370091552], [7.214323283905138, 47.126105987139205], [7.214290572829644, 47.12609670322256], [7.214164016252956, 47.12607416558501], [7.2141050959693915, 47.126070182155566], [7.214048314435527, 47.12607157286679], [7.214035272206913, 47.12605468155952], [7.214003600111537, 47.12605844222728], [7.213911833803282, 47.12608349290808], [7.213879019657301, 47.12610179604345], [7.21384190424269, 47.126102469514], [7.213805943647475, 47.12608244798354], [7.213775397857176, 47.12607854735818], [7.2134465408104465, 47.12583174624885], [7.213413897308684, 47.125797186509324], [7.213435844117962, 47.12576198755359], [7.213445752468973, 47.125731370607284], [7.213533127973982, 47.12572238578516], [7.213574569686787, 47.12573323406592], [7.213580061194688, 47.12572174947887], [7.213537512341617, 47.125710907899446], [7.213370457837784, 47.1257258075885], [7.21336291730019, 47.12569820510681], [7.213306149544994, 47.12569958675589], [7.213262497355872, 47.12569411281474], [7.212711049964826, 47.12530482342722], [7.212725650567503, 47.12529277206037], [7.212700599818877, 47.12527662148252], [7.212685283554099, 47.125286548892376], [7.212232248873198, 47.12495359770251], [7.212190950865199, 47.12490599582895], [7.212245637190579, 47.1248701062002], [7.212210804469586, 47.12484244092224], [7.212192206845722, 47.12485235288097], [7.212030000214001, 47.124716325471944], [7.212039857418514, 47.12470714315462], [7.211948397586768, 47.124635650415804], [7.211930903453369, 47.12464326159373], [7.211700075695401, 47.12446720558069], [7.21171210406536, 47.124458810174964], [7.211678368974456, 47.124430373299596], [7.211661965341178, 47.12443876007475], [7.211627146145257, 47.124404960107434], [7.2114673223274295, 47.12420838317617], [7.2114281609039885, 47.12416997813642], [7.2113769708253965, 47.124133833688994], [7.211349707545981, 47.124126871472114], [7.211271156810842, 47.12411593059773], [7.21123734030833, 47.12410666145113], [7.211158841677775, 47.12407733492954], [7.2111185147940065, 47.12405578390948], [7.210905093395918, 47.12382911962417], [7.210752942771721, 47.12372218218447], [7.210733074266525, 47.12369640813938], [7.210648343468752, 47.12363926563642], [7.210650573511826, 47.12362318717216], [7.210611364016871, 47.12359933550761], [7.21058458175875, 47.12359090782829], [7.210566036232534, 47.123607088669765], [7.210531264169288, 47.12360259385535], [7.210480781047529, 47.123586320391546], [7.210378023244951, 47.12354129373521], [7.210282416855756, 47.12350661658675], [7.2102153304595715, 47.123496156583485], [7.210156143399207, 47.12349055135202], [7.210056774683555, 47.123414436104184], [7.210143800052959, 47.12336647816361], [7.210016899869431, 47.12326621037022], [7.2099192983609415, 47.12319909308779], [7.209892839196966, 47.12321373796564], [7.209870811727882, 47.12319678347342], [7.209893057076291, 47.123181383658086], [7.209700056539024, 47.12303170953143], [7.2095500159619395, 47.12292550325683], [7.208910213830235, 47.12242853802494], [7.208894387515298, 47.12243144773668], [7.2086041027929975, 47.12219808500723], [7.208581540315846, 47.122210623468945], [7.20860524333098, 47.12223001027913], [7.208542930330395, 47.12226516336757], [7.208460057069497, 47.122196958869225], [7.208521828804428, 47.12216207491325], [7.208550469272533, 47.122185483194315], [7.208572728023794, 47.12217310614125], [7.208556653335325, 47.1221603012199], [7.208580061210788, 47.12213812182492], [7.20857061472219, 47.12213147345595], [7.208530505486341, 47.122139479380515], [7.208328079090823, 47.12198317241709], [7.208235484837405, 47.12190804031382], [7.20812741239405, 47.12179806677939], [7.208123579634519, 47.121773197030684], [7.208081399980011, 47.121720635786744], [7.208046972823276, 47.121691575812406], [7.2080203944779555, 47.12167289382213], [7.207957571513097, 47.121597506743086], [7.207899554787235, 47.12155044544733], [7.207884052879565, 47.12148756670577], [7.207836908011465, 47.12144052719587], [7.207805409086363, 47.12141700497045], [7.207761086358434, 47.12139690187295], [7.207670610927487, 47.12132286209967], [7.207559530953723, 47.12122323510913], [7.207439589309064, 47.121115989345604], [7.2073492251149895, 47.1210226105508], [7.20724498133852, 47.12093611156405], [7.207154607596718, 47.12084203090044], [7.207105528025167, 47.12078257419666], [7.207089802967568, 47.120765272144745], [7.207021899712497, 47.120722364075874], [7.206952120742683, 47.120653186802485], [7.206883371698512, 47.120580548543366], [7.206855810250182, 47.12056392418254], [7.206845037178457, 47.12054733386822], [7.206852024398985, 47.12053145377956], [7.206770442463216, 47.12045535348664], [7.20669676429722, 47.12037996174081], [7.206587717019133, 47.12027135197323], [7.206490304650882, 47.1201993749797], [7.206483555847127, 47.12019677076134], [7.206470597738763, 47.12019174331717], [7.206435029695732, 47.12019814757191], [7.206308251204952, 47.120085372939414], [7.2061498724618716, 47.119963718906206], [7.2060218428443426, 47.119875191664576], [7.205847591117175, 47.11976452368782], [7.205848906977479, 47.119728726472054], [7.2058332349233725, 47.119702456340285], [7.205736810982761, 47.11963393472871], [7.205595063545188, 47.11954876116014], [7.205514427868002, 47.11948301494523], [7.205408169173768, 47.119409651776635], [7.205343204447346, 47.11936741404764], [7.20529391562923, 47.119353524402], [7.205197271138171, 47.11933265693031], [7.205154896365043, 47.1193167034213], [7.205015072775327, 47.11924396396845], [7.205028031551608, 47.11921567438528], [7.205000433010385, 47.11921079676199], [7.2049471699808825, 47.119201738065534], [7.204884001765545, 47.11919473704326], [7.204855435165258, 47.11918225679264], [7.2047068124555125, 47.11909086127519], [7.2047147487676195, 47.119048034812465], [7.2047008284803775, 47.11898310807594], [7.204593048839683, 47.118926489528214], [7.20454287402709, 47.11891943380155], [7.204490467255651, 47.118925505998455], [7.204470635728921, 47.11893440633426], [7.2043468595558755, 47.11907856628425], [7.204148474414295, 47.11897955777758], [7.204323421076944, 47.11888875253607], [7.204336981418195, 47.11890055464675], [7.204431302359252, 47.118841183507044], [7.204419830709337, 47.11883086084753], [7.204404143332376, 47.118832303913045], [7.204382228615188, 47.118820484682466], [7.204303639850652, 47.11886223100429], [7.204282660194079, 47.11888350596093], [7.204246005817213, 47.118900341325066], [7.204170781407422, 47.11887221308801], [7.204131677909198, 47.118804743043036], [7.2040883886134255, 47.11877220071867], [7.203972207764449, 47.118708485313206], [7.203796866686389, 47.1186315428256], [7.203636260201056, 47.1185691302171], [7.203651168685482, 47.11854706022655], [7.20361276036558, 47.1185283529223], [7.203558464194265, 47.11852965348959], [7.203516091557467, 47.11851646083538], [7.203441237406166, 47.11847628860454], [7.203398874018939, 47.11846101811413], [7.203363356577079, 47.11845613289907], [7.203339712712627, 47.11844505644436], [7.203328909613667, 47.118432603238006], [7.203318088386947, 47.11841828804919], [7.203313214853031, 47.11841185566655], [7.20328662549048, 47.118399387972964], [7.203229466270523, 47.11838065088513], [7.2031939915795435, 47.118366087081995], [7.203165389064633, 47.11836190852489], [7.203132882350328, 47.11834665825681], [7.2031063113670415, 47.11833004387925], [7.203041297925967, 47.11829955220147], [7.202939869442054, 47.118249664401006], [7.202853199235643, 47.11820878375964], [7.202821612724085, 47.118205975188815], [7.202795014572856, 47.11819556735559], [7.202775366865514, 47.11817482046347], [7.202748796114719, 47.11815820605576], [7.202628665194619, 47.118094463195774], [7.202511518614557, 47.1180293681769], [7.20246333323801, 47.11798991595148], [7.2024328502299015, 47.11796708687641], [7.202367840714501, 47.11793590225889], [7.202326520491878, 47.11790544109096], [7.202288211003979, 47.11786463292403], [7.202231167004234, 47.117823102519935], [7.202216412100548, 47.11781341149731], [7.202184866567376, 47.11780438729811], [7.202138596915295, 47.11777875512718], [7.202116927168989, 47.11776836619022], [7.202102202050669, 47.117748996658904], [7.202036214757648, 47.11771851139427], [7.201981066954981, 47.11769218614134], [7.201910148611453, 47.1176623651971], [7.20180179348436, 47.117609007988214], [7.201759425851373, 47.11759791047369], [7.20167457301547, 47.11758741795068], [7.201414772570601, 47.11742193034282], [7.201294731025332, 47.117338865340976], [7.20125830394146, 47.11731946864313], [7.201222806702516, 47.11731319744675], [7.201171608854936, 47.117284802177146], [7.20101210545826, 47.117198209745446], [7.200884117376293, 47.11713032901149], [7.200763033463788, 47.11705970113578], [7.2005937091344405, 47.116965487024345], [7.2004775077962035, 47.116905222099106], [7.200443030123542, 47.11689203574646], [7.200344613806291, 47.11682972986286], [7.20027186621972, 47.11678216613501], [7.20023530191522, 47.11675827141998], [7.20019210278325, 47.116730027298395], [7.200077973270106, 47.1166545648403], [7.199934272369528, 47.11656800386724], [7.199777843083336, 47.11645793037949], [7.199742461155407, 47.116426104478705], [7.19968436649545, 47.1163963268788], [7.199590930551829, 47.11632571955451], [7.1995201833471105, 47.1162613749453], [7.199472007197178, 47.11621777480873], [7.19936565789829, 47.11616788250947], [7.199264273343155, 47.11610694581891], [7.199207311009699, 47.116048143643695], [7.19908440585958, 47.11594985975375], [7.1989969722100176, 47.115863388373434], [7.198952766014463, 47.115819121730446], [7.198919520679519, 47.11575481936683], [7.198894008113224, 47.115720252396244], [7.198864542605114, 47.1156974065234], [7.198808440581376, 47.11566140825932], [7.198736640911507, 47.11560879923917], [7.198694133660478, 47.11562047571602], [7.198595743459709, 47.115553319972], [7.198455988353899, 47.11546952677859], [7.198329120567034, 47.11537401331491], [7.198286891667475, 47.11532975039202], [7.198185569886302, 47.115258423620475], [7.198124481627849, 47.11523554718727], [7.198066458441761, 47.115193319834525], [7.1980222543069035, 47.11515181430463], [7.198012481152325, 47.1151276153468], [7.19799091375167, 47.115097886760424], [7.197904321113513, 47.11504180114793], [7.197883200478487, 47.11502695105045], [7.1978315287540156, 47.114990574780556], [7.197799114321383, 47.114961506904116], [7.197727196688064, 47.11492962144503], [7.197646452021016, 47.114888749362535], [7.197580555816964, 47.11484236764856], [7.197530473002035, 47.11478979472991], [7.197494139631784, 47.11475036534263], [7.19744687410956, 47.11472749957996], [7.197436073172226, 47.11471503681333], [7.197405534140132, 47.114702568452124], [7.197360606661324, 47.114690078735364], [7.197303019405389, 47.11467408119629], [7.197216798354615, 47.114641004892185], [7.197158462471353, 47.11461286259202], [7.197082398092752, 47.11455414505681], [7.197054212486945, 47.11453411679369], [7.196954517119943, 47.11448257222847], [7.1968266755778325, 47.11440238221184], [7.196685699409234, 47.11431020101887], [7.196571976528014, 47.11423737143844], [7.196461122900382, 47.11415659625922], [7.196364326056115, 47.1140937866762], [7.196294825993319, 47.11403775400499], [7.1962497156533445, 47.11400769634532], [7.196230952532704, 47.11399036837155], [7.196217933494819, 47.11395580925985], [7.196192587394929, 47.11393446455818], [7.196137077607437, 47.11391099608771], [7.19611819660026, 47.1139109111218], [7.196111629795237, 47.11390623784414], [7.1961211179986355, 47.1138943396304], [7.196094813172981, 47.113872327289926], [7.196007338279261, 47.113831466740244], [7.195956502285693, 47.11381464633573], [7.195888732116323, 47.11378978452282], [7.195815254051579, 47.11377419330273], [7.195752166610002, 47.113754000737146], [7.195693851606551, 47.11372454444415], [7.195672252943061, 47.11370785793495], [7.1955866587548005, 47.113665013275124], [7.1954738126167594, 47.1136027984179], [7.195353516002666, 47.11352463763404], [7.195258556183514, 47.113469800488694], [7.195136363886585, 47.113394288906534], [7.195028273205723, 47.11332679479676], [7.194974795227885, 47.113274150537904], [7.1949184846719545, 47.11322147323509], [7.194865863566418, 47.11318607403849], [7.194779303957887, 47.11314720238523], [7.194722866168835, 47.11312240898722], [7.194688037767274, 47.11310896829856], [7.194637288868356, 47.11307623546692], [7.19458935660226, 47.113044174238816], [7.1945423487514795, 47.11301742196375], [7.1944398116585155, 47.11297184175808], [7.194379621224375, 47.11293507693991], [7.194339276379917, 47.11289775186753], [7.194288611052797, 47.112849745654856], [7.19423419986059, 47.11279974356605], [7.194134583366132, 47.112732284603574], [7.194040561683704, 47.11267744845026], [7.193972834322412, 47.11264663091403], [7.193930420228458, 47.11264113431215], [7.19391810504224, 47.112651694977586], [7.193893406860688, 47.11264166678053], [7.193836802159097, 47.112690747974604], [7.193791617504535, 47.112671662859775], [7.193747516100412, 47.11270954628336], [7.193449750977312, 47.11256430607585], [7.193519561946106, 47.11250276742164], [7.193634219553526, 47.11247944637856], [7.193713977819433, 47.112486884805556], [7.193730008119503, 47.11247642204567], [7.193730087649445, 47.11246197636509], [7.193650455081663, 47.11244149536517], [7.1936335185149485, 47.11243412821753], [7.193590181404945, 47.11242595798139], [7.193546875706627, 47.1124138210172], [7.193518688543403, 47.112391804032775], [7.193491502834501, 47.11236116297773], [7.193407723464377, 47.112334241625625], [7.193304108849318, 47.1123085547501], [7.193238145472925, 47.11229831197298], [7.19318630523707, 47.11229408114253], [7.193160889951581, 47.112285337521094], [7.193146804575344, 47.11227399162241], [7.193126118294248, 47.112262622603936], [7.193063979213046, 47.11224309618836], [7.193030050432998, 47.11223764435675], [7.19298489458002, 47.11221819031024], [7.19287096956505, 47.11217985225205], [7.192801325872362, 47.11215631589032], [7.192791860616798, 47.112160244096415], [7.192775872912206, 47.11215287887939], [7.192693977366987, 47.11212330750094], [7.192599878493367, 47.11208574018275], [7.192523311316043, 47.1120607404818], [7.192469964226745, 47.11204333744562], [7.192381465975119, 47.11201705274104], [7.192281614480114, 47.111992722339586], [7.192257125796113, 47.11198595938333], [7.192234527254384, 47.11197789623779], [7.192215753851035, 47.111963221032006], [7.192185658812374, 47.11194650657049], [7.192155534145661, 47.11193906587682], [7.192095312693781, 47.11190959463993], [7.192048311095177, 47.111884829264476], [7.191983417701385, 47.111851363125524], [7.1918997604392185, 47.11180122494161], [7.191794387259798, 47.11175165143298], [7.191729504356503, 47.11171884185328], [7.191615737496187, 47.11165529895225], [7.191506647722006, 47.11160040121358], [7.191492587491755, 47.111583748180564], [7.191489891848809, 47.11155985181533], [7.191463684080483, 47.111523248865055], [7.1914223998243765, 47.11148458939523], [7.191379284742895, 47.11143729079342], [7.191350166635908, 47.11141459660077], [7.191311618966711, 47.11139386089972], [7.19126263925559, 47.111381018216896], [7.191221171939529, 47.11137618821893], [7.191168340110808, 47.11137859253859], [7.19113810633812, 47.111389069168126], [7.1911012717848735, 47.11139952260652], [7.191071044143942, 47.11140865889036], [7.19105017441952, 47.11142846562129], [7.1910047661267, 47.11141263542009], [7.1910353693687625, 47.1113793031995], [7.1909017075660016, 47.11133026136724], [7.1908640339900245, 47.11132278595721], [7.190714382213617, 47.11126703495047], [7.190708695336957, 47.11127166417313], [7.190650326386521, 47.111252144532585], [7.190581012645679, 47.11122328247752], [7.190507845770235, 47.11120137415535], [7.190369897930411, 47.11114205003841], [7.190291814212961, 47.11110653041532], [7.189998986589278, 47.11101959703996], [7.189997214650463, 47.11099836510935], [7.1899765141182606, 47.110990305655015], [7.189908696875969, 47.110974066298816], [7.189832505590067, 47.110942535313384], [7.189767604699138, 47.110908402332974], [7.189726425945917, 47.11088137290577], [7.189694310462907, 47.11086029985876], [7.189652918063869, 47.11083953941823], [7.189541912247445, 47.11078662347382], [7.189419645067609, 47.11073299028641], [7.189394245892679, 47.11071827324437], [7.189356723962751, 47.11070103813642], [7.189322764955736, 47.11068543890144], [7.189298340007924, 47.11066807948282], [7.189281441820213, 47.11065274219106], [7.1892494458342915, 47.11063998958243], [7.189168531013798, 47.110604454091316], [7.189032097627921, 47.11054875672681], [7.188870206486575, 47.11049096178339], [7.188785545874761, 47.11045075846343], [7.18863122945711, 47.11038769070897], [7.188515484860946, 47.11034269694988], [7.18847919918644, 47.11032886437227], [7.1884186881526, 47.11030575891939], [7.188394081321053, 47.11029636838203], [7.188376182268524, 47.11029229074426], [7.188234276518052, 47.110201428103856], [7.188095173621424, 47.11011984538521], [7.187950416820186, 47.11003028940713], [7.187893083886643, 47.10999552448948], [7.187786798768687, 47.10994527046539], [7.187763093343483, 47.109968380488866], [7.187708526845999, 47.10994491005344], [7.187733208932439, 47.10991583852196], [7.187571491235571, 47.10982752243105], [7.1875715948782215, 47.10980828232317], [7.187562196731577, 47.10980359332971], [7.187539552997126, 47.1098054775837], [7.187400375804828, 47.109734516887066], [7.187368409649156, 47.10971844471219], [7.187149999526788, 47.10964711165564], [7.187041724281354, 47.10961409615032], [7.186699949460086, 47.10951366227349], [7.186705664631673, 47.109503069610774], [7.186643509076763, 47.10948818997646], [7.186636854616534, 47.1094967925734], [7.1862526265436735, 47.10940012246452], [7.186200836804779, 47.109385949308205], [7.185930640580173, 47.10930308515123], [7.185886421926444, 47.10928430486913], [7.185687059691862, 47.10918386748341], [7.185619831139393, 47.109263683842606], [7.185567633847545, 47.10924382461204], [7.1856305154402325, 47.109174981622495], [7.185638038721735, 47.109177669671546], [7.185668386634228, 47.10914862903615], [7.185656159364183, 47.109143258986485], [7.185633420945221, 47.109162386071354], [7.185593915940322, 47.10914429983151], [7.185431195609304, 47.109068571219865], [7.185462459492207, 47.109040863920384], [7.185449300030529, 47.109034826181855], [7.185415187240779, 47.10906319282406], [7.18535873660476, 47.10903736931502], [7.185183784912349, 47.10895730478839], [7.185068176022612, 47.10889609887393], [7.184873592523057, 47.10879432151872], [7.184838542302879, 47.10877598397035], [7.184807671417299, 47.108759841667336], [7.184614703738416, 47.10865369571691], [7.18452076259126, 47.10873758990981], [7.184418244063268, 47.108686091059816], [7.184514833081998, 47.108599504352355], [7.183852581428036, 47.10823103822169], [7.1836165917007815, 47.10812707056691], [7.183568491524219, 47.10812966178671], [7.183451580074635, 47.10819551388444], [7.183261269864555, 47.108044424174246], [7.1832777917322375, 47.108033217115924], [7.183338644335565, 47.107992219063355], [7.183310433419987, 47.10797103612316], [7.183348491020306, 47.10794986597784], [7.183378550846769, 47.10794536361174], [7.183370166288432, 47.10793547733818], [7.183309148861696, 47.1079366275013], [7.1832262740666275, 47.10791588912966], [7.18315213460523, 47.10786203271016], [7.183059569505295, 47.1079142665898], [7.18300815709151, 47.10787407046175], [7.18308710188903, 47.10782410893842], [7.183124471651713, 47.10782000972477], [7.182816404569937, 47.107581926841], [7.182853807066275, 47.10756545961872], [7.1828319518189625, 47.107551459780886], [7.1828455114140795, 47.10754260308197], [7.182884666666077, 47.10750403920782], [7.182877386594277, 47.10750014607492], [7.182838752522079, 47.10753716392098], [7.182757942104445, 47.107583334185236], [7.182737142219831, 47.107563525747416], [7.182743913566516, 47.10756085133209], [7.182731453723201, 47.10754920217586], [7.182847203027921, 47.107483797786436], [7.1828378710518015, 47.107473720555575], [7.182812310322799, 47.10749064595907], [7.182782099601522, 47.10749093816324], [7.182761283522232, 47.10748275117347], [7.182630010214137, 47.10739807606041], [7.182550112890259, 47.10743792480118], [7.182515330295462, 47.10741086215224], [7.1825774810054535, 47.107362878234674], [7.182392607249878, 47.10724400082836], [7.1823420146997465, 47.10728290770882], [7.1822566936607615, 47.10724239224464], [7.182261396624272, 47.10723697881789], [7.1822525639072285, 47.10723270442577], [7.18225986584366, 47.10722654123517], [7.18224686960709, 47.1072141170428], [7.182216198538048, 47.10719236146407], [7.182214658440187, 47.10718112330705], [7.182219364778118, 47.1071695303857], [7.182245986968143, 47.107148335061865], [7.182224469617566, 47.1071271217364], [7.182152103591405, 47.10708300127925], [7.182055323120332, 47.10702018851627], [7.1820629133053036, 47.107011597218666], [7.182029085775308, 47.1069915257708], [7.18201973639496, 47.106976887903315], [7.181933279503709, 47.10692342589115], [7.181856417133823, 47.106861062419156], [7.181784823625249, 47.10690289025289], [7.181756787810301, 47.10688114051229], [7.181829332392737, 47.10683604058709], [7.181781581686783, 47.10681555097068], [7.18176008446332, 47.106798421238864], [7.181727303897472, 47.10678257962346], [7.181718986257494, 47.10675891319784], [7.181728944690864, 47.10671817946734], [7.181743029496492, 47.10666049081392], [7.181712199672971, 47.10663349960131], [7.181734810207648, 47.106619113352515], [7.181701982754277, 47.106615738437455], [7.18168220992958, 47.10662355564746], [7.181677205977745, 47.10663676709891], [7.181509900273838, 47.10649831877046], [7.181435832464167, 47.106534231273365], [7.1813938029232585, 47.106496699847845], [7.1814587680139335, 47.1064633936571], [7.181511444006704, 47.10644318325772], [7.181485879272436, 47.10642540567841], [7.18134717615967, 47.10636617717003], [7.181189683148842, 47.106242142153654], [7.181172511196359, 47.10625154820141], [7.1810911554193595, 47.10618435306755], [7.181115191018804, 47.106169484330486], [7.180945633344358, 47.106012410761174], [7.180902374049383, 47.105992335572196], [7.180750807527826, 47.10587190260252], [7.180724035196426, 47.10585062330373], [7.180690162721753, 47.105823705844216], [7.180654554627009, 47.10583153211515], [7.180617120677791, 47.10583278784151], [7.180580669804758, 47.105824196408214], [7.180484526107483, 47.10577221367936], [7.180487449581824, 47.10574794278337], [7.180450117497955, 47.105728186635524], [7.180412848792241, 47.105695333896215], [7.180349427513169, 47.105649298551576], [7.180321497122469, 47.10562235861288], [7.180273425727204, 47.105535134013586], [7.180423814129115, 47.10543317396059], [7.180380790789365, 47.10540533660682], [7.18024815133102, 47.10531350457855], [7.180062559335618, 47.10518497916632], [7.18006399267448, 47.10514475698745], [7.180046270255228, 47.105112847821765], [7.180013200134909, 47.105086381898815], [7.17993455381553, 47.10502342837033], [7.179796570313491, 47.10491200171783], [7.179741190066671, 47.10486795404404], [7.179711880255306, 47.10488107431054], [7.179700615911673, 47.104873061287904], [7.179636231300648, 47.10491721568056], [7.179588344407394, 47.10487916660526], [7.179672412004573, 47.10480222531569], [7.179580569051096, 47.10476038873899], [7.179524220976469, 47.104717679061054], [7.17949429257634, 47.104673742913995], [7.179455106751975, 47.10460191941591], [7.179430762228506, 47.104571947112696], [7.179344506188793, 47.10448663248814], [7.179230112055201, 47.10437133680082], [7.179185288394812, 47.104318470720465], [7.178978904858594, 47.104430043789016], [7.17894162853618, 47.104399142563075], [7.179002423944622, 47.10436428094229], [7.178831527488477, 47.104211320667574], [7.178760280402073, 47.10419311522579], [7.178732182182997, 47.104211751914846], [7.1786977084258154, 47.104184301901554], [7.1786659248997475, 47.104158989788175], [7.178763271285757, 47.10410646442528], [7.178700816976123, 47.10404920462521], [7.1786082871860035, 47.104081124314746], [7.178320534134368, 47.10376513403356], [7.178283899205612, 47.10378114280001], [7.178238393315991, 47.10373338385907], [7.178218123101189, 47.10370019142086], [7.178323093846615, 47.10365095810961], [7.178224951351471, 47.10351581038863], [7.178138160046168, 47.103557025600516], [7.178094343957356, 47.103511312416835], [7.178107758191568, 47.103505199417924], [7.178196823875055, 47.10347571883698], [7.178186351004537, 47.10346220257156], [7.178172494737711, 47.10346711824903], [7.178145012824007, 47.10342972664586], [7.178160554575355, 47.10342495872198], [7.178115695511593, 47.10336354700281], [7.178068272482635, 47.10337936911328], [7.178043514421506, 47.1033426494493], [7.178089524435623, 47.10332750760555], [7.178002508160177, 47.10320722697149], [7.177982403852675, 47.10316171171877], [7.177958208888938, 47.103106832429056], [7.177991251871808, 47.10308174860738], [7.177937269885073, 47.10307845043611], [7.177837591339194, 47.10312319813555], [7.177796938725934, 47.10308532672492], [7.178050486457833, 47.10295907558806], [7.177794701862652, 47.10263760692041], [7.177773237597698, 47.10262509978647], [7.177740782975267, 47.1026322487662], [7.177704261017925, 47.1025902761332], [7.177763856451486, 47.10255541247334], [7.177719211911804, 47.10245039359791], [7.177692147624661, 47.10240050882797], [7.17765564823798, 47.10235125017001], [7.17756001244605, 47.102259247513494], [7.177503782833398, 47.10219861936262], [7.177733482346465, 47.10210220453188], [7.177695933913017, 47.10207084342901], [7.1774061837560685, 47.10219823437303], [7.177377694035657, 47.10218126781302], [7.177355423220292, 47.10215869358077], [7.177341626536947, 47.10213267566042], [7.177336369914082, 47.10209512771287], [7.177337246342423, 47.102066813640995], [7.177339683741671, 47.10203447336704], [7.177362174195973, 47.1020068112595], [7.177401540429453, 47.101992410246524], [7.177410844532372, 47.10198087297645], [7.177403176999469, 47.101967569917925], [7.177382422993833, 47.10194731988401], [7.177358630905882, 47.10191261699159], [7.17734109525201, 47.10186464282579], [7.177304493370972, 47.101763842702624], [7.177282100251388, 47.10172326937866], [7.177242691521653, 47.101689906926964], [7.177199554387582, 47.10164858447711], [7.177133062909115, 47.10156933090024], [7.177090027033341, 47.10151008170314], [7.177062184960254, 47.101433668889], [7.177039047190488, 47.10137307995843], [7.177018463656076, 47.101310086199106], [7.1769671976504466, 47.10120195757078], [7.176932835058302, 47.10110947377736], [7.176909001052329, 47.101019010934905], [7.176873428991507, 47.10097439552229], [7.176853679328599, 47.10096434794928], [7.176823530367563, 47.10096354138259], [7.176721509736665, 47.10099223564743], [7.176645864326603, 47.10102835705886], [7.1766523170822, 47.10105559059336], [7.176674866185844, 47.10106962941195], [7.176711608164168, 47.10107180033795], [7.176757951917426, 47.10105278315843], [7.176809913718444, 47.10103246556238], [7.176818383916689, 47.10103515645242], [7.176832247668698, 47.10108497524439], [7.176836575169037, 47.10114801277714], [7.176822118130102, 47.101205646349804], [7.1767783977864195, 47.101264490222704], [7.176713053981536, 47.10131658332566], [7.176636443300535, 47.101353359211714], [7.176524133451454, 47.101374051202455], [7.176443973925574, 47.101374335267835], [7.176337533760852, 47.10135325895766], [7.176260399132209, 47.101319728786635], [7.176178643695922, 47.101272236797264], [7.176124231681253, 47.101225545074435], [7.176071755722904, 47.10116824371632], [7.176038110514338, 47.1011176688179], [7.176030794775166, 47.10107848797528], [7.175996661432792, 47.101078922384175], [7.175996832450485, 47.10103616981334], [7.17602161821232, 47.10103466151018], [7.176038673247881, 47.100981954252994], [7.176063502730431, 47.10094212758032], [7.176088299778435, 47.10091691766742], [7.176157437471019, 47.100864833622595], [7.1762491107370305, 47.10082945984946], [7.176325570549389, 47.100815234258754], [7.176404787353435, 47.10081361687965], [7.176482032199341, 47.100824596906946], [7.176545120058307, 47.10084281225881], [7.176492955708528, 47.1008936401561], [7.176468278128085, 47.100921387014175], [7.176474786240114, 47.10093733198858], [7.176506763608837, 47.100952076036776], [7.176536935556172, 47.10095088587863], [7.176561531408901, 47.100937090007605], [7.1766231729964085, 47.10087700996091], [7.176641234653409, 47.10085255806879], [7.176641407627202, 47.1008227042072], [7.176633035472676, 47.10080542370445], [7.176591629586705, 47.100784658478005], [7.1764918686508885, 47.10075565506696], [7.176419356022651, 47.100741384805836], [7.176324117940326, 47.100738279089235], [7.17623923065582, 47.10074384118065], [7.17618539820342, 47.100758838223314], [7.176102198432838, 47.10079890875894], [7.176017003528483, 47.100853555479894], [7.175981062828673, 47.100873288921214], [7.175919757527863, 47.100878302183574], [7.175859511820712, 47.10086076760864], [7.175782417424518, 47.100819276663806], [7.175758093003609, 47.10078598441112], [7.17575724936703, 47.10077006139911], [7.17578010238886, 47.10073036517963], [7.17583321230623, 47.100677551876984], [7.175830517657772, 47.10065498634639], [7.175814604313519, 47.10063369469658], [7.175765677421296, 47.100615547399116], [7.175672441271863, 47.10059653368172], [7.175559321816944, 47.100591992035184], [7.175493359920652, 47.10058505817051], [7.175390656320134, 47.100570627818406], [7.175358479736199, 47.10059368881463], [7.1753029928198595, 47.10056755666014], [7.1753210386300035, 47.10054641507132], [7.175319187624325, 47.100537119021034], [7.175263658229799, 47.10051961296118], [7.175234379139796, 47.10052676849577], [7.175183480413641, 47.10052652539088], [7.175148658457018, 47.10051441891981], [7.17508835435263, 47.100506166560805], [7.175035575173721, 47.10050259991292], [7.174990031209783, 47.10052501836747], [7.174945483850449, 47.10050836494816], [7.174873379144162, 47.10049166598844], [7.174772817949105, 47.10046762446842], [7.174684616108574, 47.100440292278144], [7.174584153607244, 47.10039633589165], [7.174487146724584, 47.10036751705247], [7.174448772053805, 47.10037594666067], [7.174402025928172, 47.100380408125794], [7.17436559026705, 47.10037768856164], [7.174331067034415, 47.10036120215282], [7.174233384567093, 47.10028796415417], [7.17418080203361, 47.10031919009039], [7.173964490458101, 47.10019724006448], [7.174031472401194, 47.10014708598662], [7.17395764273603, 47.10010120282268], [7.17386829013942, 47.10015732269837], [7.173730547289236, 47.10008472937339], [7.173631739515271, 47.10003675508718], [7.173495001848708, 47.09995287516242], [7.173443338382308, 47.09992903570811], [7.173386694005505, 47.099902891024946], [7.173267808322091, 47.099884751345904], [7.1731661065523955, 47.0998493900428], [7.173088244245224, 47.09980145511566], [7.1729923325489215, 47.09974352976948], [7.172885876013255, 47.09970550368351], [7.172857397379498, 47.099686862938256], [7.172853689839012, 47.09966163245987], [7.172848039265081, 47.09964038223413], [7.172817660535463, 47.09962240270819], [7.172544014562802, 47.099497780045425], [7.172498401812959, 47.099533959732284], [7.172408759021234, 47.0994870672984], [7.1724840212771355, 47.09941700086316], [7.172144104389436, 47.09924787797266], [7.172167349224523, 47.09923032873569], [7.17223339506764, 47.099180470565805], [7.172223127057647, 47.09917388033479], [7.1721544343713255, 47.09922357042449], [7.172101910138657, 47.09926155984472], [7.1720057312979435, 47.09921267287631], [7.171973749380193, 47.099238854860324], [7.171937334182657, 47.09922167059325], [7.1719131953718325, 47.09918350274486], [7.171939555949512, 47.099154024552185], [7.171978447674449, 47.099131636653816], [7.171988382023903, 47.099125912028235], [7.1720427571831324, 47.09911293308887], [7.172064274172893, 47.09911431448003], [7.172065291530219, 47.09910051858098], [7.1720474924350865, 47.09910112474468], [7.171977185425862, 47.0991179973516], [7.171965572206157, 47.09912491439276], [7.171925527345363, 47.09914872981372], [7.171694858819112, 47.09903902884979], [7.171672291592362, 47.09905801864879], [7.171456564625628, 47.09895822854745], [7.171441485834792, 47.098973277937375], [7.171411356761921, 47.0989476978411], [7.171396040285104, 47.09892341166152], [7.17138298562722, 47.09890778391422], [7.171354540829244, 47.098885203043295], [7.171292185660457, 47.098855634811], [7.171255269589827, 47.09883072246254], [7.171230607838812, 47.09882605040513], [7.17119283799335, 47.09881905399315], [7.171152780386905, 47.09880858918426], [7.171108148261589, 47.098783092011345], [7.17108891483573, 47.09877554523815], [7.171050302111588, 47.0987632848211], [7.170988745141662, 47.098721728135224], [7.170969681567312, 47.098688186109406], [7.17094309743301, 47.09867287747117], [7.170783538639361, 47.09860494286235], [7.170742388942726, 47.09864937161648], [7.1706379221303775, 47.09860408914344], [7.170628455255057, 47.098592787266874], [7.1705705016694905, 47.09857345624752], [7.1705106549458355, 47.098548157091564], [7.170481341048885, 47.09853874264395], [7.170454428015362, 47.09852077964491], [7.170448305198524, 47.098504583283834], [7.17044910833266, 47.098486334519464], [7.170458712247231, 47.09846775555966], [7.170369372522451, 47.098403186920486], [7.170321237867383, 47.098461406526255], [7.170248275532869, 47.09843795632878], [7.1702179461347395, 47.098470707897235], [7.170154382967765, 47.09844582254313], [7.1702194392396885, 47.09835456827007], [7.170200445408425, 47.0983465811535], [7.170252164319822, 47.09828025669867], [7.1702407640153405, 47.09827626317622], [7.170154556935561, 47.09838768844953], [7.169997771665237, 47.0983343580658], [7.169965524245783, 47.09831373780422], [7.169909641982993, 47.098259888792526], [7.169874586753886, 47.09822664207242], [7.169607760727916, 47.09810280175164], [7.169594386865222, 47.09811407721048], [7.169547657912774, 47.098089330111556], [7.169505159175087, 47.09806681464407], [7.169567340175043, 47.09801559951427], [7.169553550385451, 47.09800747172802], [7.169581318279509, 47.097986398725965], [7.1692910918190735, 47.09781211328808], [7.169321338495578, 47.097785325244054], [7.169126560248606, 47.09769167887129], [7.168760438134988, 47.0975149282009], [7.168705351789415, 47.09756450448459], [7.168632243938257, 47.09752855901279], [7.168674364316055, 47.09747469758849], [7.168576819461519, 47.0974237269236], [7.168525071398475, 47.09739669179309], [7.1683510017609215, 47.09730573716937], [7.168299132738758, 47.09735722783413], [7.168235285955898, 47.09732635905526], [7.168193114095727, 47.097307154058434], [7.168167192661048, 47.09729652370643], [7.16815022865088, 47.09729360520454], [7.1681286281746495, 47.09729586585685], [7.168106983696596, 47.0973068065623], [7.168093874648434, 47.097307360198414], [7.168077717069879, 47.09729866883003], [7.168076230182278, 47.097285379787124], [7.168111851662772, 47.097245580315594], [7.1681010770120395, 47.097240364730276], [7.1680654819504745, 47.09727495619284], [7.168041497179375, 47.09728762729788], [7.168005318447938, 47.09727886157798], [7.1679879175781975, 47.097271183688946], [7.168053334994403, 47.09720787895135], [7.167903538279682, 47.09713601458575], [7.1678883108279035, 47.09715171986672], [7.167852826562576, 47.097135894573135], [7.1678317510572285, 47.09715671307005], [7.167809168969505, 47.09714477735105], [7.1678278525992, 47.097125491389335], [7.167564245369033, 47.097005314942784], [7.167556095337756, 47.09701502833524], [7.16740910305505, 47.096948836924945], [7.167434573433278, 47.096908213084745], [7.167415853370294, 47.09690092746146], [7.167390967121373, 47.09691217529436], [7.16736825059426, 47.0969370734831], [7.167296714800536, 47.096905754330834], [7.167344476056395, 47.096866928125415], [7.167333342734935, 47.096862341292244], [7.167312140843332, 47.09685359288056], [7.167272104622533, 47.096836767292864], [7.167237458658312, 47.09681936979396], [7.167176641903607, 47.09679384170923], [7.16710811830887, 47.09676598359884], [7.167066536616092, 47.09675262632427], [7.167050618148141, 47.096753955775625], [7.167015942714661, 47.09678896296412], [7.16686640128504, 47.09671663927278], [7.166893503394605, 47.09668668713062], [7.166899464313459, 47.09668009898176], [7.166822471668, 47.09664703048887], [7.166778589602413, 47.096630195587245], [7.166696944395904, 47.09660289073325], [7.166639981593256, 47.09657852287669], [7.1665871089210205, 47.096568322799314], [7.166567336500774, 47.096589279148844], [7.16654018747989, 47.096576702562025], [7.166581623064135, 47.09652823717813], [7.166544126702045, 47.09652745540457], [7.166544065870832, 47.09654714534184], [7.166447545472637, 47.09652843099916], [7.166368800068977, 47.09651370779161], [7.166315410375217, 47.096496445361225], [7.166236752305565, 47.09646464995239], [7.166254881339157, 47.09644567758951], [7.165984020258871, 47.09633898165839], [7.165967995122962, 47.09635862445865], [7.1659239838221644, 47.09634140213591], [7.16591456489892, 47.096354503414794], [7.165712266231154, 47.09628090086601], [7.1657075567943, 47.096287437968876], [7.16566165888422, 47.096270858843276], [7.165686455054282, 47.096236035350564], [7.16570785477876, 47.0962060072073], [7.165531795445223, 47.09614522184878], [7.165485354741515, 47.096129198928665], [7.165450287557687, 47.096117088878366], [7.1654116671712655, 47.09616096412418], [7.165376099007976, 47.096146388374756], [7.165401550157503, 47.09611232229005], [7.165248547833175, 47.0960632579746], [7.165155576224689, 47.096033442308006], [7.164627129765655, 47.095863234290114], [7.1645965487205885, 47.09589587591097], [7.164537110615093, 47.09587679928268], [7.164560396552333, 47.09584122599358], [7.164608560491073, 47.09583190533083], [7.164602401425941, 47.095818074482686], [7.164552122328645, 47.09582883784888], [7.164191591320934, 47.09572795843513], [7.164146575409622, 47.095791013138964], [7.1640923316560565, 47.095773648887224], [7.164153661871652, 47.09568603195332], [7.164118442514829, 47.095678004787494], [7.164094613630291, 47.095685944159875], [7.164081714351716, 47.095694449498865], [7.16332692507104, 47.0954594591309], [7.1632664380448094, 47.09534773095541], [7.16322468286901, 47.09530712600699], [7.16311537061995, 47.095253801473774], [7.163105819738272, 47.09526175712367], [7.163059223096396, 47.095243079461106], [7.163064042984974, 47.09523046181756], [7.162956581510369, 47.095193737321466], [7.1628642811272725, 47.09516966021906], [7.162847562096416, 47.095173056070536], [7.162753695427979, 47.09519208803206], [7.1627086509281295, 47.09526045835494], [7.162538165798105, 47.095208019894635], [7.162106179200324, 47.095070558855625], [7.161759384108859, 47.09495924391344], [7.161438816613365, 47.09485772395668], [7.161372843297203, 47.09483694765485], [7.16107352443433, 47.09474271918112], [7.1610272820504335, 47.09481817374247], [7.160981240985981, 47.09480681827705], [7.161027091426815, 47.094728223506905], [7.160875877087589, 47.0946788341659], [7.160903754277512, 47.09463707496132], [7.160511767650704, 47.09452686985996], [7.160517873123625, 47.09451791666253], [7.160475114137819, 47.09450617321331], [7.160469680879716, 47.094515038121415], [7.160420294813742, 47.09450114686105], [7.160464285041415, 47.09442322223387], [7.160493034764505, 47.094355649959354], [7.160472196387372, 47.094348322393195], [7.160439194092301, 47.09442314338378], [7.160346903479417, 47.09457950347202], [7.160217641993773, 47.09454110417653], [7.160203785429572, 47.094561354182474], [7.160164787990439, 47.09455065410182], [7.160175940100892, 47.094528715502236], [7.160056258098519, 47.094494693123686], [7.160080725944581, 47.09440978616587], [7.16011035944627, 47.094364766533566], [7.1601482959577325, 47.09432633339575], [7.160189308502916, 47.094296623866235], [7.160224952115747, 47.094283622907966], [7.1601850424554065, 47.094260984223666], [7.160147829546247, 47.094276877749216], [7.160105784087531, 47.09431269231277], [7.160065558978951, 47.09436311915456], [7.1600482968904995, 47.09439232878349], [7.159691628918068, 47.094326947865646], [7.159645714767976, 47.09442748965496], [7.1596427148189195, 47.094487389150615], [7.159527691687955, 47.094476800205854], [7.159526438551919, 47.09448974994675], [7.159484995075666, 47.09448340637947], [7.159489912595697, 47.09445985141603], [7.159496712232892, 47.094423987040145], [7.159475837492005, 47.09440600010358], [7.1593968364979155, 47.09439325033463], [7.1593311466764, 47.09438650563985], [7.159296575288582, 47.09443617246028], [7.159274151265009, 47.09444241417749], [7.159236009128564, 47.09443197711844], [7.159262619764891, 47.09438077044338], [7.159156967941549, 47.0943589694788], [7.1590975228551015, 47.09433687658463], [7.159048042005812, 47.094321068611166], [7.159007604441623, 47.09431631020858], [7.158992440392347, 47.09431451905789], [7.158988628289472, 47.09433066471747], [7.158986271495752, 47.09434056251763], [7.158910131153765, 47.09432235041152], [7.158800472372549, 47.09430114195533], [7.158723576547991, 47.09427886239984], [7.158727217002598, 47.09427285365239], [7.158777163370328, 47.094189835165615], [7.15869126756618, 47.09416328766145], [7.158508739092149, 47.094105677864405], [7.158333436694949, 47.09405661275019], [7.158332509068511, 47.094062718200796], [7.158318025045231, 47.09405684479519], [7.158341224516735, 47.09402833354173], [7.158214178977472, 47.093984855347735], [7.158178380709517, 47.09403474369232], [7.158302686805748, 47.09407569662003], [7.158312178739275, 47.09406403545216], [7.158331130409022, 47.094071925687274], [7.15832853731022, 47.094089162688896], [7.1582342718536625, 47.09408634993168], [7.158219418546602, 47.0941482890785], [7.158125388848932, 47.094108138767574], [7.1580794530892, 47.094076993500494], [7.15803690247888, 47.09402831644157], [7.158111787266801, 47.093939449683155], [7.158195058141783, 47.093883884918434], [7.158209036661053, 47.093855585002096], [7.158210436479669, 47.09383984721171], [7.158198056337004, 47.09381463093882], [7.158156076823423, 47.093782595892556], [7.1580464273199205, 47.09371981195888], [7.1579399761832025, 47.093675025697294], [7.15782950531431, 47.09364327222318], [7.157755797379248, 47.09363364658279], [7.157666253445186, 47.093629828690105], [7.157583219260109, 47.0936404187297], [7.1575465611956615, 47.093648433194225], [7.1571962028048235, 47.09349203974999], [7.15704374619426, 47.09342729683724], [7.156920259977055, 47.09336121235964], [7.156794867892268, 47.093294457566266], [7.156708367407373, 47.093265658411326], [7.156669367554976, 47.09325824047619], [7.156669410475752, 47.09324761745629], [7.156637995264594, 47.09324553412856], [7.156635107426267, 47.093256150145564], [7.156497129157183, 47.093245798539904], [7.1564600347180365, 47.093241704330836], [7.156439740477087, 47.093233783707994], [7.15643687396061, 47.09319800355331], [7.156391690939213, 47.09320666225919], [7.15618736965535, 47.093086938766994], [7.156197428904915, 47.09307512607044], [7.1560700742450765, 47.092991293323664], [7.156122267561828, 47.09294465719574], [7.156085515416394, 47.09292072973347], [7.155945339984513, 47.09302697400363], [7.155887938431816, 47.09300501935279], [7.155803458737271, 47.09294303303954], [7.155730423883474, 47.09287377103008], [7.1557224010385845, 47.092844274595045], [7.155725896392139, 47.09280605455597], [7.155712131428421, 47.0927938772973], [7.155603765727851, 47.09273829016165], [7.155507549826979, 47.092626964117535], [7.155442299566924, 47.09258753055974], [7.155420361197558, 47.092601607470655], [7.1554005840103985, 47.09259063862161], [7.1554218055217955, 47.09257514778385], [7.155269918521619, 47.09248335565671], [7.155246113324324, 47.09250173644208], [7.1552253938682355, 47.092489658956836], [7.155164049501635, 47.092453859743905], [7.155122668047371, 47.09244366484352], [7.155052675984583, 47.092439102016456], [7.15499437768065, 47.092407655142864], [7.154940505925418, 47.092373466255935], [7.154900522523341, 47.09234809143812], [7.154954756650384, 47.09230412332898], [7.154743380350551, 47.09217981909626], [7.154694276813844, 47.0922125200151], [7.154655513178657, 47.09217821584421], [7.154656619829069, 47.092150954973725], [7.154715484634709, 47.09210059412448], [7.154638206514195, 47.09201989750353], [7.15457652006465, 47.09197926689427], [7.15447927795272, 47.091937648518076], [7.154489241897016, 47.0919214819962], [7.154350488882246, 47.0918842581829], [7.154365723532764, 47.0918676550969], [7.154233685339089, 47.091806161209846], [7.154244405438225, 47.091796437279655], [7.154184214898317, 47.09176682896877], [7.1541400142552, 47.091742063797], [7.154112547413761, 47.09172835918747], [7.154130199800959, 47.09170790344282], [7.154146173020228, 47.09168372865184], [7.154151373163927, 47.09164709602309], [7.154174016730467, 47.0916045162346], [7.154289794856022, 47.09150664180289], [7.154367862954695, 47.091547600895446], [7.154367991600873, 47.09153087057334], [7.154265967921243, 47.09147966950401], [7.154300747308054, 47.09144338917046], [7.154283033824964, 47.09143825400136], [7.154254545344409, 47.091467992620224], [7.154209983440465, 47.09148386589015], [7.154174840071495, 47.09150439500351], [7.1541700663246175, 47.09152034023432], [7.154165293546057, 47.091533631943626], [7.154109219189886, 47.09157938493687], [7.154066488541635, 47.09160254868538], [7.1540256250280585, 47.09163369560753], [7.153975286773824, 47.0916608341623], [7.153934388171124, 47.09170595019918], [7.153871681572699, 47.09175300879573], [7.1538336194669165, 47.09180213463124], [7.153779436639778, 47.09185119330211], [7.153677765845896, 47.09192875574763], [7.153572289971892, 47.09201094998864], [7.153479182272703, 47.092073224152536], [7.153417427946493, 47.092116947959646], [7.153370980422075, 47.092103519573975], [7.15331411962443, 47.09208674619176], [7.153345209823773, 47.09206322978432], [7.153460445806414, 47.091976058662645], [7.153558324266241, 47.09190581792402], [7.153625772220916, 47.09185145832223], [7.153680913112013, 47.0918030587115], [7.153727532771651, 47.09173733152727], [7.15375748343427, 47.09168296850241], [7.1535691365271585, 47.09180003743761], [7.1532789084623065, 47.09206814715034], [7.153148492357167, 47.092213216820916], [7.15316272552468, 47.09221898213353], [7.153064771302829, 47.092293323996664], [7.153043390326877, 47.09230647502581], [7.152856105351459, 47.09244093239644], [7.152713872378676, 47.092561469397296], [7.152648259850003, 47.092604823477856], [7.152570297525903, 47.09266690066125], [7.152397604010534, 47.09278156837537], [7.152324275628127, 47.09282189837306], [7.152348393487597, 47.09284118986373], [7.152280781115968, 47.09291102897699], [7.152251840343228, 47.092902006816324], [7.152190208972669, 47.09305248246384], [7.15216624059177, 47.09308383288773], [7.152086754527822, 47.09310087799762], [7.152008124346436, 47.093135241461376], [7.151931563840736, 47.09315199718535], [7.15186490993894, 47.09317826806039], [7.151749152254825, 47.093273624116854], [7.1516289711288605, 47.09328491721722], [7.151586412787192, 47.09331474554048], [7.151489898880838, 47.09341197332408], [7.151408111254606, 47.093479608628144], [7.151367594215642, 47.09348743148316], [7.151286340778223, 47.09349250802854], [7.151251784395901, 47.09350645455882], [7.151198450596294, 47.09357802816734], [7.15109098821387, 47.09362920996722], [7.151020323253816, 47.09368800223408], [7.150914347017747, 47.09373223483621], [7.150822573060638, 47.09380494431986], [7.15079735767524, 47.09385487530961], [7.150579288308605, 47.0939147014768], [7.150365116037453, 47.09401867582419], [7.1503507146859615, 47.094058649279646], [7.150288837323406, 47.09409743285713], [7.150124955342039, 47.09416411353135], [7.149926079487811, 47.09423523076982], [7.149711957467459, 47.09442677017638], [7.149546747531842, 47.09447591737799], [7.149531691736893, 47.09451963824861], [7.14943078849, 47.09463344034543], [7.149286886008426, 47.09469514283599], [7.1491855867205745, 47.09480901617512], [7.1491583666389245, 47.094810449411156], [7.148997770178179, 47.09496755380528], [7.148931617685951, 47.09500253017124], [7.148878960633974, 47.095045734909846], [7.148760367141826, 47.095059763751486], [7.1486382806755655, 47.09513489593111], [7.148572163668307, 47.095165798354564], [7.148545984552882, 47.09519869914982], [7.148402210751036, 47.09529430215428], [7.14829277350148, 47.09534661869569], [7.14808589665107, 47.09549733558724], [7.147967329931173, 47.09560299580476], [7.147918429178922, 47.09567205174039], [7.147866575746907, 47.09578019248956], [7.147816666855039, 47.095811863019634], [7.147781473967776, 47.09590091369072], [7.147675084417899, 47.09593750542471], [7.147605160909721, 47.096001695272385], [7.147515208742249, 47.09604333059942], [7.147498166475151, 47.09612976400429], [7.147442141807912, 47.09616211169119], [7.147393881773655, 47.096282575955435], [7.1473413534526005, 47.0963282990368], [7.147285196771153, 47.096553723981515], [7.147328046907267, 47.09660163239243], [7.147325411438214, 47.09674908982892], [7.1472470465243445, 47.09685137045879], [7.147183723385462, 47.09702850069714], [7.147149752289594, 47.097219143982336], [7.147167870883649, 47.09743261477195], [7.147188941220594, 47.09759762789986], [7.14712884651509, 47.0977429780074], [7.147092658686752, 47.09779191758534], [7.147071043341184, 47.09787386083025], [7.147025710109425, 47.09792109521054], [7.146996123661281, 47.09793346002807], [7.14693017853605, 47.09801150354924], [7.146898694114168, 47.098098755587834], [7.146850995872111, 47.09813517174053], [7.1468267413102735, 47.098328745165304], [7.146716510555778, 47.09847414723187], [7.14671344507471, 47.09852161472439], [7.146674289851869, 47.09857837304518], [7.146497784570737, 47.098654478817814], [7.146463609364724, 47.09869647915032], [7.146406069048774, 47.09870909622737], [7.146317000597179, 47.09877106069794], [7.146308206236652, 47.09880384289454], [7.146314433967327, 47.09884044142817], [7.146287301481339, 47.09885919884802], [7.146261900755768, 47.09889603134154], [7.146173919117064, 47.09896862989233], [7.146088583640573, 47.09898870536827], [7.146038739808784, 47.098971739502225], [7.145946905801594, 47.09908858328938], [7.1458870947973985, 47.09913085089381], [7.145832198733435, 47.099223205860106], [7.1457717627994555, 47.09922568706039], [7.145672313796359, 47.09935949467128], [7.145497311218662, 47.099470774051895], [7.145402293569358, 47.099509784780295], [7.145228408868147, 47.09956365132493], [7.145161786136611, 47.099567672555764], [7.145048652773752, 47.09962385195495], [7.144879769903333, 47.09968550286483], [7.144612600773522, 47.09970732326195], [7.144516192789244, 47.09968530781999], [7.144467887818662, 47.09971175497959], [7.144345202788579, 47.09977078161764], [7.144313626945873, 47.099799374524984], [7.144271503120093, 47.09982047680428], [7.144259407064327, 47.099842591199405], [7.1442057726248, 47.0998966571787], [7.144146498277102, 47.0999296066516], [7.144096200687515, 47.099944624399846], [7.1440467260970655, 47.09997535067295], [7.143940274474732, 47.10001891024686], [7.143803043053762, 47.10004705252721], [7.143644136316105, 47.10010241091266], [7.143615478470908, 47.1001084536325], [7.143583684086094, 47.10010319345473], [7.143446105775809, 47.1001366671899], [7.143254782341605, 47.10015666916002], [7.143194455962891, 47.10019802964007], [7.143148951444839, 47.100258474869875], [7.143086857294853, 47.100282271920484], [7.143094231424481, 47.1003256292524], [7.14304527154344, 47.10041249821626], [7.142965694763577, 47.10050762217042], [7.142885951343248, 47.1005472108246], [7.1428781151338585, 47.10056589082806], [7.142792035339653, 47.100667158635005], [7.142580443094648, 47.10076392060611], [7.142485709985587, 47.100836319033725], [7.142298607481355, 47.10086137207734], [7.1421935485651735, 47.10092398501453], [7.142168284114936, 47.100959251303145], [7.142066593239449, 47.10101056494799], [7.142019193255411, 47.10100420958738], [7.141653432394065, 47.10113444508762], [7.141550072389033, 47.10123457837654], [7.141321882796306, 47.10133030471274], [7.141085225841859, 47.101406426295874], [7.140951975402288, 47.10155843708555], [7.140850506672092, 47.101642744062545], [7.140749372232029, 47.101664788989844], [7.140716323140321, 47.10175635239634], [7.1407554089545835, 47.10177978714924], [7.140690701583861, 47.101867284348195], [7.140675014529145, 47.101965981332675], [7.140563962491664, 47.102089004934996], [7.140532671667942, 47.10222424414376], [7.140469795591433, 47.10234683473672], [7.14039375140008, 47.10246849195318], [7.140275030314764, 47.1026292649134], [7.1402105979951855, 47.1028014948746], [7.140238220941993, 47.10282774238584], [7.140233784287856, 47.10292862805264], [7.140255161934588, 47.103063500833876], [7.140248295039329, 47.10318429443407], [7.140213357087264, 47.10321289749847], [7.1401924863006965, 47.10342801219594], [7.1402613087706115, 47.10357587153691], [7.140309409541314, 47.103624659578934], [7.140351938775722, 47.1036426703835], [7.140344846382835, 47.103695461787055], [7.14035885164356, 47.10375409152739], [7.140401926904212, 47.10385596410811], [7.140415231856518, 47.10402579688986], [7.1403903168586815, 47.10407829878452], [7.140323041048861, 47.10413204834901], [7.140315113682156, 47.10422580985537], [7.140072331372415, 47.1043887686827], [7.140081130441434, 47.10441486811685], [7.140073689801651, 47.104440286291634], [7.140021369737111, 47.10449801463477], [7.1400193815747945, 47.10456138800714], [7.140044414033054, 47.10456808264319], [7.140059783760257, 47.10460179085674], [7.139961949672082, 47.10484984200065], [7.139869665924856, 47.104906368468185], [7.1397253867146, 47.10506128124118], [7.139713285250446, 47.10521317455273], [7.1397583058043965, 47.10528052049097], [7.139712964709928, 47.10533861762661], [7.139664673560743, 47.105377709607055], [7.139650336390847, 47.10543717390631], [7.13967339109176, 47.1055500308944], [7.139670689502208, 47.1056301510518], [7.139745070869841, 47.10577126052155], [7.139717847500133, 47.10584045971628], [7.139618262675072, 47.1059723266944], [7.139555798857739, 47.106041370887915], [7.139531897729231, 47.1062158557629], [7.139649693711126, 47.106391367390486], [7.13965050762327, 47.106471838516896], [7.139728154411046, 47.106521729449575], [7.140015093560532, 47.10676394829278], [7.140073561466528, 47.1069547130871], [7.140189402826556, 47.10710578879907], [7.1401334563819105, 47.107262578063114], [7.140050742270526, 47.10737874833174], [7.140021849663383, 47.1074683618175], [7.140023969079652, 47.107522813847154], [7.140075710058434, 47.107701049409016], [7.140322105991409, 47.10797613710369], [7.140313816938333, 47.10812032309172], [7.140543744123787, 47.10841491366394], [7.140573746117283, 47.10843559000413], [7.140603748460892, 47.108456266821996], [7.141130148249351, 47.108182445665854], [7.141251102034794, 47.10841715963221], [7.141294608770643, 47.108570232015566], [7.1412847771062244, 47.10872686276596], [7.141226142940576, 47.10887684538684], [7.141126209259219, 47.10901895800412], [7.141307609809485, 47.10915955340428], [7.141319505093356, 47.10930413349987], [7.141239989463368, 47.10949402651498], [7.141149531966796, 47.1095739005939], [7.141795475856539, 47.10943764995373], [7.142306926371382, 47.10977109784205], [7.142544078124125, 47.109916270622875], [7.142710314682698, 47.1100103649365], [7.14304852050689, 47.10967798654635], [7.143402634593015, 47.109469903954675], [7.143549518191293, 47.109516193341555], [7.143891387258924, 47.109711545758465], [7.144650487365869, 47.11018490621404], [7.145505285597605, 47.11042714787779], [7.145962494470342, 47.110766051689026], [7.1463807612278805, 47.11110999949803], [7.146701951041633, 47.111360861029574], [7.147174497550552, 47.11163962236398], [7.147416510639452, 47.11173316534571], [7.147747791190072, 47.11190137715102], [7.148268418046841, 47.11209945553213], [7.1486086914177545, 47.11221889060233], [7.148981786524327, 47.11230933613841], [7.148851845787489, 47.11247928093981], [7.150970309011263, 47.11331271268414], [7.15100122641277, 47.11361940070212], [7.151006516280921, 47.1140238439622], [7.151079194575598, 47.11435655121762], [7.151294312072036, 47.114860151017446], [7.151390329213175, 47.11486984593766], [7.1517740417958775, 47.11504830557773], [7.151973522721753, 47.11502576944784], [7.152398053277594, 47.11537233691025], [7.153349654214577, 47.11673902103883], [7.154300136736329, 47.11786239032502], [7.154806353667396, 47.11830013569084], [7.156611591105084, 47.119024501158854], [7.158298573286564, 47.11935691866486], [7.159845364762502, 47.11944734557322], [7.16012404632731, 47.1196209430465], [7.160010210639965, 47.11973598116966], [7.160705683910094, 47.12005988841616], [7.160670921214987, 47.120181262550794], [7.161626649370301, 47.12047017551815], [7.161988004693632, 47.120336611086266], [7.163264271425363, 47.121025516772065], [7.163944150135408, 47.12109140166191], [7.163988762994872, 47.121041703850516], [7.164272366856698, 47.12113618348704], [7.164925982440603, 47.121397702742236], [7.165291271410959, 47.121586543261905], [7.165986499033729, 47.12196183370983], [7.166009542356328, 47.12203764398829], [7.166467962934586, 47.12229239228308], [7.1668594666319505, 47.122643171373554], [7.167208108361925, 47.12278630724657], [7.16702257780636, 47.123760476441255], [7.16694898219029, 47.123966105606804], [7.167629791361737, 47.12408523797675], [7.168333227090505, 47.12414017778579], [7.1690155178566, 47.12437654516925], [7.169464900402433, 47.12457742476994], [7.16982261646153, 47.124265458164025], [7.170284070022477, 47.12451664440457], [7.170370314058509, 47.124398320514985], [7.170400141741264, 47.12436866218411], [7.170738630262408, 47.12422840529329], [7.1721994032202065, 47.124794131240996], [7.1734851175085454, 47.12539075617733], [7.174398491468903, 47.1257198982339], [7.175033059136226, 47.125270212493106], [7.175514322798995, 47.12495881859531], [7.175927544538194, 47.12514657493461], [7.176217888573807, 47.12405919608953], [7.177301130477487, 47.12415422397621], [7.177801322739832, 47.12418212521072], [7.178644615695684, 47.12431423710226], [7.178928269068794, 47.12435327182985], [7.179241076734136, 47.12432403740245], [7.180667776150807, 47.12449880376741], [7.1807882273511545, 47.12413402461723], [7.181434408526054, 47.12433812604482], [7.181833287844006, 47.12443141781885], [7.1824989456061115, 47.12457692699372], [7.182825120363644, 47.12466212804064], [7.183436946284548, 47.124802591748235], [7.184194218276627, 47.12499257779257], [7.184780383759136, 47.1252400168456], [7.185129845967812, 47.12539881413559], [7.18539969879528, 47.125515328850696], [7.185158167386747, 47.12602293713655], [7.18659292416768, 47.12674544581034], [7.187150864679225, 47.12700924333211], [7.186958002808636, 47.12734063411027], [7.187088171745916, 47.12738355652929], [7.187809739708974, 47.12758140965542], [7.188978662710334, 47.12802214353384], [7.189930129475635, 47.12835468726036], [7.191082987771711, 47.128867601655436], [7.193053274816739, 47.13006179109324], [7.193743922082534, 47.130249177258605], [7.194213891422158, 47.130248193402366], [7.194726317074899, 47.13038765422763], [7.195227799237117, 47.13051407356689], [7.1956708293175815, 47.13063476321093], [7.196113239723979, 47.13051822635169], [7.196762647754606, 47.131133089362734], [7.197282285380965, 47.131910239920714], [7.1980695345727, 47.13238325589115], [7.199587211524841, 47.13332057137427], [7.200528090004264, 47.13368079797138], [7.201105542456395, 47.132936759527546], [7.201407156801383, 47.13254320938026], [7.201821783181086, 47.132231231845296], [7.202576788242054, 47.13172031866811], [7.2032605689906255, 47.13124984490052], [7.20349042148644, 47.13119273792925], [7.203941972269274, 47.13095448445749], [7.204237182598167, 47.130813586434364], [7.204639104271481, 47.13052989318582], [7.2053126262553135, 47.130164520263904], [7.205551230797205, 47.129795122995056], [7.206091971545316, 47.1295007362645], [7.2064381294782764, 47.129370552424824], [7.206971276691944, 47.12906553301096], [7.207757306102901, 47.129069087801476], [7.208309892441941, 47.128804741412424], [7.208805734152858, 47.12858634134959], [7.209174165544644, 47.128450176000996], [7.210105030495819, 47.128056696273454], [7.210786937486962, 47.12799615079584], [7.211100936291049, 47.127950909633746], [7.211312690982528, 47.127898691675064], [7.21159253884862, 47.12779508554786], [7.211747171473009, 47.12769356955745], [7.211944505282519, 47.127622990437374], [7.212115675437672, 47.12756836119044], [7.212222204475853, 47.12759024959488], [7.21236663290282, 47.12765673742288], [7.212843617495832, 47.127901260699716], [7.212887248766555, 47.12786851534938], [7.21324805768134, 47.128060448572654], [7.213388720370466, 47.12814851550742], [7.213480941084833, 47.12821957661571], [7.213686560995819, 47.128402756906866], [7.213725723426303, 47.12842954872011], [7.213892074914765, 47.12835818538257], [7.21404769420058, 47.12827519765159], [7.214555504547975, 47.127990225752384], [7.214635941072492, 47.12792085239021], [7.214768339527448, 47.12784313385475], [7.21485226828906, 47.12781765321128], [7.2148805124700415, 47.127776700389404], [7.215105912143867, 47.127643545979296], [7.21518322765621, 47.127560311607105], [7.215157192602582, 47.127545959098015], [7.215307085275291, 47.12734701322461], [7.215397641468679, 47.12724932488343], [7.215466077420145, 47.12719376167569]]], [[[7.122365084313289, 47.05466940492725], [7.119389336973614, 47.05758716078709], [7.1195089333681665, 47.05758439119607], [7.119681113757048, 47.05758375609344], [7.119763748598417, 47.05759890927554], [7.119855386420458, 47.057655986460986], [7.120007766808111, 47.05775091313935], [7.120124020405354, 47.057809938690355], [7.120177088512115, 47.05783688274753], [7.120251751873831, 47.057862339724885], [7.120347299379087, 47.05786649150333], [7.120576201334984, 47.057834260325535], [7.120752368969816, 47.05782948792218], [7.120886769354829, 47.05785840268984], [7.121014165204528, 47.057909839490094], [7.1210777760754365, 47.05796571350954], [7.121137725277735, 47.05804860749108], [7.121190430280926, 47.058101338899164], [7.121263075939429, 47.05814087585902], [7.121362094409835, 47.05819232344638], [7.121484361179471, 47.05822772526597], [7.121590896175945, 47.05825250520536], [7.121692449526088, 47.05828277612777], [7.121856757932529, 47.058333693577595], [7.122057868688304, 47.05839356379002], [7.1221554453408356, 47.05842864469582], [7.122295879820576, 47.05851255229507], [7.122439282114955, 47.058571020904026], [7.122552781924511, 47.058606802120345], [7.1226902029520645, 47.05866183581126], [7.122785832852106, 47.05872579400193], [7.122888456740088, 47.05881793475847], [7.122965201466235, 47.05889701525417], [7.1230598534294725, 47.05899740042856], [7.123109703350731, 47.059068230119465], [7.12313364449729, 47.05911979286184], [7.123099857160074, 47.05916858780762], [7.123080002293895, 47.05919402503361], [7.123157616798064, 47.05919060511474], [7.123233053169945, 47.05919939443269], [7.123317139074325, 47.059216833805785], [7.123410127997028, 47.059235664901614], [7.123574912618553, 47.05932489113023], [7.123738594959329, 47.059429270811165], [7.123890901902537, 47.05959006288603], [7.124011369265152, 47.05981334578658], [7.124034481221329, 47.05985616287707], [7.1241348620442455, 47.06006844334479], [7.124210339915585, 47.06017328131825], [7.124287016015534, 47.06025126331137], [7.124419107252333, 47.06033842853421], [7.124454601756762, 47.06036185019554], [7.124728041997966, 47.0604954219572], [7.124858053365013, 47.0605962714123], [7.1248952957148965, 47.06064937241366], [7.124988540844608, 47.060761832447206], [7.12507768901644, 47.06089284696739], [7.125102641308917, 47.06099686221581], [7.1251092615386495, 47.061160707214945], [7.125112213164078, 47.06124316399228], [7.12511332950684, 47.06127499154879], [7.125124403094527, 47.06137759249235], [7.125152548865642, 47.061453389990334], [7.125208508257428, 47.06152030463134], [7.125309972785331, 47.061596293946806], [7.125388999715943, 47.06163092545123], [7.125521376377658, 47.06168151629363], [7.125608025887228, 47.06175195982149], [7.125664717946557, 47.06185124043147], [7.125808875252474, 47.062043661114465], [7.125906223085951, 47.06213960764926], [7.125979115826927, 47.06219693449453], [7.126090680272322, 47.06225023826664], [7.126181610216984, 47.06228007141149], [7.12626289244796, 47.06227821554492], [7.1264723156557315, 47.06223677136381], [7.126605079097025, 47.06220806160262], [7.126786909441559, 47.0621736746605], [7.126958710376321, 47.062168377078635], [7.127134248891833, 47.06217676190815], [7.127324912164287, 47.0622280760165], [7.127521146965752, 47.06231729211616], [7.127758878925849, 47.06245764957706], [7.127989129367076, 47.0625401660225], [7.1282345170039285, 47.06258899170371], [7.128483018295937, 47.0626185398763], [7.12860173690822, 47.06264637756223], [7.128841819236013, 47.062738561627285], [7.129163982857598, 47.06285710699203], [7.129451230480856, 47.06299965467622], [7.129528024173356, 47.06306387997336], [7.129707619440398, 47.063163463579976], [7.129977050724786, 47.06330527825544], [7.130339800119077, 47.06345416210806], [7.130704667906728, 47.06361040840636], [7.131012452666495, 47.063724394236154], [7.1313050011821115, 47.06381671422717], [7.131550337019769, 47.063873790053165], [7.131606627235807, 47.06389872251666], [7.1318008727881415, 47.06398362627372], [7.131918749332473, 47.06403513318359], [7.132080906544698, 47.06408029126676], [7.132261992210976, 47.06411654074039], [7.132407578055488, 47.06412929884021], [7.132621240409881, 47.06418010794139], [7.132785248263308, 47.06424248644183], [7.133030236894999, 47.0643470520148], [7.133261434404057, 47.06443713417912], [7.1335283684772115, 47.06452110463277], [7.1336915617334515, 47.064562827055944], [7.133825188628902, 47.06458381785312], [7.133924169507903, 47.064599903881295], [7.1340141165398645, 47.06463042074831], [7.134130814092977, 47.064663068651534], [7.134242750798717, 47.064669537186525], [7.134383568146842, 47.064655447807965], [7.134427160470982, 47.06465899986163], [7.134493547309392, 47.06466123628805], [7.134550160060802, 47.06465534217218], [7.13459669636318, 47.06465048260643], [7.134661128183389, 47.06464926857418], [7.1347344196462785, 47.0646549592946], [7.134801708806007, 47.06466751532365], [7.134847093842766, 47.06469379344945], [7.134896191364425, 47.064752436501685], [7.134943254400244, 47.064819322674204], [7.134975506313864, 47.064877228426255], [7.134986173314258, 47.06490892828973], [7.13502069817076, 47.064928278379845], [7.135064004305466, 47.064968322261876], [7.135086553179399, 47.06499865940692], [7.135103182136159, 47.06502830621752], [7.135136703982866, 47.06505043302447], [7.135147382916777, 47.06508005504243], [7.13516903348074, 47.06509937986319], [7.135212230035804, 47.065151809620076], [7.135234772668641, 47.06518559182694], [7.135256479444469, 47.06519735195067], [7.135291118273531, 47.06520363240628], [7.13538442199276, 47.06531332247618], [7.135437218073814, 47.06540706483595], [7.135472178346781, 47.06550284676684], [7.1354760784698295, 47.06551846349748], [7.135479708746253, 47.065532919167396], [7.135485616895548, 47.06555658289138], [7.1355208082062624, 47.0656186338812], [7.135540219478419, 47.06567305133021], [7.135546779608952, 47.06572332400589], [7.135544462765888, 47.06576738459648], [7.1355352475772165, 47.06580451865608], [7.135525143076901, 47.065831342062424], [7.135496309035369, 47.06584366081707], [7.135476362261534, 47.06585806298239], [7.135470291929462, 47.065874570782405], [7.1354840376044395, 47.06589043848358], [7.13551867297714, 47.06589741147722], [7.135571141884777, 47.06590512432807], [7.135617652898495, 47.06591417963165], [7.1356521643568005, 47.065938359775686], [7.135686368823086, 47.06600041720483], [7.135707807184848, 47.066047967787156], [7.135712571574607, 47.06607137651934], [7.135722240230691, 47.066105133498596], [7.135727836731815, 47.06615126588248], [7.135732524001699, 47.06618363347598], [7.135747237791279, 47.066202940001034], [7.135797643679229, 47.06622165728285], [7.135835984483322, 47.066262371108344], [7.13588101385737, 47.06633545805415], [7.135917062060931, 47.06641608625779], [7.135943354094946, 47.06647603588176], [7.135994332444314, 47.066547069381585], [7.136054384268763, 47.066603672109714], [7.136085684827677, 47.066653308608856], [7.136113962585448, 47.06671601596225], [7.136129258218058, 47.066788340522145], [7.136131016374577, 47.06681725509959], [7.136139621037392, 47.06685996830353], [7.136146469160161, 47.06686881954678], [7.136150952099945, 47.066874561241804], [7.1361572775645685, 47.066882718472215], [7.136199549128326, 47.06692688795186], [7.136225252001897, 47.06693521337207], [7.136267753208785, 47.06695046436473], [7.136294315754092, 47.06697669214739], [7.13632681553111, 47.06700292660489], [7.136353189066337, 47.06705325157169], [7.136369827202623, 47.06708151297129], [7.136416198522744, 47.06710847668838], [7.136481495423968, 47.06712241159826], [7.136546853751638, 47.06713014906021], [7.136608118095484, 47.067156468399304], [7.136647554360317, 47.06718065222662], [7.136682167380344, 47.06719175353726], [7.1367098296103855, 47.0672028365636], [7.136730365170641, 47.067237998329766], [7.136743951447968, 47.06727520166355], [7.136785228817987, 47.06732073566216], [7.136827494945291, 47.06736833185695], [7.136882220625298, 47.067466234557436], [7.136915414304956, 47.06753516086743], [7.136920036330105, 47.06757922175126], [7.136938443742222, 47.067632278050816], [7.136962650876289, 47.067707369491615], [7.136977672179348, 47.06781686070801], [7.136972223602737, 47.06787948776273], [7.136959935023358, 47.06793177949659], [7.136949713602434, 47.06797236512599], [7.13692577660285, 47.06799157833348], [7.136872119914593, 47.06800728603806], [7.1368472048884675, 47.0680271713019], [7.136855905220074, 47.068055420676515], [7.136966709645887, 47.068081861524696], [7.137006148291638, 47.068108105102766], [7.1370523972612805, 47.06815228472701], [7.137140987336809, 47.06823098195416], [7.137196037279029, 47.06829032335444], [7.137213663545188, 47.06831859621235], [7.137241193742564, 47.06834619361036], [7.137287626382518, 47.06836489064983], [7.137359804566766, 47.068389178462795], [7.137402270814436, 47.068408557683284], [7.137486976009981, 47.06847829432954], [7.1375438934939295, 47.068552095512636], [7.137601679010909, 47.068642422815024], [7.1376142294033365, 47.06868375220647], [7.137630901167292, 47.068708577281896], [7.137671364392997, 47.06873069459195], [7.137696789102325, 47.06877688800098], [7.13770824577718, 47.06883474719228], [7.137712947616966, 47.068867114682156], [7.137729429666387, 47.06891395921236], [7.137734113679023, 47.06895183162537], [7.137718013391678, 47.068982084529], [7.137703925826266, 47.06901027388292], [7.137708706803401, 47.06903093906035], [7.137737359148962, 47.06904407526468], [7.1377775114867665, 47.06905833002264], [7.137799676766205, 47.069066195992896], [7.137821382258608, 47.0690738898695], [7.137860773938585, 47.069106348676854], [7.137896915120131, 47.06917596622452], [7.137926120840468, 47.0692428131423], [7.137939450361416, 47.06931649950008], [7.137922291395988, 47.06935707595625], [7.137915172863351, 47.06937976969961], [7.137926029363223, 47.06938530322784], [7.137978498319558, 47.06939369878428], [7.138022957377033, 47.069412399413686], [7.138071142790562, 47.06946139600164], [7.13810149896903, 47.069511020309676], [7.1381374678865175, 47.06960199149417], [7.138159632416083, 47.069682573259385], [7.138165941394127, 47.06976864530136], [7.138181404097185, 47.06981894111914], [7.138207573297224, 47.0698967808889], [7.138249833465194, 47.069943720191596], [7.138326563229392, 47.07001824739894], [7.138392617032131, 47.070064529319055], [7.138472439454417, 47.07012531135088], [7.138513591957379, 47.07018667552953], [7.1385403575208795, 47.070315473629094], [7.138551403056894, 47.07042563781393], [7.138545846095177, 47.07050548104728], [7.138541974625351, 47.070524369472544], [7.138540025624893, 47.07053383617805], [7.138538657969086, 47.0705405787956], [7.138545748626557, 47.070562644160574], [7.138549294203617, 47.07057363639345], [7.138584709173027, 47.07060883695098], [7.138633107470789, 47.07062959844788], [7.138695372101625, 47.070654552283514], [7.138782153333906, 47.07071188924289], [7.138841091357884, 47.070782951315934], [7.138850671535532, 47.070823588946254], [7.138852452255261, 47.07085112737649], [7.138900603425082, 47.070904252290035], [7.138980535331058, 47.070950570465214], [7.139029727269413, 47.07099888543177], [7.139045215930772, 47.07104711235692], [7.139079945193469, 47.07117179344386], [7.139100069647783, 47.07126202130089], [7.139118717811558, 47.07128685144175], [7.139178978409976, 47.07131246519753], [7.139246035073366, 47.07135875822692], [7.139295162852497, 47.071413954298976], [7.139381269399021, 47.071561482264414], [7.139439828568214, 47.071679335292465], [7.13949854093224, 47.07177929764636], [7.139556698236889, 47.07185616828917], [7.139595768161675, 47.07189725176842], [7.139617308104669, 47.07193240667532], [7.139628782953069, 47.07198751321487], [7.1396600853522285, 47.07204267157948], [7.139677979245105, 47.07205887343417], [7.1397142256011605, 47.07209167404642], [7.139790212344545, 47.072135228609476], [7.13981092511339, 47.07215119491745], [7.139839490388128, 47.07217321740027], [7.139870835539712, 47.07222079300779], [7.139889208970318, 47.07228072987717], [7.139895904755057, 47.072305276799504], [7.13990480644697, 47.07233795198869], [7.139910418314138, 47.07235856525484], [7.139920642957067, 47.07244188591847], [7.13991982811567, 47.072469867312456], [7.1399188985351225, 47.072501887197895], [7.1399180226925525, 47.07253136163211], [7.139896553661489, 47.072598759237685], [7.139867455945952, 47.0726647876715], [7.139861902091611, 47.07267380417066], [7.1398462641530465, 47.07269909331485], [7.139823292025042, 47.07273627274864], [7.139811009990443, 47.07277828343414], [7.139789707586019, 47.07285115039913], [7.139783084610241, 47.07294061559157], [7.1397815785729115, 47.073007390710565], [7.139801008374606, 47.07305975658581], [7.139824269212921, 47.073128647279454], [7.139842683053242, 47.073183762923776], [7.13989339548566, 47.07329265419365], [7.13992740680002, 47.07338154190406], [7.139951367199717, 47.073431346974374], [7.1399615447571465, 47.07345252087006], [7.14000766665824, 47.07351597526973], [7.140020405030045, 47.07353597745439], [7.1400200664974065, 47.07358002516622], [7.139993012955067, 47.07361713096947], [7.139982832835931, 47.073652895526266], [7.139983594309594, 47.07368388537887], [7.140001191440164, 47.07371559379426], [7.139979088298431, 47.07375271255456], [7.139946021876156, 47.07380082149205], [7.13990417243317, 47.07383029686119], [7.139880080313484, 47.073872249682985], [7.139873917078163, 47.07389838211872], [7.139917213312629, 47.07393979133389], [7.139970257197638, 47.0740039384213], [7.139973939405921, 47.07403767941633], [7.139953859777924, 47.074075505060705], [7.139858288770909, 47.074128946720606], [7.1397698073150035, 47.07416246489761], [7.139722105803062, 47.07417886412278], [7.139686995322149, 47.07423453253809], [7.139658869608843, 47.07428196176004], [7.139639758633144, 47.07431839568542], [7.139612924477661, 47.074327968197515], [7.139569022838245, 47.0743664150381], [7.139562884117487, 47.07439048768731], [7.139497091073464, 47.07443988724232], [7.1394283107330665, 47.074491347800496], [7.139386502780534, 47.07451326722128], [7.1393335992482845, 47.07456270041571], [7.139267869032457, 47.0746031588839], [7.139252716876325, 47.074640286679504], [7.139254429134352, 47.07467539871532], [7.139263629548487, 47.07473698470718], [7.13928737998957, 47.07477256819764], [7.1392963439262225, 47.07483407262451], [7.13931823492364, 47.074881938440846], [7.139318142063096, 47.074907897829135], [7.139351160330348, 47.074920271412864], [7.139376934317561, 47.0749025826663], [7.139454008588743, 47.074921898679314], [7.139475977226035, 47.07494653952294], [7.139492261030391, 47.07501762478033], [7.139493803071999, 47.07509960043747], [7.139537640135542, 47.07517620871341], [7.139607215307809, 47.07523922081426], [7.139775749349321, 47.07537081760877], [7.139808197919408, 47.075414474250266], [7.13986475753229, 47.075490584920175], [7.139901910243511, 47.07555951187409], [7.139909082944297, 47.07557891494671], [7.139922300066531, 47.07561465089551], [7.139949077468034, 47.07571414245844], [7.1399505408817365, 47.07582206850816], [7.139945029998935, 47.07588454252776], [7.13995640652753, 47.0759527274757], [7.139982905848741, 47.076024334054225], [7.140048752776596, 47.07610920315932], [7.140129415494101, 47.07615585480408], [7.140252274943117, 47.07621491290044], [7.140320062310325, 47.07626836713732], [7.140373057909062, 47.07634636616484], [7.140449961097712, 47.07642032578108], [7.140514146949362, 47.07644916917598], [7.140631503055137, 47.07646586384097], [7.1407395859212, 47.07646199864639], [7.140802060366975, 47.07646958219979], [7.140814849997559, 47.076471135659986], [7.140849663017215, 47.07648301875391], [7.140887998136752, 47.0764960983588], [7.140961995125677, 47.076545943419994], [7.141009612761333, 47.07658977407021], [7.1410499932627856, 47.076592613578356], [7.141129072976013, 47.07656685065339], [7.141270568692615, 47.07654262613349], [7.141359521100721, 47.076538566680256], [7.14139230137433, 47.076532463293525], [7.141450853506712, 47.076520894913514], [7.141526237703586, 47.07651557674502], [7.141623369158682, 47.07651581998963], [7.141676985282828, 47.076506316519705], [7.14175051479143, 47.076481717093316], [7.141878866563237, 47.07644852569318], [7.141948285441642, 47.07644330874175], [7.142001963181419, 47.07643928326561], [7.142131675811773, 47.07643839620189], [7.14221728118523, 47.07641342299629], [7.142302058815798, 47.076350164833244], [7.14240467091102, 47.076302307189394], [7.142494863412725, 47.07624787798382], [7.142599780352733, 47.07617847412749], [7.142708417936003, 47.07609815085347], [7.142820922566224, 47.07595908202066], [7.142861562576157, 47.07589362242776], [7.142920482860967, 47.07584868273487], [7.143019858714568, 47.07579291859313], [7.143205639952913, 47.07571005068157], [7.143381257502932, 47.07567688970834], [7.143443894295483, 47.07565501358186], [7.1435103560703075, 47.07564621701124], [7.143604396401363, 47.075662299836274], [7.143666593386635, 47.07569617354252], [7.143703112611734, 47.07571622770391], [7.143736803874619, 47.07571906702102], [7.143791412235617, 47.07570612011417], [7.143845691299267, 47.07569316310719], [7.143859930184701, 47.075689763702954], [7.143882285413611, 47.07569011814856], [7.143963017008456, 47.07569139653681], [7.143977665471064, 47.07569489734783], [7.1440619533128125, 47.07571504737554], [7.144096537434378, 47.07573027504046], [7.144073378644276, 47.075777718099005], [7.144068365030603, 47.07586548759141], [7.144062371412364, 47.07592086344637], [7.144051105520914, 47.07597247485914], [7.144038873146793, 47.07601787715896], [7.144060643269758, 47.076019300462534], [7.1440717232466024, 47.07599661657557], [7.144080917359502, 47.07596015646005], [7.144097021714632, 47.075931278945326], [7.144097283245453, 47.07589341959128], [7.144106369363566, 47.07587891603232], [7.144109331722597, 47.07587417429018], [7.1440996179901495, 47.07584730814897], [7.144101971798669, 47.075797751755935], [7.144265483979344, 47.07580365950077], [7.1443605926796785, 47.07581949256618], [7.144474211830623, 47.07582137691827], [7.144533414125285, 47.07580624659181], [7.1445857579004395, 47.07581476448814], [7.1446421644533515, 47.07581238188592], [7.144733572946125, 47.07578763760506], [7.144909569147792, 47.0757238202896], [7.145061519419929, 47.075734770495394], [7.145180721847989, 47.07574370251765], [7.145266232504382, 47.07572831549107], [7.145380833147267, 47.075647366344704], [7.145541227608598, 47.07553760655471], [7.145601416076177, 47.07544344802022], [7.1456664285125076, 47.07536514202778], [7.145767150285742, 47.07528415693228], [7.1459580714554125, 47.07520407708496], [7.14627708884567, 47.0750954145408], [7.146644781496228, 47.074967572176114], [7.146860761595276, 47.07485038752757], [7.146971324408839, 47.07478472694685], [7.1470708440653885, 47.07472561360479], [7.147209340383329, 47.07462957587899], [7.147294023803532, 47.07457470584945], [7.147411581323973, 47.07449376219174], [7.147517360296576, 47.07439970988614], [7.147560313730276, 47.07435300913341], [7.1475766596500945, 47.07428902398434], [7.147601048122492, 47.07420854468339], [7.147677175661495, 47.07409996173947], [7.147770031672819, 47.074009321272634], [7.147818295458655, 47.073920636151], [7.147826615505811, 47.0738676496026], [7.1478250532108705, 47.073811201663254], [7.14785128858965, 47.073749310898314], [7.147915131826979, 47.07369370391754], [7.147953308448703, 47.07362701285741], [7.147994220356908, 47.0735899494742], [7.148038193930448, 47.073541874784226], [7.148035471582187, 47.07350744390017], [7.1480230358949965, 47.07344821607847], [7.1480313444397625, 47.07339729838687], [7.148038648648382, 47.07334706178998], [7.148128789827406, 47.073222682892606], [7.148219874731792, 47.073103810986886], [7.148274102843991, 47.073051147952796], [7.148345804799816, 47.07302707037627], [7.148388699279519, 47.07301267023844], [7.148435036345506, 47.07298015377215], [7.148465815145893, 47.07293478001483], [7.148462623332596, 47.0728801002027], [7.148473966533685, 47.07281820722666], [7.1485119320057455, 47.07275137157758], [7.148553766679918, 47.07272601280136], [7.14857576786136, 47.07269921842925], [7.148568132255276, 47.07265789392754], [7.148504968898835, 47.0726226441561], [7.148435834120222, 47.07258873744281], [7.148379658022056, 47.07254454628422], [7.148319039614699, 47.07243356478031], [7.14828463254972, 47.0723956353874], [7.148187064773422, 47.072319667627305], [7.148104406385851, 47.07224030149613], [7.147980097659599, 47.072162214904765], [7.147913143052227, 47.07210285742073], [7.147843282589768, 47.07203315720853], [7.1477899911492235, 47.07200342816376], [7.147744600988657, 47.07197578792812], [7.147724606229674, 47.07186628563102], [7.147688247721006, 47.07182420441381], [7.147631238799655, 47.07177847257372], [7.147517798024736, 47.07168747807479], [7.147386147860191, 47.07153160099373], [7.147226041990344, 47.07133570439168], [7.147126445933234, 47.07117368404532], [7.147074666396598, 47.07105053607435], [7.147022859299728, 47.07099274589812], [7.146989995660175, 47.07093290819604], [7.1469969256155235, 47.070905509044636], [7.147060590238398, 47.070850819621114], [7.1471077406412356, 47.07082830836603], [7.147168891143471, 47.07079278085393], [7.147202320072013, 47.07072978391758], [7.14722538660924, 47.07065250345472], [7.14721520614098, 47.07060249215781], [7.147163193467215, 47.070560712710794], [7.1470449206406546, 47.07053066471661], [7.1468969351071925, 47.070519583281204], [7.146714146744938, 47.070502458092314], [7.146507126177097, 47.07045788989822], [7.146431171171874, 47.07043684541396], [7.1463882011383895, 47.070410002398624], [7.1463164685362965, 47.07034877886602], [7.146224199846769, 47.070304044625516], [7.146181305548596, 47.070263412344325], [7.146160948461541, 47.07022796484712], [7.146154481801788, 47.070175534287955], [7.146138127862112, 47.07013273010615], [7.146116774398345, 47.07009653348103], [7.146088454587564, 47.070075097862016], [7.146072001705518, 47.07004556108477], [7.146048568306492, 47.070028563507485], [7.145998427706183, 47.070032222223816], [7.145961010784754, 47.070039583286025], [7.1459490630807245, 47.0700624361834], [7.145916927516074, 47.07007422733211], [7.145798334651388, 47.070021248986286], [7.145794366711233, 47.06999098858556], [7.145676816683926, 47.06980318629081], [7.145653529080308, 47.069757242857406], [7.145622062294486, 47.06969516846678], [7.145517471702457, 47.06951149177205], [7.145462691308151, 47.06941793799774], [7.145463694214165, 47.069395929726625], [7.14544630501773, 47.069354795877075], [7.145437805323017, 47.06933469717234], [7.145409924586855, 47.06927898247048], [7.1453700790179, 47.069210868900164], [7.145309318348434, 47.06912281369082], [7.145291688246826, 47.06907044434714], [7.145351212000843, 47.06903134268034], [7.1453282844337345, 47.069013455739686], [7.1452874399255615, 47.069040956740125], [7.14525951502796, 47.069034066885514], [7.1450554402847235, 47.06916612103575], [7.144970275430955, 47.069108577245025], [7.145157877863717, 47.068986582243625], [7.14514593740527, 47.06897695397972], [7.145155903734498, 47.06896251549037], [7.145143956240389, 47.068934996004614], [7.144926733409746, 47.06883659047831], [7.144525180949724, 47.068670032146045], [7.144237205954288, 47.068529643390676], [7.143987115706299, 47.06838788537605], [7.1437489817344515, 47.06825783319695], [7.143712267402789, 47.06823589865745], [7.143631411651528, 47.06818763867587], [7.143429170417751, 47.06803075620128], [7.143233896513828, 47.06790208180695], [7.14312530007489, 47.06784014938053], [7.142974861192066, 47.06776720670993], [7.142907539535075, 47.06773570287364], [7.142846810840929, 47.0677142006164], [7.142816907035655, 47.06770824954234], [7.142796886900221, 47.06771711181707], [7.142750109703359, 47.06769857800007], [7.14269938045199, 47.06767339560757], [7.142655567093589, 47.067659303941745], [7.142638593649678, 47.0676600336329], [7.142625542711332, 47.06767036210021], [7.1425973520339054, 47.06770210457765], [7.1425741810351004, 47.06773314043601], [7.142564947463343, 47.06776491396983], [7.142548740619029, 47.06779594986429], [7.142522574037438, 47.06781166858614], [7.142510659713418, 47.0678188157705], [7.142477700035171, 47.0678202685452], [7.142432702923193, 47.06780833244425], [7.14237888706042, 47.067784248317786], [7.142342032149516, 47.06774984584536], [7.142291223339189, 47.06770580943527], [7.142249395443531, 47.067654213419694], [7.142195587552254, 47.06762874405679], [7.142098929982268, 47.06760533125351], [7.142036153038206, 47.06758055803233], [7.141995331618059, 47.067530331857746], [7.141972442612878, 47.067413399975564], [7.141945564080173, 47.0673487279074], [7.141873836021161, 47.067297809849094], [7.141764224381974, 47.06726269665007], [7.141715416587678, 47.067228307897416], [7.141670598422164, 47.067167753882416], [7.141641690286348, 47.06713197752003], [7.141380701049991, 47.06692143642197], [7.141355513735066, 47.06689603192416], [7.141231600411059, 47.06675327338441], [7.141133263814684, 47.066686607307], [7.141033097740433, 47.066629363182486], [7.140904701754425, 47.0665589127252], [7.140802742216278, 47.06649286657487], [7.140704394296392, 47.06642369046715], [7.140551398983947, 47.066284102654855], [7.140475813060524, 47.066205504916205], [7.140392465185857, 47.06614253823139], [7.140245013865411, 47.06606888910093], [7.1401179702553055, 47.065994789287515], [7.140011431632045, 47.06591931266538], [7.1399158274686805, 47.06584951339857], [7.139768320673378, 47.065741340507586], [7.139609410801633, 47.06562436744477], [7.1394350804504505, 47.0655507279317], [7.139372306286335, 47.065519063071434], [7.139345779403127, 47.06550277561013], [7.139209918358499, 47.06541927887834], [7.1390614973922055, 47.065312613856875], [7.1389279889610675, 47.065213534534784], [7.138885163787391, 47.06517637175271], [7.138736761921781, 47.06501262382112], [7.138625204783151, 47.06490322142629], [7.138534569590243, 47.064781442682694], [7.1384001405710436, 47.06459363322341], [7.138299559657078, 47.06443815073361], [7.138209912662103, 47.06435626734875], [7.138079410400836, 47.06427575167096], [7.137944933030656, 47.06419523439331], [7.137850620775678, 47.06414249136199], [7.137808680988951, 47.06411902994089], [7.137777554156579, 47.06410163262614], [7.137705830343119, 47.064074791622254], [7.1376201381916795, 47.06404588093829], [7.1375603697178756, 47.06401629187983], [7.137495613213277, 47.0639701747154], [7.13739899601911, 47.063882794304746], [7.137336243830152, 47.063829126492514], [7.137256573581689, 47.06374793421129], [7.137218656896483, 47.063704469163284], [7.137184974413513, 47.063687478717824], [7.137143074326546, 47.06363844423838], [7.137098451872297, 47.0636076265362], [7.137080236534045, 47.06356739765888], [7.136996460057114, 47.06349319260723], [7.136917251227936, 47.06345166944739], [7.136858968514408, 47.06338062564377], [7.136826161117642, 47.06332530950792], [7.136752378571678, 47.06324609332882], [7.136685908144878, 47.06316813773662], [7.136620137496901, 47.06311080064752], [7.1365254978455, 47.06305367509122], [7.136403984572006, 47.06296283679626], [7.136310359667169, 47.062882335569455], [7.136246628252465, 47.06281834724806], [7.136185823422795, 47.06279082354865], [7.1361578358146796, 47.06277254356491], [7.1361386847229165, 47.06271409708125], [7.136113150794521, 47.06266004128261], [7.13606307477627, 47.06261853161178], [7.1360466727687974, 47.062588363811855], [7.136033912158131, 47.06255441872891], [7.136004771483443, 47.06252361455164], [7.135976512204115, 47.06247897831788], [7.135934652108412, 47.06244879710225], [7.135901865308851, 47.06241798324825], [7.135867228806997, 47.062341937394436], [7.135846305819644, 47.06233374148815], [7.135797139439141, 47.06231297669011], [7.135786206876523, 47.06229097283849], [7.135708839490047, 47.062236257974], [7.135652390034416, 47.062209204265656], [7.135564082220504, 47.06216641474069], [7.135506745011085, 47.06213809030911], [7.13546211912353, 47.06211985600635], [7.1353128291667955, 47.062039323324505], [7.135239087914106, 47.062002203062605], [7.135162615789886, 47.061956908085016], [7.135082505530712, 47.0619009352153], [7.135017857735454, 47.06184809761673], [7.134952756864157, 47.06177310398148], [7.134848203528098, 47.0616568171279], [7.134739647602696, 47.06153846871935], [7.134677901501415, 47.0614916923025], [7.134560356057001, 47.061405666042674], [7.134523505502701, 47.06137676592106], [7.1344906373451025, 47.061358184703366], [7.134414918526015, 47.061301071654306], [7.134319307471479, 47.06123982187535], [7.134262543777285, 47.06117582397353], [7.134207776106777, 47.06112423552641], [7.134150035715312, 47.0610561242281], [7.134104207002327, 47.061025149193945], [7.134041455085787, 47.060974906654266], [7.134003624909831, 47.06092400186205], [7.133959803134542, 47.060875833587495], [7.13394487718487, 47.06083180802357], [7.1339449154018295, 47.06079742004819], [7.13393693138074, 47.0607802182328], [7.133915015820947, 47.060768502262036], [7.13389113616527, 47.06072036912036], [7.133881205406269, 47.06066601252443], [7.133827429085027, 47.06059309926455], [7.133807745589885, 47.060533958318025], [7.1337656985858695, 47.06044475926387], [7.133711046715183, 47.060345434140835], [7.133680973983725, 47.060293884279176], [7.133677301303271, 47.06023859090072], [7.133655424358567, 47.06019019316111], [7.133675419308445, 47.060100215011076], [7.133605461371963, 47.06000516663492], [7.1335627634771255, 47.059965528495674], [7.133461945203691, 47.05992467386191], [7.133204010685358, 47.05989374402631], [7.133115383436945, 47.059894002076554], [7.1330127615628305, 47.059880892027365], [7.1329818916310925, 47.05986299928325], [7.132924959547373, 47.059840458485304], [7.132879269298756, 47.05982238215437], [7.132838437673784, 47.05979485605939], [7.132822524591553, 47.059762521239854], [7.132829526485847, 47.05971437143987], [7.132784689703256, 47.05969439946841], [7.132731915259098, 47.05964693535787], [7.132722951118599, 47.059626294720736], [7.1327219925665, 47.059602905018956], [7.132675158941106, 47.05957538081334], [7.132668198156271, 47.059551993044344], [7.132618373098601, 47.05955266033176], [7.132587490897685, 47.05957603691743], [7.132533657916962, 47.05960078213598], [7.132458934028656, 47.05960281283698], [7.1323493141639505, 47.05959589898074], [7.132223792329792, 47.05957315614074], [7.1321640054882565, 47.05956420778001], [7.132151053285621, 47.059543556375786], [7.132147101686021, 47.05951191915569], [7.132124178721982, 47.059501585364764], [7.132100275124597, 47.05950845648564], [7.132080334861577, 47.05952427032802], [7.132047439682793, 47.05953596567013], [7.132015556878178, 47.05953181446581], [7.131960774676161, 47.05950634648081], [7.131939861604049, 47.05948296623241], [7.13193987243974, 47.05947191135453], [7.131998700604138, 47.05940937356663], [7.132100406329668, 47.05928834786819], [7.131977877151434, 47.05923053201419], [7.131944963817391, 47.059282102414244], [7.131895099400291, 47.05935155449704], [7.131842265254083, 47.059408630269004], [7.131784431875895, 47.05946294921178], [7.131745564868616, 47.05945331015922], [7.1316569310547715, 47.05941131727158], [7.1315852129136745, 47.05935764020655], [7.1315314409373425, 47.059312223814786], [7.131481634550597, 47.059293650176016], [7.13143978506707, 47.05929224245183], [7.131397913064262, 47.05929705033521], [7.1313610653820545, 47.059295656067235], [7.131273398248352, 47.059255041734765], [7.131208652524976, 47.05922269225888], [7.131189718008613, 47.059226113492734], [7.1311643225293775, 47.0592131822623], [7.131133926811101, 47.05919769200628], [7.131053278470451, 47.05915660163317], [7.130978867995053, 47.059106604841666], [7.130944711434418, 47.059083647592715], [7.130930894053595, 47.05907390472538], [7.130860038527628, 47.05902378260111], [7.130829182253923, 47.058976313510215], [7.13080730208637, 47.058913019359245], [7.130763482047882, 47.058874474610285], [7.130727639683601, 47.05883802009292], [7.130654951988334, 47.0587244956294], [7.130616146142089, 47.05867014194848], [7.1305543951874055, 47.05862541422921], [7.130514566620653, 47.058577246329406], [7.130491689533123, 47.05850431565933], [7.13047477225948, 47.05848437304997], [7.130408023331736, 47.058459591960556], [7.130314388943063, 47.058422414853794], [7.130260620383742, 47.058372176350474], [7.130233356629036, 47.05829992633608], [7.130224800386301, 47.05827723572112], [7.130211133371826, 47.05816172932263], [7.130185782825443, 47.058097841028044], [7.130120394737295, 47.05805859023366], [7.1300537712336585, 47.05805091758647], [7.1300188804662215, 47.05805497012392], [7.1300038435552, 47.05806729778494], [7.129943078248051, 47.05807541826194], [7.129823980450883, 47.05803057130846], [7.129864236175258, 47.05797504541602], [7.129752069689108, 47.05793570399513], [7.129690728413794, 47.058013840299566], [7.129667794248945, 47.05801929233968], [7.129616957314244, 47.05802673782539], [7.129549065226228, 47.05805407024939], [7.129455261738983, 47.058082717823396], [7.129365556246154, 47.05809694843396], [7.129310867042895, 47.058089991303895], [7.12924536181241, 47.0580665259693], [7.129207803105548, 47.05803350231336], [7.129200019878006, 47.05801152444329], [7.129145382591801, 47.05799562629352], [7.129179614337524, 47.05794627294456], [7.129082338661216, 47.05791314185986], [7.12908837519537, 47.05790490962554], [7.128913621108933, 47.05784759676783], [7.128747902256974, 47.05778481221203], [7.128747032934937, 47.057769032505554], [7.128774089093309, 47.057745053007814], [7.128844966249161, 47.057720472622435], [7.128842023476093, 47.05771497774479], [7.128779187528215, 47.05773064775404], [7.128755212009888, 47.05774090010731], [7.128609711753767, 47.05788888824836], [7.128503255783028, 47.05788181740242], [7.128391878741263, 47.057869929732725], [7.128328258369362, 47.057857451927624], [7.128255817679033, 47.057827112912605], [7.1281924531268865, 47.05778649023085], [7.128188067491673, 47.05778013681165], [7.128166857420608, 47.05774937007452], [7.128186823687207, 47.0577404830996], [7.128170066575154, 47.05772260941125], [7.128145119790688, 47.057730115600265], [7.128132299468174, 47.05771429446276], [7.128152296054854, 47.057704723995464], [7.128117011433116, 47.057663340932564], [7.128216256997398, 47.057615522660406], [7.128170356161736, 47.05757315742585], [7.128198268684753, 47.05756490361693], [7.128021713499836, 47.05747588590881], [7.1279825786428415, 47.05751493514578], [7.127945861105247, 47.057500452407524], [7.127960972546391, 47.057479885699216], [7.127888524598551, 47.05745091364429], [7.12782988132201, 47.057440499927914], [7.12778609882107, 47.05743904971772], [7.127773569343505, 47.057386853320594], [7.127735487807222, 47.057419042122554], [7.127672934688876, 47.057399703576834], [7.127708109581052, 47.05735583130761], [7.127598970901122, 47.05731237624619], [7.127571824136462, 47.057347347236345], [7.12753508290683, 47.05733696600425], [7.127563212691311, 47.057302708283714], [7.127449085869497, 47.057259230510255], [7.127358722021102, 47.05735721976023], [7.127230730842454, 47.05730549156901], [7.1273250458198, 47.057211623922086], [7.127314160173192, 47.057202671193195], [7.1272853619537715, 47.05719576555251], [7.1272455494850995, 47.05719294066101], [7.127227702244365, 47.05718603783439], [7.127143673400112, 47.057111743694605], [7.127055555511411, 47.057052532073754], [7.127015687092571, 47.0570593227066], [7.126973031751241, 47.05704070369339], [7.127023081726722, 47.05700785507978], [7.126997347637899, 47.056987896920084], [7.126943712339961, 47.05697200041535], [7.126886963908857, 47.05697532683735], [7.126838020685242, 47.056994442948536], [7.126769484771167, 47.05697647284909], [7.126649544560737, 47.056914457574386], [7.126516632014416, 47.05685379200772], [7.126441356108598, 47.05680902513747], [7.126391967552926, 47.05676019095396], [7.126303748477839, 47.056714030364894], [7.126210966208542, 47.056615424887845], [7.126206034747875, 47.056610185293856], [7.126128095533728, 47.05652353879287], [7.126028164582819, 47.056447833120124], [7.125983341355558, 47.05645118272135], [7.125944744317201, 47.056422958655865], [7.125950870720171, 47.0564016931334], [7.125907382167016, 47.05636590873187], [7.1258460568126765, 47.05631705084631], [7.125838295238497, 47.056291636540934], [7.125840459933274, 47.05627036014021], [7.125853611383925, 47.05624293411813], [7.125777299315748, 47.056202274650175], [7.125711640732677, 47.05619665303162], [7.125667900563194, 47.056190398695264], [7.125624271282612, 47.05616971658687], [7.125581625160247, 47.05614972984739], [7.125507103301374, 47.0561337935025], [7.125461658919774, 47.05609046579248], [7.125433218311079, 47.05603617464071], [7.125318108789699, 47.05599269203942], [7.125181196899981, 47.05593683528969], [7.125122617274552, 47.05591818987656], [7.125056988363683, 47.05590982445309], [7.125002306080965, 47.05590216367645], [7.124903882971482, 47.055886179382426], [7.124853184728448, 47.055879213105975], [7.124826205404714, 47.05589220888155], [7.124780167306185, 47.055920947781445], [7.124743337664911, 47.05592362620002], [7.124709613837947, 47.055908448887706], [7.124674972477893, 47.055883671324466], [7.12466521200908, 47.05586031133366], [7.124675504551923, 47.055817774957696], [7.124680685528086, 47.05579171242663], [7.1246402052525255, 47.05575043087243], [7.12456018752731, 47.05567545328996], [7.1245135621995805, 47.05565407881725], [7.124433230545204, 47.05561685245533], [7.124419136817045, 47.05563878871819], [7.124375467021903, 47.05562291841582], [7.124384632161701, 47.055597541517], [7.124358850168835, 47.05558376216164], [7.12433596301511, 47.05558577711353], [7.124315946291226, 47.055598782935824], [7.124292800422148, 47.055626873899264], [7.1242470452608995, 47.05562540785096], [7.124095105977472, 47.055580500520136], [7.123965138820561, 47.055528079594204], [7.1239108853228075, 47.05549911013948], [7.12389081194686, 47.055472573431004], [7.123864095550913, 47.055420841243915], [7.123817262593955, 47.05538565857589], [7.123724526259227, 47.05533848502434], [7.123647079803023, 47.05530989233421], [7.123615534302842, 47.055295944060816], [7.123502703270971, 47.055252726777184], [7.123366920021083, 47.05521145201987], [7.1232024449235025, 47.05515226083616], [7.123026563687416, 47.05505660776334], [7.12287063798143, 47.054982930568], [7.122774507746731, 47.05493125835317], [7.1226278910047816, 47.05488379125242], [7.122552321188539, 47.05485188381431], [7.122497879123971, 47.05480608330974], [7.122431968259266, 47.05472779693236], [7.122365084313289, 47.05466940492725]]]]}}]}