{
  "type": "FeatureCollection",
  "features": [
    {
      "type": "Feature",
      "properties": {
        "bfs_nummer": 792,
        "segment_length_m": 0.7204822157557019
      },
      "geometry": {
        "type": "LineString",
        "coordinates": [
          [
            7.375154558918628,
            46.42824965087605
          ],
          [
            7.375740855808354,
            46.428602628970026
          ],
          [
            7.376256925314109,
            46.42894118082517
          ],
          [
            7.376644502576748,
            46.42903495110231
          ],
          [
            7.376809558046538,
            46.42917897258853
          ],
          [
            7.3774487808770415,
            46.42993406654262
          ],
          [
            7.3776670337363495,
            46.43020765290419
          ],
          [
            7.37806850879682,
            46.43067565286365
          ],
          [
            7.378445404281122,
            46.43103748078315
          ],
          [
            7.378676765706905,
            46.43123191076394
          ],
          [
            7.380207632816096,
            46.431669882976436
          ],
          [
            7.38048195391563,
            46.43184903019511
          ],
          [
            7.381113613183408,
            46.43245567167471
          ],
          [
            7.381515533324053,
            46.433754000657395
          ],
          [
            7.381811236793895,
            46.43451564919971
          ],
          [
            7.38197862911969,
            46.435060446329814
          ],
          [
            7.381977190820474,
            46.43640174699524
          ],
          [
            7.382250646413029,
            46.43742743156105
          ],
          [
            7.382722098602151,
            46.43825709231217
          ],
          [
            7.3831940227622725,
            46.4386594232625
          ],
          [
            7.383846772879499,
            46.43909603360842
          ],
          [
            7.3840492979203365,
            46.43954773118891
          ],
          [
            7.384369842875702,
            46.44038720622948
          ],
          [
            7.3843188140881395,
            46.440662465407776
          ],
          [
            7.384628564446222,
            46.441891822679516
          ],
          [
            7.385040084426462,
            46.442868621997555
          ],
          [
            7.385813228018745,
            46.444004256565066
          ],
          [
            7.386415238215035,
            46.444528994059446
          ],
          [
            7.387527692991153,
            46.44885540510847
          ],
          [
            7.3877195914233456,
            46.449071558807596
          ],
          [
            7.390174524482238,
            46.4492487708432
          ],
          [
            7.391962392090725,
            46.44965881814964
          ],
          [
            7.392871818605915,
            46.45002799867379
          ],
          [
            7.393447970526262,
            46.45051037266641
          ],
          [
            7.393646925822138,
            46.45072724783139
          ],
          [
            7.394062319858825,
            46.45078956600401
          ],
          [
            7.394218124023172,
            46.450925372310834
          ],
          [
            7.394812116077943,
            46.451910592607675
          ],
          [
            7.394788190741555,
            46.452513271653146
          ],
          [
            7.395590467058736,
            46.453503967243286
          ],
          [
            7.396080826227778,
            46.45392512429318
          ],
          [
            7.396918704535161,
            46.454372515715654
          ],
          [
            7.397442932492644,
            46.454798177401855
          ],
          [
            7.3978564518890755,
            46.45531287060868
          ],
          [
            7.398031951033172,
            46.4555944888706
          ],
          [
            7.399371487209875,
            46.45716284476272
          ],
          [
            7.399838332767257,
            46.457783679884216
          ],
          [
            7.4002427631525975,
            46.45834783704951
          ],
          [
            7.400900909346275,
            46.45908027059531
          ],
          [
            7.401272983730009,
            46.45994403004351
          ],
          [
            7.401478030739699,
            46.46029213051083
          ],
          [
            7.402982421571228,
            46.460925899159605
          ],
          [
            7.40522434415302,
            46.46253404481903
          ],
          [
            7.405631639803845,
            46.46280582601991
          ],
          [
            7.40641769747183,
            46.463218048693086
          ],
          [
            7.406783634040134,
            46.46297257473495
          ],
          [
            7.408814742452541,
            46.4624262191573
          ],
          [
            7.4090750763029956,
            46.462482961824804
          ],
          [
            7.409524275563448,
            46.462320261048006
          ],
          [
            7.410236404057504,
            46.46222419435053
          ],
          [
            7.411191747837816,
            46.46253027933016
          ],
          [
            7.415238154577924,
            46.463031429714434
          ],
          [
            7.412784844535845,
            46.46669962166384
          ],
          [
            7.417264682787292,
            46.46581866094269
          ],
          [
            7.417517306488456,
            46.46680829992448
          ],
          [
            7.4187150008535685,
            46.47214784608761
          ],
          [
            7.418625562599385,
            46.47229296483305
          ],
          [
            7.418576401288706,
            46.47339545807585
          ],
          [
            7.418578323965431,
            46.473675311946344
          ],
          [
            7.41840963180974,
            46.47420997982607
          ],
          [
            7.418266833647405,
            46.47411746021174
          ],
          [
            7.41782739788457,
            46.473944454179886
          ],
          [
            7.417687539193845,
            46.473960547427104
          ],
          [
            7.417509274414699,
            46.473998249497505
          ],
          [
            7.417360569092602,
            46.47396433400997
          ],
          [
            7.4172476104061875,
            46.47398038699998
          ],
          [
            7.417146336267119,
            46.47395220176419
          ],
          [
            7.416959305401259,
            46.47393471315347
          ],
          [
            7.4168448553282085,
            46.47387437470169
          ],
          [
            7.416573879166336,
            46.47386450588442
          ],
          [
            7.416374090031133,
            46.473813774932836
          ],
          [
            7.416240330063905,
            46.473757165100494
          ],
          [
            7.416092554849579,
            46.4737435782271
          ],
          [
            7.415771061131374,
            46.47367301262266
          ],
          [
            7.415611093987312,
            46.47367126978607
          ],
          [
            7.415509538987189,
            46.473633727592194
          ],
          [
            7.415303130348168,
            46.47356962586953
          ],
          [
            7.415196475384,
            46.47349517330445
          ],
          [
            7.415081119547244,
            46.47348630577517
          ],
          [
            7.414970043982061,
            46.47342769331709
          ],
          [
            7.414952589828929,
            46.4734143940151
          ],
          [
            7.414966462327937,
            46.473487378432345
          ],
          [
            7.414886312040099,
            46.4745384444049
          ],
          [
            7.4150483141583425,
            46.474911266718145
          ],
          [
            7.414856248014331,
            46.47562166253216
          ],
          [
            7.4147053989344505,
            46.47613861640676
          ],
          [
            7.414355524598926,
            46.476701826431935
          ],
          [
            7.413668399054643,
            46.47711788961958
          ],
          [
            7.413634004681629,
            46.477129297194026
          ],
          [
            7.413390129404264,
            46.477132893401766
          ],
          [
            7.412978692306248,
            46.47693519110957
          ],
          [
            7.412894385130631,
            46.476925824878215
          ],
          [
            7.412763423289738,
            46.47696909888828
          ],
          [
            7.412699989824242,
            46.477036739881626
          ],
          [
            7.411690286951173,
            46.478232831690974
          ],
          [
            7.4114586007884835,
            46.47817441999155
          ],
          [
            7.410866362386067,
            46.478735651858536
          ],
          [
            7.410595608431809,
            46.47904581469891
          ],
          [
            7.410347466535817,
            46.479048872539344
          ],
          [
            7.410022479359043,
            46.47910806045941
          ],
          [
            7.409699590799819,
            46.47906767557688
          ],
          [
            7.409038062943089,
            46.47955721159558
          ],
          [
            7.408292388401724,
            46.48027287025907
          ],
          [
            7.408397256790441,
            46.48029062946732
          ],
          [
            7.408633239389932,
            46.480565653905565
          ],
          [
            7.408642329056275,
            46.480656305157474
          ],
          [
            7.408524300265551,
            46.48074226197301
          ],
          [
            7.408569444611627,
            46.480838608315395
          ],
          [
            7.40893468143568,
            46.48098738697222
          ],
          [
            7.408998910609692,
            46.48104918615176
          ],
          [
            7.409115552525949,
            46.4810441529884
          ],
          [
            7.410302336892456,
            46.48133141630021
          ],
          [
            7.41035035585194,
            46.481513032068285
          ],
          [
            7.4104761423862735,
            46.48157671733211
          ],
          [
            7.410754029482781,
            46.481541957237255
          ],
          [
            7.411270111425024,
            46.48167073335415
          ],
          [
            7.4114050232934545,
            46.48174351442584
          ],
          [
            7.411976331337503,
            46.48216317409432
          ],
          [
            7.412320010482849,
            46.48238524183148
          ],
          [
            7.41236962980029,
            46.482533141573356
          ],
          [
            7.412601695283836,
            46.482706047619835
          ],
          [
            7.412682490883474,
            46.482724363865096
          ],
          [
            7.4132343608752835,
            46.48253338154888
          ],
          [
            7.418654998482948,
            46.48382805194044
          ],
          [
            7.41874004716422,
            46.483937688087195
          ],
          [
            7.419001789209982,
            46.48415229912073
          ],
          [
            7.419253217776895,
            46.484231847618275
          ],
          [
            7.419419199411072,
            46.48439327644641
          ],
          [
            7.419558044381176,
            46.48447831852648
          ],
          [
            7.41993856105524,
            46.48476724302034
          ],
          [
            7.42020108447491,
            46.484642357112115
          ],
          [
            7.420842768703802,
            46.48444543399956
          ],
          [
            7.421419364299284,
            46.48427420631741
          ],
          [
            7.421638962791239,
            46.48417588323834
          ],
          [
            7.4219394431395385,
            46.48392443107124
          ],
          [
            7.422201773978506,
            46.48368263355834
          ],
          [
            7.4223206163799045,
            46.48348830153774
          ],
          [
            7.423333034444634,
            46.48376807947453
          ],
          [
            7.424054448676475,
            46.483977949048295
          ],
          [
            7.4244689311748235,
            46.484239237478356
          ],
          [
            7.424701562904553,
            46.48436692489954
          ],
          [
            7.42483009584089,
            46.48461783821653
          ],
          [
            7.424850611553903,
            46.48493642938371
          ],
          [
            7.424675504531794,
            46.48526448539863
          ],
          [
            7.424623140950689,
            46.48535006273886
          ],
          [
            7.4255319041593015,
            46.48536982523374
          ],
          [
            7.426255614612755,
            46.48541952325989
          ],
          [
            7.4262220384750535,
            46.48511245419248
          ],
          [
            7.4264462723690485,
            46.48510294500749
          ],
          [
            7.4267036480173205,
            46.485211101712416
          ],
          [
            7.428918964530411,
            46.48610459532002
          ],
          [
            7.429095597250281,
            46.485916693495454
          ],
          [
            7.429471604078371,
            46.486064057675854
          ],
          [
            7.429651266497801,
            46.485748624506854
          ],
          [
            7.429771371878472,
            46.485792821377146
          ],
          [
            7.429820262639929,
            46.48571241384062
          ],
          [
            7.429998319540874,
            46.485767823965965
          ],
          [
            7.429893051556062,
            46.48599227347033
          ],
          [
            7.429859955778777,
            46.486302484216054
          ],
          [
            7.4299398765988425,
            46.48668892439314
          ],
          [
            7.430001462421983,
            46.48670119061968
          ],
          [
            7.429987392232288,
            46.48680206618835
          ],
          [
            7.430499654832088,
            46.48729010208544
          ],
          [
            7.430474480083981,
            46.487523158295524
          ],
          [
            7.430595865938488,
            46.48764862971551
          ],
          [
            7.430775017614165,
            46.487743277548844
          ],
          [
            7.431298623893286,
            46.48774015048645
          ],
          [
            7.431318149589049,
            46.487634192636904
          ],
          [
            7.431606376721495,
            46.48763639017768
          ],
          [
            7.432021984566038,
            46.487668047157584
          ],
          [
            7.432670065419487,
            46.48770569008201
          ],
          [
            7.432879353175682,
            46.48773272543036
          ],
          [
            7.433466654757018,
            46.48787597764217
          ],
          [
            7.433897225809488,
            46.48794598583378
          ],
          [
            7.434944959731559,
            46.48812805955159
          ],
          [
            7.434776798417686,
            46.48839707522571
          ],
          [
            7.435530737385333,
            46.48875234116481
          ],
          [
            7.435516238769905,
            46.48879156149831
          ],
          [
            7.4353549453903245,
            46.48901584310964
          ],
          [
            7.435258750666388,
            46.48916963740101
          ],
          [
            7.435225250639063,
            46.489358202054966
          ],
          [
            7.435296877599605,
            46.48959460035651
          ],
          [
            7.435072355950582,
            46.490040270060035
          ],
          [
            7.435891508899961,
            46.490171320631234
          ],
          [
            7.436395037872815,
            46.4906793537996
          ],
          [
            7.437220224797716,
            46.491022286479854
          ],
          [
            7.437703921986982,
            46.491229392359955
          ],
          [
            7.437852363782881,
            46.491202452867405
          ],
          [
            7.4382834080196405,
            46.49134666717494
          ],
          [
            7.4387553798362696,
            46.49136481570868
          ],
          [
            7.4393898212270955,
            46.49126530012024
          ],
          [
            7.439875924592486,
            46.491323690364176
          ],
          [
            7.441109385332762,
            46.491552501666526
          ],
          [
            7.441071247265602,
            46.49195466878263
          ],
          [
            7.440947453190422,
            46.49219353969418
          ],
          [
            7.440442702600346,
            46.49296161656891
          ],
          [
            7.440234790591471,
            46.49343297875826
          ],
          [
            7.440566514340896,
            46.493470883835194
          ],
          [
            7.440599869873858,
            46.493378192809125
          ],
          [
            7.440853860115899,
            46.493428835499685
          ],
          [
            7.440822627889171,
            46.49351323262767
          ],
          [
            7.440862202501763,
            46.49369524928853
          ],
          [
            7.440863219126087,
            46.493723108670295
          ],
          [
            7.440836401887299,
            46.49379058501526
          ],
          [
            7.440967917702722,
            46.49381345031072
          ],
          [
            7.4409487222724024,
            46.493959062425624
          ],
          [
            7.440980899209572,
            46.494138155559305
          ],
          [
            7.441214194669848,
            46.494137819595394
          ],
          [
            7.441477564228387,
            46.49410248974361
          ],
          [
            7.441882906188673,
            46.494010214296374
          ],
          [
            7.442341478554906,
            46.493874028562274
          ],
          [
            7.4429299917718446,
            46.493593790563445
          ],
          [
            7.44383487384686,
            46.49359581122174
          ],
          [
            7.444451899685117,
            46.493588023188785
          ],
          [
            7.44460651450709,
            46.49379852263064
          ],
          [
            7.444809871763385,
            46.49374796712449
          ],
          [
            7.446480197254658,
            46.49337036820258
          ],
          [
            7.448108076702108,
            46.49299042702817
          ],
          [
            7.449483335102058,
            46.49264657520573
          ],
          [
            7.450697780006786,
            46.49228023356787
          ],
          [
            7.452454894677699,
            46.49174081514218
          ],
          [
            7.453771831687678,
            46.49138547553162
          ],
          [
            7.454943633848958,
            46.49112747285035
          ],
          [
            7.455469971942306,
            46.49127244555002
          ],
          [
            7.45619873415713,
            46.49143653799556
          ],
          [
            7.45663604538375,
            46.49163318905844
          ],
          [
            7.457348436113501,
            46.49189247709379
          ],
          [
            7.4576310769632626,
            46.492061846763455
          ],
          [
            7.458236018896283,
            46.49227059095278
          ],
          [
            7.45891024075567,
            46.49246816558607
          ],
          [
            7.459313838753576,
            46.492673321910075
          ],
          [
            7.459829146419075,
            46.49278618898083
          ],
          [
            7.460806032943915,
            46.49289399375653
          ],
          [
            7.460915978977707,
            46.49293292412017
          ],
          [
            7.461183845775721,
            46.49311675265309
          ],
          [
            7.461343729572467,
            46.49325061272237
          ],
          [
            7.461884159190294,
            46.49307864673419
          ],
          [
            7.462268563819297,
            46.49285529957331
          ],
          [
            7.463497126350757,
            46.4918455332873
          ],
          [
            7.464009447244022,
            46.49168763221807
          ],
          [
            7.464314764636188,
            46.49150125806027
          ],
          [
            7.464673031954765,
            46.491358293183836
          ],
          [
            7.465172379550476,
            46.49102274446542
          ],
          [
            7.46434313122807,
            46.48976194208099
          ],
          [
            7.46509320342739,
            46.48936419704352
          ],
          [
            7.4654830828549725,
            46.489233429525676
          ],
          [
            7.465801831530123,
            46.489335348537004
          ],
          [
            7.466088647404754,
            46.489386457924354
          ],
          [
            7.466201474246209,
            46.489384200604476
          ],
          [
            7.466314326184163,
            46.48940641122153
          ],
          [
            7.467297927769325,
            46.48980101950495
          ],
          [
            7.467553820412204,
            46.48998869506788
          ],
          [
            7.4677712730595704,
            46.4901628682041
          ],
          [
            7.467805007038639,
            46.4902148004619
          ],
          [
            7.467988013862291,
            46.49029329545853
          ],
          [
            7.468237416818251,
            46.49048996671065
          ],
          [
            7.468652819574794,
            46.490738112861656
          ],
          [
            7.4688420647657185,
            46.49090680384465
          ],
          [
            7.4688758151969665,
            46.49096231603103
          ],
          [
            7.469116873649783,
            46.491131308015625
          ],
          [
            7.469426041357849,
            46.49128069815955
          ],
          [
            7.469588363119433,
            46.49132133349834
          ],
          [
            7.469728041561122,
            46.4914198973414
          ],
          [
            7.470009279211435,
            46.49146137300339
          ],
          [
            7.4701534930523446,
            46.49147068068492
          ],
          [
            7.4705013561538225,
            46.49158734943939
          ],
          [
            7.470649354304211,
            46.4916537955614
          ],
          [
            7.470987574866137,
            46.491759238946216
          ],
          [
            7.471173151337975,
            46.491916637567144
          ],
          [
            7.471240039116398,
            46.492127008204655
          ],
          [
            7.4713047124658045,
            46.492247225439684
          ],
          [
            7.471324716377155,
            46.49226569682498
          ],
          [
            7.471783898225143,
            46.49231805684245
          ],
          [
            7.472079743319262,
            46.49244692455448
          ],
          [
            7.472308159917544,
            46.492618782975725
          ],
          [
            7.472791801760699,
            46.492769588786935
          ],
          [
            7.472983864393472,
            46.492891314962336
          ],
          [
            7.473305575321895,
            46.49294494159735
          ],
          [
            7.4736844087388254,
            46.49303079042942
          ],
          [
            7.47387639657618,
            46.493009251070404
          ],
          [
            7.474146130578929,
            46.49292677847763
          ],
          [
            7.474531581438966,
            46.492890857922085
          ],
          [
            7.47499845052934,
            46.49271518190565
          ],
          [
            7.475185219690138,
            46.49268289220937
          ],
          [
            7.475465519559297,
            46.492826076981736
          ],
          [
            7.4757820496856455,
            46.49286180597312
          ],
          [
            7.476404686414178,
            46.49286875718707
          ],
          [
            7.476952124769821,
            46.492886695416026
          ],
          [
            7.477086470140988,
            46.49295162637836
          ],
          [
            7.477631311967816,
            46.492980096047
          ],
          [
            7.478155543116652,
            46.493219912917276
          ],
          [
            7.478560324197202,
            46.49331289716223
          ],
          [
            7.479299087420423,
            46.493660546185424
          ],
          [
            7.4794548033683155,
            46.49369631210016
          ],
          [
            7.479901032440162,
            46.493714064720926
          ],
          [
            7.480082669028806,
            46.49374982955955
          ],
          [
            7.480430361588575,
            46.49379983748403
          ],
          [
            7.481527496953998,
            46.494032846372974
          ],
          [
            7.481854519935889,
            46.49419749759738
          ],
          [
            7.482172648819577,
            46.494312738344284
          ],
          [
            7.482670889486465,
            46.49445582333936
          ],
          [
            7.4829044590699,
            46.494552455205294
          ],
          [
            7.483234504030191,
            46.49462735212333
          ],
          [
            7.483485599856276,
            46.49498753835851
          ],
          [
            7.489410220681443,
            46.49705301143947
          ],
          [
            7.489514974370299,
            46.49681170322002
          ],
          [
            7.4895926976571,
            46.49634388842156
          ],
          [
            7.489566304404845,
            46.4960020579635
          ],
          [
            7.489422706913264,
            46.49566028801375
          ],
          [
            7.489305091445419,
            46.4952555192543
          ],
          [
            7.48920071407971,
            46.49506665716357
          ],
          [
            7.4889527458903515,
            46.494536015421716
          ],
          [
            7.48886129334745,
            46.49424818670754
          ],
          [
            7.4887177947637324,
            46.4940053674959
          ],
          [
            7.488665579674558,
            46.493879451571885
          ],
          [
            7.488652383248153,
            46.493690540507906
          ],
          [
            7.488873604599796,
            46.493492541270776
          ],
          [
            7.489017565913581,
            46.493344177061374
          ],
          [
            7.4892257972643,
            46.49317316961672
          ],
          [
            7.489394965365643,
            46.49300217893856
          ],
          [
            7.4897455483978295,
            46.49270951433215
          ],
          [
            7.489875625760049,
            46.49253854020307
          ],
          [
            7.490031756610606,
            46.49235855873746
          ],
          [
            7.490122754076568,
            46.49216960147224
          ],
          [
            7.4902527998805635,
            46.49195364887556
          ],
          [
            7.490304700368196,
            46.49175570430375
          ],
          [
            7.490424883848264,
            46.491441649799285
          ],
          [
            7.490463669551658,
            46.49116275953689
          ],
          [
            7.490486360216498,
            46.49105395646376
          ],
          [
            7.490957874010557,
            46.49040884877213
          ],
          [
            7.491009843292678,
            46.490273891092514
          ],
          [
            7.491048753814593,
            46.49010295687207
          ],
          [
            7.491149398832627,
            46.489808718769346
          ],
          [
            7.491278923664649,
            46.48907100184467
          ],
          [
            7.491356701380604,
            46.48868766344585
          ],
          [
            7.49141836183577,
            46.48848888628985
          ],
          [
            7.49148331749567,
            46.4883179310144
          ],
          [
            7.491564328796002,
            46.487913937061926
          ],
          [
            7.491591092727506,
            46.48783267644728
          ],
          [
            7.491577738020264,
            46.48748803374262
          ],
          [
            7.491593656163447,
            46.487138879815575
          ],
          [
            7.491500498749335,
            46.48675884892291
          ],
          [
            7.491495381992104,
            46.48652946318884
          ],
          [
            7.491367406013733,
            46.486330763634385
          ],
          [
            7.491210945312285,
            46.48614192709052
          ],
          [
            7.491171746742824,
            46.48600701075211
          ],
          [
            7.491171421049162,
            46.48566516868673
          ],
          [
            7.49124919541307,
            46.48529629525908
          ],
          [
            7.491274880993687,
            46.48491846789103
          ],
          [
            7.491118407202181,
            46.4847386178343
          ],
          [
            7.49076623352297,
            46.48415405347986
          ],
          [
            7.490309906399904,
            46.483605526071415
          ],
          [
            7.489983961446452,
            46.483200859782045
          ],
          [
            7.489814153543003,
            46.482661180375146
          ],
          [
            7.489761855145694,
            46.48243631321566
          ],
          [
            7.489670564896278,
            46.48229242375514
          ],
          [
            7.489501149160154,
            46.48215755523047
          ],
          [
            7.489266406669207,
            46.48181582499198
          ],
          [
            7.489135936751087,
            46.481546013677104
          ],
          [
            7.489061669277654,
            46.48133042126031
          ],
          [
            7.4890485402730205,
            46.48121348402549
          ],
          [
            7.48907446125122,
            46.48107853853978
          ],
          [
            7.489230383746222,
            46.480718636940516
          ],
          [
            7.48935620544242,
            46.480367465077336
          ],
          [
            7.489343051236973,
            46.48022354104625
          ],
          [
            7.489281126975059,
            46.480147105477315
          ],
          [
            7.489215959143142,
            46.480083463054314
          ],
          [
            7.489160489143614,
            46.47994475696581
          ],
          [
            7.488958529406161,
            46.479812006812075
          ],
          [
            7.4888583723187825,
            46.47977649069226
          ],
          [
            7.488768792762831,
            46.47968769788163
          ],
          [
            7.4887361634024066,
            46.4796051952655
          ],
          [
            7.488765396121788,
            46.47953223717585
          ],
          [
            7.488717241706461,
            46.47940309902992
          ],
          [
            7.488827846263477,
            46.47931504700441
          ],
          [
            7.488808264789363,
            46.47926122575391
          ],
          [
            7.488757788282874,
            46.47924198803284
          ],
          [
            7.4887038954914855,
            46.47904536727952
          ],
          [
            7.48871662440565,
            46.47875144810955
          ],
          [
            7.488794639314565,
            46.478625475720975
          ],
          [
            7.48881248348359,
            46.47855899040094
          ],
          [
            7.4888514551812575,
            46.478456927252665
          ],
          [
            7.488911568174133,
            46.47833461477261
          ],
          [
            7.488911461650589,
            46.478217671849215
          ],
          [
            7.4888592646719365,
            46.47810973817594
          ],
          [
            7.488833000973438,
            46.47786686802381
          ],
          [
            7.488858888145639,
            46.47769594013421
          ],
          [
            7.488936835601103,
            46.47749798477478
          ],
          [
            7.489079834423979,
            46.47725504092699
          ],
          [
            7.489157755741095,
            46.47703010757919
          ],
          [
            7.489378837502117,
            46.47674215114062
          ],
          [
            7.4897690446256435,
            46.476283193935075
          ],
          [
            7.489946256913437,
            46.476083808598446
          ],
          [
            7.490016019451569,
            46.47584228136434
          ],
          [
            7.490070141401486,
            46.475417061613896
          ],
          [
            7.4901399437230936,
            46.47523360996433
          ],
          [
            7.49018050397402,
            46.47509500545479
          ],
          [
            7.490278066170274,
            46.47499571329661
          ],
          [
            7.490418442350928,
            46.474580026130184
          ],
          [
            7.490626082457195,
            46.473862928475505
          ],
          [
            7.4907039924816194,
            46.47363800303807
          ],
          [
            7.4908470753573635,
            46.47350299526727
          ],
          [
            7.491052799484847,
            46.473342105519826
          ],
          [
            7.491289378982746,
            46.47309798290965
          ],
          [
            7.491484492148742,
            46.472926977144894
          ],
          [
            7.491588558402166,
            46.47282797773046
          ],
          [
            7.491599127970005,
            46.47281151990584
          ],
          [
            7.49161768490464,
            46.47265227102367
          ],
          [
            7.491614339398086,
            46.47255808847063
          ],
          [
            7.491623137705975,
            46.472392088354326
          ],
          [
            7.491681618326013,
            46.47227821301367
          ],
          [
            7.4918604226225085,
            46.47206292867146
          ],
          [
            7.491913979474761,
            46.471934149743994
          ],
          [
            7.492270816110647,
            46.471518764994066
          ],
          [
            7.492485436658353,
            46.47130726816681
          ],
          [
            7.492550429936476,
            46.47119929046004
          ],
          [
            7.492602324353872,
            46.47103733615
          ],
          [
            7.492654103476315,
            46.47073146101858
          ],
          [
            7.492719069242618,
            46.47059648738377
          ],
          [
            7.492784048182614,
            46.47048850954702
          ],
          [
            7.492823027317446,
            46.470407530722795
          ],
          [
            7.492796855638537,
            46.470272608768234
          ],
          [
            7.492861785103132,
            46.47010165260413
          ],
          [
            7.4929004497429545,
            46.46971482296748
          ],
          [
            7.492952287946793,
            46.469471898978185
          ],
          [
            7.493069195402845,
            46.46920197544923
          ],
          [
            7.4931862043995086,
            46.46904898576045
          ],
          [
            7.4935114074067615,
            46.468769967549605
          ],
          [
            7.493985283172265,
            46.46828156721224
          ],
          [
            7.4942316847661905,
            46.46812978270015
          ],
          [
            7.494317031249951,
            46.46804638817688
          ],
          [
            7.494500693077038,
            46.46783097135353
          ],
          [
            7.494842169551404,
            46.46759115332518
          ],
          [
            7.494797952401047,
            46.46729248440563
          ],
          [
            7.494703126645937,
            46.46688630646627
          ],
          [
            7.494684253899549,
            46.46672425060572
          ],
          [
            7.49471885619207,
            46.466364822926025
          ],
          [
            7.4947802756454385,
            46.46595381031601
          ],
          [
            7.494797199864022,
            46.4658007326641
          ],
          [
            7.494770869666709,
            46.465512867744316
          ],
          [
            7.494861796336202,
            46.465314919901445
          ],
          [
            7.495006417848297,
            46.46513759970095
          ],
          [
            7.495111925284821,
            46.46487793459704
          ],
          [
            7.495225645894043,
            46.46469403544797
          ],
          [
            7.495274628708824,
            46.464575584111614
          ],
          [
            7.49510077350605,
            46.464285686610886
          ],
          [
            7.495045321216352,
            46.463718198229536
          ],
          [
            7.495001030551771,
            46.46314208655911
          ],
          [
            7.4950562495591555,
            46.46273281294351
          ],
          [
            7.494505410885238,
            46.46287989844837
          ],
          [
            7.494277013937984,
            46.46246681309603
          ],
          [
            7.494829281620333,
            46.46232036668956
          ],
          [
            7.494209661099763,
            46.46192512945251
          ],
          [
            7.49422244035836,
            46.46171472479341
          ],
          [
            7.493827307865016,
            46.46120753459728
          ],
          [
            7.492607574489141,
            46.46028191349569
          ],
          [
            7.491908189702907,
            46.4596882756014
          ],
          [
            7.492040661671388,
            46.459471267092944
          ],
          [
            7.4919083856390225,
            46.458610870315496
          ],
          [
            7.4931970353407475,
            46.45601375514844
          ],
          [
            7.4938803003326715,
            46.455362219257104
          ],
          [
            7.494690340490554,
            46.45353816463261
          ],
          [
            7.49477425134791,
            46.453397513299365
          ],
          [
            7.495011579164155,
            46.45322301747434
          ],
          [
            7.4948988018607094,
            46.45318614551416
          ],
          [
            7.494967338428551,
            46.45303077570392
          ],
          [
            7.4951015730032795,
            46.45297401967873
          ],
          [
            7.495490472832038,
            46.45306284929869
          ],
          [
            7.495615259565646,
            46.45278129678
          ],
          [
            7.495875898357611,
            46.45260005889869
          ],
          [
            7.4966218328506455,
            46.45213284951147
          ],
          [
            7.4981005852142,
            46.451248456395234
          ],
          [
            7.4992251967758525,
            46.450919386483726
          ],
          [
            7.499344406275537,
            46.45073624485918
          ],
          [
            7.499470449270578,
            46.450271896393915
          ],
          [
            7.49941066321682,
            46.449744739586635
          ],
          [
            7.499560859879431,
            46.44932891863551
          ],
          [
            7.499769465144679,
            46.44905576403589
          ],
          [
            7.499992570195193,
            46.44896119139407
          ],
          [
            7.499862416830319,
            46.448718873635144
          ],
          [
            7.499986985126318,
            46.44838746264441
          ],
          [
            7.49947427194121,
            46.44800795742809
          ],
          [
            7.4987904943790396,
            46.44717460228803
          ],
          [
            7.497694161396035,
            46.44699591361852
          ],
          [
            7.496959692411626,
            46.446355385557325
          ],
          [
            7.496518150054033,
            46.44612218071588
          ],
          [
            7.49597101471566,
            46.44554760689386
          ],
          [
            7.495585880720403,
            46.445160284361236
          ],
          [
            7.495508041211225,
            46.444990746313884
          ],
          [
            7.495451999206556,
            46.444846016395736
          ],
          [
            7.495982498537851,
            46.444177891854686
          ],
          [
            7.49659210338768,
            46.44392933485277
          ],
          [
            7.496912161917783,
            46.44370690067702
          ],
          [
            7.497094253058049,
            46.44343545553785
          ],
          [
            7.497219124848757,
            46.442993383254915
          ],
          [
            7.497590941821283,
            46.442504578454766
          ],
          [
            7.49796130360773,
            46.44220526596011
          ],
          [
            7.498228224933325,
            46.44161892849872
          ],
          [
            7.498567936285729,
            46.44169365884659
          ],
          [
            7.499153530079619,
            46.44158527931601
          ],
          [
            7.4995812618120254,
            46.441438254241305
          ],
          [
            7.500406999624088,
            46.441447349688424
          ],
          [
            7.501161742749883,
            46.44157254821872
          ],
          [
            7.50218465381061,
            46.44157338243987
          ],
          [
            7.502577016177439,
            46.441522088005144
          ],
          [
            7.502850665072669,
            46.441561075611126
          ],
          [
            7.503358628461506,
            46.441706799016465
          ],
          [
            7.503564260793427,
            46.441800210670316
          ],
          [
            7.5038002788100755,
            46.44188289096114
          ],
          [
            7.504051441830145,
            46.442040009926735
          ],
          [
            7.504345740463302,
            46.44206377058693
          ],
          [
            7.504369483611657,
            46.44212479232567
          ],
          [
            7.504537437532887,
            46.44217752753846
          ],
          [
            7.504688388089,
            46.44213613307239
          ],
          [
            7.504890549107688,
            46.44199131323353
          ],
          [
            7.505055631121768,
            46.441799485330755
          ],
          [
            7.5051476824378875,
            46.44180987606332
          ],
          [
            7.505317242360919,
            46.44169563243793
          ],
          [
            7.505346754067999,
            46.441533954984244
          ],
          [
            7.505449967220351,
            46.44148867408168
          ],
          [
            7.505519661482898,
            46.44140205070519
          ],
          [
            7.50601447769494,
            46.441316600338276
          ],
          [
            7.506883969972807,
            46.441299823536625
          ],
          [
            7.5073147621911005,
            46.44112132776002
          ],
          [
            7.507447810403443,
            46.44101353461707
          ],
          [
            7.507526899793631,
            46.440815871400716
          ],
          [
            7.507690571585748,
            46.44072361305138
          ],
          [
            7.507991708011485,
            46.44063302576549
          ],
          [
            7.508525136228064,
            46.44056971534787
          ],
          [
            7.508720227120596,
            46.44051564081735
          ],
          [
            7.509032339561824,
            46.44037152011252
          ],
          [
            7.5094613508543535,
            46.44007440096539
          ],
          [
            7.5100592468897425,
            46.439570276000865
          ],
          [
            7.510709037024502,
            46.43896717246332
          ],
          [
            7.510891002610251,
            46.43882312819123
          ],
          [
            7.511164087508367,
            46.438697017389636
          ],
          [
            7.511333134355306,
            46.43862494555451
          ],
          [
            7.511628945047129,
            46.43846648897551
          ],
          [
            7.5117069325147385,
            46.438403470027005
          ],
          [
            7.512851706336312,
            46.43823181923132
          ],
          [
            7.513050046303197,
            46.43816506930272
          ],
          [
            7.513310184512471,
            46.43809293546095
          ],
          [
            7.513830509525136,
            46.4379666572029
          ],
          [
            7.514090633376412,
            46.43788552595393
          ],
          [
            7.5142596992077735,
            46.437822445363054
          ],
          [
            7.514753782846574,
            46.43756124577225
          ],
          [
            7.515156855803826,
            46.4373540784689
          ],
          [
            7.515351904198564,
            46.437263992051925
          ],
          [
            7.515520979634947,
            46.437200909571146
          ],
          [
            7.51550377713059,
            46.43710717768302
          ],
          [
            7.515555684624958,
            46.437008191041045
          ],
          [
            7.51564656254247,
            46.43688219136429
          ],
          [
            7.515763514283106,
            46.43677416534919
          ],
          [
            7.5164265508795065,
            46.4363869150576
          ],
          [
            7.516582585174682,
            46.436314844202386
          ],
          [
            7.516725710558218,
            46.43629675566685
          ],
          [
            7.5171680580433025,
            46.436269466976896
          ],
          [
            7.517818352863578,
            46.436071116388554
          ],
          [
            7.518052556288128,
            46.43607094555333
          ],
          [
            7.518234727570779,
            46.436079814960074
          ],
          [
            7.5184950321522575,
            46.43612461222563
          ],
          [
            7.518733182658668,
            46.43604728175785
          ],
          [
            7.519175381781476,
            46.435921033457575
          ],
          [
            7.519448472549931,
            46.43582188954866
          ],
          [
            7.519773487404696,
            46.43564174763922
          ],
          [
            7.519968481938578,
            46.435524666429814
          ],
          [
            7.520155369154996,
            46.4354247363084
          ],
          [
            7.520389555579386,
            46.43539758277472
          ],
          [
            7.520714807146888,
            46.43537935925882
          ],
          [
            7.521364875266668,
            46.43505504971047
          ],
          [
            7.522079826199282,
            46.43462274172472
          ],
          [
            7.522222740951482,
            46.434487703258775
          ],
          [
            7.52256711396443,
            46.43421548697056
          ],
          [
            7.5230806025640975,
            46.43392936391838
          ],
          [
            7.523807814050337,
            46.43356014929357
          ],
          [
            7.523998803197786,
            46.4334797482776
          ],
          [
            7.524493096259535,
            46.433407414172216
          ],
          [
            7.524714304646026,
            46.433416243922856
          ],
          [
            7.524805280282383,
            46.43335320619146
          ],
          [
            7.525675537579126,
            46.43244399941018
          ],
          [
            7.526571713921728,
            46.43148978789306
          ],
          [
            7.526857460361677,
            46.431192712594445
          ],
          [
            7.5270003976925315,
            46.43108465494728
          ],
          [
            7.527221365830679,
            46.43095854557474
          ],
          [
            7.527598395043497,
            46.43079634121176
          ],
          [
            7.528118223375813,
            46.43044510699639
          ],
          [
            7.5283782013292075,
            46.4303099692667
          ],
          [
            7.528937346024189,
            46.43013861304108
          ],
          [
            7.529340473419864,
            46.430030338078325
          ],
          [
            7.5296916626583155,
            46.42997608573526
          ],
          [
            7.5301729213900845,
            46.429912732820995
          ],
          [
            7.530394013006844,
            46.42986757780659
          ],
          [
            7.530771159199182,
            46.4297773188119
          ],
          [
            7.531200360589467,
            46.42970499876855
          ],
          [
            7.531863670559617,
            46.42957852201556
          ],
          [
            7.532605055977073,
            46.42947895523568
          ],
          [
            7.533411578018982,
            46.42942431685506
          ],
          [
            7.533619699474299,
            46.42939715753689
          ],
          [
            7.533827745149965,
            46.42933401538538
          ],
          [
            7.534035711935447,
            46.42922587678312
          ],
          [
            7.534971441535302,
            46.42867636000249
          ],
          [
            7.535361345786987,
            46.42846013618509
          ],
          [
            7.535699400654696,
            46.42835190254059
          ],
          [
            7.536089475837693,
            46.428234627987976
          ],
          [
            7.536388435410031,
            46.42809044304258
          ],
          [
            7.536791594112659,
            46.42800913741514
          ],
          [
            7.536847615433208,
            46.42797451016814
          ],
          [
            7.537029568524111,
            46.42787540199789
          ],
          [
            7.537250386794478,
            46.42768630376713
          ],
          [
            7.537432289467802,
            46.42756020810415
          ],
          [
            7.537809117771496,
            46.42731700024645
          ],
          [
            7.538029931048166,
            46.42712790049564
          ],
          [
            7.5380817551631445,
            46.427010912297916
          ],
          [
            7.538224482392886,
            46.4268128843527
          ],
          [
            7.538548855335495,
            46.42634484690499
          ],
          [
            7.538665659925786,
            46.42620081480397
          ],
          [
            7.539081301726741,
            46.42584962121225
          ],
          [
            7.539302319709235,
            46.42577746197822
          ],
          [
            7.53965330896441,
            46.42564221825041
          ],
          [
            7.539822273594951,
            46.42556110830747
          ],
          [
            7.539913135236005,
            46.42545308037091
          ],
          [
            7.540042889322293,
            46.42527305286274
          ],
          [
            7.540094657283262,
            46.425129076895594
          ],
          [
            7.54020737346093,
            46.42496565224375
          ],
          [
            7.540363109152238,
            46.424767619036466
          ],
          [
            7.540635726823689,
            46.424479516187695
          ],
          [
            7.540908401242075,
            46.42420940388943
          ],
          [
            7.541064266899876,
            46.424083325643466
          ],
          [
            7.541285140032794,
            46.4239391976196
          ],
          [
            7.541388987507503,
            46.423822161211156
          ],
          [
            7.541583575173736,
            46.42354312174893
          ],
          [
            7.54173938650867,
            46.42339006472323
          ],
          [
            7.541869299322017,
            46.423299991271854
          ],
          [
            7.542272196679826,
            46.423110709782534
          ],
          [
            7.542779070755923,
            46.422876363094524
          ],
          [
            7.543260023326551,
            46.422687015999976
          ],
          [
            7.543428973351326,
            46.42260590067813
          ],
          [
            7.54394846905707,
            46.42218263793183
          ],
          [
            7.544208285478202,
            46.42201148144103
          ],
          [
            7.54428583793418,
            46.4217685367921
          ],
          [
            7.544557775233841,
            46.42114760472926
          ],
          [
            7.544596676407485,
            46.42108459927913
          ],
          [
            7.544752541955773,
            46.42096751157166
          ],
          [
            7.545064468069574,
            46.42084129190237
          ],
          [
            7.545220366964402,
            46.42074219478154
          ],
          [
            7.5453112188449705,
            46.42065215376548
          ],
          [
            7.545518900967621,
            46.42042707807692
          ],
          [
            7.54568768671901,
            46.42027399447747
          ],
          [
            7.545921491218312,
            46.42011185401855
          ],
          [
            7.546090393910082,
            46.42001275249277
          ],
          [
            7.546155307344355,
            46.4199497220604
          ],
          [
            7.546207177831768,
            46.4198687125965
          ],
          [
            7.546258911255969,
            46.419724733815585
          ],
          [
            7.546284837499539,
            46.41967974025088
          ],
          [
            7.546505736772238,
            46.419571584519296
          ],
          [
            7.547194607829024,
            46.41931005931512
          ],
          [
            7.547740438719405,
            46.41908466701077
          ],
          [
            7.548078307401855,
            46.418931418379984
          ],
          [
            7.54850730951538,
            46.41881407272801
          ],
          [
            7.548819232606068,
            46.41869682934271
          ],
          [
            7.549794260377614,
            46.41845301244918
          ],
          [
            7.5499761944820705,
            46.41837187471787
          ],
          [
            7.550093074560978,
            46.41828180450324
          ],
          [
            7.550417530814851,
            46.41794865830625
          ],
          [
            7.550703278034437,
            46.41775047462401
          ],
          [
            7.551170958003988,
            46.41748016418972
          ],
          [
            7.551612755427858,
            46.417281824476326
          ],
          [
            7.552028530510555,
            46.41707452221783
          ],
          [
            7.552418232876912,
            46.41684025748888
          ],
          [
            7.552573975599874,
            46.416678180948814
          ],
          [
            7.5526517398071995,
            46.416552164539155
          ],
          [
            7.5526905532142905,
            46.41645317385
          ],
          [
            7.552703321614665,
            46.41634523150106
          ],
          [
            7.552703002557031,
            46.416192306055166
          ],
          [
            7.552728827883892,
            46.416102323946575
          ],
          [
            7.552767689930106,
            46.41603931571434
          ],
          [
            7.552845597337439,
            46.41597627745476
          ],
          [
            7.5529495174609735,
            46.41591320413151
          ],
          [
            7.553079431398192,
            46.41584110905426
          ],
          [
            7.553157306289777,
            46.41576906598321
          ],
          [
            7.553248106095445,
            46.4156520317311
          ],
          [
            7.553299886426205,
            46.415535045555124
          ],
          [
            7.553325603087757,
            46.41540008525051
          ],
          [
            7.553416345254055,
            46.41525606401967
          ],
          [
            7.553585092631442,
            46.415102977647166
          ],
          [
            7.553909900752153,
            46.41494972472125
          ],
          [
            7.554312636965382,
            46.41473343156903
          ],
          [
            7.554403419537069,
            46.41461639640308
          ],
          [
            7.554507163641253,
            46.41447236112126
          ],
          [
            7.554636658234901,
            46.41421137436011
          ],
          [
            7.554740088353667,
            46.41393240467466
          ],
          [
            7.554835657016658,
            46.41365117598736
          ],
          [
            7.554697986578935,
            46.41364998454079
          ],
          [
            7.554588723190026,
            46.41367429371541
          ],
          [
            7.554181675569645,
            46.41361869919034
          ],
          [
            7.5533855213609415,
            46.41316210039134
          ],
          [
            7.552758100042153,
            46.412940518489954
          ],
          [
            7.552329840584704,
            46.412687736222736
          ],
          [
            7.552075843993008,
            46.412451907199745
          ],
          [
            7.551595248773975,
            46.412106968852626
          ],
          [
            7.551273623728908,
            46.41200728180038
          ],
          [
            7.550873721933171,
            46.41209881893938
          ],
          [
            7.550445111607625,
            46.41208033916906
          ],
          [
            7.549863097412641,
            46.41202173369652
          ],
          [
            7.549182346311457,
            46.41207244573619
          ],
          [
            7.548753265529179,
            46.41205244875762
          ],
          [
            7.5482650655923,
            46.41194998092432
          ],
          [
            7.54767187804886,
            46.41189519806171
          ],
          [
            7.54729714506709,
            46.411912358661866
          ],
          [
            7.546237547252455,
            46.412005565963476
          ],
          [
            7.545670160657695,
            46.412022119692466
          ],
          [
            7.545163023268695,
            46.412056048007464
          ],
          [
            7.544383612805458,
            46.41219043748696
          ],
          [
            7.543841886303687,
            46.41216096366413
          ],
          [
            7.5433818462925,
            46.41204205885682
          ],
          [
            7.543348539609983,
            46.41188603312866
          ],
          [
            7.5430410026602175,
            46.41185431681139
          ],
          [
            7.542663556240229,
            46.411895087098124
          ],
          [
            7.5426174692958305,
            46.411781163342226
          ],
          [
            7.54237691024931,
            46.41161838092554
          ],
          [
            7.5421085436347655,
            46.41156383161529
          ],
          [
            7.541529258794541,
            46.41169017606486
          ],
          [
            7.540333439156878,
            46.411638099199564
          ],
          [
            7.5401717351247095,
            46.411830524458075
          ],
          [
            7.539397570915963,
            46.4117535496107
          ],
          [
            7.5388603171448505,
            46.4109737134235
          ],
          [
            7.538476958629295,
            46.41055937695485
          ],
          [
            7.538100700139762,
            46.41044919331487
          ],
          [
            7.537173247506418,
            46.41038313119682
          ],
          [
            7.536605599460912,
            46.41047089418415
          ],
          [
            7.536157707229769,
            46.41040126373124
          ],
          [
            7.536238488212152,
            46.410141940773684
          ],
          [
            7.536032881909229,
            46.409954251173716
          ],
          [
            7.5354781853040995,
            46.40989252608672
          ],
          [
            7.535197699413565,
            46.40998486034139
          ],
          [
            7.534334356362163,
            46.40991662491609
          ],
          [
            7.533896276960831,
            46.40969718208115
          ],
          [
            7.533544456258252,
            46.409406384692794
          ],
          [
            7.53361869594376,
            46.40917829286739
          ],
          [
            7.5334799514968,
            46.4089856045457
          ],
          [
            7.532776475945689,
            46.40866438450311
          ],
          [
            7.532791836695537,
            46.40821925905508
          ],
          [
            7.532981968740638,
            46.40805563391214
          ],
          [
            7.5329422017767005,
            46.40785987676956
          ],
          [
            7.53264416504743,
            46.40767890491252
          ],
          [
            7.532695794247339,
            46.40756606628708
          ],
          [
            7.5332277442304445,
            46.40745413612281
          ],
          [
            7.533502660616881,
            46.40729026009809
          ],
          [
            7.533578261399226,
            46.407091232048174
          ],
          [
            7.53336428483679,
            46.406788868254786
          ],
          [
            7.5321135167497335,
            46.40651319979431
          ],
          [
            7.531826212466497,
            46.40592341957184
          ],
          [
            7.531839595977478,
            46.40554258763131
          ],
          [
            7.531457474311861,
            46.40511315878653
          ],
          [
            7.528607584317286,
            46.40029129251836
          ],
          [
            7.528941881041369,
            46.40006027345143
          ],
          [
            7.5291791822960334,
            46.39982558795014
          ],
          [
            7.529756527847633,
            46.39953028915425
          ],
          [
            7.530417734711939,
            46.39946107938313
          ],
          [
            7.5312540724943915,
            46.39884668788431
          ],
          [
            7.532429666069158,
            46.39824412982478
          ],
          [
            7.5326318274418655,
            46.39800306097041
          ],
          [
            7.53289750020904,
            46.39782116670589
          ],
          [
            7.53385135655324,
            46.397368391608424
          ],
          [
            7.534662765474036,
            46.397125902039726
          ],
          [
            7.536120032242889,
            46.39658099178298
          ],
          [
            7.538027261290204,
            46.39597279322686
          ],
          [
            7.5389405789176935,
            46.39561091130351
          ],
          [
            7.539445165476689,
            46.395487560364614
          ],
          [
            7.540123440268493,
            46.39522541248868
          ],
          [
            7.5408051522723545,
            46.394857891624575
          ],
          [
            7.541932772959849,
            46.39453740768687
          ],
          [
            7.543118022621701,
            46.39423452729143
          ],
          [
            7.543811700434704,
            46.39412328096547
          ],
          [
            7.544820041919441,
            46.39421857516379
          ],
          [
            7.545223720383748,
            46.39410595197518
          ],
          [
            7.546993873533192,
            46.39401065210463
          ],
          [
            7.547079851770574,
            46.39390623919759
          ],
          [
            7.547524170471827,
            46.393718005912454
          ],
          [
            7.548160620264783,
            46.39339521013385
          ],
          [
            7.548527213002143,
            46.39313038657115
          ],
          [
            7.548590319923798,
            46.3929751061991
          ],
          [
            7.549098905397782,
            46.392749715872554
          ],
          [
            7.549352568641552,
            46.392590139711686
          ],
          [
            7.549583776515907,
            46.392481158243704
          ],
          [
            7.549714865919502,
            46.392398738826145
          ],
          [
            7.550216747662567,
            46.392186951387465
          ],
          [
            7.550394311293257,
            46.392046338007006
          ],
          [
            7.550774522331906,
            46.39192132197967
          ],
          [
            7.551232631494374,
            46.391770878235675
          ],
          [
            7.551550396866993,
            46.391532684068444
          ],
          [
            7.551810782302949,
            46.39143631706995
          ],
          [
            7.552140189776848,
            46.39129744850945
          ],
          [
            7.552149027499577,
            46.39112074746342
          ],
          [
            7.552374507654044,
            46.391032626856685
          ],
          [
            7.552724022505461,
            46.390768868161494
          ],
          [
            7.552964386714174,
            46.39063144442742
          ],
          [
            7.553251123441123,
            46.390370580535176
          ],
          [
            7.553586733236584,
            46.390230909919005
          ],
          [
            7.554159809071358,
            46.3899209808853
          ],
          [
            7.554383685025691,
            46.38986502628644
          ],
          [
            7.554489409071663,
            46.389671512939316
          ],
          [
            7.5548743717041855,
            46.38948231243728
          ],
          [
            7.555013763811935,
            46.38924006195848
          ],
          [
            7.555111442687921,
            46.38910398436226
          ],
          [
            7.5552666400968755,
            46.3889833384468
          ],
          [
            7.554958210207779,
            46.388877459494054
          ],
          [
            7.553535048554379,
            46.388388925642566
          ],
          [
            7.551807400782993,
            46.38779105516684
          ],
          [
            7.551416438146811,
            46.38765457319831
          ],
          [
            7.547823102895414,
            46.38639990700734
          ],
          [
            7.545797733311279,
            46.385711067329176
          ],
          [
            7.5412704655598075,
            46.38410454448922
          ],
          [
            7.540742064849442,
            46.38375053565264
          ],
          [
            7.540298697475522,
            46.38334160240734
          ],
          [
            7.539805519328394,
            46.38273191098353
          ],
          [
            7.538568033101029,
            46.380195492871295
          ],
          [
            7.538525312351733,
            46.3798908930727
          ],
          [
            7.53859815800133,
            46.37898952992252
          ],
          [
            7.53909243146269,
            46.377848333497305
          ],
          [
            7.538772956211652,
            46.37760650524531
          ],
          [
            7.537972507560482,
            46.3772211557973
          ],
          [
            7.537525223724398,
            46.377099895511556
          ],
          [
            7.536535465929652,
            46.37696355466172
          ],
          [
            7.536026748234359,
            46.37684126155818
          ],
          [
            7.535380809450446,
            46.37676305297135
          ],
          [
            7.535005245621878,
            46.37660802441834
          ],
          [
            7.534678373031531,
            46.37664707950758
          ],
          [
            7.534475424894517,
            46.3766551388922
          ],
          [
            7.534018268041898,
            46.37657421845343
          ],
          [
            7.5334826537928405,
            46.37642069452243
          ],
          [
            7.531147909189734,
            46.375974065868164
          ],
          [
            7.530520727063663,
            46.37591001851894
          ],
          [
            7.529218999813164,
            46.37563614069929
          ],
          [
            7.528530871792514,
            46.37540740254161
          ],
          [
            7.527981289642714,
            46.375135750940515
          ],
          [
            7.527420653095855,
            46.37480002036967
          ],
          [
            7.526958131782024,
            46.374624072750485
          ],
          [
            7.5264538423037735,
            46.37461841561199
          ],
          [
            7.52590373704938,
            46.374733449564545
          ],
          [
            7.52519609775408,
            46.37472526093174
          ],
          [
            7.524964109383179,
            46.3747424557939
          ],
          [
            7.524752958749158,
            46.37484519196396
          ],
          [
            7.524572425178131,
            46.37488839866616
          ],
          [
            7.52350912670698,
            46.37486908635172
          ],
          [
            7.523086640665379,
            46.374900118717576
          ],
          [
            7.521792331085309,
            46.37490054386393
          ],
          [
            7.5216370562486645,
            46.37486360346188
          ],
          [
            7.521086020354107,
            46.374912604740395
          ],
          [
            7.520785166374629,
            46.37490759438337
          ],
          [
            7.519526967032035,
            46.37533528720084
          ],
          [
            7.518075678489467,
            46.37534895016999
          ],
          [
            7.5168517288252925,
            46.375600095235015
          ],
          [
            7.516073696947923,
            46.37561602388717
          ],
          [
            7.515279792118552,
            46.37558294961054
          ],
          [
            7.5150248352399664,
            46.375630805563816
          ],
          [
            7.5145626819743345,
            46.37579121669456
          ],
          [
            7.514092907590944,
            46.37593109392803
          ],
          [
            7.513800757749503,
            46.37598396416138
          ],
          [
            7.513222517990921,
            46.37603597652321
          ],
          [
            7.512752646004212,
            46.3761654313182
          ],
          [
            7.512496511904859,
            46.37614370113914
          ],
          [
            7.5117265378086815,
            46.37615640128908
          ],
          [
            7.511470849561393,
            46.37611769375338
          ],
          [
            7.5109849017469905,
            46.375955657023496
          ],
          [
            7.5101888200850055,
            46.37593907340765
          ],
          [
            7.509560217050732,
            46.37588233229831
          ],
          [
            7.508531788204089,
            46.37592433395983
          ],
          [
            7.507407567096158,
            46.37591153733608
          ],
          [
            7.507155366348447,
            46.375841594143026
          ],
          [
            7.506314107902473,
            46.37517834142963
          ],
          [
            7.506018375687452,
            46.374887659607964
          ],
          [
            7.505833721128339,
            46.37476136119302
          ],
          [
            7.5056775777350175,
            46.37461028087436
          ],
          [
            7.505664968681795,
            46.37444826795189
          ],
          [
            7.505704817897765,
            46.37433246194765
          ],
          [
            7.505935216041635,
            46.37416979416493
          ],
          [
            7.506061955697406,
            46.373860612022284
          ],
          [
            7.506061459222489,
            46.373455404187375
          ],
          [
            7.505885050826421,
            46.37328799998746
          ],
          [
            7.505560292910625,
            46.37316436481241
          ],
          [
            7.505178059713326,
            46.373088222952084
          ],
          [
            7.504980886716673,
            46.37300654872299
          ],
          [
            7.504600639023082,
            46.372481701781346
          ],
          [
            7.504224675477589,
            46.37226324225338
          ],
          [
            7.50382118889376,
            46.372077190355355
          ],
          [
            7.50356379415168,
            46.37190375640696
          ],
          [
            7.503255118624501,
            46.371641159055805
          ],
          [
            7.502914187738081,
            46.371576608686894
          ],
          [
            7.502765745380945,
            46.371227400322695
          ],
          [
            7.502584339455681,
            46.37062469529063
          ],
          [
            7.502454346141763,
            46.370458087525236
          ],
          [
            7.501836573377665,
            46.37027527781416
          ],
          [
            7.5006182336994724,
            46.369990860550786
          ],
          [
            7.500267528494248,
            46.369970772883704
          ],
          [
            7.500012238179668,
            46.37002246335074
          ],
          [
            7.499314982006951,
            46.3698836529132
          ],
          [
            7.499058226632403,
            46.369855928591996
          ],
          [
            7.4988802368308045,
            46.369911452997876
          ],
          [
            7.49842213131028,
            46.370376154251126
          ],
          [
            7.497363991013404,
            46.370703105486506
          ],
          [
            7.497170800343178,
            46.37059526534843
          ],
          [
            7.496484428034138,
            46.371032826845855
          ],
          [
            7.495893723548394,
            46.371323626943095
          ],
          [
            7.495076326479377,
            46.37152595531755
          ],
          [
            7.494995026502707,
            46.37180784615668
          ],
          [
            7.494727945756215,
            46.37198496551625
          ],
          [
            7.494092904836507,
            46.37184862937807
          ],
          [
            7.493497716571133,
            46.37159870090741
          ],
          [
            7.491883916150896,
            46.371152402003624
          ],
          [
            7.49115931641999,
            46.37078758380879
          ],
          [
            7.490405718041457,
            46.3703093391322
          ],
          [
            7.489889488200989,
            46.370370973800114
          ],
          [
            7.489263621890699,
            46.37034238314142
          ],
          [
            7.488386742881103,
            46.370568959516724
          ],
          [
            7.487098294577914,
            46.37065922987379
          ],
          [
            7.486855061680181,
            46.37072608822728
          ],
          [
            7.48644510092412,
            46.37099672116827
          ],
          [
            7.4858876614546785,
            46.371421283236586
          ],
          [
            7.485471374524851,
            46.37176862095265
          ],
          [
            7.485318570877898,
            46.37194066117949
          ],
          [
            7.4852084368549745,
            46.37219568667232
          ],
          [
            7.485124325225809,
            46.37253446888003
          ],
          [
            7.485260289702523,
            46.37687165598955
          ],
          [
            7.4851936652098505,
            46.3773802956277
          ],
          [
            7.484953273193252,
            46.378303073710704
          ],
          [
            7.484617186346755,
            46.379150290116634
          ],
          [
            7.481416183137099,
            46.38415078361689
          ],
          [
            7.480863778859475,
            46.38448612738208
          ],
          [
            7.479400803546659,
            46.3852697654507
          ],
          [
            7.478668033724572,
            46.384950531989304
          ],
          [
            7.477414667539767,
            46.38448779971492
          ],
          [
            7.476390553548424,
            46.38438382386549
          ],
          [
            7.474814112516708,
            46.383887028957886
          ],
          [
            7.4737794751126065,
            46.38380724001445
          ],
          [
            7.4732902229951845,
            46.38363315937854
          ],
          [
            7.473354336852526,
            46.38228268979326
          ],
          [
            7.473346502615274,
            46.38207997567812
          ],
          [
            7.473326565955818,
            46.38156214836015
          ],
          [
            7.472736299388278,
            46.38085448380126
          ],
          [
            7.4711244953235285,
            46.38031011504252
          ],
          [
            7.470589633439288,
            46.3794517471159
          ],
          [
            7.470268194801925,
            46.37923661429881
          ],
          [
            7.4702601672874716,
            46.37876290676896
          ],
          [
            7.469735007755671,
            46.37812108390689
          ],
          [
            7.4692265078852325,
            46.378283796119895
          ],
          [
            7.468231802232888,
            46.37789454150103
          ],
          [
            7.46803960277549,
            46.37805365962879
          ],
          [
            7.465843241494725,
            46.37838383499998
          ],
          [
            7.464764964177619,
            46.37808944616615
          ],
          [
            7.4642030637294186,
            46.378039644002776
          ],
          [
            7.46363625748024,
            46.37806238982215
          ],
          [
            7.463269770548691,
            46.3776771394181
          ],
          [
            7.463097192686417,
            46.37728824947683
          ],
          [
            7.462762248795428,
            46.37697077292306
          ],
          [
            7.462580464411486,
            46.376710395599474
          ],
          [
            7.462136194893979,
            46.37642066386829
          ],
          [
            7.460338699551146,
            46.37727902847253
          ],
          [
            7.459029542529842,
            46.37818548928296
          ],
          [
            7.458831241572772,
            46.37851737182275
          ],
          [
            7.458764471523191,
            46.378916393154846
          ],
          [
            7.459095640805531,
            46.37932309180337
          ],
          [
            7.4592952015187715,
            46.37944967067781
          ],
          [
            7.459308565642455,
            46.379599373563664
          ],
          [
            7.459124045227385,
            46.379732252967905
          ],
          [
            7.459228928678326,
            46.380425644681544
          ],
          [
            7.4592155569451135,
            46.38086529024497
          ],
          [
            7.4591138068605085,
            46.38100635926134
          ],
          [
            7.458438789205297,
            46.381155567190376
          ],
          [
            7.458060914212096,
            46.38148109124392
          ],
          [
            7.457464053600825,
            46.38149488741141
          ],
          [
            7.457128186711327,
            46.38167766810914
          ],
          [
            7.456872319463953,
            46.38193357006429
          ],
          [
            7.456190904121331,
            46.38230218688619
          ],
          [
            7.455584772384393,
            46.38251336553505
          ],
          [
            7.455307539342143,
            46.382731350407
          ],
          [
            7.454948421988039,
            46.38293488077535
          ],
          [
            7.454600816387074,
            46.383036146200645
          ],
          [
            7.454330648534356,
            46.38320836699329
          ],
          [
            7.453224030037832,
            46.38339115292377
          ],
          [
            7.452885211480155,
            46.38341116353017
          ],
          [
            7.4523123300009315,
            46.38350632215608
          ],
          [
            7.451813438755372,
            46.383501735409254
          ],
          [
            7.4515208727833535,
            46.38360075450791
          ],
          [
            7.4510817281221415,
            46.38380477578591
          ],
          [
            7.450873602284249,
            46.38398019345148
          ],
          [
            7.450626517546294,
            46.38409191651403
          ],
          [
            7.450414424336497,
            46.38400639759884
          ],
          [
            7.450368618667724,
            46.383756017717936
          ],
          [
            7.449956385633023,
            46.38353508768836
          ],
          [
            7.44927550444524,
            46.38348597794813
          ],
          [
            7.449069181641284,
            46.38336899831626
          ],
          [
            7.448792775209441,
            46.38335299993511
          ],
          [
            7.448469350212925,
            46.38347991809136
          ],
          [
            7.448087813228584,
            46.383484697096236
          ],
          [
            7.447528582949668,
            46.38330520303775
          ],
          [
            7.447026630728382,
            46.38342764065159
          ],
          [
            7.446900356127966,
            46.38358028666929
          ],
          [
            7.446708651433489,
            46.38368243524122
          ],
          [
            7.446400313398277,
            46.38372369018831
          ],
          [
            7.44576486837544,
            46.383601871943874
          ],
          [
            7.44522588021688,
            46.38364021248467
          ],
          [
            7.444315226660678,
            46.3836264549627
          ],
          [
            7.444027234714206,
            46.38372326857898
          ],
          [
            7.443121798190395,
            46.38339787478464
          ],
          [
            7.442403965911074,
            46.38327586932162
          ],
          [
            7.441500688580002,
            46.383604624435115
          ],
          [
            7.441036305895125,
            46.38396850444768
          ],
          [
            7.440173305655131,
            46.384328454275774
          ],
          [
            7.4397785431043815,
            46.384602048640666
          ],
          [
            7.438630304600826,
            46.386148797780294
          ],
          [
            7.437614413274381,
            46.38596180167949
          ],
          [
            7.437190397608423,
            46.38577514330886
          ],
          [
            7.4361317479596,
            46.3856339927053
          ],
          [
            7.435870529425426,
            46.38543425458469
          ],
          [
            7.434990177976368,
            46.385233484989676
          ],
          [
            7.433391030761683,
            46.385083613830325
          ],
          [
            7.43286838235691,
            46.384617457749854
          ],
          [
            7.432904577692173,
            46.38446124184687
          ],
          [
            7.43238438570581,
            46.38427073664237
          ],
          [
            7.430626598464701,
            46.38237863339531
          ],
          [
            7.429221623606296,
            46.38156270938012
          ],
          [
            7.428481491956811,
            46.38098581279222
          ],
          [
            7.427416413691295,
            46.38058445358688
          ],
          [
            7.426141832583999,
            46.38067718945894
          ],
          [
            7.424762515504108,
            46.38103123827455
          ],
          [
            7.423752179128146,
            46.380473390833544
          ],
          [
            7.422624522763944,
            46.380277968654696
          ],
          [
            7.421718035436955,
            46.38051108597865
          ],
          [
            7.420561140171768,
            46.38042715742452
          ],
          [
            7.419758750005699,
            46.38031977405052
          ],
          [
            7.4193401812633555,
            46.38041386627408
          ],
          [
            7.4186432358117385,
            46.380231722138106
          ],
          [
            7.417696818010763,
            46.38026485411482
          ],
          [
            7.416858502658406,
            46.38017431005164
          ],
          [
            7.416426898493478,
            46.37982917743915
          ],
          [
            7.416133976608488,
            46.37929448014136
          ],
          [
            7.414971116357045,
            46.378768709046646
          ],
          [
            7.41425783670171,
            46.378850367101535
          ],
          [
            7.41298271923942,
            46.378589453653305
          ],
          [
            7.411564651238906,
            46.37856231391265
          ],
          [
            7.4111577557725665,
            46.37837930449353
          ],
          [
            7.410675369996783,
            46.377788889435614
          ],
          [
            7.410387462618963,
            46.377577814199476
          ],
          [
            7.4097321422206015,
            46.377502152150775
          ],
          [
            7.409225390986593,
            46.37713189245279
          ],
          [
            7.408692081299047,
            46.37696596790429
          ],
          [
            7.407958557180396,
            46.376929441202876
          ],
          [
            7.4073650537851226,
            46.37675855498893
          ],
          [
            7.406877539338167,
            46.37672654380788
          ],
          [
            7.406466233675898,
            46.37651366876506
          ],
          [
            7.4059946847636535,
            46.376414668015855
          ],
          [
            7.405434888424424,
            46.37639773283084
          ],
          [
            7.4042958504778085,
            46.37614828589834
          ],
          [
            7.403475299064892,
            46.37556599230765
          ],
          [
            7.402914948904774,
            46.37553646860284
          ],
          [
            7.402354120319786,
            46.37535266696506
          ],
          [
            7.402120237436291,
            46.374891132193845
          ],
          [
            7.402274744773473,
            46.37477291767036
          ],
          [
            7.401000413342504,
            46.374207034735754
          ],
          [
            7.400519361782353,
            46.37489320025598
          ],
          [
            7.400347302931125,
            46.37537353427549
          ],
          [
            7.400526100610264,
            46.375859359919815
          ],
          [
            7.400299145875471,
            46.37620516331665
          ],
          [
            7.399816796671648,
            46.37646197312284
          ],
          [
            7.399398631405628,
            46.3764609619976
          ],
          [
            7.398775038467209,
            46.375989044392995
          ],
          [
            7.397741380133313,
            46.37548536201307
          ],
          [
            7.396970332950732,
            46.3748894831335
          ],
          [
            7.396588325997872,
            46.374852510705324
          ],
          [
            7.396204999277029,
            46.37451611702566
          ],
          [
            7.395271326485799,
            46.3743098727555
          ],
          [
            7.394208939608041,
            46.3737978708971
          ],
          [
            7.393912376394445,
            46.37376560135635
          ],
          [
            7.393871424399899,
            46.37351921259257
          ],
          [
            7.392865312224435,
            46.373159921591906
          ],
          [
            7.392562438973489,
            46.37293050673308
          ],
          [
            7.392265255409179,
            46.37211073738457
          ],
          [
            7.3919893189703,
            46.37185068413463
          ],
          [
            7.391285482768741,
            46.37144573592234
          ],
          [
            7.390136088187054,
            46.37100968074466
          ],
          [
            7.389479784262046,
            46.36976482026892
          ],
          [
            7.388382674940358,
            46.368935580490415
          ],
          [
            7.387005473027283,
            46.369185297949535
          ],
          [
            7.386456689296584,
            46.36909874683811
          ],
          [
            7.38619264066998,
            46.36870042221891
          ],
          [
            7.385482151165129,
            46.368431808492126
          ],
          [
            7.385260650703996,
            46.36813222902797
          ],
          [
            7.384952473294439,
            46.36799063355828
          ],
          [
            7.384665859968351,
            46.367742485495015
          ],
          [
            7.384542069571705,
            46.36744842129485
          ],
          [
            7.384540721288701,
            46.3669839493709
          ],
          [
            7.384301881632763,
            46.36691640182856
          ],
          [
            7.383990768665589,
            46.36640213142024
          ],
          [
            7.383020593338645,
            46.36578897685203
          ],
          [
            7.382296031122748,
            46.36518943189686
          ],
          [
            7.378884893426941,
            46.37039452301304
          ],
          [
            7.379277313547117,
            46.370634726986836
          ],
          [
            7.379703980461157,
            46.37114612992779
          ],
          [
            7.378990597569743,
            46.3716882589564
          ],
          [
            7.378738279795686,
            46.3722356516473
          ],
          [
            7.3785821761616965,
            46.37237049312813
          ],
          [
            7.3780688080319194,
            46.373527359227374
          ],
          [
            7.377563216678118,
            46.373898872891424
          ],
          [
            7.377319657179866,
            46.374006812770254
          ],
          [
            7.37596405773855,
            46.374345131822686
          ],
          [
            7.375693649029444,
            46.37454663465482
          ],
          [
            7.374905552850446,
            46.37538446312796
          ],
          [
            7.374288860862041,
            46.3761910442805
          ],
          [
            7.374166087749142,
            46.37643147159652
          ],
          [
            7.374181883952756,
            46.37664315686576
          ],
          [
            7.374378791092919,
            46.377063672100434
          ],
          [
            7.374313316261699,
            46.37747026381905
          ],
          [
            7.374714003917,
            46.37797453704831
          ],
          [
            7.374893861471343,
            46.37838905052925
          ],
          [
            7.375000492060696,
            46.378881145285895
          ],
          [
            7.374961666325384,
            46.37940666578512
          ],
          [
            7.374778254680536,
            46.37995149823556
          ],
          [
            7.374808811500772,
            46.38021379226981
          ],
          [
            7.374713313309713,
            46.38057468724472
          ],
          [
            7.374348339823777,
            46.38077140099897
          ],
          [
            7.374134358005855,
            46.38171553977505
          ],
          [
            7.3740692037529545,
            46.3818504365545
          ],
          [
            7.373917904094308,
            46.38201100190491
          ],
          [
            7.373657696867108,
            46.382208754635705
          ],
          [
            7.373834864637422,
            46.38229488278704
          ],
          [
            7.374825890349833,
            46.38224006746468
          ],
          [
            7.375902059720914,
            46.382456860401795
          ],
          [
            7.3764466834893465,
            46.38254495354462
          ],
          [
            7.377580561421529,
            46.38310688896346
          ],
          [
            7.378243795269757,
            46.383550284677156
          ],
          [
            7.379309937247163,
            46.384065001992816
          ],
          [
            7.379892069022374,
            46.384474296416236
          ],
          [
            7.380370573271336,
            46.38454546002899
          ],
          [
            7.381012337678666,
            46.38447969371575
          ],
          [
            7.3820916112268735,
            46.384138412608
          ],
          [
            7.382507631213521,
            46.38408464916544
          ],
          [
            7.383079767411565,
            46.38390502336091
          ],
          [
            7.3834854849581335,
            46.383830588232726
          ],
          [
            7.383768518474586,
            46.384085277299995
          ],
          [
            7.384288286642662,
            46.38426742374751
          ],
          [
            7.384977156943133,
            46.38433774381763
          ],
          [
            7.386471651690848,
            46.38472526620636
          ],
          [
            7.388148180552441,
            46.385085864764186
          ],
          [
            7.389101177139105,
            46.385356971792554
          ],
          [
            7.389757383196941,
            46.38584261233971
          ],
          [
            7.390520251354618,
            46.386094426988166
          ],
          [
            7.390875345775666,
            46.3862483154586
          ],
          [
            7.391174929128034,
            46.386466821693176
          ],
          [
            7.3915011449963055,
            46.38676522860598
          ],
          [
            7.391578084545599,
            46.38700530954628
          ],
          [
            7.39147517869364,
            46.38719757442794
          ],
          [
            7.391291025988249,
            46.387300406074104
          ],
          [
            7.391053762846715,
            46.3873375106249
          ],
          [
            7.390112383673931,
            46.387678037832714
          ],
          [
            7.3893613562770195,
            46.388094483883776
          ],
          [
            7.388699117500043,
            46.38820829797871
          ],
          [
            7.388529070393548,
            46.38831490064006
          ],
          [
            7.388219248025028,
            46.388750931624614
          ],
          [
            7.388125703398424,
            46.38924114189478
          ],
          [
            7.388359118011967,
            46.390220745553265
          ],
          [
            7.388222922776439,
            46.390650656913294
          ],
          [
            7.387306735178756,
            46.390538764147884
          ],
          [
            7.386920853443177,
            46.39044927688553
          ],
          [
            7.382909250865904,
            46.39001427405769
          ],
          [
            7.382080379441113,
            46.39086113669391
          ],
          [
            7.381075602883454,
            46.39094214975051
          ],
          [
            7.380237668968587,
            46.39108520328407
          ],
          [
            7.3794265568172595,
            46.39129315932678
          ],
          [
            7.379213090236114,
            46.39145420248495
          ],
          [
            7.378967200930093,
            46.39241621663307
          ],
          [
            7.3785020878231755,
            46.39278130633824
          ],
          [
            7.378335469455595,
            46.39329817717191
          ],
          [
            7.377870781828703,
            46.39455894123205
          ],
          [
            7.377748645189289,
            46.39501689606141
          ],
          [
            7.377610462407266,
            46.39595299560482
          ],
          [
            7.376949810239785,
            46.39645744906953
          ],
          [
            7.3762883671082164,
            46.39739527162976
          ],
          [
            7.375701165162096,
            46.3978182674275
          ],
          [
            7.375387938044171,
            46.39797686327537
          ],
          [
            7.375007893825454,
            46.398296693829685
          ],
          [
            7.374791712012668,
            46.39862862607183
          ],
          [
            7.37473085367992,
            46.39884148180133
          ],
          [
            7.374788186721618,
            46.39923961612081
          ],
          [
            7.375789069779872,
            46.399910358212274
          ],
          [
            7.3773279485296905,
            46.40041711907763
          ],
          [
            7.378558845464672,
            46.40154653289306
          ],
          [
            7.379085136103888,
            46.40183262411603
          ],
          [
            7.381440212520581,
            46.40383965672046
          ],
          [
            7.381975687665382,
            46.40445115601854
          ],
          [
            7.382710742810358,
            46.40564795461193
          ],
          [
            7.383175926367241,
            46.40618179865385
          ],
          [
            7.382521899342435,
            46.407217074859524
          ],
          [
            7.382296950696064,
            46.40821320008506
          ],
          [
            7.38284656773232,
            46.40869571407013
          ],
          [
            7.383066376619138,
            46.40899264357271
          ],
          [
            7.383006459559043,
            46.40969452443896
          ],
          [
            7.382277839651781,
            46.4102140606872
          ],
          [
            7.382790880670532,
            46.41139154053723
          ],
          [
            7.382654397944859,
            46.411779597378064
          ],
          [
            7.3830476303653585,
            46.41216767658401
          ],
          [
            7.382992119693955,
            46.41320494355079
          ],
          [
            7.383207506814469,
            46.413582552319085
          ],
          [
            7.383414067621991,
            46.41395845612875
          ],
          [
            7.383316663932154,
            46.414411400571254
          ],
          [
            7.383426987219072,
            46.414594570237014
          ],
          [
            7.383548148533292,
            46.41468661046469
          ],
          [
            7.38367380546461,
            46.414770826585126
          ],
          [
            7.38431944152257,
            46.415719974783954
          ],
          [
            7.384687398212868,
            46.41739841346901
          ],
          [
            7.383371386849856,
            46.41716601431512
          ],
          [
            7.382368669445061,
            46.417165152899635
          ],
          [
            7.381658476637654,
            46.41725964215286
          ],
          [
            7.381278204370016,
            46.417482538749724
          ],
          [
            7.381252006337645,
            46.417786919262625
          ],
          [
            7.38088361722384,
            46.41803371303258
          ],
          [
            7.379808960074889,
            46.41910221870764
          ],
          [
            7.379399094926293,
            46.41943669313453
          ],
          [
            7.378799103152801,
            46.419717963130516
          ],
          [
            7.378427484317323,
            46.420523330578355
          ],
          [
            7.377486746874114,
            46.42126440964874
          ],
          [
            7.377366313134397,
            46.42143001606545
          ],
          [
            7.377647808387819,
            46.423212311565266
          ],
          [
            7.3775584565655725,
            46.423984132364474
          ],
          [
            7.377535049021454,
            46.425091526013276
          ],
          [
            7.3774733377666495,
            46.42557818253845
          ],
          [
            7.376956459806721,
            46.42594945354168
          ],
          [
            7.3766126452020755,
            46.426276721876434
          ],
          [
            7.375121944628933,
            46.42726455741966
          ],
          [
            7.37480253359963,
            46.42782752851333
          ],
          [
            7.375154558918628,
            46.42824965087605
          ]
        ]
      }
    }
  ]
}