name,country,relation,bfs_nummer,bezirksnummer,kantonsnummer,iou,area_diff_pct,hausdorff_distance,symmetric_diff_pct,swisstopo_area,osm_area
Adliswil,CH,1682077,131,106,1,0.9999954665353028,2.2216870116647667e-05,0.015,0.0004533474469418427,7768065.370789585,7768063.644968591
Rheinwald,CH,9173036,3714,1851,18,0.9999987215987362,7.2978676551887834e-06,0.016,0.00012784021214363406,136810626.26585636,136810636.2501148
Grens,CH,1684998,5722,2228,22,0.9999920267880803,2.1910005484354746e-05,0.013,0.0007973244578439629,2559718.954601545,2559719.515436108
Val Terbi,CH,2758687,6730,2601,26,0.9999969347895515,9.449885660979785e-06,0.015,0.00030652152878267837,46687399.64717521,46687404.05908109
Windisch,CH,1684461,4123,1904,19,0.9999836432690961,0.00026086884716577675,0.457,0.0016356843342327343,4906775.814463526,4906763.014214026
Pleigne,CH,1685621,6719,2601,26,0.9999971940021579,9.547492940360394e-06,0.015,0.00028060016455110846,17840527.889158078,17840526.185834937
Risch,CH,1683147,1707,,9,0.9999976821551612,1.665729217461021e-05,0.016,0.00023178477162099636,22967071.472768426,22967075.298460625
Zeihen,CH,1684470,4183,1906,19,0.9999941583471771,3.419736541086948e-05,0.015,0.0005841670886163961,6875403.28565953,6875405.636866315
Vucherens,CH,1685197,5692,2222,22,0.9999941637521134,8.047637144003465e-06,0.015,0.0005836264682297789,3276336.9538380806,3276336.690170371
Roche (VD),CH,1685121,5413,2221,22,0.9999953356250307,9.935796980735906e-05,0.014,0.00046643835289299126,6447636.674207325,6447630.267966425
Schönenwerd,CH,1683574,2583,1108,11,0.9999932878066151,9.664131704036901e-05,0.014,0.0006712219153927881,3712533.9929903927,3712537.580832139
Corcelles-près-Payerne,CH,1684921,5816,2222,22,0.9999963820156126,6.380856371634328e-05,0.013,0.00036179920857305916,12115641.73945062,12115649.4702676
Reinach (AG),CH,1684398,4141,1905,19,0.9999945890505854,2.4673729649441015e-07,0.015,0.00054109640585781,9475059.763963653,9475059.78734216
Missy,CH,1685049,5821,2222,22,0.999335024672539,0.002511550247433742,3.052,0.06651881437179802,3113589.3004204566,3113511.101060678
Düdingen,CH,1683310,2293,1006,10,0.9999981756911497,1.179174792328537e-05,0.015,0.0001824310407011484,30763230.16611676,30763226.538594205
Montpreveyres,CH,1685061,5792,2226,22,0.9999922049744359,0.00019630140244878365,0.015,0.0007795063595628227,4123637.305630929,4123645.4003887917
Schattdorf,CH,1683102,1213,,4,0.9996559940465594,0.013906430257654792,3.516,0.034408905725562454,16333169.079077043,16335440.43984389
Gachnang,CH,1684523,4571,2012,20,0.9999958818155664,3.152047251143398e-05,0.017,0.00041181935649127845,9736115.557591831,9736118.62646146
Treytorrens (Payerne),CH,1685167,5828,2222,22,0.9993321338655723,0.035750399926288944,3.214,0.06679698092277987,3073698.9655139744,3072600.105841273
Chavannes-des-Bois,CH,1684890,5708,2228,22,0.9999934547133394,0.00018956155586888847,0.014,0.0006545301876712108,2124289.277579928,2124285.250744122
Horn,CH,1684531,4421,2011,20,0.9999891593527938,4.941887894645784e-05,0.016,0.0010840708643185494,1754364.9954455413,1754365.8624330547
Arni (BE),CH,1682366,602,246,2,0.9999949449068967,1.7141641976984848e-05,0.015,0.0005055105447440534,10429492.617229909,10429490.829443624
Morlon,CH,1683367,2143,1003,10,0.9999939080739129,0.0001195771175897734,0.015,0.0006091948285823724,4236409.299949351,4236414.365725481
Saubraz,CH,1685147,5437,2227,22,0.9991619919646948,0.017154988157169634,3.37,0.08382874010047872,3707138.612721019,3706502.653531037
Berlingen,CH,1684503,4801,2012,20,0.9999919099379789,3.0094830765821967e-05,0.015,0.0008090093529032682,3577561.257811057,3577560.181150051
Münsingen,CH,1682570,616,246,2,0.9999963328562114,8.805300109232959e-06,0.016,0.00036671503502137137,15774325.734072614,15774324.345095893
Falera,CH,1684074,3572,1850,18,0.9999974653878437,4.969722380212343e-06,0.016,0.0002534615306605034,22361420.679639373,22361419.568338845
Marsens,CH,1683359,2140,1003,10,0.9999937042810667,4.384073349086276e-05,0.015,0.0006295737372457009,8312386.336375482,8312382.692164342
L'Isle,CH,1685009,5486,2227,22,0.9999960073381454,1.5804323214719542e-05,0.015,0.0003992670142472645,16222904.212987322,16222906.776907539
Wuppenau,CH,1684572,4791,2015,20,0.9999948025510073,8.641623964612411e-06,0.019,0.0005197462723644892,12119144.53982462,12119145.587115519
Wynigen,CH,1682733,424,245,2,0.9999972802866611,4.149541751861944e-06,0.016,0.000271971709456732,28320191.915642146,28320193.090800334
Fisibach,CH,1684308,4306,1911,19,0.9999941122923962,1.2566743723120569e-05,0.016,0.0005887725304268951,5769405.692854636,5769406.417881064
Tentlingen,CH,1683410,2307,1006,10,0.9999927050848298,0.0001925203454826359,0.016,0.0007294948799390582,3610249.0540108723,3610256.004474824
Unterengstringen,CH,1682222,249,111,1,0.9999508994606507,0.00036845459847146145,0.176,0.004910183526909652,3336885.2089399262,3336897.5038469243
Wiggiswil,CH,1682722,553,246,2,0.9987966112489409,0.04627239659089543,2.755,0.12038346732026788,1441608.2568306713,1440941.1901407836
Crans-Montana,CH,6820012,6253,2311,23,0.9999639340435362,0.003195089447419539,2.705,0.0036067183030965497,59655520.011339195,59657426.05856388
Root,CH,1682912,1065,312,3,0.9999948319372345,6.05126162862967e-05,0.016,0.0005168074557189048,9900112.997988045,9900107.007170655
Seon,CH,1684425,4209,1907,19,0.999996616414354,2.0964926967180753e-05,0.015,0.00033835917248502804,9620356.128180506,9620358.145081142
Kloten,CH,1682154,62,103,1,0.9999966683311549,3.261673853255047e-05,0.019,0.0003331674936357626,19173964.280319445,19173970.53424124
Lantsch/Lenz,CH,1684100,3513,1841,18,0.9999974668382873,1.0966481232254348e-05,0.016,0.0002533165058483861,21808601.962434094,21808604.354070336
Brunegg,CH,1684282,4193,1907,19,0.9998837982239761,0.00042290123919450063,0.259,0.011620828211983899,1554223.4815695633,1554216.9087391999
Sissach,CH,1683708,2861,1304,13,0.9999953660641024,1.6137259897905946e-05,0.014,0.00046339470086023855,8896993.186806625,8896994.622537538
Ammerswil,CH,1684254,4191,1907,19,0.999994123471152,1.414510583784357e-05,0.014,0.0005876545699236139,3186607.6698899195,3186607.219140892
Le Noirmont,CH,1685608,6754,2602,26,0.9999971837462348,3.572132563481945e-05,0.014,0.00028162572266088684,20388273.9942776,20388266.711315855
Crassier,CH,1684929,5714,2228,22,0.999988710564187,5.445412801898298e-05,0.015,0.0011289496464703143,2030300.128586476,2030299.0230042448
La Baroche,CH,1685604,6810,2603,26,0.9999978585847279,5.549227911621028e-05,0.014,0.0002141416971479523,31071562.9339074,31071545.69158897
Meyrin,CH,1685516,6630,,25,0.9999966769068721,2.0602485011835053e-05,0.018,0.00033230983057976965,9937310.729679424,9937308.68234647
Veltheim (AG),CH,1684450,4120,1904,19,0.999995799179315,9.845547929137894e-05,0.014,0.0004200831576490185,5238638.573873467,5238643.731600183
Suscévaz,CH,1685158,5930,2224,22,0.9999581369104937,0.0015463329709056997,0.299,0.004186428946071031,4156739.7678259467,4156804.0448634913
Endingen,CH,3411173,4305,1911,19,0.9999967040917864,2.6748226007320324e-07,0.014,0.0003295913641849611,11913840.932439508,11913840.900572097
Morschach,CH,1683091,1366,506,5,0.9999978077844163,3.468019794313935e-05,0.014,0.00021922183658186226,23502309.011295896,23502317.161943182
Gränichen,CH,1684319,4006,1901,19,0.9999971209656903,4.580332175869192e-05,0.015,0.00028790391143775106,17233142.83984613,17233150.733197995
Cheseaux-sur-Lausanne,CH,1684899,5582,2225,22,0.9999938778260248,1.961550966745174e-05,0.016,0.000612219331444605,4584763.512573439,4584764.411898169
Mont-Tramelan,CH,1682557,437,241,2,0.9999922014405925,6.294032499463097e-05,0.008,0.0007798587361536007,4639706.079371432,4639703.159125347
Buckten,CH,1683635,2843,1304,13,0.9992236450479646,0.02347193728917133,3.145,0.0776565284414,1997945.9773439628,1997477.020717089
Nidau,CH,1682573,743,242,2,0.9999906952739742,0.00020015086228570867,0.016,0.000930476000329651,1521013.825836523,1521010.781514235
Staffelbach,CH,1684430,4284,1910,19,0.9999955646961096,3.733529909470421e-05,0.015,0.0004435314554347862,8933086.366180446,8933089.70137496
Grenchen,CH,1683510,2546,1107,11,0.9999975514385309,1.0366817943317404e-05,0.014,0.0002448564594844393,26026670.216175076,26026672.914312594
Rüttenen,CH,1683572,2555,1107,11,0.9999959432161486,7.622416000887305e-05,0.015,0.0004056790532166326,8765587.692268481,8765581.010772893
Magliaso,CH,1684704,5193,2105,21,0.999991134013383,2.4937913144819662e-05,0.012,0.0008866027024922962,1755649.058666061,1755649.4964882983
Eschenbach (SG),CH,2743488,3342,1726,17,0.9999978740040245,1.8160053203411917e-05,0.017,0.00021259980414336602,54891727.67884562,54891717.71047867
Winterthur,CH,1682243,230,110,1,0.9999979397886672,9.284560628853503e-07,0.017,0.00020602134413369804,68070608.48568803,68070607.85368234
Bercher,CH,1684849,5512,2223,22,0.999993636943524,3.040893977214129e-05,0.018,0.0006363075752777894,4268816.601758026,4268815.303656156
Saint-Martin (FR),CH,1683395,2335,1007,10,0.998983144954724,0.010312643612216487,3.335,0.10173198463675107,9783759.605935514,9782750.641675478
Güttingen,CH,1684525,4656,2013,20,0.999995560070059,1.7802408065382874e-06,0.015,0.0004439939757827973,9546367.2070065,9546367.037058175
Benken (SG),CH,1683864,3312,1726,17,0.9995510555408403,0.032972452669992706,3.3,0.04491192879681492,16495443.313216446,16500882.265455602
Dully,CH,1684950,5855,2228,22,0.9999263094598972,0.006638965844507375,0.833,0.007369080911556804,5754563.734534591,5754181.691013755
Forel (Lavaux),CH,1684977,5604,2226,22,0.9999970410055693,3.98528375659822e-06,0.015,0.0002958998750034368,18508235.758285552,18508235.02067984
Liedertswil,CH,1683668,2890,1305,13,0.9999902433766705,0.0001909947932783862,0.015,0.0009756680242812754,1944730.3270051198,1944734.0413387876
Terre di Pedemonte,CH,2888313,5396,2104,21,0.9999966154630435,6.659719491194664e-05,0.017,0.00033845415542200884,11591013.873943152,11591006.15465305
Laupen,CH,1682527,667,246,2,0.9999935256764496,3.5278468329949723e-06,0.014,0.0006474344623243356,4138186.3209970095,4138186.4669858846
Echarlens,CH,1683311,2131,1003,10,0.9999944854031134,2.673144476213865e-05,0.014,0.000551461282914359,5195261.683478826,5195263.072247333
Bedano,CH,1684622,5148,2105,21,0.999975630954125,0.0007180602967700901,0.27,0.002436943029778848,1872834.4345800583,1872847.8826605573
Erschwil,CH,1683501,2615,1110,11,0.9990448326154765,0.04096030546244343,3.553,0.09554280616447694,7429920.896554045,7426877.578259199
Mézières (FR),CH,1683372,2087,1002,10,0.9999960818840863,2.4551574312774183e-05,0.013,0.0003918124073277715,8926625.004439065,8926627.196066037
Schaffhausen,CH,1683703,2939,1403,14,0.9999975277337554,1.522585411635566e-05,0.015,0.00024722691106726234,41845845.86024889,41845839.48886145
Quarten,CH,1683920,3295,1725,17,0.9998313276786196,0.006926446864149343,3.514,0.016868070576420154,73210401.47107047,73205330.59151354
Hergiswil (NW),CH,1683080,1507,,7,0.9999962659785241,9.827590810263265e-05,0.015,0.0003734026612434693,16993148.979022264,16993132.27885079
Frauenkappelen,CH,1682444,663,246,2,0.9999947444970512,0.00023518306072402767,0.028,0.0005255510579387089,9288071.166259628,9288049.322289577
Amden,CH,1683858,3311,1726,17,0.9999348516445158,0.004692232805133462,2.962,0.0065148949203148124,47618317.26937102,47616082.90706685
Gansingen,CH,1684314,4164,1906,19,0.999995689369374,3.238275026035402e-05,0.015,0.000431063921820149,8772862.676094988,8772859.835200777
Orny,CH,1685084,5493,2227,22,0.9999939311377843,1.46091182918457e-05,0.014,0.0006068881075514957,5549574.910338116,5549575.721082079
Künten,CH,1684345,4031,1902,19,0.9999942946363165,1.4166007664894028e-05,0.014,0.000570537955243941,4891175.1577484915,4891174.464864244
Leutwil,CH,1684353,4138,1905,19,0.9999944597326482,1.6837005240417327e-05,0.015,0.0005540282231249907,3746032.1095764246,3746031.478856802
Walliswil bei Wangen,CH,1682713,991,244,2,0.999257398365241,0.03281655384556329,3.001,0.07429993591623942,3071812.6300695003,3072820.693115282
Baulmes,CH,1684843,5745,2224,22,0.9999969600668702,6.402204870876402e-05,0.013,0.00030399387228370974,22501924.998638745,22501939.40483213
Sion,CH,2757528,6266,2312,23,0.9999979621895843,4.394501658201451e-07,0.016,0.00020378124959295456,34863829.66818103,34863829.82139019
Langrickenbach,CH,1684538,4681,2013,20,0.9999951804128804,8.398578687745204e-07,0.017,0.00048195987144326207,10826300.991587393,10826300.900661852
Oensingen,CH,1683565,2407,1101,11,0.9999959367659526,2.048421630528599e-05,0.014,0.0004063242717909191,12105841.676709691,12105844.156496486
Titterten,CH,1683716,2894,1305,13,0.9995262968384436,0.04462585314263456,2.778,0.047392110755846345,3711079.5228089946,3712735.6237068498
Unterlunkhofen,CH,1684448,4079,1903,19,0.9999923802230931,3.430296514767597e-05,0.015,0.0007619804628826597,4487647.534165759,4487645.994769589
Rechthalten,CH,1683385,2301,1006,10,0.999995802953772,8.360704960552507e-05,0.015,0.0004197056788680079,7305729.349988037,7305735.4580927985
Aeschi (SO),CH,1683474,2511,1106,11,0.999993674653583,6.179386241901241e-05,0.013,0.0006325364467771063,5476719.0615910385,5476715.6773147965
Cortaillod,CH,1685476,6408,,24,0.999993202153851,7.312911475753362e-05,0.015,0.0006797866767831027,3697260.0312420833,3697257.327468552
Mumpf,CH,1684369,4255,1909,19,0.9999921635900845,4.752005161804227e-05,0.012,0.0007836438759182711,3136162.5138230193,3136161.023516974
Dietwil,CH,1684292,4231,1908,19,0.9999948534703494,3.64673981526723e-05,0.016,0.0005146543831027651,5491952.143803347,5491954.146575402
Flumenthal,CH,1683505,2545,1107,11,0.99871765807703,0.009672511969644899,3.273,0.1283226708009869,3105947.717275366,3106248.1404400906
Davos,CH,1684068,3851,1849,18,0.9999992610259516,7.026939086299881e-06,0.016,7.389742948444557e-05,284001810.4379151,284001790.48128086
Pieterlen,CH,1682605,392,242,2,0.9999959033381447,1.629365127563555e-05,0.015,0.00040966699121443284,8354631.304577433,8354629.943302942
Küttigen,CH,1684346,4008,1901,19,0.9999970846230319,5.669673393912037e-06,0.016,0.0002915381300630299,11894822.423323378,11894823.09772096
Mont-Vully,CH,5817420,2284,1005,10,0.9996994462608217,0.0005200145162842983,2.848,0.030059813066477335,24336941.49937409,24336814.943745475
Mammern,CH,1684541,4826,2012,20,0.9999941219552014,5.832353214401923e-06,0.015,0.0005878062245858916,5455630.215619006,5455630.53381063
Vufflens-le-Château,CH,1685199,5653,2227,22,0.9999903423899102,0.0002490659127102448,0.018,0.0009657644696846529,2134530.101144495,2134524.7847576165
Tolochenaz,CH,1685164,5649,2227,22,0.9999927985170002,0.00046528120200287233,0.011,0.0007201525684271665,5600565.138752958,5600591.197129754
Avegno Gordevio,CH,1684620,5324,2108,21,0.9999977013918884,4.075130289317702e-05,0.016,0.00022986112218801252,27332305.65451448,27332316.792785145
Braunau,CH,1684510,4723,2014,20,0.9999948810068569,5.4810920288758094e-05,0.015,0.0005119007647041631,9170493.235630974,9170498.262062712
Champéry,CH,1685287,6151,2308,23,0.9999980475510899,3.3296676018694624e-05,0.149,0.00019524504913766405,38845518.49352269,38845505.55925625
Acquarossa,CH,1684610,5048,2102,21,0.9999982667202016,2.0098158095878118e-05,0.015,0.00017332811275452552,61782519.66719171,61782507.25004323
Inwil,CH,1682882,1033,313,3,0.9999961056857744,1.688341074478244e-05,0.016,0.0003894321480644758,10317105.416156316,10317103.674277032
Bernex,CH,1685451,6607,,25,0.9999959412891735,1.3556008120937715e-05,0.015,0.0004058718787699564,12954228.936182452,12954227.180106126
Commugny,CH,1684914,5711,2228,22,0.9999948697864618,6.435726166594607e-05,0.015,0.0005130228348768068,6528818.856711662,6528823.058480698
Wiesendangen,CH,3411226,298,110,1,0.9998744096505848,0.0018702929315461822,2.928,0.012559706185177945,19174516.670451887,19174158.05082194
Yvonand,CH,1685207,5939,2224,22,0.9999212755311544,0.005706695859383784,3.293,0.007872981411001888,20826438.966450814,20827627.46798097
Benken (ZH),CH,1682088,22,102,1,0.9999946170662889,5.7835072490381086e-05,0.014,0.0005382946643599652,5656994.136288582,5656990.864561923
Cornaux,CH,1685474,6451,,24,0.999994968575013,6.88081574193678e-05,0.014,0.0005031435913342129,4727198.484408529,4727195.231710354
Hirschthal,CH,1684328,4007,1901,19,0.9999931692400316,5.3539018182304556e-05,0.015,0.0006830781467940839,3530060.2313570436,3530058.3413974545
Essertines-sur-Yverdon,CH,1684966,5520,2223,22,0.9999957064318092,3.072166009332302e-05,0.016,0.0004293578068115204,9754557.249477975,9754560.246239897
Rottenschwil,CH,1684407,4238,1908,19,0.9999944430554187,3.9365488024029994e-05,0.013,0.0005556961114747249,4493472.539747541,4493474.308624935
Boussens,CH,1684865,5473,2223,22,0.9999941581251345,0.00022794003603602344,0.017,0.0005841885271014218,3156144.8304574704,3156137.6363398065
Ramsen,CH,1683692,2963,1405,14,0.9999954941124778,4.385072919481727e-06,0.014,0.0004505897771965195,13495841.202717196,13495841.794519674
Rolle,CH,1685122,5861,2228,22,0.9997509227102426,0.003886906692797746,3.486,0.024911315467331715,13508743.002922919,13509268.075158812
Mandach,CH,1684358,4105,1904,19,0.9999951651635761,3.272916367414262e-05,0.015,0.00048348473205686414,5540921.474211058,5540919.660713799
Altdorf (UR),CH,1683055,1201,,4,0.9988556123963745,0.01817015026098723,3.573,0.11449387620152067,10206103.64358301,10204249.17921518
Gampel-Bratsch,CH,1685309,6118,2306,23,0.9999980153622368,1.0228371981742976e-05,0.016,0.00019846396296193173,23035414.308126554,23035411.95197869
Oulens-sous-Echallens,CH,1685088,5529,2223,22,0.9999943319470811,5.4976881184362806e-05,0.016,0.0005668070544083228,5867707.511827034,5867710.737709621
Kaisten,CH,1684338,4169,1906,19,0.9999971865349372,2.7863742380078558e-05,0.015,0.000281346862602302,18089728.939951472,18089723.899476003
Trub,CH,1682691,908,245,2,0.9999983521216966,5.780385902001649e-07,0.015,0.0001647879655961452,61987137.27765892,61987136.91934934
Pohlern,CH,1682607,936,247,2,0.9999194910269086,0.003201637477445223,2.095,0.008051350292499234,9866380.414899455,9866696.300632486
Hinwil,CH,1682138,117,105,1,0.9999964491190305,8.742201991430657e-06,0.015,0.00035508874270498024,22281571.7403876,22281573.68828761
Triesenberg,LI,1155948,7004,,,0.9999964827624134,4.0665770329883755e-05,0.017,0.0003517244486298011,29688548.026683692,29688560.099760447
Blatten,CH,1685279,6192,2309,23,0.9999818932911253,0.00021336592217541844,2.758,0.0018106892120488877,90511427.38150449,90511620.5020462
Ringgenberg (BE),CH,1682621,590,250,2,0.9999957684555733,0.00010848155973480623,0.015,0.0004231551082509681,8880529.281675553,8880519.647938875
Dürnten,CH,1682112,113,105,1,0.9999956277187955,1.6205338558218778e-05,0.016,0.00043722911166234086,10217914.261902956,10217915.917750556
Montilliez,CH,1868687,5540,2223,22,0.9999953168406809,7.180474578100705e-05,0.017,0.0004683171968835217,11860795.61517334,11860804.131787479
Deitingen,CH,1683493,2516,1106,11,0.9995247179787355,0.029876919258986848,2.535,0.04753239779217815,7599334.767613554,7597064.320500814
Arlesheim,CH,1683616,2763,1301,13,0.9999960212704765,5.304413320165749e-05,0.015,0.00039787384946395374,6928282.71193,6928286.3869775105
Eggerberg,CH,1685295,6004,2301,23,0.9995320147020911,0.013976612172140326,2.941,0.046812754055664194,6047180.026961103,6048025.217860823
Siglistorf,CH,1684426,4319,1911,19,0.999994596841447,1.849401710962215e-05,0.014,0.0005403173648987096,5513011.504311459,5513012.52388875
Bardonnex,CH,1685449,6605,,25,0.9999944092415638,5.642949730596825e-05,0.015,0.000559077564245717,4997033.955873444,4997036.775674585
Bettlach,CH,1683481,2543,1107,11,0.999878835882488,0.000639070525832921,0.527,0.012117184551452536,12192793.044167994,12192870.964714615
Boécourt,CH,1685577,6702,2601,26,0.9999970437583822,4.035086832512464e-05,0.016,0.00029562453918533215,12347074.202900022,12347069.220748369
Le Cerneux-Péquignot,CH,1685503,6434,,24,0.999995830185259,2.9795103610740625e-05,0.019,0.0004169822813638678,15696307.759187244,15696303.082456084
Schellenberg,LI,1155946,7011,,,0.9999915581482448,0.00016315760083766622,0.014,0.0008441880500174216,3558531.7698595016,3558525.963844441
Port-Valais,CH,1685352,6154,2308,23,0.9999976783606782,4.999692805888615e-05,0.013,0.00023216425957610907,15070281.678753857,15070289.213431746
Chavannes-sur-Moudon,CH,1684894,5665,2222,22,0.9996541677352059,0.006152041456800983,3.331,0.03458814354017837,5148147.244696513,5147830.528543762
Oberdiessbach,CH,3411235,619,246,2,0.9999963598629003,1.716587992986655e-05,0.495,0.00036401440388725634,16464047.765450545,16464050.591649216
Rain,CH,1682907,1037,313,3,0.9999950761558469,6.315577454047287e-05,0.016,0.000492385783109852,9423561.666638993,9423567.618162353
Stadel,CH,1682210,100,104,1,0.9999965134123437,1.2059574913819636e-05,0.014,0.00034865939441688205,12885646.164937468,12885647.71889162
Abtwil,CH,1684253,4221,1908,19,0.9999937470085809,0.00010384931629528056,0.017,0.0006253007720508189,4136312.8844301132,4136308.588897463
Thayngen,CH,1683713,2920,1402,14,0.9998727749963872,0.009827530680426399,1.672,0.012723934916335888,19924449.941625733,19926408.023056652
Serravalle,CH,2569271,5050,2102,21,0.999998570511046,9.149194602964653e-06,0.016,0.00014294900402150783,96801021.42727794,96801030.28379177
Giornico,CH,1684678,5073,2103,21,0.999996822533838,4.1836344667795265e-05,0.016,0.0003177471875039405,25995542.59855818,25995553.47414298
Thal,CH,1683948,3237,1722,17,0.9999954511486102,8.980916263759613e-06,0.016,0.0004548861533060029,9685894.030494476,9685893.160612443
Ursenbach,CH,1682701,344,244,2,0.999995421017541,5.780431419516783e-06,0.015,0.00045789928117317036,9170471.193268493,9170470.663175695
Bofflens,CH,1684857,5747,2224,22,0.999520777684845,0.01192621333592064,3.182,0.047930858629866985,4206756.872855468,4206255.1660562875
Saint-Livres,CH,1685137,5435,2227,22,0.9999956952479527,3.208910203487603e-05,0.014,0.0004304762002909478,8123026.592561031,8123029.199167322
Ruggell,LI,1155950,7010,,,0.999994723755528,5.958350406273325e-05,0.015,0.000527625996334869,7377791.9097229885,7377796.305669931
Lohn (SH),CH,1683671,2917,1402,14,0.9999942477876198,0.0001607948139847533,0.013,0.0005752224299084034,4866151.003478914,4866143.178960459
Auswil,CH,1682368,322,244,2,0.9999928876645261,4.0718207207239775e-05,0.015,0.0007112362217505478,4623881.439549923,4623883.3223115485
Ursins,CH,1685169,5932,2224,22,0.9999943896249499,0.0001105894731981943,0.014,0.00056103938911934,3361419.447033096,3361423.1644091546
Hettlingen,CH,1682137,221,110,1,0.999994604750855,4.4394941881063976e-05,0.015,0.0005395264897710741,5899754.701893052,5899757.321085723
Neckertal,CH,1683910,3396,1727,17,0.9999983213012865,2.5305751444795824e-06,0.017,0.0001678700149218206,81840278.76077221,81840280.83180197
Trun,CH,1684193,3987,1850,18,0.9998777179831342,0.0034789939521567507,3.412,0.012228736654484854,51901749.25356365,51899943.594846055
Grosswangen,CH,1682846,1086,314,3,0.9998029775790591,0.0159958167121406,3.179,0.01970575909947351,19704274.943276267,19707426.80298065
Härkingen,CH,1683529,2402,1101,11,0.9990445812510764,0.05661534372574388,3.073,0.09561459656197462,5508063.051782785,5511181.4606121825
Degersheim,CH,1683872,3401,1728,17,0.9999952244983554,2.892181863912073e-05,0.015,0.00047755123578909273,14477338.529598452,14477334.342488859
Klosters,CH,5817235,3871,1849,18,0.9999990486187632,3.7764892619917376e-06,0.016,9.51381708005068e-05,219803697.34176654,219803705.64262956
Trogen,CH,1683949,3025,1502,15,0.9999960037783882,5.596171675568365e-06,0.016,0.0003996229485559134,10028370.945964022,10028370.384759167
Lützelflüh,CH,1682544,955,245,2,0.9999953780871262,1.1318246876128772e-05,0.016,0.0004621923815945576,26868192.422289487,26868195.463297836
Grosshöchstetten,CH,1682459,608,246,2,0.9995179533716926,0.004978972521381261,2.92,0.04821748441728307,6930518.730775049,6930863.799398243
Démoret,CH,1684951,5912,2224,22,0.9987041167251444,0.03047900900088298,3.301,0.12965258617542766,4278079.943990108,4276776.027618914
Lutzenberg,CH,1683903,3033,1503,15,0.9999858031367492,6.534836536744283e-05,0.015,0.0014196968665231436,2248142.5164359664,2248143.985560352
Rorschacherberg,CH,1683928,3216,1722,17,0.9999918485244248,0.00035882929174117057,0.204,0.0008151523424745733,7100532.129920002,7100557.608709154
Sarmenstorf,CH,1684413,4076,1903,19,0.9999954524714011,3.815358540413003e-05,0.015,0.00045475380708580673,8296568.817767515,8296565.652329045
Premier,CH,1685108,5759,2224,22,0.999993951663376,0.0001177031906062329,0.209,0.0006048351355624828,6120511.779440428,6120504.575402782
Isenthal,CH,1683085,1211,,4,0.9996736219073976,0.0020815058303802854,3.64,0.03264279652822002,61670049.03382622,61668765.36815998
Kappel am Albis,CH,1682151,6,101,1,0.9999942817852853,1.9802396394542232e-05,0.015,0.0005718231631381032,7914777.83167104,7914779.39898672
Grandson,CH,1684995,5561,2224,22,0.9998080233908307,0.002915598153445938,3.417,0.01919978373484191,13793224.828992784,13793626.984001199
Vully-les-Lacs,CH,1868690,5464,2222,22,0.9999972586206429,0.00014740397121526614,0.019,0.00027413851343488483,34720432.38981899,34720483.569115154
Villigen,CH,1684451,4121,1904,19,0.9999962238113479,1.7606893558863326e-05,0.016,0.0003776195447721515,11214075.890707897,11214073.916257491
Mellikon,CH,1684360,4314,1911,19,0.9999936482901008,7.922750371606997e-05,0.014,0.0006351727556611955,2701786.738671366,2701784.5981131773
Vevey,CH,1685178,5890,2230,22,0.9999962747623268,4.246715616883818e-05,0.013,0.0003725243821389871,8568652.88048636,8568649.24162316
Hünenberg,CH,1683143,1703,,9,0.9999966751104276,6.0372119441610306e-05,0.016,0.00033248941017586175,18663642.307093117,18663631.03945669
Eichberg,CH,1683876,3252,1723,17,0.9999942616959303,2.7865221425472364e-05,0.015,0.0005738321333328125,5437179.666933125,5437181.182015278
Alpthal,CH,1683054,1361,506,5,0.9997361412778812,0.0028330939231764087,3.287,0.026389727559972345,22876760.879698057,22877408.99982036
Arth,CH,1683058,1362,506,5,0.9999984921113709,1.6328626191014142e-05,0.016,0.00015078896440344624,48507494.9323589,48507487.011751376
Adligenswil,CH,1682811,1051,312,3,0.9996118721401708,0.016001391477266355,3.025,0.038817213711198915,6989363.764936449,6988245.369478651
Zwingen,CH,1683727,2793,1302,13,0.9996384488690665,0.008706155972778327,3.311,0.0361632243809785,4607294.643493554,4607695.761751342
Altikon,CH,1682082,211,110,1,0.9999960872737231,0.0001506517993350882,0.017,0.00039127309862312055,7697242.407419468,7697230.811385282
Stetten (AG),CH,1684433,4041,1902,19,0.999992855340333,0.00017440116158637156,0.014,0.0007144691418995267,4413021.569184593,4413029.265545471
Diegten,CH,1683640,2884,1305,13,0.9991400445543037,0.011222542094079286,3.417,0.08602770912494398,9638974.10709455,9637892.369167944
Leuzigen,CH,1682533,388,243,2,0.9992501775213,0.009491257870286271,3.446,0.07500681038692407,10279894.208387148,10278918.517119037
Schwadernau,CH,1682654,748,242,2,0.9993044557349859,0.020093893536338,2.565,0.06958561453519853,4146722.710643647,4147555.9486903707
Bellwald,CH,1685273,6052,2304,23,0.9999961805656659,9.840356162221412e-06,0.013,0.00038194414404630245,13885523.867495729,13885522.501110725
Valbirse,CH,4449080,717,241,2,0.9999974963255079,1.8269617575972608e-05,0.015,0.0002503677854459881,18683759.099661916,18683762.513113253
Guttet-Feschel,CH,1685315,6117,2306,23,0.9999955495064862,3.4142750783742684e-05,0.015,0.000445050265836937,11269552.444782386,11269548.59704718
Hofstetten bei Brienz,CH,1682482,580,250,2,0.9999959164241016,5.626667901067908e-05,0.015,0.00040835853842616313,8774275.841329401,8774280.778323025
Bätterkinden,CH,1682401,533,245,2,0.9999952379010025,8.241650437668743e-06,0.012,0.00047621101389414954,10187605.754886845,10187604.91525999
Coppet,CH,1684917,5712,2228,22,0.9999928595233327,6.619044489501761e-05,0.015,0.0007140504524271379,5859115.83154799,5859119.709722826
Chiasso,CH,1684659,5250,2106,21,0.9999929442101416,2.5204223019074804e-05,0.118,0.0007055815641452185,5347478.522090476,5347479.869880889
Lussery-Villars,CH,1685037,5487,2223,22,0.9999940257139867,1.5489072222554194e-05,0.012,0.0005974303396751514,3736914.508269876,3736913.9294564887
Sommeri,CH,1684558,4446,2011,20,0.9999939988953725,1.8013382940216028e-05,0.015,0.0006001122093136983,4215774.249066024,4215773.489662465
Bülach,CH,1682100,53,103,1,0.9999966122727811,4.637378815813842e-05,0.015,0.0003387732172810496,16088757.84223347,16088750.38126699
Schwanden bei Brienz,CH,1682655,592,250,2,0.9999961008736232,2.8238030333210996e-05,0.019,0.00038991345293075305,7054928.656709637,7054930.648882531
Luins,CH,1685035,5858,2228,22,0.9999383698980897,0.005440115738068541,0.968,0.00616303246764594,2666224.646216815,2666079.600510224
Morbio Inferiore,CH,1684722,5257,2106,21,0.9999608142327552,7.653776707993531e-06,0.201,0.003918653352509694,2263493.3198359897,2263493.1465932652
Berolle,CH,1684850,5424,2227,22,0.999054770877944,0.04001687998248208,3.511,0.09458652773609827,9606063.786184194,9609907.833200552
Vuadens,CH,1683425,2160,1003,10,0.9999952254353444,2.557793289334911e-05,0.015,0.00047745766644333675,10445944.431128439,10445947.102985095
Melide,CH,1684711,5198,2105,21,0.9999949345360623,6.0973195981160324e-05,0.01,0.0005065475222954611,5187812.388506482,5187809.225331468
Saint-Barthélemy (VD),CH,1685133,5535,2223,22,0.9999936164669405,8.839690483029507e-07,0.012,0.000638355346331098,4123232.0366649725,4123232.0731130675
Saillon,CH,1685364,6140,2307,23,0.9993110914449801,0.0020731255384841972,3.64,0.06891530777152953,13739951.963384386,13740236.809837515
Blenio,CH,1684630,5049,2102,21,0.9999988965193665,1.950039820059836e-06,0.402,0.00011034812298124881,201998779.42913422,201998775.49007758
Aubonne,CH,1868681,5422,2227,22,0.9999964823142827,6.554856178527989e-05,0.018,0.0003517690750469224,14334817.335938165,14334807.939671567
Ormont-Dessus,CH,1685083,5411,2221,22,0.9999985002482673,3.852666713635671e-05,0.014,0.00014997525675334726,61606598.173764996,61606574.438795984
Bedretto,CH,1684624,5063,2103,21,0.9999983811533523,8.255732426354146e-06,0.016,0.00016188480211963235,75184857.01370826,75184863.22076888
Habkern,CH,1682467,579,250,2,0.9999983549305672,1.2524775476103808e-05,0.015,0.00016450708892314884,50958914.28524806,50958920.66773766
Raperswilen,CH,1684549,4846,2013,20,0.9999940179585091,1.485680309745291e-05,0.015,0.0005982059830252173,7685267.431502516,7685268.573287566
Ehrendingen,CH,1684300,4049,1902,19,0.9999952422399243,3.2729251556788114e-05,0.014,0.00047577721725948187,7292168.2678440185,7292170.654516115
La Neuveville,CH,1682521,723,241,2,0.9999943931755982,0.00022512028266847788,0.016,0.0005606846430359768,6784140.608228086,6784155.880704599
Heiligenschwendi,CH,1682471,927,247,2,0.9996740924262566,0.001757054554034181,3.009,0.03259578266150859,5548707.824894427,5548610.3310709
Les Planchettes,CH,1685511,6422,,24,0.9999970724259859,3.693472897445071e-05,0.012,0.0002927578839597225,11730793.174034432,11730797.506771097
Etoy,CH,1684968,5636,2227,22,0.9999950278643841,2.0750145482410677e-05,0.015,0.0004972148493532296,4917153.881646991,4917154.901963575
Montcherand,CH,1685058,5756,2224,22,0.9999944150882197,6.221172013674753e-05,0.013,0.0005584925639417088,3073775.0826910855,3073773.1704427334
Baden,CH,1684261,4021,1902,19,0.9999955569642254,2.131375787177666e-05,0.015,0.0004443045168960876,14722491.891136391,14722488.753220117
Zizers,CH,1684212,3947,1845,18,0.9997933017549846,0.008672642673881032,2.386,0.020672857333140383,11014551.57474252,11015506.827442728
Aarburg,CH,1684252,4271,1910,19,0.9999942706276317,5.344035293338886e-05,0.013,0.0005729387250352947,4413002.53575288,4413000.17742875
Reitnau,CH,1684399,4281,1910,19,0.9999957924829883,0.00014801215360986904,0.015,0.0004207522749004604,8018374.339249458,8018362.471080914
Chénens,CH,1683294,2177,1004,10,0.9999947779760331,3.721109355197322e-05,0.015,0.0005222038573877028,3940597.6180570195,3940599.0843964857
Freimettigen,CH,1682445,607,246,2,0.9999924841378675,1.68062344617372e-05,0.013,0.0007515889743979874,2963419.4587508086,2963418.9607115863
Turbenthal,CH,1682219,228,110,1,0.9999964195650286,3.837102695256825e-05,0.016,0.00035804406926146496,25217843.949020978,25217834.27267528
Horrenbach-Buchen,CH,1682484,932,247,2,0.9999962905314895,3.1754802092600815e-05,0.016,0.0003709475978792339,20395594.90794324,20395601.38452404
Wartau,CH,1683961,3276,1724,17,0.9999980080991604,1.5172723215866646e-05,0.015,0.00019919026727294794,41751706.56416608,41751700.2292952
Beckenried,CH,1683061,1501,,7,0.9998072434329253,0.002305649893671899,3.392,0.019277736876887382,32956486.864140723,32957246.725345064
Gossau (SG),CH,1683889,3443,1721,17,0.9999973635825283,4.644588094789042e-06,0.016,0.0002636420887724085,27506222.799693733,27506221.522142984
Bournens,CH,1684864,5472,2223,22,0.9999938739567209,0.0001229296994542414,0.015,0.0006126058278200042,3911418.3351804763,3911413.5268856725
Zuzwil (BE),CH,1682738,557,246,2,0.9991575938629784,0.01853630258800501,2.737,0.08426830022128914,3467142.22762907,3466499.5476546003
Waldkirch,CH,1683957,3444,1721,17,0.9998925580110194,0.00026641595966448085,3.234,0.01074476180547282,31343072.47655567,31342988.973608345
Signau,CH,1682664,907,245,2,0.9999972136717391,8.021007745841625e-06,0.015,0.00027863320302119537,22125299.36083513,22125297.586163156
Burgdorf,CH,1682397,404,245,2,0.9999953574139685,1.73472581099115e-05,0.015,0.00046425964051948794,15563873.607479954,15563870.907574628
Bullet,CH,1684871,5552,2224,22,0.9999973221452184,8.496297805540697e-06,0.016,0.00026778584796399,16824010.718478292,16824012.147896346
Ermatingen,CH,1684517,4646,2013,20,0.9999959803083441,3.2312465672505404e-05,0.016,0.0004019699084946188,10478415.544031939,10478412.158197513
Thun,CH,1682682,942,247,2,0.9999963079175231,2.6254087585134312e-06,0.016,0.0003692089338284333,21565798.89956202,21565799.465752393
Linden,CH,1682536,614,246,2,0.999996078082116,3.810081250962124e-05,0.015,0.00039219248260904813,13233108.995933015,13233103.954010967
Embrach,CH,1682118,56,103,1,0.9999960423975455,1.0860850005796888e-05,0.016,0.00039576100693262527,12695386.92075692,12695385.541929988
Böztal,CH,13622957,4185,1906,19,0.9999969431847243,3.095303236082028e-05,0.016,0.00030568204221741873,22306020.03938152,22306026.94377112
Seehof,CH,1682662,709,241,2,0.9996958552724887,0.004814994763635002,2.85,0.030419830994305244,8421267.867129544,8421673.350736378
Laconnex,CH,1685501,6627,,25,0.9991848617010839,0.056066241838193594,2.65,0.08152420577232501,3831242.6089684837,3829094.5752219316
Bretigny-sur-Morrens,CH,1684868,5515,2223,22,0.9999916291183673,1.068648321250559e-06,0.015,0.0008370916625879423,2867371.4540744186,2867371.4234323017
Péry-La Heutte,CH,1682611,450,241,2,0.999997269905634,2.844168569129876e-05,0.015,0.00027300984812361913,23783599.71909596,23783606.48355264
Mendrisio,CH,2888450,5254,2106,21,0.9999968008745856,6.349011233440501e-06,0.017,0.0003199130429850661,32067969.664685726,32067967.62868673
Uesslingen-Buch,CH,1684565,4616,2012,20,0.9999965965519912,6.372055421821025e-06,0.015,0.0003403453692027516,14027783.285944432,14027782.392086307
Collombey-Muraz,CH,1685291,6152,2308,23,0.999969153876586,0.0007241717096153463,2.185,0.0030846487469399385,29752274.726252664,29752059.26869613
Münchwilen (AG),CH,1684378,4172,1906,19,0.99999254113079,3.946584947091569e-05,0.014,0.000745889849884746,2460455.9426469766,2460456.913686815
Faido,CH,1684675,5072,2103,21,0.9999983840644868,1.7743293544773292e-06,0.402,0.00016159368332885473,132681011.1124203,132681013.46661843
Mümliswil-Ramiswil,CH,1683553,2428,1102,11,0.9999976743046949,2.8705260345723282e-05,0.016,0.00023256983421756015,35483873.981282145,35483884.16702055
Bovernier,CH,1685282,6131,2307,23,0.9999966497447962,6.546420911533536e-06,0.015,0.0003350260705923337,13069420.740947243,13069419.88536795
Aigle,CH,1684831,5401,2221,22,0.9999962100839359,6.739240157816331e-05,0.013,0.000378992196891311,16408612.446694082,16408601.388536088
Randa,CH,1685353,6287,2313,23,0.9999982218195578,7.23461042395252e-06,0.016,0.0001778182088965415,54509925.00980941,54509928.95339013
Coeuve,CH,1685584,6781,2603,26,0.999997352185721,6.0437205641903765e-05,0.015,0.00026478169843367815,11622427.292019026,11622420.267748743
Lengnau (BE),CH,1682531,387,242,2,0.999995394602781,5.328071693692262e-05,0.015,0.00046054065970613803,7406651.779021482,7406647.832704313
La Praz,CH,1685011,5758,2224,22,0.9989254363879828,0.07630016487553214,3.115,0.10747310985787004,5122738.713263475,5118830.055179113
Fully,CH,1685308,6133,2307,23,0.999998331567642,9.40417777684401e-06,0.014,0.00016684338269747003,37805371.88128226,37805375.43656664
Echichens,CH,1868683,5634,2227,22,0.9999962445605177,2.5049596351627013e-05,0.015,0.00037554470009916,13269362.994592547,13269366.318514416
Steckborn,CH,1684559,4864,2012,20,0.9999947778417251,6.776086107707221e-05,0.015,0.0005222173681513615,8785152.485007148,8785158.437902119
Hefenhofen,CH,1684527,4416,2011,20,0.9999944697810828,1.0401810053800978e-05,0.014,0.0005530233920750713,6081994.359546723,6081993.726909222
Vuisternens-devant-Romont,CH,1683428,2113,1002,10,0.9999966783791145,4.385275162698516e-06,0.015,0.0003321626475982668,24018581.43867328,24018582.491954166
Kriegstetten,CH,1683536,2525,1106,11,0.9989978373258398,0.029788995974813527,3.083,0.10028144328565855,5371903.922621545,5373504.158864826
Dägerlen,CH,1682107,214,110,1,0.9999943933320257,1.0394071788775863e-05,0.018,0.0005606683400556372,7953976.503981599,7953975.677239571
Vaux-sur-Morges,CH,1685177,5650,2227,22,0.9999907782199038,3.71628770541416e-05,0.018,0.0009221824333747701,2105680.2951944447,2105681.077725824
Vordemwald,CH,1684454,4287,1910,19,0.9999956526038897,8.690333347157165e-05,0.015,0.00043474074477262603,10139851.906469898,10139860.718339214
Rapperswil-Jona,CH,1683921,3340,1726,17,0.9999978656715297,1.2598475676766407e-06,0.018,0.00021343307345652682,31368738.52396129,31368738.128763
Wisen (SO),CH,1683589,2502,1105,11,0.9994868622474913,0.036981529991455035,3.461,0.05133643489187193,4792777.683428752,4794550.125945173
Corsier-sur-Vevey,CH,1684925,5884,2230,22,0.9999943163831713,4.188068178409494e-06,0.015,0.0005683632861416612,6743608.0549093,6743607.772482397
Holziken,CH,1684330,4136,1905,19,0.9999934615670026,5.130026288113174e-05,0.015,0.0006538452694976701,2860438.8537280033,2860437.386315352
Erlinsbach (SO),CH,1683500,2503,1105,11,0.9995698250946472,0.030948984022831763,3.448,0.043033403218450575,8866566.235987458,8869310.348155208
La Rippe,CH,1685012,5726,2228,22,0.99999592850851,4.5484360654570614e-05,0.069,0.00040715007055687746,16591832.883674398,16591840.430363506
Bönigen,CH,1682403,572,250,2,0.9999966729338647,3.5608999993017674e-05,0.016,0.0003327072262343886,15078215.208959756,15078220.57816141
Ogens,CH,1685075,5680,2223,22,0.9994093814561226,0.02267005639677139,3.139,0.05907260439753674,3401005.0345655964,3400234.0248062033
Cama,CH,1684055,3831,1847,18,0.9999959584869992,4.072265384721008e-06,0.016,0.00040415210846960983,14992760.140969299,14992759.530424317
Niederweningen,CH,1682173,91,104,1,0.9999944313519372,3.33776016996461e-05,0.014,0.000556866449536071,6844619.990465003,6844622.275035001
Steinach,CH,1683946,3217,1722,17,0.9999944567210316,2.7639190455849968e-05,0.015,0.0005543293569011656,4507101.047881134,4507099.802154891
La Côte-aux-Fées,CH,1685497,6504,,24,0.9999974333882514,6.192153494162933e-05,0.015,0.0002566615836815248,12827401.878495673,12827409.821419809
Bubikon,CH,1682095,112,105,1,0.9999960557572337,1.2330228931870698e-06,0.014,0.00039442505215643825,11612585.156381976,11612585.013196142
Teuffenthal (BE),CH,1682680,940,247,2,0.9999939661795895,8.05578776199798e-05,0.015,0.0006033836183753443,4530767.275644461,4530763.6257545035
Le Vaud,CH,1685024,5731,2228,22,0.9999886100830251,0.00020601176249347128,0.016,0.0011389970110687268,3108464.6093852865,3108458.205582558
Reinach (BL),CH,1683694,2773,1301,13,0.9999946643808125,7.219987584442803e-05,0.045,0.0005335635348274698,6972776.228597898,6972781.262933678
Presinge,CH,1685525,6635,,25,0.9999935375124334,5.053867382127535e-05,0.015,0.0006462506814467514,4707487.097284466,4707484.718182917
Olten,CH,1683566,2581,1108,11,0.9999959447125891,7.126931175839737e-06,0.015,0.0004055295776593122,11485847.82118418,11485848.63977265
Seedorf (UR),CH,1683105,1214,,4,0.9990873415590003,0.005984374834984475,3.592,0.09130477829316846,25458760.783455525,25457237.2357819
Uerkheim,CH,1684442,4286,1910,19,0.9999953478803,5.4399510438726326e-05,0.015,0.0004652129255889707,7092758.593680389,7092754.735254438
Flaach,CH,1682123,28,102,1,0.9999959316535109,4.753753411812927e-05,0.016,0.00040683557330378577,10173584.588999858,10173589.425271103
Teufen (AR),CH,1683947,3024,1502,15,0.9999946631154537,1.926692101091253e-05,0.247,0.0005336898273330516,15250058.355252938,15250055.41703624
Münsterlingen,CH,1684546,4691,2013,20,0.999993468393749,5.6857777748398895e-05,0.015,0.0006531625723727499,5453727.620392453,5453724.5195241235
Stettlen,CH,1682675,358,246,2,0.9999902864428857,0.00018855777858143807,0.016,0.0009713595134431067,3502966.667973007,3502960.0628568735
Chêne-Pâquier,CH,1684908,5908,2224,22,0.9977302426916866,0.021039774742529643,3.3,0.22725751812902747,2108458.0489170207,2108901.6637410535
Bürchen,CH,1685284,6193,2309,23,0.9999958501791958,8.697323806531132e-05,0.212,0.00041498312198170025,13455816.71791455,13455828.420874057
Château-d'Oex,CH,1684905,5841,2230,22,0.9999988164827025,4.707527894509756e-06,0.015,0.00011835179693327732,113664408.16745831,113664402.81667459
Haute-Sorne,CH,2759181,6729,2601,26,0.9999983320396811,8.380870849192443e-06,0.015,0.00016679617837037688,71045378.45387766,71045384.40809907
Herznach-Ueken,CH,15073595,4186,1906,19,0.9999961796070528,1.4730573106869677e-06,0.015,0.0003820400274429584,11367765.620817065,11367765.788270768
Tannay,CH,1685161,5729,2228,22,0.9999914769307049,5.315464478878096e-05,0.016,0.0008523103353440414,3512783.6327795736,3512781.7655719114
Wallisellen,CH,1682229,69,103,1,0.9999944333279522,2.604505655857701e-05,0.015,0.0005566688266716187,6419052.8544289125,6419054.526274859
Vérossaz,CH,1685402,6220,2310,23,0.9999971274160983,2.9069890275604213e-05,0.013,0.00028725884445858187,14289575.798284747,14289579.952248752
Itingen,CH,1683660,2849,1304,13,0.9999935104239477,0.00011243711036239643,0.014,0.0006489593461502587,3129350.631128868,3129347.1125774453
Engelberg,CH,1683067,1402,,6,0.9999981529667414,9.710992563703275e-08,0.016,0.0001847034969611882,74866354.47378954,74866354.5464922
Oppligen,CH,1682600,622,246,2,0.999128185499418,0.011957953338183572,2.832,0.08722468448904502,3400991.9048583675,3401398.593883386
Chigny,CH,1684904,5628,2227,22,0.9998637934319288,0.010563863031551993,0.516,0.013622303964416384,892271.0029940237,892365.2612806503
Champvent,CH,1684885,5905,2224,22,0.9999947614403006,2.1901384670179833e-05,0.015,0.0005238572848431449,9032759.045306085,9032757.06700678
Soazza,CH,1684171,3823,1847,18,0.9999979980587166,8.321505719212176e-06,0.015,0.00020019432057344252,46416720.45554062,46416716.59297057
Nesslau,CH,1683911,3360,1727,17,0.9999985768786996,3.126765798602497e-06,0.015,0.00014231222915323422,92701669.61532621,92701666.71676211
Balm bei Günsberg,CH,1683477,2541,1107,11,0.9999926681549729,1.5553741274657828e-05,0.015,0.0007331872474302942,5467520.09721387,5467520.9476178
Rüegsau,CH,1682635,956,245,2,0.9999957320847928,1.976466281534125e-06,0.015,0.0004267924356951391,15061915.770641316,15061916.068335002
Hauenstein-Ifenthal,CH,1683517,2491,1105,11,0.9995093034053981,0.022292046841728596,3.125,0.04908717223002616,5354773.557399703,5355967.246029387
Broc,CH,1683278,2124,1003,10,0.9999966659620454,5.3914921652743185e-05,0.014,0.0003334044409101455,10032792.72543842,10032798.134610757
Ausserberg,CH,1685269,6191,2309,23,0.9999974580885095,1.7027141428891013e-05,0.015,0.00025419149374972044,15094831.455888527,15094834.026106827
Niederhelfenschwil,CH,1683913,3423,1728,17,0.9999957121926732,8.033754273379118e-06,0.015,0.0004287816345057592,16371717.989031527,16371716.673767934
Buch (SH),CH,1683633,2961,1405,14,0.9999930096175532,3.4407657369271835e-05,0.014,0.0006990405677314804,3796852.908033382,3796851.6016252427
Diessenhofen,CH,1684513,4545,2012,20,0.9999942147678119,3.518496149927948e-05,0.015,0.0005785247905792752,10084615.681682449,10084612.133414304
Avully,CH,1685447,6603,,25,0.9999937617905528,7.293265735583148e-05,0.016,0.0006238226630001679,4618283.3071424365,4618279.938905696
Rohrbachgraben,CH,1682625,339,244,2,0.999995286766933,2.269766867519721e-05,0.015,0.0004713243640145139,6464294.641513943,6464293.174269763
Huttwil,CH,1682485,954,244,2,0.9998158457862266,0.008314309631368385,3.074,0.018416351544084268,17235335.87017048,17233902.87098023
Hausen am Albis,CH,1682133,4,101,1,0.9999961198718991,1.919764434748654e-05,0.015,0.0003880135259693097,13602526.893526403,13602524.282161668
Staufen,CH,1684431,4210,1907,19,0.9999928074860359,4.128202253193012e-05,0.011,0.0007192541315832743,3577861.822982003,3577863.299995727
Känerkinden,CH,1683662,2850,1304,13,0.9999935077999511,4.849123708117349e-05,0.007,0.0006492222696865199,1479374.3225668722,1479375.0399337823
Gempen,CH,1683507,2474,1104,11,0.9997381887668314,0.022095450174806772,3.386,0.02618744381892112,5986659.4014960565,5987982.180841249
Grandcour,CH,1684993,5817,2222,22,0.9997106702516327,0.006559010988003338,3.139,0.028936212031606727,10197449.854451723,10196781.002595274
Safnern,CH,1682642,746,242,2,0.9999889389194944,0.0004757859345062992,0.109,0.0011061167992855389,5619266.152128048,5619292.887806023
Romainmôtier-Envy,CH,1685123,5761,2224,22,0.9999910901580501,2.4759688272139133e-05,0.015,0.0008909882745839533,6976654.923583442,6976656.650981453
Schleinikon,CH,1682203,98,104,1,0.9999943338949104,0.00011796354820670324,0.014,0.0005666124484304658,5679366.808371435,5679373.507954038
Albula/Alvra,CH,4449887,3542,1841,18,0.9999981976606046,1.6007664933924826e-06,0.016,0.0001802341033789625,93925077.79232915,93925079.29585032
Trüllikon,CH,1682218,40,102,1,0.9998389599476469,0.013157884421469371,3.151,0.01610424247591747,9556225.128605958,9554967.73154848
Dorénaz,CH,1685294,6212,2310,23,0.9999973995252701,8.948730315648947e-05,0.013,0.0002600476947613697,12580862.441097073,12580851.18282256
Corminboeuf,CH,1683297,2183,1004,10,0.9996814619960197,0.002932292024067928,2.687,0.03185934162677391,7234034.875132932,7234246.998160594
Gottlieben,CH,1684524,4651,2013,20,0.9999611188869745,0.00026905571087206426,0.015,0.0038881816603715015,324288.76871149684,324287.8961940449
Wittnau,CH,1684463,4181,1906,19,0.9999964614845565,4.131899434564731e-05,0.015,0.0003538520974380281,11246704.151567962,11246699.50454291
Rapperswil (BE),CH,5817396,310,243,2,0.9997043920883458,0.002821853781618435,3.185,0.029564743870152396,22581565.533248864,22580928.314487915
Wäldi,CH,1684573,4701,2013,20,0.9999958781856895,4.5844588026980986e-05,0.016,0.00041218237521488464,12210134.32429393,12210139.921979709
Speicher,CH,1683940,3023,1502,15,0.9999951256161812,1.173671887730169e-05,0.015,0.0004874395986599945,8178703.58815644,8178704.548067888
Andermatt,CH,1683057,1202,,4,0.9999983864891054,2.084490922950217e-05,0.016,0.0001613512362478393,62262578.496094495,62262591.47467247
Dardagny,CH,1685479,6620,,25,0.9999951908369774,0.00016824497031270305,0.016,0.0004809178632034124,8598317.85991702,8598332.326154351
Versoix,CH,1685541,6644,,25,0.9999964635759039,2.7578906533200892e-05,0.014,0.0003536429862387279,15150183.060972255,15150178.882717429
Etagnières,CH,1684967,5521,2223,22,0.9999952852689221,0.00012993165700175895,0.013,0.0004714745255226265,3780783.284241095,3780788.196675464
Hasle bei Burgdorf,CH,1682469,406,245,2,0.9999970259318628,1.6300353718964858e-05,0.015,0.0002974072798539138,21885979.99161764,21885983.559109792
Paradiso,CH,1684735,5210,2105,21,0.9999930392917291,0.00031873511769931216,0.013,0.0006960721403759996,2200511.4807230653,2200504.4669202073
Rickenbach (ZH),CH,1682195,225,110,1,0.9996060676749483,0.005937115698433058,2.928,0.039402162808720845,6025082.987586671,6025440.70373457
Wegenstetten,CH,1684457,4262,1909,19,0.9999966347040491,6.541734424909296e-06,0.015,0.00033653015043678096,7119128.328526954,7119127.862812486
Jens,CH,1682499,738,243,2,0.9990558335811491,0.020681946796723392,3.387,0.09445146723700977,4582305.966884975,4581358.256802841
Hallwil,CH,1684321,4197,1907,19,0.999993561114003,0.00014725599779131913,0.014,0.0006438901988342958,2180091.0224884166,2180087.8121736287
Bürglen (TG),CH,1684512,4911,2015,20,0.9999948604045116,6.020354247349518e-05,0.015,0.0005139607150830997,11709705.10301301,11709698.053355725
Sils im Domleschg,CH,1684168,3640,1851,18,0.9999943402789289,0.00010248891193341767,0.014,0.0005659734187059836,9282414.210208649,9282404.696763324
Merenschwand,CH,1684365,4234,1908,19,0.9999963704983054,1.6913378525469994e-05,0.015,0.00036295079770913254,13506159.368691036,13506157.084343178
Biberist,CH,1683482,2513,1106,11,0.9993189884284379,0.02302326049696304,3.425,0.06813219611645738,12249163.666073497,12251983.822933037
Illgau,CH,1683082,1363,506,5,0.99999620444637,3.7108749418065756e-06,0.016,0.0003795560903045478,10956177.24499007,10956177.651560105
Hohenrain,CH,1682874,1032,313,3,0.999997191711432,3.0130211546619467e-05,0.017,0.0002808292089521138,23522997.33232052,23522990.24479166
Mesocco,CH,1684118,3822,1847,18,0.9999990223797921,5.397690402275887e-06,0.017,9.776206604434251e-05,164771551.00635603,164771542.11249784
Ernen,CH,1685300,6056,2304,23,0.9999971087236637,3.581462025816879e-05,0.03,0.00028912810325554586,35402724.07425697,35402736.75360816
Confignon,CH,1685472,6618,,25,0.999990414614154,2.9278818142856614e-05,0.015,0.00095854303826435,2772048.9884109595,2772048.1767877773
Kesswil,CH,1684535,4426,2011,20,0.9999942421027009,2.747591886820551e-05,0.016,0.0005757913084490365,4472400.000208979,4472398.771375983
Ormont-Dessous,CH,1685082,5410,2221,22,0.9999983192004489,1.6585109847389463e-05,0.015,0.00016808011012878668,64107400.09744465,64107410.72972738
Dompierre (VD),CH,1684946,5671,2222,22,0.9995220099138793,0.005400575395129596,2.778,0.047811726088359534,3211444.0606204714,3211617.4970782376
Brusino Arsizio,CH,1684638,5160,2105,21,0.9999384946871568,0.00534392716762751,1.101,0.006150884780316106,6193891.71505979,6194222.712121884
Grandval,CH,1682456,694,241,2,0.9999960481547195,3.5771984797022325e-05,0.015,0.00039518537944634635,8245697.250296359,8245700.199945926
Tavannes,CH,1682679,713,241,2,0.9999966639597022,5.762333015269359e-06,0.015,0.0003336045767771019,14774789.69793257,14774788.846559985
Sâles,CH,1683407,2152,1003,10,0.9996891529395717,0.005929724796872599,3.213,0.03109045985066669,18817076.266166452,18818192.067003854
Neuheim,CH,1683145,1705,,9,0.9999949978703809,4.0602986920896937e-05,0.015,0.0005002143145767758,7926997.386339438,7927000.60493715
Oberentfelden,CH,1684384,4010,1901,19,0.9999952561831237,7.85127719919801e-05,0.015,0.0004743829989727844,7159927.80680841,7159933.428266204
Stettfurt,CH,1684560,4606,2012,20,0.999993850512096,2.7615980268253776e-05,0.015,0.0006149505963952325,6365540.282722971,6365538.524816623
Bosco/Gurin,CH,1684633,5304,2108,21,0.999997831071309,9.107090756281933e-06,0.013,0.000216893114071221,22000278.884752724,22000280.88833809
Airolo,CH,1684612,5061,2103,21,0.9999986610140897,1.0608947114840091e-05,0.016,0.000133898673583732,94347406.27652639,94347396.26725996
Muttenz,CH,1683677,2770,1301,13,0.999997986479726,3.7742884407350643e-05,0.01,0.00020135226804516735,16650839.03060611,16650845.315113038
Lignerolle,CH,1685030,5755,2224,22,0.9999966935272162,4.813727852059441e-05,0.012,0.000330647904495017,10638386.613454359,10638391.734484153
Valeyres-sous-Rances,CH,1685171,5763,2224,22,0.9999938033062554,6.042757342196164e-05,0.014,0.0006196714815230155,6343990.06566407,6343993.899183325
Oberweningen,CH,1682180,93,104,1,0.9999921334102748,3.725343751237247e-05,0.007,0.0007866619199554881,4944588.121983383,4944586.279954337
Epalinges,CH,1684959,5584,2225,22,0.9999930299174113,8.880788096789692e-05,0.014,0.000697010378435214,4574087.560638443,4574083.498488206
Meltingen,CH,1683549,2620,1110,11,0.9991178103165633,0.057709786802895575,3.444,0.08828336516988147,5755259.143316743,5758580.491098305
Belfaux,CH,5817647,2175,1004,10,0.9999915156075537,0.00031399535314555237,1.391,0.0008484415119595379,8880122.360570565,8880094.477398999
Seltisberg,CH,1683706,2833,1303,13,0.9999953661327553,9.038767458104077e-07,0.011,0.0004633877960456469,3563360.0230310685,3563359.990822686
Schinznach,CH,3411171,4125,1904,19,0.9999962529676797,5.332998679675908e-05,0.015,0.0003747038342231441,12240672.38055999,12240665.852611026
Orsières,CH,1685351,6034,2303,23,0.999999029116959,4.3211361654389665e-08,0.016,9.708835104395023e-05,164928207.09326252,164928207.0219948
Givrins,CH,1684987,5720,2228,22,0.9999913780809169,0.00011368274373389927,0.015,0.0008621961155816185,3960613.219152376,3960617.7216861523
Givisiez,CH,1683324,2197,1004,10,0.9993202933089547,0.0018117526599112793,2.687,0.06799316107758954,3456098.3921825048,3456035.7762279552
Burg im Leimental,CH,1683636,2783,1302,13,0.9994058117093628,0.029810876683802792,3.382,0.059445346565095224,2842514.984545814,2843362.3631825754
Wangen (SZ),CH,1683120,1349,505,5,0.9992793700759313,0.010502073112487086,3.501,0.07208518172229966,10996362.949820226,10995208.103743521
Bubendorf,CH,1683632,2823,1303,13,0.9996380942010599,0.022089515711626734,3.621,0.03619313198428677,10800604.065499555,10798218.264367556
Seegräben,CH,1682208,119,105,1,0.9999948621440301,5.7308316375569644e-05,0.013,0.0005137870640535795,3772489.155704532,3772491.3176545524
Kammersrohr,CH,1683531,2549,1107,11,0.9999937482294853,0.00010951962371626269,0.007,0.0006251786633449331,950414.8169495005,950413.7760587692
Essertines-sur-Rolle,CH,1684965,5856,2228,22,0.9999937235265107,1.5103810224572317e-05,0.014,0.0006276492713671042,6949610.784271005,6949609.73461498
Herbligen,CH,1682476,610,246,2,0.9989057861522724,0.06682296768697887,2.907,0.10944470341944267,2758041.4061867627,2756198.401069113
Mervelier,CH,1685615,6715,2601,26,0.9999959460367795,7.646642948793917e-05,0.015,0.00040539729868452996,9738118.895978326,9738126.342370145
Basadingen-Schlattingen,CH,1684501,4536,2012,20,0.9999966151717294,2.6242250942103164e-05,0.012,0.00033848335547817916,15634169.369643563,15634165.266885605
Hermance,CH,1685492,6625,,25,0.9994731714477366,0.05190822842814671,2.677,0.052710413270131436,4905721.358373899,4908267.831422652
Saulcy,CH,1685628,6722,2601,26,0.9999143181173019,0.005881042868886327,1.913,0.00856880731500998,7857954.099687533,7858416.2293367535
Böttstein,CH,1684287,4303,1911,19,0.999995174188436,2.411780484211274e-05,0.015,0.00048258226270995184,7429104.323173626,7429102.531436744
Wildberg,CH,1682241,182,108,1,0.9999947699404886,2.958060920055851e-06,0.016,0.0005230073108666156,10566246.103383834,10566245.790827837
Hallau,CH,1683654,2971,1406,14,0.999996848442308,4.786580457087575e-06,0.011,0.00031515625828102214,15323334.029631881,15323333.296168169
Wädenswil,CH,1682244,293,106,1,0.9999974767810347,2.0850386198057792e-05,0.016,0.0002523222409015108,35640256.653811954,35640264.08494311
Kriechenwil,CH,1682517,666,246,2,0.9999933690636517,0.0001032473372522151,0.014,0.0006630954908422276,4765233.466004449,4765228.546027781
Innertkirchen,CH,3411258,784,250,2,0.9999989263393543,1.8350533269828376e-06,0.017,0.00010736612127861019,236589721.1232112,236589716.78166366
Saint-Gingolph,CH,1685365,6155,2308,23,0.9999849272168897,0.0010512874392076185,0.18,0.001507297593446698,24333595.97582024,24333851.79185824
Eschenz,CH,1684518,4806,2012,20,0.9821006841904005,1.54449660003151,291.542,1.8200430599235724,12021183.899583966,12206850.676196575
Lohn-Ammannsegg,CH,1683541,2526,1106,11,0.9985809678113404,0.04348985495350382,3.425,0.14197309430944463,4478012.458422526,4476064.977299558
Oetwil an der Limmat,CH,1682183,246,111,1,0.9999910443905365,2.2592338697229053e-05,0.015,0.0008955650576976265,2765139.2087199036,2765139.833429519
Brienz (BE),CH,1682391,573,250,2,0.9999970835178179,3.624123371609129e-05,0.019,0.0002916485909772403,48070324.37099354,48070306.94971494
Orpund,CH,1682601,744,242,2,0.9999744512817964,0.0021170201643310803,0.299,0.002554931501640847,3969100.0354751325,3969184.062123226
Cottens (FR),CH,1683300,2186,1004,10,0.999994376937895,3.3812250961792445e-05,0.015,0.0005623076964315714,4969863.220499501,4969861.540076876
Liestal,CH,1683670,2829,1303,13,0.9999967556081373,3.4490968856723436e-05,0.015,0.0003244396567162341,18179249.814748622,18179243.54454923
Fehraltorf,CH,1682120,172,108,1,0.9999955479009993,4.043131906770734e-05,0.015,0.00044521098103075314,9470566.719166476,9470570.548241524
Gerzensee,CH,1682451,866,246,2,0.9999964297367683,3.697581669833296e-05,0.014,0.00035702689456709323,7809211.700142579,7809208.812622775
Zeneggen,CH,1685405,6299,2313,23,0.9999959201064188,6.84505177412665e-05,0.014,0.0004079903301014332,7558706.852048519,7558712.026022494
Mauren,LI,1155951,7008,,,0.9999881353063126,0.0006649245532125913,1.725,0.0011864803524504104,7491341.717363025,7491391.529133469
Valeyres-sous-Montagny,CH,1685170,5933,2224,22,0.9999887342259358,4.2898847042951535e-05,0.016,0.001126583993925726,2279510.212136465,2279511.1900200644
Dachsen,CH,1682101,25,102,1,0.9999917725388948,0.00015719579308934864,0.015,0.000822750141672447,2703356.2255808874,2703360.4751431462
Bussy-sur-Moudon,CH,1684878,5663,2222,22,0.9994651096526512,0.016129737117258628,2.973,0.053499028971628934,3119629.8663164913,3119126.678220023
Islisberg,CH,1684334,4084,1903,19,0.9999891863638338,6.451006071913621e-05,0.012,0.001081369114531997,1659884.644287944,1659883.5734953522
Zielebach,CH,1682736,556,245,2,0.9990133772338601,0.025133459393948496,2.969,0.09872337660101914,1915041.695956759,1915523.0121837894
Rheinfelden,CH,1684403,4258,1909,19,0.9999965353638083,2.148642346530105e-05,0.02,0.0003464642566665837,16023835.720014082,16023839.16296328
Eriz,CH,1682430,924,247,2,0.9999963353293624,2.0306727801004432e-05,0.015,0.00036646777302436917,21775935.70559289,21775940.12757288
Villars-Sainte-Croix,CH,1685185,5651,2229,22,0.9989765342293242,0.013619028130828844,2.577,0.10239200511921456,1650994.8814850873,1650770.0320277393
Avenches,CH,1868682,5451,2222,22,0.9999956431331493,0.00015714027580051134,0.019,0.0004356872918238175,21096184.93488514,21096151.78428195
Rothenthurm,CH,1683098,1370,506,5,0.9996250691654426,0.004244131070505887,3.532,0.03750090920729147,22747475.74453733,22748441.17722316
Quinto,CH,1684746,5079,2103,21,0.9999985906903012,7.297091689910857e-06,0.015,0.00014093106422442283,92027266.08504258,92027259.3697286
Ried-Brig,CH,1685358,6008,2301,23,0.999997660167085,1.026019644718425e-05,0.016,0.00023398357724641793,47605571.42849185,47605576.312917
Buchs (AG),CH,1684283,4003,1901,19,0.9999933652761945,0.00010898267279613508,0.016,0.0006634749429811064,5321595.439143814,5321601.238760759
Bulle,CH,1683280,2125,1003,10,0.9999954712934763,2.3371734249285044e-05,0.015,0.0004528717305323366,23856293.399600193,23856298.975229688
Greppen,CH,1682840,1056,312,3,0.9994323875967182,0.0031623001719461464,3.41,0.05677825182857508,5247185.5799486935,5247351.511707311
Bühl,CH,1682405,734,243,2,0.9999932505558538,6.0090696833660465e-05,0.015,0.0006749464894216663,2969225.0182894445,2969223.2340614405
Ruswil,CH,1682914,1098,314,3,0.9999982333116015,5.475074253980005e-06,0.015,0.0001766689912633165,45252554.77042832,45252552.29281735
Gaiserwald,CH,1683882,3442,1721,17,0.9999958286710686,1.6661408611704187e-05,0.015,0.00041713379787373765,12632851.261824569,12632853.366635537
Anniviers,CH,1685266,6252,2311,23,0.9999993075237891,1.4885027547290125e-06,0.016,6.924764552775089e-05,243383343.74869046,243383347.37145823
Corbières,CH,1683296,2129,1003,10,0.9998426168126509,0.010268855396697717,2.818,0.015740365441928805,10756874.366586152,10757978.974460062
Porrentruy,CH,1685622,6800,2603,26,0.9999973473727549,1.602794789950219e-05,0.015,0.000265263097698493,14761515.834927788,14761518.200895855
Trin,CH,1684192,3734,1844,18,0.9997367388803466,0.0047352925251693215,3.526,0.026330201133627718,47168589.02925609,47170822.59992662
Ueberstorf,CH,1683413,2308,1006,10,0.9999967881831939,1.6856672407135943e-06,0.016,0.00032118219377283343,16109558.148182306,16109557.876628762
Boncourt,CH,1685574,6774,2603,26,0.9999964357826878,4.734665745057958e-05,0.015,0.00035642245079744767,9020525.69429155,9020529.965208951
Yens,CH,1685205,5655,2227,22,0.9999954917801731,1.2266864869807362e-05,0.015,0.000450823026829111,9514784.127074447,9514785.294240158
Beinwil am See,CH,1684264,4131,1905,19,0.9999956556799368,9.470283817397574e-05,0.016,0.0004344331557094778,5761875.385279692,5761880.841939214
Bannwil,CH,1682370,323,244,2,0.9999940883014496,4.677657215422586e-05,0.015,0.0005911714641456464,4775692.068417484,4775689.834512438
Muri (AG),CH,1684371,4236,1908,19,0.9999845531229967,0.0005662077642253826,0.29,0.001544704003879945,12340102.297316544,12340172.167933865
Schmerikon,CH,1683933,3338,1726,17,0.99999407586802,0.00018789356744541302,0.014,0.000592415509271229,5976603.408165079,5976614.637818434
Lauterbrunnen,CH,1682529,584,250,2,0.9999991466341293,7.385214873445819e-06,0.015,8.533662647404694e-05,164664507.0578296,164664519.21865726
Bellikon,CH,1684265,4022,1902,19,0.9999945425719875,9.786459582256643e-05,0.015,0.0005457440234232165,4941146.806792932,4941141.97115958
Gams,CH,1683883,3272,1724,17,0.9999973772361526,2.6880882491308406e-05,0.015,0.00026227676381600543,22273478.73462271,22273484.721930355
Siblingen,CH,1683707,2953,1404,14,0.9999968475829577,1.0708794844988318e-05,0.014,0.00031524218417163554,9420890.937743051,9420889.928879168
Möriken-Wildegg,CH,1684375,4203,1907,19,0.9999874197237211,0.0004666336701721051,0.126,0.001258032605874721,6608795.281116994,6608764.44225302
La Sonnaz,CH,1683346,2235,1004,10,0.9996336384064349,0.0044301758964151935,3.131,0.03664205995513278,6958392.0511176875,6958083.782110261
Reigoldswil,CH,1683693,2893,1305,13,0.9995056865974262,0.002428749416042152,2.778,0.04944416099496425,9252347.02633139,9252571.742655762
Morrens (VD),CH,1685065,5527,2223,22,0.9999928849530831,5.824568822056325e-05,0.014,0.0007115074301544208,3667665.7411089796,3667667.877366132
Arni (AG),CH,1684256,4061,1903,19,0.9999917992891019,9.597963757449289e-05,0.016,0.0008200748458543027,3372858.5296009425,3372861.766858335
Thürnen,CH,1683715,2864,1304,13,0.9989155225192502,0.014105699356819983,3.404,0.10851423735504753,2259984.6346205254,2260303.4212585953
Chexbres,CH,1684903,5601,2226,22,0.9999899494100364,0.00010433422853389344,0.015,0.0010050635228169918,2145693.2438859604,2145691.0051934677
Fürstenau,CH,1684084,3633,1851,18,0.9999923241969686,0.00027976401659217273,0.006,0.0007675843226993451,1317425.696081553,1317429.3817645959
Savièse,CH,1685372,6265,2312,23,0.9999979403205367,4.8311237699772705e-05,0.015,0.00020596820809535538,70974731.06851983,70974765.35729086
Agarn,CH,1685264,6101,2306,23,0.9999949740832534,1.652721274079564e-05,0.015,0.0005025928962482938,7646450.274360548,7646449.010615444
Unterschächen,CH,1683118,1219,,4,0.9999986826637924,4.199840965560922e-06,0.016,0.00013173371028652858,80276485.92446826,80276489.295953
Villars-Epeney,CH,1685183,5935,2224,22,0.999986931504826,0.0002210629661562532,0.007,0.0013068595012754296,864476.4633209585,864478.3743582701
Grône,CH,1685314,6238,2311,23,0.9999966718384234,6.062415255386748e-06,0.014,0.0003328167215685072,20728138.14030394,20728139.39692975
Hüniken,CH,1683530,2524,1106,11,0.9999900140300934,0.00012393474487645728,0.007,0.00099860259549465,1019192.2955164665,1019193.5586498377
Sils im Engadin/Segl,CH,1684169,3789,1846,18,0.9999983563886804,2.2987119245428065e-05,0.015,0.00016436124776854748,63579600.38264229,63579585.767523736
Meierskappel,CH,1682897,1064,312,3,0.9999934281293958,2.1279821171664213e-05,0.016,0.0006571891500382348,9231841.600255985,9231839.635736601
Sonceboz-Sombeval,CH,1682667,444,241,2,0.9999972283566981,4.625427393271179e-05,0.014,0.00027716465011330953,14966047.899646735,14966040.977209942
Chêne-Bougeries,CH,1685465,6612,,25,0.9999930387959296,6.799904095309765e-05,0.015,0.0006961225933037525,4140265.4286260176,4140262.6132852333
Vallon,CH,1683416,2045,1001,10,0.9992237908547386,0.0040835561124993635,3.139,0.07765263671632922,3511348.24289178,3511491.630767584
Roches (BE),CH,1682622,704,241,2,0.9999959800187007,5.547481375736656e-05,0.015,0.0004019988262909039,9063930.047534978,9063925.019336665
Bellevue,CH,1685450,6606,,25,0.9999940867685488,0.0002810697805622207,0.016,0.0005913257244051632,6346902.319654189,6346920.158878611
Champoz,CH,1682408,683,241,2,0.999996308790363,2.8556645668935475e-05,0.007,0.0003691215922331607,7173739.093650385,7173737.045071131
Bäretswil,CH,1682099,111,105,1,0.9999967756337345,9.842825014415224e-06,0.016,0.0003224371616743292,22191943.87097457,22191946.055288773
Sullens,CH,1685157,5501,2223,22,0.9999926275213684,0.00015826084959675747,0.015,0.0007372511643704395,3906544.6375676035,3906550.820098337
Chavornay,CH,1684895,5749,2224,22,0.9999628887161824,0.002490431030557718,2.197,0.0037111510330599027,19283184.08403829,19282703.849638183
Chêne-Bourg,CH,1685466,6613,,25,0.9999874079319636,9.54093254086719e-05,0.015,0.0012592141310090324,1280732.5463030215,1280731.3243647388
Bursinel,CH,1684872,5852,2228,22,0.9999950100617071,0.00010198116992386492,0.022,0.0004989953287631722,7707024.13784368,7707031.997557062
Trient,CH,1685383,6142,2307,23,0.9999981566424425,9.798967139897639e-06,0.022,0.00018433591644189008,39555212.49450918,39555208.61850691
Buchs (SG),CH,1683869,3271,1724,17,0.999995424121429,1.7862417082529552e-06,0.016,0.00045758890815878286,15950064.465655755,15950064.75056246
La Tour-de-Peilz,CH,1685014,5889,2230,22,0.999996829496133,1.0494818435846793e-06,0.013,0.00031705088761545096,11327965.714926913,11327965.59604197
Tübach,CH,1683950,3218,1722,17,0.9999912004339477,9.225916780883113e-05,0.015,0.0008799608827558951,1989282.4062399876,1989284.241535381
Stalden (VS),CH,1685379,6293,2313,23,0.9999770737005939,0.0018122402282497814,0.66,0.0022926354477418205,10428263.055043878,10428074.069865687
Thierachern,CH,1682681,941,247,2,0.999445896017722,0.01054425497938322,2.981,0.05542283192667912,7525838.26694196,7525044.723365758
Romont (BE),CH,1682626,442,241,2,0.9999943112336108,2.975318042419998e-06,0.015,0.0005688782486681525,7019095.6583739575,7019095.449533538
Köniz,CH,1682518,355,246,2,0.9999978784294157,1.2583112388420763e-06,0.068,0.0002121572819539967,51012246.27366108,51012245.63176825
Churwalden,CH,1684064,3911,1848,18,0.999998138084693,3.207843550731387e-06,0.015,0.00018619170115456054,48529199.087655894,48529197.53091511
Gilly,CH,1684984,5857,2228,22,0.9999957843331856,3.25332953242217e-05,0.015,0.0004215676386997709,7760320.916470543,7760323.441158664
Brusio,CH,1684052,3551,1842,18,0.9999977650649954,4.479229986399579e-05,0.028,0.00022349380010908398,46297904.49343398,46297925.23133019
Krattigen,CH,1682515,566,249,2,0.9999946045652407,5.855980711789194e-05,0.015,0.0005395450896349302,5998282.430243764,5998285.942826386
Thusis,CH,1684187,3668,1851,18,0.9999948132332082,7.992838216314943e-05,0.015,0.0005186782316113952,16771835.898149313,16771849.303606406
Riva San Vitale,CH,1684747,5263,2106,21,0.99999591905964,4.381606787853338e-05,0.014,0.0004080947791793112,7707707.333586938,7707703.956372661
Lüscherz,CH,1682542,497,243,2,0.9999934942133094,7.000597949028606e-05,0.007,0.0006505810132420114,5420783.20931284,5420787.004185222
Rebstein,CH,1683922,3255,1723,17,0.9999927352988496,0.00022833913358046308,0.015,0.0007264719244342829,4393678.198683022,4393668.16619629
Hausen (AG),CH,1684323,4100,1904,19,0.9999911942590817,8.577684586466027e-05,0.012,0.0008805775912329984,3203685.900054014,3203683.1520332973
Delémont,CH,1685596,6711,2601,26,0.9999975277786692,1.877143666928259e-05,0.015,0.0002472224155114459,21966649.183949593,21966645.060493954
Pfäffikon,CH,1682189,177,108,1,0.9999956704272321,3.10074167209049e-05,0.015,0.00043295814732231493,19524572.1668573,19524566.112791844
Rubigen,CH,1682627,623,246,2,0.9996353935173956,0.008438880015423068,2.763,0.03646883508248323,6918544.063585497,6919127.911217838
Marchissy,CH,1685041,5430,2228,22,0.9999961599982444,5.440075150319647e-05,0.016,0.00038400101733670973,11979299.115671225,11979305.632499969
Disentis/Mustér,CH,1684070,3982,1850,18,0.9999986853919768,1.4525075740534593e-05,0.018,0.0001314608986644184,90986027.60130213,90986040.81709155
Oberkirch,CH,1682903,1095,314,3,0.9999969775775573,5.526393074227665e-05,0.014,0.00030224278441338254,10954968.161987534,10954974.216133552
Birrhard,CH,1684274,4093,1904,19,0.9999919211206435,4.540374141444466e-05,0.015,0.0008078910157540082,2995890.449721054,2995889.0894747013
Gletterens,CH,1683325,2022,1001,10,0.9999952982835717,0.000215165455732852,0.015,0.00047017325363726977,7108709.872270387,7108725.16775838
Kleinlützel,CH,1683535,2619,1110,11,0.9999971010580224,4.60875762923265e-05,0.016,0.0002898945510693006,16319252.515343552,16319244.9941956
Crans (VD),CH,1684928,5713,2228,22,0.9999962602248557,9.85869253030173e-05,0.015,0.00037397802928886345,8854737.908905447,8854729.179291598
Rorbas,CH,1682197,68,103,1,0.999993155614863,6.973612425482488e-05,0.014,0.0006844410948091742,4436142.339961614,4436145.433555349
Reiden,CH,1682908,1140,315,3,0.9999974551407871,2.1731682152301475e-05,0.015,0.0002544862174190373,27032863.87309136,27032857.998395305
Coinsins,CH,1684910,5710,2228,22,0.9999919312224251,8.511735860979657e-06,0.014,0.0008068810469603334,2908159.2727271444,2908159.52026198
Martigny,CH,1685332,6136,2307,23,0.9998320718870106,0.002871904049146758,3.261,0.016793980252789924,32590138.37535182,32589202.417848196
Oberriet (SG),CH,1683917,3254,1723,17,0.9999974401589997,3.1191812248872735e-05,0.015,0.00025598446763493957,34602089.992227174,34602100.78524612
Kemmental,CH,1684534,4666,2013,20,0.9999971970696108,4.478345734201994e-05,0.015,0.000280293369074902,25041205.731861826,25041194.51754414
Lauerz,CH,1683089,1365,506,5,0.9997024507452241,0.010682602699111449,2.823,0.029757763377446827,9186163.21416215,9185181.89284269
Froideville,CH,1684980,5523,2223,22,0.9995147381474515,0.025999476900315795,3.513,0.04853165225733642,7084096.0085035805,7082254.180598253
Mauborget,CH,1685045,5562,2224,22,0.9999929210344792,0.00013039599578468472,0.014,0.0007078995191806581,5517706.348137497,5517713.543005634
Binn,CH,1685275,6054,2304,23,0.9999977989232418,6.0745770738543316e-05,2.352,0.0002201078510542088,65083758.7312062,65083719.195575334
Courtételle,CH,1685594,6710,2601,26,0.9999974050243762,1.234572172480352e-06,0.015,0.00025949789749364307,13556410.346349021,13556410.178985352
Schnottwil,CH,1683573,2461,1103,11,0.9995551815438224,0.017711951117402765,2.626,0.0444878008137322,7165408.512719187,7164139.379066052
Oberwil-Lieli,CH,1684393,4074,1903,19,0.999994623369601,6.207695888308457e-06,0.016,0.0005376644684973396,5349508.619735047,5349508.287653821
Ronco sopra Ascona,CH,1684748,5125,2104,21,0.9999959355914597,8.611479961644754e-05,0.016,0.00040644185498245154,8908459.040228743,8908466.711730395
Triesen,LI,1155945,7002,,,0.9999967687606517,6.062038079481512e-05,0.016,0.00032312435933840305,26483798.734308086,26483782.679728445
Lengwil,CH,1684539,4683,2013,20,0.9999953049252257,7.608351479781046e-05,0.015,0.00046950875832354663,8886320.543837564,8886327.30486257
Steg-Hohtenn,CH,1685381,6204,2309,23,0.9999974405808524,4.875610247860883e-06,0.014,0.0002559422485193795,14026259.289437132,14026259.973302867
Lax,CH,1685325,6061,2304,23,0.9999939073274656,7.512751292326473e-05,0.014,0.0006092693383996718,5419314.84034337,5419318.911739827
Wohlenschwil,CH,1684466,4046,1902,19,0.9999946307454711,9.279162538095472e-05,0.015,0.000536927143457154,4389722.748967946,4389726.822263034
Häggenschwil,CH,1683897,3201,1721,17,0.9993373540934843,0.011517780306620266,3.234,0.06629037027737873,9071366.221907575,9072411.041939823
Eggersriet,CH,1683875,3212,1721,17,0.999993554644568,1.1051000095809087e-05,0.016,0.0006445376561170059,8902692.290038513,8902693.273875047
Belprahon,CH,1682376,681,241,2,0.9999948843648648,2.2136899468840307e-05,0.014,0.0005115648785733251,3814942.8227929673,3814943.667303025
Icogne,CH,1685317,6239,2311,23,0.9999965076244466,2.1485442196117927e-06,0.016,0.0003492381691213121,24825406.713381153,24825407.246765994
Weiach,CH,1682233,102,104,1,0.9999961505947625,3.851288683677767e-05,0.016,0.0003849413386171309,9578078.951892097,9578082.640686804
Landiswil,CH,1682523,613,246,2,0.9999130916815708,0.00025515096556354665,2.566,0.008691198424261443,10257703.014926484,10257676.842298197
Heimiswil,CH,1682474,407,245,2,0.9999969964190418,1.7866324760103404e-05,0.015,0.00030035852029754536,23360452.549121127,23360448.37546681
Lonay,CH,1685031,5638,2227,22,0.9999939462387929,7.154971914084288e-05,0.017,0.0006053777365104754,3715953.263409971,3715950.6046558474
Gsteigwiler,CH,1682461,577,250,2,0.9999963330319527,2.695216293261581e-05,0.013,0.00036669742759736683,7018305.89578204,7018304.0041968
Yverdon-les-Bains,CH,1868691,5938,2224,22,0.999996105771936,1.9223964151143006e-05,0.014,0.00038942360205193013,15025613.192536034,15025616.081054527
Courchapoix,CH,1685587,6706,2601,26,0.9999954381485793,8.518445514523334e-05,0.014,0.0004561859883081572,6391615.594635494,6391610.149972575
Kirchdorf (BE),CH,1682510,872,246,2,0.9999965937249111,1.7595322229856465e-05,0.014,0.00034062811902858635,14620838.397907412,14620840.97049104
Ballaigues,CH,1684840,5744,2224,22,0.9999963117281468,0.00012178144404148038,0.014,0.00036882764088620273,9058963.690845443,9058952.658708645
Wauwil,CH,1682928,1146,315,3,0.9993118768189169,0.0413398324915689,2.699,0.0688502302765384,2964521.510556394,2965747.0387830343
Obergoms,CH,1685350,6076,2304,23,0.9999987010006629,9.341979075181523e-07,0.016,0.00012990001873227359,155980791.9318194,155980793.3889887
Ried bei Kerzers,CH,1683388,2276,1005,10,0.9995483485258154,0.006758469370791751,2.645,0.04517382259383966,7551084.471453713,7550574.133722547
Teufenthal (AG),CH,1684437,4145,1905,19,0.999993842701618,0.00010008533399418725,0.015,0.0006157314257046326,3573254.2377199912,3573250.661416553
Leuk,CH,1685328,6110,2306,23,0.9999980124352844,1.843065456378702e-05,0.015,0.0001987566508068648,54299309.23727688,54299299.229558766
Oberuzwil,CH,1683918,3407,1728,17,0.9999953685533102,3.739431637913715e-06,0.015,0.00046314575018963246,14076122.120960878,14076122.647327842
Eiken,CH,1684301,4161,1906,19,0.9999960412184465,8.783787557481466e-05,0.014,0.00039587876518410847,7083983.782956335,7083977.560535474
Crémines,CH,1682417,691,241,2,0.9999954505417644,5.613651677598049e-05,0.015,0.0004549467309326641,9478824.153293584,9478818.832211873
Stabio,CH,1684761,5266,2106,21,0.9999950004532789,2.4339476391794664e-05,0.014,0.0004999559827747112,6149303.148980347,6149304.645688536
Hittnau,CH,1682140,173,108,1,0.9999960918069403,2.16054647451042e-05,0.014,0.0003908201117728348,12955438.002792023,12955440.801874613
Chevilly,CH,1684901,5476,2227,22,0.9999935953438437,5.0389248656655936e-05,0.016,0.0006404678280121673,3885345.3796734805,3885347.337469825
Feuerthalen,CH,1682121,27,102,1,0.9999914654766516,5.802536760259389e-05,0.015,0.0008534557289480502,2481590.613624491,2481589.173672415
Rheineck,CH,1683925,3235,1723,17,0.9999909542984933,0.00012378378274328526,0.012,0.0009045736820686655,2205210.0190489436,2205207.2893565646
Lovatens,CH,1685033,5674,2222,22,0.9973727071868098,0.03724131144071597,3.217,0.2631238549404507,3468624.099815278,3469915.860918998
Knonau,CH,1682155,7,101,1,0.9999945175475385,9.252417495632106e-06,0.017,0.0005482467236975823,6466002.9202264305,6466002.321964845
Niederried bei Interlaken,CH,1682577,588,250,2,0.999995043621817,1.294539668662279e-05,0.015,0.0004956390789310546,4149427.2969450364,4149427.83410486
Chardonne,CH,1684888,5882,2230,22,0.9999865283464854,0.0009711430445012366,0.271,0.001347167884301702,15363830.560930718,15363681.356158856
Wald (ZH),CH,1682228,120,105,1,0.9999967339243354,1.1389169738055218e-05,0.016,0.0003266081186210575,25264900.59716452,25264903.474626932
Dierikon,CH,1682823,1053,312,3,0.9994230657151361,0.03696648039753636,1.955,0.05769940925525083,2775304.908105083,2774278.9755602563
Merishausen,CH,1683676,2936,1403,14,0.9999973936533435,6.13267457584286e-05,0.016,0.0002606350852781689,17565698.768080562,17565709.540551987
Willisau,CH,1682932,1151,315,3,0.9999974386273288,4.0712850966552634e-06,0.016,0.0002561375899838115,47218952.52944058,47218950.607022405
Schongau,CH,1682918,1041,313,3,0.9998028804497024,0.00898795917348246,3.09,0.019714783965593174,12429135.544928897,12430252.670557292
Lostorf,CH,1683543,2493,1105,11,0.9999968806741731,5.8757644048193195e-05,0.016,0.0003119329774951665,13247021.521782449,13247013.738144696
Wyssachen,CH,1682734,960,244,2,0.9999968054116005,9.04780050544083e-07,0.014,0.0003194593518084517,11692008.9289856,11692009.034772564
Hellikon,CH,1684324,4251,1909,19,0.9999958906772227,1.7754492295093765e-05,0.015,0.0004109331586007246,7044085.1517391,7044086.4023806555
Daillens,CH,1684940,5480,2223,22,0.99999366606354,0.00012862618106651452,0.015,0.0006333952446800529,5520686.9038859885,5520679.802837255
Sauge,CH,3411230,449,241,2,0.9999967510035264,5.9403143975920965e-06,0.015,0.0003249001654774108,13457899.012856063,13457898.21341455
Corsier (GE),CH,1685475,6619,,25,0.9991349044556211,0.014437526617680005,3.609,0.08655323776803316,4292730.659268474,4293350.423400031
Aeschi bei Spiez,CH,1682360,562,249,2,0.9999967251884063,1.2076047751723258e-05,0.016,0.0003274816754083244,30996956.653381694,30996952.910174407
Schupfart,CH,1684421,4259,1909,19,0.9999959029992412,3.13559945959859e-05,0.013,0.0004097009793734854,7046625.399849093,7046627.609388572
Ettiswil,CH,1682834,1128,315,3,0.9993402622765246,0.0036080506120239326,3.223,0.06599435164564173,12582490.724018307,12582036.741384732
Samnaun,CH,1684151,3752,1843,18,0.999778695821592,0.002858025246117439,3.392,0.02213318317014835,56285712.784771755,56287321.4446531
Mägenwil,CH,1684372,4032,1902,19,0.9999942032225677,2.4177206492125552e-05,0.014,0.0005796793532735374,3477907.876558028,3477907.0356970592
Ennetbaden,CH,1684304,4026,1902,19,0.999990054625795,0.0001343944251542835,0.014,0.0009945416976787176,2108803.9234629753,2108801.0893480647
Bière,CH,1684855,5425,2227,22,0.9996326425242259,0.0041267740045430575,3.511,0.036741738252765624,25055410.606563766,25054376.626392122
Zell (LU),CH,1682934,1150,315,3,0.9999966001780637,2.3198321866904583e-05,0.014,0.0003399827318620182,13906069.440795919,13906066.214821171
Egolzwil,CH,1682827,1127,315,3,0.9983988038407964,0.001523703110148141,3.254,0.16024913094067902,4180489.119012918,4180552.8172556437
Santa Maria in Calanca,CH,1684153,3810,1847,18,0.9999960569231988,7.466175092272474e-05,0.016,0.00039430860496030766,9312894.53156545,9312901.484735569
Vals,CH,1684202,3603,1850,18,0.9999626862620908,0.003436879679139718,1.869,0.0037313792849083646,175560027.3606491,175553993.57374406
Nottwil,CH,1682902,1094,314,3,0.9999969187152117,3.820780779660527e-05,0.015,0.0003081290123539531,14834107.392368427,14834113.060155667
Egg,CH,1682113,192,109,1,0.9999958770024374,4.709701020281135e-05,0.015,0.000412300509442367,14528066.940606097,14528060.098320927
Urtenen-Schönbühl,CH,1682702,551,246,2,0.9997233992090098,0.009444093444008735,2.661,0.027665211330688326,7189469.754698523,7190148.734940286
Bleienbach,CH,1682383,324,244,2,0.9986076095320239,0.00018956670685490955,3.549,0.1393361839601953,5694234.462615481,5694245.256988232
Prez,CH,10523738,2237,1004,10,0.9999958724364961,1.6770320127407287e-05,0.016,0.0004127571675099404,16045806.658886079,16045803.967952935
Hochwald,CH,1683523,2475,1104,11,0.9999964857204549,1.1006783738279481e-05,0.014,0.00035142855277676055,8348650.710983976,8348649.792066047
Grellingen,CH,1683651,2786,1302,13,0.999991754186989,4.4691970194923555e-05,0.012,0.0008245848851286746,3293820.03826008,3293821.5103331497
Denges,CH,1684943,5632,2227,22,0.9999890241510875,0.00023202458212812478,0.016,0.0010975921880599076,1657578.4254900555,1657582.2714794707
Amlikon-Bissegg,CH,1684498,4881,2015,20,0.9999964433405119,3.58716870068746e-06,0.015,0.00035566658793651976,14457449.303323828,14457449.821936924
Amriswil,CH,1684499,4461,2011,20,0.9999967351574575,2.8111812731231858e-05,0.016,0.0003264848327537004,19021204.78193663,19021210.129142098
Bünzen,CH,1684289,4229,1908,19,0.999994507984533,4.287730644725509e-05,0.015,0.0005492029372906009,5774901.2727388935,5774898.796616778
Vendlincourt,CH,1685634,6806,2603,26,0.9999958005927958,6.18971306829595e-06,0.015,0.0004199416153274713,9151025.123749489,9151025.690171687
Echandens,CH,1684953,5633,2227,22,0.9999941800321479,1.3913785952031744e-05,0.015,0.0005819984383631321,3880892.0419884827,3880891.502009471
Fideris,CH,1684077,3861,1849,18,0.9997664714928387,0.022004392080902612,3.638,0.023358147439234117,25355436.74380453,25361016.05351946
Attinghausen,CH,1683059,1203,,4,0.9995235653645759,0.008033100758941848,3.592,0.047652901665063106,46890505.41335398,46886738.65180775
Renan (BE),CH,1682618,441,241,2,0.9999961703546804,2.6888462531816966e-05,0.014,0.000382965316757442,12632930.34845907,12632933.745259814
Emmetten,CH,1683066,1504,,7,0.9999979242405259,1.5577384590764712e-05,0.035,0.0002075761791083134,28618876.520715006,28618880.978787467
Münchwilen (TG),CH,1684545,4746,2014,20,0.9991233207009039,0.034541055611354766,3.602,0.08769122773763476,7814575.463560956,7811876.226704296
Genève,CH,1685488,6621,,25,0.9999970115856727,3.999319180730499e-05,0.015,0.00029884181928816785,18296128.080926716,18296120.76372112
Männedorf,CH,1682167,155,107,1,0.9997098805485894,0.01944804130603392,3.123,0.029013332679716487,4766946.317536449,4766019.239847578
Henggart,CH,1682135,31,102,1,0.9999921548882105,4.5459743230480625e-05,0.015,0.0007845144345463094,3032983.046066004,3032984.424852309
Lalden,CH,1685324,6286,2313,23,0.9987324438936162,0.053799275315131144,3.182,0.12687011493269204,1301134.9146850486,1301834.9158400213
Hüntwangen,CH,1682147,61,103,1,0.9994320733096045,0.03548690426878249,3.098,0.056818880499125125,4908567.135936027,4910309.034456526
Soubey,CH,1685629,6759,2602,26,0.9999969455866581,2.5514158441555266e-05,0.015,0.0003054417616541096,13489317.145621965,13489313.703936215
Arbedo-Castione,CH,1684616,5001,2101,21,0.9999971971256365,2.888896683750949e-05,0.015,0.0002802878697530552,21388407.987000287,21388414.165890377
Provence,CH,1685110,5566,2224,22,0.9999980829035923,1.4565781864418678e-05,0.015,0.00019170983853439985,31863367.85630493,31863372.497453585
Chéserex,CH,1684907,5709,2228,22,0.9999957392239434,4.412931542117727e-05,0.016,0.0004260784191720087,10580673.41874056,10580668.749561813
Maienfeld,CH,1684110,3953,1845,18,0.9999635096304866,0.0013928763801072052,2.126,0.0036491289439785014,32326605.630575377,32327055.900229696
Romanel-sur-Morges,CH,1685126,5645,2227,22,0.9986620700601831,0.0979852012107446,2.926,0.1339481492686129,1757512.3189975703,1759234.4209796437
Hägendorf,CH,1683528,2579,1108,11,0.9995703009014891,0.005127140715531278,2.936,0.0429780421002037,13937300.660587506,13936586.075570691
Stäfa,CH,1682214,158,107,1,0.9998516788144333,0.009970203526551289,3.123,0.01483395804773516,8591611.20049152,8592467.801614419
Mutrux,CH,1685068,5563,2224,22,0.9999922750967485,0.00019252117865834506,0.014,0.0007724940523941737,3232732.1384234633,3232738.362117479
Uznach,CH,1683953,3339,1726,17,0.9999951865386015,5.4188287088621116e-05,0.016,0.00048134716788268396,7535446.4956825245,7535442.412353144
Lully (FR),CH,1683355,2025,1001,10,0.9999780446066863,0.00028553789286778485,0.235,0.002195566568176321,5520288.576909039,5520304.339424722
Gonten,CH,1683888,3102,,16,0.9999974830247903,6.344641522951277e-06,0.016,0.00025169784579497095,24726323.23936869,24726324.80816526
Welschenrohr-Gänsbrunnen,CH,1683587,2430,1102,11,0.9999971532924312,1.4388846434110665e-05,0.015,0.00028467114164344286,24460775.847484864,24460772.32786139
Onsernone,CH,6155156,5136,2104,21,0.9999988030827518,9.616259576308077e-06,0.118,0.00011969180229654355,105391039.10190251,105391049.2365784
Klingnau,CH,1684342,4309,1911,19,0.9999951754211549,5.314424522137471e-05,0.013,0.0004824591767733011,6711998.434374945,6712002.001415852
Ettingen,CH,1683646,2768,1301,13,0.9999970078871511,2.044591627747647e-05,0.013,0.00029921170193012136,6321551.307410704,6321550.014911616
Metzerlen-Mariastein,CH,1683551,2477,1104,11,0.9999968182600804,0.00013788598942170038,0.012,0.00031817471752867163,8481512.20208261,8481523.896899628
Egerkingen,CH,1683498,2401,1101,11,0.9993083075399215,0.0013035285540260138,2.936,0.06919272523068251,6947556.1294984715,6947465.5661205165
Villars-sur-Glâne,CH,1683420,2228,1004,10,0.9999951850476483,3.0348184571063882e-05,0.013,0.00048149646754180316,5478818.122101079,5478819.784822915
Wohlen (AG),CH,1684464,4082,1903,19,0.9999961998017811,1.5256702174079465e-05,0.014,0.0003800205150865929,12488002.676933913,12488000.771676537
Bennwil,CH,1683621,2882,1305,13,0.9999957285864955,0.0001288255683419278,0.014,0.00042714198772797024,6530639.785153096,6530631.372019276
Oberbuchsiten,CH,1683560,2406,1101,11,0.9999961265259892,8.37738624586695e-05,0.015,0.0003873479890162208,9387879.925598944,9387872.061009327
Villeret,CH,1682707,448,241,2,0.9999975848031442,6.9967672351190246e-06,0.007,0.00024151996865901378,16235914.07761707,16235912.941627953
Zwischbergen,CH,1685407,6011,2301,23,0.9999983997933303,1.598915669806397e-06,0.016,0.00016002079634235675,86028347.02623637,86028348.40175709
Langenbruck,CH,1683664,2888,1305,13,0.9996990980144228,0.0013487056302272588,2.696,0.030094929283831274,15664091.047271976,15664302.309749855
Magden,CH,1684356,4253,1909,19,0.9999967635418755,2.445917001948925e-05,0.014,0.0003236462966632445,11018113.84370389,11018111.148764692
Donneloye,CH,1684947,5913,2224,22,0.9999954437481573,1.868811700216612e-05,0.011,0.00045562626471281606,9010580.245930955,9010581.929838734
Scuol,CH,4447223,3762,1843,18,0.9999994048310251,1.5123375021450751e-06,0.018,5.951691480023687e-05,438606090.97711116,438606084.34390676
Madulain,CH,1684109,3783,1846,18,0.9999947496648526,1.594583355584741e-05,0.015,0.0005250349348523773,16285270.544531465,16285273.1413536
Cudrefin,CH,1684936,5456,2222,22,0.9998891134446368,0.00440169841696266,2.51,0.011089026303698886,31892352.819595814,31890949.01440662
Orbe,CH,1685080,5757,2224,22,0.999834041182816,0.0039816376064392,2.444,0.016596928527878356,12047778.461889386,12047298.763011407
Puidoux,CH,1685113,5607,2226,22,0.9999976390409645,6.5279203212206e-05,0.015,0.00023609625926171551,33128597.541143555,33128619.167228065
Cossonay,CH,1684926,5477,2227,22,0.9999956016358647,1.8686247326536293e-05,0.017,0.0004398373396811819,8283605.640662499,8283604.092767461
Bretzwil,CH,1683630,2883,1305,13,0.9992714115058319,0.021718320616911688,3.346,0.07289331589165413,7330821.442507921,7332413.573812658
Schaan,LI,1155952,7005,,,0.9999614122067769,0.0031424934902446215,2.046,0.0038589144068006086,26920194.25204595,26921040.217397884
Le Pâquier (FR),CH,1683353,2145,1003,10,0.9999929167401789,0.0001567199937535521,0.015,0.0007083279356281618,4499003.78564348,4498996.734805028
Marly,CH,1683358,2206,1004,10,0.9999953897778304,6.986020803491571e-06,0.014,0.00046102326348120004,7721529.598957442,7721529.059529778
Hüttwilen,CH,1684533,4821,2012,20,0.9999956160385951,6.622722635216516e-05,0.015,0.0004383972466371465,17661638.62496791,17661650.3217813
Luterbach,CH,1683544,2527,1106,11,0.999994924271733,0.00011363179808152103,0.007,0.000507573826535517,4523288.971477554,4523283.8315829635
Plasselb,CH,1683379,2300,1006,10,0.9996162355854046,0.002912639148801985,3.0,0.03838324763823644,18156560.918374933,18156032.08327355
Grancy,CH,1684992,5485,2227,22,0.9999954120405028,4.2624890474898514e-05,0.014,0.00045879709981767435,5669783.671407793,5669786.088146873
Rüschegg,CH,1682637,853,246,2,0.9999983036900277,1.0396424461682855e-05,0.016,0.00016963114995809846,57290357.665586345,57290363.6217351
Staldenried,CH,1685380,6294,2313,23,0.9999971167860551,1.3387765177982534e-05,0.014,0.000288321829263232,14271521.353429811,14271523.264067577
Collonge-Bellerive,CH,1685469,6616,,25,0.9999513376234908,0.004648389285009864,0.621,0.004866242951389044,10692733.595761035,10692236.555878295
Lengnau (AG),CH,1684350,4312,1911,19,0.999996401066888,2.6700158613370307e-05,0.014,0.00035989391090324315,12670822.652071021,12670819.268941276
Payerne,CH,1685094,5822,2222,22,0.99999729337739,2.4827208347102145e-05,0.015,0.00027066259368376243,24178549.82560938,24178543.822750438
Göschenen,CH,1683079,1208,,4,0.9999339289226623,0.002659226118123391,3.21,0.006607413862143351,104150242.80915332,104153012.39961219
Aesch (LU),CH,1682812,1021,313,3,0.9995797727225608,0.01925713802861328,3.09,0.04202751211007902,5799521.096810322,5798404.275027711
Wahlen,CH,1683718,2792,1302,13,0.9990491922171002,0.02184521743926752,2.555,0.09513639180222291,5407975.86856612,5409157.252653671
Cartigny,CH,1685460,6609,,25,0.9997223014236256,0.020987807477135568,2.569,0.02777662854472456,4383440.572005066,4384360.560073193
Lachen,CH,1683088,1344,505,5,0.9995227113253504,0.03059119066223247,3.191,0.04773295825074685,4343745.049928126,4342416.246598021
Neuenkirch,CH,1682901,1093,314,3,0.9999972711999524,1.1414174980022411e-05,0.015,0.0002728803615616338,26267403.137137473,26267400.138930116
Oberhallau,CH,1683685,2972,1406,14,0.9999947032465545,3.7538597750308757e-06,0.012,0.0005296767371557902,6044554.89300844,6044554.666104325
Grüsch,CH,1684086,3961,1849,18,0.9999973755074847,2.44062192838858e-06,0.015,0.00026244959949689385,43295755.121716335,43295756.17840203
Einsiedeln,CH,1683065,1301,501,5,0.9999987524390891,3.11129435814893e-06,0.016,0.0001247561670839805,109741586.3270454,109741582.91266161
Dornach,CH,1683495,2473,1104,11,0.9998027719461948,0.01689807249756644,1.977,0.019723083966304192,5786490.54053595,5785512.7351693455
Tresa,CH,12597254,5239,2105,21,0.9999951800953711,4.310963619588286e-06,0.015,0.00048199161417797543,11179448.613873547,11179448.131931584
Derendingen,CH,1683494,2517,1106,11,0.999995724203993,6.15102131374009e-06,0.01,0.00042758050167255847,5626063.083026604,5626062.736966264
Weesen,CH,1683963,3316,1726,17,0.9999937620543097,6.742480980860355e-05,0.016,0.0006237967249162814,5748661.4272654345,5748665.303289468
Fischbach-Göslikon,CH,1684307,4067,1903,19,0.9999909836474136,7.118972801096515e-05,0.014,0.0009016390023371829,3070259.1327379975,3070256.9470288716
Morges,CH,1685064,5642,2227,22,0.9999951061025548,2.518002451616496e-07,0.014,0.0004893909426581495,13578296.35291525,13578296.387105433
Busswil bei Melchnau,CH,1682399,325,244,2,0.9999927095590504,3.527577397356289e-05,0.013,0.0007290466239233642,2862456.649017562,2862455.6392638246
Sirnach,CH,1684557,4761,2014,20,0.9999961564233064,1.3710986229777334e-05,0.015,0.00038435838151504255,12384301.03438805,12384299.336378241
Boswil,CH,1684277,4228,1908,19,0.9999957535268609,4.189449505846892e-05,0.015,0.00042464830458934443,11776473.661969882,11776478.595664058
Brione sopra Minusio,CH,1684636,5096,2104,21,0.9999921314143916,0.00018493944684559282,0.015,0.0007868609289811211,3816522.8162712613,3816515.758015076
Feldbrunnen-St. Niklaus,CH,1683504,2544,1107,11,0.9999908716729116,0.00016920159620926916,0.016,0.0009128376474473512,2509459.4499606015,2509463.696006047
Stans,CH,1683112,1509,,7,0.9992465389617838,0.012339264486926028,3.436,0.07536984936652415,11083297.550260285,11081929.952861685
Mettmenstetten,CH,1682166,9,101,1,0.9999951301127589,4.787883882503836e-05,0.016,0.0004869897932814664,13027016.181446815,13027009.944262734
Orselina,CH,1684732,5121,2104,21,0.9999937344017493,4.099091356398293e-05,0.007,0.0006265619165443115,1941255.069557017,1941255.8652952046
Niederbipp,CH,1682574,981,244,2,0.9995419765649965,0.0028182604590790217,3.294,0.04581348073891467,19770077.31978406,19770634.492055893
Lyssach,CH,1682541,415,245,2,0.9995788579561288,0.0032152260135403722,3.643,0.04212239710982018,6046793.314830467,6046598.896758824
Dörflingen,CH,1683644,2915,1402,14,0.9999952616941449,1.9964204034118167e-05,0.015,0.00047383166086763034,5821058.537210394,5821057.37508239
Rüeggisberg,CH,1682634,880,246,2,0.9999969797181392,1.0423576656175105e-05,0.058,0.0003020286263760074,35803699.497857794,35803695.76583173
Escholzmatt-Marbach,CH,2741953,1010,316,3,0.9999986556515846,1.1244973774549598e-05,0.016,0.00013443493974053054,106395487.98864534,106395499.95279007
Russin,CH,1685528,6637,,25,0.9999931585025277,0.00016118772373516135,0.015,0.0006841515362444005,4909769.1334064845,4909761.219461378
Tafers,CH,12120617,2306,1006,10,0.999997420460572,2.9692952264363405e-05,0.016,0.00025795423740792726,41347791.440253004,41347779.16287303
Kaiseraugst,CH,1684336,4252,1909,19,0.9999938386865733,0.00012758577513325122,0.02,0.0006161328475995405,4904658.360209911,4904652.102563525
Lufingen,CH,1682161,63,103,1,0.9999941259995274,9.619214484808535e-07,0.015,0.0005874017751648722,5180632.222643938,5180632.27247755
Cugy (FR),CH,1683306,2011,1001,10,0.9999957705090314,1.8637813828699792e-05,0.014,0.0004229500306878296,9876618.755989864,9876620.59677568
Buttwil,CH,1684285,4230,1908,19,0.9999609356023444,0.0013388514310292362,0.29,0.003906489917172095,4568375.796858043,4568314.633093312
Mettauertal,CH,1684366,4184,1906,19,0.9999970566865358,3.1005674984314886e-05,0.037,0.0002943318251691069,21592623.69351653,21592630.388455253
Ropraz,CH,1685127,5798,2222,22,0.9999936642127777,0.00013692438860699895,0.015,0.0006335802957358541,4806682.097327057,4806675.515806983
Lyss,CH,1682540,306,243,2,0.9999971887918355,5.331890761228112e-05,0.013,0.00028112128639142393,14829634.66131956,14829642.568318764
Flawil,CH,1683879,3402,1728,17,0.9999949520034558,1.2515634986076093e-05,0.015,0.0005048008966061525,11469051.217576716,11469049.78215213
La Brillaz,CH,1683343,2234,1004,10,0.9999952689983724,8.450692903124766e-05,0.015,0.00047310148175090346,10303705.059242038,10303713.76658676
Hospental,CH,1683081,1210,,4,0.999998212695448,2.9983159628360756e-05,0.014,0.0001787305881422147,35165419.89380834,35165409.35010436
Chamblon,CH,1684882,5904,2224,22,0.9984456024762729,0.006582046991416902,3.461,0.1555657734580134,2859901.4988175165,2860089.738878077
Curtilles,CH,1684939,5669,2222,22,0.9985763165471616,0.003012256749540621,3.217,0.1424676154271799,4961262.791377575,4961113.345404279
Stammheim,CH,9173171,292,102,1,0.9999351438478223,0.005870480491094955,3.418,0.0064860159150669965,23953803.085951317,23955209.289288353
Zufikon,CH,1684474,4083,1903,19,0.9999943118561618,3.789947509502191e-05,0.015,0.0005688161093160147,4806350.209377073,4806352.030958573
Oberrieden,CH,1682178,137,106,1,0.9999929792157838,7.568570275622723e-05,0.015,0.0007020806205846659,2790833.2975980076,2790831.1853362136
Schönenbuch,CH,1683705,2774,1301,13,0.999991195630832,0.00020656235682907993,0.01,0.0008804398831553534,1345542.1966671613,1345539.4172834877
Auenstein,CH,1684258,4091,1904,19,0.9999942486782881,3.7013844079877363e-05,0.015,0.0005751337185671832,5681954.403080956,5681952.299971213
Willadingen,CH,1682726,423,245,2,0.9979327974934398,0.05484982076669561,3.243,0.20687738653859125,2167171.9264690205,2165983.236551646
Beatenberg,CH,1682372,571,250,2,0.999997277640581,3.0259097691435703e-05,0.016,0.0002722362711680102,29246711.429226868,29246702.579435885
Fribourg,CH,1683318,2196,1004,10,0.9999964331845752,5.380573552945352e-05,0.015,0.0003566820825039151,9284601.629681434,9284596.634033237
Eppenberg-Wöschnau,CH,1683499,2574,1108,11,0.9999915335297206,0.00020705451357665096,0.014,0.0008466514885241577,1811605.7130058534,1811609.4640172503
Crésuz,CH,1683305,2130,1003,10,0.9999923644128985,0.00013651669384557116,0.007,0.0007635611041151407,1793803.912773548,1793801.4639317521
Attiswil,CH,1682367,971,244,2,0.9992833826332511,0.0009662596099101478,3.273,0.07168776924426652,7646854.699845676,7646928.588314069
Remaufens,CH,1683386,2333,1007,10,0.9999806854880623,0.001212289782989306,2.279,0.0019314581388753264,5906956.123727511,5906884.514301937
Préverenges,CH,1685111,5643,2227,22,0.9999950494690975,0.0003623860118661281,0.015,0.0004950534186641748,10121850.134411823,10121813.454242794
Fischenthal,CH,1682122,114,105,1,0.9999974044996907,9.269895131054104e-06,0.016,0.00025955035551079923,30241253.655271567,30241250.851939067
Ligerz,CH,1682534,740,242,2,0.9999892856492989,8.524838540577387e-05,0.015,0.0010714403535366389,1792289.0273165277,1792287.49941907
La Verrerie,CH,1683347,2338,1007,10,0.9994461414777317,0.007415544072590433,3.28,0.05539914028850538,13432346.972157422,13431350.890547719
Les Genevez (JU),CH,1685613,6748,2602,26,0.9999969038218124,2.489696620694625e-05,0.014,0.0003096183366825392,13635132.311671255,13635135.706405539
Alto Malcantone,CH,1684613,5237,2105,21,0.9999966744263249,3.330745907393449e-05,0.208,0.0003325578651786926,22058111.297971338,22058103.950974945
Ergisch,CH,1685299,6104,2306,23,0.999997583953147,1.7289510468328113e-05,0.015,0.00024160499813105754,29533305.92504981,29533311.03121383
Aedermannsdorf,CH,1683473,2421,1102,11,0.9990208291795541,0.007139689635359816,3.433,0.09796154710085127,12916326.503980976,12915404.318356302
Arbon,CH,1684500,4401,2011,20,0.9999870607765617,4.727482459392837e-05,0.252,0.0012939310206572874,6044705.165718943,6044708.023342707
Châtel-sur-Montsalvens,CH,1683291,2128,1003,10,0.9999926313739286,4.958813083881666e-06,0.013,0.0007368653402305814,2028777.640225412,2028777.7408287032
Oberbipp,CH,1682585,983,244,2,0.9993725368273502,0.024109104258824607,3.294,0.06275844278346952,8451594.026250059,8449556.422634738
Evolène,CH,1685303,6083,2305,23,0.9999992702653915,1.1422453372557458e-06,0.016,7.297348729649025e-05,209989325.27943265,209989327.67802593
Homburg,CH,1684530,4816,2012,20,0.9999970050875914,2.9171226708853116e-05,0.016,0.0002994916461889366,24126971.486938927,24126964.448805377
Oberburg,CH,1682586,418,245,2,0.9999950458472087,6.122157409371767e-06,0.015,0.0004954165214722003,14138283.04636945,14138283.911937393
Eggiwil,CH,1682427,901,245,2,0.99999840725962,6.50239516737912e-06,0.016,0.00015927416984332175,60305136.17997745,60305140.10125571
Lindau,CH,1682160,176,108,1,0.9999954010853761,1.8467391517344737e-05,0.018,0.0004598924777075652,11987134.665482003,11987132.451770913
Oeschgen,CH,1684394,4175,1906,19,0.9999952818464198,2.4518585725051206e-05,0.015,0.0004718165288340853,4377508.762228953,4377509.835532191
Kaltbrunn,CH,1683899,3313,1726,17,0.9999957453586228,1.4462052369104397e-05,0.015,0.0004254650117870278,18641532.231577456,18641529.535629302
Breggia,CH,1684634,5269,2106,21,0.9999966619275249,2.6038562100178107e-05,0.015,0.0003338078483013742,25482686.398337062,25482693.033662185
Bister,CH,1685277,6172,2309,23,0.9999950219987308,2.3538671583288403e-06,0.014,0.0004978013718159706,5807362.384718876,5807362.521416472
Bettwil,CH,1684270,4227,1908,19,0.9999918200159931,0.0002169275250429375,0.071,0.0008180008590169865,4249487.766888047,4249478.548579407
Schwarzenburg,CH,1682656,855,246,2,0.9999978095350149,3.366786844413029e-05,0.016,0.00021904677544237001,44799731.75525735,44799746.838372104
Hasliberg,CH,1682470,783,250,2,0.9998191315295502,0.005230746203534045,3.313,0.018088955944468292,41735954.7683342,41738137.870203756
Wiedlisbach,CH,1682721,995,244,2,0.9999938502501257,0.00010993911176550026,0.015,0.0006149772165075888,7504027.252377414,7504035.502238322
Rüfenach,CH,1684410,4112,1904,19,0.9999929239064852,0.0001237259076942395,0.015,0.0007076122928730998,4171732.976515843,4171738.138030335
Roggwil (BE),CH,1682623,337,244,2,0.9999956109497344,1.0333595459580457e-06,0.016,0.00043890598745495354,7841656.7884009285,7841656.7073684195
Rudolfstetten-Friedlisberg,CH,1684408,4075,1903,19,0.9999947087964383,8.203473409781224e-06,0.017,0.0005291217776890915,4903490.951342017,4903491.353598594
Matran,CH,1683361,2208,1004,10,0.9995522279465922,0.0015153116271099999,2.499,0.0447868932431158,2912526.6409175675,2912482.507062735
Horriwil,CH,1683526,2523,1106,11,0.9990499733296679,0.013614487563850532,2.623,0.09505428615000058,2637257.8852175814,2637616.934364391
Soral,CH,1685533,6639,,25,0.9999915916779322,2.29135901544172e-05,0.007,0.0008408358381981045,2942020.6531265373,2942021.327249092
Bolken,CH,1683485,2514,1106,11,0.9999925426100783,0.00010066978703695375,0.014,0.0007457421481980407,2116382.6446199804,2116384.7751778816
Bremgarten bei Bern,CH,1682389,353,246,2,0.9994743524974781,0.004908158194886912,2.712,0.05257727882929423,1897819.1234865712,1897725.9755217377
Conters im Prättigau,CH,1684065,3881,1849,18,0.9999977016319371,5.143327675716032e-05,0.012,0.0002298370112468507,18397221.664007094,18397212.20171316
Gampelen,CH,1682449,495,243,2,0.9999950757304555,6.152763153669182e-05,0.063,0.0004924283183853841,10843057.722083462,10843064.393560065
Steinhausen,CH,1683148,1708,,9,0.9999945703532135,2.0434566109038785e-05,0.015,0.0005429662083270933,5045759.498372548,5045760.529451609
Erlinsbach (AG),CH,1684305,4005,1901,19,0.9999958709071488,3.477685464545592e-05,0.016,0.00041291006596198615,9860889.690806136,9860886.261498861
Wolfenschiessen,CH,1683122,1511,,7,0.9998432797905602,0.00019127279353012034,3.64,0.01567323411205076,92698816.80497496,92698639.49735849
Oberdorf (SO),CH,1683561,2553,1107,11,0.999704900976376,0.011046610010966976,2.532,0.029515887339145036,11915125.488371916,11916441.705816934
Oberwil (BL),CH,1683686,2771,1301,13,0.9999961966178489,7.998566100981203e-06,0.015,0.00038033895380106436,7885397.348117549,7885397.978836268
Trasadingen,CH,1683717,2973,1406,14,0.9999933544676499,2.891417552881767e-05,0.014,0.0006645555391251136,4142288.4832185465,4142289.6809271094
Ferrera,CH,1684076,3713,1851,18,0.99999818770457,3.625251214215046e-05,0.02,0.00018122967454229155,75463804.36961639,75463777.01209155
Silvaplana,CH,1684170,3790,1846,18,0.9999978851159379,3.654721462843508e-05,0.016,0.0002114885913423733,44774281.38274042,44774265.01898771
Niederbüren,CH,1683912,3422,1728,17,0.9999970104047183,1.5992172445507396e-05,0.015,0.00029895995074943584,15836640.817894926,15836638.285272017
Campo (Vallemaggia),CH,1684646,5307,2108,21,0.9999981995107095,1.089253018686495e-05,0.056,0.00018004908132942821,43304786.202904545,43304781.485917635
Dallenwil,CH,1683064,1503,,7,0.999480359199125,0.013603147630216663,3.309,0.05197404963067526,15474864.764957936,15472759.696258383
Spiez,CH,1682672,768,249,2,0.9999955306187048,1.3599882578163806e-05,0.016,0.00044693909789094203,16727941.10190558,16727938.826925233
Soyhières,CH,1685631,6724,2601,26,0.9999952792480072,6.050943710848972e-05,0.014,0.0004720761707081287,7506142.949481626,7506138.407556779
Oberglatt,CH,1682177,92,104,1,0.9999957382673597,5.860251742388777e-05,0.015,0.00042617404727075483,8248507.489605781,8248502.655772742
Blauen,CH,1683627,2781,1302,13,0.9999956977888246,5.714312292337592e-06,0.014,0.00043022203072725143,7124678.628359681,7124678.221233294
Niedermuhlern,CH,1682576,877,246,2,0.9999922193399963,6.166229937005321e-05,0.141,0.000778069266927112,7256970.882356068,7256975.357171179
Tobel-Tägerschen,CH,1684563,4776,2014,20,0.999993244504574,0.00013014055375696072,0.015,0.00067555138480987,7105394.047773548,7105384.800774388
Himmelried,CH,1683522,2618,1110,11,0.9999951942712529,7.855001061273867e-05,0.013,0.00048057421817129055,6025069.712063925,6025074.444756824
Orzens,CH,1685087,5925,2224,22,0.9991513326942139,0.041542261257586054,3.401,0.08492039293858983,4195805.336833474,4197548.369248361
Schüpfheim,CH,1682921,1008,316,3,0.9999976031215966,1.586102955378781e-05,0.016,0.00023968810840124292,38377680.26232812,38377674.17523291
Dürrenroth,CH,1682426,952,245,2,0.9999962237120414,4.019103312196992e-05,0.015,0.00037762958480023155,14134236.811003428,14134242.491699226
Balsthal,CH,1683478,2422,1102,11,0.9996430758634476,0.01673243494193447,3.383,0.0357017711722687,15708871.97212262,15711500.448905468
Rütschelen,CH,1682640,340,244,2,0.9991300347193417,0.05457964384323832,3.549,0.08705813804214822,3980966.4760274594,3983139.273351594
Stocken-Höfen,CH,3411388,770,247,2,0.9999965212317683,1.8040754149609606e-05,0.014,0.0003478773969911334,14224491.738158932,14224489.171953348
Leytron,CH,1685330,6135,2307,23,0.9997721545021027,0.004147390543442936,3.178,0.022787618299922048,26824568.807844214,26825681.32747427
Lavizzara,CH,1684694,5323,2108,21,0.9999991472703178,5.53118563761577e-06,0.016,8.527300205467614e-05,187528920.01505142,187528909.64247873
Trimmis,CH,1684191,3945,1845,18,0.9999982457257222,1.594959479234328e-05,0.015,0.00017542759518716266,42874171.37551517,42874178.213771775
Büren an der Aare,CH,1682406,383,243,2,0.9999958510860494,3.604311031807344e-05,0.015,0.0004148921808341053,12602984.595199166,12602980.052691525
Ardon,CH,1685268,6021,2302,23,0.9999974641585277,2.858202151043255e-05,0.014,0.00025358443236194996,20393716.690171827,20393710.861235335
Langnau im Emmental,CH,1682525,902,245,2,0.9999981021823866,9.37753452660216e-06,0.016,0.00018978193274394732,48362679.60940148,48362675.0741745
Sempach,CH,1682922,1102,314,3,0.9999963217566383,2.1269959302560486e-05,0.016,0.000367825051892487,11676584.022762777,11676586.506367447
Bourrignon,CH,1685576,6703,2601,26,0.9999970892176581,2.3784377706301777e-05,0.015,0.0002910786924518991,13552536.289746879,13552539.513133299
Pratteln,CH,1683690,2831,1303,13,0.9999973788760508,7.2512333457919735e-06,0.012,0.00026211274784286055,10705946.792895548,10705947.569208732
Breitenbach,CH,1683487,2613,1110,11,0.9992336607228737,0.03482160159562415,3.535,0.07667665045755262,6801236.89175505,6803605.191369072
Sargans,CH,1683931,3296,1725,17,0.9999961558909664,7.868741403341989e-06,0.015,0.000384411657576931,9463888.813581197,9463889.558270134
Schwarzhäusern,CH,1682657,341,244,2,0.9994304141411953,0.036534593439645324,3.047,0.056985219662107955,3794115.9365993054,3795502.1014313707
Rüschlikon,CH,1682200,139,106,1,0.9999926920845089,7.653163453080792e-05,0.016,0.0007307939397968106,2933124.232283526,2933121.9875156083
Wilen (TG),CH,1684571,4786,2014,20,0.9999887753365286,5.850126297778384e-05,0.015,0.0011224729752675323,2250496.6773585305,2250497.99392751
Lens,CH,1685326,6240,2311,23,0.9999952233559272,0.00013672515376132586,0.015,0.00047766522164419996,13979548.882160706,13979529.768601002
Lamone,CH,1684692,5189,2105,21,0.9998684059573397,0.011761360557442209,2.178,0.013161044086062036,1863411.6694563066,1863630.8320214208
Schwaderloch,CH,1684422,4176,1906,19,0.999992895333826,5.9482217851321324e-05,0.016,0.0007104689299625641,2771243.1760758464,2771241.5276789432
Rorschach,CH,1683927,3215,1722,17,0.9999836688344227,0.0006671797345165148,0.159,0.0016331353412042042,1791417.9948315632,1791429.9468093852
Porza,CH,1684741,5214,2105,21,0.9999907148783557,0.00013283188267530514,0.015,0.0009285170916524268,1562098.6445509687,1562100.7195160075
Gals,CH,1682448,494,243,2,0.9999956581064238,2.2223434598666493e-05,0.015,0.00043419034828161046,7845849.133676103,7845850.877293254
Grancia,CH,1684683,5186,2105,21,0.99998014626371,0.00037247824410473456,0.016,0.001985389640226029,612286.9311079265,612284.6504723167
Schönholzerswilen,CH,1684556,4756,2015,20,0.9999936619480697,1.3496211580458373e-05,0.019,0.0006338072443137112,10933172.260497471,10933173.736061532
Prangins,CH,1685107,5725,2228,22,0.9998283672870116,0.013913411456766202,3.01,0.017163550213843536,11567363.10920291,11565753.694378829
Rumisberg,CH,1682629,987,244,2,0.999993577438613,5.966583681707413e-06,0.015,0.0006422582202726951,5136585.444619025,5136585.751097694
Semsales,CH,1683398,2336,1007,10,0.9999975274400713,1.4705006504404561e-05,0.016,0.00024725631652322685,29358937.61156059,29358941.928794276
Wolfwil,CH,1683591,2408,1101,11,0.9999934349254584,8.547577823529479e-05,0.132,0.0006565098898167069,6882176.233459868,6882182.116053563
Rafz,CH,1682190,67,103,1,0.999416551142098,0.03958448001050001,3.485,0.058350360255799316,10683961.909341374,10679732.718575042
Heimberg,CH,1682472,928,247,2,0.999994350518592,0.00012390997095061053,0.015,0.0005649500867741379,5435082.055563687,5435088.790172284
Villars-le-Terroir,CH,1685189,5537,2223,22,0.9999929287804353,2.6105979760292355e-05,0.015,0.000707124364293803,7092634.989759526,7092633.138157671
Ollon,CH,1685077,5409,2221,22,0.9998821173018633,0.005308792812550732,3.403,0.011789277597080065,59556698.86102713,59559860.602775656
Lommiswil,CH,1683542,2551,1107,11,0.9990302123201206,0.002784931299164015,3.255,0.09702716625915493,5756276.016331948,5756436.324664393
Lugano,CH,2888417,5192,2105,21,0.9999925384205456,0.00027402842802960725,1.08,0.0007461617513206852,86207956.7069231,86208192.9412317
Collonges,CH,1685292,6211,2310,23,0.9999973130480709,4.42254946946251e-05,0.013,0.00026869561313099796,12206901.035579074,12206906.434141444
Hölstein,CH,1683659,2886,1305,13,0.9989585477254553,0.023398065279580736,3.279,0.10418729651853213,6024856.982443991,6023447.2824742375
Koblenz,CH,1684343,4310,1911,19,0.9999923469352464,0.000245723294170961,0.016,0.0007653084636558197,4075634.65024353,4075624.635459809
Fieschertal,CH,1685306,6058,2304,23,0.9999989784743842,1.6938279024287138e-05,0.016,0.00010215260503362241,172824151.27052847,172824121.9970915
Vico Morcote,CH,1684771,5233,2105,21,0.9999902722042648,0.00020225815907800739,0.012,0.0009727852888256314,2446164.245027543,2446169.192594313
Herbetswil,CH,1683519,2424,1102,11,0.9994214361252176,0.004387666992037086,3.433,0.05787185948912786,16295917.893469693,16295202.882859232
Goldach,CH,1683885,3213,1722,17,0.9999940883675762,6.074536646519471e-05,0.015,0.0005911651692372741,4723643.713392522,4723646.582787206
Neftenbach,CH,1682170,223,110,1,0.9999967141240058,1.0607611442176144e-05,0.015,0.00032858815664694037,15068212.61719198,15068214.215569425
Volken,CH,1682226,43,102,1,0.9999916307427229,1.6621871662587777e-05,0.016,0.0008369292994428909,3202426.951053364,3202427.483356662
Tschugg,CH,1682693,501,243,2,0.9995575363226188,0.013716715511117087,2.398,0.044253123363762484,3288171.9210070376,3287720.8918191167
Laténa,CH,18488711,6513,,24,0.9999955933401052,8.353647341433194e-05,0.063,0.00044066677651014876,26105033.590397697,26105011.783173252
Pontresina,CH,1684131,3784,1846,18,0.9999988469439841,1.0620651035848068e-05,0.015,0.00011530567409361878,118178624.27850038,118178636.82983966
Stansstad,CH,1683113,1510,,7,0.9999972451466322,4.3225365306195904e-05,0.014,0.00027548565669330847,17130203.9624598,17130196.55786656
Nendaz,CH,1685346,6024,2302,23,0.9999986104175125,2.4364160706452576e-06,0.016,0.00013895834329720865,85933037.15911417,85933035.06542784
Tenniken,CH,1683712,2863,1304,13,0.9984215120314766,0.02366001701465223,3.519,0.1579921647440429,4672569.841688711,4673675.372508276
Le Mouret,CH,1683352,2220,1004,10,0.9999972517081612,1.353917844790232e-05,0.015,0.00027482954288255817,18560798.33572526,18560795.82274565
Zunzgen,CH,1683726,2869,1304,13,0.9991150156250395,0.003528144937689292,3.519,0.088536052831166,6858044.597734956,6857802.635981657
Gündlischwand,CH,1682466,578,250,2,0.9999963856210923,2.6631398398602438e-05,0.014,0.00036143849592039416,16691840.53611138,16691836.090840828
Gurbrü,CH,1682463,665,246,2,0.9999854342347392,0.0005272883404503018,0.57,0.0014565909744543454,1861076.2383428833,1861086.051580895
Hüttikon,CH,1682149,87,104,1,0.9999884600734952,1.3206772597681591e-05,0.015,0.0011539992328090322,1589128.0086720155,1589127.7987994931
Genolier,CH,1684982,5718,2228,22,0.9999939606711226,2.6954631008278743e-05,0.015,0.000603934630019983,4864169.411948919,4864168.100830003
Val-de-Ruz,CH,2761758,6487,,24,0.9999989440665966,1.0442824036893025e-05,0.014,0.00010559340153294035,124305512.1986031,124305525.179609
Marthalen,CH,1682162,35,102,1,0.9999955869637385,6.20885587800408e-05,0.015,0.0004413044628472541,14130448.163272673,14130439.38988106
Würenlingen,CH,1684468,4047,1902,19,0.999995883741992,3.071460261945165e-05,0.015,0.00041162671131711654,9373865.099841582,9373867.978986997
Ferenbalm,CH,1682440,662,246,2,0.9999943371525496,1.587457131195678e-05,0.014,0.0005662863036152113,9130549.759061314,9130548.309625681
Felsberg,CH,1684075,3731,1844,18,0.9996557082029495,0.023405657612311566,3.401,0.03443913744920567,13396297.186525673,13399432.677977879
Unterkulm,CH,1684447,4146,1905,19,0.9999961388070863,9.801094876439099e-06,0.015,0.0003861200556506863,8883220.690610556,8883221.561263444
Suchy,CH,1685155,5929,2224,22,0.9995624811490036,0.022537657892956354,3.315,0.043756526927149215,6637361.714061489,6635865.808185256
Mathod,CH,1685044,5919,2224,22,0.9999951003264411,7.909509218979113e-05,0.015,0.0004899683622395665,6585902.011268,6585896.802142733
Wohlen bei Bern,CH,1682728,360,246,2,0.9999975361496276,6.757314037555353e-05,0.028,0.00024638542396301504,36318493.526544124,36318518.06809074
Wattenwil,CH,1682718,886,247,2,0.9994842759069176,0.0013548446859411787,2.984,0.05158606075847818,14536566.90626317,14536763.854167419
Wittenbach,CH,1683967,3204,1721,17,0.9999942318615731,2.3574920875263232e-05,0.016,0.0005768155743917278,12198819.683301724,12198822.559163813
Vullierens,CH,1685204,5654,2227,22,0.9999955153506856,8.243175147030435e-07,0.015,0.0004484659388179527,6844381.549851414,6844381.60627085
Moosseedorf,CH,1682558,544,246,2,0.9999066325251073,0.0001661009882320898,2.755,0.009337175629264742,6378615.705709045,6378605.110765322
Wil (ZH),CH,1682239,71,103,1,0.9999953322521262,5.562370093605153e-05,0.015,0.0004667757468354921,8937786.203993676,8937781.232466208
Haute-Ajoie,CH,1685603,6809,2603,26,0.9999978481263677,8.922750080320093e-06,0.015,0.00021518760412695203,40927950.39587098,40927954.04776971
Albinen,CH,1685265,6102,2306,23,0.9999975867475093,5.794721417753346e-06,0.014,0.00024132553321341382,15555825.123430435,15555824.222013704
Gächlingen,CH,1683653,2901,1401,14,0.9999940331428869,3.394909007362332e-06,0.015,0.0005966875016639547,7129982.036421339,7129982.278477741
Corcelles (BE),CH,1682411,687,241,2,0.999996135432662,5.340878918063732e-05,0.014,0.0003864575837284477,6787636.177221323,6787639.80241562
Freienbach,CH,1683073,1322,503,5,0.9999960834257147,9.450974325960221e-05,0.016,0.00039165838066492837,20691618.807746142,20691638.363341954
L'Abbaye,CH,1685007,5871,2224,22,0.9999981109053291,3.6441189928692394e-05,0.013,0.0001889096112001396,36274877.67158516,36274864.45258809
Furna,CH,1684083,3862,1849,18,0.9997352966317559,0.022043510003019524,3.607,0.02647092279999856,33317045.232035946,33309700.98583751
Lotzwil,CH,1682538,331,244,2,0.9999943381842019,2.5004246483394103e-05,0.015,0.0005661831117352861,6222105.351147498,6222103.79535694
Courchavon,CH,1685588,6783,2603,26,0.9999957691484455,5.213200216327662e-05,0.012,0.00042308594012893804,6193841.13456206,6193837.905588666
Neerach,CH,1682169,88,104,1,0.9999936889379915,9.469876834249177e-06,0.015,0.0006311081625150555,6042074.529490421,6042073.957313404
Densbüren,CH,1684291,4004,1901,19,0.9999962645995938,3.651889081509468e-05,0.015,0.0003735408066878683,12524574.303823404,12524578.87765902
Pomy,CH,1685105,5926,2224,22,0.9999949103280958,2.9470464603601286e-06,0.015,0.000508968493003727,5617158.460263436,5617158.625803705
Mühlau,CH,1684376,4235,1908,19,0.99999531758696,3.3295196053143404e-05,0.014,0.0004682423225060658,5522303.474468043,5522301.635806275
Vallorbe,CH,1685174,5764,2224,22,0.9999862403656833,0.00024915325811151253,0.64,0.001375971184088087,23195818.36874328,23195760.57560607
Marbach (SG),CH,1683905,3253,1723,17,0.9999935419333269,2.71467263445838e-05,0.013,0.0006458086649350905,4380546.804815373,4380545.61564032
Hemmiken,CH,1683656,2848,1304,13,0.9992600141808573,0.01314558047183317,2.993,0.07403083657040692,3390706.5661864053,3391152.294246627
Eggenwil,CH,1684298,4066,1903,19,0.9999897350151339,8.29086038918934e-05,0.015,0.001026504180623149,2460369.781528433,2460371.8213866693
Kandergrund,CH,1682501,564,249,2,0.9999981514645957,2.2107881312848224e-05,0.016,0.00018485369092402005,32089378.136521332,32089371.0422397
Zuoz,CH,1684213,3791,1846,18,0.9999972225064346,6.241005914038154e-06,0.016,0.0002777497331094919,65783192.77695696,65783188.67142401
Silenen,CH,1683108,1216,,4,0.9999988486024969,9.66507348142686e-06,0.016,0.00011513982215120695,144785269.5581888,144785283.5517915
Birr,CH,1684273,4092,1904,19,0.9999760222053545,0.0006549475931292373,0.259,0.002397816063772286,5046965.322665947,5046998.377643853
Besenbüren,CH,1684269,4226,1908,19,0.9999936019850238,8.930331328678101e-05,0.014,0.000639803258695789,2379992.3870620294,2379990.261649972
Burgistein,CH,1682398,863,247,2,0.9991430280630113,0.004110725656962209,3.408,0.08573216734128199,7524667.535447064,7524358.217008083
Rueyres,CH,1685132,5534,2223,22,0.9999897378314097,4.892770971845838e-05,0.018,0.0010262218736556868,2003715.0521544118,2003714.0717825275
Medel (Lucmagn),CH,1684117,3983,1850,18,0.999927801476022,0.004356816611561972,3.366,0.007220270322135773,136222913.41529557,136228848.397816
Cazis,CH,1684061,3661,1851,18,0.9996063731116231,0.019747183532147723,3.642,0.03937432474527036,31176551.25086394,31182707.74165844
Hermrigen,CH,1682478,737,243,2,0.9999925647995043,0.00010323663671644473,0.015,0.0007435231974404345,3417670.6815635543,3417674.20985182
Ellikon an der Thur,CH,1682116,218,110,1,0.9999942485269934,8.886134454096104e-05,0.015,0.0005751486992981925,5017339.789572532,5017335.331096935
Buochs,CH,1683062,1502,,7,0.9999976686086114,9.993505888283746e-05,0.007,0.0002331392941912419,12044655.096929142,12044643.060095979
Billens-Hennens,CH,1683275,2063,1002,10,0.9993594039314815,0.02358255880577358,3.014,0.06407257572475333,4894179.638694339,4893025.465902984
Ponte Capriasca,CH,1684739,5212,2105,21,0.999992086181804,0.0001383128532202063,0.016,0.0007913844038457614,6165475.291824291,6165466.764179501
Küsnacht (ZH),CH,1682157,154,107,1,0.999995159942178,2.5007810787998456e-06,0.017,0.0004840069474347005,12365586.335753998,12365586.026517754
Chur,CH,1684063,3901,1848,18,0.9999982465893704,3.0704282516481254e-05,0.017,0.00017534118901672434,81988627.48225705,81988602.30823724
Schänis,CH,1683936,3315,1726,17,0.9999979189893202,3.158174294982997e-05,0.016,0.0002081012516715568,39904596.99474645,39904584.3921792
Vétroz,CH,1685403,6025,2302,23,0.9999940428757995,4.7375562434601e-05,0.013,0.0005957143354837202,10433332.449269524,10433337.392119452
Brissago,CH,1684637,5097,2104,21,0.9999978706417115,1.5386454264973757e-07,0.016,0.00021293605593763348,23787987.992934063,23787988.029535342
Bürglen (UR),CH,1683063,1205,,4,0.9997601985967361,0.006839623546128026,3.573,0.023983836080609822,53064560.787228055,53068190.20342231
Riemenstalden,CH,1683097,1369,506,5,0.9999952564577705,1.0747276010253382e-05,0.015,0.00047435532256122733,11203047.92478441,11203046.720761929
Eschert,CH,1682435,692,241,2,0.9999959210466064,5.324801516754816e-05,0.015,0.00040789606271244563,6584026.3927304605,6584022.886867088
Seftigen,CH,1682663,883,247,2,0.9999947422316662,2.3516121817749762e-05,0.015,0.0005257781537542058,3894547.138430477,3894546.222584028
Matzingen,CH,1684542,4591,2012,20,0.9999942638511261,1.1504183263133552e-05,0.016,0.0005736165659243335,7683045.467451511,7683046.351323142
Dottikon,CH,1684294,4065,1903,19,0.9999926402298484,9.213435690346966e-05,0.015,0.0007359800627383371,3885302.341972488,3885305.9216708145
Oberengstringen,CH,1682176,245,111,1,0.9999897812621609,0.0001677720337891844,0.013,0.0010218781478294008,2153104.3863600558,2153100.774053037
Bichelsee-Balterswil,CH,1684505,4721,2014,20,0.9999945993050462,1.3783219898608035e-05,0.015,0.0005400709912162778,12258327.280685946,12258328.970278151
Nusshof,CH,1683683,2854,1304,13,0.9999882360817375,0.00018320525397316369,0.014,0.0011763998232963754,1721449.2702934889,1721452.4240789965
Wachseldorn,CH,1682709,946,247,2,0.9999936843153157,6.667312667880491e-05,0.015,0.0006315702523761344,3513242.515221553,3513240.17283292
Meienried,CH,1682549,389,243,2,0.9986322080654296,0.12092892680999623,3.439,0.13679004080891854,652534.2016865119,651745.0990793442
Moiry,CH,1685050,5490,2227,22,0.999995693504458,6.570095151079692e-05,0.015,0.00043065062294728857,6664319.800490081,6664324.179011602
Vandoeuvres,CH,1685538,6642,,25,0.9994051464015868,0.0027183931292385907,2.851,0.05950386640890822,4419865.130156941,4419985.279466961
Lichtensteig,CH,1683902,3374,1727,17,0.9999926055030238,2.64794687862202e-05,0.01,0.0007394525295647487,2820085.8737140275,2820086.620457786
Saas-Balen,CH,1685361,6289,2313,23,0.9999972452921635,1.0732005799642762e-05,0.015,0.0002754711484056266,30204370.204425212,30204366.96289045
Hagenbuch,CH,1682132,220,110,1,0.9999951047760358,3.4208681474031524e-05,0.015,0.0004895235108285916,8126281.233291013,8126278.45339735
Nyon,CH,1685074,5724,2228,22,0.9999958265439057,1.2951642437659547e-05,0.016,0.0004173465073142341,11437965.199597603,11437966.681001958
Gommiswald,CH,2754666,3341,1726,17,0.9999974309678631,1.0153336398618867e-05,0.016,0.0002569035567677818,33585876.97166247,33585880.38174954
Oltingen,CH,1683687,2855,1304,13,0.9987843853972306,0.007003170641326964,3.581,0.12163113198868941,7178481.214065521,7177978.492776644
Diepflingen,CH,1683641,2845,1304,13,0.999069509607742,0.07466823515349212,2.268,0.09312710520179131,1437158.0848799583,1438231.185458304
Val Mara,CH,14040250,5240,2105,21,0.9999968771973764,1.8891367069575157e-05,0.016,0.00031228072087847,12521678.827401666,12521676.461885355
Céligny,CH,1685478,6610,,25,0.9999936386376586,0.00015431712597100336,0.015,0.0006361387484203198,8587388.645366432,8587401.897177786
Niederhünigen,CH,1682575,617,246,2,0.9999938297437745,3.4637479485523153e-06,0.014,0.000617027515553013,5418483.73802166,5418483.55033904
Veytaux,CH,1685179,5891,2230,22,0.9999354142329638,0.0026932718192411173,3.02,0.0064588722525896125,9609239.472614754,9609498.275553513
Celerina/Schlarigna,CH,1684062,3782,1846,18,0.9999970785316733,6.908120983979178e-05,0.014,0.00029214736022837163,24024886.98694808,24024903.583630674
Ependes (VD),CH,1684960,5914,2224,22,0.9991551723973691,0.0218676358642196,3.315,0.0845277031227707,4810987.799377189,4812039.848670629
Plateau de Diesse,CH,3411353,726,241,2,0.9997259274823266,0.01100641892442497,3.156,0.027409499584054774,25549799.702892717,25546987.584903065
Riggisberg,CH,1682620,879,246,2,0.9996554084257487,0.002460126697615968,2.984,0.034465519558150075,34505353.29008638,34506202.16549478
Graben,CH,1682454,976,244,2,0.9994460782586974,0.029966196442912384,2.958,0.05539921808199731,3160025.0222669775,3159078.0829611598
Bellinzona,CH,1684625,5002,2101,21,0.9999988402168343,1.4148114580697087e-05,0.015,0.00011597839212392782,164200415.25660336,164200438.48786625
Cologny,CH,1685470,6617,,25,0.9999187658025971,0.007643421766670048,0.589,0.008123439237153144,7432260.346162854,7431692.2671578
Schneisingen,CH,1684420,4318,1911,19,0.9999960598857486,6.498911763983544e-05,0.014,0.0003940120733072574,8259374.483742466,8259369.116047867
Doppleschwand,CH,1682824,1001,316,3,0.9999959240078566,3.093500542655911e-05,0.015,0.0004076001080941105,6944688.48155646,6944690.629896219
Chavannes-le-Veyron,CH,1684892,5475,2227,22,0.9994424343081699,0.03388630441139901,2.371,0.05578156704749596,2644803.208234361,2645699.4343005856
Münchenstein,CH,1683678,2769,1301,13,0.9999953791585631,8.161722592928711e-05,0.013,0.0004620850226522706,7191623.625978039,7191617.756374336
Prilly,CH,1685109,5589,2229,22,0.9993910703782495,0.041338446789244816,3.527,0.06089891765010683,2202502.5698625497,2201592.0895096753
Stein am Rhein,CH,1683709,2964,1405,14,0.9998917511507557,0.008823717221181585,1.624,0.010824993242196134,6051215.89604161,6050681.9538625
Cressier (FR),CH,1683304,2257,1005,10,0.999872871399019,0.00021007528212765476,2.098,0.012713654879215067,4168915.716059992,4168906.95819854
Fehren,CH,1683503,2616,1110,11,0.9985579737022248,0.0005160277322445251,3.498,0.14430704912015915,1476419.9630669856,1476427.5818034394
Chippis,CH,1685290,6235,2311,23,0.9999916445633136,8.379846208454803e-05,0.012,0.0008355468093784601,1971903.5549390165,1971901.9025141636
Meyriez,CH,1683362,2271,1005,10,0.9999936073333177,0.00026333611525828255,0.01,0.0006392678699558104,1847526.408074685,1847521.5428704135
Arosa,CH,1684041,3921,1848,18,0.9999987636533991,1.034018618045123e-05,0.022,0.0001236347426923231,154785638.17824426,154785654.18336743
La Chaux-du-Milieu,CH,1685496,6435,,24,0.9999966170671004,2.652786601767841e-05,0.014,0.0003382939071487129,17307393.585228875,17307398.176511057
Oeschenbach,CH,1682599,335,244,2,0.9999941425464386,3.531092114667868e-05,0.014,0.0005857469681447318,3914898.2384034465,3914896.8560168166
Küblis,CH,1684095,3882,1849,18,0.9999959013388005,3.6940283813327503e-05,0.015,0.0004098670356320756,8141155.3089468945,8141158.316312771
Plaffeien,CH,1683378,2299,1006,10,0.9999981734974135,5.482439485395e-06,0.016,0.0001826504308000367,66513032.83232887,66513036.478865646
Wünnewil-Flamatt,CH,1683431,2309,1006,10,0.9998493099736037,0.005023204995143502,2.943,0.015069759597582645,13266405.527596043,13265739.128850905
Oberhofen am Thunersee,CH,1682588,934,247,2,0.9992949720873929,0.012006929066924252,2.856,0.07052341914008455,2711878.6447179415,2711553.031372689
Thalheim (AG),CH,1684438,4117,1904,19,0.9999964165458134,4.500917238587759e-05,0.015,0.00035834598017758844,9916534.802285984,9916530.33893574
Fontaines-sur-Grandson,CH,1684975,5557,2224,22,0.9999920872433822,7.978942312422467e-05,0.015,0.0007912784766161985,7857022.285285691,7857016.016212935
Le Bémont (JU),CH,1685607,6741,2602,26,0.9999957334641518,3.055985472118529e-05,0.015,0.00042665456023310177,11680432.711525343,11680436.28104861
Schübelbach,CH,1683104,1346,505,5,0.999473700687305,0.0009241743993728039,3.615,0.052644027723307264,29009996.151586417,29010264.25454411
Hohentannen,CH,1684529,4495,2015,20,0.9998251797527472,0.00034209202410195275,2.937,0.017483523059910466,8006237.252500001,8006209.86380093
Ersigen,CH,5817429,405,245,2,0.9999971379105724,3.773079674877729e-05,0.015,0.0002862094065432838,15457696.630702501,15457702.463014599
Deisswil bei Münchenbuchsee,CH,1682418,535,246,2,0.9999894839675953,0.000345829765277251,0.015,0.0010516105881817248,2159112.0090580154,2159119.4759100084
Les Ponts-de-Martel,CH,1685512,6437,,24,0.999996483911141,1.716122608756334e-05,0.014,0.00035160953422255726,18174083.466639217,18174086.58553477
Obergösgen,CH,1683563,2497,1105,11,0.9995752099598983,0.024743167150917764,3.392,0.042493284697698655,3630162.975850379,3631061.1931433445
Wettingen,CH,1684458,4045,1902,19,0.9999957841294046,3.848448210024099e-05,0.015,0.0004215880294934129,10595114.425265044,10595118.502739958
Beinwil (Freiamt),CH,1684263,4224,1908,19,0.9999961861471139,2.5993422117609614e-06,0.016,0.00038138601106082136,11310089.901464686,11310089.607476745
Pregny-Chambésy,CH,1685524,6634,,25,0.9999049963439943,0.00905216641864904,0.589,0.009501246921665677,6269040.153638183,6269607.637585742
Eriswil,CH,1682429,953,244,2,0.9999965732711424,5.567350552699505e-05,0.015,0.00034267337726458865,11337354.521723527,11337348.209820831
Laax,CH,1684097,3575,1850,18,0.9999974942775148,6.343330005293576e-05,0.016,0.0002505726420770312,31713835.168010026,31713855.285142247
Amsoldingen,CH,1682364,921,247,2,0.999662385925436,0.009863191828554305,2.686,0.03376877283917677,4711860.870984065,4712325.610860465
Bütschwil-Ganterschwil,CH,2727986,3395,1727,17,0.9999959971510829,1.6094060143834576e-05,0.015,0.00040028566067770103,21833818.087532964,21833814.57358515
Tegerfelden,CH,1684436,4320,1911,19,0.9999947269769108,1.249666646250306e-05,0.016,0.000527303732077644,7113235.2516056355,7113236.14052292
Meinier,CH,1685515,6629,,25,0.9993309165508767,0.00599969482816977,3.609,0.06693274385617798,6953493.945005128,6953911.133421724
Weinfelden,CH,1684569,4946,2015,20,0.999996980060192,3.6223138117855e-05,0.015,0.0003019944913979046,15480885.509378435,15480891.117040975
Basse-Allaine,CH,1685570,6807,2603,26,0.9999980282039025,5.27237515920259e-06,0.013,0.00019717979902244333,23035685.422647584,23035684.20811983
Horgen,CH,1682144,295,106,1,0.9999975828961865,8.725851186850294e-06,0.016,0.00024171066245995418,30832403.00305326,30832400.312663656
Sattel,CH,1683101,1371,506,5,0.9996781080766852,0.0187395118511405,3.532,0.032191357351804006,17389964.47570175,17386705.681247916
Thörigen,CH,1682685,989,244,2,0.9987393994829854,0.0008263168478270836,3.481,0.12613903634107348,4547017.1540685175,4546979.5812997
Moudon,CH,1685066,5678,2222,22,0.9999962946491796,3.6673690379468884e-05,0.015,0.00037053583656316175,15647078.524206525,15647084.262567656
Isérables,CH,1685319,6134,2307,23,0.9999968557038786,4.80901954266185e-07,0.015,0.000314430105261481,15256812.515671022,15256812.442300713
Troistorrents,CH,1685384,6156,2308,23,0.999997624998365,6.896590030067833e-06,0.016,0.00023750045364208345,36957514.30400594,36957516.85281419
Courgenay,CH,1685590,6784,2603,26,0.9999973722398272,1.0550663597447025e-05,0.016,0.00026277634863411945,18437446.1456745,18437444.20040158
Bretonnières,CH,1684869,5748,2224,22,0.9999940933360508,9.53039952686935e-06,0.014,0.0005906681111893114,5448894.732153965,5448894.212852527
Schleitheim,CH,1683704,2952,1404,14,0.9999974731201945,5.173930348759231e-06,0.015,0.00025268829333207845,21629632.791036893,21629631.671934757
Weggis,CH,1682929,1069,312,3,0.9999978144231562,8.073772002243852e-05,0.015,0.00021855801138912878,25286820.01892712,25286840.43492907
Cheseaux-Noréaz,CH,1684898,5909,2224,22,0.9999974785185682,6.422907000012759e-05,0.013,0.00025214854199007776,13968102.984629707,13968111.956212351
Arnex-sur-Orbe,CH,1684835,5743,2224,22,0.9999945838986722,4.16363590587689e-05,0.015,0.0005416117122439108,7614848.729218484,7614851.899764243
Hunzenschwil,CH,1684332,4200,1907,19,0.9999935638282003,6.370858757783837e-05,0.014,0.0006436190462127621,3264114.7199830385,3264112.6404616535
Roggwil (TG),CH,1684551,4431,2011,20,0.9999955619349797,3.0991787340555324e-05,0.016,0.00044380755579323934,12024748.822648056,12024752.54933264
Schlierbach,CH,1682917,1100,314,3,0.9999948206763671,1.1213444864490339e-05,0.015,0.0005179336754751098,7172135.146421549,7172134.342178129
Saint-Cergue,CH,1685134,5727,2228,22,0.9999961496982214,2.804770759940241e-05,0.02,0.0003850308651868292,24277556.956702437,24277550.14740425
Oberbalm,CH,1682584,357,246,2,0.9999965227394382,4.952682885775368e-06,0.015,0.0003477266521586934,12389778.758605003,12389778.144978551
Lupfig,CH,1684355,4104,1904,19,0.9999945064773009,4.326672104259429e-06,0.016,0.0005493537906590037,8446312.110316226,8446312.475760456
Freienwil,CH,1684310,4028,1902,19,0.9999914876708333,7.440207882786815e-05,0.015,0.0008512368563276136,3991472.239257028,3991475.2089953497
Hautemorges,CH,12534686,5656,2227,22,0.9999977715340699,8.718291520778912e-06,0.015,0.0002228468510485973,32964468.859305255,32964471.73324375
Cugnasco-Gerra,CH,1684671,5138,2104,21,0.9999926460454663,1.4676079277503781e-05,0.196,0.0007353982112791331,18213150.741006527,18213153.41398297
Rickenbach (LU),CH,1682909,1097,314,3,0.999995692740687,9.726364488858296e-06,0.016,0.00043072687980835587,11854119.582165005,11854120.735139882
Zofingen,CH,1684473,4289,1910,19,0.9999963250250392,2.906978971537012e-05,0.013,0.00036749822492019175,11078715.339737102,11078718.560296355
Gland,CH,1684988,5721,2228,22,0.999997292704494,0.00012129940431840897,0.014,0.0002707297527290274,17272743.5092412,17272722.557506215
Vaduz,LI,1155956,7001,,,0.9999937974227293,2.8845962824714246e-05,0.016,0.0006202597402822247,17315502.360610284,17315507.355433658
Damphreux-Lugnez,CH,15071858,6811,2603,26,0.9999969639562183,8.452035214937621e-06,0.015,0.0003036048518651311,10767896.429924458,10767897.340030856
Oberhof,CH,1684386,4173,1906,19,0.9999956683826542,7.332362651970217e-05,0.014,0.0004331628316424285,8200101.395730499,8200107.408342221
Schenkon,CH,1682916,1099,314,3,0.9999956094548988,7.714755138453286e-06,0.015,0.00043905545694541634,7710102.815851981,7710102.221036428
Affeltrangen,CH,1684496,4711,2015,20,0.9999956547039782,1.571253385736882e-05,0.015,0.0004345305118520819,14426932.706316734,14426930.439480048
Sisikon,CH,1683110,1217,,4,0.9996058498003517,0.0011264299956139424,3.565,0.039422567179762995,19842638.232753586,19842414.71932461
Ossingen,CH,1682185,37,102,1,0.9999952364543714,3.7880270518518064e-05,0.015,0.00047635560742083924,13091870.670210449,13091865.710974423
Küssnacht (SZ),CH,1683087,1331,504,5,0.9997932626367353,0.01090872534306173,3.41,0.020677001301580324,36197329.76723308,36201278.43451891
Inkwil,CH,1682490,980,244,2,0.9999934962648082,6.830037156286668e-05,0.014,0.0006503754119739591,3376209.731624463,3376207.4256606717
Häutligen,CH,1682486,609,246,2,0.9999928001478002,5.8330231129276395e-05,0.016,0.0007199880219034363,3067264.144761058,3067265.933903323
Bettwiesen,CH,1684504,4716,2014,20,0.999026868703717,0.03566606774331452,3.083,0.09734313957280183,3849293.598894942,3847920.707232321
Senarclens,CH,1685150,5499,2227,22,0.9999929061849582,9.891498287405964e-05,0.015,0.0007093836694319918,3969806.1546135945,3969802.2278805166
Salgesch,CH,1685369,6113,2306,23,0.9999960054541615,2.7063090572676234e-06,0.014,0.00039945537660247935,11252830.895960843,11252830.591424461
Bad Ragaz,CH,1683862,3291,1725,17,0.9996962796988484,0.026670367871269952,3.226,0.03038069389786937,25395510.120098036,25402283.19606985
Schwyz,CH,1683103,1372,506,5,0.9999978581044506,1.6208567926305093e-05,0.018,0.00021418976677378527,53178091.66797311,53178083.048566
Reichenburg,CH,1683096,1345,505,5,0.9993453038925482,0.02346299060272899,3.3,0.06549873219208618,11553380.421850804,11556091.19041348
Loveresse,CH,1682539,696,241,2,0.9999945480099834,2.4819834422857142e-05,0.015,0.000545200555662248,4685344.996031173,4685346.158926043
Valsot,CH,2754686,3764,1843,18,0.9999987654705471,1.3190219015350666e-06,0.018,0.00012345302232775448,158948401.90773982,158948404.00430405
Syens,CH,1685159,5688,2222,22,0.999992016299682,1.8516817042054127e-05,0.015,0.0007983732925759088,2522669.3903290373,2522669.857447113
Bolligen,CH,1682386,352,246,2,0.9999962131513009,1.4400409736445608e-05,0.016,0.0003786856140955334,16569589.884908691,16569592.270997526
Vouvry,CH,1685401,6159,2308,23,0.9999977353983797,2.8249098234021432e-05,0.015,0.00022646045045329743,33511786.500809774,33511795.967587262
Niederwil (AG),CH,1684382,4072,1903,19,0.9999948678430961,8.730908712562246e-05,0.013,0.0005132167832284926,6147830.072071444,6147824.70445713
Berg am Irchel,CH,1682089,23,102,1,0.9999956665500336,1.0374037863203132e-05,0.015,0.00043334591313495325,7012482.571064199,7012481.843586602
Möhlin,CH,1684373,4254,1909,19,0.9999970908695389,3.4206778353868924e-05,0.015,0.0002909135189698766,18795163.250968184,18795169.68018802
Attalens,CH,1683266,2321,1007,10,0.9999962920791201,3.7737689181419305e-05,0.016,0.0003707927053987553,9741487.635926083,9741483.959713757
Boniswil,CH,1684276,4192,1907,19,0.9999918558136218,2.971587122658787e-05,0.016,0.0008144218332498726,2787558.151778999,2787557.323431808
Oftringen,CH,1684395,4280,1910,19,0.9999963194690878,3.7470452595786734e-05,0.015,0.00036805383737235475,12852308.292662628,12852313.108480714
Rhäzüns,CH,1684135,3723,1844,18,0.9993814823161407,0.01666170780032817,3.544,0.061876056884115155,13373756.163367672,13375984.45954154
Pierrafortscha,CH,1683377,2216,1004,10,0.9999945458167372,5.420368984789136e-05,0.014,0.0005454196658859063,5056435.248939582,5056432.508165102
Cadempino,CH,1684640,5162,2105,21,0.9999865586416927,0.00026590495753001683,0.015,0.0013441466513793865,762720.2405199639,762722.2686308955
Buchegg,CH,3411895,2465,1103,11,0.9995613093668319,0.0025305228009094008,3.407,0.0438792430816369,25651910.74917287,25652559.876623247
Oberthal,CH,1682594,620,246,2,0.999904923706502,0.0034834264502071484,2.84,0.009507915742640755,10544412.600503916,10544045.293646371
Rupperswil,CH,1684409,4206,1907,19,0.9999945892593999,5.0555057773162095e-06,0.015,0.0005410755374388077,6216144.042251039,6216144.3565085605
Faoug,CH,1684970,5458,2222,22,0.9999308600225701,0.0008183576671346928,2.805,0.006914265059712175,5755903.68172214,5755950.785601232
L'Abergement,CH,1685008,5741,2224,22,0.9999939286327617,3.932242979359303e-05,0.015,0.0006071386862940711,5790646.166455751,5790648.443478525
Madiswil,CH,1682545,332,244,2,0.9999968927133941,5.927032229759503e-07,0.015,0.000310729142401013,23170352.517084025,23170352.3797526
Grolley-Ponthaux,CH,18488676,2239,1004,10,0.9999962345238973,1.587588013129671e-07,0.016,0.0003765483187517623,11248308.723381467,11248308.705523787
Nebikon,CH,1682899,1137,315,3,0.9993171196659513,0.012292234338658349,3.254,0.06830715915004033,3727632.967291666,3727174.7579120416
Riedholz,CH,1683569,2554,1107,11,0.9996218835832212,0.018388692878367037,3.035,0.0378153144401465,7154993.470602792,7153677.760828015
Signy-Avenex,CH,1685153,5728,2228,22,0.9999856225190167,2.2353481581422582e-05,0.071,0.0014377585947113961,1941951.2934583786,1941951.7275521033
Niederglatt,CH,1682171,89,104,1,0.9999934310545713,3.052203837018617e-05,0.012,0.0006568966001838652,3603370.7568496,3603369.657027395
Schmiedrued,CH,1684419,4143,1905,19,0.999995630917469,4.64749664931426e-05,0.015,0.0004369093091115726,8648272.504457442,8648276.52373919
Hermenches,CH,1685002,5673,2222,22,0.9999948106837614,5.4912998692328406e-06,0.015,0.0005189329559163428,4773406.091803006,4773405.829680963
Lumnezia,CH,2742612,3618,1850,18,0.999998739025809,6.190234293791085e-06,0.016,0.00012609750275433573,165473736.02815324,165473746.2713652
Ascona,CH,1684618,5091,2104,21,0.9999956436583631,5.0129518027595606e-05,0.014,0.0004356352217181151,12157189.208785078,12157195.303125434
Sorens,CH,1683401,2153,1003,10,0.9999960992981899,3.6831689608253694e-05,0.015,0.0003900710134472881,8713966.174728459,8713969.384229433
Rovray,CH,1685131,5928,2224,22,0.9999925854308463,7.194075190501028e-05,0.014,0.000741459930917294,3196295.155633927,3196297.455072695
Boningen,CH,1683486,2571,1108,11,0.9996718483096051,0.008425096247144683,2.653,0.0328191715181304,2757171.693104495,2756939.3987356517
Trachselwald,CH,1682687,958,245,2,0.9999968214003393,4.2126655417948324e-05,0.015,0.00031786040437533275,15962668.149983507,15962661.4254453
Bure,CH,1685579,6778,2603,26,0.999997044254757,7.206007766097151e-05,0.015,0.00029557506771586955,13684614.006913923,13684623.868057404
Messen,CH,1683550,2457,1103,11,0.9992947385111025,0.023852383656035547,3.185,0.07054261330022138,11893372.109390024,11890535.256644852
Courtelary,CH,1682416,434,241,2,0.9999973446968952,1.2674855729590633e-05,0.011,0.0002655306463095938,22203369.599240668,22203366.784995604
Opfikon,CH,1682184,66,103,1,0.9999948747515212,6.47301357847142e-05,0.016,0.0005125259953403685,5587604.792064395,5587601.175200226
Saint-Oyens,CH,1685139,5436,2227,22,0.9999922946105505,6.102415177489816e-06,0.015,0.0007705418901292548,3055463.6192580764,3055463.432801001
Pont-en-Ogoz,CH,1683380,2122,1003,10,0.9998791937235331,0.004552919787738751,2.921,0.012081632426025965,11970828.866692586,11971373.888928814
Zweisimmen,CH,1682739,794,248,2,0.9999465241997091,0.002542965811396966,3.217,0.005347791011181307,73000868.97005996,73002725.35719989
Saas-Grund,CH,1685363,6291,2313,23,0.9999980353163731,1.3199373698876225e-05,0.015,0.00019646854262451343,24794913.872489784,24794910.599716444
Giffers,CH,1683323,2294,1006,10,0.999994224718396,8.459115791190011e-05,0.015,0.0005775295837987571,5215896.974407583,5215892.562219936
Saint-Imier,CH,1682644,443,241,2,0.9999971323707222,1.3015770190177038e-05,0.014,0.00028676332029324027,20869314.981200673,20869312.264898594
Wiliberg,CH,1684460,4288,1910,19,0.9999859933145689,0.0004677036354093855,0.015,0.0014006750770670213,1170454.669204558,1170449.1949455193
Höri,CH,1682146,60,103,1,0.9994220496636476,0.027847883003312337,3.101,0.057803690119666906,4786349.024155673,4785016.127279296
Les Bois,CH,1685609,6742,2602,26,0.9999977038723667,6.297713449440249e-06,0.014,0.0002296130340640048,24709640.846099053,24709642.402241427
Arbaz,CH,1685267,6261,2312,23,0.9999296289111154,0.001341806585456028,3.214,0.007037403715889501,19162140.443617526,19162397.562479913
Bassersdorf,CH,1682086,52,103,1,0.999995190286336,5.702881426748486e-05,0.014,0.00048097238568230215,9026447.692975275,9026442.545299185
Würenlos,CH,1684469,4048,1902,19,0.9999962436769014,4.2458162338280126e-05,0.015,0.00037563293562172293,9028925.17750299,9028921.34398728
Eschlikon,CH,1684519,4724,2014,20,0.9997378589043084,0.0037769329779909953,3.602,0.026218041026799314,6221142.05382946,6221377.022195299
Fiez,CH,1684974,5556,2224,22,0.9997856574891391,0.009498610273716759,3.417,0.021437566555032195,6827090.852478107,6827739.331231217
Aesch (ZH),CH,1682078,241,111,1,0.999994358878587,2.1648563858159637e-05,0.017,0.0005641136714409127,5243864.791360868,5243863.65613945
Leibstadt,CH,1684348,4311,1911,19,0.9999953508144505,4.015889509377942e-05,0.016,0.000464919542389491,6401735.340698497,6401732.769832318
Mörschwil,CH,1683909,3214,1722,17,0.9999958797987161,1.1654649387208733e-06,0.015,0.00041202097973214397,9838021.957382409,9838022.072041105
Evilard,CH,1682437,372,242,2,0.9998423770566468,0.014868566362887624,1.179,0.01576470858881755,3701427.4249534085,3701977.774146462
Roggenburg,CH,1683697,2790,1302,13,0.9999957585883981,4.415197809686687e-06,0.014,0.00042414205029622223,6670668.538335887,6670668.243812676
Greng,CH,1683330,2261,1005,10,0.9998776364405534,0.011832415484638903,1.664,0.012237828605002337,2470539.415304799,2470831.7397931297
Arzier-Le Muids,CH,1684836,5702,2228,22,0.9999978070726872,1.2697037392433538e-05,0.047,0.00021929295788956235,51896502.14646898,51896495.5571507
Nuvilly,CH,1683375,2035,1001,10,0.9999047068012451,0.004333175118769313,3.2,0.009529980407742014,3982559.961718874,3982732.5330162253
Rohrbach,CH,1682624,338,244,2,0.999984550630164,0.0009686777472005749,0.373,0.0015449414351573283,4076331.218646035,4076291.732132618
Onex,CH,1685520,6631,,25,0.9999923517074428,0.00010580469220758455,0.015,0.0007648325851864758,2814120.8964065383,2814123.873878491
Bottighofen,CH,1684509,4643,2013,20,0.9999907198730947,3.214604852893198e-05,0.015,0.0009280168473086009,2436063.942629978,2436063.159531681
Bitsch,CH,1685278,6173,2309,23,0.9993458220997676,0.029985231817131718,2.104,0.0654490055076853,5788615.870483301,5790351.600371068
Avers,CH,1684043,3681,1851,18,0.9999987887347834,1.8051672119576881e-06,0.015,0.00012112659591648293,93139212.27697563,93139213.95829415
Novazzano,CH,1684729,5260,2106,21,0.9999937670812489,1.807221394678782e-05,0.016,0.0006232937611342709,5228655.772618982,5228654.827685124
Mülligen,CH,1684377,4107,1904,19,0.999978994850083,0.0003626651909859858,0.457,0.002100540861699702,3161415.998236363,3161427.4635917307
Hildisrieden,CH,1682859,1088,314,3,0.9999947387124309,3.81144746534322e-05,0.015,0.0005261300406431635,7042277.842198021,7042275.158070818
Gryon,CH,1685000,5405,2221,22,0.9995939744354346,0.019240357975996117,3.403,0.04060689413665343,15217682.047900956,15214754.111399291
Granges (Veveyse),CH,1683327,2328,1007,10,0.9999943958274616,2.8934324835068835e-06,0.015,0.0005604188322824223,4464368.27447084,4464368.4036443215
Gy,CH,1685490,6624,,25,0.9979521284851088,0.06134260469413548,3.649,0.2049341800374745,3286268.2897754293,3284252.4072092436
Berikon,CH,1684268,4062,1903,19,0.9999946545104932,3.352211750009326e-05,0.016,0.0005345504688023557,5375869.895623468,5375871.697728891
Dintikon,CH,1684293,4194,1907,19,0.999993263537255,1.814708818704229e-05,0.013,0.0006736484823367945,3723806.4251516056,3723805.7493891697
Frutigen,CH,1682446,563,249,2,0.9999985089525535,7.277698021162027e-06,0.015,0.00014910486109251506,72276981.52350855,72276986.783609
Le Grand-Saconnex,CH,1685504,6623,,25,0.9999954974577504,7.157633208363187e-05,0.014,0.00045025539988688645,4382138.205451782,4382141.342025576
Unterseen,CH,1682700,593,250,2,0.999995661445653,1.3041280634746033e-05,0.016,0.00043385640408001076,13993378.247979049,13993380.072894776
Kirchberg (SG),CH,1683900,3392,1727,17,0.999997768015089,8.786197931146782e-06,0.016,0.00022319874990037457,42539732.44807327,42539736.18569836
Chessel,CH,1684900,5403,2221,22,0.9999946618399705,6.615483244972542e-05,0.011,0.0005338172512218855,3561649.138595058,3561646.782392038
Muntelier,CH,1683368,2274,1005,10,0.9999932824513927,5.926845579918157e-05,0.013,0.0006717573160289558,2504409.969104396,2504411.4534295117
Büren (SO),CH,1683491,2472,1104,11,0.9999283878262939,0.0056235145968509415,3.386,0.007161272431725671,6232412.977823849,6232062.497170305
Toffen,CH,1682686,884,246,2,0.9999723091429021,0.0005586047167636608,0.252,0.0027691317837612106,4883654.437298422,4883681.717622459
Cureglia,CH,1684672,5180,2105,21,0.9999885235683835,0.00028103542615591775,0.015,0.0011476481346149319,1055717.5116515341,1055714.5447113262
Aefligen,CH,1682358,401,245,2,0.9999935070587088,0.00016261524010670233,0.01,0.0006492957090622894,2041325.5543019208,2041322.2347954693
Castaneda,CH,1684056,3805,1847,18,0.999993599995867,1.4027996294895031e-05,0.014,0.0006400024164006349,3960586.952343168,3960586.3967521773
Jorat-Menthue,CH,1868685,5804,2223,22,0.9998055269007617,0.006285701908078582,3.472,0.01944858983750157,17652600.666724626,17651491.076867692
Therwil,CH,1683714,2775,1301,13,0.9999960085919027,2.811476781250902e-06,0.015,0.0003991416119140622,7659948.129256118,7659948.344613781
Lausanne,CH,1685018,5586,2225,22,0.9999957070984338,8.033109648131628e-05,2.124,0.00042929125067062504,67631420.81988901,67631475.14895092
Törbel,CH,1685387,6296,2313,23,0.9999968123431833,8.04609116833927e-05,0.212,0.0003187660615188471,16855962.560199026,16855948.997737877
Jonschwil,CH,1683898,3405,1728,17,0.999994712137231,2.7013329038953104e-05,0.018,0.0005287877464581196,10994926.839867624,10994929.809963388
Wil (SG),CH,1683965,3427,1728,17,0.9996785172179009,0.018430477021085176,3.579,0.03215640961648198,20816358.75455047,20820195.308767352
Seuzach,CH,1682209,227,110,1,0.9999948603982134,2.1797286028100254e-05,0.015,0.0005139615554984472,7563478.145514451,7563479.794147416
Sursee,CH,1682923,1103,314,3,0.9999951251709566,1.1515973031029875e-05,0.015,0.0004874841204219155,6050584.874598304,6050585.571382026
Hemishofen,CH,1683655,2962,1405,14,0.9999858956713755,0.0005633094479806834,0.396,0.0014104467817470168,7892904.804994818,7892949.2664733045
Gunzgen,CH,1683513,2578,1108,11,0.9999947410907847,3.6140863268352266e-05,0.012,0.000525892399451516,3929677.625894129,3929679.0461135465
Schmitten (FR),CH,1683397,2305,1006,10,0.9998528303912576,0.00502047474681383,2.943,0.014718413356538663,13495448.054151546,13496125.589713074
Vex,CH,1685394,6089,2305,23,0.999997221541387,3.166960639784235e-05,0.013,0.0002778462032402202,13038245.161659598,13038241.032498674
Diepoldsau,CH,1683873,3234,1723,17,0.9999963220819651,4.912912957829737e-05,0.014,0.0003677923894699847,11245468.407832118,11245462.883031372
Müllheim,CH,1684544,4831,2012,20,0.9996287049540332,0.03479564303004804,3.321,0.03714285980164208,8742002.260706468,8745044.096606782
Stüsslingen,CH,1683580,2499,1105,11,0.9994995452574963,0.030484006407406877,3.448,0.05005037029002649,8386850.45553442,8384293.807504175
Denens,CH,1684941,5631,2227,22,0.999542854078245,0.0034080290862499125,2.396,0.04572582284549354,3300346.9923516135,3300459.46913706
Sonvilier,CH,1682668,445,241,2,0.9999977465342234,3.688433471409517e-05,0.014,0.00022534687302372945,23779886.326165274,23779895.09721814
Tamins,CH,1684184,3733,1844,18,0.9998561174028442,0.009674314691431934,3.401,0.014388598867488375,40737843.89117964,40733902.78396311
Bachs,CH,1682085,81,104,1,0.9999956977479598,2.011863832977868e-06,0.016,0.00043022613383834684,9132176.174434356,9132176.358161306
Belp,CH,1682374,861,246,2,0.9999977957395269,6.4628998511068625e-06,0.014,0.00022042629739325528,23260580.700099036,23260582.20340707
Seewis im Prättigau,CH,1684163,3972,1849,18,0.999997522770462,4.455509648044129e-06,0.015,0.0002477232555537387,49627010.57572759,49627008.364591345
Alpnach,CH,1683053,1401,,6,0.9999982981843756,2.159642705918171e-06,0.016,0.00017018170903918754,56347127.58221038,56347128.79910701
Hochdorf,CH,1682868,1031,313,3,0.9999956304546822,2.4158899691923428e-05,0.016,0.00043695543333315895,10301233.352507016,10301230.863842383
Buchillon,CH,1684870,5623,2227,22,0.9999982235324654,1.0165629030286573e-05,0.015,0.00017764692014470728,21037518.644677922,21037520.783274025
Bonaduz,CH,1684047,3721,1844,18,0.9991865737844087,0.010476145516189955,2.73,0.0813799806496985,14397747.265799578,14399255.594754197
Mont-sur-Rolle,CH,1685055,5859,2228,22,0.9987561630592311,0.012542190057102639,3.285,0.12446890380687528,3860287.2473754156,3860771.4119387316
Boulens,CH,1684863,5661,2223,22,0.9999920476299606,4.606339418187435e-05,0.015,0.0007952399826342292,3417867.9313113824,3417866.3569254046
Rickenbach (BL),CH,1683695,2857,1304,13,0.9990259871228306,0.03256337655512475,3.027,0.0974328795825772,2902623.8721635407,2901678.679822069
Mont-Noble,CH,1685339,6090,2305,23,0.9999982223725599,7.987140572121836e-06,0.014,0.00017776290912621857,43454068.54796037,43454072.01869791
Regensberg,CH,1682191,95,104,1,0.9999896652633488,2.7110236381221864e-05,0.014,0.0010334791455285164,2366203.1485724105,2366203.7900556773
Arboldswil,CH,1683614,2881,1305,13,0.9999943193521393,0.00026306896334925067,0.011,0.0005680656523568649,3464739.4201549017,3464730.3055008263
Oetwil am See,CH,1682182,157,107,1,0.9999941705529043,6.08868501481431e-05,0.016,0.0005829462309398661,6106803.71356897,6106799.995328544
Erlach,CH,1682432,492,243,2,0.9996660890403952,0.015086875673314229,2.398,0.03339919097494751,3578606.7576174503,3579146.657569809
Cornol,CH,1685586,6782,2603,26,0.9999968757355246,6.748066794297344e-05,0.014,0.0003124270410422438,10445533.726083096,10445540.774799025
Courrendlin,CH,1685591,6708,2601,26,0.9999973044120284,3.869862664513657e-05,0.015,0.0002695592125945596,21550270.828511193,21550279.168170042
Ingenbohl,CH,1683083,1364,506,5,0.999760234553827,0.01614973164128829,2.823,0.023981355641212645,16665596.825704293,16668288.274868064
Nods,CH,1682582,724,241,2,0.9995595650018018,0.028664256067941356,3.359,0.044059514866789835,26614071.34008307,26621700.065642096
Rothrist,CH,1684406,4282,1910,19,0.999996967638261,2.5322276317026744e-05,0.014,0.00030323667204193655,11854188.623669926,11854191.625420325
Vionnaz,CH,1685397,6158,2308,23,0.9999978451261311,6.558159477123509e-07,0.014,0.00021548761984527148,20951321.82757403,20951321.96497614
Masein,CH,1684114,3663,1851,18,0.9999950512054229,2.5455010365850623e-05,0.011,0.0004948807452472129,4199667.954909132,4199669.023935045
Kerns,CH,1683086,1404,,6,0.9999983997094196,1.4093823896549574e-06,0.016,0.0001600291850597794,92584103.4012976,92584102.09643355
Volketswil,CH,1682227,199,109,1,0.999995663755588,3.2762175403954716e-05,0.016,0.0004336253102614983,14042354.481007017,14042349.880426211
Berg (TG),CH,1684502,4891,2015,20,0.9999955386951457,1.651655435890908e-05,0.015,0.0004461315174793434,13137363.008018546,13137365.177858248
Oberbüren,CH,1683914,3424,1728,17,0.9999954721653567,1.5924997388754552e-05,0.015,0.0004527845258098971,17731244.052394688,17731246.87609484
Arogno,CH,1684617,5144,2105,21,0.9999952251166276,9.099661968016571e-05,0.05,0.00047748925997377276,8487411.26737712,8487403.544119768
Cressier (NE),CH,1685477,6452,,24,0.9999951415464922,2.6904373013046732e-05,0.015,0.0004858464656725648,8570243.45329654,8570241.147526274
Vernayaz,CH,1685393,6219,2310,23,0.9994222639915525,0.05465436525897805,3.261,0.05780608707117951,5592363.468152113,5595419.938908607
Oberdorf (NW),CH,1683093,1508,,7,0.9993445148664697,0.0037178495551677786,3.439,0.06557122233111776,16202043.252729952,16202645.620322952
Cademario,CH,1684639,5161,2105,21,0.9999680673252435,0.0001024093056628966,0.543,0.0031933200963654425,3957676.470452468,3957680.5234814617
Andeer,CH,1684038,3701,1851,18,0.9999977802205605,3.6125619179987363e-06,0.018,0.0002219781941629337,46299552.273770325,46299553.94637032
Hauptwil-Gottshaus,CH,1684526,4486,2015,20,0.9999956551723596,3.208641029198659e-05,0.018,0.00043448363839332995,12495264.000913398,12495259.991631724
Hedingen,CH,1682134,5,101,1,0.9999950882811677,2.041904101165201e-05,0.015,0.0004911731398226485,6529257.923563182,6529259.2567750355
Vacallo,CH,1684765,5268,2106,21,0.9998534501060967,0.000871596219530243,0.891,0.014655999441685032,1636383.7826935528,1636369.5200343658
Läufelfingen,CH,1683673,2852,1304,13,0.9992513251621774,0.011764886092088096,3.461,0.07489111429161303,8155741.3597312635,8154781.846050326
Hellsau,CH,1682475,408,245,2,0.9980874148233921,0.04936219480889811,2.828,0.191394341950416,1476809.6591140218,1476080.6734531333
Giebenach,CH,1683650,2826,1303,13,0.9979996608551484,0.0018476797058954273,3.552,0.20023603246503122,1337587.3753140306,1337612.0896445129
Emmen,CH,1682829,1024,313,3,0.9999969599473713,3.041184485973062e-06,0.016,0.0003040057295446892,20366277.960293755,20366278.57966984
Gontenschwil,CH,1684318,4135,1905,19,0.9999959760684661,5.480565298042031e-05,0.016,0.0004023940734044567,9737906.050522622,9737911.38744562
Vaulion,CH,1685176,5765,2224,22,0.9999965203227492,3.28787263074486e-05,0.015,0.0003479682732945907,13151406.7718261,13151402.447811062
Tujetsch,CH,1684197,3986,1850,18,0.9999141743991515,0.0031766508018757546,3.366,0.008582792077310952,133910445.1425739,133906191.27534448
Bioley-Magnoux,CH,1684853,5903,2224,22,0.9993057290851083,0.013245373820785352,3.064,0.06945579999896274,4285682.030949992,4286249.685555762
Bonvillars,CH,1684859,5551,2224,22,0.9999942802444497,2.9014958080931732e-05,0.015,0.0005719771079224349,8468459.985652067,8468457.528531952
Büttikon,CH,1684290,4064,1903,19,0.9999918439911787,1.9169593210344598e-05,0.015,0.0008156042864143291,2819077.1878826376,2819077.728288267
Udligenswil,CH,1682925,1067,312,3,0.9989085461938967,0.018316768724737913,3.266,0.1091949752925705,6224656.976676455,6223516.820654129
Hersberg,CH,1683657,2827,1303,13,0.9999883667729113,0.0001941577133307123,0.015,0.0011633306048765312,1663744.3634382926,1663747.5937263044
Duggingen,CH,1683643,2785,1302,13,0.9999957627118641,2.703730906385048e-05,0.012,0.00042372965393526956,5857324.056182911,5857322.472520103
Val Müstair,CH,1684200,3847,1843,18,0.9999990363709975,1.2969925687737317e-05,0.022,9.636295295428971e-05,198649198.88054723,198649224.6452007
Bettens,CH,1684851,5471,2223,22,0.9999936793749317,4.4280722588439485e-05,0.015,0.0006320646443972831,3744519.577868005,3744521.2359683313
Heimenhausen,CH,1682473,977,244,2,0.9999950275072752,5.349077389234334e-05,0.015,0.0004972503758258249,5843404.505355616,5843401.3796733245
Villmergen,CH,1684452,4080,1903,19,0.9999954103754977,3.3835227101806445e-06,0.017,0.0004589635112724471,11939815.865615405,11939816.269601787
Arnex-sur-Nyon,CH,1684834,5701,2228,22,0.9999893155019519,0.00021428050622661793,0.015,0.0010684566574772944,2044163.1212878514,2044167.5015309358
Jegenstorf,CH,3411472,540,246,2,0.9999953281362218,3.770638068564949e-06,0.015,0.00046718746025564906,13489985.983936708,13489985.475278161
Saint-George,CH,1685136,5434,2228,22,0.9999967478025891,7.495182618362536e-05,0.015,0.00032522014812187016,12315156.899137067,12315147.668702073
Döttingen,CH,1684295,4304,1911,19,0.9999950828274486,4.9779864063028436e-05,0.014,0.000491718586499355,6924724.149474838,6924727.596593106
Löhningen,CH,1683674,2903,1401,14,0.9999958029953311,4.249901166033355e-05,0.014,0.0004197012584022685,6831289.970539944,6831287.067309223
Le Landeron,CH,1685505,6455,,24,0.9999958602199688,7.950761177873273e-06,0.015,0.00041397887651128463,10324925.17847492,10324925.999385063
Unterbäch,CH,1685388,6201,2309,23,0.9999976193593535,4.628726429569737e-06,0.015,0.00023806435375680517,22055093.067744263,22055094.088614184
Seengen,CH,1684424,4208,1907,19,0.9999968364780536,1.1988186852668129e-05,0.017,0.0003163527140322636,10342965.645452129,10342966.885386176
Vitznau,CH,1682927,1068,312,3,0.9999958607198105,9.169944634359131e-06,0.015,0.0004139288946012984,11765209.568257581,11765210.647120785
Oberegg,CH,1683915,3111,,16,0.9999920686749261,8.843688143490778e-06,0.016,0.000793135617827056,14608044.152116923,14608042.860227054
Lommis,CH,1684540,4741,2014,20,0.9999955594903486,4.546975488533803e-05,0.015,0.00044405205207214847,8605851.356816947,8605855.269876465
Geltwil,CH,1684316,4232,1908,19,0.9999921152983459,5.421299881009603e-05,0.016,0.0007884730601059384,3280362.9377860287,3280361.1594029083
Warth-Weiningen,CH,1684568,4621,2012,20,0.9999946081730022,0.00015843892237492685,0.015,0.0005391845804846311,8212637.06213624,8212650.0741499
Schwerzenbach,CH,1682205,197,109,1,0.999992116627816,0.00012593235660965013,0.014,0.0007883408221579243,2650915.5883300626,2650918.9266905347
Onnens (VD),CH,1685078,5565,2224,22,0.9999956067658609,1.0327855660944362e-05,0.015,0.0004393244015584286,7109494.439242703,7109495.173501027
Aadorf,CH,1684495,4551,2014,20,0.9999958865066563,4.98159571688034e-05,0.015,0.0004113502828062111,19944216.46129294,19944226.39669527
Fällanden,CH,1682126,193,109,1,0.9999952325310341,5.985131913360125e-06,0.018,0.00047674804711911453,6381606.787941536,6381607.16988912
Court,CH,1682415,690,241,2,0.9999976008159097,2.0893470587849326e-05,0.014,0.00023991867182583185,24606287.938189164,24606282.79708163
Saxon,CH,1685373,6141,2307,23,0.9996752633387463,0.0017654181219684654,2.716,0.03247922637096258,23220028.10351453,23220438.034098595
Vuiteboeuf,CH,1685202,5766,2224,22,0.9999935674539074,4.783490564348174e-05,0.015,0.0006432565243679073,5061990.13887657,5061987.717478364
Minusio,CH,1684717,5118,2104,21,0.9999947377355617,8.367379312151194e-05,0.015,0.0005262276083619325,8830023.12992783,8830015.741512544
Sergey,CH,1685151,5762,2224,22,0.9999897683415888,1.3435616165352128e-06,0.012,0.0010231710823529125,1462521.582046886,1462521.6016967646
Manno,CH,1684707,5194,2105,21,0.9998904547220006,0.00453597550931073,2.178,0.010954879380176691,2365568.880775602,2365461.579150514
Murgenthal,CH,1684370,4279,1910,19,0.9999963063381467,0.00010199442700408419,0.132,0.0003693666790848638,18615442.796032615,18615423.8093184
Chevroux,CH,1684902,5813,2222,22,0.9998915972935015,0.0017257079129684564,2.852,0.010840951779817492,13196025.98609075,13196253.710955389
Wiler bei Utzenstorf,CH,1682724,554,245,2,0.9996621079379103,0.023356763650945828,2.969,0.0337909690266041,3820642.0975715243,3819749.719226846
Bottenwil,CH,1684278,4273,1910,19,0.999994654677982,7.123506672334974e-05,0.015,0.0005345338208511531,5100757.568736586,5100761.202264643
Bischofszell,CH,1684507,4471,2015,20,0.9999947495665822,5.083761573656831e-06,0.016,0.0005250447337086713,11576890.332204634,11576890.920746136
Glarus Süd,CH,1683141,1631,,8,0.9999993424947711,5.7310672567758516e-06,0.017,6.575054239314942e-05,430032382.1827548,430032357.53730977
Niederbuchsiten,CH,1683556,2405,1101,11,0.9999955776779498,1.4013622181358522e-05,0.013,0.0004422331519201983,5487973.783279064,5487973.014215153
Ottenbach,CH,1682187,11,101,1,0.9999945911151057,0.00011146436574885942,0.014,0.0005408902536624545,5022357.33294232,5022362.931081067
Aire-la-Ville,CH,1685444,6601,,25,0.99999322485693,2.9486151281220127e-05,0.014,0.0006775167020326335,2926527.3429029225,2926528.205823202
Seeberg,CH,5817433,988,244,2,0.9995357406569589,0.002360113176380913,3.345,0.04643616566382619,16803290.595556926,16802894.018881515
Giez,CH,1684983,5559,2224,22,0.999994415554858,9.266112458371094e-05,0.013,0.0005584458146756194,4763100.181644559,4763095.768102366
Beromünster,CH,1682818,1081,314,3,0.9999978846073164,1.1461608906733225e-06,0.016,0.0002115394908616677,42335342.50856863,42335342.02333749
Heitenried,CH,1683338,2296,1006,10,0.9999961326259663,6.354539918310243e-05,0.015,0.0003867380283057544,9127864.094842698,9127858.294505022
Pfungen,CH,1682188,224,110,1,0.9999932886158965,0.0001142530920499356,0.015,0.0006711410458501096,4986719.739634509,4986725.437116004
Rossemaison,CH,1685625,6721,2601,26,0.9999633391731606,0.003128925308947121,0.961,0.003666207241444305,1886416.0404964332,1886475.0650453563
Hérémence,CH,1685316,6084,2305,23,0.9999989137592749,7.924462723160267e-07,0.016,0.00010862413225521548,107437610.57847904,107437611.42986438
Affoltern am Albis,CH,1682080,2,101,1,0.9999950778639451,4.9244685399070566e-05,0.015,0.0004922146956388516,10593038.08768839,10593032.87118011
Losone,CH,1684699,5115,2104,21,0.9999967714261094,2.492097055111869e-06,0.009,0.00032285791427224213,9260552.181164872,9260552.41194682
Aristau,CH,1684255,4222,1908,19,0.999995530200008,2.2033583343041075e-05,0.014,0.00044698104731517944,8641690.38101604,8641692.285090093
Thurnen,CH,10523927,889,246,2,0.9991804312347962,0.008697433157192125,3.408,0.081986909403104,5951451.135377454,5950933.511893071
Rüdtligen-Alchenflüh,CH,1682633,420,245,2,0.9999944125066993,7.203834811296623e-05,0.014,0.0005587510922785535,2720811.834714061,2720813.794741962
Habsburg,CH,1684320,4099,1904,19,0.9999887983685605,0.00022250933992965424,0.016,0.0011201706641023252,2226516.915797908,2226521.8700060006
Müntschemier,CH,1682571,498,243,2,0.9993005152080116,0.013264635902150053,3.19,0.06996831087797682,4871876.901566439,4871230.664833846
Eischoll,CH,1685296,6194,2309,23,0.9999978249108796,1.7298245773524792e-05,0.01,0.00021750916744101454,14147389.735595033,14147392.18284528
Turtmann-Unterems,CH,2757461,6119,2306,23,0.9999971923288711,1.085947208139165e-05,0.015,0.00028076752222809873,42422992.05214319,42422996.659056164
Selzach,CH,1683576,2556,1107,11,0.9996710807138579,0.0034870229441382123,3.255,0.032896765329814455,19469503.44389107,19468824.537838873
Pollegio,CH,1684738,5077,2103,21,0.9999954727816488,4.549807369424212e-05,0.017,0.0004527227568058323,5959769.9630790185,5959767.251498489
Rue,CH,1683391,2097,1002,10,0.999997171300909,2.6040458056327645e-06,0.015,0.0002828703054318561,20032875.58698227,20032875.065317012
Neggio,CH,1684727,5206,2105,21,0.9999805605678201,0.00023197413400146368,0.012,0.0019439643674927282,893852.6440399756,893854.7175469059
Chamoson,CH,1685286,6022,2302,23,0.9999978974599373,2.3788731160624705e-06,0.014,0.00021025422483654478,32468850.880370144,32468850.10797738
Paudex,CH,1685093,5588,2226,22,0.9997591869676825,0.016051594404214137,2.643,0.02408227017742923,3903715.3477143524,3903088.7391600423
Schönengrund,CH,1683937,3003,1501,15,0.9999945307594587,1.8002789530604033e-05,0.015,0.0005469255989504425,5192444.184066485,5192445.118851283
Uttwil,CH,1684566,4451,2011,20,0.9999937025073962,6.072566154437099e-05,0.016,0.0006297510521324239,4360982.765143358,4360980.116907724
Bergün Filisur,CH,1684044,3544,1841,18,0.999989018105333,0.0008621660284958402,2.761,0.0010981907626242502,190143662.10694796,190142022.75288793
Uetendorf,CH,1682698,944,247,2,0.9996780588536185,0.005786849992482701,2.871,0.03220022944019176,10174637.181405453,10175225.97239642
Herrliberg,CH,1682136,152,107,1,0.9999958682330783,4.651301383757944e-05,0.017,0.0004131776416797488,8986945.408307519,8986949.58840668
Brütten,CH,1682094,213,110,1,0.9999952342939579,1.3296977573046742e-05,0.015,0.0004765717080819191,6596866.1093370905,6596865.232153283
Thalheim an der Thur,CH,1682215,39,102,1,0.999994690744235,9.935947425638001e-06,0.016,0.0005309270124839128,6442323.5019200435,6442324.14202592
Nuglar-St. Pantaleon,CH,1683558,2478,1104,11,0.9999953792010495,4.4814241351294385e-06,0.016,0.0004620809522148114,6343476.509833468,6343476.225555381
Zurzach,CH,13623634,4324,1911,19,0.9999954781487066,1.2891250790743118e-05,0.016,0.000452186180915897,25985648.968939044,25985652.31881422
Aarwangen,CH,1682356,321,244,2,0.9999107007725705,0.004326151046628797,2.958,0.008930514647951972,9898104.653307967,9898532.860266022
Oberdorf (BL),CH,1683684,2892,1305,13,0.9999847058769142,0.0006659309076523407,0.224,0.0015294290967033544,6210488.937173532,6210530.294738881
Truttikon,CH,1682217,41,102,1,0.9993181021581063,0.0033536423576457416,3.418,0.06821189754137158,4411034.084068087,4410886.153760633
Uetikon am See,CH,1682220,159,107,1,0.9999561578855065,0.0020172451492340695,0.594,0.004384351779053821,3457938.02682999,3458007.7819171
Lussy-sur-Morges,CH,1685038,5640,2227,22,0.999135720021327,0.014819894164731933,3.607,0.08647177004602252,2341793.571990016,2342140.6233189413
Grossdietwil,CH,1682841,1131,315,3,0.9999940486331876,2.101534005311844e-05,0.016,0.0005951385147325265,10198741.269404113,10198743.412704272
Cugy (VD),CH,1684937,5516,2223,22,0.9999910958001479,4.0110958026915876e-05,0.016,0.0008904237706714409,2906180.869655008,2906179.703958019
Novalles,CH,1685072,5564,2224,22,0.9999917126346487,2.9489320185871643e-05,0.011,0.0008287398469182584,2060205.880991437,2060205.2734507283
Cuarny,CH,1684935,5911,2224,22,0.999994961382346,4.8718520000078794e-05,0.008,0.0005038629120883654,4559526.45004008,4559524.228706274
Rossinière,CH,1685129,5842,2230,22,0.9999742932985605,0.0010175602873556606,3.02,0.002570690106815134,23354686.634272005,23354448.98625558
Matten bei Interlaken,CH,1682547,587,250,2,0.9996430568589186,0.015700723017682952,3.184,0.035697883032694895,5910239.403953369,5909311.453634872
Worben,CH,1682731,755,243,2,0.9984171055634438,0.023199639238792213,3.339,0.1583964447912786,2756227.409247082,2755587.974431536
Bassins,CH,1684842,5703,2228,22,0.9999968117136075,7.147390048208952e-06,0.016,0.0003188291589974308,20775251.567792024,20775253.052680288
Spreitenbach,CH,1684429,4040,1902,19,0.9999955983578804,3.7862698394220698e-06,0.016,0.00044016518899736313,8596392.098392097,8596392.423874699
Meikirch,CH,1682550,307,246,2,0.9999940339419057,4.532723005198783e-07,0.016,0.0005966075877064735,10232596.119260265,10232596.07287874
Fétigny-Ménières,CH,1683320,2056,1001,10,0.9999950600908556,4.828395954159048e-05,0.016,0.0004939920153691068,8482401.855941461,8482397.760301981
Gambarogno,CH,1684677,5398,2104,21,0.999997958650403,2.1379058661089176e-05,0.115,0.0002041351460479375,65391525.135182776,65391511.15509026
Winkel,CH,1682242,72,103,1,0.9999947592379504,8.60622081983955e-07,0.016,0.0005240775805560221,8113139.054066412,8113139.123889878
Pailly,CH,1685090,5530,2223,22,0.9996223240985003,0.017587508538536432,3.09,0.03777140163495575,5768366.924690396,5767352.412664982
Kallnach,CH,1682500,304,243,2,0.9994286999217327,0.009811826108570695,3.231,0.05714352812948967,17977918.017444354,17976154.05539054
Salmsach,CH,1684554,4441,2011,20,0.9999865907267041,9.767518281447354e-06,0.228,0.0013409362544972484,2710178.2122589936,2710177.9475418413
Rumendingen,CH,1682628,421,245,2,0.9999929882012946,0.00018620499169332366,0.015,0.0007011816759670326,2439361.6189890397,2439357.0767759397
Sant'Antonino,CH,1684751,5017,2101,21,0.9999947125979786,7.42884957930493e-05,0.015,0.0005287417963992033,6548239.945388349,6548244.809977305
Waldenburg,CH,1683719,2895,1305,13,0.9999944121481105,0.00015763748268806605,0.015,0.0005587871905628702,8323456.749801954,8323469.870689647
Steinerberg,CH,1683115,1374,506,5,0.9998655387371491,0.007437882154316485,3.228,0.01344653025034374,6920809.070328463,6920294.308705687
Mels,CH,1683906,3293,1725,17,0.9999986536289135,3.6984694294079575e-06,0.017,0.00013463720170684874,139105513.2990266,139105518.4438015
Haut-Intyamon,CH,1683334,2121,1003,10,0.9999985850546627,5.976447484362371e-06,0.013,0.00014149462966510216,60266289.105129324,60266285.503346205
Balzers,LI,1155953,7003,,,0.9999952791988851,5.966426279473102e-05,0.016,0.000472081366581775,19730515.93802164,19730527.71008852
Wichtrach,CH,1682720,632,246,2,0.9998375652343766,0.00020615256832999548,2.907,0.016244779177717775,11601091.32029446,11601067.40434675
Schangnau,CH,1682648,906,245,2,0.9999983390360877,2.14362942924155e-05,0.015,0.00016609651135688012,36484699.56262182,36484691.74165425
Altstätten,CH,1683857,3251,1723,17,0.9999969206412181,2.1926653072142117e-05,0.016,0.00030793631841767306,39462232.45102507,39462223.798278265
Schwende-Rüte,CH,14096673,3112,,16,0.9999990123419507,1.1611433879504915e-05,0.008,9.87658478038172e-05,98327075.47557218,98327064.05838883
Isone,CH,1684688,5009,2101,21,0.9999961663889129,5.5619418526711325e-05,0.016,0.00038336195023986057,12834453.999153886,12834461.137602571
Obersaxen Mundaun,CH,5817201,3988,1850,18,0.9999983250472003,2.0922348035460186e-05,0.016,0.00016749540292501988,70353896.74753454,70353882.02784741
Saint-Prex,CH,1685140,5646,2227,22,0.999997670669873,2.519545147147041e-06,0.016,0.00023293328110369734,25254819.540606268,25254818.904299688
Riederalp,CH,1685359,6181,2309,23,0.9999971805136003,1.1960627369964636e-05,0.015,0.00028194902049142305,19092022.2775433,19092019.994017657
Ferden,CH,1685304,6195,2309,23,0.9999974775217174,2.850376326592563e-05,0.016,0.00025224818227845123,27925458.21968993,27925466.179496434
Reichenbach im Kandertal,CH,1682616,567,249,2,0.9999987067345999,5.035344354196022e-06,0.016,0.00012932662670784738,125761448.95565963,125761455.28818165
Aesch (BL),CH,1683611,2761,1301,13,0.9999960811718237,6.017921425243049e-05,0.015,0.00039188370353875025,7395474.289518763,7395478.740057081
Drei Höfe,CH,2744225,2535,1106,11,0.9988759504329079,0.011908674071475786,3.083,0.11247486333981621,4575950.243176301,4576495.178176434
Flums,CH,1683880,3292,1725,17,0.9998760588838318,0.009742513565759862,3.514,0.012395483521163823,75154824.65127154,75162146.62025851
Aranno,CH,1684615,5143,2105,21,0.9999531994915973,0.000133981757514094,0.543,0.004680157222100096,2585683.4401464784,2585679.9758023615
Leukerbad,CH,1685329,6111,2306,23,0.9999983656712175,1.779896343267757e-06,0.016,0.00016343301073117663,67329994.13422872,67329992.93582462
Bauma,CH,1682087,297,108,1,0.9999973447265522,5.331267372385226e-06,0.015,0.00026552770470927677,29531838.873124007,29531840.447545297
Unterlangenegg,CH,1682699,945,247,2,0.9999952863098418,8.608505417632224e-05,0.015,0.0004713699240045097,6801315.563956486,6801309.709040298
Brienzwiler,CH,1682393,574,250,2,0.9999961284902542,1.0004506414840241e-05,0.015,0.00038715174342705545,17633603.757380866,17633605.521535885
Radelfingen,CH,1682612,309,243,2,0.9998903624677685,0.006088191987128771,2.304,0.010964688041129341,14712817.049577605,14713712.794126298
Oron,CH,1948073,5805,2226,22,0.9999304662870897,2.0983271021700144e-05,3.46,0.006953612316907859,26281519.91387501,26281514.399152458
Inden,CH,1685318,6109,2306,23,0.9999945139825893,6.65008343771396e-05,0.016,0.0005486030637407033,9730349.278389545,9730342.807626087
Lungern,CH,1683090,1405,,6,0.9997732259790926,0.001551642442241683,3.462,0.022680149661136698,46472715.22215238,46473436.31252583
Ursy,CH,1683415,2102,1002,10,0.9999961781550669,1.9453789451767245e-05,0.015,0.000382185260801754,17131375.367679592,17131378.700381286
Courtedoux,CH,1685593,6785,2603,26,0.9999962551613696,0.00011769928764337373,0.015,0.00037448434382071145,8214938.011220918,8214928.3422973985
Raron,CH,1685355,6199,2309,23,0.9999975803425647,6.331346493179275e-06,0.115,0.00024196604371526704,30417495.70131384,30417497.627150886
Maggia,CH,1684703,5317,2108,21,0.9999987836011008,5.487141682053831e-06,0.016,0.00012163996072078388,111158283.65992665,111158277.56051414
Jonen,CH,1684335,4071,1903,19,0.9999945103050383,9.777618898353931e-05,0.015,0.0005489712715176398,5696517.082933629,5696522.652770937
Jongny,CH,1685003,5885,2230,22,0.9999898571439534,4.871880499008688e-05,0.015,0.00101429099557693,2159532.1942645875,2159533.246362866
Vernate,CH,1684768,5230,2105,21,0.9999901899634372,1.6775902699447582e-05,0.018,0.000981008550482375,1509792.3565380138,1509792.6098193105
Wangen-Brüttisellen,CH,1682231,200,109,1,0.9999962265945737,2.024522681739079e-06,0.018,0.00037734125851518664,7918910.007360528,7918910.1676806575
Waltenschwil,CH,1684456,4240,1908,19,0.9999934007340235,3.400883892027355e-06,0.013,0.0006599287637552587,4544880.729194497,4544880.57462838
Saint-Léonard,CH,1685366,6246,2311,23,0.9999944937731455,0.00010511884710447549,0.012,0.0005506244907568804,3885061.1262018653,3885065.2101333304
Wagenhausen,CH,1684567,4871,2012,20,0.99999627290103,7.82427795514737e-05,0.015,0.00037271044579244224,11819422.720788045,11819413.472943181
Kaufdorf,CH,1682504,869,246,2,0.9994054925685456,0.01216083816103563,2.665,0.05946480442518145,2058297.2674405265,2058046.96124096
Dagmersellen,CH,1682822,1125,315,3,0.9999971491767171,5.496285870787884e-05,0.016,0.00028508281305059666,23865808.509832397,23865821.627163008
Oberrüti,CH,1684391,4237,1908,19,0.9999952858979227,3.878655665158184e-05,0.015,0.00047141141032077196,5377621.811884935,5377623.897679266
Sorengo,CH,1684760,5225,2105,21,0.9999841767107653,0.00020661961061077788,0.014,0.0015823430770388752,846119.3069855223,846121.0552339397
Rheinau,CH,1682193,38,102,1,0.9999874109175927,0.0001558389181707295,0.786,0.0012589151841302642,8944491.050027529,8944477.11102944
Andelfingen,CH,1682083,291,102,1,0.9999958424801737,2.820854734569849e-05,0.018,0.000415752787895207,16987805.644192506,16987800.852179307
Mollens (VD),CH,1685051,5431,2227,22,0.9994374138843014,0.00264980189042924,2.809,0.05627518676005114,10990686.03889501,10990977.270301439
Glarus Nord,CH,1683140,1630,,8,0.9999988779012989,1.4846375001918139e-05,0.016,0.00011220994122900737,151606860.71242017,151606883.22054324
Carouge (GE),CH,1685459,6608,,25,0.9999924272326163,2.924229923307702e-05,0.015,0.0007572797165520754,2696750.6186434696,2696751.407235355
Estavayer,CH,6838556,2054,1001,10,0.9999628631632228,0.0020253294804092907,3.001,0.0037137150282896703,68480344.40787797,68478957.45527439
Lenk,CH,1682532,792,248,2,0.9999988179943694,9.235360929600271e-07,0.016,0.00011820063214495558,122959915.40073055,122959914.26515135
Werthenstein,CH,1682930,1009,316,3,0.9999964798557693,5.6542510565826605e-05,0.014,0.000352015142429063,15801360.544050016,15801369.47853597
Oberlangenegg,CH,1682590,935,247,2,0.9999961040086677,5.131298962726904e-06,0.014,0.0003895998823625588,9160244.14824413,9160243.678204617
Märstetten,CH,1684543,4941,2015,20,0.9999957077892763,2.7780142005096892e-05,0.015,0.00042922205309611945,9965153.993864719,9965156.76219865
Farnern,CH,1682439,975,244,2,0.9988686792894423,0.05127656589512006,3.164,0.1132251231395687,3678143.3855295987,3680029.411146397
Bourg-Saint-Pierre,CH,1685281,6032,2303,23,0.9999988332927945,9.74836161900632e-07,0.015,0.00011667078911622865,89801985.05312137,89801985.9285436
Uezwil,CH,1684443,4078,1903,19,0.9999913226868881,2.593123561756225e-05,0.015,0.0008677351884389941,2443988.3131760117,2443988.9469323796
Tschappina,CH,1684194,3669,1851,18,0.9999976765790758,1.6015570654040743e-05,0.016,0.00023234238086214986,24667129.249924704,24667133.200506218
Avusy,CH,1685448,6604,,25,0.9988916728060644,0.02964165892710934,3.601,0.11091060834357315,5172005.802540091,5173538.87085977
Gollion,CH,1684989,5484,2227,22,0.9999941559712601,4.69287460943195e-06,0.016,0.000584404567815945,5447751.489685046,5447751.234028899
Pully,CH,1685114,5590,2226,22,0.9999266775310767,0.0031775651842743465,2.643,0.007332632209086254,17061204.331658043,17061746.462546904
Bärschwil,CH,1683489,2611,1110,11,0.9999968020776762,9.628150742751454e-06,0.015,0.00031979275917246426,11189351.093685448,11189352.171013039
Worb,CH,1682730,627,246,2,0.9996858343211082,0.0018765820323495635,3.406,0.03142120884292789,21084892.299583025,21084496.62428259
Lütschental,CH,1682543,586,250,2,0.9999966146886436,1.2259380514206215e-05,0.011,0.00033853168811694113,12279835.709765619,12279834.204333832
Aeugst am Albis,CH,1682079,1,101,1,0.999995512520407,2.870030468522079e-05,0.015,0.00044874903059751185,7912337.833634075,7912340.104499141
Holderbank (SO),CH,1683525,2425,1102,11,0.9993949993788429,0.02915190821846738,2.89,0.06050954781143048,7754986.490846047,7752725.764301881
Sins,CH,1684427,4239,1908,19,0.9999963448975886,8.258159499055993e-06,0.015,0.00036551092388930576,20307417.704462536,20307419.38148148
Mies,CH,1685048,5723,2228,22,0.9999951429014248,0.00014705997345263496,0.016,0.00048571068004080544,6638173.889019536,6638164.126922777
Lüsslingen-Nennigkofen,CH,2742593,2464,1103,11,0.9993155610330732,0.0214428131935505,3.446,0.06847466820668432,7809252.180683886,7810926.704040803
Bettenhausen,CH,1682379,973,244,2,0.9999952123747383,0.00014414332605359944,0.015,0.00047876332714410407,3934598.3046720373,3934592.633211174
Wald (AR),CH,1683956,3036,1503,15,0.9999942347456284,9.971326968623978e-06,0.016,0.0005765270704632729,6827383.041196471,6827382.360415785
Gravesano,CH,1684684,5187,2105,21,0.999762964534279,0.016832199847153194,0.487,0.023704361045032162,711523.0571846166,711403.2922016727
Wilchingen,CH,1683721,2974,1406,14,0.9999960278028406,3.6020533197608e-06,0.021,0.0003972204978409216,21102503.70914427,21102502.949020833
Sennwald,CH,1683938,3274,1724,17,0.9999981780955807,1.8167283142563358e-05,0.015,0.0001821906241420129,41564264.20584647,41564271.75694404
Neuhausen am Rheinfall,CH,1683680,2937,1403,14,0.9999825751862593,0.0006988378459263322,0.214,0.0017425026440306517,7995729.765657923,7995785.642843584
Milvignes,CH,2758642,6416,,24,0.999995049676118,1.2611883243001088e-05,0.015,0.0004950335819809765,8840468.455903387,8840467.340953827
Bachenbülach,CH,1682084,51,103,1,0.999993329167831,5.4505625117920895e-05,0.015,0.0006670856238511415,4314148.700635415,4314151.052089132
Brüttelen,CH,1682395,491,243,2,0.9992070185864509,0.02172308100668469,3.11,0.07933821121807869,6612482.936350138,6613919.3713749545
Noble-Contrée,CH,1685395,6254,2311,23,0.9999951189971384,6.473632600225134e-06,0.015,0.00048810149309244546,6498583.328989942,6498583.749684351
Buseno,CH,1684053,3804,1847,18,0.999995298044988,2.9659302405538885e-05,0.014,0.0004701965365468147,11149046.859738361,11149043.553008838
Grangettes,CH,1683329,2079,1002,10,0.9999347964737493,0.0018698112326864772,1.309,0.00652062616801662,3307742.65569306,3307804.5042367843
Innerthal,CH,1683084,1343,505,5,0.9999979254809959,1.4153220048903724e-07,0.016,0.00020745211572399422,50141996.31824398,50141996.24727691
Bavois,CH,1684844,5746,2224,22,0.999995797764775,0.00010664775750855936,0.016,0.0004202246296024398,9347960.736702893,9347970.706093391
Grindelwald,CH,1682457,576,250,2,0.9999990153521755,8.873769607110406e-06,0.016,9.84648350649104e-05,171377264.72610334,171377279.93372697
Uebeschi,CH,1682697,943,247,2,0.9994978636439679,6.856487841260867e-05,2.981,0.05022626303393338,4419189.142359579,4419192.172371241
Birwinken,CH,1684506,4901,2015,20,0.9997446134266713,0.017251149965384762,3.595,0.025539715727243166,12292852.51549697,12290731.857074497
Widen,CH,1684459,4081,1903,19,0.9999910747164628,0.00022417775758964495,0.017,0.0008925313363509365,2615692.907167575,2615687.04336587
Eschenbach (LU),CH,1682832,1026,313,3,0.9999958139396324,3.393754905678478e-05,0.016,0.0004186068419788512,13207393.1302574,13207388.647991877
Lauperswil,CH,1682528,903,245,2,0.999996896395655,1.885711016604328e-05,0.015,0.00031036094534326296,21194236.98867592,21194240.985296536
Urdorf,CH,1682224,250,111,1,0.9999953291958376,9.668991675437786e-06,0.014,0.0004670814846210182,7582837.454588065,7582836.721404143
Büron,CH,1682821,1082,314,3,0.9994847839989166,0.04470487501817724,3.125,0.051546395205504456,5365605.228078343,5368003.915189524
Orges,CH,1685081,5924,2224,22,0.9992408292353598,0.05070472088607266,3.61,0.07592665033972933,4024759.564576458,4022718.821472904
Tramelan,CH,1682688,446,241,2,0.9999975534385624,1.2359665614153656e-05,0.015,0.0002446564278530144,24824673.15557967,24824670.08733308
Mauensee,CH,1682895,1091,314,3,0.9999937595474797,9.002502533496379e-05,0.015,0.0006240469183341835,7214413.854371199,7214407.359593299
Bern,CH,1682378,351,246,2,0.9999974845528276,2.006523023172232e-05,0.068,0.00025154500816327127,51618816.22018426,51618805.86274994
Brislach,CH,1683631,2782,1302,13,0.9999960926774766,5.5100688838077776e-05,0.014,0.00039073290802018663,9416615.437463809,9416610.248843838
Belmont-sur-Lausanne,CH,1684847,5581,2226,22,0.9999919469608476,2.4816097586966185e-05,0.886,0.0008053072576644978,2648583.465206045,2648584.1224811026
Herisau,CH,1683894,3001,1501,15,0.9999969367279246,7.973953655715499e-07,0.016,0.00030632767567620846,25202023.123992454,25202022.92303269
Mettembert,CH,1685616,6716,2601,26,0.9999872818791343,0.00020090175241393562,0.015,0.0012718214516959452,2344344.81624296,2344349.5260727783
Romanshorn,CH,1684552,4436,2011,20,0.9999954316845338,8.921362067580402e-05,0.016,0.0004568327941249178,8880003.052268086,8880010.974440325
Rennaz,CH,1685117,5412,2221,22,0.9999379250604082,0.00303780419162921,0.745,0.006207592341406592,2187556.9005750017,2187490.446879782
Buch am Irchel,CH,1682097,24,102,1,0.999995798604939,5.309710835494227e-06,0.016,0.0004201403999532028,10209806.730461368,10209807.272572583
Treyvaux,CH,1683412,2226,1004,10,0.9999958041199354,6.301370520027096e-05,0.015,0.0004195890191891192,11403482.527056107,11403489.71281297
Birmensdorf (ZH),CH,1682091,242,111,1,0.9999950123500938,1.673510254322198e-05,0.017,0.0004987662764001813,11417918.278471598,11417920.18927193
Mörel-Filet,CH,1685343,6203,2309,23,0.9999941508983602,4.053424731034095e-05,0.015,0.0005849119933719516,8546019.101990368,8546022.566054886
Reconvilier,CH,1682615,703,241,2,0.99999528790914,2.259715343728528e-06,0.015,0.00047121019089328556,8249090.396235083,8249090.209829122
Fahrni,CH,1682438,925,247,2,0.9999933255087072,3.541219901078318e-05,0.015,0.0006674514749360953,6682263.947103907,6682266.313440515
Kippel,CH,1685321,6197,2309,23,0.9999958611080227,7.369365855032235e-05,0.016,0.0004138899018559782,11682719.340596106,11682710.731172806
Kehrsatz,CH,1682505,870,246,2,0.9996303910678646,0.0014863787215365085,2.974,0.036967450273950916,4436721.026046888,4436655.079569623
Burtigny,CH,1684874,5854,2228,22,0.9999696187019449,0.002564975165718247,0.968,0.0030382149217347185,5681999.256496379,5682144.998366225
Tévenon,CH,1868688,5571,2224,22,0.9999963367772854,4.1135788950231193e-05,0.015,0.00036632286711327006,14276650.508797696,14276644.635984873
Lignières,CH,1685514,6456,,24,0.9995638029809957,0.042977004083786075,3.359,0.04361984210254659,12519150.236205617,12513769.880497348
Jorat-Mézières,CH,6376490,5806,2226,22,0.9999959055929779,8.701224469236282e-05,0.016,0.00040944171868901956,11084474.414881563,11084484.059731564
Kirchlindach,CH,1682512,354,246,2,0.9998648658277215,0.0005861268883277365,2.794,0.013514369957366554,11964314.095268035,11964384.221329952
Mühleberg,CH,1682563,668,246,2,0.9999981060066268,1.0720777203395519e-05,0.014,0.00018939950650133074,26259838.213387243,26259835.398128495
Arch,CH,1682365,381,243,2,0.9992272106092938,0.0039942386971818,3.082,0.077307266835834,6375295.418502581,6375040.773985916
Agiez,CH,1684830,5742,2224,22,0.9993100837451903,0.018544056313138563,3.182,0.06902183204591097,5460957.101716801,5461969.784676979
Riviera,CH,7187847,5287,2107,21,0.9999986321759555,9.973779547337027e-06,0.015,0.00013678249124239535,86531998.14142545,86531989.51091471
Starrkirch-Wil,CH,1683578,2584,1108,11,0.998902441533019,0.10723665914903939,2.692,0.109757229934988,1844943.7773849468,1842965.321314901
Erlen,CH,1684516,4476,2015,20,0.9996297192500776,0.017700596474311867,3.595,0.03703820935544071,12191843.72611408,12194001.755174818
Schötz,CH,1682920,1143,315,3,0.9995016472418292,0.018853252176637206,2.77,0.0498429977297535,15267327.654920409,15264449.267136993
Bissone,CH,1684629,5154,2105,21,0.9999943456365963,0.00024877510708468505,0.015,0.0005654386422952206,3696446.3510015854,3696455.5468399534
Vezia,CH,1684770,5231,2105,21,0.9999921072717256,4.741655942773828e-05,0.016,0.0007892757550521336,1389647.635076044,1389646.9761529472
Witterswil,CH,1683590,2481,1104,11,0.9996938720216033,0.029625927373107312,1.677,0.030622019630797928,2669422.70817462,2670213.549407425
Assens,CH,1684837,5511,2223,22,0.9999953706337099,2.6177174374858662e-05,0.017,0.0004629376399438262,8461188.233843422,8461186.018943423
Erlenbach im Simmental,CH,1682433,763,249,2,0.9999974104692514,1.656331842519743e-05,0.016,0.00025895343186737473,36690351.22922297,36690357.30636267
Saint-Brais,CH,1685627,6758,2602,26,0.9999958273056326,1.993464002082131e-06,0.015,0.0004172703115698632,15157198.173756434,15157198.475909723
Ebnat-Kappel,CH,1683874,3352,1727,17,0.9999978556802972,6.8644766843368275e-06,0.017,0.0002144321928362863,43545866.834163226,43545863.84496735
Safenwil,CH,1684412,4283,1910,19,0.9999948172396729,7.09259052521658e-05,0.015,0.0005182771919771898,5990778.078898629,5990773.829885045
Pura,CH,1684744,5216,2105,21,0.9999930239313236,9.47965440362181e-06,0.014,0.0006976092679069654,3044256.516734395,3044256.228149398
Bottens,CH,1684861,5514,2223,22,0.9994127315915706,0.024294369640676484,3.513,0.058751225870374374,6885324.704416067,6886997.450650719
Rossenges,CH,1685128,5684,2222,22,0.9999888444377285,5.403426940569219e-05,0.015,0.0011155621481206007,1076845.9091545267,1076845.327288707
Finhaut,CH,1685307,6214,2310,23,0.9999965647027867,9.841549178154381e-06,0.014,0.0003435302945065644,22825457.176327113,22825454.92994852
Oberwil im Simmental,CH,1682596,766,249,2,0.999997894118865,1.6888211886358097e-05,0.016,0.00021058835322344642,46060330.52635413,46060338.30512034
Lampenberg,CH,1683663,2887,1305,13,0.9991151648184509,0.008639948510145223,3.279,0.08851885798960228,4008577.3146285205,4008230.9756125472
Oberägeri,CH,1683146,1706,,9,0.9999975196502959,1.0062874238168274e-05,0.016,0.0002480352653562909,36237560.74697086,36237557.1004307
Ins,CH,1682492,496,243,2,0.9995965622597921,0.003054154491762216,3.19,0.04035129755841787,23868261.484722503,23867532.51114226
Röschenz,CH,1683699,2791,1302,13,0.9999964399757234,3.3656871659676036e-05,0.014,0.0003560030015718053,10071817.4815771,10071814.091718417
Fiesch,CH,1685305,6057,2304,23,0.9999963356215158,0.00012764016479022123,0.014,0.0003664382860973439,11035345.86177572,11035331.776242077
Torny,CH,1683411,2115,1002,10,0.9999961641960217,2.69998743024403e-05,0.015,0.0003835811855276997,10179874.236947522,10179876.98550077
Berken,CH,1682377,972,244,2,0.9999914804756722,8.097982747378388e-05,0.013,0.0008519564068853569,1388260.4391905707,1388261.5634014793
Schöftland,CH,1684423,4144,1905,19,0.9999950056930372,7.967777681452956e-05,0.016,0.0004994317444916283,6278027.172207442,6278022.1700149635
Neyruz (FR),CH,1683373,2211,1004,10,0.999995066303142,6.819958860466085e-05,0.013,0.0004933710710264907,5530645.633379494,5530649.405257063
Fischingen,CH,1684521,4726,2014,20,0.999997150860134,9.410095484387446e-06,0.016,0.0002849144056949235,30581204.801044725,30581207.678765297
Lauenen,CH,1682526,842,248,2,0.9999986148850666,7.779016539544077e-06,0.015,0.00013851158387256007,58494976.18762191,58494971.637288034
St. Moritz,CH,1684175,3787,1846,18,0.9999974398670343,4.4451546296064875e-05,0.016,0.0002560136812027186,28686567.902935572,28686580.654558584
Grabs,CH,1683890,3273,1724,17,0.9999874362169732,0.001081774332055619,3.267,0.0012563793994729306,54647323.796650365,54646732.63592838
Seewen,CH,1683575,2480,1104,11,0.9999978170815114,5.3176826071403305e-06,0.014,0.00021829208132301002,16314038.692225683,16314037.824696885
Baar,CH,1683138,1701,,9,0.99999697462539,5.942381727312116e-06,0.015,0.0003025379094322939,24846413.980095364,24846412.5036266
Laufen-Uhwiesen,CH,1682159,34,102,1,0.9999927193987684,0.00019763913266180528,0.015,0.000728063492921745,6281722.181178636,6281734.596319871
Jenins,CH,1684093,3952,1845,18,0.9999944875098513,2.25386156657519e-05,0.015,0.000551250472241143,10538006.067409992,10538003.692289306
Egnach,CH,1684515,4411,2011,20,0.999993720226847,0.000125295045375379,0.246,0.0006279788934330835,18426066.456620518,18426043.36967219
Rougemont,CH,1685130,5843,2230,22,0.9999982996213863,1.9513787939585433e-05,0.015,0.00017003802254887893,48542202.88784431,48542212.36026684
Fraubrunnen,CH,3411722,538,246,2,0.9997309162800936,0.0046878367502153975,3.643,0.0269126235751674,31907557.614779312,31909053.388991274
Wolfhalden,CH,1683968,3038,1503,15,0.9999944082887119,3.543311465183267e-05,0.016,0.0005591727916291502,6931030.336683013,6931032.792562938
Personico,CH,1684736,5076,2103,21,0.9999981792602246,2.342798618828736e-05,0.016,0.0001820741644864805,38874215.36392263,38874224.47136844
Torricella-Taverne,CH,1684764,5227,2105,21,0.9999935012143394,0.00016666519928078171,0.008,0.0006498812195456386,5249448.858562898,5249457.607567299
La Brévine,CH,1685494,6432,,24,0.9999979215772018,8.523746115162475e-05,0.015,0.00020784258441163003,41811682.05001305,41811717.689229295
Geuensee,CH,1682838,1085,314,3,0.9999954393014943,4.75224236283515e-05,0.015,0.000456070998836992,6472127.660483576,6472130.736195501
Penthalaz,CH,1685096,5495,2223,22,0.9999942424305011,0.00012018102414753642,0.015,0.0005757589535076321,3869762.82053056,3869767.4712511497
Neuchâtel,CH,1685519,6458,,24,0.9999968187305112,1.1914781892217569e-05,0.016,0.00031812743593492214,30182495.85099088,30182492.25481233
Steinen,CH,1683114,1373,506,5,0.9999966144243181,3.1558888141744005e-05,0.015,0.0003385581945661342,11849328.217632184,11849331.957148422
Molondin,CH,1685052,5921,2224,22,0.9991095667866915,0.02897068025744205,3.301,0.08909588652706688,5494979.965310916,5496571.898386877
Günsberg,CH,1683515,2547,1107,11,0.9993744121276765,0.0028812377432409983,3.035,0.06257926287988798,5263234.895959603,5263386.5422699405
Muzzano,CH,1684726,5205,2105,21,0.9999895722047164,7.865517655284007e-05,0.014,0.001042785375366735,1701442.2320781264,1701443.570350518
Geroldswil,CH,1682127,244,111,1,0.9999904187274729,8.787644522748094e-05,0.014,0.0009581314217749311,1933394.2721131784,1933392.5731150198
Meggen,CH,1682896,1063,312,3,0.9999226533780666,0.006144352581643614,2.925,0.007734723698218376,13931866.555757325,13931010.532754935
Ayent,CH,1685270,6082,2305,23,0.9999971577015465,2.9998355965259632e-05,0.25,0.0002842302062105408,55333466.03452393,55333449.43539382
Niederdorf,CH,1683682,2891,1305,13,0.9999916146172231,0.00011746824396227946,0.014,0.0008385413008720634,4405739.345106409,4405734.169761767
Ebikon,CH,1682826,1054,312,3,0.9999957828483962,6.375082812730958e-05,0.015,0.00042171591511691266,9684106.995971443,9684100.822273036
Zermatt,CH,1685406,6300,2313,23,0.9999991941572564,2.3463595463190173e-06,0.016,8.058430650505772e-05,242721084.52017954,242721078.8250702
Wölflinswil,CH,1684467,4182,1906,19,0.9999957496808574,4.9560890391615174e-05,0.014,0.00042503271209422597,9512592.809849523,9512588.095323827
Büetigen,CH,1682404,382,243,2,0.9999941810299159,3.262891377529557e-05,0.011,0.0005818987964586418,3613965.88918233,3613967.068380144
Walperswil,CH,1682714,754,243,2,0.9992173854426987,0.01961850626884302,3.049,0.07828441212607959,6955120.561851091,6953756.071087658
Pont-la-Ville,CH,1683381,2147,1003,10,0.999312848425816,0.003024758720759313,2.921,0.06873773480584885,5510049.2635679785,5509882.597872361
Cheyres-Châbles,CH,1683288,2055,1001,10,0.9999783416034802,0.001877137694913491,0.215,0.0021658427782981046,22343935.245024104,22343515.818593092
Hauteville,CH,1683337,2137,1003,10,0.9999962625155937,3.096856731736988e-05,0.015,0.00037374919678348495,11856881.123090377,11856884.79499659
Buchrain,CH,1682819,1052,312,3,0.999994131233879,0.00018223445896596693,0.014,0.000586878868923043,4803038.988887314,4803047.741679429
Gretzenbach,CH,1683511,2576,1108,11,0.9999931057844974,0.00019703923491645517,0.016,0.0006894232476296932,5832792.393192164,5832780.900302658
Siviriez,CH,1683400,2099,1002,10,0.9999971664740391,1.1337825590657135e-05,0.016,0.0002833529810657256,20284477.357672103,20284475.057853438
Rongellen,CH,1684139,3711,1851,18,0.999991640371195,0.00012499785048523907,0.015,0.0008359658522650509,2017351.9801094013,2017349.4584627894
Leissigen,CH,1682530,585,250,2,0.9999962461583818,1.6492649127040508e-05,0.016,0.00037538483548856346,10379986.77034243,10379985.058407633
Vich,CH,1685180,5732,2228,22,0.9999840825038324,5.294369564270778e-05,0.014,0.0015917627063088313,1553591.8025644487,1553592.6250933642
Jouxtens-Mézery,CH,1685004,5585,2225,22,0.9989498882059029,0.0476175883530565,3.527,0.10509136014366494,1933636.7439314928,1934557.4951164615
Calanca,CH,1684042,3837,1847,18,0.9999981824769779,3.1386219188177358e-06,0.016,0.0001817524702603227,37721500.32043204,37721501.504367314
Caslano,CH,1684651,5171,2105,21,0.9998552601032961,0.004387439124652837,2.537,0.014474719686515897,4657600.863773608,4657396.51437104
Féchy,CH,1684981,5427,2227,22,0.9994101804014494,0.0030781797734349492,3.537,0.059000267397515016,2699046.483122539,2699129.564625458
Unteriberg,CH,1683117,1375,506,5,0.9999978344159662,2.614693783904463e-05,0.016,0.00021655866614929363,46430230.69695347,46430242.83703703
Dänikon,CH,1682109,85,104,1,0.9999916723485092,1.3060260566925726e-05,0.015,0.0008327686710341649,2865416.9026734303,2865417.276904344
Juriens,CH,1685005,5754,2224,22,0.9994086705358808,0.041777556518051234,3.115,0.05916279091249189,9350221.859316032,9354128.153537871
Romoos,CH,1682911,1007,316,3,0.9999981998531284,1.862812491137223e-05,0.016,0.00018001483243182157,37391154.30123789,37391147.33596696
Triengen,CH,1682924,1104,314,3,0.9999408348351211,0.001483385650621235,2.589,0.005916647635296389,22089173.60417537,22088845.936543785
Leysin,CH,1685029,5407,2221,22,0.9999972821572637,2.878476198724777e-05,0.015,0.00027178468201103593,18575636.03708978,18575641.3840424
Galgenen,CH,1683074,1342,505,5,0.9995397140325734,0.02411006448876817,3.568,0.04603364230014336,13265536.049275335,13262337.719979074
Schöfflisdorf,CH,1682206,99,104,1,0.9999922749998241,5.7311382437383296e-05,0.015,0.0007725032227494719,4012786.5943885823,4012788.894172054
Hasle (LU),CH,1682850,1005,316,3,0.9999976834517867,4.544940800729725e-06,0.017,0.00023165509482985143,40312752.518890575,40312754.35108131
Winznau,CH,1683588,2501,1105,11,0.9999933280576611,8.801989605883768e-05,0.015,0.0006671967532587807,3941823.2290851045,3941826.6986738136
Bühler,CH,1683870,3021,1502,15,0.9999942359430981,3.662611335598094e-05,0.016,0.0005764074569945401,5594847.127579054,5594849.176754105
Moosleerau,CH,1684367,4277,1910,19,0.999994089243623,4.62544401714952e-06,0.015,0.0005910773981867596,3812631.499652465,3812631.6760036005
Leuggern,CH,1684352,4313,1911,19,0.9999962805896998,6.485942514645993e-06,0.015,0.0003719417094957601,13755812.746724134,13755811.854530027
Lutry,CH,1685039,5606,2226,22,0.9999963648736006,7.968560981917903e-05,0.033,0.00036351344545862614,16628825.420282152,16628838.671063093
La Sarraz,CH,1685013,5498,2227,22,0.999993759179436,5.606509806122208e-06,0.015,0.0006240840213473705,7703872.078444563,7703872.510362906
Rüti (ZH),CH,1682201,118,105,1,0.9999953300991277,1.6707837494624155e-05,0.016,0.00046699121682410895,10059045.920189045,10059047.600838091
Orvin,CH,1682602,438,241,2,0.9999974391480799,1.6569647589943703e-05,0.015,0.0002560854986300258,21592332.487641074,21592328.909867674
Fischbach,CH,1682835,1129,315,3,0.9999585835053398,0.0007309969454046281,2.84,0.004141750372051162,8047500.421876025,8047559.248858291
Sainte-Croix,CH,1685144,5568,2224,22,0.9999975972632913,2.653442809601316e-05,0.097,0.00024027392764312545,39471308.149934106,39471297.676448226
Leimbach (AG),CH,1684349,4137,1905,19,0.9999868951918345,0.00022722164866149976,0.013,0.0013104879144505061,1146870.20304682,1146867.5971094365
Simplon,CH,1685376,6009,2301,23,0.9999987310094858,1.0846568230773852e-05,0.016,0.00012689913879116897,91010656.978326,91010666.849859
Bözberg,CH,2743442,4124,1904,19,0.9999955972034457,1.426969487230207e-05,0.015,0.00044028065630484086,15502872.757450905,15502874.969663544
Les Breuleux,CH,1685610,6743,2602,26,0.9999968366753861,1.0673936055576388e-05,0.068,0.00031633297860848646,14872528.089177452,14872529.67666159
Blumenstein,CH,1682385,922,247,2,0.9999965159438484,2.5164780158340143e-05,0.016,0.00034840626594944167,15519033.909374699,15519037.814705465
Walterswil (BE),CH,1682715,959,244,2,0.9999946023364547,2.8260759702894892e-05,0.015,0.0005397677350924741,7872341.247381931,7872339.022598488
Wengi,CH,1682719,394,243,2,0.9999952671244532,2.9725975589465913e-05,0.015,0.00047328860436991407,7081900.424480188,7081898.319316196
Coldrerio,CH,1684663,5251,2106,21,0.9999922544791234,4.265343124323965e-05,0.016,0.0007745552526060927,2459350.9556494677,2459352.0046470365
Grandevent,CH,1684994,5560,2224,22,0.9999922732367914,2.5496247587487e-05,0.016,0.0007726794045482749,3444342.9645259026,3444343.8427041126
Lavertezzo,CH,1684693,5112,2104,21,0.9998720738205691,0.0005061281400196003,0.385,0.012793468626415928,896319.0849884765,896323.62151159
Jaun,CH,1683339,2138,1003,10,0.9999982508046954,3.638242610164776e-06,0.015,0.00017491968028720038,55680430.531096466,55680428.50530732
Iffwil,CH,1682489,541,246,2,0.9992004047244656,0.03381085074917689,2.975,0.08000503087403407,5059201.361460014,5060911.920481438
La Chaux-de-Fonds,CH,1685495,6421,,24,0.9999984792891667,1.2423435368816181e-05,0.014,0.00015207118954214214,55712506.98198097,55712500.060573675
Steinmaur,CH,1682212,101,104,1,0.9999946263103792,1.6402780069882387e-06,0.015,0.0005373704103012765,9392820.64531958,9392820.79938795
Courroux,CH,1685592,6709,2601,26,0.9999971107210213,2.642270624769137e-05,0.015,0.00028892835342469135,19739386.631461866,19739391.84714201
Veyrier,CH,1685542,6645,,25,0.9999953681774193,9.9607535221163e-05,0.016,0.0004631835614471849,6496751.039079551,6496757.51033313
Penthéréaz,CH,1685098,5531,2223,22,0.9999948869253208,4.884391681501589e-05,0.015,0.0005113086500109481,5676012.909683125,5676010.137296101
Allmendingen,CH,1682363,630,246,2,0.9991888161346834,0.013673373056545519,2.783,0.08114575278453347,3810526.908882459,3810005.8813227876
Boudry,CH,1685455,6404,,24,0.9999957424605765,8.126743896520809e-06,0.015,0.00042575486651723874,16757116.041524958,16757117.403332863
Grengiols,CH,1685311,6177,2309,23,0.9999983639056617,5.460385684132045e-06,0.017,0.0001636095632984254,58515102.74622128,58515099.55107099
Les Enfers,CH,1685611,6745,2602,26,0.9999942592438218,6.740282547473393e-05,0.013,0.0005740770721278062,7116070.122927459,7116065.326495133
Zug,CH,1683151,1711,,9,0.9999977535124817,2.504616853075469e-06,0.015,0.00022464900127398328,33838640.239027016,33838639.39149873
Lavey-Morcles,CH,1685019,5406,2221,22,0.9999975726866972,6.2017808410908374e-06,0.015,0.00024273161736169954,14199642.668914927,14199641.788284209
Liddes,CH,1685331,6033,2303,23,0.9999983043214413,3.385091657210548e-07,0.014,0.00016956799961612465,58649168.885708466,58649169.08424128
Feusisberg,CH,1683071,1321,503,5,0.9999963972816291,6.367675955895839e-05,0.015,0.00036027260107781526,17502233.403877955,17502244.548733037
Muotathal,CH,1683092,1367,506,5,0.9999988559513614,1.616395808888672e-06,0.016,0.00011440493048801608,172140592.69569728,172140595.4781706
Reutigen,CH,1682619,767,247,2,0.9999973051775725,1.683327640655988e-05,0.016,0.00026948258315005936,13747941.831969792,13747939.517740743
Hofstetten-Flüh,CH,1683524,2476,1104,11,0.9998673832846174,0.010535583175703571,1.677,0.013261852312598346,7514199.989172995,7513408.324383147
Brenzikofen,CH,1682390,606,246,2,0.9988407635574149,0.06262683291899183,2.873,0.1160271953888431,2194024.025617408,2195398.073378134
Aegerten,CH,1682359,731,242,2,0.9991171401458873,0.001427591216238655,3.092,0.08832560515820714,2156490.756817449,2156521.542690072
Brittnau,CH,1684280,4274,1910,19,0.9999970063001725,1.4568017431137402e-05,0.015,0.00029937045258481796,13671052.764730452,13671054.756331801
Salenstein,CH,1684553,4851,2013,20,0.9999949839121345,4.2674211819197936e-06,0.016,0.0005016100334813807,6551094.047854584,6551093.768291809
Remetschwil,CH,1684401,4039,1902,19,0.9999925401832966,0.0001082436946552512,0.016,0.0007459848565668844,3880901.011478153,3880905.212308794
Mörigen,CH,1682561,742,242,2,0.9994877504190841,0.03749015574960925,2.991,0.05124768605269663,2159160.697154583,2159970.1698628305
Vinelz,CH,1682708,502,243,2,0.9999933889828967,1.158618041601198e-06,0.008,0.0006611038997181436,4564446.806468003,4564446.859352508
Prévonloup,CH,1685112,5683,2222,22,0.9973661380244871,0.07001908428744072,2.865,0.26364118449494756,1837547.3658214586,1836260.7319825625
Misery-Courtion,CH,1683363,2272,1005,10,0.9999288573890112,0.0029254296500687543,2.016,0.007114618236556682,11351442.340866387,11351774.419326337
Bever,CH,1684045,3781,1846,18,0.999955903389011,0.0036241190134651304,2.761,0.004409838234051262,45749870.018380836,45751528.04811881
Zihlschlacht-Sitterdorf,CH,1684575,4511,2015,20,0.9999937583383961,2.5599439180179467e-05,0.018,0.0006241681880972194,12207379.746083736,12207382.87110449
Puplinge,CH,1685526,6636,,25,0.9999925113229999,0.00012743910356290716,0.015,0.0007488700271683953,2672108.390158578,2672104.984847599
Saint-Martin (VS),CH,1685367,6087,2305,23,0.9999980193873839,5.932559534589995e-06,0.015,0.0001980614520490626,36954851.137278534,36954848.94490999
Schelten,CH,1682650,708,241,2,0.9999962661687852,7.817873101788775e-05,0.011,0.00037338367256587574,5560859.17961999,5560854.83221085
Rickenbach (SO),CH,1683568,2582,1108,11,0.9999925914027139,0.00014775914331320047,0.015,0.0007408630203243269,2758953.923995537,2758958.0006022197
Rüti bei Lyssach,CH,1682639,422,245,2,0.9999857884520713,1.6939913907257934e-05,0.007,0.0014211647709835404,1293657.9552024922,1293657.7360579483
Aclens,CH,1684829,5621,2227,22,0.9999922991036739,8.54507886074848e-05,0.016,0.0007700922686602868,3898165.3498854856,3898162.018872453
Rehetobel,CH,1683923,3034,1503,15,0.9999943628858625,3.1944495537925795e-05,0.016,0.0005637130927585818,6723190.570392044,6723192.718081356
Linescio,CH,1684696,5315,2108,21,0.9999949911009096,5.0095723741383515e-05,0.014,0.0005008910380700506,6682991.323590512,6682987.975697641
Vilters-Wangs,CH,1683955,3297,1725,17,0.999764781042259,0.020736791002153556,3.226,0.02352222336728388,32716865.105577335,32710080.677637935
Dalpe,CH,1684674,5071,2103,21,0.9999959101662288,7.875249965890173e-06,0.014,0.0004089842295096286,14553816.873469843,14553818.019619301
Obermumpf,CH,1684389,4256,1909,19,0.9999952011704952,1.405963859429977e-05,0.014,0.0004798840683548548,5019828.278190454,5019827.57242074
Petit-Val,CH,4449432,716,241,2,0.9996609840558692,0.005936446138886732,3.29,0.033908348423349575,23901819.75838594,23903238.67704211
Mezzovico-Vira,CH,1684715,5199,2105,21,0.9999919609239613,0.00013562546189994004,0.115,0.0008039113806605728,11130180.076393642,11130195.17175178
Beinwil (SO),CH,1683479,2612,1110,11,0.9996395001547487,0.011876817502640975,3.444,0.036054342522059954,22661799.312241416,22659107.811694287
Martigny-Combe,CH,1685333,6137,2307,23,0.9999982657707119,2.1526798942808846e-05,0.008,0.00017342309778726114,37412256.4558844,37412264.509545624
Untervaz,CH,1684198,3946,1845,18,0.9999174484646515,0.003478810652581804,2.386,0.008255350690146492,27720015.48826896,27719051.161417257
Le Flon,CH,1683350,2337,1007,10,0.999263274924264,0.03167942786552226,3.46,0.07371132958043612,9568840.104685463,9571871.458483994
Widnau,CH,1683964,3238,1723,17,0.9995906529167594,0.02839072881907,3.439,0.040948900311519806,4218097.272757156,4219294.821315189
Killwangen,CH,1684340,4030,1902,19,0.9999925976767509,0.00010412192521528857,0.012,0.0007402354500910446,2433923.8068579594,2433926.3411062853
Felben-Wellhausen,CH,1684520,4561,2012,20,0.9991219732599752,0.017727654063063925,3.065,0.0878334513848755,7381024.219892125,7379715.737452111
Dietlikon,CH,1682104,54,103,1,0.9999927209869875,6.724492659921215e-05,0.016,0.0007279041951017796,4247873.662681477,4247876.519161004
Wangen an der Aare,CH,1682716,992,244,2,0.9993495302308617,0.00663973612091658,3.001,0.06507029951896959,8133029.828899116,8133569.840618391
Oberhünigen,CH,1682589,629,246,2,0.9999948848074399,1.790181080700682e-05,0.015,0.0005115206099017349,6015808.114893929,6015809.191832516
Zell (ZH),CH,1682245,231,110,1,0.9999957687060801,1.3942487249606635e-05,0.016,0.0004231303164494656,12973742.165027574,12973743.97388992
Grindel,CH,1683512,2617,1110,11,0.9992240426158091,0.054888505743901764,2.328,0.07760455176094615,3083686.646649063,3081994.057126893
Rossa,CH,1684140,3808,1847,18,0.9999985075811556,4.43897646904711e-06,0.016,0.00014924199872063396,58886419.00951967,58886421.62347395
Thundorf,CH,1684562,4611,2012,20,0.999996338947279,2.302390042526515e-05,0.015,0.0003661059844054441,15615522.30381583,15615525.899118137
Bowil,CH,1682388,605,246,2,0.9999958585878123,2.1520925392947442e-05,0.015,0.00041414203161963366,14684886.168327926,14684883.00800453
Oberems,CH,1685349,6112,2306,23,0.9999981008371535,3.7565186121620786e-06,0.014,0.0001899164613695782,50261798.46789332,50261796.5797995
Meisterschwanden,CH,1684359,4202,1907,19,0.999996509511223,6.099350516504043e-07,0.015,0.0003490494879723838,6868875.936677024,6868875.978572706
Stein (AG),CH,1684432,4260,1909,19,0.9999935378000725,4.010374797019388e-05,0.015,0.0006462219512528559,2828246.661601114,2828245.527368201
Bussigny,CH,1684875,5624,2229,22,0.9999931294176776,4.572157912977158e-05,0.015,0.0006870607495912174,4810242.603629927,4810244.8029488055
Lumino,CH,1684702,5010,2101,21,0.999996099724194,0.0001006384504988747,0.011,0.00039002814486640164,10095343.98568691,10095333.82588915
Unterramsern,CH,1683584,2463,1103,11,0.9982959865997748,0.014711843674334316,3.071,0.17053410163028665,1576178.0161601459,1575946.1313143792
Horw,CH,1682879,1058,312,3,0.9997961644703957,0.012157331497477629,3.529,0.02038686979266566,20432287.41384374,20434771.43475716
Basel,CH,1683619,2701,,12,0.9999976290806681,3.161645863278087e-05,0.015,0.0002370921766561466,23855113.83513973,23855106.29299753
Croy,CH,1684933,5752,2224,22,0.9999930215823974,8.591310710433468e-05,0.015,0.0006978438954550642,4477498.338104651,4477494.4913467085
Anières,CH,1685445,6602,,25,0.9993724009545015,0.03346850338146334,3.378,0.06279011045704332,8772040.708137907,8774976.578878934
Matzendorf,CH,1683548,2427,1102,11,0.9993046252712664,0.01178495037479632,3.361,0.06955755967961444,11271384.645006979,11270056.317920012
Zäziwil,CH,1682741,628,246,2,0.9999936485200184,9.534572445604889e-05,0.016,0.0006351503181848086,5405348.581922501,5405353.735691266
Chavannes-le-Chêne,CH,1684891,5907,2224,22,0.9993060981101324,0.031621035856268735,3.243,0.06942524709026836,3997281.973668923,3998545.955635093
Chavannes-de-Bogis,CH,1684889,5707,2228,22,0.9999915204087408,0.00023536687342418214,0.013,0.0008479617232295899,2856144.512707997,2856137.790289957
Sulgen,CH,1684561,4506,2015,20,0.9999956228982768,5.9940991722960215e-05,0.015,0.00043771126175482525,9121170.38867752,9121175.855997508
Wald (BE),CH,1682710,888,246,2,0.9998741596751721,0.0004996090775967688,2.974,0.012584855759600468,13297368.988580415,13297435.423442964
Samedan,CH,1684150,3786,1846,18,0.9999981005530483,5.363096510491859e-06,0.016,0.00018994487061905043,113786590.38527746,113786584.2827928
Cerentino,CH,1684656,5309,2108,21,0.9999974772447185,3.480053239500605e-05,0.013,0.0002522758903698006,20097088.149101026,20097095.142994698
Saanen,CH,1682641,843,248,2,0.9999987889309829,1.1178119007674362e-05,0.015,0.00012110696844333097,120056571.8315814,120056558.41151492
Tuggen,CH,1683116,1347,505,5,0.9993131611367154,0.01765665782141211,3.615,0.06870141609041255,15086677.375188721,15084013.572187964
St. Ursen,CH,1683404,2304,1006,10,0.9999958726423707,2.3065843817743703e-05,0.016,0.0004127365679078077,15717742.600766344,15717738.975336384
Pfäfers,CH,1683919,3294,1725,17,0.9999986668524167,9.168049705016724e-07,0.016,0.00013331484776685096,128461417.76975405,128461418.94749472
Rothenbrunnen,CH,1684141,3637,1851,18,0.9999913521898895,0.00010805267953950678,0.012,0.0008647842828999482,3112167.104286912,3112163.741506964
Greifensee,CH,1682130,194,109,1,0.9999888781191736,5.699037567811988e-05,0.015,0.0011121939506326375,2310171.3205400435,2310170.003964729
Cormoret,CH,1682413,432,241,2,0.9999971337025636,1.0893489073152194e-05,0.007,0.0002866301700299636,13479782.10528979,13479783.573708382
Twann-Tüscherz,CH,1682694,756,242,2,0.9999951998228178,9.994969230025472e-06,0.016,0.00048001884637757883,12412408.152828984,12412406.912212608
Schlatt (TG),CH,1684555,4546,2012,20,0.999997149535034,1.7674112087208947e-05,0.015,0.00028504687762204747,15542819.187318757,15542816.440263472
Büsingen am Hochrhein,CH,2785126,7101,,,0.9999947815105927,6.401978489156041e-05,0.015,0.0005218504693258975,7631692.417669502,7631697.303462571
Basse-Vendline,CH,16915085,6812,2603,26,0.9999970726684009,5.687560538462579e-07,0.014,0.0002927335874599826,18670261.296432387,18670261.190244146
Alberswil,CH,1682813,1121,315,3,0.9991266968714776,0.0185892255540091,3.223,0.08736034186776952,3534940.9619924105,3534283.8438437846
Kirchleerau,CH,1684341,4275,1910,19,0.9999929522590263,5.243949170570888e-06,0.015,0.0007047765992150668,4357381.720944491,4357381.949443374
Saint-Maurice,CH,2757524,6217,2310,23,0.9999966678699275,2.525682684404347e-05,0.014,0.0003332135205583735,14920702.755540485,14920698.987044426
Bremblens,CH,1684866,5622,2227,22,0.9991877841356727,0.05931003065886186,2.926,0.0812304885045023,2905811.7715238878,2904088.333671308
Gersau,CH,1683075,1311,502,5,0.9998592864388325,0.00519261217586489,2.465,0.014071980840536796,23568235.88410932,23567012.077023163
S-chanf,CH,1684145,3788,1846,18,0.9999988410158002,2.878299151774894e-06,0.016,0.00011589848868506517,138027462.7439425,138027466.7167858
Reisiswil,CH,1682617,336,244,2,0.9999896694032844,0.00013517674365546263,0.015,0.0010330657058991743,2008676.5532780413,2008679.2685415966
Dozwil,CH,1684514,4406,2011,20,0.9999876098066869,0.00022129129934524868,0.013,0.001239025636400172,1304453.9690855045,1304451.082442367
Hundwil,CH,1683895,3002,1501,15,0.9999960959859183,3.2210109485774727e-05,0.015,0.00039040223328983556,24081473.75763108,24081481.51430014
Iseltwald,CH,1682495,582,250,2,0.9999972042367128,4.4867566083354396e-05,0.015,0.0002795766568844686,21912490.596208476,21912480.764607277
Nenzlingen,CH,1683679,2789,1302,13,0.9999951738973522,7.785948741661204e-05,0.014,0.0004826116172957113,3661002.9300610106,3661005.7804991263
Russikon,CH,1682198,178,108,1,0.9999962243798595,3.826299579333257e-05,0.015,0.00037756265477399,14214593.14685556,14214587.707926381
Sigriswil,CH,1682665,938,247,2,0.9999462046695106,0.0007635144685473699,3.009,0.005379698286817111,55413493.49812272,55413916.58816311
Montfaucon,CH,1685617,6751,2602,26,0.9999954622573813,3.264547148798119e-05,0.015,0.00045377521727361643,18250089.150049586,18250083.192221936
Bergdietikon,CH,1684267,4023,1902,19,0.9999945358713795,4.033103688971151e-05,0.015,0.0005464144652236765,5935683.6764108455,5935686.070333619
Zeiningen,CH,1684471,4263,1909,19,0.9999971432728141,1.0014547564356042e-05,0.014,0.0002856731410384609,11371427.733982908,11371428.872779947
Giswil,CH,1683077,1403,,6,0.9999412243359453,0.003489293316543848,3.462,0.005877636593670505,85958098.18243897,85955098.85226406
Rifferswil,CH,1682196,12,101,1,0.9999943372811356,6.943458605108806e-05,0.015,0.0005662736863718679,6509824.549511545,6509829.069581274
Campione d'Italia,CH,46664,7301,,,0.9999919304745245,0.00025381676464314434,0.05,0.0008069568274748791,2643790.8631159957,2643797.5735004283
Kleinandelfingen,CH,1682153,33,102,1,0.9999947993449425,5.465922994769413e-06,0.015,0.0005200668439150504,10293585.012150843,10293584.449511413
Chalais,CH,1685285,6232,2311,23,0.9999981061715405,1.1862832479276148e-05,0.015,0.00018938301399886088,24343415.252849594,24343412.365031023
Riddes,CH,1685357,6139,2307,23,0.9997505894255008,0.01649820524830459,3.64,0.024942110449582233,23900422.20235817,23896479.061648015
Mosnang,CH,1683907,3394,1727,17,0.9999977352960008,1.0719900354961574e-06,0.016,0.00022647065522015465,50510911.28454799,50510910.743076056
Schlatt-Haslen,CH,1683932,3104,,16,0.9999962492190837,2.6678666840262633e-05,0.016,0.0003750787448075288,17930827.945199512,17930823.161493663
Bourg-en-Lavaux,CH,373404,5613,2226,22,0.9999980263891981,1.890882727597693e-05,0.015,0.00019736125619234561,27432450.07504783,27432444.887893226
Belmont-Broye,CH,5817631,2053,1001,10,0.9999972836270645,1.9475157502906546e-05,0.014,0.0002716376357718033,25800786.187306635,25800781.162562888
Anwil,CH,1683613,2841,1304,13,0.9992636670790673,0.002978615599040679,3.359,0.07366150841648761,3953062.464037431,3953180.2105726246
Sisseln,CH,1684428,4177,1906,19,0.9999920214511601,4.2797308350969226e-05,0.014,0.0007978582376325913,2521685.2803009986,2521686.3595144236
Ipsach,CH,1682494,739,242,2,0.9999920093110602,2.987667725434892e-05,0.014,0.000799071967196923,1896640.1593889548,1896639.5927358957
Freienstein-Teufen,CH,1682125,57,103,1,0.9999952714604926,5.15527111484933e-05,0.014,0.000472855190495827,8404056.233126622,8404060.565645456
Mauraz,CH,1685046,5488,2227,22,0.9999770631348834,0.0001135287286766597,0.014,0.0022937141189237594,497532.23366598523,497532.79850800487
Chancy,CH,1685462,6611,,25,0.9999934413157711,8.866609155952351e-05,0.015,0.0006558708644017342,5380939.507949028,5380944.279017779
Veysonnaz,CH,1685396,6267,2312,23,0.9999903409977876,0.0003649765569346745,0.015,0.000965906648740449,1143915.8031193763,1143919.9781438888
Hauterive (FR),CH,1683336,2233,1004,10,0.9999956153592588,1.8468729958675516e-05,0.014,0.0004384649949185796,11966480.695918469,11966478.485861463
Châtel-Saint-Denis,CH,1683290,2325,1007,10,0.9999981824832183,6.506326587328979e-06,0.016,0.00018175184945688346,47930501.4993815,47930504.61789646
Le Lieu,CH,1685022,5873,2224,22,0.9999917060867165,0.0006531138751258104,0.659,0.0008293920593603112,35893320.839982405,35893086.415723756
Sembrancher,CH,1685374,6035,2303,23,0.9999971459758039,3.25537084264701e-06,0.016,0.0002854028222135906,17681567.770776555,17681567.195175953
Ermensee,CH,1682831,1025,313,3,0.9999952032816483,7.992525561457813e-05,0.014,0.0004796731773775137,5691302.652339947,5691307.20112814
Dotzigen,CH,1682423,386,243,2,0.999501352810563,0.01156588747658044,3.439,0.049880038862947146,4231506.274714691,4231995.685968989
Hindelbank,CH,1682481,409,245,2,0.9998235488201097,0.007278470747345096,2.925,0.01764603267344352,9694242.363434985,9693536.770840386
Champtauroz,CH,1684884,5812,2222,22,0.9987872391536419,0.03241202327627246,3.3,0.12133000275793811,3053929.6491260855,3052939.8087373697
Höchstetten,CH,1682487,410,245,2,0.998612613423722,0.008345836263648211,2.857,0.13882917304261744,2636748.5794405597,2636528.5207214355
Locarno,CH,1684697,5113,2104,21,0.9999963321206967,2.7074771701880707e-05,0.016,0.0003667886526989568,24610809.511516266,24610816.174836755
Gossau (ZH),CH,1682129,115,105,1,0.9999965588150587,3.087481157234805e-05,0.015,0.0003441191389501125,18262040.953661893,18262046.592032626
Recherswil,CH,1683567,2530,1106,11,0.998954857221598,0.014324433044041646,3.164,0.1045614331147024,3361892.4210143792,3361410.8489855183
Prévondavaux,CH,1683384,2038,1001,10,0.9989183465454167,0.03130409789108812,2.836,0.10824081507699806,1820387.693351457,1820957.549296981
Le Locle,CH,1685506,6436,,24,0.999997943537859,2.7276510096987708e-05,0.015,0.00020564645370560355,34660146.151096284,34660155.60517455
Biasca,CH,1684627,5281,2107,21,0.9999984340372934,2.730300276391283e-05,0.017,0.00015659637200973706,59085047.64317866,59085031.511186466
Eisten,CH,1685297,6282,2313,23,0.9999976342445103,2.1926116256484118e-05,0.015,0.00023657585475063788,38088892.47280171,38088900.82421655
Oberembrach,CH,1682175,65,103,1,0.9999953622913664,4.358672386449829e-05,0.017,0.00046377203978185326,10256479.600491535,10256484.070954977
Kienberg,CH,1683534,2492,1105,11,0.9995826735731904,0.036301450188103095,3.359,0.041748928923874086,8529646.540455539,8532742.925845644
Homberg,CH,1682483,931,247,2,0.9999956336339952,6.511685482330359e-05,0.014,0.00043663769567030205,6513779.775210982,6513784.016779502
Ennetbürgen,CH,1683068,1505,,7,0.9999157774638567,8.331806487583478e-05,1.89,0.008422611809824196,17697380.711241454,17697395.456356596
Sachseln,CH,1683099,1406,,6,0.999998535646944,1.2201618972834356e-05,0.016,0.00014643540379163545,57472699.72060658,57472692.70800675
Wimmis,CH,1682727,769,249,2,0.9999980089043745,7.709677878455132e-06,0.015,0.0001991097685937749,22353076.97381691,22353078.69716714
Gsteig,CH,1682460,841,248,2,0.9999987748019631,4.989354755917765e-06,0.014,0.00012251987581055214,62398797.248534724,62398794.135237366
Koppigen,CH,1682514,413,245,2,0.9993186204891381,0.014272863020032653,3.243,0.06815630862410013,6929310.535697047,6928321.524696054
Urmein,CH,1684199,3670,1851,18,0.9991996192826016,0.0672536279929808,2.652,0.08009704005653483,4325257.622990475,4328166.515661979
Grandfontaine,CH,1685602,6792,2603,26,0.9999955082173317,7.943652699134405e-05,0.015,0.0004491790972462407,8970719.684327425,8970712.558299262
Collina d'Oro,CH,1684664,5236,2105,21,0.9999948183454773,5.43019601759498e-05,0.015,0.0005181669353543372,7446457.940087776,7446461.983660401
Andwil (SG),CH,1683859,3441,1721,17,0.9999947556824337,4.753613173762913e-06,0.016,0.0005244331442875768,6306279.2270504935,6306279.526826614
Kerzers,CH,1683341,2265,1005,10,0.9995588882513704,0.0010457568896927595,2.843,0.0441206752891164,12280081.205942482,12279952.78614721
Malters,CH,1682893,1062,312,3,0.9999639642834252,0.0032796888823290434,0.741,0.0036035774932438344,28571839.29073322,28570902.223296523
Montreux,CH,1685062,5886,2230,22,0.9999982239407357,4.987635440660487e-05,0.015,0.00017760603937262646,44488633.38363426,44488611.194325805
Flüelen,CH,1683072,1207,,4,0.9990246882374836,0.0016507845546482795,3.565,0.09757795570076169,15749300.83268777,15749040.845662158
Rothenfluh,CH,1683698,2858,1304,13,0.9999972193095424,3.0363605043049147e-05,0.013,0.0002780694746080309,10946288.713760432,10946292.037448304
Rances,CH,1685115,5760,2224,22,0.9999950559181722,8.266048145472304e-05,0.013,0.0004944092008157767,9829666.731807832,9829658.606557986
Olsberg,CH,1684396,4257,1909,19,0.9999907302354213,7.44820241914412e-05,0.015,0.0009269810994415657,4612218.418185624,4612221.853459262
Murten,CH,5817743,2275,1005,10,0.9999958939295807,3.880643107520435e-05,0.018,0.0004106078052417442,39559594.378626145,39559579.02695942
Glattfelden,CH,1682128,58,103,1,0.9999952993223212,8.351663124224568e-06,0.015,0.0004700688530225379,12293033.582690278,12293032.556017525
Trimbach,CH,1683582,2500,1105,11,0.9999952523095375,3.7381778270642885e-05,0.015,0.000474770084425837,7595777.690362012,7595774.850925238
Bioggio,CH,1684628,5151,2105,21,0.999991500697365,1.2798763626060156e-05,0.015,0.0008499338212897249,6405048.858113373,6405048.038346309
Mönthal,CH,1684374,4106,1904,19,0.9999926665210805,4.4610735403244555e-05,0.014,0.0007333504174920469,3942987.095089423,3942985.336093883
Utzenstorf,CH,1682704,552,245,2,0.9999972827828437,8.863123150892447e-05,0.015,0.00027172220533544966,16935354.43133348,16935369.44134667
Alle,CH,1685569,6771,2603,26,0.9999972185896867,5.0988532402345274e-05,0.016,0.00027814148902757444,10600251.913319567,10600257.318232449
Choulex,CH,1685463,6614,,25,0.9987693471934735,0.006264324123186917,3.198,0.12313719561634309,3908961.1668084706,3908716.296811132
Niederrohrdorf,CH,1684381,4035,1902,19,0.9999911774836724,1.1227620278240754e-05,0.015,0.000882255475008324,3330922.089675942,3330921.715692658
Oberlunkhofen,CH,1684388,4073,1903,19,0.9999912646365022,0.000223572206166554,0.015,0.0008735391886789187,3248257.9274468133,3248250.665244903
Bäriswil,CH,1682400,403,246,2,0.9999929776363603,3.6766108748469885e-05,0.015,0.0007022387005791593,2733463.596894959,2733462.5919067604
Laufenburg,CH,1684347,4170,1906,19,0.9999961302525211,6.569551397271142e-05,0.015,0.00038697536979728704,14470422.09380315,14470412.587384982
Gais,CH,1683881,3022,1502,15,0.9999975884199251,4.8414801465577526e-05,0.015,0.00024115835662946448,21210498.84895641,21210509.117977317
Naters,CH,1685345,6007,2301,23,0.9999234279717479,0.00311660440920827,3.382,0.007657376673508074,147218933.84076974,147214345.60898647
Langnau am Albis,CH,1682158,136,106,1,0.9999943469242142,7.351192776440493e-05,0.083,0.0005653093843665572,8665760.612378048,8665766.98274573
Trubschachen,CH,1682692,909,245,2,0.9999971263687671,7.74658463719517e-06,0.015,0.00028736352503531986,15652059.921589049,15652058.70908898
Illnau-Effretikon,CH,5817371,296,108,1,0.9999973290667846,5.7521809809149e-06,0.017,0.00026709368603340574,32906309.816597763,32906311.70942826
Sumvitg,CH,1684179,3985,1850,18,0.999998624941184,1.7301171022910754e-05,0.016,0.0001375059641699369,101881045.37388657,101881027.74727267
Elsau,CH,1682117,219,110,1,0.9999950364703181,1.080555444590716e-05,0.015,0.0004963541734338556,8067375.337333914,8067374.465609279
Cortébert,CH,1682414,433,241,2,0.9999971838468724,3.561319400698176e-06,0.011,0.00028161571445534404,14753247.27057251,14753247.795982767
Langenthal,CH,1682524,329,244,2,0.9999969152606106,2.9442392227635164e-05,0.016,0.000308474459782472,21130342.561158158,21130348.782436494
Wetzikon (ZH),CH,1682237,121,105,1,0.9999962089827572,3.208125665063512e-05,0.015,0.0003791023819041646,16808398.593980823,16808393.20163533
Walzenhausen,CH,1683960,3037,1503,15,0.9999945505913417,7.699391844362555e-05,0.016,0.0005449421407379866,7002134.911317528,7002129.520099485
Poliez-Pittet,CH,1685102,5533,2223,22,0.9989120820238601,0.025421185582576302,3.472,0.10886484370653082,5009704.06991354,5010977.596082291
Wasterkingen,CH,1682232,70,103,1,0.9985017999085389,0.003891072144985837,3.345,0.1499294064690239,3958418.4928353666,3958264.46791601
Pompaples,CH,1685104,5497,2227,22,0.9999915791653784,0.00015238066447788556,0.014,0.0008420863661366883,4441484.311173372,4441477.543210066
Biglen,CH,1682382,603,246,2,0.9992932992151499,0.001762467944805658,3.406,0.07069568160051101,3589378.073951098,3589441.3355890694
Erlenbach (ZH),CH,1682119,151,107,1,0.9999890021507555,2.163950292508949e-05,0.015,0.0010997908530979142,2887728.3472141037,2887727.7223240435
Hagneck,CH,1682468,736,243,2,0.9998837442215915,0.0007393000053240822,2.336,0.011626296627032257,1839276.1952509785,1839289.7930199879
Plan-les-Ouates,CH,1685523,6633,,25,0.9999948220682396,4.561476460374717e-05,0.015,0.0005177943984264882,5853737.590432587,5853734.920263965
Rünenberg,CH,1683702,2860,1304,13,0.9995284589866114,0.032179177955227546,3.424,0.0471728101973392,4972919.656208802,4974519.900874544
Täsch,CH,1685386,6295,2313,23,0.9999981646332939,3.87989735156605e-06,0.016,0.00018353684261351356,58865573.68948015,58865575.97340398
Ennetmoos,CH,1683069,1506,,7,0.9997576955968768,0.017373087282630737,3.436,0.024231271196500866,14945347.879471142,14942751.411139349
Jussy,CH,1685493,6626,,25,0.9999965341396718,1.641242184212016e-05,0.015,0.0003465866048486289,11350180.362055449,11350178.499215968
Sumiswald,CH,1682677,957,245,2,0.9999981992550043,7.826105411562445e-06,0.015,0.00018007466941957444,59342499.930292614,59342504.57449921
Unterentfelden,CH,1684446,4013,1901,19,0.9999919214195396,0.00011059766163884754,0.014,0.0008078617559673277,2875296.792949893,2875299.972960911
Maracon,CH,1685040,5790,2226,22,0.9999936108521291,3.4329358058440254e-05,0.007,0.0006389169382225563,4382850.163024959,4382851.667629285
Nürensdorf,CH,1682174,64,103,1,0.9999957124203847,5.662850111252559e-06,0.019,0.0004287588684013308,10140641.83918244,10140641.264933093
Vuarrens,CH,1685196,5539,2223,22,0.9998703793137699,0.004375029084251567,1.919,0.012963192319168199,8968813.25933211,8969205.647520717
Satigny,CH,1685531,6638,,25,0.9999973061245773,1.0359236958571263e-05,0.015,0.0002693878910167459,18921077.0624821,18921075.102402892
Walenstadt,CH,1683959,3298,1725,17,0.9999977779667379,4.1660658102706076e-05,0.016,0.0002222035267324756,48841168.02395484,48841147.676402815
Perrefitte,CH,1682604,701,241,2,0.9998203110096701,0.01196100612726447,2.34,0.01797158831166009,8569419.542994095,8570444.531790704
Poschiavo,CH,1684132,3561,1842,18,0.999999008364997,4.389776329317742e-06,0.017,9.916355173078312e-05,191010956.0994899,191010964.48444363
Bättwil,CH,1683490,2471,1104,11,0.9999912537995677,8.68839069681138e-05,0.012,0.000874624247968593,1668949.9220844144,1668951.372133312
Ferpicloz,CH,1683316,2194,1004,10,0.9999896238879846,4.779699286985203e-05,0.01,0.001037616832718628,1018301.2496604989,1018301.7363778746
Schwarzenberg,CH,1682919,1066,312,3,0.9999979967887674,1.9623540662279143e-05,0.015,0.00020032134362121768,39300765.01220579,39300772.72440739
Surpierre,CH,1683406,2044,1001,10,0.9997991504235755,0.007223910553868997,3.073,0.020087700405156828,14792799.132157922,14793867.750735642
Appenzell,CH,1683860,3101,,16,0.9999962062932496,8.796684554965748e-05,0.016,0.0003793712276716738,16883749.582592323,16883734.730490405
Konolfingen,CH,1682513,612,246,2,0.9999961269502697,2.424563549847817e-05,0.015,0.00038730567617322104,12766961.784998463,12766958.689567445
Roggliswil,CH,1682910,1142,315,3,0.9999950260617791,1.2291867647200824e-05,0.016,0.0004973950896899478,6205557.66557051,6205558.428349445
Hilterfingen,CH,1682480,929,247,2,0.9999919809878058,5.030705356694356e-05,0.016,0.0008019042332312345,2806366.5702180755,2806365.158417742
Agno,CH,1684611,5141,2105,21,0.9999913952582443,0.00016046074745840107,0.018,0.0008604771872852343,3035208.9617454535,3035204.0914264666
Berg (SG),CH,1683865,3211,1722,17,0.9999908069345481,5.922748199615366e-05,0.016,0.0009193104984997194,3755479.720181402,3755477.4959053267
Hüttlingen,CH,1684532,4590,2012,20,0.9994015142852845,0.031431843671684855,3.065,0.059875894659933905,11603516.12461943,11607163.323668139
Riniken,CH,1684405,4111,1904,19,0.9999943677058386,4.3643938801811554e-05,0.015,0.0005632308794110781,4757114.564930253,4757112.488738083
Bursins,CH,1684873,5853,2228,22,0.9999934356751801,0.0001315535142950327,0.016,0.0006564342048330274,3369766.707813404,3369762.2747668764
Uttigen,CH,3411264,885,247,2,0.9994797672470618,0.002731101243897472,2.871,0.05203752150947607,3807341.262767607,3807445.2451121937
Zuzwil (SG),CH,1683969,3426,1728,17,0.999995013562419,5.303752931884682e-05,0.014,0.0004986451337108777,8967263.5253466,8967268.28136162
Courtepin,CH,6838602,2254,1005,10,0.9999958540859938,4.68692541901718e-06,0.015,0.00041459225058385876,21921684.547080416,21921683.51962741
Othmarsingen,CH,1684397,4205,1907,19,0.9999919052520595,3.506844313558688e-05,0.106,0.0008094782123711189,4722388.736290526,4722390.392358734
Gebenstorf,CH,1684315,4029,1902,19,0.9999940309139713,6.556967806442478e-05,0.013,0.0005969101886727881,5644783.314646091,5644779.613379844
Genthod,CH,1685487,6622,,25,0.9999043741814077,0.00898805243176884,0.621,0.009563468861427624,5300332.030511541,5300808.4271335015
Steffisburg,CH,1682674,939,247,2,0.9999956485459203,3.541047155683291e-05,0.016,0.00043514627764147835,14811794.891882438,14811789.646956021
Port,CH,1682609,745,242,2,0.9999911966552618,6.61187185833795e-05,0.014,0.0008803380577001472,2456742.631364383,2456741.006997636
Ramlinsburg,CH,1683691,2832,1303,13,0.9983834032013471,0.0021153923276407,3.156,0.16179216608241465,2248247.8917166777,2248295.4509800854
Servion,CH,1685152,5799,2226,22,0.9999944060667476,6.80592157260009e-05,0.016,0.0005593946996291241,6320806.595939106,6320802.29404771
Diemtigen,CH,1682420,762,249,2,0.9999989394792858,3.734467959683766e-06,0.015,0.0001060521256868338,129942252.60926734,129942247.75661555
Castel San Pietro,CH,1684652,5249,2106,21,0.9999935546317515,8.363320173441385e-06,0.015,0.0006445389291478612,11837284.599020865,11837285.589010876
Borex,CH,1684860,5706,2228,22,0.999985782078141,0.0004436988244755681,0.071,0.001421805447778972,1985321.9120775831,1985330.720927569
Beringen,CH,2754655,2932,1403,14,0.999996541055918,6.309733605517916e-05,0.015,0.000345895115778353,18678756.60652139,18678768.392319217
Adelboden,CH,1682357,561,249,2,0.9999989200416939,4.4725487413906555e-06,0.015,0.00010799588648184611,87618955.09258817,87618951.1737877
Richterswil,CH,1682194,138,106,1,0.9999952765562997,2.4051330021786124e-05,0.016,0.00047234554231280224,7534474.468128658,7534476.280269978
Fulenbach,CH,1683506,2575,1108,11,0.9993678701694448,0.022425702446511965,2.885,0.06324005899710265,4484494.795291674,4485500.474750696
Bas-Intyamon,CH,1683272,2162,1003,10,0.9999975649192062,1.731887075087444e-05,0.015,0.0002435083969935755,33342183.594021056,33342189.368510738
Bex,CH,1684852,5402,2221,22,0.9999986683296674,1.0500066169456896e-05,0.015,0.00013316711496273278,96561582.61750466,96561572.47847459
Villaz,CH,10523801,2117,1002,10,0.99999633003534,3.639045653048058e-05,0.016,0.00036699720611898276,15431135.853990521,15431141.469451306
Wigoltingen,CH,1684570,4951,2015,20,0.9999954151181917,1.1410020262848581e-05,0.016,0.00045848920527096697,17132621.121728912,17132619.16689337
Eysins,CH,1684969,5716,2228,22,0.9999887802867505,0.0005219462764229987,0.015,0.0011219746913421439,2383255.663731976,2383243.2244177815
Roveredo (GR),CH,1684142,3834,1847,18,0.999997617690983,3.337354233594304e-05,0.015,0.000238231225100077,38796547.7641773,38796560.71195959
Zullwil,CH,1683593,2622,1110,11,0.9999944553149568,0.00010335728074496085,0.011,0.0005544697549800428,3657395.279194477,3657391.4990101703
Bremgarten (AG),CH,3411166,4063,1903,19,0.9999953364156985,5.926853008688053e-07,0.015,0.0004663595161395262,11361103.858002886,11361103.790667294
Menzingen,CH,1683144,1704,,9,0.9999972215262481,8.543893010487793e-06,0.015,0.0002778477492955678,27513450.433759157,27513448.083039388
Rothenburg,CH,1682913,1040,313,3,0.9999965049676053,1.2738631899130656e-05,0.013,0.0003495038278990947,15495054.636955438,15495052.663097465
Niedergesteln,CH,1685347,6198,2309,23,0.9999969728593793,3.9963837544282446e-05,0.115,0.00030271445981252013,17621707.30532339,17621700.26301291
Uitikon,CH,1682221,248,111,1,0.9999920334396221,1.09858549650464e-05,0.016,0.0007966592546583754,4378240.922075407,4378241.403062604
Ormalingen,CH,1683688,2856,1304,13,0.9994843838727637,0.007044798090692482,3.116,0.05157309247687777,6930788.644710596,6930300.384644483
Hägglingen,CH,1684333,4068,1903,19,0.9999958042497215,1.3724865769878236e-05,0.015,0.00041957593658562654,7748393.247868487,7748394.311325059
Seelisberg,CH,1683106,1215,,4,0.9997706414941696,0.015424345511427245,3.304,0.022936712095697816,18892340.674051102,18889426.65415034
Walterswil (SO),CH,1683585,2585,1108,11,0.99999475185825,2.2065860850740985e-05,0.014,0.0005248154943613996,4477707.309708455,4477706.32166379
Villars-sous-Yens,CH,1685191,5652,2227,22,0.9999917368618572,0.0002074222635647644,0.017,0.0008263180853546975,3042767.1850604694,3042773.4964370397
Hergiswil bei Willisau,CH,1682856,1132,315,3,0.9999977653073385,1.0261618320025806e-05,0.016,0.00022346952739858676,31341583.35094263,31341586.56709629
Delley-Portalban,CH,1683307,2051,1001,10,0.9999970121743916,7.888328460390369e-05,0.015,0.00029878288923329533,16610889.04008167,16610875.936866794
Monthey,CH,1685341,6153,2308,23,0.999995292002932,1.4882954847892447e-06,0.016,0.00047080081859604057,28696570.42620838,28696570.853298143
Jenaz,CH,1684092,3863,1849,18,0.9994339433833093,0.006875222885650052,3.638,0.05662363364290706,25910874.90190293,25912656.332304057
Corgémont,CH,1682412,431,241,2,0.9999975461279549,6.650643963496309e-06,0.015,0.00024538751359233214,17668629.6416669,17668630.81674455
La Sagne,CH,1685498,6423,,24,0.9999978652093356,6.0423089203688416e-05,0.015,0.00021347922977739287,25550306.108639877,25550290.670355625
Meinisberg,CH,1682551,390,242,2,0.999994107154248,6.259176258019322e-05,0.015,0.0005892864960300588,4395595.12585753,4395597.877137995
Schwellbrunn,CH,1683934,3004,1501,15,0.9999963887447703,3.829703411626294e-05,0.015,0.00036112624426488655,17417610.0808384,17417616.751266476
Obersiggenthal,CH,1684392,4038,1902,19,0.9999953770491941,4.603526826990333e-05,0.015,0.00046229604275214,8360845.449948995,8360841.601011363
Finsterhennen,CH,1682441,493,243,2,0.9983790574425027,0.013268046132707451,3.107,0.16223649714126326,3568893.3222028585,3569366.8446152755
Blonay - Saint-Légier,CH,13623865,5892,2230,22,0.9999975824625253,2.2357216480592868e-05,0.016,0.00024175401259465262,31244400.800292585,31244393.81491426
Sorvilier,CH,1682670,711,241,2,0.999995538467956,3.9145953534809494e-05,0.013,0.0004461541120734499,6901790.277430862,6901787.575659247
Moutier,CH,1682559,6831,2604,26,0.9999963915797854,3.4993961288699244e-05,0.015,0.000360842735538031,19613200.030161798,19613206.893597424
Movelier,CH,1685619,6718,2601,26,0.9999961545314823,4.396436361385917e-05,0.015,0.00038454750642204016,8082233.0309760505,8082229.477673733
Domleschg,CH,4450590,3673,1851,18,0.9999983017657837,1.7056215590199902e-05,0.014,0.0001698235803208944,45944632.64646434,45944640.48287994
Gondiswil,CH,1682453,326,244,2,0.9999960720813512,3.0990760414014504e-05,0.016,0.00039279257527989863,9405227.420130985,9405224.505379489
Goms,CH,1685348,6077,2304,23,0.9999989031437077,5.910067313501869e-06,0.03,0.00010968568585733274,129572552.92079258,129572545.26296748
Dürrenäsch,CH,1684296,4134,1905,19,0.999994994833847,4.208630858682532e-06,0.015,0.0005005178574238545,5907448.2354095485,5907447.986786859
Glarus,CH,1683142,1632,,8,0.9999984491976384,9.176582708957231e-06,0.016,0.00015508034928308096,103675089.47161472,103675079.95778438
Etziken,CH,1683502,2518,1106,11,0.9999931807815485,0.00015174959239992814,0.011,0.000681924687862702,3368396.142322591,3368401.2538500074
Henniez,CH,1685001,5819,2222,22,0.9995543959275515,0.012191394031934756,3.043,0.04457305447957605,2613601.8194564707,2613920.4539527064
Centovalli,CH,1684655,5397,2104,21,0.9999983128435945,3.6178678302752947e-06,0.017,0.00016871578596359773,53392464.258365944,53392466.19003473
Zuzgen,CH,1684475,4264,1909,19,0.9999961735883076,5.7106477148955734e-05,0.015,0.00038264201055565405,8394615.738484962,8394620.53235428
Muntogna da Schons,CH,12120535,3715,1851,18,0.999998366071362,3.084848433382777e-05,0.018,0.000163392971918218,53588767.570428506,53588751.03910594
Ferreyres,CH,1684972,5483,2227,22,0.9999923308976469,2.188572199314988e-05,0.015,0.0007669132599682662,3155589.6696345615,3155590.360258144
Zumikon,CH,1682247,160,107,1,0.9999944752079818,2.715303292981427e-05,0.014,0.0005524806531170171,5480729.761970504,5480728.273786147
Gurzelen,CH,1682464,867,247,2,0.9999936980246596,3.8101280666460254e-05,0.015,0.0006301996398420132,4524312.756835083,4524314.480656184
Rochefort,CH,5818680,6413,,24,0.9999973782472454,3.158788351244699e-05,0.015,0.0002621756604444276,25853492.12510092,25853500.2916719
Avry,CH,1683270,2174,1004,10,0.9999947920154658,4.805731267451676e-07,0.016,0.0005207998085656164,5833051.201783945,5833051.173751868
Eschen,LI,1155949,7007,,,0.9999922041364634,9.990202193374156e-05,0.014,0.0007795897820440758,10381083.490871754,10381093.86178406
Dulliken,CH,1683496,2573,1108,11,0.9994116083185756,0.0177983880220466,3.392,0.05886172122776513,6041879.5060938345,6042954.863252154
Oberkulm,CH,1684387,4140,1905,19,0.9999961477936334,2.5911120081843086e-05,0.014,0.00038522142866238775,9413267.930537641,9413270.369620798
Sutz-Lattrigen,CH,1682678,750,242,2,0.9999925045497436,1.558485805651315e-05,0.014,0.0007495477761807882,3574798.7553400923,3574798.1982127805
Troinex,CH,1685535,6641,,25,0.9999940206298109,0.00016937011604358022,0.016,0.0005979383003190166,3429894.9602924916,3429889.151075417
Niedergösgen,CH,1683557,2495,1105,11,0.9999955093946602,6.417881811957789e-06,0.014,0.00044906155670329046,4325102.387594112,4325102.665174072
Bösingen,CH,1683282,2295,1006,10,0.9999967166193013,5.928835863652326e-05,0.014,0.0003283387062207704,14325593.353528468,14325601.846937632
Visperterminen,CH,1685399,6298,2313,23,0.9999982606131211,2.0549441398415474e-05,0.015,0.00017393882112401476,51649015.25921886,51649004.64563473
Oberwil bei Büren,CH,1682595,391,243,2,0.9991774619417861,0.014947890523487073,3.137,0.08229379831627001,6739027.563961552,6740034.906424161
Kleinbösingen,CH,1683342,2266,1005,10,0.9999945934282322,2.201101036053302e-05,0.011,0.0005406586978310404,3015563.9183251685,3015564.582081255
Flims,CH,1684080,3732,1844,18,0.9998058048084912,0.010367157679612682,3.526,0.019420398198820524,50505885.349293575,50500649.32452193
Saas-Almagell,CH,1685360,6288,2313,23,0.9999989838126159,1.5500361753426308e-05,0.016,0.00010161878265893941,110376541.9452226,110376524.83645931
Kriens,CH,1682888,1059,312,3,0.9998137836932434,0.0054805750751596655,3.529,0.018622854329094128,27301129.18028919,27299632.9214081
Clos du Doubs,CH,1685583,6808,2603,26,0.999998102992097,6.632069017368341e-07,0.016,0.00018970097074131275,61751208.47220276,61751208.88174104
Les Montets,CH,1683354,2050,1001,10,0.9999945722725185,4.148946572493251e-06,0.016,0.0005427742098362929,10285284.859419309,10285284.432688335
Mont-la-Ville,CH,1685054,5491,2227,22,0.9999976853963002,2.6141841611685646e-05,0.015,0.000231460667953415,19791177.12194749,19791182.295725666
Vernier,CH,1685540,6643,,25,0.99999513979286,6.939635944282596e-05,0.014,0.0004860220635669839,7686978.052241671,7686983.38672459
Mellingen,CH,1684362,4033,1902,19,0.9999933590539284,7.081158824356254e-05,0.015,0.0006640970474223354,4866599.333741956,4866602.779858238
St. Gallen,CH,1683941,3203,1721,17,0.9999967933209125,9.047842355083389e-06,0.247,0.0003206684371364923,39379013.616972566,39379017.17992364
Subingen,CH,1683581,2532,1106,11,0.999995247378116,3.7419255086537026e-05,0.015,0.0004752632287687718,6271343.877875935,6271341.531185772
Arisdorf,CH,1683615,2821,1303,13,0.9997404492541755,0.019158913927750525,3.552,0.025960930027042115,9998091.84207712,10000007.36788756
Schattenhalb,CH,1682649,786,250,2,0.9997559451184478,0.01309905515251833,3.113,0.024410065297213335,31536484.82958455,31540615.811125543
Rüti bei Büren,CH,1682638,393,243,2,0.9993066684965096,0.013522969094298691,3.137,0.06935250453696482,6503124.087246513,6502244.671786031
Hubersdorf,CH,1683527,2548,1107,11,0.9995399715086095,0.03337945637712588,2.545,0.046005753367251746,1354506.535022553,1354054.40810457
Termen,CH,1685382,6010,2301,23,0.9999961627411106,3.6641382129084984e-05,0.015,0.00038372655485656703,18622119.262534544,18622112.439132664
Vechigen,CH,1682706,359,246,2,0.9999965661894991,1.4027736017375481e-05,0.015,0.00034338166347562944,24822257.16442789,24822260.6464286
Savigny,CH,1685148,5611,2226,22,0.99998619904519,0.0003295185482365755,1.255,0.0013801072784903243,16010593.778198447,16010646.536074629
Herzogenbuchsee,CH,1682479,979,244,2,0.9999958253235043,1.8659809353870255e-05,0.015,0.0004174685599691979,9822048.555291466,9822050.388067001
Corcelles-près-Concise,CH,1684920,5555,2224,22,0.9999959330712845,0.00013923090100268322,0.01,0.0004066939817725068,8475920.028385352,8475931.829485176
Saint-Sulpice (VD),CH,1685143,5648,2229,22,0.9999842176171079,0.0015291491595131837,0.191,0.0015782628104738976,24128549.22020739,24128918.181714993
Tecknau,CH,1683711,2862,1304,13,0.9999906341764238,9.249869867883467e-05,0.015,0.000936587176545895,2344967.927619925,2344970.0966847423
Bougy-Villars,CH,1684862,5426,2227,22,0.9999895442975795,0.0002590549935567024,0.008,0.0010455770626490743,1769298.992136988,1769303.5755943782
Frenkendorf,CH,1683647,2824,1303,13,0.9999930792625301,8.300597072501939e-05,0.013,0.0006920764292186854,4590664.517526515,4590668.32805216
Dietikon,CH,1682103,243,111,1,0.9999935861711287,6.330287266325424e-05,0.015,0.000641385146929241,9335019.635201894,9335025.544537487
Zetzwil,CH,1684472,4147,1905,19,0.9999948042024975,5.144588875328249e-05,0.015,0.0005195809663750087,5802266.05761892,5802263.072591579
Schlossrued,CH,1684418,4142,1905,19,0.9999942032601074,4.180075089280598e-05,0.016,0.0005796757908163847,7246167.792649985,7246170.821602534
Stallikon,CH,1682211,13,101,1,0.9999945152565665,9.155358026912768e-05,0.083,0.0005484755961696696,12017466.547371246,12017455.544950364
Neuendorf,CH,1683555,2404,1101,11,0.999258332784094,0.05739097109043519,3.073,0.07417294491056511,7145615.520368762,7141514.582231234
Strengelbach,CH,1684434,4285,1910,19,0.9999955889565738,4.567155090893873e-05,0.014,0.0004411054163776904,6027833.970627934,6027836.723633194
Dizy,CH,1684944,5481,2227,22,0.9999924119191083,9.482807721329788e-05,0.017,0.0007588106081504598,3038363.9220549613,3038361.0408328753
Biezwil,CH,1683484,2445,1103,11,0.998833286036779,0.009040262012210832,2.626,0.11673422034456413,4155366.0170074967,4154990.361031993
Herdern,CH,1684528,4811,2012,20,0.9999957882330319,4.950093213578644e-05,0.016,0.0004211776878941612,13726980.258600108,13726987.05358329
Develier,CH,1685597,6712,2601,26,0.9999971883802514,5.538637338681149e-05,0.015,0.0002811622923290486,12470067.62247846,12470060.715760246
Maisprach,CH,1683675,2853,1304,13,0.999463340659603,0.005412015046008815,3.317,0.053678885473147774,5075224.671152996,5074949.999230174
Niederönz,CH,1682580,982,244,2,0.9999925511003518,0.00010648973032925724,0.015,0.0007448923424947627,2792289.5750750024,2792286.601573364
Neunkirch,CH,1683681,2904,1401,14,0.9999967687791897,1.4168561770138891e-06,0.015,0.0003231226054016031,17914914.32684831,17914914.58067688
Schlatt (ZH),CH,1682202,226,110,1,0.9999954652466775,3.0046092894776534e-06,0.017,0.0004534763533442421,8965654.949984077,8965654.680601176
Fontenais,CH,2758672,6790,2603,26,0.9999977254312128,2.713073702197914e-07,0.014,0.00022745713781008035,19985526.921920825,19985526.976143032
Sarnen,CH,1683100,1407,,6,0.9999983544707657,2.447151868955669e-05,0.016,0.0001645530789953379,76882208.41860892,76882227.23285292
Spiringen,CH,1683111,1218,,4,0.9999979056000791,5.8942086150741084e-06,0.015,0.0002094402175249905,64681006.397771925,64681010.210205376
Ballwil,CH,1682817,1023,313,3,0.9999959160130302,0.00016519302514827108,0.014,0.0004083998682141133,8767636.305085948,8767650.788609594
Zollikon,CH,1682246,161,107,1,0.9999950677214131,1.2769067655012215e-05,0.015,0.00049322910620535,7855349.299316517,7855350.302371384
Weisslingen,CH,1682235,180,108,1,0.999995841574642,1.348660231031978e-06,0.017,0.0004158434031583836,12807870.605802948,12807870.778537605
Villarzel,CH,1685192,5830,2222,22,0.999421333808727,0.003467719534699252,3.262,0.05788236308457243,7657685.287808447,7657419.740759816
Altishofen,CH,1682825,1123,315,3,0.9999955527080064,1.9223955138725485e-05,0.015,0.00044473023114258284,14325348.670999842,14325351.424898444
Massongex,CH,1685335,6215,2310,23,0.9999934336798062,6.922319862998331e-05,0.015,0.0006566339479292289,6636500.462997132,6636495.868999234
Bellach,CH,1683480,2542,1107,11,0.9999951531234053,3.608681125812478e-05,0.016,0.00048468874666727704,5288888.805071371,5288886.89648005
Meilen,CH,1682165,156,107,1,0.999995909600384,2.922484008669485e-05,0.017,0.0004090407382064393,11944428.447187852,11944424.95644774
Wynau,CH,1682732,345,244,2,0.999994670868298,8.3180802573882e-05,0.015,0.0005329143686484461,5074481.713708173,5074477.492713557
Kreuzlingen,CH,1684537,4671,2013,20,0.9999954032635935,2.773339781860262e-05,0.016,0.0004596746332719829,11568367.360342383,11568364.152041042
Buttisholz,CH,1682820,1083,314,3,0.9999966762680584,8.138028858944391e-06,0.015,0.00033237373293526723,16712290.739013668,16712289.378962625
Conthey,CH,1685293,6023,2302,23,0.9999983182430097,1.866177147476827e-05,0.015,0.0001681758246685387,84943791.83828795,84943775.98627163
Mergoscia,CH,1684713,5117,2104,21,0.9999969546454401,8.427559993731161e-06,0.016,0.00030453593261956343,12158161.099202646,12158162.123838967
Wileroltigen,CH,1682725,671,246,2,0.9999938543604417,2.5326455943350462e-05,0.015,0.0006145659219251525,4154217.9334915536,4154218.9856077284
Lenzburg,CH,1684351,4201,1907,19,0.9999951157664213,4.7434173121230744e-05,0.015,0.0004884244349219458,11314763.454628875,11314758.08756439
Origlio,CH,1684731,5208,2105,21,0.9999910961677733,0.000161805115595419,0.015,0.0008903864663074777,2077170.6116051527,2077167.2506368435
Lucens,CH,1868686,5675,2222,22,0.9991938221251147,0.0027098125185982262,3.378,0.08064920399509291,19277192.810643896,19276670.43485988
Scharans,CH,1684156,3638,1851,18,0.9999965713462721,1.7293104663849956e-05,0.016,0.0003428659308828247,14287214.96505201,14287212.494348973
Gimel,CH,1684985,5428,2227,22,0.9999962312152548,6.685740046875622e-05,0.015,0.0003768793107918031,18880220.988595758,18880233.611420713
Rüthi (SG),CH,1683930,3256,1723,17,0.9999956546928631,1.7423924142170824e-05,0.016,0.00043453169530153324,9333372.321941147,9333373.94818086
Visp,CH,1685398,6297,2313,23,0.9999956470485616,5.902022101476496e-05,0.015,0.00043529596264247825,13197631.856884716,13197624.067613225
Cronay,CH,1684932,5910,2224,22,0.9999959801296244,1.3693823005657723e-05,0.007,0.00040198781810197866,6579209.458172971,6579208.557227673
Epsach,CH,1682428,735,243,2,0.9991584027680123,0.035352361871266,2.638,0.08421003488985139,3413976.5934840105,3415183.5148435393
Rivaz,CH,1685120,5609,2226,22,0.9999912379018315,6.765832153931187e-05,0.01,0.0008762133590145031,2945789.1081827926,2945787.115111326
Embd,CH,1685298,6283,2313,23,0.9999965815243298,1.616480792755557e-05,0.015,0.00034184817882713654,14044647.38676504,14044649.657055315
Liesberg,CH,1683669,2788,1302,13,0.9999958409421615,6.5280854200311304e-06,0.016,0.00041590663508654955,12457849.627024893,12457848.813765828
Verzasca,CH,1684758,5399,2104,21,0.9999991197981861,6.139849897313307e-06,0.015,8.802021758638431e-05,218387496.26139826,218387482.8527338
Corcelles-le-Jorat,CH,1684919,5785,2222,22,0.9999955100228806,3.6953055877781557e-06,0.015,0.00044899872813342675,7940604.428333424,7940604.721763023
Begnins,CH,1684845,5704,2228,22,0.999995060897549,5.4370150899025164e-05,0.016,0.0004939113304392073,4786140.629525504,4786138.027293622
Granges-Paccot,CH,1683328,2198,1004,10,0.9993438324873888,0.0023330265746322482,3.131,0.06563752043725972,3991037.466901062,3990944.3549363557
Renens (VD),CH,1685116,5591,2229,22,0.999992379854457,0.00010174460587481262,0.016,0.00076201707008394,2950798.227429441,2950795.2251514145
Lüterkofen-Ichertswil,CH,1683546,2455,1103,11,0.99864695570229,0.011976111489760955,3.407,0.13540413577261082,4429439.534894533,4429970.009511604
La Grande Béroche,CH,7859091,6417,,24,0.9999978143823365,3.2664939831622067e-06,0.015,0.00021856200859228452,42249145.82190768,42249147.20197348
Kappel (SO),CH,1683532,2580,1108,11,0.9999953391453289,2.776811216310541e-05,0.015,0.00046608648859383433,5099067.964937355,5099066.549022444
Valeyres-sous-Ursins,CH,1685172,5934,2224,22,0.9999929030104906,2.5723403353437093e-06,0.015,0.0007097014600198075,2873067.9476465415,2873067.873741456
Le Mont-sur-Lausanne,CH,1685023,5587,2225,22,0.9999960675346921,4.4581704751721566e-05,0.015,0.0003932473917166411,9796608.695423461,9796613.062918626
Stein (AR),CH,1683944,3005,1501,15,0.9999960081961505,1.2321351917894344e-05,0.015,0.00039918115709563037,9363144.209717022,9363143.056051074
Wenslingen,CH,1683720,2865,1304,13,0.9991729715854871,0.038423342556728864,3.581,0.08272115922777523,5916516.640917542,5914243.317461177
Kiesen,CH,1682508,611,246,2,0.9993329915450546,0.01269409346560373,2.75,0.06671886298358111,4686770.183543862,4686175.240556245
Canobbio,CH,1684647,5167,2105,21,0.9997803495303857,0.0066015080653588866,0.757,0.021968184634578312,1276150.8456310306,1276235.090832031
Muralto,CH,1684725,5120,2104,21,0.999989249695823,9.712567975043511e-05,0.01,0.0010750356740772719,801830.7413010001,801829.9625174422
Wila,CH,1682240,181,108,1,0.9999925595732947,1.399330652911404e-05,0.015,0.0007440453865708,9189259.843536546,9189258.557655249
Flerden,CH,1684079,3662,1851,18,0.9989469270870978,0.018859293381727555,3.379,0.10535283329219948,6093259.514375472,6092110.368687146
Longirod,CH,1685032,5429,2228,22,0.9999951278750047,3.838852559188127e-05,0.015,0.000487213779857618,9454238.389414424,9454242.018757148
Wintersingen,CH,1683722,2866,1304,13,0.9995617665886841,0.023342713171332498,3.594,0.04382782976277104,6952567.069425973,6950944.1516369125
Val-de-Travers,CH,1685536,6512,,24,0.9999987109057233,1.5646065601254696e-05,0.015,0.00012890950063615823,124743749.32045622,124743729.80296737
Stetten (SH),CH,1683710,2919,1402,14,0.999994822372878,7.650129935862638e-05,0.007,0.0005177642506698874,4718890.394391962,4718894.004404429
Châtonnaye,CH,1683293,2068,1002,10,0.9993430515647688,0.0002137470525118488,3.262,0.06571649990943614,6314273.453828141,6314286.950401536
Realp,CH,1683095,1212,,4,0.9999988504327458,1.6755039578034e-05,0.015,0.00011495680123532044,77839511.41003363,77839524.45207457
La Ferrière,CH,1682519,435,241,2,0.9999968492076613,2.869288034782998e-06,0.014,0.0003150797257987297,14157629.931561183,14157629.525338002
Collex-Bossy,CH,1685468,6615,,25,0.9999939072584607,1.2623977846283318e-05,0.121,0.0006092760486352422,6886626.792866421,6886627.662232662
Walliswil bei Niederbipp,CH,1682712,990,244,2,0.9999899749056521,0.00028972287627642064,0.008,0.0010025159121662952,1472276.3549289983,1472280.6204504005
Sevelen,CH,1683939,3275,1724,17,0.9999776127571237,0.0019452520137446779,3.267,0.0022387711218920755,30326562.59929379,30327152.527363453
Ufhusen,CH,1682926,1145,315,3,0.9993548451992089,0.0050324981926531415,3.493,0.06453792192431013,12209030.359905027,12209644.77913723
Kestenholz,CH,1683533,2403,1101,11,0.9999966344361847,2.421813160284079e-07,0.012,0.0003365569474513999,8586374.45754161,8586374.436747015
Wängi,CH,1684574,4781,2014,20,0.9999961683443956,1.1775809954894756e-05,0.015,0.0003831662720955062,16427112.962996563,16427111.02857096
Walkringen,CH,1682711,626,246,2,0.9997760703633846,0.0018605579503885466,2.957,0.022395679506757096,17211096.97653955,17211417.198972695
Cham,CH,1683139,1702,,9,0.9999969595385378,1.7900272066110388e-06,0.016,0.0003040466057255739,19121122.081888158,19121121.73961487
Buchberg,CH,1683634,2933,1403,14,0.9998107183470393,0.015949351831214674,2.5,0.018931466445500367,5859543.040479093,5860477.59961432
Oberrohrdorf,CH,1684390,4037,1902,19,0.9999941149511129,2.6238852226639676e-05,0.012,0.0005885065431334436,4301674.089606499,4301672.960896592
Boppelsen,CH,1682093,82,104,1,0.9999936328997893,8.502827765223702e-05,0.016,0.0006367117772421014,3964223.5684326133,3964220.1977215908
Gisikon,CH,1682839,1055,312,3,0.999991817379666,3.228083783923927e-05,0.006,0.000818265249134221,1076540.1295576533,1076539.7820414798
Safiental,CH,2742004,3672,1850,18,0.9997911024548379,0.006029717792864156,3.642,0.020892566515724215,151422712.12089586,151431842.48311105
Otelfingen,CH,1682186,94,104,1,0.9999941985624942,5.469723332513993e-05,0.016,0.0005801452746134793,7146687.29325003,7146683.384209806
Frick,CH,1684311,4163,1906,19,0.9999956949100643,5.4437279827576516e-05,0.016,0.00043050980310328654,9961264.410707,9961258.988065619
Dittingen,CH,1683642,2784,1302,13,0.9996446423792877,0.00801597218885345,3.311,0.0355435016667371,6748519.047930303,6749060.007340345
Binningen,CH,1683625,2765,1301,13,0.9999956213981991,4.234388812889364e-06,0.014,0.00043786112961972706,4463676.97018046,4463676.781171022
Clarmont,CH,1684909,5629,2227,22,0.9999876636245384,0.00017069827984751866,0.011,0.00123364620834616,1016308.5271730777,1016310.2619942515
Siselen,CH,1682666,499,243,2,0.9992423870509026,0.02487612112228316,3.107,0.07579943146088894,5509298.6646585455,5510669.164467354
Vinzel,CH,1685195,5863,2228,22,0.9999900566029692,0.0005094994894632026,0.007,0.000994347179651514,1097086.7446977103,1097092.3343490735
Fey,CH,1684973,5522,2223,22,0.9999950083680333,2.6437060497993877e-05,0.015,0.0004991645084761616,7340008.824850145,7340010.765332718
Pfaffnau,CH,1682905,1139,315,3,0.9999955841267266,1.4287144850246544e-05,0.016,0.00044158833400611885,17681811.501378015,17681814.027604036
Biel-Benken,CH,1683624,2764,1301,13,0.9999948460005768,7.817020690531371e-07,0.015,0.0005154012723872516,4116046.724901863,4116046.7570770853
Römerswil,CH,1682915,1039,313,3,0.9999962033801213,1.1900651628894654e-05,0.016,0.0003796627315182164,17377084.698728535,17377086.76671485
Gamprin,LI,1155947,7009,,,0.9999896478639257,0.00020792291042832264,0.013,0.001035217889639168,6188189.722131198,6188176.855467025
Knutwil,CH,1682885,1089,314,3,0.9995876000577941,0.021151301910482232,3.125,0.04124413736258342,9743579.397283476,9741518.503388269
Remigen,CH,1684402,4110,1904,19,0.999994087175798,7.654286695158764e-05,0.016,0.000591284394471292,7869476.514920027,7869482.538442966
Vorderthal,CH,1683119,1348,505,5,0.9999975929882238,1.2342598314923889e-05,0.016,0.00024070148228707644,27970276.9647886,27970280.417047534
Maschwanden,CH,1682163,8,101,1,0.9999944638588503,4.600725723881357e-05,0.017,0.000553615519990063,4688048.323217618,4688046.166375167
Kölliken,CH,1684344,4276,1910,19,0.9999959723772827,1.0171228864398639e-05,0.015,0.0004027631030899281,8885822.13781335,8885823.041610656
Noville,CH,1685073,5408,2221,22,0.9999809762829455,0.0011030806576421061,0.18,0.0019023793080048062,19946462.650687058,19946242.625115674
Val de Bagnes,CH,1685271,6037,2303,23,0.9999992111535085,4.529914934429876e-06,0.016,7.888468247077936e-05,301905126.6027113,301905140.27875674
Lütisburg,CH,1683904,3393,1727,17,0.9999952225267685,1.4640797381807557e-05,0.018,0.0004777484295648673,14096070.729562568,14096068.665785413
Walchwil,CH,1683150,1710,,9,0.9999975539260709,1.5062594394915333e-05,0.015,0.00024460771053735046,15877861.470055006,15877863.861672878
Lancy,CH,1685502,6628,,25,0.9999933819495762,8.262922514884329e-05,0.015,0.0006618069586021062,4774218.534061027,4774214.589161245
Lostallo,CH,1684104,3821,1847,18,0.9999985401766892,4.574185829232394e-06,0.014,0.00014598243454197699,50863388.384774074,50863386.05818817
Oppens,CH,1685079,5923,2223,22,0.9986324777221463,0.025435361305590164,3.401,0.13682839401219665,3595373.737322027,3594459.2410216527
St. Stephan,CH,1682673,793,248,2,0.9999362514597988,0.00304509671410358,3.217,0.006374960157134618,60895050.02648115,60893195.71331374
Lajoux (JU),CH,1685606,6750,2602,26,0.9999963162097776,5.275025120438786e-05,0.015,0.0003683796035626351,12385895.409873907,12385888.876282964
Balerna,CH,1684621,5242,2106,21,0.9999908571190631,2.1258306486657785e-05,0.016,0.0009142921761731944,2532453.514681441,2532452.976324711
Birrwil,CH,1684275,4132,1905,19,0.9999955421322438,6.384777501154175e-05,0.016,0.0004457879115612653,5530698.97447023,5530702.505698468
Grüningen,CH,1682131,116,105,1,0.9999955617168026,2.9713065560569286e-06,0.015,0.0004438292981886002,8784412.169337135,8784411.90832532
Rickenbach (TG),CH,1684550,4751,2014,20,0.9999877611936183,4.226442611119612e-06,0.015,0.0012238881016426858,1575940.2404039518,1575940.173797742
Studen (BE),CH,1682676,749,243,2,0.9983293958789888,0.029939209379758545,3.092,0.1672251038582121,2727861.3119161422,2728678.0120259062
Lausen,CH,1683666,2828,1303,13,0.9995154977013178,0.03768948173623823,3.621,0.04847110236881058,5568408.537898402,5570507.242217292
Villarsel-sur-Marly,CH,1683421,2230,1004,10,0.9999887252342191,1.9237308468768245e-05,0.014,0.0011274828257874737,1396783.906820043,1396783.6381164142
Wollerau,CH,1683123,1323,503,5,0.9999944992553313,0.00017067626719799675,0.015,0.0005500755106013278,6526908.502650843,6526897.362767047
Erstfeld,CH,1683070,1206,,4,0.9998033077776918,0.014526807555451259,3.254,0.01967258560829671,59080810.86927928,59089393.42497646
Sévaz,CH,1683408,2043,1001,10,0.999992287827583,5.6090848031326334e-05,0.014,0.0007712204319837706,2495587.7082974636,2495589.1080937725
Capriasca,CH,1684648,5226,2105,21,0.9999964660083971,1.2351054219902237e-05,0.757,0.00035339980631370846,36381944.73451357,36381949.228067294
Zollikofen,CH,1682737,361,246,2,0.9999947299253964,3.2414166735694e-05,0.012,0.000527008763453579,5390997.286031179,5390995.53858433
Melchnau,CH,1682553,333,244,2,0.9999955688953462,2.9863635812866226e-05,0.015,0.00044311138095846426,10274764.51395057,10274761.445532314
Vaulruz,CH,1683417,2155,1003,10,0.9995509876903568,0.021178023708032304,3.213,0.04490655816623174,10103142.549253514,10101002.903329177
Luthern,CH,1682890,1135,315,3,0.9998807270647943,0.0021193658922948957,3.493,0.011928131263995842,37761889.697241805,37762690.009852335
Grossaffoltern,CH,1682458,303,243,2,0.9999972536410374,7.6576864353022e-06,0.013,0.0002746362628447848,15080732.553754942,15080731.398919731
Surses,CH,5818092,3543,1841,18,0.9999993287189217,2.4455980407082945e-06,0.016,6.712813088675026e-05,323773711.006184,323773718.9243875
Le Châtelard,CH,1683349,2067,1002,10,0.999995555141213,4.720075960992847e-06,0.016,0.00044448685580824216,7485372.593329459,7485372.240014187
Waldstatt,CH,1683958,3007,1501,15,0.9999946739547807,3.395360572259112e-05,0.016,0.000532605849842002,6747563.92861962,6747561.637578368
Kilchberg (BL),CH,1683661,2851,1304,13,0.9999901101521723,0.00022054268781173165,0.015,0.000988990763815822,1591807.486659892,1591810.9972749078
Buchs (ZH),CH,1682098,83,104,1,0.9999938972899806,8.276678492713764e-05,0.014,0.0006102731166290549,5842736.703707908,5842741.53955323
Montricher,CH,1685063,5492,2227,22,0.9999973708013761,4.0483304296458526e-05,0.015,0.0002629201551608979,26015880.958038386,26015870.425950132
Thalwil,CH,1682216,141,106,1,0.9999955251759969,4.710397997136547e-05,0.015,0.00044748350711326933,5505287.467404904,5505290.06061441
Wilderswil,CH,1682723,594,250,2,0.9997873506870796,0.010104458460727274,3.184,0.02126826698648439,13194426.672596369,13195759.897958633
Fislisbach,CH,1684309,4027,1902,19,0.999993934226358,4.3196017787533136e-05,0.015,0.0006065790728413723,5054668.788472969,5054666.60505734
Hombrechtikon,CH,1682143,153,107,1,0.9999957821625778,3.785287775547348e-05,0.016,0.00042178471170575604,12187559.16379949,12187563.777141362
Lavigny,CH,1685020,5637,2227,22,0.9999944019948006,1.614218518668827e-05,0.014,0.0005598020416524597,4002846.8469713028,4002846.200824352
Buchholterberg,CH,1682396,923,247,2,0.9999958329233235,4.4826936092380005e-06,0.495,0.0004167085264626218,15332187.47195352,15332186.784658533
Wassen,CH,1683121,1220,,4,0.9999145663033324,0.0013118756030831144,3.21,0.00854367858668392,96877775.83449249,96876504.9185865
Däniken,CH,1683497,2572,1108,11,0.9999953466189784,7.928128163984734e-05,0.016,0.000465339369234445,5433211.212386644,5433215.519906128
Neuenhof,CH,1684379,4034,1902,19,0.9999944603089781,8.643225411809039e-06,0.012,0.0005539706125497247,5379371.883884626,5379371.418933389
Wallbach,CH,1684455,4261,1909,19,0.9999955782748156,6.456285147477325e-05,0.014,0.0004421733534255241,4547202.330604478,4547199.394800991
Breil/Brigels,CH,1684050,3981,1850,18,0.9998301721815009,0.003128995659271106,3.556,0.016983958328802062,96581668.51160835,96578646.47539297
Trélex,CH,1685168,5730,2228,22,0.9999948703626227,4.422137008758067e-05,0.013,0.0005129649403679778,5765768.518657673,5765765.968955838
Goumoëns,CH,1868684,5541,2223,22,0.9999957800420706,4.25838745369642e-05,0.015,0.0004219965934672898,10694967.563479386,10694963.009147817
Zeglingen,CH,1683724,2868,1304,13,0.9999956386840819,3.461048720325126e-05,0.015,0.0004361326184501125,7911579.7526134355,7911582.490849733
Treiten,CH,1682689,500,243,2,0.9989208043043543,0.039596506693661035,3.085,0.10795645644625128,4742605.139267865,4740727.2333064405
Corbeyrier,CH,1684918,5404,2221,22,0.9999973085707172,2.292347373217945e-05,0.015,0.0002691432597304682,22002251.259229455,22002246.215549167
Duillier,CH,1684949,5715,2228,22,0.9995199887077222,0.039120867804436736,3.01,0.04802204401863332,4106397.0461130855,4108003.5042730207
Tägerig,CH,1684440,4077,1903,19,0.9999926257174075,3.3294973515210717e-06,0.014,0.0007374309906355527,3290166.743138548,3290166.8526845626
Dättlikon,CH,1682110,215,110,1,0.9999922265939536,9.905181041239138e-05,0.013,0.0007773432407784793,2883730.9124520067,2883728.0560643305
Aarberg,CH,1682355,301,243,2,0.9999955211278678,1.992055039919408e-05,0.012,0.0004478882608422497,7927551.442136964,7927553.021348844
Holderbank (AG),CH,1684329,4199,1907,19,0.9999926188384684,6.354172851281593e-05,0.016,0.0007381186428873624,2330288.029640946,2330286.5489356527
Eptingen,CH,1683645,2885,1305,13,0.9993023881183786,0.0018991620885221584,3.125,0.06978619243970516,11178954.346653,11179166.653115844
Schiers,CH,1684157,3962,1849,18,0.9999984259682281,8.447172873366064e-06,0.016,0.00015740329442485282,61663791.41148032,61663786.20263326
Langendorf,CH,1683539,2550,1107,11,0.9999921036868662,3.1890972679035075e-05,0.015,0.000789634304913349,1952315.876183597,1952315.2535710742
Penthaz,CH,1685097,5496,2223,22,0.9999931899026633,5.152986731493844e-05,0.015,0.0006810122278759563,3835411.402895592,3835413.379277999
Dielsdorf,CH,1682102,86,104,1,0.9999940779668022,1.7177248086139003e-06,0.014,0.0005922050685451337,5865028.429974924,5865028.3292298755
Wolhusen,CH,1682933,1107,316,3,0.9999960022251583,2.1955850390262188e-05,0.014,0.0003997783272818804,14293577.610277584,14293580.7485541
Laupersdorf,CH,1683540,2426,1102,11,0.9995585470295895,0.006553157150054313,3.383,0.04415649000334454,15501698.621333491,15502714.472005075
Schluein,CH,1684159,3582,1850,18,0.9990819930450309,0.0152814399681301,3.125,0.0918498691401192,4786338.537970022,4787069.959420374
Ittigen,CH,1682496,362,246,2,0.9999889453573845,0.0002905989266669441,0.16,0.0011054719780898114,4204894.524894954,4204906.7442733105
Därligen,CH,1682424,575,250,2,0.9996079443392586,0.023785238550695142,3.401,0.03920858948023739,6927616.381293935,6925968.631211767
Wittinsburg,CH,1683723,2867,1304,13,0.9986332883809234,0.034660711941384204,3.145,0.1367409190101962,3204450.380379976,3203339.6950643277
Birsfelden,CH,1683626,2766,1301,13,0.9999939822366769,8.097657575017726e-05,0.007,0.0006017783867310973,2511966.3971099206,2511968.431214293
Bettmeralp,CH,3411183,6205,2309,23,0.9999968341891837,2.147330425575994e-05,0.016,0.0003165816166980418,28790489.128771115,28790495.311040442
Cevio,CH,1684658,5310,2108,21,0.9999986449753233,2.210478855648938e-06,0.016,0.0001355025611626467,151287051.08617526,151287054.43034354
Baltschieder,CH,1685272,6281,2313,23,0.999997081417663,2.9217359777786632e-05,0.194,0.000291858702620618,31219983.28287898,31219992.40453382
Röthenbach im Emmental,CH,1682631,904,245,2,0.9999975000556015,1.0416728728155783e-05,0.015,0.000249994765250975,36793424.83512889,36793428.66780014
Maur,CH,1682164,195,109,1,0.9999959753684328,9.279499226872891e-06,0.016,0.0004024639853538302,14772068.239119869,14772069.609893827
Grimisuat,CH,1685312,6263,2312,23,0.9996900283845656,0.005269175266360462,3.214,0.03100114963440408,4449560.8084904635,4449326.353332881
Füllinsdorf,CH,1683648,2825,1303,13,0.9992340766828739,0.04197532517017995,2.716,0.07660559377782389,4618483.931963857,4616545.308315483
Weiningen (ZH),CH,1682234,251,111,1,0.9997434177546948,0.010076119545526388,3.488,0.02566022383262481,5374279.277601055,5373737.758796333
Wangen bei Olten,CH,1683586,2586,1108,11,0.9999957742724078,2.700599852481444e-07,0.014,0.0004225736514321341,6964784.831201478,6964784.812392381
Lauwil,CH,1683667,2889,1305,13,0.9993862545624392,0.0048686725075906745,2.707,0.061391889189307866,7295481.552203342,7295126.359098714
Schmitten (GR),CH,1684160,3514,1841,18,0.9999966658672427,6.578749551494161e-06,0.015,0.00033341384270214094,11348303.67075766,11348304.417334137
Bregaglia,CH,1684049,3792,1846,18,0.9999991254283852,1.6363365966289921e-06,0.016,8.745720044299887e-05,251423737.72537297,251423741.8395116
Luzern,CH,1682891,1061,311,3,0.99999664158665,1.299916871558841e-05,0.015,0.0003358419206946737,37403482.49827546,37403487.360417254
Corseaux,CH,1684924,5883,2230,22,0.9999968538768788,0.0001381023671681481,0.014,0.0003146125898839193,7634393.281777905,7634382.738500064
Lully (VD),CH,1685036,5639,2227,22,0.998909852435694,0.027167640831705357,3.607,0.10905939347803596,2047407.8250728792,2046851.5926686032
Treycovagnes,CH,1685166,5931,2224,22,0.9990143275146516,0.06384943869584228,3.049,0.09858436716645676,2077700.3284714117,2076373.728473901
Muri bei Bern,CH,1682560,356,246,2,0.9999953700641625,3.2692462886835746e-05,0.014,0.000462994731207749,7627564.163919482,7627566.657558066
Oberried am Brienzersee,CH,1682591,589,250,2,0.9999972968508745,5.955577528178051e-06,0.015,0.00027031526952863187,20121067.893847972,20121066.695522174
Riaz,CH,1683387,2148,1003,10,0.9999946191503946,1.4953569332251224e-05,0.015,0.0005380864485436238,7755166.125571998,7755167.285246141
Brugg,CH,1684281,4095,1904,19,0.999994621031257,7.611051118142425e-06,0.015,0.0005378983003466184,14007470.874621212,14007469.808505444
Hitzkirch,CH,1682865,1030,313,3,0.9999972101839876,3.156400605044208e-05,0.016,0.0002789819463922005,31214786.56367588,31214776.71103876
Heiden,CH,1683892,3032,1503,15,0.9999936734363046,7.4005313913138144e-06,0.016,0.0006326583472098119,7474476.236848144,7474475.683697184
Planken,LI,1155954,7006,,,0.999988294913485,0.00017137921723181683,0.016,0.0011705165050675628,5341180.234465688,5341189.388138564
Fläsch,CH,1684081,3951,1845,18,0.9999951721311466,3.701430390680372e-05,0.016,0.00048278814005818033,19939062.448926076,19939069.829231247
Saules (BE),CH,1682645,707,241,2,0.9991850923304886,0.003122257970049916,3.054,0.08152271151663174,4279702.723961408,4279569.100602015
Ballens,CH,1684841,5423,2227,22,0.9993299972036125,0.029044184600763197,2.883,0.0670129992448566,8447753.82329441,8445300.242079355
Urnäsch,CH,1683952,3006,1501,15,0.9999980657471085,1.3809436257095098e-05,0.016,0.00019342546250847816,48157701.80608926,48157695.155782126
Rüdlingen,CH,1683700,2938,1403,14,0.9999531967088192,0.002050660933331364,0.292,0.004680390658056191,5515210.769962388,5515097.671689738
Entlebuch,CH,1682830,1002,316,3,0.999997738956298,2.1962176088509836e-05,0.017,0.00022610460099961653,56896296.10362758,56896283.60796284
La Punt Chamues-ch,CH,1684096,3785,1846,18,0.9999980437247105,6.517168461200621e-06,0.015,0.00019562771408720365,63275463.87729591,63275459.753527336
Montagny (FR),CH,1683364,2029,1001,10,0.9999966109371763,2.3935925447146942e-05,0.016,0.0003389068971142945,17532667.12999973,17532671.326605864
Rüderswil,CH,1682632,905,245,2,0.9999961683964357,5.725227405773233e-06,0.016,0.00038316110142926974,17207406.555584703,17207407.54074786
St. Margrethen,CH,1683943,3236,1723,17,0.9999942752922463,0.00014697196035990683,0.015,0.0005724728346643064,6868555.984803067,6868566.079654446
Altnau,CH,1684497,4641,2013,20,0.9999950389015417,6.25022347238812e-05,0.014,0.0004961109213557552,6741479.595132198,6741475.381556798
Schafisheim,CH,1684414,4207,1907,19,0.9999951770290854,6.486931698969717e-06,0.014,0.0004822982389307955,6327209.519393468,6327209.108951708
Gordola,CH,1684681,5108,2104,21,0.9999915072109454,0.00019344554158526078,0.385,0.000849281690310169,6946590.644683101,6946577.206813207
Vaz/Obervaz,CH,1684203,3506,1841,18,0.9999975603250102,1.6484634780613483e-05,0.016,0.00024396781674241688,42512119.58381978,42512126.59178743
Sierre,CH,1685375,6248,2311,23,0.9999956575977306,3.083255663417971e-05,0.016,0.00043424123643134713,19128760.428520747,19128766.32640664
Zuchwil,CH,1683592,2534,1106,11,0.9999939413088071,8.772439307533178e-05,0.015,0.0006058712205309898,4626857.128306478,4626861.1871888125
Ederswiler,CH,1685598,6713,2601,26,0.9999942478167443,0.00012187143176132525,0.012,0.0005752203302875951,3309195.0171339693,3309199.0500973165
Jaberg,CH,1682497,868,246,2,0.9999915549153935,1.0618124968433894e-06,0.006,0.0008445120310720524,1309847.7710650233,1309847.7849731506
Ziefen,CH,1683725,2834,1303,13,0.9999966362303438,2.8961297339627206e-06,0.011,0.0003363775362352853,7821983.514857054,7821983.741391844
Vufflens-la-Ville,CH,1685198,5503,2223,22,0.9997061536556052,0.016342916993201343,3.583,0.029391353863676885,5380707.20914901,5381586.573661848
Chavannes-près-Renens,CH,1684893,5627,2229,22,0.9999876451636686,0.00020324836694338345,0.015,0.0012354900098135193,1649309.7521979944,1649306.4000028572
Saint-Aubin (FR),CH,1683394,2041,1001,10,0.9997545098683085,0.004738278746644199,3.002,0.02455260848102384,7887465.927366127,7887839.657487812
Saas-Fee,CH,1685362,6290,2313,23,0.9999984472592613,4.094456971576393e-06,0.015,0.00015527419118816153,40343813.40740804,40343811.755547956
Büsserach,CH,1683492,2614,1110,11,0.9989644068099378,0.011317326073840289,3.553,0.10361883255766045,7550241.79093606,7551096.276418904
Reute (AR),CH,1683924,3035,1503,15,0.9999893681679518,5.6739283765767476e-05,0.015,0.0010631885544608978,4993883.422953388,4993880.589459701
Riehen,CH,1683696,2703,,12,0.9999960846728138,2.3110612101828022e-05,0.015,0.0003915335304132105,10871624.49994474,10871627.012443708
Egliswil,CH,1684299,4195,1907,19,0.999995996170903,2.7770127978181085e-05,0.015,0.00040038376690547384,6287927.037432998,6287928.783598384
Kradolf-Schönenberg,CH,1684536,4501,2015,20,0.9999949673884617,4.7504727786674685e-06,0.015,0.0005032624322193599,10947810.824943379,10947811.345016152
Krauchthal,CH,1682516,414,245,2,0.9999969109276082,2.2774966273292604e-05,0.015,0.00030890775164983013,19435059.57840844,19435064.004736703
Boltigen,CH,1682387,791,248,2,0.9999983835484453,2.1509713832038528e-06,0.016,0.00016164528433860475,77067258.79401441,77067257.13631973
Suhr,CH,1684435,4012,1901,19,0.9999944380477038,9.80566855734576e-05,0.014,0.0005561965035630026,10623524.633031081,10623514.215954935
Founex,CH,1684979,5717,2228,22,0.9999934765984902,0.0001741898383167353,0.014,0.0006523428469029247,8118997.496814575,8119011.639283188
Bussnang,CH,1684511,4921,2015,20,0.9999957249192449,3.009207906359566e-05,0.016,0.0004275089251121585,18880292.30463147,18880286.623158984
Mex (VD),CH,1685047,5489,2223,22,0.9989258268695009,0.02329699282792979,3.583,0.10746251722219341,2827127.776003929,2826469.140248717
Scheuren,CH,1682652,747,242,2,0.9998804194263616,0.00573816148564097,0.299,0.011958429275510423,2107794.5008732993,2107673.5522210537
Affoltern im Emmental,CH,1682361,951,245,2,0.9999958236081372,2.8860879425644606e-05,0.015,0.000417639997911073,11505517.310077433,11505513.989483954
Kernenried,CH,1682506,411,245,2,0.9986753861325947,0.0034806749226860677,2.925,0.13255148178114595,3329921.148519048,3330037.0522494097
Mirchel,CH,1682555,615,246,2,0.999991643773598,5.3191108502957086e-05,0.015,0.000835625909349286,2342613.586985027,2342612.340922892
Romont (FR),CH,1683389,2096,1002,10,0.999994904317468,6.974794548631532e-05,0.016,0.0005095693735406876,10890668.876330756,10890661.280312965
Berneck,CH,1683866,3233,1723,17,0.9993610795973072,0.02818679954092394,3.102,0.0639034503178022,5621118.749728451,5619534.336254507
Muriaux,CH,1685620,6753,2602,26,0.9999953160388166,2.9085592361084436e-05,0.068,0.0004683972833301891,16878439.045587137,16878443.954781115
Ochlenberg,CH,1682598,985,244,2,0.9992489815667611,0.0025403784535291906,3.345,0.07512910105824902,12116782.678612564,12116474.866476135
Forst-Längenbühl,CH,1682442,948,247,2,0.9999937102845667,9.137266079340478e-05,0.015,0.0006289732337232005,4498023.860883521,4498019.750919436
St. Niklaus,CH,1685378,6292,2313,23,0.9999988428209144,4.495931793814574e-06,0.016,0.00011571797327328495,89239620.33226481,89239616.32011235
Eclépens,CH,1684956,5482,2227,22,0.9999945625588225,1.4273899299204717e-05,0.015,0.0005437455574606812,5804457.547147419,5804456.718624994
Buus,CH,1683637,2844,1304,13,0.9993142754456199,0.02634511950359886,3.594,0.06860501025581194,8845083.348142559,8847413.59592082
Uster,CH,1682225,198,109,1,0.9999975435593352,2.8210442884598977e-06,0.015,0.0002456443716047799,28489899.836010877,28489900.63972357
Wettswil am Albis,CH,1682236,14,101,1,0.9999928119969752,0.00011665418168691071,0.016,0.0007188024668474575,3770584.4132430125,3770580.0146986204
Unterägeri,CH,1683149,1709,,9,0.9999976036368949,5.5759529999643456e-05,0.015,0.00023963666434224636,26694113.516692776,26694128.40120501
Auw,CH,1684259,4223,1908,19,0.9999954201310177,4.9516136000611616e-05,0.015,0.0004579880605219428,8560759.392608788,8560763.631566051
Alchenstorf,CH,1682362,402,245,2,0.9994829623412748,0.0008056656950026227,2.933,0.051717344059649215,6568415.163115021,6568468.082582695
Kappelen,CH,1682503,305,243,2,0.9997962207739488,0.0007385809859042814,3.272,0.020379923854067967,10969526.154312398,10969445.135477979
Echallens,CH,1684952,5518,2223,22,0.9999943802796439,8.524143310198369e-05,0.014,0.0005619738544139616,6663787.411492614,6663793.0918005025
Nunningen,CH,1683559,2621,1110,11,0.9995187054240748,0.021527361066802236,3.346,0.04813586085580478,10314584.467495363,10312364.009654505
Birmenstorf (AG),CH,1684272,4024,1902,19,0.9999951157388968,2.410657056363943e-05,0.015,0.0004884273622162145,7797762.581201002,7797764.460974141
Savosa,CH,1684753,5221,2105,21,0.9999842163725311,7.793633332306332e-05,0.013,0.0015783758182672648,745212.6503995283,745213.2311909435
Villeneuve (VD),CH,1685193,5414,2221,22,0.999993954041876,0.0001953553240459192,0.745,0.0006045982306254803,34527185.71095893,34527253.16165446
Saignelégier,CH,1685626,6757,2602,26,0.9999967545270982,2.0603722698363968e-05,0.015,0.0003245478502973597,31674875.970453657,31674882.496657267
Evionnaz,CH,1685302,6213,2310,23,0.9999979542207494,7.895462054743659e-07,0.016,0.0002045781333901145,48078517.66546618,48078517.28586407
Balgach,CH,1683863,3232,1723,17,0.9996197869459069,0.00965640762726284,3.102,0.0380266987867965,6520115.510210776,6519485.901279341
Altendorf,CH,1683056,1341,505,5,0.9999942410083713,0.0002931817114464833,2.384,0.0005758999769090443,24561841.379513375,24561769.368686456
Elgg,CH,1682115,294,110,1,0.9999968634661522,1.6316705255163887e-05,0.017,0.0003136539019822251,24393038.314122178,24393042.294262342
Landquart,CH,1948063,3955,1845,18,0.9999965895941568,3.420984819240456e-05,0.014,0.000341041223930986,18858736.59531813,18858743.04686329
Perroy,CH,1685099,5860,2228,22,0.9997691222808257,0.0068126884083474885,3.537,0.023089650911455466,16223678.664632488,16222573.395956695
Altbüron,CH,1682814,1122,315,3,0.9999948657718086,7.289578285107186e-05,0.015,0.0005134239497557046,6750722.453347461,6750717.532355481
Augst,CH,1683617,2822,1303,13,0.9999864915218618,0.00023360030240423453,0.014,0.001350855360089497,1653584.431374456,1653580.5685962238
Allaman,CH,1684832,5851,2227,22,0.9999971215704485,7.363505927174136e-05,0.013,0.00028784347538621583,11535889.50426834,11535897.998727415
Menznau,CH,1682898,1136,315,3,0.9999968795791649,4.732126541658076e-05,0.016,0.0003120424965812906,30338875.21799558,30338860.861255914
Zürich,CH,1682248,261,112,1,0.999998014760204,4.565927308063886e-05,0.505,0.00019852413106903973,91881188.11826523,91881146.16598263
Wattwil,CH,2727987,3379,1727,17,0.9999977391688918,1.631747801577379e-05,0.016,0.00022608338492307047,51175460.47372989,51175468.824274406
San Vittore,CH,1684152,3835,1847,18,0.9999959992846195,2.3194972722854876e-06,0.014,0.0004000723428087338,22062654.693706863,22062655.205449536
Bonstetten,CH,1682092,3,101,1,0.9999948736879897,2.8892743122825625e-05,0.015,0.0005126325890396415,7430708.28951143,7430710.436446888
Laufen,CH,1683665,2787,1302,13,0.9996139313601334,0.019444269836719423,2.857,0.03861056373917809,11396973.791356804,11394757.733019592
Sagogn,CH,1684148,3581,1850,18,0.9999958828014168,7.868717298671519e-05,0.015,0.00041172054393001656,6917721.597714787,6917716.154355227
Salvan,CH,1685371,6218,2310,23,0.999997981140823,1.4627447767724409e-05,0.015,0.00020188613629360322,53456983.08384345,53456990.903235726
Gipf-Oberfrick,CH,1684317,4165,1906,19,0.999995208852181,4.138387842651347e-05,0.015,0.0004791160286968614,10168346.293400813,10168350.501456881
Wildhaus-Alt St. Johann,CH,1683966,3359,1727,17,0.9999985496551542,1.4715798573528968e-05,0.016,0.0001450346003698083,87528441.1446994,87528454.02520849
Bargen (SH),CH,1683618,2931,1403,14,0.9999954938455675,9.030603818169114e-05,0.016,0.00045061625516277967,8270608.884538468,8270601.415679251
Solothurn,CH,1683577,2601,1109,11,0.999803417882417,0.013400859353891365,2.811,0.019661461488762067,6281592.620431165,6282434.407823414
Häfelfingen,CH,1683658,2847,1304,13,0.9988071952117931,0.002628373468448119,3.424,0.11935009193301084,3972887.369825922,3972782.947508362
Kallern,CH,1684339,4233,1908,19,0.9999906256076294,2.1611017734763066e-07,0.015,0.0009374436300937176,2683906.472849056,2683906.467048861
Fräschels,CH,1683319,2258,1005,10,0.9987786345180677,0.009628529623542117,3.017,0.12220529688205763,3106920.7221919764,3106621.57140986
Grandvillard,CH,1683326,2134,1003,10,0.9999978857792798,2.5760704850855475e-06,0.015,0.00021142229285455398,24320603.899653576,24320603.273137677
Rümlang,CH,1682199,97,104,1,0.9999965295455897,4.955847711587885e-05,0.015,0.00034704612932811175,12413602.128563007,12413608.280555177
Fahrwangen,CH,1684306,4196,1907,19,0.9999918720947297,0.00018475878675459554,0.015,0.000812793079329958,4998310.582309653,4998301.347491663
Au (SG),CH,1683861,3231,1723,17,0.9990277354416776,0.02221924903845744,3.09,0.09728455048647322,4653872.492834567,4654906.548353682
Mönchaltorf,CH,1682168,196,109,1,0.9999933801822372,4.7035418832030463e-07,0.015,0.0006619839659131373,7588563.6009930335,7588563.565299907
Zillis-Reischen,CH,1684211,3712,1851,18,0.9999969972958865,7.905134573425559e-06,0.014,0.0003002708504573182,24475331.695100147,24475329.76029224
Wiler (Lötschen),CH,1685404,6202,2309,23,0.9999966658988901,5.066264081390139e-05,0.016,0.00033341075113796896,14865278.14624765,14865285.677390123
Dällikon,CH,1682108,84,104,1,0.9997127143962625,0.011796445016409467,3.488,0.028734382335345237,4506354.432045068,4506886.021667888
Hochfelden,CH,1682141,59,103,1,0.999552552811582,0.021559252317867334,3.101,0.04475955592394047,6168799.937694006,6170129.884837558
Bois-d'Amont,CH,1683265,2238,1004,10,0.9999959892507525,7.1448515694571724e-06,0.015,0.0004010757434842639,12281325.784508966,12281326.661991464
Ostermundigen,CH,1682603,363,246,2,0.9999954116160754,1.1877928485530561e-05,0.014,0.00045883941786259625,5963233.614064201,5963232.905755577
Bossonnens,CH,1683276,2323,1007,10,0.9999949409619312,9.442303304186417e-06,0.015,0.0005059050626207598,4117714.0072286297,4117713.618421584
Hendschiken,CH,1684325,4198,1907,19,0.9999927849978864,2.475333463002383e-05,0.015,0.0007215027248591506,3516512.7503954256,3516511.879941257
Bogis-Bossey,CH,1684858,5705,2228,22,0.9999890830600783,7.233790895180894e-05,0.015,0.0010917003460060562,2454005.592168584,2454007.367344915
Comano,CH,1684665,5176,2105,21,0.9999499819524371,0.0009517014006014197,0.32,0.005001906047965412,2064684.6187445025,2064664.969112068
Champagne,CH,1684883,5553,2224,22,0.9999940999124775,1.4485945314889188e-05,0.016,0.0005900105354857282,3915070.770445591,3915071.3375806017
Schlieren,CH,1682204,247,111,1,0.9999865649687198,2.4342814808368077e-05,0.176,0.0013435119894926332,6593798.251732036,6593796.646615938
Belmont-sur-Yverdon,CH,1684848,5902,2224,22,0.999444157325968,0.01114274393407832,3.208,0.05560281741872854,6467195.849740442,6467916.472813694
Full-Reuenthal,CH,1684312,4307,1911,19,0.9999944587009306,2.356933297969027e-05,0.016,0.0005541313768786338,4780799.666707856,4780798.539905263
Fahy,CH,1685599,6789,2603,26,0.9999969168344115,3.5490567137657225e-05,0.015,0.0003083170889247575,7783428.478167507,7783431.2405504165
Thunstetten,CH,1682684,342,244,2,0.9995331272074764,0.001464619713384259,3.485,0.04669852228274393,9662243.790346872,9662385.30547418
Malans,CH,1684112,3954,1845,18,0.9999962347552467,2.4257342069379134e-05,0.015,0.0003765251385298867,11399502.367536057,11399499.602319773
Saxeten,CH,1682646,591,250,2,0.9998916745916498,0.006404864559900421,3.401,0.010833474510074086,19382350.4263904,19383591.839683734
Guggisberg,CH,1682462,852,246,2,0.9999980038169578,1.1213390034605597e-05,0.016,0.00019961849225759584,54918606.01944089,54918599.861203395
Saint-Saphorin (Lavaux),CH,1685141,5610,2226,22,0.9999946846264246,0.00013566780517279133,0.013,0.0005315384096601641,5300845.1599278785,5300837.968387594
Brügg,CH,1682394,733,242,2,0.9999940702621882,0.00012730534599413284,0.016,0.0005929759166802151,5002951.170264307,5002957.539288605
Lupsingen,CH,1683672,2830,1303,13,0.9999941824737139,1.7068214525610128e-06,0.013,0.0005817543159623183,3113293.9076689263,3113293.854530558
Massagno,CH,1684709,5196,2105,21,0.9999844488636966,0.00030790287647913583,0.015,0.0015551233282196362,739442.7516264739,739440.4748609717
Niederlenz,CH,1684380,4204,1907,19,0.9999929023007108,0.00024018493537270535,0.015,0.0007097733001686446,3312139.647543669,3312147.602804141
Romanel-sur-Lausanne,CH,1685125,5592,2225,22,0.9995252911458233,0.00031088187442176985,2.279,0.04748208171081987,2880830.829921417,2880821.873940534
Grub (AR),CH,1683891,3031,1503,15,0.9999910201324277,4.686324226863162e-05,0.016,0.0008979905791514119,4211808.623997866,4211806.650207787
Oberiberg,CH,1683094,1368,506,5,0.9999320896599242,0.006460975345990464,2.827,0.006791483997227291,33170519.915437035,33172663.05455091
Diessbach bei Büren,CH,1682421,385,243,2,0.9999955602511001,4.149067908380199e-06,0.014,0.0004439758846469637,6330474.470999709,6330474.733655394
Kilchberg (ZH),CH,1682152,135,106,1,0.999985222940499,0.000760278696331004,0.505,0.0014777224852868408,2580442.382045494,2580462.0005991957
Neuenegg,CH,1682572,670,246,2,0.999997234619375,1.0237010707136008e-05,0.016,0.00027653843059581644,21827989.57857729,21827987.34404366
Botterens,CH,1683277,2123,1003,10,0.9999938378642769,0.00010113203587996024,0.013,0.0006162151593155433,4533288.672804263,4533284.088197136
Regensdorf,CH,1682192,96,104,1,0.9999966193829424,3.254103074634929e-05,0.015,0.00033806233221639527,14621083.475144403,14621088.232995672
Münchenbuchsee,CH,1682567,546,246,2,0.9999940786896347,0.00013191996611265394,0.16,0.0005921323990633321,11667619.740457831,11667604.348537823
Eich,CH,1682828,1084,314,3,0.9999959080163993,0.00010552324356299391,0.015,0.00040919898138967937,9218390.778747795,9218381.051202841
Interlaken,CH,1682493,581,250,2,0.9999910488776136,3.150254556322648e-05,0.012,0.0008951161036891893,4274162.086231703,4274160.739761844
Villars-le-Comte,CH,1685187,5690,2222,22,0.9992872249624473,0.019598565745901173,3.378,0.07130990239875867,4195805.261685911,4196627.579338692
Guttannen,CH,1682465,782,250,2,0.9999990344240088,5.170260907585416e-07,0.017,9.655764575512954e-05,200847348.4649393,200847347.4265061
Mattstetten,CH,1682548,543,246,2,0.9999917430245193,3.821715634144422e-05,0.015,0.0008257007990869092,3785381.32690203,3785379.88023693
Flurlingen,CH,1682124,29,102,1,0.9999916298281155,1.9044733346051045e-07,0.014,0.0008370206907509336,2413875.9407420787,2413875.9361449163
Pfeffingen,CH,1683689,2772,1301,13,0.9999941866089809,0.00010288028449161363,0.015,0.0005813404928039227,4887253.693724584,4887248.66570408
Valbroye,CH,1868689,5831,2222,22,0.9999957576248549,3.0409388567793354e-07,0.016,0.00042423841504049027,33547239.503807727,33547239.60582283
Münchenwiler,CH,1682568,669,246,2,0.9994132762696164,0.004517897217985674,2.592,0.05868826455839104,2478460.1315560658,2478348.1572747333
Muolen,CH,1683908,3202,1721,17,0.9997348317042317,0.009263807798841752,2.612,0.02651911735723005,10326023.321002902,10325066.738049181
Aarau,CH,1684251,4001,1901,19,0.9999956579543596,4.550576688570012e-05,0.016,0.00043420540800683986,12338138.14333093,12338132.528766548
Yvorne,CH,1685208,5415,2221,22,0.9999959011913064,6.375970575399776e-05,0.013,0.0004098818399419982,12201138.541276421,12201146.320686454
Bettingen,CH,1683623,2702,,12,0.998261333270237,0.06994350088822489,3.13,0.1739570954644725,2227025.5134569677,2225467.853847182
Brig-Glis,CH,1685283,6002,2301,23,0.9998903445284374,0.002940561975859707,3.382,0.010966309638702548,37666174.02777894,37667281.62497016
Gruyères,CH,1683332,2135,1003,10,0.9999964614072415,2.4301666645594304e-05,0.015,0.0003538598591779695,28439272.186802804,28439265.27558568
Domat/Ems,CH,1684071,3722,1844,18,0.9999974014392072,2.2434673367231727e-05,0.014,0.0002598564459344901,24217491.17453932,24217496.607654363
Monteceneri,CH,1684720,5238,2105,21,0.9999960412146798,4.6737558568891556e-05,0.037,0.0003958792232189486,36080025.03492713,36080008.1720043
Menziken,CH,1684363,4139,1905,19,0.9999953015037663,6.90877907130392e-06,0.014,0.00046985071089122627,7323755.8876899015,7323755.3817077875
Flühli,CH,1682836,1004,316,3,0.9999988941410614,1.7600270531674063e-05,0.015,0.00011058594501718682,108172197.17074941,108172178.13215007
Obergerlafingen,CH,1683562,2528,1106,11,0.999988992781312,2.8070280604829663e-05,0.007,0.001100728081251078,1512249.5905682624,1512250.015060966
Meiringen,CH,1682552,785,250,2,0.999655647418258,0.009932537890534308,3.131,0.03443947768832297,40627863.34854507,40623827.97062386
Tägerwilen,CH,1684564,4696,2013,20,0.9999966665306942,4.5115089978383105e-06,0.015,0.0003333474938925577,11560153.95582369,11560154.477361076
Rümlingen,CH,1683701,2859,1304,13,0.9981146436601475,0.018096497285047735,3.351,0.18873060537994477,2279704.634110015,2280117.1807972337
Lema,CH,18953122,5395,2105,21,0.9999969025271432,2.281858632747908e-06,0.014,0.00030974776882867664,18568965.226471625,18568965.65018916
Zernez,CH,4447274,3746,1843,18,0.9999992792744059,1.9108841729282583e-06,0.018,7.207258594295812e-05,344036788.59001535,344036795.1641599
La Chaux (Cossonay),CH,1685010,5474,2227,22,0.9997792665684063,0.013278609794120839,2.371,0.022074313912234397,6737503.938204179,6736609.291346361
Ecublens (VD),CH,1684958,5635,2229,22,0.9999932317865863,3.247133546425951e-06,0.016,0.0006768236210160095,5722788.800782564,5722788.614955969
Kandersteg,CH,1682502,565,249,2,0.9999989282553291,2.779714480700375e-07,0.016,0.00010717452464104919,134306178.16159496,134306178.5349278
Montagny-près-Yverdon,CH,1685056,5922,2224,22,0.998887918854251,0.006083182973987138,3.461,0.11127336957952844,3518423.9318399313,3518637.9640055057
Niederhasli,CH,1682172,90,104,1,0.999995714054818,2.0932843626570923e-05,0.015,0.0004285954815461119,11303016.195322124,11303018.56136483
Gelterkinden,CH,1683649,2846,1304,13,0.9999970680662847,1.9815089997506466e-05,0.013,0.000293193772307705,9782464.3969524,9782462.458548276
Morcote,CH,1684723,5203,2105,21,0.9996953124562347,0.0012988817966190763,2.793,0.030473198901840116,5269960.960792745,5269892.510229137
Brünisried,CH,1683279,2292,1006,10,0.9999935440109072,2.081318239773972e-06,0.013,0.0006456009999787162,3247420.778553536,3247420.846142697
Perly-Certoux,CH,1685521,6632,,25,0.9999935621971188,0.00022681440456530057,0.012,0.0006437816303630018,2536593.9875002843,2536588.2341397353
Villorsonnens,CH,1683424,2114,1002,10,0.9999964518167297,1.787997301614603e-05,0.016,0.00035481898819132875,15472553.965065865,15472556.731554339
Eglisau,CH,1682114,55,103,1,0.9999934775784639,1.075607631881614e-06,0.015,0.0006522442774307266,9062641.904145153,9062641.806666685
Brot-Plamboz,CH,1685457,6433,,24,0.999996737970704,3.546316388787937e-05,0.015,0.00032620340378370537,16089547.367988,16089541.662125448
Gibloux,CH,5817663,2236,1004,10,0.9999977672779501,1.4729205007009951e-05,0.016,0.00022327243784141723,36269175.51422034,36269170.172059126
Täuffelen,CH,1682696,751,243,2,0.9992306474270027,0.0002481644439522555,2.991,0.0769649593573696,4401219.923338566,4401230.845601516
Kirchberg (BE),CH,1682509,412,245,2,0.9999948257869482,5.68345936209663e-05,0.015,0.000517422496825445,9054909.624931598,9054904.47861051
Böckten,CH,1683638,2842,1304,13,0.9997557019143458,0.01614917789960973,0.655,0.02443476585531632,2282340.7040620646,2282709.283322639
Tartegnin,CH,1685162,5862,2228,22,0.9999879068342997,0.00023688848198730539,0.014,0.0012093224499158473,1085590.678405624,1085588.1067663454
Les Verrières,CH,1685513,6511,,24,0.9999977945738705,2.828093717585337e-05,0.015,0.0002205428249498622,28868125.74241593,28868117.578239426
Gurmels,CH,1683333,2262,1005,10,0.9999954109039514,2.016972518778877e-05,0.014,0.0004589107040002653,20164100.024281316,20164104.091324877
Neunforn,CH,1684547,4601,2012,20,0.9999957233514404,5.333181873634708e-05,0.015,0.0004276658844507833,11358242.660397206,11358248.717954593
Untersiggenthal,CH,1684449,4044,1902,19,0.9999962243187654,3.586702979254593e-05,0.015,0.00037756876847273526,8277609.220707412,8277606.251774847
Val-de-Charmey,CH,3411331,2163,1003,10,0.9999355150273265,0.0015057944541803394,2.969,0.0064486566376929354,111622508.0265225,111620827.22098702
Cuarnens,CH,1684934,5479,2227,22,0.9999953281819742,6.205673636854141e-05,0.015,0.0004671827487838748,7134362.340736906,7134357.913384477
Courgevaux,CH,1683301,2250,1005,10,0.9996087588261239,0.006086030349237191,2.805,0.03913058158204747,3383744.3921929053,3383538.456482256
Obfelden,CH,1682181,10,101,1,0.9999952066026501,4.684630566956027e-05,0.015,0.00047934099615875924,7543843.330871698,7543846.864883604
Gurtnellen,CH,1683078,1209,,4,0.9999740196880997,0.0017651180632419193,1.452,0.002598042009494856,83308247.96310791,83306777.47417495
Dorf,CH,1682106,26,102,1,0.9999944860922809,1.2817199579240247e-05,0.016,0.000551392327255185,5557134.816464503,5557135.528733564
Luzein,CH,5817241,3891,1849,18,0.999998371359754,1.1746336088482061e-05,0.016,0.00016286414796784818,83885077.13865618,83885067.2852331
Uzwil,CH,1683954,3408,1728,17,0.9999961374231069,2.621013541516132e-05,0.015,0.00038625838437466274,14495113.221291319,14495109.422102515
Concise,CH,1684915,5554,2224,22,0.9999774619901328,0.0019477213266998602,0.215,0.002253848334213941,21540552.670779243,21540972.2207175
Merzligen,CH,1682554,741,243,2,0.9999916657632003,0.00019877614119288636,0.011,0.0008334263246187517,2298497.5359471682,2298492.967082461
Châtillon (FR),CH,1683292,2008,1001,10,0.9999832448474452,0.000745060379817232,0.114,0.0016755230504788656,1276203.7973460567,1276194.288857197
Därstetten,CH,1682425,761,249,2,0.9999973400489699,6.404229297212796e-06,0.015,0.0002659954483482172,32839878.465256073,32839876.362114955
Beggingen,CH,1683620,2951,1404,14,0.9999972466760324,5.17788068960321e-06,0.014,0.00027533278296941374,12583868.411398772,12583869.062976465
Sufers,CH,1684178,3695,1851,18,0.9999976335969059,4.194297032914311e-05,0.016,0.0002366406390982901,34618846.53131862,34618861.05149115
Frauenfeld,CH,1684522,4566,2012,20,0.9999964887666022,7.321215445224437e-05,0.017,0.00035112382774753664,27355381.30200109,27355361.27453708
Autigny,CH,1683269,2173,1004,10,0.999994050437927,2.5205214593026994e-06,0.015,0.0005949579694616573,6219742.312435983,6219742.155666043
Büttenhardt,CH,1683639,2914,1402,14,0.9999936747878972,0.00011305874248151594,0.013,0.0006325228531185942,3996414.319728544,3996409.8014327697
Le Chenit,CH,1685021,5872,2224,22,0.999998795051144,1.5575155606083864e-05,0.046,0.00012049496766786725,100229466.75461955,100229482.36551496
Grono,CH,1684085,3832,1847,18,0.9999968965848116,2.4302246708899697e-05,0.016,0.0003103419629813822,37121718.59270078,37121709.571289144
Tenero-Contra,CH,1684763,5131,2104,21,0.9999920802743144,9.606271691713678e-05,0.013,0.0007919760849916331,5368602.091477007,5368607.248702036
Untereggen,CH,1683951,3219,1722,17,0.999995205786614,7.906526363557821e-05,0.015,0.00047942229828989465,7135284.515176072,7135278.873644559
Trey,CH,1685165,5827,2222,22,0.9997662494279285,0.00167385844108741,2.689,0.023377593837504592,3791924.260575063,3791860.789130748
Gingins,CH,1684986,5719,2228,22,0.9999947597053981,2.5299060413118918e-05,0.016,0.0005240308995792162,12562192.912660379,12562196.090777153
Grächen,CH,1685313,6285,2313,23,0.9999846527213249,0.0013282387140800358,0.66,0.001534749837064511,14272270.9153316,14272460.485159276
Allschwil,CH,1683612,2762,1301,13,0.9999966536686611,2.2065103131023313e-05,0.015,0.000334633730773615,8895226.689768849,8895228.652509792
Saicourt,CH,1682643,706,241,2,0.9996161795077496,0.0243270764809172,3.29,0.03838474703588683,13766654.715469161,13763305.690847665
Crissier,CH,1684931,5583,2229,22,0.9999919322880396,1.5387823865197435e-05,0.015,0.0008067745123988197,5496124.166427495,5496125.012161401
Gerlafingen,CH,1683508,2519,1106,11,0.9990850936114767,0.007654117101816953,2.707,0.09153601369467383,1855435.9535989868,1855577.9708396245
St. Silvester,CH,1683403,2303,1006,10,0.9997716622721149,0.007766518407372978,3.0,0.022837266787807457,7040180.1760730315,7040726.952962318
Biel/Bienne,CH,1682380,371,242,2,0.999996599005145,9.975342339207035e-06,0.016,0.0003401000809647595,21211260.41914751,21211262.53504335
Schüpfen,CH,1682659,311,243,2,0.9998024965352866,0.002413184008149284,2.794,0.01975205871508628,19840211.412324887,19839732.6315159
La Roche,CH,1683345,2149,1003,10,0.9997895389383963,0.0006882839769759688,2.966,0.02104839352241692,24124244.75565843,24124410.79896965
Varen,CH,1685391,6116,2306,23,0.9998383936516326,0.014627228104739206,2.705,0.01616075875076471,12921511.234014584,12919621.175091805
Seedorf (BE),CH,1682661,312,243,2,0.9999963632754758,4.4014375347830625e-05,0.016,0.00036367319369400415,20869518.604339533,20869527.789927784
Les Clées,CH,1685025,5750,2224,22,0.9999940061494633,0.00013851564904372095,0.655,0.0005993864349016944,7038664.597172452,7038654.847520501
Muhen,CH,1684368,4009,1901,19,0.9999958578793401,3.4714634249788732e-06,0.015,0.0004142129310336778,7025057.498755347,7025057.742627649
Dübendorf,CH,1682111,191,109,1,0.9999961744579782,7.739114630674387e-06,0.016,0.0003825549189511793,13621273.021373032,13621271.967207098
Massonnens,CH,1683360,2086,1002,10,0.9999925859178357,3.465719089751849e-05,0.053,0.000741411093478348,4291986.615282506,4291988.1027645
Vugelles-La Mothe,CH,1685200,5937,2224,22,0.9990047756889661,0.06674627942681016,3.61,0.09960520962641428,3066085.423416181,3068131.921360359
Montanaire,CH,2759363,5693,2223,22,0.9999964804643621,7.5960050979701585e-06,0.016,0.00035195416982771593,33498875.454277493,33498872.909701206
Ilanz/Glion,CH,3411942,3619,1850,18,0.9997968752305039,0.00512146105020708,3.559,0.020314019942389558,133483237.63295157,133476401.34092765
Wikon,CH,1682931,1147,315,3,0.9999963382258331,7.085133958812198e-05,0.015,0.0003661779572450718,8281181.424874874,8281175.557546901
Bargen (BE),CH,1682371,302,243,2,0.9994199293846809,0.0051952659888961075,3.231,0.05802539775648366,7857992.6789728915,7858400.922593952
Dinhard,CH,1682105,216,110,1,0.9999947116341502,4.725626601529335e-05,0.017,0.000528837858318408,7070246.673839307,7070243.332704731
Thônex,CH,1685534,6640,,25,0.9999916698384336,6.687750961735146e-08,0.015,0.000833019626411778,3820313.8262380036,3820313.8287929343
Bellmund,CH,1682373,732,242,2,0.9995603085114291,0.014953307722926905,3.387,0.04398210555672354,3795654.2914670175,3796221.867333319
Rebévelier,CH,1682614,715,241,2,0.9993233205480742,0.016223183179495223,2.824,0.06769633850054721,3548481.2047245,3549056.8813304324
Cadenazzo,CH,1684641,5003,2101,21,0.999994387195822,0.0003083434692967361,0.015,0.0005612811278356778,8381666.493492066,8381640.649170815
Châtillon (JU),CH,1685582,6704,2601,26,0.9999844989622303,0.0010224488626987003,0.961,0.0015501078666684133,5306191.599368643,5306137.346272983
Rodersdorf,CH,1683570,2479,1104,11,0.9999953042119996,5.1447925968504114e-05,0.016,0.0004695797817237073,5353218.912594445,5353216.158474342
Vulliens,CH,1685203,5803,2222,22,0.9999950900813348,8.56289700257126e-05,0.015,0.0004909928615187243,6634217.779909952,6634212.099097597
Biberstein,CH,1684271,4002,1901,19,0.999994959919674,5.397161300249356e-05,0.014,0.0005040091666495056,4101888.6642329544,4101886.4503774787
Val-d'Illiez,CH,1685390,6157,2308,23,0.9999977574200211,2.267762260091022e-06,0.016,0.00022425824688994116,39265025.91362082,39265025.02318338
Pfyn,CH,1684548,4841,2012,20,0.999424027699647,0.04092930733638988,3.321,0.05760203154877187,13139728.144518875,13134350.144803438
Bottmingen,CH,1683629,2767,1301,13,0.9999938000556466,2.2657137787311166e-05,0.013,0.0006199964273431909,2994793.992599489,2994794.6711340905
Staatswald Galm,CH,1683405,2391,,,,,,,,
Comunanza Cadenazzo/Monteceneri,CH,1684666,5391,,,,,,,,
Comunanza Capriasca/Lugano,CH,1684667,5394,,,,,,,,
Thunersee,CH,1682683,9073,,,,,,,,
Brienzersee,CH,1682392,9089,,,,,,,,
Bielersee (BE),CH,1682381,9149,,,,,,,,
Bielersee (NE),CH,1685453,9150,,,,,,,,
Lac de Neuchâtel (BE),CH,18625441,9152,,,,,,,,
Lac de Neuchâtel (NE),CH,1685500,9155,,,,,,,,
