name,relation,bfs_nummer,bezirksnummer,kantonsnummer,iou,area_diff_pct,hausdorff_distance,symmetric_diff_pct,swisstopo_area,osm_area,geom_type
Adliswil,1682077,131,106,1,0.9990168020443336,0.024717875184347742,3.767,0.09835599599163818,7768065.370789585,7766145.270086994,MultiPolygon
Rheinwald,9173036,3714,1851,18,0.9993355308373875,0.006668539215770971,62.012,0.06646678330557013,136810626.26585636,136801502.99559247,MultiPolygon
Grens,1684998,5722,2228,22,0.9945938061415479,0.28218328883266036,67.254,0.5413198571071873,2559718.954601545,2552495.8554705773,MultiPolygon
Val Terbi,2758687,6730,2601,26,0.9979266914389417,0.011621856047473336,59.182,0.2075339492155346,46687399.64717521,46681973.704795904,MultiPolygon
Windisch,1684461,4123,1904,19,0.9962353458851371,0.023403120656331038,7.458,0.37713124350284416,4906775.814463526,4905627.475799331,MultiPolygon
Pleigne,1685621,6719,2601,26,0.9964848154567886,0.04627433693047671,28.549,0.35205589362190487,17840527.889158078,17832272.303172473,MultiPolygon
Risch,1683147,1707,,9,0.9990095554146378,0.01568947618927588,11.776,0.09908575823419309,22967071.472768426,22963468.059558332,MultiPolygon
Zeihen,1684470,4183,1906,19,0.9957142043919713,0.019580311101980843,15.612,0.4294578865590546,6875403.28565953,6874057.060306682,MultiPolygon
Vucherens,1685197,5692,2222,22,0.9976625141227146,0.04089510061760773,5.703,0.23397424761825797,3276336.9538380806,3274997.0925442367,MultiPolygon
Roche (VD),1685121,5413,2221,22,0.9988268125516707,0.01633574489899726,17.873,0.11739719173426369,6447636.674207325,6448689.943686438,MultiPolygon
Schönenwerd,1683574,2583,1108,11,0.9980695503628283,0.01576983394124164,5.904,0.19324671167444352,3712533.9929903927,3713119.4534360995,MultiPolygon
Corcelles-près-Payerne,1684921,5816,2222,22,0.9980447861492853,0.06002421033389738,46.983,0.19577145268305784,12115641.73945062,12122914.05773161,MultiPolygon
Reinach (AG),1684398,4141,1905,19,0.9955532770944073,0.03327427279261139,21.439,0.445589015263836,9475059.763963653,9471907.006730529,MultiPolygon
Missy,1685049,5821,2222,22,0.9992151832415519,0.004973623206702514,3.052,0.07851443725923762,3113589.3004204566,3113744.1586204637,MultiPolygon
Düdingen,1683310,2293,1006,10,0.9997417116752326,0.002269683688719243,8.936,0.025831875396248323,30763230.16611676,30762531.938099556,MultiPolygon
Montpreveyres,1685061,5792,2226,22,0.9971935987221163,0.02182287504920096,5.541,0.2810038106428308,4123637.305630929,4122737.4094142388,MultiPolygon
Schattdorf,1683102,1213,,4,0.9986929641688421,0.04092573680944419,61.374,0.13076229291455965,16333169.079077043,16326484.609287098,MultiPolygon
Gachnang,1684523,4571,2012,20,0.9987290564709549,0.050519849685587544,3.906,0.12714304478152327,9736115.557591831,9731196.88664692,MultiPolygon
Treytorrens (Payerne),1685167,5828,2222,22,0.9993321338655723,0.035750399926288944,3.214,0.06679698092277987,3073698.9655139744,3072600.105841273,MultiPolygon
Chavannes-des-Bois,1684890,5708,2228,22,0.9976516561947686,0.05420001256224831,3.741,0.23517415554071977,2124289.277579928,2125440.6426352346,MultiPolygon
Horn,1684531,4421,2011,20,0.9980972048178997,0.0091081619778085,8.833,0.1904520483466007,1754364.9954455413,1754205.2050400742,MultiPolygon
Arni (BE),1682366,602,246,2,0.9982839271568924,0.04253973165270024,29.46,0.17179118804613086,10429492.617229909,10433929.295402016,MultiPolygon
Morlon,1683367,2143,1003,10,0.9990353002604404,0.0012779176570453742,7.028,0.09651714539186955,4236409.299949351,4236463.4377718195,MultiPolygon
Saubraz,1685147,5437,2227,22,0.9979986011420212,0.027534367623971944,3.37,0.20036794751451628,3707138.612721019,3708159.349894976,MultiPolygon
Berlingen,1684503,4801,2012,20,0.9976715759189967,0.041681712818700804,7.123,0.2331623849083205,3577561.257811057,3579052.446620451,MultiPolygon
Münsingen,1682570,616,246,2,0.9982942709904703,0.006654291527116407,59.957,0.17072418075571158,15774325.734072614,15775375.403693397,MultiPolygon
Falera,1684074,3572,1850,18,0.9992556310853792,0.008069458909896023,35.921,0.074467610476314,22361420.679639373,22363225.125292785,MultiPolygon
Marsens,1683359,2140,1003,10,0.9985816870016895,0.001447464800049312,18.687,0.14193297900455457,8312386.336375482,8312506.6552417455,MultiPolygon
L'Isle,1685009,5486,2227,22,0.9988373923739426,0.02733740680777574,32.302,0.11631248415774706,16222904.212987322,16218469.291666582,MultiPolygon
Wuppenau,1684572,4791,2015,20,0.998520990523069,0.0032622234502025483,4.711,0.1480128163018393,12119144.53982462,12119539.893399762,MultiPolygon
Wynigen,1682733,424,245,2,0.9987754271223629,0.04286903182281106,35.216,0.12255857684503879,28320191.915642146,28332332.507726744,MultiPolygon
Fisibach,1684308,4306,1911,19,0.994373703170164,0.06920478214848305,11.427,0.5644121414279087,5769405.692854636,5773398.397495639,MultiPolygon
Tentlingen,1683410,2307,1006,10,0.9981241787312837,0.021775633816410015,3.758,0.1877786700817604,3610249.0540108723,3611035.208624734,MultiPolygon
Unterengstringen,1682222,249,111,1,0.9998915547851398,0.0019300379498255356,0.406,0.010845004878667847,3336885.2089399262,3336820.8057890516,MultiPolygon
Wiggiswil,1682722,553,246,2,0.9979163817409618,0.08986868215101852,4.869,0.20848540188527623,1441608.2568306713,1440312.7024884773,MultiPolygon
Crans-Montana,6820012,6253,2311,23,0.99933452877349,0.013045990669134195,28.769,0.06656493030818722,59655520.011339195,59647737.35776489,MultiPolygon
Root,1682912,1065,312,3,0.9984711661069923,0.013571877124626418,3.756,0.1530107278671,9900112.997988045,9901456.629159331,MultiPolygon
Seon,1684425,4209,1907,19,0.9962618228732107,0.02790898712760149,35.116,0.3745699815161966,9620356.128180506,9623041.072133949,MultiPolygon
Kloten,1682154,62,103,1,0.9990051207546629,0.011909992035872353,4.056,0.09953151094905564,19173964.280319445,19171680.662700698,MultiPolygon
Lantsch/Lenz,1684100,3513,1841,18,0.9991352029916127,8.379967829121585e-05,3.744,0.0865171469584897,21808601.962434094,21808620.23797238,MultiPolygon
Brunegg,1684282,4193,1907,19,0.9997485350481422,0.002767699192360038,0.601,0.025150005347926385,1554223.4815695633,1554266.4978003101,MultiPolygon
Sissach,1683708,2861,1304,13,0.9989182456562883,0.005475827398167553,4.125,0.10823693901074978,8896993.186806625,8897480.370797161,MultiPolygon
Ammerswil,1684254,4191,1907,19,0.9929061081971993,0.037917932265571705,15.729,0.7117793302036304,3186607.6698899195,3185399.374152081,MultiPolygon
Le Noirmont,1685608,6754,2602,26,0.9949096709672901,0.007211260112253096,32.474,0.5103133809369698,20388273.9942776,20386803.742807474,MultiPolygon
Crassier,1684929,5714,2228,22,0.9963743218438004,0.121240321824788,5.057,0.3634464747854864,2030300.128586476,2032761.6709963833,MultiPolygon
La Baroche,1685604,6810,2603,26,0.9978993141849316,0.020886494705124766,28.549,0.21026749649886534,31071562.9339074,31065073.17356041,MultiPolygon
Meyrin,1685516,6630,,25,0.9989675742184042,0.05522955779683536,5.103,0.1033244257699139,9937310.729679424,9942799.062452324,MultiPolygon
Veltheim (AG),1684450,4120,1904,19,0.9967619364353825,0.06236581447407413,11.395,0.3242303234244801,5238638.573873467,5235371.454259518,MultiPolygon
Suscévaz,1685158,5930,2224,22,0.999948460270178,0.001963058494425027,0.299,0.005154156391843535,4156739.7678259467,4156821.36705905,MultiPolygon
Endingen,3411173,4305,1911,19,0.9961331310596192,0.0729587075529952,18.849,0.3875773102499031,11913840.932439508,11922533.116803735,MultiPolygon
Morschach,1683091,1366,506,5,0.9989788519184538,0.035708378198547316,15.829,0.10218521304256727,23502309.011295896,23510701.30468304,MultiPolygon
Gränichen,1684319,4006,1901,19,0.9982109326595501,0.03331323080177499,16.593,0.17909674191753222,17233142.83984613,17238883.756494768,MultiPolygon
Cheseaux-sur-Lausanne,1684899,5582,2225,22,0.9969991153346326,0.05707196333560706,14.337,0.3006251704584427,4584763.512573439,4587380.127124359,MultiPolygon
Mont-Tramelan,1682557,437,241,2,0.9968951775944149,0.04334904634243704,5.684,0.31089758590860134,4639706.079371432,4637694.811032932,MultiPolygon
Buckten,1683635,2843,1304,13,0.9984540290050801,0.02578687442944726,3.145,0.154736641551793,1997945.9773439628,1998461.1851643086,MultiPolygon
Nidau,1682573,743,242,2,0.9977496101886131,0.05450342244403482,6.913,0.22523108303264255,1521013.825836523,1520184.821245595,MultiPolygon
Staffelbach,1684430,4284,1910,19,0.9949854489676481,0.019464873324115846,64.147,0.5027644760967982,8933086.366180446,8934825.180125557,MultiPolygon
Grenchen,1683510,2546,1107,11,0.9993505404388061,0.003654311256730543,11.219,0.0649658658070191,26026670.216175076,26025719.120635614,MultiPolygon
Rüttenen,1683572,2555,1107,11,0.9989431463743593,0.007384917400722473,5.331,0.10574514352162506,8765587.692268481,8766235.023679243,MultiPolygon
Magliaso,1684704,5193,2105,21,0.998314303029976,0.057567095086868386,11.108,0.1687604568365925,1755649.058666061,1756659.734829055,MultiPolygon
Eschenbach (SG),2743488,3342,1726,17,0.9993887849082242,0.00018397704512818663,3.752,0.061140250323980946,54891727.67884562,54891828.667024225,MultiPolygon
Winterthur,1682243,230,110,1,0.9997967462287477,0.004283243937531875,12.627,0.02032787827696852,68070608.48568803,68073524.11589924,MultiPolygon
Bercher,1684849,5512,2223,22,0.9973924965107676,0.03839982896472807,9.428,0.26104061723951844,4268816.601758026,4267177.383484133,MultiPolygon
Saint-Martin (FR),1683395,2335,1007,10,0.9986737339119819,0.004262475456230184,3.384,0.13271178778518905,9783759.605935514,9783342.575583614,MultiPolygon
Güttingen,1684525,4656,2013,20,0.9986778243455858,0.001429542631797387,3.775,0.13230408500804944,9546367.2070065,9546230.737617487,MultiPolygon
Benken (SG),1683864,3312,1726,17,0.9990563585492189,0.02424060499619533,3.63,0.09442013167299339,16495443.313216446,16499441.908472374,MultiPolygon
Dully,1684950,5855,2228,22,0.998229460479604,0.046721190297039826,13.229,0.17725222893468962,5754563.734534591,5757252.335207768,MultiPolygon
Forel (Lavaux),1684977,5604,2226,22,0.9991983197264693,0.013264613132470305,9.968,0.08020549392351291,18508235.758285552,18510690.804156534,MultiPolygon
Liedertswil,1683668,2890,1305,13,0.9980241894869836,0.033782025478877785,10.623,0.19774302923909162,1944730.3270051198,1944073.3577105554,MultiPolygon
Terre di Pedemonte,2888313,5396,2104,21,0.9923177335315445,0.2209070139444868,62.116,0.7720406912758734,11591013.873943152,11616619.23657797,MultiPolygon
Laupen,1682527,667,246,2,0.9999935256764496,3.527846787983825e-06,0.014,0.0006474344623243356,4138186.3209970095,4138186.4669858827,MultiPolygon
Echarlens,1683311,2131,1003,10,0.9955681956753156,0.0025827672450807297,86.837,0.44415892202464974,5195261.683478826,5195127.501961769,MultiPolygon
Bedano,1684622,5148,2105,21,0.9959534256880948,0.09683634857548876,15.088,0.4052815043125101,1872834.4345800583,1871020.8500987466,MultiPolygon
Erschwil,1683501,2615,1110,11,0.9987112975335873,0.023631588091301222,3.553,0.12893810102263556,7429920.896554045,7428165.088252262,MultiPolygon
Mézières (FR),1683372,2087,1002,10,0.9981232791621648,0.07693973293962564,20.281,0.18777608823222675,8926625.004439065,8919756.883000128,MultiPolygon
Schaffhausen,1683703,2939,1403,14,0.9968615545713653,0.04012727402849809,28.338,0.31440087649020093,41845845.86024889,41862637.45748678,MultiPolygon
Quarten,1683920,3295,1725,17,0.9995266145066536,0.0009950201442548154,5.513,0.04734999224834648,73210401.47107047,73211129.9293128,MultiPolygon
Hergiswil (NW),1683080,1507,,7,0.9986088978631363,0.05036927680493325,47.307,0.13917198050176993,16993148.979022264,16984589.652775146,MultiPolygon
Frauenkappelen,1682444,663,246,2,0.999395076838739,0.01342074474166893,4.704,0.06050655777557535,9288071.166259628,9286824.63793698,MultiPolygon
Amden,1683858,3311,1726,17,0.99954152435719,0.00048023726862847873,3.75,0.04585818680044329,47618317.26937102,47618545.95027724,MultiPolygon
Gansingen,1684314,4164,1906,19,0.9963332814877867,0.06013556380243928,10.8,0.3672348745851104,8772862.676094988,8767587.065663105,MultiPolygon
Orny,1685084,5493,2227,22,0.9981199475563985,0.014763982697719051,6.25,0.18816824891726538,5549574.910338116,5548755.572058557,MultiPolygon
Künten,1684345,4031,1902,19,0.9972584058110295,0.08707572596714115,9.41,0.2746552787070887,4891175.1577484915,4895434.184025425,MultiPolygon
Leutwil,1684353,4138,1905,19,0.995827327594629,0.02680491087377585,17.015,0.418195661341116,3746032.1095764246,3747036.2301446996,MultiPolygon
Walliswil bei Wangen,1682713,991,244,2,0.9983008646600092,0.03837254867503367,3.001,0.1700906375825929,3071812.6300695003,3072991.3628661796,MultiPolygon
Baulmes,1684843,5745,2224,22,0.9969794174525721,0.0782689520820235,36.418,0.3023967530046774,22501924.998638745,22484312.977744028,MultiPolygon
Sion,2757528,6266,2312,23,0.9992643092555132,0.018210113367295874,32.816,0.07358944547970225,34863829.66818103,34857480.925274275,MultiPolygon
Langrickenbach,1684538,4681,2013,20,0.9982344983939466,0.011223900079726054,4.105,0.17669623143877178,10826300.991587393,10825085.858381767,MultiPolygon
Oensingen,1683565,2407,1101,11,0.9984834909332133,0.04129840990729928,40.158,0.1517973223929945,12105841.676709691,12110841.196828067,MultiPolygon
Titterten,1683716,2894,1305,13,0.9985962635787262,0.045103338452293466,9.66,0.14050391395753112,3711079.5228089946,3712753.343566401,MultiPolygon
Unterlunkhofen,1684448,4079,1903,19,0.9942389226958775,0.10016174046452117,10.491,0.5780613783206622,4487647.534165759,4492142.440041892,MultiPolygon
Rechthalten,1683385,2301,1006,10,0.9967901016651888,0.1447702296632571,60.715,0.3217385563688453,7305729.349988037,7316305.87114659,MultiPolygon
Aeschi (SO),1683474,2511,1106,11,0.9981737919138811,0.03250717903839617,6.349,0.18281742237596718,5476719.0615910385,5478499.38846182,MultiPolygon
Cortaillod,1685476,6408,,24,0.999993202153851,7.312911455601734e-05,0.015,0.0006797866767831027,3697260.0312420833,3697257.3274685596,MultiPolygon
Mumpf,1684369,4255,1909,19,0.9918668003905996,0.4162834073048939,52.782,0.8149411424077548,3136162.5138230193,3123107.189651858,MultiPolygon
Dietwil,1684292,4231,1908,19,0.9960200142000936,0.05409339569112725,11.839,0.39890003369900784,5491952.143803347,5494922.927207662,MultiPolygon
Flumenthal,1683505,2545,1107,11,0.9984778262807925,0.010208659577442308,3.273,0.15234108639642635,3105947.717275366,3106264.792904476,MultiPolygon
Davos,1684068,3851,1849,18,0.9997281089309489,0.0006325988360430701,22.23,0.027192717634451226,284001810.4379151,284000013.8457679,MultiPolygon
Pieterlen,1682605,392,242,2,0.9989915902959742,0.01753987629961414,3.317,0.100882992406175,8354631.304577433,8353165.912581321,MultiPolygon
Küttigen,1684346,4008,1901,19,0.9975451418166231,0.02342791332991954,14.403,0.2457587136298971,11894822.423323378,11892035.714635294,MultiPolygon
Mont-Vully,5817420,2284,1005,10,0.9994985124626286,0.004994719419022466,2.966,0.05016007866950397,24336941.49937409,24335725.937431026,MultiPolygon
Mammern,1684541,4826,2012,20,0.9978957199226081,0.010931434779859086,4.013,0.2106611541743925,5455630.215619006,5456226.594277857,MultiPolygon
Vufflens-le-Château,1685199,5653,2227,22,0.9933513466773588,0.01924433639383003,15.885,0.6670187460043682,2134530.101144495,2134119.324991403,MultiPolygon
Tolochenaz,1685164,5649,2227,22,0.9991783995446972,0.027690568445349197,7.74,0.08218243079971131,5600565.138752958,5599014.310429885,MultiPolygon
Avegno Gordevio,1684620,5324,2108,21,0.9938878359495399,0.15843094048901626,79.957,0.6126043963810182,27332305.65451448,27289002.8256087,MultiPolygon
Braunau,1684510,4723,2014,20,0.9984616534335453,0.004159891772220828,4.928,0.1539562753766785,9170493.235630974,9170874.718224555,MultiPolygon
Champéry,1685287,6151,2308,23,0.9979637409504751,0.11072561474030382,81.435,0.2039462817009468,38845518.49352269,38888530.4326737,MultiPolygon
Acquarossa,1684610,5048,2102,21,0.9969704465560183,0.0788329158160209,45.432,0.3032953548758763,61782519.66719171,61733814.70547345,MultiPolygon
Inwil,1682882,1033,313,3,0.9989448435594748,0.007174111626016033,3.271,0.10556755428980397,10317105.416156316,10316365.255497187,MultiPolygon
Bernex,1685451,6607,,25,0.9983824316922184,0.01164172768756615,5.987,0.161878339769364,12954228.936182452,12952720.840125678,MultiPolygon
Commugny,1684914,5711,2228,22,0.9974536821424179,0.06003820609709838,14.601,0.2548798501371011,6528818.856711662,6524899.070990764,MultiPolygon
Wiesendangen,3411226,298,110,1,0.9991591216239731,0.020198068925106425,12.627,0.08411471066365776,19174516.670451887,19170643.788358733,MultiPolygon
Yvonand,1685207,5939,2224,22,0.9993692921412982,0.025661744875956634,12.894,0.06308258667954031,20826438.966450814,20821094.538816497,MultiPolygon
Benken (ZH),1682088,22,102,1,0.9976042701250588,0.05069188209770756,13.698,0.23992110259888924,5656994.136288582,5659861.773086424,MultiPolygon
Cornaux,1685474,6451,,24,0.9993688574622487,0.033539772315003345,3.807,0.06314476463717295,4727198.484408529,4728783.976017077,MultiPolygon
Hirschthal,1684328,4007,1901,19,0.9959824690964506,0.01467108560774827,10.253,0.40259127256437627,3530060.2313570436,3530578.129515591,MultiPolygon
Essertines-sur-Yverdon,1684966,5520,2223,22,0.9977813983356386,0.024421022183600875,18.774,0.22207942907124933,9754557.249477975,9752175.086888168,MultiPolygon
Rottenschwil,1684407,4238,1908,19,0.9950136376489094,0.23264926496362665,10.491,0.49930104631094885,4493472.539747541,4483018.508912476,MultiPolygon
Boussens,1684865,5473,2223,22,0.9979555226709101,0.0462530530831539,13.0,0.2046096111053978,3156144.8304574704,3154685.0171136577,MultiPolygon
Ramsen,1683692,2963,1405,14,0.9936847337197398,0.049911744217826556,38.961,0.6336851763167534,13495841.202717196,13502577.21245834,MultiPolygon
Rolle,1685122,5861,2228,22,0.9995985452747087,0.00593137714009475,3.532,0.04015234161308526,13508743.002922919,13507941.74842853,MultiPolygon
Mandach,1684358,4105,1904,19,0.9951190575354848,0.05754797419632368,12.812,0.48942912833490526,5540921.474211058,5544110.162271275,MultiPolygon
Altdorf (UR),1683055,1201,,4,0.9988557220359127,0.01818113206140207,3.573,0.1144828944010321,10206103.64358301,10204248.058401247,MultiPolygon
Gampel-Bratsch,1685309,6118,2306,23,0.9979463785473393,0.008796153007544352,43.121,0.20558227133178078,23035414.308126554,23037440.53841502,MultiPolygon
Oulens-sous-Echallens,1685088,5529,2223,22,0.9983251818869202,0.024793666350753356,7.961,0.167642959481263,5867707.511827034,5869162.331649954,MultiPolygon
Kaisten,1684338,4169,1906,19,0.9970494646960615,0.06817142206708442,13.349,0.29538873674828525,18089728.939951472,18077396.914485026,MultiPolygon
Trub,1682691,908,245,2,0.9994887356215029,0.0011595612440326545,4.608,0.051139214257791284,61987137.27765892,61986418.49883876,MultiPolygon
Pohlern,1682607,936,247,2,0.9993956827364663,0.007176975034661535,12.714,0.06045216108055088,9866380.414899455,9867088.522558657,MultiPolygon
Hinwil,1682138,117,105,1,0.998595043383453,0.01094827013327141,35.573,0.14060212251817197,22281571.7403876,22284011.187051676,MultiPolygon
Blatten,1685279,6192,2309,23,0.9993545050031779,0.010755576698242212,25.39,0.06457381205402239,90511427.38150449,90521162.40749718,MultiPolygon
Ringgenberg (BE),1682621,590,250,2,0.9990135239528967,0.025299743678651097,12.543,0.09870877042461504,8880529.281675553,8882776.032821124,MultiPolygon
Dürnten,1682112,113,105,1,0.9984629136092702,0.02837654502696452,31.248,0.1538486870350902,10217914.261902956,10220813.752944302,MultiPolygon
Montilliez,1868687,5540,2223,22,0.998634127423032,0.01878588254889608,12.698,0.13669344016866164,11860795.61517334,11863023.77030697,MultiPolygon
Deitingen,1683493,2516,1106,11,0.998825726464215,0.02511776011034191,3.306,0.11748158377546665,7599334.767613554,7597425.984936643,MultiPolygon
Arlesheim,1683616,2763,1301,13,0.9986670553848003,0.0096620898332387,15.073,0.13338980164418404,6928282.71193,6928952.128829528,MultiPolygon
Eggerberg,1685295,6004,2301,23,0.9995303869723863,0.01396341124942089,2.941,0.046975611640936665,6047180.026961103,6048024.4195772605,MultiPolygon
Siglistorf,1684426,4319,1911,19,0.995734587762309,0.07358854964863355,11.217,0.4272955769104807,5513011.504311459,5508954.559103474,MultiPolygon
Bardonnex,1685449,6605,,25,0.9982752442735309,0.003945543977069081,3.517,0.1726278456293295,4997033.955873444,4997231.116045722,MultiPolygon
Bettlach,1683481,2543,1107,11,0.9993659560391841,0.031046588550154935,3.094,0.06343434861565417,12192793.044167994,12196578.490457188,MultiPolygon
Boécourt,1685577,6702,2601,26,0.9979685925280443,0.055311609416800356,7.995,0.20340352512430715,12347074.202900022,12353903.568357533,MultiPolygon
Le Cerneux-Péquignot,1685503,6434,,24,0.9956428486150805,0.3373378687980315,23.54,0.4359299287572415,15696307.759187244,15643358.169112422,MultiPolygon
Port-Valais,1685352,6154,2308,23,0.9981338752648871,0.04241054330185507,19.346,0.18682636584451714,15070281.678753857,15076673.067090936,MultiPolygon
Chavannes-sur-Moudon,1684894,5665,2222,22,0.9985412449922554,0.009420815196399661,5.335,0.14597510039817108,5148147.244696513,5147662.247258551,MultiPolygon
Oberdiessbach,3411235,619,246,2,0.9990336828391312,0.0180881998639352,31.134,0.09668717079202212,16464047.765450545,16467025.815316053,MultiPolygon
Rain,1682907,1037,313,3,0.998713555247965,0.013029867995719967,4.071,0.12871888897045144,9423561.666638993,9422333.788993334,MultiPolygon
Stadel,1682210,100,104,1,0.9988821167719488,0.018690341617136293,3.987,0.11184038824250768,12885646.164937468,12883237.793649666,MultiPolygon
Abtwil,1684253,4221,1908,19,0.9906290522161536,0.046746484017788026,14.87,0.9417262415329881,4136312.8844301132,4138246.465271559,MultiPolygon
Thayngen,1683713,2920,1402,14,0.9981681604001584,0.002445081939341787,22.155,0.18334965406371453,19924449.941625733,19923962.772498697,MultiPolygon
Serravalle,2569271,5050,2102,21,0.9960635413699858,0.045295857857049315,83.872,0.3943328478371397,96801021.42727794,96757174.57420807,MultiPolygon
Giornico,1684678,5073,2103,21,0.9913959968300979,0.17611255375415227,75.79,0.8633568430118272,25995542.59855818,25949761.18462561,MultiPolygon
Thal,1683948,3237,1722,17,0.9985811435173634,0.025268441922760745,19.415,0.14196843853693705,9685894.030494476,9683446.55598668,MultiPolygon
Ursenbach,1682701,344,244,2,0.9982075680644072,0.0016170319362110114,13.415,0.17940252775946527,9170471.193268493,9170322.903820597,MultiPolygon
Bofflens,1684857,5747,2224,22,0.997435195907522,0.009950574169650783,16.415,0.2567969655650396,4206756.872855468,4206338.276392697,MultiPolygon
Saint-Livres,1685137,5435,2227,22,0.9986765103719272,0.00821150560804559,5.48,0.1324420395613574,8123026.592561031,8123693.615345222,MultiPolygon
Lohn (SH),1683671,2917,1402,14,0.9940351344299305,0.15381512786340246,23.515,0.598730975176932,4866151.003478914,4873635.879866941,MultiPolygon
Auswil,1682368,322,244,2,0.997768071783899,0.01263971575324401,6.053,0.22342805382976777,4623881.439549923,4623296.994079197,MultiPolygon
Ursins,1685169,5932,2224,22,0.9964503843220436,0.13606857867933042,11.583,0.35535075151497375,3361419.447033096,3356845.6113680676,MultiPolygon
Hettlingen,1682137,221,110,1,0.9980433967686786,0.004349198159595316,5.078,0.19585618438139837,5899754.701893052,5900011.293915967,MultiPolygon
Neckertal,1683910,3396,1727,17,0.9995037403940906,0.0036132208514506733,3.728,0.04963917409734856,81840278.76077221,81843235.83078928,MultiPolygon
Trun,1684193,3987,1850,18,0.999568856400941,0.0012975631704981276,3.412,0.043123376371781166,51901749.25356365,51901075.79558049,MultiPolygon
Grosswangen,1682846,1086,314,3,0.9992973478298336,0.001398928951640495,3.193,0.07029040334904449,19704274.943276267,19704550.59208316,MultiPolygon
Härkingen,1683529,2402,1101,11,0.9986358119786053,0.04107553249859471,3.073,0.13653995259805374,5508063.051782785,5510325.518011663,MultiPolygon
Degersheim,1683872,3401,1728,17,0.9984734968583975,0.008586937130182883,4.737,0.15276035474743285,14477338.529598452,14476095.369640792,MultiPolygon
Klosters,5817235,3871,1849,18,0.9997478818223142,0.00436184581121713,8.685,0.025215546267864025,219803697.34176654,219813284.84013194,MultiPolygon
Trogen,1683949,3025,1502,15,0.9954743121436951,0.04436198314704013,26.85,0.45349458886324423,10028370.945964022,10023922.16173505,MultiPolygon
Lützelflüh,1682544,955,245,2,0.9985573391483997,0.0005872984074446456,6.899,0.14436979985315299,26868192.422289487,26868034.62582328,MultiPolygon
Grosshöchstetten,1682459,608,246,2,0.9988726615559367,0.014488761317370613,3.984,0.11278925336809516,6930518.730775049,6929514.584458091,MultiPolygon
Démoret,1684951,5912,2224,22,0.9985057274448157,0.02974706154207893,3.301,0.14951673978992536,4278079.943990108,4276807.34091635,MultiPolygon
Lutzenberg,1683903,3033,1503,15,0.9980012358817953,0.030213198659954407,17.585,0.20010658928432673,2248142.5164359664,2248821.752200616,MultiPolygon
Rorschacherberg,1683928,3216,1722,17,0.9978121964125047,0.0007656785743071594,12.13,0.21902078355467777,7100532.129920002,7100586.497173183,MultiPolygon
Sarmenstorf,1684413,4076,1903,19,0.9968904465965018,0.15090908160151206,10.674,0.3116745546100374,8296568.817767515,8309089.093574845,MultiPolygon
Premier,1685108,5759,2224,22,0.998063877972863,0.022178238895153454,4.378,0.19377832206403453,6120511.779440428,6119154.357716378,MultiPolygon
Isenthal,1683085,1211,,4,0.9995955962322928,0.00018292075242154864,6.425,0.04044859253925144,61670049.03382622,61670161.84114393,MultiPolygon
Kappel am Albis,1682151,6,101,1,0.9982650171013191,0.01373213421331094,7.001,0.1736370059770348,7914777.83167104,7913690.963756509,MultiPolygon
Grandson,1684995,5561,2224,22,0.9993761014588564,0.009780625538632313,3.742,0.0624062706458729,13793224.828992784,13791875.765322559,MultiPolygon
Vully-les-Lacs,1868690,5464,2222,22,0.999506395636218,0.006648409911680013,7.855,0.049374262896268145,34720432.38981899,34722740.74648737,MultiPolygon
Villigen,1684451,4121,1904,19,0.9958688828993701,0.041128959915350066,14.617,0.41405191280648257,11214075.890707897,11218688.123485863,MultiPolygon
Mellikon,1684360,4314,1911,19,0.9920200237756097,0.042544242008651784,18.344,0.8013648095224196,2701786.738671366,2702936.193360024,MultiPolygon
Vevey,1685178,5890,2230,22,0.999399563752256,0.007649632848232247,4.132,0.06005935912398578,8568652.88048636,8567997.410000963,MultiPolygon
Hünenberg,1683143,1703,,9,0.9987301187758434,0.009028800180793281,7.373,0.1270745399538353,18663642.307093117,18665327.410063483,MultiPolygon
Eichberg,1683876,3252,1723,17,0.9983969866572677,0.0033029379483029823,7.08,0.1604325693745553,5437179.666933125,5437359.253603661,MultiPolygon
Alpthal,1683054,1361,506,5,0.9993359914517724,0.003248369224747135,5.163,0.06642182868121069,22876760.879698057,22876017.75803802,MultiPolygon
Arth,1683058,1362,506,5,0.999594248882439,0.0035081916188830524,7.625,0.04058405699556644,48507494.9323589,48509196.668230645,MultiPolygon
Adligenswil,1682811,1051,312,3,0.9990536278932081,0.019834739265270407,3.494,0.09469140285255707,6989363.764936449,6990750.087015525,MultiPolygon
Zwingen,1683727,2793,1302,13,0.9988567989002511,0.023303784039335737,3.311,0.11437216471131022,4607294.643493554,4606220.969499778,MultiPolygon
Altikon,1682082,211,110,1,0.9988075480645302,0.023335427631204563,4.543,0.11930241155489517,7697242.407419468,7695446.2229878865,MultiPolygon
Stetten (AG),1684433,4041,1902,19,0.9946652158748552,0.009696551781311579,9.493,0.5348792807570695,4413021.569184593,4412593.6582630165,MultiPolygon
Diegten,1683640,2884,1305,13,0.9987180515626086,0.02199046091716707,3.417,0.1282629616723994,9638974.10709455,9636854.452260714,MultiPolygon
Leuzigen,1682533,388,243,2,0.9992501775213,0.009491257870340629,3.446,0.07500681038692407,10279894.208387148,10278918.517119031,MultiPolygon
Schwadernau,1682654,748,242,2,0.9990766373519189,0.0010914921967075627,2.565,0.0923794185818454,4146722.710643647,4146767.9717984525,MultiPolygon
Bellwald,1685273,6052,2304,23,0.9995158308996694,0.0074776679889952185,7.532,0.048426823190832274,13885523.867495729,13884485.554122385,MultiPolygon
Valbirse,4449080,717,241,2,0.9994462851936329,0.003460377889088044,7.794,0.05538585658980216,18683759.099661916,18683112.57099318,MultiPolygon
Guttet-Feschel,1685315,6117,2306,23,0.9959481506533768,0.02440739888375887,31.733,0.40595792729182284,11269552.444782386,11266801.840164773,MultiPolygon
Hofstetten bei Brienz,1682482,580,250,2,0.9989132873979806,0.004718380683942626,22.187,0.10873290467266145,8774275.841329401,8774689.845065854,MultiPolygon
Bätterkinden,1682401,533,245,2,0.9985245907472776,0.016823516932193274,9.36,0.14766226719618694,10187605.754886845,10189319.668466004,MultiPolygon
Coppet,1684917,5712,2228,22,0.9984160130874474,0.029200242105175567,11.115,0.15854738614828973,5859115.83154799,5860826.707556025,MultiPolygon
Chiasso,1684659,5250,2106,21,0.9999929442101416,2.5204223019074804e-05,0.118,0.0007055815641452185,5347478.522090476,5347479.869880889,MultiPolygon
Lussery-Villars,1685037,5487,2223,22,0.9973812642102694,0.03270481483003094,5.276,0.26225979616475226,3736914.508269876,3738136.659240162,MultiPolygon
Sommeri,1684558,4446,2011,20,0.9980115437741309,0.006105701029145833,3.546,0.19903744074632654,4215774.249066024,4215516.846494312,MultiPolygon
Bülach,1682100,53,103,1,0.9986113801494462,0.025169564326398094,20.914,0.13897595291711518,16088757.84223347,16092807.31248789,MultiPolygon
Schwanden bei Brienz,1682655,592,250,2,0.9990080673192357,0.0020960557138059843,4.179,0.09924352909946271,7054928.656709637,7055076.53194485,MultiPolygon
Luins,1685035,5858,2228,22,0.9980081597494982,0.016498269994232918,3.809,0.1993990415278309,2666224.646216815,2666664.5271576005,MultiPolygon
Morbio Inferiore,1684722,5257,2106,21,0.9999608142327552,7.653776666848167e-06,0.201,0.003918653352509694,2263493.3198359897,2263493.146593266,MultiPolygon
Berolle,1684850,5424,2227,22,0.998924165284057,0.025186945203157986,3.511,0.10765492954470275,9606063.786184194,9608483.2602062,MultiPolygon
Vuadens,1683425,2160,1003,10,0.9988464670346305,0.002739604502710292,8.347,0.11541828582350248,10445944.431128439,10445658.253564453,MultiPolygon
Melide,1684711,5198,2105,21,0.9966499213322207,0.11849575303262883,17.357,0.3357687777349901,5187812.388506482,5193959.725862163,MultiPolygon
Saint-Barthélemy (VD),1685133,5535,2223,22,0.9982982866138134,0.0053633613958646315,7.961,0.1703116860046997,4123232.0366649725,4123010.892829656,MultiPolygon
Saillon,1685364,6140,2307,23,0.9990851518356209,0.005690821422974436,3.64,0.09152407863679066,13739951.963384386,13739170.047254547,MultiPolygon
Blenio,1684630,5049,2102,21,0.9999988966327484,1.9645483421780186e-06,0.402,0.00011033678478129374,201998779.42913422,201998775.46077055,MultiPolygon
Aubonne,1868681,5422,2227,22,0.9988496823409385,0.0019235624684862075,5.837,0.11509685852659676,14334817.335938165,14334541.596771965,MultiPolygon
Ormont-Dessus,1685083,5411,2221,22,0.9971595853949223,0.16787784220248647,40.514,0.28468419241430626,61606598.173764996,61710022.00143347,MultiPolygon
Bedretto,1684624,5063,2103,21,0.9978872450343955,0.06172725114259631,57.544,0.21156419549078911,75184857.01370826,75231266.55921832,MultiPolygon
Habkern,1682467,579,250,2,0.9999983549305672,1.2524775563828368e-05,0.015,0.00016450708892314884,50958914.28524806,50958920.66773771,MultiPolygon
Raperswilen,1684549,4846,2013,20,0.9978468952012868,0.001164729009448721,3.953,0.21554126744829472,7685267.431502516,7685177.918963288,MultiPolygon
Ehrendingen,1684300,4049,1902,19,0.995594819385355,0.07781249985899377,14.896,0.44131871673446604,7292168.2678440185,7286494.049420885,MultiPolygon
La Neuveville,1682521,723,241,2,0.9969657769801064,0.12162296357986048,40.682,0.3036985309281702,6784140.608228086,6775889.535366934,MultiPolygon
Heiligenschwendi,1682471,927,247,2,0.9987740666430206,0.017814179392878944,3.076,0.12267945361344099,5548707.824894427,5549696.281660341,MultiPolygon
Les Planchettes,1685511,6422,,24,0.9990501043263368,0.018166287642807397,9.319,0.09504333603225915,11730793.174034432,11732924.22366521,MultiPolygon
Etoy,1684968,5636,2227,22,0.9979820839387633,0.02110844024633802,13.788,0.20197409197548333,4917153.881646991,4916115.947158063,MultiPolygon
Montcherand,1685058,5756,2224,22,0.9960222645389493,0.18588441997835486,32.461,0.3981958053683055,3073775.0826910855,3068061.413707186,MultiPolygon
Baden,1684261,4021,1902,19,0.9966359444448313,0.023731043372787523,10.591,0.3370123359013035,14722491.891136391,14725985.692072632,MultiPolygon
Zizers,1684212,3947,1845,18,0.9994435478866803,0.0069257319987095795,2.889,0.05565877013302232,11014551.57474252,11013788.736419594,MultiPolygon
Aarburg,1684252,4271,1910,19,0.9966811314361248,0.06451486724360186,16.808,0.3325457523916996,4413002.53575288,4415849.578480278,MultiPolygon
Reitnau,1684399,4281,1910,19,0.9957879629767916,0.05550167568377681,14.465,0.4222097714717414,8018374.339249458,8022824.67137034,MultiPolygon
Chénens,1683294,2177,1004,10,0.9970174098559081,0.0035355852238549016,17.594,0.29869919043909154,3940597.6180570195,3940458.294869904,MultiPolygon
Freimettigen,1682445,607,246,2,0.998052933875569,0.003250745228648745,3.076,0.19489318269197253,2963419.4587508086,2963323.1255341484,MultiPolygon
Turbenthal,1682219,228,110,1,0.9981083765604957,0.0029126928883146217,47.845,0.18934418275683382,25217843.949020978,25218578.467368267,MultiPolygon
Horrenbach-Buchen,1682484,932,247,2,0.998962959827265,0.004615873757670144,13.128,0.10376021245117127,20395594.90794324,20396536.342856318,MultiPolygon
Wartau,1683961,3276,1724,17,0.9986146338962859,0.08683621917624469,31.494,0.13857244717992637,41751706.56416608,41715450.960744195,MultiPolygon
Beckenried,1683061,1501,,7,0.993826254484613,0.09823043192822328,31.421,0.61959037302635,32956486.864140723,32988860.163535737,MultiPolygon
Gossau (SG),1683889,3443,1721,17,0.9987727439793261,0.006051645832701711,33.817,0.1228046719132054,27506222.799693733,27507887.378879525,MultiPolygon
Bournens,1684864,5472,2223,22,0.9981403414655328,0.0013891411642308097,3.55,0.18613763800619654,3911418.3351804763,3911364.000058277,MultiPolygon
Zuzwil (BE),1682738,557,246,2,0.9980519226786856,0.05728571499976652,5.107,0.19505352030223544,3467142.22762907,3469128.4048442263,MultiPolygon
Waldkirch,1683957,3444,1721,17,0.9989697220287826,0.005666153702436787,26.601,0.10307797775012827,31343072.47655567,31341296.529894084,MultiPolygon
Signau,1682664,907,245,2,0.9990051241692571,0.001564095103249741,10.398,0.09953631817286697,22125299.36083513,22124953.30011125,MultiPolygon
Burgdorf,1682397,404,245,2,0.9987002355372135,0.013810825344516086,11.089,0.13005198934559892,15563873.607479954,15561724.108079184,MultiPolygon
Bullet,1684871,5552,2224,22,0.9999973221452184,8.496297849826096e-06,0.016,0.00026778584796399,16824010.718478292,16824012.147896353,MultiPolygon
Ermatingen,1684517,4646,2013,20,0.9988666661682337,0.0178607527269178,8.134,0.11338751503235799,10478415.544031939,10476544.02014192,MultiPolygon
Thun,1682682,942,247,2,0.9990762616449593,0.014329343833321587,28.825,0.09240989850553823,21565798.89956202,21562708.6620873,MultiPolygon
Linden,1682536,614,246,2,0.9988050309722795,0.02282679914457685,8.184,0.11955469619258209,13233108.995933015,13230088.30072193,MultiPolygon
Embrach,1682118,56,103,1,0.9986730677369159,0.004471339627262687,4.141,0.13277835366675492,12695386.92075692,12694819.266890697,MultiPolygon
Böztal,13622957,4185,1906,19,0.9976359937972353,0.0007923705741024953,34.502,0.23667943952346837,22306020.03938152,22305843.293042473,MultiPolygon
Seehof,1682662,709,241,2,0.9990557087693098,0.014192161286063319,2.85,0.0944804323576487,8421267.867129544,8422463.027047578,MultiPolygon
Laconnex,1685501,6627,,25,0.9982236113573615,0.015195652631257205,2.989,0.17781029104702242,3831242.6089684837,3831824.7912868033,MultiPolygon
Bretigny-sur-Morrens,1684868,5515,2223,22,0.9966917297729967,0.021160050089104536,9.461,0.331410221566856,2867371.4540744186,2867978.1913103415,MultiPolygon
Péry-La Heutte,1682611,450,241,2,0.9987969823152438,0.0006663551248471814,6.621,0.12037377354632776,23783599.71909596,23783441.23586036,MultiPolygon
Mendrisio,2888450,5254,2106,21,0.9960510451048551,0.18677478915387746,95.74,0.3960462565252178,32067969.664685726,32127864.547412872,MultiPolygon
Uesslingen-Buch,1684565,4616,2012,20,0.9989951210819072,0.03680998534709901,3.988,0.10051990218555765,14027783.285944432,14022619.660972353,MultiPolygon
Collombey-Muraz,1685291,6152,2308,23,0.9987903696084154,0.009479692458046378,3.649,0.12103050678586996,29752274.726252664,29749454.302109342,MultiPolygon
Münchwilen (AG),1684378,4172,1906,19,0.9933751606702481,0.06900142999625464,11.756,0.6644563294938961,2460455.9426469766,2458758.1928621223,MultiPolygon
Faido,1684675,5072,2103,21,0.9974548375763453,0.009092852531847773,66.554,0.25482896152108214,132681011.1124203,132668946.62374209,MultiPolygon
Mümliswil-Ramiswil,1683553,2428,1102,11,0.9993901810255551,0.008348612008956409,15.508,0.06100304342228569,35483873.981282145,35486836.39224659,MultiPolygon
Bovernier,1685282,6131,2307,23,0.9983105196933265,0.03331717641534405,32.185,0.16911903666497166,13069420.740947243,13073775.102911968,MultiPolygon
Aigle,1684831,5401,2221,22,0.9988822717751077,0.010687068957756231,7.132,0.11184129919684895,16408612.446694082,16410366.04642127,MultiPolygon
Randa,1685353,6287,2313,23,0.9976088079375773,0.029192098944271508,65.536,0.23937049469799918,54509925.00980941,54494012.4185661,MultiPolygon
Coeuve,1685584,6781,2603,26,0.9981361343098651,0.04401982044918343,11.445,0.18660149258981937,11622427.292019026,11627543.46364481,MultiPolygon
Lengnau (BE),1682531,387,242,2,0.9985845199895795,0.02290536189681982,9.098,0.14166447369833376,7406651.779021482,7408348.299415904,MultiPolygon
La Praz,1685011,5758,2224,22,0.9985129968471841,0.0596119917266826,3.665,0.14876660187471358,5122738.713263475,5119684.946685545,MultiPolygon
Fully,1685308,6133,2307,23,0.9994459241241622,0.004316421396051158,10.081,0.05542174569747599,37805371.88128226,37803740.04212152,MultiPolygon
Echichens,1868683,5634,2227,22,0.9985567344943352,0.027835471674295287,15.885,0.14445087803918805,13269362.994592547,13273056.584370267,MultiPolygon
Steckborn,1684559,4864,2012,20,0.9981724881583607,0.006748018319042089,7.075,0.1829121551870539,8785152.485007148,8784559.661308104,MultiPolygon
Hefenhofen,1684527,4416,2011,20,0.9977262204924648,0.017268162138905665,34.996,0.22765640298184586,6081994.359546723,6083044.6081940085,MultiPolygon
Vuisternens-devant-Romont,1683428,2113,1002,10,0.997906055288095,0.05324999518962466,27.114,0.2096697408860168,24018581.43867328,24031371.33213399,MultiPolygon
Kriegstetten,1683536,2525,1106,11,0.9986043367673907,0.02065751994082099,3.083,0.13967821060291274,5371903.922621545,5373013.624745563,MultiPolygon
Dägerlen,1682107,214,110,1,0.9986458033003102,0.015157843420864457,6.686,0.1355216948356004,7953976.503981599,7955182.1552858045,MultiPolygon
Vaux-sur-Morges,1685177,5650,2227,22,0.993918021379579,0.16298631300976674,12.281,0.6095558753073071,2105680.2951944447,2102248.324517534,MultiPolygon
Vordemwald,1684454,4287,1910,19,0.9925792330520405,0.11164270765476514,18.168,0.7444245581165647,10139851.906469898,10128531.501249332,MultiPolygon
Rapperswil-Jona,1683921,3340,1726,17,0.999501540265959,0.026527372493556575,5.805,0.04985178654471044,31368738.52396129,31360417.22184651,MultiPolygon
Wisen (SO),1683589,2502,1105,11,0.9989981946482048,0.022407593716031658,3.461,0.10024197067458099,4792777.683428752,4793851.629579768,MultiPolygon
Corsier-sur-Vevey,1684925,5884,2230,22,0.9983281919616386,0.006966472808842028,4.509,0.16732649602924282,6743608.0549093,6744077.84653078,MultiPolygon
Holziken,1684330,4136,1905,19,0.9945673072626692,0.11347731213051439,11.221,0.5450580839648399,2860438.8537280033,2863684.802854351,MultiPolygon
Erlinsbach (SO),1683500,2503,1105,11,0.9982941437675913,0.04737095962458551,10.131,0.17077168323404104,8866566.235987458,8870766.413499195,MultiPolygon
La Rippe,1685012,5726,2228,22,0.9993025515219365,0.002793502531717524,6.923,0.0697682035082301,16591832.883674398,16591369.390402734,MultiPolygon
Bönigen,1682403,572,250,2,0.9974493365723657,0.1284145695032175,29.855,0.25555603264945315,15078215.208959756,15097577.83410911,MultiPolygon
Ogens,1685075,5680,2223,22,0.9980415090174984,0.04138767911629097,3.468,0.1960816390091386,3401005.0345655964,3402412.6316160313,MultiPolygon
Cama,1684055,3831,1847,18,0.9975155232843993,0.07500866120655385,65.787,0.24884998118820384,14992760.140969299,15004006.00962895,MultiPolygon
Niederweningen,1682173,91,104,1,0.9976981562238256,0.003897382762728673,15.541,0.23044511636286003,6844619.990465003,6844353.22942532,MultiPolygon
Steinach,1683946,3217,1722,17,0.9987863837395886,0.003949053404209073,3.851,0.12143771174970999,4507101.047881134,4507279.035708496,MultiPolygon
La Côte-aux-Fées,1685497,6504,,24,0.9928651152458899,0.003847616859269494,13.039,0.7160566925518376,12827401.878495673,12827895.427772956,MultiPolygon
Bubikon,1682095,112,105,1,0.9985107616850458,0.054844578903171536,31.248,0.14899393691116453,11612585.156381976,11606216.282953186,MultiPolygon
Teuffenthal (BE),1682680,940,247,2,0.9984127702996413,0.028562157564964153,4.299,0.15887172034486868,4530767.275644461,4532061.360532632,MultiPolygon
Le Vaud,1685024,5731,2228,22,0.9952835001707324,0.04229637823379064,17.276,0.47266489945498424,3108464.6093852865,3107149.8414368373,MultiPolygon
Reinach (BL),1683694,2773,1301,13,0.9982850532054768,0.011969423067194746,15.073,0.17163158550912042,6972776.228597898,6971941.627511568,MultiPolygon
Presinge,1685525,6635,,25,0.9980443413195594,0.008903002361783229,5.183,0.19574857112325433,4707487.097284466,4707067.989597014,MultiPolygon
Olten,1683566,2581,1108,11,0.9988916772528752,0.002736307623503396,7.365,0.11089524492976734,11485847.82118418,11486162.109313736,MultiPolygon
Seedorf (UR),1683105,1214,,4,0.9990873415590003,0.005984374835130802,3.592,0.09130477829316846,25458760.783455525,25457237.235781863,MultiPolygon
Uerkheim,1684442,4286,1910,19,0.9999953478803,5.4399510464987546e-05,0.015,0.0004652129255889707,7092758.593680389,7092754.735254436,MultiPolygon
Flaach,1682123,28,102,1,0.9989561607509847,0.010477359964883111,4.654,0.10443296217425742,10173584.588999858,10172518.665921137,MultiPolygon
Teufen (AR),1683947,3024,1502,15,0.9971910832979338,0.11268897048443054,30.063,0.2811282361400286,15250058.355252938,15232873.221494129,MultiPolygon
Münsterlingen,1684546,4691,2013,20,0.9984527356742029,0.05623234398370394,6.042,0.15480268976959755,5453727.620392453,5450660.86151702,MultiPolygon
Stettlen,1682675,358,246,2,0.9979534031586004,0.04747643553779551,5.105,0.20482069427134095,3502966.667973007,3501303.5842609764,MultiPolygon
Chêne-Pâquier,1684908,5908,2224,22,0.9977302426916866,0.02103977474250756,3.3,0.22725751812902747,2108458.0489170207,2108901.663741053,MultiPolygon
Bürchen,1685284,6193,2309,23,0.9959159307115801,0.11850050099473267,81.784,0.4094850937180124,13455816.71791455,13471761.928138211,MultiPolygon
Château-d'Oex,1684905,5841,2230,22,0.9999988164827025,4.7075280911565535e-06,0.015,0.00011835179693327732,113664408.16745831,113664402.81667437,MultiPolygon
Haute-Sorne,2759181,6729,2601,26,0.9992610135401319,0.010063081907007047,10.547,0.07392224151389137,71045378.45387766,71038229.0992527,MultiPolygon
Herznach-Ueken,15073595,4186,1906,19,0.9969033763708112,0.08646062583981558,9.782,0.3102766359084903,11367765.620817065,11377594.262116827,MultiPolygon
Tannay,1685161,5729,2228,22,0.9977869696627493,0.005382686248594875,6.896,0.22155414276883947,3512783.6327795736,3512972.714901118,MultiPolygon
Wallisellen,1682229,69,103,1,0.998506918066659,0.023748578080728094,7.159,0.14943748382433228,6419052.8544289125,6420577.28820809,MultiPolygon
Vérossaz,1685402,6220,2310,23,0.9988603031686105,0.04658020298230323,13.519,0.11406122440184904,14289575.798284747,14296231.911696898,MultiPolygon
Itingen,1683660,2849,1304,13,0.9981107928028626,0.012831079784517911,4.125,0.18911147537809334,3129350.631128868,3129752.1606050855,MultiPolygon
Engelberg,1683067,1402,,6,0.9995040293160863,0.00019648944250791366,23.068,0.04960941952680083,74866354.47378954,74866501.57827207,MultiPolygon
Oppligen,1682600,622,246,2,0.9988113751606195,0.01603160942595935,2.832,0.11894270084697295,3400991.9048583675,3401537.138597163,MultiPolygon
Chigny,1684904,5628,2227,22,0.9971423562264997,0.09129592285125504,4.401,0.28630390024178687,892271.0029940237,893085.6100405413,MultiPolygon
Champvent,1684885,5905,2224,22,0.9979781482241861,0.028841859645976985,26.721,0.2023605921602068,9032759.045306085,9030153.829620078,MultiPolygon
Soazza,1684171,3823,1847,18,0.9988888607024498,0.0239836630860745,83.511,0.11118902759944456,46416720.45554062,46427852.88539028,MultiPolygon
Nesslau,1683911,3360,1727,17,0.9995937601683691,0.0012498450872987675,12.018,0.040631982459757,92701669.61532621,92700510.98806268,MultiPolygon
Balm bei Günsberg,1683477,2541,1107,11,0.9980262672400891,0.05744148827500555,6.518,0.19751150638284412,5467520.09721387,5464379.472298295,MultiPolygon
Rüegsau,1682635,956,245,2,0.9985667731495345,0.009265260635639223,17.396,0.14341882128921277,15061915.770641316,15060520.244888445,MultiPolygon
Hauenstein-Ifenthal,1683517,2491,1105,11,0.9986942500534906,0.0070657212527816034,3.232,0.1306649155366674,5354773.557399703,5355151.910772987,MultiPolygon
Broc,1683278,2124,1003,10,0.9991416541420053,0.004448320641339601,11.26,0.08587334941524354,10032792.72543842,10033239.016228128,MultiPolygon
Ausserberg,1685269,6191,2309,23,0.9977158698905312,0.09020926466853804,28.088,0.22877731437158264,15094831.455888527,15108448.392347839,MultiPolygon
Niederhelfenschwil,1683913,3423,1728,17,0.9986944357438134,0.007332469621234581,4.523,0.13063691655782206,16371717.989031527,16370517.537783507,MultiPolygon
Buch (SH),1683633,2961,1405,14,0.9898265832990781,0.34102779939142785,38.961,1.0207994703272083,3796852.908033382,3783904.5841149865,MultiPolygon
Diessenhofen,1684513,4545,2012,20,0.9983531632512576,0.05720211354303871,8.872,0.16486653027600948,10084615.681682449,10090384.294995064,MultiPolygon
Avully,1685447,6603,,25,0.9964010417239026,0.06557058685300954,30.145,0.3606628257435456,4618283.3071424365,4621311.542609464,MultiPolygon
Rohrbachgraben,1682625,339,244,2,0.9981031150508367,0.016666729323794247,13.415,0.18985275189622167,6464294.641513943,6463217.255023349,MultiPolygon
Huttwil,1682485,954,244,2,0.999135123557864,0.0037193455035062083,5.444,0.08652667003997794,17235335.87017048,17235976.911860183,MultiPolygon
Hausen am Albis,1682133,4,101,1,0.9987280190238351,0.0007860221745461218,3.739,0.1272795460996111,13602526.893526403,13602633.812404085,MultiPolygon
Staufen,1684431,4210,1907,19,0.9917566863864669,0.23193599669969264,12.071,0.8267831170356381,3577861.822982003,3569563.473502332,MultiPolygon
Känerkinden,1683662,2850,1304,13,0.9967931224790731,0.03451980518651779,2.809,0.32125822036901736,1479374.3225668722,1479884.9997010017,MultiPolygon
Gempen,1683507,2474,1104,11,0.9985037955752917,0.012478910224719074,3.418,0.14974180014319924,5986659.4014960565,5987406.471348229,MultiPolygon
Grandcour,1684993,5817,2222,22,0.9995222091200241,0.0035168080200285363,3.139,0.047789664581038435,10197449.854451723,10197091.229717404,MultiPolygon
Safnern,1682642,746,242,2,0.9990572132084256,0.018077500999795524,10.85,0.0943316680974432,5619266.152128048,5620281.97502288,MultiPolygon
Romainmôtier-Envy,1685123,5761,2224,22,0.9959258385429643,0.05438622520481878,22.615,0.4083587946657664,6976654.923583442,6980449.2628419455,MultiPolygon
Schleinikon,1682203,98,104,1,0.9975342786394745,0.025896516048646505,3.892,0.24684453417639873,5679366.808371435,5677896.0502344435,MultiPolygon
Albula/Alvra,4449887,3542,1841,18,0.9994087419250255,0.0004657450074575619,7.634,0.059143429699916567,93925077.79232915,93925515.24368972,MultiPolygon
Trüllikon,1682218,40,102,1,0.9988072417727856,0.0025662031559270412,7.007,0.11934853012224825,9556225.128605958,9556470.360756796,MultiPolygon
Dorénaz,1685294,6212,2310,23,0.9989877978864896,0.007525608903054741,10.081,0.10126765429922038,12580862.441097073,12579915.654593125,MultiPolygon
Corminboeuf,1683297,2183,1004,10,0.998183724712063,0.07985535176274913,21.847,0.18172003594809827,7234034.875132932,7228258.111136755,MultiPolygon
Gottlieben,1684524,4651,2013,20,0.9963436236341086,0.015007329162380992,6.058,0.36627982882205923,324288.76871149684,324240.1016285397,MultiPolygon
Wittnau,1684463,4181,1906,19,0.9969725850120579,0.01681338597614397,11.331,0.3032259447275997,11246704.151567962,11248595.10334656,MultiPolygon
Rapperswil (BE),5817396,310,243,2,0.9994054137729339,0.007869904731951457,3.463,0.05947396423834775,22581565.533248864,22579788.385554414,MultiPolygon
Wäldi,1684573,4701,2013,20,0.9986587417143611,5.0506892887164305e-05,13.774,0.13421580372192027,12210134.32429393,12210128.157334466,MultiPolygon
Speicher,1683940,3023,1502,15,0.995385653789657,0.06473296642064336,30.063,0.46235199696777324,8178703.58815644,8173409.270709075,MultiPolygon
Andermatt,1683057,1202,,4,0.9991769696220439,0.018663204559903303,52.076,0.08232923733499581,62262578.496094495,62250958.3037055,MultiPolygon
Dardagny,1685479,6620,,25,0.9979366661037627,0.07027340123952441,11.597,0.20661905041436998,8598317.85991702,8604360.19032657,MultiPolygon
Versoix,1685541,6644,,25,0.9990839428314604,0.01816170298899656,10.118,0.09165601650873384,15150183.060972255,15152934.592222078,MultiPolygon
Etagnières,1684967,5521,2223,22,0.998199824054459,0.0012026669837073357,13.0,0.18017868871873002,3780783.284241095,3780737.81400881,MultiPolygon
Hasle bei Burgdorf,1682469,406,245,2,0.9990625421943761,0.001885101392972543,6.899,0.09379062654144706,21885979.99161764,21886392.564531326,MultiPolygon
Paradiso,1684735,5210,2105,21,0.9974769876384253,0.08403553378026177,44.604,0.25251377249692164,2200511.4807230653,2198662.2691543438,MultiPolygon
Rickenbach (ZH),1682195,225,110,1,0.9988272722849254,0.01140533963025632,3.482,0.11734826796948278,6025082.987586671,6025770.16876441,MultiPolygon
Wegenstetten,1684457,4262,1909,19,0.995853312459589,0.04848565628387051,16.403,0.4156310274761033,7119128.328526954,7122580.084618731,MultiPolygon
Jens,1682499,738,243,2,0.9985807197612608,0.014221581197792297,3.387,0.14201871384637185,4582305.966884975,4581654.2905211635,MultiPolygon
Hallwil,1684321,4197,1907,19,0.9921555917054878,0.5159269114349716,35.116,0.7895612204160624,2180091.0224884166,2191338.698767212,MultiPolygon
Bürglen (TG),1684512,4911,2015,20,0.9983448927561415,0.00859341242202349,7.432,0.1656549242279449,11709705.10301301,11710711.366265915,MultiPolygon
Sils im Domleschg,1684168,3640,1851,18,0.9986592641723131,0.002263906482851597,3.586,0.13416200302043044,9282414.210208649,9282204.065031579,MultiPolygon
Merenschwand,1684365,4234,1908,19,0.9965435966734475,0.08154565195580696,31.673,0.3463798742615961,13506159.368691036,13517173.054402426,MultiPolygon
Biberist,1683482,2513,1106,11,0.9989365192378383,0.010526238143865583,3.425,0.10641025607203221,12249163.666073497,12250453.04221162,MultiPolygon
Illgau,1683082,1363,506,5,0.9993549284277211,0.009151441290820076,6.335,0.06453092242678563,10956177.24499007,10957179.893118363,MultiPolygon
Hohenrain,1682874,1032,313,3,0.9970390255889554,0.02276516024026711,21.559,0.29657021303904685,23522997.33232052,23528352.380356535,MultiPolygon
Mesocco,1684118,3822,1847,18,0.9991966709742229,0.006710939569853409,106.712,0.08036248579008412,164771551.00635603,164760493.28713968,MultiPolygon
Ernen,1685300,6056,2304,23,0.9974984452526656,0.0931906472816341,66.297,0.250352048658292,35402724.07425697,35369732.04653684,MultiPolygon
Confignon,1685472,6618,,25,0.9961800568744918,0.144793297971971,8.683,0.38244822670616296,2772048.9884109595,2768035.2472592406,MultiPolygon
Kesswil,1684535,4426,2011,20,0.9981593873175794,0.021120666650421997,3.775,0.18425027241949954,4472400.000208979,4473344.600904296,MultiPolygon
Ormont-Dessous,1685082,5410,2221,22,0.9991989230330873,0.04327317315814886,14.091,0.0801224562479322,64107400.09744465,64079658.7911933,MultiPolygon
Dompierre (VD),1684946,5671,2222,22,0.9995220099138793,0.005400575395202097,2.778,0.047811726088359534,3211444.0606204714,3211617.49707824,MultiPolygon
Brusino Arsizio,1684638,5160,2105,21,0.9999387117021733,0.0053219500285277945,1.101,0.00612918069285648,6193891.71505979,6194221.350881686,MultiPolygon
Grandval,1682456,694,241,2,0.9986097899034129,0.0018261838392114244,6.044,0.1391164408095718,8245697.250296359,8245546.668705744,MultiPolygon
Tavannes,1682679,713,241,2,0.9987813563888563,0.008952229309494502,6.319,0.12193320288506568,14774789.69793257,14773467.024878815,MultiPolygon
Sâles,1683407,2152,1003,10,0.9989574225474216,0.016799053185088883,27.114,0.10432088371555633,18817076.266166452,18820237.356816284,MultiPolygon
Neuheim,1683145,1705,,9,0.9983160797081175,0.014001357033317906,3.781,0.16854572655736574,7926997.386339438,7928107.273545521,MultiPolygon
Oberentfelden,1684384,4010,1901,19,0.9962974661571655,0.06719816967286771,17.018,0.3708154609316336,7159927.80680841,7155116.466372336,MultiPolygon
Stettfurt,1684560,4606,2012,20,0.9980897763950999,0.02106977295948936,4.247,0.1912251258534244,6365540.282722971,6366881.487608186,MultiPolygon
Bosco/Gurin,1684633,5304,2108,21,0.9952397590316526,0.10695289052148581,39.034,0.47741496273266465,22000278.884752724,22023808.818942755,MultiPolygon
Airolo,1684612,5061,2103,21,0.9972458560009787,0.04186830229901071,73.312,0.2757364531843089,94347406.27652639,94307904.61925526,MultiPolygon
Muttenz,1683677,2770,1301,13,0.9974959057222637,0.12472919147170447,29.569,0.2505669826199909,16650839.03060611,16630070.57370998,MultiPolygon
Lignerolle,1685030,5755,2224,22,0.9962681443001009,0.2563653229409681,21.712,0.37340395563424417,10638386.613454359,10611113.479257068,MultiPolygon
Valeyres-sous-Rances,1685171,5763,2224,22,0.9978089097083864,0.07373341790369013,9.251,0.21943020314324485,6343990.06566407,6348667.706370954,MultiPolygon
Oberweningen,1682180,93,104,1,0.9968624031992868,0.04094466753577987,3.892,0.3143170140289894,4944588.121983383,4946612.667150943,MultiPolygon
Epalinges,1684959,5584,2225,22,0.9964441635249361,0.1061835940655771,20.459,0.3564060941496672,4574087.560638443,4578944.491206035,MultiPolygon
Meltingen,1683549,2620,1110,11,0.9991178103165633,0.05770978680286321,3.444,0.08828336516988147,5755259.143316743,5758580.491098303,MultiPolygon
Belfaux,5817647,2175,1004,10,0.9977665262380988,0.048666707582592374,42.327,0.22365148395783824,8880122.360570565,8884444.02375276,MultiPolygon
Seltisberg,1683706,2833,1303,13,0.9983959785101552,0.022753257823501703,8.004,0.16051263348398503,3563360.0230310685,3562549.2425378487,MultiPolygon
Schinznach,3411171,4125,1904,19,0.9965941983260951,0.11436226226918249,26.526,0.3409660511722712,12240672.38055999,12226673.670708623,MultiPolygon
Orsières,1685351,6034,2303,23,0.9980993143742805,0.08707385471312032,64.958,0.19033219341571606,164928207.09326252,165071816.44068787,MultiPolygon
Givrins,1684987,5720,2228,22,0.9964226755103246,0.034035243575036386,10.765,0.35843444468083324,3960613.219152376,3961961.2235085797,MultiPolygon
Givisiez,1683324,2197,1004,10,0.9987787758438795,0.016925624931829593,7.447,0.12220737190049755,3456098.3921825048,3456683.3584336406,MultiPolygon
Burg im Leimental,1683636,2783,1302,13,0.9987029459393547,0.02418537272583815,3.382,0.12980527316082044,2842514.984545814,2843202.457389614,MultiPolygon
Wangen (SZ),1683120,1349,505,5,0.9991128321740953,0.0007315314746723022,3.501,0.0887564780318665,10996362.949820226,10996443.391676273,MultiPolygon
Bubendorf,1683632,2823,1303,13,0.9992086715688506,0.009372151718440991,3.621,0.07916045584956595,10800604.065499555,10799591.816500029,MultiPolygon
Seegräben,1682208,119,105,1,0.9978618676006414,0.012427613294027596,12.471,0.21402876491292896,3772489.155704532,3772020.3253407017,MultiPolygon
Kammersrohr,1683531,2549,1107,11,0.9969987235385179,0.05268436622646652,3.361,0.30065788503897084,950414.8169495005,950915.5369723327,MultiPolygon
Essertines-sur-Rolle,1684965,5856,2228,22,0.9974536062173215,0.02300582182879049,16.772,0.25493466935537984,6949610.784271005,6948011.969196181,MultiPolygon
Herbligen,1682476,610,246,2,0.997872606964966,0.07270275288208322,31.134,0.21288841850765713,2758041.4061867627,2756036.2341588372,MultiPolygon
Mervelier,1685615,6715,2601,26,0.9961343558638407,0.2737791428056534,27.512,0.38784321190384496,9738118.895978326,9764779.83441713,MultiPolygon
Basadingen-Schlattingen,1684501,4536,2012,20,0.9987873379487181,0.039273462435012035,12.534,0.12131595003388478,15634169.369643563,15628029.29000915,MultiPolygon
Hermance,1685492,6625,,25,0.9961956665610011,0.12129143533443916,18.662,0.3813895268966975,4905721.358373899,4911671.578222979,MultiPolygon
Saulcy,1685628,6722,2601,26,0.9972299401395068,0.046446452254543476,56.157,0.277454598699443,7857954.099687533,7861603.840586629,MultiPolygon
Böttstein,1684287,4303,1911,19,0.9958460640488308,0.19352586354729928,10.797,0.41585536637438714,7429104.323173626,7414727.084878375,MultiPolygon
Wildberg,1682241,182,108,1,0.9963336754246083,0.04818068604093986,13.478,0.36721730343450637,10566246.103383834,10561155.21352245,MultiPolygon
Hallau,1683654,2971,1406,14,0.9968164204707542,0.10617220403897809,21.543,0.31869624652011125,15323334.029631881,15307064.908160366,MultiPolygon
Wädenswil,1682244,293,106,1,0.9992526518130971,0.011847413456601648,8.768,0.0747671843218104,35640256.653811954,35644479.102374725,MultiPolygon
Kriechenwil,1682517,666,246,2,0.9999933690636517,0.00010324733721312687,0.014,0.0006630954908422276,4765233.466004449,4765228.546027783,MultiPolygon
Innertkirchen,3411258,784,250,2,0.99861053772672,0.023912981198231327,83.695,0.1390262000655376,236589721.1232112,236533145.46768206,MultiPolygon
Saint-Gingolph,1685365,6155,2308,23,0.9982220378772688,0.052650739217971636,48.496,0.17790756321749532,24333595.97582024,24320784.157660656,MultiPolygon
Eschenz,1684518,4806,2012,20,0.9813476339914955,1.54249286979944,291.542,1.8973168962282756,12021183.899583966,12206609.804100526,MultiPolygon
Lohn-Ammannsegg,1683541,2526,1106,11,0.9983682777601195,0.036416668120577166,3.425,0.16327572335895307,4478012.458422526,4476381.715487144,MultiPolygon
Oetwil an der Limmat,1682183,246,111,1,0.9968731215793473,0.021330686343989998,7.339,0.31321087746355436,2765139.2087199036,2765729.0318914903,MultiPolygon
Brienz (BE),1682391,573,250,2,0.9976468286122299,0.14900575969728802,87.03,0.23541881113685967,48070324.37099354,47998696.81897559,MultiPolygon
Orpund,1682601,744,242,2,0.9985676311158621,0.01661748871177837,10.85,0.14335145568297328,3969100.0354751325,3969759.600225487,MultiPolygon
Cottens (FR),1683300,2186,1004,10,0.9983267036859185,0.008799351701405401,5.449,0.16747711278723923,4969863.220499501,4970300.536243351,MultiPolygon
Liestal,1683670,2829,1303,13,0.9990333753345654,0.0027242181799158444,9.134,0.09671052458087906,18179249.814748622,18179745.05717705,MultiPolygon
Fehraltorf,1682120,172,108,1,0.9971752397820379,0.10832576110197528,75.811,0.28302876314176756,9470566.719166476,9480825.782645684,MultiPolygon
Gerzensee,1682451,866,246,2,0.9989363101360663,0.009982746477948345,7.317,0.1064309004016151,7809211.700142579,7809991.273948531,MultiPolygon
Zeneggen,1685405,6299,2313,23,0.9999959201064188,6.845051772894531e-05,0.014,0.0004079903301014332,7558706.852048519,7558712.026022493,MultiPolygon
Valeyres-sous-Montagny,1685170,5933,2224,22,0.9944579545770306,0.04770934729918747,26.721,0.5558770940341524,2279510.212136465,2280597.7515802938,MultiPolygon
Dachsen,1682101,25,102,1,0.9948768251699104,0.11035567367281546,16.831,0.5133497876595868,2703356.2255808874,2700372.9186063716,MultiPolygon
Bussy-sur-Moudon,1684878,5663,2222,22,0.9980273048637934,0.0072568533054555625,6.733,0.19745711718836828,3119629.8663164913,3119403.4793534195,MultiPolygon
Islisberg,1684334,4084,1903,19,0.9951839502061661,0.11688032728176942,17.391,0.48248536541757603,1659884.644287944,1657944.5656832005,MultiPolygon
Zielebach,1682736,556,245,2,0.9978231596139336,0.02611462272013164,2.969,0.21794968312545435,1915041.695956759,1915541.8018705912,MultiPolygon
Rheinfelden,1684403,4258,1909,19,0.9976156326069716,0.08392845514195328,42.112,0.23862116142522255,16023835.720014082,16010387.16223979,MultiPolygon
Eriz,1682430,924,247,2,0.9990341966844303,0.002658636284150034,18.077,0.09662827737199503,21775935.70559289,21776514.64852077,MultiPolygon
Villars-Sainte-Croix,1685185,5651,2229,22,0.9974960243882572,0.01355167616661508,4.218,0.2507284366528225,1650994.8814850873,1651218.6189649536,MultiPolygon
Avenches,1868682,5451,2222,22,0.9995449439454833,0.014911924530999973,7.855,0.045512567955254574,21096184.93488514,21093039.08770873,MultiPolygon
Rothenthurm,1683098,1370,506,5,0.9990846657305795,0.000240304003232189,3.532,0.09157544799428445,22747475.74453733,22747530.40763218,MultiPolygon
Quinto,1684746,5079,2103,21,0.9979690691762714,0.02482870506078491,51.946,0.2033247643294303,92027266.08504258,92050115.26351434,MultiPolygon
Ried-Brig,1685358,6008,2301,23,0.9953801000696949,0.17441035736750948,85.282,0.46265582563972824,47605571.42849185,47522542.381236576,MultiPolygon
Buchs (AG),1684283,4003,1901,19,0.9918078701940377,0.12451254544157421,22.69,0.8230944403123732,5321595.439143814,5328221.493083195,MultiPolygon
Bulle,1683280,2125,1003,10,0.9988849725840733,0.003698138006720359,8.347,0.11156700348908652,23856293.399600193,23857175.6382534,MultiPolygon
Greppen,1682840,1056,312,3,0.9991149382037928,0.01979313310397084,3.41,0.08853660072913935,5247185.5799486935,5246146.997522642,MultiPolygon
Bühl,1682405,734,243,2,0.9983043445845301,0.062139836684962986,2.823,0.16976215448066218,2969225.0182894445,2971070.0898666186,MultiPolygon
Ruswil,1682914,1098,314,3,0.9994914465259652,0.004581222235183599,3.65,0.050867116829679614,45252554.77042832,45250481.65032719,MultiPolygon
Gaiserwald,1683882,3442,1721,17,0.9981251294188281,0.04018475839654025,31.918,0.18770068597498055,12632851.261824569,12637927.742582727,MultiPolygon
Anniviers,1685266,6252,2311,23,0.9993023721456608,0.005775841529980649,53.982,0.06978511275910207,243383343.74869046,243369286.31244516,MultiPolygon
Corbières,1683296,2129,1003,10,0.9986547174269995,0.03252639321034438,7.391,0.13464070078926407,10756874.366586152,10760373.189839771,MultiPolygon
Porrentruy,1685622,6800,2603,26,0.9983575965098557,0.013685276411066401,8.641,0.1643640867163347,14761515.834927788,14759495.680683315,MultiPolygon
Trin,1684192,3734,1844,18,0.9974965855196692,0.05220918470351689,99.295,0.25072062747216495,47168589.02925609,47193215.36502442,MultiPolygon
Ueberstorf,1683413,2308,1006,10,0.9993018997961614,0.005966564835388277,12.242,0.06983647944423887,16109558.148182306,16110519.335413912,MultiPolygon
Boncourt,1685574,6774,2603,26,0.997745499655123,0.07661541773736594,12.258,0.22561799767164195,9020525.69429155,9013614.580848763,MultiPolygon
Yens,1685205,5655,2227,22,0.9983153671633949,0.02864223608955015,11.503,0.16858115651077338,9514784.127074447,9512058.880141359,MultiPolygon
Beinwil am See,1684264,4131,1905,19,0.9961150475552464,0.13961908510506632,19.172,0.389523090569831,5761875.385279692,5769920.062977513,MultiPolygon
Bannwil,1682370,323,244,2,0.9981326188499927,0.04089061137821074,5.582,0.18695084842428505,4775692.068417484,4777644.878101801,MultiPolygon
Muri (AG),1684371,4236,1908,19,0.9979581672230377,0.05347282614043185,10.272,0.20433729770769948,12340102.297316544,12333503.695869548,MultiPolygon
Schmerikon,1683933,3338,1726,17,0.998639353880651,0.0020648670254365758,5.805,0.13615583711393286,5976603.408165079,5976479.999252062,MultiPolygon
Lauterbrunnen,1682529,584,250,2,0.9982554584512052,0.014760569954157114,84.285,0.17459357253639107,164664507.0578296,164640201.63807565,MultiPolygon
Bellikon,1684265,4022,1902,19,0.9999945425719875,9.786459582256643e-05,0.015,0.0005457440234232165,4941146.806792932,4941141.97115958,MultiPolygon
Gams,1683883,3272,1724,17,0.9991465895661902,0.01938952826273074,38.319,0.0853691972501269,22273478.73462271,22269160.012168366,MultiPolygon
Siblingen,1683707,2953,1404,14,0.9923722880540861,0.1425803102851256,24.522,0.7651455688212461,9420890.937743051,9407458.602212394,MultiPolygon
Möriken-Wildegg,1684375,4203,1907,19,0.9954899747849213,0.07924525048266842,11.267,0.45184273352969095,6608795.281116994,6603558.124742586,MultiPolygon
La Sonnaz,1683346,2235,1004,10,0.9993458344346441,0.005068502293346098,3.131,0.06543630180355639,6958392.0511176875,6958039.364856997,MultiPolygon
Reigoldswil,1683693,2893,1305,13,0.9989621050437469,0.029479143152818216,9.66,0.10382807881798477,9252347.02633139,9249619.513706502,MultiPolygon
Morrens (VD),1685065,5527,2223,22,0.9968729788362507,0.014172688815705452,9.998,0.31316960121166926,3667665.7411089796,3667145.934256692,MultiPolygon
Arni (AG),1684256,4061,1903,19,0.9953815150345136,0.14020683633707798,17.391,0.46324200625212486,3372858.5296009425,3377587.5078394213,MultiPolygon
Thürnen,1683715,2864,1304,13,0.9984276867621159,0.0014537768456654044,3.404,0.1573561732819,2259984.6346205254,2260017.489753859,MultiPolygon
Chexbres,1684903,5601,2226,22,0.9966871363229532,0.03562019134011576,3.669,0.331895131787086,2145693.2438859604,2146457.5439250045,MultiPolygon
Fürstenau,1684084,3633,1851,18,0.9968621773577373,0.0019279433573661715,6.494,0.3142723048310835,1317425.696081553,1317400.296860357,MultiPolygon
Savièse,1685372,6265,2312,23,0.995798881537958,0.005882990462288162,101.947,0.42098379002038394,70974731.06851983,70970555.63186044,MultiPolygon
Agarn,1685264,6101,2306,23,0.9976398148791922,0.018701068025042667,17.264,0.23631945990868827,7646450.274360548,7647880.242227857,MultiPolygon
Unterschächen,1683118,1219,,4,0.9996751525827968,0.00048040765152138895,9.807,0.03249009691183691,80276485.92446826,80276871.57884902,MultiPolygon
Villars-Epeney,1685183,5935,2224,22,0.9909209183834046,0.12883715117778213,11.146,0.9114609141691346,864476.4633209585,863362.6964730134,MultiPolygon
Grône,1685314,6238,2311,23,0.9979754202393785,0.06480000914622377,56.691,0.20272879276090106,20728138.14030394,20741569.9757147,MultiPolygon
Hüniken,1683530,2524,1106,11,0.9971244446292977,0.031077498415133117,3.171,0.287924826426935,1019192.2955164665,1018875.5560469802,MultiPolygon
Sils im Engadin/Segl,1684169,3789,1846,18,0.9990787189769581,0.01510064234491682,26.654,0.09216360062490934,63579600.38264229,63569999.45458418,MultiPolygon
Meierskappel,1682897,1064,312,3,0.9979087663863128,0.050292731234734926,11.776,0.20939489511525278,9231841.600255985,9236484.545540018,MultiPolygon
Sonceboz-Sombeval,1682667,444,241,2,0.9987284458849706,0.035766573842118184,6.115,0.12721355139323354,14966047.899646735,14960695.05707346,MultiPolygon
Chêne-Bougeries,1685465,6612,,25,0.9978301777695433,0.007511190940815766,3.422,0.21722604296873954,4140265.4286260176,4140576.4118678183,MultiPolygon
Vallon,1683416,2045,1001,10,0.9988174841043616,0.007414546262173866,3.139,0.11832593462251768,3511348.24289178,3511608.5934316753,MultiPolygon
Roches (BE),1682622,704,241,2,0.9989082373758694,0.023283599346810433,3.457,0.10924860926909079,9063930.047534978,9066040.456692321,MultiPolygon
Bellevue,1685450,6606,,25,0.9986510630204551,0.004086591266442437,5.544,0.13498749904622892,6346902.319654189,6347161.691610074,MultiPolygon
Champoz,1682408,683,241,2,0.9988552198025402,0.017044999700568275,7.794,0.11453382138221965,7173739.093650385,7172516.329843353,MultiPolygon
Bäretswil,1682099,111,105,1,0.9979895098540846,0.0005026337350038495,39.067,0.20125081571272385,22191943.87097457,22191832.326778222,MultiPolygon
Sullens,1685157,5501,2223,22,0.9982177685559178,0.0003011375061343812,14.337,0.1783818349173513,3906544.6375676035,3906532.873496506,MultiPolygon
Chavornay,1684895,5749,2224,22,0.9988624694044933,0.0005934441666737672,18.774,0.11381745744068013,19283184.08403829,19283069.649107195,MultiPolygon
Chêne-Bourg,1685466,6613,,25,0.9957924791674557,0.04843740217598464,3.598,0.4215369954100604,1280732.5463030215,1280112.19272877,MultiPolygon
Bursinel,1684872,5852,2228,22,0.9993626462165974,0.03664754851458837,7.476,0.06374401335750865,7707024.13784368,7704199.702433732,MultiPolygon
Trient,1685383,6142,2307,23,0.996531252606988,0.28337089212306477,65.145,0.34796971985205877,39555212.49450918,39667300.45303605,MultiPolygon
Buchs (SG),1683869,3271,1724,17,0.9986344755087478,0.014733366958641431,51.703,0.13663567942191313,15950064.465655755,15947714.48412789,MultiPolygon
La Tour-de-Peilz,1685014,5889,2230,22,0.9994526144995942,0.013245479375689439,13.237,0.05475716187043981,11327965.714926913,11329466.15828937,MultiPolygon
Tübach,1683950,3218,1722,17,0.9957502540617044,0.11872360880359084,22.253,0.42613234351476664,1989282.4062399876,1991644.1541019706,MultiPolygon
Stalden (VS),1685379,6293,2313,23,0.999603997535418,0.008998289444049805,9.839,0.039606306883629455,10428263.055043878,10427324.689750198,MultiPolygon
Thierachern,1682681,941,247,2,0.9989470260454583,0.019327722114037937,2.987,0.10536304351857546,7525838.26694196,7527292.840048946,MultiPolygon
Romont (BE),1682626,442,241,2,0.9980778024330071,0.03177723129748233,4.767,0.19243524703945714,7019095.6583739575,7021326.1326363105,MultiPolygon
Köniz,1682518,355,246,2,0.9995711810155795,0.001228739087484748,8.672,0.042891358209486585,51012246.27366108,51012873.081070445,MultiPolygon
Churwalden,1684064,3911,1848,18,0.9994965304474416,0.003478652345365023,3.967,0.05035875660814815,48529199.087655894,48527510.925533645,MultiPolygon
Gilly,1684984,5857,2228,22,0.9984162115648404,0.049289982269528625,17.242,0.15846529881787372,7760320.916470543,7756495.855666756,MultiPolygon
Brusio,1684052,3551,1842,18,0.9980500907208685,0.04880518896840391,36.809,0.1952288500317767,46297904.49343398,46320500.273210414,MultiPolygon
Krattigen,1682515,566,249,2,0.9990830807579472,0.006250355787042849,7.018,0.09173684738085977,5998282.430243764,5998657.344236766,MultiPolygon
Thusis,1684187,3668,1851,18,0.9986068213138725,0.013580067493389678,3.718,0.1394244499289804,16771835.898149313,16774113.524784163,MultiPolygon
Riva San Vitale,1684747,5263,2106,21,0.9915921550611945,0.5477397871383207,95.74,0.842021631940049,7707707.333586938,7665489.153844704,MultiPolygon
Lüscherz,1682542,497,243,2,0.9983774323155478,0.036174015958404894,6.613,0.16241788284444567,5420783.20931284,5422744.124296048,MultiPolygon
Rebstein,1683922,3255,1723,17,0.9987819013454514,0.011546963256306914,3.341,0.12189113583939853,4393678.198683022,4394185.535090224,MultiPolygon
Hausen (AG),1684323,4100,1904,19,0.9956744972410381,0.25252078994328603,8.883,0.4329404788272017,3203685.900054014,3195595.9271118958,MultiPolygon
Delémont,1685596,6711,2601,26,0.9980710767071436,0.02533695151427956,76.932,0.19310300624695867,21966649.183949593,21972214.863202643,MultiPolygon
Pfäffikon,1682189,177,108,1,0.9999956704272321,3.1007416701824884e-05,0.015,0.00043295814732231493,19524572.1668573,19524566.112791847,MultiPolygon
Rubigen,1682627,623,246,2,0.9967980819677973,0.013464356484683892,59.957,0.320726829612793,6918544.063585497,6919475.6010217685,MultiPolygon
Marchissy,1685041,5430,2228,22,0.9977892973102331,0.03089049728669813,43.945,0.22134908233511136,11979299.115671225,11982999.580739517,MultiPolygon
Disentis/Mustér,1684070,3982,1850,18,0.9994880283944638,0.009036131677111849,33.614,0.05120795594181541,90986027.60130213,90977805.9840403,MultiPolygon
Oberkirch,1682903,1095,314,3,0.9990815604732014,0.0128663724469344,4.175,0.09189205982242749,10954968.161987534,10956377.668992698,MultiPolygon
Birrhard,1684274,4093,1904,19,0.9932818983929319,0.10291558866962502,12.283,0.6737275470744359,2995890.449721054,2992807.2114288267,MultiPolygon
Gletterens,1683325,2022,1001,10,0.9986814819119902,0.09477743586757797,32.755,0.13200131474375645,7108709.872270387,7115447.32521059,MultiPolygon
Kleinlützel,1683535,2619,1110,11,0.9981881080030033,0.0025353021094955963,24.017,0.18135119724434795,16319252.515343552,16318838.772990277,MultiPolygon
Crans (VD),1684928,5713,2228,22,0.9980290268486229,0.03753348697311511,20.76,0.19732876873786365,8854737.908905447,8858061.400804989,MultiPolygon
Rorbas,1682197,68,103,1,0.9977734147824224,0.001492573060920692,11.566,0.22290501859675727,4436142.339961614,4436076.127296104,MultiPolygon
Reiden,1682908,1140,315,3,0.9989961559020406,0.020304383161483003,14.97,0.10044501658209755,27032863.87309136,27038352.729351673,MultiPolygon
Coinsins,1684910,5710,2228,22,0.9950455879493468,0.06917278130466795,59.099,0.4964997820863425,2908159.2727271444,2906147.6180734294,MultiPolygon
Martigny,1685332,6136,2307,23,0.9991338518772493,0.00843636621152544,3.731,0.08665599430978124,32590138.37535182,32592887.798774008,MultiPolygon
Oberriet (SG),1683917,3254,1723,17,0.9992603088235941,0.018476997824715097,3.468,0.07400332107858662,34602089.992227174,34608483.419642344,MultiPolygon
Kemmental,1684534,4666,2013,20,0.9990673454010044,0.005243640439575418,7.197,0.0933114188141023,25041205.731861826,25042518.80265214,MultiPolygon
Lauerz,1683089,1365,506,5,0.9990677519847359,0.011738070608406278,3.636,0.09326280216097978,9186163.21416215,9185084.935837869,MultiPolygon
Froideville,1684980,5523,2223,22,0.9988135964572313,0.026145768678743755,4.502,0.1187262926402054,7084096.0085035805,7085948.199858944,MultiPolygon
Mauborget,1685045,5562,2224,22,0.9934936887928892,0.25383215299210776,16.884,0.6519261825340071,5517706.348137497,5503700.635318237,MultiPolygon
Binn,1685275,6054,2304,23,0.9965342380755933,0.06556458129073417,124.92,0.34706399741997135,65083758.7312062,65041086.837305814,MultiPolygon
Courtételle,1685594,6710,2601,26,0.9975147662096782,0.06516444637071585,46.908,0.24891365779101526,13556410.346349021,13565244.306098962,MultiPolygon
Schnottwil,1683573,2461,1103,11,0.9990072482115382,0.005192287000259985,3.212,0.09932190251815205,7165408.512719187,7165036.4641444655,MultiPolygon
Oberwil-Lieli,1684393,4074,1903,19,0.9969638412301521,0.008055154531780512,10.46,0.30408973771083975,5349508.619735047,5349939.530921058,MultiPolygon
Ronco sopra Ascona,1684748,5125,2104,21,0.9999603934262427,0.0015973781429748188,0.699,0.003960704177450731,8908459.040228743,8908316.738451159,MultiPolygon
Lengwil,1684539,4683,2013,20,0.9982882602364435,0.0014702034582401318,9.296,0.17132186388184945,8886320.543837564,8886451.19082951,MultiPolygon
Steg-Hohtenn,1685381,6204,2309,23,0.9977729760797497,0.017657514151176876,37.164,0.22297033401199123,14026259.289437132,14028735.978156045,MultiPolygon
Lax,1685325,6061,2304,23,0.9999939073274656,7.512751292326473e-05,0.014,0.0006092693383996718,5419314.84034337,5419318.911739827,MultiPolygon
Wohlenschwil,1684466,4046,1902,19,0.9951299823611114,0.004854389599723092,12.283,0.48820236142608825,4389722.748967946,4389935.843212528,MultiPolygon
Häggenschwil,1683897,3201,1721,17,0.9980816404709402,0.015148802906144844,10.144,0.1920346791096659,9071366.221907575,9072740.425297426,MultiPolygon
Eggersriet,1683875,3212,1721,17,0.9985372616357773,0.02632337327845614,9.658,0.14640016109248621,8902692.290038513,8905035.778961852,MultiPolygon
Belprahon,1682376,681,241,2,0.9979051604852021,0.007072325327583593,11.392,0.20969618371233997,3814942.8227929673,3814673.017625478,MultiPolygon
Icogne,1685317,6239,2311,23,0.9978739820024679,0.11178479741859226,48.555,0.2129469925680376,24825406.713381153,24853157.743984047,MultiPolygon
Weiach,1682233,102,104,1,0.9984805208260691,0.052921380161115514,16.298,0.1521036830497929,9578078.951892097,9583147.80346636,MultiPolygon
Landiswil,1682523,613,246,2,0.9986124881246397,0.015402073810779094,29.46,0.13883682112512352,10257703.014926484,10256123.115936834,MultiPolygon
Heimiswil,1682474,407,245,2,0.9988581772936709,0.014737061491466535,35.216,0.11423907746364187,23360452.549121127,23357009.904864278,MultiPolygon
Lonay,1685031,5638,2227,22,0.9981520932588221,0.03079166420748265,5.8,0.18493309361103838,3715953.263409971,3714809.0595589946,MultiPolygon
Gsteigwiler,1682461,577,250,2,0.9944821145579265,0.009269956100590438,46.403,0.5532894628655567,7018305.89578204,7017655.301906496,MultiPolygon
Yverdon-les-Bains,1868691,5938,2224,22,0.9983023334539013,0.01728550644192535,17.775,0.16989619564072275,15025613.192536034,15023015.9391997,MultiPolygon
Courchapoix,1685587,6706,2601,26,0.9999954381485793,8.518445517437535e-05,0.014,0.0004561859883081572,6391615.594635494,6391610.149972573,MultiPolygon
Kirchdorf (BE),1682510,872,246,2,0.9991888466845653,0.005368147441979168,5.53,0.08114606529813165,14620838.397907412,14620053.529744959,MultiPolygon
Ballaigues,1684840,5744,2224,22,0.9959414153993291,0.05060259033252709,18.134,0.4065808439963391,9058963.690845443,9054379.620560592,MultiPolygon
Wauwil,1682928,1146,315,3,0.9983468982481363,0.03877270046875085,3.066,0.1654148513670344,2964521.510556394,2963372.085510774,MultiPolygon
Obergoms,1685350,6076,2304,23,0.9979017565848882,0.04902669062230287,133.389,0.2099932149860756,155980791.9318194,155904319.71152878,MultiPolygon
Ried bei Kerzers,1683388,2276,1005,10,0.9973864697500731,0.1015016000523124,12.593,0.2618278111964012,7551084.471453713,7558748.9430135405,MultiPolygon
Teufenthal (AG),1684437,4145,1905,19,0.9935614329106509,0.11708997570588635,14.714,0.6455579973407941,3573254.2377199912,3569070.3152011354,MultiPolygon
Leuk,1685328,6110,2306,23,0.9991962533704758,0.01474446766080954,43.121,0.08041290416093362,54299309.23727688,54307315.381367415,MultiPolygon
Oberuzwil,1683918,3407,1728,17,0.9979260147044071,0.0531572728239482,78.771,0.20766900449114464,14076122.120960878,14083604.60359975,MultiPolygon
Eiken,1684301,4161,1906,19,0.9961604735987359,0.004262668143731601,17.979,0.3846993551049983,7083983.782956335,7084285.749676358,MultiPolygon
Crémines,1682417,691,241,2,0.9980733448994711,0.0007836009096809537,10.006,0.19285053342031505,9478824.153293584,9478749.877141291,MultiPolygon
Stabio,1684761,5266,2106,21,0.9909965082230899,0.041167045231391385,22.48,0.9046068112608564,6149303.148980347,6151834.635389104,MultiPolygon
Hittnau,1682140,173,108,1,0.9982397076566172,0.014336636845254703,16.006,0.17619693172923687,12955438.002792023,12957295.376890196,MultiPolygon
Chevilly,1684901,5476,2227,22,0.9971294380380662,0.06750392904499868,18.333,0.2875658210527222,3885345.3796734805,3887968.1404617284,MultiPolygon
Feuerthalen,1682121,27,102,1,0.9974392488052263,0.0545568778137521,6.86,0.25647335499746504,2481590.613624491,2482944.4919834035,MultiPolygon
Rheineck,1683925,3235,1723,17,0.9967289187043075,0.004136368944343783,8.386,0.32763722837438314,2205210.0190489436,2205118.803426558,MultiPolygon
Lovatens,1685033,5674,2222,22,0.9973727071868098,0.03724131144066227,3.217,0.2631238549404507,3468624.099815278,3469915.860918996,MultiPolygon
Knonau,1682155,7,101,1,0.9983017560356742,0.028090738907043132,3.613,0.1699925933443007,6466002.9202264305,6467819.268224473,MultiPolygon
Niederried bei Interlaken,1682577,588,250,2,0.9969903554782285,0.08459394461586037,21.641,0.30129054204091177,4149427.2969450364,4145917.1327155833,MultiPolygon
Chardonne,1684888,5882,2230,22,0.9980571045810577,0.015827998329462002,18.749,0.1944938585802971,15363830.560930718,15366262.347775243,MultiPolygon
Wald (ZH),1682228,120,105,1,0.998994365544716,0.014131524691771022,7.666,0.10060692685041597,25264900.59716452,25261330.28149828,MultiPolygon
Dierikon,1682823,1053,312,3,0.9981342216632905,0.005337966369848277,3.237,0.18674706825710535,2775304.908105083,2775156.7632624274,MultiPolygon
Merishausen,1683676,2936,1403,14,0.9969366528443812,0.006040347951673116,23.361,0.30679537408879,17565698.768080562,17564637.738754828,MultiPolygon
Willisau,1682932,1151,315,3,0.9992157127670156,1.2362235142623048e-05,3.546,0.07845948583744283,47218952.52944058,47218946.69212264,MultiPolygon
Schongau,1682918,1041,313,3,0.9991519278101703,0.005910730878537837,3.593,0.08484068813370493,12429135.544928897,12428400.892176308,MultiPolygon
Lostorf,1683543,2493,1105,11,0.9991474237924272,0.012808885929505421,4.006,0.0852885179624317,13247021.521782449,13245324.725906666,MultiPolygon
Wyssachen,1682734,960,244,2,0.9979505485356069,0.07801585986788204,62.852,0.20523540129525464,11692008.9289856,11701130.550287377,MultiPolygon
Hellikon,1684324,4251,1909,19,0.9968908327102582,0.017058459477794528,16.403,0.3113742675157154,7044085.1517391,7042883.539327909,MultiPolygon
Daillens,1684940,5480,2223,22,0.9979277046973084,0.018645380549607488,4.46,0.20742513396722786,5520686.9038859885,5519657.550803807,MultiPolygon
Sauge,3411230,449,241,2,0.9986761023693828,0.0014718384911373995,10.801,0.1324764814300218,13457899.012856063,13457700.934318293,MultiPolygon
Corsier (GE),1685475,6619,,25,0.9987604657775377,0.0015043134185118569,3.609,0.12403122504424688,4292730.659268474,4292795.235391802,MultiPolygon
Aeschi bei Spiez,1682360,562,249,2,0.9989716236908041,0.018932721437263263,27.34,0.10288079602524228,30996956.653381694,30991088.08592448,MultiPolygon
Schupfart,1684421,4259,1909,19,0.9959736894428612,0.04548408548946037,17.979,0.40335149838517365,7046625.399849093,7043420.306728103,MultiPolygon
Ettiswil,1682834,1128,315,3,0.9990384222557622,0.0032832846903907194,3.378,0.09620244892381848,12582490.724018307,12582077.605026696,MultiPolygon
Samnaun,1684151,3752,1843,18,0.999527367745283,0.001045986832671151,5.638,0.04727414993217476,56285712.784771755,56285124.04362735,MultiPolygon
Mägenwil,1684372,4032,1902,19,0.9962576210671668,0.11523883714217047,8.532,0.37515551402764574,3477907.876558028,3481915.7771518496,MultiPolygon
Ennetbaden,1684304,4026,1902,19,0.9936537496708631,0.03385997839199117,7.851,0.6367529717414633,2108803.9234629753,2109517.9640157893,MultiPolygon
Bière,1684855,5425,2227,22,0.9993158304664668,0.0062400889104223855,3.55,0.0684382303899143,25055410.606563766,25053847.126665045,MultiPolygon
Zell (LU),1682934,1150,315,3,0.9990660889214197,0.01587928879902245,3.546,0.09342731934041484,13906069.440795919,13903861.255868822,MultiPolygon
Egolzwil,1682827,1127,315,3,0.9982274549004791,0.0060563379731791035,3.254,0.17740637278441737,4180489.119012918,4180235.9344629385,MultiPolygon
Santa Maria in Calanca,1684153,3810,1847,18,0.9987053509223062,0.007417461202776788,3.234,0.12955357248072233,9312894.53156545,9313585.311904185,MultiPolygon
Vals,1684202,3603,1850,18,0.9997513131080749,0.0035668999022770457,3.74,0.024871338259950717,175560027.3606491,175553765.31020474,MultiPolygon
Nottwil,1682902,1094,314,3,0.9994159256166545,0.013119182783887868,3.641,0.05842833287008727,14834107.392368427,14836053.50603159,MultiPolygon
Egg,1682113,192,109,1,0.9985068532733645,0.006182474463312735,24.302,0.1494216111874139,14528066.940606097,14527168.74657748,MultiPolygon
Urtenen-Schönbühl,1682702,551,246,2,0.999044151025355,0.011621439213863966,3.172,0.09562504484455042,7189469.754698523,7188634.234841182,MultiPolygon
Bleienbach,1682383,324,244,2,0.9979852861262626,0.004932622389763127,3.635,0.2016695717044091,5694234.462615481,5693953.587531452,MultiPolygon
Prez,10523738,2237,1004,10,0.9951882140353384,0.02256878762404787,25.117,0.4822846235696548,16045806.658886079,16042185.31485867,MultiPolygon
Hochwald,1683523,2475,1104,11,0.9990954789963792,0.0075714340900171,11.78,0.09048960097389928,8348650.710983976,8348018.598397988,MultiPolygon
Grellingen,1683651,2786,1302,13,0.9982104379166341,0.027042987593538268,3.407,0.17914069758920553,3293820.03826008,3294710.78560438,MultiPolygon
Denges,1684943,5632,2227,22,0.9927130782901188,0.21416835007967328,43.51,0.7305736735694971,1657578.4254900555,1654028.4171249068,MultiPolygon
Amlikon-Bissegg,1684498,4881,2015,20,0.9986147260335871,0.033352967750597415,5.062,0.1386002948323097,14457449.303323828,14452627.314920131,MultiPolygon
Amriswil,1684499,4461,2011,20,0.9990166839463115,0.0045338857846076285,34.996,0.0983777444550479,19021204.78193663,19020342.38223696,MultiPolygon
Bünzen,1684289,4229,1908,19,0.999994507984533,4.2877306495636315e-05,0.015,0.0005492029372906009,5774901.2727388935,5774898.796616775,MultiPolygon
Vendlincourt,1685634,6806,2603,26,0.9956621644373012,0.28935211414471745,13.42,0.43535538725604644,9151025.123749489,9177503.808410972,MultiPolygon
Echandens,1684953,5633,2227,22,0.9976898634790063,0.025227490467674713,8.384,0.23125162403689628,3880892.0419884827,3879912.9903185293,MultiPolygon
Fideris,1684077,3861,1849,18,0.9993312719532199,8.368498233854813e-05,3.638,0.06689514402620646,25355436.74380453,25355415.52511177,MultiPolygon
Attinghausen,1683059,1203,,4,0.9993405561017563,0.00014368933083841226,3.639,0.06596618770199585,46890505.41335398,46890572.790007435,MultiPolygon
Renan (BE),1682618,441,241,2,0.9985576666133086,0.03700026942888815,4.683,0.14431072739726936,12632930.34845907,12628256.130193377,MultiPolygon
Emmetten,1683066,1504,,7,0.9950356221385966,0.44735078059034733,54.477,0.4965599325525731,28618876.520715006,28490849.7532034,MultiPolygon
Münchwilen (TG),1684545,4746,2014,20,0.9980979845959699,0.021068809957535337,4.708,0.19036254004431297,7814575.463560956,7812929.02550755,MultiPolygon
Genève,1685488,6621,,25,0.9990406463931473,0.028593308101211693,7.328,0.09596767860789705,18296128.080926716,18290896.612653945,MultiPolygon
Männedorf,1682167,155,107,1,0.9993806270697989,0.03329525901539693,3.123,0.06194616581831527,4766946.317536449,4765359.1504129,MultiPolygon
Henggart,1682135,31,102,1,0.9972852890577907,0.01532143834259856,6.686,0.2718192529330783,3032983.046066004,3032518.3494386594,MultiPolygon
Lalden,1685324,6286,2313,23,0.9973602429150941,0.02391282961806555,3.182,0.26435618858222487,1301134.9146850486,1301446.0528602984,MultiPolygon
Hüntwangen,1682147,61,103,1,0.998428621340555,0.011788137293856178,3.44,0.15725215547139987,4908567.135936027,4907988.507302882,MultiPolygon
Soubey,1685629,6759,2602,26,0.9969795459159887,0.20080375543604598,30.599,0.30219853754303583,13489317.145621965,13462230.090210877,MultiPolygon
Arbedo-Castione,1684616,5001,2101,21,0.9948914726653563,0.05816223600240326,33.104,0.5120119853896452,21388407.987000287,21375968.01066973,MultiPolygon
Provence,1685110,5566,2224,22,0.9994361721317804,0.0017093398164233816,49.096,0.056398204374822375,31863367.85630493,31862823.203071307,MultiPolygon
Chéserex,1684907,5709,2228,22,0.9974010361418992,0.09539884465957035,14.572,0.2601104255331022,10580673.41874056,10570579.578541879,MultiPolygon
Maienfeld,1684110,3953,1845,18,0.9986962160143247,0.018817645283447433,23.623,0.13047572171803543,32326605.630575377,32332688.736555118,MultiPolygon
Romanel-sur-Morges,1685126,5645,2227,22,0.9969955153728923,0.03451622185337632,4.529,0.3009524178964085,1757512.3189975703,1758118.945848696,MultiPolygon
Hägendorf,1683528,2579,1108,11,0.9992090418382193,0.021014224105543215,3.314,0.0791187953204781,13937300.660587506,13934371.844992427,MultiPolygon
Stäfa,1682214,158,107,1,0.9997157003031238,0.008783867599109596,3.123,0.028435260380588297,8591611.20049152,8592365.876244001,MultiPolygon
Mutrux,1685068,5563,2224,22,0.9978509400202954,0.06880532581357422,49.096,0.21506315639565673,3232732.1384234633,3230507.846542941,MultiPolygon
Uznach,1683953,3339,1726,17,0.998222445172046,0.0052579254507544885,3.807,0.1779182856746327,7535446.4956825245,7535842.703841649,MultiPolygon
Lully (FR),1683355,2025,1001,10,0.9999397459035684,0.0003514568277384556,0.726,0.006025580587719815,5520288.576909039,5520269.175477925,MultiPolygon
Gonten,1683888,3102,,16,0.9993768512045202,0.01395118569659797,11.601,0.062329953133414176,24726323.23936869,24722873.624097623,MultiPolygon
Welschenrohr-Gänsbrunnen,1683587,2430,1102,11,0.9993024387501053,0.0036501346270545456,6.518,0.06978173660337478,24460775.847484864,24461668.69873412,MultiPolygon
Onsernone,6155156,5136,2104,21,0.9963477350580442,0.01325614349037048,86.727,0.36587041456576347,105391039.10190251,105377068.31453317,MultiPolygon
Klingnau,1684342,4309,1911,19,0.995466547930457,0.062085793791209244,13.112,0.4545162021481931,6711998.434374945,6716165.63188218,MultiPolygon
Ettingen,1683646,2768,1301,13,0.9990923179820266,0.0018971331036141453,10.285,0.09080855344609269,6321551.307410704,6321431.379168189,MultiPolygon
Metzerlen-Mariastein,1683551,2477,1104,11,0.9991640795030148,0.005002348175052874,3.302,0.08362491080421877,8481512.20208261,8481087.927311752,MultiPolygon
Egerkingen,1683498,2401,1101,11,0.9991142446082402,0.012092159607651719,3.069,0.0886201424083121,6947556.1294984715,6948396.239074482,MultiPolygon
Villars-sur-Glâne,1683420,2228,1004,10,0.997620309592576,0.028461788294875168,15.947,0.23828642983026496,5478818.122101079,5480377.491716052,MultiPolygon
Wohlen (AG),1684464,4082,1903,19,0.9973328566671901,0.1160925132879889,12.737,0.2669154664980452,12488002.676933913,12473505.040766789,MultiPolygon
Bennwil,1683621,2882,1305,13,0.9985129860087572,0.013487120840857757,8.127,0.14882207714841603,6530639.785153096,6531520.5804326,MultiPolygon
Oberbuchsiten,1683560,2406,1101,11,0.9985647314588293,0.004408864690037601,29.818,0.14362676165101468,9387879.925598944,9387466.02667576,MultiPolygon
Villeret,1682707,448,241,2,0.9991245545108147,0.010344118573048375,6.707,0.0875783561007441,16235914.07761707,16234234.615413463,MultiPolygon
Zwischbergen,1685407,6011,2301,23,0.998580298132313,0.012736855701927634,124.056,0.14208008371773329,86028347.02623637,86039304.33265986,MultiPolygon
Langenbruck,1683664,2888,1305,13,0.999519533025688,0.005617716390968306,2.696,0.04805959251829701,15664091.047271976,15664971.011482235,MultiPolygon
Magden,1684356,4253,1909,19,0.9978700059393898,0.031068762456674427,15.355,0.21319336822533166,11018113.84370389,11014690.652086584,MultiPolygon
Donneloye,1684947,5913,2224,22,0.9976589854115865,0.016774285562684715,12.003,0.23435613998891305,9010580.245930955,9009068.785469647,MultiPolygon
Scuol,4447223,3762,1843,18,0.9995285354170144,0.0014658526374264002,61.458,0.04715722923157823,438606090.97711116,438599661.65815866,MultiPolygon
Madulain,1684109,3783,1846,18,0.9980536207844735,0.0008180330078093147,15.361,0.19482832255243243,16285270.544531465,16285403.76341993,MultiPolygon
Cudrefin,1684936,5456,2222,22,0.9997241979314115,4.76325891839259e-06,3.771,0.02758401137946104,31892352.819595814,31892354.338711154,MultiPolygon
Orbe,1685080,5757,2224,22,0.9987144845257806,0.03983453725103426,5.156,0.1286086076425832,12047778.461889386,12042979.285090063,MultiPolygon
Puidoux,1685113,5607,2226,22,0.9990293209615875,0.016835748205921614,20.058,0.09710686258512714,33128597.541143555,33123020.093877375,MultiPolygon
Cossonay,1684926,5477,2227,22,0.9985378908889876,0.015113944158220068,4.817,0.14632893465309493,8283605.640662499,8284857.620193316,MultiPolygon
Bretzwil,1683630,2883,1305,13,0.9990774378523763,0.003073721418849928,3.346,0.09230020895139125,7330821.442507921,7331046.771536777,MultiPolygon
Le Pâquier (FR),1683353,2145,1003,10,0.9984196821703587,0.023425152198391416,3.359,0.15817527616145113,4499003.78564348,4500057.684127678,MultiPolygon
Marly,1683358,2206,1004,10,0.9990761722290158,0.010799376978370287,4.979,0.0924204790188668,7721529.598957442,7720695.721867554,MultiPolygon
Hüttwilen,1684533,4821,2012,20,0.9988185211002591,0.005079528834924641,4.043,0.11821472339656454,17661638.62496791,17660741.496941235,MultiPolygon
Luterbach,1683544,2527,1106,11,0.9986271927476666,0.027537245377382964,5.933,0.13739393459332505,4523288.971477554,4524534.560660758,MultiPolygon
Plasselb,1683379,2300,1006,10,0.9991945982666622,0.00735277817922044,3.138,0.08057558216066299,18156560.918374933,18157895.930024236,MultiPolygon
Grancy,1684992,5485,2227,22,0.9981114664195638,0.06652594880910818,6.949,0.18896897692875336,5669783.671407793,5666011.794024965,MultiPolygon
Rüschegg,1682637,853,246,2,0.9992444170330269,0.010857274909521238,61.143,0.07559095610272519,57290357.665586345,57296577.837214746,MultiPolygon
Staldenried,1685380,6294,2313,23,0.998813239578745,0.04350568812415727,29.037,0.1187723346929686,14271521.353429811,14277730.277000407,MultiPolygon
Collonge-Bellerive,1685469,6616,,25,0.9991554785997765,0.005616665995821422,5.033,0.08448544320733647,10692733.595761035,10692133.020629138,MultiPolygon
Lengnau (AG),1684350,4312,1911,19,0.9966520262688886,0.03529109175374187,13.152,0.335299583385748,12670822.652071021,12666350.980422925,MultiPolygon
Payerne,1685094,5822,2222,22,0.9981787544501344,0.010629621919565105,46.983,0.18228086451716272,24178549.82560938,24175979.737177283,MultiPolygon
Göschenen,1683079,1208,,4,0.9997207107490504,0.003858305315269024,9.384,0.02793228689714032,104150242.80915332,104146224.37479915,MultiPolygon
Aesch (LU),1682812,1021,313,3,0.9986814362916845,0.001348071920021465,3.515,0.1319424693480482,5799521.096810322,5799442.91509492,MultiPolygon
Wahlen,1683718,2792,1302,13,0.9990019948061303,0.020385210739684433,2.555,0.0998605223200299,5407975.86856612,5409078.2958436785,MultiPolygon
Cartigny,1685460,6609,,25,0.9983844426734771,0.009819624229166865,3.499,0.1616942779228326,4383440.572005066,4383871.009397546,MultiPolygon
Lachen,1683088,1344,505,5,0.9960632488695558,0.0690019351159991,28.211,0.394315452222574,4343745.049928126,4340747.78178717,MultiPolygon
Neuenkirch,1682901,1093,314,3,0.9991640374566719,0.0032285711955297473,3.669,0.08363256065934097,26267403.137137473,26268251.198948972,MultiPolygon
Oberhallau,1683685,2972,1406,14,0.9998125186190734,0.01746433258624379,1.877,0.018751532992906474,6044554.89300844,6045610.534178313,MultiPolygon
Grüsch,1684086,3961,1849,18,0.999269221036182,0.0020318187535236106,22.223,0.07310386535988779,43295755.121716335,43294875.43044429,MultiPolygon
Einsiedeln,1683065,1301,501,5,0.9997012206064393,0.0034418155637475226,3.779,0.029882917728138014,109741586.3270454,109745363.4300435,MultiPolygon
Dornach,1683495,2473,1104,11,0.998587487022726,0.0067295552446545144,3.337,0.14135588402968785,5786490.54053595,5786879.945613602,MultiPolygon
Tresa,12597254,5239,2105,21,0.9919347825333359,0.06125188957691196,64.535,0.810035307024747,11179448.613873547,11186296.237393824,MultiPolygon
Derendingen,1683494,2517,1106,11,0.9986710825374375,0.02497635253719601,5.933,0.13296349925880302,5626063.083026604,5624657.897677022,MultiPolygon
Weesen,1683963,3316,1726,17,0.9977642751067617,0.05595281099227892,7.179,0.22376007476241777,5748661.4272654345,5745444.889602451,MultiPolygon
Fischbach-Göslikon,1684307,4067,1903,19,0.9930062480492959,0.05381002780948131,10.884,0.701640578157964,3070259.1327379975,3068607.025444848,MultiPolygon
Morges,1685064,5642,2227,22,0.9995095122391084,0.01405054719604459,7.74,0.04905736129589106,13578296.35291525,13576388.527977765,MultiPolygon
Busswil bei Melchnau,1682399,325,244,2,0.9982486479179573,0.021615622512060097,3.413,0.1752697594506522,2862456.649017562,2861837.911193739,MultiPolygon
Sirnach,1684557,4761,2014,20,0.9988575783695479,0.01613855563776244,4.859,0.11431668048714236,12384301.03438805,12386299.681700833,MultiPolygon
Boswil,1684277,4228,1908,19,0.9984920568691793,0.013740543364860238,14.336,0.15089772569741366,11776473.661969882,11774855.510499507,MultiPolygon
Brione sopra Minusio,1684636,5096,2104,21,0.9999922077539775,0.00016614422359956433,0.015,0.0007792269909111437,3816522.8162712613,3816516.4753390597,MultiPolygon
Feldbrunnen-St. Niklaus,1683504,2544,1107,11,0.9976901887050933,0.05110099597679815,3.424,0.23130728440872486,2509459.4499606015,2510741.8087331653,MultiPolygon
Stans,1683112,1509,,7,0.99898743426987,0.004339649875155237,3.436,0.10130566524503305,11083297.550260285,11082816.573951982,MultiPolygon
Mettmenstetten,1682166,9,101,1,0.9986513475101187,0.013773916439041665,3.623,0.1349469591508681,13027016.181446815,13025221.851123482,MultiPolygon
Orselina,1684732,5121,2104,21,0.9911966806646922,0.5823036795800022,18.226,0.886798420994394,1941255.069557017,1952559.0692570808,MultiPolygon
Niederbipp,1682574,981,244,2,0.9986541953173492,0.04964210245295167,40.158,0.1346376619762621,19770077.31978406,19760263.037745945,MultiPolygon
Lyssach,1682541,415,245,2,0.9986046742578619,0.006627298788000262,4.134,0.13962536202455164,6046793.314830467,6046392.5757704,MultiPolygon
Dörflingen,1683644,2915,1402,14,0.9978680284849911,0.06234760752945198,9.136,0.21349119173230202,5821058.537210394,5824687.827941233,MultiPolygon
Rüeggisberg,1682634,880,246,2,0.9993201851084944,0.006881536279098846,24.163,0.06800694430278757,35803699.497857794,35806163.342428,MultiPolygon
Escholzmatt-Marbach,2741953,1010,316,3,0.9996275972490614,0.001602788402964652,14.134,0.03724691207832666,106395487.98864534,106393782.69410259,MultiPolygon
Russin,1685528,6637,,25,0.9981332677259228,0.027181760011244113,10.411,0.186822230416898,4909769.1334064845,4908434.571743536,MultiPolygon
Tafers,12120617,2306,1006,10,0.9989261229224531,0.024103728716739607,25.977,0.10743245015662477,41347791.440253004,41337825.08077388,MultiPolygon
Kaiseraugst,1684336,4252,1909,19,0.9982593846928861,0.03373405752472065,5.579,0.17424253433109121,4904658.360209911,4906312.900482535,MultiPolygon
Lufingen,1682161,63,103,1,0.9979972999201026,0.01795072779867131,3.901,0.20048874236196154,5180632.222643938,5181562.183832475,MultiPolygon
Cugy (FR),1683306,2011,1001,10,0.9983823493542099,0.039118019166990425,43.754,0.1618643449157277,9876618.755989864,9872755.218371846,MultiPolygon
Buttwil,1684285,4230,1908,19,0.9999157378040577,0.0012061650506936781,1.05,0.008426523795707902,4568375.796858043,4568320.694705797,MultiPolygon
Mettauertal,1684366,4184,1906,19,0.9975336892142066,0.009103122207687138,12.574,0.24694682795628461,21592623.69351653,21594589.296439197,MultiPolygon
Ropraz,1685127,5798,2222,22,0.9975145161467726,0.012525016742688256,3.473,0.24887323589069585,4806682.097327057,4807284.135064515,MultiPolygon
Lyss,1682540,306,243,2,0.9991290741539331,0.018487007925579987,21.083,0.08712247280695615,14829634.66131956,14826893.105584387,MultiPolygon
Flawil,1683879,3402,1728,17,0.9981789854236247,0.02008614660394344,12.629,0.1822491081963961,11469051.217576716,11466747.527135072,MultiPolygon
La Brillaz,1683343,2234,1004,10,0.9962317549947567,0.03962168966694688,18.252,0.377610617302664,10303705.059242038,10307787.561284808,MultiPolygon
Hospental,1683081,1210,,4,0.9985676793102364,0.005436915706496709,52.293,0.14333861611271495,35165419.89380834,35167331.808045805,MultiPolygon
Chamblon,1684882,5904,2224,22,0.99825347124023,0.008612260917977435,3.461,0.17479800006341648,2859901.4988175165,2859655.196638441,MultiPolygon
Curtilles,1684939,5669,2222,22,0.9983826395489853,0.0006333758159614089,3.262,0.1618664310850383,4961262.791377575,4961231.367938888,MultiPolygon
Stammheim,9173171,292,102,1,0.9991519090684265,0.013461076698067367,3.993,0.08485078185524017,23953803.085951317,23957027.52575682,MultiPolygon
Zufikon,1684474,4083,1903,19,0.9966471775160055,0.012577025206790736,9.215,0.33582414350259865,4806350.209377073,4805745.713499713,MultiPolygon
Oberrieden,1682178,137,106,1,0.998121655020495,0.03810673615029242,5.505,0.18804689521948068,2790833.2975980076,2791896.793079118,MultiPolygon
Schönenbuch,1683705,2774,1301,13,0.9970363659803305,0.0742095101291761,12.958,0.2966930819080475,1345542.1966671613,1344543.6763944332,MultiPolygon
Auenstein,1684258,4091,1904,19,0.9971509665145208,0.08140560287202701,9.079,0.2854259061741601,5681954.403080956,5686579.832317698,MultiPolygon
Willadingen,1682726,423,245,2,0.9979278647519749,0.05719124455294298,3.243,0.20736911923635576,2167171.9264690205,2165932.493872671,MultiPolygon
Beatenberg,1682372,571,250,2,0.999997277640581,3.0259097704173175e-05,0.016,0.0002722362711680102,29246711.429226868,29246702.57943588,MultiPolygon
Fribourg,1683318,2196,1004,10,0.9993277295535558,0.02604933021927452,8.936,0.06725840866216759,9284601.629681434,9287020.206219494,MultiPolygon
Eppenberg-Wöschnau,1683499,2574,1108,11,0.9972417323814333,0.02857170809907332,3.582,0.2761682305919573,1811605.7130058534,1811088.1063096272,MultiPolygon
Crésuz,1683305,2130,1003,10,0.9999923644128985,0.00013651669378067258,0.007,0.0007635611041151407,1793803.912773548,1793801.4639317533,MultiPolygon
Attiswil,1682367,971,244,2,0.9986718483733577,0.010187480034547702,3.273,0.13291019036614132,7646854.699845676,7647633.721641494,MultiPolygon
Remaufens,1683386,2333,1007,10,0.9984328416774454,0.02528261079817319,3.397,0.15681890135162257,5906956.123727511,5905462.69100073,MultiPolygon
Préverenges,1685111,5643,2227,22,0.9996338905882735,0.005235873046089231,3.99,0.036618602831444254,10121850.134411823,10122380.101634776,MultiPolygon
Fischenthal,1682122,114,105,1,0.9984720603867836,0.053447056233622794,17.378,0.15295164369620004,30241253.655271567,30257416.715118453,MultiPolygon
Ligerz,1682534,740,242,2,0.9907006414458728,0.29890388873254653,21.539,0.9356762571329191,1792289.0273165277,1797646.2489165035,MultiPolygon
La Verrerie,1683347,2338,1007,10,0.9989564431408585,0.007167748075163131,3.394,0.10441390681484447,13432346.972157422,13433309.768948968,MultiPolygon
Les Genevez (JU),1685613,6748,2602,26,0.9982618355119741,0.06308136483918536,9.058,0.17391277040939948,13635132.311671255,13626531.084111424,MultiPolygon
Alto Malcantone,1684613,5237,2105,21,0.9974420631747422,0.006339615186742975,25.942,0.25612937206979797,22058111.297971338,22059509.697345093,MultiPolygon
Ergisch,1685299,6104,2306,23,0.9992421728134361,0.00023980229122290143,20.763,0.0758115355419878,29533305.92504981,29533376.746594094,MultiPolygon
Aedermannsdorf,1683473,2421,1102,11,0.9987705836347144,0.019682651890466127,15.508,0.12300514971309473,12916326.503980976,12913784.228398161,MultiPolygon
Arbon,1684500,4401,2011,20,0.9988991079370545,0.010470374280130446,4.686,0.11015560438585618,6044705.165718943,6045338.068973924,MultiPolygon
Châtel-sur-Montsalvens,1683291,2128,1003,10,0.996666219112219,0.14187397741238214,11.26,0.33417160460965983,2028777.640225412,2031655.947756453,MultiPolygon
Oberbipp,1682585,983,244,2,0.9986063223015144,0.01811520130533767,3.434,0.13947758662559526,8451594.026250059,8453125.049521424,MultiPolygon
Evolène,1685303,6083,2305,23,0.9971394209185931,0.019472971212598684,113.916,0.28643974792908805,209989325.27943265,209948434.11857146,MultiPolygon
Homburg,1684530,4816,2012,20,0.9989252570181997,0.0003407955002335847,6.065,0.10753189962302227,24126971.486938927,24126889.263305757,MultiPolygon
Oberburg,1682586,418,245,2,0.9978592771080054,0.06014398428339791,16.849,0.21423722466304898,14138283.04636945,14129779.7196361,MultiPolygon
Eggiwil,1682427,901,245,2,0.9994700405311046,0.011044378642762033,10.398,0.05300706615113108,60305136.17997745,60298475.8523967,MultiPolygon
Lindau,1682160,176,108,1,0.9985440497678555,0.009842243854452353,5.433,0.14570826011067248,11987134.665482003,11988314.468506942,MultiPolygon
Oeschgen,1684394,4175,1906,19,0.9978865508680416,0.003846684719003528,9.624,0.21156441362282571,4377508.762228953,4377340.373268323,MultiPolygon
Kaltbrunn,1683899,3313,1726,17,0.998598608039971,8.782228515507852e-05,6.972,0.14023739824726,18641532.231577456,18641515.860157862,MultiPolygon
Breggia,1684634,5269,2106,21,0.9974461576175166,0.031530335096779,40.405,0.2556704475078081,25482686.398337062,25474651.621924005,MultiPolygon
Bister,1685277,6172,2309,23,0.9985545687814226,0.011923314750815388,6.06,0.1446390375821749,5807362.384718876,5806669.954623026,MultiPolygon
Bettwil,1684270,4227,1908,19,0.9960484969177749,0.005428587490478134,10.278,0.39592182583994917,4249487.766888047,4249257.079726724,MultiPolygon
Schwarzenburg,1682656,855,246,2,0.9993251512156134,0.015069941364496733,11.379,0.06751274385102644,44799731.75525735,44806483.04856432,MultiPolygon
Hasliberg,1682470,783,250,2,0.9955326990187797,0.10868289367571012,83.234,0.44797347389046743,41735954.7683342,41781314.61167961,MultiPolygon
Wiedlisbach,1682721,995,244,2,0.9984211845187111,0.0027574965202827382,7.793,0.15800410100044454,7504027.252377414,7503820.329087049,MultiPolygon
Rüfenach,1684410,4112,1904,19,0.9939731117761113,0.05344349097993665,31.607,0.6043489451859476,4171732.976515843,4169503.456778832,MultiPolygon
Roggwil (BE),1682623,337,244,2,0.998089575322369,0.009722860886087356,13.02,0.1912344246418208,7841656.7884009285,7842419.221781629,MultiPolygon
Rudolfstetten-Friedlisberg,1684408,4075,1903,19,0.9976540076212203,0.1223541971390088,15.175,0.23501843461338198,4903490.951342017,4909490.578327316,MultiPolygon
Matran,1683361,2208,1004,10,0.9986368316112438,0.03125599894878573,2.999,0.1364311317736041,2912526.6409175675,2913436.980213836,MultiPolygon
Horriwil,1683526,2523,1106,11,0.9978313123823382,0.040609140236976114,3.405,0.21706009526691558,2637257.8852175814,2636186.9174645627,MultiPolygon
Soral,1685533,6639,,25,0.9950121093036782,0.329330343385885,5.001,0.499212747062605,2942020.6531265373,2932331.686407112,MultiPolygon
Bolken,1683485,2514,1106,11,0.9975830281611516,0.03932395369845315,3.166,0.24203720488326333,2116382.6446199804,2117214.889951233,MultiPolygon
Bremgarten bei Bern,1682389,353,246,2,0.9986832907551335,0.0035816460897242428,2.972,0.13176002730291164,1897819.1234865712,1897887.0966509976,MultiPolygon
Conters im Prättigau,1684065,3881,1849,18,0.999326170405019,0.0008436693193754525,3.779,0.06740538512505737,18397221.664007094,18397066.452292297,MultiPolygon
Gampelen,1682449,495,243,2,0.9989712017965943,0.015147755183697858,26.831,0.10294056486631381,10843057.722083462,10844700.20192163,MultiPolygon
Steinhausen,1683148,1708,,9,0.9982590255926236,0.009558064133461313,7.825,0.17425744979021418,5045759.498372548,5046241.775301423,MultiPolygon
Erlinsbach (AG),1684305,4005,1901,19,0.997520982374564,0.07256787351330264,10.333,0.24811936015830816,9860889.690806136,9853733.852848025,MultiPolygon
Wolfenschiessen,1683122,1511,,7,0.9995067951036648,0.0023049245069923035,12.901,0.049332086646997585,92698816.80497496,92696680.16722873,MultiPolygon
Oberdorf (SO),1683561,2553,1107,11,0.9992673073576205,0.016026487143099226,2.884,0.07329024260420722,11915125.488371916,11913215.912317438,MultiPolygon
Oberwil (BL),1683686,2771,1301,13,0.9987561918640654,0.01644878549512001,10.35,0.12444797873104824,7885397.348117549,7884100.296022319,MultiPolygon
Trasadingen,1683717,2973,1406,14,0.9913706271726742,0.08956094046479687,26.98,0.8662886190946761,4142288.4832185465,4138578.610696211,MultiPolygon
Ferrera,1684076,3713,1851,18,0.9990799357222042,0.0026869132596340447,36.771,0.09205000980877001,75463804.36961639,75465832.01658222,MultiPolygon
Silvaplana,1684170,3790,1846,18,0.9992378427441123,0.011271460436482228,30.618,0.07624907779539167,44774281.38274042,44779328.0981522,MultiPolygon
Niederbüren,1683912,3422,1728,17,0.9990089486572733,0.006745654084611937,6.752,0.09915761205957815,15836640.817894926,15837709.102903124,MultiPolygon
Campo (Vallemaggia),1684646,5307,2108,21,0.9947759043711025,0.08187486591392609,65.189,0.5235632741309493,43304786.202904545,43269330.467266604,MultiPolygon
Dallenwil,1683064,1503,,7,0.9992838017825912,0.0005876856785201601,3.309,0.07164568844782869,15474864.764957936,15474955.70852193,MultiPolygon
Spiez,1682672,768,249,2,0.9955881052292631,0.0393982196074107,56.374,0.44207776696829176,16727941.10190558,16721350.590934454,MultiPolygon
Soyhières,1685631,6724,2601,26,0.9956783517928843,0.08459207432957691,18.792,0.43291749066726476,7506142.949481626,7499793.347458516,MultiPolygon
Oberglatt,1682177,92,104,1,0.9983118704261336,0.008884852554441346,3.932,0.1689480611045453,8248507.489605781,8247774.621877387,MultiPolygon
Blauen,1683627,2781,1302,13,0.9987137707136614,0.003248804030288091,16.601,0.1287036104570169,7124678.628359681,7124447.161513258,MultiPolygon
Niedermuhlern,1682576,877,246,2,0.9991101583913642,0.00908073072106514,24.163,0.08901972738628904,7256970.882356068,7256311.896371735,MultiPolygon
Tobel-Tägerschen,1684563,4776,2014,20,0.9980105024515612,0.009198267560514324,3.604,0.19913869785405783,7105394.047773548,7104740.474617805,MultiPolygon
Himmelried,1683522,2618,1110,11,0.998146305946794,0.04333658671354867,13.016,0.1855011701420062,6025069.712063925,6022458.652503605,MultiPolygon
Orzens,1685087,5925,2224,22,0.9984130838740151,0.012298503491691879,3.401,0.15882739382129152,4195805.336833474,4196321.358099329,MultiPolygon
Schüpfheim,1682921,1008,316,3,0.9993139818989603,0.002503972256305026,3.518,0.06862449004033246,38377680.26232812,38376719.295861736,MultiPolygon
Dürrenroth,1682426,952,245,2,0.9980717016866442,0.06775682311382612,62.852,0.19295053674888732,14134236.811003428,14124659.901168907,MultiPolygon
Balsthal,1683478,2422,1102,11,0.9991999253032323,0.0028764205530422172,3.554,0.08004063959757635,15708871.97212262,15709323.825344678,MultiPolygon
Rütschelen,1682640,340,244,2,0.9980480442853321,0.018900236637519854,3.549,0.19540472836725042,3980966.4760274594,3981718.888111889,MultiPolygon
Stocken-Höfen,3411388,770,247,2,0.9984511283087184,0.03744845067874879,53.556,0.1549781883698866,14224491.738158932,14219164.886386065,MultiPolygon
Leytron,1685330,6135,2307,23,0.9992909270679783,0.01783278775232832,6.249,0.07093876595509312,26824568.807844214,26829352.376265194,MultiPolygon
Lavizzara,1684694,5323,2108,21,0.9988527812735288,0.0064141990475459956,61.98,0.11478403459943774,187528920.01505142,187516891.53684995,MultiPolygon
Trimmis,1684191,3945,1845,18,0.9994509384334135,0.008333415555770145,9.556,0.0549189458206354,42874171.37551517,42870598.492648356,MultiPolygon
Büren an der Aare,1682406,383,243,2,0.9966163504362744,0.1569898860452657,26.386,0.3392044302133522,12602984.595199166,12622770.006353471,MultiPolygon
Ardon,1685268,6021,2302,23,0.9988521761751594,0.022671223273338138,13.3,0.11486131404550343,20393716.690171827,20398340.195216388,MultiPolygon
Langnau im Emmental,1682525,902,245,2,0.9993769234711535,0.0010385580396899596,13.51,0.062327393803375084,48362679.60940148,48363181.88389877,MultiPolygon
Sempach,1682922,1102,314,3,0.9992881133384591,0.022663402463882314,3.662,0.07120594454812311,11676584.022762777,11673937.711531665,MultiPolygon
Bourrignon,1685576,6703,2601,26,0.9964615879798631,0.028874118700466612,14.322,0.3544171547094908,13552536.289746879,13548623.114331653,MultiPolygon
Pratteln,1683690,2831,1303,13,0.9986282754132696,0.00029471677888007403,9.91,0.13726680693512705,10705946.792895548,10705978.345117085,MultiPolygon
Breitenbach,1683487,2613,1110,11,0.9988464364845248,0.0014099155965616567,3.535,0.11542373906818021,6801236.89175505,6801332.783454746,MultiPolygon
Sargans,1683931,3296,1725,17,0.9983791970221819,0.06287194321715035,16.259,0.16216076158812973,9463888.813581197,9457938.682780188,MultiPolygon
Schwarzhäusern,1682657,341,244,2,0.9979858069044142,0.07048699565768353,5.212,0.20169342151707673,3794115.9365993054,3796790.2949347836,MultiPolygon
Rüschlikon,1682200,139,106,1,0.9984105971756644,0.040030875612171155,3.718,0.15909853085414535,2933124.232283526,2934298.387596502,MultiPolygon
Wilen (TG),1684571,4786,2014,20,0.9963521550460986,0.018203432660963047,8.622,0.36541778745615583,2250496.6773585305,2250087.0097113303,MultiPolygon
Lens,1685326,6240,2311,23,0.9986128751825954,0.0076518271769233205,5.421,0.13880344357153723,13979548.882160706,13978479.19124013,MultiPolygon
Lamone,1684692,5189,2105,21,0.9925522969952513,0.32835778065618265,71.422,0.7463267548674166,1863411.6694563066,1857293.0122539916,MultiPolygon
Schwaderloch,1684422,4176,1906,19,0.9930215689934508,0.13281599925084395,17.943,0.7007515976370157,2771243.1760758464,2774923.8303918224,MultiPolygon
Rorschach,1683927,3215,1722,17,0.9963994768844315,0.014597515457861362,10.964,0.36072799564615815,1791417.9948315632,1791679.4973502737,MultiPolygon
Porza,1684741,5214,2105,21,0.9999907148783557,0.00013283188264549516,0.015,0.0009285170916524268,1562098.6445509687,1562100.719516007,MultiPolygon
Gals,1682448,494,243,2,0.9961456658919885,0.2538586311343007,80.573,0.38666781226001246,7845849.133676103,7865766.498887716,MultiPolygon
Grancia,1684683,5186,2105,21,0.9967729411417168,0.045440666258974506,2.975,0.3231539844400829,612286.9311079265,612008.7038470145,MultiPolygon
Schönholzerswilen,1684556,4756,2015,20,0.9978632659589519,0.004968650209885255,7.432,0.2138966158528835,10933172.260497471,10932629.029411003,MultiPolygon
Prangins,1685107,5725,2228,22,0.9984370747557685,0.0550691726032426,56.439,0.15637168855282185,11567363.10920291,11560993.05804666,MultiPolygon
Rumisberg,1682629,987,244,2,0.9979897307055914,0.016398855542632436,7.793,0.2012126922314532,5136585.444619025,5135743.103392138,MultiPolygon
Semsales,1683398,2336,1007,10,0.9993074560484987,0.0058533043701734086,13.798,0.0692804118505127,29358937.61156059,29360656.079538845,MultiPolygon
Wolfwil,1683591,2408,1101,11,0.997985694157071,0.04180642529269701,21.781,0.20159151231009834,6882176.233459868,6879299.041594314,MultiPolygon
Rafz,1682190,67,103,1,0.9989639410083045,0.0015799827927367523,3.883,0.10365877899678444,10683961.909341374,10683793.104581624,MultiPolygon
Heimberg,1682472,928,247,2,0.997748472280853,0.04979782533009717,8.457,0.2254626502098165,5435082.055563687,5437788.608232264,MultiPolygon
Villars-le-Terroir,1685189,5537,2223,22,0.9977627815011391,0.0013244756350970742,32.722,0.2239738707002029,7092634.989759526,7092728.929981852,MultiPolygon
Ollon,1685077,5409,2221,22,0.9995032375634227,0.007329416660213065,4.315,0.04968676442726255,59556698.86102713,59552333.702418536,MultiPolygon
Lommiswil,1683542,2551,1107,11,0.9987587175054141,0.002190294463120357,3.255,0.12420669664486379,5756276.016331948,5756402.095726816,MultiPolygon
Lugano,2888417,5192,2105,21,0.9971579148340528,0.02849511872771164,51.357,0.28465351413662476,86207956.7069231,86232521.76653947,MultiPolygon
Collonges,1685292,6211,2310,23,0.9989285229852505,0.00813425068153701,3.853,0.107200775227053,12206901.035579074,12205908.095648393,MultiPolygon
Hölstein,1683659,2886,1305,13,0.9986484228619277,0.007335818787870302,3.279,0.13524415279711194,6024856.982443991,6024415.009853531,MultiPolygon
Koblenz,1684343,4310,1911,19,0.9954518730533075,0.1274547842188117,13.112,0.4555588240818059,4075634.65024353,4070440.058894515,MultiPolygon
Fieschertal,1685306,6058,2304,23,0.9984973605807487,0.05743203126478436,68.754,0.15042010533204836,172824151.27052847,172923407.69111925,MultiPolygon
Vico Morcote,1684771,5233,2105,21,0.9999901996332458,0.00023045685727358603,0.012,0.0009800426071171348,2446164.245027543,2446169.882380786,MultiPolygon
Herbetswil,1683519,2424,1102,11,0.9992245635274046,0.008216596850298196,3.433,0.0775769109671257,16295917.893469693,16297256.863346055,MultiPolygon
Goldach,1683885,3213,1722,17,0.9973992354923722,0.07720659822515955,22.253,0.2603145611083359,4723643.713392522,4719996.748769135,MultiPolygon
Neftenbach,1682170,223,110,1,0.9990669013705941,0.00580773833486753,4.974,0.09335612777447555,15068212.61719198,15069087.739552528,MultiPolygon
Volken,1682226,43,102,1,0.9976478714005689,0.01917018881757014,3.747,0.23546723918222495,3202426.951053364,3201813.0397601025,MultiPolygon
Tschugg,1682693,501,243,2,0.9958031760363592,0.17231615624121396,13.751,0.4209272654683283,3288171.9210070376,3293837.97247192,MultiPolygon
Laténa,18488711,6513,,24,0.9999941854001095,7.530520728574126e-05,0.237,0.0005814618986189569,26105033.590397697,26105053.248847354,MultiPolygon
Pontresina,1684131,3784,1846,18,0.9990781538741322,0.020935310556172922,75.144,0.09223677621173189,118178624.27850038,118203365.3405041,MultiPolygon
Stansstad,1683113,1510,,7,0.9991370786904055,0.022526010454801453,29.616,0.0863391019721772,17130203.9624598,17134062.71399531,MultiPolygon
Nendaz,1685346,6024,2302,23,0.998446303066716,0.03212615236101609,29.61,0.15546550931846925,85933037.15911417,85905430.18066798,MultiPolygon
Tenniken,1683712,2863,1304,13,0.9984215120314766,0.02366001701465223,3.519,0.1579921647440429,4672569.841688711,4673675.372508276,MultiPolygon
Le Mouret,1683352,2220,1004,10,0.9994482402766003,0.001786565482020876,13.035,0.05519070546656029,18560798.33572526,18560466.734909005,MultiPolygon
Zunzgen,1683726,2869,1304,13,0.9988116793887604,0.018735522449287577,3.519,0.11889156987168693,6858044.597734956,6856759.707249765,MultiPolygon
Gündlischwand,1682466,578,250,2,0.9974694203706046,0.09287790872572046,46.403,0.2532608938971009,16691840.53611138,16676337.503693609,MultiPolygon
Gurbrü,1682463,665,246,2,0.9977432808428831,0.02436957425181168,3.131,0.22595437113317762,1861076.2383428833,1861529.774698669,MultiPolygon
Hüttikon,1682149,87,104,1,0.9959610718045627,0.04997736869563308,3.895,0.404811248828882,1589128.0086720155,1589922.213035955,MultiPolygon
Genolier,1684982,5718,2228,22,0.9958058704210405,0.17008914318669408,59.099,0.4206517798853527,4864169.411948919,4872442.8360248525,MultiPolygon
Val-de-Ruz,2761758,6487,,24,0.999649180806227,0.004442822682819745,16.967,0.03508885361251916,124305512.1986031,124311034.87209505,MultiPolygon
Marthalen,1682162,35,102,1,0.9984237764864895,0.018540856065740248,13.698,0.15773204956704218,14130448.163272673,14127828.257217277,MultiPolygon
Würenlingen,1684468,4047,1902,19,0.9968983361061152,0.08355730362728118,9.454,0.31077793707758056,9373865.099841582,9381697.648764668,MultiPolygon
Ferenbalm,1682440,662,246,2,0.9989771585631171,0.007158606188659182,3.098,0.10233281775194308,9130549.759061314,9129896.138961203,MultiPolygon
Felsberg,1684075,3731,1844,18,0.9990463514509785,0.00891909764794373,3.401,0.09540609400135823,13396297.186525673,13395102.357698398,MultiPolygon
Unterkulm,1684447,4146,1905,19,0.9971239891665237,0.036756521094302184,10.866,0.28806818303185056,8883220.690610556,8886485.853497554,MultiPolygon
Suchy,1685155,5929,2224,22,0.9988525285203349,0.00934903798628495,3.476,0.11480765334319423,6637361.714061489,6636741.184593555,MultiPolygon
Mathod,1685044,5919,2224,22,0.998965526150535,0.016498985874765594,9.251,0.10350945774479377,6585902.011268,6586988.618310565,MultiPolygon
Wohlen bei Bern,1682728,360,246,2,0.9996134821966306,0.001053942094702708,9.735,0.038659047858415056,36318493.526544124,36318110.750652686,MultiPolygon
Wattenwil,1682718,886,247,2,0.9991617312949695,0.004313342390021683,2.984,0.08386021132850667,14536566.90626317,14535939.894360749,MultiPolygon
Wittenbach,1683967,3204,1721,17,0.9977403118946182,0.03566777068559332,20.811,0.22626475344252353,12198819.683301724,12203170.730332714,MultiPolygon
Vullierens,1685204,5654,2227,22,0.9987026270502658,0.0015054549108185242,3.114,0.1298224856322496,6844381.549851414,6844484.588929571,MultiPolygon
Moosseedorf,1682558,544,246,2,0.9993997114352835,0.008155951509265267,4.11,0.06004932789630731,6378615.705709045,6379135.942512965,MultiPolygon
Wil (ZH),1682239,71,103,1,0.9975165011433057,0.08056131574199467,16.711,0.24875881875814662,8937786.203993676,8944986.60215782,MultiPolygon
Haute-Ajoie,1685603,6809,2603,26,0.9982449893158717,0.04882866542370176,26.898,0.17569809184202484,40927950.39587098,40947934.96783456,MultiPolygon
Albinen,1685265,6102,2306,23,0.9980893976737761,0.002596486439556048,31.733,0.19124541001151987,15555825.123430435,15556229.028320326,MultiPolygon
Gächlingen,1683653,2901,1401,14,0.990134145479453,0.25183111813368525,33.616,0.9927247556513207,7129982.036421339,7147937.54990639,MultiPolygon
Corcelles (BE),1682411,687,241,2,0.9982356735323494,0.021398303315616766,6.307,0.17656953311909415,6787636.177221323,6786183.738244161,MultiPolygon
Freienbach,1683073,1322,503,5,0.9982863219573628,0.00012951382886656384,16.094,0.17151465373941646,20691618.807746142,20691592.00923837,MultiPolygon
L'Abbaye,1685007,5871,2224,22,0.9995704047482452,0.014926873546212643,3.701,0.04297196170782047,36274877.67158516,36280292.37670424,MultiPolygon
Furna,1684083,3862,1849,18,0.9993749737090605,0.0013058053455841556,3.62,0.0625225763022537,33317045.232035946,33317480.287793577,MultiPolygon
Lotzwil,1682538,331,244,2,0.9956156445361832,0.21012886050311733,26.089,0.43893713478541363,6222105.351147498,6209030.912073828,MultiPolygon
Courchavon,1685588,6783,2603,26,0.996244650905199,0.1023877135141746,8.528,0.37604875585391234,6193841.13456206,6187499.402245682,MultiPolygon
Neerach,1682169,88,104,1,0.9981449137323478,0.01020485777105131,4.353,0.18567137953263776,6042074.529490421,6041457.944378265,MultiPolygon
Densbüren,1684291,4004,1901,19,0.9969792006833362,0.09481757472813925,12.077,0.30239345420369146,12524574.303823404,12512698.806223495,MultiPolygon
Pomy,1685105,5926,2224,22,0.9952109344751382,0.11253375398056663,17.7,0.48032617500948693,5617158.460263436,5623479.659545807,MultiPolygon
Mühlau,1684376,4235,1908,19,0.9959666410019893,0.026393614524527136,13.232,0.4042042777428306,5522303.474468043,5523761.009959969,MultiPolygon
Vallorbe,1685174,5764,2224,22,0.9980040034420944,0.0003847673392123382,32.072,0.19979867052285155,23195818.36874328,23195729.118810136,MultiPolygon
Marbach (SG),1683905,3253,1723,17,0.9986114821764832,0.00937154725702184,2.728,0.13895475921180914,4380546.804815373,4380957.329829303,MultiPolygon
Hemmiken,1683656,2848,1304,13,0.9984405593787095,0.023707948575246426,2.993,0.15604724977024553,3390706.5661864053,3389902.6992173563,MultiPolygon
Eggenwil,1684298,4066,1903,19,0.9950587901562477,0.10045052230632011,11.887,0.4955935738528717,2460369.781528433,2462841.235824645,MultiPolygon
Kandergrund,1682501,564,249,2,0.9997847802952314,0.005545135351827102,4.019,0.02152488347762639,32089378.136521332,32091157.53597256,MultiPolygon
Zuoz,1684213,3791,1846,18,0.9987093106858235,0.006306639655093763,24.563,0.12915635173488244,65783192.77695696,65787341.48587902,MultiPolygon
Silenen,1683108,1216,,4,0.9997162797321139,0.00046212033963734456,14.618,0.028376117784983848,144785269.5581888,144785938.64036822,MultiPolygon
Birr,1684273,4092,1904,19,0.9966685542882342,0.02441645951651852,11.861,0.33374116251363223,5046965.322665947,5048197.612910768,MultiPolygon
Besenbüren,1684269,4226,1908,19,0.9966245299066975,0.049243008620300496,7.323,0.33803441270420503,2379992.3870620294,2378820.407205706,MultiPolygon
Burgistein,1682398,863,247,2,0.9989625488232047,0.0006661817070400659,3.408,0.1037993066013859,7524667.535447064,7524717.663405701,MultiPolygon
Rueyres,1685132,5534,2223,22,0.9952818994260124,0.06841647900729288,9.428,0.47308749249807003,2003715.0521544118,2005085.923442435,MultiPolygon
Medel (Lucmagn),1684117,3983,1850,18,0.9998262408601302,0.005989380035787081,3.531,0.017377944130226378,136222913.41529557,136231072.32327583,MultiPolygon
Cazis,1684061,3661,1851,18,0.9993216841003387,0.0031921391764693752,3.654,0.06785568640092783,31176551.25086394,31177546.44977029,MultiPolygon
Hermrigen,1682478,737,243,2,0.9925814425306612,0.2699844605943884,14.869,0.7456229177852927,3417670.6815635543,3426897.8613180663,MultiPolygon
Ellikon an der Thur,1682116,218,110,1,0.9987237133138802,0.048093507162813263,6.089,0.1277408761531478,5017339.789572532,5019752.804243613,MultiPolygon
Buochs,1683062,1502,,7,0.9935456586405983,0.5356963386487845,17.414,0.6492581864403046,12044655.096929142,12109177.873286266,MultiPolygon
Billens-Hennens,1683275,2063,1002,10,0.9990961580163165,0.017767796147369397,3.143,0.0904170300823229,4894179.638694339,4893310.05083305,MultiPolygon
Ponte Capriasca,1684739,5212,2105,21,0.999992086181804,0.0001383128531144682,0.016,0.0007913844038457614,6165475.291824291,6165466.764179507,MultiPolygon
Küsnacht (ZH),1682157,154,107,1,0.9987135968322493,0.00841543355351735,3.646,0.12871769538094133,12365586.335753998,12364545.71805241,MultiPolygon
Chur,1684063,3901,1848,18,0.9994215222966221,0.00016835974793097427,9.556,0.05786455571153977,81988627.48225705,81988765.51810361,MultiPolygon
Schänis,1683936,3315,1726,17,0.9993557239924005,0.003683778245886783,6.972,0.06444954909400515,39904596.99474645,39906066.99160965,MultiPolygon
Vétroz,1685403,6025,2302,23,0.9978625701320343,0.024400223838230792,13.3,0.21394555672461646,10433332.449269524,10430786.692798115,MultiPolygon
Brissago,1684637,5097,2104,21,0.9979666106447191,0.14405183856827344,33.52,0.2033992737495851,23787987.992934063,23753720.95887184,MultiPolygon
Bürglen (UR),1683063,1205,,4,0.9994928349703421,0.007422833994957043,3.726,0.05072748426778905,53064560.787228055,53060621.89297067,MultiPolygon
Riemenstalden,1683097,1369,506,5,0.9978635747621613,0.03782445032468922,15.829,0.21383053570508803,11203047.92478441,11198810.43348725,MultiPolygon
Eschert,1682435,692,241,2,0.9971756384897329,0.011687161599142494,30.976,0.28281903824486165,6584026.3927304605,6583256.906926212,MultiPolygon
Seftigen,1682663,883,247,2,0.9986655357161653,0.00929922693180249,3.183,0.1335293186936829,3894547.138430477,3894184.9756541084,MultiPolygon
Matzingen,1684542,4591,2012,20,0.9969778011714361,0.02650178174879056,26.611,0.3026371508509357,7683045.467451511,7681009.323510067,MultiPolygon
Dottikon,1684294,4065,1903,19,0.9929131706019971,0.11715944914400518,16.011,0.7107864062858658,3885302.341972488,3880750.343151054,MultiPolygon
Oberengstringen,1682176,245,111,1,0.9979054028535188,0.015083968755210012,6.996,0.20966349751091645,2153104.3863600558,2152779.61276715,MultiPolygon
Bichelsee-Balterswil,1684505,4721,2014,20,0.9979261479409711,0.029851973592616984,47.845,0.20763145865542246,12258327.280685946,12261986.633308673,MultiPolygon
Nusshof,1683683,2854,1304,13,0.9973364679223902,0.05876261200251625,2.892,0.2667867633628924,1721449.2702934889,1722460.8388490116,MultiPolygon
Wachseldorn,1682709,946,247,2,0.9982599926266684,0.021694353586386335,3.738,0.17413335983049455,3513242.515221553,3512480.3399679535,MultiPolygon
Meienried,1682549,389,243,2,0.9976069836587667,0.21939363245815818,3.439,0.2393254827450497,652534.2016865119,651102.5831984,MultiPolygon
Moiry,1685050,5490,2227,22,0.9985356474045777,0.010261662639635625,5.637,0.14653503567592707,6664319.800490081,6663635.930474929,MultiPolygon
Vandoeuvres,1685538,6642,,25,0.9985418190898172,0.015888590950003764,3.598,0.14591289049398254,4419865.130156941,4419162.875865868,MultiPolygon
Lichtensteig,1683902,3374,1727,17,0.9970393560969112,0.015558978680163238,4.597,0.2965263771117665,2820085.8737140275,2820524.650273881,MultiPolygon
Saas-Balen,1685361,6289,2313,23,0.996020105351948,0.10965528533078213,50.565,0.3990016653431008,30204370.204425212,30237490.89275524,MultiPolygon
Hagenbuch,1682132,220,110,1,0.9983536443748593,0.025995503881943813,4.577,0.16474978195714676,8126281.233291013,8124168.765537555,MultiPolygon
Nyon,1685074,5724,2228,22,0.998766284917795,0.03597823724817277,11.507,0.12342545069354538,11437965.199597603,11433850.021341728,MultiPolygon
Gommiswald,2754666,3341,1726,17,0.9992706900825684,0.0035993012192996367,16.306,0.07295890907439205,33585876.97166247,33587085.82854182,MultiPolygon
Oltingen,1683687,2855,1304,13,0.9985696183299142,0.004762686151893917,3.581,0.14314394847799367,7178481.214065521,7178823.10259622,MultiPolygon
Diepflingen,1683641,2845,1304,13,0.9984089266264679,0.017821782912544017,2.268,0.15924820302318,1437158.0848799583,1437414.2120739557,MultiPolygon
Val Mara,14040250,5240,2105,21,0.9965157923516558,0.03377713476038878,22.735,0.3489698632920312,12521678.827401666,12517449.363069871,MultiPolygon
Céligny,1685478,6610,,25,0.9980046477250647,0.04725012378534703,20.76,0.1996873104371401,8587388.645366432,8583331.093601568,MultiPolygon
Niederhünigen,1682575,617,246,2,0.9983953352869135,0.04574518440107059,7.475,0.1606320544450763,5418483.73802166,5420962.43339936,MultiPolygon
Veytaux,1685179,5891,2230,22,0.9986127047647829,0.05376628052364409,8.851,0.13886314046084,9609239.472614754,9614406.003265789,MultiPolygon
Celerina/Schlarigna,1684062,3782,1846,18,0.9990773898964982,0.0014863359602109163,3.756,0.0923029044919623,24024886.98694808,24024529.896413393,MultiPolygon
Ependes (VD),1684960,5914,2224,22,0.9988839102443169,0.0015656646931523645,3.315,0.1116704189623874,4810987.799377189,4810912.475439822,MultiPolygon
Plateau de Diesse,3411353,726,241,2,0.9993446267905404,0.012901459195472297,3.9,0.06555457466654603,25549799.702892717,25546503.405909523,MultiPolygon
Riggisberg,1682620,879,246,2,0.9993405110877943,0.0012534901068899187,2.992,0.06597105814268063,34505353.29008638,34505785.81127622,MultiPolygon
Graben,1682454,976,244,2,0.9983814723229223,0.002953502283261104,2.985,0.1619862474827854,3160025.0222669775,3160118.3536781617,MultiPolygon
Bellinzona,1684625,5002,2101,21,0.9982226715042541,0.03988455259328621,47.845,0.17792641039042786,164200415.25660336,164265905.85758477,MultiPolygon
Cologny,1685470,6617,,25,0.9987352610936101,0.028246793991785774,5.033,0.12657179318430858,7432260.346162854,7434359.721431768,MultiPolygon
Schneisingen,1684420,4318,1911,19,0.9967225558304723,0.00860722480499737,15.541,0.3282965085410375,8259374.483742466,8260085.3866717685,MultiPolygon
Doppleschwand,1682824,1001,316,3,0.9986724132561947,0.0054066593695810995,3.367,0.13284326595525206,6944688.48155646,6944313.005905984,MultiPolygon
Chavannes-le-Veyron,1684892,5475,2227,22,0.9964289514300899,0.05655456774721909,32.302,0.3578447770848613,2644803.208234361,2646298.9652565424,MultiPolygon
Münchenstein,1683678,2769,1301,13,0.9987020059006723,0.0008843540844529179,3.492,0.1298842783894908,7191623.625978039,7191687.225395313,MultiPolygon
Prilly,1685109,5589,2229,22,0.9973145012218827,0.015794726792038808,5.248,0.26888972096056213,2202502.5698625497,2202154.6905990522,MultiPolygon
Stein am Rhein,1683709,2964,1405,14,0.9976785389589853,0.03210303178588323,20.054,0.23245318257386455,6051215.89604161,6053158.519804149,MultiPolygon
Cressier (FR),1683304,2257,1005,10,0.9986759600104321,0.009458874768237025,2.947,0.13249797723114265,4168915.716059992,4169310.0485767676,MultiPolygon
Fehren,1683503,2616,1110,11,0.9985579737022248,0.0005160277322445251,3.498,0.14430704912015915,1476419.9630669856,1476427.5818034394,MultiPolygon
Chippis,1685290,6235,2311,23,0.9971798673141191,0.02004221468287775,3.929,0.28243978827984195,1971903.5549390165,1972298.7680828366,MultiPolygon
Meyriez,1683362,2271,1005,10,0.999432774035176,0.017713555369939793,2.269,0.05674371353048159,1847526.408074685,1847853.6706879535,MultiPolygon
Arosa,1684041,3921,1848,18,0.9995523193279623,0.0007585577337305649,22.23,0.04477792051278982,154785638.17824426,154784464.03981516,MultiPolygon
La Chaux-du-Milieu,1685496,6435,,24,0.9993482480327559,0.030281016229075808,2.935,0.06520631375202214,17307393.585228875,17312634.43988925,MultiPolygon
Oeschenbach,1682599,335,244,2,0.9979586999840621,0.023684329540554865,5.881,0.20431436163754285,3914898.2384034465,3913971.0210034857,MultiPolygon
Küblis,1684095,3882,1849,18,0.9975729570329405,0.004931057375529646,51.149,0.24300517264758786,8141155.3089468945,8141556.75398621,MultiPolygon
Plaffeien,1683378,2299,1006,10,0.9958534078901169,0.058296139314415005,87.198,0.41564182469977384,66513032.83232887,66551807.36261105,MultiPolygon
Wünnewil-Flamatt,1683431,2309,1006,10,0.9989388531950557,0.009229219053504819,12.242,0.1061759113870451,13266405.527596043,13267629.913222712,MultiPolygon
Oberhofen am Thunersee,1682588,934,247,2,0.9989207117405735,0.004496745118387714,2.856,0.10798952849974122,2711878.6447179415,2712000.5909885145,MultiPolygon
Thalheim (AG),1684438,4117,1904,19,0.9956447740490703,0.060475105089202175,26.526,0.43634108572919034,9916534.802285984,9910537.767443094,MultiPolygon
Fontaines-sur-Grandson,1684975,5557,2224,22,0.9949402337534016,0.12550898867879368,15.776,0.5075782614095855,7857022.285285691,7866883.55449622,MultiPolygon
Le Bémont (JU),1685607,6741,2602,26,0.9951466421653552,0.04287527635271519,70.312,0.4864121049354921,11680432.711525343,11675424.693721084,MultiPolygon
Schübelbach,1683104,1346,505,5,0.9990893760435826,0.0029723793063535426,6.772,0.09110252235146167,29009996.151586417,29009133.864464033,MultiPolygon
Hohentannen,1684529,4495,2015,20,0.9985026790538946,0.004532364366873645,7.061,0.14984767284226122,8006237.252500001,8006600.124344361,MultiPolygon
Ersigen,5817429,405,245,2,0.9991073889618026,0.017451020473383094,7.57,0.0892931673662598,15457696.630702501,15454999.104898764,MultiPolygon
Deisswil bei Münchenbuchsee,1682418,535,246,2,0.9976867869027289,0.10302024185835622,6.054,0.23146987541441047,2159112.0090580154,2156887.686644291,MultiPolygon
Les Ponts-de-Martel,1685512,6437,,24,0.9992358296976788,0.007836488884379371,3.675,0.07644324385443195,18174083.466639217,18172659.256608516,MultiPolygon
Obergösgen,1683563,2497,1105,11,0.9984303073864367,0.008885871153794385,3.392,0.15709953438880095,3630162.975850379,3630485.547455086,MultiPolygon
Wettingen,1684458,4045,1902,19,0.9968428844571854,0.12498900008803063,11.464,0.3164083254600292,10595114.425265044,10608357.152843365,MultiPolygon
Beinwil (Freiamt),1684263,4224,1908,19,0.9949894789978839,0.2981509449858857,31.673,0.5015616971343309,11310089.901464686,11276368.761544716,MultiPolygon
Pregny-Chambésy,1685524,6634,,25,0.9987240638291712,0.023917460376414505,7.328,0.12769033801974836,6269040.153638183,6270539.548832911,MultiPolygon
Eriswil,1682429,953,244,2,0.9979443605576368,0.04776227432821873,15.598,0.20572630277999387,11337354.521723527,11331939.5433553,MultiPolygon
Laax,1684097,3575,1850,18,0.9990836993558534,0.009029621255946247,35.921,0.09166792518026798,31713835.168010026,31710971.52880862,MultiPolygon
Amsoldingen,1682364,921,247,2,0.9986639475782825,0.02605916670580522,2.943,0.13371197348105182,4711860.870984065,4713088.742663381,MultiPolygon
Bütschwil-Ganterschwil,2727986,3395,1727,17,0.9988282252934227,0.00025263960447655684,7.672,0.11724631180728283,21833818.087532964,21833873.248404622,MultiPolygon
Tegerfelden,1684436,4320,1911,19,0.9936791795684579,0.011026293170279125,16.484,0.6340510569824097,7113235.2516056355,7112450.925432902,MultiPolygon
Meinier,1685515,6629,,25,0.9985961219963861,0.009529395337908614,3.609,0.14047971950126167,6953493.945005128,6952831.319077311,MultiPolygon
Weinfelden,1684569,4946,2015,20,0.9990865283463904,0.003123013154038462,3.866,0.09139033299226378,15480885.509378435,15481368.979469255,MultiPolygon
Basse-Allaine,1685570,6807,2603,26,0.99786417356192,0.043977315872954524,55.627,0.21385798953880392,23035685.422647584,23045815.898789402,MultiPolygon
Horgen,1682144,295,106,1,0.9992871140486848,0.0007894021259845258,8.768,0.07131429598840204,30832403.00305326,30832646.394698057,MultiPolygon
Sattel,1683101,1371,506,5,0.9991001855742848,0.009142035489373538,3.532,0.09001782917434749,17389964.47570175,17388374.67897779,MultiPolygon
Thörigen,1682685,989,244,2,0.9978372487294687,0.02243127181344628,3.951,0.21653353777589457,4547017.1540685175,4548037.107845751,MultiPolygon
Moudon,1685066,5678,2222,22,0.9987477769544949,0.021987079379836558,15.724,0.12531453178625843,15647078.524206525,15650518.859782267,MultiPolygon
Isérables,1685319,6134,2307,23,0.9957066780359835,0.020993183998250575,26.922,0.43021064756403515,15256812.515671022,15253609.62494734,MultiPolygon
Troistorrents,1685384,6156,2308,23,0.9993234683208806,0.0038729470673545597,18.765,0.06767737094006918,36957514.30400594,36958945.64897235,MultiPolygon
Courgenay,1685590,6784,2603,26,0.9982131214024423,0.041417596827902727,14.444,0.17881061207491838,18437446.1456745,18429809.798564523,MultiPolygon
Bretonnières,1684869,5748,2224,22,0.9975112299155374,0.026968717577540546,11.912,0.2492206944192991,5448894.732153965,5450364.229185377,MultiPolygon
Schleitheim,1683704,2952,1404,14,0.996904367036662,0.10509296732381411,44.295,0.30988026949537684,21629632.791036893,21606901.568115547,MultiPolygon
Weggis,1682929,1069,312,3,0.998806966491417,0.008278000746586713,31.63,0.11937950069675721,25286820.01892712,25288913.262077074,MultiPolygon
Cheseaux-Noréaz,1684898,5909,2224,22,0.9993857929814388,0.0059819614240979885,11.146,0.061441407809299936,13968102.984629707,13968938.551161926,MultiPolygon
Arnex-sur-Orbe,1684835,5743,2224,22,0.9969586810994379,0.06160328770198518,20.393,0.3045012551457741,7614848.729218484,7610157.7320477525,MultiPolygon
Hunzenschwil,1684332,4200,1907,19,0.9959943327262595,0.0001416748795311383,8.407,0.40137089024511075,3264114.7199830385,3264119.344413636,MultiPolygon
Roggwil (TG),1684551,4431,2011,20,0.9985520228042933,0.001896092892184739,5.203,0.14490125367672707,12024748.822648056,12024520.822240327,MultiPolygon
Schlierbach,1682917,1100,314,3,0.9981364192456496,0.036873248356061414,13.931,0.18649749386740863,7172135.146421549,7169490.5472165765,MultiPolygon
Saint-Cergue,1685134,5727,2228,22,0.9990021683167223,0.0016160400148658139,6.269,0.09983378325192122,24277556.956702437,24277949.29173749,MultiPolygon
Oberbalm,1682584,357,246,2,0.9987407625517368,0.019355980341437474,12.123,0.1259908841589228,12389778.758605003,12387380.59546414,MultiPolygon
Lupfig,1684355,4104,1904,19,0.9961123610477808,0.10904919372982905,13.436,0.38973343861700976,8446312.110316226,8455522.745572431,MultiPolygon
Freienwil,1684310,4028,1902,19,0.9939678258021272,0.17772932140399025,11.475,0.6055799487713696,3991472.239257028,3998566.255781888,MultiPolygon
Hautemorges,12534686,5656,2227,22,0.9988734686192202,0.033602962687526765,54.983,0.11273556555018936,32964468.859305255,32975545.89747619,MultiPolygon
Cugnasco-Gerra,1684671,5138,2104,21,0.9934005070238731,0.037152575755207626,61.411,0.6622571724729858,18213150.741006527,18219917.39563299,MultiPolygon
Rickenbach (LU),1682909,1097,314,3,0.9984472533328125,0.020198386443508565,17.399,0.15537961782191329,11854119.582165005,11851725.241282323,MultiPolygon
Zofingen,1684473,4289,1910,19,0.9972263589958166,0.0769408229743306,19.641,0.27785614012074605,11078715.339737102,11087239.39449448,MultiPolygon
Gland,1684988,5721,2228,22,0.9987720828960884,0.009830420229878149,56.439,0.12286110654759115,17272743.5092412,17271045.525969014,MultiPolygon
Damphreux-Lugnez,15071858,6811,2603,26,0.9979811262470717,0.030234054021070808,11.445,0.20206082357033356,10767896.429924458,10764640.858300902,MultiPolygon
Oberhof,1684386,4173,1906,19,0.9959294497755036,0.0733484444627073,10.298,0.40803476972505714,8200101.395730499,8206116.042548632,MultiPolygon
Schenkon,1682916,1099,314,3,0.9999956094548988,7.714755053898539e-06,0.015,0.00043905545694541634,7710102.815851981,7710102.221036434,MultiPolygon
Affeltrangen,1684496,4711,2015,20,0.9985436446261547,0.007279741786980796,9.092,0.1457363584034163,14426932.706316734,14425882.462867932,MultiPolygon
Sisikon,1683110,1217,,4,0.9991697387373887,0.0037270627471615975,3.565,0.08305905940276999,19842638.232753586,19841898.68517596,MultiPolygon
Ossingen,1682185,37,102,1,0.9981225767877575,0.005870173034960809,5.819,0.18792423828745408,13091870.670210449,13092639.185672304,MultiPolygon
Küssnacht (SZ),1683087,1331,504,5,0.9995194641262375,0.0008095954659284622,3.742,0.04806533045381114,36197329.76723308,36197622.819173664,MultiPolygon
Inkwil,1682490,980,244,2,0.9982768447944655,0.0003570725534599721,3.033,0.17246380385836593,3376209.731624463,3376197.676106164,MultiPolygon
Häutligen,1682486,609,246,2,0.9979283043992558,0.027977505949748606,11.783,0.20735536823846823,3067264.144761058,3066406.000752463,MultiPolygon
Bettwiesen,1684504,4716,2014,20,0.9975735121977573,0.003703662219599216,3.565,0.24294802888414208,3849293.598894942,3849436.163727686,MultiPolygon
Senarclens,1685150,5499,2227,22,0.9979410072767516,0.01673640416174265,4.817,0.20609421550277723,3969806.1546135945,3969141.7518111207,MultiPolygon
Salgesch,1685369,6113,2306,23,0.9999960626198624,5.178204813146658e-06,0.014,0.00039373879944367015,11252830.895960843,11252831.478655474,MultiPolygon
Bad Ragaz,1683862,3291,1725,17,0.9988930415621051,0.004661897398108168,6.946,0.11075456387580422,25395510.120098036,25394326.20747251,MultiPolygon
Schwyz,1683103,1372,506,5,0.9994265785564707,0.002791506737528456,9.846,0.05735939026030351,53178091.66797311,53179576.13798491,MultiPolygon
Reichenburg,1683096,1345,505,5,0.9990913655339569,0.013913043041069786,3.3,0.09091107000524634,11553380.421850804,11554987.848641595,MultiPolygon
Loveresse,1682539,696,241,2,0.9999945480099834,2.4819834383102437e-05,0.015,0.000545200555662248,4685344.996031173,4685346.158926041,MultiPolygon
Valsot,2754686,3764,1843,18,0.9991516236299836,0.018419684938550403,61.458,0.08488145612498782,158948401.90773982,158977679.70258608,MultiPolygon
Syens,1685159,5688,2222,22,0.9973453367778077,0.013023846751810425,3.434,0.2658018424435944,2522669.3903290373,2522340.841733586,MultiPolygon
Bolligen,1682386,352,246,2,0.998625810067838,0.007643765521460281,65.579,0.13751873363865955,16569589.884908691,16570856.425507361,MultiPolygon
Vouvry,1685401,6159,2308,23,0.9993028279865437,0.00277948714518154,6.294,0.06974054303258319,33511786.500809774,33510855.045011863,MultiPolygon
Niederwil (AG),1684382,4072,1903,19,0.9961248596764231,0.013405633363705734,10.753,0.3882923503852465,6147830.072071444,6148654.22763073,MultiPolygon
Berg am Irchel,1682089,23,102,1,0.998458854619464,0.015209409847084316,3.874,0.15424511508268235,7012482.571064199,7013549.128278888,MultiPolygon
Möhlin,1684373,4254,1909,19,0.9944377771613966,0.08564102230050184,51.284,0.5575346726801119,18795163.250968184,18779066.881017007,MultiPolygon
Attalens,1683266,2321,1007,10,0.9989741179387821,0.017416666668271227,3.378,0.10264979313561594,9741487.635926083,9743184.278356163,MultiPolygon
Boniswil,1684276,4192,1907,19,0.9927670750468635,0.11907121449062259,17.289,0.7254855700758537,2787558.151778999,2784238.972433043,MultiPolygon
Oftringen,1684395,4280,1910,19,0.9981360806293627,0.0009524313572519242,16.808,0.18656669733186526,12852308.292662628,12852430.702076938,MultiPolygon
Rhäzüns,1684135,3723,1844,18,0.999139703351796,0.009587416779489382,3.544,0.08607081204721707,13373756.163367672,13375038.361110127,MultiPolygon
Pierrafortscha,1683377,2216,1004,10,0.9988257915187252,0.010657368077129442,4.979,0.11748356624133119,5056435.248939582,5055896.366023521,MultiPolygon
Cadempino,1684640,5162,2105,21,0.9999865586416927,0.00026590495762159587,0.015,0.0013441466513793865,762720.2405199639,762722.2686308962,MultiPolygon
Buchegg,3411895,2465,1103,11,0.9994233540127406,0.000670560338765261,3.407,0.057681036157049975,25651910.74917287,25651738.73763325,MultiPolygon
Oberthal,1682594,620,246,2,0.9986427419573956,0.04003210136120878,5.857,0.13579078888472487,10544412.600503916,10540191.450563738,MultiPolygon
Rupperswil,1684409,4206,1907,19,0.9963253790562822,0.15090641737191723,18.239,0.3678607067596107,6216144.042251039,6206763.4819782,MultiPolygon
Faoug,1684970,5458,2222,22,0.9995451115897773,0.007670289054565276,3.071,0.04550093450900019,5755903.68172214,5756345.17617223,MultiPolygon
L'Abergement,1685008,5741,2224,22,0.9931714304193459,0.5275830797305744,28.17,0.6833889235884119,5790646.166455751,5760095.697074464,MultiPolygon
Madiswil,1682545,332,244,2,0.998385336050678,0.044321349571922596,26.089,0.16163266819597027,23170352.517084025,23180621.93002017,MultiPolygon
Grolley-Ponthaux,18488676,2239,1004,10,0.9999962345238973,1.587589172283137e-07,0.016,0.0003765483187517623,11248308.723381467,11248308.705523774,MultiPolygon
Nebikon,1682899,1137,315,3,0.9982012063093897,0.01047977413639955,3.374,0.18003186367549648,3727632.967291666,3727242.31977606,MultiPolygon
Riedholz,1683569,2554,1107,11,0.9987463632131242,0.009319748501628844,3.204,0.12544815368750456,7154993.470602792,7155660.29799956,MultiPolygon
Signy-Avenex,1685153,5728,2228,22,0.9969663905652228,0.012488820451082853,4.034,0.3038407536679358,1941951.2934583786,1942193.8202686661,MultiPolygon
Niederglatt,1682171,89,104,1,0.9973332231739367,0.03984636008140911,3.775,0.26708694391726945,3603370.7568496,3604806.5689364425,MultiPolygon
Schmiedrued,1684419,4143,1905,19,0.9958717393637944,0.08223193486557445,16.208,0.413509864438421,8648272.504457442,8641160.86264458,MultiPolygon
Hermenches,1685002,5673,2222,22,0.9984505537393655,0.008538994879648456,3.473,0.1550713788043998,4773406.091803006,4773813.69270477,MultiPolygon
Lumnezia,2742612,3618,1850,18,0.9996645723838099,0.0016813479902361345,9.942,0.03354810611428719,165473736.02815324,165470953.83881816,MultiPolygon
Ascona,1684618,5091,2104,21,0.9957496456006713,0.4045763244375296,24.009,0.42680226675920846,12157189.208785078,12206374.318040896,MultiPolygon
Sorens,1683401,2153,1003,10,0.9989484114683599,0.011640989904274498,5.884,0.10520805018778387,8713966.174728459,8712951.782805797,MultiPolygon
Rovray,1685131,5928,2224,22,0.9999925854308463,7.194075205069812e-05,0.014,0.000741459930917294,3196295.155633927,3196297.4550726996,MultiPolygon
Boningen,1683486,2571,1108,11,0.9969740869647254,0.04871038083244112,3.251,0.30297599634763284,2757171.693104495,2755828.6642725794,MultiPolygon
Trachselwald,1682687,958,245,2,0.9963379139593749,0.041788030516165475,60.648,0.3669570338598077,15962668.149983507,15969338.634621216,MultiPolygon
Bure,1685579,6778,2603,26,0.996728039825717,0.1032070553978362,66.056,0.327901302116599,13684614.006913923,13698737.494073018,MultiPolygon
Messen,1683550,2457,1103,11,0.9991880325851571,0.01875560222216159,3.185,0.08122210186551956,11893372.109390024,11891141.435826385,MultiPolygon
Courtelary,1682416,434,241,2,0.9989414106546647,0.003214601243867324,11.58,0.10591669714831246,22203369.599240668,22204083.349035986,MultiPolygon
Opfikon,1682184,66,103,1,0.9986101398400123,0.007267297936629356,9.935,0.13907761495280735,5587604.792064395,5587198.724176634,MultiPolygon
Saint-Oyens,1685139,5436,2227,22,0.9962552448660161,0.07593791802721396,16.772,0.3753204394237398,3055463.6192580764,3057783.87471662,MultiPolygon
Pont-en-Ogoz,1683380,2122,1003,10,0.9991831746144649,0.0047580963403827045,3.144,0.08171785643034646,11970828.866692586,11971398.450262805,MultiPolygon
Zweisimmen,1682739,794,248,2,0.9996722948710746,0.0006025459986583078,6.526,0.03277578456005792,73000868.97005996,73000429.106245,MultiPolygon
Saas-Grund,1685363,6291,2313,23,0.9970333434002748,0.0532008951107806,50.565,0.29702733463047787,24794913.872489784,24781722.756367672,MultiPolygon
Giffers,1683323,2294,1006,10,0.9990498153781976,0.01206612087057564,3.758,0.09505789093174556,5215896.974407583,5215267.617974166,MultiPolygon
Saint-Imier,1682644,443,241,2,0.9990690586715658,0.009268899065951658,6.707,0.09314180202048343,20869314.981200673,20871249.336942036,MultiPolygon
Wiliberg,1684460,4288,1910,19,0.9912441028742984,0.17859744237468803,13.109,0.8802251835638134,1170454.669204558,1172545.0713079125,MultiPolygon
Höri,1682146,60,103,1,0.9977522011065947,0.03574154850661161,16.496,0.22499258847972237,4786349.024155673,4784638.308897508,MultiPolygon
Les Bois,1685609,6742,2602,26,0.9958520502974734,0.020859005445447908,41.226,0.4157003834463266,24709640.846099053,24714795.03142869,MultiPolygon
Arbaz,1685267,6261,2312,23,0.9996814115707703,0.01801987833499628,3.347,0.031861047741471915,19162140.443617526,19158687.449223205,MultiPolygon
Bassersdorf,1682086,52,103,1,0.9984629720016281,0.007210423607231548,10.813,0.15382655901262196,9026447.692975275,9027098.538090624,MultiPolygon
Würenlos,1684469,4048,1902,19,0.9981241661542545,0.023025307038017903,7.205,0.1877378712760385,9028925.17750299,9026846.239758637,MultiPolygon
Eschlikon,1684519,4724,2014,20,0.9982984804641788,0.006789926389608796,3.819,0.17029105376327544,6221142.05382946,6220719.642863412,MultiPolygon
Fiez,1684974,5556,2224,22,0.9982693964512689,0.03331354277100665,12.539,0.17318138276324369,6827090.852478107,6824816.506646952,MultiPolygon
Aesch (ZH),1682078,241,111,1,0.9983479634233748,0.010262961777560932,3.774,0.16533174731526581,5243864.791360868,5243326.615521664,MultiPolygon
Leibstadt,1684348,4311,1911,19,0.9954947565431331,0.014201455017240572,16.676,0.45157356060736087,6401735.340698497,6402644.480263229,MultiPolygon
Mörschwil,1683909,3214,1722,17,0.9946749223711135,0.04520539382593499,71.963,0.5340500529992342,9838021.957382409,9842469.273952926,MultiPolygon
Evilard,1682437,372,242,2,0.9982465460773179,0.025768349848892442,2.782,0.17547664556734785,3701427.4249534085,3700473.6281851437,MultiPolygon
Roggenburg,1683697,2790,1302,13,0.992821587953814,0.23143202599490348,24.017,0.7195933160612379,6670668.538335887,6655230.474990211,MultiPolygon
Greng,1683330,2261,1005,10,0.9996735025573482,0.0004674851250348248,2.084,0.03265515149319154,2470539.415304799,2470550.964709074,MultiPolygon
Arzier-Le Muids,1684836,5702,2228,22,0.999260003957071,0.011863853709820116,21.156,0.07403138536151078,51896502.14646898,51902659.07156415,MultiPolygon
Nuvilly,1683375,2035,1001,10,0.9997141376435816,0.011373252387762703,3.2,0.028591947915148373,3982559.961718874,3983012.9083148143,MultiPolygon
Rohrbach,1682624,338,244,2,0.9982239210780748,0.05205108454707544,3.231,0.1778120196995606,4076331.218646035,4078452.9932550713,MultiPolygon
Onex,1685520,6631,,25,0.9967600678238255,0.05838409501114049,35.697,0.324613660993955,2814120.8964065383,2815763.8954244247,MultiPolygon
Bottighofen,1684509,4643,2013,20,0.9971382906554815,0.032109915990749804,6.042,0.2866270006582961,2436063.942629978,2436846.1607154375,MultiPolygon
Bitsch,1685278,6173,2309,23,0.9986406012906078,0.06259506474755883,7.787,0.13607490679060028,5788615.870483301,5792239.258335417,MultiPolygon
Avers,1684043,3681,1851,18,0.9992177040582758,0.014611971788235978,64.837,0.0782544878135343,93139212.27697563,93125602.80155393,MultiPolygon
Novazzano,1684729,5260,2106,21,0.9999937531677447,1.9513530887561618e-05,0.016,0.0006246851156305014,5228655.772618982,5228654.752323623,MultiPolygon
Mülligen,1684377,4107,1904,19,0.9943677698282131,0.11049825328928685,8.883,0.5645015426909571,3161415.998236363,3157922.6887791036,MultiPolygon
Hildisrieden,1682859,1088,314,3,0.9987173768708877,0.003792111761168154,3.676,0.12834218831582497,7042277.842198021,7042010.791151713,MultiPolygon
Gryon,1685000,5405,2221,22,0.9991036853486521,0.0001606757598779213,3.403,0.08967172418308457,15217682.047900956,15217706.499027222,MultiPolygon
Granges (Veveyse),1683327,2328,1007,10,0.9981563141089683,0.03166177244432024,3.74,0.18456791891867005,4464368.27447084,4465781.772594979,MultiPolygon
Gy,1685490,6624,,25,0.9970365813518857,0.021489161861055893,3.649,0.2967497209484488,3286268.2897754293,3285562.098263451,MultiPolygon
Berikon,1684268,4062,1903,19,0.9959460112797911,0.14966439294056402,15.175,0.4059182972397156,5375869.895623468,5367824.1325789085,MultiPolygon
Dintikon,1684293,4194,1907,19,0.9927604887281803,0.14859775205840312,15.171,0.7271210151249281,3723806.4251516056,3729339.9177903873,MultiPolygon
Frutigen,1682446,563,249,2,0.9996721279134232,0.004756648240972924,19.291,0.032791804630164005,72276981.52350855,72273543.56173828,MultiPolygon
Le Grand-Saconnex,1685504,6623,,25,0.9982792022816479,0.0034069617652261385,3.68,0.17223089044293044,4382138.205451782,4382287.503224941,MultiPolygon
Unterseen,1682700,593,250,2,0.998771541283795,0.006582496190165195,9.564,0.12292541918420233,13993378.247979049,13994299.361569097,MultiPolygon
Kirchberg (SG),1683900,3392,1727,17,0.999338593357013,0.004297154463769221,8.622,0.06616396602559672,42539732.44807327,42541560.446085036,MultiPolygon
Chessel,1684900,5403,2221,22,0.996123270763548,0.16915133073060207,91.634,0.38809732080568526,3561649.138595058,3555624.5616811696,MultiPolygon
Muntelier,1683368,2274,1005,10,0.9986035229346029,0.008121252014729262,3.069,0.13973960754726106,2504409.969104396,2504206.579659323,MultiPolygon
Büren (SO),1683491,2472,1104,11,0.9986506619045663,0.007263420299573114,3.65,0.13502981038179224,6232412.977823849,6232865.664173233,MultiPolygon
Toffen,1682686,884,246,2,0.9999238285691189,0.0026806461997417146,0.262,0.007617535301619839,4883654.437298422,4883785.350795504,MultiPolygon
Cureglia,1684672,5180,2105,21,0.9999885235683835,0.0002810354259794837,0.015,0.0011476481346149319,1055717.5116515341,1055714.544711328,MultiPolygon
Aefligen,1682358,401,245,2,0.9980154835509558,0.016494595114212647,4.251,0.19866513892009746,2041325.5543019208,2041662.2626870659,MultiPolygon
Castaneda,1684056,3805,1847,18,0.9975375082167992,0.01459811722881079,4.233,0.24657074140434876,3960586.952343168,3961165.1234694202,MultiPolygon
Jorat-Menthue,1868685,5804,2223,22,0.9990860487663895,0.004190695870900331,4.416,0.09143882371970276,17652600.666724626,17653340.433531873,MultiPolygon
Therwil,1683714,2775,1301,13,0.998655323036688,0.00042646892102798163,10.35,0.13455787803919123,7659948.129256118,7659915.46195798,MultiPolygon
Lausanne,1685018,5586,2225,22,0.9989667117579283,0.011297839860047272,39.151,0.10337639605178729,67631420.81988901,67623779.9302697,MultiPolygon
Törbel,1685387,6296,2313,23,0.999415046139815,0.01956460540254742,16.352,0.05851822344450986,16855962.560199026,16859260.36276073,MultiPolygon
Jonschwil,1683898,3405,1728,17,0.9984150346173865,0.025324494256392466,5.207,0.15860215850339554,10994926.839867624,10992142.430251567,MultiPolygon
Wil (SG),1683965,3427,1728,17,0.9989933405399806,0.011568415063920635,3.732,0.10072246534069786,20816358.75455047,20818766.87733239,MultiPolygon
Seuzach,1682209,227,110,1,0.998956478069687,0.01302443502778704,3.927,0.10439986916594794,7563478.145514451,7562493.045217548,MultiPolygon
Sursee,1682923,1103,314,3,0.9987848488803746,0.053641655104861304,4.175,0.12162159763138511,6050584.874598304,6053830.508468563,MultiPolygon
Hemishofen,1683655,2962,1405,14,0.992838955868973,0.10772396503869958,31.062,0.7190647483344617,7892904.804994818,7901407.355007488,MultiPolygon
Gunzgen,1683513,2578,1108,11,0.9977386918008405,0.093798823225327,10.553,0.22628061099239788,3929677.625894129,3925991.634524491,MultiPolygon
Schmitten (FR),1683397,2305,1006,10,0.9992639134254147,0.012037548152078257,2.989,0.07364019057496611,13495448.054151546,13497072.575209403,MultiPolygon
Vex,1685394,6089,2305,23,0.9999973272591771,1.8222486054458363e-05,0.007,0.00026727441504477596,13038245.161659598,13038242.785767192,MultiPolygon
Diepoldsau,1683873,3234,1723,17,0.9991284349594642,0.0043211348685432355,3.238,0.087196385789433,11245468.407832118,11245954.33968862,MultiPolygon
Müllheim,1684544,4831,2012,20,0.9984354525052725,0.02753426013385723,4.952,0.1565987919253255,8742002.260706468,8744409.306349838,MultiPolygon
Stüsslingen,1683580,2499,1105,11,0.9988005396260661,0.004160680428012544,3.448,0.12002051260333664,8386850.45553442,8387199.40557985,MultiPolygon
Denens,1684941,5631,2227,22,0.9983913431816491,0.06663115680841006,3.21,0.16094153835424752,3300346.9923516135,3298147.932971918,MultiPolygon
Sonvilier,1682668,445,241,2,0.999159984334015,0.031729487499249254,34.736,0.08405019497215757,23779886.326165274,23787431.56222447,MultiPolygon
Tamins,1684184,3733,1844,18,0.9971999469666056,0.06425006577266493,99.295,0.28030778988226035,40737843.89117964,40711669.799685195,MultiPolygon
Bachs,1682085,81,104,1,0.9985650022016461,0.026008570275411393,3.78,0.1436214892162646,9132176.174434356,9134551.322892359,MultiPolygon
Belp,1682374,861,246,2,0.999470897614496,0.012955531815891125,7.317,0.052920811412644514,23260580.700099036,23257567.168165874,MultiPolygon
Seewis im Prättigau,1684163,3972,1849,18,0.9993727606224011,0.00010866114266836753,22.223,0.0627435813041507,49627010.57572759,49626956.650450826,MultiPolygon
Alpnach,1683053,1401,,6,0.9994057333099611,0.011750935700999589,47.307,0.05944782452975265,56347127.58221038,56353748.89694192,MultiPolygon
Hochdorf,1682868,1031,313,3,0.9985666136599728,0.0036622643428612083,3.595,0.1434388108987417,10301233.352507016,10300856.094111072,MultiPolygon
Buchillon,1684870,5623,2227,22,0.999114499063414,0.005691534061940309,24.646,0.0885918376656988,21037518.644677922,21038716.00221737,MultiPolygon
Bonaduz,1684047,3721,1844,18,0.9990872730106504,0.0016614745580542584,2.73,0.09131513006313752,14397747.265799578,14397986.480707332,MultiPolygon
Mont-sur-Rolle,1685055,5859,2228,22,0.9976500984224655,0.03530830539424859,4.292,0.2352250500904609,3860287.2473754156,3858924.245365017,MultiPolygon
Boulens,1684863,5661,2223,22,0.9972441014765552,0.028465970052695203,3.507,0.2759308463879626,3417867.9313113824,3416895.0020496147,MultiPolygon
Rickenbach (BL),1683695,2857,1304,13,0.9985951554855201,0.029726777398860323,3.027,0.14056230478931014,2902623.8721635407,2901761.0156263364,MultiPolygon
Mont-Noble,1685339,6090,2305,23,0.998507485022323,0.037552891965177256,56.691,0.14933491594010773,43454068.54796037,43437750.28854408,MultiPolygon
Regensberg,1682191,95,104,1,0.9964419725663531,0.029577274378690926,3.487,0.3564895615614356,2366203.1485724105,2366903.006970021,MultiPolygon
Arboldswil,1683614,2881,1305,13,0.9984159794887547,0.02034914521972639,24.424,0.1585437361211421,3464739.4201549017,3465444.465010994,MultiPolygon
Oetwil am See,1682182,157,107,1,0.998620768721938,0.030679533213440496,10.882,0.13803947907580738,6106803.71356897,6108677.252442554,MultiPolygon
Erlach,1682432,492,243,2,0.9924750993696563,0.14623312004931355,46.253,0.7558842347604284,3578606.7576174503,3583839.86593341,MultiPolygon
Cornol,1685586,6782,2603,26,0.9977908896298081,0.001956714371224279,9.778,0.22115315158046808,10445533.726083096,10445329.336823527,MultiPolygon
Courrendlin,1685591,6708,2601,26,0.9965953220782494,0.12764622845962176,76.932,0.3408307044142462,21550270.828511193,21522762.720575765,MultiPolygon
Ingenbohl,1683083,1364,506,5,0.9992931901670141,0.008257132734828348,3.528,0.07070305199346838,16665596.825704293,16664220.725253344,MultiPolygon
Nods,1682582,724,241,2,0.9992170409770688,0.0011649912712537118,4.131,0.07832610928986306,26614071.34008307,26613761.288475033,MultiPolygon
Rothrist,1684406,4282,1910,19,0.9971649835908165,0.0817143459562441,19.524,0.28378808209725176,11854188.623669926,11844502.050967675,MultiPolygon
Vionnaz,1685397,6158,2308,23,0.9993730611367487,0.0003369533239845974,13.097,0.06271343944689324,20951321.82757403,20951251.231398713,MultiPolygon
Masein,1684114,3663,1851,18,0.9974554635454116,0.010784591664944176,3.451,0.25476405277536174,4199667.954909132,4199215.037868911,MultiPolygon
Kerns,1683086,1404,,6,0.9995631956688733,0.0014476608712842105,10.218,0.043690291339027965,92584103.4012976,92585443.70513557,MultiPolygon
Volketswil,1682227,199,109,1,0.9986854826965045,0.0009274332804239222,3.847,0.13153757499523697,14042354.481007017,14042224.247538205,MultiPolygon
Berg (TG),1684502,4891,2015,20,0.9984342968958339,0.007936345656154257,9.296,0.1566991956057556,13137363.008018546,13138405.634556966,MultiPolygon
Oberbüren,1683914,3424,1728,17,0.9981095271059841,0.006400897857048159,33.817,0.1892322089443891,17731244.052394688,17732379.011215266,MultiPolygon
Arogno,1684617,5144,2105,21,0.9955150276144492,0.021051929782385126,19.923,0.4495525626314432,8487411.26737712,8489198.03123747,MultiPolygon
Cressier (NE),1685477,6452,,24,0.9991432348651159,0.007763051697279204,3.807,0.08570990456137019,8570243.45329654,8569578.140866678,MultiPolygon
Vernayaz,1685393,6219,2310,23,0.9981810883118264,0.010442753765966222,3.729,0.18204723551625554,5592363.468152113,5591779.471405436,MultiPolygon
Oberdorf (NW),1683093,1508,,7,0.9991480520130708,0.002425167164599377,9.613,0.08523213842540982,16202043.252729952,16202436.179362912,MultiPolygon
Cademario,1684639,5161,2105,21,0.9981940190272297,0.09628700477038588,16.589,0.18084834786387408,3957676.470452468,3961487.198584369,MultiPolygon
Andeer,1684038,3701,1851,18,0.9994744680632798,0.002076198519237999,3.679,0.05256646079476783,46299552.273770325,46298591.0031516,MultiPolygon
Hauptwil-Gottshaus,1684526,4486,2015,20,0.9985826917450484,0.02692716129147279,10.976,0.1418504304322435,12495264.000913398,12498628.62080472,MultiPolygon
Hedingen,1682134,5,101,1,0.9986724739077624,0.022982540569778588,3.86,0.13285604912081378,6529257.923563182,6530758.512914371,MultiPolygon
Vacallo,1684765,5268,2106,21,0.9998117327366567,0.0010202321240682481,0.891,0.01882859477657403,1636383.7826935528,1636400.4776065769,MultiPolygon
Läufelfingen,1683673,2852,1304,13,0.9991147913312499,0.016674302204187492,3.461,0.08855268055683418,8155741.3597312635,8154381.44676995,MultiPolygon
Hellsau,1682475,408,245,2,0.9980874148233921,0.049362194808882334,2.828,0.191394341950416,1476809.6591140218,1476080.6734531336,MultiPolygon
Giebenach,1683650,2826,1303,13,0.9964699905267742,0.09312891432783581,3.69,0.35346043368722174,1337587.3753140306,1336341.6947132144,MultiPolygon
Emmen,1682829,1024,313,3,0.9989098503788035,0.019031662747565587,5.443,0.1090640364985573,20366277.960293755,20362401.91895812,MultiPolygon
Gontenschwil,1684318,4135,1905,19,0.997218496803406,0.06426522826040686,9.578,0.27862719784941226,9737906.050522622,9744164.138073774,MultiPolygon
Vaulion,1685176,5765,2224,22,0.9987499281169462,0.0073254449348846,4.602,0.12508995268816833,13151406.7718261,13152370.170887332,MultiPolygon
Tujetsch,1684197,3986,1850,18,0.9997513444203433,0.0024146512617565278,12.338,0.024868349584528788,133910445.1425739,133907211.67232063,MultiPolygon
Bioley-Magnoux,1684853,5903,2224,22,0.9984621149254851,0.0009128346336186731,3.134,0.15390755543509335,4285682.030949992,4285721.152139857,MultiPolygon
Bonvillars,1684859,5551,2224,22,0.9949579129932558,0.03744392968741013,93.372,0.5055776817801699,8468459.985652067,8471630.9098547,MultiPolygon
Büttikon,1684290,4064,1903,19,0.9953171714218353,0.049802932418325986,11.053,0.46926499227709345,2819077.1878826376,2817673.204775936,MultiPolygon
Udligenswil,1682925,1067,312,3,0.9983910797919691,0.001860480227169722,3.309,0.161023054108122,6224656.976676455,6224772.785188715,MultiPolygon
Hersberg,1683657,2827,1303,13,0.9966546303238307,0.08089435946152487,2.892,0.33496194261114776,1663744.3634382926,1662398.488092412,MultiPolygon
Duggingen,1683643,2785,1302,13,0.9986416953626353,0.002425611605714876,11.78,0.13592112752563593,5857324.056182911,5857181.98025082,MultiPolygon
Val Müstair,1684200,3847,1843,18,0.9989423181718946,0.013623267695346436,63.608,0.1058169385953191,198649198.88054723,198622136.36840907,MultiPolygon
Bettens,1684851,5471,2223,22,0.9978953113322722,0.00502186412592943,3.586,0.21068529551953458,3744519.577868005,3744331.5331826354,MultiPolygon
Heimenhausen,1682473,977,244,2,0.9985928057202405,0.026635951188303333,3.512,0.14079975330062153,5843404.505355616,5841848.058983834,MultiPolygon
Villmergen,1684452,4080,1903,19,0.9971742090692428,0.05834675312433378,11.56,0.2830614672021742,11939815.865615405,11946782.360502016,MultiPolygon
Arnex-sur-Nyon,1684834,5701,2228,22,0.9952210232783582,0.11539679685699089,10.576,0.4787659384989349,2044163.1212878514,2041804.2225233533,MultiPolygon
Jegenstorf,3411472,540,246,2,0.9989816101645034,0.003446670473362485,6.054,0.10189262178193512,13489985.983936708,13490450.939300478,MultiPolygon
Saint-George,1685136,5434,2228,22,0.9990331878399556,0.002758803714449416,3.27,0.09672930916304079,12315156.899137067,12315496.65014304,MultiPolygon
Döttingen,1684295,4304,1911,19,0.9957094422023636,0.10297640950526199,10.639,0.42975681487179573,6924724.149474838,6917593.317177565,MultiPolygon
Löhningen,1683674,2903,1401,14,0.9899353141338312,0.48424728617902046,32.506,1.0140083226418704,6831289.970539944,6864370.3068333035,MultiPolygon
Le Landeron,1685505,6455,,24,0.9977638793195581,0.027852996304892165,57.147,0.22383118348288292,10324925.17847492,10322049.377446476,MultiPolygon
Unterbäch,1685388,6201,2309,23,0.9948375004274514,0.1510929199380911,81.784,0.5179769938266784,22055093.067744263,22088416.75185538,MultiPolygon
Seengen,1684424,4208,1907,19,0.9968793537366233,0.17164214133918643,12.741,0.3122840731971792,10342965.645452129,10325212.757740298,MultiPolygon
Vitznau,1682927,1068,312,3,0.9979136263040517,0.014075625723451014,31.63,0.2088405457978221,11765209.568257581,11763553.541393174,MultiPolygon
Oberegg,1683915,3111,,16,0.9979036698987053,0.0028287632259054295,15.897,0.20985593880071368,14608044.152116923,14608457.379097922,MultiPolygon
Lommis,1684540,4741,2014,20,0.9985638186831592,0.0062875923276651206,3.777,0.14372585493908135,8605851.356816947,8606392.457666589,MultiPolygon
Geltwil,1684316,4232,1908,19,0.9999920474271495,6.37611053557081e-05,0.016,0.0007952601936680921,3280362.9377860287,3280360.84619036,MultiPolygon
Warth-Weiningen,1684568,4621,2012,20,0.9984879601533782,0.030324331023714134,3.651,0.15134132751945845,8212637.06213624,8215127.489384739,MultiPolygon
Schwerzenbach,1682205,197,109,1,0.9980767237417305,0.006079442915184433,3.847,0.19250690157958458,2650915.5883300626,2650754.4274301403,MultiPolygon
Onnens (VD),1685078,5565,2224,22,0.9938834246076441,0.1173525168572147,93.372,0.6131739036823605,7109494.439242703,7101151.268582428,MultiPolygon
Aadorf,1684495,4551,2014,20,0.9986969103204767,0.003945200503639374,3.888,0.13039649759246014,19944216.46129294,19945003.30062122,MultiPolygon
Fällanden,1682126,193,109,1,0.9987694639173887,0.0011447765802553318,3.729,0.12312866104672752,6381606.787941536,6381533.732801584,MultiPolygon
Court,1682415,690,241,2,0.9994417808921442,0.0004758387402800867,11.219,0.055837628412327416,24606287.938189164,24606405.02443972,MultiPolygon
Saxon,1685373,6141,2307,23,0.9994126991960067,0.0023304985542498685,3.422,0.058746647023927755,23220028.10351453,23219486.96109528,MultiPolygon
Vuiteboeuf,1685202,5766,2224,22,0.997716375615446,0.036130208523592,13.937,0.22866478460699174,5061990.13887657,5063819.04646919,MultiPolygon
Minusio,1684717,5118,2104,21,0.9977542222711719,0.013993892614356103,17.546,0.224814500996404,8830023.12992783,8828787.465973206,MultiPolygon
Sergey,1685151,5762,2224,22,0.9999897683415888,1.3435617757333036e-06,0.012,0.0010231710823529125,1462521.582046886,1462521.601696767,MultiPolygon
Manno,1684707,5194,2105,21,0.9998906681384749,0.004562732694183516,2.178,0.010933534418239393,2365568.880775602,2365460.9461908755,MultiPolygon
Murgenthal,1684370,4279,1910,19,0.9973073360055393,0.013370794494305059,19.524,0.26964743594543106,18615442.796032615,18617931.828633077,MultiPolygon
Chevroux,1684902,5813,2222,22,0.9997722087494293,0.00012136513956656016,4.312,0.02278173361980231,13196025.98609075,13196042.001466105,MultiPolygon
Wiler bei Utzenstorf,1682724,554,245,2,0.9987902537495831,0.011277823469049082,3.419,0.12104101784802561,3820642.0975715243,3820211.212300376,MultiPolygon
Bottenwil,1684278,4273,1910,19,0.9943874014466317,0.00655568879880001,19.641,0.5628209020023323,5100757.568736586,5100423.178943998,MultiPolygon
Bischofszell,1684507,4471,2015,20,0.9982439696382703,0.007213374305218195,9.863,0.17575101477986407,11576890.332204634,11576055.247772068,MultiPolygon
Glarus Süd,1683141,1631,,8,0.9998273695497701,0.0012539403687205242,6.08,0.017264426972044253,430032382.1827548,430026989.83311605,MultiPolygon
Niederbuchsiten,1683556,2405,1101,11,0.9986260539392512,0.026767544274397103,7.524,0.1374706561271503,5487973.783279064,5486504.787466858,MultiPolygon
Ottenbach,1682187,11,101,1,0.9968681379100135,0.18231460531230878,28.133,0.31339146632453474,5022357.33294232,5013200.841993392,MultiPolygon
Aire-la-Ville,1685444,6601,,25,0.997608621420229,0.00832241645376477,10.411,0.23943409778769478,2926527.3429029225,2926770.900696032,MultiPolygon
Seeberg,5817433,988,244,2,0.9986189269945036,0.04372953282201652,22.872,0.13817251687750712,16803290.595556926,16795942.595080763,MultiPolygon
Giez,1684983,5559,2224,22,0.9973833044582696,0.09410927618087081,19.226,0.26188906849011395,4763100.181644559,4758617.6625398435,MultiPolygon
Beromünster,1682818,1081,314,3,0.9994406604269674,0.00442135365627822,17.399,0.05594836785233297,42335342.50856863,42333470.71335473,MultiPolygon
Heitenried,1683338,2296,1006,10,0.9990268430933406,0.003084289636794792,2.967,0.09736456691509186,9127864.094842698,9128145.624609036,MultiPolygon
Pfungen,1682188,224,110,1,0.9984875900054319,0.06524374723940825,3.446,0.15140483019381593,4986719.739634509,4989973.262456974,MultiPolygon
Rossemaison,1685625,6721,2601,26,0.9903662444090993,0.19445632724714565,41.8,0.9689796881992976,1886416.0404964332,1890084.2958453835,MultiPolygon
Hérémence,1685316,6084,2305,23,0.997348771706468,0.0532104637707573,68.5,0.26554537660501065,107437610.57847904,107494778.62933207,MultiPolygon
Affoltern am Albis,1682080,2,101,1,0.9984124403458251,0.009298362395248377,7.93,0.15887469609402372,10593038.08768839,10592053.10861833,MultiPolygon
Losone,1684699,5115,2104,21,0.9958346773987748,0.3313202104981705,17.036,0.41671009833742995,9260552.181164872,9229870.100184944,MultiPolygon
Aristau,1684255,4222,1908,19,0.9958419546035139,0.04083487925944815,21.86,0.41658573420499373,8641690.38101604,8638161.557182977,MultiPolygon
Thurnen,10523927,889,246,2,0.9990025826774664,0.003816269689330379,3.408,0.09979340329462387,5951451.135377454,5951678.258803208,MultiPolygon
Rüdtligen-Alchenflüh,1682633,420,245,2,0.997750894917954,0.009784763255000729,4.251,0.22515270076591135,2720811.834714061,2720545.6097174203,MultiPolygon
Habsburg,1684320,4099,1904,19,0.9999887983685605,0.00022250933999239724,0.016,0.0011201706641023252,2226516.915797908,2226521.870006002,MultiPolygon
Müntschemier,1682571,498,243,2,0.9992382235293459,0.013645045790395998,3.19,0.07620147407296486,4871876.901566439,4871212.131732369,MultiPolygon
Eischoll,1685296,6194,2309,23,0.9957448092361812,0.37651805621054396,74.501,0.4256235530101774,14147389.735595033,14094122.25875804,MultiPolygon
Turtmann-Unterems,2757461,6119,2306,23,0.9990788716377923,0.006981347148990698,20.763,0.09215206280177628,42422992.05214319,42420030.35579704,MultiPolygon
Selzach,1683576,2556,1107,11,0.9994768641551373,0.01086311282632746,3.255,0.05232442943635396,19469503.44389107,19467388.449765235,MultiPolygon
Pollegio,1684738,5077,2103,21,0.9999954727816488,4.5498073631734835e-05,0.017,0.0004527227568058323,5959769.9630790185,5959767.251498492,MultiPolygon
Rue,1683391,2097,1002,10,0.9990791576181058,0.004610611729329846,8.736,0.09212877905509198,20032875.58698227,20033799.225093804,MultiPolygon
Neggio,1684727,5206,2105,21,0.9944103928196634,0.019817080693916224,11.108,0.5604717416210132,893852.6440399756,893675.5085402215,MultiPolygon
Chamoson,1685286,6022,2302,23,0.9992767155697284,0.0006851014691599913,10.258,0.07235436165713668,32468850.880370144,32468628.435795743,MultiPolygon
Paudex,1685093,5588,2226,22,0.9995105677394885,0.01263515328747728,2.643,0.048952113397084024,3903715.3477143524,3903222.107296262,MultiPolygon
Schönengrund,1683937,3003,1501,15,0.9999945307594587,1.800278938711514e-05,0.015,0.0005469255989504425,5192444.184066485,5192445.118851275,MultiPolygon
Uttwil,1684566,4451,2011,20,0.9982567655714095,0.02748605803429133,9.675,0.17449949694576736,4360982.765143358,4362181.427397051,MultiPolygon
Bergün Filisur,1684044,3544,1841,18,0.9996896190623206,0.0034579674045738477,9.464,0.03104237460511482,190143662.10694796,190137087.00109044,MultiPolygon
Uetendorf,1682698,944,247,2,0.9993467097992108,0.008051486102659768,2.871,0.0653529972937219,10174637.181405453,10175456.39090411,MultiPolygon
Herrliberg,1682136,152,107,1,0.9988831140324499,0.014415312092292867,7.379,0.11174294869036944,8986945.408307519,8985649.912079347,MultiPolygon
Brütten,1682094,213,110,1,0.9990818577837114,0.044708713542004196,3.759,0.09187692414894104,6596866.1093370905,6599815.483308664,MultiPolygon
Thalheim an der Thur,1682215,39,102,1,0.9982642959643869,0.02866442314694083,4.543,0.17374606591269529,6442323.5019200435,6444170.156789129,MultiPolygon
Nuglar-St. Pantaleon,1683558,2478,1104,11,0.9982801995924547,0.0028532776926445177,8.004,0.1721255980574431,6343476.509833468,6343295.512833275,MultiPolygon
Zurzach,13623634,4324,1911,19,0.9954344884325436,0.0798624717661856,21.605,0.45777845969186515,25985648.968939044,26006401.750510123,MultiPolygon
Aarwangen,1682356,321,244,2,0.9988141337843923,0.004394220953849616,5.582,0.11865958423565925,9898104.653307967,9898539.597896677,MultiPolygon
Oberdorf (BL),1683684,2892,1305,13,0.9983557170076829,0.008074834636044024,8.127,0.16457023791003775,6210488.937173532,6210990.423885299,MultiPolygon
Truttikon,1682217,41,102,1,0.9980656998655378,0.022786251693262684,3.619,0.1936393294616133,4411034.084068087,4412039.193396758,MultiPolygon
Uetikon am See,1682220,159,107,1,0.9985369086365122,0.042822926871765164,10.882,0.1464475963826844,3457938.02682999,3459418.8171024905,MultiPolygon
Lussy-sur-Morges,1685038,5640,2227,22,0.9972314884029462,0.0002920786714952979,3.607,0.2772353286281705,2341793.571990016,2341800.41186957,MultiPolygon
Grossdietwil,1682841,1131,315,3,0.9942399411736181,0.044441768745204606,26.286,0.577541224751642,10198741.269404113,10194208.768394243,MultiPolygon
Cugy (VD),1684937,5516,2223,22,0.9971431340301744,0.0483434374609063,7.233,0.28616441903826323,2906180.869655008,2907585.8173862305,MultiPolygon
Novalles,1685072,5564,2224,22,0.9970735193661602,0.08433473922677553,19.226,0.2932004881497626,2060205.880991437,2061943.3502487058,MultiPolygon
Cuarny,1684935,5911,2224,22,0.9955639193746635,0.050670296307472655,17.7,0.44470682896739855,4559526.45004008,4561836.775602533,MultiPolygon
Rossinière,1685129,5842,2230,22,0.9997944141439342,0.014457622640153342,3.371,0.020559212806888036,23354686.634272005,23351310.101809632,MultiPolygon
Matten bei Interlaken,1682547,587,250,2,0.9963768858200134,0.05987091246791176,10.295,0.3628603005728773,5910239.403953369,5906700.889693184,MultiPolygon
Worben,1682731,755,243,2,0.9982777105422892,0.02302805163779631,3.339,0.17235754007287413,2756227.409247082,2755592.7037760257,MultiPolygon
Bassins,1684842,5703,2228,22,0.9984827482283293,0.013908456436832672,17.846,0.1518298078745514,20775251.567792024,20772362.050978076,MultiPolygon
Spreitenbach,1684429,4040,1902,19,0.9978525233903164,0.013739447419446306,13.921,0.21499326003802466,8596392.098392097,8597573.195164425,MultiPolygon
Meikirch,1682550,307,246,2,0.9986121048835731,0.01155369018493527,9.125,0.13889391439019688,10232596.119260265,10233778.36171376,MultiPolygon
Fétigny-Ménières,1683320,2056,1001,10,0.9981429366766943,0.026096308158909644,43.754,0.18590318056799943,8482401.855941461,8484615.449669065,MultiPolygon
Gambarogno,1684677,5398,2104,21,0.9987160705352472,0.00521088347363301,34.304,0.12847207581363843,65391525.135182776,65388117.65900635,MultiPolygon
Winkel,1682242,72,103,1,0.9980310924427418,0.003935626135215878,5.65,0.19708089831866993,8113139.054066412,8112819.751245414,MultiPolygon
Pailly,1685090,5530,2223,22,0.9989675085800501,0.00018214607576977942,3.443,0.10330256553338726,5768366.924690396,5768377.431544385,MultiPolygon
Kallnach,1682500,304,243,2,0.9993163259067566,0.0034901024793343185,3.231,0.06838959437510822,17977918.017444354,17977290.569681894,MultiPolygon
Salmsach,1684554,4441,2011,20,0.9979284138161628,0.10367365106303908,3.351,0.2074809101283501,2710178.2122589936,2712987.9529619575,MultiPolygon
Rumendingen,1682628,421,245,2,0.9975409541941147,0.02975562727656611,7.57,0.24617066783749675,2439361.6189890397,2438635.7716377657,MultiPolygon
Sant'Antonino,1684751,5017,2101,21,0.995279699571565,0.08346500705734018,23.882,0.4729492842437809,6548239.945388349,6542774.456455799,MultiPolygon
Waldenburg,1683719,2895,1305,13,0.9991617291996915,0.002007805447768176,10.623,0.083863071555249,8323456.749801954,8323623.868620019,MultiPolygon
Steinerberg,1683115,1374,506,5,0.9986278753735427,0.0073759897296562,5.379,0.13730159971015826,6920809.070328463,6920298.592162226,MultiPolygon
Mels,1683906,3293,1725,17,0.9993898552336891,0.024683763257999373,31.494,0.06104062877537811,139105513.2990266,139139849.77460817,MultiPolygon
Haut-Intyamon,1683334,2121,1003,10,0.9987812939263963,0.047861293554026324,96.362,0.12197409707160797,60266289.105129324,60295133.33067205,MultiPolygon
Wichtrach,1682720,632,246,2,0.99928757526188,0.004311413292973699,3.083,0.0712693966312833,11601091.32029446,11601591.491287773,MultiPolygon
Schangnau,1682648,906,245,2,0.9996258202452072,0.004255574321792952,18.077,0.03742418098994569,36484699.56262182,36483146.92911585,MultiPolygon
Altstätten,1683857,3251,1723,17,0.9991620538448768,0.002085385441554764,7.08,0.0838306120020244,39462232.45102507,39463055.390675515,MultiPolygon
Schwende-Rüte,14096673,3112,,16,0.9994517281756422,0.021696118114522035,32.223,0.05484816597314061,98327075.47557218,98348408.63400592,MultiPolygon
Isone,1684688,5009,2101,21,0.9957371993927833,0.07890309127603606,22.983,0.4273591081270768,12834453.999153886,12844580.78010762,MultiPolygon
Obersaxen Mundaun,5817201,3988,1850,18,0.9995184149838271,0.005756799828073188,9.942,0.048168714088440166,70353896.74753454,70349846.61452754,MultiPolygon
Saint-Prex,1685140,5646,2227,22,0.9995731725716924,0.01679671556882273,15.912,0.04268826844321243,25254819.540606268,25250577.560400613,MultiPolygon
Riederalp,1685359,6181,2309,23,0.9992972947350658,0.005173409331712752,13.199,0.07029340657588552,19092022.2775433,19091034.56908118,MultiPolygon
Ferden,1685304,6195,2309,23,0.9970218663434198,0.02830763222898483,37.164,0.29821527617713217,27925458.21968993,27917553.183678843,MultiPolygon
Reichenbach im Kandertal,1682616,567,249,2,0.9995019112783182,0.012331559729683247,29.454,0.04982435174759743,125761448.95565963,125776957.30385451,MultiPolygon
Aesch (BL),1683611,2761,1301,13,0.9987508601797902,0.008193189147643552,8.15,0.12498692787601251,7395474.289518763,7394868.364321858,MultiPolygon
Drei Höfe,2744225,2535,1106,11,0.9987098313018102,0.0036349434504529808,3.369,0.12909780394658005,4575950.243176301,4575783.909972641,MultiPolygon
Flums,1683880,3292,1725,17,0.9995574178234782,0.00014436019797594803,5.65,0.04426798181639696,75154824.65127154,75154716.15761788,MultiPolygon
Aranno,1684615,5143,2105,21,0.999784256541946,0.00442977213808039,1.016,0.021576195419688398,2585683.4401464784,2585568.900261868,MultiPolygon
Leukerbad,1685329,6111,2306,23,0.9992054079650969,0.012677193894913093,29.113,0.07948574626198943,67329994.13422872,67321458.58032289,MultiPolygon
Bauma,1682087,297,108,1,0.998436842589523,0.024497806960834645,15.952,0.15641884772399028,29531838.873124007,29524604.220244884,MultiPolygon
Unterlangenegg,1682699,945,247,2,0.9987793491644498,0.016266810123471236,3.044,0.12214956258554525,6801315.563956486,6802421.921045173,MultiPolygon
Brienzwiler,1682393,574,250,2,0.9980141282771468,0.04297624246868028,30.443,0.19882726766190317,17633603.757380866,17641182.017687604,MultiPolygon
Radelfingen,1682612,309,243,2,0.9994618687136365,0.00840025621513885,2.977,0.0538298726260905,14712817.049577605,14714052.963906234,MultiPolygon
Oron,1948073,5805,2226,22,0.9991837964399287,0.005058811280204368,4.459,0.08165574437158724,26281519.91387501,26282849.446369022,MultiPolygon
Inden,1685318,6109,2306,23,0.9978125135888741,0.04038243706961044,31.185,0.21903237430020644,9730349.278389545,9734278.630563544,MultiPolygon
Lungern,1683090,1405,,6,0.9996529897095576,0.0014166828296603925,3.462,0.034706805051720774,46472715.22215238,46472056.85117535,MultiPolygon
Ursy,1683415,2102,1002,10,0.9988389534565799,0.0032541207691062553,8.736,0.11617398513692684,17131375.367679592,17131932.843323465,MultiPolygon
Courtedoux,1685593,6785,2603,26,0.9974885445048124,0.09568770338845772,18.619,0.2515816252504439,8214938.011220918,8222798.696738641,MultiPolygon
Raron,1685355,6199,2309,23,0.9957624159955354,0.12232650174944429,108.478,0.4243984280278976,30417495.70131384,30380287.042902634,MultiPolygon
Maggia,1684703,5317,2108,21,0.9969469090917862,0.013641625100746064,79.957,0.3057550151892,111158283.65992665,111143119.86360134,MultiPolygon
Jonen,1684335,4071,1903,19,0.9955132968049112,0.050773489351068214,21.86,0.4497932667407072,5696517.082933629,5699409.403428114,MultiPolygon
Jongny,1685003,5885,2230,22,0.9966137995444199,0.008047883824129489,15.247,0.33918068658172507,2159532.1942645875,2159358.3976224484,MultiPolygon
Vernate,1684768,5230,2105,21,0.9999901899634372,1.6775902668604842e-05,0.018,0.000981008550482375,1509792.3565380138,1509792.60981931,MultiPolygon
Wangen-Brüttisellen,1682231,200,109,1,0.9985357792807901,0.01802133841323439,5.785,0.1465425508492806,7918910.007360528,7920337.100931594,MultiPolygon
Waltenschwil,1684456,4240,1908,19,0.9943243739729573,0.359246775933462,14.336,0.5702001994263048,4544880.729194497,4561208.066684149,MultiPolygon
Saint-Léonard,1685366,6246,2311,23,0.9983264202178351,0.02949662017692952,3.07,0.16747343582108368,3885061.1262018653,3883915.164477828,MultiPolygon
Wagenhausen,1684567,4871,2012,20,0.9991476953003355,0.019571036506305435,4.175,0.08525846281735278,11819422.720788045,11817109.537252525,MultiPolygon
Kaufdorf,1682504,869,246,2,0.999177325280494,0.004198690101290997,2.99,0.08229959777180142,2058297.2674405265,2058210.8459169033,MultiPolygon
Dagmersellen,1682822,1125,315,3,0.998808001693532,0.0045032506131148856,17.085,0.11927360154599052,23865808.509832397,23866883.24700044,MultiPolygon
Oberrüti,1684391,4237,1908,19,0.9942454585745536,0.11861351683705225,17.05,0.576772389651103,5377621.811884935,5371243.225531662,MultiPolygon
Sorengo,1684760,5225,2105,21,0.9999841767107653,0.00020661961062453662,0.014,0.0015823430770388752,846119.3069855223,846121.0552339398,MultiPolygon
Rheinau,1682193,38,102,1,0.9991026450749353,0.033399137028736064,5.642,0.08976078070588753,8944491.050027529,8941503.667205207,MultiPolygon
Andelfingen,1682083,291,102,1,0.9984608882181939,0.004841481794661908,5.891,0.15403344131373684,16987805.644192506,16988628.10571008,MultiPolygon
Mollens (VD),1685051,5431,2227,22,0.9989247998333528,0.024010061973547832,5.408,0.10756493577160331,10990686.03889501,10988047.168365752,MultiPolygon
Glarus Nord,1683140,1630,,8,0.9996412719938478,0.0013121670300067032,15.729,0.03587900066090362,151606860.71242017,151604871.37717867,MultiPolygon
Carouge (GE),1685459,6608,,25,0.9973167773681377,0.11331517742805278,3.549,0.268834960135254,2696750.6186434696,2699806.4463917776,MultiPolygon
Estavayer,6838556,2054,1001,10,0.9999140293502533,0.00042364604071442116,3.238,0.008597452749458147,68480344.40787797,68480634.52214572,MultiPolygon
Lenk,1682532,792,248,2,0.998838553084413,0.02144880945030581,73.876,0.1161997156324176,122959915.40073055,122933541.96277599,MultiPolygon
Werthenstein,1682930,1009,316,3,0.9989050805763081,0.007981972684389403,3.595,0.10955628983250043,15801360.544050016,15802621.804332403,MultiPolygon
Oberlangenegg,1682590,935,247,2,0.9987619759799439,0.0144659738080983,8.098,0.1238701244887203,9160244.14824413,9158919.029724887,MultiPolygon
Märstetten,1684543,4941,2015,20,0.9984680110120049,0.001448736652699831,3.767,0.15331744884551257,9965153.993864719,9965298.362703126,MultiPolygon
Farnern,1682439,975,244,2,0.9979962191051845,0.03520628979518434,3.444,0.20061435593375926,3678143.3855295987,3679438.3233489906,MultiPolygon
Bourg-Saint-Pierre,1685281,6032,2303,23,0.9987694468681714,0.07285528203172617,64.703,0.12308621910145671,89801985.05312137,89736559.56364083,MultiPolygon
Uezwil,1684443,4078,1903,19,0.9991479754161419,0.018941514345175353,5.02,0.08524684390715256,2443988.3131760117,2444451.2415729463,MultiPolygon
Tschappina,1684194,3669,1851,18,0.9991762553800222,0.0001699517021247967,19.021,0.08240833371013266,24667129.249924704,24667087.32771868,MultiPolygon
Avusy,1685448,6604,,25,0.9978468154486542,0.0010117628382183379,3.601,0.21554942472418515,5172005.802540091,5171953.47410739,MultiPolygon
Gollion,1684989,5484,2227,22,0.9978499674237442,0.006990369474036971,43.864,0.21524216121596743,5447751.489685046,5448132.307642202,MultiPolygon
Pully,1685114,5590,2226,22,0.9979974965550505,0.020700758248107055,39.151,0.20047179389338388,17061204.331658043,17064736.130320955,MultiPolygon
Bärschwil,1683489,2611,1110,11,0.9967339395007332,0.0430024500720416,23.361,0.32706994073201906,11189351.093685448,11184539.398568,MultiPolygon
Worb,1682730,627,246,2,0.999330538669375,0.0016047692357649954,17.14,0.06696801214438813,21084892.299583025,21084553.935718007,MultiPolygon
Lütschental,1682543,586,250,2,0.9999966217198094,1.3936411347965855e-05,0.007,0.00033782856637175004,12279835.709765619,12279833.998397201,MultiPolygon
Aeugst am Albis,1682079,1,101,1,0.9984249212446774,0.0026866973694993886,3.729,0.15762989940527422,7912337.833634075,7912125.253061633,MultiPolygon
Holderbank (SO),1683525,2425,1102,11,0.9989446252148113,0.038832427017584915,2.948,0.1055726965175907,7754986.490846047,7751975.041376766,MultiPolygon
Sins,1684427,4239,1908,19,0.9953674951338968,0.001526642982456704,21.559,0.46432952709782915,20307417.704462536,20307727.72622984,MultiPolygon
Mies,1685048,5723,2228,22,0.998929919738563,0.025046411802510472,6.896,0.10705190237215217,6638173.889019536,6636511.264651125,MultiPolygon
Lüsslingen-Nennigkofen,2742593,2464,1103,11,0.9991815787680521,0.01524674085160675,3.446,0.08188186925309325,7809252.180683886,7810442.837126323,MultiPolygon
Bettenhausen,1682379,973,244,2,0.9979965406818989,0.06652043469107283,6.349,0.20048012320324865,3934598.3046720373,3931980.992776422,MultiPolygon
Wald (AR),1683956,3036,1503,15,0.9932182828287942,0.07899905516094646,26.85,0.6802103395662279,6827383.041196471,6821989.473101707,MultiPolygon
Gravesano,1684684,5187,2105,21,0.9997138874300256,0.016103644118926442,0.487,0.02861304654610837,711523.0571846166,711408.4760436635,MultiPolygon
Wilchingen,1683721,2974,1406,14,0.995349640648399,0.01889060594810881,61.314,0.46607572090045063,21102503.70914427,21098517.31832339,MultiPolygon
Sennwald,1683938,3274,1724,17,0.9992619698218369,0.007454193721536417,38.319,0.07383301402258047,41564264.20584647,41567362.48661931,MultiPolygon
Neuhausen am Rheinfall,1683680,2937,1403,14,0.9949175802475048,0.33009949878819195,20.988,0.5103778044732943,7995729.765657923,8022123.629538818,MultiPolygon
Milvignes,2758642,6416,,24,0.9958458169673879,0.06952948143288898,103.937,0.4164276807598453,8840468.455903387,8846615.187777014,MultiPolygon
Bachenbülach,1682084,51,103,1,0.9969613156658382,0.048705053279535275,20.914,0.3042567038147395,4314148.700635415,4312047.492212212,MultiPolygon
Brüttelen,1682395,491,243,2,0.998910571937191,0.0008288406750375525,3.218,0.10900263302580031,6612482.936350138,6612537.743298344,MultiPolygon
Noble-Contrée,1685395,6254,2311,23,0.998836953870228,0.008108309889011912,3.609,0.11636756823279167,6498583.328989942,6498056.403715231,MultiPolygon
Buseno,1684053,3804,1847,18,0.9983680560218805,0.005954892459181233,4.006,0.16332280562098686,11149046.859738361,11148382.94598764,MultiPolygon
Grangettes,1683329,2079,1002,10,0.997913750452491,0.006372524341109547,3.121,0.20883614957402052,3307742.65569306,3307531.8689871845,MultiPolygon
Innerthal,1683084,1343,505,5,0.9989984144069104,0.006800174440971085,23.589,0.10021215031030879,50141996.31824398,50145406.06146181,MultiPolygon
Bavois,1684844,5746,2224,22,0.9989326607683505,0.0232410888949541,10.633,0.10680332391708816,9347960.736702893,9350133.304567575,MultiPolygon
Grindelwald,1682457,576,250,2,0.9986539517446229,0.0760937343259919,84.285,0.13464423143463755,171377264.72610334,171246857.3655875,MultiPolygon
Uebeschi,1682697,943,247,2,0.9989254871388783,0.0025332696977171565,2.981,0.10750768429151156,4419189.142359579,4419077.192380151,MultiPolygon
Birwinken,1684506,4901,2015,20,0.9987577932100427,0.012451722413331097,3.911,0.124305619444962,12292852.51549697,12294383.18736888,MultiPolygon
Widen,1684459,4081,1903,19,0.9999862318025483,0.00017743264683119003,0.112,0.001376828001934358,2615692.907167575,2615688.2660744167,MultiPolygon
Eschenbach (LU),1682832,1026,313,3,0.9989114453026314,0.00265149723272795,3.567,0.1089161935039207,13207393.1302574,13207743.323920764,MultiPolygon
Lauperswil,1682528,903,245,2,0.9988654783983673,0.021714487902233723,18.905,0.11352887842364058,21194236.98867592,21198839.208702795,MultiPolygon
Urdorf,1682224,250,111,1,0.999041372443509,0.0029162697817082103,3.866,0.09590732754446289,7582837.454588065,7582616.318590781,MultiPolygon
Büron,1682821,1082,314,3,0.9982671381464236,0.03253994998944393,3.439,0.17346467413507724,5365605.228078343,5367351.193336191,MultiPolygon
Orges,1685081,5924,2224,22,0.9981503665797042,0.00495617671931912,3.61,0.1851391453599733,4024759.564576458,4024959.0387730063,MultiPolygon
Tramelan,1682688,446,241,2,0.9992082644389997,0.009981409337709685,3.905,0.07920886365536894,24824673.15557967,24827151.00782408,MultiPolygon
Mauensee,1682895,1091,314,3,0.9982849138224383,0.029517575617718266,3.574,0.17163048569979092,7214413.854371199,7212284.33430636,MultiPolygon
Bern,1682378,351,246,2,0.9995599934718786,0.001726469448420342,8.672,0.04400995531701855,51618816.22018426,51617925.03709258,MultiPolygon
Brislach,1683631,2782,1302,13,0.9986709979043313,0.02106855492596031,13.016,0.13300259000407655,9416615.437463809,9418599.382259417,MultiPolygon
Belmont-sur-Lausanne,1684847,5581,2226,22,0.994827602128686,0.27483332021566537,5.989,0.5178683239996066,2648583.465206045,2641304.2753299363,MultiPolygon
Herisau,1683894,3001,1501,15,0.9977946486219027,0.010526840874479635,30.457,0.22076696448291236,25202023.123992454,25199370.147121042,MultiPolygon
Mettembert,1685616,6716,2601,26,0.9999872818791343,0.00020090175263243052,0.015,0.0012718214516959452,2344344.81624296,2344349.5260727834,MultiPolygon
Romanshorn,1684552,4436,2011,20,0.9990569247291298,0.012963256011475811,3.351,0.09435813316113129,8880003.052268086,8881154.189797578,MultiPolygon
Rennaz,1685117,5412,2221,22,0.9998646868546109,0.002039972792223877,0.745,0.013532092056214168,2187556.9005750017,2187512.2750094156,MultiPolygon
Buch am Irchel,1682097,24,102,1,0.9984132701781833,0.03688819821665217,6.313,0.15882825674948278,10209806.730461368,10213572.944205638,MultiPolygon
Treyvaux,1683412,2226,1004,10,0.9979241369398326,0.11880193999939336,41.577,0.20767855385637815,11403482.527056107,11389934.968586473,MultiPolygon
Birmensdorf (ZH),1682091,242,111,1,0.9980761172351906,0.03087615986139554,62.022,0.19260325057388186,11417918.278471598,11421443.693172103,MultiPolygon
Mörel-Filet,1685343,6203,2309,23,0.9980947559335511,0.0012393054850204977,15.415,0.19070725917170564,8546019.101990368,8546125.01327385,MultiPolygon
Reconvilier,1682615,703,241,2,0.9988556144581946,0.018410346182226832,6.319,0.11451461288118316,8249090.396235083,8250609.082333915,MultiPolygon
Fahrni,1682438,925,247,2,0.9984866517924832,0.01360674129776605,3.722,0.1514597222701314,6682263.947103907,6683173.185472024,MultiPolygon
Kippel,1685321,6197,2309,23,0.9987825655418262,0.03640814556934489,46.676,0.12179542252393437,11682719.340596106,11678465.879132124,MultiPolygon
Kehrsatz,1682505,870,246,2,0.9983785040995881,0.01573652841325396,3.688,0.16229392786864474,4436721.026046888,4437419.211911769,MultiPolygon
Burtigny,1684874,5854,2228,22,0.9981251566293793,0.018814567665783443,12.32,0.18764260012106954,5681999.256496379,5680930.212901496,MultiPolygon
Tévenon,1868688,5571,2224,22,0.9982261855871277,0.08980429629927039,18.628,0.1776186205993155,14276650.508797696,14289471.554322228,MultiPolygon
Lignières,1685514,6456,,24,0.9992094662856569,0.01790237369853495,2.91,0.07907755195480179,12519150.236205617,12516909.01114645,MultiPolygon
Jorat-Mézières,6376490,5806,2226,22,0.9986435765661724,0.009444736128276536,11.109,0.13572799016479786,11084474.414881563,11083427.51552187,MultiPolygon
Kirchlindach,1682512,354,246,2,0.9991388846405429,0.0026846745447754094,2.919,0.08614978430419223,11964314.095268035,11964635.298163008,MultiPolygon
Mühleberg,1682563,668,246,2,0.9996371757498024,0.0020089611511961984,3.841,0.036289372801912,26259838.213387243,26260365.763335317,MultiPolygon
Arch,1682365,381,243,2,0.9991155890448974,0.0038539409084653547,3.082,0.08847851696131559,6375295.418502581,6375049.718384412,MultiPolygon
Agiez,1684830,5742,2224,22,0.9972635707138732,0.11359083299709043,32.461,0.27417347341482184,5460957.101716801,5467160.2483782545,MultiPolygon
Riviera,7187847,5287,2107,21,0.9999986321759555,9.973779547337027e-06,0.015,0.00013678249124239535,86531998.14142545,86531989.51091471,MultiPolygon
Starrkirch-Wil,1683578,2584,1108,11,0.9975860506672164,0.05137572822063178,3.317,0.2416245587971713,1844943.7773849468,1843995.924084054,MultiPolygon
Erlen,1684516,4476,2015,20,0.9985349507628156,0.008330465558116283,31.586,0.1466184275972191,12191843.72611408,12192859.363456583,MultiPolygon
Schötz,1682920,1143,315,3,0.9990321422879532,0.002003454798264616,7.2,0.0968336013082918,15267327.654920409,15267633.528928878,MultiPolygon
Bissone,1684629,5154,2105,21,0.9957717826529685,0.36137162920981925,19.923,0.42295192213457394,3696446.3510015854,3683088.442600104,MultiPolygon
Vezia,1684770,5231,2105,21,0.9999921072717256,4.7416559528266196e-05,0.016,0.0007892757550521336,1389647.635076044,1389646.9761529458,MultiPolygon
Witterswil,1683590,2481,1104,11,0.9983286446329696,0.03698578634767146,4.563,0.16724439091197965,2669422.70817462,2668435.401195058,MultiPolygon
Assens,1684837,5511,2223,22,0.9987897444937388,0.0055557584788036365,9.998,0.12110219486861197,8461188.233843422,8461658.31702613,MultiPolygon
Erlenbach im Simmental,1682433,763,249,2,0.9991602747629209,0.009799149031832375,53.556,0.08401191146557012,36690351.22922297,36693946.57142022,MultiPolygon
Saint-Brais,1685627,6758,2602,26,0.9965841248875701,0.021564454367880008,22.009,0.342135025761294,15157198.173756434,15153929.606672805,MultiPolygon
Ebnat-Kappel,1683874,3352,1727,17,0.9992878719187985,0.0006748376919548159,16.306,0.07123793310104952,43545866.834163226,43545572.97024054,MultiPolygon
Safenwil,1684412,4283,1910,19,0.9977380985181006,0.019181629187129137,22.698,0.22646796578133427,5990778.078898629,5991927.207735147,MultiPolygon
Pura,1684744,5216,2105,21,0.9999929859915121,2.986722403316714e-06,0.017,0.0007014032981964652,3044256.516734395,3044256.425810904,MultiPolygon
Bottens,1684861,5514,2223,22,0.9980702591327323,0.018350765737378535,8.701,0.19314273833305298,6885324.704416067,6884061.194609302,MultiPolygon
Rossenges,1685128,5684,2222,22,0.9975885003053215,0.0032255422960675503,3.49,0.24143719312943324,1076845.9091545267,1076811.1750342634,MultiPolygon
Finhaut,1685307,6214,2310,23,0.9962004107261809,0.12560019917547427,62.447,0.38092121404628865,22825457.176327113,22854125.996003293,MultiPolygon
Oberwil im Simmental,1682596,766,249,2,0.9994015940304268,0.010280677685578676,19.417,0.05986158373137826,46060330.52635413,46065065.84047645,MultiPolygon
Lampenberg,1683663,2887,1305,13,0.9987311378649942,0.023389878559015895,3.279,0.12698161384699028,4008577.3146285205,4009514.9159943564,MultiPolygon
Oberägeri,1683146,1706,,9,0.9992603369948947,0.0018867837093475706,9.22,0.07399296764913796,36237560.74697086,36236877.02257802,MultiPolygon
Ins,1682492,496,243,2,0.9991376784478764,0.015725840708011838,26.831,0.08626256788244013,23868261.484722503,23864507.999941643,MultiPolygon
Röschenz,1683699,2791,1302,13,0.9986752183503751,0.03064116727482296,9.363,0.13258628532951378,10071817.4815771,10074903.604019245,MultiPolygon
Fiesch,1685305,6057,2304,23,0.9993107764707261,0.021073480491438482,6.252,0.06895337724179329,11035345.86177572,11037671.393233065,MultiPolygon
Torny,1683411,2115,1002,10,0.9963972576877175,0.14869620483640825,19.479,0.3611927304491592,10179874.236947522,10195011.323594982,MultiPolygon
Berken,1682377,972,244,2,0.9978266493316365,0.0021750637844630055,3.512,0.21757386257440925,1388260.4391905707,1388290.6347406176,MultiPolygon
Schöftland,1684423,4144,1905,19,0.9969221117158811,0.017241957840671524,16.363,0.30823665299321285,6278027.172207442,6276944.717409184,MultiPolygon
Neyruz (FR),1683373,2211,1004,10,0.9981696636661382,0.034481926606792244,8.535,0.18316970771034752,5530645.633379494,5528738.56021131,MultiPolygon
Fischingen,1684521,4726,2014,20,0.9991259473881828,0.00984767237992445,17.718,0.0874391707076489,30581204.801044725,30578193.264186084,MultiPolygon
Lauenen,1682526,842,248,2,0.9978448123633693,0.024597509542417254,39.698,0.21577779060053948,58494976.18762191,58509364.49497149,MultiPolygon
St. Moritz,1684175,3787,1846,18,0.9991632418722511,0.021684403071069325,30.618,0.08370175953816583,28686567.902935572,28680347.391924243,MultiPolygon
Grabs,1683890,3273,1724,17,0.9995364919903745,0.00434887130387923,20.119,0.04636255353832737,54647323.796650365,54649700.338433295,MultiPolygon
Seewen,1683575,2480,1104,11,0.9989719975392896,0.052168774958670006,16.394,0.1028262840930686,16314038.692225683,16305527.858093666,MultiPolygon
Baar,1683138,1701,,9,0.9989351821003939,0.0036744969976225702,9.571,0.10654046939505797,24846413.980095364,24847326.96083108,MultiPolygon
Laufen-Uhwiesen,1682159,34,102,1,0.9978387397950976,0.021174033409529492,16.831,0.2163827314813562,6281722.181178636,6283052.2751319725,MultiPolygon
Jenins,1684093,3952,1845,18,0.9983014462821289,0.0046372133185140375,6.593,0.16999580701407502,10538006.067409992,10537517.397589128,MultiPolygon
Egnach,1684515,4411,2011,20,0.9993465398701966,0.009741233696015515,5.203,0.06536418667113811,18426066.456620518,18424271.530425996,MultiPolygon
Rougemont,1685130,5843,2230,22,0.99962773044156,0.005605262414046358,6.574,0.03723492989378661,48542202.88784431,48544923.80569773,MultiPolygon
Fraubrunnen,3411722,538,246,2,0.9994355404198431,0.004327659420207377,3.643,0.05646311498300306,31907557.614779312,31908938.465202186,MultiPolygon
Wolfhalden,1683968,3038,1503,15,0.9949343720136662,0.3327412682670078,20.103,0.5086939976491662,6931030.336683013,6954092.734929263,MultiPolygon
Personico,1684736,5076,2103,21,0.9982050094222917,0.07753691793717647,75.79,0.17972995357584298,38874215.36392263,38904357.23238808,MultiPolygon
Torricella-Taverne,1684764,5227,2105,21,0.9999935012143394,0.00016666519917433366,0.008,0.0006498812195456386,5249448.858562898,5249457.607567294,MultiPolygon
La Brévine,1685494,6432,,24,0.99903851729462,0.004472869990763918,17.951,0.09619666654717367,41811682.05001305,41813552.2321921,MultiPolygon
Geuensee,1682838,1085,314,3,0.9986489593692544,0.03577871248433055,13.931,0.1352195758920461,6472127.660483576,6474443.30443084,MultiPolygon
Penthalaz,1685096,5495,2223,22,0.997882193317472,0.0028701241254903446,4.46,0.21200211882064132,3869762.82053056,3869651.7535342486,MultiPolygon
Neuchâtel,1685519,6458,,24,0.9988959927812697,0.033686978789335645,34.555,0.11044309152422077,30182495.85099088,30172328.280015465,MultiPolygon
Steinen,1683114,1373,506,5,0.998840092232232,0.004447268994135226,9.846,0.11606066582140781,11849328.217632184,11849855.18913202,MultiPolygon
Molondin,1685052,5921,2224,22,0.9986608486597085,0.013941498365490211,3.301,0.13401420156603705,5494979.965310916,5495746.047852964,MultiPolygon
Günsberg,1683515,2547,1107,11,0.9986432815785036,0.0007803171072504544,3.287,0.13576446856277327,5263234.895959603,5263275.965881891,MultiPolygon
Muzzano,1684726,5205,2105,21,0.9902551375125845,0.3613341871563818,28.466,0.9810268104063543,1701442.2320781264,1707590.1245373413,MultiPolygon
Geroldswil,1682127,244,111,1,0.9964371427913831,0.006974653971371727,7.339,0.35690910410083737,1933394.2721131784,1933259.4245527962,MultiPolygon
Meggen,1682896,1063,312,3,0.998981284705941,0.010569639235054966,11.298,0.10191805842173562,13931866.555757325,13930394.007723672,MultiPolygon
Ayent,1685270,6082,2305,23,0.9996206702782457,0.01662615868294948,23.87,0.03794332208817605,55333466.03452393,55342665.8643916,MultiPolygon
Niederdorf,1683682,2891,1305,13,0.9973061618468234,0.0722684034302529,24.424,0.26964967191357614,4405739.345106409,4402555.387622402,MultiPolygon
Ebikon,1682826,1054,312,3,0.9984844821426153,0.013225652299978971,5.443,0.1516767419999511,9684106.995971443,9685387.782291088,MultiPolygon
Zermatt,1685406,6300,2313,23,0.9961782525196476,0.03917350176914644,162.206,0.38298143281395863,242721084.52017954,242816166.86851814,MultiPolygon
Wölflinswil,1684467,4182,1906,19,0.9952574620503777,0.06445773080939869,14.12,0.4752278413812908,9512592.809849523,9506461.208383156,MultiPolygon
Büetigen,1682404,382,243,2,0.9974661635676612,0.01092024411766779,21.083,0.25369121419823154,3613965.88918233,3613571.235284902,MultiPolygon
Walperswil,1682714,754,243,2,0.9989732355166944,0.028589192470706414,3.049,0.10271450294866155,6955120.561851091,6953132.1490470935,MultiPolygon
Pont-la-Ville,1683381,2147,1003,10,0.998889152876798,0.0021455967846754766,3.045,0.11114525329770004,5510049.2635679785,5509931.040128145,MultiPolygon
Cheyres-Châbles,1683288,2055,1001,10,0.9997737023298291,0.014980616353873585,9.017,0.02263402306960771,22343935.245024104,22347282.50424152,MultiPolygon
Hauteville,1683337,2137,1003,10,0.9980424666047343,0.0768093891749954,26.491,0.19602037621497503,11856881.123090377,11865988.321056228,MultiPolygon
Buchrain,1682819,1052,312,3,0.9983259241037296,0.015410684778579826,3.759,0.16756074365596924,4803038.988887314,4803779.170085683,MultiPolygon
Gretzenbach,1683511,2576,1108,11,0.9979595935878159,0.027527791514017897,4.683,0.2042771293419384,5832792.393192164,5834398.032121607,MultiPolygon
Siviriez,1683400,2099,1002,10,0.9990001394536925,0.02957660818214637,26.262,0.10002127205068236,20284477.357672103,20278477.897282228,MultiPolygon
Rongellen,1684139,3711,1851,18,0.9972828149647947,0.009387357149966316,3.749,0.2720753895157785,2017351.9801094013,2017162.6040740565,MultiPolygon
Leissigen,1682530,585,250,2,0.9992449152603392,0.021936554662602473,7.018,0.07552870727451062,10379986.77034243,10377709.758870583,MultiPolygon
Vich,1685180,5732,2228,22,0.9944458796798523,0.027215804019691446,3.838,0.5568829495427476,1553591.8025644487,1553168.9800641967,MultiPolygon
Jouxtens-Mézery,1685004,5585,2225,22,0.9980196601342208,0.012053210086365016,3.527,0.19824221478467208,1933636.7439314928,1933869.809230546,MultiPolygon
Calanca,1684042,3837,1847,18,0.9994546614838314,0.005569731570275305,3.871,0.05454720626861664,37721500.32043204,37719399.33411991,MultiPolygon
Caslano,1684651,5171,2105,21,0.999756392173633,0.010110045584331394,2.537,0.024362518643802015,4657600.863773608,4657129.978203144,MultiPolygon
Féchy,1684981,5427,2227,22,0.9978392319865167,0.009490342075731191,3.756,0.21630023544951582,2699046.483122539,2698790.3343785075,MultiPolygon
Unteriberg,1683117,1375,506,5,0.9999978344159662,2.614693767857632e-05,0.016,0.00021655866614929363,46430230.69695347,46430242.83703695,MultiPolygon
Dänikon,1682109,85,104,1,0.9978996709769046,0.02705973724147866,3.312,0.21022525623726573,2865416.9026734303,2864641.528388694,MultiPolygon
Juriens,1685005,5754,2224,22,0.9980275596300944,0.02262933026429412,7.5,0.19746109460978412,9350221.859316032,9352337.751901021,MultiPolygon
Romoos,1682911,1007,316,3,0.9994892117843539,0.0021923402577465464,4.153,0.05109131007333831,37391154.30123789,37390334.55990931,MultiPolygon
Triengen,1682924,1104,314,3,0.9975551600263843,0.00788119389424596,17.085,0.24477357934819546,22089173.60417537,22087432.71357399,MultiPolygon
Leysin,1685029,5407,2221,22,0.9992619675267966,0.01871326166656588,4.415,0.07383740001724048,18575636.03708978,18579112.14446763,MultiPolygon
Galgenen,1683074,1342,505,5,0.9990004946129789,0.020871707673556228,16.192,0.0999900783210489,13265536.049275335,13262767.3053698,MultiPolygon
Schöfflisdorf,1682206,99,104,1,0.9974367374154373,0.04408775601642691,6.118,0.2565986190282679,4012786.5943885823,4011017.4468253884,MultiPolygon
Hasle (LU),1682850,1005,316,3,0.9993485711169048,0.0010599231346157512,7.605,0.06516376785771749,40312752.518890575,40312325.23470043,MultiPolygon
Winznau,1683588,2501,1105,11,0.9981173600094243,0.03155129806526315,4.006,0.18841165484772804,3941823.2290851045,3940579.53268889,MultiPolygon
Bühler,1683870,3021,1502,15,0.9933233842597289,0.07741889682578705,16.807,0.6701572132390482,5594847.127579054,5599178.596504315,MultiPolygon
Moosleerau,1684367,4277,1910,19,0.9931630677855362,0.10917350192005174,64.147,0.6856639344512236,3812631.499652465,3808469.1163289873,MultiPolygon
Leuggern,1684352,4313,1911,19,0.9963263674004418,0.008310476263072198,10.797,0.368054573413759,13755812.746724134,13756955.920277243,MultiPolygon
Lutry,1685039,5606,2226,22,0.9995036284642528,0.0007700855336512408,3.737,0.0496496670397155,16628825.420282152,16628953.47646113,MultiPolygon
La Sarraz,1685013,5498,2227,22,0.9974615539742075,0.01846053047086722,24.562,0.2541906577420748,7703872.078444563,7705294.254097041,MultiPolygon
Rüti (ZH),1682201,118,105,1,0.9985439222698316,0.00744829349589184,7.601,0.14570843177078968,10059045.920189045,10058296.692926023,MultiPolygon
Orvin,1682602,438,241,2,0.99916916135671,0.004235449777193984,9.063,0.08312015353447855,21592332.487641074,21593247.020039313,MultiPolygon
Fischbach,1682835,1129,315,3,0.9988565408651188,0.0031694110943646615,3.599,0.11440951274322037,8047500.421876025,8047245.363504835,MultiPolygon
Sainte-Croix,1685144,5568,2224,22,0.9990663690268058,0.014437525818638192,13.937,0.09339995820572077,39471308.149934106,39465609.469629005,MultiPolygon
Leimbach (AG),1684349,4137,1905,19,0.9999868951918345,0.00022722164866149976,0.013,0.0013104879144505061,1146870.20304682,1146867.5971094365,MultiPolygon
Simplon,1685376,6009,2301,23,0.9990198428303931,0.03607524639774564,124.056,0.09804608754281387,91010656.978326,90977824.65957285,MultiPolygon
Bözberg,2743442,4124,1904,19,0.9952666667055905,0.12431482842408167,50.149,0.4747511188377826,15502872.757450905,15522145.127120133,MultiPolygon
Les Breuleux,1685610,6743,2602,26,0.99751745827028,0.06842810585197054,11.543,0.24847766324184828,14872528.089177452,14862351.099913726,MultiPolygon
Blumenstein,1682385,922,247,2,0.9993352919967035,0.002714644104369193,11.72,0.06649199698811364,15519033.909374699,15518612.622835623,MultiPolygon
Walterswil (BE),1682715,959,244,2,0.9982808703802336,0.01334003349031055,4.252,0.17207233592477855,7872341.247381931,7873391.420340803,MultiPolygon
Wengi,1682719,394,243,2,0.9987638246047674,0.005788442418868675,8.235,0.1236904132809594,7081900.424480188,7081490.492751955,MultiPolygon
Coldrerio,1684663,5251,2106,21,0.9999922544791234,4.265343112963375e-05,0.016,0.0007745552526060927,2459350.9556494677,2459352.0046470338,MultiPolygon
Grandevent,1684994,5560,2224,22,0.9978000473882007,0.11936130203626649,16.838,0.22036895641458623,3444342.9645259026,3448454.1771349553,MultiPolygon
Lavertezzo,1684693,5112,2104,21,0.9997654120807408,0.00899057865003489,0.385,0.023462598487555202,896319.0849884765,896399.6692607676,MultiPolygon
Jaun,1683339,2138,1003,10,0.9958800462790244,0.13814486728089756,87.198,0.4125606622851672,55680430.531096466,55603510.87423785,MultiPolygon
Iffwil,1682489,541,246,2,0.9988006677164849,0.02703435737706071,2.975,0.12002141271769627,5059201.361460014,5060569.0840364965,MultiPolygon
La Chaux-de-Fonds,1685495,6421,,24,0.9991141083925478,0.00903596433602603,40.346,0.08862441411502262,55712506.98198097,55707472.819719374,MultiPolygon
Steinmaur,1682212,101,104,1,0.9983478557616096,0.0030937164404222623,6.118,0.16534845795723066,9392820.64531958,9392530.058083056,MultiPolygon
Courroux,1685592,6709,2601,26,0.9963782452870507,0.007243529279654074,63.037,0.3628193755432804,19739386.631461866,19737956.803211592,MultiPolygon
Veyrier,1685542,6645,,25,0.9984426170448677,0.020876406704092704,9.878,0.15584339315539703,6496751.039079551,6495394.75091008,MultiPolygon
Penthéréaz,1685098,5531,2223,22,0.9983901761743291,0.030151840554814735,11.885,0.16108777445998032,5676012.909683125,5674301.487320727,MultiPolygon
Allmendingen,1682363,630,246,2,0.9985503319557945,0.018450725676721513,2.891,0.1450585740966387,3810526.908882459,3809823.8390156636,MultiPolygon
Boudry,1685455,6404,,24,0.9963548838252803,0.2295121228825553,67.721,0.3655962370256723,16757116.041524958,16795575.654285755,MultiPolygon
Grengiols,1685311,6177,2309,23,0.9971087119722871,0.10779108502548969,170.112,0.28939133208124374,58515102.74622128,58452028.68206735,MultiPolygon
Les Enfers,1685611,6745,2602,26,0.9911961387624378,0.3165873364740286,30.599,0.8856784141758692,7116070.122927459,7138598.699791259,MultiPolygon
Zug,1683151,1711,,9,0.9992310994218951,0.0017469116639222489,9.571,0.07691895772529844,33838640.239027016,33838049.10787377,MultiPolygon
Lavey-Morcles,1685019,5406,2221,22,0.9989195375607394,0.018967579859983624,21.748,0.10809439301312707,14199642.668914927,14196949.340351868,MultiPolygon
Liddes,1685331,6033,2303,23,0.9985859568348702,0.0019210447926489018,52.083,0.14150572233282105,58649168.885708466,58650295.56251328,MultiPolygon
Feusisberg,1683071,1321,503,5,0.9989460971233202,0.004366474616916944,3.723,0.10544355037842791,17502233.403877955,17501469.17329898,MultiPolygon
Muotathal,1683092,1367,506,5,0.9999988559513614,1.616395791575892e-06,0.016,0.00011440493048801608,172140592.69569728,172140595.47817057,MultiPolygon
Reutigen,1682619,767,247,2,0.9961483698211335,0.023383235098636632,56.374,0.385951320550499,13747941.831969792,13751156.545529585,MultiPolygon
Hofstetten-Flüh,1683524,2476,1104,11,0.9990021642176571,0.002721146655481879,3.302,0.09983474520355284,7514199.989172995,7514404.461574687,MultiPolygon
Brenzikofen,1682390,606,246,2,0.9979687332601507,0.03856113284860746,2.971,0.20337238974366703,2194024.025617408,2194870.066136657,MultiPolygon
Aegerten,1682359,731,242,2,0.998448412391055,0.002708926369204355,3.092,0.15528132875556525,2156490.756817449,2156549.1745642098,MultiPolygon
Brittnau,1684280,4274,1910,19,0.9975811975792395,0.13539398820546536,45.428,0.24233707047567263,13671052.764730452,13689562.548298294,MultiPolygon
Salenstein,1684553,4851,2013,20,0.9986508859261793,0.017019104276999555,3.874,0.13501396235720964,6551094.047854584,6552208.985381872,MultiPolygon
Remetschwil,1684401,4039,1902,19,0.9950843643681347,0.10778792354006884,9.493,0.4930402894727985,3880901.011478153,3885084.154093071,MultiPolygon
Mörigen,1682561,742,242,2,0.9986071291709208,0.016792535012393122,8.119,0.13937245190318337,2159160.697154583,2158798.1193385394,MultiPolygon
Vinelz,1682708,502,243,2,0.9988022721037735,0.03294791331944074,2.967,0.11986430335007874,4564446.806468003,4565950.6964453105,MultiPolygon
Prévonloup,1685112,5683,2222,22,0.9973661380244871,0.07001908428735204,2.865,0.26364118449494756,1837547.3658214586,1836260.731982564,MultiPolygon
Misery-Courtion,1683363,2272,1005,10,0.9989058933880726,0.0037870665944947763,42.327,0.10947262027900448,11351442.340866387,11351872.227547271,MultiPolygon
Bever,1684045,3781,1846,18,0.999209939454254,0.001308945006497248,4.127,0.07903779396881945,45749870.018380836,45750468.85901992,MultiPolygon
Zihlschlacht-Sitterdorf,1684575,4511,2015,20,0.9979848547114201,0.007655705178525855,10.976,0.20171005271029588,12207379.746083736,12206445.185080353,MultiPolygon
Puplinge,1685526,6636,,25,0.9977791046990616,0.011550678239296182,3.504,0.22232358236985938,2672108.390158578,2671799.7435162254,MultiPolygon
Saint-Martin (VS),1685367,6087,2305,23,0.9941383485514763,0.14498016937753483,109.198,0.5883143031562347,36954851.137278534,37008428.34305058,MultiPolygon
Schelten,1682650,708,241,2,0.9989170343537173,0.009100822166439381,7.269,0.10835030651924876,5560859.17961999,5560353.095715127,MultiPolygon
Rickenbach (SO),1683568,2582,1108,11,0.9957166945502861,0.07273749641078715,44.34,0.42909373628356184,2758953.923995537,2756947.1299840957,MultiPolygon
Rüti bei Lyssach,1682639,422,245,2,0.9966532833521033,0.022815607511913662,2.941,0.33527087178051157,1293657.9552024922,1293953.1111240978,MultiPolygon
Aclens,1684829,5621,2227,22,0.9974283334364092,0.034540275671486216,31.671,0.2574532853258161,3898165.3498854856,3896818.912827505,MultiPolygon
Rehetobel,1683923,3034,1503,15,0.9941545962058774,0.12466504451494832,29.252,0.5866192513730707,6723190.570392044,6731572.038909448,MultiPolygon
Linescio,1684696,5315,2108,21,0.9967278238218775,0.32686693991964166,85.47,0.3272181924924165,6682991.323590512,6661146.834355997,MultiPolygon
Vilters-Wangs,1683955,3297,1725,17,0.9993454322107229,0.004071987931148654,15.942,0.06547687575861627,32716865.105577335,32715532.878778785,MultiPolygon
Dalpe,1684674,5071,2103,21,0.9932967196210795,0.18988020476256792,31.942,0.671943741415314,14553816.873469843,14526182.056189729,MultiPolygon
Obermumpf,1684389,4256,1909,19,0.9954072079935595,0.12486403351708276,52.782,0.46062371236375316,5019828.278190454,5026096.238254233,MultiPolygon
Petit-Val,4449432,716,241,2,0.999365840866903,0.002903564022046558,3.29,0.06343694853054994,23901819.75838594,23902513.76302506,MultiPolygon
Mezzovico-Vira,1684715,5199,2105,21,0.9996658415644389,0.02194074004522226,7.809,0.0334177611280839,11130180.076393642,11127738.032516515,MultiPolygon
Beinwil (SO),1683479,2612,1110,11,0.9992377763356408,0.0004963034121373875,3.444,0.0762516159759734,22661799.312241416,22661911.783524655,MultiPolygon
Martigny-Combe,1685333,6137,2307,23,0.9992398713963188,0.016701264809854437,32.185,0.07603541115897942,37412256.4558844,37406008.13586236,MultiPolygon
Untervaz,1684198,3946,1845,18,0.9995211351726284,0.0021077695570284266,2.673,0.047897446270006874,27720015.48826896,27719431.214221295,MultiPolygon
Le Flon,1683350,2337,1007,10,0.9967716593881291,0.015720891221124914,26.262,0.3233305956377363,9568840.104685463,9567335.797741482,MultiPolygon
Widnau,1683964,3238,1723,17,0.9986648690115356,0.040598860942835324,3.439,0.13357516661985094,4218097.272757156,4216384.773310956,MultiPolygon
Killwangen,1684340,4030,1902,19,0.9953018956692297,0.02549804748735643,13.921,0.47085660355748477,2433923.8068579594,2433303.2038098807,MultiPolygon
Felben-Wellhausen,1684520,4561,2012,20,0.9982490555055018,0.010253011553851804,3.272,0.1752388900075713,7381024.219892125,7380267.4426260665,MultiPolygon
Dietlikon,1682104,54,103,1,0.9974717229352348,0.06604936900996623,10.813,0.2530641190284709,4247873.662681477,4245067.9689309355,MultiPolygon
Wangen an der Aare,1682716,992,244,2,0.9988105982092474,0.001511687840060675,3.337,0.11901185453382537,8133029.828899116,8133152.774922068,MultiPolygon
Oberhünigen,1682589,629,246,2,0.9979650158291278,0.070064627318968,7.475,0.20363432319580257,6015808.114893929,6011593.161358004,MultiPolygon
Zell (ZH),1682245,231,110,1,0.9981806241918012,0.017495228480564978,12.33,0.18208730824418592,12973742.165027574,12971472.379193323,MultiPolygon
Grindel,1683512,2617,1110,11,0.9985385909910535,0.026154467483133024,3.835,0.14622863963321406,3083686.646649063,3082880.1248277836,MultiPolygon
Rossa,1684140,3808,1847,18,0.9994061107039018,0.006442621241123246,16.537,0.05940465640294731,58886419.00951967,58882625.18058042,MultiPolygon
Thundorf,1684562,4611,2012,20,0.9986019844454147,0.02671779100866316,25.414,0.1399180351968898,15615522.30381583,15619694.426429875,MultiPolygon
Bowil,1682388,605,246,2,0.9988451786648476,0.019491477192577294,7.263,0.11556011374458143,14684886.168327926,14687748.469566181,MultiPolygon
Oberems,1685349,6112,2306,23,0.999150403738488,0.0051509496354472765,19.613,0.0849935431357928,50261798.46789332,50259209.507968366,MultiPolygon
Meisterschwanden,1684359,4202,1907,19,0.9983141011376068,0.12197914677331127,7.722,0.16862920988350635,6868875.936677024,6860497.340416548,MultiPolygon
Stein (AG),1684432,4260,1909,19,0.9958005030723845,0.1106664966718257,13.332,0.4206004761588284,2828246.661601114,2825116.7401034823,MultiPolygon
Bussigny,1684875,5624,2229,22,0.9977979182779744,0.031479994190381916,8.384,0.2204855966136969,4810242.603629927,4811756.867722093,MultiPolygon
Lumino,1684702,5010,2101,21,0.9920799846320891,0.42981708654528583,60.359,0.793441492231805,10095343.98568691,10051952.472290905,MultiPolygon
Unterramsern,1683584,2463,1103,11,0.9982959865997748,0.014711843674334316,3.071,0.17053410163028665,1576178.0161601459,1575946.1313143792,MultiPolygon
Horw,1682879,1058,312,3,0.9987058796769689,0.021849167561657702,26.577,0.12950997077156834,20432287.41384374,20436751.69855747,MultiPolygon
Basel,1683619,2701,,12,0.9992153589867897,0.013275869787738892,6.311,0.07850010691877353,23855113.83513973,23858280.8089902,MultiPolygon
Croy,1684933,5752,2224,22,0.9961948568191055,0.13310277205679882,22.615,0.38098593355018445,4477498.338104651,4471538.663697837,MultiPolygon
Anières,1685445,6602,,25,0.9992858209374899,0.03454116182824032,7.634,0.07145575664103311,8772040.708137907,8775070.672914544,MultiPolygon
Matzendorf,1683548,2427,1102,11,0.9990346794570323,0.003353799000250705,3.361,0.09657704945604671,11271384.645006979,11271006.62542144,MultiPolygon
Zäziwil,1682741,628,246,2,0.9984807316139125,0.004293198763531645,4.244,0.15204559890527006,5405348.581922501,5405580.644280985,MultiPolygon
Chavannes-le-Chêne,1684891,5907,2224,22,0.9992258513874342,0.023504837855525658,3.243,0.07745393980555981,3997281.973668923,3998221.528315462,MultiPolygon
Chavannes-de-Bogis,1684889,5707,2228,22,0.996273093308806,0.11202936369555722,13.2,0.3735956085987273,2856144.512707997,2859344.2332318095,MultiPolygon
Sulgen,1684561,4506,2015,20,0.9983388305112209,0.030771855530615105,31.586,0.16622945789580443,9121170.38867752,9118363.635302816,MultiPolygon
Wald (BE),1682710,888,246,2,0.9991441063871859,0.0024238483829134697,5.617,0.08562496693435144,13297368.988580415,13297046.680517215,MultiPolygon
Samedan,1684150,3786,1846,18,0.9987338798389097,0.004283875047916607,50.898,0.1266949335642597,113786590.38527746,113791464.86063085,MultiPolygon
Cerentino,1684656,5309,2108,21,0.9939154418557974,0.022426771975959138,46.626,0.6102441188329014,20097088.149101026,20092581.02096802,MultiPolygon
Saanen,1682641,843,248,2,0.9997002101575875,0.001739640437788697,6.574,0.02998373941418918,120056571.8315814,120058660.3842532,MultiPolygon
Tuggen,1683116,1347,505,5,0.9990653255125722,0.015261984215269616,3.615,0.09350401415745575,15086677.375188721,15084374.848869111,MultiPolygon
St. Ursen,1683404,2304,1006,10,0.9988053754697542,0.0031742616075723785,15.714,0.11953574921884343,15717742.600766344,15718241.523035297,MultiPolygon
Pfäfers,1683919,3294,1725,17,0.9996940822875209,0.001882756229421449,5.937,0.030596739274526896,128461417.76975405,128463836.38509952,MultiPolygon
Rothenbrunnen,1684141,3637,1851,18,0.9979362337283884,0.06552693597312303,5.397,0.2065221177115572,3112167.104286912,3110127.796541109,MultiPolygon
Greifensee,1682130,194,109,1,0.9978899876750171,0.044758972750372626,3.805,0.21117680433602576,2310171.3205400435,2309137.311588196,MultiPolygon
Cormoret,1682413,432,241,2,0.9989833453783643,0.01594708988589666,3.702,0.10170905731390724,13479782.10528979,13477632.472321037,MultiPolygon
Twann-Tüscherz,1682694,756,242,2,0.996481211975344,0.18789198065711327,27.514,0.35283014573715815,12412408.152828984,12435730.07235458,MultiPolygon
Schlatt (TG),1684555,4546,2012,20,0.9987263732721808,0.037839650784289004,12.703,0.12746794286658045,15542819.187318757,15548700.535821272,MultiPolygon
Basse-Vendline,16915085,6812,2603,26,0.997711420713142,0.07243148537486246,13.178,0.2290371309039864,18670261.296432387,18656738.148852013,MultiPolygon
Alberswil,1682813,1121,315,3,0.9981548702984686,0.019282479448378104,3.223,0.18470115828732905,3534940.9619924105,3535622.586256919,MultiPolygon
Kirchleerau,1684341,4275,1910,19,0.9919575450996677,0.16663058504903797,28.316,0.8081653662712429,4357381.720944491,4364642.451598921,MultiPolygon
Saint-Maurice,2757524,6217,2310,23,0.9984222293174232,0.0008719428905373104,25.773,0.15790232294859283,14920702.755540485,14920832.85554738,MultiPolygon
Bremblens,1684866,5622,2227,22,0.9974616834666632,0.000522556170195556,3.545,0.2541548793062359,2905811.7715238878,2905826.956022594,MultiPolygon
Gersau,1683075,1311,502,5,0.9991513867608207,0.054512231330201236,8.506,0.0849204861428565,23568235.88410932,23581083.45537491,MultiPolygon
S-chanf,1684145,3788,1846,18,0.9994798996217688,0.0067174738543432635,17.159,0.05202531389610504,138027462.7439425,138036734.70266414,MultiPolygon
Reisiswil,1682617,336,244,2,0.9974372997986719,0.027136373149807262,3.349,0.25656399724200907,2008676.5532780413,2008131.471313171,MultiPolygon
Dozwil,1684514,4406,2011,20,0.9952695353475115,0.012515381989035968,9.675,0.47413831072236234,1304453.9690855045,1304290.7116884023,MultiPolygon
Hundwil,1683895,3002,1501,15,0.9999960776159796,2.87933178583315e-05,0.015,0.0003922392279538195,24081473.75763108,24081480.691486362,MultiPolygon
Iseltwald,1682495,582,250,2,0.9999972054433252,4.5029830447976565e-05,0.015,0.00027945599510023877,21912490.596208476,21912480.729051113,MultiPolygon
Nenzlingen,1683679,2789,1302,13,0.998345781884757,0.055958124918855386,16.601,0.16551242487797826,3661002.9300610106,3658954.301468124,MultiPolygon
Russikon,1682198,178,108,1,0.9976732011040814,0.050309185248909094,75.811,0.23289230669447505,14214593.14685556,14207441.900856929,MultiPolygon
Sigriswil,1682665,938,247,2,0.9998237015532976,0.0003660572411048242,3.009,0.017631431134590154,55413493.49812272,55413696.34322822,MultiPolygon
Montfaucon,1685617,6751,2602,26,0.9955286963861458,0.03691960201103009,16.109,0.44804950469517396,18250089.150049586,18243351.28976873,MultiPolygon
Bergdietikon,1684267,4023,1902,19,0.9999297361035595,0.001238855601870948,0.528,0.007026680028475632,5935683.6764108455,5935757.21096058,MultiPolygon
Zeiningen,1684471,4263,1909,19,0.9970425792522527,0.024625030129591767,13.027,0.296143572059406,11371427.733982908,11368627.51647725,MultiPolygon
Giswil,1683077,1403,,6,0.9997436278527306,0.0026775221443208932,10.303,0.02564015821703921,85958098.18243897,85955796.6353253,MultiPolygon
Rifferswil,1682196,12,101,1,0.9981153851645802,0.020391603030485858,3.734,0.18862000641422666,6509824.549511545,6508497.091931428,MultiPolygon
Kleinandelfingen,1682153,33,102,1,0.9982122899715,0.005897903270774673,5.095,0.17893621775609117,10293585.012150843,10294192.117837954,MultiPolygon
Chalais,1685285,6232,2311,23,0.9986173422531903,0.049225322947340625,31.066,0.13832737350119517,24343415.252849594,24331432.128074966,MultiPolygon
Riddes,1685357,6139,2307,23,0.9989390981949947,0.015424231386238774,18.034,0.10613829986004507,23900422.20235817,23896735.74593539,MultiPolygon
Mosnang,1683907,3394,1727,17,0.9991323628938515,0.019027206094119842,10.99,0.08679310872090064,50510911.28454799,50501300.46935786,MultiPolygon
Schlatt-Haslen,1683932,3104,,16,0.9981464022625216,0.04518483076308343,16.78,0.18548980824239875,17930827.945199512,17922725.930938054,MultiPolygon
Bourg-en-Lavaux,373404,5613,2226,22,0.99979121722251,0.006496052990024073,3.737,0.020879779286174283,27432450.07504783,27430668.04855449,MultiPolygon
Belmont-Broye,5817631,2053,1001,10,0.9999972836270645,1.947515769060925e-05,0.014,0.0002716376357718033,25800786.187306635,25800781.16256284,MultiPolygon
Anwil,1683613,2841,1304,13,0.9985547037416114,0.019332150213341726,3.359,0.14462016498830932,3953062.464037431,3952298.252063856,MultiPolygon
Sisseln,1684428,4177,1906,19,0.9958228196508724,0.14256083136379144,8.281,0.4188906770166105,2521685.2803009986,2525280.215800974,MultiPolygon
Ipsach,1682494,739,242,2,0.998210455525586,0.07461956143499772,3.265,0.17918154162217453,1896640.1593889548,1898055.4239578908,MultiPolygon
Freienstein-Teufen,1682125,57,103,1,0.9984165593159622,0.01587745636357695,5.401,0.15845695149033168,8404056.233126622,8402721.882765437,MultiPolygon
Mauraz,1685046,5488,2227,22,0.9999770631348834,0.00011352872878195318,0.014,0.0022937141189237594,497532.23366598523,497532.7985080054,MultiPolygon
Chancy,1685462,6611,,25,0.9953038323692137,0.08087306137485793,28.097,0.47091240159363873,5380939.507949028,5385291.238459836,MultiPolygon
Veysonnaz,1685396,6267,2312,23,0.9973083042440472,0.020174313549747816,3.295,0.2695051369548555,1143915.8031193763,1143685.0259585099,MultiPolygon
Hauterive (FR),1683336,2233,1004,10,0.9977506778172746,0.009517513649228732,28.844,0.22517475958631394,11966480.695918469,11965341.784484902,MultiPolygon
Châtel-Saint-Denis,1683290,2325,1007,10,0.999533851181204,0.00375081888999881,14.498,0.04662662357246429,47930501.4993815,47932299.28568581,MultiPolygon
Le Lieu,1685022,5873,2224,22,0.9999981791700556,5.80497070146677e-06,0.013,0.00018208315492656215,35893320.839982405,35893318.75638565,MultiPolygon
Sembrancher,1685374,6035,2303,23,0.9991556266312512,0.004783256738901409,8.299,0.08447502053099444,17681567.770776555,17682413.525558494,MultiPolygon
Ermensee,1682831,1025,313,3,0.9982883716840678,0.0038243904193058474,21.854,0.17131271640875326,5691302.652339947,5691520.309973317,MultiPolygon
Dotzigen,1682423,386,243,2,0.9978679427295816,0.03709301107330152,13.088,0.21339366859117168,4231506.274714691,4229936.681623643,MultiPolygon
Hindelbank,1682481,409,245,2,0.9989011835352564,0.014563316437891908,3.207,0.10993404393719412,9694242.363434985,9692830.560243342,MultiPolygon
Champtauroz,1684884,5812,2222,22,0.9987872391536419,0.032412023276302965,3.3,0.12133000275793811,3053929.6491260855,3052939.808737369,MultiPolygon
Höchstetten,1682487,410,245,2,0.998612613423722,0.008345836263683534,2.857,0.13882917304261744,2636748.5794405597,2636528.5207214346,MultiPolygon
Locarno,1684697,5113,2104,21,0.9964315733209382,0.11596582218533935,24.709,0.3572732117695137,24610809.511516266,24582269.383919768,MultiPolygon
Gossau (ZH),1682129,115,105,1,0.9988083556683874,0.01330981338630221,21.119,0.11924341131048506,18262040.953661893,18264471.597233355,MultiPolygon
Recherswil,1683567,2530,1106,11,0.9985418485575787,0.0024630696148030093,3.164,0.14591973501388344,3361892.4210143792,3361809.615263675,MultiPolygon
Prévondavaux,1683384,2038,1001,10,0.9978857605412953,0.07434394325971846,2.836,0.21172635642832385,1820387.693351457,1821741.041345309,MultiPolygon
Le Locle,1685506,6436,,24,0.9993244761999768,0.006345824360352475,52.935,0.06757734843359578,34660146.151096284,34662345.623094074,MultiPolygon
Biasca,1684627,5281,2107,21,0.9965785122786129,0.157577022200671,83.872,0.3430051399994821,59085047.64317866,59178152.101820625,MultiPolygon
Eisten,1685297,6282,2313,23,0.9963362585922221,0.009940901393856165,39.415,0.36702827868287946,38088892.47280171,38085106.093558975,MultiPolygon
Oberembrach,1682175,65,103,1,0.9984873214148026,0.00013460744629576808,3.997,0.15138245682871787,10256479.600491535,10256493.406476805,MultiPolygon
Kienberg,1683534,2492,1105,11,0.9987568075827147,0.0034451061666138966,3.67,0.12439442336560474,8529646.540455539,8529352.685076583,MultiPolygon
Homberg,1682483,931,247,2,0.9989834076577232,0.018080926081315857,5.56,0.10170173836648369,6513779.775210982,6512602.023504727,MultiPolygon
Ennetbürgen,1683068,1505,,7,0.9990822762339492,0.06088733117537813,7.843,0.09184245848400707,17697380.711241454,17708156.174044475,MultiPolygon
Sachseln,1683099,1406,,6,0.9995580134715837,0.0001754204316366957,10.218,0.0442084613805246,57472699.72060658,57472800.5394645,MultiPolygon
Wimmis,1682727,769,249,2,0.9979434559746321,0.02837883038759548,73.951,0.2058953000682851,22353076.97381691,22359420.515617717,MultiPolygon
Gsteig,1682460,841,248,2,0.9962563710503812,0.10459379663085636,63.09,0.3748687996246389,62398797.248534724,62333531.97744049,MultiPolygon
Koppigen,1682514,413,245,2,0.9988200599149452,0.011705394046613608,3.243,0.11807057243792182,6929310.535697047,6930121.6387999635,MultiPolygon
Urmein,1684199,3670,1851,18,0.9978018277519876,0.012703359279413795,3.659,0.22007306614047922,4325257.622990475,4325807.076006084,MultiPolygon
Grandfontaine,1685602,6792,2603,26,0.9999955082173317,7.943652699134405e-05,0.015,0.0004491790972462407,8970719.684327425,8970712.558299262,MultiPolygon
Collina d'Oro,1684664,5236,2105,21,0.9934744199231932,0.38534244030613707,51.357,0.6534327300072232,7446457.940087776,7417763.577345071,MultiPolygon
Andwil (SG),1683859,3441,1721,17,0.9971985063556782,0.027548945769451993,26.601,0.28058097644153235,6306279.2270504935,6308016.540494824,MultiPolygon
Kerzers,1683341,2265,1005,10,0.9994472046095839,0.0008244700487141734,3.131,0.055295050347726235,12280081.205942482,12280182.451533983,MultiPolygon
Malters,1682893,1062,312,3,0.9993942018187602,0.0040246456313074875,3.489,0.0605969538248121,28571839.29073322,28570689.37545142,MultiPolygon
Montreux,1685062,5886,2230,22,0.9996124506870124,0.011773582640497519,13.237,0.038760160613541324,44488633.38363426,44483395.47761721,MultiPolygon
Flüelen,1683072,1207,,4,0.999024759369315,0.0016436679597372423,3.565,0.097570839105862,15749300.83268777,15749041.9664761,MultiPolygon
Rothenfluh,1683698,2858,1304,13,0.9989196338166147,0.007531554578855298,3.699,0.10809093881749779,10946288.713760432,10945464.288051596,MultiPolygon
Rances,1685115,5760,2224,22,0.998493180468175,0.017337212568703637,12.632,0.1507824921594002,9829666.731807832,9827962.541591743,MultiPolygon
Olsberg,1684396,4257,1909,19,0.9943207600314453,0.0008137266617400366,13.644,0.5695389603947564,4612218.418185624,4612180.887334658,MultiPolygon
Murten,5817743,2275,1005,10,0.9989898140056627,0.012929937549003115,12.841,0.10106311488452847,39559594.378626145,39554479.34777835,MultiPolygon
Glattfelden,1682128,58,103,1,0.9981157961748789,0.0004005068923001196,15.865,0.18859768343209687,12293033.582690278,12292984.348243507,MultiPolygon
Trimbach,1683582,2500,1105,11,0.9989384525814661,0.004114917173638954,3.203,0.10621330117107376,7595777.690362012,7596090.250322664,MultiPolygon
Bioggio,1684628,5151,2105,21,0.999991500697365,1.279876382962638e-05,0.015,0.0008499338212897249,6405048.858113373,6405048.038346296,MultiPolygon
Mönthal,1684374,4106,1904,19,0.9917695310703876,0.2106773781235834,50.149,0.8255773505201718,3942987.095089423,3934680.1132577374,MultiPolygon
Utzenstorf,1682704,552,245,2,0.9991403196008168,0.025071657658783882,9.36,0.08599422688765408,16935354.43133348,16931108.457247153,MultiPolygon
Alle,1685569,6771,2603,26,0.9975472640612207,0.015947930858777944,14.019,0.24555517684987754,10600251.913319567,10598561.392473575,MultiPolygon
Choulex,1685463,6614,,25,0.9979961290236842,0.018480782052754084,3.198,0.20056953881890846,3908961.1668084706,3908238.760214706,MultiPolygon
Niederrohrdorf,1684381,4035,1902,19,0.9936137478031823,0.12927381703286123,8.948,0.6410850727579249,3330922.089675942,3335228.099803657,MultiPolygon
Oberlunkhofen,1684388,4073,1903,19,0.9939258550229326,0.053147889540403365,10.041,0.6094267850224574,3248257.9274468133,3249984.30798208,MultiPolygon
Bäriswil,1682400,403,246,2,0.997895683793777,0.05170834550808385,8.001,0.2107077238161376,2733463.596894959,2734877.025695979,MultiPolygon
Laufenburg,1684347,4170,1906,19,0.9960643037107163,0.0627602278678401,12.441,0.39446938737829385,14470422.09380315,14479503.76368266,MultiPolygon
Gais,1683881,3022,1502,15,0.9975032536387282,0.051152724600291855,32.223,0.24992277532775714,21210498.84895641,21199649.100893855,MultiPolygon
Naters,1685345,6007,2301,23,0.9998398179808633,0.0005242098598405318,3.382,0.016019442942667578,147218933.84076974,147218162.104603,MultiPolygon
Langnau am Albis,1682158,136,106,1,0.9984177846745635,0.009659133672245503,3.691,0.1583391544473781,8665760.612378048,8664923.574976781,MultiPolygon
Trubschachen,1682692,909,245,2,0.9990402596257024,0.00602786073950121,4.734,0.09602300859934863,15652059.921589049,15653003.405963985,MultiPolygon
Illnau-Effretikon,5817371,296,108,1,0.9991476120878712,0.005509139391638208,6.149,0.08527748392344962,32906309.816597763,32908122.671074204,MultiPolygon
Sumvitg,1684179,3985,1850,18,0.9994959682098519,0.005199905756869865,33.614,0.05041719540834828,101881045.37388657,101886343.09223013,MultiPolygon
Elsau,1682117,219,110,1,0.9987868061102195,0.02441233003895802,5.373,0.1213782081835294,8067375.337333914,8065405.903041082,MultiPolygon
Cortébert,1682414,433,241,2,0.9981967711612302,0.035705582809898086,12.455,0.18051783402744606,14753247.27057251,14758515.003493853,MultiPolygon
Langenthal,1682524,329,244,2,0.998299265905699,0.07894857818577722,84.846,0.17028534974914733,21130342.561158158,21147024.666175976,MultiPolygon
Wetzikon (ZH),1682237,121,105,1,0.9982231469161589,0.039818709884329694,39.067,0.1778079016447859,16808398.593980823,16801705.706508484,MultiPolygon
Walzenhausen,1683960,3037,1503,15,0.9983830783147237,0.033536113788017574,17.585,0.1617958615114052,7002134.911317528,6999786.667386078,MultiPolygon
Poliez-Pittet,1685102,5533,2223,22,0.998515688713424,0.0017081956335154756,3.472,0.1485401007845778,5009704.06991354,5009618.494367366,MultiPolygon
Wasterkingen,1682232,70,103,1,0.9981048934732656,0.0027808839641544326,3.345,0.18968775689082631,3958418.4928353666,3958308.4138102653,MultiPolygon
Pompaples,1685104,5497,2227,22,0.9949999344477691,0.20277421692525016,20.393,0.5017679336917932,4441484.311173372,4450490.496205212,MultiPolygon
Biglen,1682382,603,246,2,0.9981882286973667,0.029623546352444484,11.952,0.18131454496221083,3589378.073951098,3588314.7728735968,MultiPolygon
Erlenbach (ZH),1682119,151,107,1,0.9976461410028937,0.008961236154076135,3.643,0.23565269958107585,2887728.3472141037,2887469.5710574216,MultiPolygon
Hagneck,1682468,736,243,2,0.9958236392693641,0.0046987404521853775,6.613,0.4185198297722422,1839276.1952509785,1839362.6180655921,MultiPolygon
Plan-les-Ouates,1685523,6633,,25,0.9975145603915077,0.05134810818915325,9.881,0.24891710637776227,5853737.590432587,5856743.373943632,MultiPolygon
Rünenberg,1683702,2860,1304,13,0.998483879919612,0.009104080986635635,3.424,0.15172011955870807,4972919.656208802,4972466.9175759,MultiPolygon
Täsch,1685386,6295,2313,23,0.9958147171689063,0.21878942996540074,162.206,0.4189471414259596,58865573.68948015,58736782.03635907,MultiPolygon
Ennetmoos,1683069,1506,,7,0.9990227871369044,0.02411224247427536,29.616,0.09775726974357421,14945347.879471142,14941744.22095182,MultiPolygon
Jussy,1685493,6626,,25,0.9987587351421087,0.0036753295032709438,10.875,0.12420128810757543,11350180.362055449,11349763.205527928,MultiPolygon
Sumiswald,1682677,957,245,2,0.9985331172676584,0.009687103970756342,60.648,0.14678882931082635,59342499.930292614,59336751.36062552,MultiPolygon
Unterentfelden,1684446,4013,1901,19,0.9910195132650095,0.23497400272768582,35.568,0.903159168422066,2875296.792949893,2882052.992914588,MultiPolygon
Maracon,1685040,5790,2226,22,0.9976942591784389,0.004038644687044488,3.518,0.2308448724130443,4382850.163024959,4383027.170770209,MultiPolygon
Nürensdorf,1682174,64,103,1,0.9985517786153932,0.013648204008008164,4.056,0.14491719173833492,10140641.83918244,10139257.823696507,MultiPolygon
Vuarrens,1685196,5539,2223,22,0.9985284907533132,0.006424932175114809,32.722,0.14726400201287754,8968813.25933211,8969389.499500934,MultiPolygon
Satigny,1685531,6638,,25,0.9989710464777207,0.02507899084037202,10.952,0.10296122594390744,18921077.0624821,18925822.2776655,MultiPolygon
Walenstadt,1683959,3298,1725,17,0.9994612270935749,0.001660169280546232,24.688,0.05389225571326305,48841168.02395484,48841978.87002263,MultiPolygon
Perrefitte,1682604,701,241,2,0.9989189229152811,0.0011357787780029418,3.293,0.108166790723428,8569419.542994095,8569516.872642662,MultiPolygon
Poschiavo,1684132,3561,1842,18,0.9989140251753006,0.0014232373127284013,55.112,0.10865570835212018,191010956.0994899,191008237.5602913,MultiPolygon
Bättwil,1683490,2471,1104,11,0.9973292182144416,0.06941493414036229,9.054,0.2675281292540708,1668949.9220844144,1670108.422573665,MultiPolygon
Ferpicloz,1683316,2194,1004,10,0.9971971684961013,0.04455184869526533,12.204,0.2806139715673228,1018301.2496604989,1017847.5776284882,MultiPolygon
Schwarzenberg,1682919,1066,312,3,0.9995031450457879,0.00642109792634464,13.428,0.049696246156985806,39300765.01220579,39298241.47159855,MultiPolygon
Surpierre,1683406,2044,1001,10,0.9997991504235755,0.007223910553692713,3.073,0.020087700405156828,14792799.132157922,14793867.750735616,MultiPolygon
Appenzell,1683860,3101,,16,0.9987341026952057,0.008987515693446316,11.601,0.12666421378732978,16883749.582592323,16882232.152948946,MultiPolygon
Konolfingen,1682513,612,246,2,0.9990734445506307,0.0066159347635072596,11.783,0.09270155651840924,12766961.784998463,12767806.43886144,MultiPolygon
Roggliswil,1682910,1142,315,3,0.9979512239483306,0.029036733119605,23.681,0.20505791916200178,6205557.66557051,6203755.774352575,MultiPolygon
Hilterfingen,1682480,929,247,2,0.9985667132150238,0.02669951839619745,8.036,0.14345061546693325,2806366.5702180755,2807115.8565767556,MultiPolygon
Agno,1684611,5141,2105,21,0.9978803134652843,0.10486781261706707,15.423,0.2120822840071856,3035208.9617454535,3032026.004498914,MultiPolygon
Berg (SG),1683865,3211,1722,17,0.9968382443833151,0.021119260075764427,4.686,0.3166427481926329,3755479.720181402,3754686.590652204,MultiPolygon
Hüttlingen,1684532,4590,2012,20,0.9987758342128407,0.009397640729871126,3.658,0.12249730935863475,11603516.12461943,11604606.581376854,MultiPolygon
Riniken,1684405,4111,1904,19,0.9943566522093795,0.23823736322619105,13.171,0.5652575233108927,4757114.564930253,4745781.340625114,MultiPolygon
Bursins,1684873,5853,2228,22,0.9976124446286838,0.07776110651564856,6.155,0.23913383924650686,3369766.707813404,3372387.0756923957,MultiPolygon
Uttigen,3411264,885,247,2,0.9990323868952065,0.01633869315006485,2.871,0.09680023830198459,3807341.262767607,3806719.1929615075,MultiPolygon
Zuzwil (SG),1683969,3426,1728,17,0.9986505654989094,0.010432755131650599,3.812,0.13504160416867478,8967263.5253466,8968199.057992209,MultiPolygon
Courtepin,6838602,2254,1005,10,0.9999958540859938,4.68692541901718e-06,0.015,0.00041459225058385876,21921684.547080416,21921683.51962741,MultiPolygon
Othmarsingen,1684397,4205,1907,19,0.9950549379714243,0.15152960445552432,14.305,0.49610750569843093,4722388.736290526,4729544.553263479,MultiPolygon
Gebenstorf,1684315,4029,1902,19,0.9950458649549948,0.056229484011384806,14.983,0.49678335464270507,5644783.314646091,5647957.347177478,MultiPolygon
Genthod,1685487,6622,,25,0.9992736442919363,0.014487331382749272,3.559,0.07265669663152481,5300332.030511541,5299564.153845895,MultiPolygon
Steffisburg,1682674,939,247,2,0.9988861482181564,0.016732510478177733,8.457,0.11143792208008878,14811794.891882438,14809316.506750148,MultiPolygon
Port,1682609,745,242,2,0.9977459140839707,0.0023011481749394234,6.913,0.22566551983069089,2456742.631364383,2456799.1646526074,MultiPolygon
Ramlinsburg,1683691,2832,1303,13,0.9982020365442142,0.016716336133508033,3.156,0.1799430834419266,2248247.8917166777,2247872.067041984,MultiPolygon
Servion,1685152,5799,2226,22,0.9981150189965722,0.002955386928547436,11.109,0.18867313755877455,6320806.595939106,6320619.791647191,MultiPolygon
Diemtigen,1682420,762,249,2,0.9996730950493796,0.00648798113263368,42.928,0.03269477862791499,129942252.60926734,129933821.98043473,MultiPolygon
Castel San Pietro,1684652,5249,2106,21,0.9999935629360792,7.532879209999229e-06,0.015,0.0006437084883145051,11837284.599020865,11837285.490709215,MultiPolygon
Borex,1684860,5706,2228,22,0.9960681178027646,0.014023243302977974,3.865,0.39393510406443577,1985321.9120775831,1985043.5055555052,MultiPolygon
Beringen,2754655,2932,1403,14,0.9938106376759606,0.1583250210476162,23.811,0.6203661022339423,18678756.60652139,18649183.461192682,MultiPolygon
Adelboden,1682357,561,249,2,0.9994308622089848,0.018003259447858792,73.876,0.05693510422903286,87618955.09258817,87634729.360399,MultiPolygon
Richterswil,1682194,138,106,1,0.9987691512517256,0.025611456021791393,3.735,0.12317644252702352,7534474.468128658,7536404.156743536,MultiPolygon
Fulenbach,1683506,2575,1108,11,0.9985793099350792,0.025505722997968005,2.976,0.14218812698527972,4484494.795291674,4485638.59811202,MultiPolygon
Bas-Intyamon,1683272,2162,1003,10,0.9990798389483677,0.019754712896127215,36.746,0.09204936652564968,33342183.594021056,33335596.941378757,MultiPolygon
Bex,1684852,5402,2221,22,0.9995066362884947,0.009566360925933633,14.154,0.049350904970940655,96561582.61750466,96570820.04701364,MultiPolygon
Villaz,10523801,2117,1002,10,0.99999633003534,3.639045648219781e-05,0.016,0.00036699720611898276,15431135.853990521,15431141.469451299,MultiPolygon
Wigoltingen,1684570,4951,2015,20,0.9984761761795036,0.016912247660831548,3.86,0.1525114679968217,17132621.121728912,17135518.63304381,MultiPolygon
Eysins,1684969,5716,2228,22,0.9964281561033177,0.023437622784744167,11.507,0.3578653670467014,2383255.663731976,2383814.2422044375,MultiPolygon
Roveredo (GR),1684142,3834,1847,18,0.9986356016690056,0.0005470090201628638,22.929,0.13653334920542545,38796547.7641773,38796759.98479308,MultiPolygon
Zullwil,1683593,2622,1110,11,0.9999944553149568,0.00010335728077042496,0.011,0.0005544697549800428,3657395.279194477,3657391.4990101694,MultiPolygon
Bremgarten (AG),3411166,4063,1903,19,0.9969331936187725,0.024880898940339846,11.887,0.3071898364478243,11361103.858002886,11363930.602772303,MultiPolygon
Menzingen,1683144,1704,,9,0.9989162104902749,0.014161624225000346,9.22,0.10843003452972377,27513450.433759157,27509554.082297396,MultiPolygon
Rothenburg,1682913,1040,313,3,0.9989956296361977,0.0008503148580015072,3.672,0.10048792694366321,15495054.636955438,15495186.393707272,MultiPolygon
Niedergesteln,1685347,6198,2309,23,0.9966521599078773,0.0588170322282941,108.478,0.33544397060840025,17621707.30532339,17632071.870588336,MultiPolygon
Uitikon,1682221,248,111,1,0.9984159251662889,0.010172477419690993,3.674,0.15852498410756688,4378240.922075407,4377795.546506229,MultiPolygon
Ormalingen,1683688,2856,1304,13,0.9987803478412716,0.013325970128439396,3.116,0.12204777031025178,6930788.644710596,6931712.239535055,MultiPolygon
Hägglingen,1684333,4068,1903,19,0.9976039636267748,0.03948019620101395,10.753,0.23984367641561857,7748393.247868487,7745334.167011802,MultiPolygon
Seelisberg,1683106,1215,,4,0.9988826910484926,0.0348160282012504,54.477,0.11181281000756751,18892340.674051102,18898918.236708056,MultiPolygon
Walterswil (SO),1683585,2585,1108,11,0.9983394210640139,0.027121573313095455,4.683,0.16617334682166124,4477707.309708455,4476492.885037706,MultiPolygon
Villars-sous-Yens,1685191,5652,2227,22,0.9977336275249657,0.013518057882119423,8.143,0.22690969692635898,3042767.1850604694,3043178.508089764,MultiPolygon
Hergiswil bei Willisau,1682856,1132,315,3,0.9992684319200256,0.0020515775654213033,4.153,0.07318282667301007,31341583.35094263,31340940.354049955,MultiPolygon
Delley-Portalban,1683307,2051,1001,10,0.9992528197045047,0.03600073280092094,32.755,0.0747324993558907,16610889.04008167,16604908.998302493,MultiPolygon
Monthey,1685341,6153,2308,23,0.9980858547879652,0.03378135570519282,30.947,0.1915655321163233,28696570.42620838,28686876.335677512,MultiPolygon
Jenaz,1684092,3863,1849,18,0.9992197531867333,0.0015617126910590466,3.638,0.07805452296228009,25910874.90190293,25910470.24848122,MultiPolygon
Corgémont,1682412,431,241,2,0.9985654354960918,0.01471911377346459,12.455,0.14354885767971146,17668629.6416669,17666028.97596773,MultiPolygon
La Sagne,1685498,6423,,24,0.9994199281922795,0.0027633466344359737,3.675,0.05802320811599366,25550306.108639877,25549600.065115936,MultiPolygon
Meinisberg,1682551,390,242,2,0.9916627103666029,0.44517180443653565,26.386,0.8353555005822254,4395595.12585753,4376027.175720026,MultiPolygon
Schwellbrunn,1683934,3004,1501,15,0.9972262399703299,0.0057202316638484095,30.457,0.2777691687508893,17417610.0808384,17418606.40848533,MultiPolygon
Obersiggenthal,1684392,4038,1902,19,0.9959994893953772,0.029147812158828057,10.824,0.40079444861746216,8360845.449948995,8358408.446422354,MultiPolygon
Finsterhennen,1682441,493,243,2,0.9983166152115688,0.007018340779377393,3.107,0.1684861996798878,3568893.3222028585,3569143.799298263,MultiPolygon
Blonay - Saint-Légier,13623865,5892,2230,22,0.999401073047083,0.001248388394257629,3.414,0.059910262380562164,31244400.800292585,31244010.74881914,MultiPolygon
Sorvilier,1682670,711,241,2,0.9984442770004262,0.023887207400571642,6.636,0.15571200326885115,6901790.277430862,6903438.922388785,MultiPolygon
Moutier,1682559,6831,2604,26,0.9987030432548601,0.004812539618787288,30.976,0.12977671107657066,19613200.030161798,19612256.137139834,MultiPolygon
Movelier,1685619,6718,2601,26,0.9975014409851038,0.01647313120534561,17.862,0.25014782649783507,8082233.0309760505,8080901.634124536,MultiPolygon
Domleschg,4450590,3673,1851,18,0.999506774505691,0.005124404307580653,5.397,0.04933345194562559,45944632.64646434,45942278.2577299,MultiPolygon
Gondiswil,1682453,326,244,2,0.9987305728784098,0.011431822986780929,6.053,0.12703059613415638,9405227.420130985,9406302.609081158,MultiPolygon
Goms,1685348,6077,2304,23,0.9973146478729435,0.07846360198721797,133.389,0.269001746111402,129572552.92079258,129674220.21300103,MultiPolygon
Dürrenäsch,1684296,4134,1905,19,0.9955508829823015,0.03556257547348956,19.803,0.445824353098175,5907448.2354095485,5905347.394672274,MultiPolygon
Glarus,1683142,1632,,8,0.999648943045956,0.0029746231464405914,15.729,0.03511133631297354,103675089.47161472,103672005.5284062,MultiPolygon
Etziken,1683502,2518,1106,11,0.9976637361614707,0.06082184735023433,4.575,0.2338284784207674,3368396.142322591,3366347.4215627564,MultiPolygon
Henniez,1685001,5819,2222,22,0.9995543959275515,0.012191394031863489,3.043,0.04457305447957605,2613601.8194564707,2613920.4539527046,MultiPolygon
Centovalli,1684655,5397,2104,21,0.9964092580798775,0.003754017793475184,86.727,0.35972677487184335,53392464.258365944,53394468.62097458,MultiPolygon
Zuzgen,1684475,4264,1909,19,0.9967526604984773,0.011640129271526392,17.369,0.3252431378711352,8394615.738484962,8393638.594361154,MultiPolygon
Muntogna da Schons,12120535,3715,1851,18,0.9994616354349295,4.909725392526891e-05,19.021,0.053850939009450656,53588767.570428506,53588741.259815216,MultiPolygon
Ferreyres,1684972,5483,2227,22,0.997315507900252,0.05076207111236248,8.627,0.26874179239468143,3155589.6696345615,3153987.8269624473,MultiPolygon
Zumikon,1682247,160,107,1,0.9981975610158819,0.0013007527643872207,3.822,0.1804053109307175,5480729.761970504,5480658.471226617,MultiPolygon
Gurzelen,1682464,867,247,2,0.9986934260042734,0.00600264640451218,4.462,0.13074673616626867,4524312.756835083,4524584.33533211,MultiPolygon
Rochefort,5818680,6413,,24,0.9989004064180877,0.020987359566862554,16.967,0.11000830161963786,25853492.12510092,25848066.159748036,MultiPolygon
Avry,1683270,2174,1004,10,0.9999947920154658,4.805729670821469e-07,0.016,0.0005207998085656164,5833051.201783945,5833051.173751878,MultiPolygon
Dulliken,1683496,2573,1108,11,0.9987953818046102,0.008048805055864673,3.392,0.12053926930597578,6041879.5060938345,6042365.80519699,MultiPolygon
Oberkulm,1684387,4140,1905,19,0.9972454313051075,0.026937124163740347,10.111,0.27587392640936226,9413267.930537641,9415803.594207956,MultiPolygon
Sutz-Lattrigen,1682678,750,242,2,0.997441324830321,0.01112303656160467,13.136,0.2562095255626559,3574798.7553400923,3575196.3815126526,MultiPolygon
Troinex,1685535,6641,,25,0.9978017119485143,0.047578622038486174,4.318,0.2200183412356836,3429894.9602924916,3428263.063533017,MultiPolygon
Niedergösgen,1683557,2495,1105,11,0.9984606816782629,0.016874712251438946,3.524,0.1540374006934093,4325102.387594112,4324372.539011626,MultiPolygon
Bösingen,1683282,2295,1006,10,0.9989677535942105,0.049515784603499584,9.699,0.10325237528017986,14325593.353528468,14318499.923580362,MultiPolygon
Visperterminen,1685399,6298,2313,23,0.9984048367155434,0.01983799190658423,43.582,0.15962782224812458,51649015.25921886,51638769.1317519,MultiPolygon
Oberwil bei Büren,1682595,391,243,2,0.9989811708949332,0.018653538019722155,3.137,0.10194434482315479,6739027.563961552,6740284.631030356,MultiPolygon
Kleinbösingen,1683342,2266,1005,10,0.9966875496454691,0.19343111893203932,9.699,0.33211545892714966,3015563.9183251685,3021396.957354496,MultiPolygon
Flims,1684080,3732,1844,18,0.9995983028865064,0.0036139356021473424,3.615,0.040178506998194634,50505885.349293575,50507710.59946539,MultiPolygon
Saas-Almagell,1685360,6288,2313,23,0.9981139050608523,0.019404764773178807,116.514,0.18880584640465298,110376541.9452226,110397960.25355184,MultiPolygon
Kriens,1682888,1059,312,3,0.9995125408557345,0.0027541504599419586,3.72,0.048758469575462676,27301129.18028919,27301881.09446408,MultiPolygon
Clos du Doubs,1685583,6808,2603,26,0.9984217649688257,0.031280398497349655,22.009,0.1579728461676666,61751208.47220276,61770524.4962898,MultiPolygon
Les Montets,1683354,2050,1001,10,0.9997065860711853,0.00345622844965565,9.033,0.029345190972700323,10285284.859419309,10284929.37647787,MultiPolygon
Mont-la-Ville,1685054,5491,2227,22,0.9992359480235905,0.002293808659702216,3.745,0.07643527419646044,19791177.12194749,19791631.09368217,MultiPolygon
Vernier,1685540,6643,,25,0.9978025320062714,0.003575972720837381,5.987,0.21999244159022296,7686978.052241671,7687252.936479876,MultiPolygon
Mellingen,1684362,4033,1902,19,0.9951608575196713,0.01825948129983787,11.533,0.485043665620659,4866599.333741956,4865710.717946674,MultiPolygon
St. Gallen,1683941,3203,1721,17,0.9988923890866424,0.006059349682180745,31.918,0.11082582298210353,39379013.616972566,39381399.72910901,MultiPolygon
Subingen,1683581,2532,1106,11,0.998507427552395,0.040932362376907255,4.575,0.1493992866480795,6271343.877875935,6273910.887077929,MultiPolygon
Arisdorf,1683615,2821,1303,13,0.9989876454070877,0.006377837581607298,3.585,0.1012899582850825,9998091.84207712,9998729.504136067,MultiPolygon
Schattenhalb,1682649,786,250,2,0.9973339716745897,0.07188461762197917,74.264,0.26705464337622903,31536484.82958455,31559154.71111571,MultiPolygon
Rüti bei Büren,1682638,393,243,2,0.9989331164829678,0.0113681117275954,3.366,0.10673922663858666,6503124.087246513,6502384.804834491,MultiPolygon
Hubersdorf,1683527,2548,1107,11,0.9974471617952929,0.09257661911150374,3.361,0.25549176847946786,1354506.535022553,1353252.5786667848,MultiPolygon
Termen,1685382,6010,2301,23,0.9947258424640509,0.18832312338643895,67.284,0.529308203931373,18622119.262534544,18657189.019170497,MultiPolygon
Vechigen,1682706,359,246,2,0.9987237388971818,0.030638986590216764,16.849,0.1277271685638571,24822257.16442789,24829862.45247189,MultiPolygon
Savigny,1685148,5611,2226,22,0.9989516963061262,0.024225599117409208,10.001,0.10489804978626387,16010593.778198447,16014472.44046347,MultiPolygon
Herzogenbuchsee,1682479,979,244,2,0.9986719869321999,0.0036054481982348468,3.969,0.13289194193890388,9822048.555291466,9822402.684164133,MultiPolygon
Corcelles-près-Concise,1684920,5555,2224,22,0.9972722264769385,0.06888091582427223,41.244,0.27324397191142435,8475920.028385352,8481758.319725437,MultiPolygon
Saint-Sulpice (VD),1685143,5648,2229,22,0.9997126269794987,0.012031321771290954,9.169,0.028739702819072153,24128549.22020739,24125646.236811962,MultiPolygon
Tecknau,1683711,2862,1304,13,0.9966778501549305,0.025943336403157356,3.351,0.3327245711227652,2344967.927619925,2344359.564701916,MultiPolygon
Bougy-Villars,1684862,5426,2227,22,0.9957919013723139,0.09489866882120031,7.939,0.42149704185145875,1769298.992136988,1767619.9509459832,MultiPolygon
Frenkendorf,1683647,2824,1303,13,0.998045390451996,0.007296283139242601,9.134,0.19564502892902821,4590664.517526515,4590329.569645343,MultiPolygon
Dietikon,1682103,243,111,1,0.9983961670906002,0.027578671794206196,3.866,0.16048987462021855,9335019.635201894,9332445.160774777,MultiPolygon
Zetzwil,1684472,4147,1905,19,0.9968946391372989,0.02363534302927247,12.696,0.310982244180713,5802266.05761892,5800894.6721327305,MultiPolygon
Schlossrued,1684418,4142,1905,19,0.9933704957370274,0.34287353048798586,16.208,0.6640149304370853,7246167.792649985,7221322.601314243,MultiPolygon
Stallikon,1682211,13,101,1,0.9984283921280453,0.03253741896822577,62.022,0.1573099700209779,12017466.547371246,12021376.72081113,MultiPolygon
Neuendorf,1683555,2404,1101,11,0.9978858718050101,0.030349382114188778,29.818,0.21160441768962482,7145615.520368762,7143446.870210075,MultiPolygon
Strengelbach,1684434,4285,1910,19,0.9929915278605517,0.10146562849276836,59.351,0.7029549746070312,6027833.970627934,6021717.7910051355,MultiPolygon
Dizy,1684944,5481,2227,22,0.9970368255733988,0.08869651025001167,18.333,0.29662550760412265,3038363.9220549613,3035668.999287403,MultiPolygon
Biezwil,1683484,2445,1103,11,0.998833286036779,0.009040262012222038,2.626,0.11673422034456413,4155366.0170074967,4154990.3610319924,MultiPolygon
Herdern,1684528,4811,2012,20,0.9986951913318644,0.000714578014513666,6.507,0.1305655821714192,13726980.258600108,13726882.168617124,MultiPolygon
Develier,1685597,6712,2601,26,0.9984253029345077,0.02338352385955915,10.54,0.15757536229627167,12470067.62247846,12467151.681240655,MultiPolygon
Maisprach,1683675,2853,1304,13,0.9984710689665885,0.01207429504935653,3.666,0.15300083682274593,5075224.671152996,5074611.873551783,MultiPolygon
Niederönz,1682580,982,244,2,0.997780329403081,0.0033350029360880037,3.969,0.2222173856944853,2792289.5750750024,2792382.698014315,MultiPolygon
Neunkirch,1683681,2904,1401,14,0.99265538715279,0.01486963753808861,32.506,0.7371135858116561,17914914.32684831,17912250.444022648,MultiPolygon
Schlatt (ZH),1682202,226,110,1,0.9987866807267751,0.01224678060817392,4.845,0.1213981450493033,8965654.949984077,8964556.945892267,MultiPolygon
Fontenais,2758672,6790,2603,26,0.9983269188461344,0.06352061932388818,14.444,0.16750137465857387,19985526.921920825,19998221.85239677,MultiPolygon
Sarnen,1683100,1407,,6,0.9989603494378614,0.0003592604327206695,23.72,0.10401931483619711,76882208.41860892,76882484.62596357,MultiPolygon
Spiringen,1683111,1218,,4,0.9995071027921689,0.005484997376004476,9.807,0.04930051905731302,64681006.397771925,64677458.64626823,MultiPolygon
Ballwil,1682817,1023,313,3,0.9989226655459794,0.0013472942953517385,6.504,0.10779223528971128,8767636.305085948,8767754.430949723,MultiPolygon
Zollikon,1682246,161,107,1,0.9988573090456188,0.023038629002834814,3.555,0.11432124935030542,7855349.299316517,7853539.534534571,MultiPolygon
Weisslingen,1682235,180,108,1,0.9984102473997929,0.010705568270932414,29.818,0.15909320984025746,12807870.605802948,12806499.45047119,MultiPolygon
Villarzel,1685192,5830,2222,22,0.999421333808727,0.003467719534662767,3.262,0.05788236308457243,7657685.287808447,7657419.740759819,MultiPolygon
Altishofen,1682825,1123,315,3,0.9959783475335382,0.02288143026405118,26.286,0.4029294571886212,14325348.670999842,14322070.826333605,MultiPolygon
Massongex,1685335,6215,2310,23,0.997980155073919,0.02737775479634713,30.947,0.20216101014391288,6636500.462997132,6634683.538173314,MultiPolygon
Bellach,1683480,2542,1107,11,0.9984669293530948,0.024634366239764963,9.585,0.1534435677171595,5288888.805071371,5290191.689309626,MultiPolygon
Meilen,1682165,156,107,1,0.9990832357585434,0.009086032899504016,7.379,0.09171429946586898,11944428.447187852,11943343.172489483,MultiPolygon
Wynau,1682732,345,244,2,0.9970534028179081,0.0392948791694455,21.781,0.2951524590014067,5074481.713708173,5076475.72516605,MultiPolygon
Kreuzlingen,1684537,4671,2013,20,0.998826992134161,0.005678677879224515,7.197,0.1173662918086291,11568367.360342383,11567710.430024104,MultiPolygon
Buttisholz,1682820,1083,314,3,0.9992184887899515,0.0014699914318058065,3.641,0.0781810962991974,16712290.739013668,16712045.069771746,MultiPolygon
Conthey,1685293,6023,2302,23,0.9988255892903807,0.04143537153617384,74.321,0.11748572813892295,84943791.83828795,84908595.06254284,MultiPolygon
Mergoscia,1684713,5117,2104,21,0.9999969546454401,8.427559947770792e-06,0.016,0.00030453593261956343,12158161.099202646,12158162.123838961,MultiPolygon
Wileroltigen,1682725,671,246,2,0.9986396955904414,0.018665150080507238,3.143,0.13611032154814526,4154217.9334915536,4153442.542479596,MultiPolygon
Lenzburg,1684351,4201,1907,19,0.9959863585943645,0.1426315869368404,13.428,0.4024580377072735,11314763.454628875,11330901.881302362,MultiPolygon
Origlio,1684731,5208,2105,21,0.990325201208392,0.5073995079792006,71.422,0.974649140396919,2077170.6116051527,2087710.1650683258,MultiPolygon
Lucens,1868686,5675,2222,22,0.998965368942004,0.0002844374687960079,3.378,0.10351650935355838,19277192.810643896,19277137.97908461,MultiPolygon
Scharans,1684156,3638,1851,18,0.9989793221245437,0.00526637275639258,6.142,0.10212259231575715,14287214.96505201,14287967.383048577,MultiPolygon
Gimel,1684985,5428,2227,22,0.9990572943308319,0.0011051115242666598,6.047,0.0943145014269931,18880220.988595758,18880012.341097806,MultiPolygon
Rüthi (SG),1683930,3256,1723,17,0.9989826352910164,0.03374984084117221,3.451,0.10180542547009869,9333372.321941147,9336522.320244916,MultiPolygon
Visp,1685398,6297,2313,23,0.9988584849310944,0.03169032493228411,17.999,0.11419859910962403,13197631.856884716,13193449.484465903,MultiPolygon
Cronay,1684932,5910,2224,22,0.996407180086325,0.05594833253394595,12.894,0.3600292576523098,6579209.458172971,6582890.416158735,MultiPolygon
Epsach,1682428,735,243,2,0.998802612502938,0.004827860084528171,2.982,0.11981337163251939,3413976.5934840105,3414141.4154972625,MultiPolygon
Rivaz,1685120,5609,2226,22,0.9989317784009775,0.0333239961703242,9.535,0.10689705347918961,2945789.1081827926,2946770.762832389,MultiPolygon
Embd,1685298,6283,2313,23,0.9962172996595396,0.04407184304046382,23.145,0.37890331761246704,14044647.38676504,14038457.651813159,MultiPolygon
Liesberg,1683669,2788,1302,13,0.997756779264316,0.03987044841130915,23.361,0.22461872736992644,12457849.627024893,12462816.627533594,MultiPolygon
Verzasca,1684758,5399,2104,21,0.9988606007920576,0.012321174673186422,61.411,0.11399784595371369,218387496.26139826,218360588.3565195,MultiPolygon
Corcelles-le-Jorat,1684919,5785,2222,22,0.9984821114670552,0.006814620525046858,5.541,0.15190931591593868,7940604.428333424,7941145.55039261,MultiPolygon
Begnins,1684845,5704,2228,22,0.9981497981977995,0.029215675973762092,4.336,0.18516444856999426,4786140.629525504,4784742.326187533,MultiPolygon
Granges-Paccot,1683328,2198,1004,10,0.9990093178791983,0.005131885790033074,3.149,0.0991147656595602,3991037.466901062,3990832.6514164233,MultiPolygon
Renens (VD),1685116,5591,2229,22,0.9977089861764976,0.03182251575398808,8.833,0.22932762581899155,2950798.227429441,2949859.209198649,MultiPolygon
Lüterkofen-Ichertswil,1683546,2455,1103,11,0.9985684536142347,0.004326355617106543,3.407,0.14326027713189537,4429439.534894533,4429631.168200658,MultiPolygon
La Grande Béroche,7859091,6417,,24,0.9996696683779488,0.004708188603483499,12.67,0.033037841294984056,42249145.82190768,42247156.65243902,MultiPolygon
Kappel (SO),1683532,2580,1108,11,0.9975768315962171,0.15369566863836584,44.34,0.2427972249041826,5099067.964937355,5106905.011540391,MultiPolygon
Valeyres-sous-Ursins,1685172,5934,2224,22,0.9948809231358114,0.008217343490924168,16.993,0.5132002094719781,2873067.9476465415,2872831.8577845558,MultiPolygon
Le Mont-sur-Lausanne,1685023,5587,2225,22,0.9984031606163671,0.027320947472715077,8.77,0.15978970402726245,9796608.695423461,9793932.169107677,MultiPolygon
Stein (AR),1683944,3005,1501,15,0.99575156586082,0.13499570402065855,23.117,0.4260351652671709,9363144.209717022,9375784.0521614,MultiPolygon
Wenslingen,1683720,2865,1304,13,0.9980141650055667,0.03190340092668774,3.581,0.19874916352026992,5916516.640917542,5914629.070892696,MultiPolygon
Kiesen,1682508,611,246,2,0.9989567437547596,0.0007815542105051045,2.983,0.1043804799985725,4686770.183543862,4686806.813193568,MultiPolygon
Canobbio,1684647,5167,2105,21,0.9997799154387298,0.0063303014147608125,0.757,0.02201157493168419,1276150.8456310306,1276231.629826066,MultiPolygon
Muralto,1684725,5120,2104,21,0.9999883677384508,0.00016841983430472096,0.01,0.001163231940842289,801830.7413010001,801829.3908589942,MultiPolygon
Wila,1682240,181,108,1,0.9947768193257446,0.03036555555828914,14.741,0.523765230030732,9189259.843536546,9192050.213339731,MultiPolygon
Flerden,1684079,3662,1851,18,0.9979966086903683,0.015652002763596275,3.601,0.20052431675674437,6093259.514375472,6092305.797227889,MultiPolygon
Longirod,1685032,5429,2228,22,0.9974916733092271,0.02933440239131116,43.945,0.2511108129222692,9454238.389414424,9451465.04508224,MultiPolygon
Wintersingen,1683722,2866,1304,13,0.9991517935531697,0.00371216593646468,3.594,0.08485820766390399,6952567.069425973,6952825.160252434,MultiPolygon
Val-de-Travers,1685536,6512,,24,0.9991506402424902,0.04035852053739965,17.065,0.08495491494235949,124743749.32045622,124693404.5887676,MultiPolygon
Stetten (SH),1683710,2919,1402,14,0.9883545199709886,0.4524058336696028,28.338,1.168718907700153,4718890.394391962,4697541.858963259,MultiPolygon
Châtonnaye,1683293,2068,1002,10,0.9990295574453762,0.01332870099880339,3.262,0.09708489575037252,6314273.453828141,6313431.8431992335,MultiPolygon
Realp,1683095,1212,,4,0.9989631982949281,0.047026184468209956,73.312,0.10375833733194537,77839511.41003363,77876116.36225846,MultiPolygon
La Ferrière,1682519,435,241,2,0.998653037445497,0.0477666487032231,4.5,0.13481922361685275,14157629.931561183,14164392.556915294,MultiPolygon
Collex-Bossy,1685468,6615,,25,0.998376604675591,0.06864529105476587,9.149,0.16252717459094462,6886626.792866421,6891354.13787224,MultiPolygon
Walliswil bei Niederbipp,1682712,990,244,2,0.99674882144326,0.08115752910599754,3.293,0.3255150806898621,1472276.3549289983,1471081.491817726,MultiPolygon
Sevelen,1683939,3275,1724,17,0.9992217573503426,0.005100099150338381,51.703,0.0778525745053205,30326562.59929379,30325015.914532337,MultiPolygon
Ufhusen,1682926,1145,315,3,0.998742298172573,0.008587235722869973,3.493,0.12584391971543704,12209030.359905027,12207981.941688545,MultiPolygon
Kestenholz,1683533,2403,1101,11,0.9990306771047369,0.03320078399357666,7.524,0.09699539059274565,8586374.45754161,8589225.201178137,MultiPolygon
Wängi,1684574,4781,2014,20,0.9988608249583765,0.0021535190828990153,16.795,0.1139811998137441,16427112.962996563,16426759.201984135,MultiPolygon
Walkringen,1682711,626,246,2,0.9989334160373503,0.007099538444496475,16.475,0.10671909482937161,17211096.97653955,17212318.884986117,MultiPolygon
Cham,1683139,1702,,9,0.9990757771374439,0.0035065525298414815,7.825,0.09246663656337473,19121122.081888158,19121792.574078254,MultiPolygon
Buchberg,1683634,2933,1403,14,0.9985875905779411,0.06724523843909112,3.714,0.14138828017967323,5859543.040479093,5863483.304168104,MultiPolygon
Oberrohrdorf,1684390,4037,1902,19,0.9950120716045271,0.12231280265337852,8.938,0.49973411478715973,4301674.089606499,4296412.591466487,MultiPolygon
Boppelsen,1682093,82,104,1,0.9979725758882059,0.032939762973938316,3.387,0.20291471683924192,3964223.5684326133,3962917.7625854146,MultiPolygon
Gisikon,1682839,1055,312,3,0.9977751539291281,0.027890069591476344,2.373,0.22276343982491367,1076540.1295576533,1076840.3773489671,MultiPolygon
Safiental,2742004,3672,1850,18,0.9996164751266005,0.0017470806739333944,3.864,0.03835950822825752,151422712.12089586,151420066.64395645,MultiPolygon
Otelfingen,1682186,94,104,1,0.9983353756763326,0.041102961797525095,3.62,0.16663533547812082,7146687.29325003,7149624.793397963,MultiPolygon
Frick,1684311,4163,1906,19,0.9999538926772239,7.844705518976922e-05,8.239,0.004610836765830944,9961264.410707,9961256.59638841,MultiPolygon
Dittingen,1683642,2784,1302,13,0.998933112770882,0.030478492580995,3.311,0.1067619329405625,6748519.047930303,6750575.8948076535,MultiPolygon
Binningen,1683625,2765,1301,13,0.9984856611252131,0.02017741178580115,14.619,0.15156392476984715,4463676.97018046,4464577.624663522,MultiPolygon
Clarmont,1684909,5629,2227,22,0.9997451683782068,0.024424090347960305,1.971,0.025489521962630515,1016308.5271730777,1016556.7512859685,MultiPolygon
Siselen,1682666,499,243,2,0.9988668923959076,0.010632440802519091,3.107,0.11338102070724437,5509298.6646585455,5509884.437577699,MultiPolygon
Vinzel,1685195,5863,2228,22,0.9965328931127627,0.02088709949641689,9.291,0.34734904576123504,1097086.7446977103,1097315.8942976373,MultiPolygon
Fey,1684973,5522,2223,22,0.9985937560101957,0.0005370053996539944,4.681,0.14072296681339724,7340008.824850145,7339969.40860642,MultiPolygon
Pfaffnau,1682905,1139,315,3,0.9985861278504652,0.000577829550848854,23.681,0.1414868286079589,17681811.501378015,17681709.330646034,MultiPolygon
Biel-Benken,1683624,2764,1301,13,0.9988831228069385,0.012122766397624284,4.472,0.11174335128579203,4116046.724901863,4115547.746172586,MultiPolygon
Römerswil,1682915,1039,313,3,0.9986794925413541,0.007325897555203869,4.071,0.13214283061281037,17377084.698728535,17378357.726151645,MultiPolygon
Knutwil,1682885,1089,314,3,0.9987209899418948,0.008370691898231078,3.543,0.12798820801286773,9743579.397283476,9744395.002294682,MultiPolygon
Remigen,1684402,4110,1904,19,0.9930633720276754,0.0570817896390226,18.255,0.6962756774723542,7869476.514920027,7873968.552949966,MultiPolygon
Vorderthal,1683119,1348,505,5,0.9979272917249479,0.003403968577924385,45.447,0.2074823249542284,27970276.9647886,27969324.86534956,MultiPolygon
Maschwanden,1682163,8,101,1,0.9982995888452899,0.012071330528944544,3.613,0.17017553654881662,4688048.323217618,4687482.413409166,MultiPolygon
Kölliken,1684344,4276,1910,19,0.9973035182857379,0.04565081078060674,22.698,0.27007384430580095,8885822.13781335,8889878.587663785,MultiPolygon
Noville,1685073,5408,2221,22,0.9985037246173496,0.007486223550049576,91.634,0.1497339591576901,19946462.650687058,19944969.4139027,MultiPolygon
Val de Bagnes,1685271,6037,2303,23,0.9983860068495557,0.005093031039077642,65.632,0.1615255555556155,301905126.6027113,301889750.4809049,MultiPolygon
Lütisburg,1683904,3393,1727,17,0.9985806663225559,0.012385396810625185,5.207,0.14204296042822234,14096070.729562568,14097816.58385713,MultiPolygon
Walchwil,1683150,1710,,9,0.9993064916982279,0.006519097928814239,7.625,0.06937262489859139,15877861.470055006,15876826.376716772,MultiPolygon
Lancy,1685502,6628,,25,0.9967377695897096,0.06035120740909743,35.697,0.32665741713712293,4774218.534061027,4771337.235531372,MultiPolygon
Lostallo,1684104,3821,1847,18,0.9992797535591812,0.009837307899195147,18.325,0.0720470472536199,50863388.384774074,50858384.7966507,MultiPolygon
Oppens,1685079,5923,2223,22,0.9978945691406897,0.004011902822835145,3.479,0.21076073361524245,3595373.737322027,3595229.494421568,MultiPolygon
St. Stephan,1682673,793,248,2,0.999433789885459,0.01933880099708383,23.781,0.05663156922543995,60895050.02648115,60883273.653939456,MultiPolygon
Lajoux (JU),1685606,6750,2602,26,0.9977808607761207,0.0360516318930135,56.157,0.22212037861520387,12385895.409873907,12381430.092454085,MultiPolygon
Balerna,1684621,5242,2106,21,0.9999908283927179,1.8282477120589923e-05,0.016,0.0009171648503116536,2532453.514681441,2532453.0516862064,MultiPolygon
Birrwil,1684275,4132,1905,19,0.9952688015140863,0.01855912150738826,21.439,0.4742857219801052,5530698.97447023,5531725.42361311,MultiPolygon
Grüningen,1682131,116,105,1,0.998742580736837,0.02276138783491703,22.075,0.12583535051686442,8784412.169337135,8786411.623460015,MultiPolygon
Rickenbach (TG),1684550,4751,2014,20,0.9968385531968019,0.05150552568960937,5.625,0.31656366392168267,1575940.2404039518,1575128.5440985777,MultiPolygon
Studen (BE),1682676,749,243,2,0.9982448109679627,0.03339308070914129,3.092,0.17570240425469236,2727861.3119161422,2728772.228845664,MultiPolygon
Lausen,1683666,2828,1303,13,0.9984896775986188,0.0006028697527579068,3.621,0.15114592441199892,5568408.537898402,5568374.967647617,MultiPolygon
Villarsel-sur-Marly,1683421,2230,1004,10,0.9954542668988564,0.238565585513425,19.827,0.4550653852673665,1396783.906820043,1393451.6611143805,MultiPolygon
Wollerau,1683123,1323,503,5,0.9982646887070831,0.02674382492543255,4.913,0.1737050498896299,6526908.502650843,6528654.047633835,MultiPolygon
Erstfeld,1683070,1206,,4,0.9994480504838072,0.012849960936308497,61.374,0.05521373548158889,59080810.86927928,59088402.73039684,MultiPolygon
Sévaz,1683408,2043,1001,10,0.9997539367553714,0.010053274433453925,2.816,0.0246105892142802,2495587.7082974636,2495838.5965785063,MultiPolygon
Capriasca,1684648,5226,2105,21,0.9972177327241047,0.04386646476965256,32.507,0.27855320821260077,36381944.73451357,36365985.26154409,MultiPolygon
Zollikofen,1682737,361,246,2,0.998545803470654,0.029377773357637013,23.889,0.14550408817654992,5390997.286031179,5389413.5310667725,MultiPolygon
Melchnau,1682553,333,244,2,0.99871135115,0.003252501846960575,6.549,0.12895006634368775,10274764.51395057,10275098.700856157,MultiPolygon
Vaulruz,1683417,2155,1003,10,0.9985719345057094,0.0032106893004149924,3.372,0.14290629666737506,10103142.549253514,10102818.16873668,MultiPolygon
Luthern,1682890,1135,315,3,0.999416571736109,0.0038081871135672812,3.493,0.058360962008268714,37761889.697241805,37763327.740659095,MultiPolygon
Grossaffoltern,1682458,303,243,2,0.9991304166387383,0.015040088965352652,8.235,0.08698961918327001,15080732.553754942,15078464.39816223,MultiPolygon
Surses,5818092,3543,1841,18,0.9996303608375003,0.013540615260515103,146.037,0.03697325220192388,323773711.006184,323817551.958706,MultiPolygon
Le Châtelard,1683349,2067,1002,10,0.9965790057849374,0.17438376869771893,20.224,0.3429843782251658,7485372.593329459,7498425.8681587735,MultiPolygon
Waldstatt,1683958,3007,1501,15,0.9999946739547807,3.3953605888219355e-05,0.016,0.000532605849842002,6747563.92861962,6747561.637578357,MultiPolygon
Kilchberg (BL),1683661,2851,1304,13,0.9964996683696549,0.03238614992705124,9.356,0.35059007266229236,1591807.486659892,1591291.9615007122,MultiPolygon
Buchs (ZH),1682098,83,104,1,0.9985453285306309,0.0031871758079925648,3.755,0.1455753472358598,5842736.703707908,5842922.921998654,MultiPolygon
Montricher,1685063,5492,2227,22,0.9988804502865949,0.010916645977427746,54.983,0.11201156173241944,26015880.958038386,26013040.896416288,MultiPolygon
Thalwil,1682216,141,106,1,0.998843088443081,0.0317352034811856,3.436,0.11577648468047928,5505287.467404904,5507034.581584909,MultiPolygon
Wilderswil,1682723,594,250,2,0.9993584436836984,0.008276248985812048,3.184,0.06417887365104268,13194426.672596369,13195518.676200043,MultiPolygon
Fislisbach,1684309,4027,1902,19,0.9957806248212795,0.011249996451120434,8.587,0.4228533402939941,5054668.788472969,5055237.438532288,MultiPolygon
Hombrechtikon,1682143,153,107,1,0.9999957821625778,3.785287787773882e-05,0.016,0.00042178471170575604,12187559.16379949,12187563.777141377,MultiPolygon
Lavigny,1685020,5637,2227,22,0.9979169623847355,0.0037280085695120166,5.691,0.20852482684646992,4002846.8469713028,4002996.0734447823,MultiPolygon
Buchholterberg,1682396,923,247,2,0.9990425635483255,0.0024103943361612804,3.722,0.09578834689531016,15332187.47195352,15331817.905775087,MultiPolygon
Wassen,1683121,1220,,4,0.9997749605887495,0.002542731385987246,3.21,0.02250675968632755,96877775.83449249,96880239.17610468,MultiPolygon
Däniken,1683497,2572,1108,11,0.9983789754808468,0.009169289752771778,3.443,0.162226506666005,5433211.212386644,5432713.025507701,MultiPolygon
Neuenhof,1684379,4034,1902,19,0.9959816013492137,0.009554657645389642,10.492,0.4026296310500266,5379371.883884626,5378857.903317649,MultiPolygon
Wallbach,1684455,4261,1909,19,0.9934227317322921,0.05599976412636005,16.101,0.6597122161475741,4547202.330604478,4544655.908024991,MultiPolygon
Breil/Brigels,1684050,3981,1850,18,0.999636292094938,0.0008104745270253862,6.522,0.03637725846633194,96581668.51160835,96580885.74178728,MultiPolygon
Trélex,1685168,5730,2228,22,0.9963575802522346,0.091580322019302,67.254,0.3650736374768342,5765768.518657673,5771048.828033947,MultiPolygon
Goumoëns,1868684,5541,2223,22,0.9987412561463677,0.023208273580315096,9.084,0.12593904122432206,10694967.563479386,10692485.446147928,MultiPolygon
Zeglingen,1683724,2868,1304,13,0.9989474545448422,0.015198888897594834,9.356,0.10531797025195871,7911579.7526134355,7912782.22483008,MultiPolygon
Treiten,1682689,500,243,2,0.9989208043043543,0.03959650669368068,3.085,0.10795645644625128,4742605.139267865,4740727.23330644,MultiPolygon
Corbeyrier,1684918,5404,2221,22,0.9992198580183629,0.0002508189650143087,5.285,0.07804473898965018,22002251.259229455,22002306.445048343,MultiPolygon
Duillier,1684949,5715,2228,22,0.9978033813110929,0.028568550826487175,3.595,0.219871979233785,4106397.0461130855,4105223.9079858293,MultiPolygon
Tägerig,1684440,4077,1903,19,0.9952167844347817,0.028001620003132045,11.533,0.47953538597527323,3290166.743138548,3291088.043127431,MultiPolygon
Dättlikon,1682110,215,110,1,0.9971010154243616,0.08197241083941836,6.313,0.2902002822577657,2883730.9124520067,2881367.0487009482,MultiPolygon
Aarberg,1682355,301,243,2,0.9987445621153836,0.008950574165348,6.99,0.1256170222010105,7927551.442136964,7926841.880765639,MultiPolygon
Holderbank (AG),1684329,4199,1907,19,0.9921519906648939,0.32553802031549195,13.436,0.7866101828284252,2330288.029640946,2322702.056121604,MultiPolygon
Eptingen,1683645,2885,1305,13,0.9992086956474454,0.00899978852628853,3.125,0.07916531797162077,11178954.346653,11179960.428903649,MultiPolygon
Schiers,1684157,3962,1849,18,0.9995352475335996,0.005211062690459593,37.137,0.0464872601015639,61663791.41148032,61667004.75030809,MultiPolygon
Langendorf,1683539,2550,1107,11,0.9974380158247704,0.08847541999877072,9.585,0.2566405082963915,1952315.876183597,1954043.195854753,MultiPolygon
Penthaz,1685097,5496,2223,22,0.9980470954039123,0.0011469832888972228,4.638,0.19548245887933538,3835411.402895592,3835455.394423444,MultiPolygon
Dielsdorf,1682102,86,104,1,0.9979351126243023,0.00881421561422939,3.866,0.20669303630898583,5865028.429974924,5864511.47372327,MultiPolygon
Wolhusen,1682933,1107,316,3,0.9988619115170962,0.001644283983658975,3.549,0.11387271123065151,14293577.610277584,14293342.583270246,MultiPolygon
Laupersdorf,1683540,2426,1102,11,0.9993790523132693,0.0006837032750215891,3.383,0.06211384112400099,15501698.621333491,15501592.635712333,MultiPolygon
Schluein,1684159,3582,1850,18,0.9985783098362475,0.001895738050781302,3.125,0.14227149694520852,4786338.537970022,4786429.274410926,MultiPolygon
Ittigen,1682496,362,246,2,0.9986272855329449,0.010221263860488501,2.959,0.1373587084101891,4204894.524894954,4204464.731530509,MultiPolygon
Därligen,1682424,575,250,2,0.9990961863819355,0.03132973057751651,14.034,0.09040805970564819,6927616.381293935,6925445.9777462315,MultiPolygon
Wittinsburg,1683723,2867,1304,13,0.9983569356668586,0.023213581764618237,3.339,0.16442244093411928,3204450.380379976,3203706.5126708196,MultiPolygon
Birsfelden,1683626,2766,1301,13,0.9965164188153768,0.08254267341265338,6.307,0.34882192115094507,2511966.3971099206,2509892.9528905186,MultiPolygon
Bettmeralp,3411183,6205,2309,23,0.9968241556921101,0.16597104000123034,170.112,0.31835350045648586,28790489.128771115,28838273.002999578,MultiPolygon
Cevio,1684658,5310,2108,21,0.9998543304678367,0.014438024839185784,85.47,0.01456906594122256,151287051.08617526,151308893.94818956,MultiPolygon
Baltschieder,1685272,6281,2313,23,0.998789444978459,0.007314326219573904,43.544,0.12113324858257687,31219983.28287898,31222266.814301986,MultiPolygon
Röthenbach im Emmental,1682631,904,245,2,0.9990872656182064,0.007961128753144904,8.593,0.09131874625702292,36793424.83512889,36796354.007052705,MultiPolygon
Maur,1682164,195,109,1,0.9990981322434747,0.02338843092248645,5.188,0.090238013665793,14772068.239119869,14775523.194095798,MultiPolygon
Grimisuat,1685312,6263,2312,23,0.9986259508397763,0.041316031543895806,4.294,0.1374709768333535,4449560.8084904635,4447722.426543263,MultiPolygon
Füllinsdorf,1683648,2825,1303,13,0.9982936275694562,0.010376271366355397,6.077,0.1707918131667292,4618483.931963857,4618963.158389649,MultiPolygon
Weiningen (ZH),1682234,251,111,1,0.9986978125714296,0.04546188071667732,3.684,0.13033320193032938,5374279.277601055,5376722.526035619,MultiPolygon
Wangen bei Olten,1683586,2586,1108,11,0.9984534693503223,0.019355188110078837,17.845,0.15475776708714975,6964784.831201478,6963436.783995937,MultiPolygon
Lauwil,1683667,2889,1305,13,0.9991412487548263,0.007475323855138547,2.707,0.08591522414210494,7295481.552203342,7296026.913076161,MultiPolygon
Schmitten (GR),1684160,3514,1841,18,0.9988871425459117,0.0006343518253073372,3.621,0.1113480556372885,11348303.67075766,11348375.658929138,MultiPolygon
Bregaglia,1684049,3792,1846,18,0.9987551977084564,0.013974974450214355,146.037,0.1245490505858085,251423737.72537297,251388601.32226408,MultiPolygon
Luzern,1682891,1061,311,3,0.9985181538727541,0.007496727102590037,26.863,0.1482889289140952,37403482.49827546,37400678.4612657,MultiPolygon
Corseaux,1684924,5883,2230,22,0.998572623747355,0.012755383670863416,18.749,0.14284867803585397,7634393.281777905,7635367.077931939,MultiPolygon
Lully (VD),1685036,5639,2227,22,0.9974475017840513,0.06399913627105067,3.607,0.25565778345353374,2047407.8250728792,2048718.1483968718,MultiPolygon
Treycovagnes,1685166,5931,2224,22,0.9980876698690695,0.0006432211846550129,3.049,0.19141665403619357,2077700.3284714117,2077713.692680078,MultiPolygon
Muri bei Bern,1682560,356,246,2,0.9988284344455209,0.004497445342447094,2.984,0.11722786003537254,7627564.163919482,7627907.209448715,MultiPolygon
Oberried am Brienzersee,1682591,589,250,2,0.9963151551549798,0.285188799078559,87.03,0.36969104981966866,20121067.893847972,20178450.92573622,MultiPolygon
Riaz,1683387,2148,1003,10,0.9966019593879766,0.01028113286424695,86.837,0.34036488019179767,7755166.125571998,7754368.806638785,MultiPolygon
Brugg,1684281,4095,1904,19,0.9961697791257947,0.034374595367560754,13.247,0.3838229819657557,14007470.874621212,14012285.886055592,MultiPolygon
Hitzkirch,1682865,1030,313,3,0.9981967417042857,0.0689428623195335,21.854,0.1805507803116828,31214786.56367588,31236306.93099981,MultiPolygon
Heiden,1683892,3032,1503,15,0.9931414746963475,0.1944320841580812,28.043,0.6875435390609018,7474476.236848144,7459943.4569209395,MultiPolygon
Fläsch,1684081,3951,1845,18,0.998523928766133,0.005912222211792494,73.96,0.14771177650832326,19939062.448926076,19937883.607247148,MultiPolygon
Saules (BE),1682645,707,241,2,0.9990114739388068,0.011270345723015433,3.466,0.0989070627390976,4279702.723961408,4280185.061254316,MultiPolygon
Ballens,1684841,5423,2227,22,0.9987428814019064,0.001962590924493758,3.187,0.12579216124679737,8447753.82329441,8447919.61814427,MultiPolygon
Urnäsch,1683952,3006,1501,15,0.9995778472202941,0.020237917674696265,13.054,0.0422284631488613,48157701.80608926,48167447.9221348,MultiPolygon
Rüdlingen,1683700,2938,1403,14,0.996890427761226,0.056566098320436235,19.818,0.3115295338568535,5515210.769962388,5518330.509509104,MultiPolygon
Entlebuch,1682830,1002,316,3,0.9984037526547476,0.0010636267309056726,23.72,0.15975138698313956,56896296.10362758,56895690.939413324,MultiPolygon
La Punt Chamues-ch,1684096,3785,1846,18,0.9994142210397412,0.002157017526254022,4.126,0.05859442594902569,63275463.87729591,63274099.01445026,MultiPolygon
Montagny (FR),1683364,2029,1001,10,0.996672753576994,0.09992786598479325,25.117,0.33311257379305415,17532667.12999973,17515147.109886505,MultiPolygon
Rüderswil,1682632,905,245,2,0.9986993117332607,0.024481654882204468,18.905,0.1301375393587108,17207406.555584703,17203193.897697587,MultiPolygon
St. Margrethen,1683943,3236,1723,17,0.998432585243239,0.017549536456116885,6.194,0.15687817596126183,6868555.984803067,6869761.384539628,MultiPolygon
Altnau,1684497,4641,2013,20,0.9984817572585141,0.0189634805138661,4.105,0.15195402127679325,6741479.595132198,6742758.014301567,MultiPolygon
Schafisheim,1684414,4207,1907,19,0.9955373263918532,0.12856312887655902,15.178,0.44755286964565033,6327209.519393468,6335343.977922176,MultiPolygon
Gordola,1684681,5108,2104,21,0.9999915072109454,0.00019344554151822624,0.385,0.000849281690310169,6946590.644683101,6946577.206813212,MultiPolygon
Vaz/Obervaz,1684203,3506,1841,18,0.999250140860502,0.0015062236911487863,4.21,0.07501347399151988,42512119.58381978,42511479.256202996,MultiPolygon
Sierre,1685375,6248,2311,23,0.999035280876561,0.0123904071600508,7.283,0.09652444846576248,19128760.428520747,19131130.55982251,MultiPolygon
Zuchwil,1683592,2534,1106,11,0.9985582146952855,0.02246961059029858,3.274,0.14426633283364473,4626857.128306478,4625817.491527178,MultiPolygon
Ederswiler,1685598,6713,2601,26,0.9927212191700986,0.10741681109023608,18.187,0.7309291512497944,3309195.0171339693,3312749.6488941316,MultiPolygon
Jaberg,1682497,868,246,2,0.9975236405144327,0.05346413322343111,2.983,0.24787666621684046,1309847.7710650233,1309147.472307677,MultiPolygon
Ziefen,1683725,2834,1303,13,0.9990423261263497,0.006561458817193796,3.654,0.09581640966996093,7821983.514857054,7822496.751084069,MultiPolygon
Vufflens-la-Ville,1685198,5503,2223,22,0.9979034862098114,0.022048246734661735,43.864,0.20984824165851632,5380707.20914901,5379520.857547467,MultiPolygon
Chavannes-près-Renens,1684893,5627,2229,22,0.9957259436655063,0.05448016652520505,9.081,0.42820429243312735,1649309.7521979944,1648411.2054984805,MultiPolygon
Saint-Aubin (FR),1683394,2041,1001,10,0.999264699619965,0.020070508416465342,3.224,0.07354969963825057,7887465.927366127,7885882.872853329,MultiPolygon
Saas-Fee,1685362,6290,2313,23,0.9978723379416164,0.09671852245968986,116.514,0.21288979244008574,40343813.40740804,40304793.4671765,MultiPolygon
Büsserach,1683492,2614,1110,11,0.9989644068099378,0.01131732607381562,3.553,0.10361883255766045,7550241.79093606,7551096.276418902,MultiPolygon
Reute (AR),1683924,3035,1503,15,0.9962113639880915,0.035417826887528626,28.043,0.37951543147911165,4993883.422953388,4992114.697967681,MultiPolygon
Riehen,1683696,2703,,12,0.9988500539293553,0.01622621127855707,14.017,0.11507009890243616,10871624.49994474,10873388.552705513,MultiPolygon
Egliswil,1684299,4195,1907,19,0.9965567230323431,0.004489833367362683,9.846,0.34492927014130326,6287927.037432998,6288209.3548792405,MultiPolygon
Kradolf-Schönenberg,1684536,4501,2015,20,0.9982595111828656,0.0001409726288071319,9.564,0.17420035591848992,10947810.824943379,10947795.391526662,MultiPolygon
Krauchthal,1682516,414,245,2,0.9986306215440929,0.010733631344212206,65.579,0.13702431546165503,19435059.57840844,19432973.490761764,MultiPolygon
Boltigen,1682387,791,248,2,0.9987433785005239,0.007806167706446963,33.688,0.12574606224933713,77067258.79401441,77073274.79348263,MultiPolygon
Suhr,1684435,4012,1901,19,0.995487660257922,0.11259388973069008,16.593,0.45199973144185435,10623524.633031081,10611563.193420254,MultiPolygon
Founex,1684979,5717,2228,22,0.9981587961297795,0.05186796032591119,13.2,0.18424225105030265,8118997.496814575,8114786.338414066,MultiPolygon
Bussnang,1684511,4921,2015,20,0.9986249972902961,0.01871707462431508,9.092,0.137607744495338,18880292.30463147,18883826.14303142,MultiPolygon
Mex (VD),1685047,5489,2223,22,0.9981509536816476,0.03581186657834361,9.48,0.18504259910361903,2827127.776003929,2826115.328776787,MultiPolygon
Scheuren,1682652,747,242,2,0.9998800768830574,0.005154088946742876,0.299,0.011992721749365439,2107794.5008732993,2107685.8632699098,MultiPolygon
Affoltern im Emmental,1682361,951,245,2,0.9987730115837944,0.005916273018189042,8.647,0.12277053103115189,11505517.310077433,11504836.612261213,MultiPolygon
Kernenried,1682506,411,245,2,0.9985502274037019,0.008698963495852417,2.925,0.1450887382276159,3329921.148519048,3330210.8171441983,MultiPolygon
Mirchel,1682555,615,246,2,0.9979863809997968,0.025869498290214586,2.93,0.2015387655074516,2342613.586985027,2342007.5646031955,MultiPolygon
Romont (FR),1683389,2096,1002,10,0.999994904317468,6.974794529818091e-05,0.016,0.0005095693735406876,10890668.876330756,10890661.280312985,MultiPolygon
Berneck,1683866,3233,1723,17,0.9987158299446964,0.015211309240320308,3.242,0.12850928637297948,5621118.749728451,5621973.795484237,MultiPolygon
Muriaux,1685620,6753,2602,26,0.9958415604279998,0.1008231889996588,90.876,0.4169204600391925,16878439.045587137,16895456.426086262,MultiPolygon
Ochlenberg,1682598,985,244,2,0.9987554368931181,0.01298877983531394,5.26,0.12452571806718205,12116782.678612564,12115208.856387315,MultiPolygon
Forst-Längenbühl,1682442,948,247,2,0.9986715928850035,0.006011879196462218,4.462,0.1329329991821665,4498023.860883521,4498294.276644265,MultiPolygon
St. Niklaus,1685378,6292,2313,23,0.9980850433810422,0.025686637250632083,65.536,0.1917038085322686,89239620.33226481,89262542.9898234,MultiPolygon
Eclépens,1684956,5482,2227,22,0.9977383911509541,0.04596012438248468,10.633,0.22636488740862207,5804457.547147419,5801789.811239022,MultiPolygon
Buus,1683637,2844,1304,13,0.9989699700022108,0.001686065369737241,3.594,0.10305694399991976,8845083.348142559,8845232.482029816,MultiPolygon
Uster,1682225,198,109,1,0.9992822337808573,0.0057199559866768345,9.561,0.07180033704681406,28489899.836010877,28488270.22627961,MultiPolygon
Wettswil am Albis,1682236,14,101,1,0.9987672479170795,0.023824598055975612,3.355,0.12333654507211651,3770584.4132430125,3769686.086662196,MultiPolygon
Unterägeri,1683149,1709,,9,0.9992387234939967,0.009428980141894189,5.379,0.07616022912741657,26694113.516692776,26696630.49935532,MultiPolygon
Auw,1684259,4223,1908,19,0.9930694853671704,0.07085700549396047,25.292,0.6957078076101815,8560759.392608788,8566825.290361933,MultiPolygon
Alchenstorf,1682362,402,245,2,0.9988092592252228,0.012667840923524678,3.386,0.11915255944065714,6568415.163115021,6569247.239499081,MultiPolygon
Kappelen,1682503,305,243,2,0.9991482433976394,0.011067812763841991,7.697,0.08520723460708374,10969526.154312398,10968312.067696558,MultiPolygon
Echallens,1684952,5518,2223,22,0.9986102461919728,0.01312891070558195,12.698,0.1390628894159021,6663787.411492614,6662912.528793749,MultiPolygon
Nunningen,1683559,2621,1110,11,0.9985793573762406,0.04405911187132671,16.394,0.14219656375177,10314584.467495363,10319128.98180496,MultiPolygon
Birmenstorf (AG),1684272,4024,1902,19,0.995420868170499,0.08342506904980149,14.983,0.4587725657848496,7797762.581201002,7791257.2923832955,MultiPolygon
Savosa,1684753,5221,2105,21,0.9999842163725311,7.793633340117212e-05,0.013,0.0015783758182672648,745212.6503995283,745213.2311909441,MultiPolygon
Villeneuve (VD),1685193,5414,2221,22,0.9996258777281883,0.0016463714615233362,3.393,0.03741891883452605,34527185.71095893,34526617.265226915,MultiPolygon
Saignelégier,1685626,6757,2602,26,0.9927724468464394,0.04803163355518831,90.876,0.7252024594249963,31674875.970453657,31659662.01009847,MultiPolygon
Evionnaz,1685302,6213,2310,23,0.9983034529908164,0.004517161542367524,69.195,0.169794901646203,48078517.66546618,48076345.88115606,MultiPolygon
Balgach,1683863,3232,1723,17,0.9989512217337926,0.02342148594801905,3.341,0.10492056385152482,6520115.510210776,6518588.402272757,MultiPolygon
Altendorf,1683056,1341,505,5,0.9973148749391827,0.012322464211891383,45.447,0.26889005146834793,24561841.379513375,24564868.003627148,MultiPolygon
Elgg,1682115,294,110,1,0.9989572113135683,0.008505164331964304,5.234,0.10433770427668101,24393038.314122178,24395112.982116353,MultiPolygon
Landquart,1948063,3955,1845,18,0.9999965895941568,3.420984809363627e-05,0.014,0.000341041223930986,18858736.59531813,18858743.046863273,MultiPolygon
Perroy,1685099,5860,2228,22,0.9996161434767257,0.007103043746370993,8.109,0.03839165749680598,16223678.664632488,16222526.289639669,MultiPolygon
Altbüron,1682814,1122,315,3,0.9983894382464266,0.013961423407854627,6.549,0.1611972272691911,6750722.453347461,6751664.950292262,MultiPolygon
Augst,1683617,2822,1303,13,0.990389531158433,0.36711109523833424,13.119,0.9674598102085586,1653584.431374456,1659654.9232911654,MultiPolygon
Allaman,1684832,5851,2227,22,0.9984101993303311,0.00974370123566331,24.646,0.15909878937650407,11535889.50426834,11534765.481660169,MultiPolygon
Menznau,1682898,1136,315,3,0.9991557653614592,0.0008352750569914117,3.549,0.08445876277661714,30338875.21799558,30338621.804938313,MultiPolygon
Zürich,1682248,261,112,1,0.9997251791980053,0.0017537796974504852,1.624,0.027485616020987088,91881188.11826523,91879576.72464223,MultiPolygon
Wattwil,2727987,3379,1727,17,0.9992602604373111,8.633280147067905e-05,6.205,0.07400129518016703,51175460.47372989,51175416.2925212,MultiPolygon
San Vittore,1684152,3835,1847,18,0.9986275184002132,0.008333571605564374,12.615,0.1373366871798204,22062654.693706863,22060816.086579874,MultiPolygon
Bonstetten,1682092,3,101,1,0.9987840008568274,0.007436115013803359,3.667,0.1216784158967075,7430708.28951143,7431260.845526178,MultiPolygon
Laufen,1683665,2787,1302,13,0.9981244467833654,0.004747469353999975,20.158,0.18773582799728566,11396973.791356804,11397514.859194832,MultiPolygon
Sagogn,1684148,3581,1850,18,0.9979938899547779,0.0022123819096115903,29.947,0.2008146518081108,6917721.597714787,6917874.6441359725,MultiPolygon
Salvan,1685371,6218,2310,23,0.998700471971671,0.04716442294979719,49.175,0.13006796205890056,53456983.08384345,53482195.76144131,MultiPolygon
Gipf-Oberfrick,1684317,4165,1906,19,0.9970037730659634,0.08449632271686214,14.12,0.3001990106633538,10168346.293400813,10176938.172099853,MultiPolygon
Wildhaus-Alt St. Johann,1683966,3359,1727,17,0.9995745862903853,0.0019330047111051326,24.688,0.042550010476894044,87528441.1446994,87526749.21580851,MultiPolygon
Bargen (SH),1683618,2931,1403,14,0.9971539325600148,0.030779985347018507,13.981,0.2850561895253276,8270608.884538468,8273154.576741238,MultiPolygon
Solothurn,1683577,2601,1109,11,0.9989099998266656,0.029026018799453917,3.424,0.1090436269368362,6281592.620431165,6279769.324176254,MultiPolygon
Häfelfingen,1683658,2847,1304,13,0.998518018124521,0.03146275322651402,3.424,0.14828475159001742,3972887.369825922,3971637.3900767863,MultiPolygon
Kallern,1684339,4233,1908,19,0.9999906364911025,2.010512266252296e-06,0.015,0.0009363552641799635,2683906.472849056,2683906.4188887873,MultiPolygon
Fräschels,1683319,2258,1005,10,0.9987786345180677,0.00962852962352713,3.017,0.12220529688205763,3106920.7221919764,3106621.5714098606,MultiPolygon
Grandvillard,1683326,2134,1003,10,0.9969930360965674,0.0911916135373634,96.362,0.30101185128400787,24320603.899653576,24298425.54853545,MultiPolygon
Rümlang,1682199,97,104,1,0.9989298567416509,0.02931255690342357,9.935,0.10708730953378622,12413602.128563007,12417240.872750707,MultiPolygon
Fahrwangen,1684306,4196,1907,19,0.996258848724678,0.0035339372651575045,10.278,0.3748096267919055,4998310.582309653,4998133.9451493565,MultiPolygon
Au (SG),1683861,3231,1723,17,0.9981514654932948,0.038891236357574396,3.09,0.18506044187295628,4653872.492834567,4655682.4413855355,MultiPolygon
Mönchaltorf,1682168,196,109,1,0.9976122639535557,0.027063963258477458,24.302,0.2390913589727239,7588563.6009930335,7590617.367057852,MultiPolygon
Zillis-Reischen,1684211,3712,1851,18,0.9992036562098942,0.000786362898125986,3.749,0.07966578658016062,24475331.695100147,24475139.230172504,MultiPolygon
Wiler (Lötschen),1685404,6202,2309,23,0.9988322093089371,0.025556768439972115,46.676,0.11686222689458563,14865278.14624765,14869077.230961444,MultiPolygon
Dällikon,1682108,84,104,1,0.9986791340723221,0.005313503783282061,3.488,0.1321703732259665,4506354.432045068,4506114.986731833,MultiPolygon
Hochfelden,1682141,59,103,1,0.9979522598299807,0.02084966245257751,3.961,0.2050052631036907,6168799.937694006,6170086.11165839,MultiPolygon
Bois-d'Amont,1683265,2238,1004,10,0.9929164524491962,0.13500111595257333,74.635,0.71039266176797,12281325.784508966,12264745.857646108,MultiPolygon
Ostermundigen,1682603,363,246,2,0.9991790153536755,0.0024913106054915302,4.314,0.08213115617763293,5963233.614064201,5963085.051392743,MultiPolygon
Bossonnens,1683276,2323,1007,10,0.9982098612807633,0.02927188111130898,3.334,0.17914802146463332,4117714.0072286297,4116508.67487993,MultiPolygon
Hendschiken,1684325,4198,1907,19,0.9916695053811181,0.24809702606526296,16.011,0.8354961244021637,3516512.7503954256,3507788.3868404888,MultiPolygon
Bogis-Bossey,1684858,5705,2228,22,0.9955945346006182,0.042153028549411185,10.391,0.4414260316379268,2454005.592168584,2452971.154490713,MultiPolygon
Comano,1684665,5176,2105,21,0.997334132278138,0.04744509540375594,15.479,0.2670059145850285,2064684.6187445025,2065664.2103316525,MultiPolygon
Champagne,1684883,5553,2224,22,0.998232773309419,0.025233992340435427,22.212,0.17685664485738772,3915070.770445591,3914082.841787254,MultiPolygon
Schlieren,1682204,247,111,1,0.9992096062934991,0.019995317582812953,3.401,0.07906271389939461,6593798.251732036,6592479.800830832,MultiPolygon
Belmont-sur-Yverdon,1684848,5902,2224,22,0.9973719350606421,0.08877159620233048,12.433,0.2632690868237339,6467195.849740442,6472936.882725787,MultiPolygon
Full-Reuenthal,1684312,4307,1911,19,0.9947916403868763,0.07080570789431305,8.239,0.5223807254435576,4780799.666707856,4784184.745754877,MultiPolygon
Fahy,1685599,6789,2603,26,0.9977185169842405,0.014018795665479637,7.599,0.22839284695447812,7783428.478167507,7782337.335233384,MultiPolygon
Thunstetten,1682684,342,244,2,0.9972222726545077,0.19330482276284985,84.846,0.2778902121237895,9662243.790346872,9643566.207113028,MultiPolygon
Malans,1684112,3954,1845,18,0.998908685722879,0.011818018128288367,6.593,0.10919746067191612,11399502.367536057,11400849.562792387,MultiPolygon
Saxeten,1682646,591,250,2,0.9973599108002686,0.19429760389165698,70.158,0.2646147046878837,19382350.4263904,19420009.86884676,MultiPolygon
Guggisberg,1682462,852,246,2,0.9971707254298977,0.055331486667721794,61.143,0.28324987886586217,54918606.01944089,54888218.738273144,MultiPolygon
Saint-Saphorin (Lavaux),1685141,5610,2226,22,0.9983341510016742,0.06206284492402908,17.116,0.1666720313868542,5300845.1599278785,5297555.30461661,MultiPolygon
Brügg,1682394,733,242,2,0.9986267217951187,0.02839395285535482,15.417,0.13740267013590482,5002951.170264307,5001530.634667646,MultiPolygon
Lupsingen,1683672,2830,1303,13,0.9985468145607679,0.022830660949289625,3.654,0.14544080874799056,3113293.9076689263,3114004.693245341,MultiPolygon
Massagno,1684709,5196,2105,21,0.9999844488636966,0.0003079028763846739,0.015,0.0015551233282196362,739442.7516264739,739440.4748609724,MultiPolygon
Niederlenz,1684380,4204,1907,19,0.9935723599831944,0.21333583765378558,9.707,0.644148556215304,3312139.647543669,3305073.666682319,MultiPolygon
Romanel-sur-Lausanne,1685125,5592,2225,22,0.9983445801175949,0.019407033231262236,2.993,0.16566304579615412,2880830.829921417,2880271.7461249176,MultiPolygon
Grub (AR),1683891,3031,1503,15,0.9999910201324277,4.686324226863162e-05,0.016,0.0008979905791514119,4211808.623997866,4211806.650207787,MultiPolygon
Oberiberg,1683094,1368,506,5,0.9998072985358016,0.01632750208219063,3.678,0.019273576609845886,33170519.915437035,33175935.8327669,MultiPolygon
Diessbach bei Büren,1682421,385,243,2,0.9984931500033005,0.06725444971629611,17.294,0.1508493245056523,6330474.470999709,6334731.996769611,MultiPolygon
Kilchberg (ZH),1682152,135,106,1,0.998465974196821,0.046527749661591095,33.705,0.1535560471711524,2580442.382045494,2581643.0038171737,MultiPolygon
Neuenegg,1682572,670,246,2,0.9993763128686058,0.012929410940046111,7.793,0.062384135276971814,21827989.57857729,21825167.348104727,MultiPolygon
Botterens,1683277,2123,1003,10,0.9964517682235088,0.16419993644375025,11.001,0.35516196642068254,4533288.672804263,4525845.015684707,MultiPolygon
Regensdorf,1682192,96,104,1,0.9990293872067586,0.01171247570111363,6.996,0.09710271975581894,14621083.475144403,14619370.984295137,MultiPolygon
Münchenbuchsee,1682567,546,246,2,0.9991045561690856,0.02013816938974116,23.889,0.0895935123700806,11667619.740457831,11669969.385484915,MultiPolygon
Eich,1682828,1084,314,3,0.9999956999606172,0.0001263586679872162,0.015,0.00043000459113924806,9218390.778747795,9218379.130511997,MultiPolygon
Interlaken,1682493,581,250,2,0.9934081554162723,0.02095913309297524,15.32,0.6612949554839422,4274162.086231703,4273266.25891144,MultiPolygon
Villars-le-Comte,1685187,5690,2222,22,0.9983153743017021,0.01879824908181008,3.387,0.16858874028520282,4195805.261685911,4195016.523761831,MultiPolygon
Guttannen,1682465,782,250,2,0.9992830670139391,0.03347090280621666,68.754,0.07170700496761516,200847348.4649393,200780123.04414573,MultiPolygon
Mattstetten,1682548,543,246,2,0.9978827307976564,0.014227631400793393,8.001,0.21193622138892115,3785381.32690203,3784842.756799724,MultiPolygon
Flurlingen,1682124,29,102,1,0.9979736747909007,0.013575992532651373,3.657,0.20285179745335669,2413875.9407420787,2414203.6483595413,MultiPolygon
Pfeffingen,1683689,2772,1301,13,0.9985736248152042,0.00682078737163383,5.485,0.1427441863629191,4887253.693724584,4887587.042907345,MultiPolygon
Valbroye,1868689,5831,2222,22,0.9999957576248549,3.040940411424813e-07,0.016,0.00042423841504049027,33547239.503807727,33547239.605822884,MultiPolygon
Münchenwiler,1682568,669,246,2,0.9985375225816675,0.008257612045166387,2.92,0.14634871939631391,2478460.1315560658,2478255.4699337077,MultiPolygon
Muolen,1683908,3202,1721,17,0.9982710397252141,0.007543276282056639,8.786,0.1730390953269179,10326023.321002902,10325244.40053485,MultiPolygon
Aarau,1684251,4001,1901,19,0.9944196143486014,0.010093209224351139,35.568,0.5596281977222533,12338138.14333093,12339383.457428126,MultiPolygon
Yvorne,1685208,5415,2221,22,0.998508314538392,0.006063645920653626,7.132,0.14927535957644514,12201138.541276421,12200398.70743699,MultiPolygon
Bettingen,1683623,2702,,12,0.9970976624660058,0.0939912522254774,3.702,0.2905189482537959,2227025.5134569677,2224932.3042894886,MultiPolygon
Brig-Glis,1685283,6002,2301,23,0.9990669637922032,0.012344489356170621,20.734,0.09334140730841733,37666174.02777894,37661524.3309352,MultiPolygon
Gruyères,1683332,2135,1003,10,0.9989869088590332,0.013314152277856775,6.387,0.1013537101447657,28439272.186802804,28435485.73879714,MultiPolygon
Domat/Ems,1684071,3722,1844,18,0.9992868678692652,0.009059961069818809,3.276,0.07134188164226389,24217491.17453932,24219685.26981182,MultiPolygon
Monteceneri,1684720,5238,2105,21,0.9999960412146798,4.6737558424340484e-05,0.037,0.0003958792232189486,36080025.03492713,36080008.17200435,MultiPolygon
Menziken,1684363,4139,1905,19,0.9974574130458279,0.06210143146227515,10.7,0.25466139393110354,7323755.8876899015,7328304.04493296,MultiPolygon
Flühli,1682836,1004,316,3,0.999725214967498,0.000704229486606408,14.134,0.027482375878801597,108172197.17074941,108172958.9512582,MultiPolygon
Obergerlafingen,1683562,2528,1106,11,0.997483876883071,0.04858937974615313,2.522,0.251990459633988,1512249.5905682624,1512984.3832645332,MultiPolygon
Meiringen,1682552,785,250,2,0.9993608163561046,0.0034993312177189454,6.531,0.0639399174217358,40627863.34854507,40629285.052050315,MultiPolygon
Tägerwilen,1684564,4696,2013,20,0.998918175147316,0.008482539983191989,13.774,0.10823644339433211,11560153.95582369,11559173.361142268,MultiPolygon
Rümlingen,1683701,2859,1304,13,0.9978600608080201,0.004121323834444083,3.351,0.2142187170209345,2279704.634110015,2279610.6800995744,MultiPolygon
Lema,18953122,5395,2105,21,0.9936735983560973,0.056978987033921825,64.535,0.6348284903714421,18568965.226471625,18579545.63476035,MultiPolygon
Zernez,4447274,3746,1843,18,0.9997330377773923,0.0019050681707720011,26.057,0.02669953185316414,344036788.59001535,344030234.4546602,MultiPolygon
La Chaux (Cossonay),1685010,5474,2227,22,0.9983056287359584,0.013290240517918793,3.515,0.1695920616626764,6737503.938204179,6738399.36868247,MultiPolygon
Ecublens (VD),1684958,5635,2229,22,0.9959305962591056,0.05357559323642844,43.51,0.40787929721801414,5722788.800782564,5725854.818832251,MultiPolygon
Kandersteg,1682502,565,249,2,0.9999989282553291,2.7797138150052567e-07,0.016,0.00010717452464104919,134306178.16159496,134306178.5349277,MultiPolygon
Montagny-près-Yverdon,1685056,5922,2224,22,0.9973454268031928,0.012399228921645142,3.461,0.26582660510148703,3518423.9318399313,3518860.189277674,MultiPolygon
Niederhasli,1682172,90,104,1,0.9980508062541138,0.010549464378087207,3.932,0.1950992362192369,11303016.195322124,11301823.78765495,MultiPolygon
Gelterkinden,1683649,2846,1304,13,0.9990139177434721,0.004001910656329452,22.9,0.09865489346619673,9782464.3969524,9782072.911467247,MultiPolygon
Morcote,1684723,5203,2105,21,0.9986180482046086,0.02543676717313919,14.618,0.13827314675768423,5269960.960792745,5268620.453093033,MultiPolygon
Brünisried,1683279,2292,1006,10,0.9908194967313729,0.29749288766243465,60.715,0.9209119773579579,3247420.778553536,3237759.9327048673,MultiPolygon
Perly-Certoux,1685521,6632,,25,0.997855470605474,0.029366516943050876,3.469,0.2147146590808546,2536593.9875002843,2537338.8968034,MultiPolygon
Villorsonnens,1683424,2114,1002,10,0.9949293197211971,0.048148331467514516,42.398,0.5082345028181452,15472553.965065865,15465104.188496275,MultiPolygon
Eglisau,1682114,55,103,1,0.997911654499603,0.03593264755641815,15.865,0.2090152782060584,9062641.904145153,9059385.456970436,MultiPolygon
Brot-Plamboz,1685457,6433,,24,0.9989819120200442,0.003767866924934772,3.534,0.10186256853397972,16089547.367988,16090153.60072165,MultiPolygon
Gibloux,5817663,2236,1004,10,0.9955732542115995,0.083070097462818,74.635,0.4438408292028579,36269175.51422034,36299304.353668965,MultiPolygon
Täuffelen,1682696,751,243,2,0.9987807980879638,0.01362282272602693,3.006,0.1220028687547005,4401219.923338566,4401819.493726505,MultiPolygon
Kirchberg (BE),1682509,412,245,2,0.9983955618523631,0.02422676472900611,6.877,0.1605920799661732,9054909.624931598,9057103.336582854,MultiPolygon
Böckten,1683638,2842,1304,13,0.9976285541831191,0.03226916032220509,22.9,0.23746441096268214,2282340.7040620646,2283077.1962429574,MultiPolygon
Tartegnin,1685162,5862,2228,22,0.9941938079959819,0.1728317810568693,17.242,0.5828129094817904,1085590.678405624,1087466.9241101,MultiPolygon
Les Verrières,1685513,6511,,24,0.9981104293149379,0.11306063890728915,10.49,0.18924268025105065,28868125.74241593,28900764.229820866,MultiPolygon
Gurmels,1683333,2262,1005,10,0.99938456028375,0.006655902199209727,4.228,0.061560866972635894,20164100.024281316,20162757.92150435,MultiPolygon
Neunforn,1684547,4601,2012,20,0.9989347403495672,0.015145931277740698,5.819,0.10659080566012488,11358242.660397206,11359962.972024908,MultiPolygon
Untersiggenthal,1684449,4044,1902,19,0.9965650542486263,0.07291600544989117,10.824,0.34396008599379313,8277609.220707412,8271573.51871692,MultiPolygon
Val-de-Charmey,3411331,2163,1003,10,0.9983984293801156,0.045898093447697595,54.829,0.16032220017056473,111622508.0265225,111673740.62956518,MultiPolygon
Cuarnens,1684934,5479,2227,22,0.998367568175243,0.012405319428916579,5.637,0.1633866666919869,7134362.340736906,7135247.381174491,MultiPolygon
Courgevaux,1683301,2250,1005,10,0.9981473628407502,0.011675305317840487,6.449,0.18544631334269285,3383744.3921929053,3384139.454681869,MultiPolygon
Obfelden,1682181,10,101,1,0.9986613012885694,0.04138483845066698,3.767,0.13398725634161138,7543843.330871698,7546965.338247151,MultiPolygon
Gurtnellen,1683078,1209,,4,0.9997118500234147,0.0027641358478053863,14.618,0.028819548077359296,83308247.96310791,83310550.71625404,MultiPolygon
Dorf,1682106,26,102,1,0.9977705284014503,0.016045713923429798,3.921,0.22317805769373078,5557134.816464503,5556243.134509514,MultiPolygon
Luzein,5817241,3891,1849,18,0.9994517568431496,0.0028558847131545974,51.149,0.05484013140817012,83885077.13865618,83887472.7997508,MultiPolygon
Uzwil,1683954,3408,1728,17,0.9984316171071693,0.05860700373088479,78.771,0.1569153818721989,14495113.221291319,14486618.06974492,MultiPolygon
Concise,1684915,5554,2224,22,0.999070638005652,0.006708756967031568,36.835,0.0929762863163375,21540552.670779243,21539107.567451205,MultiPolygon
Merzligen,1682554,741,243,2,0.9907378321572474,0.377508062794469,14.869,0.9287697232876961,2298497.5359471682,2289820.5224258355,MultiPolygon
Châtillon (FR),1683292,2008,1001,10,0.9994141770232575,0.020576221046955997,9.017,0.0585934333524383,1276203.7973460567,1275941.202831705,MultiPolygon
Därstetten,1682425,761,249,2,0.9995707955166908,0.001833543834191855,9.527,0.04292926756534634,32839878.465256073,32839276.331689317,MultiPolygon
Beggingen,1683620,2951,1404,14,0.9960061297779657,0.14554231536203316,44.295,0.4004773881206464,12583868.411398772,12602183.264846833,MultiPolygon
Sufers,1684178,3695,1851,18,0.9993413980716919,0.0025453888284182867,10.007,0.06588104932486613,34618846.53131862,34617965.347066484,MultiPolygon
Frauenfeld,1684522,4566,2012,20,0.9987460264358882,0.002955547620928952,26.611,0.1254778824741614,27355381.30200109,27356189.803322356,MultiPolygon
Autigny,1683269,2173,1004,10,0.9947991144838612,0.014470561868935423,42.398,0.521482266264412,6219742.312435983,6220642.344095392,MultiPolygon
Büttenhardt,1683639,2914,1402,14,0.9999934760345672,0.00013670778286973786,0.013,0.0006523982254042122,3996414.319728544,3996408.856319133,MultiPolygon
Le Chenit,1685021,5872,2224,22,0.9985835309139364,0.005225635245156465,114.993,0.1417435953414747,100229466.75461955,100224229.12827879,MultiPolygon
Grono,1684085,3832,1847,18,0.998591632952865,0.008846761472701671,29.193,0.14092971535342216,37121718.59270078,37118434.522802316,MultiPolygon
Tenero-Contra,1684763,5131,2104,21,0.9984550648825946,0.07346839907381582,15.411,0.15455614939701073,5368602.091477007,5364657.865467755,MultiPolygon
Untereggen,1683951,3219,1722,17,0.9930133335617635,0.16870452575097106,71.963,0.7005244680948083,7135284.515176072,7123246.9672737615,MultiPolygon
Trey,1685165,5827,2222,22,0.9989793956219287,0.005396266471061864,5.292,0.10211530119551282,3791924.260575063,3792128.8829125445,MultiPolygon
Gingins,1684986,5719,2228,22,0.997255575289537,0.06654388469835743,14.572,0.27491101968494935,12562192.912660379,12570552.283827765,MultiPolygon
Grächen,1685313,6285,2313,23,0.9988051135281452,0.0425131166129063,10.559,0.11953466318741961,14272270.9153316,14266203.328154055,MultiPolygon
Allschwil,1683612,2762,1301,13,0.9988115534262644,0.015273787767022552,14.619,0.11892440106239881,8895226.689768849,8896585.32781484,MultiPolygon
Saicourt,1682643,706,241,2,0.9988508302075587,0.005163708865811482,4.809,0.11498601546093787,13766654.715469161,13767365.58543923,MultiPolygon
Crissier,1684931,5583,2229,22,0.9968966357239084,0.038573651817332716,20.005,0.3108786665294704,5496124.166427495,5498244.222226901,MultiPolygon
Gerlafingen,1683508,2519,1106,11,0.9981915302118983,0.017814990174415245,2.707,0.18099453144541292,1855435.9535989868,1855105.4078661606,MultiPolygon
St. Silvester,1683403,2303,1006,10,0.9992597400329205,0.004647085810385102,3.004,0.07405168543121489,7040180.1760730315,7039853.012859044,MultiPolygon
Biel/Bienne,1682380,371,242,2,0.9992140108412678,0.006218418611301518,15.417,0.07863226173052928,21211260.41914751,21212579.424113106,MultiPolygon
Schüpfen,1682659,311,243,2,0.9993046777427929,0.002964776384679609,3.559,0.06955743887592888,19840211.412324887,19840799.63022751,MultiPolygon
La Roche,1683345,2149,1003,10,0.9989134649986248,0.036773786897845044,26.491,0.10869257127562142,24124244.75565843,24115373.35730127,MultiPolygon
Varen,1685391,6116,2306,23,0.9990830064441423,0.006773580111554499,25.974,0.09174452581977936,12921511.234014584,12922386.482929643,MultiPolygon
Seedorf (BE),1682661,312,243,2,0.9990123569262338,0.004775308301249058,9.735,0.09881074409988891,20869518.604339533,20868522.02048519,MultiPolygon
Les Clées,1685025,5750,2224,22,0.9975278394172549,0.015150265293684828,11.912,0.24750326523838667,7038664.597172452,7037598.220812848,MultiPolygon
Muhen,1684368,4009,1901,19,0.9963722809441592,0.022965840996572808,17.018,0.36338938607476,7025057.498755347,7023444.135220265,MultiPolygon
Dübendorf,1682111,191,109,1,0.9989584712983798,0.0073681591732721536,3.729,0.10421097659810981,13621273.021373032,13622276.658450672,MultiPolygon
Massonnens,1683360,2086,1002,10,0.9999925788710572,3.5913276992110584e-05,0.053,0.0007421157812576014,4291986.615282506,4291988.156675547,MultiPolygon
Vugelles-La Mothe,1685200,5937,2224,22,0.998433906914646,0.07745854716385203,4.275,0.15679273819454104,3066085.423416181,3068460.368639962,MultiPolygon
Montanaire,2759363,5693,2223,22,0.9988066528089519,0.012389308661047956,15.724,0.11939856870474297,33498875.454277493,33494725.175199483,MultiPolygon
Ilanz/Glion,3411942,3619,1850,18,0.9995437982280556,0.000864343290674506,3.791,0.04563038836921692,133483237.63295157,133482083.87954292,MultiPolygon
Wikon,1682931,1147,315,3,0.9989774209987853,0.003733700919195297,3.544,0.10231212023627388,8281181.424874874,8281490.619421855,MultiPolygon
Bargen (BE),1682371,302,243,2,0.9991178253838439,0.001288943586982865,3.231,0.08825582160165527,7857992.6789728915,7857891.39388019,MultiPolygon
Dinhard,1682105,216,110,1,0.9988668932497471,0.0003737583659174853,4.117,0.11337511983615277,7070246.673839307,7070273.099477742,MultiPolygon
Thônex,1685534,6640,,25,0.9970180599084445,0.006082455551138429,9.878,0.29864835366426024,3820313.8262380036,3820546.1951283985,MultiPolygon
Bellmund,1682373,732,242,2,0.9977718178988071,0.003363974555397991,6.689,0.22307047871725225,3795654.2914670175,3795781.9763115933,MultiPolygon
Rebévelier,1682614,715,241,2,0.9982761752826768,0.03346761833108572,3.37,0.1725023074491449,3548481.2047245,3547293.6125783524,MultiPolygon
Cadenazzo,1684641,5003,2101,21,0.999994387195822,0.00030834346930784756,0.015,0.0005612811278356778,8381666.493492066,8381640.649170814,MultiPolygon
Châtillon (JU),1685582,6704,2601,26,0.9954938301605529,0.03680856071633617,46.908,0.45171767503941457,5306191.599368643,5308144.732125222,MultiPolygon
Rodersdorf,1683570,2479,1104,11,0.9986427191828093,0.008874811364805588,15.901,0.13581422793652712,5353218.912594445,5352743.824514007,MultiPolygon
Vulliens,1685203,5803,2222,22,0.9981294988006064,0.00032339896807121886,5.703,0.18722491969858132,6634217.779909952,6634196.324918112,MultiPolygon
Biberstein,1684271,4002,1901,19,0.9902551814021024,0.07756069190127214,30.37,0.9796329398720285,4101888.6642329544,4105070.1174619533,MultiPolygon
Val-d'Illiez,1685390,6157,2308,23,0.9993928045744622,0.012179219465948955,17.048,0.06074168117225623,39265025.91362082,39269808.087300204,MultiPolygon
Pfyn,1684548,4841,2012,20,0.9986091148011341,0.0036049909917654772,6.335,0.13918280647510106,13139728.144518875,13139254.458502922,MultiPolygon
Bottmingen,1683629,2767,1301,13,0.9979411838220631,0.00316680036689514,3.455,0.2060970356792731,2994793.992599489,2994888.8317466346,MultiPolygon
La Heutte,1682520,436,,,,,,,,,
Plagne,1682606,440,,,,,,,,,
Vauffelin,1682705,447,,,,,,,,,
Trimstein,1682690,631,,,,,,,,,
Bévilard,1682402,682,,,,,,,,,
Châtelat,1682409,684,,,,,,,,,
Malleray,1682546,697,,,,,,,,,
Monible,1682556,699,,,,,,,,,
Pontenet,1682608,702,,,,,,,,,
Sornetan,1682669,710,,,,,,,,,
Souboz,1682671,712,,,,,,,,,
Diesse,1682422,721,,,,,,,,,
Lamboing,1682522,722,,,,,,,,,
Prêles,1682610,725,,,,,,,,,
Niederstocken,1682579,764,,,,,,,,,
Oberstocken,1682593,765,,,,,,,,,
Gadmen,1682447,781,,,,,,,,,
Höfen,1682488,930,,,,,,,,,
Bussy (FR),1683281,2004,,,,,,,,,
Châbles FR,1683289,2005,,,,,,,,,
Estavayer-le-Lac,1683314,2015,,,,,,,,,
Morens (FR),1683366,2033,,,,,,,,,
Murist,1683369,2034,,,,,,,,,
Rueyres-les-Prés,1683392,2039,,,,,,,,,
Villeneuve (FR),1683423,2047,,,,,,,,,
Vuissens,1683427,2049,,,,,,,,,
Vernay,1683418,2052,,,,,,,,,
Cerniat (FR),1683284,2126,,,,,,,,,
Charmey,1683286,2127,,,,,,,,,
Autafond,1683268,2172,,,,,,,,,
Chésopelloz,1683295,2179,,,,,,,,,
Corpataux-Magnedens,1683298,2184,,,,,,,,,
Farvagny,1683315,2192,,,,,,,,,
Rossens (FR),1683390,2222,,,,,,,,,
Le Glèbe,1683351,2223,,,,,,,,,
Vuisternens-en-Ogoz,1683429,2231,,,,,,,,,
Barberêche,1683271,2243,,,,,,,,,
Villarepos,1683419,2279,,,,,,,,,
Bas-Vully,1683273,2280,,,,,,,,,
Haut-Vully,1683335,2281,,,,,,,,,
Wallenried,1683430,2283,,,,,,,,,
Staatswald Galm,1683405,2391,,,,,,,,,
Alt St. Johann,2728085,3351,,,,,,,,,
Krummenau,2728086,3354,,,,,,,,,
Stein (SG),1683945,3356,,,,,,,,,
Brunnadern,2728252,3371,,,,,,,,,
Hemberg,1683893,3372,,,,,,,,,
Krinau,1683901,3373,,,,,,,,,
Oberhelfenschwil,1683916,3375,,,,,,,,,
St. Peterzell,2728254,3376,,,,,,,,,
Bütschwil,1683871,3391,,,,,,,,,
Ganterschwil,1683884,3403,,,,,,,,,
Mogelsberg,2728253,3406,,,,,,,,,
Mutten,1684124,3503,,,,,,,,,
Comunanza Cadenazzo/Monteceneri,1684666,5391,,,,,,,,,
Comunanza Capriasca/Lugano,1684667,5394,,,,,,,,,
Apples,1684833,5421,,,,,,,,,
Cottens (VD),1684927,5478,,,,,,,,,
Pampigny,1685092,5494,,,,,,,,,
Sévery,1685160,5500,,,,,,,,,
Cully,1684938,5602,,,,,,,,,
Epesses,1684961,5603,,,,,,,,,
Grandvaux,1684996,5605,,,,,,,,,
Riex,1685119,5608,,,,,,,,,
Villette (Lavaux),1685194,5612,,,,,,,,,
Bussy-Chardonney,1684877,5625,,,,,,,,,
Reverolle,1685118,5644,,,,,,,,,
Brenles,1684867,5662,,,,,,,,,
Chapelle-sur-Moudon,1684887,5664,,,,,,,,,
Chesalles-sur-Moudon,1684896,5666,,,,,,,,,
Correvon,1684923,5667,,,,,,,,,
Cremin,1684930,5668,,,,,,,,,
Denezy,1684942,5670,,,,,,,,,
Forel-sur-Lucens,1684978,5672,,,,,,,,,
Martherenges,1685043,5676,,,,,,,,,
Neyruz-sur-Moudon,1685071,5679,,,,,,,,,
Peyres-Possens,1685100,5682,,,,,,,,,
Saint-Cierges,1685135,5685,,,,,,,,,
Sarzens,1685145,5686,,,,,,,,,
Thierrens,1685163,5689,,,,,,,,,
Corcelles-sur-Chavornay,1684922,5751,,,,,,,,,
Carrouge (VD),1684879,5782,,,,,,,,,
Ferlens (VD),1684971,5789,,,,,,,,,
Mézières (VD),1685069,5791,,,,,,,,,
Chanéaz,1684886,5906,,,,,,,,,
Essert-Pittet,1684962,5915,,,,,,,,,
Les Agettes,1685327,6081,,,,,,,,,
Mex (VS),1685336,6216,,,,,,,,,
Salins,1685370,6264,,,,,,,,,
Auvernier,1685446,6401,,,,,,,,,
Bevaix,1685452,6402,,,,,,,,,
Bôle,1685458,6403,,,,,,,,,
Brot-Dessous,1685456,6405,,,,,,,,,
Colombier (NE),1685471,6406,,,,,,,,,
Fresens,1685486,6409,,,,,,,,,
Gorgier,1685489,6410,,,,,,,,,
Montalchez,1685517,6411,,,,,,,,,
Les Brenets,1685508,6431,,,,,,,,,
Boudevilliers,1685454,6471,,,,,,,,,
Cernier,1685461,6472,,,,,,,,,
Chézard-Saint-Martin,1685464,6473,,,,,,,,,
Coffrane,1685467,6474,,,,,,,,,
Dombresson,1685480,6475,,,,,,,,,
Engollon,1685482,6476,,,,,,,,,
Fenin-Vilars-Saules,1685483,6477,,,,,,,,,
Fontainemelon,1685484,6478,,,,,,,,,
Fontaines (NE),1685485,6479,,,,,,,,,
Les Geneveys-sur-Coffrane,1685509,6480,,,,,,,,,
Les Hauts-Geneveys,1685510,6481,,,,,,,,,
Montmollin,1685518,6482,,,,,,,,,
Le Pâquier (NE),1685507,6483,,,,,,,,,
Savagnier,1685532,6484,,,,,,,,,
Villiers,1685543,6486,,,,,,,,,
Bassecourt,1685571,6701,,,,,,,,,
Corban,1685585,6705,,,,,,,,,
Courfaivre,1685589,6707,,,,,,,,,
Glovelier,1685601,6714,,,,,,,,,
Montsevelier,1685618,6717,,,,,,,,,
Soulce,1685630,6723,,,,,,,,,
Undervelier,1685632,6725,,,,,,,,,
Vermes,1685635,6726,,,,,,,,,
Vicques,1685636,6727,,,,,,,,,
Bressaucourt,1685578,6776,,,,,,,,,
Rocourt,1685624,6803,,,,,,,,,
Thunersee,1682683,9073,,,,,,,,,
Brienzersee,1682392,9089,,,,,,,,,
Bielersee (BE),1682381,9149,,,,,,,,,
Bielersee (NE),1685453,9150,,,,,,,,,
Lac de Neuchâtel (BE),18625441,9152,,,,,,,,,
Lac de Neuchâtel (NE),1685500,9155,,,,,,,,,
Matte,6401410,351001,,,,,,,,,
Weisses Quartier,6401405,351002,,,,,,,,,
Gelbes Quartier,6401402,351004,,,,,,,,,
Rotes Quartier,6401386,351005,,,,,,,,,
Engeried,6409825,351006,,,,,,,,,
Felsenau,6401448,351007,,,,,,,,,
Neufeld,6399496,351008,,,,,,,,,
Länggasse,6399540,351009,,,,,,,,,
Stadtbach,6399547,351010,,,,,,,,,
Muesmatt,6399519,351011,,,,,,,,,
Holligen,6390362,351012,,,,,,,,,
Weissenstein,6399535,351013,,,,,,,,,
Mattenhof,6399528,351014,,,,,,,,,
Weissenbühl,6399768,351015,,,,,,,,,
Sandrain,6399875,351017,,,,,,,,,
Kirchenfeld,6409910,351018,,,,,,,,,
Gryphenhübeli,6409931,351019,,,,,,,,,
Brunnadern,6409947,351020,,,,,,,,,
Murifeld,6410289,351021,,,,,,,,,
Schosshalde,6410315,351022,,,,,,,,,
Beundenfeld,6409887,351023,,,,,,,,,
Altenberg,6409875,351024,,,,,,,,,
Spitalacker,6409874,351025,,,,,,,,,
Breitfeld,6409856,351026,,,,,,,,,
Breitenrain,6409871,351027,,,,,,,,,
Lorraine,6409844,351028,,,,,,,,,
Bümpliz,6390197,351029,,,,,,,,,
Oberbottigen,6390181,351030,,,,,,,,,
Stöckacker,6390221,351031,,,,,,,,,
Bethlehem,6390215,351032,,,,,,,,,
