name,relation,bfs_nummer,bezirksnummer,kantonsnummer,iou,area_diff_pct,hausdorff_distance,symmetric_diff_pct,swisstopo_area,osm_area,geom_type
Adliswil,1682077,131,106,1,0.9992849252989153,0.002948373257329559,3.647,0.07153199131356722,7768065.370789585,7767836.33922758,MultiPolygon
Rheinwald,9173036,3714,1851,18,0.9993355308373875,0.006668539215770971,62.012,0.06646678330557013,136810626.26585636,136801502.99559247,MultiPolygon
Grens,1684998,5722,2228,22,0.9999920267880803,2.1910005484354746e-05,0.013,0.0007973244578439629,2559718.954601545,2559719.515436108,MultiPolygon
Val Terbi,2758687,6730,2601,26,0.9999969347895515,9.449885629062906e-06,0.015,0.00030652152878267837,46687399.64717521,46687404.05908108,MultiPolygon
Windisch,1684461,4123,1904,19,0.9976517336170944,0.09497229407282615,7.458,0.23521432135524167,4906775.814463526,4911435.892019533,MultiPolygon
Pleigne,1685621,6719,2601,26,0.9969027741561136,0.05243957284619101,18.93,0.3101216341584247,17840527.889158078,17831172.392539497,MultiPolygon
Risch,1683147,1707,,9,0.9990095554146378,0.01568947618927588,11.776,0.09908575823419309,22967071.472768426,22963468.059558332,MultiPolygon
Zeihen,1684470,4183,1906,19,0.9990867310096103,0.04348178211530889,8.308,0.09138848545568515,6875403.28565953,6878392.833535749,MultiPolygon
Vucherens,1685197,5692,2222,22,0.9976625141227146,0.04089510061760773,5.703,0.23397424761825797,3276336.9538380806,3274997.0925442367,MultiPolygon
Roche (VD),1685121,5413,2221,22,0.9992086697774237,0.018540420322889457,3.15,0.07917168352801056,6447636.674207325,6448832.093147616,MultiPolygon
Schönenwerd,1683574,2583,1108,11,0.9981318323025063,0.019909851811405106,5.904,0.1870100502878701,3712533.9929903927,3713273.153006845,MultiPolygon
Corcelles-près-Payerne,1684921,5816,2222,22,0.99950218790356,0.012625401754841786,15.778,0.04979674689432375,12115641.73945062,12117171.387895403,MultiPolygon
Reinach (AG),1684398,4141,1905,19,0.9999945890505854,2.467372178608101e-07,0.015,0.00054109640585781,9475059.763963653,9475059.787342152,MultiPolygon
Missy,1685049,5821,2222,22,0.9992151832415519,0.004973623206702514,3.052,0.07851443725923762,3113589.3004204566,3113744.1586204637,MultiPolygon
Düdingen,1683310,2293,1006,10,0.9997950821408785,0.0048049509915739485,8.936,0.020493393333135136,30763230.16611676,30761752.007983852,MultiPolygon
Montpreveyres,1685061,5792,2226,22,0.9976802685216718,0.039330848778234506,5.541,0.23219684649609254,4123637.305630929,4122015.4440780883,MultiPolygon
Schattdorf,1683102,1213,,4,0.9994967020329707,0.00018136932687396384,3.516,0.050342510985732926,16333169.079077043,16333198.702435859,MultiPolygon
Gachnang,1684523,4571,2012,20,0.9987290564709549,0.050519849685587544,3.906,0.12714304478152327,9736115.557591831,9731196.88664692,MultiPolygon
Treytorrens (Payerne),1685167,5828,2222,22,0.9993321338655723,0.035750399926288944,3.214,0.06679698092277987,3073698.9655139744,3072600.105841273,MultiPolygon
Chavannes-des-Bois,1684890,5708,2228,22,0.9976516561947686,0.05420001256224831,3.741,0.23517415554071977,2124289.277579928,2125440.6426352346,MultiPolygon
Horn,1684531,4421,2011,20,0.9980972048178997,0.0091081619778085,8.833,0.1904520483466007,1754364.9954455413,1754205.2050400742,MultiPolygon
Arni (BE),1682366,602,246,2,0.9999949449068967,1.7141641941266038e-05,0.015,0.0005055105447440534,10429492.617229909,10429490.829443628,MultiPolygon
Morlon,1683367,2143,1003,10,0.9990353002604404,0.0012779176570453742,7.028,0.09651714539186955,4236409.299949351,4236463.4377718195,MultiPolygon
Saubraz,1685147,5437,2227,22,0.9979986011420212,0.027534367623971944,3.37,0.20036794751451628,3707138.612721019,3708159.349894976,MultiPolygon
Berlingen,1684503,4801,2012,20,0.9976715759189967,0.041681712818700804,7.123,0.2331623849083205,3577561.257811057,3579052.446620451,MultiPolygon
Münsingen,1682570,616,246,2,0.9999963328562114,8.805300309970335e-06,0.016,0.00036671503502137137,15774325.734072614,15774324.345095862,MultiPolygon
Falera,1684074,3572,1850,18,0.9992560793577523,0.008114321283864592,35.921,0.07442276474565014,22361420.679639373,22363235.157156955,MultiPolygon
Marsens,1683359,2140,1003,10,0.9988837004604039,0.005675180165084507,18.687,0.11168912561889877,8312386.336375482,8311914.593474875,MultiPolygon
L'Isle,1685009,5486,2227,22,0.9999960073381454,1.5804323214719542e-05,0.015,0.0003992670142472645,16222904.212987322,16222906.776907539,MultiPolygon
Wuppenau,1684572,4791,2015,20,0.998520990523069,0.0032622234502025483,4.711,0.1480128163018393,12119144.53982462,12119539.893399762,MultiPolygon
Wynigen,1682733,424,245,2,0.9999972802866611,4.1495419360205265e-06,0.016,0.000271971709456732,28320191.915642146,28320193.090800386,MultiPolygon
Fisibach,1684308,4306,1911,19,0.9999941122923962,1.2566743561696218e-05,0.016,0.0005887725304268951,5769405.692854636,5769406.417881055,MultiPolygon
Tentlingen,1683410,2307,1006,10,0.9981381753373892,0.020644105010337824,3.758,0.18637518306917325,3610249.0540108723,3610994.357616717,MultiPolygon
Unterengstringen,1682222,249,111,1,0.9998915547851398,0.0019300379498255356,0.406,0.010845004878667847,3336885.2089399262,3336820.8057890516,MultiPolygon
Wiggiswil,1682722,553,246,2,0.9979163817409618,0.08986868215101852,4.869,0.20848540188527623,1441608.2568306713,1440312.7024884773,MultiPolygon
Crans-Montana,6820012,6253,2311,23,0.99933452877349,0.013045990669134195,28.769,0.06656493030818722,59655520.011339195,59647737.35776489,MultiPolygon
Root,1682912,1065,312,3,0.9984711661069923,0.013571877124626418,3.756,0.1530107278671,9900112.997988045,9901456.629159331,MultiPolygon
Seon,1684425,4209,1907,19,0.999996616414354,2.0964926773565766e-05,0.015,0.00033835917248502804,9620356.128180506,9620358.145081123,MultiPolygon
Kloten,1682154,62,103,1,0.9990051207546629,0.011909992035872353,4.056,0.09953151094905564,19173964.280319445,19171680.662700698,MultiPolygon
Lantsch/Lenz,1684100,3513,1841,18,0.9991352029916127,8.379967829121585e-05,3.744,0.0865171469584897,21808601.962434094,21808620.23797238,MultiPolygon
Brunegg,1684282,4193,1907,19,0.9997737581633797,0.003294680642911648,0.601,0.02262711595957662,1554223.4815695633,1554274.6882697581,MultiPolygon
Sissach,1683708,2861,1304,13,0.9989182456562883,0.005475827398167553,4.125,0.10823693901074978,8896993.186806625,8897480.370797161,MultiPolygon
Ammerswil,1684254,4191,1907,19,0.999994123471152,1.4145105881682786e-05,0.014,0.0005876545699236139,3186607.6698899195,3186607.2191408905,MultiPolygon
Le Noirmont,1685608,6754,2602,26,0.9999971837462348,3.572132568963464e-05,0.014,0.00028162572266088684,20388273.9942776,20388266.711315844,MultiPolygon
Crassier,1684929,5714,2228,22,0.9963743218438004,0.121240321824788,5.057,0.3634464747854864,2030300.128586476,2032761.6709963833,MultiPolygon
La Baroche,1685604,6810,2603,26,0.9999978585847279,5.549227911621028e-05,0.014,0.0002141416971479523,31071562.9339074,31071545.69158897,MultiPolygon
Meyrin,1685516,6630,,25,0.9989675742184042,0.05522955779683536,5.103,0.1033244257699139,9937310.729679424,9942799.062452324,MultiPolygon
Veltheim (AG),1684450,4120,1904,19,0.999995799179315,9.845547922026717e-05,0.014,0.0004200831576490185,5238638.573873467,5238643.731600179,MultiPolygon
Suscévaz,1685158,5930,2224,22,0.9999581369104937,0.0015463329709056997,0.299,0.004186428946071031,4156739.7678259467,4156804.0448634913,MultiPolygon
Endingen,3411173,4305,1911,19,0.9992247974170174,0.040531365099500165,8.784,0.07756603300229452,11913840.932439508,11918669.774805209,MultiPolygon
Morschach,1683091,1366,506,5,0.9989788519184538,0.035708378198547316,15.829,0.10218521304256727,23502309.011295896,23510701.30468304,MultiPolygon
Gränichen,1684319,4006,1901,19,0.999544111169741,0.013635918770147571,9.956,0.04560238606675137,17233142.83984613,17235492.737205315,MultiPolygon
Cheseaux-sur-Lausanne,1684899,5582,2225,22,0.9979893232365471,0.0033352411099826567,14.337,0.20127337724233615,4584763.512573439,4584916.4254909055,MultiPolygon
Mont-Tramelan,1682557,437,241,2,0.9968951775944149,0.04334904634243704,5.684,0.31089758590860134,4639706.079371432,4637694.811032932,MultiPolygon
Buckten,1683635,2843,1304,13,0.9984540290050801,0.02578687442944726,3.145,0.154736641551793,1997945.9773439628,1998461.1851643086,MultiPolygon
Nidau,1682573,743,242,2,0.9977496101886131,0.05450342244403482,6.913,0.22523108303264255,1521013.825836523,1520184.821245595,MultiPolygon
Staffelbach,1684430,4284,1910,19,0.9999955646961096,3.73352992198107e-05,0.015,0.0004435314554347862,8933086.366180446,8933089.70137497,MultiPolygon
Grenchen,1683510,2546,1107,11,0.9993824404310825,0.0054111603637886935,11.219,0.0617733603997441,26026670.216175076,26025261.871312324,MultiPolygon
Rüttenen,1683572,2555,1107,11,0.9989431463743593,0.007384917400722473,5.331,0.10574514352162506,8765587.692268481,8766235.023679243,MultiPolygon
Magliaso,1684704,5193,2105,21,0.998314303029976,0.057567095086868386,11.108,0.1687604568365925,1755649.058666061,1756659.734829055,MultiPolygon
Eschenbach (SG),2743488,3342,1726,17,0.9993887849082242,0.00018397704512818663,3.752,0.061140250323980946,54891727.67884562,54891828.667024225,MultiPolygon
Winterthur,1682243,230,110,1,0.9997967462287477,0.004283243937531875,12.627,0.02032787827696852,68070608.48568803,68073524.11589924,MultiPolygon
Bercher,1684849,5512,2223,22,0.9973924965107676,0.03839982896472807,9.428,0.26104061723951844,4268816.601758026,4267177.383484133,MultiPolygon
Saint-Martin (FR),1683395,2335,1007,10,0.9986737339119819,0.004262475456230184,3.384,0.13271178778518905,9783759.605935514,9783342.575583614,MultiPolygon
Güttingen,1684525,4656,2013,20,0.9986778243455858,0.001429542631797387,3.775,0.13230408500804944,9546367.2070065,9546230.737617487,MultiPolygon
Benken (SG),1683864,3312,1726,17,0.9990563585492189,0.02424060499619533,3.63,0.09442013167299339,16495443.313216446,16499441.908472374,MultiPolygon
Dully,1684950,5855,2228,22,0.9982312047870874,0.0468116257887258,13.229,0.17707752832323015,5754563.734534591,5757257.5393757755,MultiPolygon
Forel (Lavaux),1684977,5604,2226,22,0.9991983197264693,0.013264613132470305,9.968,0.08020549392351291,18508235.758285552,18510690.804156534,MultiPolygon
Liedertswil,1683668,2890,1305,13,0.9980241894869836,0.033782025478877785,10.623,0.19774302923909162,1944730.3270051198,1944073.3577105554,MultiPolygon
Terre di Pedemonte,2888313,5396,2104,21,0.9999966154630435,6.659719487980717e-05,0.017,0.00033845415542200884,11591013.873943152,11591006.154653054,MultiPolygon
Laupen,1682527,667,246,2,0.9999935256764496,3.527846787983825e-06,0.014,0.0006474344623243356,4138186.3209970095,4138186.4669858827,MultiPolygon
Echarlens,1683311,2131,1003,10,0.9989751355839577,0.010755930810461752,18.687,0.10254450039438032,5195261.683478826,5195820.482230923,MultiPolygon
Bedano,1684622,5148,2105,21,0.9968029993745109,0.06616178637196929,15.088,0.32010599244183957,1872834.4345800583,1871595.3338623508,MultiPolygon
Erschwil,1683501,2615,1110,11,0.9990448326154765,0.04096030546235569,3.553,0.09554280616447694,7429920.896554045,7426877.578259205,MultiPolygon
Mézières (FR),1683372,2087,1002,10,0.9999960818840863,2.455157416671096e-05,0.013,0.0003918124073277715,8926625.004439065,8926627.196066024,MultiPolygon
Schaffhausen,1683703,2939,1403,14,0.9979527906731291,0.0016629570219439558,23.811,0.20493240466288087,41845845.86024889,41846541.73868102,MultiPolygon
Quarten,1683920,3295,1725,17,0.9995266145066536,0.0009950201442548154,5.513,0.04734999224834648,73210401.47107047,73211129.9293128,MultiPolygon
Hergiswil (NW),1683080,1507,,7,0.9986534627057551,0.045910813606507284,47.307,0.1347135175007899,16993148.979022264,16985347.28606863,MultiPolygon
Frauenkappelen,1682444,663,246,2,0.999395076838739,0.01342074474166893,4.704,0.06050655777557535,9288071.166259628,9286824.63793698,MultiPolygon
Amden,1683858,3311,1726,17,0.99954152435719,0.00048023726862847873,3.75,0.04585818680044329,47618317.26937102,47618545.95027724,MultiPolygon
Gansingen,1684314,4164,1906,19,0.999995689369374,3.238275026035402e-05,0.015,0.000431063921820149,8772862.676094988,8772859.835200777,MultiPolygon
Orny,1685084,5493,2227,22,0.9984482153339391,0.03137635275220947,6.25,0.15527459830482085,5549574.910338116,5547833.656138,MultiPolygon
Künten,1684345,4031,1902,19,0.9982201351525625,0.08057763681392083,9.41,0.17821679429912415,4891175.1577484915,4895116.351103035,MultiPolygon
Leutwil,1684353,4138,1905,19,0.9978993487223182,0.06304068598169017,7.777,0.21021971367436343,3746032.1095764246,3743670.585237453,MultiPolygon
Walliswil bei Wangen,1682713,991,244,2,0.9983008646600092,0.03837254867503367,3.001,0.1700906375825929,3071812.6300695003,3072991.3628661796,MultiPolygon
Baulmes,1684843,5745,2224,22,0.9999969600668702,6.402204870876402e-05,0.013,0.00030399387228370974,22501924.998638745,22501939.40483213,MultiPolygon
Sion,2757528,6266,2312,23,0.9999979621895843,4.3945018719066195e-07,0.016,0.00020378124959295456,34863829.66818103,34863829.8213902,MultiPolygon
Langrickenbach,1684538,4681,2013,20,0.9982344995163159,0.011223786686827901,4.105,0.1766961191099144,10826300.991587393,10825085.870658023,MultiPolygon
Oensingen,1683565,2407,1101,11,0.9999959367659526,2.0484216228354323e-05,0.014,0.0004063242717909191,12105841.676709691,12105844.156496476,MultiPolygon
Titterten,1683716,2894,1305,13,0.9991044615310855,0.07672090253720555,9.66,0.08962833296126932,3711079.5228089946,3713926.696512767,MultiPolygon
Unterlunkhofen,1684448,4079,1903,19,0.9999923802230931,3.430296512692295e-05,0.015,0.0007619804628826597,4487647.534165759,4487645.99476959,MultiPolygon
Rechthalten,1683385,2301,1006,10,0.999995802953772,8.360704974575129e-05,0.015,0.0004197056788680079,7305729.349988037,7305735.458092809,MultiPolygon
Aeschi (SO),1683474,2511,1106,11,0.9981737919138811,0.03250717903839617,6.349,0.18281742237596718,5476719.0615910385,5478499.38846182,MultiPolygon
Cortaillod,1685476,6408,,24,0.999993202153851,7.312911455601734e-05,0.015,0.0006797866767831027,3697260.0312420833,3697257.3274685596,MultiPolygon
Mumpf,1684369,4255,1909,19,0.9999921635900845,4.752005160319414e-05,0.012,0.0007836438759182711,3136162.5138230193,3136161.0235169744,MultiPolygon
Dietwil,1684292,4231,1908,19,0.9974790787662873,0.06717817397206131,9.53,0.2523254942769976,5491952.143803347,5488262.75063772,MultiPolygon
Flumenthal,1683505,2545,1107,11,0.9984778262807925,0.010208659577442308,3.273,0.15234108639642635,3105947.717275366,3106264.792904476,MultiPolygon
Davos,1684068,3851,1849,18,0.9997281089309489,0.0006325988360430701,22.23,0.027192717634451226,284001810.4379151,284000013.8457679,MultiPolygon
Pieterlen,1682605,392,242,2,0.9989915902959742,0.01753987629961414,3.317,0.100882992406175,8354631.304577433,8353165.912581321,MultiPolygon
Küttigen,1684346,4008,1901,19,0.9999970846230319,5.669673331274864e-06,0.016,0.0002915381300630299,11894822.423323378,11894823.097720953,MultiPolygon
Mont-Vully,5817420,2284,1005,10,0.9995375441972987,0.0012631182547403388,2.966,0.046255983876116416,24336941.49937409,24336634.095023368,MultiPolygon
Mammern,1684541,4826,2012,20,0.9978957199226081,0.010931434779859086,4.013,0.2106611541743925,5455630.215619006,5456226.594277857,MultiPolygon
Vufflens-le-Château,1685199,5653,2227,22,0.9937154353509997,0.0007391649504333107,15.885,0.6304351474557867,2134530.101144495,2134514.323446131,MultiPolygon
Tolochenaz,1685164,5649,2227,22,0.9991783995446972,0.027690568445349197,7.74,0.08218243079971131,5600565.138752958,5599014.310429885,MultiPolygon
Avegno Gordevio,1684620,5324,2108,21,0.9948764160811474,0.08326834921369254,79.957,0.5134604545618607,27332305.65451448,27309546.494793925,MultiPolygon
Braunau,1684510,4723,2014,20,0.9984616534335453,0.004159891772220828,4.928,0.1539562753766785,9170493.235630974,9170874.718224555,MultiPolygon
Champéry,1685287,6151,2308,23,0.9979637409504751,0.11072561474030382,81.435,0.2039462817009468,38845518.49352269,38888530.4326737,MultiPolygon
Acquarossa,1684610,5048,2102,21,0.9969704465560183,0.0788329158160209,45.432,0.3032953548758763,61782519.66719171,61733814.70547345,MultiPolygon
Inwil,1682882,1033,313,3,0.9990105848797521,0.005453254280938816,3.133,0.09898778426381415,10317105.416156316,10316542.79816354,MultiPolygon
Bernex,1685451,6607,,25,0.9983952537420693,0.012850080293578066,5.987,0.16059317087896285,12954228.936182452,12952564.307362739,MultiPolygon
Commugny,1684914,5711,2228,22,0.9974536821424179,0.06003820609709838,14.601,0.2548798501371011,6528818.856711662,6524899.070990764,MultiPolygon
Wiesendangen,3411226,298,110,1,0.9991591216239731,0.020198068925106425,12.627,0.08411471066365776,19174516.670451887,19170643.788358733,MultiPolygon
Yvonand,1685207,5939,2224,22,0.9993708639676439,0.025505791328336386,12.894,0.0629253742394337,20826438.966450814,20821127.018386908,MultiPolygon
Benken (ZH),1682088,22,102,1,0.9976042701250588,0.05069188209770756,13.698,0.23992110259888924,5656994.136288582,5659861.773086424,MultiPolygon
Cornaux,1685474,6451,,24,0.9995644344296128,0.01445377604748607,3.807,0.04356919344259677,4727198.484408529,4727881.743090785,MultiPolygon
Hirschthal,1684328,4007,1901,19,0.997845331423679,0.07322586373458931,6.894,0.2156202640020699,3530060.2313570436,3527475.314262281,MultiPolygon
Essertines-sur-Yverdon,1684966,5520,2223,22,0.9977813983356386,0.024421022183600875,18.774,0.22207942907124933,9754557.249477975,9752175.086888168,MultiPolygon
Rottenschwil,1684407,4238,1908,19,0.9999944430554187,3.9365488024029994e-05,0.013,0.0005556961114747249,4493472.539747541,4493474.308624935,MultiPolygon
Boussens,1684865,5473,2223,22,0.9979555226709101,0.0462530530831539,13.0,0.2046096111053978,3156144.8304574704,3154685.0171136577,MultiPolygon
Ramsen,1683692,2963,1405,14,0.999995536709749,3.253069913291065e-07,0.014,0.00044633002037043786,13495841.202717196,13495841.158814281,MultiPolygon
Rolle,1685122,5861,2228,22,0.9995985452747087,0.00593137714009475,3.532,0.04015234161308526,13508743.002922919,13507941.74842853,MultiPolygon
Mandach,1684358,4105,1904,19,0.9999951651635761,3.2729163556486054e-05,0.015,0.00048348473205686414,5540921.474211058,5540919.660713806,MultiPolygon
Altdorf (UR),1683055,1201,,4,0.9988556123963745,0.01817015026089598,3.573,0.11449387620152067,10206103.64358301,10204249.17921519,MultiPolygon
Gampel-Bratsch,1685309,6118,2306,23,0.9979463785473393,0.008796153007544352,43.121,0.20558227133178078,23035414.308126554,23037440.53841502,MultiPolygon
Oulens-sous-Echallens,1685088,5529,2223,22,0.9983251818869202,0.024793666350753356,7.961,0.167642959481263,5867707.511827034,5869162.331649954,MultiPolygon
Kaisten,1684338,4169,1906,19,0.9999972299937273,2.35178577797321e-05,0.015,0.00027700097807258637,18089728.939951472,18089724.685634747,MultiPolygon
Trub,1682691,908,245,2,0.9994887356215029,0.0011595612440326545,4.608,0.051139214257791284,61987137.27765892,61986418.49883876,MultiPolygon
Pohlern,1682607,936,247,2,0.9996519661874622,0.005348125125443613,2.409,0.034808507858547846,9866380.414899455,9865852.748529514,MultiPolygon
Hinwil,1682138,117,105,1,0.9992785809262018,0.013955716942167,4.923,0.07216290326694598,22281571.7403876,22278462.187305246,MultiPolygon
Blatten,1685279,6192,2309,23,0.9993545050031779,0.010755576698242212,25.39,0.06457381205402239,90511427.38150449,90521162.40749718,MultiPolygon
Ringgenberg (BE),1682621,590,250,2,0.9990135239528967,0.025299743678651097,12.543,0.09870877042461504,8880529.281675553,8882776.032821124,MultiPolygon
Dürnten,1682112,113,105,1,0.9989267960104844,0.007005503331899378,7.601,0.10737425702500315,10217914.261902956,10217198.445578888,MultiPolygon
Montilliez,1868687,5540,2223,22,0.9987015719000121,0.02540029374689057,12.698,0.1299436614774049,11860795.61517334,11863808.292100312,MultiPolygon
Deitingen,1683493,2516,1106,11,0.998825726464215,0.02511776011034191,3.306,0.11748158377546665,7599334.767613554,7597425.984936643,MultiPolygon
Arlesheim,1683616,2763,1301,13,0.9987536679443948,0.017329730649448444,15.073,0.12472172720323323,6928282.71193,6929483.36466261,MultiPolygon
Eggerberg,1685295,6004,2301,23,0.9995303869723863,0.01396341124942089,2.941,0.046975611640936665,6047180.026961103,6048024.4195772605,MultiPolygon
Siglistorf,1684426,4319,1911,19,0.9996604972601474,0.005013582590462144,3.356,0.03395518686222245,5513011.504311459,5512735.104926469,MultiPolygon
Bardonnex,1685449,6605,,25,0.9982752442735309,0.003945543977069081,3.517,0.1726278456293295,4997033.955873444,4997231.116045722,MultiPolygon
Bettlach,1683481,2543,1107,11,0.9993659560391841,0.031046588550154935,3.094,0.06343434861565417,12192793.044167994,12196578.490457188,MultiPolygon
Boécourt,1685577,6702,2601,26,0.9981839844718947,0.04162302457945573,7.37,0.18180442667094476,12347074.202900022,12352213.428630339,MultiPolygon
Le Cerneux-Péquignot,1685503,6434,,24,0.9957047392129964,0.3368042225241839,23.54,0.429725639559793,15696307.759187244,15643441.93187391,MultiPolygon
Port-Valais,1685352,6154,2308,23,0.9995779213826809,0.009003114504541065,3.375,0.04221487071807969,15070281.678753857,15068924.884038161,MultiPolygon
Chavannes-sur-Moudon,1684894,5665,2222,22,0.9985412449922554,0.009420815196399661,5.335,0.14597510039817108,5148147.244696513,5147662.247258551,MultiPolygon
Oberdiessbach,3411235,619,246,2,0.9999967915456169,2.600275713274197e-05,0.014,0.0003208459114479123,16464047.765450545,16464043.48434419,MultiPolygon
Rain,1682907,1037,313,3,0.998713555247965,0.013029867995719967,4.071,0.12871888897045144,9423561.666638993,9422333.788993334,MultiPolygon
Stadel,1682210,100,104,1,0.9988821167719488,0.018690341617136293,3.987,0.11184038824250768,12885646.164937468,12883237.793649666,MultiPolygon
Abtwil,1684253,4221,1908,19,0.9999937470085809,0.00010384931631779635,0.017,0.0006253007720508189,4136312.8844301132,4136308.588897462,MultiPolygon
Thayngen,1683713,2920,1402,14,0.998438358967305,0.026935187046216075,22.155,0.1562650867086017,19924449.941625733,19919083.253766026,MultiPolygon
Serravalle,2569271,5050,2102,21,0.9960635413699858,0.045295857857049315,83.872,0.3943328478371397,96801021.42727794,96757174.57420807,MultiPolygon
Giornico,1684678,5073,2103,21,0.9913959968300979,0.17611255375415227,75.79,0.8633568430118272,25995542.59855818,25949761.18462561,MultiPolygon
Thal,1683948,3237,1722,17,0.9999958501928626,1.1261807855432097e-05,0.015,0.00041498155140093205,9685894.030494476,9685892.939687701,MultiPolygon
Ursenbach,1682701,344,244,2,0.9982075680644072,0.0016170319362110114,13.415,0.17940252775946527,9170471.193268493,9170322.903820597,MultiPolygon
Bofflens,1684857,5747,2224,22,0.997435195907522,0.009950574169650783,16.415,0.2567969655650396,4206756.872855468,4206338.276392697,MultiPolygon
Saint-Livres,1685137,5435,2227,22,0.9986765103719272,0.00821150560804559,5.48,0.1324420395613574,8123026.592561031,8123693.615345222,MultiPolygon
Lohn (SH),1683671,2917,1402,14,0.9973562897776228,0.050569124236229654,18.586,0.2647878785035877,4866151.003478914,4868611.773425385,MultiPolygon
Auswil,1682368,322,244,2,0.997768071783899,0.01263971575324401,6.053,0.22342805382976777,4623881.439549923,4623296.994079197,MultiPolygon
Ursins,1685169,5932,2224,22,0.9964503843220436,0.13606857867933042,11.583,0.35535075151497375,3361419.447033096,3356845.6113680676,MultiPolygon
Hettlingen,1682137,221,110,1,0.9980433967686786,0.004349198159595316,5.078,0.19585618438139837,5899754.701893052,5900011.293915967,MultiPolygon
Neckertal,1683910,3396,1727,17,0.9995037403940906,0.0036132208514506733,3.728,0.04963917409734856,81840278.76077221,81843235.83078928,MultiPolygon
Trun,1684193,3987,1850,18,0.999568856400941,0.0012975631704981276,3.412,0.043123376371781166,51901749.25356365,51901075.79558049,MultiPolygon
Grosswangen,1682846,1086,314,3,0.9992973478298336,0.001398928951640495,3.193,0.07029040334904449,19704274.943276267,19704550.59208316,MultiPolygon
Härkingen,1683529,2402,1101,11,0.9986358119786053,0.04107553249859471,3.073,0.13653995259805374,5508063.051782785,5510325.518011663,MultiPolygon
Degersheim,1683872,3401,1728,17,0.99856041848013,0.002965742854925523,4.737,0.14405971012066607,14477338.529598452,14476909.168965427,MultiPolygon
Klosters,5817235,3871,1849,18,0.9997478818223142,0.00436184581121713,8.685,0.025215546267864025,219803697.34176654,219813284.84013194,MultiPolygon
Trogen,1683949,3025,1502,15,0.9999960037783882,5.596171582699584e-06,0.016,0.0003996229485559134,10028370.945964022,10028370.384759177,MultiPolygon
Lützelflüh,1682544,955,245,2,0.9990158117950121,0.0039914909487003755,6.899,0.0984653105081302,26868192.422289487,26867119.980820872,MultiPolygon
Grosshöchstetten,1682459,608,246,2,0.9989452709838612,0.019075310453103355,3.984,0.10551848867795884,6930518.730775049,6929196.712811143,MultiPolygon
Démoret,1684951,5912,2224,22,0.9985057274448157,0.02974706154207893,3.301,0.14951673978992536,4278079.943990108,4276807.34091635,MultiPolygon
Lutzenberg,1683903,3033,1503,15,0.9980012358817953,0.030213198659954407,17.585,0.20010658928432673,2248142.5164359664,2248821.752200616,MultiPolygon
Rorschacherberg,1683928,3216,1722,17,0.9985543933201687,0.013066586693681801,10.964,0.14467468390034774,7100532.129920002,7101459.927106471,MultiPolygon
Sarmenstorf,1684413,4076,1903,19,0.9999954524714011,3.815358537045384e-05,0.015,0.00045475380708580673,8296568.817767515,8296565.652329048,MultiPolygon
Premier,1685108,5759,2224,22,0.9986455494003236,0.02822425311177773,4.378,0.13555597608235334,6120511.779440428,6122239.248176794,MultiPolygon
Isenthal,1683085,1211,,4,0.9995955962322928,0.00018292075242154864,6.425,0.04044859253925144,61670049.03382622,61670161.84114393,MultiPolygon
Kappel am Albis,1682151,6,101,1,0.9982650171013191,0.01373213421331094,7.001,0.1736370059770348,7914777.83167104,7913690.963756509,MultiPolygon
Grandson,1684995,5561,2224,22,0.9994435188628451,0.011874365257884208,3.417,0.05566029673784744,13793224.828992784,13791586.971095748,MultiPolygon
Vully-les-Lacs,1868690,5464,2222,22,0.9996116218576393,0.007496885676515143,7.855,0.03884681367614064,34720432.38981899,34723035.340941645,MultiPolygon
Villigen,1684451,4121,1904,19,0.9999962238113479,1.7606893492423783e-05,0.016,0.0003776195447721515,11214075.890707897,11214073.916257499,MultiPolygon
Mellikon,1684360,4314,1911,19,0.9999936482901008,7.922750376777589e-05,0.014,0.0006351727556611955,2701786.738671366,2701784.598113176,MultiPolygon
Vevey,1685178,5890,2230,22,0.999399563752256,0.007649632848232247,4.132,0.06005935912398578,8568652.88048636,8567997.410000963,MultiPolygon
Hünenberg,1683143,1703,,9,0.9989810078138243,0.013767433754798006,7.373,0.10194414430738134,18663642.307093117,18661072.802502256,MultiPolygon
Eichberg,1683876,3252,1723,17,0.9985261592798075,0.006455699641342216,7.08,0.14748800159389153,5437179.666933125,5436828.658944868,MultiPolygon
Alpthal,1683054,1361,506,5,0.9993359914517724,0.003248369224747135,5.163,0.06642182868121069,22876760.879698057,22876017.75803802,MultiPolygon
Arth,1683058,1362,506,5,0.9996382815543047,0.0008599498532088087,7.625,0.03617854332251994,48507494.9323589,48507912.072490364,MultiPolygon
Adligenswil,1682811,1051,312,3,0.9992956727907427,0.008614654186931796,3.025,0.07046056834129732,6989363.764936449,6989965.874454665,MultiPolygon
Zwingen,1683727,2793,1302,13,0.9988567989002511,0.023303784039335737,3.311,0.11437216471131022,4607294.643493554,4606220.969499778,MultiPolygon
Altikon,1682082,211,110,1,0.9988075480645302,0.023335427631204563,4.543,0.11930241155489517,7697242.407419468,7695446.2229878865,MultiPolygon
Stetten (AG),1684433,4041,1902,19,0.9960675163549075,0.13636683889835138,9.493,0.3937544507962847,4413021.569184593,4407003.6711707935,MultiPolygon
Diegten,1683640,2884,1305,13,0.9987180515626086,0.02199046091716707,3.417,0.1282629616723994,9638974.10709455,9636854.452260714,MultiPolygon
Leuzigen,1682533,388,243,2,0.9992501775213,0.009491257870340629,3.446,0.07500681038692407,10279894.208387148,10278918.517119031,MultiPolygon
Schwadernau,1682654,748,242,2,0.9990766373519189,0.0010914921967075627,2.565,0.0923794185818454,4146722.710643647,4146767.9717984525,MultiPolygon
Bellwald,1685273,6052,2304,23,0.9995158308996694,0.0074776679889952185,7.532,0.048426823190832274,13885523.867495729,13884485.554122385,MultiPolygon
Valbirse,4449080,717,241,2,0.9994462851936329,0.003460377889088044,7.794,0.05538585658980216,18683759.099661916,18683112.57099318,MultiPolygon
Guttet-Feschel,1685315,6117,2306,23,0.9959481506533768,0.02440739888375887,31.733,0.40595792729182284,11269552.444782386,11266801.840164773,MultiPolygon
Hofstetten bei Brienz,1682482,580,250,2,0.9989132873979806,0.004718380683942626,22.187,0.10873290467266145,8774275.841329401,8774689.845065854,MultiPolygon
Bätterkinden,1682401,533,245,2,0.9985245907472776,0.016823516932193274,9.36,0.14766226719618694,10187605.754886845,10189319.668466004,MultiPolygon
Coppet,1684917,5712,2228,22,0.9984160130874474,0.029200242105175567,11.115,0.15854738614828973,5859115.83154799,5860826.707556025,MultiPolygon
Chiasso,1684659,5250,2106,21,0.9999929442101416,2.5204223019074804e-05,0.118,0.0007055815641452185,5347478.522090476,5347479.869880889,MultiPolygon
Lussery-Villars,1685037,5487,2223,22,0.9978212227046587,0.05219597249335066,5.276,0.21817226562339948,3736914.508269876,3738865.0271387124,MultiPolygon
Sommeri,1684558,4446,2011,20,0.9985756414371977,0.015179578201791092,3.546,0.14254818672642772,4215774.249066024,4216414.185814972,MultiPolygon
Bülach,1682100,53,103,1,0.9986113801494462,0.025169564326398094,20.914,0.13897595291711518,16088757.84223347,16092807.31248789,MultiPolygon
Schwanden bei Brienz,1682655,592,250,2,0.9990080673192357,0.0020960557138059843,4.179,0.09924352909946271,7054928.656709637,7055076.53194485,MultiPolygon
Luins,1685035,5858,2228,22,0.9983571492483257,0.033725596497253846,3.809,0.16444785987340885,2666224.646216815,2667123.8463827083,MultiPolygon
Morbio Inferiore,1684722,5257,2106,21,0.9999608142327552,7.653776666848167e-06,0.201,0.003918653352509694,2263493.3198359897,2263493.146593266,MultiPolygon
Berolle,1684850,5424,2227,22,0.9990161024089419,0.03703391333028322,3.511,0.0984564134089439,9606063.786184194,9609621.28752122,MultiPolygon
Vuadens,1683425,2160,1003,10,0.9989311995332099,0.0013999434690042617,8.347,0.10693644541038383,10445944.431128439,10445798.1938116,MultiPolygon
Melide,1684711,5198,2105,21,0.9999949345360623,6.0973195981160324e-05,0.01,0.0005065475222954611,5187812.388506482,5187809.225331468,MultiPolygon
Saint-Barthélemy (VD),1685133,5535,2223,22,0.9982982866138134,0.0053633613958646315,7.961,0.1703116860046997,4123232.0366649725,4123010.892829656,MultiPolygon
Saillon,1685364,6140,2307,23,0.9990851518356209,0.005690821422974436,3.64,0.09152407863679066,13739951.963384386,13739170.047254547,MultiPolygon
Blenio,1684630,5049,2102,21,0.9999988966327484,1.9645483421780186e-06,0.402,0.00011033678478129374,201998779.42913422,201998775.46077055,MultiPolygon
Aubonne,1868681,5422,2227,22,0.9989472045285459,0.006586507967944263,5.837,0.10533152629948649,14334817.335938165,14333873.172052143,MultiPolygon
Ormont-Dessus,1685083,5411,2221,22,0.9971595853949223,0.16787784220248647,40.514,0.28468419241430626,61606598.173764996,61710022.00143347,MultiPolygon
Bedretto,1684624,5063,2103,21,0.9978872450343955,0.06172725114259631,57.544,0.21156419549078911,75184857.01370826,75231266.55921832,MultiPolygon
Habkern,1682467,579,250,2,0.9999983549305672,1.2524775563828368e-05,0.015,0.00016450708892314884,50958914.28524806,50958920.66773771,MultiPolygon
Raperswilen,1684549,4846,2013,20,0.9978468952012868,0.001164729009448721,3.953,0.21554126744829472,7685267.431502516,7685177.918963288,MultiPolygon
Ehrendingen,1684300,4049,1902,19,0.9999952422399243,3.2729251467387296e-05,0.014,0.00047577721725948187,7292168.2678440185,7292170.654516108,MultiPolygon
La Neuveville,1682521,723,241,2,0.9999943931755982,0.00022512028254492643,0.016,0.0005606846430359768,6784140.608228086,6784155.880704591,MultiPolygon
Heiligenschwendi,1682471,927,247,2,0.9987740666430206,0.017814179392878944,3.076,0.12267945361344099,5548707.824894427,5549696.281660341,MultiPolygon
Les Planchettes,1685511,6422,,24,0.9991485837644771,0.008358936718309734,9.319,0.08518144445195906,11730793.174034432,11731773.743612405,MultiPolygon
Etoy,1684968,5636,2227,22,0.9987163813015114,0.055768952168477534,4.774,0.1284084905836893,4917153.881646991,4914411.636450685,MultiPolygon
Montcherand,1685058,5756,2224,22,0.9999944150882197,6.221172012159804e-05,0.013,0.0005584925639417088,3073775.0826910855,3073773.170442734,MultiPolygon
Baden,1684261,4021,1902,19,0.9999955569642254,2.1313757947686846e-05,0.015,0.0004443045168960876,14722491.891136391,14722488.753220106,MultiPolygon
Zizers,1684212,3947,1845,18,0.9994435478866803,0.0069257319987095795,2.889,0.05565877013302232,11014551.57474252,11013788.736419594,MultiPolygon
Aarburg,1684252,4271,1910,19,0.9999942706276317,5.344035284897263e-05,0.013,0.0005729387250352947,4413002.53575288,4413000.177428754,MultiPolygon
Reitnau,1684399,4281,1910,19,0.9999957924829883,0.0001480121537492473,0.015,0.0004207522749004604,8018374.339249458,8018362.471080903,MultiPolygon
Chénens,1683294,2177,1004,10,0.9987056707280089,0.05961388196980755,17.594,0.12955535083686728,3940597.6180570195,3942946.761269953,MultiPolygon
Freimettigen,1682445,607,246,2,0.9987587854370047,0.014047550367603225,3.009,0.12420725824026763,2963419.4587508086,2963835.74659188,MultiPolygon
Turbenthal,1682219,228,110,1,0.9999964195650286,3.837102696734069e-05,0.016,0.00035804406926146496,25217843.949020978,25217834.272675276,MultiPolygon
Horrenbach-Buchen,1682484,932,247,2,0.998962959827265,0.004615873757670144,13.128,0.10376021245117127,20395594.90794324,20396536.342856318,MultiPolygon
Wartau,1683961,3276,1724,17,0.9986146338962859,0.08683621917624469,31.494,0.13857244717992637,41751706.56416608,41715450.960744195,MultiPolygon
Beckenried,1683061,1501,,7,0.9959995224966717,0.31712787844673085,31.421,0.4014851479554976,32956486.864140723,33061001.071743548,MultiPolygon
Gossau (SG),1683889,3443,1721,17,0.9999973635825283,4.644588216680052e-06,0.016,0.0002636420887724085,27506222.799693733,27506221.52214295,MultiPolygon
Bournens,1684864,5472,2223,22,0.9981403414655328,0.0013891411642308097,3.55,0.18613763800619654,3911418.3351804763,3911364.000058277,MultiPolygon
Zuzwil (BE),1682738,557,246,2,0.9980519226786856,0.05728571499976652,5.107,0.19505352030223544,3467142.22762907,3469128.4048442263,MultiPolygon
Waldkirch,1683957,3444,1721,17,0.999512458544635,0.009999521494936365,5.548,0.048768471452573986,31343072.47655567,31346206.63382514,MultiPolygon
Signau,1682664,907,245,2,0.9990051241692571,0.001564095103249741,10.398,0.09953631817286697,22125299.36083513,22124953.30011125,MultiPolygon
Burgdorf,1682397,404,245,2,0.9987800510425157,0.008726300036165927,11.089,0.1220640288704388,15563873.607479954,15562515.457171716,MultiPolygon
Bullet,1684871,5552,2224,22,0.9999973221452184,8.496297849826096e-06,0.016,0.00026778584796399,16824010.718478292,16824012.147896353,MultiPolygon
Ermatingen,1684517,4646,2013,20,0.9988666661682337,0.0178607527269178,8.134,0.11338751503235799,10478415.544031939,10476544.02014192,MultiPolygon
Thun,1682682,942,247,2,0.9993039570175507,0.023178138310550732,8.036,0.06962046117138973,21565798.89956202,21560800.348865304,MultiPolygon
Linden,1682536,614,246,2,0.9991351438484402,0.010659472794325763,8.184,0.08651841869363382,13233108.995933015,13231698.41627975,MultiPolygon
Embrach,1682118,56,103,1,0.9986730677369159,0.004471339627262687,4.141,0.13277835366675492,12695386.92075692,12694819.266890697,MultiPolygon
Böztal,13622957,4185,1906,19,0.9999969431847243,3.095303247772609e-05,0.016,0.00030568204221741873,22306020.03938152,22306026.943771146,MultiPolygon
Seehof,1682662,709,241,2,0.9994374501673916,0.0163125323806697,2.85,0.05627540042547896,8421267.867129544,8422641.589177232,MultiPolygon
Laconnex,1685501,6627,,25,0.9982553105781178,0.018386706901389795,2.989,0.17463732568212434,3831242.6089684837,3831947.048317676,MultiPolygon
Bretigny-sur-Morrens,1684868,5515,2223,22,0.9969863087245916,0.008853117965082709,9.461,0.3018372900268652,2867371.4540744186,2867625.305851745,MultiPolygon
Péry-La Heutte,1682611,450,241,2,0.9987969818567888,0.000666309187018795,6.621,0.12037381947453002,23783599.71909596,23783441.24678603,MultiPolygon
Mendrisio,2888450,5254,2106,21,0.9980648086825771,0.0551331449545137,22.735,0.1937599596298937,32067969.664685726,32085649.744884927,MultiPolygon
Uesslingen-Buch,1684565,4616,2012,20,0.9989951210819072,0.03680998534709901,3.988,0.10051990218555765,14027783.285944432,14022619.660972353,MultiPolygon
Collombey-Muraz,1685291,6152,2308,23,0.9987903696084154,0.009479692458046378,3.649,0.12103050678586996,29752274.726252664,29749454.302109342,MultiPolygon
Münchwilen (AG),1684378,4172,1906,19,0.9977971718482198,0.09616769048581301,7.08,0.22063174253274787,2460455.9426469766,2462822.106302441,MultiPolygon
Faido,1684675,5072,2103,21,0.9974548375763453,0.009092852531847773,66.554,0.25482896152108214,132681011.1124203,132668946.62374209,MultiPolygon
Mümliswil-Ramiswil,1683553,2428,1102,11,0.9993901810255551,0.008348612008956409,15.508,0.06100304342228569,35483873.981282145,35486836.39224659,MultiPolygon
Bovernier,1685282,6131,2307,23,0.9983105196933265,0.03331717641534405,32.185,0.16911903666497166,13069420.740947243,13073775.102911968,MultiPolygon
Aigle,1684831,5401,2221,22,0.9988822717751077,0.010687068957756231,7.132,0.11184129919684895,16408612.446694082,16410366.04642127,MultiPolygon
Randa,1685353,6287,2313,23,0.9976088079375773,0.029192098944271508,65.536,0.23937049469799918,54509925.00980941,54494012.4185661,MultiPolygon
Coeuve,1685584,6781,2603,26,0.9981361343098651,0.04401982044918343,11.445,0.18660149258981937,11622427.292019026,11627543.46364481,MultiPolygon
Lengnau (BE),1682531,387,242,2,0.9986350745222428,0.018201441586079628,9.098,0.1365981927580755,7406651.779021482,7407999.896418525,MultiPolygon
La Praz,1685011,5758,2224,22,0.9985129968471841,0.0596119917266826,3.665,0.14876660187471358,5122738.713263475,5119684.946685545,MultiPolygon
Fully,1685308,6133,2307,23,0.9994459241241622,0.004316421396051158,10.081,0.05542174569747599,37805371.88128226,37803740.04212152,MultiPolygon
Echichens,1868683,5634,2227,22,0.9989366697104493,0.038436765015782075,15.885,0.10641003895200205,13269362.994592547,13274463.30846587,MultiPolygon
Steckborn,1684559,4864,2012,20,0.9981724881583607,0.006748018319042089,7.075,0.1829121551870539,8785152.485007148,8784559.661308104,MultiPolygon
Hefenhofen,1684527,4416,2011,20,0.9984546756515216,0.024298215524984068,3.708,0.15463313971358406,6081994.359546723,6080516.543449023,MultiPolygon
Vuisternens-devant-Romont,1683428,2113,1002,10,0.9999966783791145,4.3852753177988625e-06,0.015,0.0003321626475982668,24018581.43867328,24018582.491954204,MultiPolygon
Kriegstetten,1683536,2525,1106,11,0.9986043367673907,0.02065751994082099,3.083,0.13967821060291274,5371903.922621545,5373013.624745563,MultiPolygon
Dägerlen,1682107,214,110,1,0.9986458033003102,0.015157843420864457,6.686,0.1355216948356004,7953976.503981599,7955182.1552858045,MultiPolygon
Vaux-sur-Morges,1685177,5650,2227,22,0.9954129869873724,0.0894156581853722,12.281,0.4595502072591656,2105680.2951944447,2103797.487299217,MultiPolygon
Vordemwald,1684454,4287,1910,19,0.9999956526038897,8.690333341646301e-05,0.015,0.00043474074477262603,10139851.906469898,10139860.718339209,MultiPolygon
Rapperswil-Jona,1683921,3340,1726,17,0.9996232049723051,0.019727575632578848,5.805,0.037682885505235596,31368738.52396129,31362550.23234399,MultiPolygon
Wisen (SO),1683589,2502,1105,11,0.9989981946482048,0.022407593716031658,3.461,0.10024197067458099,4792777.683428752,4793851.629579768,MultiPolygon
Corsier-sur-Vevey,1684925,5884,2230,22,0.9983281919616386,0.006966472808842028,4.509,0.16732649602924282,6743608.0549093,6744077.84653078,MultiPolygon
Holziken,1684330,4136,1905,19,0.9999934615670026,5.1300262864852376e-05,0.015,0.0006538452694976701,2860438.8537280033,2860437.3863153523,MultiPolygon
Erlinsbach (SO),1683500,2503,1105,11,0.9991425490067402,0.03431966936648865,3.448,0.08579659623141514,8866566.235987458,8869609.21220381,MultiPolygon
La Rippe,1685012,5726,2228,22,0.9993025515219365,0.002793502531717524,6.923,0.0697682035082301,16591832.883674398,16591369.390402734,MultiPolygon
Bönigen,1682403,572,250,2,0.9982432275183826,0.05061385441243443,21.478,0.17587619390379156,15078215.208959756,15085846.874853613,MultiPolygon
Ogens,1685075,5680,2223,22,0.9980415090174984,0.04138767911629097,3.468,0.1960816390091386,3401005.0345655964,3402412.6316160313,MultiPolygon
Cama,1684055,3831,1847,18,0.9975155232843993,0.07500866120655385,65.787,0.24884998118820384,14992760.140969299,15004006.00962895,MultiPolygon
Niederweningen,1682173,91,104,1,0.9989920387933923,0.07931161347935575,3.661,0.10080695389550583,6844619.990465003,6839191.411914035,MultiPolygon
Steinach,1683946,3217,1722,17,0.9987863837395886,0.003949053404209073,3.851,0.12143771174970999,4507101.047881134,4507279.035708496,MultiPolygon
La Côte-aux-Fées,1685497,6504,,24,0.9928651152458899,0.003847616859269494,13.039,0.7160566925518376,12827401.878495673,12827895.427772956,MultiPolygon
Bubikon,1682095,112,105,1,0.9999960557572337,1.2330228290275351e-06,0.014,0.00039442505215643825,11612585.156381976,11612585.01319615,MultiPolygon
Teuffenthal (BE),1682680,940,247,2,0.9984127702996413,0.028562157564964153,4.299,0.15887172034486868,4530767.275644461,4532061.360532632,MultiPolygon
Le Vaud,1685024,5731,2228,22,0.9999886100830251,0.00020601176244852993,0.016,0.0011389970110687268,3108464.6093852865,3108458.2055825596,MultiPolygon
Reinach (BL),1683694,2773,1301,13,0.9982850532054768,0.011969423067194746,15.073,0.17163158550912042,6972776.228597898,6971941.627511568,MultiPolygon
Presinge,1685525,6635,,25,0.9980443413195594,0.008903002361783229,5.183,0.19574857112325433,4707487.097284466,4707067.989597014,MultiPolygon
Olten,1683566,2581,1108,11,0.9991871766996324,0.008531257288983445,7.365,0.08131884616566461,11485847.82118418,11486827.708413627,MultiPolygon
Seedorf (UR),1683105,1214,,4,0.9990873415590003,0.005984374835130802,3.592,0.09130477829316846,25458760.783455525,25457237.235781863,MultiPolygon
Uerkheim,1684442,4286,1910,19,0.9999953478803,5.4399510464987546e-05,0.015,0.0004652129255889707,7092758.593680389,7092754.735254436,MultiPolygon
Flaach,1682123,28,102,1,0.9989561607509847,0.010477359964883111,4.654,0.10443296217425742,10173584.588999858,10172518.665921137,MultiPolygon
Teufen (AR),1683947,3024,1502,15,0.9979755852442137,0.09544579481755991,23.117,0.2025498871311731,15250058.355252938,15235502.815845625,MultiPolygon
Münsterlingen,1684546,4691,2013,20,0.9984527356742029,0.05623234398370394,6.042,0.15480268976959755,5453727.620392453,5450660.86151702,MultiPolygon
Stettlen,1682675,358,246,2,0.9979512692456682,0.0471757106919885,5.105,0.2050347807989774,3502966.667973007,3501314.1185520873,MultiPolygon
Chêne-Pâquier,1684908,5908,2224,22,0.9977302426916866,0.02103977474250756,3.3,0.22725751812902747,2108458.0489170207,2108901.663741053,MultiPolygon
Bürchen,1685284,6193,2309,23,0.9959159307115801,0.11850050099473267,81.784,0.4094850937180124,13455816.71791455,13471761.928138211,MultiPolygon
Château-d'Oex,1684905,5841,2230,22,0.9999988164827025,4.7075280911565535e-06,0.015,0.00011835179693327732,113664408.16745831,113664402.81667437,MultiPolygon
Haute-Sorne,2759181,6729,2601,26,0.9992649973437557,0.00965782239448917,10.547,0.07352373643261666,71045378.45387766,71038517.01740709,MultiPolygon
Herznach-Ueken,15073595,4186,1906,19,0.9994829963266892,0.029028667326462455,8.308,0.05170622952230594,11367765.620817065,11364465.709952546,MultiPolygon
Tannay,1685161,5729,2228,22,0.9977869696627493,0.005382686248594875,6.896,0.22155414276883947,3512783.6327795736,3512972.714901118,MultiPolygon
Wallisellen,1682229,69,103,1,0.998506918066659,0.023748578080728094,7.159,0.14943748382433228,6419052.8544289125,6420577.28820809,MultiPolygon
Vérossaz,1685402,6220,2310,23,0.9991021124676918,0.05107321964284925,13.519,0.08985202073902643,14289575.798284747,14296873.944718236,MultiPolygon
Itingen,1683660,2849,1304,13,0.9981107928028626,0.012831079784517911,4.125,0.18911147537809334,3129350.631128868,3129752.1606050855,MultiPolygon
Engelberg,1683067,1402,,6,0.9995040293160863,0.00019648944250791366,23.068,0.04960941952680083,74866354.47378954,74866501.57827207,MultiPolygon
Oppligen,1682600,622,246,2,0.9988113751606195,0.01603160942595935,2.832,0.11894270084697295,3400991.9048583675,3401537.138597163,MultiPolygon
Chigny,1684904,5628,2227,22,0.9971423562264997,0.09129592285125504,4.401,0.28630390024178687,892271.0029940237,893085.6100405413,MultiPolygon
Champvent,1684885,5905,2224,22,0.9999947614403006,2.1901384670179833e-05,0.015,0.0005238572848431449,9032759.045306085,9032757.06700678,MultiPolygon
Soazza,1684171,3823,1847,18,0.9988888607024498,0.0239836630860745,83.511,0.11118902759944456,46416720.45554062,46427852.88539028,MultiPolygon
Nesslau,1683911,3360,1727,17,0.9995937601683691,0.0012498450872987675,12.018,0.040631982459757,92701669.61532621,92700510.98806268,MultiPolygon
Balm bei Günsberg,1683477,2541,1107,11,0.9980262672400891,0.05744148827500555,6.518,0.19751150638284412,5467520.09721387,5464379.472298295,MultiPolygon
Rüegsau,1682635,956,245,2,0.9985667731495345,0.009265260635639223,17.396,0.14341882128921277,15061915.770641316,15060520.244888445,MultiPolygon
Hauenstein-Ifenthal,1683517,2491,1105,11,0.9987023656014782,0.006276148696810755,3.232,0.12985176198187617,5354773.557399703,5355109.630950543,MultiPolygon
Broc,1683278,2124,1003,10,0.9991416541420053,0.004448320641339601,11.26,0.08587334941524354,10032792.72543842,10033239.016228128,MultiPolygon
Ausserberg,1685269,6191,2309,23,0.9977158698905312,0.09020926466853804,28.088,0.22877731437158264,15094831.455888527,15108448.392347839,MultiPolygon
Niederhelfenschwil,1683913,3423,1728,17,0.9986944357438134,0.007332469621234581,4.523,0.13063691655782206,16371717.989031527,16370517.537783507,MultiPolygon
Buch (SH),1683633,2961,1405,14,0.9982671957969668,0.03461160083835152,5.374,0.1734606945774503,3796852.908033382,3798167.05960633,MultiPolygon
Diessenhofen,1684513,4545,2012,20,0.9983671351035569,0.056495364680423876,8.872,0.16346607329966392,10084615.681682449,10090313.022088435,MultiPolygon
Avully,1685447,6603,,25,0.9999937617905528,7.293265761798935e-05,0.016,0.0006238226630001679,4618283.3071424365,4618279.938905684,MultiPolygon
Rohrbachgraben,1682625,339,244,2,0.9981031150508367,0.016666729323794247,13.415,0.18985275189622167,6464294.641513943,6463217.255023349,MultiPolygon
Huttwil,1682485,954,244,2,0.9992949133941738,0.00034546780068113355,5.222,0.07053364854035418,17235335.87017048,17235395.412706252,MultiPolygon
Hausen am Albis,1682133,4,101,1,0.9987280190238351,0.0007860221745461218,3.739,0.1272795460996111,13602526.893526403,13602633.812404085,MultiPolygon
Staufen,1684431,4210,1907,19,0.9999928074860359,4.1282022518915046e-05,0.011,0.0007192541315832743,3577861.822982003,3577863.2999957264,MultiPolygon
Känerkinden,1683662,2850,1304,13,0.9967931224790731,0.03451980518651779,2.809,0.32125822036901736,1479374.3225668722,1479884.9997010017,MultiPolygon
Gempen,1683507,2474,1104,11,0.9986149365066805,0.016763282703634946,3.418,0.13861395300034415,5986659.4014960565,5987662.962136033,MultiPolygon
Grandcour,1684993,5817,2222,22,0.9996776814798911,0.0033620474552179406,3.139,0.03223650539707606,10197449.854451723,10197107.011348395,MultiPolygon
Safnern,1682642,746,242,2,0.9990974472906136,0.020174901749442448,10.85,0.09030512796377153,5619266.152128048,5620399.83355328,MultiPolygon
Romainmôtier-Envy,1685123,5761,2224,22,0.9963185886537186,0.0338416409224074,22.615,0.3688824311121025,6976654.923583442,6979015.938091077,MultiPolygon
Schleinikon,1682203,98,104,1,0.9975342786394745,0.025896516048646505,3.892,0.24684453417639873,5679366.808371435,5677896.0502344435,MultiPolygon
Albula/Alvra,4449887,3542,1841,18,0.9994087419250255,0.0004657450074575619,7.634,0.059143429699916567,93925077.79232915,93925515.24368972,MultiPolygon
Trüllikon,1682218,40,102,1,0.9988072417727856,0.0025662031559270412,7.007,0.11934853012224825,9556225.128605958,9556470.360756796,MultiPolygon
Dorénaz,1685294,6212,2310,23,0.9989877978864896,0.007525608903054741,10.081,0.10126765429922038,12580862.441097073,12579915.654593125,MultiPolygon
Corminboeuf,1683297,2183,1004,10,0.999565081332862,0.0013559844189722566,2.687,0.04350162141885263,7234034.875132932,7234132.967518702,MultiPolygon
Gottlieben,1684524,4651,2013,20,0.9963436236341086,0.015007329162380992,6.058,0.36627982882205923,324288.76871149684,324240.1016285397,MultiPolygon
Wittnau,1684463,4181,1906,19,0.9997160551204307,0.01294887887424356,3.317,0.028400358409164394,11246704.151567962,11248160.473665893,MultiPolygon
Rapperswil (BE),5817396,310,243,2,0.9994054137729339,0.007869904731951457,3.463,0.05947396423834775,22581565.533248864,22579788.385554414,MultiPolygon
Wäldi,1684573,4701,2013,20,0.9986587417143611,5.0506892887164305e-05,13.774,0.13421580372192027,12210134.32429393,12210128.157334466,MultiPolygon
Speicher,1683940,3023,1502,15,0.9999951256161812,1.1736719070883514e-05,0.015,0.0004874395986599945,8178703.58815644,8178704.548067904,MultiPolygon
Andermatt,1683057,1202,,4,0.9991769696220439,0.018663204559903303,52.076,0.08232923733499581,62262578.496094495,62250958.3037055,MultiPolygon
Dardagny,1685479,6620,,25,0.9980391963714453,0.07389448476333246,11.597,0.1963453064371404,8598317.85991702,8604671.54259792,MultiPolygon
Versoix,1685541,6644,,25,0.9990839443640108,0.018161516766664953,10.118,0.09165586301393819,15150183.060972255,15152934.564009054,MultiPolygon
Etagnières,1684967,5521,2223,22,0.998199824054459,0.0012026669837073357,13.0,0.18017868871873002,3780783.284241095,3780737.81400881,MultiPolygon
Hasle bei Burgdorf,1682469,406,245,2,0.9990626726576987,0.0018981693646467905,6.899,0.0937775739753429,21885979.99161764,21886395.424584992,MultiPolygon
Paradiso,1684735,5210,2105,21,0.9999930392917291,0.0003187351176146661,0.013,0.0006960721403759996,2200511.4807230653,2200504.466920209,MultiPolygon
Rickenbach (ZH),1682195,225,110,1,0.9988272722849254,0.01140533963025632,3.482,0.11734826796948278,6025082.987586671,6025770.16876441,MultiPolygon
Wegenstetten,1684457,4262,1909,19,0.9999966347040491,6.541734228679673e-06,0.015,0.00033653015043678096,7119128.328526954,7119127.8628124995,MultiPolygon
Jens,1682499,738,243,2,0.998927879303936,0.027684419033176186,3.387,0.10725472409181296,4582305.966884975,4581037.382099721,MultiPolygon
Hallwil,1684321,4197,1907,19,0.999993561114003,0.0001472559978553983,0.014,0.0006438901988342958,2180091.0224884166,2180087.8121736273,MultiPolygon
Bürglen (TG),1684512,4911,2015,20,0.998777393984149,0.02221257031223025,7.432,0.12234897249103896,11709705.10301301,11712306.129492372,MultiPolygon
Sils im Domleschg,1684168,3640,1851,18,0.9986592641723131,0.002263906482851597,3.586,0.13416200302043044,9282414.210208649,9282204.065031579,MultiPolygon
Merenschwand,1684365,4234,1908,19,0.9999963704983054,1.6913378456514597e-05,0.015,0.00036295079770913254,13506159.368691036,13506157.084343188,MultiPolygon
Biberist,1683482,2513,1106,11,0.9989365192378383,0.010526238143865583,3.425,0.10641025607203221,12249163.666073497,12250453.04221162,MultiPolygon
Illgau,1683082,1363,506,5,0.9993549284277211,0.009151441290820076,6.335,0.06453092242678563,10956177.24499007,10957179.893118363,MultiPolygon
Hohenrain,1682874,1032,313,3,0.9985525812070382,0.010576465469438306,19.497,0.14483904638783698,23522997.33232052,23520509.43063029,MultiPolygon
Mesocco,1684118,3822,1847,18,0.9991966709742229,0.006710939569853409,106.712,0.08036248579008412,164771551.00635603,164760493.28713968,MultiPolygon
Ernen,1685300,6056,2304,23,0.9974984452526656,0.0931906472816341,66.297,0.250352048658292,35402724.07425697,35369732.04653684,MultiPolygon
Confignon,1685472,6618,,25,0.9969160342079039,0.19484738193647874,8.683,0.30857194053375,2772048.9884109595,2766647.723531044,MultiPolygon
Kesswil,1684535,4426,2011,20,0.9981593873175794,0.021120666650421997,3.775,0.18425027241949954,4472400.000208979,4473344.600904296,MultiPolygon
Ormont-Dessous,1685082,5410,2221,22,0.9991989230330873,0.04327317315814886,14.091,0.0801224562479322,64107400.09744465,64079658.7911933,MultiPolygon
Dompierre (VD),1684946,5671,2222,22,0.9995220099138793,0.005400575395202097,2.778,0.047811726088359534,3211444.0606204714,3211617.49707824,MultiPolygon
Brusino Arsizio,1684638,5160,2105,21,0.9999387117021733,0.0053219500285277945,1.101,0.00612918069285648,6193891.71505979,6194221.350881686,MultiPolygon
Grandval,1682456,694,241,2,0.9990968306104053,0.0177177501685133,6.044,0.09034973845393832,8245697.250296359,8244236.2982578995,MultiPolygon
Tavannes,1682679,713,241,2,0.9987813563888563,0.008952229309494502,6.319,0.12193320288506568,14774789.69793257,14773467.024878815,MultiPolygon
Sâles,1683407,2152,1003,10,0.9996324218826156,0.006509395451899529,3.213,0.03676576523935375,18817076.266166452,18818301.144073103,MultiPolygon
Neuheim,1683145,1705,,9,0.9983160797081175,0.014001357033317906,3.781,0.16854572655736574,7926997.386339438,7928107.273545521,MultiPolygon
Oberentfelden,1684384,4010,1901,19,0.999995251855811,7.808003941658062e-05,0.015,0.0004748157314505525,7159927.80680841,7159933.397282864,MultiPolygon
Stettfurt,1684560,4606,2012,20,0.9987908088312548,0.0350666006575451,4.247,0.12097105432781262,6365540.282722971,6363308.104132334,MultiPolygon
Bosco/Gurin,1684633,5304,2108,21,0.9952397590316526,0.10695289052148581,39.034,0.47741496273266465,22000278.884752724,22023808.818942755,MultiPolygon
Airolo,1684612,5061,2103,21,0.9972458560009787,0.04186830229901071,73.312,0.2757364531843089,94347406.27652639,94307904.61925526,MultiPolygon
Muttenz,1683677,2770,1301,13,0.9999979512672647,3.274314870837177e-05,0.01,0.0002048735168897733,16650839.03060611,16650844.482615095,MultiPolygon
Lignerolle,1685030,5755,2224,22,0.9967256648919287,0.22727005502864622,21.712,0.32759776407721053,10638386.613454359,10614208.7463438,MultiPolygon
Valeyres-sous-Rances,1685171,5763,2224,22,0.9980759582438588,0.061448145343787876,9.251,0.19264862200927235,6343990.06566407,6347888.329900214,MultiPolygon
Oberweningen,1682180,93,104,1,0.9968624031992868,0.04094466753577987,3.892,0.3143170140289894,4944588.121983383,4946612.667150943,MultiPolygon
Epalinges,1684959,5584,2225,22,0.9988049474240761,0.017900086589418544,8.77,0.11958740998557316,4574087.560638443,4574906.326272473,MultiPolygon
Meltingen,1683549,2620,1110,11,0.9991178103165633,0.05770978680286321,3.444,0.08828336516988147,5755259.143316743,5758580.491098303,MultiPolygon
Belfaux,5817647,2175,1004,10,0.9999915156075537,0.00031399535327140504,1.391,0.0008484415119595379,8880122.360570565,8880094.477398988,MultiPolygon
Seltisberg,1683706,2833,1303,13,0.9983959785101552,0.022753257823501703,8.004,0.16051263348398503,3563360.0230310685,3562549.2425378487,MultiPolygon
Schinznach,3411171,4125,1904,19,0.9999962529676797,5.332998687284335e-05,0.015,0.0003747038342231441,12240672.38055999,12240665.852611016,MultiPolygon
Orsières,1685351,6034,2303,23,0.9980993143742805,0.08707385471312032,64.958,0.19033219341571606,164928207.09326252,165071816.44068787,MultiPolygon
Givrins,1684987,5720,2228,22,0.9964226755103246,0.034035243575036386,10.765,0.35843444468083324,3960613.219152376,3961961.2235085797,MultiPolygon
Givisiez,1683324,2197,1004,10,0.9989080429327317,0.01920302942048104,2.932,0.10926584797608697,3456098.3921825048,3456762.0677735563,MultiPolygon
Burg im Leimental,1683636,2783,1302,13,0.9990371519124074,0.057612119787095156,3.382,0.09635893412668277,2842514.984545814,2844152.6176836765,MultiPolygon
Wangen (SZ),1683120,1349,505,5,0.9991128321740953,0.0007315314746723022,3.501,0.0887564780318665,10996362.949820226,10996443.391676273,MultiPolygon
Bubendorf,1683632,2823,1303,13,0.9993821110424258,0.011871845809505144,3.621,0.061804322120314975,10800604.065499555,10799321.834438404,MultiPolygon
Seegräben,1682208,119,105,1,0.9994114322291465,0.04341722273153507,4.885,0.05888688353519981,3772489.155704532,3774127.065723787,MultiPolygon
Kammersrohr,1683531,2549,1107,11,0.9969987235385179,0.05268436622646652,3.361,0.30065788503897084,950414.8169495005,950915.5369723327,MultiPolygon
Essertines-sur-Rolle,1684965,5856,2228,22,0.9974536062173215,0.02300582182879049,16.772,0.25493466935537984,6949610.784271005,6948011.969196181,MultiPolygon
Herbligen,1682476,610,246,2,0.9989057861522724,0.06682296768699575,2.907,0.10944470341944267,2758041.4061867627,2756198.4010691126,MultiPolygon
Mervelier,1685615,6715,2601,26,0.999668508370139,0.008738966399783426,7.269,0.033153209544760566,9738118.895978326,9737267.885040035,MultiPolygon
Basadingen-Schlattingen,1684501,4536,2012,20,0.9987873379487181,0.039273462435012035,12.534,0.12131595003388478,15634169.369643563,15628029.29000915,MultiPolygon
Hermance,1685492,6625,,25,0.9961956665610011,0.12129143533443916,18.662,0.3813895268966975,4905721.358373899,4911671.578222979,MultiPolygon
Saulcy,1685628,6722,2601,26,0.9984391234234733,0.03603245062993207,5.25,0.15618142651371814,7857954.099687533,7855122.686256041,MultiPolygon
Böttstein,1684287,4303,1911,19,0.999995174188436,2.4117804879721144e-05,0.015,0.00048258226270995184,7429104.323173626,7429102.531436741,MultiPolygon
Wildberg,1682241,182,108,1,0.997099126341483,0.05586521665238934,12.33,0.29042758374756167,10566246.103383834,10560343.247106154,MultiPolygon
Hallau,1683654,2971,1406,14,0.9994606062715502,0.033618650676826525,3.603,0.05396299333969053,15323334.029631881,15328485.527771346,MultiPolygon
Wädenswil,1682244,293,106,1,0.9992526518130971,0.011847413456601648,8.768,0.0747671843218104,35640256.653811954,35644479.102374725,MultiPolygon
Kriechenwil,1682517,666,246,2,0.9999933690636517,0.00010324733721312687,0.014,0.0006630954908422276,4765233.466004449,4765228.546027783,MultiPolygon
Innertkirchen,3411258,784,250,2,0.99861053772672,0.023912981198231327,83.695,0.1390262000655376,236589721.1232112,236533145.46768206,MultiPolygon
Saint-Gingolph,1685365,6155,2308,23,0.9982220378772688,0.052650739217971636,48.496,0.17790756321749532,24333595.97582024,24320784.157660656,MultiPolygon
Eschenz,1684518,4806,2012,20,0.9813476339914955,1.54249286979944,291.542,1.8973168962282756,12021183.899583966,12206609.804100526,MultiPolygon
Lohn-Ammannsegg,1683541,2526,1106,11,0.9983682777601195,0.036416668120577166,3.425,0.16327572335895307,4478012.458422526,4476381.715487144,MultiPolygon
Oetwil an der Limmat,1682183,246,111,1,0.9972538749371114,0.02784974404150852,7.339,0.2750283768882309,2765139.2087199036,2765909.2929119235,MultiPolygon
Brienz (BE),1682391,573,250,2,0.9976468286122299,0.14900575969728802,87.03,0.23541881113685967,48070324.37099354,47998696.81897559,MultiPolygon
Orpund,1682601,744,242,2,0.9985676311158621,0.01661748871177837,10.85,0.14335145568297328,3969100.0354751325,3969759.600225487,MultiPolygon
Cottens (FR),1683300,2186,1004,10,0.9984630723260051,0.012162878655500555,5.449,0.15382031948476194,4969863.220499501,4970467.698932354,MultiPolygon
Liestal,1683670,2829,1303,13,0.9990333753345654,0.0027242181799158444,9.134,0.09671052458087906,18179249.814748622,18179745.05717705,MultiPolygon
Fehraltorf,1682120,172,108,1,0.9999955479009993,4.043131904803961e-05,0.015,0.00044521098103075314,9470566.719166476,9470570.548241522,MultiPolygon
Gerzensee,1682451,866,246,2,0.998971561919699,0.013509939539426436,7.317,0.10290367012493318,7809211.700142579,7810266.719921774,MultiPolygon
Zeneggen,1685405,6299,2313,23,0.9999959201064188,6.845051772894531e-05,0.014,0.0004079903301014332,7558706.852048519,7558712.026022493,MultiPolygon
Valeyres-sous-Montagny,1685170,5933,2224,22,0.9999887342259358,4.2898846940810895e-05,0.016,0.001126583993925726,2279510.212136465,2279511.190020062,MultiPolygon
Dachsen,1682101,25,102,1,0.9948768251699104,0.11035567367281546,16.831,0.5133497876595868,2703356.2255808874,2700372.9186063716,MultiPolygon
Bussy-sur-Moudon,1684878,5663,2222,22,0.9980273048637934,0.0072568533054555625,6.733,0.19745711718836828,3119629.8663164913,3119403.4793534195,MultiPolygon
Islisberg,1684334,4084,1903,19,0.9976963363721174,0.0730864514182083,3.217,0.23054773170033696,1659884.644287944,1658671.4935037983,MultiPolygon
Zielebach,1682736,556,245,2,0.9978231596139336,0.02611462272013164,2.969,0.21794968312545435,1915041.695956759,1915541.8018705912,MultiPolygon
Rheinfelden,1684403,4258,1909,19,0.9995547797971935,0.0017180836456320893,3.708,0.044532316086879874,16023835.720014082,16024111.02291499,MultiPolygon
Eriz,1682430,924,247,2,0.9990341966844303,0.002658636284150034,18.077,0.09662827737199503,21775935.70559289,21776514.64852077,MultiPolygon
Villars-Sainte-Croix,1685185,5651,2229,22,0.9974960243882572,0.01355167616661508,4.218,0.2507284366528225,1650994.8814850873,1651218.6189649536,MultiPolygon
Avenches,1868682,5451,2222,22,0.9995449439454833,0.014911924530999973,7.855,0.045512567955254574,21096184.93488514,21093039.08770873,MultiPolygon
Rothenthurm,1683098,1370,506,5,0.9990846657305795,0.000240304003232189,3.532,0.09157544799428445,22747475.74453733,22747530.40763218,MultiPolygon
Quinto,1684746,5079,2103,21,0.9979690691762714,0.02482870506078491,51.946,0.2033247643294303,92027266.08504258,92050115.26351434,MultiPolygon
Ried-Brig,1685358,6008,2301,23,0.9953801000696949,0.17441035736750948,85.282,0.46265582563972824,47605571.42849185,47522542.381236576,MultiPolygon
Buchs (AG),1684283,4003,1901,19,0.9999933652761945,0.00010898267284863753,0.016,0.0006634749429811064,5321595.439143814,5321601.238760762,MultiPolygon
Bulle,1683280,2125,1003,10,0.9990171940527014,0.005092040451898446,8.347,0.09833141732501845,23856293.399600193,23857508.171710424,MultiPolygon
Greppen,1682840,1056,312,3,0.9994323875967182,0.0031623001719283976,3.41,0.05677825182857508,5247185.5799486935,5247351.51170731,MultiPolygon
Bühl,1682405,734,243,2,0.9983043445845301,0.062139836684962986,2.823,0.16976215448066218,2969225.0182894445,2971070.0898666186,MultiPolygon
Ruswil,1682914,1098,314,3,0.9994914465259652,0.004581222235183599,3.65,0.050867116829679614,45252554.77042832,45250481.65032719,MultiPolygon
Gaiserwald,1683882,3442,1721,17,0.9999958286710686,1.6661408287326167e-05,0.015,0.00041713379787373765,12632851.261824569,12632853.366635496,MultiPolygon
Anniviers,1685266,6252,2311,23,0.9993535786198802,0.0021120265519929218,53.982,0.06466235494663902,243383343.74869046,243378203.42784736,MultiPolygon
Corbières,1683296,2129,1003,10,0.9988207656212704,0.033541385124335334,7.391,0.11801279682378994,10756874.366586152,10760482.37124479,MultiPolygon
Porrentruy,1685622,6800,2603,26,0.9983737134229018,0.015927211069995145,8.641,0.1627480440847208,14761515.834927788,14759164.737143628,MultiPolygon
Trin,1684192,3734,1844,18,0.9996615183942422,0.007617284871198272,3.526,0.033855179408841585,47168589.02925609,47172181.995052174,MultiPolygon
Ueberstorf,1683413,2308,1006,10,0.9993326469510674,0.00595724210832356,12.242,0.0667595687859742,16109558.148182306,16110517.833563775,MultiPolygon
Boncourt,1685574,6774,2603,26,0.9977349749991529,0.07092421992650383,12.258,0.22667889420038786,9020525.69429155,9014127.956809605,MultiPolygon
Yens,1685205,5655,2227,22,0.9989375752960653,0.0016476165655163542,8.143,0.10629981340166904,9514784.127074447,9514940.894233897,MultiPolygon
Beinwil am See,1684264,4131,1905,19,0.9999956556799368,9.470283819013927e-05,0.016,0.0004344331557094778,5761875.385279692,5761880.841939215,MultiPolygon
Bannwil,1682370,323,244,2,0.9981326188499927,0.04089061137821074,5.582,0.18695084842428505,4775692.068417484,4777644.878101801,MultiPolygon
Muri (AG),1684371,4236,1908,19,0.9999845531229967,0.0005662077642555711,0.29,0.001544704003879945,12340102.297316544,12340172.167933868,MultiPolygon
Schmerikon,1683933,3338,1726,17,0.998639353880651,0.0020648670254365758,5.805,0.13615583711393286,5976603.408165079,5976479.999252062,MultiPolygon
Lauterbrunnen,1682529,584,250,2,0.9982536062479156,0.01454992214873404,84.285,0.1747792869892587,164664507.0578296,164640548.50024608,MultiPolygon
Bellikon,1684265,4022,1902,19,0.9999945425719875,9.786459582256643e-05,0.015,0.0005457440234232165,4941146.806792932,4941141.97115958,MultiPolygon
Gams,1683883,3272,1724,17,0.999168661952896,0.020451368825317402,38.319,0.08315987069226277,22273478.73462271,22268923.503336463,MultiPolygon
Siblingen,1683707,2953,1404,14,0.9999968475829577,1.0708794943845484e-05,0.014,0.00031524218417163554,9420890.937743051,9420889.928879159,MultiPolygon
Möriken-Wildegg,1684375,4203,1907,19,0.9999874197237211,0.00046663367005936774,0.126,0.001258032605874721,6608795.281116994,6608764.442253027,MultiPolygon
La Sonnaz,1683346,2235,1004,10,0.9996097583329592,0.0020405976073913437,3.131,0.03903138437724828,6958392.0511176875,6958250.0583359795,MultiPolygon
Reigoldswil,1683693,2893,1305,13,0.998986236218842,0.02705581764598076,9.66,0.10141406896678123,9252347.02633139,9249843.728191972,MultiPolygon
Morrens (VD),1685065,5527,2223,22,0.9971760685147691,0.014089805496103825,9.998,0.2827725193108105,3667665.7411089796,3667148.97413981,MultiPolygon
Arni (AG),1684256,4061,1903,19,0.9999917992891019,9.597963749165611e-05,0.016,0.0008200748458543027,3372858.5296009425,3372861.7668583323,MultiPolygon
Thürnen,1683715,2864,1304,13,0.9984276867621159,0.0014537768456654044,3.404,0.1573561732819,2259984.6346205254,2260017.489753859,MultiPolygon
Chexbres,1684903,5601,2226,22,0.9966871363229532,0.03562019134011576,3.669,0.331895131787086,2145693.2438859604,2146457.5439250045,MultiPolygon
Fürstenau,1684084,3633,1851,18,0.9968621773577373,0.0019279433573661715,6.494,0.3142723048310835,1317425.696081553,1317400.296860357,MultiPolygon
Savièse,1685372,6265,2312,23,0.9959303186602031,0.01570930320819644,101.947,0.40776590670145785,70974731.06851983,70963581.43281507,MultiPolygon
Agarn,1685264,6101,2306,23,0.9976398148791922,0.018701068025042667,17.264,0.23631945990868827,7646450.274360548,7647880.242227857,MultiPolygon
Unterschächen,1683118,1219,,4,0.9996751525827968,0.00048040765152138895,9.807,0.03249009691183691,80276485.92446826,80276871.57884902,MultiPolygon
Villars-Epeney,1685183,5935,2224,22,0.9909209183834046,0.12883715117778213,11.146,0.9114609141691346,864476.4633209585,863362.6964730134,MultiPolygon
Grône,1685314,6238,2311,23,0.9989004074200256,0.023066413680765837,56.691,0.11000705764096481,20728138.14030394,20723356.902212176,MultiPolygon
Hüniken,1683530,2524,1106,11,0.9971244446292977,0.031077498415133117,3.171,0.287924826426935,1019192.2955164665,1018875.5560469802,MultiPolygon
Sils im Engadin/Segl,1684169,3789,1846,18,0.9990787189769581,0.01510064234491682,26.654,0.09216360062490934,63579600.38264229,63569999.45458418,MultiPolygon
Meierskappel,1682897,1064,312,3,0.9979087663863128,0.050292731234734926,11.776,0.20939489511525278,9231841.600255985,9236484.545540018,MultiPolygon
Sonceboz-Sombeval,1682667,444,241,2,0.9987284458849706,0.035766573842118184,6.115,0.12721355139323354,14966047.899646735,14960695.05707346,MultiPolygon
Chêne-Bougeries,1685465,6612,,25,0.9978289025392443,0.009277725914845544,3.422,0.21735576777689455,4140265.4286260176,4140649.5511046327,MultiPolygon
Vallon,1683416,2045,1001,10,0.999179265602074,0.008041095135822279,3.139,0.0821104350234822,3511348.24289178,3511630.593744541,MultiPolygon
Roches (BE),1682622,704,241,2,0.9993905660930162,0.023233252257253555,3.279,0.060969048567020984,9063930.047534978,9066035.893267343,MultiPolygon
Bellevue,1685450,6606,,25,0.9986510630204551,0.004086591266442437,5.544,0.13498749904622892,6346902.319654189,6347161.691610074,MultiPolygon
Champoz,1682408,683,241,2,0.9988552198025402,0.017044999700568275,7.794,0.11453382138221965,7173739.093650385,7172516.329843353,MultiPolygon
Bäretswil,1682099,111,105,1,0.9982982054243127,0.017848326225741847,17.378,0.17030918610121204,22191943.87097457,22187982.980436645,MultiPolygon
Sullens,1685157,5501,2223,22,0.9982177685559178,0.0003011375061343812,14.337,0.1783818349173513,3906544.6375676035,3906532.873496506,MultiPolygon
Chavornay,1684895,5749,2224,22,0.9988624694044933,0.0005934441666737672,18.774,0.11381745744068013,19283184.08403829,19283069.649107195,MultiPolygon
Chêne-Bourg,1685466,6613,,25,0.9957924791674557,0.04843740217598464,3.598,0.4215369954100604,1280732.5463030215,1280112.19272877,MultiPolygon
Bursinel,1684872,5852,2228,22,0.9993626462165974,0.03664754851458837,7.476,0.06374401335750865,7707024.13784368,7704199.702433732,MultiPolygon
Trient,1685383,6142,2307,23,0.996531252606988,0.28337089212306477,65.145,0.34796971985205877,39555212.49450918,39667300.45303605,MultiPolygon
Buchs (SG),1683869,3271,1724,17,0.999995424121429,1.7862416732190188e-06,0.016,0.00045758890815878286,15950064.465655755,15950064.750562454,MultiPolygon
La Tour-de-Peilz,1685014,5889,2230,22,0.9994526144995942,0.013245479375689439,13.237,0.05475716187043981,11327965.714926913,11329466.15828937,MultiPolygon
Tübach,1683950,3218,1722,17,0.9957502540617044,0.11872360880359084,22.253,0.42613234351476664,1989282.4062399876,1991644.1541019706,MultiPolygon
Stalden (VS),1685379,6293,2313,23,0.999603997535418,0.008998289444049805,9.839,0.039606306883629455,10428263.055043878,10427324.689750198,MultiPolygon
Thierachern,1682681,941,247,2,0.9989470260454583,0.019327722114037937,2.987,0.10536304351857546,7525838.26694196,7527292.840048946,MultiPolygon
Romont (BE),1682626,442,241,2,0.9980778024330071,0.03177723129748233,4.767,0.19243524703945714,7019095.6583739575,7021326.1326363105,MultiPolygon
Köniz,1682518,355,246,2,0.9996948865707754,0.0004803912191111906,8.672,0.03051607164066654,51012246.27366108,51012491.33201285,MultiPolygon
Churwalden,1684064,3911,1848,18,0.9994965304474416,0.003478652345365023,3.967,0.05035875660814815,48529199.087655894,48527510.925533645,MultiPolygon
Gilly,1684984,5857,2228,22,0.9984162115648404,0.049289982269528625,17.242,0.15846529881787372,7760320.916470543,7756495.855666756,MultiPolygon
Brusio,1684052,3551,1842,18,0.9980500907208685,0.04880518896840391,36.809,0.1952288500317767,46297904.49343398,46320500.273210414,MultiPolygon
Krattigen,1682515,566,249,2,0.9992110885581924,0.002127263434753209,7.018,0.07892311496579454,5998282.430243764,5998410.029512616,MultiPolygon
Thusis,1684187,3668,1851,18,0.9986068213138725,0.013580067493389678,3.718,0.1394244499289804,16771835.898149313,16774113.524784163,MultiPolygon
Riva San Vitale,1684747,5263,2106,21,0.99999591905964,4.381606784228437e-05,0.014,0.0004080947791793112,7707707.333586938,7707703.956372663,MultiPolygon
Lüscherz,1682542,497,243,2,0.9983774323155478,0.036174015958404894,6.613,0.16241788284444567,5420783.20931284,5422744.124296048,MultiPolygon
Rebstein,1683922,3255,1723,17,0.9987819013454514,0.011546963256306914,3.341,0.12189113583939853,4393678.198683022,4394185.535090224,MultiPolygon
Hausen (AG),1684323,4100,1904,19,0.9973560463866772,0.13795346605923708,8.883,0.26456273585049606,3203685.900054014,3199266.3043132382,MultiPolygon
Delémont,1685596,6711,2601,26,0.9998525904960482,0.0031812252026887653,8.251,0.014741802464688895,21966649.183949593,21965950.375369567,MultiPolygon
Pfäffikon,1682189,177,108,1,0.9999956704272321,3.1007416701824884e-05,0.015,0.00043295814732231493,19524572.1668573,19524566.112791847,MultiPolygon
Rubigen,1682627,623,246,2,0.9993075895355612,0.028653663999895176,2.763,0.06927494984231095,6918544.063585497,6920526.479955162,MultiPolygon
Marchissy,1685041,5430,2228,22,0.9999961599982444,5.440075151874534e-05,0.016,0.00038400101733670973,11979299.115671225,11979305.63249997,MultiPolygon
Disentis/Mustér,1684070,3982,1850,18,0.9994880283944638,0.009036131677111849,33.614,0.05120795594181541,90986027.60130213,90977805.9840403,MultiPolygon
Oberkirch,1682903,1095,314,3,0.9990815605669332,0.012866284125332575,4.175,0.09189205039944713,10954968.161987534,10956377.659317095,MultiPolygon
Birrhard,1684274,4093,1904,19,0.9999919211206435,4.5403741445531333e-05,0.015,0.0008078910157540082,2995890.449721054,2995889.0894747004,MultiPolygon
Gletterens,1683325,2022,1001,10,0.9999952982835717,0.000215165455732852,0.015,0.00047017325363726977,7108709.872270387,7108725.16775838,MultiPolygon
Kleinlützel,1683535,2619,1110,11,0.9988366132728254,0.04592160024922692,9.363,0.11637965770187461,16319252.515343552,16311758.453439794,MultiPolygon
Crans (VD),1684928,5713,2228,22,0.9980290268486229,0.03753348697311511,20.76,0.19732876873786365,8854737.908905447,8858061.400804989,MultiPolygon
Rorbas,1682197,68,103,1,0.9977734147824224,0.001492573060920692,11.566,0.22290501859675727,4436142.339961614,4436076.127296104,MultiPolygon
Reiden,1682908,1140,315,3,0.999474707501759,0.004094434555659167,4.48,0.05254412572951228,27032863.87309136,27033970.716011163,MultiPolygon
Coinsins,1684910,5710,2228,22,0.9999919312224251,8.511735909016361e-06,0.014,0.0008068810469603334,2908159.2727271444,2908159.5202619815,MultiPolygon
Martigny,1685332,6136,2307,23,0.9991338518772493,0.00843636621152544,3.731,0.08665599430978124,32590138.37535182,32592887.798774008,MultiPolygon
Oberriet (SG),1683917,3254,1723,17,0.9992603088235941,0.018476997824715097,3.468,0.07400332107858662,34602089.992227174,34608483.419642344,MultiPolygon
Kemmental,1684534,4666,2013,20,0.9990673454010044,0.005243640439575418,7.197,0.0933114188141023,25041205.731861826,25042518.80265214,MultiPolygon
Lauerz,1683089,1365,506,5,0.9990677519847359,0.011738070608406278,3.636,0.09326280216097978,9186163.21416215,9185084.935837869,MultiPolygon
Froideville,1684980,5523,2223,22,0.9992127596547723,0.003659773671777963,4.502,0.07875647522086333,7084096.0085035805,7084355.270384183,MultiPolygon
Mauborget,1685045,5562,2224,22,0.9934936887928892,0.25383215299210776,16.884,0.6519261825340071,5517706.348137497,5503700.635318237,MultiPolygon
Binn,1685275,6054,2304,23,0.9965342380755933,0.06556458129073417,124.92,0.34706399741997135,65083758.7312062,65041086.837305814,MultiPolygon
Courtételle,1685594,6710,2601,26,0.9989136373362133,0.08309779188112967,6.89,0.10874046934109464,13556410.346349021,13567675.424005182,MultiPolygon
Schnottwil,1683573,2461,1103,11,0.9991341856193491,0.005270010618340799,3.212,0.08662121843878974,7165408.512719187,7165786.130508655,MultiPolygon
Oberwil-Lieli,1684393,4074,1903,19,0.9997638596645994,0.018843194567313617,3.502,0.023614596900153474,5349508.619735047,5348500.601417435,MultiPolygon
Ronco sopra Ascona,1684748,5125,2104,21,0.9999951826170974,0.0002541298271251698,0.017,0.0004817400627229311,8908459.040228743,8908481.679280302,MultiPolygon
Lengwil,1684539,4683,2013,20,0.9982882602364435,0.0014702034582401318,9.296,0.17132186388184945,8886320.543837564,8886451.19082951,MultiPolygon
Steg-Hohtenn,1685381,6204,2309,23,0.9981405503336747,0.014635028776665641,37.164,0.1861316243756107,14026259.289437132,14028312.03652043,MultiPolygon
Lax,1685325,6061,2304,23,0.9999939073274656,7.512751292326473e-05,0.014,0.0006092693383996718,5419314.84034337,5419318.911739827,MultiPolygon
Wohlenschwil,1684466,4046,1902,19,0.9999946307454711,9.27916254870346e-05,0.015,0.000536927143457154,4389722.748967946,4389726.822263039,MultiPolygon
Häggenschwil,1683897,3201,1721,17,0.9980817996538213,0.01516666516741942,10.144,0.19201874618196565,9071366.221907575,9072742.045648562,MultiPolygon
Eggersriet,1683875,3212,1721,17,0.999213317049111,0.004445361173950025,9.658,0.07870100000112794,8902692.290038513,8903088.04686501,MultiPolygon
Belprahon,1682376,681,241,2,0.9987683972315812,0.017725195078836475,6.044,0.12322524391788828,3814942.8227929673,3814266.616735481,MultiPolygon
Icogne,1685317,6239,2311,23,0.9978739820024679,0.11178479741859226,48.555,0.2129469925680376,24825406.713381153,24853157.743984047,MultiPolygon
Weiach,1682233,102,104,1,0.9990112165499772,0.0056977667086392835,3.594,0.09893007213998091,9578078.951892097,9578624.688485945,MultiPolygon
Landiswil,1682523,613,246,2,0.9992320576013907,0.0022472141678954206,7.506,0.07682287476681669,10257703.014926484,10257472.502371032,MultiPolygon
Heimiswil,1682474,407,245,2,0.9993392374433958,0.006810428972984993,11.089,0.0661003440149038,23360452.549121127,23362043.496149752,MultiPolygon
Lonay,1685031,5638,2227,22,0.9984067531851177,0.05279871367257369,5.8,0.15940961022389283,3715953.263409971,3713991.2878862163,MultiPolygon
Gsteigwiler,1682461,577,250,2,0.9999963330319527,2.695216293261581e-05,0.013,0.00036669742759736683,7018305.89578204,7018304.0041968,MultiPolygon
Yverdon-les-Bains,1868691,5938,2224,22,0.9983023334539013,0.01728550644192535,17.775,0.16989619564072275,15025613.192536034,15023015.9391997,MultiPolygon
Courchapoix,1685587,6706,2601,26,0.9999954381485793,8.518445517437535e-05,0.014,0.0004561859883081572,6391615.594635494,6391610.149972573,MultiPolygon
Kirchdorf (BE),1682510,872,246,2,0.9991888466845653,0.005368147441979168,5.53,0.08114606529813165,14620838.397907412,14620053.529744959,MultiPolygon
Ballaigues,1684840,5744,2224,22,0.9970312864764996,0.06566966332145409,14.378,0.2972150483078409,9058963.690845443,9053014.699889252,MultiPolygon
Wauwil,1682928,1146,315,3,0.9983468982481363,0.03877270046875085,3.066,0.1654148513670344,2964521.510556394,2963372.085510774,MultiPolygon
Obergoms,1685350,6076,2304,23,0.9979017565848882,0.04902669062230287,133.389,0.2099932149860756,155980791.9318194,155904319.71152878,MultiPolygon
Ried bei Kerzers,1683388,2276,1005,10,0.9973864697500731,0.1015016000523124,12.593,0.2618278111964012,7551084.471453713,7558748.9430135405,MultiPolygon
Teufenthal (AG),1684437,4145,1905,19,0.999993842701618,0.00010008533402025097,0.015,0.0006157314257046326,3573254.2377199912,3573250.661416552,MultiPolygon
Leuk,1685328,6110,2306,23,0.9991962533704758,0.01474446766080954,43.121,0.08041290416093362,54299309.23727688,54307315.381367415,MultiPolygon
Oberuzwil,1683918,3407,1728,17,0.9987934539232831,0.0010051678669094153,3.8,0.12072683252386633,14076122.120960878,14075980.632304411,MultiPolygon
Eiken,1684301,4161,1906,19,0.9999960412184465,8.783787557481466e-05,0.014,0.00039587876518410847,7083983.782956335,7083977.560535474,MultiPolygon
Crémines,1682417,691,241,2,0.9986587315666152,0.027488523843382125,6.307,0.134235300868993,9478824.153293584,9481429.742131034,MultiPolygon
Stabio,1684761,5266,2106,21,0.9909965082230899,0.041167045231391385,22.48,0.9046068112608564,6149303.148980347,6151834.635389104,MultiPolygon
Hittnau,1682140,173,108,1,0.9982397076566172,0.014336636845254703,16.006,0.17619693172923687,12955438.002792023,12957295.376890196,MultiPolygon
Chevilly,1684901,5476,2227,22,0.9976692932484038,0.05498842400610387,18.333,0.23340675745806197,3885345.3796734805,3887481.869864957,MultiPolygon
Feuerthalen,1682121,27,102,1,0.9974392488052263,0.0545568778137521,6.86,0.25647335499746504,2481590.613624491,2482944.4919834035,MultiPolygon
Rheineck,1683925,3235,1723,17,0.9987688907697692,0.03567755145913511,6.194,0.1231647761879799,2205210.0190489436,2204423.2541096155,MultiPolygon
Lovatens,1685033,5674,2222,22,0.9973727071868098,0.03724131144066227,3.217,0.2631238549404507,3468624.099815278,3469915.860918996,MultiPolygon
Knonau,1682155,7,101,1,0.9983017560356742,0.028090738907043132,3.613,0.1699925933443007,6466002.9202264305,6467819.268224473,MultiPolygon
Niederried bei Interlaken,1682577,588,250,2,0.9969903554782285,0.08459394461586037,21.641,0.30129054204091177,4149427.2969450364,4145917.1327155833,MultiPolygon
Chardonne,1684888,5882,2230,22,0.9980571045810577,0.015827998329462002,18.749,0.1944938585802971,15363830.560930718,15366262.347775243,MultiPolygon
Wald (ZH),1682228,120,105,1,0.998994365544716,0.014131524691771022,7.666,0.10060692685041597,25264900.59716452,25261330.28149828,MultiPolygon
Dierikon,1682823,1053,312,3,0.9981342216632905,0.005337966369848277,3.237,0.18674706825710535,2775304.908105083,2775156.7632624274,MultiPolygon
Merishausen,1683676,2936,1403,14,0.9973001801065133,0.026657788003542023,23.361,0.27031089910688105,17565698.768080562,17561016.141341627,MultiPolygon
Willisau,1682932,1151,315,3,0.9992157127670156,1.2362235142623048e-05,3.546,0.07845948583744283,47218952.52944058,47218946.69212264,MultiPolygon
Schongau,1682918,1041,313,3,0.99958416580052,0.004606241616047763,3.593,0.04159302556570853,12429135.544928897,12429708.060942883,MultiPolygon
Lostorf,1683543,2493,1105,11,0.9991474237924272,0.012808885929505421,4.006,0.0852885179624317,13247021.521782449,13245324.725906666,MultiPolygon
Wyssachen,1682734,960,244,2,0.9999968054116005,9.04780050544083e-07,0.014,0.0003194593518084517,11692008.9289856,11692009.034772564,MultiPolygon
Hellikon,1684324,4251,1909,19,0.9999958906772227,1.7754492347979135e-05,0.015,0.0004109331586007246,7044085.1517391,7044086.402380659,MultiPolygon
Daillens,1684940,5480,2223,22,0.9979277046973084,0.018645380549607488,4.46,0.20742513396722786,5520686.9038859885,5519657.550803807,MultiPolygon
Sauge,3411230,449,241,2,0.9986761023693828,0.0014718384911373995,10.801,0.1324764814300218,13457899.012856063,13457700.934318293,MultiPolygon
Corsier (GE),1685475,6619,,25,0.9987604657775377,0.0015043134185118569,3.609,0.12403122504424688,4292730.659268474,4292795.235391802,MultiPolygon
Aeschi bei Spiez,1682360,562,249,2,0.9990559491185951,0.021880528944091423,27.34,0.09443933774438143,30996956.653381694,30990174.355309363,MultiPolygon
Schupfart,1684421,4259,1909,19,0.9998670974612885,0.0059445826639017004,2.133,0.01329074203273422,7046625.399849093,7046206.507377183,MultiPolygon
Ettiswil,1682834,1128,315,3,0.9990384222557622,0.0032832846903907194,3.378,0.09620244892381848,12582490.724018307,12582077.605026696,MultiPolygon
Samnaun,1684151,3752,1843,18,0.999527367745283,0.001045986832671151,5.638,0.04727414993217476,56285712.784771755,56285124.04362735,MultiPolygon
Mägenwil,1684372,4032,1902,19,0.9990358925601971,0.07836372015364347,8.532,0.09649503529378411,3477907.876558028,3480633.2945536156,MultiPolygon
Ennetbaden,1684304,4026,1902,19,0.999990054625795,0.00013439442511011993,0.014,0.0009945416976787176,2108803.9234629753,2108801.0893480657,MultiPolygon
Bière,1684855,5425,2227,22,0.9994135899283164,0.003484000669813081,3.55,0.058659227875888675,25055410.606563766,25056283.537237123,MultiPolygon
Zell (LU),1682934,1150,315,3,0.9990660889214197,0.01587928879902245,3.546,0.09342731934041484,13906069.440795919,13903861.255868822,MultiPolygon
Egolzwil,1682827,1127,315,3,0.9982274549004791,0.0060563379731791035,3.254,0.17740637278441737,4180489.119012918,4180235.9344629385,MultiPolygon
Santa Maria in Calanca,1684153,3810,1847,18,0.9987053509223062,0.007417461202776788,3.234,0.12955357248072233,9312894.53156545,9313585.311904185,MultiPolygon
Vals,1684202,3603,1850,18,0.9997513131080749,0.0035668999022770457,3.74,0.024871338259950717,175560027.3606491,175553765.31020474,MultiPolygon
Nottwil,1682902,1094,314,3,0.9994159256166545,0.013119182783887868,3.641,0.05842833287008727,14834107.392368427,14836053.50603159,MultiPolygon
Egg,1682113,192,109,1,0.9990488884284939,0.010344948675610637,5.188,0.09516133127222652,14528066.940606097,14529569.86167466,MultiPolygon
Urtenen-Schönbühl,1682702,551,246,2,0.999044151025355,0.011621439213863966,3.172,0.09562504484455042,7189469.754698523,7188634.234841182,MultiPolygon
Bleienbach,1682383,324,244,2,0.9986076095320239,0.00018956670677313186,3.549,0.1393361839601953,5694234.462615481,5694245.256988227,MultiPolygon
Prez,10523738,2237,1004,10,0.9999958724364961,1.6770320115798988e-05,0.016,0.0004127571675099404,16045806.658886079,16045803.967952937,MultiPolygon
Hochwald,1683523,2475,1104,11,0.9990954789963792,0.0075714340900171,11.78,0.09048960097389928,8348650.710983976,8348018.598397988,MultiPolygon
Grellingen,1683651,2786,1302,13,0.9982104379166341,0.027042987593538268,3.407,0.17914069758920553,3293820.03826008,3294710.78560438,MultiPolygon
Denges,1684943,5632,2227,22,0.9999890241510875,0.0002320245821000319,0.016,0.0010975921880599076,1657578.4254900555,1657582.2714794702,MultiPolygon
Amlikon-Bissegg,1684498,4881,2015,20,0.9986147260335871,0.033352967750597415,5.062,0.1386002948323097,14457449.303323828,14452627.314920131,MultiPolygon
Amriswil,1684499,4461,2011,20,0.9999967351574575,2.8111813044590792e-05,0.016,0.0003264848327537004,19021204.78193663,19021210.129142158,MultiPolygon
Bünzen,1684289,4229,1908,19,0.999994507984533,4.2877306495636315e-05,0.015,0.0005492029372906009,5774901.2727388935,5774898.796616775,MultiPolygon
Vendlincourt,1685634,6806,2603,26,0.996029424529112,0.2646497156212266,10.945,0.3983738396214383,9151025.123749489,9175243.285715919,MultiPolygon
Echandens,1684953,5633,2227,22,0.9979796564081669,0.022512679149172647,8.384,0.20221589029886383,3880892.0419884827,3880018.349214944,MultiPolygon
Fideris,1684077,3861,1849,18,0.9993312719532199,8.368498233854813e-05,3.638,0.06689514402620646,25355436.74380453,25355415.52511177,MultiPolygon
Attinghausen,1683059,1203,,4,0.9993782018979442,0.0016325311001491832,3.592,0.06219965557176133,46890505.41335398,46891270.91543787,MultiPolygon
Renan (BE),1682618,441,241,2,0.9985576666133086,0.03700026942888815,4.683,0.14431072739726936,12632930.34845907,12628256.130193377,MultiPolygon
Emmetten,1683066,1504,,7,0.9950356221385966,0.44735078059034733,54.477,0.4965599325525731,28618876.520715006,28490849.7532034,MultiPolygon
Münchwilen (TG),1684545,4746,2014,20,0.9980979845959699,0.021068809957535337,4.708,0.19036254004431297,7814575.463560956,7812929.02550755,MultiPolygon
Genève,1685488,6621,,25,0.9990406463931473,0.028593308101211693,7.328,0.09596767860789705,18296128.080926716,18290896.612653945,MultiPolygon
Männedorf,1682167,155,107,1,0.9993806188181417,0.033296322584625504,3.123,0.06194699102844252,4766946.317536449,4765359.099713126,MultiPolygon
Henggart,1682135,31,102,1,0.9972852890577907,0.01532143834259856,6.686,0.2718192529330783,3032983.046066004,3032518.3494386594,MultiPolygon
Lalden,1685324,6286,2313,23,0.9973602429150941,0.02391282961806555,3.182,0.26435618858222487,1301134.9146850486,1301446.0528602984,MultiPolygon
Hüntwangen,1682147,61,103,1,0.998428621340555,0.011788137293856178,3.44,0.15725215547139987,4908567.135936027,4907988.507302882,MultiPolygon
Soubey,1685629,6759,2602,26,0.9986133280586451,0.0727000955712611,12.805,0.13871296323120968,13489317.145621965,13479510.399165187,MultiPolygon
Arbedo-Castione,1684616,5001,2101,21,0.9948914726653563,0.05816223600240326,33.104,0.5120119853896452,21388407.987000287,21375968.01066973,MultiPolygon
Provence,1685110,5566,2224,22,0.9999980829035923,1.4565781817652873e-05,0.015,0.00019170983853439985,31863367.85630493,31863372.49745357,MultiPolygon
Chéserex,1684907,5709,2228,22,0.997554828716713,0.10612220015389941,14.572,0.24468653509512445,10580673.41874056,10569444.975317493,MultiPolygon
Maienfeld,1684110,3953,1845,18,0.9986962160143247,0.018817645283447433,23.623,0.13047572171803543,32326605.630575377,32332688.736555118,MultiPolygon
Romanel-sur-Morges,1685126,5645,2227,22,0.9986620700601831,0.09798520121073134,2.926,0.1339481492686129,1757512.3189975703,1759234.4209796435,MultiPolygon
Hägendorf,1683528,2579,1108,11,0.9994636919530188,0.00540281880213817,2.936,0.053643740695433144,13937300.660587506,13936547.653486906,MultiPolygon
Stäfa,1682214,158,107,1,0.9997157003031238,0.008783867599109596,3.123,0.028435260380588297,8591611.20049152,8592365.876244001,MultiPolygon
Mutrux,1685068,5563,2224,22,0.9991280347482443,0.03190652111154729,3.151,0.08724847468342056,3232732.1384234633,3233763.590785689,MultiPolygon
Uznach,1683953,3339,1726,17,0.998222445172046,0.0052579254507544885,3.807,0.1779182856746327,7535446.4956825245,7535842.703841649,MultiPolygon
Lully (FR),1683355,2025,1001,10,0.9999397459035684,0.0003514568277384556,0.726,0.006025580587719815,5520288.576909039,5520269.175477925,MultiPolygon
Gonten,1683888,3102,,16,0.9993768512045202,0.01395118569659797,11.601,0.062329953133414176,24726323.23936869,24722873.624097623,MultiPolygon
Welschenrohr-Gänsbrunnen,1683587,2430,1102,11,0.999344482129385,0.002984883654022736,6.518,0.06557425793275046,24460775.847484864,24461505.973184783,MultiPolygon
Onsernone,6155156,5136,2104,21,0.9965349627763717,0.010576183335780798,86.727,0.3470867331535744,105391039.10190251,105379892.75238761,MultiPolygon
Klingnau,1684342,4309,1911,19,0.9999951754211549,5.314424516587276e-05,0.013,0.0004824591767733011,6711998.434374945,6712002.001415849,MultiPolygon
Ettingen,1683646,2768,1301,13,0.9990923179820266,0.0018971331036141453,10.285,0.09080855344609269,6321551.307410704,6321431.379168189,MultiPolygon
Metzerlen-Mariastein,1683551,2477,1104,11,0.9999970502735223,0.00010457760665492089,0.007,0.0002949732370973182,8481512.20208261,8481521.071845079,MultiPolygon
Egerkingen,1683498,2401,1101,11,0.9992868060181122,0.003415479829226742,2.936,0.07134362115966583,6947556.1294984715,6947318.837120244,MultiPolygon
Villars-sur-Glâne,1683420,2228,1004,10,0.997620309592576,0.028461788294875168,15.947,0.23828642983026496,5478818.122101079,5480377.491716052,MultiPolygon
Wohlen (AG),1684464,4082,1903,19,0.999795866398931,0.009929850047625728,6.485,0.020416457457432608,12488002.676933913,12489242.716873676,MultiPolygon
Bennwil,1683621,2882,1305,13,0.9988696127038496,0.019187955838726935,8.127,0.11309180347319701,6530639.785153096,6529386.688875134,MultiPolygon
Oberbuchsiten,1683560,2406,1101,11,0.9999961265259892,8.377386237930567e-05,0.015,0.0003873479890162208,9387879.925598944,9387872.061009334,MultiPolygon
Villeret,1682707,448,241,2,0.9991818302818704,0.009877724552137564,6.707,0.08184641311378832,16235914.07761707,16234310.338745961,MultiPolygon
Zwischbergen,1685407,6011,2301,23,0.998580298132313,0.012736855701927634,124.056,0.14208008371773329,86028347.02623637,86039304.33265986,MultiPolygon
Langenbruck,1683664,2888,1305,13,0.999519533025688,0.005617716390968306,2.696,0.04805959251829701,15664091.047271976,15664971.011482235,MultiPolygon
Magden,1684356,4253,1909,19,0.9999967635418755,2.4459170222352846e-05,0.014,0.0003236462966632445,11018113.84370389,11018111.14876467,MultiPolygon
Donneloye,1684947,5913,2224,22,0.9976589854115865,0.016774285562684715,12.003,0.23435613998891305,9010580.245930955,9009068.785469647,MultiPolygon
Scuol,4447223,3762,1843,18,0.9996825784846821,0.005087442817893576,30.79,0.031747997712184506,438606090.97711116,438628404.8111854,MultiPolygon
Madulain,1684109,3783,1846,18,0.9980536207844735,0.0008180330078093147,15.361,0.19482832255243243,16285270.544531465,16285403.76341993,MultiPolygon
Cudrefin,1684936,5456,2222,22,0.9997258559843301,0.00020210765929533456,3.771,0.027418187536399807,31892352.819595814,31892417.27648359,MultiPolygon
Orbe,1685080,5757,2224,22,0.9987814448875083,0.040272924439596604,5.156,0.12190524799184944,12047778.461889386,12042926.46917278,MultiPolygon
Puidoux,1685113,5607,2226,22,0.9990293209615875,0.016835748205921614,20.058,0.09710686258512714,33128597.541143555,33123020.093877375,MultiPolygon
Cossonay,1684926,5477,2227,22,0.9987549235794656,0.003516721865039565,4.817,0.12458301044401877,8283605.640662499,8283314.32929172,MultiPolygon
Bretzwil,1683630,2883,1305,13,0.9990774378523763,0.003073721418849928,3.346,0.09230020895139125,7330821.442507921,7331046.771536777,MultiPolygon
Le Pâquier (FR),1683353,2145,1003,10,0.9984196821703587,0.023425152198391416,3.359,0.15817527616145113,4499003.78564348,4500057.684127678,MultiPolygon
Marly,1683358,2206,1004,10,0.9990761722290158,0.010799376978370287,4.979,0.0924204790188668,7721529.598957442,7720695.721867554,MultiPolygon
Hüttwilen,1684533,4821,2012,20,0.9988185211002591,0.005079528834924641,4.043,0.11821472339656454,17661638.62496791,17660741.496941235,MultiPolygon
Luterbach,1683544,2527,1106,11,0.9986271927476666,0.027537245377382964,5.933,0.13739393459332505,4523288.971477554,4524534.560660758,MultiPolygon
Plasselb,1683379,2300,1006,10,0.9994925496645226,0.005663502025324484,3.0,0.050756474769730865,18156560.918374933,18155532.621179592,MultiPolygon
Grancy,1684992,5485,2227,22,0.9990466885569703,0.007272656538155671,3.515,0.09537313790155326,5669783.671407793,5669371.327514915,MultiPolygon
Rüschegg,1682637,853,246,2,0.9992444170330269,0.010857274909521238,61.143,0.07559095610272519,57290357.665586345,57296577.837214746,MultiPolygon
Staldenried,1685380,6294,2313,23,0.998813239578745,0.04350568812415727,29.037,0.1187723346929686,14271521.353429811,14277730.277000407,MultiPolygon
Collonge-Bellerive,1685469,6616,,25,0.9991554785997765,0.005616665995821422,5.033,0.08448544320733647,10692733.595761035,10692133.020629138,MultiPolygon
Lengnau (AG),1684350,4312,1911,19,0.999996401066888,2.6700158510468418e-05,0.014,0.00035989391090324315,12670822.652071021,12670819.268941289,MultiPolygon
Payerne,1685094,5822,2222,22,0.99999729337739,2.4827208193027957e-05,0.015,0.00027066259368376243,24178549.82560938,24178543.822750475,MultiPolygon
Göschenen,1683079,1208,,4,0.9997207107490504,0.003858305315269024,9.384,0.02793228689714032,104150242.80915332,104146224.37479915,MultiPolygon
Aesch (LU),1682812,1021,313,3,0.9990252423897639,0.01915900428971029,3.219,0.09751394956325406,5799521.096810322,5798409.966314602,MultiPolygon
Wahlen,1683718,2792,1302,13,0.9990019948061303,0.020385210739684433,2.555,0.0998605223200299,5407975.86856612,5409078.2958436785,MultiPolygon
Cartigny,1685460,6609,,25,0.9987864780921474,0.030977324510952815,3.499,0.12144467450234478,4383440.572005066,4384798.444615801,MultiPolygon
Lachen,1683088,1344,505,5,0.9991092884080169,0.00170182197393115,3.271,0.08911160348377732,4343745.049928126,4343818.972735877,MultiPolygon
Neuenkirch,1682901,1093,314,3,0.9992283770944408,0.007072604283147511,3.65,0.0771948018864821,26267403.137137473,26269260.92661682,MultiPolygon
Oberhallau,1683685,2972,1406,14,0.9998124543231628,0.017422818195000515,1.877,0.018757960457924557,6044554.89300844,6045608.024818146,MultiPolygon
Grüsch,1684086,3961,1849,18,0.999269221036182,0.0020318187535236106,22.223,0.07310386535988779,43295755.121716335,43294875.43044429,MultiPolygon
Einsiedeln,1683065,1301,501,5,0.9997529024840186,0.005831770808008842,3.779,0.024713525431754667,109741586.3270454,109747986.20484106,MultiPolygon
Dornach,1683495,2473,1104,11,0.998587487022726,0.0067295552446545144,3.337,0.14135588402968785,5786490.54053595,5786879.945613602,MultiPolygon
Tresa,12597254,5239,2105,21,0.9999951826323124,4.564659437575917e-06,0.015,0.00048173791823487316,11179448.613873547,11179448.10356979,MultiPolygon
Derendingen,1683494,2517,1106,11,0.9986710825374375,0.02497635253719601,5.933,0.13296349925880302,5626063.083026604,5624657.897677022,MultiPolygon
Weesen,1683963,3316,1726,17,0.9977642751067617,0.05595281099227892,7.179,0.22376007476241777,5748661.4272654345,5745444.889602451,MultiPolygon
Fischbach-Göslikon,1684307,4067,1903,19,0.9990506057364958,0.043505624353568535,3.788,0.09500517703050827,3070259.1327379975,3071594.8681429676,MultiPolygon
Morges,1685064,5642,2227,22,0.9995095122391084,0.01405054719604459,7.74,0.04905736129589106,13578296.35291525,13576388.527977765,MultiPolygon
Busswil bei Melchnau,1682399,325,244,2,0.998940839682918,0.018490904389570486,3.413,0.10596235485283446,2862456.649017562,2861927.3548953994,MultiPolygon
Sirnach,1684557,4761,2014,20,0.9988575783695479,0.01613855563776244,4.859,0.11431668048714236,12384301.03438805,12386299.681700833,MultiPolygon
Boswil,1684277,4228,1908,19,0.9999955945222575,2.599248174993921e-05,0.736,0.00044054880201075823,11776473.661969882,11776476.722967649,MultiPolygon
Brione sopra Minusio,1684636,5096,2104,21,0.9999922077539775,0.00016614422359956433,0.015,0.0007792269909111437,3816522.8162712613,3816516.4753390597,MultiPolygon
Feldbrunnen-St. Niklaus,1683504,2544,1107,11,0.9976901887050933,0.05110099597679815,3.424,0.23130728440872486,2509459.4499606015,2510741.8087331653,MultiPolygon
Stans,1683112,1509,,7,0.9992465389617838,0.012339264487110892,3.436,0.07536984936652415,11083297.550260285,11081929.952861665,MultiPolygon
Mettmenstetten,1682166,9,101,1,0.9986513475101187,0.013773916439041665,3.623,0.1349469591508681,13027016.181446815,13025221.851123482,MultiPolygon
Orselina,1684732,5121,2104,21,0.9999937344017493,4.099091350401383e-05,0.007,0.0006265619165443115,1941255.069557017,1941255.8652952034,MultiPolygon
Niederbipp,1682574,981,244,2,0.9992509846489476,0.006681414708132529,3.294,0.0749270936359758,19770077.31978406,19768756.398930207,MultiPolygon
Lyssach,1682541,415,245,2,0.9986046742578619,0.006627298788000262,4.134,0.13962536202455164,6046793.314830467,6046392.5757704,MultiPolygon
Dörflingen,1683644,2915,1402,14,0.9978680284849911,0.06234760752945198,9.136,0.21349119173230202,5821058.537210394,5824687.827941233,MultiPolygon
Rüeggisberg,1682634,880,246,2,0.999585092006539,0.0004456477159783069,11.72,0.04149931609371236,35803699.497857794,35803539.939488746,MultiPolygon
Escholzmatt-Marbach,2741953,1010,316,3,0.9996275972490614,0.001602788402964652,14.134,0.03724691207832666,106395487.98864534,106393782.69410259,MultiPolygon
Russin,1685528,6637,,25,0.9981445877804442,0.02727687048228791,10.411,0.18568818109636032,4909769.1334064845,4908429.902038986,MultiPolygon
Tafers,12120617,2306,1006,10,0.999997420460572,2.9692952030112567e-05,0.016,0.00025795423740792726,41347791.440253004,41347779.16287313,MultiPolygon
Kaiseraugst,1684336,4252,1909,19,0.9987271339330056,0.0008915533435891705,5.579,0.12736823546592327,4904658.360209911,4904702.087855513,MultiPolygon
Lufingen,1682161,63,103,1,0.9979972999201026,0.01795072779867131,3.901,0.20048874236196154,5180632.222643938,5181562.183832475,MultiPolygon
Cugy (FR),1683306,2011,1001,10,0.9999957705090314,1.863781384755893e-05,0.014,0.0004229500306878296,9876618.755989864,9876620.596775683,MultiPolygon
Buttwil,1684285,4230,1908,19,0.9999152208635966,0.0010795316973411064,1.05,0.00847822726768673,4568375.796858043,4568326.479793263,MultiPolygon
Mettauertal,1684366,4184,1906,19,0.9999971025978327,2.932004442775002e-05,0.015,0.0002897406788861421,21592623.69351653,21592630.02448339,MultiPolygon
Ropraz,1685127,5798,2222,22,0.9975145161467726,0.012525016742688256,3.473,0.24887323589069585,4806682.097327057,4807284.135064515,MultiPolygon
Lyss,1682540,306,243,2,0.9991290741539331,0.018487007925579987,21.083,0.08712247280695615,14829634.66131956,14826893.105584387,MultiPolygon
Flawil,1683879,3402,1728,17,0.9985526755416417,0.00864667804295561,12.629,0.14483099728413495,11469051.217576716,11468059.52564335,MultiPolygon
La Brillaz,1683343,2234,1004,10,0.9993158800242928,0.004562113525940478,17.594,0.06843384553454035,10303705.059242038,10303234.992519857,MultiPolygon
Hospental,1683081,1210,,4,0.9985676793102364,0.005436915706496709,52.293,0.14333861611271495,35165419.89380834,35167331.808045805,MultiPolygon
Chamblon,1684882,5904,2224,22,0.9984456024762729,0.006582046991351773,3.461,0.1555657734580134,2859901.4988175165,2860089.738878075,MultiPolygon
Curtilles,1684939,5669,2222,22,0.9983826395489853,0.0006333758159614089,3.262,0.1618664310850383,4961262.791377575,4961231.367938888,MultiPolygon
Stammheim,9173171,292,102,1,0.9991519090684265,0.013461076698067367,3.993,0.08485078185524017,23953803.085951317,23957027.52575682,MultiPolygon
Zufikon,1684474,4083,1903,19,0.9999943118561618,3.7899474688106616e-05,0.015,0.0005688161093160147,4806350.209377073,4806352.030958554,MultiPolygon
Oberrieden,1682178,137,106,1,0.998121655020495,0.03810673615029242,5.505,0.18804689521948068,2790833.2975980076,2791896.793079118,MultiPolygon
Schönenbuch,1683705,2774,1301,13,0.9970363659803305,0.0742095101291761,12.958,0.2966930819080475,1345542.1966671613,1344543.6763944332,MultiPolygon
Auenstein,1684258,4091,1904,19,0.9999942486782881,3.701384409626825e-05,0.015,0.0005751337185671832,5681954.403080956,5681952.299971212,MultiPolygon
Willadingen,1682726,423,245,2,0.9979278647519749,0.05719124455294298,3.243,0.20736911923635576,2167171.9264690205,2165932.493872671,MultiPolygon
Beatenberg,1682372,571,250,2,0.999997277640581,3.0259097704173175e-05,0.016,0.0002722362711680102,29246711.429226868,29246702.57943588,MultiPolygon
Fribourg,1683318,2196,1004,10,0.9993603589012098,0.02606617487994924,8.936,0.06399291262586952,9284601.629681434,9287021.770179134,MultiPolygon
Eppenberg-Wöschnau,1683499,2574,1108,11,0.9983039540448053,0.06224952952708474,3.28,0.1698013800228385,1811605.7130058534,1812733.4290390853,MultiPolygon
Crésuz,1683305,2130,1003,10,0.9999923644128985,0.00013651669378067258,0.007,0.0007635611041151407,1793803.912773548,1793801.4639317533,MultiPolygon
Attiswil,1682367,971,244,2,0.9986718483733577,0.010187480034547702,3.273,0.13291019036614132,7646854.699845676,7647633.721641494,MultiPolygon
Remaufens,1683386,2333,1007,10,0.9984328416774454,0.02528261079817319,3.397,0.15681890135162257,5906956.123727511,5905462.69100073,MultiPolygon
Préverenges,1685111,5643,2227,22,0.9997096964937228,0.007059005019246496,3.99,0.029035589821623343,10121850.134411823,10122564.636320852,MultiPolygon
Fischenthal,1682122,114,105,1,0.9984720603867836,0.053447056233622794,17.378,0.15295164369620004,30241253.655271567,30257416.715118453,MultiPolygon
Ligerz,1682534,740,242,2,0.9999892856492989,8.524838526287632e-05,0.015,0.0010714403535366389,1792289.0273165277,1792287.4994190726,MultiPolygon
La Verrerie,1683347,2338,1007,10,0.9991404052606024,0.01194899825168259,3.394,0.08600157283751789,13432346.972157422,13433952.003062285,MultiPolygon
Les Genevez (JU),1685613,6748,2602,26,0.9986628107925951,0.025272067009307553,9.058,0.13379147623204032,13635132.311671255,13631686.431896642,MultiPolygon
Alto Malcantone,1684613,5237,2105,21,0.9981213014803169,0.06783445436102135,25.942,0.18811027345898562,22058111.297971338,22073074.297412664,MultiPolygon
Ergisch,1685299,6104,2306,23,0.9992421728134361,0.00023980229122290143,20.763,0.0758115355419878,29533305.92504981,29533376.746594094,MultiPolygon
Aedermannsdorf,1683473,2421,1102,11,0.9987716513202517,0.019587238294918513,15.508,0.12289831898931172,12916326.503980976,12913796.552329691,MultiPolygon
Arbon,1684500,4401,2011,20,0.9988991079370545,0.010470374280130446,4.686,0.11015560438585618,6044705.165718943,6045338.068973924,MultiPolygon
Châtel-sur-Montsalvens,1683291,2128,1003,10,0.996666219112219,0.14187397741238214,11.26,0.33417160460965983,2028777.640225412,2031655.947756453,MultiPolygon
Oberbipp,1682585,983,244,2,0.9986063223015144,0.01811520130533767,3.434,0.13947758662559526,8451594.026250059,8453125.049521424,MultiPolygon
Evolène,1685303,6083,2305,23,0.9975572848889007,0.007842737128537279,113.916,0.24457980929413953,209989325.27943265,210005794.1902123,MultiPolygon
Homburg,1684530,4816,2012,20,0.9989252570181997,0.0003407955002335847,6.065,0.10753189962302227,24126971.486938927,24126889.263305757,MultiPolygon
Oberburg,1682586,418,245,2,0.9982502462773882,0.07830796943408665,16.849,0.17506001839007404,14138283.04636945,14127211.644002995,MultiPolygon
Eggiwil,1682427,901,245,2,0.9994700405311046,0.011044378642762033,10.398,0.05300706615113108,60305136.17997745,60298475.8523967,MultiPolygon
Lindau,1682160,176,108,1,0.9985440497678555,0.009842243854452353,5.433,0.14570826011067248,11987134.665482003,11988314.468506942,MultiPolygon
Oeschgen,1684394,4175,1906,19,0.9999952818464198,2.4518585725051206e-05,0.015,0.0004718165288340853,4377508.762228953,4377509.835532191,MultiPolygon
Kaltbrunn,1683899,3313,1726,17,0.998598608039971,8.782228515507852e-05,6.972,0.14023739824726,18641532.231577456,18641515.860157862,MultiPolygon
Breggia,1684634,5269,2106,21,0.9974461576175166,0.031530335096779,40.405,0.2556704475078081,25482686.398337062,25474651.621924005,MultiPolygon
Bister,1685277,6172,2309,23,0.9985545687814226,0.011923314750815388,6.06,0.1446390375821749,5807362.384718876,5806669.954623026,MultiPolygon
Bettwil,1684270,4227,1908,19,0.9999918200159931,0.00021692752513060193,0.071,0.0008180008590169865,4249487.766888047,4249478.548579403,MultiPolygon
Schwarzenburg,1682656,855,246,2,0.9995785435102865,0.0008947084840900016,9.623,0.042154720701698095,44799731.75525735,44800132.58225822,MultiPolygon
Hasliberg,1682470,783,250,2,0.9955326990187797,0.10868289367571012,83.234,0.44797347389046743,41735954.7683342,41781314.61167961,MultiPolygon
Wiedlisbach,1682721,995,244,2,0.9984211845187111,0.0027574965202827382,7.793,0.15800410100044454,7504027.252377414,7503820.329087049,MultiPolygon
Rüfenach,1684410,4112,1904,19,0.9999929239064852,0.00012372590767191488,0.015,0.0007076122928730998,4171732.976515843,4171738.138030334,MultiPolygon
Roggwil (BE),1682623,337,244,2,0.9994454364626023,0.0050031977958019305,3.309,0.05547034736030845,7841656.7884009285,7841264.454801337,MultiPolygon
Rudolfstetten-Friedlisberg,1684408,4075,1903,19,0.9999947087964383,8.203473333809018e-06,0.017,0.0005291217776890915,4903490.951342017,4903491.35359859,MultiPolygon
Matran,1683361,2208,1004,10,0.9986368316112438,0.03125599894878573,2.999,0.1364311317736041,2912526.6409175675,2913436.980213836,MultiPolygon
Horriwil,1683526,2523,1106,11,0.9978313123823382,0.040609140236976114,3.405,0.21706009526691558,2637257.8852175814,2636186.9174645627,MultiPolygon
Soral,1685533,6639,,25,0.9950121093036782,0.329330343385885,5.001,0.499212747062605,2942020.6531265373,2932331.686407112,MultiPolygon
Bolken,1683485,2514,1106,11,0.9975830281611516,0.03932395369845315,3.166,0.24203720488326333,2116382.6446199804,2117214.889951233,MultiPolygon
Bremgarten bei Bern,1682389,353,246,2,0.9986832907551335,0.0035816460897242428,2.972,0.13176002730291164,1897819.1234865712,1897887.0966509976,MultiPolygon
Conters im Prättigau,1684065,3881,1849,18,0.999326170405019,0.0008436693193754525,3.779,0.06740538512505737,18397221.664007094,18397066.452292297,MultiPolygon
Gampelen,1682449,495,243,2,0.9999950757304555,6.152763153669182e-05,0.063,0.0004924283183853841,10843057.722083462,10843064.393560065,MultiPolygon
Steinhausen,1683148,1708,,9,0.9982590255926236,0.009558064133461313,7.825,0.17425744979021418,5045759.498372548,5046241.775301423,MultiPolygon
Erlinsbach (AG),1684305,4005,1901,19,0.9999958709071488,3.477685464545592e-05,0.016,0.00041291006596198615,9860889.690806136,9860886.261498861,MultiPolygon
Wolfenschiessen,1683122,1511,,7,0.9995067951036648,0.0023049245069923035,12.901,0.049332086646997585,92698816.80497496,92696680.16722873,MultiPolygon
Oberdorf (SO),1683561,2553,1107,11,0.9992673073576205,0.016026487143099226,2.884,0.07329024260420722,11915125.488371916,11913215.912317438,MultiPolygon
Oberwil (BL),1683686,2771,1301,13,0.9987561918640654,0.01644878549512001,10.35,0.12444797873104824,7885397.348117549,7884100.296022319,MultiPolygon
Trasadingen,1683717,2973,1406,14,0.9999931665522808,8.244129540922686e-05,0.014,0.0006833473882790004,4142288.4832185465,4142291.8981748316,MultiPolygon
Ferrera,1684076,3713,1851,18,0.9990799357222042,0.0026869132596340447,36.771,0.09205000980877001,75463804.36961639,75465832.01658222,MultiPolygon
Silvaplana,1684170,3790,1846,18,0.9992378427441123,0.011271460436482228,30.618,0.07624907779539167,44774281.38274042,44779328.0981522,MultiPolygon
Niederbüren,1683912,3422,1728,17,0.9991723848616414,0.012129727264752302,5.659,0.08280079680535934,15836640.817894926,15838561.759234035,MultiPolygon
Campo (Vallemaggia),1684646,5307,2108,21,0.9947759043711025,0.08187486591392609,65.189,0.5235632741309493,43304786.202904545,43269330.467266604,MultiPolygon
Dallenwil,1683064,1503,,7,0.9992838017825912,0.0005876856785201601,3.309,0.07164568844782869,15474864.764957936,15474955.70852193,MultiPolygon
Spiez,1682672,768,249,2,0.9999955306187048,1.3599882188441125e-05,0.016,0.00044693909789094203,16727941.10190558,16727938.826925298,MultiPolygon
Soyhières,1685631,6724,2601,26,0.9971651690540484,0.030670708129256104,18.049,0.2839290131078556,7506142.949481626,7508445.136677426,MultiPolygon
Oberglatt,1682177,92,104,1,0.9983118704261336,0.008884852554441346,3.932,0.1689480611045453,8248507.489605781,8247774.621877387,MultiPolygon
Blauen,1683627,2781,1302,13,0.9988105243408475,0.00017089596692676276,16.601,0.11901845232958157,7124678.628359681,7124690.804148113,MultiPolygon
Niedermuhlern,1682576,877,246,2,0.9999922193399963,6.166229937005321e-05,0.141,0.000778069266927112,7256970.882356068,7256975.357171179,MultiPolygon
Tobel-Tägerschen,1684563,4776,2014,20,0.9980105024515612,0.009198267560514324,3.604,0.19913869785405783,7105394.047773548,7104740.474617805,MultiPolygon
Himmelried,1683522,2618,1110,11,0.998146305946794,0.04333658671354867,13.016,0.1855011701420062,6025069.712063925,6022458.652503605,MultiPolygon
Orzens,1685087,5925,2224,22,0.9984130838740151,0.012298503491691879,3.401,0.15882739382129152,4195805.336833474,4196321.358099329,MultiPolygon
Schüpfheim,1682921,1008,316,3,0.9993139818989603,0.002503972256305026,3.518,0.06862449004033246,38377680.26232812,38376719.295861736,MultiPolygon
Dürrenroth,1682426,952,245,2,0.9991175819603892,0.014630838516949168,8.564,0.08828721233325798,14134236.811003428,14136304.768366849,MultiPolygon
Balsthal,1683478,2422,1102,11,0.9993707613223393,0.005640121123622112,3.554,0.06294544611181446,15708871.97212262,15709757.971529003,MultiPolygon
Rütschelen,1682640,340,244,2,0.9985245207685342,0.04937666750529573,3.549,0.1476933094756279,3980966.4760274594,3982932.1446078247,MultiPolygon
Stocken-Höfen,3411388,770,247,2,0.9999965212317683,1.80407540317579e-05,0.014,0.0003478773969911334,14224491.738158932,14224489.171953365,MultiPolygon
Leytron,1685330,6135,2307,23,0.9992909270679783,0.01783278775232832,6.249,0.07093876595509312,26824568.807844214,26829352.376265194,MultiPolygon
Lavizzara,1684694,5323,2108,21,0.9988527812735288,0.0064141990475459956,61.98,0.11478403459943774,187528920.01505142,187516891.53684995,MultiPolygon
Trimmis,1684191,3945,1845,18,0.9994509384334135,0.008333415555770145,9.556,0.0549189458206354,42874171.37551517,42870598.492648356,MultiPolygon
Büren an der Aare,1682406,383,243,2,0.9999958510860494,3.6043110185058865e-05,0.015,0.0004148921808341053,12602984.595199166,12602980.052691542,MultiPolygon
Ardon,1685268,6021,2302,23,0.9988521761751594,0.022671223273338138,13.3,0.11486131404550343,20393716.690171827,20398340.195216388,MultiPolygon
Langnau im Emmental,1682525,902,245,2,0.9994076095904756,0.00031706341743322175,13.51,0.059256498530512,48362679.60940148,48362526.26903675,MultiPolygon
Sempach,1682922,1102,314,3,0.9992881133384591,0.022663402463882314,3.662,0.07120594454812311,11676584.022762777,11673937.711531665,MultiPolygon
Bourrignon,1685576,6703,2601,26,0.9973837409121398,0.06527595684951279,14.322,0.26188309639384505,13552536.289746879,13543689.742006369,MultiPolygon
Pratteln,1683690,2831,1303,13,0.999314355701904,0.008724896142831494,9.91,0.06859093538913334,10705946.792895548,10706880.875634335,MultiPolygon
Breitenbach,1683487,2613,1110,11,0.9988464364845248,0.0014099155965616567,3.535,0.11542373906818021,6801236.89175505,6801332.783454746,MultiPolygon
Sargans,1683931,3296,1725,17,0.9983791970221819,0.06287194321715035,16.259,0.16216076158812973,9463888.813581197,9457938.682780188,MultiPolygon
Schwarzhäusern,1682657,341,244,2,0.9979858069044142,0.07048699565768353,5.212,0.20169342151707673,3794115.9365993054,3796790.2949347836,MultiPolygon
Rüschlikon,1682200,139,106,1,0.9987270305246678,0.014792335118243523,3.647,0.12738744279190511,2933124.232283526,2933558.1098494,MultiPolygon
Wilen (TG),1684571,4786,2014,20,0.9963521550460986,0.018203432660963047,8.622,0.36541778745615583,2250496.6773585305,2250087.0097113303,MultiPolygon
Lens,1685326,6240,2311,23,0.9986128751825954,0.0076518271769233205,5.421,0.13880344357153723,13979548.882160706,13978479.19124013,MultiPolygon
Lamone,1684692,5189,2105,21,0.9998684059573397,0.011761360557454704,2.178,0.013161044086062036,1863411.6694563066,1863630.832021421,MultiPolygon
Schwaderloch,1684422,4176,1906,19,0.999992895333826,5.9482217851321324e-05,0.016,0.0007104689299625641,2771243.1760758464,2771241.5276789432,MultiPolygon
Rorschach,1683927,3215,1722,17,0.9963994768844315,0.014597515457861362,10.964,0.36072799564615815,1791417.9948315632,1791679.4973502737,MultiPolygon
Porza,1684741,5214,2105,21,0.9999907148783557,0.00013283188264549516,0.015,0.0009285170916524268,1562098.6445509687,1562100.719516007,MultiPolygon
Gals,1682448,494,243,2,0.9999956581064238,2.2223434586796234e-05,0.015,0.00043419034828161046,7845849.133676103,7845850.877293253,MultiPolygon
Grancia,1684683,5186,2105,21,0.99998014626371,0.0003724782440286818,0.016,0.001985389640226029,612286.9311079265,612284.6504723171,MultiPolygon
Schönholzerswilen,1684556,4756,2015,20,0.9978632659589519,0.004968650209885255,7.432,0.2138966158528835,10933172.260497471,10932629.029411003,MultiPolygon
Prangins,1685107,5725,2228,22,0.9995123496838397,0.026264253343476596,6.982,0.04877051920982067,11567363.10920291,11564325.02765075,MultiPolygon
Rumisberg,1682629,987,244,2,0.9979897307055914,0.016398855542632436,7.793,0.2012126922314532,5136585.444619025,5135743.103392138,MultiPolygon
Semsales,1683398,2336,1007,10,0.9993074560484987,0.0058533043701734086,13.798,0.0692804118505127,29358937.61156059,29360656.079538845,MultiPolygon
Wolfwil,1683591,2408,1101,11,0.9979864600359809,0.041728439561668024,21.781,0.20151486457815204,6882176.233459868,6879304.408709761,MultiPolygon
Rafz,1682190,67,103,1,0.9989639410083045,0.0015799827927367523,3.883,0.10365877899678444,10683961.909341374,10683793.104581624,MultiPolygon
Heimberg,1682472,928,247,2,0.997748472280853,0.04979782533009717,8.457,0.2254626502098165,5435082.055563687,5437788.608232264,MultiPolygon
Villars-le-Terroir,1685189,5537,2223,22,0.9999929287804353,2.6105979720899834e-05,0.015,0.000707124364293803,7092634.989759526,7092633.138157674,MultiPolygon
Ollon,1685077,5409,2221,22,0.9995032375634227,0.007329416660213065,4.315,0.04968676442726255,59556698.86102713,59552333.702418536,MultiPolygon
Lommiswil,1683542,2551,1107,11,0.9987587175054141,0.002190294463120357,3.255,0.12420669664486379,5756276.016331948,5756402.095726816,MultiPolygon
Lugano,2888417,5192,2105,21,0.9999925375336247,0.0002741171212001888,1.08,0.000746250444531351,86207956.7069231,86208193.01769227,MultiPolygon
Collonges,1685292,6211,2310,23,0.9989285229852505,0.00813425068153701,3.853,0.107200775227053,12206901.035579074,12205908.095648393,MultiPolygon
Hölstein,1683659,2886,1305,13,0.9987603074035798,0.016991386235698746,3.279,0.12403561060812175,6024856.982443991,6023833.275723956,MultiPolygon
Koblenz,1684343,4310,1911,19,0.9999923469352464,0.00024572329415953553,0.016,0.0007653084636558197,4075634.65024353,4075624.6354598096,MultiPolygon
Fieschertal,1685306,6058,2304,23,0.9984955927771475,0.05723132889310884,68.754,0.15059705154361747,172824151.27052847,172923060.82894883,MultiPolygon
Vico Morcote,1684771,5233,2105,21,0.9999902722042648,0.00020225815898282547,0.012,0.0009727852888256314,2446164.245027543,2446169.1925943107,MultiPolygon
Herbetswil,1683519,2424,1102,11,0.9992245635274046,0.008216596850298196,3.433,0.0775769109671257,16295917.893469693,16297256.863346055,MultiPolygon
Goldach,1683885,3213,1722,17,0.9979586001682872,0.056956776551015144,22.253,0.20429036655452487,4723643.713392522,4720953.278197619,MultiPolygon
Neftenbach,1682170,223,110,1,0.9990669013705941,0.00580773833486753,4.974,0.09335612777447555,15068212.61719198,15069087.739552528,MultiPolygon
Volken,1682226,43,102,1,0.9976478714005689,0.01917018881757014,3.747,0.23546723918222495,3202426.951053364,3201813.0397601025,MultiPolygon
Tschugg,1682693,501,243,2,0.9995575363226188,0.013716715511117087,2.398,0.044253123363762484,3288171.9210070376,3287720.8918191167,MultiPolygon
Laténa,18488711,6513,,24,0.9999955933401052,8.353647340006154e-05,0.063,0.00044066677651014876,26105033.590397697,26105011.783173256,MultiPolygon
Pontresina,1684131,3784,1846,18,0.9990781538741322,0.020935310556172922,75.144,0.09223677621173189,118178624.27850038,118203365.3405041,MultiPolygon
Stansstad,1683113,1510,,7,0.99986003419784,0.011015648068059119,3.358,0.013998330766805478,17130203.9624598,17132090.965441644,MultiPolygon
Nendaz,1685346,6024,2302,23,0.9985014000414992,0.03469367488416662,29.61,0.14994635468041792,85933037.15911417,85903223.8305841,MultiPolygon
Tenniken,1683712,2863,1304,13,0.9984215120314766,0.02366001701465223,3.519,0.1579921647440429,4672569.841688711,4673675.372508276,MultiPolygon
Le Mouret,1683352,2220,1004,10,0.9994482402766003,0.001786565482020876,13.035,0.05519070546656029,18560798.33572526,18560466.734909005,MultiPolygon
Zunzgen,1683726,2869,1304,13,0.9988116793887604,0.018735522449287577,3.519,0.11889156987168693,6858044.597734956,6856759.707249765,MultiPolygon
Gündlischwand,1682466,578,250,2,0.9985584750031047,0.020427408499353854,40.655,0.14424174041672552,16691840.53611138,16688430.825659009,MultiPolygon
Gurbrü,1682463,665,246,2,0.9977432808428831,0.02436957425181168,3.131,0.22595437113317762,1861076.2383428833,1861529.774698669,MultiPolygon
Hüttikon,1682149,87,104,1,0.9959610718045627,0.04997736869563308,3.895,0.404811248828882,1589128.0086720155,1589922.213035955,MultiPolygon
Genolier,1684982,5718,2228,22,0.9979063340018174,0.07913313681846414,21.156,0.20966892734902154,4864169.411948919,4868018.581784759,MultiPolygon
Val-de-Ruz,2761758,6487,,24,0.9997631086827993,0.0030740866864254327,16.967,0.023691573771747264,124305512.1986031,124301690.9394021,MultiPolygon
Marthalen,1682162,35,102,1,0.9984237764864895,0.018540856065740248,13.698,0.15773204956704218,14130448.163272673,14127828.257217277,MultiPolygon
Würenlingen,1684468,4047,1902,19,0.9983625073329069,0.01698643322049439,9.454,0.16386952670390834,9373865.099841582,9372272.814506218,MultiPolygon
Ferenbalm,1682440,662,246,2,0.9989771585631171,0.007158606188659182,3.098,0.10233281775194308,9130549.759061314,9129896.138961203,MultiPolygon
Felsberg,1684075,3731,1844,18,0.9990463514509785,0.00891909764794373,3.401,0.09540609400135823,13396297.186525673,13395102.357698398,MultiPolygon
Unterkulm,1684447,4146,1905,19,0.9985448512195576,0.026933525088809297,6.905,0.14564043844055624,8883220.690610556,8885613.255083956,MultiPolygon
Suchy,1685155,5929,2224,22,0.9988525285203349,0.00934903798628495,3.476,0.11480765334319423,6637361.714061489,6636741.184593555,MultiPolygon
Mathod,1685044,5919,2224,22,0.9993701433569786,0.03763015773094842,9.251,0.06301736105610284,6585902.011268,6588380.296582846,MultiPolygon
Wohlen bei Bern,1682728,360,246,2,0.9996134821966306,0.001053942094702708,9.735,0.038659047858415056,36318493.526544124,36318110.750652686,MultiPolygon
Wattenwil,1682718,886,247,2,0.9991617312949695,0.004313342390021683,2.984,0.08386021132850667,14536566.90626317,14535939.894360749,MultiPolygon
Wittenbach,1683967,3204,1721,17,0.9978644019889177,0.030288924503839906,20.811,0.21382046086689271,12198819.683301724,12202514.57458596,MultiPolygon
Vullierens,1685204,5654,2227,22,0.9996204930837376,0.019322730938691052,2.933,0.037954227017013654,6844381.549851414,6843059.028420119,MultiPolygon
Moosseedorf,1682558,544,246,2,0.9993997114352835,0.008155951509265267,4.11,0.06004932789630731,6378615.705709045,6379135.942512965,MultiPolygon
Wil (ZH),1682239,71,103,1,0.9975165011433057,0.08056131574199467,16.711,0.24875881875814662,8937786.203993676,8944986.60215782,MultiPolygon
Haute-Ajoie,1685603,6809,2603,26,0.9999978481263677,8.922750153136645e-06,0.015,0.00021518760412695203,40927950.39587098,40927954.04776974,MultiPolygon
Albinen,1685265,6102,2306,23,0.9980893976737761,0.002596486439556048,31.733,0.19124541001151987,15555825.123430435,15556229.028320326,MultiPolygon
Gächlingen,1683653,2901,1401,14,0.9999940331428869,3.3949089028658466e-06,0.015,0.0005966875016639547,7129982.036421339,7129982.278477734,MultiPolygon
Corcelles (BE),1682411,687,241,2,0.998575469215808,0.00292457453936926,6.307,0.14255669969614237,6787636.177221323,6787834.686700787,MultiPolygon
Freienbach,1683073,1322,503,5,0.99940561568197,0.0063396969675761725,4.913,0.05945798635862276,20691618.807746142,20692930.59367624,MultiPolygon
L'Abbaye,1685007,5871,2224,22,0.9997271140958562,0.012137296004782715,3.701,0.027293970532772004,36274877.67158516,36279280.46086353,MultiPolygon
Furna,1684083,3862,1849,18,0.9993749737090605,0.0013058053455841556,3.62,0.0625225763022537,33317045.232035946,33317480.287793577,MultiPolygon
Lotzwil,1682538,331,244,2,0.9999943381842019,2.5004246603137826e-05,0.015,0.0005661831117352861,6222105.351147498,6222103.795356932,MultiPolygon
Courchavon,1685588,6783,2603,26,0.9967232901611679,0.14733785288090717,8.528,0.3279669184012532,6193841.13456206,6184715.262023542,MultiPolygon
Neerach,1682169,88,104,1,0.9981449137323478,0.01020485777105131,4.353,0.18567137953263776,6042074.529490421,6041457.944378265,MultiPolygon
Densbüren,1684291,4004,1901,19,0.9999962645995938,3.6518890636631596e-05,0.015,0.0003735408066878683,12524574.303823404,12524578.877658997,MultiPolygon
Pomy,1685105,5926,2224,22,0.9952109344751382,0.11253375398056663,17.7,0.48032617500948693,5617158.460263436,5623479.659545807,MultiPolygon
Mühlau,1684376,4235,1908,19,0.9995822674540067,0.027806081600918416,3.566,0.041776172480413945,5522303.474468043,5520767.938257682,MultiPolygon
Vallorbe,1685174,5764,2224,22,0.9999970382124976,1.3904336967045154e-05,0.015,0.00029617920952189434,23195818.36874328,23195821.59396803,MultiPolygon
Marbach (SG),1683905,3253,1723,17,0.9986114821764832,0.00937154725702184,2.728,0.13895475921180914,4380546.804815373,4380957.329829303,MultiPolygon
Hemmiken,1683656,2848,1304,13,0.9992600141808573,0.013145580471805704,2.993,0.07403083657040692,3390706.5661864053,3391152.294246626,MultiPolygon
Eggenwil,1684298,4066,1903,19,0.9999897350151339,8.290860387296692e-05,0.015,0.001026504180623149,2460369.781528433,2460371.821386669,MultiPolygon
Kandergrund,1682501,564,249,2,0.9997847802952314,0.005545135351827102,4.019,0.02152488347762639,32089378.136521332,32091157.53597256,MultiPolygon
Zuoz,1684213,3791,1846,18,0.9987093106858235,0.006306639655093763,24.563,0.12915635173488244,65783192.77695696,65787341.48587902,MultiPolygon
Silenen,1683108,1216,,4,0.9997164739568524,0.00044268955613013924,14.618,0.028356687001451542,144785269.5581888,144785910.50745595,MultiPolygon
Birr,1684273,4092,1904,19,0.9999760222053545,0.0006549475930738779,0.259,0.002397816063772286,5046965.322665947,5046998.377643851,MultiPolygon
Besenbüren,1684269,4226,1908,19,0.9999936019850238,8.930331328678101e-05,0.014,0.000639803258695789,2379992.3870620294,2379990.261649972,MultiPolygon
Burgistein,1682398,863,247,2,0.9989625488232047,0.0006661817070400659,3.408,0.1037993066013859,7524667.535447064,7524717.663405701,MultiPolygon
Rueyres,1685132,5534,2223,22,0.9952818994260124,0.06841647900729288,9.428,0.47308749249807003,2003715.0521544118,2005085.923442435,MultiPolygon
Medel (Lucmagn),1684117,3983,1850,18,0.9998262408601302,0.005989380035787081,3.531,0.017377944130226378,136222913.41529557,136231072.32327583,MultiPolygon
Cazis,1684061,3661,1851,18,0.9993216841003387,0.0031921391764693752,3.654,0.06785568640092783,31176551.25086394,31177546.44977029,MultiPolygon
Hermrigen,1682478,737,243,2,0.9978229098585777,0.03707995848619528,13.136,0.2179866656585581,3417670.6815635543,3418937.952433473,MultiPolygon
Ellikon an der Thur,1682116,218,110,1,0.9987237133138802,0.048093507162813263,6.089,0.1277408761531478,5017339.789572532,5019752.804243613,MultiPolygon
Buochs,1683062,1502,,7,0.9999976721391255,0.0001003599180460048,0.007,0.0002327862416300384,12044655.096929142,12044643.008923158,MultiPolygon
Billens-Hennens,1683275,2063,1002,10,0.9993594039314815,0.023582558805925812,3.014,0.06407257572475333,4894179.638694339,4893025.465902977,MultiPolygon
Ponte Capriasca,1684739,5212,2105,21,0.999992086181804,0.0001383128531144682,0.016,0.0007913844038457614,6165475.291824291,6165466.764179507,MultiPolygon
Küsnacht (ZH),1682157,154,107,1,0.9987135968322493,0.00841543355351735,3.646,0.12871769538094133,12365586.335753998,12364545.71805241,MultiPolygon
Chur,1684063,3901,1848,18,0.9994215222966221,0.00016835974793097427,9.556,0.05786455571153977,81988627.48225705,81988765.51810361,MultiPolygon
Schänis,1683936,3315,1726,17,0.9993557239924005,0.003683778245886783,6.972,0.06444954909400515,39904596.99474645,39906066.99160965,MultiPolygon
Vétroz,1685403,6025,2302,23,0.9978625701320343,0.024400223838230792,13.3,0.21394555672461646,10433332.449269524,10430786.692798115,MultiPolygon
Brissago,1684637,5097,2104,21,0.9979666106447191,0.14405183856827344,33.52,0.2033992737495851,23787987.992934063,23753720.95887184,MultiPolygon
Bürglen (UR),1683063,1205,,4,0.9994933062273426,0.007385428962639389,3.726,0.05068034589802077,53064560.787228055,53060641.74178678,MultiPolygon
Riemenstalden,1683097,1369,506,5,0.9978635747621613,0.03782445032468922,15.829,0.21383053570508803,11203047.92478441,11198810.43348725,MultiPolygon
Eschert,1682435,692,241,2,0.9999959210466064,5.32480150543867e-05,0.015,0.00040789606271244563,6584026.3927304605,6584022.886867096,MultiPolygon
Seftigen,1682663,883,247,2,0.9986655357161653,0.00929922693180249,3.183,0.1335293186936829,3894547.138430477,3894184.9756541084,MultiPolygon
Matzingen,1684542,4591,2012,20,0.9999942638511261,1.1504183166159239e-05,0.016,0.0005736165659243335,7683045.467451511,7683046.351323134,MultiPolygon
Dottikon,1684294,4065,1903,19,0.9999926402298484,9.213435695141047e-05,0.015,0.0007359800627383371,3885302.341972488,3885305.9216708164,MultiPolygon
Oberengstringen,1682176,245,111,1,0.9979054028535188,0.015083968755210012,6.996,0.20966349751091645,2153104.3863600558,2152779.61276715,MultiPolygon
Bichelsee-Balterswil,1684505,4721,2014,20,0.9988530460269637,0.003943701747724448,3.888,0.11475894729671969,12258327.280685946,12257843.848818736,MultiPolygon
Nusshof,1683683,2854,1304,13,0.9976756407427166,0.058041861258536435,2.892,0.23277390588863528,1721449.2702934889,1722448.4314905887,MultiPolygon
Wachseldorn,1682709,946,247,2,0.9982599926266684,0.021694353586386335,3.738,0.17413335983049455,3513242.515221553,3512480.3399679535,MultiPolygon
Meienried,1682549,389,243,2,0.9984151532285993,0.13761248187080588,3.439,0.1585012298724791,652534.2016865119,651636.2331765152,MultiPolygon
Moiry,1685050,5490,2227,22,0.998468271644426,0.008524322030471477,5.637,0.15329676853382704,6664319.800490081,6664887.888571016,MultiPolygon
Vandoeuvres,1685538,6642,,25,0.9985418190898172,0.015888590950003764,3.598,0.14591289049398254,4419865.130156941,4419162.875865868,MultiPolygon
Lichtensteig,1683902,3374,1727,17,0.9970393560969112,0.015558978680163238,4.597,0.2965263771117665,2820085.8737140275,2820524.650273881,MultiPolygon
Saas-Balen,1685361,6289,2313,23,0.996020105351948,0.10965528533078213,50.565,0.3990016653431008,30204370.204425212,30237490.89275524,MultiPolygon
Hagenbuch,1682132,220,110,1,0.9983536443748593,0.025995503881943813,4.577,0.16474978195714676,8126281.233291013,8124168.765537555,MultiPolygon
Nyon,1685074,5724,2228,22,0.9987755982235723,0.036204049168164776,11.507,0.1224930038174091,11437965.199597603,11433824.193052903,MultiPolygon
Gommiswald,2754666,3341,1726,17,0.9992706900825684,0.0035993012192996367,16.306,0.07295890907439205,33585876.97166247,33587085.82854182,MultiPolygon
Oltingen,1683687,2855,1304,13,0.9985708447252636,0.0047669678892178595,3.581,0.14302113354590623,7178481.214065521,7178823.409959929,MultiPolygon
Diepflingen,1683641,2845,1304,13,0.9984089266264679,0.017821782912544017,2.268,0.15924820302318,1437158.0848799583,1437414.2120739557,MultiPolygon
Val Mara,14040250,5240,2105,21,0.9965157923516558,0.03377713476038878,22.735,0.3489698632920312,12521678.827401666,12517449.363069871,MultiPolygon
Céligny,1685478,6610,,25,0.9980046477250647,0.04725012378534703,20.76,0.1996873104371401,8587388.645366432,8583331.093601568,MultiPolygon
Niederhünigen,1682575,617,246,2,0.9983953352869135,0.04574518440107059,7.475,0.1606320544450763,5418483.73802166,5420962.43339936,MultiPolygon
Veytaux,1685179,5891,2230,22,0.9986127047647829,0.05376628052364409,8.851,0.13886314046084,9609239.472614754,9614406.003265789,MultiPolygon
Celerina/Schlarigna,1684062,3782,1846,18,0.9990773898964982,0.0014863359602109163,3.756,0.0923029044919623,24024886.98694808,24024529.896413393,MultiPolygon
Ependes (VD),1684960,5914,2224,22,0.9988839102443169,0.0015656646931523645,3.315,0.1116704189623874,4810987.799377189,4810912.475439822,MultiPolygon
Plateau de Diesse,3411353,726,241,2,0.9996023561104006,0.02114246961566183,3.9,0.039768092142344606,25549799.702892717,25544397.84425367,MultiPolygon
Riggisberg,1682620,879,246,2,0.9993405110877943,0.0012534901068899187,2.992,0.06597105814268063,34505353.29008638,34505785.81127622,MultiPolygon
Graben,1682454,976,244,2,0.9983814723229223,0.002953502283261104,2.985,0.1619862474827854,3160025.0222669775,3160118.3536781617,MultiPolygon
Bellinzona,1684625,5002,2101,21,0.9982226715042541,0.03988455259328621,47.845,0.17792641039042786,164200415.25660336,164265905.85758477,MultiPolygon
Cologny,1685470,6617,,25,0.9987352610936101,0.028246793991785774,5.033,0.12657179318430858,7432260.346162854,7434359.721431768,MultiPolygon
Schneisingen,1684420,4318,1911,19,0.9999960598857486,6.498911778642274e-05,0.014,0.0003940120733072574,8259374.483742466,8259369.116047855,MultiPolygon
Doppleschwand,1682824,1001,316,3,0.9986724132561947,0.0054066593695810995,3.367,0.13284326595525206,6944688.48155646,6944313.005905984,MultiPolygon
Chavannes-le-Veyron,1684892,5475,2227,22,0.9979865649646369,0.025181730817387712,3.515,0.20157178026820283,2644803.208234361,2645469.215458908,MultiPolygon
Münchenstein,1683678,2769,1301,13,0.9992267897165434,0.03829812080785058,2.861,0.07736574459081826,7191623.625978039,7194377.882682362,MultiPolygon
Prilly,1685109,5589,2229,22,0.9983540125550308,0.08484481012519263,5.248,0.16466443554763824,2202502.5698625497,2200633.8607391473,MultiPolygon
Stein am Rhein,1683709,2964,1405,14,0.9976785389589853,0.03210303178588323,20.054,0.23245318257386455,6051215.89604161,6053158.519804149,MultiPolygon
Cressier (FR),1683304,2257,1005,10,0.9986759600104321,0.009458874768237025,2.947,0.13249797723114265,4168915.716059992,4169310.0485767676,MultiPolygon
Fehren,1683503,2616,1110,11,0.9985579737022248,0.0005160277322445251,3.498,0.14430704912015915,1476419.9630669856,1476427.5818034394,MultiPolygon
Chippis,1685290,6235,2311,23,0.998340617726338,0.103589105857304,2.943,0.16616203749900427,1971903.5549390165,1973946.2321999462,MultiPolygon
Meyriez,1683362,2271,1005,10,0.999432774035176,0.017713555369939793,2.269,0.05674371353048159,1847526.408074685,1847853.6706879535,MultiPolygon
Arosa,1684041,3921,1848,18,0.9995523193279623,0.0007585577337305649,22.23,0.04477792051278982,154785638.17824426,154784464.03981516,MultiPolygon
La Chaux-du-Milieu,1685496,6435,,24,0.9994153595867896,0.03012552467302022,2.935,0.058489945413553686,17307393.585228875,17312607.52835365,MultiPolygon
Oeschenbach,1682599,335,244,2,0.9985985612003858,0.0353843488057309,4.252,0.14021733847100812,3914898.2384034465,3913512.9771553804,MultiPolygon
Küblis,1684095,3882,1849,18,0.9975729570329405,0.004931057375529646,51.149,0.24300517264758786,8141155.3089468945,8141556.75398621,MultiPolygon
Plaffeien,1683378,2299,1006,10,0.9982315801396794,0.024336872662005182,87.198,0.17702002780348247,66513032.83232887,66529220.02443291,MultiPolygon
Wünnewil-Flamatt,1683431,2309,1006,10,0.9989622188010893,0.007649479696246227,12.242,0.10383596864204755,13266405.527596043,13267420.338593299,MultiPolygon
Oberhofen am Thunersee,1682588,934,247,2,0.9989207117405735,0.004496745118387714,2.856,0.10798952849974122,2711878.6447179415,2712000.5909885145,MultiPolygon
Thalheim (AG),1684438,4117,1904,19,0.9999551992533295,0.003110141845645273,1.335,0.004480244694562791,9916534.802285984,9916843.220584508,MultiPolygon
Fontaines-sur-Grandson,1684975,5557,2224,22,0.9949402337534016,0.12550898867879368,15.776,0.5075782614095855,7857022.285285691,7866883.55449622,MultiPolygon
Le Bémont (JU),1685607,6741,2602,26,0.9984562734823546,0.005606867439223377,8.245,0.1544875673066543,11680432.711525343,11679777.80514688,MultiPolygon
Schübelbach,1683104,1346,505,5,0.9990893760435826,0.0029723793063535426,6.772,0.09110252235146167,29009996.151586417,29009133.864464033,MultiPolygon
Hohentannen,1684529,4495,2015,20,0.9986779484280451,0.008725234869615815,7.061,0.13228683459910576,8006237.252500001,8005538.689495502,MultiPolygon
Ersigen,5817429,405,245,2,0.9991073889618026,0.017451020473383094,7.57,0.0892931673662598,15457696.630702501,15454999.104898764,MultiPolygon
Deisswil bei Münchenbuchsee,1682418,535,246,2,0.9976867869027289,0.10302024185835622,6.054,0.23146987541441047,2159112.0090580154,2156887.686644291,MultiPolygon
Les Ponts-de-Martel,1685512,6437,,24,0.9992649698240754,0.0049118524255666075,3.675,0.07352823514840726,18174083.466639217,18173190.782479636,MultiPolygon
Obergösgen,1683563,2497,1105,11,0.9984303073864367,0.008885871153794385,3.392,0.15709953438880095,3630162.975850379,3630485.547455086,MultiPolygon
Wettingen,1684458,4045,1902,19,0.9999957841294046,3.8484481871698034e-05,0.015,0.0004215880294934129,10595114.425265044,10595118.502739934,MultiPolygon
Beinwil (Freiamt),1684263,4224,1908,19,0.9999961861471139,2.599342162354321e-06,0.016,0.00038138601106082136,11310089.901464686,11310089.60747675,MultiPolygon
Pregny-Chambésy,1685524,6634,,25,0.9987240638291712,0.023917460376414505,7.328,0.12769033801974836,6269040.153638183,6270539.548832911,MultiPolygon
Eriswil,1682429,953,244,2,0.9983460702264373,0.06983485938905379,15.598,0.16547206596801428,11337354.521723527,11329437.096134843,MultiPolygon
Laax,1684097,3575,1850,18,0.9993709355400199,0.0009577049985459885,35.921,0.06292653965204684,31713835.168010026,31714138.89299466,MultiPolygon
Amsoldingen,1682364,921,247,2,0.9992174281055272,0.047637773640662524,2.943,0.0783064696598168,4711860.870984065,4714105.496600048,MultiPolygon
Bütschwil-Ganterschwil,2727986,3395,1727,17,0.9988282252934227,0.00025263960447655684,7.672,0.11724631180728283,21833818.087532964,21833873.248404622,MultiPolygon
Tegerfelden,1684436,4320,1911,19,0.9999947269769108,1.2496666488688687e-05,0.016,0.000527303732077644,7113235.2516056355,7113236.140522921,MultiPolygon
Meinier,1685515,6629,,25,0.9985961219963861,0.009529395337908614,3.609,0.14047971950126167,6953493.945005128,6952831.319077311,MultiPolygon
Weinfelden,1684569,4946,2015,20,0.9990865283463904,0.003123013154038462,3.866,0.09139033299226378,15480885.509378435,15481368.979469255,MultiPolygon
Basse-Allaine,1685570,6807,2603,26,0.9985360453335755,0.05652928990413774,12.258,0.14654411176941837,23035685.422647584,23048707.332041558,MultiPolygon
Horgen,1682144,295,106,1,0.9992871140486848,0.0007894021259845258,8.768,0.07131429598840204,30832403.00305326,30832646.394698057,MultiPolygon
Sattel,1683101,1371,506,5,0.9991001855742848,0.009142035489373538,3.532,0.09001782917434749,17389964.47570175,17388374.67897779,MultiPolygon
Thörigen,1682685,989,244,2,0.9978372487294687,0.02243127181344628,3.951,0.21653353777589457,4547017.1540685175,4548037.107845751,MultiPolygon
Moudon,1685066,5678,2222,22,0.9987477769544949,0.021987079379836558,15.724,0.12531453178625843,15647078.524206525,15650518.859782267,MultiPolygon
Isérables,1685319,6134,2307,23,0.9957066780359835,0.020993183998250575,26.922,0.43021064756403515,15256812.515671022,15253609.62494734,MultiPolygon
Troistorrents,1685384,6156,2308,23,0.9993234683208806,0.0038729470673545597,18.765,0.06767737094006918,36957514.30400594,36958945.64897235,MultiPolygon
Courgenay,1685590,6784,2603,26,0.9982131214024423,0.041417596827902727,14.444,0.17881061207491838,18437446.1456745,18429809.798564523,MultiPolygon
Bretonnières,1684869,5748,2224,22,0.9975112299155374,0.026968717577540546,11.912,0.2492206944192991,5448894.732153965,5450364.229185377,MultiPolygon
Schleitheim,1683704,2952,1404,14,0.9994614514056712,0.03282462236938176,10.222,0.0538782062761433,21629632.791036893,21636732.636320435,MultiPolygon
Weggis,1682929,1069,312,3,0.9999978144231562,8.073772006663496e-05,0.015,0.00021855801138912878,25286820.01892712,25286840.43492908,MultiPolygon
Cheseaux-Noréaz,1684898,5909,2224,22,0.9993857929814388,0.0059819614240979885,11.146,0.061441407809299936,13968102.984629707,13968938.551161926,MultiPolygon
Arnex-sur-Orbe,1684835,5743,2224,22,0.9971358033609774,0.06059507699502644,20.393,0.28674353072280184,7614848.729218484,7610234.505767959,MultiPolygon
Hunzenschwil,1684332,4200,1907,19,0.9988524426061481,0.05747789093442084,4.185,0.11485462010885081,3264114.7199830385,3265990.8642817647,MultiPolygon
Roggwil (TG),1684551,4431,2011,20,0.9985520228042933,0.001896092892184739,5.203,0.14490125367672707,12024748.822648056,12024520.822240327,MultiPolygon
Schlierbach,1682917,1100,314,3,0.9983048131501085,0.031118242927730393,13.931,0.16963609180730013,7172135.146421549,7169903.30398358,MultiPolygon
Saint-Cergue,1685134,5727,2228,22,0.9990021683167223,0.0016160400148658139,6.269,0.09983378325192122,24277556.956702437,24277949.29173749,MultiPolygon
Oberbalm,1682584,357,246,2,0.9999965227394382,4.952682915842816e-06,0.015,0.0003477266521586934,12389778.758605003,12389778.144978547,MultiPolygon
Lupfig,1684355,4104,1904,19,0.9999945064773009,4.326671993995618e-06,0.016,0.0005493537906590037,8446312.110316226,8446312.475760447,MultiPolygon
Freienwil,1684310,4028,1902,19,0.9999914876708333,7.44020789561986e-05,0.015,0.0008512368563276136,3991472.239257028,3991475.208995355,MultiPolygon
Hautemorges,12534686,5656,2227,22,0.9999977715340699,8.718291678991876e-06,0.015,0.0002228468510485973,32964468.859305255,32964471.7332438,MultiPolygon
Cugnasco-Gerra,1684671,5138,2104,21,0.9934005070238731,0.037152575755207626,61.411,0.6622571724729858,18213150.741006527,18219917.39563299,MultiPolygon
Rickenbach (LU),1682909,1097,314,3,0.9992064271029367,0.00018611076143120096,17.399,0.07938871622681878,11854119.582165005,11854097.52037279,MultiPolygon
Zofingen,1684473,4289,1910,19,0.9999963250250392,2.9069789664931642e-05,0.013,0.00036749822492019175,11078715.339737102,11078718.56029635,MultiPolygon
Gland,1684988,5721,2228,22,0.9997233046042318,0.017921078348723484,13.229,0.027670888440470102,17272743.5092412,17269648.047343936,MultiPolygon
Damphreux-Lugnez,15071858,6811,2603,26,0.9979805361505173,0.030314359216211527,11.445,0.20211986244967087,10767896.429924458,10764632.211120661,MultiPolygon
Oberhof,1684386,4173,1906,19,0.9997958427019679,0.01291622299114522,3.67,0.020419132631438967,8200101.395730499,8201160.539112272,MultiPolygon
Schenkon,1682916,1099,314,3,0.9999956094548988,7.714755053898539e-06,0.015,0.00043905545694541634,7710102.815851981,7710102.221036434,MultiPolygon
Affeltrangen,1684496,4711,2015,20,0.9985436446261547,0.007279741786980796,9.092,0.1457363584034163,14426932.706316734,14425882.462867932,MultiPolygon
Sisikon,1683110,1217,,4,0.9991697387373887,0.0037270627471615975,3.565,0.08305905940276999,19842638.232753586,19841898.68517596,MultiPolygon
Ossingen,1682185,37,102,1,0.998122684503124,0.005880955008967122,5.819,0.187913456313464,13091870.670210449,13092640.597234396,MultiPolygon
Küssnacht (SZ),1683087,1331,504,5,0.9995215437075233,0.0006422389869376331,3.742,0.04785723168602637,36197329.76723308,36197562.24059708,MultiPolygon
Inkwil,1682490,980,244,2,0.9982768447944655,0.0003570725534599721,3.033,0.17246380385836593,3376209.731624463,3376197.676106164,MultiPolygon
Häutligen,1682486,609,246,2,0.9985327072385167,0.001960437548199291,11.783,0.1468355632599451,3067264.144761058,3067204.0129630617,MultiPolygon
Bettwiesen,1684504,4716,2014,20,0.9975735121977573,0.003703662219599216,3.565,0.24294802888414208,3849293.598894942,3849436.163727686,MultiPolygon
Senarclens,1685150,5499,2227,22,0.9983200556876739,0.048048636196057794,4.817,0.16809526706010341,3969806.1546135945,3967898.7168966755,MultiPolygon
Salgesch,1685369,6113,2306,23,0.9999960626198624,5.178204813146658e-06,0.014,0.00039373879944367015,11252830.895960843,11252831.478655474,MultiPolygon
Bad Ragaz,1683862,3291,1725,17,0.9988930415621051,0.004661897398108168,6.946,0.11075456387580422,25395510.120098036,25394326.20747251,MultiPolygon
Schwyz,1683103,1372,506,5,0.9994265785564707,0.002791506737528456,9.846,0.05735939026030351,53178091.66797311,53179576.13798491,MultiPolygon
Reichenburg,1683096,1345,505,5,0.9990913655339569,0.013913043041069786,3.3,0.09091107000524634,11553380.421850804,11554987.848641595,MultiPolygon
Loveresse,1682539,696,241,2,0.9999945480099834,2.4819834383102437e-05,0.015,0.000545200555662248,4685344.996031173,4685346.158926041,MultiPolygon
Valsot,2754686,3764,1843,18,0.9995758660808114,0.00012099762746342481,40.032,0.042422413970586846,158948401.90773982,158948594.23153502,MultiPolygon
Syens,1685159,5688,2222,22,0.9973453367778077,0.013023846751810425,3.434,0.2658018424435944,2522669.3903290373,2522340.841733586,MultiPolygon
Bolligen,1682386,352,246,2,0.999486870429182,0.002564487156033448,5.105,0.051326783684073875,16569589.884908691,16570014.809913097,MultiPolygon
Vouvry,1685401,6159,2308,23,0.9993884000384756,0.005917082721471002,6.294,0.061176894601651016,33511786.500809774,33509803.580681078,MultiPolygon
Niederwil (AG),1684382,4072,1903,19,0.9999948678430961,8.730908723166407e-05,0.013,0.0005132167832284926,6147830.072071444,6147824.704457124,MultiPolygon
Berg am Irchel,1682089,23,102,1,0.998458854619464,0.015209409847084316,3.874,0.15424511508268235,7012482.571064199,7013549.128278888,MultiPolygon
Möhlin,1684373,4254,1909,19,0.9999970908695389,3.420677823494609e-05,0.015,0.0002909135189698766,18795163.250968184,18795169.680187996,MultiPolygon
Attalens,1683266,2321,1007,10,0.9989741179387821,0.017416666668271227,3.378,0.10264979313561594,9741487.635926083,9743184.278356163,MultiPolygon
Boniswil,1684276,4192,1907,19,0.9981525468225128,0.12865776169676393,7.777,0.18503508417105027,2787558.151778999,2791144.5617030733,MultiPolygon
Oftringen,1684395,4280,1910,19,0.9999963194690878,3.7470452566801355e-05,0.015,0.00036805383737235475,12852308.292662628,12852313.10848071,MultiPolygon
Rhäzüns,1684135,3723,1844,18,0.999139703351796,0.009587416779489382,3.544,0.08607081204721707,13373756.163367672,13375038.361110127,MultiPolygon
Pierrafortscha,1683377,2216,1004,10,0.9988257915187252,0.010657368077129442,4.979,0.11748356624133119,5056435.248939582,5055896.366023521,MultiPolygon
Cadempino,1684640,5162,2105,21,0.9999865586416927,0.00026590495762159587,0.015,0.0013441466513793865,762720.2405199639,762722.2686308962,MultiPolygon
Buchegg,3411895,2465,1103,11,0.9994233540127406,0.000670560338765261,3.407,0.057681036157049975,25651910.74917287,25651738.73763325,MultiPolygon
Oberthal,1682594,620,246,2,0.9991360231530744,0.02231354528503578,5.691,0.08642538026301835,10544412.600503916,10542059.768223261,MultiPolygon
Rupperswil,1684409,4206,1907,19,0.9993194539843908,0.04022913637108287,5.774,0.06806407303847166,6216144.042251039,6213643.341187259,MultiPolygon
Faoug,1684970,5458,2222,22,0.9995451115897773,0.007670289054565276,3.071,0.04550093450900019,5755903.68172214,5756345.17617223,MultiPolygon
L'Abergement,1685008,5741,2224,22,0.9999939286327617,3.932242982575948e-05,0.015,0.0006071386862940711,5790646.166455751,5790648.443478527,MultiPolygon
Madiswil,1682545,332,244,2,0.9991481057328385,0.01125619160064524,11.597,0.0852209317848856,23170352.517084025,23167744.417810157,MultiPolygon
Grolley-Ponthaux,18488676,2239,1004,10,0.9999962345238973,1.587589172283137e-07,0.016,0.0003765483187517623,11248308.723381467,11248308.705523774,MultiPolygon
Nebikon,1682899,1137,315,3,0.9989094618070621,0.03640509192110974,3.254,0.10909345401129508,3727632.967291666,3726275.919083442,MultiPolygon
Riedholz,1683569,2554,1107,11,0.9987463632131242,0.009319748501628844,3.204,0.12544815368750456,7154993.470602792,7155660.29799956,MultiPolygon
Signy-Avenex,1685153,5728,2228,22,0.998216361807051,0.09655124187114429,2.923,0.17860921264283752,1941951.2934583786,1943826.2715487455,MultiPolygon
Niederglatt,1682171,89,104,1,0.9973332231739367,0.03984636008140911,3.775,0.26708694391726945,3603370.7568496,3604806.5689364425,MultiPolygon
Schmiedrued,1684419,4143,1905,19,0.9999956069872106,5.0674450840968904e-05,0.024,0.00043930235522061955,8648272.504457442,8648276.886922041,MultiPolygon
Hermenches,1685002,5673,2222,22,0.9984505537393655,0.008538994879648456,3.473,0.1550713788043998,4773406.091803006,4773813.69270477,MultiPolygon
Lumnezia,2742612,3618,1850,18,0.9996645723838099,0.0016813479902361345,9.942,0.03354810611428719,165473736.02815324,165470953.83881816,MultiPolygon
Ascona,1684618,5091,2104,21,0.9999956436583631,5.012951799695291e-05,0.014,0.0004356352217181151,12157189.208785078,12157195.30312543,MultiPolygon
Sorens,1683401,2153,1003,10,0.999087002078685,0.001956952695249393,5.884,0.09134238318147588,8713966.174728459,8714136.702924378,MultiPolygon
Rovray,1685131,5928,2224,22,0.9999925854308463,7.194075205069812e-05,0.014,0.000741459930917294,3196295.155633927,3196297.4550726996,MultiPolygon
Boningen,1683486,2571,1108,11,0.9982054181057497,0.044745946388134,3.042,0.17957917405967175,2757171.693104495,2755937.9705368695,MultiPolygon
Trachselwald,1682687,958,245,2,0.9999968214003393,4.212665556964218e-05,0.015,0.00031786040437533275,15962668.149983507,15962661.425445275,MultiPolygon
Bure,1685579,6778,2603,26,0.999997044254757,7.206007772902768e-05,0.015,0.00029557506771586955,13684614.006913923,13684623.868057413,MultiPolygon
Messen,1683550,2457,1103,11,0.9991880325851571,0.01875560222216159,3.185,0.08122210186551956,11893372.109390024,11891141.435826385,MultiPolygon
Courtelary,1682416,434,241,2,0.9989414106546647,0.003214601243867324,11.58,0.10591669714831246,22203369.599240668,22204083.349035986,MultiPolygon
Opfikon,1682184,66,103,1,0.9986101398400123,0.007267297936629356,9.935,0.13907761495280735,5587604.792064395,5587198.724176634,MultiPolygon
Saint-Oyens,1685139,5436,2227,22,0.9962552448660161,0.07593791802721396,16.772,0.3753204394237398,3055463.6192580764,3057783.87471662,MultiPolygon
Pont-en-Ogoz,1683380,2122,1003,10,0.9995548020930747,0.0005190235776282998,3.115,0.044529587398109215,11970828.866692586,11970766.73526833,MultiPolygon
Zweisimmen,1682739,794,248,2,0.9998185050773696,0.0005996039565579867,6.526,0.01815119385018028,73000868.97005996,73001306.68615863,MultiPolygon
Saas-Grund,1685363,6291,2313,23,0.9970333434002748,0.0532008951107806,50.565,0.29702733463047787,24794913.872489784,24781722.756367672,MultiPolygon
Giffers,1683323,2294,1006,10,0.9993633501472247,0.01218975422865881,3.758,0.06368137634397629,5215896.974407583,5215261.169385582,MultiPolygon
Saint-Imier,1682644,443,241,2,0.9992273672557854,0.021081072524685322,6.707,0.07730128113546247,20869314.981200673,20873714.456627265,MultiPolygon
Wiliberg,1684460,4288,1910,19,0.9976495984199891,0.020162416181182276,4.828,0.2353404251421047,1170454.669204558,1170690.661146175,MultiPolygon
Höri,1682146,60,103,1,0.9977522011065947,0.03574154850661161,16.496,0.22499258847972237,4786349.024155673,4784638.308897508,MultiPolygon
Les Bois,1685609,6742,2602,26,0.9999977038723667,6.297713690660448e-06,0.014,0.0002296130340640048,24709640.846099053,24709642.402241487,MultiPolygon
Arbaz,1685267,6261,2312,23,0.9996814115707703,0.01801987833499628,3.347,0.031861047741471915,19162140.443617526,19158687.449223205,MultiPolygon
Bassersdorf,1682086,52,103,1,0.9984629720016281,0.007210423607231548,10.813,0.15382655901262196,9026447.692975275,9027098.538090624,MultiPolygon
Würenlos,1684469,4048,1902,19,0.9993828952047167,0.04856190761013596,3.895,0.06171453780399137,9028925.17750299,9024540.559200102,MultiPolygon
Eschlikon,1684519,4724,2014,20,0.9982984804641788,0.006789926389608796,3.819,0.17029105376327544,6221142.05382946,6220719.642863412,MultiPolygon
Fiez,1684974,5556,2224,22,0.9982693964512689,0.03331354277100665,12.539,0.17318138276324369,6827090.852478107,6824816.506646952,MultiPolygon
Aesch (ZH),1682078,241,111,1,0.9995132100335331,0.0009657975793805027,3.502,0.04869108288227173,5243864.791360868,5243915.436480089,MultiPolygon
Leibstadt,1684348,4311,1911,19,0.9981991681916162,0.022531877858488644,9.749,0.1802251703869789,6401735.340698497,6400292.9095107075,MultiPolygon
Mörschwil,1683909,3214,1722,17,0.9985048582140938,0.022223500093400902,20.811,0.1496094085879039,9838021.957382409,9835835.604563521,MultiPolygon
Evilard,1682437,372,242,2,0.9983122522076832,0.03236184897531737,2.782,0.16888999176745817,3701427.4249534085,3700229.574600214,MultiPolygon
Roggenburg,1683697,2790,1302,13,0.9999957585883981,4.415197628187734e-06,0.014,0.00042414205029622223,6670668.538335887,6670668.243812688,MultiPolygon
Greng,1683330,2261,1005,10,0.999675402544616,0.0019078768365107773,2.084,0.03246532426519547,2470539.415304799,2470586.5501540406,MultiPolygon
Arzier-Le Muids,1684836,5702,2228,22,0.9992913525105914,0.01318539681835109,21.156,0.07089454045925894,51896502.14646898,51903344.90621184,MultiPolygon
Nuvilly,1683375,2035,1001,10,0.9997141376435816,0.011373252387762703,3.2,0.028591947915148373,3982559.961718874,3983012.9083148143,MultiPolygon
Rohrbach,1682624,338,244,2,0.9982239210780748,0.05205108454707544,3.231,0.1778120196995606,4076331.218646035,4078452.9932550713,MultiPolygon
Onex,1685520,6631,,25,0.9999923517074428,0.00010580469219103723,0.015,0.0007648325851864758,2814120.8964065383,2814123.8738784906,MultiPolygon
Bottighofen,1684509,4643,2013,20,0.9971382906554815,0.032109915990749804,6.042,0.2866270006582961,2436063.942629978,2436846.1607154375,MultiPolygon
Bitsch,1685278,6173,2309,23,0.9986406012906078,0.06259506474755883,7.787,0.13607490679060028,5788615.870483301,5792239.258335417,MultiPolygon
Avers,1684043,3681,1851,18,0.9992177040582758,0.014611971788235978,64.837,0.0782544878135343,93139212.27697563,93125602.80155393,MultiPolygon
Novazzano,1684729,5260,2106,21,0.9999937670812489,1.8072214053659176e-05,0.016,0.0006232937611342709,5228655.772618982,5228654.827685119,MultiPolygon
Mülligen,1684377,4107,1904,19,0.9991195779773971,0.08643930773221599,8.883,0.08811904476927672,3161415.998236363,3164148.704339774,MultiPolygon
Hildisrieden,1682859,1088,314,3,0.9987173768708877,0.003792111761168154,3.676,0.12834218831582497,7042277.842198021,7042010.791151713,MultiPolygon
Gryon,1685000,5405,2221,22,0.9991036853486521,0.0001606757598779213,3.403,0.08967172418308457,15217682.047900956,15217706.499027222,MultiPolygon
Granges (Veveyse),1683327,2328,1007,10,0.9981563141089683,0.03166177244432024,3.74,0.18456791891867005,4464368.27447084,4465781.772594979,MultiPolygon
Gy,1685490,6624,,25,0.9970365813518857,0.021489161861055893,3.649,0.2967497209484488,3286268.2897754293,3285562.098263451,MultiPolygon
Berikon,1684268,4062,1903,19,0.9999946545104932,3.3522117413472616e-05,0.016,0.0005345504688023557,5375869.895623468,5375871.697728886,MultiPolygon
Dintikon,1684293,4194,1907,19,0.9991235661275698,0.06413069992438819,7.656,0.08770992637705476,3723806.4251516056,3726194.5282758847,MultiPolygon
Frutigen,1682446,563,249,2,0.9996721279134232,0.004756648240972924,19.291,0.032791804630164005,72276981.52350855,72273543.56173828,MultiPolygon
Le Grand-Saconnex,1685504,6623,,25,0.9982792050653093,0.0034072403948693093,3.68,0.17223061183232355,4382138.205451782,4382287.515434877,MultiPolygon
Unterseen,1682700,593,250,2,0.998771541283795,0.006582496190165195,9.564,0.12292541918420233,13993378.247979049,13994299.361569097,MultiPolygon
Kirchberg (SG),1683900,3392,1727,17,0.999338593357013,0.004297154463769221,8.622,0.06616396602559672,42539732.44807327,42541560.446085036,MultiPolygon
Chessel,1684900,5403,2221,22,0.9999946618399705,6.615483252817132e-05,0.011,0.0005338172512218855,3561649.138595058,3561646.7823920352,MultiPolygon
Muntelier,1683368,2274,1005,10,0.9986035229346029,0.008121252014729262,3.069,0.13973960754726106,2504409.969104396,2504206.579659323,MultiPolygon
Büren (SO),1683491,2472,1104,11,0.9986506619045663,0.007263420299573114,3.65,0.13502981038179224,6232412.977823849,6232865.664173233,MultiPolygon
Toffen,1682686,884,246,2,0.9999238187397942,0.002678515793178366,0.262,0.007618518240988598,4883654.437298422,4883785.246753809,MultiPolygon
Cureglia,1684672,5180,2105,21,0.9999885235683835,0.0002810354259794837,0.015,0.0011476481346149319,1055717.5116515341,1055714.544711328,MultiPolygon
Aefligen,1682358,401,245,2,0.9980154835509558,0.016494595114212647,4.251,0.19866513892009746,2041325.5543019208,2041662.2626870659,MultiPolygon
Castaneda,1684056,3805,1847,18,0.9975375082167992,0.01459811722881079,4.233,0.24657074140434876,3960586.952343168,3961165.1234694202,MultiPolygon
Jorat-Menthue,1868685,5804,2223,22,0.9990860487663895,0.004190695870900331,4.416,0.09143882371970276,17652600.666724626,17653340.433531873,MultiPolygon
Therwil,1683714,2775,1301,13,0.998655323036688,0.00042646892102798163,10.35,0.13455787803919123,7659948.129256118,7659915.46195798,MultiPolygon
Lausanne,1685018,5586,2225,22,0.9999968198181459,5.9431160217707917e-05,0.016,0.0003180187857970176,67631420.81988901,67631461.01402707,MultiPolygon
Törbel,1685387,6296,2313,23,0.999415046139815,0.01956460540254742,16.352,0.05851822344450986,16855962.560199026,16859260.36276073,MultiPolygon
Jonschwil,1683898,3405,1728,17,0.9987220335099307,0.02135729425458919,5.207,0.1278647054580956,10994926.839867624,10992578.620989356,MultiPolygon
Wil (SG),1683965,3427,1728,17,0.9990660291405679,0.012286425268051902,3.587,0.09344646166097557,20816358.75455047,20818916.340912376,MultiPolygon
Seuzach,1682209,227,110,1,0.998956478069687,0.01302443502778704,3.927,0.10439986916594794,7563478.145514451,7562493.045217548,MultiPolygon
Sursee,1682923,1103,314,3,0.9987848490517015,0.053641815016761116,4.175,0.12162158057048074,6050584.874598304,6053830.518144168,MultiPolygon
Hemishofen,1683655,2962,1405,14,0.9974122809185522,0.05321049421154612,20.054,0.2590382203119422,7892904.804994818,7888704.951340433,MultiPolygon
Gunzgen,1683513,2578,1108,11,0.9977386918008405,0.093798823225327,10.553,0.22628061099239788,3929677.625894129,3925991.634524491,MultiPolygon
Schmitten (FR),1683397,2305,1006,10,0.9995611507778918,0.011250703169191485,2.989,0.043897022979094036,13495448.054151546,13496966.386953471,MultiPolygon
Vex,1685394,6089,2305,23,0.999997221541387,3.166960596926202e-05,0.013,0.0002778462032402202,13038245.161659598,13038241.03249873,MultiPolygon
Diepoldsau,1683873,3234,1723,17,0.9991284349594642,0.0043211348685432355,3.238,0.087196385789433,11245468.407832118,11245954.33968862,MultiPolygon
Müllheim,1684544,4831,2012,20,0.9984354525052725,0.02753426013385723,4.952,0.1565987919253255,8742002.260706468,8744409.306349838,MultiPolygon
Stüsslingen,1683580,2499,1105,11,0.9988005396260661,0.004160680428012544,3.448,0.12002051260333664,8386850.45553442,8387199.40557985,MultiPolygon
Denens,1684941,5631,2227,22,0.9988656110276016,0.018974432453231358,3.21,0.11349250737076966,3300346.9923516135,3299720.7702408275,MultiPolygon
Sonvilier,1682668,445,241,2,0.9994554261795959,0.011941353857153544,4.683,0.054475466471348155,23779886.326165274,23782725.96653831,MultiPolygon
Tamins,1684184,3733,1844,18,0.9997070013021956,0.01252535382523155,3.401,0.02930232759611108,40737843.89117964,40732741.3320915,MultiPolygon
Bachs,1682085,81,104,1,0.9988844470965416,0.010140952304034537,3.674,0.11162320752662253,9132176.174434356,9133102.264064526,MultiPolygon
Belp,1682374,861,246,2,0.9994898611131099,0.014514361323601286,7.317,0.05102320097830426,23260580.700099036,23257204.575370256,MultiPolygon
Seewis im Prättigau,1684163,3972,1849,18,0.9993727606224011,0.00010866114266836753,22.223,0.0627435813041507,49627010.57572759,49626956.650450826,MultiPolygon
Alpnach,1683053,1401,,6,0.9994645624660291,0.016506005118891488,47.307,0.053562512054036414,56347127.58221038,56356428.241973445,MultiPolygon
Hochdorf,1682868,1031,313,3,0.9985666136599728,0.0036622643428612083,3.595,0.1434388108987417,10301233.352507016,10300856.094111072,MultiPolygon
Buchillon,1684870,5623,2227,22,0.9999982235324654,1.0165629101117935e-05,0.015,0.00017764692014470728,21037518.644677922,21037520.78327404,MultiPolygon
Bonaduz,1684047,3721,1844,18,0.9990875573885591,0.0016714528920948515,2.73,0.09128667062054842,14397747.265799578,14397987.917362649,MultiPolygon
Mont-sur-Rolle,1685055,5859,2228,22,0.9976500984224655,0.03530830539424859,4.292,0.2352250500904609,3860287.2473754156,3858924.245365017,MultiPolygon
Boulens,1684863,5661,2223,22,0.9972441014765552,0.028465970052695203,3.507,0.2759308463879626,3417867.9313113824,3416895.0020496147,MultiPolygon
Rickenbach (BL),1683695,2857,1304,13,0.9985951554855201,0.029726777398860323,3.027,0.14056230478931014,2902623.8721635407,2901761.0156263364,MultiPolygon
Mont-Noble,1685339,6090,2305,23,0.9996073424925369,0.003009683910547972,56.691,0.0392740522594188,43454068.54796037,43455376.37806994,MultiPolygon
Regensberg,1682191,95,104,1,0.9964419725663531,0.029577274378690926,3.487,0.3564895615614356,2366203.1485724105,2366903.006970021,MultiPolygon
Arboldswil,1683614,2881,1305,13,0.9999943193521393,0.0002630689633089306,0.011,0.0005680656523568649,3464739.4201549017,3464730.3055008277,MultiPolygon
Oetwil am See,1682182,157,107,1,0.998620768721938,0.030679533213440496,10.882,0.13803947907580738,6106803.71356897,6108677.252442554,MultiPolygon
Erlach,1682432,492,243,2,0.9996660756292569,0.015088239302226287,2.398,0.033400532865620315,3578606.7576174503,3579146.7063687253,MultiPolygon
Cornol,1685586,6782,2603,26,0.9987272682032666,0.027981190853056094,9.778,0.12737204117229123,10445533.726083096,10448456.510810612,MultiPolygon
Courrendlin,1685591,6708,2601,26,0.9999973044120284,3.869862662785006e-05,0.015,0.0002695592125945596,21550270.828511193,21550279.16817004,MultiPolygon
Ingenbohl,1683083,1364,506,5,0.9992931901670141,0.008257132734828348,3.528,0.07070305199346838,16665596.825704293,16664220.725253344,MultiPolygon
Nods,1682582,724,241,2,0.9992170409770688,0.0011649912712537118,4.131,0.07832610928986306,26614071.34008307,26613761.288475033,MultiPolygon
Rothrist,1684406,4282,1910,19,0.999996967638261,2.5322276254174863e-05,0.014,0.00030323667204193655,11854188.623669926,11854191.625420317,MultiPolygon
Vionnaz,1685397,6158,2308,23,0.9993730611367487,0.0003369533239845974,13.097,0.06271343944689324,20951321.82757403,20951251.231398713,MultiPolygon
Masein,1684114,3663,1851,18,0.9974554635454116,0.010784591664944176,3.451,0.25476405277536174,4199667.954909132,4199215.037868911,MultiPolygon
Kerns,1683086,1404,,6,0.9995634647698649,0.0014253044001700911,10.218,0.0436633644095755,92584103.4012976,92585423.00659724,MultiPolygon
Volketswil,1682227,199,109,1,0.9988323203546411,0.00627696601648204,3.847,0.11683984503312621,14042354.481007017,14043235.914825704,MultiPolygon
Berg (TG),1684502,4891,2015,20,0.9984342968958339,0.007936345656154257,9.296,0.1566991956057556,13137363.008018546,13138405.634556966,MultiPolygon
Oberbüren,1683914,3424,1728,17,0.9987575665053252,0.02748381170970363,12.629,0.12433766351064408,17731244.052394688,17736117.274123836,MultiPolygon
Arogno,1684617,5144,2105,21,0.9965927343099633,0.018928810168848956,19.923,0.3412757298033183,8487411.26737712,8485804.701410068,MultiPolygon
Cressier (NE),1685477,6452,,24,0.9997576162683828,0.008037311360510956,3.807,0.024240336836579904,8570243.45329654,8569554.636145845,MultiPolygon
Vernayaz,1685393,6219,2310,23,0.9981810883118264,0.010442753765966222,3.729,0.18204723551625554,5592363.468152113,5591779.471405436,MultiPolygon
Oberdorf (NW),1683093,1508,,7,0.9993445148664697,0.003717849555236757,3.439,0.06557122233111776,16202043.252729952,16202645.620322963,MultiPolygon
Cademario,1684639,5161,2105,21,0.9981940190272297,0.09628700477038588,16.589,0.18084834786387408,3957676.470452468,3961487.198584369,MultiPolygon
Andeer,1684038,3701,1851,18,0.9994744680632798,0.002076198519237999,3.679,0.05256646079476783,46299552.273770325,46298591.0031516,MultiPolygon
Hauptwil-Gottshaus,1684526,4486,2015,20,0.9985826917450484,0.02692716129147279,10.976,0.1418504304322435,12495264.000913398,12498628.62080472,MultiPolygon
Hedingen,1682134,5,101,1,0.9989632966232369,0.0026230234485129732,3.334,0.1037227428865005,6529257.923563182,6529086.659596833,MultiPolygon
Vacallo,1684765,5268,2106,21,0.9998117327366567,0.0010202321240682481,0.891,0.01882859477657403,1636383.7826935528,1636400.4776065769,MultiPolygon
Läufelfingen,1683673,2852,1304,13,0.9991147913312499,0.016674302204187492,3.461,0.08855268055683418,8155741.3597312635,8154381.44676995,MultiPolygon
Hellsau,1682475,408,245,2,0.9980874148233921,0.049362194808882334,2.828,0.191394341950416,1476809.6591140218,1476080.6734531336,MultiPolygon
Giebenach,1683650,2826,1303,13,0.9969156491730324,0.06652152451242271,3.69,0.3088087320710966,1337587.3753140306,1336697.591800286,MultiPolygon
Emmen,1682829,1024,313,3,0.9991441702113903,0.023222690721517607,5.443,0.08560967518067471,20366277.960293755,20361548.36255155,MultiPolygon
Gontenschwil,1684318,4135,1905,19,0.9991713431281857,0.005879508211946212,9.578,0.08290247208032495,9737906.050522622,9738478.591508534,MultiPolygon
Vaulion,1685176,5765,2224,22,0.9991487819981343,0.038738621112783804,3.745,0.0851745387427786,13151406.7718261,13156501.445466438,MultiPolygon
Tujetsch,1684197,3986,1850,18,0.9997513444203433,0.0024146512617565278,12.338,0.024868349584528788,133910445.1425739,133907211.67232063,MultiPolygon
Bioley-Magnoux,1684853,5903,2224,22,0.9984621149254851,0.0009128346336186731,3.134,0.15390755543509335,4285682.030949992,4285721.152139857,MultiPolygon
Bonvillars,1684859,5551,2224,22,0.9990817702557484,0.013224436005372216,22.212,0.09187122540632722,8468459.985652067,8469579.89172351,MultiPolygon
Büttikon,1684290,4064,1903,19,0.9992324634305396,0.04144893790410444,6.485,0.07676721097915813,2819077.1878826376,2817908.7103295634,MultiPolygon
Udligenswil,1682925,1067,312,3,0.9983910797919691,0.001860480227169722,3.309,0.161023054108122,6224656.976676455,6224772.785188715,MultiPolygon
Hersberg,1683657,2827,1303,13,0.9967640159196239,0.07088875903898503,2.892,0.32400795287849116,1663744.3634382926,1662564.9557054702,MultiPolygon
Duggingen,1683643,2785,1302,13,0.9986416953626353,0.002425611605714876,11.78,0.13592112752563593,5857324.056182911,5857181.98025082,MultiPolygon
Val Müstair,1684200,3847,1843,18,0.9989423181718946,0.013623267695346436,63.608,0.1058169385953191,198649198.88054723,198622136.36840907,MultiPolygon
Bettens,1684851,5471,2223,22,0.9978953113322722,0.00502186412592943,3.586,0.21068529551953458,3744519.577868005,3744331.5331826354,MultiPolygon
Heimenhausen,1682473,977,244,2,0.9985928057202405,0.026635951188303333,3.512,0.14079975330062153,5843404.505355616,5841848.058983834,MultiPolygon
Villmergen,1684452,4080,1903,19,0.9999954103754977,3.3835226789800775e-06,0.017,0.0004589635112724471,11939815.865615405,11939816.269601783,MultiPolygon
Arnex-sur-Nyon,1684834,5701,2228,22,0.9952210232783582,0.11539679685699089,10.576,0.4787659384989349,2044163.1212878514,2041804.2225233533,MultiPolygon
Jegenstorf,3411472,540,246,2,0.9989816101645034,0.003446670473362485,6.054,0.10189262178193512,13489985.983936708,13490450.939300478,MultiPolygon
Saint-George,1685136,5434,2228,22,0.9991683202233034,0.016209528423621267,3.27,0.08320931999235626,12315156.899137067,12317153.127995046,MultiPolygon
Döttingen,1684295,4304,1911,19,0.9999950828274486,4.97798639419853e-05,0.014,0.000491718586499355,6924724.149474838,6924727.596593098,MultiPolygon
Löhningen,1683674,2903,1401,14,0.9999958029953311,4.249901166033355e-05,0.014,0.0004197012584022685,6831289.970539944,6831287.067309223,MultiPolygon
Le Landeron,1685505,6455,,24,0.9999958602199688,7.95076126807466e-06,0.015,0.00041397887651128463,10324925.17847492,10324925.999385072,MultiPolygon
Unterbäch,1685388,6201,2309,23,0.9973112359406766,0.08492076372422167,81.784,0.26912404551405306,22055093.067744263,22036363.714271046,MultiPolygon
Seengen,1684424,4208,1907,19,0.9999968364780536,1.1988186726606451e-05,0.017,0.0003163527140322636,10342965.645452129,10342966.885386163,MultiPolygon
Vitznau,1682927,1068,312,3,0.9999958607198105,9.169944571031907e-06,0.015,0.0004139288946012984,11765209.568257581,11765210.647120778,MultiPolygon
Oberegg,1683915,3111,,16,0.9983399315633549,0.016200265892157464,15.897,0.16613129154619535,14608044.152116923,14605677.610122636,MultiPolygon
Lommis,1684540,4741,2014,20,0.9985638186831592,0.0062875923276651206,3.777,0.14372585493908135,8605851.356816947,8606392.457666589,MultiPolygon
Geltwil,1684316,4232,1908,19,0.9999920474271495,6.376110536990352e-05,0.016,0.0007952601936680921,3280362.9377860287,3280360.8461903594,MultiPolygon
Warth-Weiningen,1684568,4621,2012,20,0.9984879601533782,0.030324331023714134,3.651,0.15134132751945845,8212637.06213624,8215127.489384739,MultiPolygon
Schwerzenbach,1682205,197,109,1,0.9980767237417305,0.006079442915184433,3.847,0.19250690157958458,2650915.5883300626,2650754.4274301403,MultiPolygon
Onnens (VD),1685078,5565,2224,22,0.9999956067658609,1.0327855687143766e-05,0.015,0.0004393244015584286,7109494.439242703,7109495.173501029,MultiPolygon
Aadorf,1684495,4551,2014,20,0.9988710863299298,0.012115874954345131,3.888,0.11296196805032771,19944216.46129294,19946632.877620015,MultiPolygon
Fällanden,1682126,193,109,1,0.9987694639173887,0.0011447765802553318,3.729,0.12312866104672752,6381606.787941536,6381533.732801584,MultiPolygon
Court,1682415,690,241,2,0.9994829889138195,0.0024400699707643855,11.219,0.051715108031784494,24606287.938189164,24606888.348832063,MultiPolygon
Saxon,1685373,6141,2307,23,0.9994126991960067,0.0023304985542498685,3.422,0.058746647023927755,23220028.10351453,23219486.96109528,MultiPolygon
Vuiteboeuf,1685202,5766,2224,22,0.9989362350603761,0.013985173168077786,13.937,0.1064405462914041,5061990.13887657,5062698.066963243,MultiPolygon
Minusio,1684717,5118,2104,21,0.9987085783492953,0.03442029111072765,17.546,0.12924784735944464,8830023.12992783,8833062.449594297,MultiPolygon
Sergey,1685151,5762,2224,22,0.9999897683415888,1.3435617757333036e-06,0.012,0.0010231710823529125,1462521.582046886,1462521.601696767,MultiPolygon
Manno,1684707,5194,2105,21,0.9998906681384749,0.004562732694183516,2.178,0.010933534418239393,2365568.880775602,2365460.9461908755,MultiPolygon
Murgenthal,1684370,4279,1910,19,0.9998861702016948,0.005842173030520227,2.73,0.011383960254089172,18615442.796032615,18616530.342411157,MultiPolygon
Chevroux,1684902,5813,2222,22,0.9998915972935015,0.0017257079129966867,2.852,0.010840951779817492,13196025.98609075,13196253.710955393,MultiPolygon
Wiler bei Utzenstorf,1682724,554,245,2,0.9987902537495831,0.011277823469049082,3.419,0.12104101784802561,3820642.0975715243,3820211.212300376,MultiPolygon
Bottenwil,1684278,4273,1910,19,0.9995096685271588,0.025037820279562063,4.828,0.04905131140060661,5100757.568736586,5102034.687249542,MultiPolygon
Bischofszell,1684507,4471,2015,20,0.9982439696382703,0.007213374305218195,9.863,0.17575101477986407,11576890.332204634,11576055.247772068,MultiPolygon
Glarus Süd,1683141,1631,,8,0.9998273695497701,0.0012539403687205242,6.08,0.017264426972044253,430032382.1827548,430026989.83311605,MultiPolygon
Niederbuchsiten,1683556,2405,1101,11,0.998751231111122,0.02290151432407953,7.524,0.12494060050598219,5487973.783279064,5486716.954176985,MultiPolygon
Ottenbach,1682187,11,101,1,0.9990619248302264,0.05354881412463374,3.715,0.0938264086830256,5022357.33294232,5019667.920149428,MultiPolygon
Aire-la-Ville,1685444,6601,,25,0.997608621420229,0.00832241645376477,10.411,0.23943409778769478,2926527.3429029225,2926770.900696032,MultiPolygon
Seeberg,5817433,988,244,2,0.9993018035343153,0.005433643573431365,3.345,0.06984213145776372,16803290.595556926,16802377.564637356,MultiPolygon
Giez,1684983,5559,2224,22,0.9978190352784067,0.08970651779129737,19.226,0.21823663198144702,4763100.181644559,4758827.370332695,MultiPolygon
Beromünster,1682818,1081,314,3,0.9995908116079383,0.013097227208165911,17.399,0.04092453251137721,42335342.50856863,42329797.75257093,MultiPolygon
Heitenried,1683338,2296,1006,10,0.9996407870875545,0.004549367504342327,2.891,0.03592692685679616,9127864.094842698,9127448.834759727,MultiPolygon
Pfungen,1682188,224,110,1,0.9984875900054319,0.06524374723940825,3.446,0.15140483019381593,4986719.739634509,4989973.262456974,MultiPolygon
Rossemaison,1685625,6721,2601,26,0.9999633391731606,0.003128925308984149,0.961,0.003666207241444305,1886416.0404964332,1886475.065045357,MultiPolygon
Hérémence,1685316,6084,2305,23,0.9980943574701756,0.03166293379674116,68.5,0.19077619771744847,107437610.57847904,107471628.4779893,MultiPolygon
Affoltern am Albis,1682080,2,101,1,0.998659865556177,0.01990651955496339,3.729,0.13408995495989,10593038.08768839,10590929.38249,MultiPolygon
Losone,1684699,5115,2104,21,0.9989736695964434,0.027279189116274118,15.76,0.10267172918373313,9260552.181164872,9258025.97762216,MultiPolygon
Aristau,1684255,4222,1908,19,0.9999694280391347,0.0026133452660520957,0.738,0.0030572028712262363,8641690.38101604,8641464.543809561,MultiPolygon
Thurnen,10523927,889,246,2,0.9990025826774664,0.003816269689330379,3.408,0.09979340329462387,5951451.135377454,5951678.258803208,MultiPolygon
Rüdtligen-Alchenflüh,1682633,420,245,2,0.997750894917954,0.009784763255000729,4.251,0.22515270076591135,2720811.834714061,2720545.6097174203,MultiPolygon
Habsburg,1684320,4099,1904,19,0.9999887983685605,0.00022250933999239724,0.016,0.0011201706641023252,2226516.915797908,2226521.870006002,MultiPolygon
Müntschemier,1682571,498,243,2,0.9992382235293459,0.013645045790395998,3.19,0.07620147407296486,4871876.901566439,4871212.131732369,MultiPolygon
Eischoll,1685296,6194,2309,23,0.9997177330532535,0.010237116582188089,11.144,0.02822923396475588,14147389.735595033,14145941.450814463,MultiPolygon
Turtmann-Unterems,2757461,6119,2306,23,0.9990901833251271,0.006202838573468693,20.763,0.0910202516357617,42422992.05214319,42420360.62242816,MultiPolygon
Selzach,1683576,2556,1107,11,0.9994768641551373,0.01086311282632746,3.255,0.05232442943635396,19469503.44389107,19467388.449765235,MultiPolygon
Pollegio,1684738,5077,2103,21,0.9999954727816488,4.5498073631734835e-05,0.017,0.0004527227568058323,5959769.9630790185,5959767.251498492,MultiPolygon
Rue,1683391,2097,1002,10,0.9990791576181058,0.004610611729329846,8.736,0.09212877905509198,20032875.58698227,20033799.225093804,MultiPolygon
Neggio,1684727,5206,2105,21,0.9971125076629509,0.0841693098008778,11.108,0.2890450222297887,893852.6440399756,893100.2944388503,MultiPolygon
Chamoson,1685286,6022,2302,23,0.9992767155697284,0.0006851014691599913,10.258,0.07235436165713668,32468850.880370144,32468628.435795743,MultiPolygon
Paudex,1685093,5588,2226,22,0.9995105677394885,0.01263515328747728,2.643,0.048952113397084024,3903715.3477143524,3903222.107296262,MultiPolygon
Schönengrund,1683937,3003,1501,15,0.9999945307594587,1.800278938711514e-05,0.015,0.0005469255989504425,5192444.184066485,5192445.118851275,MultiPolygon
Uttwil,1684566,4451,2011,20,0.9982567655714095,0.02748605803429133,9.675,0.17449949694576736,4360982.765143358,4362181.427397051,MultiPolygon
Bergün Filisur,1684044,3544,1841,18,0.9996896190623206,0.0034579674045738477,9.464,0.03104237460511482,190143662.10694796,190137087.00109044,MultiPolygon
Uetendorf,1682698,944,247,2,0.9993467097992108,0.008051486102659768,2.871,0.0653529972937219,10174637.181405453,10175456.39090411,MultiPolygon
Herrliberg,1682136,152,107,1,0.9988831140324499,0.014415312092292867,7.379,0.11174294869036944,8986945.408307519,8985649.912079347,MultiPolygon
Brütten,1682094,213,110,1,0.9990818577837114,0.044708713542004196,3.759,0.09187692414894104,6596866.1093370905,6599815.483308664,MultiPolygon
Thalheim an der Thur,1682215,39,102,1,0.9982642959643869,0.02866442314694083,4.543,0.17374606591269529,6442323.5019200435,6444170.156789129,MultiPolygon
Nuglar-St. Pantaleon,1683558,2478,1104,11,0.9982801995924547,0.0028532776926445177,8.004,0.1721255980574431,6343476.509833468,6343295.512833275,MultiPolygon
Zurzach,13623634,4324,1911,19,0.9999954781487066,1.2891250704727404e-05,0.016,0.000452186180915897,25985648.968939044,25985652.3188142,MultiPolygon
Aarwangen,1682356,321,244,2,0.9989773999388629,0.011738385333101753,5.582,0.10231832331229179,9898104.653307967,9899266.530972846,MultiPolygon
Oberdorf (BL),1683684,2892,1305,13,0.9989433006085501,0.021402258944253995,8.127,0.10573711319360583,6210488.937173532,6211818.12209757,MultiPolygon
Truttikon,1682217,41,102,1,0.9980656998655378,0.022786251693262684,3.619,0.1936393294616133,4411034.084068087,4412039.193396758,MultiPolygon
Uetikon am See,1682220,159,107,1,0.9985369086365122,0.042822926871765164,10.882,0.1464475963826844,3457938.02682999,3459418.8171024905,MultiPolygon
Lussy-sur-Morges,1685038,5640,2227,22,0.9972314884029462,0.0002920786714952979,3.607,0.2772353286281705,2341793.571990016,2341800.41186957,MultiPolygon
Grossdietwil,1682841,1131,315,3,0.9999940486331876,2.1015340107908882e-05,0.016,0.0005951385147325265,10198741.269404113,10198743.412704278,MultiPolygon
Cugy (VD),1684937,5516,2223,22,0.9979756255417379,0.006201898683870569,7.233,0.20264884187834292,2906180.869655008,2906361.108048114,MultiPolygon
Novalles,1685072,5564,2224,22,0.9970735193661602,0.08433473922677553,19.226,0.2932004881497626,2060205.880991437,2061943.3502487058,MultiPolygon
Cuarny,1684935,5911,2224,22,0.9955639193746635,0.050670296307472655,17.7,0.44470682896739855,4559526.45004008,4561836.775602533,MultiPolygon
Rossinière,1685129,5842,2230,22,0.9997944141439342,0.014457622640153342,3.371,0.020559212806888036,23354686.634272005,23351310.101809632,MultiPolygon
Matten bei Interlaken,1682547,587,250,2,0.9972718045774057,0.07126052689596753,10.295,0.27309486401675265,5910239.403953369,5906027.7362132985,MultiPolygon
Worben,1682731,755,243,2,0.9982777105422892,0.02302805163779631,3.339,0.17235754007287413,2756227.409247082,2755592.7037760257,MultiPolygon
Bassins,1684842,5703,2228,22,0.9991094658081084,0.022870897250705468,13.523,0.08908290121593332,20775251.567792024,20770500.08135238,MultiPolygon
Spreitenbach,1684429,4040,1902,19,0.9999955983578804,3.7862696444122777e-06,0.016,0.00044016518899736313,8596392.098392097,8596392.423874682,MultiPolygon
Meikirch,1682550,307,246,2,0.9986121048835731,0.01155369018493527,9.125,0.13889391439019688,10232596.119260265,10233778.36171376,MultiPolygon
Fétigny-Ménières,1683320,2056,1001,10,0.9997309451558746,0.0006722725736802213,9.033,0.026909013973676756,8482401.855941461,8482344.831080195,MultiPolygon
Gambarogno,1684677,5398,2104,21,0.9987160705352472,0.00521088347363301,34.304,0.12847207581363843,65391525.135182776,65388117.65900635,MultiPolygon
Winkel,1682242,72,103,1,0.9980310924427418,0.003935626135215878,5.65,0.19708089831866993,8113139.054066412,8112819.751245414,MultiPolygon
Pailly,1685090,5530,2223,22,0.9989675085800501,0.00018214607576977942,3.443,0.10330256553338726,5768366.924690396,5768377.431544385,MultiPolygon
Kallnach,1682500,304,243,2,0.9993163259067566,0.0034901024793343185,3.231,0.06838959437510822,17977918.017444354,17977290.569681894,MultiPolygon
Salmsach,1684554,4441,2011,20,0.9979488731926698,0.10159068970685965,3.351,0.20542754740088082,2710178.2122589936,2712931.5009971126,MultiPolygon
Rumendingen,1682628,421,245,2,0.998254928590954,0.000812631335171426,7.57,0.17466024725638576,2439361.6189890397,2439381.4420059337,MultiPolygon
Sant'Antonino,1684751,5017,2101,21,0.995279699571565,0.08346500705734018,23.882,0.4729492842437809,6548239.945388349,6542774.456455799,MultiPolygon
Waldenburg,1683719,2895,1305,13,0.9991617291996915,0.002007805447768176,10.623,0.083863071555249,8323456.749801954,8323623.868620019,MultiPolygon
Steinerberg,1683115,1374,506,5,0.9986278753735427,0.0073759897296562,5.379,0.13730159971015826,6920809.070328463,6920298.592162226,MultiPolygon
Mels,1683906,3293,1725,17,0.9993898552336891,0.024683763257999373,31.494,0.06104062877537811,139105513.2990266,139139849.77460817,MultiPolygon
Haut-Intyamon,1683334,2121,1003,10,0.9988392272919627,0.052557416262815196,96.362,0.11617520091239539,60266289.105129324,60297963.50956046,MultiPolygon
Wichtrach,1682720,632,246,2,0.9994600703313599,0.0043085030884502575,3.083,0.0540063835439109,11601091.32029446,11600591.486916631,MultiPolygon
Schangnau,1682648,906,245,2,0.9996258202452072,0.004255574321792952,18.077,0.03742418098994569,36484699.56262182,36483146.92911585,MultiPolygon
Altstätten,1683857,3251,1723,17,0.9992445862761974,0.002756106842645698,7.08,0.07556887426207783,39462232.45102507,39461144.829736225,MultiPolygon
Schwende-Rüte,14096673,3112,,16,0.9996599509183911,0.0009685179692714005,28.459,0.03401085551302598,98327075.47557218,98328027.79096682,MultiPolygon
Isone,1684688,5009,2101,21,0.9957371993927833,0.07890309127603606,22.983,0.4273591081270768,12834453.999153886,12844580.78010762,MultiPolygon
Obersaxen Mundaun,5817201,3988,1850,18,0.9995184149838271,0.005756799828073188,9.942,0.048168714088440166,70353896.74753454,70349846.61452754,MultiPolygon
Saint-Prex,1685140,5646,2227,22,0.9997013753440186,0.004387336257805373,5.162,0.029866269917105483,25254819.540606268,25253711.52675172,MultiPolygon
Riederalp,1685359,6181,2309,23,0.9992972947350658,0.005173409331712752,13.199,0.07029340657588552,19092022.2775433,19091034.56908118,MultiPolygon
Ferden,1685304,6195,2309,23,0.9972452973035381,0.026995052137019873,37.164,0.2758129793535068,27925458.21968993,27917919.727684025,MultiPolygon
Reichenbach im Kandertal,1682616,567,249,2,0.9995019112783182,0.012331559729683247,29.454,0.04982435174759743,125761448.95565963,125776957.30385451,MultiPolygon
Aesch (BL),1683611,2761,1301,13,0.9987508601797902,0.008193189147643552,8.15,0.12498692787601251,7395474.289518763,7394868.364321858,MultiPolygon
Drei Höfe,2744225,2535,1106,11,0.9987098313018102,0.0036349434504529808,3.369,0.12909780394658005,4575950.243176301,4575783.909972641,MultiPolygon
Flums,1683880,3292,1725,17,0.9995574178234782,0.00014436019797594803,5.65,0.04426798181639696,75154824.65127154,75154716.15761788,MultiPolygon
Aranno,1684615,5143,2105,21,0.9998975096388988,0.0015343620246319842,0.638,0.01024948271801264,2585683.4401464784,2585643.7664016956,MultiPolygon
Leukerbad,1685329,6111,2306,23,0.9992054079650969,0.012677193894913093,29.113,0.07948574626198943,67329994.13422872,67321458.58032289,MultiPolygon
Bauma,1682087,297,108,1,0.998436842589523,0.024497806960834645,15.952,0.15641884772399028,29531838.873124007,29524604.220244884,MultiPolygon
Unterlangenegg,1682699,945,247,2,0.9987793491644498,0.016266810123471236,3.044,0.12214956258554525,6801315.563956486,6802421.921045173,MultiPolygon
Brienzwiler,1682393,574,250,2,0.9980141282771468,0.04297624246868028,30.443,0.19882726766190317,17633603.757380866,17641182.017687604,MultiPolygon
Radelfingen,1682612,309,243,2,0.9994618687136365,0.00840025621513885,2.977,0.0538298726260905,14712817.049577605,14714052.963906234,MultiPolygon
Oron,1948073,5805,2226,22,0.9991837964399287,0.005058811280204368,4.459,0.08165574437158724,26281519.91387501,26282849.446369022,MultiPolygon
Inden,1685318,6109,2306,23,0.9978125135888741,0.04038243706961044,31.185,0.21903237430020644,9730349.278389545,9734278.630563544,MultiPolygon
Lungern,1683090,1405,,6,0.9996529897095576,0.0014166828296603925,3.462,0.034706805051720774,46472715.22215238,46472056.85117535,MultiPolygon
Ursy,1683415,2102,1002,10,0.9990650566271019,0.003505022430525095,8.736,0.09353642442123772,17131375.367679592,17130774.909130298,MultiPolygon
Courtedoux,1685593,6785,2603,26,0.9988992559744468,0.022375410025502238,6.831,0.11012269620572351,8214938.011220918,8213099.8851575665,MultiPolygon
Raron,1685355,6199,2309,23,0.9972001927501746,0.08852433408996295,43.544,0.2802491212067823,30417495.70131384,30390568.815797407,MultiPolygon
Maggia,1684703,5317,2108,21,0.9971559590102781,0.0011078713176531421,79.957,0.28481068101362844,111158283.65992665,111159515.15066852,MultiPolygon
Jonen,1684335,4071,1903,19,0.9999945103050383,9.777618890179441e-05,0.015,0.0005489712715176398,5696517.082933629,5696522.652770933,MultiPolygon
Jongny,1685003,5885,2230,22,0.9966137995444199,0.008047883824129489,15.247,0.33918068658172507,2159532.1942645875,2159358.3976224484,MultiPolygon
Vernate,1684768,5230,2105,21,0.9999901899634372,1.6775902668604842e-05,0.018,0.000981008550482375,1509792.3565380138,1509792.60981931,MultiPolygon
Wangen-Brüttisellen,1682231,200,109,1,0.9985357792807901,0.01802133841323439,5.785,0.1465425508492806,7918910.007360528,7920337.100931594,MultiPolygon
Waltenschwil,1684456,4240,1908,19,0.9999931590850425,2.998104193031312e-05,0.986,0.0006840937329136255,4544880.729194497,4544879.3665919,MultiPolygon
Saint-Léonard,1685366,6246,2311,23,0.9985718588667617,0.03888970810886476,3.07,0.14288837571137677,3885061.1262018653,3883550.2372700344,MultiPolygon
Wagenhausen,1684567,4871,2012,20,0.9991762154873227,0.020894141869181017,4.175,0.08240378661391934,11819422.720788045,11816953.153836645,MultiPolygon
Kaufdorf,1682504,869,246,2,0.999177325280494,0.004198690101290997,2.99,0.08229959777180142,2058297.2674405265,2058210.8459169033,MultiPolygon
Dagmersellen,1682822,1125,315,3,0.9988890960213093,0.00240232198444862,17.085,0.11115347266117084,23865808.509832397,23866381.843396995,MultiPolygon
Oberrüti,1684391,4237,1908,19,0.9974820416732357,0.07017206018242214,9.53,0.2520247814632545,5377621.811884935,5373848.223870716,MultiPolygon
Sorengo,1684760,5225,2105,21,0.9999841767107653,0.00020661961062453662,0.014,0.0015823430770388752,846119.3069855223,846121.0552339398,MultiPolygon
Rheinau,1682193,38,102,1,0.9991026450749353,0.033399137028736064,5.642,0.08976078070588753,8944491.050027529,8941503.667205207,MultiPolygon
Andelfingen,1682083,291,102,1,0.9984608882181939,0.004841481794661908,5.891,0.15403344131373684,16987805.644192506,16988628.10571008,MultiPolygon
Mollens (VD),1685051,5431,2227,22,0.9990105170060691,0.025269267018819735,3.362,0.09898476951096483,10990686.03889501,10987908.77309264,MultiPolygon
Glarus Nord,1683140,1630,,8,0.9996412719938478,0.0013121670300067032,15.729,0.03587900066090362,151606860.71242017,151604871.37717867,MultiPolygon
Carouge (GE),1685459,6608,,25,0.9973167773681377,0.11331517742805278,3.549,0.268834960135254,2696750.6186434696,2699806.4463917776,MultiPolygon
Estavayer,6838556,2054,1001,10,0.9999140293502533,0.00042364604071442116,3.238,0.008597452749458147,68480344.40787797,68480634.52214572,MultiPolygon
Lenk,1682532,792,248,2,0.998838553084413,0.02144880945030581,73.876,0.1161997156324176,122959915.40073055,122933541.96277599,MultiPolygon
Werthenstein,1682930,1009,316,3,0.9989050805763081,0.007981972684389403,3.595,0.10955628983250043,15801360.544050016,15802621.804332403,MultiPolygon
Oberlangenegg,1682590,935,247,2,0.9987619759799439,0.0144659738080983,8.098,0.1238701244887203,9160244.14824413,9158919.029724887,MultiPolygon
Märstetten,1684543,4941,2015,20,0.9984680110120049,0.001448736652699831,3.767,0.15331744884551257,9965153.993864719,9965298.362703126,MultiPolygon
Farnern,1682439,975,244,2,0.9979962191051845,0.03520628979518434,3.444,0.20061435593375926,3678143.3855295987,3679438.3233489906,MultiPolygon
Bourg-Saint-Pierre,1685281,6032,2303,23,0.9987694468681714,0.07285528203172617,64.703,0.12308621910145671,89801985.05312137,89736559.56364083,MultiPolygon
Uezwil,1684443,4078,1903,19,0.9997571816118894,0.0007525250883872746,5.02,0.02428487858218668,2443988.3131760117,2444006.7048012256,MultiPolygon
Tschappina,1684194,3669,1851,18,0.9991762553800222,0.0001699517021247967,19.021,0.08240833371013266,24667129.249924704,24667087.32771868,MultiPolygon
Avusy,1685448,6604,,25,0.998616484505055,0.05545492325586814,3.601,0.13848570942965213,5172005.802540091,5174873.9343886785,MultiPolygon
Gollion,1684989,5484,2227,22,0.9999941559712601,4.692874643623031e-06,0.016,0.000584404567815945,5447751.489685046,5447751.234028897,MultiPolygon
Pully,1685114,5590,2226,22,0.9993544067219816,0.056369462835733006,5.989,0.06459837581354427,17061204.331658043,17070821.640893105,MultiPolygon
Bärschwil,1683489,2611,1110,11,0.9978385386729505,0.02166373804242718,23.361,0.21635654318940306,11189351.093685448,11186927.061975865,MultiPolygon
Worb,1682730,627,246,2,0.9994151296002374,0.0017359628418189082,3.406,0.058503640843646926,21084892.299583025,21084526.273687467,MultiPolygon
Lütschental,1682543,586,250,2,0.9999966217198094,1.3936411347965855e-05,0.007,0.00033782856637175004,12279835.709765619,12279833.998397201,MultiPolygon
Aeugst am Albis,1682079,1,101,1,0.9984249212446774,0.0026866973694993886,3.729,0.15762989940527422,7912337.833634075,7912125.253061633,MultiPolygon
Holderbank (SO),1683525,2425,1102,11,0.9991249192313352,0.046509496100768336,2.948,0.08752602325348861,7754986.490846047,7751379.685706472,MultiPolygon
Sins,1684427,4239,1908,19,0.9999963448975886,8.258159572433915e-06,0.015,0.00036551092388930576,20307417.704462536,20307419.381481495,MultiPolygon
Mies,1685048,5723,2228,22,0.998929919738563,0.025046411802510472,6.896,0.10705190237215217,6638173.889019536,6636511.264651125,MultiPolygon
Lüsslingen-Nennigkofen,2742593,2464,1103,11,0.9991815787680521,0.01524674085160675,3.446,0.08188186925309325,7809252.180683886,7810442.837126323,MultiPolygon
Bettenhausen,1682379,973,244,2,0.9979965406818989,0.06652043469107283,6.349,0.20048012320324865,3934598.3046720373,3931980.992776422,MultiPolygon
Wald (AR),1683956,3036,1503,15,0.9999942347456284,9.971326941342e-06,0.016,0.0005765270704632729,6827383.041196471,6827382.3604157865,MultiPolygon
Gravesano,1684684,5187,2105,21,0.9997139588847854,0.016116233908009505,0.487,0.028605897800105633,711523.0571846166,711408.3864644113,MultiPolygon
Wilchingen,1683721,2974,1406,14,0.9999959395327924,4.9986554534160363e-05,0.015,0.0004060474438378476,21102503.70914427,21102493.160729744,MultiPolygon
Sennwald,1683938,3274,1724,17,0.9992661674549876,0.007083357777237094,38.319,0.07341278984763097,41564264.20584647,41567208.35138765,MultiPolygon
Neuhausen am Rheinfall,1683680,2937,1403,14,0.9949175802475048,0.33009949878819195,20.988,0.5103778044732943,7995729.765657923,8022123.629538818,MultiPolygon
Milvignes,2758642,6416,,24,0.999995049676118,1.2611883516904979e-05,0.015,0.0004950335819809765,8840468.455903387,8840467.340953803,MultiPolygon
Bachenbülach,1682084,51,103,1,0.9969613156658382,0.048705053279535275,20.914,0.3042567038147395,4314148.700635415,4312047.492212212,MultiPolygon
Brüttelen,1682395,491,243,2,0.998910571937191,0.0008288406750375525,3.218,0.10900263302580031,6612482.936350138,6612537.743298344,MultiPolygon
Noble-Contrée,1685395,6254,2311,23,0.998836953870228,0.008108309889011912,3.609,0.11636756823279167,6498583.328989942,6498056.403715231,MultiPolygon
Buseno,1684053,3804,1847,18,0.9983680560218805,0.005954892459181233,4.006,0.16332280562098686,11149046.859738361,11148382.94598764,MultiPolygon
Grangettes,1683329,2079,1002,10,0.9990952891421762,0.035592362272535615,3.121,0.09052813707473588,3307742.65569306,3308919.9594421173,MultiPolygon
Innerthal,1683084,1343,505,5,0.9989984144069104,0.006800174440971085,23.589,0.10021215031030879,50141996.31824398,50145406.06146181,MultiPolygon
Bavois,1684844,5746,2224,22,0.9989326607683505,0.0232410888949541,10.633,0.10680332391708816,9347960.736702893,9350133.304567575,MultiPolygon
Grindelwald,1682457,576,250,2,0.9986539517446229,0.0760937343259919,84.285,0.13464423143463755,171377264.72610334,171246857.3655875,MultiPolygon
Uebeschi,1682697,943,247,2,0.9991588349987994,0.0016608102869550912,2.981,0.08415119413198212,4419189.142359579,4419115.748011703,MultiPolygon
Birwinken,1684506,4901,2015,20,0.9988339979663868,0.010876205737959175,3.911,0.11667456559066457,12292852.51549697,12294189.511427619,MultiPolygon
Widen,1684459,4081,1903,19,0.9999862318025483,0.00017743264683119003,0.112,0.001376828001934358,2615692.907167575,2615688.2660744167,MultiPolygon
Eschenbach (LU),1682832,1026,313,3,0.9989114453026314,0.00265149723272795,3.567,0.1089161935039207,13207393.1302574,13207743.323920764,MultiPolygon
Lauperswil,1682528,903,245,2,0.9989520544508995,0.020752415321974436,18.905,0.10486037259113463,21194236.98867592,21198635.304760132,MultiPolygon
Urdorf,1682224,250,111,1,0.9991509830453595,0.00253238049974364,3.866,0.0849366767865203,7582837.454588065,7582645.428291038,MultiPolygon
Büron,1682821,1082,314,3,0.9982671381464236,0.03253994998944393,3.439,0.17346467413507724,5365605.228078343,5367351.193336191,MultiPolygon
Orges,1685081,5924,2224,22,0.9989227034057552,0.04022719626131253,3.61,0.10776603910719128,4024759.564576458,4023140.51664737,MultiPolygon
Tramelan,1682688,446,241,2,0.9992588016756906,0.013365281813079076,3.905,0.0741522663610202,24824673.15557967,24827991.04310609,MultiPolygon
Mauensee,1682895,1091,314,3,0.9982849138224383,0.029517575617718266,3.574,0.17163048569979092,7214413.854371199,7212284.33430636,MultiPolygon
Bern,1682378,351,246,2,0.9995599934718786,0.001726469448420342,8.672,0.04400995531701855,51618816.22018426,51617925.03709258,MultiPolygon
Brislach,1683631,2782,1302,13,0.9986709979043313,0.02106855492596031,13.016,0.13300259000407655,9416615.437463809,9418599.382259417,MultiPolygon
Belmont-sur-Lausanne,1684847,5581,2226,22,0.9948381522243875,0.2725051009430793,5.989,0.5168153236511599,2648583.465206045,2641365.9401606238,MultiPolygon
Herisau,1683894,3001,1501,15,0.9999969367279246,7.973953803532612e-07,0.016,0.00030632767567620846,25202023.123992454,25202022.923032686,MultiPolygon
Mettembert,1685616,6716,2601,26,0.9999872818791343,0.00020090175263243052,0.015,0.0012718214516959452,2344344.81624296,2344349.5260727834,MultiPolygon
Romanshorn,1684552,4436,2011,20,0.9990569247291298,0.012963256011475811,3.351,0.09435813316113129,8880003.052268086,8881154.189797578,MultiPolygon
Rennaz,1685117,5412,2221,22,0.9999379250604082,0.00303780419162921,0.745,0.006207592341406592,2187556.9005750017,2187490.446879782,MultiPolygon
Buch am Irchel,1682097,24,102,1,0.9984132701781833,0.03688819821665217,6.313,0.15882825674948278,10209806.730461368,10213572.944205638,MultiPolygon
Treyvaux,1683412,2226,1004,10,0.9992023344738923,0.0014981119413822197,13.035,0.07979897655307183,11403482.527056107,11403653.363989579,MultiPolygon
Birmensdorf (ZH),1682091,242,111,1,0.9999950123500938,1.6735102526908626e-05,0.017,0.0004987662764001813,11417918.278471598,11417920.189271929,MultiPolygon
Mörel-Filet,1685343,6203,2309,23,0.998098511093203,0.0007368710477601999,15.415,0.19033054696766494,8546019.101990368,8546082.075130867,MultiPolygon
Reconvilier,1682615,703,241,2,0.9988556144581946,0.018410346182226832,6.319,0.11451461288118316,8249090.396235083,8250609.082333915,MultiPolygon
Fahrni,1682438,925,247,2,0.9986560793830646,0.008695863771468257,3.722,0.1344882757520817,6682263.947103907,6682845.027673597,MultiPolygon
Kippel,1685321,6197,2309,23,0.9988474116633768,0.03586030169080142,46.676,0.11530461695811271,11682719.340596106,11678529.882194879,MultiPolygon
Kehrsatz,1682505,870,246,2,0.9983785040995881,0.01573652841325396,3.688,0.16229392786864474,4436721.026046888,4437419.211911769,MultiPolygon
Burtigny,1684874,5854,2228,22,0.9989585905554527,0.02203283494673317,9.291,0.10420667796547124,5681999.256496379,5683251.162014238,MultiPolygon
Tévenon,1868688,5571,2224,22,0.9983499976196475,0.09279515734054716,18.628,0.16521309515063262,14276650.508797696,14289898.549100295,MultiPolygon
Lignières,1685514,6456,,24,0.999551262331385,0.042376301261640915,2.91,0.044874327340832056,12519150.236205617,12513845.083386125,MultiPolygon
Jorat-Mézières,6376490,5806,2226,22,0.9986435765661724,0.009444736128276536,11.109,0.13572799016479786,11084474.414881563,11083427.51552187,MultiPolygon
Kirchlindach,1682512,354,246,2,0.9991388846405429,0.0026846745447754094,2.919,0.08614978430419223,11964314.095268035,11964635.298163008,MultiPolygon
Mühleberg,1682563,668,246,2,0.9996371757498024,0.0020089611511961984,3.841,0.036289372801912,26259838.213387243,26260365.763335317,MultiPolygon
Arch,1682365,381,243,2,0.9991155890448974,0.0038539409084653547,3.082,0.08847851696131559,6375295.418502581,6375049.718384412,MultiPolygon
Agiez,1684830,5742,2224,22,0.9988962334639616,0.028812935973042488,6.246,0.11045351242653594,5460957.101716801,5462530.563790034,MultiPolygon
Riviera,7187847,5287,2107,21,0.9999986321759555,9.973779547337027e-06,0.015,0.00013678249124239535,86531998.14142545,86531989.51091471,MultiPolygon
Starrkirch-Wil,1683578,2584,1108,11,0.9978267496981628,0.05400428761402117,3.317,0.21750269166166533,1844943.7773849468,1843947.4286410909,MultiPolygon
Erlen,1684516,4476,2015,20,0.9993631946521289,0.017052985532385004,3.677,0.0637062487430785,12191843.72611408,12193922.799460825,MultiPolygon
Schötz,1682920,1143,315,3,0.999263901178854,0.007053065826035785,3.453,0.07363438733087048,15267327.654920409,15266250.84025103,MultiPolygon
Bissone,1684629,5154,2105,21,0.9957717826529685,0.36137162920981925,19.923,0.42295192213457394,3696446.3510015854,3683088.442600104,MultiPolygon
Vezia,1684770,5231,2105,21,0.9999921072717256,4.7416559528266196e-05,0.016,0.0007892757550521336,1389647.635076044,1389646.9761529458,MultiPolygon
Witterswil,1683590,2481,1104,11,0.9983286446329696,0.03698578634767146,4.563,0.16724439091197965,2669422.70817462,2668435.401195058,MultiPolygon
Assens,1684837,5511,2223,22,0.9987897444937388,0.0055557584788036365,9.998,0.12110219486861197,8461188.233843422,8461658.31702613,MultiPolygon
Erlenbach im Simmental,1682433,763,249,2,0.9994763800124755,0.0004626646235922008,12.426,0.052375832399085574,36690351.22922297,36690520.98249838,MultiPolygon
Saint-Brais,1685627,6758,2602,26,0.9968641603358385,0.03896009712809987,22.009,0.314015230815112,15157198.173756434,15151292.91462604,MultiPolygon
Ebnat-Kappel,1683874,3352,1727,17,0.9992878719187985,0.0006748376919548159,16.306,0.07123793310104952,43545866.834163226,43545572.97024054,MultiPolygon
Safenwil,1684412,4283,1910,19,0.9999948172396729,7.092590514334424e-05,0.015,0.0005182771919771898,5990778.078898629,5990773.829885052,MultiPolygon
Pura,1684744,5216,2105,21,0.9999930239313236,9.479654311843483e-06,0.014,0.0006976092679069654,3044256.516734395,3044256.228149401,MultiPolygon
Bottens,1684861,5514,2223,22,0.9982086833995946,0.026121861428779702,8.701,0.17926882739169486,6885324.704416067,6883526.129437858,MultiPolygon
Rossenges,1685128,5684,2222,22,0.9975885003053215,0.0032255422960675503,3.49,0.24143719312943324,1076845.9091545267,1076811.1750342634,MultiPolygon
Finhaut,1685307,6214,2310,23,0.9962004107261809,0.12560019917547427,62.447,0.38092121404628865,22825457.176327113,22854125.996003293,MultiPolygon
Oberwil im Simmental,1682596,766,249,2,0.9995693267663861,0.01903696941520209,13.85,0.04308069957009055,46060330.52635413,46069099.01738897,MultiPolygon
Lampenberg,1683663,2887,1305,13,0.9991151648184509,0.008639948510133605,3.279,0.08851885798960228,4008577.3146285205,4008230.9756125477,MultiPolygon
Oberägeri,1683146,1706,,9,0.9992603369948947,0.0018867837093475706,9.22,0.07399296764913796,36237560.74697086,36236877.02257802,MultiPolygon
Ins,1682492,496,243,2,0.9995122645554562,0.00947015442937926,3.19,0.048783131620680764,23868261.484722503,23866001.12350029,MultiPolygon
Röschenz,1683699,2791,1302,13,0.9987010720621188,0.03046788246065355,9.363,0.12999700995400623,10071817.4815771,10074886.151089039,MultiPolygon
Fiesch,1685305,6057,2304,23,0.9993107764707261,0.021073480491438482,6.252,0.06895337724179329,11035345.86177572,11037671.393233065,MultiPolygon
Torny,1683411,2115,1002,10,0.9983115434941975,0.08234679160756406,19.479,0.16905789351840525,10179874.236947522,10188257.036771333,MultiPolygon
Berken,1682377,972,244,2,0.9978266493316365,0.0021750637844630055,3.512,0.21757386257440925,1388260.4391905707,1388290.6347406176,MultiPolygon
Schöftland,1684423,4144,1905,19,0.9999950056930372,7.9677776755191e-05,0.016,0.0004994317444916283,6278027.172207442,6278022.170014967,MultiPolygon
Neyruz (FR),1683373,2211,1004,10,0.9981696636661382,0.034481926606792244,8.535,0.18316970771034752,5530645.633379494,5528738.56021131,MultiPolygon
Fischingen,1684521,4726,2014,20,0.9993730834170902,0.01238010732520085,4.859,0.06270743380850502,30581204.801044725,30577418.815069016,MultiPolygon
Lauenen,1682526,842,248,2,0.9978448123633693,0.024597509542417254,39.698,0.21577779060053948,58494976.18762191,58509364.49497149,MultiPolygon
St. Moritz,1684175,3787,1846,18,0.9991632418722511,0.021684403071069325,30.618,0.08370175953816583,28686567.902935572,28680347.391924243,MultiPolygon
Grabs,1683890,3273,1724,17,0.9996775377478467,0.012836006285039524,6.364,0.03225349504631789,54647323.796650365,54654338.33056751,MultiPolygon
Seewen,1683575,2480,1104,11,0.9989719975392896,0.052168774958670006,16.394,0.1028262840930686,16314038.692225683,16305527.858093666,MultiPolygon
Baar,1683138,1701,,9,0.9989351821003939,0.0036744969976225702,9.571,0.10654046939505797,24846413.980095364,24847326.96083108,MultiPolygon
Laufen-Uhwiesen,1682159,34,102,1,0.9978387397950976,0.021174033409529492,16.831,0.2163827314813562,6281722.181178636,6283052.2751319725,MultiPolygon
Jenins,1684093,3952,1845,18,0.9983014462821289,0.0046372133185140375,6.593,0.16999580701407502,10538006.067409992,10537517.397589128,MultiPolygon
Egnach,1684515,4411,2011,20,0.9993465509812892,0.00973766066159072,5.203,0.06536307605737635,18426066.456620518,18424272.188795693,MultiPolygon
Rougemont,1685130,5843,2230,22,0.99962773044156,0.005605262414046358,6.574,0.03723492989378661,48542202.88784431,48544923.80569773,MultiPolygon
Fraubrunnen,3411722,538,246,2,0.9994355404198431,0.004327659420207377,3.643,0.05646311498300306,31907557.614779312,31908938.465202186,MultiPolygon
Wolfhalden,1683968,3038,1503,15,0.9998290710822995,0.008843077002275233,15.897,0.017093596896122054,6931030.336683013,6930417.420333289,MultiPolygon
Personico,1684736,5076,2103,21,0.9982050094222917,0.07753691793717647,75.79,0.17972995357584298,38874215.36392263,38904357.23238808,MultiPolygon
Torricella-Taverne,1684764,5227,2105,21,0.9999935012143394,0.00016666519917433366,0.008,0.0006498812195456386,5249448.858562898,5249457.607567294,MultiPolygon
La Brévine,1685494,6432,,24,0.999038658052577,0.004487393520670955,17.951,0.09618258387836502,41811682.05001305,41813558.304724246,MultiPolygon
Geuensee,1682838,1085,314,3,0.9986489593692544,0.03577871248433055,13.931,0.1352195758920461,6472127.660483576,6474443.30443084,MultiPolygon
Penthalaz,1685096,5495,2223,22,0.9980573054726576,0.01623405167588352,4.46,0.19444255507643285,3869762.82053056,3869134.601234541,MultiPolygon
Neuchâtel,1685519,6458,,24,0.9999968187305112,1.1914781645366525e-05,0.016,0.00031812743593492214,30182495.85099088,30182492.254812405,MultiPolygon
Steinen,1683114,1373,506,5,0.998840092232232,0.004447268994135226,9.846,0.11606066582140781,11849328.217632184,11849855.18913202,MultiPolygon
Molondin,1685052,5921,2224,22,0.9986608486597085,0.013941498365490211,3.301,0.13401420156603705,5494979.965310916,5495746.047852964,MultiPolygon
Günsberg,1683515,2547,1107,11,0.9986432815785036,0.0007803171072504544,3.287,0.13576446856277327,5263234.895959603,5263275.965881891,MultiPolygon
Muzzano,1684726,5205,2105,21,0.996942988887284,0.1411811394464953,15.041,0.3063852189371751,1701442.2320781264,1703844.3476083982,MultiPolygon
Geroldswil,1682127,244,111,1,0.9964371427913831,0.006974653971371727,7.339,0.35690910410083737,1933394.2721131784,1933259.4245527962,MultiPolygon
Meggen,1682896,1063,312,3,0.9999226533780666,0.0061443525816302445,2.925,0.007734723698218376,13931866.555757325,13931010.532754937,MultiPolygon
Ayent,1685270,6082,2305,23,0.9996353340020682,0.01639666147246206,23.87,0.03647624026774385,55333466.03452393,55342538.87563059,MultiPolygon
Niederdorf,1683682,2891,1305,13,0.9999916146172231,0.00011746824394114061,0.014,0.0008385413008720634,4405739.345106409,4405734.169761768,MultiPolygon
Ebikon,1682826,1054,312,3,0.9988285707547228,0.024138114461462384,5.443,0.11722572339445941,9684106.995971443,9686444.556802701,MultiPolygon
Zermatt,1685406,6300,2313,23,0.9961782525196476,0.03917350176914644,162.206,0.38298143281395863,242721084.52017954,242816166.86851814,MultiPolygon
Wölflinswil,1684467,4182,1906,19,0.9999957496808574,4.956089043077684e-05,0.014,0.00042503271209422597,9512592.809849523,9512588.095323823,MultiPolygon
Büetigen,1682404,382,243,2,0.9974661635676612,0.01092024411766779,21.083,0.25369121419823154,3613965.88918233,3613571.235284902,MultiPolygon
Walperswil,1682714,754,243,2,0.9989732355166944,0.028589192470706414,3.049,0.10271450294866155,6955120.561851091,6953132.1490470935,MultiPolygon
Pont-la-Ville,1683381,2147,1003,10,0.9991851612388812,0.0056788942536273234,2.921,0.08151477311879107,5510049.2635679785,5509736.353696978,MultiPolygon
Cheyres-Châbles,1683288,2055,1001,10,0.9997755945711635,0.015192740973227594,9.017,0.02244476591397606,22343935.245024104,22347329.901229106,MultiPolygon
Hauteville,1683337,2137,1003,10,0.9999962625155937,3.0968567285951076e-05,0.015,0.00037374919678348495,11856881.123090377,11856884.794996586,MultiPolygon
Buchrain,1682819,1052,312,3,0.9983259241037296,0.015410684778579826,3.759,0.16756074365596924,4803038.988887314,4803779.170085683,MultiPolygon
Gretzenbach,1683511,2576,1108,11,0.998267074934168,0.056657830126188184,4.683,0.1734919227210084,5832792.393192164,5836097.126797912,MultiPolygon
Siviriez,1683400,2099,1002,10,0.9999971664740391,1.1337825645752815e-05,0.016,0.0002833529810657256,20284477.357672103,20284475.057853427,MultiPolygon
Rongellen,1684139,3711,1851,18,0.9972828149647947,0.009387357149966316,3.749,0.2720753895157785,2017351.9801094013,2017162.6040740565,MultiPolygon
Leissigen,1682530,585,250,2,0.9992449152603392,0.021936554662602473,7.018,0.07552870727451062,10379986.77034243,10377709.758870583,MultiPolygon
Vich,1685180,5732,2228,22,0.9969931735502554,0.03237229363976994,3.838,0.30108663366710237,1553591.8025644487,1553088.8692641591,MultiPolygon
Jouxtens-Mézery,1685004,5585,2225,22,0.9986656763848157,0.05340860820879167,3.527,0.13355709789686876,1933636.7439314928,1934669.4724042404,MultiPolygon
Calanca,1684042,3837,1847,18,0.9994546614838314,0.005569731570275305,3.871,0.05454720626861664,37721500.32043204,37719399.33411991,MultiPolygon
Caslano,1684651,5171,2105,21,0.9997611778705574,0.009686228248435517,2.537,0.023883908304475305,4657600.863773608,4657149.717923041,MultiPolygon
Féchy,1684981,5427,2227,22,0.9982964513409628,0.02392217562446814,3.716,0.17047969984064834,2699046.483122539,2698400.81248266,MultiPolygon
Unteriberg,1683117,1375,506,5,0.9999978344159662,2.614693767857632e-05,0.016,0.00021655866614929363,46430230.69695347,46430242.83703695,MultiPolygon
Dänikon,1682109,85,104,1,0.9978996061634454,0.027034979303603556,3.312,0.21023177636710547,2865416.9026734303,2864642.2378068306,MultiPolygon
Juriens,1685005,5754,2224,22,0.9980275596300944,0.02262933026429412,7.5,0.19746109460978412,9350221.859316032,9352337.751901021,MultiPolygon
Romoos,1682911,1007,316,3,0.9994892117843539,0.0021923402577465464,4.153,0.05109131007333831,37391154.30123789,37390334.55990931,MultiPolygon
Triengen,1682924,1104,314,3,0.9989893567859418,0.006324494671748012,17.085,0.10111221969121016,22089173.60417537,22087776.57556774,MultiPolygon
Leysin,1685029,5407,2221,22,0.9992619675267966,0.01871326166656588,4.415,0.07383740001724048,18575636.03708978,18579112.14446763,MultiPolygon
Galgenen,1683074,1342,505,5,0.9993712534530357,0.02977506391844352,3.568,0.062885063595272,13265536.049275335,13261586.227437539,MultiPolygon
Schöfflisdorf,1682206,99,104,1,0.9974367374154373,0.04408775601642691,6.118,0.2565986190282679,4012786.5943885823,4011017.4468253884,MultiPolygon
Hasle (LU),1682850,1005,316,3,0.9993485711169048,0.0010599231346157512,7.605,0.06516376785771749,40312752.518890575,40312325.23470043,MultiPolygon
Winznau,1683588,2501,1105,11,0.9981173600094243,0.03155129806526315,4.006,0.18841165484772804,3941823.2290851045,3940579.53268889,MultiPolygon
Bühler,1683870,3021,1502,15,0.9964861071470535,0.17357263400404915,16.807,0.3523132385994264,5594847.127579054,5604558.251106893,MultiPolygon
Moosleerau,1684367,4277,1910,19,0.999994089243623,4.625444004935875e-06,0.015,0.0005910773981867596,3812631.499652465,3812631.6760036,MultiPolygon
Leuggern,1684352,4313,1911,19,0.9999962805896998,6.48594246048285e-06,0.015,0.0003719417094957601,13755812.746724134,13755811.854530035,MultiPolygon
Lutry,1685039,5606,2226,22,0.9995036284642528,0.0007700855336512408,3.737,0.0496496670397155,16628825.420282152,16628953.47646113,MultiPolygon
La Sarraz,1685013,5498,2227,22,0.999993759179436,5.606509866567304e-06,0.015,0.0006240840213473705,7703872.078444563,7703872.510362911,MultiPolygon
Rüti (ZH),1682201,118,105,1,0.9986760691230543,0.014229916745637833,7.601,0.13247135944284516,10059045.920189045,10057614.526329197,MultiPolygon
Orvin,1682602,438,241,2,0.9991691608510392,0.0042353991774475045,9.063,0.08312020412363923,21592332.487641074,21593247.009113647,MultiPolygon
Fischbach,1682835,1129,315,3,0.9992295942463545,0.008368436385835598,3.425,0.07706703826366765,8047500.421876025,8046826.971922571,MultiPolygon
Sainte-Croix,1685144,5568,2224,22,0.9992055338345393,0.02151740250721802,13.937,0.07946963709088077,39471308.149934106,39462814.94968462,MultiPolygon
Leimbach (AG),1684349,4137,1905,19,0.9999868951918345,0.00022722164866149976,0.013,0.0013104879144505061,1146870.20304682,1146867.5971094365,MultiPolygon
Simplon,1685376,6009,2301,23,0.9990198428303931,0.03607524639774564,124.056,0.09804608754281387,91010656.978326,90977824.65957285,MultiPolygon
Bözberg,2743442,4124,1904,19,0.9999955972034457,1.426969496842078e-05,0.015,0.00044028065630484086,15502872.757450905,15502874.969663559,MultiPolygon
Les Breuleux,1685610,6743,2602,26,0.9997937587581602,0.014721232168026684,3.668,0.020627769394980268,14872528.089177452,14874717.508566715,MultiPolygon
Blumenstein,1682385,922,247,2,0.9993352919967035,0.002714644104369193,11.72,0.06649199698811364,15519033.909374699,15518612.622835623,MultiPolygon
Walterswil (BE),1682715,959,244,2,0.9984935020575594,0.007026219941149617,4.252,0.1507686530697369,7872341.247381931,7872894.37539249,MultiPolygon
Wengi,1682719,394,243,2,0.9987638246047674,0.005788442418868675,8.235,0.1236904132809594,7081900.424480188,7081490.492751955,MultiPolygon
Coldrerio,1684663,5251,2106,21,0.9999922544791234,4.265343112963375e-05,0.016,0.0007745552526060927,2459350.9556494677,2459352.0046470338,MultiPolygon
Grandevent,1684994,5560,2224,22,0.9978000473882007,0.11936130203626649,16.838,0.22036895641458623,3444342.9645259026,3448454.1771349553,MultiPolygon
Lavertezzo,1684693,5112,2104,21,0.9997654120807408,0.00899057865003489,0.385,0.023462598487555202,896319.0849884765,896399.6692607676,MultiPolygon
Jaun,1683339,2138,1003,10,0.9965303081469175,0.1207308744381596,87.198,0.34736235601086257,55680430.531096466,55613207.06042534,MultiPolygon
Iffwil,1682489,541,246,2,0.9988006677164849,0.02703435737706071,2.975,0.12002141271769627,5059201.361460014,5060569.0840364965,MultiPolygon
La Chaux-de-Fonds,1685495,6421,,24,0.99925309507468,0.0008341719807588798,21.496,0.07471870794116062,55712506.98198097,55712971.720103994,MultiPolygon
Steinmaur,1682212,101,104,1,0.9983478557616096,0.0030937164404222623,6.118,0.16534845795723066,9392820.64531958,9392530.058083056,MultiPolygon
Courroux,1685592,6709,2601,26,0.9990804253711575,0.04457989093800313,18.049,0.09197925651110338,19739386.631461866,19730586.83442973,MultiPolygon
Veyrier,1685542,6645,,25,0.9984426170448677,0.020876406704092704,9.878,0.15584339315539703,6496751.039079551,6495394.75091008,MultiPolygon
Penthéréaz,1685098,5531,2223,22,0.9985723065377395,0.031036874708777175,11.885,0.14284916306270465,5676012.909683125,5674251.252667893,MultiPolygon
Allmendingen,1682363,630,246,2,0.9985503319557945,0.018450725676721513,2.891,0.1450585740966387,3810526.908882459,3809823.8390156636,MultiPolygon
Boudry,1685455,6404,,24,0.9999481936011835,0.0007550999755065374,2.672,0.005180793640774151,16757116.041524958,16757242.574504083,MultiPolygon
Grengiols,1685311,6177,2309,23,0.9982538235747506,0.03916639474078938,70.409,0.17473600675512907,58515102.74622128,58492184.49009672,MultiPolygon
Les Enfers,1685611,6745,2602,26,0.9999942592438218,6.740282550090911e-05,0.013,0.0005740770721278062,7116070.122927459,7116065.3264951315,MultiPolygon
Zug,1683151,1711,,9,0.9992310994218951,0.0017469116639222489,9.571,0.07691895772529844,33838640.239027016,33838049.10787377,MultiPolygon
Lavey-Morcles,1685019,5406,2221,22,0.9989195375607394,0.018967579859983624,21.748,0.10809439301312707,14199642.668914927,14196949.340351868,MultiPolygon
Liddes,1685331,6033,2303,23,0.9985859568348702,0.0019210447926489018,52.083,0.14150572233282105,58649168.885708466,58650295.56251328,MultiPolygon
Feusisberg,1683071,1321,503,5,0.9989460971233202,0.004366474616916944,3.723,0.10544355037842791,17502233.403877955,17501469.17329898,MultiPolygon
Muotathal,1683092,1367,506,5,0.9999988559513614,1.616395791575892e-06,0.016,0.00011440493048801608,172140592.69569728,172140595.47817057,MultiPolygon
Reutigen,1682619,767,247,2,0.9994865020563319,0.02708463087846049,14.775,0.05135602602266588,13747941.831969792,13744218.252671218,MultiPolygon
Hofstetten-Flüh,1683524,2476,1104,11,0.9993473106515028,0.02003218536199906,3.183,0.06528370244135745,7514199.989172995,7512694.730702693,MultiPolygon
Brenzikofen,1682390,606,246,2,0.9984011882141951,0.05215711028791558,2.971,0.16005081884946623,2194024.025617408,2195168.3651481927,MultiPolygon
Aegerten,1682359,731,242,2,0.998448412391055,0.002708926369204355,3.092,0.15528132875556525,2156490.756817449,2156549.1745642098,MultiPolygon
Brittnau,1684280,4274,1910,19,0.9996537195184044,0.012861866110578903,3.037,0.03463181741407595,13671052.764730452,13669294.412227945,MultiPolygon
Salenstein,1684553,4851,2013,20,0.9986508859261793,0.017019104276999555,3.874,0.13501396235720964,6551094.047854584,6552208.985381872,MultiPolygon
Remetschwil,1684401,4039,1902,19,0.9962659854366439,0.15200232799900726,9.493,0.37438422386091,3880901.011478153,3886800.071362937,MultiPolygon
Mörigen,1682561,742,242,2,0.9986071291709208,0.016792535012393122,8.119,0.13937245190318337,2159160.697154583,2158798.1193385394,MultiPolygon
Vinelz,1682708,502,243,2,0.9990268117702608,0.032004733607178586,2.967,0.0973817816908058,4564446.806468003,4565907.645509055,MultiPolygon
Prévonloup,1685112,5683,2222,22,0.9973661380244871,0.07001908428735204,2.865,0.26364118449494756,1837547.3658214586,1836260.731982564,MultiPolygon
Misery-Courtion,1683363,2272,1005,10,0.9997518333586909,0.003586253706853394,5.677,0.024820188896715688,11351442.340866387,11351849.432388118,MultiPolygon
Bever,1684045,3781,1846,18,0.999209939454254,0.001308945006497248,4.127,0.07903779396881945,45749870.018380836,45750468.85901992,MultiPolygon
Zihlschlacht-Sitterdorf,1684575,4511,2015,20,0.9982045260754895,0.013478474418493874,10.976,0.17969661261771588,12207379.746083736,12205734.377527492,MultiPolygon
Puplinge,1685526,6636,,25,0.9977791046990616,0.011550678239296182,3.504,0.22232358236985938,2672108.390158578,2671799.7435162254,MultiPolygon
Saint-Martin (VS),1685367,6087,2305,23,0.9999980193873839,5.93255985717089e-06,0.015,0.0001980614520490626,36954851.137278534,36954848.94490987,MultiPolygon
Schelten,1682650,708,241,2,0.9991593917348528,0.012314137865182791,7.269,0.084090994624217,5560859.17961999,5560174.407754123,MultiPolygon
Rickenbach (SO),1683568,2582,1108,11,0.9999925914027139,0.00014775914333007862,0.015,0.0007408630203243269,2758953.923995537,2758958.00060222,MultiPolygon
Rüti bei Lyssach,1682639,422,245,2,0.9966532833521033,0.022815607511913662,2.941,0.33527087178051157,1293657.9552024922,1293953.1111240978,MultiPolygon
Aclens,1684829,5621,2227,22,0.9999922991036739,8.545078864332175e-05,0.016,0.0007700922686602868,3898165.3498854856,3898162.0188724515,MultiPolygon
Rehetobel,1683923,3034,1503,15,0.999783378552285,0.013999564961768957,3.925,0.02166600773561562,6723190.570392044,6724131.78782345,MultiPolygon
Linescio,1684696,5315,2108,21,0.9999949911009096,5.00957237274478e-05,0.014,0.0005008910380700506,6682991.323590512,6682987.975697642,MultiPolygon
Vilters-Wangs,1683955,3297,1725,17,0.9993454322107229,0.004071987931148654,15.942,0.06547687575861627,32716865.105577335,32715532.878778785,MultiPolygon
Dalpe,1684674,5071,2103,21,0.9932967196210795,0.18988020476256792,31.942,0.671943741415314,14553816.873469843,14526182.056189729,MultiPolygon
Obermumpf,1684389,4256,1909,19,0.9999952011704952,1.4059638501535385e-05,0.014,0.0004798840683548548,5019828.278190454,5019827.572420744,MultiPolygon
Petit-Val,4449432,716,241,2,0.9993893478683418,0.002186895917992557,3.29,0.06108453158175113,23901819.75838594,23902342.466306563,MultiPolygon
Mezzovico-Vira,1684715,5199,2105,21,0.9996658415644389,0.02194074004522226,7.809,0.0334177611280839,11130180.076393642,11127738.032516515,MultiPolygon
Beinwil (SO),1683479,2612,1110,11,0.9992665564062271,0.002149521750313297,3.444,0.0733704776540952,22661799.312241416,22661312.191936187,MultiPolygon
Martigny-Combe,1685333,6137,2307,23,0.9992398713963188,0.016701264809854437,32.185,0.07603541115897942,37412256.4558844,37406008.13586236,MultiPolygon
Untervaz,1684198,3946,1845,18,0.9995211351726284,0.0021077695570284266,2.673,0.047897446270006874,27720015.48826896,27719431.214221295,MultiPolygon
Le Flon,1683350,2337,1007,10,0.9987194640483402,0.00026151037707586615,3.46,0.12813580385441636,9568840.104685463,9568865.128195303,MultiPolygon
Widnau,1683964,3238,1723,17,0.9986254519390346,0.03738944650444253,3.439,0.13752362571746332,4218097.272757156,4216520.149533853,MultiPolygon
Killwangen,1684340,4030,1902,19,0.9999925976767509,0.00010412192515789219,0.012,0.0007402354500910446,2433923.8068579594,2433926.341106284,MultiPolygon
Felben-Wellhausen,1684520,4561,2012,20,0.9982490555055018,0.010253011553851804,3.272,0.1752388900075713,7381024.219892125,7380267.4426260665,MultiPolygon
Dietlikon,1682104,54,103,1,0.9974717229352348,0.06604936900996623,10.813,0.2530641190284709,4247873.662681477,4245067.9689309355,MultiPolygon
Wangen an der Aare,1682716,992,244,2,0.9988105982092474,0.001511687840060675,3.337,0.11901185453382537,8133029.828899116,8133152.774922068,MultiPolygon
Oberhünigen,1682589,629,246,2,0.9979650158291278,0.070064627318968,7.475,0.20363432319580257,6015808.114893929,6011593.161358004,MultiPolygon
Zell (ZH),1682245,231,110,1,0.9984767788840964,0.006708684309345113,12.33,0.15243309684166928,12973742.165027574,12972871.797622614,MultiPolygon
Grindel,1683512,2617,1110,11,0.9988475797322932,0.046675207874150235,3.144,0.11528155844510322,3083686.646649063,3082247.3294965522,MultiPolygon
Rossa,1684140,3808,1847,18,0.9994061107039018,0.006442621241123246,16.537,0.05940465640294731,58886419.00951967,58882625.18058042,MultiPolygon
Thundorf,1684562,4611,2012,20,0.9989096570490005,0.0006163040764401797,10.148,0.10909343373658427,15615522.30381583,15615426.064715315,MultiPolygon
Bowil,1682388,605,246,2,0.9988451786648476,0.019491477192577294,7.263,0.11556011374458143,14684886.168327926,14687748.469566181,MultiPolygon
Oberems,1685349,6112,2306,23,0.999150403738488,0.0051509496354472765,19.613,0.0849935431357928,50261798.46789332,50259209.507968366,MultiPolygon
Meisterschwanden,1684359,4202,1907,19,0.999996509511223,6.099350516504043e-07,0.015,0.0003490494879723838,6868875.936677024,6868875.978572706,MultiPolygon
Stein (AG),1684432,4260,1909,19,0.9979321060379704,0.1029129359514026,5.213,0.2068969101190999,2828246.661601114,2825336.029925713,MultiPolygon
Bussigny,1684875,5624,2229,22,0.9978284943905639,0.03380486784535979,8.384,0.2174233326672012,4810242.603629927,4811868.699785125,MultiPolygon
Lumino,1684702,5010,2101,21,0.9920799846320891,0.42981708654528583,60.359,0.793441492231805,10095343.98568691,10051952.472290905,MultiPolygon
Unterramsern,1683584,2463,1103,11,0.9982959865997748,0.014711843674334316,3.071,0.17053410163028665,1576178.0161601459,1575946.1313143792,MultiPolygon
Horw,1682879,1058,312,3,0.9996557320055047,0.00905070753599489,3.529,0.03443428469503539,20432287.41384374,20434136.68042048,MultiPolygon
Basel,1683619,2701,,12,0.9992297938187533,0.01431104960724833,6.311,0.07705580378232994,23855113.83513973,23858527.75231454,MultiPolygon
Croy,1684933,5752,2224,22,0.9965495344049982,0.1145882142819699,22.615,0.3454448409240435,4477498.338104651,4472367.652714512,MultiPolygon
Anières,1685445,6602,,25,0.9992858209374899,0.03454116182824032,7.634,0.07145575664103311,8772040.708137907,8775070.672914544,MultiPolygon
Matzendorf,1683548,2427,1102,11,0.9990346794570323,0.003353799000250705,3.361,0.09657704945604671,11271384.645006979,11271006.62542144,MultiPolygon
Zäziwil,1682741,628,246,2,0.9984807316139125,0.004293198763531645,4.244,0.15204559890527006,5405348.581922501,5405580.644280985,MultiPolygon
Chavannes-le-Chêne,1684891,5907,2224,22,0.9992258513874342,0.023504837855525658,3.243,0.07745393980555981,3997281.973668923,3998221.528315462,MultiPolygon
Chavannes-de-Bogis,1684889,5707,2228,22,0.996273093308806,0.11202936369555722,13.2,0.3735956085987273,2856144.512707997,2859344.2332318095,MultiPolygon
Sulgen,1684561,4506,2015,20,0.9999956228982768,5.994099168211797e-05,0.015,0.00043771126175482525,9121170.38867752,9121175.855997505,MultiPolygon
Wald (BE),1682710,888,246,2,0.9995339275161957,0.0027071643630267235,2.974,0.04661748107556373,13297368.988580415,13297009.006945936,MultiPolygon
Samedan,1684150,3786,1846,18,0.9987338798389097,0.004283875047916607,50.898,0.1266949335642597,113786590.38527746,113791464.86063085,MultiPolygon
Cerentino,1684656,5309,2108,21,0.9939154418557974,0.022426771975959138,46.626,0.6102441188329014,20097088.149101026,20092581.02096802,MultiPolygon
Saanen,1682641,843,248,2,0.9997162457036354,0.0011426946123987611,6.574,0.028379618178023314,120056571.8315814,120057943.71155955,MultiPolygon
Tuggen,1683116,1347,505,5,0.9990653255125722,0.015261984215269616,3.615,0.09350401415745575,15086677.375188721,15084374.848869111,MultiPolygon
St. Ursen,1683404,2304,1006,10,0.9997311793401082,0.00045381287410683254,2.976,0.02688561869763283,15717742.600766344,15717671.271626903,MultiPolygon
Pfäfers,1683919,3294,1725,17,0.9996945046698495,0.0018519305620175177,5.937,0.0305544830191697,128461417.76975405,128463796.78601013,MultiPolygon
Rothenbrunnen,1684141,3637,1851,18,0.9979362337283884,0.06552693597312303,5.397,0.2065221177115572,3112167.104286912,3110127.796541109,MultiPolygon
Greifensee,1682130,194,109,1,0.9978899876750171,0.044758972750372626,3.805,0.21117680433602576,2310171.3205400435,2309137.311588196,MultiPolygon
Cormoret,1682413,432,241,2,0.9989833453783643,0.01594708988589666,3.702,0.10170905731390724,13479782.10528979,13477632.472321037,MultiPolygon
Twann-Tüscherz,1682694,756,242,2,0.9999951998228178,9.994969290050736e-06,0.016,0.00048001884637757883,12412408.152828984,12412406.912212601,MultiPolygon
Schlatt (TG),1684555,4546,2012,20,0.9987263732721808,0.037839650784289004,12.703,0.12746794286658045,15542819.187318757,15548700.535821272,MultiPolygon
Basse-Vendline,16915085,6812,2603,26,0.997711420713142,0.07243148537486246,13.178,0.2290371309039864,18670261.296432387,18656738.148852013,MultiPolygon
Alberswil,1682813,1121,315,3,0.9981548702984686,0.019282479448378104,3.223,0.18470115828732905,3534940.9619924105,3535622.586256919,MultiPolygon
Kirchleerau,1684341,4275,1910,19,0.9999929522590263,5.2439492133177775e-06,0.015,0.0007047765992150668,4357381.720944491,4357381.949443376,MultiPolygon
Saint-Maurice,2757524,6217,2310,23,0.9984377719516322,0.0011331601336460255,25.773,0.15634581387197058,14920702.755540485,14920871.83099577,MultiPolygon
Bremblens,1684866,5622,2227,22,0.9975421363505125,0.0011381988064723893,3.343,0.24609019178596647,2905811.7715238878,2905844.8454387896,MultiPolygon
Gersau,1683075,1311,502,5,0.9992986546286692,0.04344816594896299,8.506,0.07017438145687828,23568235.88410932,23578475.85034749,MultiPolygon
S-chanf,1684145,3788,1846,18,0.9994798996217688,0.0067174738543432635,17.159,0.05202531389610504,138027462.7439425,138036734.70266414,MultiPolygon
Reisiswil,1682617,336,244,2,0.9974372997986719,0.027136373149807262,3.349,0.25656399724200907,2008676.5532780413,2008131.471313171,MultiPolygon
Dozwil,1684514,4406,2011,20,0.9952695353475115,0.012515381989035968,9.675,0.47413831072236234,1304453.9690855045,1304290.7116884023,MultiPolygon
Hundwil,1683895,3002,1501,15,0.9999960776159796,2.87933178583315e-05,0.015,0.0003922392279538195,24081473.75763108,24081480.691486362,MultiPolygon
Iseltwald,1682495,582,250,2,0.9999972054433252,4.5029830447976565e-05,0.015,0.00027945599510023877,21912490.596208476,21912480.729051113,MultiPolygon
Nenzlingen,1683679,2789,1302,13,0.998345781884757,0.055958124918855386,16.601,0.16551242487797826,3661002.9300610106,3658954.301468124,MultiPolygon
Russikon,1682198,178,108,1,0.9999962243798595,3.826299588505884e-05,0.015,0.00037756265477399,14214593.14685556,14214587.707926368,MultiPolygon
Sigriswil,1682665,938,247,2,0.9998237015532976,0.0003660572411048242,3.009,0.017631431134590154,55413493.49812272,55413696.34322822,MultiPolygon
Montfaucon,1685617,6751,2602,26,0.9966534132954005,0.044121732892341115,12.805,0.33514563882716353,18250089.150049586,18242036.894462187,MultiPolygon
Bergdietikon,1684267,4023,1902,19,0.9999543192963395,0.001477997029083974,0.528,0.004568208463630642,5935683.6764108455,5935771.405639239,MultiPolygon
Zeiningen,1684471,4263,1909,19,0.9998088155814124,0.011172158686056536,3.288,0.019121337680978418,11371427.733982908,11372698.167934218,MultiPolygon
Giswil,1683077,1403,,6,0.9997436278527306,0.0026775221443208932,10.303,0.02564015821703921,85958098.18243897,85955796.6353253,MultiPolygon
Rifferswil,1682196,12,101,1,0.9981153851645802,0.020391603030485858,3.734,0.18862000641422666,6509824.549511545,6508497.091931428,MultiPolygon
Kleinandelfingen,1682153,33,102,1,0.9982122899715,0.005897903270774673,5.095,0.17893621775609117,10293585.012150843,10294192.117837954,MultiPolygon
Chalais,1685285,6232,2311,23,0.9999981061715405,1.1862832540488434e-05,0.015,0.00018938301399886088,24343415.252849594,24343412.365031008,MultiPolygon
Riddes,1685357,6139,2307,23,0.9989390981949947,0.015424231386238774,18.034,0.10613829986004507,23900422.20235817,23896735.74593539,MultiPolygon
Mosnang,1683907,3394,1727,17,0.9991323628938515,0.019027206094119842,10.99,0.08679310872090064,50510911.28454799,50501300.46935786,MultiPolygon
Schlatt-Haslen,1683932,3104,,16,0.9982040424244478,0.041609140432730674,16.78,0.17971977797802036,17930827.945199512,17923367.081819043,MultiPolygon
Bourg-en-Lavaux,373404,5613,2226,22,0.99979121722251,0.006496052990024073,3.737,0.020879779286174283,27432450.07504783,27430668.04855449,MultiPolygon
Belmont-Broye,5817631,2053,1001,10,0.9999972836270645,1.947515769060925e-05,0.014,0.0002716376357718033,25800786.187306635,25800781.16256284,MultiPolygon
Anwil,1683613,2841,1304,13,0.9989426357742377,0.02467907335007792,3.359,0.10577929881477406,3953062.464037431,3952086.8848523567,MultiPolygon
Sisseln,1684428,4177,1906,19,0.9986766581952203,0.06970171947885406,7.08,0.1324679502657699,2521685.2803009986,2523442.9383012136,MultiPolygon
Ipsach,1682494,739,242,2,0.998210455525586,0.07461956143499772,3.265,0.17918154162217453,1896640.1593889548,1898055.4239578908,MultiPolygon
Freienstein-Teufen,1682125,57,103,1,0.9984165593159622,0.01587745636357695,5.401,0.15845695149033168,8404056.233126622,8402721.882765437,MultiPolygon
Mauraz,1685046,5488,2227,22,0.9999770631348834,0.00011352872878195318,0.014,0.0022937141189237594,497532.23366598523,497532.7985080054,MultiPolygon
Chancy,1685462,6611,,25,0.9999934485671816,8.79409430510223e-05,0.015,0.0006551457158964825,5380939.507949028,5380944.239997976,MultiPolygon
Veysonnaz,1685396,6267,2312,23,0.9982423141379092,0.08338386856081875,3.295,0.17584984928261815,1143915.8031193763,1142961.9618696568,MultiPolygon
Hauterive (FR),1683336,2233,1004,10,0.9984729985388207,0.006459939983515689,15.947,0.1528118859356364,11966480.695918469,11965707.668447373,MultiPolygon
Châtel-Saint-Denis,1683290,2325,1007,10,0.999533851181204,0.00375081888999881,14.498,0.04662662357246429,47930501.4993815,47932299.28568581,MultiPolygon
Le Lieu,1685022,5873,2224,22,0.9999917060867165,0.0006531138751258104,0.659,0.0008293920593603112,35893320.839982405,35893086.415723756,MultiPolygon
Sembrancher,1685374,6035,2303,23,0.9991556266312512,0.004783256738901409,8.299,0.08447502053099444,17681567.770776555,17682413.525558494,MultiPolygon
Ermensee,1682831,1025,313,3,0.9982883716840678,0.0038243904193058474,21.854,0.17131271640875326,5691302.652339947,5691520.309973317,MultiPolygon
Dotzigen,1682423,386,243,2,0.9989238188662338,0.010005831416119954,3.439,0.10768143978711316,4231506.274714691,4231929.672098901,MultiPolygon
Hindelbank,1682481,409,245,2,0.9991756323581644,0.012657385358893821,3.085,0.08246553797449754,9694242.363434985,9693015.32582142,MultiPolygon
Champtauroz,1684884,5812,2222,22,0.9987872391536419,0.032412023276302965,3.3,0.12133000275793811,3053929.6491260855,3052939.808737369,MultiPolygon
Höchstetten,1682487,410,245,2,0.998612613423722,0.008345836263683534,2.857,0.13882917304261744,2636748.5794405597,2636528.5207214346,MultiPolygon
Locarno,1684697,5113,2104,21,0.9978914384655097,0.024823515751948674,23.104,0.21105249107596347,24610809.511516266,24604700.243340492,MultiPolygon
Gossau (ZH),1682129,115,105,1,0.9995675975750038,0.010043965608873509,4.923,0.04325176510113616,18262040.953661893,18263875.186774757,MultiPolygon
Recherswil,1683567,2530,1106,11,0.9985418485575787,0.0024630696148030093,3.164,0.14591973501388344,3361892.4210143792,3361809.615263675,MultiPolygon
Prévondavaux,1683384,2038,1001,10,0.9978857605412953,0.07434394325971846,2.836,0.21172635642832385,1820387.693351457,1821741.041345309,MultiPolygon
Le Locle,1685506,6436,,24,0.999997943537859,2.7276510311948732e-05,0.015,0.00020564645370560355,34660146.151096284,34660155.60517462,MultiPolygon
Biasca,1684627,5281,2107,21,0.9965785122786129,0.157577022200671,83.872,0.3430051399994821,59085047.64317866,59178152.101820625,MultiPolygon
Eisten,1685297,6282,2313,23,0.9963362585922221,0.009940901393856165,39.415,0.36702827868287946,38088892.47280171,38085106.093558975,MultiPolygon
Oberembrach,1682175,65,103,1,0.9984873214148026,0.00013460744629576808,3.997,0.15138245682871787,10256479.600491535,10256493.406476805,MultiPolygon
Kienberg,1683534,2492,1105,11,0.9991697436125148,0.019644556306062554,3.67,0.0830682777417955,8529646.540455539,8531322.151672887,MultiPolygon
Homberg,1682483,931,247,2,0.9989834076577232,0.018080926081315857,5.56,0.10170173836648369,6513779.775210982,6512602.023504727,MultiPolygon
Ennetbürgen,1683068,1505,,7,0.9999157798666144,8.360721963734171e-05,1.89,0.008422371525886128,17697380.711241454,17697395.507529415,MultiPolygon
Sachseln,1683099,1406,,6,0.9995580132584182,0.00017536431725679328,10.218,0.044208482694097,57472699.72060658,57472800.507214054,MultiPolygon
Wimmis,1682727,769,249,2,0.9992598320744192,0.03617257491235625,42.928,0.07405758697327226,22353076.97381691,22361162.65733048,MultiPolygon
Gsteig,1682460,841,248,2,0.9962563710503812,0.10459379663085636,63.09,0.3748687996246389,62398797.248534724,62333531.97744049,MultiPolygon
Koppigen,1682514,413,245,2,0.9988200599149452,0.011705394046613608,3.243,0.11807057243792182,6929310.535697047,6930121.6387999635,MultiPolygon
Urmein,1684199,3670,1851,18,0.9978018277519876,0.012703359279413795,3.659,0.22007306614047922,4325257.622990475,4325807.076006084,MultiPolygon
Grandfontaine,1685602,6792,2603,26,0.9999955082173317,7.943652699134405e-05,0.015,0.0004491790972462407,8970719.684327425,8970712.558299262,MultiPolygon
Collina d'Oro,1684664,5236,2105,21,0.9992972748386479,0.032186224706114326,15.041,0.07028590293639758,7446457.940087776,7444061.206402533,MultiPolygon
Andwil (SG),1683859,3441,1721,17,0.9999947556824337,4.753613232835627e-06,0.016,0.0005244331442875768,6306279.2270504935,6306279.526826617,MultiPolygon
Kerzers,1683341,2265,1005,10,0.9994472046095839,0.0008244700487141734,3.131,0.055295050347726235,12280081.205942482,12280182.451533983,MultiPolygon
Malters,1682893,1062,312,3,0.9995215664663151,0.005183831548112986,3.489,0.04785604139567454,28571839.29073322,28573320.406752247,MultiPolygon
Montreux,1685062,5886,2230,22,0.9996124506870124,0.011773582640497519,13.237,0.038760160613541324,44488633.38363426,44483395.47761721,MultiPolygon
Flüelen,1683072,1207,,4,0.9990246882374836,0.0016507845546364526,3.565,0.09757795570076169,15749300.83268777,15749040.84566216,MultiPolygon
Rothenfluh,1683698,2858,1304,13,0.9999972193095424,3.036360509409782e-05,0.013,0.0002780694746080309,10946288.713760432,10946292.03744831,MultiPolygon
Rances,1685115,5760,2224,22,0.9996155482613592,0.013545475994751694,5.73,0.03845516973328214,9829666.731807832,9830998.206955353,MultiPolygon
Olsberg,1684396,4257,1909,19,0.9971605876481484,0.05957727416926245,5.579,0.28442962390294985,4612218.418185624,4614966.252197912,MultiPolygon
Murten,5817743,2275,1005,10,0.9989899319886572,0.013019891567821735,12.841,0.10105125996902116,39559594.378626145,39554443.76233338,MultiPolygon
Glattfelden,1682128,58,103,1,0.9981157961748789,0.0004005068923001196,15.865,0.18859768343209687,12293033.582690278,12292984.348243507,MultiPolygon
Trimbach,1683582,2500,1105,11,0.9989384525814661,0.004114917173638954,3.203,0.10621330117107376,7595777.690362012,7596090.250322664,MultiPolygon
Bioggio,1684628,5151,2105,21,0.999991500697365,1.279876382962638e-05,0.015,0.0008499338212897249,6405048.858113373,6405048.038346296,MultiPolygon
Mönthal,1684374,4106,1904,19,0.9999926665210805,4.4610735308765666e-05,0.014,0.0007333504174920469,3942987.095089423,3942985.3360938868,MultiPolygon
Utzenstorf,1682704,552,245,2,0.9991403196008168,0.025071657658783882,9.36,0.08599422688765408,16935354.43133348,16931108.457247153,MultiPolygon
Alle,1685569,6771,2603,26,0.9979971651577093,0.024639925920185633,11.118,0.2005089522379718,10600251.913319567,10602863.807538362,MultiPolygon
Choulex,1685463,6614,,25,0.9979961290236842,0.018480782052754084,3.198,0.20056953881890846,3908961.1668084706,3908238.760214706,MultiPolygon
Niederrohrdorf,1684381,4035,1902,19,0.9947185471320673,0.05364615520536143,8.948,0.529685706660655,3330922.089675942,3332709.001309939,MultiPolygon
Oberlunkhofen,1684388,4073,1903,19,0.9999912646365022,0.00022357220612354684,0.015,0.0008735391886789187,3248257.9274468133,3248250.6652449043,MultiPolygon
Bäriswil,1682400,403,246,2,0.9985968565831822,0.07242446266321897,8.001,0.14046369799239347,2733463.596894959,2735443.293217105,MultiPolygon
Laufenburg,1684347,4170,1906,19,0.9999961280876494,6.547902582725405e-05,0.015,0.00038719185815755364,14470422.09380315,14470412.61871173,MultiPolygon
Gais,1683881,3022,1502,15,0.9999975884199251,4.841480139532382e-05,0.015,0.00024115835662946448,21210498.84895641,21210509.117977303,MultiPolygon
Naters,1685345,6007,2301,23,0.9998398179808633,0.0005242098598405318,3.382,0.016019442942667578,147218933.84076974,147218162.104603,MultiPolygon
Langnau am Albis,1682158,136,106,1,0.9984177846745635,0.009659133672245503,3.691,0.1583391544473781,8665760.612378048,8664923.574976781,MultiPolygon
Trubschachen,1682692,909,245,2,0.9990402596257024,0.00602786073950121,4.734,0.09602300859934863,15652059.921589049,15653003.405963985,MultiPolygon
Illnau-Effretikon,5817371,296,108,1,0.9992350686971185,0.009727474040100258,6.149,0.07652611932489085,32906309.816597763,32909510.769342728,MultiPolygon
Sumvitg,1684179,3985,1850,18,0.9994959682098519,0.005199905756869865,33.614,0.05041719540834828,101881045.37388657,101886343.09223013,MultiPolygon
Elsau,1682117,219,110,1,0.9987868061102195,0.02441233003895802,5.373,0.1213782081835294,8067375.337333914,8065405.903041082,MultiPolygon
Cortébert,1682414,433,241,2,0.9981967711612302,0.035705582809898086,12.455,0.18051783402744606,14753247.27057251,14758515.003493853,MultiPolygon
Langenthal,1682524,329,244,2,0.9999969152606106,2.9442392192375063e-05,0.016,0.000308474459782472,21130342.561158158,21130348.782436486,MultiPolygon
Wetzikon (ZH),1682237,121,105,1,0.9999962089827572,3.208125660630858e-05,0.015,0.0003791023819041646,16808398.593980823,16808393.20163534,MultiPolygon
Walzenhausen,1683960,3037,1503,15,0.9983830783147237,0.033536113788017574,17.585,0.1617958615114052,7002134.911317528,6999786.667386078,MultiPolygon
Poliez-Pittet,1685102,5533,2223,22,0.998515688713424,0.0017081956335154756,3.472,0.1485401007845778,5009704.06991354,5009618.494367366,MultiPolygon
Wasterkingen,1682232,70,103,1,0.9981048934732656,0.0027808839641544326,3.345,0.18968775689082631,3958418.4928353666,3958308.4138102653,MultiPolygon
Pompaples,1685104,5497,2227,22,0.9956598443366574,0.16152524181171468,20.393,0.4353107468825059,4441484.311173372,4448658.429447024,MultiPolygon
Biglen,1682382,603,246,2,0.9992932992151499,0.0017624679447407914,3.406,0.07069568160051101,3589378.073951098,3589441.335589067,MultiPolygon
Erlenbach (ZH),1682119,151,107,1,0.9976461410028937,0.008961236154076135,3.643,0.23565269958107585,2887728.3472141037,2887469.5710574216,MultiPolygon
Hagneck,1682468,736,243,2,0.9958236392693641,0.0046987404521853775,6.613,0.4185198297722422,1839276.1952509785,1839362.6180655921,MultiPolygon
Plan-les-Ouates,1685523,6633,,25,0.997633013735875,0.053179054567399096,9.881,0.237042101156957,5853737.590432587,5856850.552740036,MultiPolygon
Rünenberg,1683702,2860,1304,13,0.998483879919612,0.009104080986635635,3.424,0.15172011955870807,4972919.656208802,4972466.9175759,MultiPolygon
Täsch,1685386,6295,2313,23,0.9958147171689063,0.21878942996540074,162.206,0.4189471414259596,58865573.68948015,58736782.03635907,MultiPolygon
Ennetmoos,1683069,1506,,7,0.9995919639113515,0.015619125041121102,3.436,0.04080874800252519,14945347.879471142,14943013.546898017,MultiPolygon
Jussy,1685493,6626,,25,0.9987587351421087,0.0036753295032709438,10.875,0.12420128810757543,11350180.362055449,11349763.205527928,MultiPolygon
Sumiswald,1682677,957,245,2,0.9994112658322591,0.003787460161185441,17.396,0.058891867504992285,59342499.930292614,59344747.503836125,MultiPolygon
Unterentfelden,1684446,4013,1901,19,0.9996868126232675,0.007939432100414234,5.904,0.031324886217667505,2875296.792949893,2875525.0751864547,MultiPolygon
Maracon,1685040,5790,2226,22,0.9976942591784389,0.004038644687044488,3.518,0.2308448724130443,4382850.163024959,4383027.170770209,MultiPolygon
Nürensdorf,1682174,64,103,1,0.9985517786153932,0.013648204008008164,4.056,0.14491719173833492,10140641.83918244,10139257.823696507,MultiPolygon
Vuarrens,1685196,5539,2223,22,0.9992268456819581,0.01070586982419859,3.359,0.07734119149786715,8968813.25933211,8967853.06985979,MultiPolygon
Satigny,1685531,6638,,25,0.9989710464777207,0.02507899084037202,10.952,0.10296122594390744,18921077.0624821,18925822.2776655,MultiPolygon
Walenstadt,1683959,3298,1725,17,0.9994612270935749,0.001660169280546232,24.688,0.05389225571326305,48841168.02395484,48841978.87002263,MultiPolygon
Perrefitte,1682604,701,241,2,0.9989189229152811,0.0011357787780029418,3.293,0.108166790723428,8569419.542994095,8569516.872642662,MultiPolygon
Poschiavo,1684132,3561,1842,18,0.9989140251753006,0.0014232373127284013,55.112,0.10865570835212018,191010956.0994899,191008237.5602913,MultiPolygon
Bättwil,1683490,2471,1104,11,0.9973292182144416,0.06941493414036229,9.054,0.2675281292540708,1668949.9220844144,1670108.422573665,MultiPolygon
Ferpicloz,1683316,2194,1004,10,0.9971971684961013,0.04455184869526533,12.204,0.2806139715673228,1018301.2496604989,1017847.5776284882,MultiPolygon
Schwarzenberg,1682919,1066,312,3,0.9995031450457879,0.00642109792634464,13.428,0.049696246156985806,39300765.01220579,39298241.47159855,MultiPolygon
Surpierre,1683406,2044,1001,10,0.9997991504235755,0.007223910553692713,3.073,0.020087700405156828,14792799.132157922,14793867.750735616,MultiPolygon
Appenzell,1683860,3101,,16,0.9988704546562318,0.0066065810653214325,11.601,0.11301463073530883,16883749.582592323,16882634.143989284,MultiPolygon
Konolfingen,1682513,612,246,2,0.9994156691280179,0.0159202606748917,11.783,0.058454817025334435,12766961.784998463,12768994.318594899,MultiPolygon
Roggliswil,1682910,1142,315,3,0.997970559834142,0.030047057422917245,23.681,0.20311963680773068,6205557.66557051,6203693.078095323,MultiPolygon
Hilterfingen,1682480,929,247,2,0.9985667132150238,0.02669951839619745,8.036,0.14345061546693325,2806366.5702180755,2807115.8565767556,MultiPolygon
Agno,1684611,5141,2105,21,0.9999263828102716,0.00045759958747113103,1.952,0.007361973113106629,3035208.9617454535,3035195.0726417657,MultiPolygon
Berg (SG),1683865,3211,1722,17,0.9968382443833151,0.021119260075764427,4.686,0.3166427481926329,3755479.720181402,3754686.590652204,MultiPolygon
Hüttlingen,1684532,4590,2012,20,0.9987758342128407,0.009397640729871126,3.658,0.12249730935863475,11603516.12461943,11604606.581376854,MultiPolygon
Riniken,1684405,4111,1904,19,0.9982403401966388,0.10372068646530394,8.166,0.17602959988034647,4757114.564930253,4752180.453047566,MultiPolygon
Bursins,1684873,5853,2228,22,0.9976124446286838,0.07776110651564856,6.155,0.23913383924650686,3369766.707813404,3372387.0756923957,MultiPolygon
Uttigen,3411264,885,247,2,0.9990323868952065,0.01633869315006485,2.871,0.09680023830198459,3807341.262767607,3806719.1929615075,MultiPolygon
Zuzwil (SG),1683969,3426,1728,17,0.9988816425904571,0.017525919458310325,3.812,0.1119081177114101,8967263.5253466,8968835.120729666,MultiPolygon
Courtepin,6838602,2254,1005,10,0.9999958540859938,4.68692541901718e-06,0.015,0.00041459225058385876,21921684.547080416,21921683.51962741,MultiPolygon
Othmarsingen,1684397,4205,1907,19,0.9993216335751232,0.05891895975269672,8.532,0.0678396682423099,4722388.736290526,4719606.353971625,MultiPolygon
Gebenstorf,1684315,4029,1902,19,0.9999940309139713,6.556967803142714e-05,0.013,0.0005969101886727881,5644783.314646091,5644779.613379846,MultiPolygon
Genthod,1685487,6622,,25,0.9992736442919363,0.014487331382749272,3.559,0.07265669663152481,5300332.030511541,5299564.153845895,MultiPolygon
Steffisburg,1682674,939,247,2,0.9988861482181564,0.016732510478177733,8.457,0.11143792208008878,14811794.891882438,14809316.506750148,MultiPolygon
Port,1682609,745,242,2,0.9977459140839707,0.0023011481749394234,6.913,0.22566551983069089,2456742.631364383,2456799.1646526074,MultiPolygon
Ramlinsburg,1683691,2832,1303,13,0.9982020365442142,0.016716336133508033,3.156,0.1799430834419266,2248247.8917166777,2247872.067041984,MultiPolygon
Servion,1685152,5799,2226,22,0.9981150189965722,0.002955386928547436,11.109,0.18867313755877455,6320806.595939106,6320619.791647191,MultiPolygon
Diemtigen,1682420,762,249,2,0.9996743067891425,0.006365512736742348,42.928,0.03257358898195811,129942252.60926734,129933981.11862709,MultiPolygon
Castel San Pietro,1684652,5249,2106,21,0.9999935546317515,8.36332007902893e-06,0.015,0.0006445389291478612,11837284.599020865,11837285.589010864,MultiPolygon
Borex,1684860,5706,2228,22,0.996479852023257,0.023772403498582895,3.865,0.3526773771411977,1985321.9120775831,1985793.870813268,MultiPolygon
Beringen,2754655,2932,1403,14,0.9966363893188314,0.13309363887585915,23.811,0.3367035002690621,18678756.60652139,18653896.369657006,MultiPolygon
Adelboden,1682357,561,249,2,0.9994308622089848,0.018003259447858792,73.876,0.05693510422903286,87618955.09258817,87634729.360399,MultiPolygon
Richterswil,1682194,138,106,1,0.9987691512517256,0.025611456021791393,3.735,0.12317644252702352,7534474.468128658,7536404.156743536,MultiPolygon
Fulenbach,1683506,2575,1108,11,0.9985639815351576,0.02883613033603948,2.976,0.14372574750556624,4484494.795291674,4485787.950055758,MultiPolygon
Bas-Intyamon,1683272,2162,1003,10,0.9999975649192062,1.7318870717355726e-05,0.015,0.0002435083969935755,33342183.594021056,33342189.368510727,MultiPolygon
Bex,1684852,5402,2221,22,0.9995487918137639,0.010961449443595334,14.154,0.0451334738678128,96561582.61750466,96572167.16656521,MultiPolygon
Villaz,10523801,2117,1002,10,0.99999633003534,3.639045659083405e-05,0.016,0.00036699720611898276,15431135.853990521,15431141.469451316,MultiPolygon
Wigoltingen,1684570,4951,2015,20,0.9984761761795036,0.016912247660831548,3.86,0.1525114679968217,17132621.121728912,17135518.63304381,MultiPolygon
Eysins,1684969,5716,2228,22,0.9964281561033177,0.023437622784744167,11.507,0.3578653670467014,2383255.663731976,2383814.2422044375,MultiPolygon
Roveredo (GR),1684142,3834,1847,18,0.9986356016690056,0.0005470090201628638,22.929,0.13653334920542545,38796547.7641773,38796759.98479308,MultiPolygon
Zullwil,1683593,2622,1110,11,0.9999944553149568,0.00010335728077042496,0.011,0.0005544697549800428,3657395.279194477,3657391.4990101694,MultiPolygon
Bremgarten (AG),3411166,4063,1903,19,0.9999953364156985,5.926853172637364e-07,0.015,0.0004663595161395262,11361103.858002886,11361103.790667292,MultiPolygon
Menzingen,1683144,1704,,9,0.9989162104902749,0.014161624225000346,9.22,0.10843003452972377,27513450.433759157,27509554.082297396,MultiPolygon
Rothenburg,1682913,1040,313,3,0.9989956296361977,0.0008503148580015072,3.672,0.10048792694366321,15495054.636955438,15495186.393707272,MultiPolygon
Niedergesteln,1685347,6198,2309,23,0.9999970963445272,2.354067550018904e-05,0.007,0.00029036593471353547,17621707.30532339,17621703.157054454,MultiPolygon
Uitikon,1682221,248,111,1,0.9990634984699421,0.016020885018291256,3.283,0.09368651999896711,4378240.922075407,4377539.489131457,MultiPolygon
Ormalingen,1683688,2856,1304,13,0.9990974549289464,0.029668347701665983,3.116,0.09030864942910219,6930788.644710596,6932844.895184176,MultiPolygon
Hägglingen,1684333,4068,1903,19,0.9999958042497215,1.3724865817956465e-05,0.015,0.00041957593658562654,7748393.247868487,7748394.311325063,MultiPolygon
Seelisberg,1683106,1215,,4,0.9988826910484926,0.0348160282012504,54.477,0.11181281000756751,18892340.674051102,18898918.236708056,MultiPolygon
Walterswil (SO),1683585,2585,1108,11,0.9991005442122952,0.038143320802079994,4.683,0.08996888617281316,4477707.309708455,4475999.363444734,MultiPolygon
Villars-sous-Yens,1685191,5652,2227,22,0.9977336275249657,0.013518057882119423,8.143,0.22690969692635898,3042767.1850604694,3043178.508089764,MultiPolygon
Hergiswil bei Willisau,1682856,1132,315,3,0.9992684319200256,0.0020515775654213033,4.153,0.07318282667301007,31341583.35094263,31340940.354049955,MultiPolygon
Delley-Portalban,1683307,2051,1001,10,0.9999970121743916,7.888328459269029e-05,0.015,0.00029878288923329533,16610889.04008167,16610875.936866796,MultiPolygon
Monthey,1685341,6153,2308,23,0.998309378051839,0.04716434464832858,18.967,0.16916532358239209,28696570.42620838,28683035.876830313,MultiPolygon
Jenaz,1684092,3863,1849,18,0.9992197531867333,0.0015617126910590466,3.638,0.07805452296228009,25910874.90190293,25910470.24848122,MultiPolygon
Corgémont,1682412,431,241,2,0.9985654354960918,0.01471911377346459,12.455,0.14354885767971146,17668629.6416669,17666028.97596773,MultiPolygon
La Sagne,1685498,6423,,24,0.9995981029205506,0.008186472133313675,3.675,0.04019943102147055,25550306.108639877,25552397.777329437,MultiPolygon
Meinisberg,1682551,390,242,2,0.9989831742606318,0.03759878829731835,9.098,0.10171517153129529,4395595.12585753,4393942.435351752,MultiPolygon
Schwellbrunn,1683934,3004,1501,15,0.9989474439190034,0.013447315023861347,13.054,0.10530395022943842,17417610.0808384,17415267.879941203,MultiPolygon
Obersiggenthal,1684392,4038,1902,19,0.9999953770491941,4.603526828104243e-05,0.015,0.00046229604275214,8360845.449948995,8360841.601011362,MultiPolygon
Finsterhennen,1682441,493,243,2,0.9983166152115688,0.007018340779377393,3.107,0.1684861996798878,3568893.3222028585,3569143.799298263,MultiPolygon
Blonay - Saint-Légier,13623865,5892,2230,22,0.999401073047083,0.001248388394257629,3.414,0.059910262380562164,31244400.800292585,31244010.74881914,MultiPolygon
Sorvilier,1682670,711,241,2,0.9984442770004262,0.023887207400571642,6.636,0.15571200326885115,6901790.277430862,6903438.922388785,MultiPolygon
Moutier,1682559,6831,2604,26,0.9992515732254095,0.003364868349995071,4.674,0.07487195472563501,19613200.030161798,19613859.988522034,MultiPolygon
Movelier,1685619,6718,2601,26,0.9976089836051859,0.01682719699872859,17.862,0.23936768846311712,8082233.0309760505,8080873.017702032,MultiPolygon
Domleschg,4450590,3673,1851,18,0.999506774505691,0.005124404307580653,5.397,0.04933345194562559,45944632.64646434,45942278.2577299,MultiPolygon
Gondiswil,1682453,326,244,2,0.9989058413131299,0.016111670046848152,6.053,0.10948457980095844,9405227.420130985,9406742.759340072,MultiPolygon
Goms,1685348,6077,2304,23,0.9973146478729435,0.07846360198721797,133.389,0.269001746111402,129572552.92079258,129674220.21300103,MultiPolygon
Dürrenäsch,1684296,4134,1905,19,0.999994994833847,4.20863082715208e-06,0.015,0.0005005178574238545,5907448.2354095485,5907447.986786861,MultiPolygon
Glarus,1683142,1632,,8,0.999648943045956,0.0029746231464405914,15.729,0.03511133631297354,103675089.47161472,103672005.5284062,MultiPolygon
Etziken,1683502,2518,1106,11,0.9976637361614707,0.06082184735023433,4.575,0.2338284784207674,3368396.142322591,3366347.4215627564,MultiPolygon
Henniez,1685001,5819,2222,22,0.9995543959275515,0.012191394031863489,3.043,0.04457305447957605,2613601.8194564707,2613920.4539527046,MultiPolygon
Centovalli,1684655,5397,2104,21,0.9968198680823261,0.012531662951830436,86.727,0.31849970112941206,53392464.258365944,53385773.29470341,MultiPolygon
Zuzgen,1684475,4264,1909,19,0.9999961735883076,5.7106477215521445e-05,0.015,0.00038264201055565405,8394615.738484962,8394620.532354286,MultiPolygon
Muntogna da Schons,12120535,3715,1851,18,0.9994616354349295,4.909725392526891e-05,19.021,0.053850939009450656,53588767.570428506,53588741.259815216,MultiPolygon
Ferreyres,1684972,5483,2227,22,0.9984110434589613,0.004462195355844113,3.574,0.15902554155826293,3155589.6696345615,3155730.4782102495,MultiPolygon
Zumikon,1682247,160,107,1,0.9981975610158819,0.0013007527643872207,3.822,0.1804053109307175,5480729.761970504,5480658.471226617,MultiPolygon
Gurzelen,1682464,867,247,2,0.9986934260042734,0.00600264640451218,4.462,0.13074673616626867,4524312.756835083,4524584.33533211,MultiPolygon
Rochefort,5818680,6413,,24,0.999662855793038,0.02106586051327522,16.967,0.03371655325004869,25853492.12510092,25848045.864512037,MultiPolygon
Avry,1683270,2174,1004,10,0.9999947920154658,4.805729670821469e-07,0.016,0.0005207998085656164,5833051.201783945,5833051.173751878,MultiPolygon
Dulliken,1683496,2573,1108,11,0.9989001958819534,0.017232712548090688,3.392,0.11005040505306944,6041879.5060938345,6042920.685821622,MultiPolygon
Oberkulm,1684387,4140,1905,19,0.9988288857968525,0.010868081777998678,7.307,0.11717366830586505,9413267.930537641,9412244.888880968,MultiPolygon
Sutz-Lattrigen,1682678,750,242,2,0.997441324830321,0.01112303656160467,13.136,0.2562095255626559,3574798.7553400923,3575196.3815126526,MultiPolygon
Troinex,1685535,6641,,25,0.9978017119485143,0.047578622038486174,4.318,0.2200183412356836,3429894.9602924916,3428263.063533017,MultiPolygon
Niedergösgen,1683557,2495,1105,11,0.9984606816782629,0.016874712251438946,3.524,0.1540374006934093,4325102.387594112,4324372.539011626,MultiPolygon
Bösingen,1683282,2295,1006,10,0.9989677535942105,0.049515784603499584,9.699,0.10325237528017986,14325593.353528468,14318499.923580362,MultiPolygon
Visperterminen,1685399,6298,2313,23,0.9984048367155434,0.01983799190658423,43.582,0.15962782224812458,51649015.25921886,51638769.1317519,MultiPolygon
Oberwil bei Büren,1682595,391,243,2,0.9991774619417861,0.014947890523487073,3.137,0.08229379831627001,6739027.563961552,6740034.906424161,MultiPolygon
Kleinbösingen,1683342,2266,1005,10,0.9966875496454691,0.19343111893203932,9.699,0.33211545892714966,3015563.9183251685,3021396.957354496,MultiPolygon
Flims,1684080,3732,1844,18,0.9996096061861134,0.003479197854815137,3.615,0.039047682504101726,50505885.349293575,50507642.5489732,MultiPolygon
Saas-Almagell,1685360,6288,2313,23,0.9981139050608523,0.019404764773178807,116.514,0.18880584640465298,110376541.9452226,110397960.25355184,MultiPolygon
Kriens,1682888,1059,312,3,0.9996453948237275,0.004262372482669265,3.529,0.0354675618474989,27301129.18028919,27302292.85610683,MultiPolygon
Clos du Doubs,1685583,6808,2603,26,0.998573185306731,0.03735197020273732,22.009,0.14280999819867826,61751208.47220276,61774273.76519113,MultiPolygon
Les Montets,1683354,2050,1001,10,0.9997065860711853,0.00345622844965565,9.033,0.029345190972700323,10285284.859419309,10284929.37647787,MultiPolygon
Mont-la-Ville,1685054,5491,2227,22,0.9994511938825499,0.018213611544355492,3.745,0.05489067604356996,19791177.12194749,19787572.433826443,MultiPolygon
Vernier,1685540,6643,,25,0.9979852869902929,0.009128951141426136,5.987,0.20168366443025326,7686978.052241671,7687679.792712312,MultiPolygon
Mellingen,1684362,4033,1902,19,0.9999933590539284,7.081158818615145e-05,0.015,0.0006640970474223354,4866599.333741956,4866602.779858235,MultiPolygon
St. Gallen,1683941,3203,1721,17,0.9996228944044234,0.007067556637805466,11.506,0.03771900418929604,39379013.616972566,39381796.751063354,MultiPolygon
Subingen,1683581,2532,1106,11,0.998507427552395,0.040932362376907255,4.575,0.1493992866480795,6271343.877875935,6273910.887077929,MultiPolygon
Arisdorf,1683615,2821,1303,13,0.9989876454070877,0.006377837581607298,3.585,0.1012899582850825,9998091.84207712,9998729.504136067,MultiPolygon
Schattenhalb,1682649,786,250,2,0.9973339716745897,0.07188461762197917,74.264,0.26705464337622903,31536484.82958455,31559154.71111571,MultiPolygon
Rüti bei Büren,1682638,393,243,2,0.9992344005090791,0.020826067623272507,3.137,0.07658129217794422,6503124.087246513,6501769.742226478,MultiPolygon
Hubersdorf,1683527,2548,1107,11,0.9974471617952929,0.09257661911150374,3.361,0.25549176847946786,1354506.535022553,1353252.5786667848,MultiPolygon
Termen,1685382,6010,2301,23,0.9947258424640509,0.18832312338643895,67.284,0.529308203931373,18622119.262534544,18657189.019170497,MultiPolygon
Vechigen,1682706,359,246,2,0.9989109768396854,0.030165029578933807,16.849,0.10897808106652063,24822257.16442789,24829744.8056437,MultiPolygon
Savigny,1685148,5611,2226,22,0.9992465312153263,0.007459795029077553,10.001,0.07537808634611286,16010593.778198447,16011788.135677239,MultiPolygon
Herzogenbuchsee,1682479,979,244,2,0.9986719869321999,0.0036054481982348468,3.969,0.13289194193890388,9822048.555291466,9822402.684164133,MultiPolygon
Corcelles-près-Concise,1684920,5555,2224,22,0.9999959330712845,0.00013923090098070747,0.01,0.0004066939817725068,8475920.028385352,8475931.829485174,MultiPolygon
Saint-Sulpice (VD),1685143,5648,2229,22,0.9997977013006288,0.008428118765670387,3.546,0.02023106379738768,24128549.22020739,24126515.637422677,MultiPolygon
Tecknau,1683711,2862,1304,13,0.9966778501549305,0.025943336403157356,3.351,0.3327245711227652,2344967.927619925,2344359.564701916,MultiPolygon
Bougy-Villars,1684862,5426,2227,22,0.9957919013723139,0.09489866882120031,7.939,0.42149704185145875,1769298.992136988,1767619.9509459832,MultiPolygon
Frenkendorf,1683647,2824,1303,13,0.998054180981577,0.0076249121673251504,9.134,0.19476397121257155,4590664.517526515,4590314.483389157,MultiPolygon
Dietikon,1682103,243,111,1,0.9989997575711216,0.06925396940589008,3.866,0.10003963945417872,9335019.635201894,9328554.763559697,MultiPolygon
Zetzwil,1684472,4147,1905,19,0.9981783132489312,0.007713305328189131,9.578,0.18232772149124088,5802266.05761892,5801818.511121942,MultiPolygon
Schlossrued,1684418,4142,1905,19,0.9999942032601074,4.180075090565861e-05,0.016,0.0005796757908163847,7246167.792649985,7246170.8216025345,MultiPolygon
Stallikon,1682211,13,101,1,0.9991390476734625,0.031303834949483134,3.667,0.08614579191856661,12017466.547371246,12021228.475264344,MultiPolygon
Neuendorf,1683555,2404,1101,11,0.9989056665586409,0.036111220250040946,3.277,0.10947348552613313,7145615.520368762,7143035.151409981,MultiPolygon
Strengelbach,1684434,4285,1910,19,0.9999955889565738,4.567155095528984e-05,0.014,0.0004411054163776904,6027833.970627934,6027836.723633197,MultiPolygon
Dizy,1684944,5481,2227,22,0.9977232966071051,0.05826367014266828,18.333,0.22786340343357003,3038363.9220549613,3036593.6597216814,MultiPolygon
Biezwil,1683484,2445,1103,11,0.998833286036779,0.009040262012222038,2.626,0.11673422034456413,4155366.0170074967,4154990.3610319924,MultiPolygon
Herdern,1684528,4811,2012,20,0.9986951913318644,0.000714578014513666,6.507,0.1305655821714192,13726980.258600108,13726882.168617124,MultiPolygon
Develier,1685597,6712,2601,26,0.9984253029345077,0.02338352385955915,10.54,0.15757536229627167,12470067.62247846,12467151.681240655,MultiPolygon
Maisprach,1683675,2853,1304,13,0.999167319977386,0.025187961534590915,3.317,0.08329219337797701,5075224.671152996,5073946.325515032,MultiPolygon
Niederönz,1682580,982,244,2,0.997780329403081,0.0033350029360880037,3.969,0.2222173856944853,2792289.5750750024,2792382.698014315,MultiPolygon
Neunkirch,1683681,2904,1401,14,0.9999967687791897,1.4168561354251857e-06,0.015,0.0003231226054016031,17914914.32684831,17914914.580676872,MultiPolygon
Schlatt (ZH),1682202,226,110,1,0.998961134714741,0.004734026204772995,4.845,0.10393805833818767,8965654.949984077,8965230.513529316,MultiPolygon
Fontenais,2758672,6790,2603,26,0.9985697591742084,0.07689247245303582,14.444,0.14318146194183679,19985526.921920825,20000894.287703857,MultiPolygon
Sarnen,1683100,1407,,6,0.9989603492789171,0.00035930238057157494,23.72,0.10401933076899317,76882208.41860892,76882484.658214,MultiPolygon
Spiringen,1683111,1218,,4,0.9995071027921689,0.005484997376004476,9.807,0.04930051905731302,64681006.397771925,64677458.64626823,MultiPolygon
Ballwil,1682817,1023,313,3,0.9989995219992115,0.008085284835963512,6.504,0.10010191953772565,8767636.305085948,8768345.193454595,MultiPolygon
Zollikon,1682246,161,107,1,0.9988573090456188,0.023038629002834814,3.555,0.11432124935030542,7855349.299316517,7853539.534534571,MultiPolygon
Weisslingen,1682235,180,108,1,0.9989729398503985,0.0036162611159859834,6.149,0.10275692667365793,12807870.605802948,12807407.439758444,MultiPolygon
Villarzel,1685192,5830,2222,22,0.999421333808727,0.003467719534662767,3.262,0.05788236308457243,7657685.287808447,7657419.740759819,MultiPolygon
Altishofen,1682825,1123,315,3,0.9998371302492439,0.0006489654240219112,6.505,0.01628824865880635,14325348.670999842,14325255.704440096,MultiPolygon
Massongex,1685335,6215,2310,23,0.9999934336798062,6.922319891065007e-05,0.015,0.0006566339479292289,6636500.462997132,6636495.868999216,MultiPolygon
Bellach,1683480,2542,1107,11,0.9984669293530948,0.024634366239764963,9.585,0.1534435677171595,5288888.805071371,5290191.689309626,MultiPolygon
Meilen,1682165,156,107,1,0.9990832357585434,0.009086032899504016,7.379,0.09171429946586898,11944428.447187852,11943343.172489483,MultiPolygon
Wynau,1682732,345,244,2,0.9975297522589882,0.022735557752392947,21.781,0.24735837356314444,5074481.713708173,5075635.425428827,MultiPolygon
Kreuzlingen,1684537,4671,2013,20,0.998826992134161,0.005678677879224515,7.197,0.1173662918086291,11568367.360342383,11567710.430024104,MultiPolygon
Buttisholz,1682820,1083,314,3,0.9992184887899515,0.0014699914318058065,3.641,0.0781810962991974,16712290.739013668,16712045.069771746,MultiPolygon
Conthey,1685293,6023,2302,23,0.9988989590529989,0.03739846202313248,74.321,0.11014414268699342,84943791.83828795,84912024.1665563,MultiPolygon
Mergoscia,1684713,5117,2104,21,0.9999969546454401,8.427559947770792e-06,0.016,0.00030453593261956343,12158161.099202646,12158162.123838961,MultiPolygon
Wileroltigen,1682725,671,246,2,0.9986396955904414,0.018665150080507238,3.143,0.13611032154814526,4154217.9334915536,4153442.542479596,MultiPolygon
Lenzburg,1684351,4201,1907,19,0.9999912514572518,0.00034265192701345794,1.127,0.0008748566029046701,11314763.454628875,11314724.684373861,MultiPolygon
Origlio,1684731,5208,2105,21,0.9960744020934444,0.17462886732196328,18.956,0.39367525739662823,2077170.6116051527,2080797.9511165435,MultiPolygon
Lucens,1868686,5675,2222,22,0.9990408041155854,0.0048312708004761735,3.378,0.09596329517291892,19277192.810643896,19276261.477256484,MultiPolygon
Scharans,1684156,3638,1851,18,0.9989793221245437,0.00526637275639258,6.142,0.10212259231575715,14287214.96505201,14287967.383048577,MultiPolygon
Gimel,1684985,5428,2227,22,0.9991683658992371,0.008272303898222342,6.047,0.08320144642131719,18880220.988595758,18881782.81785259,MultiPolygon
Rüthi (SG),1683930,3256,1723,17,0.9989826352910164,0.03374984084117221,3.451,0.10180542547009869,9333372.321941147,9336522.320244916,MultiPolygon
Visp,1685398,6297,2313,23,0.9988584849310944,0.03169032493228411,17.999,0.11419859910962403,13197631.856884716,13193449.484465903,MultiPolygon
Cronay,1684932,5910,2224,22,0.996407180086325,0.05594833253394595,12.894,0.3600292576523098,6579209.458172971,6582890.416158735,MultiPolygon
Epsach,1682428,735,243,2,0.998802612502938,0.004827860084528171,2.982,0.11981337163251939,3413976.5934840105,3414141.4154972625,MultiPolygon
Rivaz,1685120,5609,2226,22,0.9989317784009775,0.0333239961703242,9.535,0.10689705347918961,2945789.1081827926,2946770.762832389,MultiPolygon
Embd,1685298,6283,2313,23,0.9962172996595396,0.04407184304046382,23.145,0.37890331761246704,14044647.38676504,14038457.651813159,MultiPolygon
Liesberg,1683669,2788,1302,13,0.9977623238117477,0.03948862487252724,23.361,0.224062489851885,12457849.627024893,12462769.060531292,MultiPolygon
Verzasca,1684758,5399,2104,21,0.9988606007920576,0.012321174673186422,61.411,0.11399784595371369,218387496.26139826,218360588.3565195,MultiPolygon
Corcelles-le-Jorat,1684919,5785,2222,22,0.9984821114670552,0.006814620525046858,5.541,0.15190931591593868,7940604.428333424,7941145.55039261,MultiPolygon
Begnins,1684845,5704,2228,22,0.9984310156335381,0.04494403022680795,3.796,0.15698633295667855,4786140.629525504,4783989.545034273,MultiPolygon
Granges-Paccot,1683328,2198,1004,10,0.9990093178791983,0.005131885790033074,3.149,0.0991147656595602,3991037.466901062,3990832.6514164233,MultiPolygon
Renens (VD),1685116,5591,2229,22,0.9979824115244276,0.023820519749638405,8.833,0.20193853198169315,2950798.227429441,2950095.3319549044,MultiPolygon
Lüterkofen-Ichertswil,1683546,2455,1103,11,0.9985684536142347,0.004326355617106543,3.407,0.14326027713189537,4429439.534894533,4429631.168200658,MultiPolygon
La Grande Béroche,7859091,6417,,24,0.9998839937028718,0.004133792846965569,12.67,0.01160106283781283,42249145.82190768,42247399.32973979,MultiPolygon
Kappel (SO),1683532,2580,1108,11,0.9983253480291296,0.10767116045152461,10.553,0.1676957689725114,5099067.964937355,5104558.190587415,MultiPolygon
Valeyres-sous-Ursins,1685172,5934,2224,22,0.9948809231358114,0.008217343490924168,16.993,0.5132002094719781,2873067.9476465415,2872831.8577845558,MultiPolygon
Le Mont-sur-Lausanne,1685023,5587,2225,22,0.9989949277706203,0.026781185481976784,8.77,0.10054429156296253,9796608.695423461,9793985.047477797,MultiPolygon
Stein (AR),1683944,3005,1501,15,0.9971264658881319,0.07723170882367689,23.117,0.28787798877223925,9363144.209717022,9370375.525989812,MultiPolygon
Wenslingen,1683720,2865,1304,13,0.9985029728312363,0.002300401004380246,3.581,0.1498131321594631,5916516.640917542,5916380.53730931,MultiPolygon
Kiesen,1682508,611,246,2,0.9989567437547596,0.0007815542105051045,2.983,0.1043804799985725,4686770.183543862,4686806.813193568,MultiPolygon
Canobbio,1684647,5167,2105,21,0.9997798717668412,0.006399982234314392,0.757,0.02201595089039842,1276150.8456310306,1276232.519058434,MultiPolygon
Muralto,1684725,5120,2104,21,0.999989249695823,9.712567979399117e-05,0.01,0.0010750356740772719,801830.7413010001,801829.9625174418,MultiPolygon
Wila,1682240,181,108,1,0.9966286986802281,0.058786196935877354,14.741,0.33779863546171757,9189259.843536546,9194661.859925117,MultiPolygon
Flerden,1684079,3662,1851,18,0.9979966086903683,0.015652002763596275,3.601,0.20052431675674437,6093259.514375472,6092305.797227889,MultiPolygon
Longirod,1685032,5429,2228,22,0.9990362642917575,0.005641081986270687,6.047,0.09642275210482033,9454238.389414424,9454771.710753148,MultiPolygon
Wintersingen,1683722,2866,1304,13,0.9992993773415039,0.002026069873658739,3.594,0.07008752805988472,6952567.069425973,6952707.933292813,MultiPolygon
Val-de-Travers,1685536,6512,,24,0.9991987183579193,0.04526160500156784,17.065,0.08014213877380659,124743749.32045622,124687288.29737465,MultiPolygon
Stetten (SH),1683710,2919,1402,14,0.999994822372878,7.650129927968218e-05,0.007,0.0005177642506698874,4718890.394391962,4718894.004404426,MultiPolygon
Châtonnaye,1683293,2068,1002,10,0.9990295574453762,0.01332870099880339,3.262,0.09708489575037252,6314273.453828141,6313431.8431992335,MultiPolygon
Realp,1683095,1212,,4,0.9989631982949281,0.047026184468209956,73.312,0.10375833733194537,77839511.41003363,77876116.36225846,MultiPolygon
La Ferrière,1682519,435,241,2,0.9993231661347617,0.024055541402383793,4.5,0.06771444304048241,14157629.931561183,14161035.626090966,MultiPolygon
Collex-Bossy,1685468,6615,,25,0.9983686936692866,0.0697413591358632,9.149,0.1633207309028594,6886626.792866421,6891429.6199903805,MultiPolygon
Walliswil bei Niederbipp,1682712,990,244,2,0.99674882144326,0.08115752910599754,3.293,0.3255150806898621,1472276.3549289983,1471081.491817726,MultiPolygon
Sevelen,1683939,3275,1724,17,0.999542983463327,0.020411302142064592,3.593,0.04570743404253147,30326562.59929379,30320372.552972347,MultiPolygon
Ufhusen,1682926,1145,315,3,0.998742298172573,0.008587235722869973,3.493,0.12584391971543704,12209030.359905027,12207981.941688545,MultiPolygon
Kestenholz,1683533,2403,1101,11,0.9993532431341914,0.004501923161657968,7.524,0.0646980643644587,8586374.45754161,8586761.00952206,MultiPolygon
Wängi,1684574,4781,2014,20,0.9989628375105645,0.002054798281528987,3.773,0.10376899601881526,16427112.962996563,16426775.418961694,MultiPolygon
Walkringen,1682711,626,246,2,0.9990536240252705,0.008835135021918003,16.475,0.09468658270618023,17211096.97653955,17212617.60019618,MultiPolygon
Cham,1683139,1702,,9,0.9990757771374439,0.0035065525298414815,7.825,0.09246663656337473,19121122.081888158,19121792.574078254,MultiPolygon
Buchberg,1683634,2933,1403,14,0.9985875905779411,0.06724523843909112,3.714,0.14138828017967323,5859543.040479093,5863483.304168104,MultiPolygon
Oberrohrdorf,1684390,4037,1902,19,0.9970835476153929,0.03110769655682666,8.455,0.2920257159506248,4301674.089606499,4300335.937883841,MultiPolygon
Boppelsen,1682093,82,104,1,0.9979725758882059,0.032939762973938316,3.387,0.20291471683924192,3964223.5684326133,3962917.7625854146,MultiPolygon
Gisikon,1682839,1055,312,3,0.9977751539291281,0.027890069591476344,2.373,0.22276343982491367,1076540.1295576533,1076840.3773489671,MultiPolygon
Safiental,2742004,3672,1850,18,0.9996390354565544,0.00391178808011137,3.864,0.036102264154790835,151422712.12089586,151416788.78529254,MultiPolygon
Otelfingen,1682186,94,104,1,0.9986885257979766,0.020342831025890747,3.584,0.13124682316277994,7146687.29325003,7148141.131770045,MultiPolygon
Frick,1684311,4163,1906,19,0.9999956949100643,5.4437279827576516e-05,0.016,0.00043050980310328654,9961264.410707,9961258.988065619,MultiPolygon
Dittingen,1683642,2784,1302,13,0.9990835423182273,0.04125027959283042,3.311,0.09170669289670863,6748519.047930303,6751302.83090595,MultiPolygon
Binningen,1683625,2765,1301,13,0.9984856611252131,0.02017741178580115,14.619,0.15156392476984715,4463676.97018046,4464577.624663522,MultiPolygon
Clarmont,1684909,5629,2227,22,0.9999876636245384,0.00017069827990479224,0.011,0.00123364620834616,1016308.5271730777,1016310.2619942521,MultiPolygon
Siselen,1682666,499,243,2,0.9988668923959076,0.010632440802519091,3.107,0.11338102070724437,5509298.6646585455,5509884.437577699,MultiPolygon
Vinzel,1685195,5863,2228,22,0.9965328931127627,0.02088709949641689,9.291,0.34734904576123504,1097086.7446977103,1097315.8942976373,MultiPolygon
Fey,1684973,5522,2223,22,0.99895847387545,0.007072098221603274,4.681,0.10421056435519498,7340008.824850145,7340527.917483713,MultiPolygon
Pfaffnau,1682905,1139,315,3,0.9989545010941162,1.847094974390629e-05,23.681,0.10460458223173602,17681811.501378015,17681814.76737653,MultiPolygon
Biel-Benken,1683624,2764,1301,13,0.9988831228069385,0.012122766397624284,4.472,0.11174335128579203,4116046.724901863,4115547.746172586,MultiPolygon
Römerswil,1682915,1039,313,3,0.9986794925413541,0.007325897555203869,4.071,0.13214283061281037,17377084.698728535,17378357.726151645,MultiPolygon
Knutwil,1682885,1089,314,3,0.9987209899418948,0.008370691898231078,3.543,0.12798820801286773,9743579.397283476,9744395.002294682,MultiPolygon
Remigen,1684402,4110,1904,19,0.999994087175798,7.654286690424916e-05,0.016,0.000591284394471292,7869476.514920027,7869482.538442962,MultiPolygon
Vorderthal,1683119,1348,505,5,0.9985282868281248,0.02291959196329323,23.589,0.14726281596781446,27970276.9647886,27963866.29143727,MultiPolygon
Maschwanden,1682163,8,101,1,0.9982995888452899,0.012071330528944544,3.613,0.17017553654881662,4688048.323217618,4687482.413409166,MultiPolygon
Kölliken,1684344,4276,1910,19,0.9995530841770406,0.02160438039889108,4.64,0.044706399964547734,8885822.13781335,8887741.864629572,MultiPolygon
Noville,1685073,5408,2221,22,0.9999809762829455,0.0011030806576794588,0.18,0.0019023793080048062,19946462.650687058,19946242.625115667,MultiPolygon
Val de Bagnes,1685271,6037,2303,23,0.9983860068495557,0.005093031039077642,65.632,0.1615255555556155,301905126.6027113,301889750.4809049,MultiPolygon
Lütisburg,1683904,3393,1727,17,0.9985806663225559,0.012385396810625185,5.207,0.14204296042822234,14096070.729562568,14097816.58385713,MultiPolygon
Walchwil,1683150,1710,,9,0.9993064916982279,0.006519097928814239,7.625,0.06937262489859139,15877861.470055006,15876826.376716772,MultiPolygon
Lancy,1685502,6628,,25,0.9978125314947511,0.00484409604872083,9.881,0.21898105945671653,4774218.534061027,4773987.266329661,MultiPolygon
Lostallo,1684104,3821,1847,18,0.9992797535591812,0.009837307899195147,18.325,0.0720470472536199,50863388.384774074,50858384.7966507,MultiPolygon
Oppens,1685079,5923,2223,22,0.9978945691406897,0.004011902822835145,3.479,0.21076073361524245,3595373.737322027,3595229.494421568,MultiPolygon
St. Stephan,1682673,793,248,2,0.999433789885459,0.01933880099708383,23.781,0.05663156922543995,60895050.02648115,60883273.653939456,MultiPolygon
Lajoux (JU),1685606,6750,2602,26,0.9999963162097776,5.2750251219426306e-05,0.015,0.0003683796035626351,12385895.409873907,12385888.876282962,MultiPolygon
Balerna,1684621,5242,2106,21,0.9999908571190631,2.1258306505045535e-05,0.016,0.0009142921761731944,2532453.514681441,2532452.9763247105,MultiPolygon
Birrwil,1684275,4132,1905,19,0.9999955421322438,6.384777496102431e-05,0.016,0.0004457879115612653,5530698.97447023,5530702.505698465,MultiPolygon
Grüningen,1682131,116,105,1,0.9992535391076023,0.0015151886976481044,8.502,0.07467339410949063,8784412.169337135,8784279.06891679,MultiPolygon
Rickenbach (TG),1684550,4751,2014,20,0.9968385531968019,0.05150552568960937,5.625,0.31656366392168267,1575940.2404039518,1575128.5440985777,MultiPolygon
Studen (BE),1682676,749,243,2,0.9982448109679627,0.03339308070914129,3.092,0.17570240425469236,2727861.3119161422,2728772.228845664,MultiPolygon
Lausen,1683666,2828,1303,13,0.9984896775986188,0.0006028697527579068,3.621,0.15114592441199892,5568408.537898402,5568374.967647617,MultiPolygon
Villarsel-sur-Marly,1683421,2230,1004,10,0.9954542668988564,0.238565585513425,19.827,0.4550653852673665,1396783.906820043,1393451.6611143805,MultiPolygon
Wollerau,1683123,1323,503,5,0.9982646887070831,0.02674382492543255,4.913,0.1737050498896299,6526908.502650843,6528654.047633835,MultiPolygon
Erstfeld,1683070,1206,,4,0.9996406402784053,0.00031808404760768786,3.392,0.0359424874540982,59080810.86927928,59080998.79591385,MultiPolygon
Sévaz,1683408,2043,1001,10,0.9997539367553714,0.010053274433453925,2.816,0.0246105892142802,2495587.7082974636,2495838.5965785063,MultiPolygon
Capriasca,1684648,5226,2105,21,0.9990502301293029,0.023211590988333603,18.956,0.09503313971089634,36381944.73451357,36390389.56271895,MultiPolygon
Zollikofen,1682737,361,246,2,0.998545803470654,0.029377773357637013,23.889,0.14550408817654992,5390997.286031179,5389413.5310667725,MultiPolygon
Melchnau,1682553,333,244,2,0.9988943181645624,0.004375507781348388,6.549,0.11063176426972772,10274764.51395057,10275214.087071393,MultiPolygon
Vaulruz,1683417,2155,1003,10,0.9987012936087998,0.012288410770550193,3.372,0.12994704112767028,10103142.549253514,10101901.033596328,MultiPolygon
Luthern,1682890,1135,315,3,0.999416571736109,0.0038081871135672812,3.493,0.058360962008268714,37761889.697241805,37763327.740659095,MultiPolygon
Grossaffoltern,1682458,303,243,2,0.9991304166387383,0.015040088965352652,8.235,0.08698961918327001,15080732.553754942,15078464.39816223,MultiPolygon
Surses,5818092,3543,1841,18,0.9996303608375003,0.013540615260515103,146.037,0.03697325220192388,323773711.006184,323817551.958706,MultiPolygon
Le Châtelard,1683349,2067,1002,10,0.9993273259724097,0.002424079561850413,5.884,0.0672908504700112,7485372.593329459,7485554.044716623,MultiPolygon
Waldstatt,1683958,3007,1501,15,0.9999946739547807,3.3953605888219355e-05,0.016,0.000532605849842002,6747563.92861962,6747561.637578357,MultiPolygon
Kilchberg (BL),1683661,2851,1304,13,0.9964996683696549,0.03238614992705124,9.356,0.35059007266229236,1591807.486659892,1591291.9615007122,MultiPolygon
Buchs (ZH),1682098,83,104,1,0.9985453285306309,0.0031871758079925648,3.755,0.1455753472358598,5842736.703707908,5842922.921998654,MultiPolygon
Montricher,1685063,5492,2227,22,0.9995850325680977,0.0032183328216718534,3.701,0.04150602276595146,26015880.958038386,26016718.235674106,MultiPolygon
Thalwil,1682216,141,106,1,0.998843088443081,0.0317352034811856,3.436,0.11577648468047928,5505287.467404904,5507034.581584909,MultiPolygon
Wilderswil,1682723,594,250,2,0.9996173336594281,0.0057152319085493454,3.184,0.0382750508574681,13194426.672596369,13195180.764679711,MultiPolygon
Fislisbach,1684309,4027,1902,19,0.9988301667931818,0.08512770647821588,6.158,0.11700196446466002,5054668.788472969,5050365.864863272,MultiPolygon
Hombrechtikon,1682143,153,107,1,0.9999957821625778,3.785287787773882e-05,0.016,0.00042178471170575604,12187559.16379949,12187563.777141377,MultiPolygon
Lavigny,1685020,5637,2227,22,0.9979169623847355,0.0037280085695120166,5.691,0.20852482684646992,4002846.8469713028,4002996.0734447823,MultiPolygon
Buchholterberg,1682396,923,247,2,0.9992372406935035,0.0031056669041020957,3.722,0.07630384694621332,15332187.47195352,15331711.30528153,MultiPolygon
Wassen,1683121,1220,,4,0.9997749605887495,0.002542731385987246,3.21,0.02250675968632755,96877775.83449249,96880239.17610468,MultiPolygon
Däniken,1683497,2572,1108,11,0.9983789754808468,0.009169289752771778,3.443,0.162226506666005,5433211.212386644,5432713.025507701,MultiPolygon
Neuenhof,1684379,4034,1902,19,0.9999944603089781,8.643225481060438e-06,0.012,0.0005539706125497247,5379371.883884626,5379371.418933385,MultiPolygon
Wallbach,1684455,4261,1909,19,0.9999955782748156,6.456285153621692e-05,0.014,0.0004421733534255241,4547202.330604478,4547199.394800988,MultiPolygon
Breil/Brigels,1684050,3981,1850,18,0.999636292094938,0.0008104745270253862,6.522,0.03637725846633194,96581668.51160835,96580885.74178728,MultiPolygon
Trélex,1685168,5730,2228,22,0.9976960518247069,0.037733755911043096,10.765,0.230617014044911,5765768.518657673,5763592.877638447,MultiPolygon
Goumoëns,1868684,5541,2223,22,0.9990147974599382,0.02423241018315964,9.084,0.09855686632762478,10694967.563479386,10692375.915070448,MultiPolygon
Zeglingen,1683724,2868,1304,13,0.9989474545448422,0.015198888897594834,9.356,0.10531797025195871,7911579.7526134355,7912782.22483008,MultiPolygon
Treiten,1682689,500,243,2,0.9989208043043543,0.03959650669368068,3.085,0.10795645644625128,4742605.139267865,4740727.23330644,MultiPolygon
Corbeyrier,1684918,5404,2221,22,0.9992198580183629,0.0002508189650143087,5.285,0.07804473898965018,22002251.259229455,22002306.445048343,MultiPolygon
Duillier,1684949,5715,2228,22,0.9983106338258495,0.003416803473773338,3.595,0.16907654739897982,4106397.0461130855,4106256.738596167,MultiPolygon
Tägerig,1684440,4077,1903,19,0.9993363980673721,0.042221872401618094,4.708,0.06636820503943103,3290166.743138548,3288777.5731344596,MultiPolygon
Dättlikon,1682110,215,110,1,0.9971010154243616,0.08197241083941836,6.313,0.2902002822577657,2883730.9124520067,2881367.0487009482,MultiPolygon
Aarberg,1682355,301,243,2,0.9987445621153836,0.008950574165348,6.99,0.1256170222010105,7927551.442136964,7926841.880765639,MultiPolygon
Holderbank (AG),1684329,4199,1907,19,0.9999926188384684,6.354172839291798e-05,0.016,0.0007381186428873624,2330288.029640946,2330286.5489356555,MultiPolygon
Eptingen,1683645,2885,1305,13,0.9992086956474454,0.00899978852628853,3.125,0.07916531797162077,11178954.346653,11179960.428903649,MultiPolygon
Schiers,1684157,3962,1849,18,0.9995352475335996,0.005211062690459593,37.137,0.0464872601015639,61663791.41148032,61667004.75030809,MultiPolygon
Langendorf,1683539,2550,1107,11,0.9974380158247704,0.08847541999877072,9.585,0.2566405082963915,1952315.876183597,1954043.195854753,MultiPolygon
Penthaz,1685097,5496,2223,22,0.9982303539661725,0.013277504169018907,4.638,0.17713308305288908,3835411.402895592,3835920.6498045106,MultiPolygon
Dielsdorf,1682102,86,104,1,0.9979351126243023,0.00881421561422939,3.866,0.20669303630898583,5865028.429974924,5864511.47372327,MultiPolygon
Wolhusen,1682933,1107,316,3,0.9988619115170962,0.001644283983658975,3.549,0.11387271123065151,14293577.610277584,14293342.583270246,MultiPolygon
Laupersdorf,1683540,2426,1102,11,0.9993790523132693,0.0006837032750215891,3.383,0.06211384112400099,15501698.621333491,15501592.635712333,MultiPolygon
Schluein,1684159,3582,1850,18,0.9987038596940562,0.014861260278093886,3.125,0.12970772143639783,4786338.537970022,4787049.848197941,MultiPolygon
Ittigen,1682496,362,246,2,0.9986272855329449,0.010221263860488501,2.959,0.1373587084101891,4204894.524894954,4204464.731530509,MultiPolygon
Därligen,1682424,575,250,2,0.9990961863819355,0.03132973057751651,14.034,0.09040805970564819,6927616.381293935,6925445.9777462315,MultiPolygon
Wittinsburg,1683723,2867,1304,13,0.9983569356668586,0.023213581764618237,3.339,0.16442244093411928,3204450.380379976,3203706.5126708196,MultiPolygon
Birsfelden,1683626,2766,1301,13,0.9973432689577267,0.0647894378061897,6.307,0.2659403061053215,2511966.3971099206,2510338.9082033527,MultiPolygon
Bettmeralp,3411183,6205,2309,23,0.9991472661724478,0.026644230696343384,44.198,0.08532112107657588,28790489.128771115,28798160.13311319,MultiPolygon
Cevio,1684658,5310,2108,21,0.9999986342441053,1.1373561880349414e-06,0.097,0.00013657568372806182,151287051.08617526,151287052.8068479,MultiPolygon
Baltschieder,1685272,6281,2313,23,0.998789444978459,0.007314326219573904,43.544,0.12113324858257687,31219983.28287898,31222266.814301986,MultiPolygon
Röthenbach im Emmental,1682631,904,245,2,0.9990872656182064,0.007961128753144904,8.593,0.09131874625702292,36793424.83512889,36796354.007052705,MultiPolygon
Maur,1682164,195,109,1,0.9991088076094212,0.02440932148291016,5.188,0.08916984950426306,14772068.239119869,14775674.00074603,MultiPolygon
Grimisuat,1685312,6263,2312,23,0.9991846315077033,0.043890741413813716,3.253,0.08155220321440015,4449560.8084904635,4447607.863261959,MultiPolygon
Füllinsdorf,1683648,2825,1303,13,0.9983829260907997,0.01802702309134667,6.077,0.16185283042897822,4618483.931963857,4619316.5071287425,MultiPolygon
Weiningen (ZH),1682234,251,111,1,0.9986978125714296,0.04546188071667732,3.684,0.13033320193032938,5374279.277601055,5376722.526035619,MultiPolygon
Wangen bei Olten,1683586,2586,1108,11,0.999091926729404,0.045164719642575596,7.365,0.09082805988874382,6964784.831201478,6961639.205658757,MultiPolygon
Lauwil,1683667,2889,1305,13,0.9991412487548263,0.007475323855138547,2.707,0.08591522414210494,7295481.552203342,7296026.913076161,MultiPolygon
Schmitten (GR),1684160,3514,1841,18,0.9988871425459117,0.0006343518253073372,3.621,0.1113480556372885,11348303.67075766,11348375.658929138,MultiPolygon
Bregaglia,1684049,3792,1846,18,0.9987551977084564,0.013974974450214355,146.037,0.1245490505858085,251423737.72537297,251388601.32226408,MultiPolygon
Luzern,1682891,1061,311,3,0.99999664158665,1.2999168655829957e-05,0.015,0.0003358419206946737,37403482.49827546,37403487.36041723,MultiPolygon
Corseaux,1684924,5883,2230,22,0.998572623747355,0.012755383670863416,18.749,0.14284867803585397,7634393.281777905,7635367.077931939,MultiPolygon
Lully (VD),1685036,5639,2227,22,0.9974475017840513,0.06399913627105067,3.607,0.25565778345353374,2047407.8250728792,2048718.1483968718,MultiPolygon
Treycovagnes,1685166,5931,2224,22,0.9980876698690695,0.0006432211846550129,3.049,0.19141665403619357,2077700.3284714117,2077713.692680078,MultiPolygon
Muri bei Bern,1682560,356,246,2,0.9988284344455209,0.004497445342447094,2.984,0.11722786003537254,7627564.163919482,7627907.209448715,MultiPolygon
Oberried am Brienzersee,1682591,589,250,2,0.9963151551549798,0.285188799078559,87.03,0.36969104981966866,20121067.893847972,20178450.92573622,MultiPolygon
Riaz,1683387,2148,1003,10,0.9999946181107701,1.5057532619714062e-05,0.015,0.000538190411809766,7755166.125571998,7755167.293308667,MultiPolygon
Brugg,1684281,4095,1904,19,0.9989718943476379,0.013947548124338032,8.166,0.10287061594344139,14007470.874621212,14009424.573362453,MultiPolygon
Hitzkirch,1682865,1030,313,3,0.9985306845506163,0.03430445430409592,21.854,0.14706478925410044,31214786.56367588,31225494.625868738,MultiPolygon
Heiden,1683892,3032,1503,15,0.9999936734363046,7.400531490994118e-06,0.016,0.0006326583472098119,7474476.236848144,7474475.683697176,MultiPolygon
Fläsch,1684081,3951,1845,18,0.998523928766133,0.005912222211792494,73.96,0.14771177650832326,19939062.448926076,19937883.607247148,MultiPolygon
Saules (BE),1682645,707,241,2,0.9990114739388068,0.011270345723015433,3.466,0.0989070627390976,4279702.723961408,4280185.061254316,MultiPolygon
Ballens,1684841,5423,2227,22,0.9990645536650806,0.013417788299138214,3.187,0.09358212821088413,8447753.82329441,8446620.321570368,MultiPolygon
Urnäsch,1683952,3006,1501,15,0.9995778472202941,0.020237917674696265,13.054,0.0422284631488613,48157701.80608926,48167447.9221348,MultiPolygon
Rüdlingen,1683700,2938,1403,14,0.996890427761226,0.056566098320436235,19.818,0.3115295338568535,5515210.769962388,5518330.509509104,MultiPolygon
Entlebuch,1682830,1002,316,3,0.9984037526547476,0.0010636267309056726,23.72,0.15975138698313956,56896296.10362758,56895690.939413324,MultiPolygon
La Punt Chamues-ch,1684096,3785,1846,18,0.9994142210397412,0.002157017526254022,4.126,0.05859442594902569,63275463.87729591,63274099.01445026,MultiPolygon
Montagny (FR),1683364,2029,1001,10,0.9988978723526614,0.05666030981121979,19.479,0.1102422918257446,17532667.12999973,17522733.066485703,MultiPolygon
Rüderswil,1682632,905,245,2,0.999188218199088,0.014939710499766478,18.905,0.08120507660040743,17207406.555584703,17204835.81886078,MultiPolygon
St. Margrethen,1683943,3236,1723,17,0.998432585243239,0.017549536456116885,6.194,0.15687817596126183,6868555.984803067,6869761.384539628,MultiPolygon
Altnau,1684497,4641,2013,20,0.99848175905814,0.01896329841353807,4.105,0.15195384088523342,6741479.595132198,6742758.002025311,MultiPolygon
Schafisheim,1684414,4207,1907,19,0.9999951770290854,6.486931684250392e-06,0.014,0.0004822982389307955,6327209.519393468,6327209.108951709,MultiPolygon
Gordola,1684681,5108,2104,21,0.9999915072109454,0.00019344554151822624,0.385,0.000849281690310169,6946590.644683101,6946577.206813212,MultiPolygon
Vaz/Obervaz,1684203,3506,1841,18,0.999250140860502,0.0015062236911487863,4.21,0.07501347399151988,42512119.58381978,42511479.256202996,MultiPolygon
Sierre,1685375,6248,2311,23,0.9991866248569155,0.0026955340627616425,7.283,0.08137170340894818,19128760.428520747,19129276.05077388,MultiPolygon
Zuchwil,1683592,2534,1106,11,0.9985582146952855,0.02246961059029858,3.274,0.14426633283364473,4626857.128306478,4625817.491527178,MultiPolygon
Ederswiler,1685598,6713,2601,26,0.9961794239373203,0.06751939744777095,9.603,0.3829180715738624,3309195.0171339693,3311429.36566991,MultiPolygon
Jaberg,1682497,868,246,2,0.9975236405144327,0.05346413322343111,2.983,0.24787666621684046,1309847.7710650233,1309147.472307677,MultiPolygon
Ziefen,1683725,2834,1303,13,0.9992083300532097,0.0011876282275690372,3.654,0.07919881444444855,7821983.514857054,7822076.410941232,MultiPolygon
Vufflens-la-Ville,1685198,5503,2223,22,0.9990858067198805,0.013021452478203141,3.583,0.09146708937326019,5380707.20914901,5381407.85538124,MultiPolygon
Chavannes-près-Renens,1684893,5627,2229,22,0.9964521506937465,0.05080241874850636,8.636,0.3553251309720625,1649309.7521979944,1648471.8629512228,MultiPolygon
Saint-Aubin (FR),1683394,2041,1001,10,0.9993877435566545,0.013922939972330474,3.002,0.061240129461601935,7887465.927366127,7886367.760219722,MultiPolygon
Saas-Fee,1685362,6290,2313,23,0.9978723379416164,0.09671852245968986,116.514,0.21288979244008574,40343813.40740804,40304793.4671765,MultiPolygon
Büsserach,1683492,2614,1110,11,0.9989644068099378,0.01131732607381562,3.553,0.10361883255766045,7550241.79093606,7551096.276418902,MultiPolygon
Reute (AR),1683924,3035,1503,15,0.9973083462596685,0.011614119084224652,5.872,0.2695124605508009,4993883.422953388,4993303.427385719,MultiPolygon
Riehen,1683696,2703,,12,0.9988500539293553,0.01622621127855707,14.017,0.11507009890243616,10871624.49994474,10873388.552705513,MultiPolygon
Egliswil,1684299,4195,1907,19,0.9994805903449259,0.037962156798650726,7.656,0.05194459681465968,6287927.037432998,6285540.004711663,MultiPolygon
Kradolf-Schönenberg,1684536,4501,2015,20,0.9985232428174289,0.00696939878533517,9.564,0.14777968956125792,10947810.824943379,10947047.828348724,MultiPolygon
Krauchthal,1682516,414,245,2,0.9999969109276082,2.2774966177453167e-05,0.015,0.00030890775164983013,19435059.57840844,19435064.004736684,MultiPolygon
Boltigen,1682387,791,248,2,0.9999983640487997,3.1295998039579586e-06,0.016,0.00016359525127346703,77067258.79401441,77067256.38211763,MultiPolygon
Suhr,1684435,4012,1901,19,0.9999944380477038,9.805668552085795e-05,0.014,0.0005561965035630026,10623524.633031081,10623514.21595494,MultiPolygon
Founex,1684979,5717,2228,22,0.9981587961297795,0.05186796032591119,13.2,0.18424225105030265,8118997.496814575,8114786.338414066,MultiPolygon
Bussnang,1684511,4921,2015,20,0.9986249972902961,0.01871707462431508,9.092,0.137607744495338,18880292.30463147,18883826.14303142,MultiPolygon
Mex (VD),1685047,5489,2223,22,0.9981509536816476,0.03581186657834361,9.48,0.18504259910361903,2827127.776003929,2826115.328776787,MultiPolygon
Scheuren,1682652,747,242,2,0.9998800768830574,0.005154088946742876,0.299,0.011992721749365439,2107794.5008732993,2107685.8632699098,MultiPolygon
Affoltern im Emmental,1682361,951,245,2,0.9990073837219261,0.007002008900211369,6.329,0.09930743974410391,11505517.310077433,11504711.692731366,MultiPolygon
Kernenried,1682506,411,245,2,0.9985502274037019,0.008698963495852417,2.925,0.1450887382276159,3329921.148519048,3330210.8171441983,MultiPolygon
Mirchel,1682555,615,246,2,0.9979863809997968,0.025869498290214586,2.93,0.2015387655074516,2342613.586985027,2342007.5646031955,MultiPolygon
Romont (FR),1683389,2096,1002,10,0.999994904317468,6.974794529818091e-05,0.016,0.0005095693735406876,10890668.876330756,10890661.280312985,MultiPolygon
Berneck,1683866,3233,1723,17,0.9987158299446964,0.015211309240320308,3.242,0.12850928637297948,5621118.749728451,5621973.795484237,MultiPolygon
Muriaux,1685620,6753,2602,26,0.9999953160388166,2.9085592383155733e-05,0.068,0.0004683972833301891,16878439.045587137,16878443.95478112,MultiPolygon
Ochlenberg,1682598,985,244,2,0.9987738227573283,0.015372064140325962,5.26,0.12268351569681613,12116782.678612564,12114920.079007464,MultiPolygon
Forst-Längenbühl,1682442,948,247,2,0.9986715928850035,0.006011879196462218,4.462,0.1329329991821665,4498023.860883521,4498294.276644265,MultiPolygon
St. Niklaus,1685378,6292,2313,23,0.9980850433810422,0.025686637250632083,65.536,0.1917038085322686,89239620.33226481,89262542.9898234,MultiPolygon
Eclépens,1684956,5482,2227,22,0.9981431334177074,0.01505492043484505,10.633,0.1858452256342867,5804457.547147419,5803583.690682022,MultiPolygon
Buus,1683637,2844,1304,13,0.9992419993020567,0.023342078959174607,3.594,0.07583765894968193,8845083.348142559,8847147.974481687,MultiPolygon
Uster,1682225,198,109,1,0.9995906599022759,0.004173570664684805,4.885,0.040943243833040044,28489899.836010877,28491088.88211283,MultiPolygon
Wettswil am Albis,1682236,14,101,1,0.9991301327562212,0.03410141205861391,3.355,0.08700973598690984,3770584.4132430125,3769298.5907152346,MultiPolygon
Unterägeri,1683149,1709,,9,0.9992387234939967,0.009428980141894189,5.379,0.07616022912741657,26694113.516692776,26696630.49935532,MultiPolygon
Auw,1684259,4223,1908,19,0.9999954201310177,4.9516136131159274e-05,0.015,0.0004579880605219428,8560759.392608788,8560763.631566063,MultiPolygon
Alchenstorf,1682362,402,245,2,0.9990850471700514,0.025449508206536697,3.236,0.09154880696480511,6568415.163115021,6570086.792470997,MultiPolygon
Kappelen,1682503,305,243,2,0.9992192723323104,0.005578404106683173,7.697,0.0781010769975868,10969526.154312398,10968914.229814922,MultiPolygon
Echallens,1684952,5518,2223,22,0.9989532491905418,0.006391653087978664,12.698,0.10472654701065187,6663787.411492614,6663361.485318751,MultiPolygon
Nunningen,1683559,2621,1110,11,0.9985793573762406,0.04405911187132671,16.394,0.14219656375177,10314584.467495363,10319128.98180496,MultiPolygon
Birmenstorf (AG),1684272,4024,1902,19,0.9999951157388968,2.4106570706960933e-05,0.015,0.0004884273622162145,7797762.581201002,7797764.460974152,MultiPolygon
Savosa,1684753,5221,2105,21,0.9999842163725311,7.793633340117212e-05,0.013,0.0015783758182672648,745212.6503995283,745213.2311909441,MultiPolygon
Villeneuve (VD),1685193,5414,2221,22,0.9996477792085281,0.00032197588768073323,3.393,0.03522833992745581,34527185.71095893,34527296.88017161,MultiPolygon
Saignelégier,1685626,6757,2602,26,0.9999967545270982,2.0603722874779355e-05,0.015,0.0003245478502973597,31674875.970453657,31674882.496657323,MultiPolygon
Evionnaz,1685302,6213,2310,23,0.9983034529908164,0.004517161542367524,69.195,0.169794901646203,48078517.66546618,48076345.88115606,MultiPolygon
Balgach,1683863,3232,1723,17,0.9989512217337926,0.02342148594801905,3.341,0.10492056385152482,6520115.510210776,6518588.402272757,MultiPolygon
Altendorf,1683056,1341,505,5,0.9999974411928052,1.56595638334185e-05,0.018,0.0002558810668433847,24561841.379513375,24561845.225790605,MultiPolygon
Elgg,1682115,294,110,1,0.9991743042043024,0.008819013195082619,5.234,0.08260732474131241,24393038.314122178,24395189.53938978,MultiPolygon
Landquart,1948063,3955,1845,18,0.9999965895941568,3.420984809363627e-05,0.014,0.000341041223930986,18858736.59531813,18858743.046863273,MultiPolygon
Perroy,1685099,5860,2228,22,0.9996487546944377,0.008632282514737653,3.537,0.035129184012440556,16223678.664632488,16222278.190855874,MultiPolygon
Altbüron,1682814,1122,315,3,0.9990625962384236,0.027114159168339893,6.549,0.0937970474674453,6750722.453347461,6752552.854978475,MultiPolygon
Augst,1683617,2822,1303,13,0.9950591880636033,0.23471079004415826,13.119,0.49588606446939665,1653584.431374456,1657465.5724573822,MultiPolygon
Allaman,1684832,5851,2227,22,0.9999971215704485,7.363505923944832e-05,0.013,0.00028784347538621583,11535889.50426834,11535897.998727411,MultiPolygon
Menznau,1682898,1136,315,3,0.9991557653614592,0.0008352750569914117,3.549,0.08445876277661714,30338875.21799558,30338621.804938313,MultiPolygon
Zürich,1682248,261,112,1,0.9997344908039214,0.0008183756474793025,1.624,0.02655433617437962,91881188.11826523,91880436.18499705,MultiPolygon
Wattwil,2727987,3379,1727,17,0.9992602604373111,8.633280147067905e-05,6.205,0.07400129518016703,51175460.47372989,51175416.2925212,MultiPolygon
San Vittore,1684152,3835,1847,18,0.9986275184002132,0.008333571605564374,12.615,0.1373366871798204,22062654.693706863,22060816.086579874,MultiPolygon
Bonstetten,1682092,3,101,1,0.9987867133553658,0.007561009810196496,3.667,0.12140690198585839,7430708.28951143,7431270.126094167,MultiPolygon
Laufen,1683665,2787,1302,13,0.9981244467833654,0.004747469353999975,20.158,0.18773582799728566,11396973.791356804,11397514.859194832,MultiPolygon
Sagogn,1684148,3581,1850,18,0.9999958828014168,7.868717297325234e-05,0.015,0.00041172054393001656,6917721.597714787,6917716.154355228,MultiPolygon
Salvan,1685371,6218,2310,23,0.998700471971671,0.04716442294979719,49.175,0.13006796205890056,53456983.08384345,53482195.76144131,MultiPolygon
Gipf-Oberfrick,1684317,4165,1906,19,0.999995208852181,4.1383878444831545e-05,0.015,0.0004791160286968614,10168346.293400813,10168350.501456883,MultiPolygon
Wildhaus-Alt St. Johann,1683966,3359,1727,17,0.9995745862903853,0.0019330047111051326,24.688,0.042550010476894044,87528441.1446994,87526749.21580851,MultiPolygon
Bargen (SH),1683618,2931,1403,14,0.9971539325600148,0.030779985347018507,13.981,0.2850561895253276,8270608.884538468,8273154.576741238,MultiPolygon
Solothurn,1683577,2601,1109,11,0.9989099998266656,0.029026018799453917,3.424,0.1090436269368362,6281592.620431165,6279769.324176254,MultiPolygon
Häfelfingen,1683658,2847,1304,13,0.998518018124521,0.03146275322651402,3.424,0.14828475159001742,3972887.369825922,3971637.3900767863,MultiPolygon
Kallern,1684339,4233,1908,19,0.9999894778376591,0.00011456929351908784,0.92,0.0010522223727376463,2683906.472849056,2683909.547781741,MultiPolygon
Fräschels,1683319,2258,1005,10,0.9987786345180677,0.00962852962352713,3.017,0.12220529688205763,3106920.7221919764,3106621.5714098606,MultiPolygon
Grandvillard,1683326,2134,1003,10,0.9977433154599533,0.13452562099237203,96.362,0.22577141048585642,24320603.899653576,24287886.456228472,MultiPolygon
Rümlang,1682199,97,104,1,0.9989298567416509,0.02931255690342357,9.935,0.10708730953378622,12413602.128563007,12417240.872750707,MultiPolygon
Fahrwangen,1684306,4196,1907,19,0.9999918720947297,0.00018475878675459554,0.015,0.000812793079329958,4998310.582309653,4998301.347491663,MultiPolygon
Au (SG),1683861,3231,1723,17,0.9981157244578924,0.035982342246168794,3.09,0.18863917862968418,4653872.492834567,4655547.065162639,MultiPolygon
Mönchaltorf,1682168,196,109,1,0.9999933801822372,4.703541760475924e-07,0.015,0.0006619839659131373,7588563.6009930335,7588563.565299908,MultiPolygon
Zillis-Reischen,1684211,3712,1851,18,0.9992036562098942,0.000786362898125986,3.749,0.07966578658016062,24475331.695100147,24475139.230172504,MultiPolygon
Wiler (Lötschen),1685404,6202,2309,23,0.998845341694116,0.025448557236433467,46.676,0.11554723156788252,14865278.14624765,14869061.145065052,MultiPolygon
Dällikon,1682108,84,104,1,0.9986790925630704,0.005329246400675441,3.488,0.13217451912494807,4506354.432045068,4506114.277313696,MultiPolygon
Hochfelden,1682141,59,103,1,0.9979522598299807,0.02084966245257751,3.961,0.2050052631036907,6168799.937694006,6170086.11165839,MultiPolygon
Bois-d'Amont,1683265,2238,1004,10,0.9990146512697153,0.027549839547237994,19.827,0.09859702235359635,12281325.784508966,12284709.270056872,MultiPolygon
Ostermundigen,1682603,363,246,2,0.9991790153536755,0.0024913106054915302,4.314,0.08213115617763293,5963233.614064201,5963085.051392743,MultiPolygon
Bossonnens,1683276,2323,1007,10,0.9982098612807633,0.02927188111130898,3.334,0.17914802146463332,4117714.0072286297,4116508.67487993,MultiPolygon
Hendschiken,1684325,4198,1907,19,0.9999927849978864,2.4753334484360374e-05,0.015,0.0007215027248591506,3516512.7503954256,3516511.8799412623,MultiPolygon
Bogis-Bossey,1684858,5705,2228,22,0.9955945346006182,0.042153028549411185,10.391,0.4414260316379268,2454005.592168584,2452971.154490713,MultiPolygon
Comano,1684665,5176,2105,21,0.997334132278138,0.04744509540375594,15.479,0.2670059145850285,2064684.6187445025,2065664.2103316525,MultiPolygon
Champagne,1684883,5553,2224,22,0.998232773309419,0.025233992340435427,22.212,0.17685664485738772,3915070.770445591,3914082.841787254,MultiPolygon
Schlieren,1682204,247,111,1,0.9992096062934991,0.019995317582812953,3.401,0.07906271389939461,6593798.251732036,6592479.800830832,MultiPolygon
Belmont-sur-Yverdon,1684848,5902,2224,22,0.9973719350606421,0.08877159620233048,12.433,0.2632690868237339,6467195.849740442,6472936.882725787,MultiPolygon
Full-Reuenthal,1684312,4307,1911,19,0.9967839588582726,0.1428135407690581,7.572,0.32235211010818654,4780799.666707856,4787627.2959889565,MultiPolygon
Fahy,1685599,6789,2603,26,0.9988543804524315,0.04808411767444325,5.797,0.114655173413437,7783428.478167507,7787171.071076055,MultiPolygon
Thunstetten,1682684,342,244,2,0.9991470773321102,0.004399687381592534,3.485,0.08532677906443345,9662243.790346872,9661818.68182605,MultiPolygon
Malans,1684112,3954,1845,18,0.998908685722879,0.011818018128288367,6.593,0.10919746067191612,11399502.367536057,11400849.562792387,MultiPolygon
Saxeten,1682646,591,250,2,0.9973599108002686,0.19429760389165698,70.158,0.2646147046878837,19382350.4263904,19420009.86884676,MultiPolygon
Guggisberg,1682462,852,246,2,0.9984422893497951,0.024270916368964023,61.143,0.15587356444385156,54918606.01944089,54905276.77050291,MultiPolygon
Saint-Saphorin (Lavaux),1685141,5610,2226,22,0.9983341510016742,0.06206284492402908,17.116,0.1666720313868542,5300845.1599278785,5297555.30461661,MultiPolygon
Brügg,1682394,733,242,2,0.9986267217951187,0.02839395285535482,15.417,0.13740267013590482,5002951.170264307,5001530.634667646,MultiPolygon
Lupsingen,1683672,2830,1303,13,0.9985468145607679,0.022830660949289625,3.654,0.14544080874799056,3113293.9076689263,3114004.693245341,MultiPolygon
Massagno,1684709,5196,2105,21,0.9999844488636966,0.0003079028763846739,0.015,0.0015551233282196362,739442.7516264739,739440.4748609724,MultiPolygon
Niederlenz,1684380,4204,1907,19,0.999481370784635,0.05115396487418419,5.774,0.05188964224906056,3312139.647543669,3313833.9382955576,MultiPolygon
Romanel-sur-Lausanne,1685125,5592,2225,22,0.9991989357295672,0.015612682597910413,2.79,0.08014478098453366,2880830.829921417,2881280.6048950753,MultiPolygon
Grub (AR),1683891,3031,1503,15,0.9999910201324277,4.686324226863162e-05,0.016,0.0008979905791514119,4211808.623997866,4211806.650207787,MultiPolygon
Oberiberg,1683094,1368,506,5,0.9998072985358016,0.01632750208219063,3.678,0.019273576609845886,33170519.915437035,33175935.8327669,MultiPolygon
Diessbach bei Büren,1682421,385,243,2,0.9985165904593671,0.06963923489879287,17.294,0.14850275101477411,6330474.470999709,6334882.964986777,MultiPolygon
Kilchberg (ZH),1682152,135,106,1,0.9999918028793573,0.00010227205378150876,0.016,0.0008197158427569003,2580442.382045494,2580445.0211169147,MultiPolygon
Neuenegg,1682572,670,246,2,0.9993763128686058,0.012929410940046111,7.793,0.062384135276971814,21827989.57857729,21825167.348104727,MultiPolygon
Botterens,1683277,2123,1003,10,0.9964517682235088,0.16419993644375025,11.001,0.35516196642068254,4533288.672804263,4525845.015684707,MultiPolygon
Regensdorf,1682192,96,104,1,0.9990293872067586,0.01171247570111363,6.996,0.09710271975581894,14621083.475144403,14619370.984295137,MultiPolygon
Münchenbuchsee,1682567,546,246,2,0.9991045561690856,0.02013816938974116,23.889,0.0895935123700806,11667619.740457831,11669969.385484915,MultiPolygon
Eich,1682828,1084,314,3,0.9999956999606172,0.0001263586679872162,0.015,0.00043000459113924806,9218390.778747795,9218379.130511997,MultiPolygon
Interlaken,1682493,581,250,2,0.9934081554162723,0.02095913309297524,15.32,0.6612949554839422,4274162.086231703,4273266.25891144,MultiPolygon
Villars-le-Comte,1685187,5690,2222,22,0.9983153743017021,0.01879824908181008,3.387,0.16858874028520282,4195805.261685911,4195016.523761831,MultiPolygon
Guttannen,1682465,782,250,2,0.9992830670139391,0.03347090280621666,68.754,0.07170700496761516,200847348.4649393,200780123.04414573,MultiPolygon
Mattstetten,1682548,543,246,2,0.9979011423129255,0.015573960017668177,8.001,0.21008989934471234,3785381.32690203,3784791.793127662,MultiPolygon
Flurlingen,1682124,29,102,1,0.9979736747909007,0.013575992532651373,3.657,0.20285179745335669,2413875.9407420787,2414203.6483595413,MultiPolygon
Pfeffingen,1683689,2772,1301,13,0.9985736248152042,0.00682078737163383,5.485,0.1427441863629191,4887253.693724584,4887587.042907345,MultiPolygon
Valbroye,1868689,5831,2222,22,0.9999957576248549,3.040940411424813e-07,0.016,0.00042423841504049027,33547239.503807727,33547239.605822884,MultiPolygon
Münchenwiler,1682568,669,246,2,0.9985375225816675,0.008257612045166387,2.92,0.14634871939631391,2478460.1315560658,2478255.4699337077,MultiPolygon
Muolen,1683908,3202,1721,17,0.9986834324386145,0.026313002341426542,8.786,0.13172614790249249,10326023.321002902,10323306.23424467,MultiPolygon
Aarau,1684251,4001,1901,19,0.9999956579543596,4.5505767097053174e-05,0.016,0.00043420540800683986,12338138.14333093,12338132.528766522,MultiPolygon
Yvorne,1685208,5415,2221,22,0.9985654103578737,0.0002914044115849262,7.132,0.14356173127617258,12201138.541276421,12201102.986620449,MultiPolygon
Bettingen,1683623,2702,,12,0.9970976624660058,0.0939912522254774,3.702,0.2905189482537959,2227025.5134569677,2224932.3042894886,MultiPolygon
Brig-Glis,1685283,6002,2301,23,0.9990669637922032,0.012344489356170621,20.734,0.09334140730841733,37666174.02777894,37661524.3309352,MultiPolygon
Gruyères,1683332,2135,1003,10,0.9992716343980976,0.020861684639801294,6.387,0.07285549544191924,28439272.186802804,28433339.27552534,MultiPolygon
Domat/Ems,1684071,3722,1844,18,0.9992868678692652,0.009059961069818809,3.276,0.07134188164226389,24217491.17453932,24219685.26981182,MultiPolygon
Monteceneri,1684720,5238,2105,21,0.9999960412146798,4.6737558424340484e-05,0.037,0.0003958792232189486,36080025.03492713,36080008.17200435,MultiPolygon
Menziken,1684363,4139,1905,19,0.9999953015037663,6.9087791730356105e-06,0.014,0.00046985071089122627,7323755.8876899015,7323755.38170778,MultiPolygon
Flühli,1682836,1004,316,3,0.999725214967498,0.000704229486606408,14.134,0.027482375878801597,108172197.17074941,108172958.9512582,MultiPolygon
Obergerlafingen,1683562,2528,1106,11,0.997483876883071,0.04858937974615313,2.522,0.251990459633988,1512249.5905682624,1512984.3832645332,MultiPolygon
Meiringen,1682552,785,250,2,0.9993608163561046,0.0034993312177189454,6.531,0.0639399174217358,40627863.34854507,40629285.052050315,MultiPolygon
Tägerwilen,1684564,4696,2013,20,0.998918175147316,0.008482539983191989,13.774,0.10823644339433211,11560153.95582369,11559173.361142268,MultiPolygon
Rümlingen,1683701,2859,1304,13,0.9978600608080201,0.004121323834444083,3.351,0.2142187170209345,2279704.634110015,2279610.6800995744,MultiPolygon
Lema,18953122,5395,2105,21,0.9999969025271432,2.281858632747908e-06,0.014,0.00030974776882867664,18568965.226471625,18568965.65018916,MultiPolygon
Zernez,4447274,3746,1843,18,0.9997330377773923,0.0019050681707720011,26.057,0.02669953185316414,344036788.59001535,344030234.4546602,MultiPolygon
La Chaux (Cossonay),1685010,5474,2227,22,0.9983054226565257,0.013445270768791127,3.515,0.16961283740849795,6737503.938204179,6738409.813851728,MultiPolygon
Ecublens (VD),1684958,5635,2229,22,0.9976475445858695,0.011394963765428597,20.005,0.23550915072916961,5722788.800782564,5722136.691072343,MultiPolygon
Kandersteg,1682502,565,249,2,0.9999989282553291,2.7797138150052567e-07,0.016,0.00010717452464104919,134306178.16159496,134306178.5349277,MultiPolygon
Montagny-près-Yverdon,1685056,5922,2224,22,0.9982922490797173,0.038560581353448864,3.461,0.17095399138034692,3518423.9318399313,3519780.6565625276,MultiPolygon
Niederhasli,1682172,90,104,1,0.9980508062541138,0.010549464378087207,3.932,0.1950992362192369,11303016.195322124,11301823.78765495,MultiPolygon
Gelterkinden,1683649,2846,1304,13,0.9990139177434721,0.004001910656329452,22.9,0.09865489346619673,9782464.3969524,9782072.911467247,MultiPolygon
Morcote,1684723,5203,2105,21,0.9996953124562347,0.0012988817965483871,2.793,0.030473198901840116,5269960.960792745,5269892.5102291405,MultiPolygon
Brünisried,1683279,2292,1006,10,0.999475780085523,0.005015514690103222,2.752,0.05243442041500436,3247420.778553536,3247257.9036873383,MultiPolygon
Perly-Certoux,1685521,6632,,25,0.997855470605474,0.029366516943050876,3.469,0.2147146590808546,2536593.9875002843,2537338.8968034,MultiPolygon
Villorsonnens,1683424,2114,1002,10,0.9999964518167297,1.787997300410765e-05,0.016,0.00035481898819132875,15472553.965065865,15472556.731554337,MultiPolygon
Eglisau,1682114,55,103,1,0.997911654499603,0.03593264755641815,15.865,0.2090152782060584,9062641.904145153,9059385.456970436,MultiPolygon
Brot-Plamboz,1685457,6433,,24,0.9994454821223897,0.017356653582560364,3.314,0.055462352906739086,16089547.367988,16086754.760988336,MultiPolygon
Gibloux,5817663,2236,1004,10,0.9999977672779501,1.4729205212434543e-05,0.016,0.00022327243784141723,36269175.51422034,36269170.17205905,MultiPolygon
Täuffelen,1682696,751,243,2,0.9987807980879638,0.01362282272602693,3.006,0.1220028687547005,4401219.923338566,4401819.493726505,MultiPolygon
Kirchberg (BE),1682509,412,245,2,0.9985049753283575,0.022423060626028633,6.877,0.14963107975667123,9054909.624931598,9056940.012806429,MultiPolygon
Böckten,1683638,2842,1304,13,0.9976285541831191,0.03226916032220509,22.9,0.23746441096268214,2282340.7040620646,2283077.1962429574,MultiPolygon
Tartegnin,1685162,5862,2228,22,0.9941938079959819,0.1728317810568693,17.242,0.5828129094817904,1085590.678405624,1087466.9241101,MultiPolygon
Les Verrières,1685513,6511,,24,0.9981104293149379,0.11306063890728915,10.49,0.18924268025105065,28868125.74241593,28900764.229820866,MultiPolygon
Gurmels,1683333,2262,1005,10,0.99938456028375,0.006655902199209727,4.228,0.061560866972635894,20164100.024281316,20162757.92150435,MultiPolygon
Neunforn,1684547,4601,2012,20,0.9989348644181287,0.015133503632595168,5.819,0.106578378014998,11358242.660397206,11359961.560462816,MultiPolygon
Untersiggenthal,1684449,4044,1902,19,0.9992569512856878,0.039101612538050175,9.454,0.07431795516023976,8277609.220707412,8274372.542022517,MultiPolygon
Val-de-Charmey,3411331,2163,1003,10,0.9984605860442136,0.048864610370979285,54.829,0.15409761702166838,111622508.0265225,111677051.93015598,MultiPolygon
Cuarnens,1684934,5479,2227,22,0.9987336449442631,0.009681823576757724,5.637,0.12670960493507877,7134362.340736906,7133671.604361749,MultiPolygon
Courgevaux,1683301,2250,1005,10,0.9981473628407502,0.011675305317840487,6.449,0.18544631334269285,3383744.3921929053,3384139.454681869,MultiPolygon
Obfelden,1682181,10,101,1,0.9990466914833137,0.019381232120576727,3.715,0.09538555574680926,7543843.330871698,7545305.420658467,MultiPolygon
Gurtnellen,1683078,1209,,4,0.9997118500234147,0.0027641358478053863,14.618,0.028819548077359296,83308247.96310791,83310550.71625404,MultiPolygon
Dorf,1682106,26,102,1,0.9977705284014503,0.016045713923429798,3.921,0.22317805769373078,5557134.816464503,5556243.134509514,MultiPolygon
Luzein,5817241,3891,1849,18,0.9994517568431496,0.0028558847131545974,51.149,0.05484013140817012,83885077.13865618,83887472.7997508,MultiPolygon
Uzwil,1683954,3408,1728,17,0.9999961374231069,2.621013541516132e-05,0.015,0.00038625838437466274,14495113.221291319,14495109.422102515,MultiPolygon
Concise,1684915,5554,2224,22,0.9997453693743715,0.001480836520743952,12.67,0.025466116256316257,21540552.670779243,21540233.690408524,MultiPolygon
Merzligen,1682554,741,243,2,0.9999924148439409,0.00020834693979554064,0.008,0.0007585176924716314,2298497.5359471682,2298492.747097891,MultiPolygon
Châtillon (FR),1683292,2008,1001,10,0.9994141770232575,0.020576221046955997,9.017,0.0585934333524383,1276203.7973460567,1275941.202831705,MultiPolygon
Därstetten,1682425,761,249,2,0.9995785483668004,0.0019582655759552304,9.527,0.04215363352166323,32839878.465256073,32839235.373220902,MultiPolygon
Beggingen,1683620,2951,1404,14,0.9999972466760324,5.177880645197664e-06,0.014,0.00027533278296941374,12583868.411398772,12583869.062976459,MultiPolygon
Sufers,1684178,3695,1851,18,0.9993413980716919,0.0025453888284182867,10.007,0.06588104932486613,34618846.53131862,34617965.347066484,MultiPolygon
Frauenfeld,1684522,4566,2012,20,0.9990739395512126,0.01799722131030995,10.148,0.09265728125777642,27355381.30200109,27360304.51051429,MultiPolygon
Autigny,1683269,2173,1004,10,0.9991684183356383,0.02181179180734144,3.127,0.0831836843062515,6219742.312435983,6218385.675191841,MultiPolygon
Büttenhardt,1683639,2914,1402,14,0.9999936932872724,0.00011206831072428365,0.013,0.000630672908092784,3996414.319728544,3996409.8410145263,MultiPolygon
Le Chenit,1685021,5872,2224,22,0.9999988981075001,5.208486036150653e-06,0.014,0.000110189313588402,100229466.75461955,100229471.97505733,MultiPolygon
Grono,1684085,3832,1847,18,0.998591632952865,0.008846761472701671,29.193,0.14092971535342216,37121718.59270078,37118434.522802316,MultiPolygon
Tenero-Contra,1684763,5131,2104,21,0.9984550648825946,0.07346839907381582,15.411,0.15455614939701073,5368602.091477007,5364657.865467755,MultiPolygon
Untereggen,1683951,3219,1722,17,0.999995205786614,7.906526362252586e-05,0.015,0.00047942229828989465,7135284.515176072,7135278.87364456,MultiPolygon
Trey,1685165,5827,2222,22,0.9993617018351434,0.00509049759545579,2.689,0.06385181936299866,3791924.260575063,3792117.288388369,MultiPolygon
Gingins,1684986,5719,2228,22,0.9973492797584294,0.05866234202867393,14.572,0.26550165819552723,12562192.912660379,12569562.189233106,MultiPolygon
Grächen,1685313,6285,2313,23,0.9988051135281452,0.0425131166129063,10.559,0.11953466318741961,14272270.9153316,14266203.328154055,MultiPolygon
Allschwil,1683612,2762,1301,13,0.9988052191032512,0.0159084071269755,14.619,0.11955901661986855,8895226.689768849,8896641.778645525,MultiPolygon
Saicourt,1682643,706,241,2,0.9989377281279109,0.008802271959867537,4.809,0.10628831595595668,13766654.715469161,13767866.493856993,MultiPolygon
Crissier,1684931,5583,2229,22,0.9972706913866459,0.01979364143391208,20.005,0.2733308749689597,5496124.166427495,5497212.04953776,MultiPolygon
Gerlafingen,1683508,2519,1106,11,0.9981915302118983,0.017814990174415245,2.707,0.18099453144541292,1855435.9535989868,1855105.4078661606,MultiPolygon
St. Silvester,1683403,2303,1006,10,0.9992597400329205,0.004647085810385102,3.004,0.07405168543121489,7040180.1760730315,7039853.012859044,MultiPolygon
Biel/Bienne,1682380,371,242,2,0.999272214347876,0.0042287985923178594,15.417,0.07280659784036832,21211260.41914751,21212157.400629528,MultiPolygon
Schüpfen,1682659,311,243,2,0.9993046777427929,0.002964776384679609,3.559,0.06955743887592888,19840211.412324887,19840799.63022751,MultiPolygon
La Roche,1683345,2149,1003,10,0.9996752952848055,0.0029326387904539644,3.041,0.03247622023111401,24124244.75565843,24124952.232618038,MultiPolygon
Varen,1685391,6116,2306,23,0.9990830064441423,0.006773580111554499,25.974,0.09174452581977936,12921511.234014584,12922386.482929643,MultiPolygon
Seedorf (BE),1682661,312,243,2,0.9990123569262338,0.004775308301249058,9.735,0.09881074409988891,20869518.604339533,20868522.02048519,MultiPolygon
Les Clées,1685025,5750,2224,22,0.9979168081381857,0.012483684277685123,11.912,0.2085233803311565,7038664.597172452,7037785.912506776,MultiPolygon
Muhen,1684368,4009,1901,19,0.9981028680737726,0.07222252979718775,9.956,0.18982474608229666,7025057.498755347,7019983.824510039,MultiPolygon
Dübendorf,1682111,191,109,1,0.9989584712983798,0.0073681591732721536,3.729,0.10421097659810981,13621273.021373032,13622276.658450672,MultiPolygon
Massonnens,1683360,2086,1002,10,0.9999925859178357,3.465719078902298e-05,0.053,0.000741411093478348,4291986.615282506,4291988.102764496,MultiPolygon
Vugelles-La Mothe,1685200,5937,2224,22,0.9984505658048258,0.07585493248486885,4.275,0.15512236157629394,3066085.423416181,3068411.2004440418,MultiPolygon
Montanaire,2759363,5693,2223,22,0.9988066528089519,0.012389308661047956,15.724,0.11939856870474297,33498875.454277493,33494725.175199483,MultiPolygon
Ilanz/Glion,3411942,3619,1850,18,0.9995463484183832,0.001084274201563607,3.791,0.04537520448720146,133483237.63295157,133481790.3086425,MultiPolygon
Wikon,1682931,1147,315,3,0.9991147423217437,0.00013186221025750542,3.544,0.08856502762689422,8281181.424874874,8281192.344623736,MultiPolygon
Bargen (BE),1682371,302,243,2,0.9991178253838439,0.001288943586982865,3.231,0.08825582160165527,7857992.6789728915,7857891.39388019,MultiPolygon
Dinhard,1682105,216,110,1,0.9988668932497471,0.0003737583659174853,4.117,0.11337511983615277,7070246.673839307,7070273.099477742,MultiPolygon
Thônex,1685534,6640,,25,0.9970166299060172,0.004167973125298128,9.878,0.298788925674236,3820313.8262380036,3820473.055891583,MultiPolygon
Bellmund,1682373,732,242,2,0.998023326137021,0.015014134482477084,6.689,0.19784808784639882,3795654.2914670175,3795084.4068272067,MultiPolygon
Rebévelier,1682614,715,241,2,0.9985670397588772,0.046449872256286245,3.37,0.14336546220585472,3548481.2047245,3546832.939737867,MultiPolygon
Cadenazzo,1684641,5003,2101,21,0.999994387195822,0.00030834346930784756,0.015,0.0005612811278356778,8381666.493492066,8381640.649170814,MultiPolygon
Châtillon (JU),1685582,6704,2601,26,0.9999845067150466,0.0010239341265746835,0.961,0.0015493325654810629,5306191.599368643,5306137.267462036,MultiPolygon
Rodersdorf,1683570,2479,1104,11,0.998757539786288,0.0021930921768302265,15.901,0.12432189145813088,5353218.912594445,5353101.511569264,MultiPolygon
Vulliens,1685203,5803,2222,22,0.9981294988006064,0.00032339896807121886,5.703,0.18722491969858132,6634217.779909952,6634196.324918112,MultiPolygon
Biberstein,1684271,4002,1901,19,0.999994959919674,5.397161299114121e-05,0.014,0.0005040091666495056,4101888.6642329544,4101886.450377479,MultiPolygon
Val-d'Illiez,1685390,6157,2308,23,0.9993928045744622,0.012179219465948955,17.048,0.06074168117225623,39265025.91362082,39269808.087300204,MultiPolygon
Pfyn,1684548,4841,2012,20,0.9986091148011341,0.0036049909917654772,6.335,0.13918280647510106,13139728.144518875,13139254.458502922,MultiPolygon
Bottmingen,1683629,2767,1301,13,0.9979411838220631,0.00316680036689514,3.455,0.2060970356792731,2994793.992599489,2994888.8317466346,MultiPolygon
Staatswald Galm,1683405,2391,,,,,,,,,
Comunanza Cadenazzo/Monteceneri,1684666,5391,,,,,,,,,
Comunanza Capriasca/Lugano,1684667,5394,,,,,,,,,
Thunersee,1682683,9073,,,,,,,,,
Brienzersee,1682392,9089,,,,,,,,,
Bielersee (BE),1682381,9149,,,,,,,,,
Bielersee (NE),1685453,9150,,,,,,,,,
Lac de Neuchâtel (BE),18625441,9152,,,,,,,,,
Lac de Neuchâtel (NE),1685500,9155,,,,,,,,,
