name,relation,bfs_nummer,bezirksnummer,kantonsnummer,iou,area_diff_pct,hausdorff_distance,symmetric_diff_pct,swisstopo_area,osm_area,geom_type
Adliswil,1682077,131,106,1,0.9990168020443336,0.024717875184299784,3.766631589069694,0.09835599599163818,7768065.370789585,7766145.270086998,MultiPolygon
Rheinwald,9173036,3714,1851,18,0.9993322291484457,0.006339227219057491,62.0123504100709,0.06679727121492451,136810626.26585636,136801953.52939755,MultiPolygon
Grens,1684998,5722,2228,22,0.9945938061415479,0.28218328883267857,67.25357499402331,0.5413198571071873,2559718.954601545,2552495.855470577,MultiPolygon
Val Terbi,2758687,6730,2601,26,0.9979266914389417,0.01162185604723396,59.18211854534995,0.2075339492155346,46687399.64717521,46681973.704796016,MultiPolygon
Windisch,1684461,4123,1904,19,0.9962353458851371,0.023403120656387978,7.458488842791893,0.37713124350284416,4906775.814463526,4905627.475799329,MultiPolygon
Pleigne,1685621,6719,2601,26,0.9963958497029862,0.052596013991721154,28.548971904882976,0.3609707441388944,17840527.889158078,17831144.4826133,MultiPolygon
Risch,1683147,1707,,9,0.9990095554146378,0.015689476189146116,11.775781394376118,0.09908575823419309,22967071.472768426,22963468.05955836,MultiPolygon
Zeihen,1684470,4183,1906,19,0.9957142043919713,0.019580311101980843,15.61196368737969,0.4294578865590546,6875403.28565953,6874057.060306682,MultiPolygon
Vucherens,1685197,5692,2222,22,0.9976625141227146,0.0408951006175651,5.702576261590544,0.23397424761825797,3276336.9538380806,3274997.092544238,MultiPolygon
Roche (VD),1685121,5413,2221,22,0.9988268125516707,0.016335744898968368,17.872826015362886,0.11739719173426369,6447636.674207325,6448689.943686436,MultiPolygon
Schönenwerd,1683574,2583,1108,11,0.9980695503628283,0.015769833941266728,5.903732043158831,0.19324671167444352,3712533.9929903927,3713119.4534361004,MultiPolygon
Corcelles-près-Payerne,1684921,5816,2222,22,0.9972144398459046,0.1282708469591055,219.1605827343605,0.2791234260364272,12115641.73945062,12131182.575724345,MultiPolygon
Reinach (AG),1684398,4141,1905,19,0.9949927719487306,0.03212047743615258,21.438735692391717,0.5018989490976519,9475059.763963653,9472016.329530107,MultiPolygon
Missy,1685049,5821,2222,22,0.9991406475948367,0.009792485187065615,3.0523647637603983,0.08597639012287873,3113589.3004204566,3113894.1981914863,MultiPolygon
Düdingen,1683310,2293,1006,10,0.9997158581031662,0.00489905710421903,8.935543827363976,0.028417530975304403,30763230.16611676,30761723.05790382,MultiPolygon
Montpreveyres,1685061,5792,2226,22,0.9971935987221163,0.02182287504915579,5.5408842108819485,0.2810038106428308,4123637.305630929,4122737.4094142406,MultiPolygon
Schattdorf,1683102,1213,,4,0.9986929641688421,0.04092573680944419,61.37441641334181,0.13076229291455965,16333169.079077043,16326484.609287098,MultiPolygon
Gachnang,1684523,4571,2012,20,0.9987290564709549,0.050519849685434486,3.90587750132737,0.12714304478152327,9736115.557591831,9731196.886646936,MultiPolygon
Treytorrens (Payerne),1685167,5828,2222,22,0.9984813117800753,0.04857094373151837,6.398208311455897,0.15194732023500349,3073698.9655139744,3072206.0409189584,MultiPolygon
Chavannes-des-Bois,1684890,5708,2228,22,0.9976516561947686,0.05420001256224831,3.7407417042284923,0.23517415554071977,2124289.277579928,2125440.6426352346,MultiPolygon
Horn,1684531,4421,2011,20,0.9980972048178997,0.009108161977768684,8.833132766874556,0.1904520483466007,1754364.9954455413,1754205.205040075,MultiPolygon
Arni (BE),1682366,602,246,2,0.9982839271568924,0.042539731652771674,29.45968842953366,0.17179118804613086,10429492.617229909,10433929.295402024,MultiPolygon
Morlon,1683367,2143,1003,10,0.9990353002604404,0.0012779176570453742,7.027770554225235,0.09651714539186955,4236409.299949351,4236463.4377718195,MultiPolygon
Saubraz,1685147,5437,2227,22,0.9979986011420212,0.027534367624022185,3.370218977568424,0.20036794751451628,3707138.612721019,3708159.3498949776,MultiPolygon
Berlingen,1684503,4801,2012,20,0.9976715759189967,0.04168171281868779,7.1225468529940645,0.2331623849083205,3577561.257811057,3579052.4466204504,MultiPolygon
Münsingen,1682570,616,246,2,0.9982942709904703,0.006654291527104599,59.956788512802916,0.17072418075571158,15774325.734072614,15775375.403693395,MultiPolygon
Falera,1684074,3572,1850,18,0.9992556310853792,0.008069458909912681,35.921089132993586,0.074467610476314,22361420.679639373,22363225.12529279,MultiPolygon
Marsens,1683359,2140,1003,10,0.9985816870016895,0.0014474648000717201,18.68724387845805,0.14193297900455457,8312386.336375482,8312506.655241747,MultiPolygon
L'Isle,1685009,5486,2227,22,0.9988373923739426,0.02733740680763796,32.302027576581345,0.11631248415774706,16222904.212987322,16218469.291666605,MultiPolygon
Wuppenau,1684572,4791,2015,20,0.998520990523069,0.0032622234500334843,4.711231446713054,0.1480128163018393,12119144.53982462,12119539.893399742,MultiPolygon
Wynigen,1682733,424,245,2,0.9987754271223629,0.042869031822771596,35.21554519325852,0.12255857684503879,28320191.915642146,28332332.507726733,MultiPolygon
Fisibach,1684308,4306,1911,19,0.994373703170164,0.06920478214841848,11.427022080387598,0.5644121414279087,5769405.692854636,5773398.397495635,MultiPolygon
Tentlingen,1683410,2307,1006,10,0.9981241787312837,0.021775633816384216,3.758070157701362,0.1877786700817604,3610249.0540108723,3611035.208624733,MultiPolygon
Unterengstringen,1682222,249,111,1,0.995458944227457,0.443510341649343,251.275102999993,0.4561482772365116,3336885.2089399262,3351684.639930542,MultiPolygon
Wiggiswil,1682722,553,246,2,0.9979163817409618,0.08986868215098621,4.868553253784573,0.20848540188527623,1441608.2568306713,1440312.7024884778,MultiPolygon
Crans-Montana,6820012,6253,2311,23,0.9992684649517419,0.014362258166239435,28.768736006416287,0.0731750166229164,59655520.011339195,59646952.131544754,MultiPolygon
Root,1682912,1065,312,3,0.9984711661069923,0.013571877124569974,3.755545965829682,0.1530107278671,9900112.997988045,9901456.629159326,MultiPolygon
Seon,1684425,4209,1907,19,0.9962618228732107,0.027908987127640214,35.116171585653056,0.3745699815161966,9620356.128180506,9623041.072133953,MultiPolygon
Kloten,1682154,62,103,1,0.9990051207546629,0.011909992035872353,4.05580242940205,0.09953151094905564,19173964.280319445,19171680.662700698,MultiPolygon
Lantsch/Lenz,1684100,3513,1841,18,0.9991352029916127,8.379967827413411e-05,3.744191841007251,0.0865171469584897,21808601.962434094,21808620.237972375,MultiPolygon
Brunegg,1684282,4193,1907,19,0.9997485350481422,0.002767699192360038,0.6014942829001313,0.025150005347926385,1554223.4815695633,1554266.4978003101,MultiPolygon
Sissach,1683708,2861,1304,13,0.9989182456562883,0.005475827398167553,4.125045011195017,0.10823693901074978,8896993.186806625,8897480.370797161,MultiPolygon
Ammerswil,1684254,4191,1907,19,0.9929061081971993,0.0379179322655571,15.728531871289404,0.7117793302036304,3186607.6698899195,3185399.3741520816,MultiPolygon
Le Noirmont,1685608,6754,2602,26,0.9949096709672901,0.00721126011219828,32.4741861162075,0.5103133809369698,20388273.9942776,20386803.742807485,MultiPolygon
Crassier,1684929,5714,2228,22,0.9963743218438004,0.1212403218247192,5.056659336605642,0.3634464747854864,2030300.128586476,2032761.670996382,MultiPolygon
La Baroche,1685604,6810,2603,26,0.9978993141849316,0.02088649470510079,28.548971904882976,0.21026749649886534,31071562.9339074,31065073.17356042,MultiPolygon
Meyrin,1685516,6630,,25,0.9989675742184042,0.055229557796779134,5.1029698830427295,0.1033244257699139,9937310.729679424,9942799.062452318,MultiPolygon
Veltheim (AG),1684450,4120,1904,19,0.9967619364353825,0.06236581447407413,11.395255610062573,0.3242303234244801,5238638.573873467,5235371.454259518,MultiPolygon
Suscévaz,1685158,5930,2224,22,0.999948460270178,0.001963058494425027,0.29857907044365917,0.005154156391843535,4156739.7678259467,4156821.36705905,MultiPolygon
Endingen,3411173,4305,1911,19,0.9961331310596192,0.07295870755288576,18.849111961575066,0.3875773102499031,11913840.932439508,11922533.116803722,MultiPolygon
Morschach,1683091,1366,506,5,0.9987101912250649,0.03614340565395346,15.82857032923238,0.12908743558790126,23502309.011295896,23510803.546179894,MultiPolygon
Gränichen,1684319,4006,1901,19,0.9982109326595501,0.03331323080171014,16.592820002704688,0.17909674191753222,17233142.83984613,17238883.756494757,MultiPolygon
Cheseaux-sur-Lausanne,1684899,5582,2225,22,0.9969991153346326,0.05707196333554612,14.336818438436763,0.3006251704584427,4584763.512573439,4587380.127124356,MultiPolygon
Mont-Tramelan,1682557,437,241,2,0.9968951775944149,0.04334904634243704,5.683522300042279,0.31089758590860134,4639706.079371432,4637694.811032932,MultiPolygon
Buckten,1683635,2843,1304,13,0.9984540290050801,0.025786874429505523,3.144530634627566,0.154736641551793,1997945.9773439628,1998461.1851643098,MultiPolygon
Nidau,1682573,743,242,2,0.9977496101886131,0.054503422444050126,6.912795748428688,0.22523108303264255,1521013.825836523,1520184.8212455949,MultiPolygon
Staffelbach,1684430,4284,1910,19,0.9944735543648331,0.03508464885581639,64.14660358630924,0.5542730902690434,8933086.366180446,8936220.508164007,MultiPolygon
Grenchen,1683510,2546,1107,11,0.9993505404388061,0.0036543112566876025,11.219126319979374,0.0649658658070191,26026670.216175076,26025719.120635625,MultiPolygon
Rüttenen,1683572,2555,1107,11,0.9989431505741714,0.007385411665046307,5.330589253954347,0.105744723341948,8765587.692268481,8766235.067004416,MultiPolygon
Magliaso,1684704,5193,2105,21,0.9980263116533367,0.06132804479101521,11.108170692874541,0.19762438035821525,1755649.058666061,1756725.7639071327,MultiPolygon
Eschenbach (SG),2743488,3342,1726,17,0.9993887849082242,0.00018397704539965123,3.752107239699058,0.061140250323980946,54891727.67884562,54891828.667024374,MultiPolygon
Winterthur,1682243,230,110,1,0.9997967462287477,0.004283243937838345,12.627095380825349,0.02032787827696852,68070608.48568803,68073524.11589944,MultiPolygon
Bercher,1684849,5512,2223,22,0.9973924965107676,0.038399828964771704,9.428334121481319,0.26104061723951844,4268816.601758026,4267177.383484131,MultiPolygon
Saint-Martin (FR),1683395,2335,1007,10,0.9986737339119819,0.004262475456306337,3.384295863023133,0.13271178778518905,9783759.605935514,9783342.575583607,MultiPolygon
Güttingen,1684525,4656,2013,20,0.9986778243455858,0.00142954263183641,3.774975493440696,0.13230408500804944,9546367.2070065,9546230.737617483,MultiPolygon
Benken (SG),1683864,3312,1726,17,0.9990563585492189,0.02424060499615016,3.6297245026847014,0.09442013167299339,16495443.313216446,16499441.908472367,MultiPolygon
Dully,1684950,5855,2228,22,0.998229460479604,0.046721190297072196,13.229163509162841,0.17725222893468962,5754563.734534591,5757252.33520777,MultiPolygon
Forel (Lavaux),1684977,5604,2226,22,0.9991983197264693,0.013264613132510561,9.968259269060889,0.08020549392351291,18508235.758285552,18510690.80415654,MultiPolygon
Liedertswil,1683668,2890,1305,13,0.9980241894869836,0.03378202547884187,10.622816671869305,0.19774302923909162,1944730.3270051198,1944073.3577105561,MultiPolygon
Terre di Pedemonte,2888313,5396,2104,21,0.9923177335315445,0.2209070139445029,62.11592487243842,0.7720406912758734,11591013.873943152,11616619.236577973,MultiPolygon
Laupen,1682527,667,246,2,0.9914811359748004,0.21753963373593058,118.93342097712153,0.8545999174865426,4138186.3209970095,4129184.1256310022,MultiPolygon
Echarlens,1683311,2131,1003,10,0.9955681956753156,0.0025827672450807297,86.83718986701062,0.44415892202464974,5195261.683478826,5195127.501961769,MultiPolygon
Bedano,1684622,5148,2105,21,0.9959534256880948,0.09683634857548876,15.087822218823392,0.4052815043125101,1872834.4345800583,1871020.8500987466,MultiPolygon
Erschwil,1683501,2615,1110,11,0.9987112975335873,0.023631588091351362,3.5530625232196122,0.12893810102263556,7429920.896554045,7428165.0882522585,MultiPolygon
Mézières (FR),1683372,2087,1002,10,0.9957331022489359,0.09347927706895848,25.19559937569888,0.42740218255357,8926625.004439065,8918280.459918259,MultiPolygon
Schaffhausen,1683703,2939,1403,14,0.9968615545713653,0.04012727402837346,28.337898066062056,0.31440087649020093,41845845.86024889,41862637.45748673,MultiPolygon
Quarten,1683920,3295,1725,17,0.9995266145066536,0.0009950201444380005,5.513390193118972,0.04734999224834648,73210401.47107047,73211129.92931293,MultiPolygon
Hergiswil (NW),1683080,1507,,7,0.9986088978631363,0.050369276804999016,47.30746769604935,0.13917198050176993,16993148.979022264,16984589.652775135,MultiPolygon
Frauenkappelen,1682444,663,246,2,0.999395076838739,0.013420744741709036,4.703897836073944,0.06050655777557535,9288071.166259628,9286824.637936976,MultiPolygon
Amden,1683858,3311,1726,17,0.99954152435719,0.00048023726872235747,3.7504048791812394,0.04585818680044329,47618317.26937102,47618545.950277284,MultiPolygon
Gansingen,1684314,4164,1906,19,0.9963332814877867,0.06013556380235435,10.79991961294942,0.3672348745851104,8772862.676094988,8767587.065663112,MultiPolygon
Orny,1685084,5493,2227,22,0.9981199475563985,0.01476398269761836,6.2502747985193245,0.18816824891726538,5549574.910338116,5548755.572058562,MultiPolygon
Künten,1684345,4031,1902,19,0.9958149797409138,0.03244395564047035,9.410193594363081,0.4193115502690333,4891175.1577484915,4889588.267050014,MultiPolygon
Leutwil,1684353,4138,1905,19,0.995827327594629,0.02680491087376342,17.01478738647615,0.418195661341116,3746032.1095764246,3747036.230144699,MultiPolygon
Walliswil bei Wangen,1682713,991,244,2,0.9983008646600092,0.038372548675079145,3.00075049821142,0.1700906375825929,3071812.6300695003,3072991.362866181,MultiPolygon
Baulmes,1684843,5745,2224,22,0.9969794174525721,0.07826895208195728,36.41848885737274,0.3023967530046774,22501924.998638745,22484312.977744043,MultiPolygon
Sion,1685377,6266,2312,23,0.9985681617896567,0.04978186497806334,39.52128764941526,0.14325073718582917,34863829.66818103,34846473.803569436,MultiPolygon
Langrickenbach,1684538,4681,2013,20,0.9982344983939466,0.011223900079674439,4.104667085213365,0.17669623143877178,10826300.991587393,10825085.858381772,MultiPolygon
Oensingen,1683565,2407,1101,11,0.9984834909332133,0.04129840990729928,40.158466034771195,0.1517973223929945,12105841.676709691,12110841.196828067,MultiPolygon
Titterten,1683716,2894,1305,13,0.9985962635787262,0.045103338452343655,9.659789176819261,0.14050391395753112,3711079.5228089946,3712753.343566403,MultiPolygon
Unterlunkhofen,1684448,4079,1903,19,0.9942389226958775,0.10016174046458343,10.49124247773306,0.5780613783206622,4487647.534165759,4492142.440041895,MultiPolygon
Rechthalten,1683385,2301,1006,10,0.9967901016651888,0.1447702296632571,60.71496052166251,0.3217385563688453,7305729.349988037,7316305.87114659,MultiPolygon
Aeschi (SO),1683474,2511,1106,11,0.9981737919138811,0.03250717903839617,6.348720965803489,0.18281742237596718,5476719.0615910385,5478499.38846182,MultiPolygon
Cortaillod,1685476,6408,,24,0.988287902707475,0.8495908912373406,107.81341163152416,1.1831133441382993,3697260.0312420833,3728671.615692875,MultiPolygon
Mumpf,1684369,4255,1909,19,0.9918668003905996,0.41628340730486424,52.78202638368436,0.8149411424077548,3136162.5138230193,3123107.189651859,MultiPolygon
Dietwil,1684292,4231,1908,19,0.9960200142000936,0.05409339569102551,11.839347326868781,0.39890003369900784,5491952.143803347,5494922.927207656,MultiPolygon
Flumenthal,1683505,2545,1107,11,0.9984778262807925,0.010208659577382338,3.273289242471748,0.15234108639642635,3105947.717275366,3106264.7929044743,MultiPolygon
Davos,1684068,3851,1849,18,0.9997281089309489,0.0006325988358751708,22.230333500068934,0.027192717634451226,284001810.4379151,284000013.8457684,MultiPolygon
Pieterlen,1682605,392,242,2,0.9989915902959742,0.017539876299513816,3.3171427336483403,0.100882992406175,8354631.304577433,8353165.912581329,MultiPolygon
Küttigen,1684346,4008,1901,19,0.9975451418166231,0.02342791332991954,14.402772275288942,0.2457587136298971,11894822.423323378,11892035.714635294,MultiPolygon
Mont-Vully,5817420,2284,1005,10,0.9994985124626286,0.004994719418915316,2.966090785565632,0.05016007866950397,24336941.49937409,24335725.937431052,MultiPolygon
Mammern,1684541,4826,2012,20,0.9978957199226081,0.010931434779876157,4.013045978155012,0.2106611541743925,5455630.215619006,5456226.594277858,MultiPolygon
Vufflens-le-Château,1685199,5653,2227,22,0.9933513466773588,0.019244336393939104,15.885188492401817,0.6670187460043682,2134530.101144495,2134119.324991401,MultiPolygon
Tolochenaz,1685164,5649,2227,22,0.9991783995446972,0.027690568445199532,7.740019766758981,0.08218243079971131,5600565.138752958,5599014.310429893,MultiPolygon
Avegno Gordevio,1684620,5324,2108,21,0.9934562964347726,0.16054909914972104,79.95702045514977,0.6559913702005462,27332305.65451448,27288423.88400931,MultiPolygon
Braunau,1684510,4723,2014,20,0.9984616534335453,0.00415989177209896,4.927997829801584,0.1539562753766785,9170493.235630974,9170874.718224544,MultiPolygon
Champéry,1685287,6151,2308,23,0.9979637409504751,0.11072561474028465,81.43505040016615,0.2039462817009468,38845518.49352269,38888530.43267369,MultiPolygon
Acquarossa,1684610,5048,2102,21,0.9920851723757219,0.21755276658086276,202.76901688397956,0.7937630650215397,61782519.66719171,61648110.086392365,MultiPolygon
Inwil,1682882,1033,313,3,0.9989448435594748,0.00717411162614241,3.2713498551961173,0.10556755428980397,10317105.416156316,10316365.255497174,MultiPolygon
Bernex,1685451,6607,,25,0.9983824316922184,0.0116417276874655,5.986743327517169,0.161878339769364,12954228.936182452,12952720.840125691,MultiPolygon
Commugny,1684914,5711,2228,22,0.9974536821424179,0.06003820609705558,14.600659156773842,0.2548798501371011,6528818.856711662,6524899.070990766,MultiPolygon
Wiesendangen,3411226,298,110,1,0.9991591216239731,0.02019806892518414,12.627095380825349,0.08411471066365776,19174516.670451887,19170643.78835872,MultiPolygon
Yvonand,1685207,5939,2224,22,0.9992244046145132,0.016408252984577005,12.894057330570242,0.07758326207603954,20826438.966450814,20823021.71165752,MultiPolygon
Benken (ZH),1682088,22,102,1,0.9976042701250588,0.050691882097724024,13.697831318004305,0.23992110259888924,5656994.136288582,5659861.773086425,MultiPolygon
Cornaux,1685474,6451,,24,0.9985136061930301,0.03695014111690466,3.8067217761507055,0.1487774128399771,4727198.484408529,4728945.190919394,MultiPolygon
Hirschthal,1684328,4007,1901,19,0.9959824690964506,0.014671085607721887,10.252887802995092,0.40259127256437627,3530060.2313570436,3530578.12951559,MultiPolygon
Essertines-sur-Yverdon,1684966,5520,2223,22,0.9977813983356386,0.024421022183791823,18.774210239719828,0.22207942907124933,9754557.249477975,9752175.08688815,MultiPolygon
Rottenschwil,1684407,4238,1908,19,0.9950136376489094,0.23264926496354374,10.49124247773306,0.49930104631094885,4493472.539747541,4483018.5089124795,MultiPolygon
Boussens,1684865,5473,2223,22,0.9979555226709101,0.04625305308312439,12.999685506729595,0.2046096111053978,3156144.8304574704,3154685.0171136586,MultiPolygon
Ramsen,1683692,2963,1405,14,0.9936847337197398,0.04991174421779896,38.96061038132913,0.6336851763167534,13495841.202717196,13502577.212458337,MultiPolygon
Rolle,1685122,5861,2228,22,0.9995985452747087,0.005931377140108539,3.532062047032414,0.04015234161308526,13508743.002922919,13507941.748428527,MultiPolygon
Mandach,1684358,4105,1904,19,0.9951190575354848,0.057547974196374106,12.811511110931752,0.48942912833490526,5540921.474211058,5544110.162271278,MultiPolygon
Altdorf (UR),1683055,1201,,4,0.9988557220359127,0.018181132061529822,3.5731895233421436,0.1144828944010321,10206103.64358301,10204248.058401234,MultiPolygon
Gampel-Bratsch,1685309,6118,2306,23,0.9979463785473393,0.008796153007657556,43.12118964642203,0.20558227133178078,23035414.308126554,23037440.538415045,MultiPolygon
Oulens-sous-Echallens,1685088,5529,2223,22,0.9983251818869202,0.024793666350816843,7.961470793375944,0.167642959481263,5867707.511827034,5869162.331649958,MultiPolygon
Kaisten,1684338,4169,1906,19,0.9966343190596382,0.1007615734990946,65.60898276981823,0.3369655877105993,18089728.939951472,18071501.444429856,MultiPolygon
Trub,1682691,908,245,2,0.9994887356215029,0.0011595612441408305,4.608495184113277,0.051139214257791284,61987137.27765892,61986418.49883869,MultiPolygon
Pohlern,1682607,936,247,2,0.9993956827364663,0.007176975034623777,12.713646463337383,0.06045216108055088,9866380.414899455,9867088.522558654,MultiPolygon
Hinwil,1682138,117,105,1,0.998595043383453,0.010948270133154376,35.57343153391927,0.14060212251817197,22281571.7403876,22284011.18705165,MultiPolygon
Blatten,1685279,6192,2309,23,0.9983242179237807,0.05317721009668294,53.93027582797829,0.16767414357658195,90511427.38150449,90463295.92960432,MultiPolygon
Ringgenberg (BE),1682621,590,250,2,0.9973329405852965,0.04820190943003886,29.7723982300996,0.2671264411932819,8880529.281675553,8884809.866356814,MultiPolygon
Dürnten,1682112,113,105,1,0.9984629136092702,0.028376545026745772,31.248136519285115,0.1538486870350902,10217914.261902956,10220813.75294428,MultiPolygon
Montilliez,1868687,5540,2223,22,0.998634127423032,0.01878588254892749,12.697586442341454,0.13669344016866164,11860795.61517334,11863023.770306975,MultiPolygon
Deitingen,1683493,2516,1106,11,0.998825726464215,0.02511776011040319,3.305718691786525,0.11748158377546665,7599334.767613554,7597425.984936639,MultiPolygon
Arlesheim,1683616,2763,1301,13,0.9986670553848003,0.009662089833252143,15.072754935612489,0.13338980164418404,6928282.71193,6928952.128829529,MultiPolygon
Eggerberg,1685295,6004,2301,23,0.9995303869723863,0.013963411249436291,2.9414108952188447,0.046975611640936665,6047180.026961103,6048024.419577261,MultiPolygon
Siglistorf,1684426,4319,1911,19,0.995734587762309,0.07358854964863355,11.217268375068137,0.4272955769104807,5513011.504311459,5508954.559103474,MultiPolygon
Bardonnex,1685449,6605,,25,0.9982752442735309,0.003945543977050443,3.516915346978206,0.1726278456293295,4997033.955873444,4997231.116045721,MultiPolygon
Bettlach,1683481,2543,1107,11,0.9993659560391841,0.031046588550078556,3.0944574957610365,0.06343434861565417,12192793.044167994,12196578.490457179,MultiPolygon
Boécourt,1685577,6702,2601,26,0.9979685925280443,0.05531160941683052,7.994738584863201,0.20340352512430715,12347074.202900022,12353903.568357537,MultiPolygon
Le Cerneux-Péquignot,1685503,6434,,24,0.9956428486150805,0.3373378687980434,23.53978933017224,0.4359299287572415,15696307.759187244,15643358.16911242,MultiPolygon
Port-Valais,1685352,6154,2308,23,0.9981338752648871,0.042410543301817996,19.345559331300414,0.18682636584451714,15070281.678753857,15076673.06709093,MultiPolygon
Chavannes-sur-Moudon,1684894,5665,2222,22,0.9985412449922554,0.009420815196381572,5.335295535331106,0.14597510039817108,5148147.244696513,5147662.247258552,MultiPolygon
Oberdiessbach,3411235,619,246,2,0.9990336828391312,0.018088199863923887,31.13410933508341,0.09668717079202212,16464047.765450545,16467025.815316051,MultiPolygon
Rain,1682907,1037,313,3,0.998713555247965,0.013029867995640902,4.071200883747815,0.12871888897045144,9423561.666638993,9422333.788993342,MultiPolygon
Stadel,1682210,100,104,1,0.9988821167719488,0.018690341617136293,3.9871257459535756,0.11184038824250768,12885646.164937468,12883237.793649666,MultiPolygon
Abtwil,1684253,4221,1908,19,0.9906290522161536,0.046746484017810536,14.869930685850553,0.9417262415329881,4136312.8844301132,4138246.46527156,MultiPolygon
Thayngen,1683713,2920,1402,14,0.9981681604001584,0.0024450819394913636,22.15485207316742,0.18334965406371453,19924449.941625733,19923962.772498667,MultiPolygon
Serravalle,2569271,5050,2102,21,0.9943352838423551,0.09653611119955852,267.9999520047562,0.5683548249791299,96801021.42727794,96894469.36896528,MultiPolygon
Giornico,1684678,5073,2103,21,0.991386737849937,0.1772278299148666,75.79027565780666,0.864285117270322,25995542.59855818,25949471.26253616,MultiPolygon
Thal,1683948,3237,1722,17,0.9985811435173634,0.025268441922337674,19.414626496065956,0.14196843853693705,9685894.030494476,9683446.555986721,MultiPolygon
Ursenbach,1682701,344,244,2,0.9982075680644072,0.001617031936007898,13.414934785724205,0.17940252775946527,9170471.193268493,9170322.903820615,MultiPolygon
Bofflens,1684857,5747,2224,22,0.997435195907522,0.009950574169650783,16.41451269429461,0.2567969655650396,4206756.872855468,4206338.276392697,MultiPolygon
Saint-Livres,1685137,5435,2227,22,0.9986765103719272,0.008211505607873613,5.480174355923236,0.1324420395613574,8123026.592561031,8123693.615345208,MultiPolygon
Lohn (SH),1683671,2917,1402,14,0.9940351344299305,0.15381512786345986,23.514654625408316,0.598730975176932,4866151.003478914,4873635.879866944,MultiPolygon
Auswil,1682368,322,244,2,0.997768071783899,0.012639715753304435,6.053041801245751,0.22342805382976777,4623881.439549923,4623296.994079194,MultiPolygon
Ursins,1685169,5932,2224,22,0.9964503843220436,0.13606857867934427,11.582820999719605,0.35535075151497375,3361419.447033096,3356845.611368067,MultiPolygon
Hettlingen,1682137,221,110,1,0.9980433967686786,0.004349198159705817,5.078484906253394,0.19585618438139837,5899754.701893052,5900011.293915974,MultiPolygon
Neckertal,1683910,3396,1727,17,0.9995037403940906,0.0036132208514324657,3.7281545041827737,0.04963917409734856,81840278.76077221,81843235.83078927,MultiPolygon
Trun,1684193,3987,1850,18,0.999568856400941,0.001297563170440707,3.41237897156535,0.043123376371781166,51901749.25356365,51901075.79558052,MultiPolygon
Grosswangen,1682846,1086,314,3,0.9992973478298336,0.001398928951564871,3.192922980435043,0.07029040334904449,19704274.943276267,19704550.592083145,MultiPolygon
Härkingen,1683529,2402,1101,11,0.9986358119786053,0.0410755324985778,3.07268045657065,0.13653995259805374,5508063.051782785,5510325.518011662,MultiPolygon
Degersheim,1683872,3401,1728,17,0.9984734968583975,0.008586937130182883,4.737035420059454,0.15276035474743285,14477338.529598452,14476095.369640792,MultiPolygon
Klosters,5817235,3871,1849,18,0.9997478818223142,0.0043618458111493365,8.68474700331142,0.025215546267864025,219803697.34176654,219813284.8401318,MultiPolygon
Trogen,1683949,3025,1502,15,0.9954743121436951,0.04436198314700298,26.84995278208329,0.45349458886324423,10028370.945964022,10023922.161735054,MultiPolygon
Lützelflüh,1682544,955,245,2,0.9985573391483997,0.0005872984074446456,6.898530840458782,0.14436979985315299,26868192.422289487,26868034.62582328,MultiPolygon
Grosshöchstetten,1682459,608,246,2,0.9988726615559367,0.014488761317276548,3.984083320339709,0.11278925336809516,6930518.730775049,6929514.584458098,MultiPolygon
Démoret,1684951,5912,2224,22,0.9985057274448157,0.029747061542035394,3.3005925755036256,0.14951673978992536,4278079.943990108,4276807.340916351,MultiPolygon
Lutzenberg,1683903,3033,1503,15,0.9980012358817953,0.030213198659954407,17.584565776866384,0.20010658928432673,2248142.5164359664,2248821.752200616,MultiPolygon
Rorschacherberg,1683928,3216,1722,17,0.9978121964125047,0.000765678574280927,12.130488314912014,0.21902078355467777,7100532.129920002,7100586.497173181,MultiPolygon
Sarmenstorf,1684413,4076,1903,19,0.9967070729070726,0.13324543564424393,10.673706534223346,0.33005551742305306,8296568.817767515,8307623.617032274,MultiPolygon
Premier,1685108,5759,2224,22,0.998063877972863,0.022178238895153454,4.377896552801811,0.19377832206403453,6120511.779440428,6119154.357716378,MultiPolygon
Isenthal,1683085,1211,,4,0.9995955962322928,0.0001829207524577927,6.425445707761008,0.04044859253925144,61670049.03382622,61670161.84114395,MultiPolygon
Kappel am Albis,1682151,6,101,1,0.9982650171013191,0.013732134213334475,7.001255742460925,0.1736370059770348,7914777.83167104,7913690.963756507,MultiPolygon
Grandson,1684995,5561,2224,22,0.9993761014588564,0.009780625538632313,3.742442484512268,0.0624062706458729,13793224.828992784,13791875.765322559,MultiPolygon
Vully-les-Lacs,1868690,5464,2222,22,0.999506395636218,0.0066484099117014705,7.855193127336214,0.049374262896268145,34720432.38981899,34722740.74648738,MultiPolygon
Villigen,1684451,4121,1904,19,0.9958688828993701,0.041128959915267015,14.617202396506375,0.41405191280648257,11214075.890707897,11218688.123485854,MultiPolygon
Mellikon,1684360,4314,1911,19,0.9920200237756097,0.042544242008634554,18.34351074896188,0.8013648095224196,2701786.738671366,2702936.1933600237,MultiPolygon
Vevey,1685178,5890,2230,22,0.999399563752256,0.0076496328481235575,4.1320212813652475,0.06005935912398578,8568652.88048636,8567997.410000972,MultiPolygon
Hünenberg,1683143,1703,,9,0.9987301187758434,0.009028800181092684,7.372536466043173,0.1270745399538353,18663642.307093117,18665327.41006354,MultiPolygon
Eichberg,1683876,3252,1723,17,0.9983969866572677,0.0033029379483372405,7.080129666032395,0.1604325693745553,5437179.666933125,5437359.253603663,MultiPolygon
Alpthal,1683054,1361,506,5,0.9993359914517724,0.0032483692248936927,5.163359753762397,0.06642182868121069,22876760.879698057,22876017.758037988,MultiPolygon
Arth,1683058,1362,506,5,0.999594248882439,0.0035081916189137713,7.625231940332719,0.04058405699556644,48507494.9323589,48509196.66823066,MultiPolygon
Adligenswil,1682811,1051,312,3,0.9990536278932081,0.019834739265217106,3.4943090850630085,0.09469140285255707,6989363.764936449,6990750.087015522,MultiPolygon
Zwingen,1683727,2793,1302,13,0.9988567989002511,0.02330378403935595,3.310982351849,0.11437216471131022,4607294.643493554,4606220.969499777,MultiPolygon
Altikon,1682082,211,110,1,0.9988075480645302,0.023335427631192465,4.5429322184081276,0.11930241155489517,7697242.407419468,7695446.222987887,MultiPolygon
Stetten (AG),1684433,4041,1902,19,0.9946652158748552,0.009696551781417099,9.493153564538495,0.5348792807570695,4413021.569184593,4412593.658263012,MultiPolygon
Diegten,1683640,2884,1305,13,0.9987180515626086,0.021990460917089776,3.4171552259804145,0.1282629616723994,9638974.10709455,9636854.452260721,MultiPolygon
Leuzigen,1682533,388,243,2,0.9992501775213,0.009491257870376867,3.445941949127377,0.07500681038692407,10279894.208387148,10278918.517119028,MultiPolygon
Schwadernau,1682654,748,242,2,0.9990766373519189,0.0010914921967412517,2.564934790962921,0.0923794185818454,4146722.710643647,4146767.971798454,MultiPolygon
Bellwald,1685273,6052,2304,23,0.9942028263722115,0.5158551343425688,170.9541812844686,0.5829022063181266,13885523.867495729,13957153.055296568,MultiPolygon
Valbirse,4449080,717,241,2,0.9971122554025945,0.0031399531415772426,95.42927514949763,0.2891965563285054,18683759.099661916,18684345.76094273,MultiPolygon
Guttet-Feschel,1685315,6117,2306,23,0.9959781761110831,0.02546306866038434,31.732826439320917,0.4029414647069672,11269552.444782386,11266682.870905653,MultiPolygon
Hofstetten bei Brienz,1682482,580,250,2,0.9989132873979806,0.004718380683985083,22.186992803506914,0.10873290467266145,8774275.841329401,8774689.845065858,MultiPolygon
Bätterkinden,1682401,533,245,2,0.9985245907472776,0.016823516932174994,9.359996610463158,0.14766226719618694,10187605.754886845,10189319.668466002,MultiPolygon
Coppet,1684917,5712,2228,22,0.9984160130874474,0.029200242105175567,11.114576264921306,0.15854738614828973,5859115.83154799,5860826.707556025,MultiPolygon
Chiasso,1684659,5250,2106,21,0.9859383441843621,0.4094760509061766,89.27752282748246,1.41322275188141,5347478.522090476,5325581.878215164,MultiPolygon
Lussery-Villars,1685037,5487,2223,22,0.9973812642102694,0.0327048148300434,5.27619987482646,0.26225979616475226,3736914.508269876,3738136.6592401625,MultiPolygon
Sommeri,1684558,4446,2011,20,0.9980115437741309,0.006105701029123741,3.545789759428342,0.19903744074632654,4215774.249066024,4215516.846494313,MultiPolygon
Bülach,1682100,53,103,1,0.9986113801494462,0.025169564326571758,20.913575234601478,0.13897595291711518,16088757.84223347,16092807.312487917,MultiPolygon
Schwanden bei Brienz,1682655,592,250,2,0.9990080673192357,0.0020960557137663814,4.17873151108561,0.09924352909946271,7054928.656709637,7055076.531944848,MultiPolygon
Luins,1685035,5858,2228,22,0.9980081597494982,0.016498269994197987,3.808915748859791,0.1993990415278309,2666224.646216815,2666664.5271575996,MultiPolygon
Morbio Inferiore,1684722,5257,2106,21,0.9999605525866883,7.746360719116437e-05,0.2009653603273022,0.003944820665820635,2263493.3198359897,2263495.073219564,MultiPolygon
Berolle,1684850,5424,2227,22,0.998924165284057,0.025186945203138595,3.5112617364483976,0.10765492954470275,9606063.786184194,9608483.260206198,MultiPolygon
Vuadens,1683425,2160,1003,10,0.9988464670346305,0.0027396045026389666,8.346565273984282,0.11541828582350248,10445944.431128439,10445658.25356446,MultiPolygon
Melide,1684711,5198,2105,21,0.9966499213322207,0.11849575303257497,17.357011912976322,0.3357687777349901,5187812.388506482,5193959.72586216,MultiPolygon
Saint-Barthélemy (VD),1685133,5535,2223,22,0.9982982866138134,0.005363361395808164,7.961470793375944,0.1703116860046997,4123232.0366649725,4123010.8928296585,MultiPolygon
Saillon,1685364,6140,2307,23,0.9990851518356209,0.005690821422974436,3.6404012102845105,0.09152407863679066,13739951.963384386,13739170.047254547,MultiPolygon
Blenio,1684630,5049,2102,21,0.997007329184608,0.005939131947877887,267.9999520047562,0.2997066562874924,201998779.42913422,201986782.45509082,MultiPolygon
Aubonne,1868681,5422,2227,22,0.9988496823409385,0.0019235624685251893,5.83728241612198,0.11509685852659676,14334817.335938165,14334541.59677196,MultiPolygon
Ormont-Dessus,1685083,5411,2221,22,0.9968753509721366,0.18664314459979142,40.51394441935739,0.31324589168210415,61606598.173764996,61721582.66587747,MultiPolygon
Bedretto,1684624,5063,2103,21,0.9958713757623624,0.021761114761600735,190.011908544048,0.41367144901620406,75184857.01370826,75168495.95069017,MultiPolygon
Habkern,1682467,579,250,2,0.9945049790397436,0.13838058536170572,211.33535692917533,0.5513972679065389,50958914.28524806,51029431.52912996,MultiPolygon
Raperswilen,1684549,4846,2013,20,0.9978468952012868,0.001164729009448721,3.9534525010048043,0.21554126744829472,7685267.431502516,7685177.918963288,MultiPolygon
Ehrendingen,1684300,4049,1902,19,0.995594819385355,0.07781249985892992,14.895626910120807,0.44131871673446604,7292168.2678440185,7286494.0494208895,MultiPolygon
La Neuveville,1682521,723,241,2,0.9969657769801064,0.12162296357990166,40.68185173004741,0.3036985309281702,6784140.608228086,6775889.535366931,MultiPolygon
Heiligenschwendi,1682471,927,247,2,0.9987740666430206,0.017814179392962867,3.0761257562153266,0.12267945361344099,5548707.824894427,5549696.281660345,MultiPolygon
Les Planchettes,1685511,6422,,24,0.9990501043263368,0.01816628764285503,9.318628831527274,0.09504333603225915,11730793.174034432,11732924.223665215,MultiPolygon
Etoy,1684968,5636,2227,22,0.9979820839387633,0.021108440246243317,13.78761497100113,0.20197409197548333,4917153.881646991,4916115.9471580675,MultiPolygon
Montcherand,1685058,5756,2224,22,0.9960006084278544,0.18766227282833667,32.46122990533478,0.4003644969558152,3073775.0826910855,3068006.7665092763,MultiPolygon
Baden,1684261,4021,1902,19,0.9966359444448313,0.023731043372787523,10.591231322402678,0.3370123359013035,14722491.891136391,14725985.692072632,MultiPolygon
Zizers,1684212,3947,1845,18,0.9972261092010789,0.16230026862322855,17.692002151022546,0.2779997519802615,11014551.57474252,11032428.221535971,MultiPolygon
Aarburg,1684252,4271,1910,19,0.9966811314361248,0.06451486724364408,16.807665783201344,0.3325457523916996,4413002.53575288,4415849.57848028,MultiPolygon
Reitnau,1684399,4281,1910,19,0.9957879629767916,0.0555016756837652,14.464919956575356,0.4222097714717414,8018374.339249458,8022824.671370339,MultiPolygon
Chénens,1683294,2177,1004,10,0.9964839042161832,0.006525122873073657,17.59357090343514,0.35221732182335663,3940597.6180570195,3940340.489220508,MultiPolygon
Freimettigen,1682445,607,246,2,0.998052933875569,0.003250745228570177,3.0760439041179914,0.19489318269197253,2963419.4587508086,2963323.1255341507,MultiPolygon
Turbenthal,1682219,228,110,1,0.9981083765604957,0.0029126928883293946,47.84450735980687,0.18934418275683382,25217843.949020978,25218578.46736827,MultiPolygon
Horrenbach-Buchen,1682484,932,247,2,0.9989087264562589,0.0014510867986131401,13.128185812685985,0.10918772297731913,20395594.90794324,20395890.86572845,MultiPolygon
Wartau,1683961,3276,1724,17,0.9986146338962859,0.086836219176209,31.494068045594066,0.13857244717992637,41751706.56416608,41715450.96074421,MultiPolygon
Beckenried,1683061,1501,,7,0.993826254484613,0.09823043192818937,31.421001574022338,0.61959037302635,32956486.864140723,32988860.163535725,MultiPolygon
Gossau (SG),1683889,3443,1721,17,0.9987727439793261,0.00605164583253919,33.817133776186175,0.1228046719132054,27506222.799693733,27507887.37887948,MultiPolygon
Bournens,1684864,5472,2223,22,0.9981403414655328,0.0013891411642069993,3.5501278856893084,0.18613763800619654,3911418.3351804763,3911364.000058278,MultiPolygon
Zuzwil (BE),1682738,557,246,2,0.9980519226786856,0.05728571499979339,5.1070458661299645,0.19505352030223544,3467142.22762907,3469128.4048442272,MultiPolygon
Waldkirch,1683957,3444,1721,17,0.9989697220287826,0.005666153702591298,26.60107600135309,0.10307797775012827,31343072.47655567,31341296.529894035,MultiPolygon
Signau,1682664,907,245,2,0.9990051241692571,0.0015640951032665782,10.398013537840361,0.09953631817286697,22125299.36083513,22124953.300111245,MultiPolygon
Burgdorf,1682397,404,245,2,0.9987002355372135,0.013810825344540024,11.088920335425579,0.13005198934559892,15563873.607479954,15561724.10807918,MultiPolygon
Bullet,1684871,5552,2224,22,0.9981250362284148,0.12173116918776211,107.50833268895414,0.18755808870320906,16824010.718478292,16803530.653526414,MultiPolygon
Ermatingen,1684517,4646,2013,20,0.9988666661682337,0.0178607527269178,8.133743877661416,0.11338751503235799,10478415.544031939,10476544.02014192,MultiPolygon
Thun,1682682,942,247,2,0.9990762616449593,0.014329343833442506,28.82505806852969,0.09240989850553823,21565798.89956202,21562708.662087273,MultiPolygon
Linden,1682536,614,246,2,0.9988050309722795,0.022826799144520547,8.183669625444377,0.11955469619258209,13233108.995933015,13230088.300721938,MultiPolygon
Embrach,1682118,56,103,1,0.9986730677369159,0.0044713396273360455,4.140539671302064,0.13277835366675492,12695386.92075692,12694819.266890688,MultiPolygon
Böztal,13622957,4185,1906,19,0.9974088736062795,0.017929937042109385,34.50193611895657,0.25947203115272804,22306020.03938152,22310019.49473118,MultiPolygon
Seehof,1682662,709,241,2,0.9990557087693098,0.014192161286107554,2.85041486470301,0.0944804323576487,8421267.867129544,8422463.027047582,MultiPolygon
Laconnex,1685501,6627,,25,0.9982236113573615,0.01519565263130582,2.988997781381896,0.17781029104702242,3831242.6089684837,3831824.791286805,MultiPolygon
Bretigny-sur-Morrens,1684868,5515,2223,22,0.9966917297729967,0.021160050089185735,9.460829180225863,0.331410221566856,2867371.4540744186,2867978.191310344,MultiPolygon
Péry-La Heutte,1682611,450,241,2,0.9987969823152438,0.0006663551248628447,6.621221297164295,0.12037377354632776,23783599.71909596,23783441.235860355,MultiPolygon
Mendrisio,2888450,5254,2106,21,0.9934884526279318,0.20372391924547284,95.73992507653014,0.6539471200077341,32067969.664685726,32133299.789309073,MultiPolygon
Uesslingen-Buch,1684565,4616,2012,20,0.9989951210819072,0.03680998534711229,3.9881010530506322,0.10051990218555765,14027783.285944432,14022619.660972351,MultiPolygon
Collombey-Muraz,1685291,6152,2308,23,0.987367587703919,1.1541204409952799,677.0902188327858,1.2786068365951233,29752274.726252664,30095651.81052942,MultiPolygon
Münchwilen (AG),1684378,4172,1906,19,0.9933751606702481,0.0690014299960843,11.755847926481795,0.6644563294938961,2460455.9426469766,2458758.1928621265,MultiPolygon
Faido,1684675,5072,2103,21,0.9970876953128087,0.03215497746382778,94.44982663155015,0.2916082722426174,132681011.1124203,132638347.56319833,MultiPolygon
Mümliswil-Ramiswil,1683553,2428,1102,11,0.9993901810255551,0.008348612008830426,15.507514209718282,0.06100304342228569,35483873.981282145,35486836.392246544,MultiPolygon
Bovernier,1685282,6131,2307,23,0.9983105196933265,0.033317176415372546,32.1848994019276,0.16911903666497166,13069420.740947243,13073775.102911972,MultiPolygon
Aigle,1684831,5401,2221,22,0.9988822717751077,0.010687068957767583,7.131865419645775,0.11184129919684895,16408612.446694082,16410366.046421273,MultiPolygon
Randa,1685353,6287,2313,23,0.9976088079375773,0.029192098944285174,65.53560101996287,0.23937049469799918,54509925.00980941,54494012.41856609,MultiPolygon
Coeuve,1685584,6781,2603,26,0.9981361343098651,0.04401982044918343,11.444542870819765,0.18660149258981937,11622427.292019026,11627543.46364481,MultiPolygon
Lengnau (BE),1682531,387,242,2,0.9985845199895795,0.022905361896882692,9.09839260296795,0.14166447369833376,7406651.779021482,7408348.299415909,MultiPolygon
La Praz,1685011,5758,2224,22,0.9985129968471841,0.059611991726664426,3.6653227438097047,0.14876660187471358,5122738.713263475,5119684.946685546,MultiPolygon
Fully,1685308,6133,2307,23,0.9994459241241622,0.004316421396110281,10.080746949599963,0.05542174569747599,37805371.88128226,37803740.0421215,MultiPolygon
Echichens,1868683,5634,2227,22,0.9985567344943352,0.027835471674267212,15.885188492401817,0.14445087803918805,13269362.994592547,13273056.584370263,MultiPolygon
Steckborn,1684559,4864,2012,20,0.9981724881583607,0.006748018318914876,7.075010329523844,0.1829121551870539,8785152.485007148,8784559.661308115,MultiPolygon
Hefenhofen,1684527,4416,2011,20,0.9977262204924648,0.0172681621388291,34.995854073894854,0.22765640298184586,6081994.359546723,6083044.608194004,MultiPolygon
Vuisternens-devant-Romont,1683428,2113,1002,10,0.997906055288095,0.05324999518964016,27.114053376353592,0.2096697408860168,24018581.43867328,24031371.332133994,MultiPolygon
Kriegstetten,1683536,2525,1106,11,0.9986043367673907,0.0206575199406823,3.0834620869620495,0.13967821060291274,5371903.922621545,5373013.624745555,MultiPolygon
Dägerlen,1682107,214,110,1,0.9986458033003102,0.015157843420794204,6.686062779178603,0.1355216948356004,7953976.503981599,7955182.155285799,MultiPolygon
Vaux-sur-Morges,1685177,5650,2227,22,0.993918021379579,0.1629863130098552,12.281335659165563,0.6095558753073071,2105680.2951944447,2102248.3245175323,MultiPolygon
Vordemwald,1684454,4287,1910,19,0.9925792330520405,0.11164270765458142,18.16842202510233,0.7444245581165647,10139851.906469898,10128531.50124935,MultiPolygon
Rapperswil-Jona,1683921,3340,1726,17,0.9994799789045358,0.024545184468790556,5.805234385858409,0.052009250493315645,31368738.52396129,31361039.00922505,MultiPolygon
Wisen (SO),1683589,2502,1105,11,0.9989981946482048,0.022407593716031658,3.46051505374161,0.10024197067458099,4792777.683428752,4793851.629579768,MultiPolygon
Corsier-sur-Vevey,1684925,5884,2230,22,0.9983281919616386,0.0069664728089387,4.509313859303745,0.16732649602924282,6743608.0549093,6744077.846530787,MultiPolygon
Holziken,1684330,4136,1905,19,0.9937524882224068,0.134582426944213,11.221413971740901,0.6271305832604623,2860438.8537280033,2864288.5017586057,MultiPolygon
Erlinsbach (SO),1683500,2503,1105,11,0.9982941437675913,0.04737095962466955,10.131178086406814,0.17077168323404104,8866566.235987458,8870766.413499203,MultiPolygon
La Rippe,1685012,5726,2228,22,0.9993025515219365,0.002793502531717524,6.922885094346121,0.0697682035082301,16591832.883674398,16591369.390402734,MultiPolygon
Bönigen,1682403,572,250,2,0.9952010981798809,0.32011388541461105,75.30103044722391,0.4818143694928829,15078215.208959756,15126482.669516334,MultiPolygon
Ogens,1685075,5680,2223,22,0.9980415090174984,0.041387679116263586,3.467724146922209,0.1960816390091386,3401005.0345655964,3402412.6316160304,MultiPolygon
Cama,1684055,3831,1847,18,0.9975155232843993,0.07500866120649173,65.7872414715441,0.24884998118820384,14992760.140969299,15004006.00962894,MultiPolygon
Niederweningen,1682173,91,104,1,0.9976981562238256,0.00389738276261982,15.54089417549311,0.23044511636286003,6844619.990465003,6844353.229425328,MultiPolygon
Steinach,1683946,3217,1722,17,0.9987863837395886,0.0039490534041884085,3.8506096098961358,0.12143771174970999,4507101.047881134,4507279.035708495,MultiPolygon
La Côte-aux-Fées,1685497,6504,,24,0.9928651152458899,0.003847616859298536,13.038987661959784,0.7160566925518376,12827401.878495673,12827895.42777296,MultiPolygon
Bubikon,1682095,112,105,1,0.9926844830691023,0.09118957504587193,171.2661466743434,0.7339025820321514,11612585.156381976,11601995.689326031,MultiPolygon
Teuffenthal (BE),1682680,940,247,2,0.9984127702996413,0.028562157564964153,4.298695002816887,0.15887172034486868,4530767.275644461,4532061.360532632,MultiPolygon
Le Vaud,1685024,5731,2228,22,0.9952835001707324,0.042296378233850566,17.275931813415145,0.47266489945498424,3108464.6093852865,3107149.8414368355,MultiPolygon
Reinach (BL),1683694,2773,1301,13,0.9982850532054768,0.011969423067208104,15.072754935612489,0.17163158550912042,6972776.228597898,6971941.627511567,MultiPolygon
Presinge,1685525,6635,,25,0.9980443413195594,0.008903002361842579,5.182884486061352,0.19574857112325433,4707487.097284466,4707067.989597011,MultiPolygon
Olten,1683566,2581,1108,11,0.9988916772528752,0.0027363076236006974,7.364950190734488,0.11089524492976734,11485847.82118418,11486162.109313747,MultiPolygon
Seedorf (UR),1683105,1214,,4,0.9990873415590003,0.005984374835130802,3.5917466622883665,0.09130477829316846,25458760.783455525,25457237.235781863,MultiPolygon
Uerkheim,1684442,4286,1910,19,0.9929170356097654,0.04276909232237171,88.50306122047415,0.7109657776453197,7092758.593680389,7095792.102151523,MultiPolygon
Flaach,1682123,28,102,1,0.9989561607509847,0.010477359964883111,4.6544905853881895,0.10443296217425742,10173584.588999858,10172518.665921137,MultiPolygon
Teufen (AR),1683947,3024,1502,15,0.996810997804887,0.07451896661079926,247.54654250083448,0.3192905080028153,15250058.355252938,15238694.16935906,MultiPolygon
Münsterlingen,1684546,4691,2013,20,0.9984527356742029,0.056232343983738095,6.042494278647114,0.15480268976959755,5453727.620392453,5450660.861517018,MultiPolygon
Stettlen,1682675,358,246,2,0.9979534031586004,0.04747643553778221,5.104500422208942,0.20482069427134095,3502966.667973007,3501303.584260977,MultiPolygon
Chêne-Pâquier,1684908,5908,2224,22,0.9977302426916866,0.021039774742529643,3.3004814458121055,0.22725751812902747,2108458.0489170207,2108901.6637410535,MultiPolygon
Bürchen,1685284,6193,2309,23,0.9895737337813496,0.28999252430697475,198.37027714639447,1.0496101489141312,13455816.71791455,13494837.58048095,MultiPolygon
Château-d'Oex,1684905,5841,2230,22,0.9967261940747565,0.09981029954236867,224.51690248675808,0.32808100907508464,113664408.16745831,113777856.95372331,MultiPolygon
Haute-Sorne,2759181,6729,2601,26,0.9992610135401319,0.010063081907090946,10.547267905433495,0.07392224151389137,71045378.45387766,71038229.09925264,MultiPolygon
Herznach-Ueken,15073595,4186,1906,19,0.996423650172368,0.11106428300323334,9.781596800072954,0.3584746004156868,11367765.620817065,11380391.148197314,MultiPolygon
Tannay,1685161,5729,2228,22,0.9977869696627493,0.005382686248581618,6.895962737409572,0.22155414276883947,3512783.6327795736,3512972.7149011176,MultiPolygon
Wallisellen,1682229,69,103,1,0.998506918066659,0.02374857808082966,7.159497522231222,0.14943748382433228,6419052.8544289125,6420577.288208096,MultiPolygon
Vérossaz,1685402,6220,2310,23,0.9988603031686105,0.046580202982472695,13.518977845818144,0.11406122440184904,14289575.798284747,14296231.911696922,MultiPolygon
Itingen,1683660,2849,1304,13,0.9981107928028626,0.012831079784458391,4.125045011195017,0.18911147537809334,3129350.631128868,3129752.1606050837,MultiPolygon
Engelberg,1683067,1402,,6,0.9995040293160863,0.00019648944268704676,23.0684700955446,0.04960941952680083,74866354.47378954,74866501.57827221,MultiPolygon
Oppligen,1682600,622,246,2,0.9988113751606195,0.016031609426068884,2.8317091153527367,0.11894270084697295,3400991.9048583675,3401537.1385971666,MultiPolygon
Chigny,1684904,5628,2227,22,0.9971423562264997,0.09129592285125504,4.4012307819535526,0.28630390024178687,892271.0029940237,893085.6100405413,MultiPolygon
Champvent,1684885,5905,2224,22,0.9979781482241861,0.02884185964605947,26.72121560698806,0.2023605921602068,9032759.045306085,9030153.82962007,MultiPolygon
Soazza,1684171,3823,1847,18,0.9988888607024498,0.023983663086138706,83.51131557183238,0.11118902759944456,46416720.45554062,46427852.88539031,MultiPolygon
Nesslau,1683911,3360,1727,17,0.9995937601683691,0.0012498450872023214,12.01797291096907,0.040631982459757,92701669.61532621,92700510.98806277,MultiPolygon
Balm bei Günsberg,1683477,2541,1107,11,0.9980262672400891,0.057441488275175895,6.517626856039682,0.19751150638284412,5467520.09721387,5464379.472298286,MultiPolygon
Rüegsau,1682635,956,245,2,0.9985667731495345,0.009265260635602124,17.395995610317367,0.14341882128921277,15061915.770641316,15060520.244888451,MultiPolygon
Hauenstein-Ifenthal,1683517,2491,1105,11,0.9986942500534906,0.007065721252746819,3.23187137429251,0.1306649155366674,5354773.557399703,5355151.910772985,MultiPolygon
Broc,1683278,2124,1003,10,0.9991416541420053,0.004448320641413863,11.260303872302298,0.08587334941524354,10032792.72543842,10033239.016228136,MultiPolygon
Ausserberg,1685269,6191,2309,23,0.9977158698905312,0.09020926466864909,28.088001918025235,0.22877731437158264,15094831.455888527,15108448.392347855,MultiPolygon
Niederhelfenschwil,1683913,3423,1728,17,0.9986944357438134,0.007332469621268711,4.522821427125635,0.13063691655782206,16371717.989031527,16370517.537783502,MultiPolygon
Buch (SH),1683633,2961,1405,14,0.9898265832990781,0.34102779939140326,38.96061038132913,1.0207994703272083,3796852.908033382,3783904.5841149874,MultiPolygon
Diessenhofen,1684513,4545,2012,20,0.9983531632512576,0.057202113542983296,8.872357023307865,0.16486653027600948,10084615.681682449,10090384.294995058,MultiPolygon
Avully,1685447,6603,,25,0.9964010417239026,0.06557058685296921,30.144724331874908,0.3606628257435456,4618283.3071424365,4621311.5426094625,MultiPolygon
Rohrbachgraben,1682625,339,244,2,0.9981031150508367,0.016666729323635766,13.414934785724205,0.18985275189622167,6464294.641513943,6463217.255023359,MultiPolygon
Huttwil,1682485,954,244,2,0.999135123557864,0.0037193455033981367,5.444199776672324,0.08652667003997794,17235335.87017048,17235976.911860164,MultiPolygon
Hausen am Albis,1682133,4,101,1,0.9987280190238351,0.0007860221745735087,3.7391179471259033,0.1272795460996111,13602526.893526403,13602633.812404089,MultiPolygon
Staufen,1684431,4210,1907,19,0.9917566863864669,0.23193599669971868,12.070998775319737,0.8267831170356381,3577861.822982003,3569563.473502331,MultiPolygon
Känerkinden,1683662,2850,1304,13,0.9967931224790731,0.03451980518651779,2.8088263829943427,0.32125822036901736,1479374.3225668722,1479884.9997010017,MultiPolygon
Gempen,1683507,2474,1104,11,0.9985037955752917,0.012478910224656846,3.4176125991231388,0.14974180014319924,5986659.4014960565,5987406.471348225,MultiPolygon
Grandcour,1684993,5817,2222,22,0.999164448610102,0.0004651578454273938,3.138731352416224,0.08359025529837219,10197449.854451723,10197497.288689755,MultiPolygon
Safnern,1682642,746,242,2,0.9990572132084256,0.018077500999812098,10.850446267502964,0.0943316680974432,5619266.152128048,5620281.975022881,MultiPolygon
Romainmôtier-Envy,1685123,5761,2224,22,0.9959258385429643,0.05438622520480544,22.614963163351202,0.4083587946657664,6976654.923583442,6980449.262841945,MultiPolygon
Schleinikon,1682203,98,104,1,0.9975342786394745,0.025896516048613708,3.8920825270376773,0.24684453417639873,5679366.808371435,5677896.050234445,MultiPolygon
Albula/Alvra,4449887,3542,1841,18,0.9994087419250255,0.000465745007409967,7.633616248952988,0.059143429699916567,93925077.79232915,93925515.24368967,MultiPolygon
Trüllikon,1682218,40,102,1,0.9988072417727856,0.002566203156082973,7.007012676260897,0.11934853012224825,9556225.128605958,9556470.36075681,MultiPolygon
Dorénaz,1685294,6212,2310,23,0.9989877978864896,0.007525608903099156,10.080746949599963,0.10126765429922038,12580862.441097073,12579915.65459312,MultiPolygon
Corminboeuf,1683297,2183,1004,10,0.9969425501758417,0.03561585696358536,21.846911762927476,0.306158567797805,7234034.875132932,7231458.411619109,MultiPolygon
Gottlieben,1684524,4651,2013,20,0.9963436236341086,0.01500732916243484,6.057679472686886,0.36627982882205923,324288.76871149684,324240.1016285395,MultiPolygon
Wittnau,1684463,4181,1906,19,0.9969725850120579,0.01681338597612741,11.331316070320918,0.3032259447275997,11246704.151567962,11248595.103346558,MultiPolygon
Rapperswil (BE),5817396,310,243,2,0.9994054137729339,0.00786990473188547,3.46290817190035,0.05947396423834775,22581565.533248864,22579788.38555443,MultiPolygon
Wäldi,1684573,4701,2013,20,0.9986587417143611,5.050689291767413e-05,13.773892251951796,0.13421580372192027,12210134.32429393,12210128.157334462,MultiPolygon
Speicher,1683940,3023,1502,15,0.995385653789657,0.06473296642055226,30.063017158191045,0.46235199696777324,8178703.58815644,8173409.2707090825,MultiPolygon
Andermatt,1683057,1202,,4,0.9991769696220439,0.018663204559891337,52.0763481693879,0.08232923733499581,62262578.496094495,62250958.303705506,MultiPolygon
Dardagny,1685479,6620,,25,0.9979366661037627,0.07027340123952441,11.59711075509728,0.20661905041436998,8598317.85991702,8604360.19032657,MultiPolygon
Versoix,1685541,6644,,25,0.9990839428314604,0.018161702989316218,10.118166751952337,0.09165601650873384,15150183.060972255,15152934.592222126,MultiPolygon
Etagnières,1684967,5521,2223,22,0.998199824054459,0.0012026669837812347,12.999685506729595,0.18017868871873002,3780783.284241095,3780737.8140088073,MultiPolygon
Hasle bei Burgdorf,1682469,406,245,2,0.9990625421943761,0.00188510139305765,6.898530840458782,0.09379062654144706,21885979.99161764,21886392.564531345,MultiPolygon
Paradiso,1684735,5210,2105,21,0.9974769876384253,0.0840355337803041,44.603529775696636,0.25251377249692164,2200511.4807230653,2198662.269154343,MultiPolygon
Rickenbach (ZH),1682195,225,110,1,0.9988272722849254,0.011405339630271776,3.481939268435254,0.11734826796948278,6025082.987586671,6025770.168764411,MultiPolygon
Wegenstetten,1684457,4262,1909,19,0.995853312459589,0.04848565628383127,16.403011181703825,0.4156310274761033,7119128.328526954,7122580.084618729,MultiPolygon
Jens,1682499,738,243,2,0.9985807197612608,0.014221581197832947,3.3868795581284097,0.14201871384637185,4582305.966884975,4581654.290521162,MultiPolygon
Hallwil,1684321,4197,1907,19,0.9921555917054878,0.5159269114349503,35.116171585653056,0.7895612204160624,2180091.0224884166,2191338.6987672118,MultiPolygon
Bürglen (TG),1684512,4911,2015,20,0.9983448927561415,0.008593412422007585,7.432389389645255,0.1656549242279449,11709705.10301301,11710711.366265913,MultiPolygon
Sils im Domleschg,1684168,3640,1851,18,0.9986592641723131,0.00226390648283153,3.585703635813836,0.13416200302043044,9282414.210208649,9282204.06503158,MultiPolygon
Merenschwand,1684365,4234,1908,19,0.9965435966734475,0.08154565195577938,31.673365416162067,0.3463798742615961,13506159.368691036,13517173.054402422,MultiPolygon
Biberist,1683482,2513,1106,11,0.9989365192378383,0.010526238143850376,3.425497006822713,0.10641025607203221,12249163.666073497,12250453.042211618,MultiPolygon
Illgau,1683082,1363,506,5,0.9987743256037738,0.01625281266856242,6.3348450139910595,0.12263263313349214,10956177.24499007,10954396.558026806,MultiPolygon
Hohenrain,1682874,1032,313,3,0.9970390255889554,0.022765160240140418,21.559432602899864,0.29657021303904685,23522997.33232052,23528352.380356506,MultiPolygon
Mesocco,1684118,3822,1847,18,0.9991966709742229,0.006710939569998107,106.71171778874415,0.08036248579008412,164771551.00635603,164760493.28713945,MultiPolygon
Ernen,1685300,6056,2304,23,0.9973444265939465,0.08588951960279248,66.29700188378231,0.265796218327695,35402724.07425697,35372316.84462329,MultiPolygon
Confignon,1685472,6618,,25,0.9961800568744918,0.1447932979719878,8.682816891028569,0.38244822670616296,2772048.9884109595,2768035.24725924,MultiPolygon
Kesswil,1684535,4426,2011,20,0.9981593873175794,0.021120666650401177,3.774975493440696,0.18425027241949954,4472400.000208979,4473344.600904295,MultiPolygon
Ormont-Dessous,1685082,5410,2221,22,0.9934746609323016,0.3620132891119921,224.51690248675808,0.6534848822571862,64107400.09744465,63875322.78978771,MultiPolygon
Dompierre (VD),1684946,5671,2222,22,0.9985597988318302,0.0068480133485320505,2.9544997208254253,0.14411896570990967,3211444.0606204714,3211224.1405025194,MultiPolygon
Brusino Arsizio,1684638,5160,2105,21,0.9999387117021733,0.005321950028633048,1.1014014943184456,0.00612918069285648,6193891.71505979,6194221.350881693,MultiPolygon
Grandval,1682456,694,241,2,0.9986097899034129,0.001826183839222719,6.0444172969529095,0.1391164408095718,8245697.250296359,8245546.668705743,MultiPolygon
Tavannes,1682679,713,241,2,0.9987813563888563,0.00895222930945668,6.3191149170878775,0.12193320288506568,14774789.69793257,14773467.02487882,MultiPolygon
Sâles,1683407,2152,1003,10,0.9989574225474216,0.016799053185009693,27.114053376353592,0.10432088371555633,18817076.266166452,18820237.35681627,MultiPolygon
Neuheim,1683145,1705,,9,0.9983160797081175,0.014001357033223917,3.781496485044299,0.16854572655736574,7926997.386339438,7928107.273545514,MultiPolygon
Oberentfelden,1684384,4010,1901,19,0.9962974661571655,0.06719816967293275,17.018236237484896,0.3708154609316336,7159927.80680841,7155116.466372332,MultiPolygon
Stettfurt,1684560,4606,2012,20,0.9980897763950999,0.02106977295950399,4.247416077945578,0.1912251258534244,6365540.282722971,6366881.487608187,MultiPolygon
Bosco/Gurin,1684633,5304,2108,21,0.9952397590316526,0.10695289052140115,39.03370629580814,0.47741496273266465,22000278.884752724,22023808.818942737,MultiPolygon
Airolo,1684612,5061,2103,21,0.9972458560009787,0.041868302298868565,73.31164796921463,0.2757364531843089,94347406.27652639,94307904.6192554,MultiPolygon
Muttenz,1683677,2770,1301,13,0.9974959057222637,0.12472919147170447,29.56886693372382,0.2505669826199909,16650839.03060611,16630070.57370998,MultiPolygon
Lignerolle,1685030,5755,2224,22,0.9962681443001009,0.25636532294098563,21.711507673288192,0.37340395563424417,10638386.613454359,10611113.479257066,MultiPolygon
Valeyres-sous-Rances,1685171,5763,2224,22,0.997486945803557,0.056126252464784324,9.25110145480936,0.25169220187348046,6343990.06566407,6347550.709544665,MultiPolygon
Oberweningen,1682180,93,104,1,0.9968624031992868,0.04094466753579871,3.8920825270376773,0.3143170140289894,4944588.121983383,4946612.667150944,MultiPolygon
Epalinges,1684959,5584,2225,22,0.9964441635249361,0.10618359406555675,20.459155684439196,0.3564060941496672,4574087.560638443,4578944.491206034,MultiPolygon
Meltingen,1683549,2620,1110,11,0.9964100804495238,0.16358516005222765,13.671698511140482,0.35993164665726785,5755259.143316743,5764673.893197758,MultiPolygon
Belfaux,1683274,2175,1004,10,0.9965415797251475,0.03330936736833429,42.3274610956706,0.3463833982731475,8880122.360570565,8877164.447990725,MultiPolygon
Seltisberg,1683706,2833,1303,13,0.9983959785101552,0.022753257823527842,8.004477638062209,0.16051263348398503,3563360.0230310685,3562549.2425378477,MultiPolygon
Schinznach,3411171,4125,1904,19,0.9965941983260951,0.11436226226921292,26.52551225518148,0.3409660511722712,12240672.38055999,12226673.670708619,MultiPolygon
Orsières,1685351,6034,2303,23,0.9980993143742805,0.08707385471290348,64.95785378661161,0.19033219341571606,164928207.09326252,165071816.4406875,MultiPolygon
Givrins,1684987,5720,2228,22,0.9964226755103246,0.034035243575095166,10.765428026931422,0.35843444468083324,3960613.219152376,3961961.223508582,MultiPolygon
Givisiez,1683324,2197,1004,10,0.9987787758438795,0.016925624931870015,7.447476104414283,0.12220737190049755,3456098.3921825048,3456683.358433642,MultiPolygon
Burg im Leimental,1683636,2783,1302,13,0.9987029459393547,0.024185372725821767,3.3824383628447166,0.12980527316082044,2842514.984545814,2843202.4573896136,MultiPolygon
Wangen (SZ),1683120,1349,505,5,0.9991128321740953,0.0007315314746892409,3.5012270387611584,0.0887564780318665,10996362.949820226,10996443.391676275,MultiPolygon
Bubendorf,1683632,2823,1303,13,0.9992086715688506,0.009372151718458238,3.621473781521741,0.07916045584956595,10800604.065499555,10799591.816500027,MultiPolygon
Seegräben,1682208,119,105,1,0.9970520610230659,0.06128007031702427,12.470572737855179,0.2953195146011809,3772489.155704532,3774800.9397118497,MultiPolygon
Kammersrohr,1683531,2549,1107,11,0.9969987235385179,0.05268436622642978,3.3612909595416993,0.30065788503897084,950414.8169495005,950915.5369723324,MultiPolygon
Essertines-sur-Rolle,1684965,5856,2228,22,0.9974536062173215,0.02300582182865648,16.77225196636763,0.25493466935537984,6949610.784271005,6948011.96919619,MultiPolygon
Herbligen,1682476,610,246,2,0.997872606964966,0.07270275288206633,31.13410933508341,0.21288841850765713,2758041.4061867627,2756036.2341588377,MultiPolygon
Mervelier,1685615,6715,2601,26,0.9961343558638407,0.2737791428056725,27.511872122594287,0.38784321190384496,9738118.895978326,9764779.834417133,MultiPolygon
Basadingen-Schlattingen,1684501,4536,2012,20,0.9987873379487181,0.03927346243510735,12.534086267911086,0.12131595003388478,15634169.369643563,15628029.290009135,MultiPolygon
Hermance,1685492,6625,,25,0.9961956665610011,0.12129143533443916,18.661974450007566,0.3813895268966975,4905721.358373899,4911671.578222979,MultiPolygon
Saulcy,1685628,6722,2601,26,0.9972299401395068,0.046446452254602734,56.156925091516975,0.277454598699443,7857954.099687533,7861603.840586633,MultiPolygon
Böttstein,1684287,4303,1911,19,0.9958460640488308,0.19352586354726167,10.79686779787379,0.41585536637438714,7429104.323173626,7414727.084878378,MultiPolygon
Wildberg,1682241,182,108,1,0.9957154068320793,0.03655797813752808,13.477635442423038,0.42930068815810174,10566246.103383834,10562383.297443401,MultiPolygon
Hallau,1683654,2971,1406,14,0.9948508071739011,0.07509773521110344,24.672515177294645,0.5160545684911373,15323334.029631881,15311826.552816795,MultiPolygon
Wädenswil,1682244,293,106,1,0.9992526518130971,0.01184741345630898,8.76787142926233,0.0747671843218104,35640256.653811954,35644479.10237462,MultiPolygon
Kriechenwil,1682517,666,246,2,0.9879247885250989,0.5451284705789993,165.75310212715866,1.2115447059763993,4765233.466004449,4739256.8216917,MultiPolygon
Innertkirchen,3411258,784,250,2,0.99861053772672,0.023912981198054975,83.69535730843731,0.1390262000655376,236589721.1232112,236533145.46768248,MultiPolygon
Saint-Gingolph,1685365,6155,2308,23,0.9982220378772688,0.052650739217971636,48.49603799103994,0.17790756321749532,24333595.97582024,24320784.157660656,MultiPolygon
Eschenz,1684518,4806,2012,20,0.9813476339914955,1.5424928697994555,291.5421298159207,1.8973168962282756,12021183.899583966,12206609.804100528,MultiPolygon
Lohn-Ammannsegg,1683541,2526,1106,11,0.9983682777601195,0.03641666812068115,3.425497006822713,0.16327572335895307,4478012.458422526,4476381.715487139,MultiPolygon
Oetwil an der Limmat,1682183,246,111,1,0.9968731215793473,0.02133068634402368,7.338660411572981,0.31321087746355436,2765139.2087199036,2765729.0318914913,MultiPolygon
Brienz (BE),1682391,573,250,2,0.9968264326835684,0.19578732795374107,87.02985279250825,0.3175499425700008,48070324.37099354,47976208.767368875,MultiPolygon
Orpund,1682601,744,242,2,0.9985676311158621,0.01661748871177837,10.850446267502964,0.14335145568297328,3969100.0354751325,3969759.600225487,MultiPolygon
Cottens (FR),1683300,2186,1004,10,0.9983267036859185,0.008799351701330444,5.4485462954884625,0.16747711278723923,4969863.220499501,4970300.536243347,MultiPolygon
Liestal,1683670,2829,1303,13,0.9990333753345654,0.0027242181800183046,9.134299285974121,0.09671052458087906,18179249.814748622,18179745.057177067,MultiPolygon
Fehraltorf,1682120,172,108,1,0.9962593315532806,0.06083462711131615,75.81143552263055,0.3748817799798265,9470566.719166476,9476328.10311541,MultiPolygon
Gerzensee,1682451,866,246,2,0.9989363101360663,0.009982746477984122,7.31654481600412,0.1064309004016151,7809211.700142579,7809991.273948533,MultiPolygon
Zeneggen,1685405,6299,2313,23,0.986910247998663,0.09374531086997726,116.14269631922006,1.3169811268690115,7558706.852048519,7551620.918812316,MultiPolygon
Valeyres-sous-Montagny,1685170,5933,2224,22,0.9944579545770306,0.04770934729931004,26.72121560698806,0.5558770940341524,2279510.212136465,2280597.7515802965,MultiPolygon
Dachsen,1682101,25,102,1,0.9948768251699104,0.11035567367279821,16.831280627462256,0.5133497876595868,2703356.2255808874,2700372.918606372,MultiPolygon
Bussy-sur-Moudon,1684878,5663,2222,22,0.9980273048637934,0.0072568533054555625,6.733161966537257,0.19745711718836828,3119629.8663164913,3119403.4793534195,MultiPolygon
Islisberg,1684334,4084,1903,19,0.9951839502061661,0.11688032728175539,17.390769934824707,0.48248536541757603,1659884.644287944,1657944.5656832007,MultiPolygon
Zielebach,1682736,556,245,2,0.9978231596139336,0.026114622720107325,2.969274723765751,0.21794968312545435,1915041.695956759,1915541.8018705908,MultiPolygon
Rheinfelden,1684403,4258,1909,19,0.9976156326069716,0.08392845514202303,42.112342816588125,0.23862116142522255,16023835.720014082,16010387.162239779,MultiPolygon
Eriz,1682430,924,247,2,0.9988334286033961,0.009943107543712271,18.077412886659456,0.11673102687111392,21775935.70559289,21778100.910298746,MultiPolygon
Villars-Sainte-Croix,1685185,5651,2229,22,0.9974960243882572,0.013551676166657388,4.2183472000350255,0.2507284366528225,1650994.8814850873,1651218.6189649543,MultiPolygon
Avenches,1868682,5451,2222,22,0.9951117533517232,0.003790397594857715,190.69183521766539,0.4900316267551037,21096184.93488514,21096984.56417152,MultiPolygon
Rothenthurm,1683098,1370,506,5,0.9990846657305795,0.00024030400326494246,3.5321833400823706,0.09157544799428445,22747475.74453733,22747530.407632187,MultiPolygon
Quinto,1684746,5079,2103,21,0.9974011195822381,0.012535695769251166,103.26895463701041,0.2602425007326024,92027266.08504258,92038802.34314376,MultiPolygon
Ried-Brig,1685358,6008,2301,23,0.9953801000696949,0.17441035736755645,85.28186534486683,0.46265582563972824,47605571.42849185,47522542.38123655,MultiPolygon
Buchs (AG),1684283,4003,1901,19,0.9918078701940377,0.12451254544160924,22.69013309465387,0.8230944403123732,5321595.439143814,5328221.493083197,MultiPolygon
Bulle,1683280,2125,1003,10,0.9988849725840733,0.003698138006689128,8.346565273984282,0.11156700348908652,23856293.399600193,23857175.63825339,MultiPolygon
Greppen,1682840,1056,312,3,0.9991149382037928,0.019793133103935344,3.410447704108608,0.08853660072913935,5247185.5799486935,5246146.997522644,MultiPolygon
Bühl,1682405,734,243,2,0.9983043445845301,0.062139836684962986,2.82277855959335,0.16976215448066218,2969225.0182894445,2971070.0898666186,MultiPolygon
Ruswil,1682914,1098,314,3,0.9994914465259652,0.004581222235167134,3.6496978403822284,0.050867116829679614,45252554.77042832,45250481.6503272,MultiPolygon
Gaiserwald,1683882,3442,1721,17,0.9981298167198109,0.04072487634424219,31.91817593141671,0.1872314881096486,12632851.261824569,12637995.974879699,MultiPolygon
Anniviers,1685266,6252,2311,23,0.9992832754640202,0.007682710307763761,53.98173223561425,0.07169539332814963,243383343.74869046,243364645.3114529,MultiPolygon
Corbières,1683296,2129,1003,10,0.9986547174269995,0.03252639321034438,7.391270500003154,0.13464070078926407,10756874.366586152,10760373.189839771,MultiPolygon
Porrentruy,1685622,6800,2603,26,0.9983575965098557,0.013685276411116873,8.641344860281716,0.1643640867163347,14761515.834927788,14759495.680683307,MultiPolygon
Trin,1684192,3734,1844,18,0.9974965855196692,0.052209184703469504,99.29467082616092,0.25072062747216495,47168589.02925609,47193215.365024395,MultiPolygon
Ueberstorf,1683413,2308,1006,10,0.9993018997961614,0.005966564835469214,12.241506244923016,0.06983647944423887,16109558.148182306,16110519.335413925,MultiPolygon
Boncourt,1685574,6774,2603,26,0.997745499655123,0.07661541773738659,12.258410447279967,0.22561799767164195,9020525.69429155,9013614.58084876,MultiPolygon
Yens,1685205,5655,2227,22,0.9983153671633949,0.02864223608945227,11.503272937826218,0.16858115651077338,9514784.127074447,9512058.880141368,MultiPolygon
Beinwil am See,1684264,4131,1905,19,0.9961150475552464,0.13961908510509866,19.172295341105226,0.389523090569831,5761875.385279692,5769920.062977515,MultiPolygon
Bannwil,1682370,323,244,2,0.9981326188499927,0.04089061137826925,5.581598791495879,0.18695084842428505,4775692.068417484,4777644.878101803,MultiPolygon
Muri (AG),1684371,4236,1908,19,0.9979581672230377,0.05347282614044694,10.27221796721061,0.20433729770769948,12340102.297316544,12333503.695869546,MultiPolygon
Schmerikon,1683933,3338,1726,17,0.998639353880651,0.0020648670254054106,5.805234385858409,0.13615583711393286,5976603.408165079,5976479.999252064,MultiPolygon
Lauterbrunnen,1682529,584,250,2,0.9980743604607729,0.023907120194874027,84.28463845775171,0.19272649655584,164664507.0578296,164625140.51620898,MultiPolygon
Bellikon,1684265,4022,1902,19,0.9971675100079368,0.08434470779288167,27.204362246035377,0.28377034030098197,4941146.806792932,4945314.402628738,MultiPolygon
Gams,1683883,3272,1724,17,0.9991465895661902,0.019389528262613663,38.31856677797661,0.0853691972501269,22273478.73462271,22269160.012168393,MultiPolygon
Siblingen,1683707,2953,1404,14,0.9923722880540861,0.14258031028514537,24.521661393704058,0.7651455688212461,9420890.937743051,9407458.602212392,MultiPolygon
Möriken-Wildegg,1684375,4203,1907,19,0.9954899747849213,0.07924525048273888,11.266921626514401,0.45184273352969095,6608795.281116994,6603558.1247425815,MultiPolygon
La Sonnaz,1683346,2235,1004,10,0.9990132372514468,0.00031974914977897517,3.1305259379770147,0.09872482608736222,6958392.0511176875,6958369.801718266,MultiPolygon
Reigoldswil,1683693,2893,1305,13,0.9989621050437469,0.02947914315283835,9.659789176819261,0.10382807881798477,9252347.02633139,9249619.5137065,MultiPolygon
Morrens (VD),1685065,5527,2223,22,0.9968729788362507,0.014172688815629273,9.998047968814362,0.31316960121166926,3667665.7411089796,3667145.9342566947,MultiPolygon
Arni (AG),1684256,4061,1903,19,0.9953815150345136,0.1402068363371056,17.390769934824707,0.46324200625212486,3372858.5296009425,3377587.507839422,MultiPolygon
Thürnen,1683715,2864,1304,13,0.9984276867621159,0.0014537768456654044,3.4037333036536674,0.1573561732819,2259984.6346205254,2260017.489753859,MultiPolygon
Chexbres,1684903,5601,2226,22,0.9966871363229532,0.035620191340137455,3.668597817483762,0.331895131787086,2145693.2438859604,2146457.543925005,MultiPolygon
Fürstenau,1684084,3633,1851,18,0.9968621773577373,0.0019279433573661715,6.494426430958177,0.3142723048310835,1317425.696081553,1317400.296860357,MultiPolygon
Savièse,1685372,6265,2312,23,0.995798881537958,0.005882990462141197,101.94726972065058,0.42098379002038394,70974731.06851983,70970555.63186054,MultiPolygon
Agarn,1685264,6101,2306,23,0.9976398148791922,0.018701068025018308,17.263605165476886,0.23631945990868827,7646450.274360548,7647880.242227855,MultiPolygon
Unterschächen,1683118,1219,,4,0.999509925584506,0.004658939709988331,13.396126189800077,0.04902059503252685,80276485.92446826,80280225.95754878,MultiPolygon
Villars-Epeney,1685183,5935,2224,22,0.9909209183834046,0.12883715117775518,11.145710105949146,0.9114609141691346,864476.4633209585,863362.6964730136,MultiPolygon
Grône,1685314,6238,2311,23,0.9979754202393785,0.06480000914616987,56.69101060029519,0.20272879276090106,20728138.14030394,20741569.975714687,MultiPolygon
Hüniken,1683530,2524,1106,11,0.9971244446292977,0.03107749841514454,3.17065846183671,0.287924826426935,1019192.2955164665,1018875.5560469801,MultiPolygon
Sils im Engadin/Segl,1684169,3789,1846,18,0.9990787189769581,0.015100642344940254,26.65364708656169,0.09216360062490934,63579600.38264229,63569999.45458417,MultiPolygon
Meierskappel,1682897,1064,312,3,0.9979087663863128,0.050292731234714755,11.775781394376118,0.20939489511525278,9231841.600255985,9236484.545540016,MultiPolygon
Sonceboz-Sombeval,1682667,444,241,2,0.9987284458849706,0.03576657384213063,6.115092371616065,0.12721355139323354,14966047.899646735,14960695.057073459,MultiPolygon
Chêne-Bougeries,1685465,6612,,25,0.9978301777695433,0.0075111909408045185,3.4224765391300918,0.21722604296873954,4140265.4286260176,4140576.411867818,MultiPolygon
Vallon,1683416,2045,1001,10,0.9988174841043616,0.00741454626212082,3.138731352416224,0.11832593462251768,3511348.24289178,3511608.5934316735,MultiPolygon
Roches (BE),1682622,704,241,2,0.9989082373758694,0.023283599346789884,3.456915827091524,0.10924860926909079,9063930.047534978,9066040.45669232,MultiPolygon
Bellevue,1685450,6606,,25,0.9986510630204551,0.004086591266486458,5.5440107123344955,0.13498749904622892,6346902.319654189,6347161.691610076,MultiPolygon
Champoz,1682408,683,241,2,0.9988552198025402,0.017044999700529327,7.79419793566105,0.11453382138221965,7173739.093650385,7172516.329843355,MultiPolygon
Bäretswil,1682099,111,105,1,0.9978231321275507,0.014285213130888099,39.066951056559745,0.21793954855672185,22191943.87097457,22195114.037454426,MultiPolygon
Sullens,1685157,5501,2223,22,0.9982177685559178,0.00030113750617014127,14.336818438436763,0.1783818349173513,3906544.6375676035,3906532.8734965045,MultiPolygon
Chavornay,1684895,5749,2224,22,0.9988624694044933,0.0005934441667317237,18.774210239719828,0.11381745744068013,19283184.08403829,19283069.649107184,MultiPolygon
Chêne-Bourg,1685466,6613,,25,0.9957924791674557,0.04843740217582103,3.5977087213507115,0.4215369954100604,1280732.5463030215,1280112.192728772,MultiPolygon
Bursinel,1684872,5852,2228,22,0.9993626462165974,0.03664754851462462,7.475584687792262,0.06374401335750865,7707024.13784368,7704199.70243373,MultiPolygon
Trient,1685383,6142,2307,23,0.996531252606988,0.28337089212300826,65.14457713964505,0.34796971985205877,39555212.49450918,39667300.453036025,MultiPolygon
Buchs (SG),1683869,3271,1724,17,0.9986344755087478,0.014733366958629751,51.7030068127125,0.13663567942191313,15950064.465655755,15947714.484127892,MultiPolygon
La Tour-de-Peilz,1685014,5889,2230,22,0.9994526144995942,0.01324547937564011,13.236747715396326,0.05475716187043981,11327965.714926913,11329466.158289364,MultiPolygon
Tübach,1683950,3218,1722,17,0.9957502540617044,0.11872360880361425,22.25312236648542,0.42613234351476664,1989282.4062399876,1991644.154101971,MultiPolygon
Stalden (VS),1685379,6293,2313,23,0.990099779575202,0.7691197729620859,118.72117775924205,0.9987733080746889,10428263.055043878,10508468.88817672,MultiPolygon
Thierachern,1682681,941,247,2,0.9989470260454583,0.019327722114062685,2.9867770946246477,0.10536304351857546,7525838.26694196,7527292.840048948,MultiPolygon
Romont (BE),1682626,442,241,2,0.9980778024330071,0.03177723129742926,4.766533984972145,0.19243524703945714,7019095.6583739575,7021326.132636307,MultiPolygon
Köniz,1682518,355,246,2,0.9995711810155795,0.0012287390874409314,8.67188150547096,0.042891358209486585,51012246.27366108,51012873.08107042,MultiPolygon
Churwalden,1684064,3911,1848,18,0.9994965304474416,0.003478652345334318,3.9674448472508104,0.05035875660814815,48529199.087655894,48527510.92553366,MultiPolygon
Gilly,1684984,5857,2228,22,0.9984162115648404,0.04928998226954062,17.24157405223813,0.15846529881787372,7760320.916470543,7756495.855666755,MultiPolygon
Brusio,1684052,3551,1842,18,0.9980500907208685,0.04880518896827517,36.80896207450498,0.1952288500317767,46297904.49343398,46320500.273210354,MultiPolygon
Krattigen,1682515,566,249,2,0.9990830807579472,0.006250355787027322,7.018263610807582,0.09173684738085977,5998282.430243764,5998657.344236765,MultiPolygon
Thusis,1684187,3668,1851,18,0.9986068213138725,0.013580067493389678,3.7184103336657364,0.1394244499289804,16771835.898149313,16774113.524784163,MultiPolygon
Riva San Vitale,1684747,5263,2106,21,0.9915921550611945,0.5477397871382361,95.73992507653014,0.842021631940049,7707707.333586938,7665489.15384471,MultiPolygon
Lüscherz,1682542,497,243,2,0.9983774323155478,0.036174015958404894,6.613452415564569,0.16241788284444567,5420783.20931284,5422744.124296048,MultiPolygon
Rebstein,1683922,3255,1723,17,0.9987819013454514,0.01154696325632811,3.3407066513127335,0.12189113583939853,4393678.198683022,4394185.535090225,MultiPolygon
Hausen (AG),1684323,4100,1904,19,0.9923692365560264,0.06253670709737141,8.88275242990235,0.7662384379373378,3203685.900054014,3205689.3797216504,MultiPolygon
Delémont,1685596,6711,2601,26,0.9971590847010992,0.10765960708481641,76.93216205180623,0.2846487873497686,21966649.183949593,21990298.392150734,MultiPolygon
Pfäffikon,1682189,177,108,1,0.9910900825227109,0.1858015570117331,230.4585269175821,0.8958102838508928,19524572.1668573,19560849.1259432,MultiPolygon
Rubigen,1682627,623,246,2,0.9967980819677973,0.013464356484710815,59.956788512802916,0.320726829612793,6918544.063585497,6919475.60102177,MultiPolygon
Marchissy,1685041,5430,2228,22,0.9977892973102331,0.030890497286635933,43.94509213651827,0.22134908233511136,11979299.115671225,11982999.58073951,MultiPolygon
Disentis/Mustér,1684070,3982,1850,18,0.9994880283944638,0.009036131677095473,33.6141661166584,0.05120795594181541,90986027.60130213,90977805.98404032,MultiPolygon
Oberkirch,1682903,1095,314,3,0.9990815604732014,0.0128663724469514,4.174699215377337,0.09189205982242749,10954968.161987534,10956377.6689927,MultiPolygon
Birrhard,1684274,4093,1904,19,0.9932818983929319,0.10291558866964057,12.282770962278548,0.6737275470744359,2995890.449721054,2992807.211428826,MultiPolygon
Gletterens,1683325,2022,1001,10,0.9986814819119902,0.09477743586760418,32.75464951312122,0.13200131474375645,7108709.872270387,7115447.325210592,MultiPolygon
Kleinlützel,1683535,2619,1110,11,0.9981881080030033,0.002535302109575493,24.016575784943367,0.18135119724434795,16319252.515343552,16318838.772990264,MultiPolygon
Crans (VD),1684928,5713,2228,22,0.9980290268486229,0.03753348697307303,20.7595009048126,0.19732876873786365,8854737.908905447,8858061.400804985,MultiPolygon
Rorbas,1682197,68,103,1,0.9977734147824224,0.0014925730609416858,11.565885900709086,0.22290501859675727,4436142.339961614,4436076.127296103,MultiPolygon
Reiden,1682908,1140,315,3,0.9989961559020406,0.020304383161496783,14.970119492410856,0.10044501658209755,27032863.87309136,27038352.729351677,MultiPolygon
Coinsins,1684910,5710,2228,22,0.9950455879493468,0.06917278130460391,59.09942101463206,0.4964997820863425,2908159.2727271444,2906147.6180734313,MultiPolygon
Martigny,1685332,6136,2307,23,0.9991338518772493,0.008436366211456856,3.731004991184769,0.08665599430978124,32590138.37535182,32592887.798773985,MultiPolygon
Oberriet (SG),1683917,3254,1723,17,0.9992603088235941,0.01847699782493042,3.468173698262033,0.07400332107858662,34602089.992227174,34608483.41964242,MultiPolygon
Kemmental,1684534,4666,2013,20,0.9990673454010044,0.005243640439456405,7.196501728560941,0.0933114188141023,25041205.731861826,25042518.80265211,MultiPolygon
Lauerz,1683089,1365,506,5,0.9990677519847359,0.011738070608365724,3.635613380583515,0.09326280216097978,9186163.21416215,9185084.935837872,MultiPolygon
Froideville,1684980,5523,2223,22,0.9988135964572313,0.02614576867873061,4.501833587659848,0.1187262926402054,7084096.0085035805,7085948.199858943,MultiPolygon
Mauborget,1685045,5562,2224,22,0.9934936887928892,0.25383215299219214,16.884028785906445,0.6519261825340071,5517706.348137497,5503700.635318233,MultiPolygon
Binn,1685275,6054,2304,23,0.9965342380755933,0.06556458129065404,124.9197925448297,0.34706399741997135,65083758.7312062,65041086.837305866,MultiPolygon
Courtételle,1685594,6710,2601,26,0.9975147662096782,0.06516444637074333,46.907824420860365,0.24891365779101526,13556410.346349021,13565244.306098966,MultiPolygon
Schnottwil,1683573,2461,1103,11,0.9990072482115382,0.005192287000259985,3.211709013782524,0.09932190251815205,7165408.512719187,7165036.4641444655,MultiPolygon
Oberwil-Lieli,1684393,4074,1903,19,0.9969638412301521,0.008055154531745693,10.45957095816783,0.30408973771083975,5349508.619735047,5349939.530921056,MultiPolygon
Ronco sopra Ascona,1684748,5125,2104,21,0.9703882654333239,3.045911232811773,931.6280782310164,3.051450180532201,8908459.040228743,9179802.794805506,MultiPolygon
Lengwil,1684539,4683,2013,20,0.9982882602364435,0.0014702034580724454,9.29577760597176,0.17132186388184945,8886320.543837564,8886451.190829495,MultiPolygon
Steg-Hohtenn,1685381,6204,2309,23,0.9977729760797497,0.017657514151190157,37.16361852594613,0.22297033401199123,14026259.289437132,14028735.978156047,MultiPolygon
Lax,1685325,6061,2304,23,0.9888684913794508,0.00876716384829971,85.20975870616915,1.1193319930399188,5419314.84034337,5418839.720131862,MultiPolygon
Wohlenschwil,1684466,4046,1902,19,0.9951299823611114,0.004854389599680659,12.282770962278548,0.48820236142608825,4389722.748967946,4389935.843212526,MultiPolygon
Häggenschwil,1683897,3201,1721,17,0.9980124632019012,0.015159771131715178,10.143511519550087,0.19896647170361742,9071366.221907575,9072741.420265336,MultiPolygon
Eggersriet,1683875,3212,1721,17,0.9980592918450542,0.0010756971587027914,9.65750328119943,0.19426036063487792,8902692.290038513,8902788.056046525,MultiPolygon
Belprahon,1682376,681,241,2,0.9979051604852021,0.007072325327559179,11.391692531630271,0.20969618371233997,3814942.8227929673,3814673.017625479,MultiPolygon
Icogne,1685317,6239,2311,23,0.9978739820024679,0.11178479741863728,48.55498044784568,0.2129469925680376,24825406.713381153,24853157.74398406,MultiPolygon
Weiach,1682233,102,104,1,0.9984805208260691,0.05292138016105717,16.29781777337052,0.1521036830497929,9578078.951892097,9583147.803466354,MultiPolygon
Landiswil,1682523,613,246,2,0.9986124881246397,0.015402073810779094,29.45968842953366,0.13883682112512352,10257703.014926484,10256123.115936834,MultiPolygon
Heimiswil,1682474,407,245,2,0.9988581772936709,0.014737061491466535,35.21554519325852,0.11423907746364187,23360452.549121127,23357009.904864278,MultiPolygon
Lonay,1685031,5638,2227,22,0.9981520932588221,0.030791664207470117,5.800005776333023,0.18493309361103838,3715953.263409971,3714809.059558995,MultiPolygon
Gsteigwiler,1682461,577,250,2,0.9944821145579265,0.009269956100630248,46.403469322586545,0.5532894628655567,7018305.89578204,7017655.3019064935,MultiPolygon
Yverdon-les-Bains,1868691,5938,2224,22,0.9983023334539013,0.017285506441974935,17.77514612723514,0.16989619564072275,15025613.192536034,15023015.939199692,MultiPolygon
Courchapoix,1685587,6706,2601,26,0.9999954381485793,8.518445513066234e-05,0.014205964007618924,0.0004561859883081572,6391615.594635494,6391610.149972576,MultiPolygon
Kirchdorf (BE),1682510,872,246,2,0.9991888466845653,0.00536814744187725,5.53017538267448,0.08114606529813165,14620838.397907412,14620053.529744973,MultiPolygon
Ballaigues,1684840,5744,2224,22,0.9959414153993291,0.05060259033252709,18.133552691795135,0.4065808439963391,9058963.690845443,9054379.620560592,MultiPolygon
Wauwil,1682928,1146,315,3,0.9983468982481363,0.03877270046871944,3.0660678380373474,0.1654148513670344,2964521.510556394,2963372.085510775,MultiPolygon
Obergoms,1685350,6076,2304,23,0.9969315557159403,0.008613019962112688,190.011908544048,0.3073026847031857,155980791.9318194,155967357.27507326,MultiPolygon
Ried bei Kerzers,1683388,2276,1005,10,0.9973864697500731,0.1015016000522754,12.592956003576758,0.2618278111964012,7551084.471453713,7558748.943013538,MultiPolygon
Teufenthal (AG),1684437,4145,1905,19,0.9935614329106509,0.11708997570584725,14.713863504041802,0.6455579973407941,3573254.2377199912,3569070.3152011367,MultiPolygon
Leuk,1685328,6110,2306,23,0.9991595315995042,0.013759478296000962,43.12118964642203,0.08408795888926911,54299309.23727688,54306780.53894626,MultiPolygon
Oberuzwil,1683918,3407,1728,17,0.9979260147044071,0.05315727282410699,78.7712787025797,0.20766900449114464,14076122.120960878,14083604.603599772,MultiPolygon
Eiken,1684301,4161,1906,19,0.9958251016075219,0.001096011637962563,17.978679919006236,0.4183654437255817,7083983.782956335,7084061.424243027,MultiPolygon
Crémines,1682417,691,241,2,0.9980733448994711,0.0007836009096416525,10.005590564259236,0.19285053342031505,9478824.153293584,9478749.877141295,MultiPolygon
Stabio,1684761,5266,2106,21,0.9909965082230899,0.04116704523140653,22.479707741262732,0.9046068112608564,6149303.148980347,6151834.6353891045,MultiPolygon
Hittnau,1682140,173,108,1,0.9958721675753679,0.0968702700164438,44.61485459356163,0.4138373000967099,12955438.002792023,12967987.97056714,MultiPolygon
Chevilly,1684901,5476,2227,22,0.9971294380380662,0.06750392904502264,18.332631998873122,0.2875658210527222,3885345.3796734805,3887968.1404617294,MultiPolygon
Feuerthalen,1682121,27,102,1,0.9974392488052263,0.0545568778137521,6.860166929263478,0.25647335499746504,2481590.613624491,2482944.4919834035,MultiPolygon
Rheineck,1683925,3235,1723,17,0.9967289187043075,0.004136368944386016,8.385871844510753,0.32763722837438314,2205210.0190489436,2205118.803426557,MultiPolygon
Lovatens,1685033,5674,2222,22,0.9973727071868098,0.03724131144066227,3.21696185782501,0.2631238549404507,3468624.099815278,3469915.860918996,MultiPolygon
Knonau,1682155,7,101,1,0.9983017560356742,0.028090738906985515,3.612727927594781,0.1699925933443007,6466002.9202264305,6467819.268224469,MultiPolygon
Niederried bei Interlaken,1682577,588,250,2,0.9924122398385141,0.4898337179034762,93.8955547135849,0.759800236746863,4149427.2969450364,4129102.002944709,MultiPolygon
Chardonne,1684888,5882,2230,22,0.9980571045810577,0.01582799832949837,18.748888693686343,0.1944938585802971,15363830.560930718,15366262.347775249,MultiPolygon
Wald (ZH),1682228,120,105,1,0.998994365544716,0.014131524691800512,7.665647712064001,0.10060692685041597,25264900.59716452,25261330.281498272,MultiPolygon
Dierikon,1682823,1053,312,3,0.9981342216632905,0.005337966369814719,3.236647801083861,0.18674706825710535,2775304.908105083,2775156.7632624283,MultiPolygon
Merishausen,1683676,2936,1403,14,0.9969366528443812,0.006040347951651908,23.36114783929977,0.30679537408879,17565698.768080562,17564637.73875483,MultiPolygon
Willisau,1682932,1151,315,3,0.9992157127670156,1.2362235158401842e-05,3.546130849058396,0.07845948583744283,47218952.52944058,47218946.69212263,MultiPolygon
Schongau,1682918,1041,313,3,0.9991519278101703,0.005910730878552823,3.5925671972070803,0.08484068813370493,12429135.544928897,12428400.892176306,MultiPolygon
Lostorf,1683543,2493,1105,11,0.9991474237924272,0.012808885929406995,4.006051982454642,0.0852885179624317,13247021.521782449,13245324.72590668,MultiPolygon
Wyssachen,1682734,960,244,2,0.9979505485356069,0.07801585986783424,62.85207943873062,0.20523540129525464,11692008.9289856,11701130.550287372,MultiPolygon
Hellikon,1684324,4251,1909,19,0.9968908327102582,0.01705845947778131,16.403011181703825,0.3113742675157154,7044085.1517391,7042883.53932791,MultiPolygon
Daillens,1684940,5480,2223,22,0.9979277046973084,0.018645380549658093,4.4598090455153185,0.20742513396722786,5520686.9038859885,5519657.550803804,MultiPolygon
Sauge,3411230,449,241,2,0.9986761023693828,0.0014718384912204426,10.801488567370617,0.1324764814300218,13457899.012856063,13457700.934318282,MultiPolygon
Corsier (GE),1685475,6619,,25,0.9987604657775377,0.001504313418576943,3.6092292829287373,0.12403122504424688,4292730.659268474,4292795.235391805,MultiPolygon
Aeschi bei Spiez,1682360,562,249,2,0.9989716236908041,0.018932721437335376,27.339591128323566,0.10288079602524228,30996956.653381694,30991088.085924458,MultiPolygon
Schupfart,1684421,4259,1909,19,0.9955765130618673,0.07240390727627787,17.978679919006236,0.4431687304895324,7046625.399849093,7041523.367728479,MultiPolygon
Ettiswil,1682834,1128,315,3,0.9990384222557622,0.003283284690464736,3.37775644289152,0.09620244892381848,12582490.724018307,12582077.605026687,MultiPolygon
Samnaun,1684151,3752,1843,18,0.999527367745283,0.0010459868323799356,5.63821762607459,0.04727414993217476,56285712.784771755,56285124.043627515,MultiPolygon
Mägenwil,1684372,4032,1902,19,0.9962576210671668,0.11523883714215706,8.532136462540636,0.37515551402764574,3477907.876558028,3481915.777151849,MultiPolygon
Ennetbaden,1684304,4026,1902,19,0.9936537496708631,0.03385997839199117,7.850596221756602,0.6367529717414633,2108803.9234629753,2109517.9640157893,MultiPolygon
Bière,1684855,5425,2227,22,0.9993158304664668,0.006240088910362912,3.5501847340063226,0.0684382303899143,25055410.606563766,25053847.12666506,MultiPolygon
Zell (LU),1682934,1150,315,3,0.9990660889214197,0.01587928879907603,3.546130849058396,0.09342731934041484,13906069.440795919,13903861.255868815,MultiPolygon
Egolzwil,1682827,1127,315,3,0.9982274549004791,0.006056337973201381,3.2544707048371877,0.17740637278441737,4180489.119012918,4180235.9344629375,MultiPolygon
Santa Maria in Calanca,1684153,3810,1847,18,0.9987053509223062,0.007417461202756788,3.2339772584303814,0.12955357248072233,9312894.53156545,9313585.311904183,MultiPolygon
Vals,1684202,3603,1850,18,0.9996679465333903,0.0027303248938176936,4.3365868569162975,0.033211313933977894,175560027.3606491,175564820.71977973,MultiPolygon
Nottwil,1682902,1094,314,3,0.9994159256166545,0.013119182783825085,3.6414345847523224,0.05842833287008727,14834107.392368427,14836053.50603158,MultiPolygon
Egg,1682113,192,109,1,0.9985068532733645,0.006182474463274271,24.301955885516616,0.1494216111874139,14528066.940606097,14527168.746577486,MultiPolygon
Urtenen-Schönbühl,1682702,551,246,2,0.999044151025355,0.011621439213876919,3.171710118062209,0.09562504484455042,7189469.754698523,7188634.234841181,MultiPolygon
Bleienbach,1682383,324,244,2,0.9979852861262626,0.004932622389763127,3.6348382574884157,0.2016695717044091,5694234.462615481,5693953.587531452,MultiPolygon
Prez,10523738,2237,1004,10,0.9945497553468536,0.04820779191619658,27.53372328380359,0.5463820511108755,16045806.658886079,16038071.329800688,MultiPolygon
Hochwald,1683523,2475,1104,11,0.9990954789963792,0.0075714340900951875,11.78009501303796,0.09048960097389928,8348650.710983976,8348018.598397981,MultiPolygon
Grellingen,1683651,2786,1302,13,0.9982104379166341,0.02704298759352413,3.407297034590602,0.17914069758920553,3293820.03826008,3294710.7856043796,MultiPolygon
Denges,1684943,5632,2227,22,0.9927130782901188,0.21416835007972948,43.510019553722856,0.7305736735694971,1657578.4254900555,1654028.4171249059,MultiPolygon
Amlikon-Bissegg,1684498,4881,2015,20,0.9986147260335871,0.033352967750623186,5.0622554229788745,0.1386002948323097,14457449.303323828,14452627.314920127,MultiPolygon
Amriswil,1684499,4461,2011,20,0.998636405728271,0.03718395410924811,40.61793870390575,0.13642709085923274,19021204.78193663,19014131.94587949,MultiPolygon
Bünzen,1684289,4229,1908,19,0.989679270808156,0.0704780189084335,52.95860951873212,1.0370608389478846,5774901.2727388935,5770831.236727949,MultiPolygon
Vendlincourt,1685634,6806,2603,26,0.9956621644373012,0.2893521141447785,13.420400125307129,0.43535538725604644,9151025.123749489,9177503.808410978,MultiPolygon
Echandens,1684953,5633,2227,22,0.9976898634790063,0.025227490467626713,8.383635714510296,0.23125162403689628,3880892.0419884827,3879912.990318531,MultiPolygon
Fideris,1684077,3861,1849,18,0.9993312719532199,8.368498238262496e-05,3.6377915625874517,0.06689514402620646,25355436.74380453,25355415.525111757,MultiPolygon
Attinghausen,1683059,1203,,4,0.9993405561017563,0.00014368933072718705,3.6394928045457116,0.06596618770199585,46890505.41335398,46890572.79000738,MultiPolygon
Renan (BE),1682618,441,241,2,0.9985576666133086,0.03700026942882917,4.683068794168906,0.14431072739726936,12632930.34845907,12628256.130193384,MultiPolygon
Emmetten,1683066,1504,,7,0.9950356221385966,0.4473507805903083,54.47744035768112,0.4965599325525731,28618876.520715006,28490849.75320341,MultiPolygon
Münchwilen (TG),1684545,4746,2014,20,0.9980979845959699,0.02106880995761876,4.708149223496385,0.19036254004431297,7814575.463560956,7812929.025507543,MultiPolygon
Genève,1685488,6621,,25,0.9990406463931473,0.028593308101252414,7.328197778713285,0.09596767860789705,18296128.080926716,18290896.612653937,MultiPolygon
Männedorf,1682167,155,107,1,0.9993806270697989,0.03329525901565091,3.123078066817769,0.06194616581831527,4766946.317536449,4765359.150412888,MultiPolygon
Henggart,1682135,31,102,1,0.9972852890577907,0.015321438342690681,6.686062779178603,0.2718192529330783,3032983.046066004,3032518.3494386566,MultiPolygon
Lalden,1685324,6286,2313,23,0.9973602429150941,0.023912829618083442,3.1819235206724605,0.26435618858222487,1301134.9146850486,1301446.0528602987,MultiPolygon
Hüntwangen,1682147,61,103,1,0.998428621340555,0.011788137293988993,3.4402449669850332,0.15725215547139987,4908567.135936027,4907988.507302876,MultiPolygon
Soubey,1685629,6759,2602,26,0.9969795459159887,0.20080375543599077,30.599124011206474,0.30219853754303583,13489317.145621965,13462230.090210885,MultiPolygon
Arbedo-Castione,1684616,5001,2101,21,0.9948914726653563,0.0581622360023336,33.103827421302036,0.5120119853896452,21388407.987000287,21375968.010669746,MultiPolygon
Provence,1685110,5566,2224,22,0.9994361721317804,0.0017093398164701474,49.096206552233646,0.056398204374822375,31863367.85630493,31862823.203071292,MultiPolygon
Chéserex,1684907,5709,2228,22,0.9974010361418992,0.09539884465958796,14.572476750217588,0.2601104255331022,10580673.41874056,10570579.578541877,MultiPolygon
Maienfeld,1684110,3953,1845,18,0.9985189890395147,0.028084363511596325,26.177258502661488,0.1482316590294678,32326605.630575377,32335684.35201163,MultiPolygon
Romanel-sur-Morges,1685126,5645,2227,22,0.9969955153728923,0.03451622185334983,4.52946981580019,0.3009524178964085,1757512.3189975703,1758118.9458486955,MultiPolygon
Hägendorf,1683528,2579,1108,11,0.9992090418382193,0.021014224105610036,3.3144092591825975,0.0791187953204781,13937300.660587506,13934371.844992418,MultiPolygon
Stäfa,1682214,158,107,1,0.9990674422038622,0.00461077324578881,3.4085305591235566,0.09329713219147624,8591611.20049152,8591215.060780905,MultiPolygon
Mutrux,1685068,5563,2224,22,0.9978509400202954,0.06880532581358863,49.096206552233646,0.21506315639565673,3232732.1384234633,3230507.8465429405,MultiPolygon
Uznach,1683953,3339,1726,17,0.998222445172046,0.0052579254506926925,3.8073544901783434,0.1779182856746327,7535446.4956825245,7535842.703841644,MultiPolygon
Lully (FR),1683355,2025,1001,10,0.9999158446616083,0.0006708879916973753,0.7260319497919487,0.008415859729504248,5520288.576909039,5520251.54195587,MultiPolygon
Gonten,1683888,3102,,16,0.9993768512045202,0.013951185696658234,11.600909699596583,0.062329953133414176,24726323.23936869,24722873.624097608,MultiPolygon
Welschenrohr-Gänsbrunnen,1683587,2430,1102,11,0.9993024387501053,0.003650134627130694,6.517626856039682,0.06978173660337478,24460775.847484864,24461668.69873414,MultiPolygon
Onsernone,6155156,5136,2104,21,0.9963477350580442,0.013256143490342204,86.72707671796431,0.36587041456576347,105391039.10190251,105377068.3145332,MultiPolygon
Klingnau,1684342,4309,1911,19,0.995466547930457,0.06208579379122312,13.11249333021889,0.4545162021481931,6711998.434374945,6716165.631882181,MultiPolygon
Ettingen,1683646,2768,1301,13,0.9990923179820266,0.0018971331036141453,10.28506997607412,0.09080855344609269,6321551.307410704,6321431.379168189,MultiPolygon
Metzerlen-Mariastein,1683551,2477,1104,11,0.9991640795030148,0.005002348175052874,3.3018705761281737,0.08362491080421877,8481512.20208261,8481087.927311752,MultiPolygon
Egerkingen,1683498,2401,1101,11,0.9991142446082402,0.012092159607611503,3.0685025067677185,0.0886201424083121,6947556.1294984715,6948396.239074479,MultiPolygon
Villars-sur-Glâne,1683420,2228,1004,10,0.997620309592576,0.028461788294926165,15.946598617546508,0.23828642983026496,5478818.122101079,5480377.491716055,MultiPolygon
Wohlen (AG),1684464,4082,1903,19,0.9973328566671901,0.11609251328797399,12.736916552932838,0.2669154664980452,12488002.676933913,12473505.04076679,MultiPolygon
Bennwil,1683621,2882,1305,13,0.9985129860087572,0.013487120840843494,8.126693124198175,0.14882207714841603,6530639.785153096,6531520.580432599,MultiPolygon
Oberbuchsiten,1683560,2406,1101,11,0.9985647314588293,0.00440886469001776,29.817959731606553,0.14362676165101468,9387879.925598944,9387466.026675763,MultiPolygon
Villeret,1682707,448,241,2,0.9991245545108147,0.010344118573082792,6.706753217951702,0.0875783561007441,16235914.07761707,16234234.615413457,MultiPolygon
Zwischbergen,1685407,6011,2301,23,0.998580298132313,0.012736855701962277,124.05619937651241,0.14208008371773329,86028347.02623637,86039304.33265989,MultiPolygon
Langenbruck,1683664,2888,1305,13,0.999519533025688,0.00561771639100398,2.6960572975513926,0.04805959251829701,15664091.047271976,15664971.01148224,MultiPolygon
Magden,1684356,4253,1909,19,0.9978700059393898,0.031068762456623707,15.354656674401781,0.21319336822533166,11018113.84370389,11014690.65208659,MultiPolygon
Donneloye,1684947,5913,2224,22,0.9976589854115865,0.016774285562643373,12.002719973024606,0.23435613998891305,9010580.245930955,9009068.785469651,MultiPolygon
Scuol,4447223,3762,1843,18,0.9995285354170144,0.0014658526377117809,61.45799437057669,0.04715722923157823,438606090.97711116,438599661.6581574,MultiPolygon
Madulain,1684109,3783,1846,18,0.9980536207844735,0.0008180330078093147,15.361184939367556,0.19482832255243243,16285270.544531465,16285403.76341993,MultiPolygon
Cudrefin,1684936,5456,2222,22,0.9997239361536797,4.016833569393831e-05,3.771426526967757,0.027610190175171898,31892352.819595814,31892340.008968472,MultiPolygon
Orbe,1685080,5757,2224,22,0.9987144845257806,0.0398345372510188,5.156438019676572,0.1286086076425832,12047778.461889386,12042979.285090065,MultiPolygon
Puidoux,1685113,5607,2226,22,0.9990293209615875,0.01683574820579792,20.058107346367375,0.09710686258512714,33128597.541143555,33123020.093877416,MultiPolygon
Cossonay,1684926,5477,2227,22,0.9985378908889876,0.01511394415818634,4.816582563402168,0.14632893465309493,8283605.640662499,8284857.620193313,MultiPolygon
Bretzwil,1683630,2883,1305,13,0.9990774378523763,0.00307372141882452,3.3457781517495606,0.09230020895139125,7330821.442507921,7331046.771536775,MultiPolygon
Le Pâquier (FR),1683353,2145,1003,10,0.9984196821703587,0.023425152198205106,3.3591409936872294,0.15817527616145113,4499003.78564348,4500057.68412767,MultiPolygon
Marly,1683358,2206,1004,10,0.9990761722290158,0.010799376978358225,4.979080587050641,0.0924204790188668,7721529.598957442,7720695.721867555,MultiPolygon
Hüttwilen,1684533,4821,2012,20,0.9988185211002591,0.005079528835030104,4.0431667315549795,0.11821472339656454,17661638.62496791,17660741.496941216,MultiPolygon
Luterbach,1683544,2527,1106,11,0.9986271927476666,0.02753724537732119,5.9328054659987615,0.13739393459332505,4523288.971477554,4524534.560660755,MultiPolygon
Plasselb,1683379,2300,1006,10,0.9991945982666622,0.007352778179158886,3.1378998027082803,0.08057558216066299,18156560.918374933,18157895.930024225,MultiPolygon
Grancy,1684992,5485,2227,22,0.9981114664195638,0.06652594880914103,6.949198682910277,0.18896897692875336,5669783.671407793,5666011.794024963,MultiPolygon
Rüschegg,1682637,853,246,2,0.9992444170330269,0.010857274909638283,61.14340154494178,0.07559095610272519,57290357.665586345,57296577.83721481,MultiPolygon
Staldenried,1685380,6294,2313,23,0.9982970292722014,0.04682053773407586,29.03713814892034,0.17048210279771442,14271521.353429811,14278203.35647032,MultiPolygon
Collonge-Bellerive,1685469,6616,,25,0.9991554785997765,0.0056166659958040025,5.032556227249177,0.08448544320733647,10692733.595761035,10692133.02062914,MultiPolygon
Lengnau (AG),1684350,4312,1911,19,0.9966520262688886,0.03529109175380067,13.152443269506252,0.335299583385748,12670822.652071021,12666350.980422918,MultiPolygon
Payerne,1685094,5822,2222,22,0.9980805170366481,0.013909869162410658,46.98336231476909,0.19211933134848622,24178549.82560938,24175186.620963268,MultiPolygon
Göschenen,1683079,1208,,4,0.9997207107490504,0.00385830531539779,9.384007845082088,0.02793228689714032,104150242.80915332,104146224.37479901,MultiPolygon
Aesch (LU),1682812,1021,313,3,0.9986814362916845,0.0013480719199893479,3.514531043480593,0.1319424693480482,5799521.096810322,5799442.915094922,MultiPolygon
Wahlen,1683718,2792,1302,13,0.9990019948061303,0.020385210739667214,2.5553385700422626,0.0998605223200299,5407975.86856612,5409078.295843678,MultiPolygon
Cartigny,1685460,6609,,25,0.9983844426734771,0.009819624229166865,3.4991558512504897,0.1616942779228326,4383440.572005066,4383871.009397546,MultiPolygon
Lachen,1683088,1344,505,5,0.9960632488695558,0.06900193511591333,28.211139132352578,0.394315452222574,4343745.049928126,4340747.781787174,MultiPolygon
Neuenkirch,1682901,1093,314,3,0.9991640374566719,0.003228571195543929,3.6687091071914946,0.08363256065934097,26267403.137137473,26268251.198948976,MultiPolygon
Oberhallau,1683685,2972,1406,14,0.9870106284444052,0.18676541359731733,24.672515177294645,1.3062075806812457,6044554.89300844,6033265.755062396,MultiPolygon
Grüsch,1684086,3961,1849,18,0.9991602389467884,0.005407336720051568,22.2234278967628,0.08401365145269253,43295755.121716335,43298096.268981256,MultiPolygon
Einsiedeln,1683065,1301,501,5,0.9996526213881035,0.0022709633236920796,3.779282916185935,0.03474429034352329,109741586.3270454,109744078.51822172,MultiPolygon
Dornach,1683495,2473,1104,11,0.998587487022726,0.00672955524463842,3.3368846607296163,0.14135588402968785,5786490.54053595,5786879.945613601,MultiPolygon
Tresa,12597254,5239,2105,21,0.9906191957054516,0.028234525890542775,64.53505783440143,0.9426341941843962,11179448.613873547,11182605.078186851,MultiPolygon
Derendingen,1683494,2517,1106,11,0.9986710825374375,0.024976352537096687,5.9328054659987615,0.13296349925880302,5626063.083026604,5624657.897677028,MultiPolygon
Weesen,1683963,3316,1726,17,0.9977642751067617,0.05595281099235992,7.179379365900058,0.22376007476241777,5748661.4272654345,5745444.889602446,MultiPolygon
Fischbach-Göslikon,1684307,4067,1903,19,0.9930062480492959,0.05381002780949648,10.883611649220088,0.701640578157964,3070259.1327379975,3068607.0254448475,MultiPolygon
Morges,1685064,5642,2227,22,0.9995095122391084,0.01405054719623664,7.740019766758981,0.04905736129589106,13578296.35291525,13576388.527977739,MultiPolygon
Busswil bei Melchnau,1682399,325,244,2,0.9982486479179573,0.021615622512125166,3.412542508664887,0.1752697594506522,2862456.649017562,2861837.9111937373,MultiPolygon
Sirnach,1684557,4761,2014,20,0.9988575783695479,0.01613855563764212,4.858631069339106,0.11431668048714236,12384301.03438805,12386299.681700818,MultiPolygon
Boswil,1684277,4228,1908,19,0.9926374918401077,0.06035058782047294,82.95533175957497,0.7391941432924909,11776473.661969882,11783580.833049404,MultiPolygon
Brione sopra Minusio,1684636,5096,2104,21,0.9969325251625781,0.3067237456895636,116.48417569938216,0.3076898328375821,3816522.8162712613,3828228.9980084253,MultiPolygon
Feldbrunnen-St. Niklaus,1683504,2544,1107,11,0.9976901887050933,0.05110099597677959,3.4241920077992565,0.23130728440872486,2509459.4499606015,2510741.808733165,MultiPolygon
Stans,1683112,1509,,7,0.99898743426987,0.0043396498750880134,3.4362394807525543,0.10130566524503305,11083297.550260285,11082816.57395199,MultiPolygon
Mettmenstetten,1682166,9,101,1,0.9986513475101187,0.013773916438884384,3.6228273255911874,0.1349469591508681,13027016.181446815,13025221.851123502,MultiPolygon
Orselina,1684732,5121,2104,21,0.9911966806646922,0.5823036795799781,18.22550408106164,0.886798420994394,1941255.069557017,1952559.0692570803,MultiPolygon
Niederbipp,1682574,981,244,2,0.9986541953173492,0.04964210245306473,40.158466034771195,0.1346376619762621,19770077.31978406,19760263.037745923,MultiPolygon
Lyssach,1682541,415,245,2,0.9986046742578619,0.006627298788046467,4.133513395999703,0.13962536202455164,6046793.314830467,6046392.575770398,MultiPolygon
Dörflingen,1683644,2915,1402,14,0.9978680284849911,0.062347607529499985,9.136351103791304,0.21349119173230202,5821058.537210394,5824687.827941236,MultiPolygon
Rüeggisberg,1682634,880,246,2,0.9993201851084944,0.006881536279098846,24.1626844630057,0.06800694430278757,35803699.497857794,35806163.342428,MultiPolygon
Escholzmatt-Marbach,2741953,1010,316,3,0.9996275972490614,0.0016027884030626902,14.134080879728689,0.03724691207832666,106395487.98864534,106393782.69410248,MultiPolygon
Russin,1685528,6637,,25,0.9981332677259228,0.027181760011244113,10.410514304437168,0.186822230416898,4909769.1334064845,4908434.571743536,MultiPolygon
Tafers,12120617,2306,1006,10,0.9989261229224531,0.024103728716739607,25.977451876238568,0.10743245015662477,41347791.440253004,41337825.08077388,MultiPolygon
Kaiseraugst,1684336,4252,1909,19,0.9982593846928861,0.033734057524777615,5.578730524408876,0.17424253433109121,4904658.360209911,4906312.900482538,MultiPolygon
Lufingen,1682161,63,103,1,0.9979972999201026,0.017950727798743217,3.901194903279996,0.20048874236196154,5180632.222643938,5181562.183832479,MultiPolygon
Cugy (FR),1683306,2011,1001,10,0.9983823481517774,0.039118092169789065,43.75414847579526,0.1618644652710788,9876618.755989864,9872755.211161638,MultiPolygon
Buttwil,1684285,4230,1908,19,0.9999157378040577,0.0012061650505713602,1.0502985168100814,0.008426523795707902,4568375.796858043,4568320.694705803,MultiPolygon
Mettauertal,1684366,4184,1906,19,0.9975336892142066,0.009103122207721644,12.573969311342537,0.24694682795628461,21592623.69351653,21594589.296439204,MultiPolygon
Ropraz,1685127,5798,2222,22,0.9975145161467726,0.012525016742688256,3.472950164318934,0.24887323589069585,4806682.097327057,4807284.135064515,MultiPolygon
Lyss,1682540,306,243,2,0.9991290741539331,0.018487007925592547,21.082676966461314,0.08712247280695615,14829634.66131956,14826893.105584385,MultiPolygon
Flawil,1683879,3402,1728,17,0.9981789854236247,0.020086146604089604,12.629058036676065,0.1822491081963961,11469051.217576716,11466747.527135056,MultiPolygon
La Brillaz,1683343,2234,1004,10,0.9913663122843689,0.0870858151453908,108.03377424476209,0.8674895242536685,10303705.059242038,10312678.124783056,MultiPolygon
Hospental,1683081,1210,,4,0.9985676793102364,0.005436915706539084,52.29289253212783,0.14333861611271495,35165419.89380834,35167331.80804582,MultiPolygon
Chamblon,1684882,5904,2224,22,0.99825347124023,0.008612260917928587,3.4611473404749726,0.17479800006341648,2859901.4988175165,2859655.1966384426,MultiPolygon
Curtilles,1684939,5669,2222,22,0.9982962435927689,0.0002604130231322018,3.2624606616413834,0.17052068173510862,4961262.791377575,4961249.871603155,MultiPolygon
Stammheim,9173171,292,102,1,0.9991519090684265,0.01346107669808292,3.9930676043311557,0.08485078185524017,23953803.085951317,23957027.525756825,MultiPolygon
Zufikon,1684474,4083,1903,19,0.9963092617819694,0.0005851292743437172,9.215153854734329,0.36975724017114664,4806350.209377073,4806378.332739175,MultiPolygon
Oberrieden,1682178,137,106,1,0.998121655020495,0.038106736150259043,5.504765579034147,0.18804689521948068,2790833.2975980076,2791896.793079117,MultiPolygon
Schönenbuch,1683705,2774,1301,13,0.9970363659803305,0.0742095101291588,12.957934375578944,0.2966930819080475,1345542.1966671613,1344543.6763944335,MultiPolygon
Auenstein,1684258,4091,1904,19,0.9971509665145208,0.08140560287201064,9.07904929270333,0.2854259061741601,5681954.403080956,5686579.832317697,MultiPolygon
Willadingen,1682726,423,245,2,0.9979278647519749,0.057191244552878516,3.242522174700938,0.20736911923635576,2167171.9264690205,2165932.4938726723,MultiPolygon
Beatenberg,1682372,571,250,2,0.9911999478989862,0.24290598167432423,211.33535692917533,0.8828208522017631,29246711.429226868,29175669.417722248,MultiPolygon
Fribourg,1683318,2196,1004,10,0.9993277295535558,0.026049330219194273,8.935543827363976,0.06725840866216759,9284601.629681434,9287020.206219487,MultiPolygon
Eppenberg-Wöschnau,1683499,2574,1108,11,0.9972417323814333,0.02857170809907332,3.5823830675366404,0.2761682305919573,1811605.7130058534,1811088.1063096272,MultiPolygon
Crésuz,1683305,2130,1003,10,0.9999923644128985,0.00013651669385855085,0.007342062746868895,0.0007635611041151407,1793803.912773548,1793801.463931752,MultiPolygon
Attiswil,1682367,971,244,2,0.9986718483733577,0.010187480034511164,3.273289242471748,0.13291019036614132,7646854.699845676,7647633.721641491,MultiPolygon
Remaufens,1683386,2333,1007,10,0.9984328416774454,0.025282610798283554,3.3969400623835733,0.15681890135162257,5906956.123727511,5905462.691000723,MultiPolygon
Préverenges,1685111,5643,2227,22,0.9996338905882735,0.005235873046107634,3.9902387085280164,0.036618602831444254,10121850.134411823,10122380.101634778,MultiPolygon
Fischenthal,1682122,114,105,1,0.9984720603867836,0.05344705623361048,17.37804873490482,0.15295164369620004,30241253.655271567,30257416.71511845,MultiPolygon
Ligerz,1682534,740,242,2,0.9907006414458728,0.29890388873244256,21.539086605010375,0.9356762571329191,1792289.0273165277,1797646.2489165016,MultiPolygon
La Verrerie,1683347,2338,1007,10,0.9989564431408585,0.007167748075149263,3.3940128002268453,0.10441390681484447,13432346.972157422,13433309.768948967,MultiPolygon
Les Genevez (JU),1685613,6748,2602,26,0.9982618355119741,0.06308136483918536,9.058455867700527,0.17391277040939948,13635132.311671255,13626531.084111424,MultiPolygon
Alto Malcantone,1684613,5237,2105,21,0.9974420631747422,0.006339615186658532,25.94170860784572,0.25612937206979797,22058111.297971338,22059509.697345074,MultiPolygon
Ergisch,1685299,6104,2306,23,0.9992421728134361,0.00023980229134904006,20.76338811927911,0.0758115355419878,29533305.92504981,29533376.74659413,MultiPolygon
Aedermannsdorf,1683473,2421,1102,11,0.9987705836347144,0.01968265189048055,15.507514209718282,0.12300514971309473,12916326.503980976,12913784.22839816,MultiPolygon
Arbon,1684500,4401,2011,20,0.9988991079370545,0.010470374280207483,4.686017577938929,0.11015560438585618,6044705.165718943,6045338.068973929,MultiPolygon
Châtel-sur-Montsalvens,1683291,2128,1003,10,0.996666219112219,0.14187397741251984,11.260303872302298,0.33417160460965983,2028777.640225412,2031655.9477564557,MultiPolygon
Oberbipp,1682585,983,244,2,0.9986063223015144,0.01811520130531563,3.433500489463257,0.13947758662559526,8451594.026250059,8453125.049521422,MultiPolygon
Evolène,1685303,6083,2305,23,0.9971394209185931,0.0194729712125703,113.91630351587759,0.28643974792908805,209989325.27943265,209948434.11857152,MultiPolygon
Homburg,1684530,4816,2012,20,0.9989252570181997,0.0003407955001718233,6.06512670302718,0.10753189962302227,24126971.486938927,24126889.263305772,MultiPolygon
Oberburg,1682586,418,245,2,0.9978592771080054,0.06014398428339791,16.849441253812408,0.21423722466304898,14138283.04636945,14129779.7196361,MultiPolygon
Eggiwil,1682427,901,245,2,0.9994700095582216,0.011047476580803418,10.398013537840361,0.05301016408928033,60305136.17997745,60298473.98418094,MultiPolygon
Lindau,1682160,176,108,1,0.9985440497678555,0.009842243854281427,5.433282619247652,0.14570826011067248,11987134.665482003,11988314.468506921,MultiPolygon
Oeschgen,1684394,4175,1906,19,0.9960777197474099,0.03940434214819186,12.531223609157681,0.3930761801652003,4377508.762228953,4379233.6907591885,MultiPolygon
Kaltbrunn,1683899,3313,1726,17,0.998598608039971,8.782228511511088e-05,6.971729282677696,0.14023739824726,18641532.231577456,18641515.86015787,MultiPolygon
Breggia,1684634,5269,2106,21,0.9950240072373775,0.05550813172807722,40.40464629447273,0.4989788378361439,25482686.398337062,25496831.361470904,MultiPolygon
Bister,1685277,6172,2309,23,0.9985545687814226,0.011923314750735202,6.060198895711907,0.1446390375821749,5807362.384718876,5806669.9546230305,MultiPolygon
Bettwil,1684270,4227,1908,19,0.9957000599615767,0.034443043212048774,10.277631893276265,0.4308462588714385,4249487.766888047,4248024.113980207,MultiPolygon
Schwarzenburg,1682656,855,246,2,0.9993251512156134,0.015069941364496733,11.379058453714496,0.06751274385102644,44799731.75525735,44806483.04856432,MultiPolygon
Hasliberg,1682470,783,250,2,0.9955326990187797,0.10868289367576364,83.2341679525827,0.44797347389046743,41735954.7683342,41781314.611679636,MultiPolygon
Wiedlisbach,1682721,995,244,2,0.9984211845187111,0.002757496520233095,7.792826273574324,0.15800410100044454,7504027.252377414,7503820.3290870525,MultiPolygon
Rüfenach,1684410,4112,1904,19,0.9939731117761113,0.05344349097991432,31.607125079938196,0.6043489451859476,4171732.976515843,4169503.4567788327,MultiPolygon
Roggwil (BE),1682623,337,244,2,0.998089575322369,0.009722860886289259,13.019661934329774,0.1912344246418208,7841656.7884009285,7842419.221781645,MultiPolygon
Rudolfstetten-Friedlisberg,1684408,4075,1903,19,0.9965826832704842,0.09613891493543694,19.638682530917308,0.34248112475151204,4903490.951342017,4908205.114336595,MultiPolygon
Matran,1683361,2208,1004,10,0.9980633048107997,0.04884150856115148,6.589983615995016,0.1939045815123859,2912526.6409175675,2913949.162866237,MultiPolygon
Horriwil,1683526,2523,1106,11,0.9978313123823382,0.040609140236958455,3.405193174473215,0.21706009526691558,2637257.8852175814,2636186.917464563,MultiPolygon
Soral,1685533,6639,,25,0.9950121093036782,0.32933034338593253,5.000516835183126,0.499212747062605,2942020.6531265373,2932331.6864071107,MultiPolygon
Bolken,1683485,2514,1106,11,0.9975830281611516,0.03932395369849716,3.1660758551602246,0.24203720488326333,2116382.6446199804,2117214.8899512338,MultiPolygon
Bremgarten bei Bern,1682389,353,246,2,0.9986832907551335,0.003581646089699706,2.9723478485111374,0.13176002730291164,1897819.1234865712,1897887.0966509972,MultiPolygon
Conters im Prättigau,1684065,3881,1849,18,0.999326170405019,0.0008436693193552032,3.778536916863373,0.06740538512505737,18397221.664007094,18397066.4522923,MultiPolygon
Gampelen,1682449,495,243,2,0.9988265037298818,0.016599360543521322,26.831196126737392,0.11742826747259294,10843057.722083462,10844857.600328693,MultiPolygon
Steinhausen,1683148,1708,,9,0.9982590255926236,0.009558064133276737,7.824993771432587,0.17425744979021418,5045759.498372548,5046241.775301414,MultiPolygon
Erlinsbach (AG),1684305,4005,1901,19,0.997520982374564,0.07256787351330264,10.333399726247844,0.24811936015830816,9860889.690806136,9853733.852848025,MultiPolygon
Wolfenschiessen,1683122,1511,,7,0.9995067951036648,0.0023049245067511817,12.900911211889166,0.049332086646997585,92698816.80497496,92696680.16722895,MultiPolygon
Oberdorf (SO),1683561,2553,1107,11,0.9992673073576205,0.01602648714317739,2.883573214151057,0.07329024260420722,11915125.488371916,11913215.912317429,MultiPolygon
Oberwil (BL),1683686,2771,1301,13,0.9987561918640654,0.01644878549507277,10.349645458720303,0.12444797873104824,7885397.348117549,7884100.296022323,MultiPolygon
Trasadingen,1683717,2973,1406,14,0.9913706271726742,0.08956094046479687,26.979880394757025,0.8662886190946761,4142288.4832185465,4138578.610696211,MultiPolygon
Ferrera,1684076,3713,1851,18,0.9990799357222042,0.0026869132596340447,36.77141003745416,0.09205000980877001,75463804.36961639,75465832.01658222,MultiPolygon
Silvaplana,1684170,3790,1846,18,0.9992378427441123,0.011271460436415665,30.61789329259251,0.07624907779539167,44774281.38274042,44779328.09815217,MultiPolygon
Niederbüren,1683912,3422,1728,17,0.9990089486572733,0.006745654084553129,6.7521127076850895,0.09915761205957815,15836640.817894926,15837709.102903115,MultiPolygon
Campo (Vallemaggia),1684646,5307,2108,21,0.9947759043711025,0.08187486591382287,65.1890027096821,0.5235632741309493,43304786.202904545,43269330.46726665,MultiPolygon
Dallenwil,1683064,1503,,7,0.9992838017825912,0.0005876856785562698,3.309079682329407,0.07164568844782869,15474864.764957936,15474955.708521936,MultiPolygon
Spiez,1682672,768,249,2,0.9955881052292631,0.039398219607154596,56.374309891258726,0.44207776696829176,16727941.10190558,16721350.590934496,MultiPolygon
Soyhières,1685631,6724,2601,26,0.9954575790325434,0.06550360107484648,18.7923627128478,0.4551270135249124,7506142.949481626,7501226.15554789,MultiPolygon
Oberglatt,1682177,92,104,1,0.9983118704261336,0.0088848525543736,3.932207608059979,0.1689480611045453,8248507.489605781,8247774.621877393,MultiPolygon
Blauen,1683627,2781,1302,13,0.9987137707136614,0.0032488040303142347,16.60063528650705,0.1287036104570169,7124678.628359681,7124447.161513256,MultiPolygon
Niedermuhlern,1682576,877,246,2,0.9991101583913642,0.009080730721090807,24.1626844630057,0.08901972738628904,7256970.882356068,7256311.896371733,MultiPolygon
Tobel-Tägerschen,1684563,4776,2014,20,0.9980105024515612,0.00919826756057986,3.603717321493821,0.19913869785405783,7105394.047773548,7104740.474617801,MultiPolygon
Himmelried,1683522,2618,1110,11,0.998146305946794,0.043336586713502295,13.015773637759795,0.1855011701420062,6025069.712063925,6022458.652503608,MultiPolygon
Orzens,1685087,5925,2224,22,0.9984130838740151,0.012298503491780664,3.401053290274007,0.15882739382129152,4195805.336833474,4196321.358099333,MultiPolygon
Schüpfheim,1682921,1008,316,3,0.9993139818989603,0.002503972256110887,3.5178404271616097,0.06862449004033246,38377680.26232812,38376719.29586181,MultiPolygon
Dürrenroth,1682426,952,245,2,0.9980717016866442,0.0677568231139052,62.85207943873062,0.19295053674888732,14134236.811003428,14124659.901168896,MultiPolygon
Balsthal,1683478,2422,1102,11,0.9991999253032323,0.002876420553065932,3.553831127737462,0.08004063959757635,15708871.97212262,15709323.825344682,MultiPolygon
Rütschelen,1682640,340,244,2,0.9980480442853321,0.01890023663743797,3.549226028865037,0.19540472836725042,3980966.4760274594,3981718.8881118856,MultiPolygon
Stocken-Höfen,3411388,770,247,2,0.9984511283087184,0.03744845067874879,53.556123910948386,0.1549781883698866,14224491.738158932,14219164.886386065,MultiPolygon
Leytron,1685330,6135,2307,23,0.9992909147670508,0.017829515768807033,6.248623004977672,0.07093999586981672,26824568.807844214,26829351.498569723,MultiPolygon
Lavizzara,1684694,5323,2108,21,0.9988527815272058,0.006414172208280916,61.97954950662966,0.11478400921883557,187528920.01505142,187516891.58718133,MultiPolygon
Trimmis,1684191,3945,1845,18,0.9994509384334135,0.008333415555700635,9.555519476521491,0.0549189458206354,42874171.37551517,42870598.492648385,MultiPolygon
Büren an der Aare,1682406,383,243,2,0.9966163504362744,0.15698988604536918,26.38569713714292,0.3392044302133522,12602984.595199166,12622770.006353484,MultiPolygon
Ardon,1685268,6021,2302,23,0.9988521761751594,0.022671223273411204,13.300033953006443,0.11486131404550343,20393716.690171827,20398340.195216402,MultiPolygon
Langnau im Emmental,1682525,902,245,2,0.9993769234711535,0.001038558039720771,13.509971639696959,0.062327393803375084,48362679.60940148,48363181.88389879,MultiPolygon
Sempach,1682922,1102,314,3,0.9992881133384591,0.02266340246385041,3.662020833835217,0.07120594454812311,11676584.022762777,11673937.711531669,MultiPolygon
Bourrignon,1685576,6703,2601,26,0.996451740010438,0.029572273431800116,14.321883399014014,0.3554040669142261,13552536.289746879,13548528.49665833,MultiPolygon
Pratteln,1683690,2831,1303,13,0.9986282754132696,0.00029471677882787935,9.909543695069466,0.13726680693512705,10705946.792895548,10705978.34511708,MultiPolygon
Breitenbach,1683487,2613,1110,11,0.9988462624052096,0.0015277831801046003,3.534975371487617,0.11544123525601216,6801236.89175505,6801340.799908321,MultiPolygon
Sargans,1683931,3296,1725,17,0.9983791970221819,0.06287194321713067,16.25917717329608,0.16216076158812973,9463888.813581197,9457938.68278019,MultiPolygon
Schwarzhäusern,1682657,341,244,2,0.9979858069044142,0.07048699565768353,5.211646916259559,0.20169342151707673,3794115.9365993054,3796790.2949347836,MultiPolygon
Rüschlikon,1682200,139,106,1,0.9984105971756644,0.040030875612091774,3.718408306948016,0.15909853085414535,2933124.232283526,2934298.3875964996,MultiPolygon
Wilen (TG),1684571,4786,2014,20,0.9963521550460986,0.018203432660921663,8.621594267060175,0.36541778745615583,2250496.6773585305,2250087.009711331,MultiPolygon
Lens,1685326,6240,2311,23,0.9986128751825954,0.007651827176883348,5.421033613456274,0.13880344357153723,13979548.882160706,13978479.191240136,MultiPolygon
Lamone,1684692,5189,2105,21,0.9925522969952513,0.3283577806562077,71.42212115394535,0.7463267548674166,1863411.6694563066,1857293.012253991,MultiPolygon
Schwaderloch,1684422,4176,1906,19,0.9930215689934508,0.13281599925086077,17.942748056814793,0.7007515976370157,2771243.1760758464,2774923.830391823,MultiPolygon
Rorschach,1683927,3215,1722,17,0.9963994768844315,0.014597515457861362,10.964199119172502,0.36072799564615815,1791417.9948315632,1791679.4973502737,MultiPolygon
Porza,1684741,5214,2105,21,0.9999907148783557,0.00013283188264549516,0.01515878147380868,0.0009285170916524268,1562098.6445509687,1562100.719516007,MultiPolygon
Gals,1682448,494,243,2,0.9961421556692336,0.2542121554447057,80.57260520925637,0.3870213225454636,7845849.133676103,7865794.235871761,MultiPolygon
Grancia,1684683,5186,2105,21,0.9967729411417168,0.04544066625899352,2.9753317052263726,0.3231539844400829,612286.9311079265,612008.7038470143,MultiPolygon
Schönholzerswilen,1684556,4756,2015,20,0.9978632659589519,0.004968650209731925,7.432389389645255,0.2138966158528835,10933172.260497471,10932629.02941102,MultiPolygon
Prangins,1685107,5725,2228,22,0.9984370747557685,0.055069172603194286,56.439011254209206,0.15637168855282185,11567363.10920291,11560993.058046665,MultiPolygon
Rumisberg,1682629,987,244,2,0.9979897307055914,0.016398855542668695,7.792826273574324,0.2012126922314532,5136585.444619025,5135743.103392136,MultiPolygon
Semsales,1683398,2336,1007,10,0.9993074560484987,0.005853304370211475,13.798273025191998,0.0692804118505127,29358937.61156059,29360656.079538856,MultiPolygon
Wolfwil,1683591,2408,1101,11,0.997985694157071,0.041806425292642876,21.78073246105538,0.20159151231009834,6882176.233459868,6879299.041594318,MultiPolygon
Rafz,1682190,67,103,1,0.9989639410083045,0.001579982792632148,3.8828790410354963,0.10365877899678444,10683961.909341374,10683793.104581635,MultiPolygon
Heimberg,1682472,928,247,2,0.997748472280853,0.04979782533013144,8.457338957650913,0.2254626502098165,5435082.055563687,5437788.608232266,MultiPolygon
Villars-le-Terroir,1685189,5537,2223,22,0.9977627815011391,0.0013244756350839434,32.72188321821668,0.2239738707002029,7092634.989759526,7092728.929981851,MultiPolygon
Ollon,1685077,5409,2221,22,0.9995032375634227,0.007329416660238084,4.315315587578455,0.04968676442726255,59556698.86102713,59552333.70241852,MultiPolygon
Lommiswil,1683542,2551,1107,11,0.9987587175054141,0.0021902944631688945,3.254991326675955,0.12420669664486379,5756276.016331948,5756402.095726819,MultiPolygon
Lugano,2888417,5192,2105,21,0.9724378145677246,2.578911986429042,1172.4852855292322,2.8307698704619964,86207956.7069231,88431184.0356935,MultiPolygon
Collonges,1685292,6211,2310,23,0.9989285229852505,0.008134250681369162,3.852694793434256,0.107200775227053,12206901.035579074,12205908.095648414,MultiPolygon
Hölstein,1683659,2886,1305,13,0.9986484228619277,0.007335818787839386,3.278953235287181,0.13524415279711194,6024856.982443991,6024415.009853533,MultiPolygon
Koblenz,1684343,4310,1911,19,0.9954518730533075,0.12745478421868603,13.11249333021889,0.4555588240818059,4075634.65024353,4070440.05889452,MultiPolygon
Fieschertal,1685306,6058,2304,23,0.9984953355719254,0.05720503724781824,68.75359113607912,0.15062279838320758,172824151.27052847,172923015.390636,MultiPolygon
Vico Morcote,1684771,5233,2105,21,0.9999901996332458,0.00023045685740684073,0.01168964363270385,0.0009800426071171348,2446164.245027543,2446169.882380789,MultiPolygon
Herbetswil,1683519,2424,1102,11,0.9992245635274046,0.008216596850286764,3.4330001097662417,0.0775769109671257,16295917.893469693,16297256.863346053,MultiPolygon
Goldach,1683885,3213,1722,17,0.9973992354923722,0.07720659822517927,22.25312236648542,0.2603145611083359,4723643.713392522,4719996.748769134,MultiPolygon
Neftenbach,1682170,223,110,1,0.9990669013705941,0.005807738335015867,4.973690430917598,0.09335612777447555,15068212.61719198,15069087.73955255,MultiPolygon
Volken,1682226,43,102,1,0.9976478714005689,0.01917018881752652,3.7471133243099577,0.23546723918222495,3202426.951053364,3201813.039760104,MultiPolygon
Tschugg,1682693,501,243,2,0.9958031760363592,0.17231615624124227,13.751497689087984,0.4209272654683283,3288171.9210070376,3293837.972471921,MultiPolygon
Laténa,18488711,6513,,24,0.9901423530048659,0.1627997703730661,596.6186600925171,0.9898410399563724,26105033.590397697,26062534.655656718,MultiPolygon
Pontresina,1684131,3784,1846,18,0.9990781538741322,0.020935310556311624,75.14442665999024,0.09223677621173189,118178624.27850038,118203365.34050426,MultiPolygon
Stansstad,1683113,1510,,7,0.9991370786904055,0.022526010454779706,29.61635256803631,0.0863391019721772,17130203.9624598,17134062.713995308,MultiPolygon
Nendaz,1685346,6024,2302,23,0.9981072825494974,0.00016859470325295535,47.46179731918837,0.18945087398648622,85933037.15911417,85932892.28056517,MultiPolygon
Tenniken,1683712,2863,1304,13,0.9984215120314766,0.023660017014672158,3.51878165077155,0.1579921647440429,4672569.841688711,4673675.372508277,MultiPolygon
Le Mouret,1683352,2220,1004,10,0.9994482402766003,0.0017865654821011588,13.034804811439313,0.05519070546656029,18560798.33572526,18560466.73490899,MultiPolygon
Zunzgen,1683726,2869,1304,13,0.9988116793887604,0.018735522449273994,3.51878165077155,0.11889156987168693,6858044.597734956,6856759.707249766,MultiPolygon
Gündlischwand,1682466,578,250,2,0.9907566717573205,0.30284875300279673,63.839681524497465,0.9300307793687118,16691840.53611138,16742391.56702821,MultiPolygon
Gurbrü,1682463,665,246,2,0.9977432808428831,0.02436957425181168,3.131482087537136,0.22595437113317762,1861076.2383428833,1861529.774698669,MultiPolygon
Hüttikon,1682149,87,104,1,0.9959610718045627,0.04997736869560378,3.8953550448479546,0.404811248828882,1589128.0086720155,1589922.2130359546,MultiPolygon
Genolier,1684982,5718,2228,22,0.9958058704210405,0.17008914318663665,59.09942101463206,0.4206517798853527,4864169.411948919,4872442.83602485,MultiPolygon
Val-de-Ruz,2761758,6487,,24,0.9995199047421419,0.013327117939649857,32.79095742529122,0.048024253036957176,124305512.1986031,124322078.54081929,MultiPolygon
Marthalen,1682162,35,102,1,0.9984237764864895,0.0185408560657007,13.697831318004305,0.15773204956704218,14130448.163272673,14127828.257217282,MultiPolygon
Würenlingen,1684468,4047,1902,19,0.9968983361061152,0.08355730362726131,9.454330396680726,0.31077793707758056,9373865.099841582,9381697.648764666,MultiPolygon
Ferenbalm,1682440,662,246,2,0.9897493428455423,0.39717103204614357,165.75310212715866,1.032392699290972,9130549.759061314,9166813.657770865,MultiPolygon
Felsberg,1684075,3731,1844,18,0.9990463514509785,0.00891909764794373,3.4013150527111224,0.09540609400135823,13396297.186525673,13395102.357698398,MultiPolygon
Unterkulm,1684447,4146,1905,19,0.9971239891665237,0.036756521094260246,10.865955760157748,0.28806818303185056,8883220.690610556,8886485.85349755,MultiPolygon
Suchy,1685155,5929,2224,22,0.9988525285203349,0.00934903798636914,3.4762377321102176,0.11480765334319423,6637361.714061489,6636741.184593549,MultiPolygon
Mathod,1685044,5919,2224,22,0.998965526150535,0.01649898587472317,9.25110145480936,0.10350945774479377,6585902.011268,6586988.618310562,MultiPolygon
Wohlen bei Bern,1682728,360,246,2,0.9996134821966306,0.0010539420944565333,9.734805640505812,0.038659047858415056,36318493.526544124,36318110.750652775,MultiPolygon
Wattenwil,1682718,886,247,2,0.9991617312949695,0.00431334239000887,2.984194323744464,0.08386021132850667,14536566.90626317,14535939.89436075,MultiPolygon
Wittenbach,1683967,3204,1721,17,0.9977403118946182,0.03566777068559332,20.81142024726601,0.22626475344252353,12198819.683301724,12203170.730332714,MultiPolygon
Vullierens,1685204,5654,2227,22,0.9987026270502658,0.0015054549108185242,3.113889773891955,0.1298224856322496,6844381.549851414,6844484.588929571,MultiPolygon
Moosseedorf,1682558,544,246,2,0.9993997114352835,0.008155951509221465,4.110070648342482,0.06004932789630731,6378615.705709045,6379135.942512962,MultiPolygon
Wil (ZH),1682239,71,103,1,0.9975165011433057,0.08056131574203636,16.71137269544103,0.24875881875814662,8937786.203993676,8944986.602157824,MultiPolygon
Haute-Ajoie,1685603,6809,2603,26,0.9982449893158717,0.04882866542381099,26.897933326240683,0.17569809184202484,40927950.39587098,40947934.96783461,MultiPolygon
Albinen,1685265,6102,2306,23,0.9978842913919841,0.008437544285690294,31.732826439320917,0.21178597381302564,15555825.123430435,15554512.59379664,MultiPolygon
Gächlingen,1683653,2901,1401,14,0.9857651278472603,0.2380968993489184,33.61596183684696,1.4353982097370837,7129982.036421339,7146958.302574193,MultiPolygon
Corcelles (BE),1682411,687,241,2,0.9982356735323494,0.021398303315603048,6.307069415037631,0.17656953311909415,6787636.177221323,6786183.738244162,MultiPolygon
Freienbach,1683073,1322,503,5,0.9982868747985331,0.00018502809409678175,16.093759813359448,0.1714592272202822,20691618.807746142,20691580.522438224,MultiPolygon
L'Abbaye,1685007,5871,2224,22,0.9993673273213011,0.004257387149940904,3.7009711070079394,0.06328594074655487,36274877.67158516,36273333.30960451,MultiPolygon
Furna,1684083,3862,1849,18,0.9993749737090605,0.0013058053455506115,3.6196209301426805,0.0625225763022537,33317045.232035946,33317480.287793566,MultiPolygon
Lotzwil,1682538,331,244,2,0.9956156445361832,0.21012886050310234,26.089194064574354,0.43893713478541363,6222105.351147498,6209030.912073829,MultiPolygon
Courchavon,1685588,6783,2603,26,0.996244650905199,0.10238771351424977,8.527526645180547,0.37604875585391234,6193841.13456206,6187499.402245677,MultiPolygon
Neerach,1682169,88,104,1,0.9981449137323478,0.010204857771066726,4.352760131839077,0.18567137953263776,6042074.529490421,6041457.944378264,MultiPolygon
Densbüren,1684291,4004,1901,19,0.9969792006833362,0.09481757472825823,12.077196122602382,0.30239345420369146,12524574.303823404,12512698.80622348,MultiPolygon
Pomy,1685105,5926,2224,22,0.9952109344751382,0.11253375398061637,17.69953017890473,0.48032617500948693,5617158.460263436,5623479.65954581,MultiPolygon
Mühlau,1684376,4235,1908,19,0.9959666410019893,0.026393614524493406,13.232370927041915,0.4042042777428306,5522303.474468043,5523761.009959967,MultiPolygon
Vallorbe,1685174,5764,2224,22,0.9979010960370175,0.0028250424336425306,32.07162720347549,0.2101079297351744,23195818.36874328,23195163.077031534,MultiPolygon
Marbach (SG),1683905,3253,1723,17,0.9986114821764832,0.0093715472570431,2.7275738458482253,0.13895475921180914,4380546.804815373,4380957.329829304,MultiPolygon
Hemmiken,1683656,2848,1304,13,0.9984405593787095,0.02370794857521896,2.9927048359524,0.15604724977024553,3390706.5661864053,3389902.699217357,MultiPolygon
Eggenwil,1684298,4066,1903,19,0.9936297096044738,0.0195883949831724,11.886856238156012,0.6391271441890181,2460369.781528433,2460851.7284792853,MultiPolygon
Kandergrund,1682501,564,249,2,0.9996722030349231,0.0001800832636963626,4.0189992545795565,0.032785099451123505,32089378.136521332,32089435.92412078,MultiPolygon
Zuoz,1684213,3791,1846,18,0.9987093106858235,0.006306639655093763,24.562757060746858,0.12915635173488244,65783192.77695696,65787341.48587902,MultiPolygon
Silenen,1683108,1216,,4,0.9997162797321139,0.00046212033949325794,14.617975284512436,0.028376117784983848,144785269.5581888,144785938.640368,MultiPolygon
Birr,1684273,4092,1904,19,0.9966685542882342,0.024416459516536974,11.860514657520065,0.33374116251363223,5046965.322665947,5048197.612910769,MultiPolygon
Besenbüren,1684269,4226,1908,19,0.9908380037944812,0.029763077566143836,15.857173192414995,0.9205530167771256,2379992.3870620294,2380700.746042259,MultiPolygon
Burgistein,1682398,863,247,2,0.9989625488232047,0.0006661817070276891,3.4084849107953152,0.1037993066013859,7524667.535447064,7524717.6634057,MultiPolygon
Rueyres,1685132,5534,2223,22,0.9952818994260124,0.068416479007258,9.428334121481319,0.47308749249807003,2003715.0521544118,2005085.9234424343,MultiPolygon
Medel (Lucmagn),1684117,3983,1850,18,0.9997353176451559,0.000531072100113549,3.5308124409157453,0.0264716684936388,136222913.41529557,136222189.97340846,MultiPolygon
Cazis,1684061,3661,1851,18,0.9993216841003387,0.0031921391764096305,3.654285871582752,0.06785568640092783,31176551.25086394,31177546.44977027,MultiPolygon
Hermrigen,1682478,737,243,2,0.9925814425306612,0.2699844605943884,14.86872576426075,0.7456229177852927,3417670.6815635543,3426897.8613180663,MultiPolygon
Ellikon an der Thur,1682116,218,110,1,0.9987237133138802,0.04809350716286895,6.088582090030829,0.1277408761531478,5017339.789572532,5019752.804243616,MultiPolygon
Buochs,1683062,1502,,7,0.9935456586405983,0.5356963386487845,17.413866542833016,0.6492581864403046,12044655.096929142,12109177.873286266,MultiPolygon
Billens-Hennens,1683275,2063,1002,10,0.998609655575336,0.008268585082494494,3.502976415366706,0.13913691467384973,4894179.638694339,4894584.318101855,MultiPolygon
Ponte Capriasca,1684739,5212,2105,21,0.999992086181804,0.0001383128531144682,0.01560174667609858,0.0007913844038457614,6165475.291824291,6165466.764179507,MultiPolygon
Küsnacht (ZH),1682157,154,107,1,0.9987135968322493,0.008415433553607729,3.645861755599515,0.12871769538094133,12365586.335753998,12364545.718052398,MultiPolygon
Chur,1684063,3901,1848,18,0.9994215222966221,0.00016835974787645025,9.555519476521491,0.05786455571153977,81988627.48225705,81988765.51810357,MultiPolygon
Schänis,1683936,3315,1726,17,0.9993557239924005,0.0036837782459614673,6.971729282677696,0.06444954909400515,39904596.99474645,39906066.99160968,MultiPolygon
Vétroz,1685403,6025,2302,23,0.9978621894528831,0.024362038211511807,13.300033953006443,0.2139837423513332,10433332.449269524,10430790.676831499,MultiPolygon
Brissago,1684637,5097,2104,21,0.988453640124249,0.8207002940159003,151.29576195430727,1.156575052995274,23787987.992934063,23592759.905535586,MultiPolygon
Bürglen (UR),1683063,1205,,4,0.9988532159571101,0.006932760503280281,44.68549627567277,0.11474022022614906,53064560.787228055,53060881.94831656,MultiPolygon
Riemenstalden,1683097,1369,506,5,0.9960518467230249,0.15583502426094867,33.67313419540371,0.3952880262746341,11203047.92478441,11185589.652332857,MultiPolygon
Eschert,1682435,692,241,2,0.9971756384897329,0.01168716159910006,30.976143520329938,0.28281903824486165,6584026.3927304605,6583256.906926215,MultiPolygon
Seftigen,1682663,883,247,2,0.9986655357161653,0.009299226931766621,3.1829241777476147,0.1335293186936829,3894547.138430477,3894184.97565411,MultiPolygon
Matzingen,1684542,4591,2012,20,0.9969778011714361,0.026501781748887534,26.61118346521242,0.3026371508509357,7683045.467451511,7681009.323510059,MultiPolygon
Dottikon,1684294,4065,1903,19,0.9929131706019971,0.11715944914393328,16.011192966915264,0.7107864062858658,3885302.341972488,3880750.3431510567,MultiPolygon
Oberengstringen,1682176,245,111,1,0.9979054028535188,0.015083968755101875,6.996072122446159,0.20966349751091645,2153104.3863600558,2152779.6127671525,MultiPolygon
Bichelsee-Balterswil,1684505,4721,2014,20,0.9979261479409711,0.029851973592616984,47.84450735980687,0.20763145865542246,12258327.280685946,12261986.633308673,MultiPolygon
Nusshof,1683683,2854,1304,13,0.9973364679223902,0.05876261200250272,2.891682067668013,0.2667867633628924,1721449.2702934889,1722460.8388490113,MultiPolygon
Wachseldorn,1682709,946,247,2,0.9982599926266684,0.02169435358637308,3.7376638470411856,0.17413335983049455,3513242.515221553,3512480.339967954,MultiPolygon
Meienried,1682549,389,243,2,0.9976069836587667,0.21939363245810467,3.4391299811086355,0.2393254827450497,652534.2016865119,651102.5831984003,MultiPolygon
Moiry,1685050,5490,2227,22,0.9985356474045777,0.010261662639705498,5.637104964598223,0.14653503567592707,6664319.800490081,6663635.930474924,MultiPolygon
Vandoeuvres,1685538,6642,,25,0.9985418190898172,0.015888590949961624,3.5977087213507115,0.14591289049398254,4419865.130156941,4419162.87586587,MultiPolygon
Lichtensteig,1683902,3374,1727,17,0.9970393560969112,0.015558978680064162,4.596821028126476,0.2965263771117665,2820085.8737140275,2820524.650273878,MultiPolygon
Saas-Balen,1685361,6289,2313,23,0.996020105351948,0.1096552853307328,50.56477927474972,0.3990016653431008,30204370.204425212,30237490.892755225,MultiPolygon
Hagenbuch,1682132,220,110,1,0.9983536443748593,0.02599550388187505,4.577353829860607,0.16474978195714676,8126281.233291013,8124168.765537561,MultiPolygon
Nyon,1685074,5724,2228,22,0.998766284917795,0.035978237248107635,11.50655875963485,0.12342545069354538,11437965.199597603,11433850.021341735,MultiPolygon
Gommiswald,2754666,3341,1726,17,0.9992706900825684,0.0035993012190999834,16.305885042160188,0.07295890907439205,33585876.97166247,33587085.828541756,MultiPolygon
Oltingen,1683687,2855,1304,13,0.9985696183299142,0.004762686151867969,3.580966604099816,0.14314394847799367,7178481.214065521,7178823.102596218,MultiPolygon
Diepflingen,1683641,2845,1304,13,0.9984089266264679,0.017821782912527815,2.268067664584638,0.15924820302318,1437158.0848799583,1437414.2120739555,MultiPolygon
Val Mara,14040250,5240,2105,21,0.9954600914472326,0.13549873316723818,45.68593928492647,0.4547154626568414,12521678.827401666,12504712.111219266,MultiPolygon
Céligny,1685478,6610,,25,0.9980046477250647,0.04725012378534703,20.7595009048126,0.1996873104371401,8587388.645366432,8583331.093601568,MultiPolygon
Niederhünigen,1682575,617,246,2,0.9983953352869135,0.04574518440113934,7.474676186182303,0.1606320544450763,5418483.73802166,5420962.433399363,MultiPolygon
Veytaux,1685179,5891,2230,22,0.9986127047647829,0.05376628052364409,8.851157527394399,0.13886314046084,9609239.472614754,9614406.003265789,MultiPolygon
Celerina/Schlarigna,1684062,3782,1846,18,0.9990773898964982,0.0014863359602729402,3.755542946267686,0.0923029044919623,24024886.98694808,24024529.89641338,MultiPolygon
Ependes (VD),1684960,5914,2224,22,0.9988839102443169,0.0015656646931136483,3.314974950391534,0.1116704189623874,4810987.799377189,4810912.475439824,MultiPolygon
Plateau de Diesse,3411353,726,241,2,0.9993446267905404,0.01290145919550146,3.8998652540795895,0.06555457466654603,25549799.702892717,25546503.405909516,MultiPolygon
Riggisberg,1682620,879,246,2,0.9993405110877943,0.0012534901069978814,2.99152216824983,0.06597105814268063,34505353.29008638,34505785.81127626,MultiPolygon
Graben,1682454,976,244,2,0.9983814723229223,0.002953502283320048,2.9851910643743107,0.1619862474827854,3160025.0222669775,3160118.3536781636,MultiPolygon
Bellinzona,1684625,5002,2101,21,0.997472020990015,0.04164717377179529,53.46173597498201,0.2531705475042755,164200415.25660336,164268800.0888793,MultiPolygon
Cologny,1685470,6617,,25,0.9987352610936101,0.028246793991760714,5.032556227249177,0.12657179318430858,7432260.346162854,7434359.721431766,MultiPolygon
Schneisingen,1684420,4318,1911,19,0.9967225558304723,0.008607224804929713,15.54089417549311,0.3282965085410375,8259374.483742466,8260085.386671763,MultiPolygon
Doppleschwand,1682824,1001,316,3,0.9986724132561947,0.005406659369460404,3.3666710141044933,0.13284326595525206,6944688.48155646,6944313.005905992,MultiPolygon
Chavannes-le-Veyron,1684892,5475,2227,22,0.9964289514300899,0.05655456774728952,32.302027576581345,0.3578447770848613,2644803.208234361,2646298.9652565443,MultiPolygon
Münchenstein,1683678,2769,1301,13,0.9987020059006723,0.0008843540843234169,3.492284732196741,0.1298842783894908,7191623.625978039,7191687.225395304,MultiPolygon
Prilly,1685109,5589,2229,22,0.9972879949509904,0.013352291086556799,5.248258303416079,0.2715506224902332,2202502.5698625497,2202208.4853082327,MultiPolygon
Stein am Rhein,1683709,2964,1405,14,0.9976785389589853,0.032103031785975567,20.054292425032642,0.23245318257386455,6051215.89604161,6053158.5198041545,MultiPolygon
Cressier (FR),1683304,2257,1005,10,0.998547607438989,0.008090233068683929,2.947049645964665,0.14535068432450737,4168915.716059992,4169252.9910578583,MultiPolygon
Fehren,1683503,2616,1110,11,0.9978150704285232,0.0563672993712046,3.5212492396378425,0.21867026742477466,1476419.9630669856,1475587.7450064274,MultiPolygon
Chippis,1685290,6235,2311,23,0.9971798673141191,0.02004221468301944,3.928580971266433,0.28243978827984195,1971903.5549390165,1972298.7680828394,MultiPolygon
Meyriez,1683362,2271,1005,10,0.999432774035176,0.017713555369952394,2.268697388374296,0.05674371353048159,1847526.408074685,1847853.6706879537,MultiPolygon
Arosa,1684041,3921,1848,18,0.9995523193279623,0.0007585577336342953,22.230333500068934,0.04477792051278982,154785638.17824426,154784464.0398153,MultiPolygon
La Chaux-du-Milieu,1685496,6435,,24,0.9993482480327559,0.030281016229097332,2.9352666241580634,0.06520631375202214,17307393.585228875,17312634.439889252,MultiPolygon
Oeschenbach,1682599,335,244,2,0.9979586999840621,0.02368432954049539,5.880553715996905,0.20431436163754285,3914898.2384034465,3913971.021003488,MultiPolygon
Küblis,1684095,3882,1849,18,0.9975729570329405,0.004931057375506767,51.14943466542214,0.24300517264758786,8141155.3089468945,8141556.753986208,MultiPolygon
Plaffeien,1683378,2299,1006,10,0.9958534078901169,0.058296139314415005,87.19844515911574,0.41564182469977384,66513032.83232887,66551807.36261105,MultiPolygon
Wünnewil-Flamatt,1683431,2309,1006,10,0.9989388531950557,0.00922921905357502,12.241506244923016,0.1061759113870451,13266405.527596043,13267629.91322272,MultiPolygon
Oberhofen am Thunersee,1682588,934,247,2,0.9989207117405735,0.004496745118542254,2.8555950539370523,0.10798952849974122,2711878.6447179415,2712000.5909885187,MultiPolygon
Thalheim (AG),1684438,4117,1904,19,0.9956447740490703,0.06047510508922096,26.52551225518148,0.43634108572919034,9916534.802285984,9910537.767443093,MultiPolygon
Fontaines-sur-Grandson,1684975,5557,2224,22,0.9948980153653479,0.12511169333732983,15.775788218126463,0.5118232796882058,7857022.285285691,7866852.338912703,MultiPolygon
Le Bémont (JU),1685607,6741,2602,26,0.9951466421653552,0.042875276352635446,70.31206262393493,0.4864121049354921,11680432.711525343,11675424.693721093,MultiPolygon
Schübelbach,1683104,1346,505,5,0.9990893760435826,0.002972379306212287,6.772193362607849,0.09110252235146167,29009996.151586417,29009133.864464074,MultiPolygon
Hohentannen,1684529,4495,2015,20,0.9985026790538946,0.004532364366966704,7.061276263453713,0.14984767284226122,8006237.252500001,8006600.124344368,MultiPolygon
Ersigen,5817429,405,245,2,0.9991073889618026,0.017451020473310794,7.570351584889636,0.0892931673662598,15457696.630702501,15454999.104898775,MultiPolygon
Deisswil bei Münchenbuchsee,1682418,535,246,2,0.9976867869027289,0.10302024185831309,6.053602756474085,0.23146987541441047,2159112.0090580154,2156887.686644292,MultiPolygon
Les Ponts-de-Martel,1685512,6437,,24,0.9992358296976788,0.007836488884420366,3.674803458173996,0.07644324385443195,18174083.466639217,18172659.25660851,MultiPolygon
Obergösgen,1683563,2497,1105,11,0.9984303073864367,0.00888587115376873,3.3918841904816084,0.15709953438880095,3630162.975850379,3630485.547455085,MultiPolygon
Wettingen,1684458,4045,1902,19,0.9968428844571854,0.12498900008801304,11.463935194914315,0.3164083254600292,10595114.425265044,10608357.152843364,MultiPolygon
Beinwil (Freiamt),1684263,4224,1908,19,0.9949894789978839,0.29815094498593503,31.673365416162067,0.5015616971343309,11310089.901464686,11276368.76154471,MultiPolygon
Pregny-Chambésy,1685524,6634,,25,0.9987240638291712,0.023917460376444214,7.328197778713285,0.12769033801974836,6269040.153638183,6270539.548832913,MultiPolygon
Eriswil,1682429,953,244,2,0.9979443605576368,0.04776227432821873,15.597532635646852,0.20572630277999387,11337354.521723527,11331939.5433553,MultiPolygon
Laax,1684097,3575,1850,18,0.9990836993558534,0.009029621255957994,35.921089132993586,0.09166792518026798,31713835.168010026,31710971.528808616,MultiPolygon
Amsoldingen,1682364,921,247,2,0.9986639475782825,0.02605916670580522,2.9434601181370272,0.13371197348105182,4711860.870984065,4713088.742663381,MultiPolygon
Bütschwil-Ganterschwil,2727986,3395,1727,17,0.9988282252934227,0.00025263960456186696,7.6719045411060645,0.11724631180728283,21833818.087532964,21833873.24840464,MultiPolygon
Tegerfelden,1684436,4320,1911,19,0.9936791795684579,0.011026293170305313,16.484176166906074,0.6340510569824097,7113235.2516056355,7112450.9254329,MultiPolygon
Meinier,1685515,6629,,25,0.9985961219963861,0.009529395337801465,3.6092292829287373,0.14047971950126167,6953493.945005128,6952831.3190773185,MultiPolygon
Weinfelden,1684569,4946,2015,20,0.9990865283463904,0.003123013154014398,3.8659072076551255,0.09139033299226378,15480885.509378435,15481368.97946925,MultiPolygon
Basse-Allaine,1685570,6807,2603,26,0.99786417356192,0.043977315872986866,55.62741464107641,0.21385798953880392,23035685.422647584,23045815.89878941,MultiPolygon
Horgen,1682144,295,106,1,0.9992871140486848,0.0007894021259361963,8.76787142926233,0.07131429598840204,30832403.00305326,30832646.394698042,MultiPolygon
Sattel,1683101,1371,506,5,0.9991001855742848,0.00914203548939496,3.5321833400823706,0.09001782917434749,17389964.47570175,17388374.678977787,MultiPolygon
Thörigen,1682685,989,244,2,0.9978372487294687,0.02243127181344628,3.9513735135355263,0.21653353777589457,4547017.1540685175,4548037.107845751,MultiPolygon
Moudon,1685066,5678,2222,22,0.9987477769544949,0.021987079379598474,15.724360400864226,0.12531453178625843,15647078.524206525,15650518.85978223,MultiPolygon
Isérables,1685319,6134,2307,23,0.9957066780359835,0.020993183998226157,26.92150187515859,0.43021064756403515,15256812.515671022,15253609.624947343,MultiPolygon
Troistorrents,1685384,6156,2308,23,0.9993234683208806,0.0038729470673343996,18.76533134516665,0.06767737094006918,36957514.30400594,36958945.64897234,MultiPolygon
Courgenay,1685590,6784,2603,26,0.9982131214024423,0.04141759682792293,14.444083597750126,0.17881061207491838,18437446.1456745,18429809.79856452,MultiPolygon
Bretonnières,1684869,5748,2224,22,0.9975112299155374,0.026968717577711465,11.912355451030512,0.2492206944192991,5448894.732153965,5450364.229185387,MultiPolygon
Schleitheim,1683704,2952,1404,14,0.9965559495357262,0.1268638847050718,44.29528293999896,0.34478030400005,21629632.791036893,21602192.59863074,MultiPolygon
Weggis,1682929,1069,312,3,0.998806966491417,0.008278000746586713,31.629947094810472,0.11937950069675721,25286820.01892712,25288913.262077074,MultiPolygon
Cheseaux-Noréaz,1684898,5909,2224,22,0.9993857929814388,0.005981961424044648,11.145710105949146,0.061441407809299936,13968102.984629707,13968938.551161919,MultiPolygon
Arnex-sur-Orbe,1684835,5743,2224,22,0.9969586810994379,0.06160328770193626,20.393094623334235,0.3045012551457741,7614848.729218484,7610157.732047756,MultiPolygon
Hunzenschwil,1684332,4200,1907,19,0.9959943327262595,0.0001416748795311383,8.406772764630556,0.40137089024511075,3264114.7199830385,3264119.344413636,MultiPolygon
Roggwil (TG),1684551,4431,2011,20,0.9985520228042933,0.0018960928922157193,5.203418704651471,0.14490125367672707,12024748.822648056,12024520.822240323,MultiPolygon
Schlierbach,1682917,1100,314,3,0.9981364192456496,0.036873248356074396,13.931472677113618,0.18649749386740863,7172135.146421549,7169490.547216576,MultiPolygon
Saint-Cergue,1685134,5727,2228,22,0.9990021683167223,0.0016160400148504692,6.26863962027629,0.09983378325192122,24277556.956702437,24277949.291737486,MultiPolygon
Oberbalm,1682584,357,246,2,0.9987407625517368,0.01935598034146754,12.122885621340043,0.1259908841589228,12389778.758605003,12387380.595464136,MultiPolygon
Lupfig,1684355,4104,1904,19,0.9956082954221398,0.10196210577685613,13.436259376898507,0.4403613199217133,8446312.110316226,8454924.14800439,MultiPolygon
Freienwil,1684310,4028,1902,19,0.9939678258021272,0.17772932140402525,11.474501811571141,0.6055799487713696,3991472.239257028,3998566.2557818894,MultiPolygon
Hautemorges,12534686,5656,2227,22,0.9988734686192202,0.03360296268753806,54.983060157677315,0.11273556555018936,32964468.859305255,32975545.897476193,MultiPolygon
Cugnasco-Gerra,1684671,5138,2104,21,0.992609721211861,0.05768338448486399,100.48388592766874,0.7415548793147904,18213150.741006527,18202644.779237784,MultiPolygon
Rickenbach (LU),1682909,1097,314,3,0.9984472533328125,0.020198386443508565,17.398852374339135,0.15537961782191329,11854119.582165005,11851725.241282323,MultiPolygon
Zofingen,1684473,4289,1910,19,0.9964636877214731,0.08825402075940181,19.641178871240243,0.3544139339143522,11078715.339737102,11088492.751472909,MultiPolygon
Gland,1684988,5721,2228,22,0.9987720828960884,0.009830420229921283,56.439011254209206,0.12286110654759115,17272743.5092412,17271045.525969006,MultiPolygon
Damphreux-Lugnez,15071858,6811,2603,26,0.9979811262470717,0.030234054020984318,11.444542870819765,0.20206082357033356,10767896.429924458,10764640.858300911,MultiPolygon
Oberhof,1684386,4173,1906,19,0.9959294497755036,0.07334844446276409,10.298162055182722,0.40803476972505714,8200101.395730499,8206116.042548637,MultiPolygon
Schenkon,1682916,1099,314,3,0.9999956094548988,7.714755114294787e-06,0.015253439977053914,0.00043905545694541634,7710102.815851981,7710102.2210364295,MultiPolygon
Affeltrangen,1684496,4711,2015,20,0.9985436446261547,0.007279741786929152,9.091771039703067,0.1457363584034163,14426932.706316734,14425882.46286794,MultiPolygon
Sisikon,1683110,1217,,4,0.9991697387373887,0.003727062747142823,3.565255867887583,0.08305905940276999,19842638.232753586,19841898.685175963,MultiPolygon
Ossingen,1682185,37,102,1,0.9981225767877575,0.005870173034832761,5.819377388756064,0.18792423828745408,13091870.670210449,13092639.185672287,MultiPolygon
Küssnacht (SZ),1683087,1331,504,5,0.9995194641262375,0.000809595465990212,3.7417216625523855,0.04806533045381114,36197329.76723308,36197622.819173686,MultiPolygon
Inkwil,1682490,980,244,2,0.9982768447944655,0.00035707255350134935,3.032552874655763,0.17246380385836593,3376209.731624463,3376197.676106163,MultiPolygon
Häutligen,1682486,609,246,2,0.9979283043992558,0.027977505949763788,11.783285833499722,0.20735536823846823,3067264.144761058,3066406.0007524625,MultiPolygon
Bettwiesen,1684504,4716,2014,20,0.9975735121977573,0.0037036622195629238,3.5651312657989065,0.24294802888414208,3849293.598894942,3849436.1637276844,MultiPolygon
Senarclens,1685150,5499,2227,22,0.9979410072767516,0.01673640416169573,4.816582563402168,0.20609421550277723,3969806.1546135945,3969141.7518111225,MultiPolygon
Salgesch,1685369,6113,2306,23,0.986848864664672,0.9765808522088865,228.49226480362347,1.3302824694042128,11252830.895960843,11362723.887822242,MultiPolygon
Bad Ragaz,1683862,3291,1725,17,0.998860045785094,0.006174645348830455,6.945976724705753,0.11405691191300954,25395510.120098036,25393942.037413593,MultiPolygon
Schwyz,1683103,1372,506,5,0.9993784746324151,0.00013721633587535797,9.84550091288132,0.062171814797053505,53178091.66797311,53178018.69894423,MultiPolygon
Reichenburg,1683096,1345,505,5,0.9990913655339569,0.013913043041053664,3.2996559387827826,0.09091107000524634,11553380.421850804,11554987.848641593,MultiPolygon
Loveresse,1682539,696,241,2,0.98912036496532,0.027261543913231344,95.42927514949763,1.094063306029308,4685344.996031173,4686622.293414752,MultiPolygon
Valsot,2754686,3764,1843,18,0.99915162415633,0.018419756562472862,61.45799437057669,0.08488140347120336,158948401.90773982,158977679.81643116,MultiPolygon
Syens,1685159,5688,2222,22,0.9973453367778077,0.013023846751718129,3.4340125963017747,0.2658018424435944,2522669.3903290373,2522340.8417335884,MultiPolygon
Bolligen,1682386,352,246,2,0.998625810067838,0.007643765521628901,65.57886564505188,0.13751873363865955,16569589.884908691,16570856.425507389,MultiPolygon
Vouvry,1685401,6159,2308,23,0.9993028279865437,0.00277948714518154,6.293590349475,0.06974054303258319,33511786.500809774,33510855.045011863,MultiPolygon
Niederwil (AG),1684382,4072,1903,19,0.9961248596764231,0.013405633363675437,10.75348334164116,0.3882923503852465,6147830.072071444,6148654.227630728,MultiPolygon
Berg am Irchel,1682089,23,102,1,0.998458854619464,0.01520940984717728,3.8736144488406525,0.15424511508268235,7012482.571064199,7013549.128278894,MultiPolygon
Möhlin,1684373,4254,1909,19,0.9944377771613966,0.08564102230050184,51.28413251704685,0.5575346726801119,18795163.250968184,18779066.881017007,MultiPolygon
Attalens,1683266,2321,1007,10,0.9989741179387821,0.017416666668232987,3.378438215286547,0.10264979313561594,9741487.635926083,9743184.27835616,MultiPolygon
Boniswil,1684276,4192,1907,19,0.9927670750468635,0.11907121449053906,17.28899594153065,0.7254855700758537,2787558.151778999,2784238.9724330455,MultiPolygon
Oftringen,1684395,4280,1910,19,0.9981360806293627,0.0009524313571794609,16.807665783201344,0.18656669733186526,12852308.292662628,12852430.702076929,MultiPolygon
Rhäzüns,1684135,3723,1844,18,0.999139703351796,0.009587416779517239,3.544460161195311,0.08607081204721707,13373756.163367672,13375038.36111013,MultiPolygon
Pierrafortscha,1683377,2216,1004,10,0.9988257915187252,0.01065736807714786,4.979080587050641,0.11748356624133119,5056435.248939582,5055896.36602352,MultiPolygon
Cadempino,1684640,5162,2105,21,0.9999865586416927,0.00026590495753001683,0.015356253727262853,0.0013441466513793865,762720.2405199639,762722.2686308955,MultiPolygon
Buchegg,3411895,2465,1103,11,0.9994233540127406,0.0006705603388669183,3.4074265351584163,0.057681036157049975,25651910.74917287,25651738.737633225,MultiPolygon
Oberthal,1682594,620,246,2,0.9986427419573956,0.04003210136120878,5.857160523693623,0.13579078888472487,10544412.600503916,10540191.450563738,MultiPolygon
Rupperswil,1684409,4206,1907,19,0.9963253790562822,0.1509064173719622,18.23860805579287,0.3678607067596107,6216144.042251039,6206763.481978198,MultiPolygon
Faoug,1684970,5458,2222,22,0.9992060823949602,0.012766755910060738,14.316083670551906,0.07942835816597849,5755903.68172214,5756638.523895604,MultiPolygon
L'Abergement,1685008,5741,2224,22,0.9927404779255239,0.5048916613820815,28.1698412044537,0.7267575275240912,5790646.166455751,5761409.676821175,MultiPolygon
Madiswil,1682545,332,244,2,0.998385336050678,0.044321349571922596,26.089194064574354,0.16163266819597027,23170352.517084025,23180621.93002017,MultiPolygon
Grolley-Ponthaux,18488676,2239,1004,10,0.9865141599844781,0.00904965259919693,205.71569839428057,1.3578005632200156,11248308.723381467,11249326.656244218,MultiPolygon
Nebikon,1682899,1137,315,3,0.9982012063093897,0.010479774136349582,3.3738448093570215,0.18003186367549648,3727632.967291666,3727242.319776062,MultiPolygon
Riedholz,1683569,2554,1107,11,0.9987463632131242,0.009319748501537729,3.204443565448503,0.12544815368750456,7154993.470602792,7155660.297999553,MultiPolygon
Signy-Avenex,1685153,5728,2228,22,0.9969663905652228,0.012488820451082853,4.033612379984764,0.3038407536679358,1941951.2934583786,1942193.8202686661,MultiPolygon
Niederglatt,1682171,89,104,1,0.9973332231739367,0.03984636008139619,3.7750664967465326,0.26708694391726945,3603370.7568496,3604806.568936442,MultiPolygon
Schmiedrued,1684419,4143,1905,19,0.9958717393637944,0.0822319348654883,16.207642659701005,0.413509864438421,8648272.504457442,8641160.862644587,MultiPolygon
Hermenches,1685002,5673,2222,22,0.9984505537393655,0.008538994879648456,3.472950164318934,0.1550713788043998,4773406.091803006,4773813.69270477,MultiPolygon
Lumnezia,2742612,3618,1850,18,0.999624750944468,0.001867953189238851,9.941780161326355,0.03753159692755655,165473736.02815324,165470645.05622375,MultiPolygon
Ascona,1684618,5091,2104,21,0.9957496456006713,0.4045763244375296,24.009484689514533,0.42680226675920846,12157189.208785078,12206374.318040896,MultiPolygon
Sorens,1683401,2153,1003,10,0.9989484114683599,0.011640989904210374,5.884347660496897,0.10520805018778387,8713966.174728459,8712951.782805802,MultiPolygon
Rovray,1685131,5928,2224,22,0.9897452494528615,0.16370825161438596,54.18088582830048,1.0299164291048224,3196295.155633927,3191062.5567182032,MultiPolygon
Boningen,1683486,2571,1108,11,0.9969740869647254,0.04871038083245802,3.2512153511095394,0.30297599634763284,2757171.693104495,2755828.664272579,MultiPolygon
Trachselwald,1682687,958,245,2,0.9963379139593749,0.04178803051624715,60.64811058076772,0.3669570338598077,15962668.149983507,15969338.634621229,MultiPolygon
Bure,1685579,6778,2603,26,0.996728039825717,0.10320705539778176,66.05568691427324,0.327901302116599,13684614.006913923,13698737.494073011,MultiPolygon
Messen,1683550,2457,1103,11,0.9991880325851571,0.018755602222114604,3.184563051476834,0.08122210186551956,11893372.109390024,11891141.435826391,MultiPolygon
Courtelary,1682416,434,241,2,0.9989414106546647,0.003214601243867324,11.580053640997551,0.10591669714831246,22203369.599240668,22204083.349035986,MultiPolygon
Opfikon,1682184,66,103,1,0.9986101398400123,0.007267297936712694,9.934797154653152,0.13907761495280735,5587604.792064395,5587198.724176629,MultiPolygon
Saint-Oyens,1685139,5436,2227,22,0.9962552448660161,0.07593791802719871,16.77225196636763,0.3753204394237398,3055463.6192580764,3057783.8747166195,MultiPolygon
Pont-en-Ogoz,1683380,2122,1003,10,0.9991831746144649,0.004758096340351585,3.144485744465649,0.08171785643034646,11970828.866692586,11971398.450262802,MultiPolygon
Zweisimmen,1682739,794,248,2,0.9996722948710746,0.0006025459986583078,6.526249049984496,0.03277578456005792,73000868.97005996,73000429.106245,MultiPolygon
Saas-Grund,1685363,6291,2313,23,0.9970333434002748,0.053200895110765575,50.56477927474972,0.29702733463047787,24794913.872489784,24781722.756367676,MultiPolygon
Giffers,1683323,2294,1006,10,0.9990498153781976,0.012066120870629207,3.758070157701362,0.09505789093174556,5215896.974407583,5215267.617974163,MultiPolygon
Saint-Imier,1682644,443,241,2,0.9990690586715658,0.009268899065880257,6.706753217951702,0.09314180202048343,20869314.981200673,20871249.33694202,MultiPolygon
Wiliberg,1684460,4288,1910,19,0.9912441028742984,0.17859744237464825,13.109375665824308,0.8802251835638134,1170454.669204558,1172545.071307912,MultiPolygon
Höri,1682146,60,103,1,0.9977522011065947,0.035741548506592155,16.495500150352445,0.22499258847972237,4786349.024155673,4784638.308897509,MultiPolygon
Les Bois,1685609,6742,2602,26,0.9958520502974734,0.02085900544547806,41.22648865835424,0.4157003834463266,24709640.846099053,24714795.0314287,MultiPolygon
Arbaz,1685267,6261,2312,23,0.9996814115707703,0.01801987833486019,3.3466811882392697,0.031861047741471915,19162140.443617526,19158687.44922323,MultiPolygon
Bassersdorf,1682086,52,103,1,0.9984629720016281,0.007210423607169642,10.81283567477526,0.15382655901262196,9026447.692975275,9027098.538090618,MultiPolygon
Würenlos,1684469,4048,1902,19,0.9981241661542545,0.023025307038017903,7.2048518299602335,0.1877378712760385,9028925.17750299,9026846.239758637,MultiPolygon
Eschlikon,1684519,4724,2014,20,0.9982984804641788,0.006789926389623766,3.819360094421865,0.17029105376327544,6221142.05382946,6220719.642863411,MultiPolygon
Fiez,1684974,5556,2224,22,0.9978675896580191,0.013006095011494783,12.538890466989452,0.21345475359444113,6827090.852478107,6826202.914555313,MultiPolygon
Aesch (ZH),1682078,241,111,1,0.9983479634233748,0.010262961777578692,3.773731159001575,0.16533174731526581,5243864.791360868,5243326.615521663,MultiPolygon
Leibstadt,1684348,4311,1911,19,0.9954947565431331,0.014201455017226024,16.675871645505786,0.45157356060736087,6401735.340698497,6402644.4802632285,MultiPolygon
Mörschwil,1683909,3214,1722,17,0.9946749223711135,0.045205393825916054,71.96347222118213,0.5340500529992342,9838021.957382409,9842469.273952924,MultiPolygon
Evilard,1682437,372,242,2,0.9982465460773179,0.025768349848816957,2.781599841171716,0.17547664556734785,3701427.4249534085,3700473.6281851465,MultiPolygon
Roggenburg,1683697,2790,1302,13,0.992821587953814,0.23143202599488952,24.016575784943367,0.7195933160612379,6670668.538335887,6655230.474990212,MultiPolygon
Greng,1683330,2261,1005,10,0.9996735025573482,0.0004674851250348248,2.084216187458809,0.03265515149319154,2470539.415304799,2470550.964709074,MultiPolygon
Arzier-Le Muids,1684836,5702,2228,22,0.999260003957071,0.011863853709733975,21.15617787336433,0.07403138536151078,51896502.14646898,51902659.07156411,MultiPolygon
Nuvilly,1683375,2035,1001,10,0.9983882614445868,0.004675025325642494,3.264756295428005,0.16130761585246448,3982559.961718874,3982746.1474056933,MultiPolygon
Rohrbach,1682624,338,244,2,0.9982239210780748,0.052051084547121124,3.2313897570299783,0.1778120196995606,4076331.218646035,4078452.993255073,MultiPolygon
Onex,1685520,6631,,25,0.9967600678238255,0.05838409501115703,35.69708270144562,0.324613660993955,2814120.8964065383,2815763.895424425,MultiPolygon
Bottighofen,1684509,4643,2013,20,0.9971382906554815,0.03210991599071157,6.042494278647114,0.2866270006582961,2436063.942629978,2436846.1607154366,MultiPolygon
Bitsch,1685278,6173,2309,23,0.9986406012906078,0.06259506474754273,7.7870666466640746,0.13607490679060028,5788615.870483301,5792239.258335416,MultiPolygon
Avers,1684043,3681,1851,18,0.9992177040582758,0.014611971788075991,64.83660787410825,0.0782544878135343,93139212.27697563,93125602.80155408,MultiPolygon
Novazzano,1684729,5260,2106,21,0.988346278822392,0.7911523539415137,82.20497668656908,1.1675654242452629,5228655.772618982,5187289.139394408,MultiPolygon
Mülligen,1684377,4107,1904,19,0.9943677698282131,0.11049825328927212,8.88275242990235,0.5645015426909571,3161415.998236363,3157922.688779104,MultiPolygon
Hildisrieden,1682859,1088,314,3,0.9987173768708877,0.0037921117611813787,3.6756182127837707,0.12834218831582497,7042277.842198021,7042010.791151712,MultiPolygon
Gryon,1685000,5405,2221,22,0.9991036853486521,0.00016067575978000125,3.4030292514280456,0.08967172418308457,15217682.047900956,15217706.499027207,MultiPolygon
Granges (Veveyse),1683327,2328,1007,10,0.9981563141089683,0.03166177244427852,3.7403599100159677,0.18456791891867005,4464368.27447084,4465781.772594977,MultiPolygon
Gy,1685490,6624,,25,0.9970365813518857,0.02148916186102755,3.649110258565626,0.2967497209484488,3286268.2897754293,3285562.098263452,MultiPolygon
Berikon,1684268,4062,1903,19,0.9954877270011769,0.11303526892115941,15.174918771420058,0.45199203260862025,5375869.895623468,5369793.266630098,MultiPolygon
Dintikon,1684293,4194,1907,19,0.9927604887281803,0.1485977520583906,15.171275940458026,0.7271210151249281,3723806.4251516056,3729339.917790387,MultiPolygon
Frutigen,1682446,563,249,2,0.9996622108603064,0.0037545621821708825,16.709699761851795,0.03378398577583757,72276981.52350855,72274267.83929385,MultiPolygon
Le Grand-Saconnex,1685504,6623,,25,0.9982792022816479,0.0034069617652261385,3.679941455282886,0.17223089044293044,4382138.205451782,4382287.503224941,MultiPolygon
Unterseen,1682700,593,250,2,0.9981700551624515,0.000395212934295959,9.563526840642401,0.18316171005875126,13993378.247979049,13993322.944338268,MultiPolygon
Kirchberg (SG),1683900,3392,1727,17,0.999338593357013,0.004297154463839279,8.621594267060175,0.06616396602559672,42539732.44807327,42541560.446085066,MultiPolygon
Chessel,1684900,5403,2221,22,0.996123270763548,0.1691513307306282,91.63351814994294,0.38809732080568526,3561649.138595058,3555624.5616811686,MultiPolygon
Muntelier,1683368,2274,1005,10,0.9986035229346029,0.008121252014785044,3.06865576228849,0.13973960754726106,2504409.969104396,2504206.579659322,MultiPolygon
Büren (SO),1683491,2472,1104,11,0.9986506619045663,0.0072634202995282855,3.6501459209064637,0.13502981038179224,6232412.977823849,6232865.6641732305,MultiPolygon
Toffen,1682686,884,246,2,0.9999238285691189,0.0026806461998561356,0.2624647488366839,0.007617535301619839,4883654.437298422,4883785.350795509,MultiPolygon
Cureglia,1684672,5180,2105,21,0.9999885235683835,0.00028103542606770077,0.015442181608230427,0.0011476481346149319,1055717.5116515341,1055714.5447113272,MultiPolygon
Aefligen,1682358,401,245,2,0.9980154835509558,0.016494595114189835,4.25062208986867,0.19866513892009746,2041325.5543019208,2041662.2626870654,MultiPolygon
Castaneda,1684056,3805,1847,18,0.9975375082167992,0.014598117228846063,4.233436783355097,0.24657074140434876,3960586.952343168,3961165.1234694216,MultiPolygon
Jorat-Menthue,1868685,5804,2223,22,0.9990860487663895,0.004190695870963641,4.416293615328843,0.09143882371970276,17652600.666724626,17653340.433531884,MultiPolygon
Therwil,1683714,2775,1301,13,0.998655323036688,0.00042646892112524834,10.349645458720303,0.13455787803919123,7659948.129256118,7659915.4619579725,MultiPolygon
Lausanne,1685018,5586,2225,22,0.9989658456373084,0.011377380861165656,39.150935692651736,0.10346305166815918,67631420.81988901,67623726.13556051,MultiPolygon
Törbel,1685387,6296,2313,23,0.9987441987722612,0.025974972914274655,19.00620207464382,0.12564270420359994,16855962.560199026,16851584.228489574,MultiPolygon
Jonschwil,1683898,3405,1728,17,0.9984150346173865,0.02532449425647717,5.206735523723859,0.15860215850339554,10994926.839867624,10992142.430251557,MultiPolygon
Wil (SG),1683965,3427,1728,17,0.9989933405399806,0.011568415063956426,3.731753172469053,0.10072246534069786,20816358.75455047,20818766.877332397,MultiPolygon
Seuzach,1682209,227,110,1,0.998956478069687,0.013024435027774724,3.92715589659882,0.10439986916594794,7563478.145514451,7562493.0452175485,MultiPolygon
Sursee,1682923,1103,314,3,0.9987848488803746,0.05364165510484592,4.174699215377337,0.12162159763138511,6050584.874598304,6053830.508468562,MultiPolygon
Hemishofen,1683655,2962,1405,14,0.992838955868973,0.10772396503871137,31.062125709393996,0.7190647483344617,7892904.804994818,7901407.355007489,MultiPolygon
Gunzgen,1683513,2578,1108,11,0.9977386918008405,0.0937988232253507,10.553346728488794,0.22628061099239788,3929677.625894129,3925991.63452449,MultiPolygon
Schmitten (FR),1683397,2305,1006,10,0.9992639134254147,0.012037548152078257,2.9890069483036643,0.07364019057496611,13495448.054151546,13497072.575209403,MultiPolygon
Vex,1685394,6089,2305,23,0.9887952739626422,0.2001324205160503,58.89280160790064,1.127912795139168,13038245.161659598,13064338.917294445,MultiPolygon
Diepoldsau,1683873,3234,1723,17,0.9991284349594642,0.004321134868642617,3.238414717627652,0.087196385789433,11245468.407832118,11245954.33968863,MultiPolygon
Müllheim,1684544,4831,2012,20,0.9984354525052725,0.02753426013379331,4.951890375110083,0.1565987919253255,8742002.260706468,8744409.306349833,MultiPolygon
Stüsslingen,1683580,2499,1105,11,0.9988005396260661,0.004160680428145798,3.4483594859425213,0.12002051260333664,8386850.45553442,8387199.405579861,MultiPolygon
Denens,1684941,5631,2227,22,0.9983913431816491,0.06663115680842419,3.2097194772634348,0.16094153835424752,3300346.9923516135,3298147.9329719176,MultiPolygon
Sonvilier,1682668,445,241,2,0.999159984334015,0.031729487499249254,34.736433792963766,0.08405019497215757,23779886.326165274,23787431.56222447,MultiPolygon
Tamins,1684184,3733,1844,18,0.9971999469666056,0.06425006577268322,99.29467082616092,0.28030778988226035,40737843.89117964,40711669.79968519,MultiPolygon
Bachs,1682085,81,104,1,0.9985650022016461,0.026008570275431787,3.7801100497309656,0.1436214892162646,9132176.174434356,9134551.32289236,MultiPolygon
Belp,1682374,861,246,2,0.999470897614496,0.012955531815779018,7.31654481600412,0.052920811412644514,23260580.700099036,23257567.1681659,MultiPolygon
Seewis im Prättigau,1684163,3972,1849,18,0.9993724299550202,7.554965506496663e-05,22.2234278967628,0.06277667917339479,49627010.57572759,49626973.08269228,MultiPolygon
Alpnach,1683053,1401,,6,0.9994057333099611,0.011750935700999589,47.30746769604935,0.05944782452975265,56347127.58221038,56353748.89694192,MultiPolygon
Hochdorf,1682868,1031,313,3,0.9985666136599728,0.0036622643428431264,3.5954288317489747,0.1434388108987417,10301233.352507016,10300856.094111074,MultiPolygon
Buchillon,1684870,5623,2227,22,0.999114499063414,0.005691534061958016,24.646496654727265,0.0885918376656988,21037518.644677922,21038716.002217375,MultiPolygon
Bonaduz,1684047,3721,1844,18,0.9990872730106504,0.0016614745580801325,2.7300882016361863,0.09131513006313752,14397747.265799578,14397986.480707336,MultiPolygon
Mont-sur-Rolle,1685055,5859,2228,22,0.9976500984224655,0.035308305394140024,4.291800404892114,0.2352250500904609,3860287.2473754156,3858924.2453650213,MultiPolygon
Boulens,1684863,5661,2223,22,0.9972441014765552,0.02846597005266795,3.5067682482217495,0.2759308463879626,3417867.9313113824,3416895.0020496156,MultiPolygon
Rickenbach (BL),1683695,2857,1304,13,0.9985951554855201,0.02972677739887637,3.0265245042575524,0.14056230478931014,2902623.8721635407,2901761.015626336,MultiPolygon
Mont-Noble,1685339,6090,2305,23,0.9981577155314966,0.04198695892047412,56.69101060029519,0.18435959229579424,43454068.54796037,43435823.506049864,MultiPolygon
Regensberg,1682191,95,104,1,0.9964419725663531,0.029577274378690926,3.4870165836086806,0.3564895615614356,2366203.1485724105,2366903.006970021,MultiPolygon
Arboldswil,1683614,2881,1305,13,0.9984159794887547,0.020349145219780148,24.42442318111244,0.1585437361211421,3464739.4201549017,3465444.465010996,MultiPolygon
Oetwil am See,1682182,157,107,1,0.9984710970950426,0.018962497681241884,10.882131777958188,0.15302176411453497,6106803.71356897,6107961.716081553,MultiPolygon
Erlach,1682432,492,243,2,0.9924751039305393,0.14623248135432035,46.25322799762659,0.7558837724725141,3578606.7576174503,3583839.8430770277,MultiPolygon
Cornol,1685586,6782,2603,26,0.9977908896298081,0.001956714371224279,9.778144313589518,0.22115315158046808,10445533.726083096,10445329.336823527,MultiPolygon
Courrendlin,1685591,6708,2601,26,0.9965953220782494,0.1276462284596563,76.93216205180623,0.3408307044142462,21550270.828511193,21522762.720575757,MultiPolygon
Ingenbohl,1683083,1364,506,5,0.9992931901670141,0.008257132734738935,3.5277282327079194,0.07070305199346838,16665596.825704293,16664220.725253358,MultiPolygon
Nods,1682582,724,241,2,0.9992170409770688,0.0011649912712817067,4.1314777151458895,0.07832610928986306,26614071.34008307,26613761.288475025,MultiPolygon
Rothrist,1684406,4282,1910,19,0.9971601006516952,0.08220313322524007,19.524117714506605,0.28427686936627516,11854188.623669926,11844444.10920284,MultiPolygon
Vionnaz,1685397,6158,2308,23,0.9993730611367487,0.0003369533239312554,13.096646128878223,0.06271343944689324,20951321.82757403,20951251.231398724,MultiPolygon
Masein,1684114,3663,1851,18,0.9974554635454116,0.01078459166498853,3.451321485332434,0.25476405277536174,4199667.954909132,4199215.03786891,MultiPolygon
Kerns,1683086,1404,,6,0.9995631956688733,0.001447660871364684,10.218168907468046,0.043690291339027965,92584103.4012976,92585443.70513564,MultiPolygon
Volketswil,1682227,199,109,1,0.9986854826965045,0.0009274332803178065,3.8470990367529962,0.13153757499523697,14042354.481007017,14042224.24753822,MultiPolygon
Berg (TG),1684502,4891,2015,20,0.9984342968958339,0.007936345656225146,9.29577760597176,0.1566991956057556,13137363.008018546,13138405.634556975,MultiPolygon
Oberbüren,1683914,3424,1728,17,0.9981095271059841,0.006400897857153209,33.817133776186175,0.1892322089443891,17731244.052394688,17732379.011215284,MultiPolygon
Arogno,1684617,5144,2105,21,0.9955150276144492,0.021051929782297342,19.9226006435835,0.4495525626314432,8487411.26737712,8489198.031237463,MultiPolygon
Cressier (NE),1685477,6452,,24,0.9983796442382747,0.016442218757707492,4.990510176689784,0.16218029218001553,8570243.45329654,8571652.5914732,MultiPolygon
Vernayaz,1685393,6219,2310,23,0.9981810883118264,0.010442753765882953,3.729284345256817,0.18204723551625554,5592363.468152113,5591779.471405441,MultiPolygon
Oberdorf (NW),1683093,1508,,7,0.9991480520130708,0.002425167164564888,9.613497111053249,0.08523213842540982,16202043.252729952,16202436.179362906,MultiPolygon
Cademario,1684639,5161,2105,21,0.9981940190272297,0.09628700477031528,16.588629772001344,0.18084834786387408,3957676.470452468,3961487.198584366,MultiPolygon
Andeer,1684038,3701,1851,18,0.9994744680632798,0.0020761985192701833,3.6791015953319994,0.05256646079476783,46299552.273770325,46298591.00315159,MultiPolygon
Hauptwil-Gottshaus,1684526,4486,2015,20,0.9985826917450484,0.026927161291442972,10.976089169999298,0.1418504304322435,12495264.000913398,12498628.620804716,MultiPolygon
Hedingen,1682134,5,101,1,0.9986724739077624,0.022982540569792854,3.859647181250704,0.13285604912081378,6529257.923563182,6530758.512914372,MultiPolygon
Vacallo,1684765,5268,2106,21,0.9997730356257908,0.001155078390548925,0.8913731370849252,0.022698882258978828,1636383.7826935528,1636364.8811780924,MultiPolygon
Läufelfingen,1683673,2852,1304,13,0.9991147913312499,0.016674302204313103,3.46051505374161,0.08855268055683418,8155741.3597312635,8154381.44676994,MultiPolygon
Hellsau,1682475,408,245,2,0.9980874148233921,0.04936219480886657,2.828080839350077,0.191394341950416,1476809.6591140218,1476080.6734531338,MultiPolygon
Giebenach,1683650,2826,1303,13,0.9964699905267742,0.09312891432778359,3.689686046147923,0.35346043368722174,1337587.3753140306,1336341.694713215,MultiPolygon
Emmen,1682829,1024,313,3,0.9989098503788035,0.019031662747455838,5.4431287105897646,0.1090640364985573,20366277.960293755,20362401.918958142,MultiPolygon
Gontenschwil,1684318,4135,1905,19,0.9967513922681825,0.0572822676162256,9.578296091987824,0.32548249947250674,9737906.050522622,9743484.143926699,MultiPolygon
Vaulion,1685176,5765,2224,22,0.9987499281169462,0.00732544493484211,4.6019709910151825,0.12508995268816833,13151406.7718261,13152370.170887327,MultiPolygon
Tujetsch,1684197,3986,1850,18,0.9997513444203433,0.002414651261611868,12.338477781951259,0.024868349584528788,133910445.1425739,133907211.67232083,MultiPolygon
Bioley-Magnoux,1684853,5903,2224,22,0.9984621149254851,0.0009128346336838662,3.134234618368685,0.15390755543509335,4285682.030949992,4285721.15213986,MultiPolygon
Bonvillars,1684859,5551,2224,22,0.9949579129932558,0.03744392968741013,93.37218178625197,0.5055776817801699,8468459.985652067,8471630.9098547,MultiPolygon
Büttikon,1684290,4064,1903,19,0.9953171714218353,0.049802932418243406,11.053405704200733,0.46926499227709345,2819077.1878826376,2817673.2047759383,MultiPolygon
Udligenswil,1682925,1067,312,3,0.9983910797919691,0.0018604802272146072,3.3092995925681095,0.161023054108122,6224656.976676455,6224772.785188718,MultiPolygon
Hersberg,1683657,2827,1303,13,0.9966546303238307,0.08089435946152487,2.891682067668013,0.33496194261114776,1663744.3634382926,1662398.488092412,MultiPolygon
Duggingen,1683643,2785,1302,13,0.9986416953626353,0.002425611605714876,11.78009501303796,0.13592112752563593,5857324.056182911,5857181.98025082,MultiPolygon
Val Müstair,1684200,3847,1843,18,0.9989423181718946,0.013623267695211412,63.60836796947641,0.1058169385953191,198649198.88054723,198622136.36840934,MultiPolygon
Bettens,1684851,5471,2223,22,0.9978953113322722,0.005021864125979173,3.5861055688660186,0.21068529551953458,3744519.577868005,3744331.5331826336,MultiPolygon
Heimenhausen,1682473,977,244,2,0.9985928057202405,0.02663595118825552,3.5116254405248934,0.14079975330062153,5843404.505355616,5841848.058983837,MultiPolygon
Villmergen,1684452,4080,1903,19,0.9971742090692428,0.058346753124318175,11.56031574012926,0.2830614672021742,11939815.865615405,11946782.360502014,MultiPolygon
Arnex-sur-Nyon,1684834,5701,2228,22,0.9952210232783582,0.1153967968569795,10.575530990875643,0.4787659384989349,2044163.1212878514,2041804.2225233535,MultiPolygon
Jegenstorf,3411472,540,246,2,0.9989816101645034,0.003446670473362485,6.053602756474085,0.10189262178193512,13489985.983936708,13490450.939300478,MultiPolygon
Saint-George,1685136,5434,2228,22,0.9990331878399556,0.0027588037143889163,3.269780369021369,0.09672930916304079,12315156.899137067,12315496.650143033,MultiPolygon
Döttingen,1684295,4304,1911,19,0.9957094422023636,0.10297640950527545,10.639067843629594,0.42975681487179573,6924724.149474838,6917593.317177564,MultiPolygon
Löhningen,1683674,2903,1401,14,0.9899353141338312,0.4842472861790341,32.50581297562656,1.0140083226418704,6831289.970539944,6864370.306833304,MultiPolygon
Le Landeron,1685505,6455,,24,0.99762737768669,0.03538603444628816,57.14680342979422,0.23750200376031705,10324925.17847492,10321271.596894711,MultiPolygon
Unterbäch,1685388,6201,2309,23,0.9948414166773707,0.1514858550524642,81.78364462138255,0.5175840587122689,22055093.067744263,22088503.41406055,MultiPolygon
Seengen,1684424,4208,1907,19,0.9968793537366233,0.17164214133922245,12.740826197554863,0.3122840731971792,10342965.645452129,10325212.757740295,MultiPolygon
Vitznau,1682927,1068,312,3,0.9979136263040517,0.014075625723387684,31.629947094810472,0.2088405457978221,11765209.568257581,11763553.541393181,MultiPolygon
Oberegg,1683915,3111,,16,0.9979036698987053,0.0028287632259054295,15.896909374930708,0.20985593880071368,14608044.152116923,14608457.379097922,MultiPolygon
Lommis,1684540,4741,2014,20,0.9985638186831592,0.006287592327730051,3.7774520785024834,0.14372585493908135,8605851.356816947,8606392.457666595,MultiPolygon
Geltwil,1684316,4232,1908,19,0.9999920474271495,6.376110534151268e-05,0.016411018787591693,0.0007952601936680921,3280362.9377860287,3280360.8461903604,MultiPolygon
Warth-Weiningen,1684568,4621,2012,20,0.9984879601533782,0.03032433102366877,3.6506382443009264,0.15134132751945845,8212637.06213624,8215127.489384735,MultiPolygon
Schwerzenbach,1682205,197,109,1,0.9980767237417305,0.006079442915254696,3.8470990367529962,0.19250690157958458,2650915.5883300626,2650754.4274301385,MultiPolygon
Onnens (VD),1685078,5565,2224,22,0.9938834246076441,0.1173525168571885,93.37218178625197,0.6131739036823605,7109494.439242703,7101151.26858243,MultiPolygon
Aadorf,1684495,4551,2014,20,0.9986969103204767,0.0039452005034712676,3.8882525737637623,0.13039649759246014,19944216.46129294,19945003.300621185,MultiPolygon
Fällanden,1682126,193,109,1,0.9987694639173887,0.0011447765801969564,3.728985591396777,0.12312866104672752,6381606.787941536,6381533.732801587,MultiPolygon
Court,1682415,690,241,2,0.9994417808921442,0.00047583874023466796,11.219126319979374,0.055837628412327416,24606287.938189164,24606405.024439707,MultiPolygon
Saxon,1685373,6141,2307,23,0.9994126991960067,0.0023304985543461296,3.4216919882375745,0.058746647023927755,23220028.10351453,23219486.96109526,MultiPolygon
Vuiteboeuf,1685202,5766,2224,22,0.9976896962227948,0.03377728656679568,13.9368404427562,0.2313366245555983,5061990.13887657,5063699.941791762,MultiPolygon
Minusio,1684717,5118,2104,21,0.9977542222711719,0.013993892614377196,17.546374365709575,0.224814500996404,8830023.12992783,8828787.465973204,MultiPolygon
Sergey,1685151,5762,2224,22,0.9858671316597459,1.0052446914679058,46.76614929773808,1.4161907573474388,1462521.582046886,1447819.6614817872,MultiPolygon
Manno,1684707,5194,2105,21,0.9998906681384749,0.004562732694124462,2.1777011588021473,0.010933534418239393,2365568.880775602,2365460.946190877,MultiPolygon
Murgenthal,1684370,4279,1910,19,0.9973073360055393,0.013370794494245023,19.524117714506605,0.26964743594543106,18615442.796032615,18617931.828633066,MultiPolygon
Chevroux,1684902,5813,2222,22,0.9996909662350315,0.005458516874731587,4.312106701934609,0.030908995891533435,13196025.98609075,13196746.293395994,MultiPolygon
Wiler bei Utzenstorf,1682724,554,245,2,0.9987902537495831,0.011277823469097835,3.4187027926691695,0.12104101784802561,3820642.0975715243,3820211.212300374,MultiPolygon
Bottenwil,1684278,4273,1910,19,0.9910864140352463,0.052249149455894546,19.641178871240243,0.8951150754193206,5100757.568736586,5098092.466291114,MultiPolygon
Bischofszell,1684507,4471,2015,20,0.9982439696382703,0.007213374305153839,9.862565638348633,0.17575101477986407,11576890.332204634,11576055.247772075,MultiPolygon
Glarus Süd,1683141,1631,,8,0.9996938563144836,0.009429416608122763,38.1411387470223,0.030620499066365357,430032382.1827548,430072931.72762066,MultiPolygon
Niederbuchsiten,1683556,2405,1101,11,0.9986260539392512,0.02676754427434619,7.523759846527583,0.1374706561271503,5487973.783279064,5486504.78746686,MultiPolygon
Ottenbach,1682187,11,101,1,0.9968681379100135,0.18231460531230878,28.132806094191427,0.31339146632453474,5022357.33294232,5013200.841993392,MultiPolygon
Aire-la-Ville,1685444,6601,,25,0.997608621420229,0.00832241645376477,10.410514304437168,0.23943409778769478,2926527.3429029225,2926770.900696032,MultiPolygon
Seeberg,5817433,988,244,2,0.9986189269945036,0.04372953282203869,22.872403760751446,0.13817251687750712,16803290.595556926,16795942.59508076,MultiPolygon
Giez,1684983,5559,2224,22,0.9973833044582696,0.09410927618081213,19.22592174138972,0.26188906849011395,4763100.181644559,4758617.662539846,MultiPolygon
Beromünster,1682818,1081,314,3,0.9994406604269674,0.004421353656119829,17.398852374339135,0.05594836785233297,42335342.50856863,42333470.713354796,MultiPolygon
Heitenried,1683338,2296,1006,10,0.9990268430933406,0.003084289636774385,2.9665880666856976,0.09736456691509186,9127864.094842698,9128145.624609035,MultiPolygon
Pfungen,1682188,224,110,1,0.9984875900054319,0.06524374723927752,3.445651901011382,0.15140483019381593,4986719.739634509,4989973.2624569675,MultiPolygon
Rossemaison,1685625,6721,2601,26,0.9903662444090993,0.1944563272472197,41.800274141675416,0.9689796881992976,1886416.0404964332,1890084.295845385,MultiPolygon
Hérémence,1685316,6084,2305,23,0.9966146416168329,0.015498107863415867,68.4995547288847,0.3391361202953825,107437610.57847904,107454261.37525237,MultiPolygon
Affoltern am Albis,1682080,2,101,1,0.9984124403458251,0.00929836239530113,7.930254376211182,0.15887469609402372,10593038.08768839,10592053.108618325,MultiPolygon
Losone,1684699,5115,2104,21,0.9958346773987748,0.33132021049811017,17.0361852305681,0.41671009833742995,9260552.181164872,9229870.10018495,MultiPolygon
Aristau,1684255,4222,1908,19,0.9958419546035139,0.04083487925951281,21.859685722942285,0.41658573420499373,8641690.38101604,8638161.557182971,MultiPolygon
Thurnen,10523927,889,246,2,0.9990025826774664,0.003816269689377325,3.4084849107953152,0.09979340329462387,5951451.135377454,5951678.258803211,MultiPolygon
Rüdtligen-Alchenflüh,1682633,420,245,2,0.997750894917954,0.0097847632549665,4.25062208986867,0.22515270076591135,2720811.834714061,2720545.6097174212,MultiPolygon
Habsburg,1684320,4099,1904,19,0.9874514326918592,0.15262358698824122,10.969710331554927,1.2637434191689378,2226516.915797908,2229915.1057796986,MultiPolygon
Müntschemier,1682571,498,243,2,0.9992382235293459,0.013645045790376883,3.189969039397513,0.07620147407296486,4871876.901566439,4871212.13173237,MultiPolygon
Eischoll,1685296,6194,2309,23,0.9957448092361812,0.3765180562105571,74.50114484859827,0.4256235530101774,14147389.735595033,14094122.258758038,MultiPolygon
Turtmann-Unterems,2757461,6119,2306,23,0.9990788716377923,0.006981347148990698,20.76338811927911,0.09215206280177628,42422992.05214319,42420030.35579704,MultiPolygon
Selzach,1683576,2556,1107,11,0.9994768641551373,0.010863112826403995,3.254991326675955,0.05232442943635396,19469503.44389107,19467388.44976522,MultiPolygon
Pollegio,1684738,5077,2103,21,0.9999954727816488,4.549807366298847e-05,0.01692339528013488,0.0004527227568058323,5959769.9630790185,5959767.251498491,MultiPolygon
Rue,1683391,2097,1002,10,0.9990791576181058,0.004610611729274058,8.735939475252632,0.09212877905509198,20032875.58698227,20033799.225093793,MultiPolygon
Neggio,1684727,5206,2105,21,0.9896120411094752,0.11098809013503252,11.108170692874541,1.0447990235642621,893852.6440399756,894844.714018217,MultiPolygon
Chamoson,1685286,6022,2302,23,0.9992767054257119,0.0006823982768665298,10.258359326066845,0.07235537776738504,32468850.880370144,32468629.313491218,MultiPolygon
Paudex,1685093,5588,2226,22,0.9995105677394885,0.012635153287489206,2.6427495398029257,0.048952113397084024,3903715.3477143524,3903222.1072962615,MultiPolygon
Schönengrund,1683937,3003,1501,15,0.9999945307594587,1.8002789405051253e-05,0.014939639954842822,0.0005469255989504425,5192444.184066485,5192445.118851276,MultiPolygon
Uttwil,1684566,4451,2011,20,0.9982567655714095,0.027486058034205906,9.675251175541709,0.17449949694576736,4360982.765143358,4362181.427397047,MultiPolygon
Bergün Filisur,1684044,3544,1841,18,0.9996896190623206,0.0034579674046992365,9.46381101860912,0.03104237460511482,190143662.10694796,190137087.0010902,MultiPolygon
Uetendorf,1682698,944,247,2,0.9993467097992108,0.008051486102604848,2.8708490133552016,0.0653529972937219,10174637.181405453,10175456.390904104,MultiPolygon
Herrliberg,1682136,152,107,1,0.9988831140324499,0.014415312092209965,7.379449109522274,0.11174294869036944,8986945.408307519,8985649.912079355,MultiPolygon
Brütten,1682094,213,110,1,0.9990818577837114,0.044708713542004196,3.7594661898029003,0.09187692414894104,6596866.1093370905,6599815.483308664,MultiPolygon
Thalheim an der Thur,1682215,39,102,1,0.9982642959643869,0.028664423147070933,4.5429322184081276,0.17374606591269529,6442323.5019200435,6444170.156789137,MultiPolygon
Nuglar-St. Pantaleon,1683558,2478,1104,11,0.9982801995924547,0.002853277692659199,8.004477638062209,0.1721255980574431,6343476.509833468,6343295.512833274,MultiPolygon
Zurzach,13623634,4324,1911,19,0.9954344884325436,0.0798624717661856,21.60482354648877,0.45777845969186515,25985648.968939044,26006401.750510123,MultiPolygon
Aarwangen,1682356,321,244,2,0.9988141337843923,0.004394220953849616,5.581598791495879,0.11865958423565925,9898104.653307967,9898539.597896677,MultiPolygon
Oberdorf (BL),1683684,2892,1305,13,0.9983557170076829,0.00807483463610401,8.126693124198175,0.16457023791003775,6210488.937173532,6210990.423885303,MultiPolygon
Truttikon,1682217,41,102,1,0.9980656998655378,0.022786251693220457,3.618835861861654,0.1936393294616133,4411034.084068087,4412039.193396756,MultiPolygon
Uetikon am See,1682220,159,107,1,0.9985369086365122,0.04282292687177863,10.882131777958188,0.1464475963826844,3457938.02682999,3459418.817102491,MultiPolygon
Lussy-sur-Morges,1685038,5640,2227,22,0.9972314884029462,0.00029207867119702567,3.6072030990602206,0.2772353286281705,2341793.571990016,2341800.411869563,MultiPolygon
Grossdietwil,1682841,1131,315,3,0.9942399411736181,0.044441768745204606,26.285691985766558,0.577541224751642,10198741.269404113,10194208.768394243,MultiPolygon
Cugy (VD),1684937,5516,2223,22,0.9971431340301744,0.048343437460810164,7.233253436209116,0.28616441903826323,2906180.869655008,2907585.8173862277,MultiPolygon
Novalles,1685072,5564,2224,22,0.9965950828778549,0.06891619773531887,19.22592174138972,0.341189900852942,2060205.880991437,2061625.6965501357,MultiPolygon
Cuarny,1684935,5911,2224,22,0.9955639193746635,0.050670296307574775,17.69953017890473,0.44470682896739855,4559526.45004008,4561836.775602537,MultiPolygon
Rossinière,1685129,5842,2230,22,0.999566564781851,0.003683417698415701,3.3705898281008313,0.04335211872088471,23354686.634272005,23353826.38361111,MultiPolygon
Matten bei Interlaken,1682547,587,250,2,0.9942837115036461,0.27042017819693587,108.40164246913429,0.5724922150901632,5910239.403953369,5894256.924025333,MultiPolygon
Worben,1682731,755,243,2,0.9982777105422892,0.02302805163779631,3.3391559342558765,0.17235754007287413,2756227.409247082,2755592.7037760257,MultiPolygon
Bassins,1684842,5703,2228,22,0.9984827482283293,0.013908456436635429,17.84553916166252,0.1518298078745514,20775251.567792024,20772362.050978117,MultiPolygon
Spreitenbach,1684429,4040,1902,19,0.9978373760887023,0.013681420884315464,13.921460759514385,0.216511301272388,8596392.098392097,8597568.206975944,MultiPolygon
Meikirch,1682550,307,246,2,0.9986121048835731,0.011553690185080893,9.124814986977585,0.13889391439019688,10232596.119260265,10233778.361713775,MultiPolygon
Fétigny-Ménières,1683320,2056,1001,10,0.997817296311664,0.024636158088824134,43.75414847579526,0.21853575494920632,8482401.855941461,8484491.59387242,MultiPolygon
Gambarogno,1684677,5398,2104,21,0.9972708051972778,0.0811542089721667,34.3038430536162,0.2731815202422907,65391525.135182776,65338457.16022448,MultiPolygon
Winkel,1682242,72,103,1,0.9980310924427418,0.003935626135273275,5.649877211355316,0.19708089831866993,8113139.054066412,8112819.751245409,MultiPolygon
Pailly,1685090,5530,2223,22,0.9989675085800501,0.00018214607559218068,3.443303979996385,0.10330256553338726,5768366.924690396,5768377.431544375,MultiPolygon
Kallnach,1682500,304,243,2,0.9993163259067566,0.003490102479272154,3.230545436398866,0.06838959437510822,17977918.017444354,17977290.569681905,MultiPolygon
Salmsach,1684554,4441,2011,20,0.9961029221203399,0.00144933244440387,3.640442877699853,0.3904658017044148,2710178.2122589936,2710138.932766862,MultiPolygon
Rumendingen,1682628,421,245,2,0.9975409541941147,0.029755627276470662,7.570351584889636,0.24617066783749675,2439361.6189890397,2438635.771637768,MultiPolygon
Sant'Antonino,1684751,5017,2101,21,0.9882540935353639,0.04603785105620594,70.41275541418966,1.181801690668948,6548239.945388349,6551254.61434121,MultiPolygon
Waldenburg,1683719,2895,1305,13,0.9991617291996915,0.002007805447768176,10.622816671869305,0.083863071555249,8323456.749801954,8323623.868620019,MultiPolygon
Steinerberg,1683115,1374,506,5,0.9986278753735427,0.00737598972969657,5.379261638787189,0.13730159971015826,6920809.070328463,6920298.5921622235,MultiPolygon
Mels,1683906,3293,1725,17,0.9993898552336891,0.02468376325791367,31.494068045594066,0.06104062877537811,139105513.2990266,139139849.77460805,MultiPolygon
Haut-Intyamon,1683334,2121,1003,10,0.9987689795495314,0.04790880610009094,96.36195338640903,0.12320736880241487,60266289.105129324,60295161.96472042,MultiPolygon
Wichtrach,1682720,632,246,2,0.99928757526188,0.004311413292957643,3.083227210309208,0.0712693966312833,11601091.32029446,11601591.491287772,MultiPolygon
Schangnau,1682648,906,245,2,0.9994642215283557,0.007241808745572014,18.077412886659456,0.05359026341665629,36484699.56262182,36482057.410458095,MultiPolygon
Altstätten,1683857,3251,1723,17,0.9991620538448768,0.002085385441554764,7.080129666032395,0.0838306120020244,39462232.45102507,39463055.390675515,MultiPolygon
Schwende-Rüte,14096673,3112,,16,0.9994517281756422,0.02169611811450688,32.22306085464395,0.05484816597314061,98327075.47557218,98348408.6340059,MultiPolygon
Isone,1684688,5009,2101,21,0.9913079902690035,0.11165454744867447,107.49966142692018,0.8725076443606274,12834453.999153886,12820123.747623622,MultiPolygon
Obersaxen Mundaun,5817201,3988,1850,18,0.9995184149838271,0.005756799828115548,9.941780161326355,0.048168714088440166,70353896.74753454,70349846.61452751,MultiPolygon
Saint-Prex,1685140,5646,2227,22,0.9995731725716924,0.01679671556886698,15.911565332132382,0.04268826844321243,25254819.540606268,25250577.5604006,MultiPolygon
Riederalp,1685359,6181,2309,23,0.9992972947350658,0.005173409331712752,13.198507250637833,0.07029340657588552,19092022.2775433,19091034.56908118,MultiPolygon
Ferden,1685304,6195,2309,23,0.9961978639460513,0.0708230222741856,90.7578401290416,0.3808028982258804,27925458.21968993,27905680.566194832,MultiPolygon
Reichenbach im Kandertal,1682616,567,249,2,0.9993821883150245,0.00996268605486849,29.45393849945634,0.061803337441583964,125761448.95565963,125773978.17399713,MultiPolygon
Aesch (BL),1683611,2761,1301,13,0.9987508601797902,0.008193189147567994,8.149619639401767,0.12498692787601251,7395474.289518763,7394868.364321863,MultiPolygon
Drei Höfe,2744225,2535,1106,11,0.9987098313018102,0.0036349434503919233,3.368903621387419,0.12909780394658005,4575950.243176301,4575783.9099726435,MultiPolygon
Flums,1683880,3292,1725,17,0.9995574178234782,0.0001443601977578479,5.650334226405673,0.04426798181639696,75154824.65127154,75154716.15761805,MultiPolygon
Aranno,1684615,5143,2105,21,0.999784256541946,0.004429772138134418,1.0160704996386902,0.021576195419688398,2585683.4401464784,2585568.9002618664,MultiPolygon
Leukerbad,1685329,6111,2306,23,0.9968733496870861,0.07484144953026951,133.0089819852483,0.31303740902691674,67329994.13422872,67279603.39065002,MultiPolygon
Bauma,1682087,297,108,1,0.9983645635252446,0.02613001307529028,15.951506493220377,0.163656105069171,29531838.873124007,29524122.199765086,MultiPolygon
Unterlangenegg,1682699,945,247,2,0.9987793491644498,0.016266810123457542,3.0436353303592067,0.12214956258554525,6801315.563956486,6802421.921045172,MultiPolygon
Brienzwiler,1682393,574,250,2,0.9980141282771468,0.04297624246868028,30.442735155529075,0.19882726766190317,17633603.757380866,17641182.017687604,MultiPolygon
Radelfingen,1682612,309,243,2,0.9994618687136365,0.00840025621517683,2.9774690841328013,0.0538298726260905,14712817.049577605,14714052.96390624,MultiPolygon
Oron,1948073,5805,2226,22,0.9991837964399287,0.005058811280246892,4.458782614277397,0.08165574437158724,26281519.91387501,26282849.446369033,MultiPolygon
Inden,1685318,6109,2306,23,0.9974063263396146,0.05717105951516901,31.184778062502083,0.2597783977684354,9730349.278389545,9735912.222166527,MultiPolygon
Lungern,1683090,1405,,6,0.9996529897095576,0.0014166828297245213,3.462396380561919,0.034706805051720774,46472715.22215238,46472056.85117532,MultiPolygon
Ursy,1683415,2102,1002,10,0.9988389534565799,0.003254120769149746,8.735939475252632,0.11617398513692684,17131375.367679592,17131932.843323473,MultiPolygon
Courtedoux,1685593,6785,2603,26,0.9974885445048124,0.09568770338843506,18.619223480681686,0.2515816252504439,8214938.011220918,8222798.696738639,MultiPolygon
Raron,1685355,6199,2309,23,0.9953993569379677,0.1596180504369201,108.47823864046451,0.4607570226649242,30417495.70131384,30368943.887683667,MultiPolygon
Maggia,1684703,5317,2108,21,0.9969469090917862,0.013641625100571793,79.95702045514977,0.3057550151892,111158283.65992665,111143119.86360154,MultiPolygon
Jonen,1684335,4071,1903,19,0.9955132968049112,0.05077348935108456,21.859685722942285,0.4497932667407072,5696517.082933629,5699409.403428115,MultiPolygon
Jongny,1685003,5885,2230,22,0.9966137995444199,0.008047883824043237,15.246510167719764,0.33918068658172507,2159532.1942645875,2159358.3976224503,MultiPolygon
Vernate,1684768,5230,2105,21,0.9999901899634372,1.6775902545233894e-05,0.017931709822375092,0.000981008550482375,1509792.3565380138,1509792.6098193082,MultiPolygon
Wangen-Brüttisellen,1682231,200,109,1,0.9985357792807901,0.01802133841306974,5.7849350466295695,0.1465425508492806,7918910.007360528,7920337.100931581,MultiPolygon
Waltenschwil,1684456,4240,1908,19,0.9931435032989764,0.3309050071413717,14.335704167661952,0.6891466605493992,4544880.729194497,4559919.967096005,MultiPolygon
Saint-Léonard,1685366,6246,2311,23,0.9983264202178351,0.029496620176917534,3.0697110796994194,0.16747343582108368,3885061.1262018653,3883915.1644778284,MultiPolygon
Wagenhausen,1684567,4871,2012,20,0.9991476953003355,0.01957103650639999,4.174903057838684,0.08525846281735278,11819422.720788045,11817109.537252514,MultiPolygon
Kaufdorf,1682504,869,246,2,0.999177325280494,0.00419869010137018,2.9903495494918655,0.08229959777180142,2058297.2674405265,2058210.8459169017,MultiPolygon
Dagmersellen,1682822,1125,315,3,0.998808001693532,0.004503250613083667,17.085197288305405,0.11927360154599052,23865808.509832397,23866883.247000434,MultiPolygon
Oberrüti,1684391,4237,1908,19,0.9942454585745536,0.11861351683703492,17.04952570033401,0.576772389651103,5377621.811884935,5371243.225531663,MultiPolygon
Sorengo,1684760,5225,2105,21,0.9999841767107653,0.00020661961063829536,0.01393536361940044,0.0015823430770388752,846119.3069855223,846121.0552339399,MultiPolygon
Rheinau,1682193,38,102,1,0.9991026450749353,0.033399137028736064,5.6424563757394255,0.08976078070588753,8944491.050027529,8941503.667205207,MultiPolygon
Andelfingen,1682083,291,102,1,0.9984608882181939,0.0048414817945522624,5.8905339079869865,0.15403344131373684,16987805.644192506,16988628.105710063,MultiPolygon
Mollens (VD),1685051,5431,2227,22,0.9989247998333528,0.02401006197358173,5.407572679118152,0.10756493577160331,10990686.03889501,10988047.168365749,MultiPolygon
Glarus Nord,1683140,1630,,8,0.9996412719938478,0.0013121670300067032,15.728961776993087,0.03587900066090362,151606860.71242017,151604871.37717867,MultiPolygon
Carouge (GE),1685459,6608,,25,0.9973167773681377,0.11331517742805278,3.5489367516614836,0.268834960135254,2696750.6186434696,2699806.4463917776,MultiPolygon
Estavayer,6838556,2054,1001,10,0.9983166439240935,0.06687652059056527,121.76133487364335,0.16842107541220197,68480344.40787797,68434547.13624954,MultiPolygon
Lenk,1682532,792,248,2,0.9984528269098308,0.0151190100812125,73.87558188298247,0.1548253839877249,122959915.40073055,122941325.07872526,MultiPolygon
Werthenstein,1682930,1009,316,3,0.9989050805763081,0.007981972684389403,3.5954746069061545,0.10955628983250043,15801360.544050016,15802621.804332403,MultiPolygon
Oberlangenegg,1682590,935,247,2,0.9987619759799439,0.014465973808037297,8.09764873035397,0.1238701244887203,9160244.14824413,9158919.029724892,MultiPolygon
Märstetten,1684543,4941,2015,20,0.9984680110120049,0.0014487366527185226,3.767148245658968,0.15331744884551257,9965153.993864719,9965298.362703128,MultiPolygon
Farnern,1682439,975,244,2,0.9979962191051845,0.03520628979520966,3.4435588587517407,0.20061435593375926,3678143.3855295987,3679438.3233489916,MultiPolygon
Bourg-Saint-Pierre,1685281,6032,2303,23,0.9952222529346961,0.28573869580198086,841.5298071765137,0.47960301107749764,89801985.05312137,90058584.07401645,MultiPolygon
Uezwil,1684443,4078,1903,19,0.9982177602005503,0.019359185653826664,5.436393239637458,0.1784002072753003,2443988.3131760117,2444461.4494109172,MultiPolygon
Tschappina,1684194,3669,1851,18,0.9991762553800222,0.00016995170218520568,19.021185797286854,0.08240833371013266,24667129.249924704,24667087.327718664,MultiPolygon
Avusy,1685448,6604,,25,0.9978468154486542,0.0010117628382183379,3.6011269863962805,0.21554942472418515,5172005.802540091,5171953.47410739,MultiPolygon
Gollion,1684989,5484,2227,22,0.9978499674237442,0.006990369474036971,43.86389176546824,0.21524216121596743,5447751.489685046,5448132.307642202,MultiPolygon
Pully,1685114,5590,2226,22,0.9979974965550505,0.020700758248128892,39.150935692651736,0.20047179389338388,17061204.331658043,17064736.13032096,MultiPolygon
Bärschwil,1683489,2611,1110,11,0.9967339395007332,0.04300245007199166,23.360600062925865,0.32706994073201906,11189351.093685448,11184539.398568006,MultiPolygon
Worb,1682730,627,246,2,0.999330538669375,0.0016047692356589874,17.13959112089759,0.06696801214438813,21084892.299583025,21084553.93571803,MultiPolygon
Lütschental,1682543,586,250,2,0.9894469748159349,0.5299418464388752,68.77730664393846,1.058089295069423,12279835.709765619,12214759.721665626,MultiPolygon
Aeugst am Albis,1682079,1,101,1,0.9984249212446774,0.002686697369475848,3.7292237320164574,0.15762989940527422,7912337.833634075,7912125.2530616345,MultiPolygon
Holderbank (SO),1683525,2425,1102,11,0.9989446252148113,0.038832427017512855,2.9481643234665444,0.1055726965175907,7754986.490846047,7751975.041376771,MultiPolygon
Sins,1684427,4239,1908,19,0.9953674951338968,0.001526642982456704,21.559432602899864,0.46432952709782915,20307417.704462536,20307727.72622984,MultiPolygon
Mies,1685048,5723,2228,22,0.998929919738563,0.025046411802496442,6.895962737409572,0.10705190237215217,6638173.889019536,6636511.264651126,MultiPolygon
Lüsslingen-Nennigkofen,2742593,2464,1103,11,0.9991815787680521,0.01524674085160675,3.445941949127377,0.08188186925309325,7809252.180683886,7810442.837126323,MultiPolygon
Bettenhausen,1682379,973,244,2,0.9979965406818989,0.06652043469102548,6.348720965803489,0.20048012320324865,3934598.3046720373,3931980.9927764237,MultiPolygon
Wald (AR),1683956,3036,1503,15,0.9932182828287942,0.07899905516076913,26.84995278208329,0.6802103395662279,6827383.041196471,6821989.473101719,MultiPolygon
Gravesano,1684684,5187,2105,21,0.9997138874300256,0.016103644118811912,0.4865943615437146,0.02861304654610837,711523.0571846166,711408.4760436643,MultiPolygon
Wilchingen,1683721,2974,1406,14,0.995349640648399,0.01889060594821473,61.31400349363496,0.46607572090045063,21102503.70914427,21098517.318323366,MultiPolygon
Sennwald,1683938,3274,1724,17,0.9992619698218369,0.00745419372164397,38.31856677797661,0.07383301402258047,41564264.20584647,41567362.48661935,MultiPolygon
Neuhausen am Rheinfall,1683680,2937,1403,14,0.9949175802475048,0.33009949878813366,20.987925493041793,0.5103778044732943,7995729.765657923,8022123.629538814,MultiPolygon
Milvignes,2758642,6416,,24,0.9958458169673879,0.06952948143295218,103.93738114789778,0.4164276807598453,8840468.455903387,8846615.18777702,MultiPolygon
Bachenbülach,1682084,51,103,1,0.9969613156658382,0.04870505327964321,20.913575234601478,0.3042567038147395,4314148.700635415,4312047.492212207,MultiPolygon
Brüttelen,1682395,491,243,2,0.998910571937191,0.0008288406750516368,3.217543123938347,0.10900263302580031,6612482.936350138,6612537.743298345,MultiPolygon
Noble-Contrée,1685395,6254,2311,23,0.998590217897089,0.0024069787599085768,3.6090153809314773,0.14107935252196882,6498583.328989942,6498739.748510365,MultiPolygon
Buseno,1684053,3804,1847,18,0.9983680560218805,0.005954892459114406,4.005878768178582,0.16332280562098686,11149046.859738361,11148382.945987647,MultiPolygon
Grangettes,1683329,2079,1002,10,0.997913750452491,0.00637252434109547,3.120884067607797,0.20883614957402052,3307742.65569306,3307531.868987185,MultiPolygon
Innerthal,1683084,1343,505,5,0.9984221663266768,0.03121026731338518,23.58884060956673,0.15793258531341356,50141996.31824398,50157645.76933117,MultiPolygon
Bavois,1684844,5746,2224,22,0.9989326607683505,0.0232410888950338,10.633469535781117,0.10680332391708816,9347960.736702893,9350133.304567583,MultiPolygon
Grindelwald,1682457,576,250,2,0.9982573936648209,0.05564270783298697,84.28463845775171,0.17436407582190241,171377264.72610334,171281905.77539963,MultiPolygon
Uebeschi,1682697,943,247,2,0.9989254871388783,0.0025332696978857525,2.9814821745966555,0.10750768429151156,4419189.142359579,4419077.192380143,MultiPolygon
Birwinken,1684506,4901,2015,20,0.9987577932100427,0.012451722413376554,3.9109419094394977,0.124305619444962,12292852.51549697,12294383.187368885,MultiPolygon
Widen,1684459,4081,1903,19,0.9951003975708576,0.09062459120752228,27.204362246035377,0.4913860532980968,2615692.907167575,2618063.3681719396,MultiPolygon
Eschenbach (LU),1682832,1026,313,3,0.9989114453026314,0.0026514972326715375,3.5668073632931323,0.1089161935039207,13207393.1302574,13207743.323920757,MultiPolygon
Lauperswil,1682528,903,245,2,0.9988654783983673,0.021714487902356763,18.904653519786855,0.11352887842364058,21194236.98867592,21198839.20870282,MultiPolygon
Urdorf,1682224,250,111,1,0.999041372443509,0.0029162697817450563,3.866190349177209,0.09590732754446289,7582837.454588065,7582616.318590778,MultiPolygon
Büron,1682821,1082,314,3,0.9982671381464236,0.03253994998939186,3.43908409786698,0.17346467413507724,5365605.228078343,5367351.193336188,MultiPolygon
Orges,1685081,5924,2224,22,0.9981503665797042,0.004956176719214991,3.610046889075365,0.1851391453599733,4024759.564576458,4024959.038773002,MultiPolygon
Tramelan,1682688,446,241,2,0.9992082644389997,0.00998140933767967,3.905025968760368,0.07920886365536894,24824673.15557967,24827151.00782407,MultiPolygon
Mauensee,1682895,1091,314,3,0.9982849138224383,0.02951757561779572,3.574081598068846,0.17163048569979092,7214413.854371199,7212284.334306355,MultiPolygon
Bern,1682378,351,246,2,0.9995599934718786,0.0017264694484780776,8.67188150547096,0.04400995531701855,51618816.22018426,51617925.03709255,MultiPolygon
Brislach,1683631,2782,1302,13,0.9986709979043313,0.021068554926019657,13.015773637759795,0.13300259000407655,9416615.437463809,9418599.382259423,MultiPolygon
Belmont-sur-Lausanne,1684847,5581,2226,22,0.994827602128686,0.27483332021577084,5.989056267087077,0.5178683239996066,2648583.465206045,2641304.2753299335,MultiPolygon
Herisau,1683894,3001,1501,15,0.9967636138949524,0.0208739085675334,56.973325764499634,0.32412933633114754,25202023.123992454,25196762.476728383,MultiPolygon
Mettembert,1685616,6716,2601,26,0.9883371656613976,0.9302642484169366,13.14182631650699,1.167667833200599,2344344.81624296,2322536.214557836,MultiPolygon
Romanshorn,1684552,4436,2011,20,0.9990569247291298,0.012963256011496789,3.350891972533142,0.09435813316113129,8880003.052268086,8881154.18979758,MultiPolygon
Rennaz,1685117,5412,2221,22,0.9998646868546109,0.0020399727921600165,0.7448016226603689,0.013532092056214168,2187556.9005750017,2187512.275009417,MultiPolygon
Buch am Irchel,1682097,24,102,1,0.9984132701781833,0.03688819821667042,6.313388449374726,0.15882825674948278,10209806.730461368,10213572.94420564,MultiPolygon
Treyvaux,1683412,2226,1004,10,0.9979241369398326,0.11880193999927902,41.57667936940996,0.20767855385637815,11403482.527056107,11389934.968586486,MultiPolygon
Birmensdorf (ZH),1682091,242,111,1,0.9980761172351906,0.03087615986137923,62.02202386064206,0.19260325057388186,11417918.278471598,11421443.693172101,MultiPolygon
Mörel-Filet,1685343,6203,2309,23,0.9980947559335511,0.0012393054848679295,15.415032630354046,0.19070725917170564,8546019.101990368,8546125.013273837,MultiPolygon
Reconvilier,1682615,703,241,2,0.9981507030991037,0.018334415616920806,7.133765860013269,0.18508387471872983,8249090.396235083,8247577.973717222,MultiPolygon
Fahrni,1682438,925,247,2,0.9984866517924832,0.013606741298030859,3.7218631567199614,0.1514597222701314,6682263.947103907,6683173.185472041,MultiPolygon
Kippel,1685321,6197,2309,23,0.9973393965321861,0.16560494223465583,89.16234620613893,0.26619416079309904,11682719.340596106,11663372.179980675,MultiPolygon
Kehrsatz,1682505,870,246,2,0.9983785040995881,0.015736528413211975,3.6880210831613662,0.16229392786864474,4436721.026046888,4437419.211911767,MultiPolygon
Burtigny,1684874,5854,2228,22,0.9981251566293793,0.018814567665668712,12.320310547412841,0.18764260012106954,5681999.256496379,5680930.212901503,MultiPolygon
Tévenon,1868688,5571,2224,22,0.9982261855871277,0.08980429629929647,18.62768781642837,0.1776186205993155,14276650.508797696,14289471.554322232,MultiPolygon
Lignières,1685514,6456,,24,0.9991314908950288,0.011302319607416416,2.909961467394277,0.08688373206949952,12519150.236205617,12517735.281833788,MultiPolygon
Jorat-Mézières,6376490,5806,2226,22,0.9986435765661724,0.009444736128377361,11.108527063149397,0.13572799016479786,11084474.414881563,11083427.51552186,MultiPolygon
Kirchlindach,1682512,354,246,2,0.9991388846405429,0.0026846745447287046,2.9192939425918984,0.08614978430419223,11964314.095268035,11964635.298163002,MultiPolygon
Mühleberg,1682563,668,246,2,0.9996350302594083,0.0022074205791456063,3.841018125404169,0.036504038314727816,26259838.213387243,26260417.878460016,MultiPolygon
Arch,1682365,381,243,2,0.9991155890448974,0.0038539409083484877,3.0818373877455705,0.08847851696131559,6375295.418502581,6375049.71838442,MultiPolygon
Agiez,1684830,5742,2224,22,0.9972635707138732,0.11359083299707336,32.46122990533478,0.27417347341482184,5460957.101716801,5467160.248378254,MultiPolygon
Riviera,7187847,5287,2107,21,0.9954650929109823,0.06701409405249255,125.55161620929235,0.45467361153890473,86531998.14142545,86589986.77604544,MultiPolygon
Starrkirch-Wil,1683578,2584,1108,11,0.9975860506672164,0.05137572822065701,3.3166467252108847,0.2416245587971713,1844943.7773849468,1843995.9240840536,MultiPolygon
Erlen,1684516,4476,2015,20,0.9985349507628156,0.008330465558055172,31.58629907193966,0.1466184275972191,12191843.72611408,12192859.363456575,MultiPolygon
Schötz,1682920,1143,315,3,0.9990321422879532,0.002003454798350017,7.199921015271225,0.0968336013082918,15267327.654920409,15267633.52892889,MultiPolygon
Bissone,1684629,5154,2105,21,0.9957717826529685,0.36137162920979404,19.9226006435835,0.42295192213457394,3696446.3510015854,3683088.442600105,MultiPolygon
Vezia,1684770,5231,2105,21,0.9999921072717256,4.741655949475689e-05,0.015519949687425637,0.0007892757550521336,1389647.635076044,1389646.9761529462,MultiPolygon
Witterswil,1683590,2481,1104,11,0.9983286446329696,0.036985786347723794,4.562691946151054,0.16724439091197965,2669422.70817462,2668435.4011950567,MultiPolygon
Assens,1684837,5511,2223,22,0.9987897444937388,0.005555758478847665,9.998047968814362,0.12110219486861197,8461188.233843422,8461658.317026135,MultiPolygon
Erlenbach im Simmental,1682433,763,249,2,0.9991602747629209,0.009799149031771455,53.556123910948386,0.08401191146557012,36690351.22922297,36693946.5714202,MultiPolygon
Saint-Brais,1685627,6758,2602,26,0.9965841248875701,0.021564454367880008,22.008619330379105,0.342135025761294,15157198.173756434,15153929.606672805,MultiPolygon
Ebnat-Kappel,1683874,3352,1727,17,0.9992878719187985,0.0006748376918008282,16.305885042160188,0.07123793310104952,43545866.834163226,43545572.97024061,MultiPolygon
Safenwil,1684412,4283,1910,19,0.9964704712157655,0.048922681415967895,22.6977139445784,0.35349036863277083,5990778.078898629,5987847.229624752,MultiPolygon
Pura,1684744,5216,2105,21,0.9864489663003233,0.20803962069449689,25.654962495352,1.3629283379310586,3044256.516734395,3037923.2570240134,MultiPolygon
Bottens,1684861,5514,2223,22,0.9980702591327323,0.018350765737378535,8.70050080838135,0.19314273833305298,6885324.704416067,6884061.194609302,MultiPolygon
Rossenges,1685128,5684,2222,22,0.9975885003053215,0.0032255422960459287,3.4896790315007635,0.24143719312943324,1076845.9091545267,1076811.1750342636,MultiPolygon
Finhaut,1685307,6214,2310,23,0.9962004107261809,0.12560019917547427,62.447198442420785,0.38092121404628865,22825457.176327113,22854125.996003293,MultiPolygon
Oberwil im Simmental,1682596,766,249,2,0.9994015940304268,0.01028067768544927,19.417430331215662,0.05986158373137826,46060330.52635413,46065065.84047639,MultiPolygon
Lampenberg,1683663,2887,1305,13,0.9987311378649942,0.02338987855900428,3.278953235287181,0.12698161384699028,4008577.3146285205,4009514.915994356,MultiPolygon
Oberägeri,1683146,1706,,9,0.9992603369948947,0.0018867837093681312,9.22046470433272,0.07399296764913796,36237560.74697086,36236877.022578016,MultiPolygon
Ins,1682492,496,243,2,0.9991376784478764,0.015725840707918194,26.831196126737392,0.08626256788244013,23868261.484722503,23864507.999941666,MultiPolygon
Röschenz,1683699,2791,1302,13,0.9986752183503751,0.030641167274767483,9.363166151591617,0.13258628532951378,10071817.4815771,10074903.60401924,MultiPolygon
Fiesch,1685305,6057,2304,23,0.9948120629433663,0.024608572893539293,116.04652532854656,0.5200789402029974,11035345.86177572,11032630.220645271,MultiPolygon
Torny,1683411,2115,1002,10,0.9953299176883165,0.09331863373746249,29.472325737198798,0.4683196797448964,10179874.236947522,10189373.956501633,MultiPolygon
Berken,1682377,972,244,2,0.9978266493316365,0.002175063784446234,3.5116254405248934,0.21757386257440925,1388260.4391905707,1388290.6347406174,MultiPolygon
Schöftland,1684423,4144,1905,19,0.9964629791393151,0.02913482734047483,16.362544659771757,0.3542771035752144,6278027.172207442,6276198.079830431,MultiPolygon
Neyruz (FR),1683373,2211,1004,10,0.9980577747236162,0.033496149528571176,8.535136614724568,0.19437876277741345,5530645.633379494,5528793.080048242,MultiPolygon
Fischingen,1684521,4726,2014,20,0.9991259473881828,0.00984767237999754,17.718470082560046,0.0874391707076489,30581204.801044725,30578193.264186062,MultiPolygon
Lauenen,1682526,842,248,2,0.9978448123633693,0.024597509542429986,39.69782272415554,0.21577779060053948,58494976.18762191,58509364.4949715,MultiPolygon
St. Moritz,1684175,3787,1846,18,0.9991632418722511,0.02168440307095245,30.61789329259251,0.08370175953816583,28686567.902935572,28680347.391924277,MultiPolygon
Grabs,1683890,3273,1724,17,0.9995364919903745,0.004348871303906498,20.11903953181576,0.04636255353832737,54647323.796650365,54649700.33843331,MultiPolygon
Seewen,1683575,2480,1104,11,0.9989719975392896,0.05216877495872709,16.39374340423888,0.1028262840930686,16314038.692225683,16305527.858093657,MultiPolygon
Baar,1683138,1701,,9,0.9989351821003939,0.0036744969975176173,9.571001426863374,0.10654046939505797,24846413.980095364,24847326.960831054,MultiPolygon
Laufen-Uhwiesen,1682159,34,102,1,0.9978387397950976,0.021174033409662923,16.831280627462256,0.2163827314813562,6281722.181178636,6283052.275131981,MultiPolygon
Jenins,1684093,3952,1845,18,0.9983014462821289,0.004637213318496362,6.593407913248002,0.16999580701407502,10538006.067409992,10537517.39758913,MultiPolygon
Egnach,1684515,4411,2011,20,0.9930219455790792,0.6119091518329772,702.7964179266635,0.7023910713332032,18426066.456620518,18538817.243591405,MultiPolygon
Rougemont,1685130,5843,2230,22,0.9989590835357735,0.0018620902885140979,65.00370871430948,0.10414488034247373,48542202.88784431,48541298.988198504,MultiPolygon
Fraubrunnen,3411722,538,246,2,0.9994355404198431,0.004327659420195701,3.642788482676869,0.05646311498300306,31907557.614779312,31908938.465202183,MultiPolygon
Wolfhalden,1683968,3038,1503,15,0.9949343720136662,0.332741268267075,20.10326407093313,0.5086939976491662,6931030.336683013,6954092.734929267,MultiPolygon
Personico,1684736,5076,2103,21,0.9933276139267043,0.1946501288344444,118.44844107439023,0.6701236596208225,38874215.36392263,38949884.07421189,MultiPolygon
Torricella-Taverne,1684764,5227,2105,21,0.9999935012143394,0.00016666519929852306,0.007644039828166476,0.0006498812195456386,5249448.858562898,5249457.6075673,MultiPolygon
La Brévine,1685494,6432,,24,0.99903851729462,0.004472869990763918,17.950718803894908,0.09619666654717367,41811682.05001305,41813552.2321921,MultiPolygon
Geuensee,1682838,1085,314,3,0.9986489593692544,0.035778712484359335,13.931472677113618,0.1352195758920461,6472127.660483576,6474443.3044308415,MultiPolygon
Penthalaz,1685096,5495,2223,22,0.997882193317472,0.0028701241255625447,4.4598090455153185,0.21200211882064132,3869762.82053056,3869651.753534246,MultiPolygon
Neuchâtel,1685519,6458,,24,0.9987509694367772,0.031205467324494817,34.55502840186831,0.12496160846534449,30182495.85099088,30173077.262110382,MultiPolygon
Steinen,1683114,1373,506,5,0.998840092232232,0.004447268994229542,9.84550091288132,0.11606066582140781,11849328.217632184,11849855.189132031,MultiPolygon
Molondin,1685052,5921,2224,22,0.9985602053187855,0.014414710426209173,3.3005925755036256,0.14409357781677037,5494979.965310916,5495772.050760894,MultiPolygon
Günsberg,1683515,2547,1107,11,0.9986432815785036,0.0007803171072327593,3.2869980158630767,0.13576446856277327,5263234.895959603,5263275.96588189,MultiPolygon
Muzzano,1684726,5205,2105,21,0.9902551375125845,0.36133418715642285,28.46586562538881,0.9810268104063543,1701442.2320781264,1707590.124537342,MultiPolygon
Geroldswil,1682127,244,111,1,0.9964371427913831,0.006974653971395813,7.338660411572981,0.35690910410083737,1933394.2721131784,1933259.4245527957,MultiPolygon
Meggen,1682896,1063,312,3,0.998981284705941,0.010569639235068335,11.297810183215104,0.10191805842173562,13931866.555757325,13930394.00772367,MultiPolygon
Ayent,1685270,6082,2305,23,0.9996206702782457,0.016626158682895617,23.87024916035548,0.03794332208817605,55333466.03452393,55342665.86439157,MultiPolygon
Niederdorf,1683682,2891,1305,13,0.9973061618468234,0.07226840343027403,24.42442318111244,0.26964967191357614,4405739.345106409,4402555.387622401,MultiPolygon
Ebikon,1682826,1054,312,3,0.9984844821426153,0.013225652300017439,5.4431287105897646,0.1516767419999511,9684106.995971443,9685387.782291092,MultiPolygon
Zermatt,1685406,6300,2313,23,0.9961782525196476,0.039173501769207836,162.20587291247895,0.38298143281395863,242721084.52017954,242816166.8685183,MultiPolygon
Wölflinswil,1684467,4182,1906,19,0.9952574620503777,0.06445773080941827,14.119704859904596,0.4752278413812908,9512592.809849523,9506461.208383154,MultiPolygon
Büetigen,1682404,382,243,2,0.9974661635676612,0.010920244117693557,21.082676966461314,0.25369121419823154,3613965.88918233,3613571.235284901,MultiPolygon
Walperswil,1682714,754,243,2,0.9989732355166944,0.028589192470733195,3.0492555965781794,0.10271450294866155,6955120.561851091,6953132.149047092,MultiPolygon
Pont-la-Ville,1683381,2147,1003,10,0.998889152876798,0.0021455967847599875,3.0451277026740007,0.11114525329770004,5510049.2635679785,5509931.040128141,MultiPolygon
Cheyres-Châbles,1683288,2055,1001,10,0.9961823506920554,0.08691233314004351,121.76133487364335,0.3826612644543978,22343935.245024104,22363354.880460855,MultiPolygon
Hauteville,1683337,2137,1003,10,0.9980424666047343,0.07680938917494827,26.490752648199823,0.19602037621497503,11856881.123090377,11865988.321056223,MultiPolygon
Buchrain,1682819,1052,312,3,0.9983259241037296,0.015410684778541045,3.759254106730551,0.16756074365596924,4803038.988887314,4803779.170085682,MultiPolygon
Gretzenbach,1683511,2576,1108,11,0.9979595935878159,0.027527791514097733,4.68306531517005,0.2042771293419384,5832792.393192164,5834398.032121612,MultiPolygon
Siviriez,1683400,2099,1002,10,0.9983557792329739,0.011298454735778543,37.46185042522842,0.1645480647982699,20284477.357672103,20282185.525179457,MultiPolygon
Rongellen,1684139,3711,1851,18,0.9972828149647947,0.009387357149989398,3.7486025569071293,0.2720753895157785,2017351.9801094013,2017162.604074056,MultiPolygon
Leissigen,1682530,585,250,2,0.9992449152603392,0.02193655466262042,7.018263610807582,0.07552870727451062,10379986.77034243,10377709.758870581,MultiPolygon
Vich,1685180,5732,2228,22,0.9944458796798523,0.027215804019571556,3.838470172424167,0.5568829495427476,1553591.8025644487,1553168.9800641986,MultiPolygon
Jouxtens-Mézery,1685004,5585,2225,22,0.9980196601342208,0.012053210086365016,3.5265912885190422,0.19824221478467208,1933636.7439314928,1933869.809230546,MultiPolygon
Calanca,1684042,3837,1847,18,0.9993462003042364,0.0004542295883170966,6.154867921969291,0.06540120073125952,37721500.32043204,37721328.978216425,MultiPolygon
Caslano,1684651,5171,2105,21,0.9962675017419406,0.33190075367023153,25.654962495352,0.37456827301163814,4657600.863773608,4673059.4761434235,MultiPolygon
Féchy,1684981,5427,2227,22,0.9978392319865167,0.009490342075627673,3.7564969318219092,0.21630023544951582,2699046.483122539,2698790.3343785102,MultiPolygon
Unteriberg,1683117,1375,506,5,0.9931198325815423,0.2726841385548453,158.13172535225115,0.6913330416430146,46430230.69695347,46556838.57155848,MultiPolygon
Dänikon,1682109,85,104,1,0.9978996709769046,0.02705973724147866,3.3121260744422467,0.21022525623726573,2865416.9026734303,2864641.528388694,MultiPolygon
Juriens,1685005,5754,2224,22,0.9980275596300944,0.02262933026429412,7.500304349857945,0.19746109460978412,9350221.859316032,9352337.751901021,MultiPolygon
Romoos,1682911,1007,316,3,0.9994892117843539,0.002192340257925881,4.152636767911554,0.05109131007333831,37391154.30123789,37390334.55990924,MultiPolygon
Triengen,1682924,1104,314,3,0.9975551600263843,0.00788119389414477,17.085197288305405,0.24477357934819546,22089173.60417537,22087432.71357401,MultiPolygon
Leysin,1685029,5407,2221,22,0.9992619675267966,0.018713261666365333,4.415041866921578,0.07383740001724048,18575636.03708978,18579112.144467592,MultiPolygon
Galgenen,1683074,1342,505,5,0.9990004946129789,0.02087170767358431,16.192309976469712,0.0999900783210489,13265536.049275335,13262767.305369796,MultiPolygon
Schöfflisdorf,1682206,99,104,1,0.9974367374154373,0.044087756016368884,6.118080722201905,0.2565986190282679,4012786.5943885823,4011017.4468253907,MultiPolygon
Hasle (LU),1682850,1005,316,3,0.9993485711169048,0.0010599231345787873,7.605118089316289,0.06516376785771749,40312752.518890575,40312325.23470044,MultiPolygon
Winznau,1683588,2501,1105,11,0.9981173600094243,0.03155129806520408,4.006051982454642,0.18841165484772804,3941823.2290851045,3940579.5326888924,MultiPolygon
Bühler,1683870,3021,1502,15,0.9933233842597289,0.07741889682597017,16.807374829713133,0.6701572132390482,5594847.127579054,5599178.596504325,MultiPolygon
Moosleerau,1684367,4277,1910,19,0.9931630677855362,0.10917350192003954,64.14660358630924,0.6856639344512236,3812631.499652465,3808469.1163289878,MultiPolygon
Leuggern,1684352,4313,1911,19,0.9963263674004418,0.008310476263153442,10.79686779787379,0.368054573413759,13755812.746724134,13756955.920277255,MultiPolygon
Lutry,1685039,5606,2226,22,0.9995036284642528,0.0007700855335952343,3.737288861719141,0.0496496670397155,16628825.420282152,16628953.47646112,MultiPolygon
La Sarraz,1685013,5498,2227,22,0.9974615539742075,0.018460530470891395,24.56176075979241,0.2541906577420748,7703872.078444563,7705294.254097043,MultiPolygon
Rüti (ZH),1682201,118,105,1,0.9985439222698316,0.007448293495873323,7.60148864567672,0.14570843177078968,10059045.920189045,10058296.692926025,MultiPolygon
Orvin,1682602,438,241,2,0.99916916135671,0.004235449777055962,9.062837325787003,0.08312015353447855,21592332.487641074,21593247.020039283,MultiPolygon
Fischbach,1682835,1129,315,3,0.9988565408651188,0.003169411094329943,3.5992624479466855,0.11440951274322037,8047500.421876025,8047245.363504838,MultiPolygon
Sainte-Croix,1685144,5568,2224,22,0.9985056789691866,0.03128970058042502,107.50833268895414,0.14956723224050447,39471308.149934106,39483658.6040694,MultiPolygon
Leimbach (AG),1684349,4137,1905,19,0.9888600804318777,0.017844107462354195,11.512138604848381,1.1201316541176582,1146870.20304682,1146665.5542953345,MultiPolygon
Simplon,1685376,6009,2301,23,0.9990198428303931,0.0360752463978275,124.05619937651241,0.09804608754281387,91010656.978326,90977824.65957278,MultiPolygon
Bözberg,2743442,4124,1904,19,0.9952666667055905,0.12431482842405765,50.14931136979134,0.4747511188377826,15502872.757450905,15522145.12712013,MultiPolygon
Les Breuleux,1685610,6743,2602,26,0.99751745827028,0.06842810585207072,11.542896976319655,0.24847766324184828,14872528.089177452,14862351.09991371,MultiPolygon
Blumenstein,1682385,922,247,2,0.9993352919967035,0.0027146441044172023,11.719602290990816,0.06649199698811364,15519033.909374699,15518612.622835616,MultiPolygon
Walterswil (BE),1682715,959,244,2,0.9982808703802336,0.013340033490346043,4.252345504986932,0.17207233592477855,7872341.247381931,7873391.420340806,MultiPolygon
Wengi,1682719,394,243,2,0.9987638246047674,0.005788442418802922,8.235243340045779,0.1236904132809594,7081900.424480188,7081490.49275196,MultiPolygon
Coldrerio,1684663,5251,2106,21,0.9999922544791234,4.26534311864367e-05,0.015605333200521779,0.0007745552526060927,2459350.9556494677,2459352.004647035,MultiPolygon
Grandevent,1684994,5560,2224,22,0.9967051554617693,0.17731079168010266,16.83803060327551,0.3303207373084272,3444342.9645259026,3450450.1563044814,MultiPolygon
Lavertezzo,1684693,5112,2104,21,0.9997654120807408,0.008990578649982938,0.3847272475595246,0.023462598487555202,896319.0849884765,896399.6692607672,MultiPolygon
Jaun,1683339,2138,1003,10,0.9958800462790244,0.13814486728075037,87.19844515911574,0.4125606622851672,55680430.531096466,55603510.87423793,MultiPolygon
Iffwil,1682489,541,246,2,0.9988006677164849,0.02703435737706071,2.9748426596735675,0.12002141271769627,5059201.361460014,5060569.0840364965,MultiPolygon
La Chaux-de-Fonds,1685495,6421,,24,0.9991141083925478,0.009035964336079522,40.346025810990774,0.08862441411502262,55712506.98198097,55707472.819719344,MultiPolygon
Steinmaur,1682212,101,104,1,0.9983478557616096,0.003093716440382601,6.118080722201905,0.16534845795723066,9392820.64531958,9392530.05808306,MultiPolygon
Courroux,1685592,6709,2601,26,0.9963782452870507,0.007243529279616329,63.037483557397884,0.3628193755432804,19739386.631461866,19737956.8032116,MultiPolygon
Veyrier,1685542,6645,,25,0.9984426170448677,0.020876406704049697,9.87803377428874,0.15584339315539703,6496751.039079551,6495394.750910083,MultiPolygon
Penthéréaz,1685098,5531,2223,22,0.9983901761743291,0.03015184055476551,11.885393591828207,0.16108777445998032,5676012.909683125,5674301.4873207295,MultiPolygon
Allmendingen,1682363,630,246,2,0.9985503319557945,0.018450725676697075,2.8909972654594456,0.1450585740966387,3810526.908882459,3809823.8390156645,MultiPolygon
Boudry,1685455,6404,,24,0.996101701141713,0.2418669896357337,67.72101958016434,0.3910635620517073,16757116.041524958,16797645.97364436,MultiPolygon
Grengiols,1685311,6177,2309,23,0.9970642585506213,0.10619951925126196,170.11200274553062,0.29384959098454605,58515102.74622128,58452959.98841541,MultiPolygon
Les Enfers,1685611,6745,2602,26,0.9911961387624378,0.3165873364740286,30.599124011206474,0.8856784141758692,7116070.122927459,7138598.699791259,MultiPolygon
Zug,1683151,1711,,9,0.9992310994218951,0.0017469116639222489,9.571001426863374,0.07691895772529844,33838640.239027016,33838049.10787377,MultiPolygon
Lavey-Morcles,1685019,5406,2221,22,0.9989195375607394,0.018967579860022978,21.747520892542024,0.10809439301312707,14199642.668914927,14196949.340351863,MultiPolygon
Liddes,1685331,6033,2303,23,0.9985859568348702,0.0019210447926489018,52.08253267102438,0.14150572233282105,58649168.885708466,58650295.56251328,MultiPolygon
Feusisberg,1683071,1321,503,5,0.9989460971233202,0.004366474616938228,3.7231819585559127,0.10544355037842791,17502233.403877955,17501469.173298977,MultiPolygon
Muotathal,1683092,1367,506,5,0.9980271761727261,0.05189445804119656,158.13172535225115,0.1974259367118008,172140592.69569728,172051261.26804894,MultiPolygon
Reutigen,1682619,767,247,2,0.9961483698211335,0.023383235098677277,56.374309891258726,0.385951320550499,13747941.831969792,13751156.54552959,MultiPolygon
Hofstetten-Flüh,1683524,2476,1104,11,0.9990021642176571,0.0027211466555810324,3.3018705761281737,0.09983474520355284,7514199.989172995,7514404.461574694,MultiPolygon
Brenzikofen,1682390,606,246,2,0.9979687332601507,0.038561132848565015,2.970934157377291,0.20337238974366703,2194024.025617408,2194870.066136656,MultiPolygon
Aegerten,1682359,731,242,2,0.998448412391055,0.0027089263692475422,3.092473695767794,0.15528132875556525,2156490.756817449,2156549.1745642107,MultiPolygon
Brittnau,1684280,4274,1910,19,0.9975811975792395,0.1353939882054245,45.42848701678881,0.24233707047567263,13671052.764730452,13689562.548298288,MultiPolygon
Salenstein,1684553,4851,2013,20,0.9986508859261793,0.017019104277070637,3.874294242222991,0.13501396235720964,6551094.047854584,6552208.985381877,MultiPolygon
Remetschwil,1684401,4039,1902,19,0.99419233953366,0.10858125007263651,9.493153564538495,0.5827736238186627,3880901.011478153,3885114.9423104976,MultiPolygon
Mörigen,1682561,742,242,2,0.9986071291709208,0.016792535012436254,8.119204851497786,0.13937245190318337,2159160.697154583,2158798.1193385385,MultiPolygon
Vinelz,1682708,502,243,2,0.9988022721037735,0.032947913319338724,2.9665064681925606,0.11986430335007874,4564446.806468003,4565950.696445306,MultiPolygon
Prévonloup,1685112,5683,2222,22,0.9971418474646814,0.04620368820162401,4.335733555608026,0.28615816678249534,1837547.3658214586,1836698.3511659973,MultiPolygon
Misery-Courtion,1683363,2272,1005,10,0.9948259551915132,0.16848132071148914,45.2016503347671,0.5191834851079832,11351442.340866387,11370567.400842082,MultiPolygon
Bever,1684045,3781,1846,18,0.999209939454254,0.001308945006497248,4.126567569362602,0.07903779396881945,45749870.018380836,45750468.85901992,MultiPolygon
Zihlschlacht-Sitterdorf,1684575,4511,2015,20,0.9979848547114201,0.007655705178525855,10.976089169999298,0.20171005271029588,12207379.746083736,12206445.185080353,MultiPolygon
Puplinge,1685526,6636,,25,0.9977791046990616,0.011550678239418168,3.5038212222625518,0.22232358236985938,2672108.390158578,2671799.743516222,MultiPolygon
Saint-Martin (VS),1685367,6087,2305,23,0.9941352311755025,0.14469042894327716,109.1980920013445,0.5886272517862599,36954851.137278534,37008321.26990441,MultiPolygon
Schelten,1682650,708,241,2,0.9989170343537173,0.009100822166439381,7.269137327579881,0.10835030651924876,5560859.17961999,5560353.095715127,MultiPolygon
Rickenbach (SO),1683568,2582,1108,11,0.9957166945502861,0.07273749641088842,44.339938733549616,0.42909373628356184,2758953.923995537,2756947.129984093,MultiPolygon
Rüti bei Lyssach,1682639,422,245,2,0.9966532833521033,0.022815607511913662,2.9410407621686603,0.33527087178051157,1293657.9552024922,1293953.1111240978,MultiPolygon
Aclens,1684829,5621,2227,22,0.9974283334364092,0.034540275671486216,31.671352331066817,0.2574532853258161,3898165.3498854856,3896818.912827505,MultiPolygon
Rehetobel,1683923,3034,1503,15,0.9893160288096702,0.09691590055825534,29.25174522201154,1.0736146295741533,6723190.570392044,6716674.729704501,MultiPolygon
Linescio,1684696,5315,2108,21,0.9967278238218775,0.32686693991975313,85.46957298034039,0.3272181924924165,6682991.323590512,6661146.8343559895,MultiPolygon
Vilters-Wangs,1683955,3297,1725,17,0.9993454322107229,0.00407198793103479,15.941957092846254,0.06547687575861627,32716865.105577335,32715532.878778823,MultiPolygon
Dalpe,1684674,5071,2103,21,0.9932967196210795,0.18988020476250395,31.942036923693543,0.671943741415314,14553816.873469843,14526182.056189738,MultiPolygon
Obermumpf,1684389,4256,1909,19,0.9954072079935595,0.12486403351704566,52.78202638368436,0.46062371236375316,5019828.278190454,5026096.238254231,MultiPolygon
Petit-Val,4449432,716,241,2,0.9993571304406768,0.0034847458132343458,3.2901514700688694,0.06430874711871769,23901819.75838594,23902652.67604926,MultiPolygon
Mezzovico-Vira,1684715,5199,2105,21,0.98980619487613,0.039129665493011,39.391220708606134,1.0248032749168074,11130180.076393642,11134535.278626304,MultiPolygon
Beinwil (SO),1683479,2612,1110,11,0.9992377763356408,0.0004963034121702647,3.4438018984105256,0.0762516159759734,22661799.312241416,22661911.783524662,MultiPolygon
Martigny-Combe,1685333,6137,2307,23,0.9992398713963188,0.01670126480999384,32.1848994019276,0.07603541115897942,37412256.4558844,37406008.135862306,MultiPolygon
Untervaz,1684198,3946,1845,18,0.9994464510344431,0.005020866631797954,2.6731379279877086,0.055371611652649776,27720015.48826896,27721407.27327694,MultiPolygon
Le Flon,1683350,2337,1007,10,0.9967716593881291,0.01572089122108598,26.26209760524338,0.3233305956377363,9568840.104685463,9567335.797741486,MultiPolygon
Widnau,1683964,3238,1723,17,0.9986648690115356,0.040598860942791165,3.43917707677753,0.13357516661985094,4218097.272757156,4216384.7733109575,MultiPolygon
Killwangen,1684340,4030,1902,19,0.9953018956692297,0.02549804748731816,13.921460759514385,0.47085660355748477,2433923.8068579594,2433303.2038098816,MultiPolygon
Felben-Wellhausen,1684520,4561,2012,20,0.9982490555055018,0.010253011553839186,3.271591991353589,0.1752388900075713,7381024.219892125,7380267.442626067,MultiPolygon
Dietlikon,1682104,54,103,1,0.9974717229352348,0.06604936900992238,10.81283567477526,0.2530641190284709,4247873.662681477,4245067.968930937,MultiPolygon
Wangen an der Aare,1682716,992,244,2,0.9988105982092474,0.0015116878400034195,3.3368825681883765,0.11901185453382537,8133029.828899116,8133152.774922064,MultiPolygon
Oberhünigen,1682589,629,246,2,0.9979650158291278,0.07006462731909185,7.474676186182303,0.20363432319580257,6015808.114893929,6011593.161357997,MultiPolygon
Zell (ZH),1682245,231,110,1,0.9981806241918012,0.017495228480622408,12.330467283136645,0.18208730824418592,12973742.165027574,12971472.379193315,MultiPolygon
Grindel,1683512,2617,1110,11,0.9985385909910535,0.026154467483102826,3.83541744666899,0.14622863963321406,3083686.646649063,3082880.1248277845,MultiPolygon
Rossa,1684140,3808,1847,18,0.9994061107039018,0.006442621241199161,16.536775312297944,0.05940465640294731,58886419.00951967,58882625.18058038,MultiPolygon
Thundorf,1684562,4611,2012,20,0.9986019844454147,0.026717791008698945,25.41433822930725,0.1399180351968898,15615522.30381583,15619694.42642988,MultiPolygon
Bowil,1682388,605,246,2,0.9988451786648476,0.019491477192437767,7.262583289507909,0.11556011374458143,14684886.168327926,14687748.46956616,MultiPolygon
Oberems,1685349,6112,2306,23,0.999150403738488,0.0051509496353583355,19.613281492028694,0.0849935431357928,50261798.46789332,50259209.50796841,MultiPolygon
Meisterschwanden,1684359,4202,1907,19,0.9983141011376068,0.12197914677329771,7.722436283761773,0.16862920988350635,6868875.936677024,6860497.340416549,MultiPolygon
Stein (AG),1684432,4260,1909,19,0.9958005030723845,0.11066649667184215,13.332324880788978,0.4206004761588284,2828246.661601114,2825116.740103482,MultiPolygon
Bussigny,1684875,5624,2229,22,0.9977979182779744,0.031479994190401275,8.383635714510296,0.2204855966136969,4810242.603629927,4811756.867722094,MultiPolygon
Lumino,1684702,5010,2101,21,0.9920799846320891,0.4298170865453043,60.359103987971515,0.793441492231805,10095343.98568691,10051952.472290903,MultiPolygon
Unterramsern,1683584,2463,1103,11,0.9982959865997748,0.01471184367429,3.070707801039407,0.17053410163028665,1576178.0161601459,1575946.1313143799,MultiPolygon
Horw,1682879,1058,312,3,0.9987058796769689,0.021849167561767097,26.576761682287476,0.12950997077156834,20432287.41384374,20436751.698557492,MultiPolygon
Basel,1683619,2701,,12,0.9992153589867897,0.01327586978775451,6.311481919869761,0.07850010691877353,23855113.83513973,23858280.808990203,MultiPolygon
Croy,1684933,5752,2224,22,0.9961948568191055,0.13310277205679882,22.614963163351202,0.38098593355018445,4477498.338104651,4471538.663697837,MultiPolygon
Anières,1685445,6602,,25,0.9992858209374899,0.03454116182830402,7.633587361002821,0.07145575664103311,8772040.708137907,8775070.67291455,MultiPolygon
Matzendorf,1683548,2427,1102,11,0.9990346794570323,0.0033537990002011284,3.3607762862725523,0.09657704945604671,11271384.645006979,11271006.625421446,MultiPolygon
Zäziwil,1682741,628,246,2,0.9984807316139125,0.004293198763531645,4.243580905131266,0.15204559890527006,5405348.581922501,5405580.644280985,MultiPolygon
Chavannes-le-Chêne,1684891,5907,2224,22,0.9988348720613427,0.00016759142480480884,3.3135029852312083,0.1165806118970032,3997281.973668923,3997275.27456711,MultiPolygon
Chavannes-de-Bogis,1684889,5707,2228,22,0.996273093308806,0.11202936369558983,13.200030519449086,0.3735956085987273,2856144.512707997,2859344.2332318104,MultiPolygon
Sulgen,1684561,4506,2015,20,0.9983388305112209,0.030771855530676368,31.58629907193966,0.16622945789580443,9121170.38867752,9118363.63530281,MultiPolygon
Wald (BE),1682710,888,246,2,0.9991441063871859,0.002423848382983508,5.617103570709515,0.08562496693435144,13297368.988580415,13297046.680517206,MultiPolygon
Samedan,1684150,3786,1846,18,0.9987338798389097,0.004283875047916607,50.89847807539783,0.1266949335642597,113786590.38527746,113791464.86063085,MultiPolygon
Cerentino,1684656,5309,2108,21,0.9939154418557974,0.022426771975977672,46.62617114686369,0.6102441188329014,20097088.149101026,20092581.020968016,MultiPolygon
Saanen,1682641,843,248,2,0.9996915380568031,0.0009285096884230783,6.574452759160253,0.03085109571852908,120056571.8315814,120057686.56848244,MultiPolygon
Tuggen,1683116,1347,505,5,0.9990653255125722,0.015261984215269616,3.6145179068758235,0.09350401415745575,15086677.375188721,15084374.848869111,MultiPolygon
St. Ursen,1683404,2304,1006,10,0.9988053754697542,0.0031742616077856892,15.713814473298418,0.11953574921884343,15717742.600766344,15718241.52303533,MultiPolygon
Pfäfers,1683919,3294,1725,17,0.9996653137328086,0.0005945330440059085,5.937143439914046,0.03347412889388709,128461417.76975405,128460654.02417661,MultiPolygon
Rothenbrunnen,1684141,3637,1851,18,0.9979362337283884,0.06552693597307815,5.396554910310858,0.2065221177115572,3112167.104286912,3110127.7965411106,MultiPolygon
Greifensee,1682130,194,109,1,0.9978899876750171,0.04475897275041294,3.8048060630532343,0.21117680433602576,2310171.3205400435,2309137.311588195,MultiPolygon
Cormoret,1682413,432,241,2,0.9989833453783643,0.015947089885910478,3.7018156803208377,0.10170905731390724,13479782.10528979,13477632.472321035,MultiPolygon
Twann-Tüscherz,1682694,756,242,2,0.9964812133054595,0.18789216479851734,27.513634000111978,0.3528300124555076,12412408.152828984,12435730.095210962,MultiPolygon
Schlatt (TG),1684555,4546,2012,20,0.9987263732721808,0.03783965078430099,12.703459336705535,0.12746794286658045,15542819.187318757,15548700.535821274,MultiPolygon
Basse-Vendline,16915085,6812,2603,26,0.997711420713142,0.07243148537482257,13.178376475507454,0.2290371309039864,18670261.296432387,18656738.14885202,MultiPolygon
Alberswil,1682813,1121,315,3,0.9981548702984686,0.019282479448351757,3.2229171787989084,0.18470115828732905,3534940.9619924105,3535622.586256918,MultiPolygon
Kirchleerau,1684341,4275,1910,19,0.9919575450996677,0.16663058504899522,28.315911004323837,0.8081653662712429,4357381.720944491,4364642.451598919,MultiPolygon
Saint-Maurice,1685368,6217,2310,23,0.9984222293174232,0.000871942890512343,25.772785526562284,0.15790232294859283,14920702.755540485,14920832.855547376,MultiPolygon
Bremblens,1684866,5622,2227,22,0.9974616834666632,0.0005225561701154301,3.5449195363183414,0.2541548793062359,2905811.7715238878,2905826.956022592,MultiPolygon
Gersau,1683075,1311,502,5,0.9991513867608207,0.05451223133023285,8.506015040147393,0.0849204861428565,23568235.88410932,23581083.45537492,MultiPolygon
S-chanf,1684145,3788,1846,18,0.9994798996217688,0.006717473854256897,17.15858194596273,0.05202531389610504,138027462.7439425,138036734.70266402,MultiPolygon
Reisiswil,1682617,336,244,2,0.9974372997986719,0.027136373149784076,3.3485199717525154,0.25656399724200907,2008676.5532780413,2008131.4713131716,MultiPolygon
Dozwil,1684514,4406,2011,20,0.9952695353475115,0.012515381989053817,9.675251175541709,0.47413831072236234,1304453.9690855045,1304290.711688402,MultiPolygon
Hundwil,1683895,3002,1501,15,0.9999960776159796,2.8793317842861975e-05,0.015442072316217947,0.0003922392279538195,24081473.75763108,24081480.69148636,MultiPolygon
Iseltwald,1682495,582,250,2,0.9937181020934872,0.20069243193861536,319.1630399124674,0.6295367688223352,21912490.596208476,21868513.885932624,MultiPolygon
Nenzlingen,1683679,2789,1302,13,0.998345781884757,0.05595812491884267,16.60063528650705,0.16551242487797826,3661002.9300610106,3658954.3014681246,MultiPolygon
Russikon,1682198,178,108,1,0.9970331299675238,0.08567137359393844,75.81143552263055,0.2970004962680884,14214593.14685556,14202415.309655858,MultiPolygon
Sigriswil,1682665,938,247,2,0.999727756899707,0.0014041207948559317,7.917189989323627,0.027227825191618336,55413493.49812272,55412715.42573736,MultiPolygon
Montfaucon,1685617,6751,2602,26,0.9955286963861458,0.0369196020112138,16.108788724194103,0.44804950469517396,18250089.150049586,18243351.289768696,MultiPolygon
Bergdietikon,1684267,4023,1902,19,0.9999096245207157,0.0003257581772131094,0.5898576216345077,0.009037971054326934,5935683.6764108455,5935703.012385795,MultiPolygon
Zeiningen,1684471,4263,1909,19,0.9970425792522527,0.024625030129575384,13.026844956706245,0.296143572059406,11371427.733982908,11368627.516477251,MultiPolygon
Giswil,1683077,1403,,6,0.9997436278527306,0.0026775221444769117,10.302670258401061,0.02564015821703921,85958098.18243897,85955796.63532516,MultiPolygon
Rifferswil,1682196,12,101,1,0.9981153851645802,0.02039160303061462,3.7338049898491747,0.18862000641422666,6509824.549511545,6508497.091931419,MultiPolygon
Kleinandelfingen,1682153,33,102,1,0.9982122899715,0.005897903270774673,5.09493120194938,0.17893621775609117,10293585.012150843,10294192.117837954,MultiPolygon
Chalais,1685285,6232,2311,23,0.9986173422531903,0.04922532294731002,31.06551829399074,0.13832737350119517,24343415.252849594,24331432.128074974,MultiPolygon
Riddes,1685357,6139,2307,23,0.9989390981949947,0.015424231386254358,18.033962272502066,0.10613829986004507,23900422.20235817,23896735.745935388,MultiPolygon
Mosnang,1683907,3394,1727,17,0.9991323628938515,0.019027206094237845,10.989574334881192,0.08679310872090064,50510911.28454799,50501300.4693578,MultiPolygon
Schlatt-Haslen,1683932,3104,,16,0.9981464022625216,0.04518483076308343,16.77961725993863,0.18548980824239875,17930827.945199512,17922725.930938054,MultiPolygon
Bourg-en-Lavaux,373404,5613,2226,22,0.99979121722251,0.006496052990024073,3.737288861719141,0.020879779286174283,27432450.07504783,27430668.04855449,MultiPolygon
Belmont-Broye,5817631,2053,1001,10,0.9900368160231796,0.013085746103748852,205.71569839428057,1.0012409838979381,25800786.187306635,25797409.961933393,MultiPolygon
Anwil,1683613,2841,1304,13,0.9985547037416114,0.019332150213282825,3.358572096821909,0.14462016498830932,3953062.464037431,3952298.2520638583,MultiPolygon
Sisseln,1684428,4177,1906,19,0.9958228196508724,0.14256083136382836,8.281460534645353,0.4188906770166105,2521685.2803009986,2525280.215800975,MultiPolygon
Ipsach,1682494,739,242,2,0.998210455525586,0.07461956143504682,3.2654487672810735,0.17918154162217453,1896640.1593889548,1898055.4239578918,MultiPolygon
Freienstein-Teufen,1682125,57,103,1,0.9984165593159622,0.0158774563634883,5.400878614528653,0.15845695149033168,8404056.233126622,8402721.882765444,MultiPolygon
Mauraz,1685046,5488,2227,22,0.9999770631348834,0.00011352872868835898,0.014498539233900586,0.0022937141189237594,497532.23366598523,497532.7985080049,MultiPolygon
Chancy,1685462,6611,,25,0.9953038323692137,0.08087306137484063,28.097200256049536,0.47091240159363873,5380939.507949028,5385291.238459835,MultiPolygon
Veysonnaz,1685396,6267,2312,23,0.9973083042440472,0.02017431354978852,3.294755925323578,0.2695051369548555,1143915.8031193763,1143685.0259585094,MultiPolygon
Hauterive (FR),1683336,2233,1004,10,0.9977506778172746,0.009517513649104208,28.84436990541152,0.22517475958631394,11966480.695918469,11965341.784484917,MultiPolygon
Châtel-Saint-Denis,1683290,2325,1007,10,0.999533851181204,0.003750818889983266,14.498176287697007,0.04662662357246429,47930501.4993815,47932299.2856858,MultiPolygon
Le Lieu,1685022,5873,2224,22,0.9977922407621939,0.12877894023250336,146.6816082607483,0.2211622166915521,35893320.839982405,35939543.87817439,MultiPolygon
Sembrancher,1685374,6035,2303,23,0.9991556266312512,0.004783256738753928,8.298531899008347,0.08447502053099444,17681567.770776555,17682413.525558468,MultiPolygon
Ermensee,1682831,1025,313,3,0.9982883716840678,0.0038243904193713033,21.853524653356224,0.17131271640875326,5691302.652339947,5691520.309973321,MultiPolygon
Dotzigen,1682423,386,243,2,0.9978679427295816,0.03709301107334554,13.088052832181884,0.21339366859117168,4231506.274714691,4229936.681623641,MultiPolygon
Hindelbank,1682481,409,245,2,0.9989011835352564,0.014563316437872696,3.207331520969412,0.10993404393719412,9694242.363434985,9692830.560243344,MultiPolygon
Champtauroz,1684884,5812,2222,22,0.9983958568783838,0.012858989010882263,3.3004814458121055,0.16053275709127673,3053929.6491260855,3053536.9446481043,MultiPolygon
Höchstetten,1682487,410,245,2,0.998612613423722,0.008345836263648211,2.8573228150949173,0.13882917304261744,2636748.5794405597,2636528.5207214355,MultiPolygon
Locarno,1684697,5113,2104,21,0.9957932250470721,0.06653517323140294,91.82253841940225,0.42142396393064707,24610809.511516266,24594434.666774128,MultiPolygon
Gossau (ZH),1682129,115,105,1,0.9988083556683874,0.013309813386220613,21.119494746511233,0.11924341131048506,18262040.953661893,18264471.59723334,MultiPolygon
Recherswil,1683567,2530,1106,11,0.9985418485575787,0.0024630696147891584,3.1635159686428094,0.14591973501388344,3361892.4210143792,3361809.6152636753,MultiPolygon
Prévondavaux,1683384,2038,1001,10,0.9969367963357632,0.024645110702671134,3.3368495223711196,0.3068280513259645,1820387.693351457,1820836.3299137012,MultiPolygon
Le Locle,1685506,6436,,24,0.9993244761999768,0.006345824360330978,52.9348208754589,0.06757734843359578,34660146.151096284,34662345.62309407,MultiPolygon
Biasca,1684627,5281,2107,21,0.9938956993602447,0.06127254889079366,125.55161620929235,0.6124864778043839,59085047.64317866,59121250.55788297,MultiPolygon
Eisten,1685297,6282,2313,23,0.9941910382676483,0.2154940976970491,118.72117775924205,0.5819605680864055,38088892.47280171,38006813.157644644,MultiPolygon
Oberembrach,1682175,65,103,1,0.9984873214148026,0.00013460744615048274,3.9972431741262984,0.15138245682871787,10256479.600491535,10256493.40647679,MultiPolygon
Kienberg,1683534,2492,1105,11,0.9987568075827147,0.0034451061666138966,3.6697072031494296,0.12439442336560474,8529646.540455539,8529352.685076583,MultiPolygon
Homberg,1682483,931,247,2,0.9989834076577232,0.018080926081315857,5.559889905016757,0.10170173836648369,6513779.775210982,6512602.023504727,MultiPolygon
Ennetbürgen,1683068,1505,,7,0.9990822762339492,0.06088733117537813,7.842997355201175,0.09184245848400707,17697380.711241454,17708156.174044475,MultiPolygon
Sachseln,1683099,1406,,6,0.9995580134715837,0.00017542043158484094,10.218168907468046,0.0442084613805246,57472699.72060658,57472800.53946447,MultiPolygon
Wimmis,1682727,769,249,2,0.9979434559746321,0.02837883038762881,73.95133626601825,0.2058953000682851,22353076.97381691,22359420.515617725,MultiPolygon
Gsteig,1682460,841,248,2,0.996214561227686,0.10879111119788197,63.090054030380294,0.3790554117123405,62398797.248534724,62330912.90363393,MultiPolygon
Koppigen,1682514,413,245,2,0.9988200599149452,0.011705394046627049,3.242522174700938,0.11807057243792182,6929310.535697047,6930121.638799964,MultiPolygon
Urmein,1684199,3670,1851,18,0.9978018277519876,0.012703359279478391,3.65911828693031,0.22007306614047922,4325257.622990475,4325807.076006087,MultiPolygon
Grandfontaine,1685602,6792,2603,26,0.9999955082173317,7.9436526887526e-05,0.015472179052424803,0.0004491790972462407,8970719.684327425,8970712.558299271,MultiPolygon
Collina d'Oro,1684664,5236,2105,21,0.9934744199231932,0.3853424403062371,51.356799748160256,0.6534327300072232,7446457.940087776,7417763.577345064,MultiPolygon
Andwil (SG),1683859,3441,1721,17,0.9971985063556782,0.027548945769466766,26.60107600135309,0.28058097644153235,6306279.2270504935,6308016.540494825,MultiPolygon
Kerzers,1683341,2265,1005,10,0.9994472046095839,0.0008244700487596774,3.131482087537136,0.055295050347726235,12280081.205942482,12280182.451533988,MultiPolygon
Malters,1682893,1062,312,3,0.9993942018187602,0.004024645631242296,3.4889435963954445,0.0605969538248121,28571839.29073322,28570689.375451438,MultiPolygon
Montreux,1685062,5886,2230,22,0.9996124506870124,0.011773582640514264,13.236747715396326,0.038760160613541324,44488633.38363426,44483395.477617204,MultiPolygon
Flüelen,1683072,1207,,4,0.999024759369315,0.0016436679597727228,3.565255867887583,0.097570839105862,15749300.83268777,15749041.966476094,MultiPolygon
Rothenfluh,1683698,2858,1304,13,0.9989196338166147,0.0075315545789063475,3.6988852098624094,0.10809093881749779,10946288.713760432,10945464.28805159,MultiPolygon
Rances,1685115,5760,2224,22,0.9969185618901691,0.13609927840956385,117.28310201589206,0.30882932095439203,9829666.731807832,9843044.837299887,MultiPolygon
Olsberg,1684396,4257,1909,19,0.9943207600314453,0.0008137266617400366,13.643900232892546,0.5695389603947564,4612218.418185624,4612180.887334658,MultiPolygon
Murten,5817743,2275,1005,10,0.997311047288,0.06418266306521773,202.08601332052086,0.26934368949522375,39559594.378626145,39584984.779796146,MultiPolygon
Glattfelden,1682128,58,103,1,0.9981157961748789,0.0004005068923001196,15.865473273896761,0.18859768343209687,12293033.582690278,12292984.348243507,MultiPolygon
Trimbach,1683582,2500,1105,11,0.9989384525814661,0.004114917173749304,3.203136589125196,0.10621330117107376,7595777.690362012,7596090.250322673,MultiPolygon
Bioggio,1684628,5151,2105,21,0.999991500697365,1.2798763873247715e-05,0.015192493846531666,0.0008499338212897249,6405048.858113373,6405048.038346293,MultiPolygon
Mönthal,1684374,4106,1904,19,0.9917695310703876,0.21067737812353612,50.14931136979134,0.8255773505201718,3942987.095089423,3934680.113257739,MultiPolygon
Utzenstorf,1682704,552,245,2,0.9991403196008168,0.025071657658805875,9.359996610463158,0.08599422688765408,16935354.43133348,16931108.45724715,MultiPolygon
Alle,1685569,6771,2603,26,0.9975472640612207,0.01594793085872523,14.01852158763765,0.24555517684987754,10600251.913319567,10598561.39247358,MultiPolygon
Choulex,1685463,6614,,25,0.9979961290236842,0.018480782052742173,3.1980054443979724,0.20056953881890846,3908961.1668084706,3908238.7602147064,MultiPolygon
Niederrohrdorf,1684381,4035,1902,19,0.9936137478031823,0.12927381703280533,8.947889112401151,0.6410850727579249,3330922.089675942,3335228.099803655,MultiPolygon
Oberlunkhofen,1684388,4073,1903,19,0.9939258550229326,0.05314788954043203,10.040884436770442,0.6094267850224574,3248257.9274468133,3249984.307982081,MultiPolygon
Bäriswil,1682400,403,246,2,0.997895683793777,0.0517083455080157,8.000810444240205,0.2107077238161376,2733463.596894959,2734877.0256959773,MultiPolygon
Laufenburg,1684347,4170,1906,19,0.9960643037107163,0.06276022786786585,12.440771781472483,0.39446938737829385,14470422.09380315,14479503.763682663,MultiPolygon
Gais,1683881,3022,1502,15,0.9975032536387282,0.051152724600291855,32.22306085464395,0.24992277532775714,21210498.84895641,21199649.100893855,MultiPolygon
Naters,1685345,6007,2301,23,0.9998398179808633,0.0005242098599012624,3.3820645077950955,0.016019442942667578,147218933.84076974,147218162.1046029,MultiPolygon
Langnau am Albis,1682158,136,106,1,0.9984177846745635,0.009659133672202514,3.6909831389264647,0.1583391544473781,8665760.612378048,8664923.574976785,MultiPolygon
Trubschachen,1682692,909,245,2,0.9990401404419823,0.006039796649673603,4.734082568534513,0.09603494450956769,15652059.921589049,15653005.274179798,MultiPolygon
Illnau-Effretikon,5817371,296,108,1,0.9991476120878712,0.00550913939178538,6.148515794866945,0.08527748392344962,32906309.816597763,32908122.671074253,MultiPolygon
Sumvitg,1684179,3985,1850,18,0.9994959682098519,0.0051999057568991175,33.6141661166584,0.05041719540834828,101881045.37388657,101886343.09223016,MultiPolygon
Elsau,1682117,219,110,1,0.9987868061102195,0.024412330038911845,5.373242559835501,0.1213782081835294,8067375.337333914,8065405.903041086,MultiPolygon
Cortébert,1682414,433,241,2,0.9981967711612302,0.03570558281007484,12.455282118056825,0.18051783402744606,14753247.27057251,14758515.003493879,MultiPolygon
Langenthal,1682524,329,244,2,0.998299265905699,0.07894857818574197,84.84608472963197,0.17028534974914733,21130342.561158158,21147024.66617597,MultiPolygon
Wetzikon (ZH),1682237,121,105,1,0.9916124563799249,0.2910903885780339,230.4585269175821,0.8410608124676614,16808398.593980823,16759470.96119986,MultiPolygon
Walzenhausen,1683960,3037,1503,15,0.998007385705751,0.007209305159888228,585.9835198024767,0.19946734284650441,7002134.911317528,7002639.716590992,MultiPolygon
Poliez-Pittet,1685102,5533,2223,22,0.998515688713424,0.0017081956334782946,3.471720452167719,0.1485401007845778,5009704.06991354,5009618.494367368,MultiPolygon
Wasterkingen,1682232,70,103,1,0.9981048934732656,0.002780883964166196,3.3447264202794695,0.18968775689082631,3958418.4928353666,3958308.413810265,MultiPolygon
Pompaples,1685104,5497,2227,22,0.9949999344477691,0.20277421692527112,20.393094623334235,0.5017679336917932,4441484.311173372,4450490.496205213,MultiPolygon
Biglen,1682382,603,246,2,0.9981882286973667,0.029623546352392595,11.951840298549111,0.18131454496221083,3589378.073951098,3588314.7728735986,MultiPolygon
Erlenbach (ZH),1682119,151,107,1,0.9976461410028937,0.008961236153818126,3.6426055684022356,0.23565269958107585,2887728.3472141037,2887469.571057429,MultiPolygon
Hagneck,1682468,736,243,2,0.9958236392693641,0.004698740452134743,6.613452415564569,0.4185198297722422,1839276.1952509785,1839362.6180655912,MultiPolygon
Plan-les-Ouates,1685523,6633,,25,0.9975145603915077,0.0513481081892328,9.881292422925918,0.24891710637776227,5853737.590432587,5856743.373943636,MultiPolygon
Rünenberg,1683702,2860,1304,13,0.998483879919612,0.009104080986616907,3.4240467178586305,0.15172011955870807,4972919.656208802,4972466.917575901,MultiPolygon
Täsch,1685386,6295,2313,23,0.9958147171689063,0.21878942996538808,162.20587291247895,0.4189471414259596,58865573.68948015,58736782.03635908,MultiPolygon
Ennetmoos,1683069,1506,,7,0.9990227871369044,0.024112242474250437,29.61635256803631,0.09775726974357421,14945347.879471142,14941744.220951824,MultiPolygon
Jussy,1685493,6626,,25,0.9987587351421087,0.003675329503238122,10.875098983092064,0.12420128810757543,11350180.362055449,11349763.205527931,MultiPolygon
Sumiswald,1682677,957,245,2,0.9985331172676584,0.009687103970718678,60.64811058076772,0.14678882931082635,59342499.930292614,59336751.36062554,MultiPolygon
Unterentfelden,1684446,4013,1901,19,0.9910195132650095,0.23497400272762103,35.568016194209285,0.903159168422066,2875296.792949893,2882052.9929145863,MultiPolygon
Maracon,1685040,5790,2226,22,0.9976942591784389,0.004038644687023239,3.5176428642552353,0.2308448724130443,4382850.163024959,4383027.170770208,MultiPolygon
Nürensdorf,1682174,64,103,1,0.9985517786153932,0.013648204008100004,4.05580242940205,0.14491719173833492,10140641.83918244,10139257.823696498,MultiPolygon
Vuarrens,1685196,5539,2223,22,0.9985284907533132,0.00642493217501097,32.72188321821668,0.14726400201287754,8968813.25933211,8969389.499500925,MultiPolygon
Satigny,1685531,6638,,25,0.9989710464777207,0.02507899084035234,10.952167049974296,0.10296122594390744,18921077.0624821,18925822.277665496,MultiPolygon
Walenstadt,1683959,3298,1725,17,0.9994612270935749,0.0016601692804547037,24.687989665472344,0.05389225571326305,48841168.02395484,48841978.87002259,MultiPolygon
Perrefitte,1682604,701,241,2,0.9989189229152811,0.0011357787780029418,3.293483615724552,0.108166790723428,8569419.542994095,8569516.872642662,MultiPolygon
Poschiavo,1684132,3561,1842,18,0.9989140251753006,0.0014232373126191844,55.11244807973218,0.10865570835212018,191010956.0994899,191008237.5602915,MultiPolygon
Bättwil,1683490,2471,1104,11,0.9973292182144416,0.06941493414032043,9.053609546818121,0.2675281292540708,1668949.9220844144,1670108.4225736642,MultiPolygon
Ferpicloz,1683316,2194,1004,10,0.9971971684961013,0.04455184869528819,12.20426163994469,0.2806139715673228,1018301.2496604989,1017847.577628488,MultiPolygon
Schwarzenberg,1682919,1066,312,3,0.9995031450457879,0.00642109792634464,13.428149140100814,0.049696246156985806,39300765.01220579,39298241.47159855,MultiPolygon
Surpierre,1683406,2044,1001,10,0.9904908786181353,0.008896537023316269,136.28953483409322,0.9554974077267379,14792799.132157922,14794115.179009499,MultiPolygon
Appenzell,1683860,3101,,16,0.9987341026952057,0.008987515693490444,11.600909699596583,0.12666421378732978,16883749.582592323,16882232.15294894,MultiPolygon
Konolfingen,1682513,612,246,2,0.9990734445506307,0.00661593476353644,11.783285833499722,0.09270155651840924,12766961.784998463,12767806.438861445,MultiPolygon
Roggliswil,1682910,1142,315,3,0.9979512239483306,0.02903673311958999,23.68094790369164,0.20505791916200178,6205557.66557051,6203755.774352576,MultiPolygon
Hilterfingen,1682480,929,247,2,0.9985667132150238,0.026699518396247228,8.036375889824841,0.14345061546693325,2806366.5702180755,2807115.856576757,MultiPolygon
Agno,1684611,5141,2105,21,0.9978803134652843,0.10486781261699035,15.422772405094904,0.2120822840071856,3035208.9617454535,3032026.004498916,MultiPolygon
Berg (SG),1683865,3211,1722,17,0.9968382443833151,0.021119260075764427,4.686017577938929,0.3166427481926329,3755479.720181402,3754686.590652204,MultiPolygon
Hüttlingen,1684532,4590,2012,20,0.9987758342128407,0.009397640729935337,3.657679752716052,0.12249730935863475,11603516.12461943,11604606.581376862,MultiPolygon
Riniken,1684405,4111,1904,19,0.9943566522093795,0.23823736322623018,13.171242059856889,0.5652575233108927,4757114.564930253,4745781.340625112,MultiPolygon
Bursins,1684873,5853,2228,22,0.9976124446286838,0.07776110651573148,6.15462395692354,0.23913383924650686,3369766.707813404,3372387.0756923985,MultiPolygon
Uttigen,3411264,885,247,2,0.9990323868952065,0.01633869315004039,2.8708490133552016,0.09680023830198459,3807341.262767607,3806719.1929615084,MultiPolygon
Zuzwil (SG),1683969,3426,1728,17,0.9986505654989094,0.01043275513167137,3.8119857878451575,0.13504160416867478,8967263.5253466,8968199.05799221,MultiPolygon
Courtepin,6838602,2254,1005,10,0.9883164540002827,0.3111420135725455,190.69183521766539,1.1733916667144224,21921684.547080416,21853476.97637161,MultiPolygon
Othmarsingen,1684397,4205,1907,19,0.9950549379714243,0.15152960445552432,14.305469307300424,0.49610750569843093,4722388.736290526,4729544.553263479,MultiPolygon
Gebenstorf,1684315,4029,1902,19,0.9950458649549948,0.0562294840115333,14.982674577404715,0.49678335464270507,5644783.314646091,5647957.347177486,MultiPolygon
Genthod,1685487,6622,,25,0.9992736442919363,0.014487331382766845,3.559153473188588,0.07265669663152481,5300332.030511541,5299564.153845894,MultiPolygon
Steffisburg,1682674,939,247,2,0.9988861482181564,0.016732510478089702,8.457338957650913,0.11143792208008878,14811794.891882438,14809316.50675016,MultiPolygon
Port,1682609,745,242,2,0.9977459140839707,0.0023011481749583775,6.912795748428688,0.22566551983069089,2456742.631364383,2456799.164652608,MultiPolygon
Ramlinsburg,1683691,2832,1303,13,0.9982020365442142,0.016716336133508033,3.1558511626768704,0.1799430834419266,2248247.8917166777,2247872.067041984,MultiPolygon
Servion,1685152,5799,2226,22,0.9981150189965722,0.002955386928547436,11.108527063149397,0.18867313755877455,6320806.595939106,6320619.791647191,MultiPolygon
Diemtigen,1682420,762,249,2,0.9996730950493796,0.006487981132702485,42.92835148558716,0.03269477862791499,129942252.60926734,129933821.98043464,MultiPolygon
Castel San Pietro,1684652,5249,2106,21,0.9888734388721779,0.03999991629450107,45.68593928492647,1.1191045360534517,11837284.599020865,11842019.502952015,MultiPolygon
Borex,1684860,5706,2228,22,0.9960681178027646,0.014023243302966245,3.8647570718687745,0.39393510406443577,1985321.9120775831,1985043.5055555054,MultiPolygon
Beringen,2754655,2932,1403,14,0.9938106376759606,0.15832502104745663,23.811083412573407,0.6203661022339423,18678756.60652139,18649183.461192712,MultiPolygon
Adelboden,1682357,561,249,2,0.9982153046814184,0.009325928658830833,105.20562757508583,0.17863726037002592,87618955.09258817,87627126.37383172,MultiPolygon
Richterswil,1682194,138,106,1,0.9987694980437593,0.025824370975032245,3.7350367356143166,0.123141847235806,7534474.468128658,7536420.1987663265,MultiPolygon
Fulenbach,1683506,2575,1108,11,0.9985793099350792,0.025505722997988773,2.9764430949317098,0.14218812698527972,4484494.795291674,4485638.598112021,MultiPolygon
Bas-Intyamon,1683272,2162,1003,10,0.9990798389483677,0.019754712896272463,36.7455007042661,0.09204936652564968,33342183.594021056,33335596.94137871,MultiPolygon
Bex,1684852,5402,2221,22,0.9995066362884947,0.009566360925933633,14.153941901451617,0.049350904970940655,96561582.61750466,96570820.04701364,MultiPolygon
Villaz,10523801,2117,1002,10,0.9948205095953802,0.10868147561430447,95.9093193812379,0.5190116911691338,15431135.853990521,15414365.067840356,MultiPolygon
Wigoltingen,1684570,4951,2015,20,0.9984761761795036,0.016912247660766315,3.860471856415247,0.1525114679968217,17132621.121728912,17135518.6330438,MultiPolygon
Eysins,1684969,5716,2228,22,0.9964281561033177,0.023437622784802783,11.50655875963485,0.3578653670467014,2383255.663731976,2383814.242204439,MultiPolygon
Roveredo (GR),1684142,3834,1847,18,0.9986356016690056,0.0005470090202396806,22.92862097065345,0.13653334920542545,38796547.7641773,38796759.98479311,MultiPolygon
Zullwil,1683593,2622,1110,11,0.9879841170302728,0.4668120012587702,19.062675482075388,1.2060294722830824,3657395.279194477,3640322.1190977255,MultiPolygon
Bremgarten (AG),3411166,4063,1903,19,0.9965195286004264,0.06287032547269061,11.886856238156012,0.34876347980047884,11361103.858002886,11368246.620975703,MultiPolygon
Menzingen,1683144,1704,,9,0.9989162104902749,0.014161624224973269,9.22046470433272,0.10843003452972377,27513450.433759157,27509554.082297403,MultiPolygon
Rothenburg,1682913,1040,313,3,0.9989956296361977,0.0008503148579414025,3.6718116522136772,0.10048792694366321,15495054.636955438,15495186.393707262,MultiPolygon
Niedergesteln,1685347,6198,2309,23,0.9966521599078773,0.05881703222825181,108.47823864046451,0.33544397060840025,17621707.30532339,17632071.87058833,MultiPolygon
Uitikon,1682221,248,111,1,0.9984159251662889,0.010172477419861166,3.6743635396190726,0.15852498410756688,4378240.922075407,4377795.546506221,MultiPolygon
Ormalingen,1683688,2856,1304,13,0.9987803478412716,0.013325970128399086,3.116462066133915,0.12204777031025178,6930788.644710596,6931712.239535052,MultiPolygon
Hägglingen,1684333,4068,1903,19,0.9976039636267748,0.039480196201050005,10.75348334164116,0.23984367641561857,7748393.247868487,7745334.167011799,MultiPolygon
Seelisberg,1683106,1215,,4,0.9988826910484926,0.0348160282012504,54.47744035768112,0.11181281000756751,18892340.674051102,18898918.236708056,MultiPolygon
Walterswil (SO),1683585,2585,1108,11,0.9983394210640139,0.027121573313095455,4.68306531517005,0.16617334682166124,4477707.309708455,4476492.885037706,MultiPolygon
Villars-sous-Yens,1685191,5652,2227,22,0.9977336275249657,0.013518057882119423,8.142640389627601,0.22690969692635898,3042767.1850604694,3043178.508089764,MultiPolygon
Hergiswil bei Willisau,1682856,1132,315,3,0.9992684319200256,0.0020515775653381007,4.152636767911554,0.07318282667301007,31341583.35094263,31340940.35404998,MultiPolygon
Delley-Portalban,1683307,2051,1001,10,0.9992528197045047,0.036000732800898515,32.75464951312122,0.0747324993558907,16610889.04008167,16604908.998302497,MultiPolygon
Monthey,1685341,6153,2308,23,0.9980858547879652,0.03378135570519282,30.94747805344644,0.1915655321163233,28696570.42620838,28686876.335677512,MultiPolygon
Jenaz,1684092,3863,1849,18,0.9992197531867333,0.0015617126910159147,3.6377915625874517,0.07805452296228009,25910874.90190293,25910470.248481233,MultiPolygon
Corgémont,1682412,431,241,2,0.9985654354960918,0.014719113773401337,12.455282118056825,0.14354885767971146,17668629.6416669,17666028.975967743,MultiPolygon
La Sagne,1685498,6423,,24,0.9994199281922795,0.0027633466344068134,3.674803458173996,0.05802320811599366,25550306.108639877,25549600.065115944,MultiPolygon
Meinisberg,1682551,390,242,2,0.9916627103666029,0.4451718044365145,26.38569713714292,0.8353555005822254,4395595.12585753,4376027.175720027,MultiPolygon
Schwellbrunn,1683934,3004,1501,15,0.994387748711133,0.042670922591754756,93.14775699827601,0.562684351905872,17417610.0808384,17410177.825923473,MultiPolygon
Obersiggenthal,1684392,4038,1902,19,0.9959994893953772,0.029147812158861478,10.823536215000162,0.40079444861746216,8360845.449948995,8358408.4464223515,MultiPolygon
Finsterhennen,1682441,493,243,2,0.9983166152115688,0.0070183407793512976,3.107468835488434,0.1684861996798878,3568893.3222028585,3569143.799298262,MultiPolygon
Blonay - Saint-Légier,13623865,5892,2230,22,0.999401073047083,0.0012483883941741675,3.4141289759903795,0.059910262380562164,31244400.800292585,31244010.748819165,MultiPolygon
Sorvilier,1682670,711,241,2,0.9984442770004262,0.023887207400693087,6.636038218996526,0.15571200326885115,6901790.277430862,6903438.922388793,MultiPolygon
Moutier,1682559,6831,2604,26,0.9987030432548601,0.004812539618920244,30.976143520329938,0.12977671107657066,19613200.030161798,19612256.13713981,MultiPolygon
Movelier,1685619,6718,2601,26,0.9969633149231595,0.027071922451099826,17.86213785815635,0.30417144858485,8082233.0309760505,8084421.046834514,MultiPolygon
Domleschg,4450590,3673,1851,18,0.999506774505691,0.005124404307629301,5.396554910310858,0.04933345194562559,45944632.64646434,45942278.25772988,MultiPolygon
Gondiswil,1682453,326,244,2,0.9987305728784098,0.011431822986800733,6.053041801245751,0.12703059613415638,9405227.420130985,9406302.60908116,MultiPolygon
Goms,1685348,6077,2304,23,0.9967448475896161,0.022683175017941534,170.9541812844686,0.32608288437781807,129572552.92079258,129601944.08974682,MultiPolygon
Dürrenäsch,1684296,4134,1905,19,0.9955508829823015,0.0355625754733792,19.80297622100842,0.445824353098175,5907448.2354095485,5905347.39467228,MultiPolygon
Glarus,1683142,1632,,8,0.9993056412296697,0.0011797494906537476,28.587000125589963,0.06945958238368774,103675089.47161472,103673866.36527474,MultiPolygon
Etziken,1683502,2518,1106,11,0.9976637361614707,0.06082184735017904,4.575453246010373,0.2338284784207674,3368396.142322591,3366347.4215627583,MultiPolygon
Henniez,1685001,5819,2222,22,0.9975596134492659,0.046473703222568004,3.04314018933526,0.24428001700735383,2613601.8194564707,2612387.181903477,MultiPolygon
Centovalli,1684655,5397,2104,21,0.9921948354679679,0.3048343334726465,151.29576195430727,0.7847687187516118,53392464.258365944,53555222.820912555,MultiPolygon
Zuzgen,1684475,4264,1909,19,0.9967526604984773,0.011640129271482015,17.3694093483003,0.3252431378711352,8394615.738484962,8393638.594361158,MultiPolygon
Muntogna da Schons,12120535,3715,1851,18,0.9994616354349295,4.909725389746241e-05,19.021185797286854,0.053850939009450656,53588767.570428506,53588741.25981523,MultiPolygon
Ferreyres,1684972,5483,2227,22,0.997315507900252,0.05076207111237724,8.626896008550533,0.26874179239468143,3155589.6696345615,3153987.826962447,MultiPolygon
Zumikon,1682247,160,107,1,0.9981975610158819,0.0013007527643362426,3.8215427275586977,0.1804053109307175,5480729.761970504,5480658.47122662,MultiPolygon
Gurzelen,1682464,867,247,2,0.9986934260042734,0.006002646404615105,4.461912440654787,0.13074673616626867,4524312.756835083,4524584.335332114,MultiPolygon
Rochefort,1685527,6413,,24,0.9989004064180877,0.020987359566848142,16.966659496968244,0.11000830161963786,25853492.12510092,25848066.15974804,MultiPolygon
Avry,1683270,2174,1004,10,0.9886544789360063,0.08825106739544052,108.03377424476209,1.1405213839198758,5833051.201783945,5827903.471836648,MultiPolygon
Dulliken,1683496,2573,1108,11,0.9987953818046102,0.008048805055880088,3.3918841904816084,0.12053926930597578,6041879.5060938345,6042365.805196991,MultiPolygon
Oberkulm,1684387,4140,1905,19,0.9972454313051075,0.026937124163740347,10.111162655051505,0.27587392640936226,9413267.930537641,9415803.594207956,MultiPolygon
Sutz-Lattrigen,1682678,750,242,2,0.997441324830321,0.011123036561474408,13.136285119486725,0.2562095255626559,3574798.7553400923,3575196.381512648,MultiPolygon
Troinex,1685535,6641,,25,0.9978017119485143,0.04757862203836399,4.317763945757886,0.2200183412356836,3429894.9602924916,3428263.063533021,MultiPolygon
Niedergösgen,1683557,2495,1105,11,0.9984606816782629,0.016874712251417415,3.523610240153964,0.1540374006934093,4325102.387594112,4324372.5390116265,MultiPolygon
Bösingen,1683282,2295,1006,10,0.9988414307178886,0.05767243394091311,9.699216402080957,0.11589065313131462,14325593.353528468,14317331.43516501,MultiPolygon
Visperterminen,1685399,6298,2313,23,0.9980573235186156,0.019060455028491633,43.582027258609045,0.19443799905348472,51649015.25921886,51639170.721892715,MultiPolygon
Oberwil bei Büren,1682595,391,243,2,0.9989811708949332,0.018653538019777437,3.1370902197352843,0.10194434482315479,6739027.563961552,6740284.631030359,MultiPolygon
Kleinbösingen,1683342,2266,1005,10,0.9965646595982444,0.19078240619657036,9.699216402080957,0.344453398768148,3015563.9183251685,3021317.083728945,MultiPolygon
Flims,1684080,3732,1844,18,0.9995983028865064,0.003613935602176846,3.6149844466864622,0.040178506998194634,50505885.349293575,50507710.59946541,MultiPolygon
Saas-Almagell,1685360,6288,2313,23,0.9981139050608523,0.019404764773030304,116.51422956329388,0.18880584640465298,110376541.9452226,110397960.25355168,MultiPolygon
Kriens,1682888,1059,312,3,0.9995125408557345,0.0027541504599146683,3.7203002245518006,0.048758469575462676,27301129.18028919,27301881.09446407,MultiPolygon
Clos du Doubs,1685583,6808,2603,26,0.9984217649688257,0.03128039849736172,22.008619330379105,0.1579728461676666,61751208.47220276,61770524.496289805,MultiPolygon
Les Montets,1683354,2050,1001,10,0.999523031035931,0.0068141752455625326,9.033215146683654,0.047706648627062004,10285284.859419309,10284584.002084482,MultiPolygon
Mont-la-Ville,1685054,5491,2227,22,0.9992359480235905,0.002293808659702216,3.7449902615622617,0.07643527419646044,19791177.12194749,19791631.09368217,MultiPolygon
Vernier,1685540,6643,,25,0.9978025320062714,0.0035759727207646877,5.986743327517169,0.21999244159022296,7686978.052241671,7687252.93647987,MultiPolygon
Mellingen,1684362,4033,1902,19,0.9951608575196713,0.018259481299895283,11.532910921333881,0.485043665620659,4866599.333741956,4865710.717946671,MultiPolygon
St. Gallen,1683941,3203,1721,17,0.9988938916121335,0.005886078970940638,31.91817593141671,0.11067530354800198,39379013.616972566,39381331.49681204,MultiPolygon
Subingen,1683581,2532,1106,11,0.998507427552395,0.0409323623768627,4.575453246010373,0.1493992866480795,6271343.877875935,6273910.887077927,MultiPolygon
Arisdorf,1683615,2821,1303,13,0.9989876454070877,0.0063778375815514085,3.5849563491427463,0.1012899582850825,9998091.84207712,9998729.504136061,MultiPolygon
Schattenhalb,1682649,786,250,2,0.9973339716745897,0.07188461762208548,74.2643534083196,0.26705464337622903,31536484.82958455,31559154.711115744,MultiPolygon
Rüti bei Büren,1682638,393,243,2,0.9989331164829678,0.011368111727552437,3.366473054191289,0.10673922663858666,6503124.087246513,6502384.804834493,MultiPolygon
Hubersdorf,1683527,2548,1107,11,0.9974471617952929,0.09257661911143497,3.3612909595416993,0.25549176847946786,1354506.535022553,1353252.5786667857,MultiPolygon
Termen,1685382,6010,2301,23,0.9947258424640509,0.18832312338659896,67.28438279838458,0.529308203931373,18622119.262534544,18657189.019170526,MultiPolygon
Vechigen,1682706,359,246,2,0.9987237388971818,0.03063898659026179,16.849441253812408,0.1277271685638571,24822257.16442789,24829862.4524719,MultiPolygon
Savigny,1685148,5611,2226,22,0.9989516963061262,0.02422559911737431,10.0008553897688,0.10489804978626387,16010593.778198447,16014472.440463465,MultiPolygon
Herzogenbuchsee,1682479,979,244,2,0.9986719869321999,0.0036054481983296663,3.9688162834784215,0.13289194193890388,9822048.555291466,9822402.684164142,MultiPolygon
Corcelles-près-Concise,1684920,5555,2224,22,0.9972722264769385,0.06888091582418435,41.24434758424556,0.27324397191142435,8475920.028385352,8481758.31972543,MultiPolygon
Saint-Sulpice (VD),1685143,5648,2229,22,0.9997126269794987,0.012031321771306393,9.168727022412218,0.028739702819072153,24128549.22020739,24125646.23681196,MultiPolygon
Tecknau,1683711,2862,1304,13,0.9966778501549305,0.02594333640307792,3.3509923185821386,0.3327245711227652,2344967.927619925,2344359.564701918,MultiPolygon
Bougy-Villars,1684862,5426,2227,22,0.9957919013723139,0.09489866882116083,7.939043064253637,0.42149704185145875,1769298.992136988,1767619.9509459839,MultiPolygon
Frenkendorf,1683647,2824,1303,13,0.998045390451996,0.007296283139344038,9.134299285974121,0.19564502892902821,4590664.517526515,4590329.569645339,MultiPolygon
Dietikon,1682103,243,111,1,0.9983961670906002,0.02757867179416629,3.866190349177209,0.16048987462021855,9335019.635201894,9332445.16077478,MultiPolygon
Zetzwil,1684472,4147,1905,19,0.9959780494592386,0.010317888195045437,12.695692455788526,0.4029846973188371,5802266.05761892,5801667.386294316,MultiPolygon
Schlossrued,1684418,4142,1905,19,0.9933704957370274,0.34287353048799873,16.207642659701005,0.6640149304370853,7246167.792649985,7221322.601314242,MultiPolygon
Stallikon,1682211,13,101,1,0.9984283921280453,0.032537418968132774,62.02202386064206,0.1573099700209779,12017466.547371246,12021376.72081112,MultiPolygon
Neuendorf,1683555,2404,1101,11,0.9978858718050101,0.030349382114162715,29.817959731606553,0.21160441768962482,7145615.520368762,7143446.870210077,MultiPolygon
Strengelbach,1684434,4285,1910,19,0.9929820115707076,0.10050439158548784,59.35052363227551,0.7039162115143655,6027833.970627934,6021775.732769971,MultiPolygon
Dizy,1684944,5481,2227,22,0.9970368255733988,0.08869651025001167,18.332631998873122,0.29662550760412265,3038363.9220549613,3035668.999287403,MultiPolygon
Biezwil,1683484,2445,1103,11,0.998833286036779,0.00904026201224445,2.626436049896785,0.11673422034456413,4155366.0170074967,4154990.3610319914,MultiPolygon
Herdern,1684528,4811,2012,20,0.9986951913318644,0.0007145780146086506,6.507249234659079,0.1305655821714192,13726980.258600108,13726882.16861711,MultiPolygon
Develier,1685597,6712,2601,26,0.9984253029345077,0.023383523859484466,10.539724166751926,0.15757536229627167,12470067.62247846,12467151.681240665,MultiPolygon
Maisprach,1683675,2853,1304,13,0.9984710689665885,0.012074295049209727,3.665734446430628,0.15300083682274593,5075224.671152996,5074611.873551791,MultiPolygon
Niederönz,1682580,982,244,2,0.997780329403081,0.0033350029361380335,3.9688162834784215,0.2222173856944853,2792289.5750750024,2792382.6980143166,MultiPolygon
Neunkirch,1683681,2904,1401,14,0.9919172161410437,0.05982307193185854,32.50581297562656,0.8118009602247144,17914914.32684831,17925631.57893259,MultiPolygon
Schlatt (ZH),1682202,226,110,1,0.9987866807267751,0.012246780608090818,4.845160984821232,0.1213981450493033,8965654.949984077,8964556.945892274,MultiPolygon
Fontenais,1685600,6790,2603,26,0.9983269188461344,0.06352061932379499,14.444083597750126,0.16750137465857387,19985526.921920825,19998221.852396753,MultiPolygon
Sarnen,1683100,1407,,6,0.9989603494378614,0.00035926043275943313,23.720221038162688,0.10401931483619711,76882208.41860892,76882484.6259636,MultiPolygon
Spiringen,1683111,1218,,4,0.9989154522581102,0.011856897160561855,29.041886256550075,0.10852005146277785,64681006.397771925,64688675.558182925,MultiPolygon
Ballwil,1682817,1023,313,3,0.9989226655459794,0.0013472942953517385,6.504148054247043,0.10779223528971128,8767636.305085948,8767754.430949723,MultiPolygon
Zollikon,1682246,161,107,1,0.9988573021977776,0.023039307616960675,3.5549500032101147,0.1143219344507117,7855349.299316517,7853539.481227061,MultiPolygon
Weisslingen,1682235,180,108,1,0.9984102473997929,0.010705568270845156,29.81809809499203,0.15909320984025746,12807870.605802948,12806499.450471202,MultiPolygon
Villarzel,1685192,5830,2222,22,0.9988394469659932,0.0057960325407955225,3.261903631459969,0.11612605192316901,7657685.287808447,7658129.1297396,MultiPolygon
Altishofen,1682825,1123,315,3,0.9959783475335382,0.02288143026405118,26.285691985766558,0.4029294571886212,14325348.670999842,14322070.826333605,MultiPolygon
Massongex,1685335,6215,2310,23,0.997980155073919,0.027377754796319067,30.94747805344644,0.20216101014391288,6636500.462997132,6634683.538173316,MultiPolygon
Bellach,1683480,2542,1107,11,0.9984669293530948,0.024634366239729744,9.585119134981822,0.1534435677171595,5288888.805071371,5290191.689309624,MultiPolygon
Meilen,1682165,156,107,1,0.9990832357585434,0.00908603289944164,7.379449109522274,0.09171429946586898,11944428.447187852,11943343.17248949,MultiPolygon
Wynau,1682732,345,244,2,0.9970534028179081,0.03929487916940879,21.78073246105538,0.2951524590014067,5074481.713708173,5076475.725166048,MultiPolygon
Kreuzlingen,1684537,4671,2013,20,0.998826992134161,0.00567867787930502,7.196501728560941,0.1173662918086291,11568367.360342383,11567710.430024095,MultiPolygon
Buttisholz,1682820,1083,314,3,0.9992184887899515,0.0014699914318503878,3.6414345847523224,0.0781810962991974,16712290.739013668,16712045.069771739,MultiPolygon
Conthey,1685293,6023,2302,23,0.9988255424062125,0.041440061735640396,74.32062406898659,0.1174904183385208,84943791.83828795,84908591.07850957,MultiPolygon
Mergoscia,1684713,5117,2104,21,0.9892679375630712,0.16895733093216372,94.44198543835454,1.0799076923957307,12158161.099202646,12178703.203686291,MultiPolygon
Wileroltigen,1682725,671,246,2,0.9986396955904414,0.018665150080540868,3.1426913175716686,0.13611032154814526,4154217.9334915536,4153442.5424795947,MultiPolygon
Lenzburg,1684351,4201,1907,19,0.9959863585943645,0.14263158693677452,13.427590879031538,0.4024580377072735,11314763.454628875,11330901.881302355,MultiPolygon
Origlio,1684731,5208,2105,21,0.990325201208392,0.5073995079791335,71.42212115394535,0.974649140396919,2077170.6116051527,2087710.1650683244,MultiPolygon
Lucens,1868686,5675,2222,22,0.9989339699364767,0.0003977780233228715,3.378220736322044,0.10666006979457784,19277192.810643896,19277269.49108041,MultiPolygon
Scharans,1684156,3638,1851,18,0.9989793221245437,0.005266372756444728,6.1415028688551825,0.10212259231575715,14287214.96505201,14287967.383048585,MultiPolygon
Gimel,1684985,5428,2227,22,0.9990572943308319,0.0011051115242469286,6.046951089490051,0.0943145014269931,18880220.988595758,18880012.34109781,MultiPolygon
Rüthi (SG),1683930,3256,1723,17,0.9989826352910164,0.033749840841351825,3.450930361849029,0.10180542547009869,9333372.321941147,9336522.320244933,MultiPolygon
Visp,1685398,6297,2313,23,0.9985876695649921,0.05138128805850492,17.999402495788253,0.14129653852315496,13197631.856884716,13190850.74364343,MultiPolygon
Cronay,1684932,5910,2224,22,0.996407180086325,0.05594833253397427,12.894057330570242,0.3600292576523098,6579209.458172971,6582890.416158737,MultiPolygon
Epsach,1682428,735,243,2,0.998802612502938,0.00482786008448725,2.9819142871003073,0.11981337163251939,3413976.5934840105,3414141.415497261,MultiPolygon
Rivaz,1685120,5609,2226,22,0.9989317784009775,0.03332399617029259,9.535384619863127,0.10689705347918961,2945789.1081827926,2946770.7628323883,MultiPolygon
Embd,1685298,6283,2313,23,0.9962172996595396,0.04407184304043729,23.144930102998988,0.37890331761246704,14044647.38676504,14038457.651813162,MultiPolygon
Liesberg,1683669,2788,1302,13,0.997756779264316,0.03987044841136895,23.360600062925865,0.22461872736992644,12457849.627024893,12462816.627533602,MultiPolygon
Verzasca,1684758,5399,2104,21,0.9975842739812525,0.053132667300071566,118.44844107439023,0.24180048675499638,218387496.26139826,218271461.15958473,MultiPolygon
Corcelles-le-Jorat,1684919,5785,2222,22,0.9984821114670552,0.006814620524964757,5.5408842108819485,0.15190931591593868,7940604.428333424,7941145.5503926035,MultiPolygon
Begnins,1684845,5704,2228,22,0.9981497981977995,0.02921567597380101,4.335784569505341,0.18516444856999426,4786140.629525504,4784742.326187531,MultiPolygon
Granges-Paccot,1683328,2198,1004,10,0.9990093178791983,0.005131885789974735,3.1492096202417827,0.0991147656595602,3991037.466901062,3990832.6514164256,MultiPolygon
Renens (VD),1685116,5591,2229,22,0.9977089861764976,0.03182251575401964,8.832919467330756,0.22932762581899155,2950798.227429441,2949859.209198648,MultiPolygon
Lüterkofen-Ichertswil,1683546,2455,1103,11,0.9985684536142347,0.004326355617106543,3.4074265351584163,0.14326027713189537,4429439.534894533,4429631.168200658,MultiPolygon
La Grande Béroche,7859091,6417,,24,0.9977785679994524,0.09943188801263356,78.48166004740052,0.22250077581526356,42249145.82190768,42291154.94526761,MultiPolygon
Kappel (SO),1683532,2580,1108,11,0.9975768315962171,0.1536956686382928,44.339938733549616,0.2427972249041826,5099067.964937355,5106905.011540387,MultiPolygon
Valeyres-sous-Ursins,1685172,5934,2224,22,0.9948809231358114,0.008217343490843129,16.99310953713619,0.5132002094719781,2873067.9476465415,2872831.857784558,MultiPolygon
Le Mont-sur-Lausanne,1685023,5587,2225,22,0.9984031606163671,0.027320947472791127,8.769669535576416,0.15978970402726245,9796608.695423461,9793932.16910767,MultiPolygon
Stein (AR),1683944,3005,1501,15,0.99575156586082,0.1349957040205392,23.117070485562575,0.4260351652671709,9363144.209717022,9375784.052161388,MultiPolygon
Wenslingen,1683720,2865,1304,13,0.9980141650055667,0.03190340092664052,3.580966604099816,0.19874916352026992,5916516.640917542,5914629.070892699,MultiPolygon
Kiesen,1682508,611,246,2,0.9989567437547596,0.0007815542105647184,2.9834743949276574,0.1043804799985725,4686770.183543862,4686806.813193571,MultiPolygon
Canobbio,1684647,5167,2105,21,0.9997799154387298,0.006330301414706078,0.7570549335715151,0.02201157493168419,1276150.8456310306,1276231.6298260654,MultiPolygon
Muralto,1684725,5120,2104,21,0.9999883677384508,0.00016841983424664619,0.009994244191551004,0.001163231940842289,801830.7413010001,801829.3908589947,MultiPolygon
Wila,1682240,181,108,1,0.9947768193257446,0.030365555558025628,14.741474906059233,0.523765230030732,9189259.843536546,9192050.213339707,MultiPolygon
Flerden,1684079,3662,1851,18,0.9979966086903683,0.015652002763596275,3.601090003275881,0.20052431675674437,6093259.514375472,6092305.797227889,MultiPolygon
Longirod,1685032,5429,2228,22,0.9974916733092271,0.029334402391350562,43.94509213651827,0.2511108129222692,9454238.389414424,9451465.045082236,MultiPolygon
Wintersingen,1683722,2866,1304,13,0.9991517935531697,0.0037121659364110987,3.5942301583630063,0.08485820766390399,6952567.069425973,6952825.1602524305,MultiPolygon
Val-de-Travers,1685536,6512,,24,0.9991506402424902,0.040358520537363815,17.06469208008888,0.08495491494235949,124743749.32045622,124693404.58876765,MultiPolygon
Stetten (SH),1683710,2919,1402,14,0.9883545199709886,0.4524058336696225,28.337898066062056,1.168718907700153,4718890.394391962,4697541.858963258,MultiPolygon
Châtonnaye,1683293,2068,1002,10,0.9985457720539057,0.028680278484272317,3.261903631459969,0.14550774149038093,6314273.453828141,6312462.502617325,MultiPolygon
Realp,1683095,1212,,4,0.9989623887509459,0.046904047742129154,73.31164796921463,0.10383933141849915,77839511.41003363,77876021.29162763,MultiPolygon
La Ferrière,1682519,435,241,2,0.998653037445497,0.04776664870326256,4.500411218983084,0.13481922361685275,14157629.931561183,14164392.5569153,MultiPolygon
Collex-Bossy,1685468,6615,,25,0.998376604675591,0.06864529105484701,9.14897516870496,0.16252717459094462,6886626.792866421,6891354.137872245,MultiPolygon
Walliswil bei Niederbipp,1682712,990,244,2,0.99674882144326,0.08115752910596591,3.2929426622985822,0.3255150806898621,1472276.3549289983,1471081.4918177265,MultiPolygon
Sevelen,1683939,3275,1724,17,0.9992217573503426,0.005100099150276961,51.7030068127125,0.0778525745053205,30326562.59929379,30325015.914532356,MultiPolygon
Ufhusen,1682926,1145,315,3,0.998742298172573,0.00858723572312933,3.4929516236915834,0.12584391971543704,12209030.359905027,12207981.941688513,MultiPolygon
Kestenholz,1683533,2403,1101,11,0.9990306771047369,0.03320078399362006,7.523759846527583,0.09699539059274565,8586374.45754161,8589225.201178141,MultiPolygon
Wängi,1684574,4781,2014,20,0.9988608249583765,0.0021535190827629493,16.795087395403282,0.1139811998137441,16427112.962996563,16426759.201984158,MultiPolygon
Walkringen,1682711,626,246,2,0.9989334160373503,0.007099538444604698,16.475004424353852,0.10671909482937161,17211096.97653955,17212318.884986136,MultiPolygon
Cham,1683139,1702,,9,0.9990757771374439,0.0035065525296661382,7.824993771432587,0.09246663656337473,19121122.081888158,19121792.57407822,MultiPolygon
Buchberg,1683634,2933,1403,14,0.9985875905779411,0.06724523843909112,3.713745123116671,0.14138828017967323,5859543.040479093,5863483.304168104,MultiPolygon
Oberrohrdorf,1684390,4037,1902,19,0.9950120716045271,0.12231280265337852,8.937828156837814,0.49973411478715973,4301674.089606499,4296412.591466487,MultiPolygon
Boppelsen,1682093,82,104,1,0.9979725758882059,0.03293976297396181,3.3869780193212162,0.20291471683924192,3964223.5684326133,3962917.7625854136,MultiPolygon
Gisikon,1682839,1055,312,3,0.9977751539291281,0.027890069591476344,2.3734631179216037,0.22276343982491367,1076540.1295576533,1076840.3773489671,MultiPolygon
Safiental,2742004,3672,1850,18,0.9996164751266005,0.0017470806739333944,3.8640463087976387,0.03835950822825752,151422712.12089586,151420066.64395645,MultiPolygon
Otelfingen,1682186,94,104,1,0.9983353756763326,0.04110296179748601,3.6197634823648546,0.16663533547812082,7146687.29325003,7149624.79339796,MultiPolygon
Frick,1684311,4163,1906,19,0.995433346437682,0.002467603575825337,65.60898276981823,0.45771610602036195,9961264.410707,9961510.215223797,MultiPolygon
Dittingen,1683642,2784,1302,13,0.998933112770882,0.030478492580995,3.310982351849,0.1067619329405625,6748519.047930303,6750575.8948076535,MultiPolygon
Binningen,1683625,2765,1301,13,0.9984856611252131,0.020177411785842876,14.618840069175823,0.15156392476984715,4463676.97018046,4464577.624663523,MultiPolygon
Clarmont,1684909,5629,2227,22,0.9997451683782068,0.024424090347983214,1.97067615730645,0.025489521962630515,1016308.5271730777,1016556.7512859687,MultiPolygon
Siselen,1682666,499,243,2,0.9988668923959076,0.010632440802502188,3.107468835488434,0.11338102070724437,5509298.6646585455,5509884.437577698,MultiPolygon
Vinzel,1685195,5863,2228,22,0.9965328931127627,0.02088709949635322,9.291426842695747,0.34734904576123504,1097086.7446977103,1097315.8942976366,MultiPolygon
Fey,1684973,5522,2223,22,0.9985937560101957,0.0005370053995651763,4.680673549752972,0.14072296681339724,7340008.824850145,7339969.408606427,MultiPolygon
Pfaffnau,1682905,1139,315,3,0.9985861278504652,0.0005778295509963335,23.68094790369164,0.1414868286079589,17681811.501378015,17681709.33064601,MultiPolygon
Biel-Benken,1683624,2764,1301,13,0.9988831228069385,0.01212276639757903,4.47207798651585,0.11174335128579203,4116046.724901863,4115547.746172588,MultiPolygon
Römerswil,1682915,1039,313,3,0.9986794925413541,0.007325897555311058,4.071200883747815,0.13214283061281037,17377084.698728535,17378357.726151664,MultiPolygon
Knutwil,1682885,1089,314,3,0.9987209899418948,0.008370691898135494,3.542529008361439,0.12798820801286773,9743579.397283476,9744395.002294673,MultiPolygon
Remigen,1684402,4110,1904,19,0.9930633720276754,0.05708178963904627,18.25489583686256,0.6962756774723542,7869476.514920027,7873968.552949968,MultiPolygon
Vorderthal,1683119,1348,505,5,0.9979272917249479,0.003403968577964341,45.44691447189567,0.2074823249542284,27970276.9647886,27969324.86534955,MultiPolygon
Maschwanden,1682163,8,101,1,0.9982995888452899,0.012071330528984276,3.612727927594781,0.17017553654881662,4688048.323217618,4687482.413409164,MultiPolygon
Kölliken,1684344,4276,1910,19,0.9961949711479765,0.055414426463436334,69.04334737397014,0.3813338050134385,8885822.13781335,8890746.16518758,MultiPolygon
Noville,1685073,5408,2221,22,0.9985037246173496,0.007486223550049576,91.63351814994294,0.1497339591576901,19946462.650687058,19944969.4139027,MultiPolygon
Val de Bagnes,1685271,6037,2303,23,0.9983860068495557,0.005093031039373784,65.63162293985518,0.1615255555556155,301905126.6027113,301889750.480904,MultiPolygon
Lütisburg,1683904,3393,1727,17,0.9985806663225559,0.012385396810585543,5.206735523723859,0.14204296042822234,14096070.729562568,14097816.583857125,MultiPolygon
Walchwil,1683150,1710,,9,0.9993064916982279,0.006519097928849432,7.625231940332719,0.06937262489859139,15877861.470055006,15876826.376716767,MultiPolygon
Lancy,1685502,6628,,25,0.9967377695897096,0.06035120740907793,35.69708270144562,0.32665741713712293,4774218.534061027,4771337.235531373,MultiPolygon
Lostallo,1684104,3821,1847,18,0.9992797535591812,0.009837307899356277,18.325448885759208,0.0720470472536199,50863388.384774074,50858384.79665062,MultiPolygon
Oppens,1685079,5923,2223,22,0.9978945691406897,0.004011902822964661,3.479252443262907,0.21076073361524245,3595373.737322027,3595229.494421563,MultiPolygon
St. Stephan,1682673,793,248,2,0.999433789885459,0.01933880099694924,23.780940489453823,0.05663156922543995,60895050.02648115,60883273.65393954,MultiPolygon
Lajoux (JU),1685606,6750,2602,26,0.9977808607761207,0.036051631892908234,56.156925091516975,0.22212037861520387,12385895.409873907,12381430.092454098,MultiPolygon
Balerna,1684621,5242,2106,21,0.992571160687994,0.016228821550309164,22.083652010191045,0.7455930961987646,2532453.514681441,2532042.5273196986,MultiPolygon
Birrwil,1684275,4132,1905,19,0.9952688015140863,0.018559121507405102,21.438735692391717,0.4742857219801052,5530698.97447023,5531725.423613111,MultiPolygon
Grüningen,1682131,116,105,1,0.9980555782854379,0.03515790221651319,22.07504292160368,0.19466560836855243,8784412.169337135,8787500.584377926,MultiPolygon
Rickenbach (TG),1684550,4751,2014,20,0.9968385531968019,0.05150552568960937,5.62511459456741,0.31656366392168267,1575940.2404039518,1575128.5440985777,MultiPolygon
Studen (BE),1682676,749,243,2,0.9982448109679627,0.03339308070914129,3.092473695767794,0.17570240425469236,2727861.3119161422,2728772.228845664,MultiPolygon
Lausen,1683666,2828,1303,13,0.9984896775986188,0.0006028697527746319,3.621473781521741,0.15114592441199892,5568408.537898402,5568374.967647616,MultiPolygon
Villarsel-sur-Marly,1683421,2230,1004,10,0.9954542668988564,0.23856558551339163,19.82730468433833,0.4550653852673665,1396783.906820043,1393451.661114381,MultiPolygon
Wollerau,1683123,1323,503,5,0.998265085189263,0.02649804205929538,4.9133170289165164,0.17366511408567464,6526908.502650843,6528638.005611047,MultiPolygon
Erstfeld,1683070,1206,,4,0.9994480504838072,0.01284996093625805,61.37441641334181,0.05521373548158889,59080810.86927928,59088402.73039681,MultiPolygon
Sévaz,1683408,2043,1001,10,0.9969418372825223,0.17367253182010123,73.27656211819948,0.3065505719437213,2495587.7082974636,2499921.858654255,MultiPolygon
Capriasca,1684648,5226,2105,21,0.995336157427252,0.005453614852869372,123.97868697734948,0.46748711783641045,36381944.73451357,36383928.86565538,MultiPolygon
Zollikofen,1682737,361,246,2,0.998545803470654,0.029377773357637013,23.888784138498234,0.14550408817654992,5390997.286031179,5389413.5310667725,MultiPolygon
Melchnau,1682553,333,244,2,0.99871135115,0.00325250184712373,6.548780148220477,0.12895006634368775,10274764.51395057,10275098.700856173,MultiPolygon
Vaulruz,1683417,2155,1003,10,0.9985719345057094,0.0032106893005624825,3.3715662959135386,0.14290629666737506,10103142.549253514,10102818.168736665,MultiPolygon
Luthern,1682890,1135,315,3,0.999416571736109,0.0038081871134094374,3.4929516236915834,0.058360962008268714,37761889.697241805,37763327.740659036,MultiPolygon
Grossaffoltern,1682458,303,243,2,0.9991304166387383,0.015040088965327951,8.235243340045779,0.08698961918327001,15080732.553754942,15078464.398162235,MultiPolygon
Surses,5818092,3543,1841,18,0.9996303608375003,0.013540615260754424,146.0374717371955,0.03697325220192388,323773711.006184,323817551.9587068,MultiPolygon
Le Châtelard,1683349,2067,1002,10,0.9965790057849374,0.17438376869780603,20.223633728610693,0.3429843782251658,7485372.593329459,7498425.86815878,MultiPolygon
Waldstatt,1683958,3007,1501,15,0.9875019928432455,0.03372843540790209,93.14775699827601,1.2578719309867876,6747563.92861962,6749839.776360892,MultiPolygon
Kilchberg (BL),1683661,2851,1304,13,0.9964996683696549,0.03238614992715362,9.356246609904105,0.35059007266229236,1591807.486659892,1591291.9615007106,MultiPolygon
Buchs (ZH),1682098,83,104,1,0.9985453285306309,0.0031871758079606853,3.754956042696577,0.1455753472358598,5842736.703707908,5842922.921998652,MultiPolygon
Montricher,1685063,5492,2227,22,0.9988804502865949,0.010916645977399107,54.983060157677315,0.11201156173241944,26015880.958038386,26013040.896416295,MultiPolygon
Thalwil,1682216,141,106,1,0.998843088443081,0.03173520348096568,3.435975636130699,0.11577648468047928,5505287.467404904,5507034.581584897,MultiPolygon
Wilderswil,1682723,594,250,2,0.9993576774453732,0.008352949844010641,3.183797475084233,0.064255574509203,13194426.672596369,13195528.796438536,MultiPolygon
Fislisbach,1684309,4027,1902,19,0.9957806248212795,0.01124999645121256,8.58673614109375,0.4228533402939941,5054668.788472969,5055237.438532293,MultiPolygon
Hombrechtikon,1682143,153,107,1,0.993389599045433,0.03594493727397422,317.3237630933435,0.6633514100776289,12187559.16379949,12191939.974296147,MultiPolygon
Lavigny,1685020,5637,2227,22,0.9979169623847355,0.0037280085695701824,5.691264341200445,0.20852482684646992,4002846.8469713028,4002996.0734447846,MultiPolygon
Buchholterberg,1682396,923,247,2,0.9990425635483255,0.002410394336027646,3.7218631567199614,0.09578834689531016,15332187.47195352,15331817.905775107,MultiPolygon
Wassen,1683121,1220,,4,0.9997749605887495,0.0025427313860487714,3.2099537584198474,0.02250675968632755,96877775.83449249,96880239.17610474,MultiPolygon
Däniken,1683497,2572,1108,11,0.9983789754808468,0.0091692897528232,3.4431905909253167,0.162226506666005,5433211.212386644,5432713.025507698,MultiPolygon
Neuenhof,1684379,4034,1902,19,0.9959816013492137,0.009554657645406955,10.491637552038124,0.4026296310500266,5379371.883884626,5378857.903317648,MultiPolygon
Wallbach,1684455,4261,1909,19,0.9934227317322921,0.05599976412636005,16.10119050150237,0.6597122161475741,4547202.330604478,4544655.908024991,MultiPolygon
Breil/Brigels,1684050,3981,1850,18,0.999636292094938,0.0008104745269173862,6.522453054293245,0.03637725846633194,96581668.51160835,96580885.74178739,MultiPolygon
Trélex,1685168,5730,2228,22,0.9963575802522346,0.09158032201931815,67.25357499402331,0.3650736374768342,5765768.518657673,5771048.828033948,MultiPolygon
Goumoëns,1868684,5541,2223,22,0.9987412561463677,0.023208273580245433,9.083555027549906,0.12593904122432206,10694967.563479386,10692485.446147935,MultiPolygon
Zeglingen,1683724,2868,1304,13,0.9989474545448422,0.015198888897618378,9.356246609904105,0.10531797025195871,7911579.7526134355,7912782.224830082,MultiPolygon
Treiten,1682689,500,243,2,0.9989208043043543,0.03959650669368068,3.0852564714568196,0.10795645644625128,4742605.139267865,4740727.23330644,MultiPolygon
Corbeyrier,1684918,5404,2221,22,0.9992187758118649,0.0003385294881234853,5.28537852849977,0.0781530785849931,22002251.259229455,22002325.74333802,MultiPolygon
Duillier,1684949,5715,2228,22,0.9978033813110929,0.028568550826407794,3.5953092539668043,0.219871979233785,4106397.0461130855,4105223.9079858325,MultiPolygon
Tägerig,1684440,4077,1903,19,0.9952167844347817,0.028001620003132045,11.532910921333881,0.47953538597527323,3290166.743138548,3291088.043127431,MultiPolygon
Dättlikon,1682110,215,110,1,0.9971010154243616,0.08197241083938606,6.313388449374726,0.2902002822577657,2883730.9124520067,2881367.048700949,MultiPolygon
Aarberg,1682355,301,243,2,0.9987445621153836,0.008950574165336253,6.989809619721147,0.1256170222010105,7927551.442136964,7926841.88076564,MultiPolygon
Holderbank (AG),1684329,4199,1907,19,0.9921519906648939,0.32553802031547197,13.436259376898507,0.7866101828284252,2330288.029640946,2322702.0561216045,MultiPolygon
Eptingen,1683645,2885,1305,13,0.9992086956474454,0.00899978852630519,3.124961220958874,0.07916531797162077,11178954.346653,11179960.42890365,MultiPolygon
Schiers,1684157,3962,1849,18,0.9995352475335996,0.005211062690532089,37.136711760808105,0.0464872601015639,61663791.41148032,61667004.75030813,MultiPolygon
Langendorf,1683539,2550,1107,11,0.9974380158247704,0.08847541999887804,9.585119134981822,0.2566405082963915,1952315.876183597,1954043.1958547551,MultiPolygon
Penthaz,1685097,5496,2223,22,0.9980470954039123,0.0011469832888729406,4.637880353027569,0.19548245887933538,3835411.402895592,3835455.394423443,MultiPolygon
Dielsdorf,1682102,86,104,1,0.9979351126243023,0.008814215614292908,3.8659913187456074,0.20669303630898583,5865028.429974924,5864511.473723266,MultiPolygon
Wolhusen,1682933,1107,316,3,0.9988619115170962,0.0016442839837111005,3.5494919689617586,0.11387271123065151,14293577.610277584,14293342.583270239,MultiPolygon
Laupersdorf,1683540,2426,1102,11,0.9993790523132693,0.0006837032749615104,3.383218028280801,0.06211384112400099,15501698.621333491,15501592.635712342,MultiPolygon
Schluein,1684159,3582,1850,18,0.9985783098362475,0.001895738050820218,3.1251160190906777,0.14227149694520852,4786338.537970022,4786429.274410928,MultiPolygon
Ittigen,1682496,362,246,2,0.9986272855329449,0.010221263860399907,2.95873119403213,0.1373587084101891,4204894.524894954,4204464.731530513,MultiPolygon
Därligen,1682424,575,250,2,0.9973035354701707,0.1456994851056306,108.40164246913429,0.2702071917839055,6927616.381293935,6937709.882691573,MultiPolygon
Wittinsburg,1683723,2867,1304,13,0.9983569356668586,0.023213581764603704,3.338917038955358,0.16442244093411928,3204450.380379976,3203706.51267082,MultiPolygon
Birsfelden,1683626,2766,1301,13,0.9965164188153768,0.0825426734126163,6.307071794092134,0.34882192115094507,2511966.3971099206,2509892.9528905195,MultiPolygon
Bettmeralp,3411183,6205,2309,23,0.9966826597792734,0.17293577865459872,170.11200274553062,0.33257249353432833,28790489.128771115,28840278.185324423,MultiPolygon
Cevio,1684658,5310,2108,21,0.9998543307823508,0.014437991570505637,85.46957298034039,0.014569034480520033,151287051.08617526,151308893.89785835,MultiPolygon
Baltschieder,1685272,6281,2313,23,0.998789444978459,0.007314326219573904,43.54400404423297,0.12113324858257687,31219983.28287898,31222266.814301986,MultiPolygon
Röthenbach im Emmental,1682631,904,245,2,0.9990872656182064,0.007961128753043657,8.592643270596946,0.09131874625702292,36793424.83512889,36796354.00705267,MultiPolygon
Maur,1682164,195,109,1,0.9990981322434747,0.023388430922448623,5.187865507711059,0.090238013665793,14772068.239119869,14775523.194095792,MultiPolygon
Grimisuat,1685312,6263,2312,23,0.9986259508397763,0.041316031543853944,4.293616250105582,0.1374709768333535,4449560.8084904635,4447722.426543265,MultiPolygon
Füllinsdorf,1683648,2825,1303,13,0.9982936275694562,0.010376271366436058,6.076583723319627,0.1707918131667292,4618483.931963857,4618963.158389653,MultiPolygon
Weiningen (ZH),1682234,251,111,1,0.9986978125714296,0.04546188071657333,3.6836358939276694,0.13033320193032938,5374279.277601055,5376722.526035613,MultiPolygon
Wangen bei Olten,1683586,2586,1108,11,0.9984534693503223,0.019355188110052095,17.84473358487792,0.15475776708714975,6964784.831201478,6963436.7839959385,MultiPolygon
Lauwil,1683667,2889,1305,13,0.9991412487548263,0.007475323855164078,2.7067893100045093,0.08591522414210494,7295481.552203342,7296026.913076163,MultiPolygon
Schmitten (GR),1684160,3514,1841,18,0.9988871425459117,0.0006343518253894044,3.6212815265575453,0.1113480556372885,11348303.67075766,11348375.658929147,MultiPolygon
Bregaglia,1684049,3792,1846,18,0.9987551977084564,0.013974974450048408,146.0374717371955,0.1245490505858085,251423737.72537297,251388601.3222645,MultiPolygon
Luzern,1682891,1061,311,3,0.9985181538727541,0.007496727102590037,26.8627469148828,0.1482889289140952,37403482.49827546,37400678.4612657,MultiPolygon
Corseaux,1684924,5883,2230,22,0.998572623747355,0.012755383670839018,18.748888693686343,0.14284867803585397,7634393.281777905,7635367.077931937,MultiPolygon
Lully (VD),1685036,5639,2227,22,0.9974475017840513,0.06399913627106203,3.6072030990602206,0.25565778345353374,2047407.8250728792,2048718.148396872,MultiPolygon
Treycovagnes,1685166,5931,2224,22,0.9980876698690695,0.0006432211846438067,3.048876327567627,0.19141665403619357,2077700.3284714117,2077713.6926800779,MultiPolygon
Muri bei Bern,1682560,356,246,2,0.9988284344455209,0.004497445342532564,2.984055858980146,0.11722786003537254,7627564.163919482,7627907.209448721,MultiPolygon
Oberried am Brienzersee,1682591,589,250,2,0.9952487101566492,0.37161385685840814,94.3578556772068,0.4771453347984604,20121067.893847972,20195840.5702894,MultiPolygon
Riaz,1683387,2148,1003,10,0.9966019593879766,0.010281132864234942,86.83718986701062,0.34036488019179767,7755166.125571998,7754368.806638786,MultiPolygon
Brugg,1684281,4095,1904,19,0.9951654447318315,0.05763409721356668,13.246529558398938,0.4844873496370394,14007470.874621212,13999397.795240171,MultiPolygon
Hitzkirch,1682865,1030,313,3,0.9981967417042857,0.06894286231968866,21.853524653356224,0.1805507803116828,31214786.56367588,31236306.93099986,MultiPolygon
Heiden,1683892,3032,1503,15,0.9904649595903564,0.01997025139101911,36.1795861428562,0.9579760023345145,7474476.236848144,7472983.565153483,MultiPolygon
Fläsch,1684081,3951,1845,18,0.9949227732526352,0.35895793647634433,493.0626731383293,0.5099284413154465,19939062.448926076,20010635.29604547,MultiPolygon
Saules (BE),1682645,707,241,2,0.9985928571988428,0.020216554815180407,3.466157896428502,0.1408275861675398,4279702.723961408,4280567.932408525,MultiPolygon
Ballens,1684841,5423,2227,22,0.9987428814019064,0.0019625909244496607,3.186764117317882,0.12579216124679737,8447753.82329441,8447919.618144266,MultiPolygon
Urnäsch,1683952,3006,1501,15,0.9993574258095719,0.038424238540539175,15.748157608508873,0.06429041993717823,48157701.80608926,48176206.03630687,MultiPolygon
Rüdlingen,1683700,2938,1403,14,0.996890427761226,0.05656609832045313,19.817528888180764,0.3115295338568535,5515210.769962388,5518330.509509105,MultiPolygon
Entlebuch,1682830,1002,316,3,0.9984037526547476,0.0010636267309056726,23.720221038162688,0.15975138698313956,56896296.10362758,56895690.939413324,MultiPolygon
La Punt Chamues-ch,1684096,3785,1846,18,0.9994142210397412,0.002157017526230472,4.126097810497555,0.05859442594902569,63275463.87729591,63274099.014450274,MultiPolygon
Montagny (FR),1683364,2029,1001,10,0.987739263425162,0.06483704037092303,168.15374409047985,1.2332363757161866,17532667.12999973,17521299.467534553,MultiPolygon
Rüderswil,1682632,905,245,2,0.9986993117332607,0.02448165488203128,18.904653519786855,0.1301375393587108,17207406.555584703,17203193.897697616,MultiPolygon
St. Margrethen,1683943,3236,1723,17,0.998432585243239,0.017549536456049092,6.193677048558359,0.15687817596126183,6868555.984803067,6869761.384539624,MultiPolygon
Altnau,1684497,4641,2013,20,0.9984817572585141,0.018963480513879916,4.104667085213365,0.15195402127679325,6741479.595132198,6742758.014301568,MultiPolygon
Schafisheim,1684414,4207,1907,19,0.9955373263918532,0.12856312887657373,15.177598224764681,0.44755286964565033,6327209.519393468,6335343.977922177,MultiPolygon
Gordola,1684681,5108,2104,21,0.9999915072109454,0.00019344554161207457,0.3847272475595246,0.000849281690310169,6946590.644683101,6946577.206813205,MultiPolygon
Vaz/Obervaz,1684203,3506,1841,18,0.999250140860502,0.0015062236911137347,4.2097605322744345,0.07501347399151988,42512119.58381978,42511479.25620301,MultiPolygon
Sierre,1685375,6248,2311,23,0.9989220041606698,0.01928764341570636,7.283350203246604,0.10786812062526396,19128760.428520747,19132449.915622044,MultiPolygon
Zuchwil,1683592,2534,1106,11,0.9985582146952855,0.022469610590318708,3.2738640654546285,0.14426633283364473,4626857.128306478,4625817.491527177,MultiPolygon
Ederswiler,1685598,6713,2601,26,0.9927212191700986,0.10741681109023608,18.187458425116517,0.7309291512497944,3309195.0171339693,3312749.6488941316,MultiPolygon
Jaberg,1682497,868,246,2,0.9975236405144327,0.05346413322343111,2.9834743949276574,0.24787666621684046,1309847.7710650233,1309147.472307677,MultiPolygon
Ziefen,1683725,2834,1303,13,0.9990423261263497,0.00656145881721761,3.653713683650349,0.09581640966996093,7821983.514857054,7822496.751084071,MultiPolygon
Vufflens-la-Ville,1685198,5503,2223,22,0.9979034862098114,0.022048246734644422,43.86389176546824,0.20984824165851632,5380707.20914901,5379520.857547468,MultiPolygon
Chavannes-près-Renens,1684893,5627,2229,22,0.9957259436655063,0.054480166525233284,9.080859843179557,0.42820429243312735,1649309.7521979944,1648411.20549848,MultiPolygon
Saint-Aubin (FR),1683394,2041,1001,10,0.9992011407629976,0.022633521560701815,3.223731388409204,0.07990880114333032,7887465.927366127,7885680.716064864,MultiPolygon
Saas-Fee,1685362,6290,2313,23,0.9978723379416164,0.09671852245976373,116.51422956329388,0.21288979244008574,40343813.40740804,40304793.46717647,MultiPolygon
Büsserach,1683492,2614,1110,11,0.9989644068099378,0.01131732607381562,3.5530625232196122,0.10361883255766045,7550241.79093606,7551096.276418902,MultiPolygon
Reute (AR),1683924,3035,1503,15,0.9962113639880915,0.035417826887454026,28.043260919211885,0.37951543147911165,4993883.422953388,4992114.697967685,MultiPolygon
Riehen,1683696,2703,,12,0.9988500539293553,0.016226211278539935,14.016945022468429,0.11507009890243616,10871624.49994474,10873388.552705511,MultiPolygon
Egliswil,1684299,4195,1907,19,0.9965567230323431,0.004489833367392305,9.845699778757664,0.34492927014130326,6287927.037432998,6288209.354879242,MultiPolygon
Kradolf-Schönenberg,1684536,4501,2015,20,0.9982595111828656,0.0001409726286880349,9.56367680727438,0.17420035591848992,10947810.824943379,10947795.391526675,MultiPolygon
Krauchthal,1682516,414,245,2,0.9986306215440929,0.010733631344327213,65.57886564505188,0.13702431546165503,19435059.57840844,19432973.490761742,MultiPolygon
Boltigen,1682387,791,248,2,0.9987433785005239,0.007806167706311617,33.68840785421864,0.12574606224933713,77067258.79401441,77073274.79348253,MultiPolygon
Suhr,1684435,4012,1901,19,0.995487660257922,0.11259388973077775,16.592820002704688,0.45199973144185435,10623524.633031081,10611563.193420244,MultiPolygon
Founex,1684979,5717,2228,22,0.9981587961297795,0.0518679603259456,13.200030519449086,0.18424225105030265,8118997.496814575,8114786.338414063,MultiPolygon
Bussnang,1684511,4921,2015,20,0.9986249972902961,0.01871707462451239,9.091771039703067,0.137607744495338,18880292.30463147,18883826.143031456,MultiPolygon
Mex (VD),1685047,5489,2223,22,0.9981509536816476,0.03581186657831066,9.480083310885446,0.18504259910361903,2827127.776003929,2826115.328776788,MultiPolygon
Scheuren,1682652,747,242,2,0.9998800768830574,0.005154088946720784,0.2987500610465544,0.011992721749365439,2107794.5008732993,2107685.86326991,MultiPolygon
Affoltern im Emmental,1682361,951,245,2,0.9987730115837944,0.005916273018108096,8.646797368013633,0.12277053103115189,11505517.310077433,11504836.612261223,MultiPolygon
Kernenried,1682506,411,245,2,0.9985502274037019,0.008698963495922337,2.9245795892316067,0.1450887382276159,3329921.148519048,3330210.8171442007,MultiPolygon
Mirchel,1682555,615,246,2,0.9979863809997968,0.025869498290214586,2.9298048292381718,0.2015387655074516,2342613.586985027,2342007.5646031955,MultiPolygon
Romont (FR),1683389,2096,1002,10,0.9945412237581198,0.07397519740168056,95.9093193812379,0.547574073384177,10890668.876330756,10898725.270130385,MultiPolygon
Berneck,1683866,3233,1723,17,0.9987158299446964,0.015211309240303741,3.24151198210279,0.12850928637297948,5621118.749728451,5621973.795484236,MultiPolygon
Muriaux,1685620,6753,2602,26,0.9958415604279998,0.1008231889996588,90.8761548649787,0.4169204600391925,16878439.045587137,16895456.426086262,MultiPolygon
Ochlenberg,1682598,985,244,2,0.9987554368931181,0.012988779835375431,5.259739897012624,0.12452571806718205,12116782.678612564,12115208.856387308,MultiPolygon
Forst-Längenbühl,1682442,948,247,2,0.9986715928850035,0.006011879196420808,4.461912440654787,0.1329329991821665,4498023.860883521,4498294.276644263,MultiPolygon
St. Niklaus,1685378,6292,2313,23,0.9980850433810422,0.025686637250531892,65.53560101996287,0.1917038085322686,89239620.33226481,89262542.98982331,MultiPolygon
Eclépens,1684956,5482,2227,22,0.9977383911509541,0.04596012438258095,10.633469535781117,0.22636488740862207,5804457.547147419,5801789.811239016,MultiPolygon
Buus,1683637,2844,1304,13,0.9989699700022108,0.0016860653698425338,3.5942301583630063,0.10305694399991976,8845083.348142559,8845232.482029825,MultiPolygon
Uster,1682225,198,109,1,0.9992049553515436,0.012827665344633792,9.561433198707963,0.07953098090266053,28489899.836010877,28486245.247002892,MultiPolygon
Wettswil am Albis,1682236,14,101,1,0.9987672479170795,0.02382459805596326,3.355435634476745,0.12333654507211651,3770584.4132430125,3769686.0866621966,MultiPolygon
Unterägeri,1683149,1709,,9,0.9992387234939967,0.009428980141880233,5.379261638787189,0.07616022912741657,26694113.516692776,26696630.499355316,MultiPolygon
Auw,1684259,4223,1908,19,0.9930694853671704,0.07085700549398223,25.292243311390212,0.6957078076101815,8560759.392608788,8566825.290361935,MultiPolygon
Alchenstorf,1682362,402,245,2,0.9988092592252228,0.012667840923467961,3.3859674358734186,0.11915255944065714,6568415.163115021,6569247.239499077,MultiPolygon
Kappelen,1682503,305,243,2,0.9991482433976394,0.011067812763841991,7.697324132328861,0.08520723460708374,10969526.154312398,10968312.067696558,MultiPolygon
Echallens,1684952,5518,2223,22,0.9986102461919728,0.013128910705679779,12.697586442341454,0.1390628894159021,6663787.411492614,6662912.528793743,MultiPolygon
Nunningen,1683559,2621,1110,11,0.9958855582573388,0.1585358335815421,19.062675482075388,0.4126191662525062,10314584.467495363,10330936.77996138,MultiPolygon
Birmenstorf (AG),1684272,4024,1902,19,0.995420868170499,0.0834250690497537,14.982674577404715,0.4587725657848496,7797762.581201002,7791257.292383299,MultiPolygon
Savosa,1684753,5221,2105,21,0.9999842163725311,7.793633344803739e-05,0.012941547463241289,0.0015783758182672648,745212.6503995283,745213.2311909444,MultiPolygon
Villeneuve (VD),1685193,5414,2221,22,0.9954861595278935,0.40875122596901164,149.37407831323006,0.45332969508648957,34527185.71095893,34668316.00584507,MultiPolygon
Saignelégier,1685626,6757,2602,26,0.9907450910979854,0.1665932280107839,418.71332167484934,0.9305679535946947,31674875.970453657,31727644.168801248,MultiPolygon
Evionnaz,1685302,6213,2310,23,0.9983034529908164,0.004517161542274543,69.1948876415363,0.169794901646203,48078517.66546618,48076345.8811561,MultiPolygon
Balgach,1683863,3232,1723,17,0.9989512217337926,0.02342148594813332,3.3407066513127335,0.10492056385152482,6520115.510210776,6518588.40227275,MultiPolygon
Altendorf,1683056,1341,505,5,0.9973148749391827,0.012322464211724546,45.44691447189567,0.26889005146834793,24561841.379513375,24564868.003627107,MultiPolygon
Elgg,1682115,294,110,1,0.9989572113135683,0.008505164331781041,5.233942052101292,0.10433770427668101,24393038.314122178,24395112.982116308,MultiPolygon
Landquart,1948063,3955,1845,18,0.9976932293243215,0.12604989290826232,26.177258502661488,0.23079788236282528,18858736.59531813,18834965.17803588,MultiPolygon
Perroy,1685099,5860,2228,22,0.9996161434767257,0.007103043746290626,8.10918916183335,0.03839165749680598,16223678.664632488,16222526.289639682,MultiPolygon
Altbüron,1682814,1122,315,3,0.9983894382464266,0.013961423407840831,6.548780148220477,0.1611972272691911,6750722.453347461,6751664.950292261,MultiPolygon
Augst,1683617,2822,1303,13,0.990389531158433,0.3671110952383483,13.11853383987808,0.9674598102085586,1653584.431374456,1659654.9232911656,MultiPolygon
Allaman,1684832,5851,2227,22,0.9984101993303311,0.009743701235647164,24.646496654727265,0.15909878937650407,11535889.50426834,11534765.48166017,MultiPolygon
Menznau,1682898,1136,315,3,0.9991557653614592,0.000835275057138759,3.5494919689617586,0.08445876277661714,30338875.21799558,30338621.804938268,MultiPolygon
Zürich,1682248,261,112,1,0.9997251310382812,0.0017489617814128132,1.6236002343505114,0.02749043393732231,91881188.11826523,91879581.15140073,MultiPolygon
Wattwil,2727987,3379,1727,17,0.9992602604373111,8.633280152891462e-05,6.204610621650143,0.07400129518016703,51175460.47372989,51175416.29252117,MultiPolygon
San Vittore,1684152,3835,1847,18,0.9985518026970652,0.0017525132395566835,12.614665256863491,0.14492340013956456,22062654.693706863,22062268.042762358,MultiPolygon
Bonstetten,1682092,3,101,1,0.9987840008568274,0.0074361150137281585,3.6670881280066476,0.1216784158967075,7430708.28951143,7431260.845526173,MultiPolygon
Laufen,1683665,2787,1302,13,0.9981244467833654,0.0047474693539672885,20.158175386547736,0.18773582799728566,11396973.791356804,11397514.859194828,MultiPolygon
Sagogn,1684148,3581,1850,18,0.9979938899547779,0.002212381909544276,29.946692264235484,0.2008146518081108,6917721.597714787,6917874.644135968,MultiPolygon
Salvan,1685371,6218,2310,23,0.998700471971671,0.04716442294951844,49.17476740750711,0.13006796205890056,53456983.08384345,53482195.76144116,MultiPolygon
Gipf-Oberfrick,1684317,4165,1906,19,0.9955878282242937,0.07364608635118662,14.119704859904596,0.4423555214357517,10168346.293400813,10175834.882492539,MultiPolygon
Wildhaus-Alt St. Johann,1683966,3359,1727,17,0.9995745862903853,0.0019330047108667915,24.687989665472344,0.042550010476894044,87528441.1446994,87526749.21580872,MultiPolygon
Bargen (SH),1683618,2931,1403,14,0.9971539325600148,0.03077998534706355,13.981462708530948,0.2850561895253276,8270608.884538468,8273154.576741242,MultiPolygon
Solothurn,1683577,2601,1109,11,0.9989100056807253,0.029026708515915066,3.4241920077992565,0.1090430406011681,6281592.620431165,6279769.280851075,MultiPolygon
Häfelfingen,1683658,2847,1304,13,0.998518018124521,0.0314627532265023,3.4240467178586305,0.14828475159001742,3972887.369825922,3971637.3900767867,MultiPolygon
Kallern,1684339,4233,1908,19,0.9871807643009882,0.2562622688840942,82.95533175957497,1.2885400761603325,2683906.472849056,2677028.633227006,MultiPolygon
Fräschels,1683319,2258,1005,10,0.9987786345180677,0.009628529623572092,3.0174708211761265,0.12220529688205763,3106920.7221919764,3106621.571409859,MultiPolygon
Grandvillard,1683326,2134,1003,10,0.9938016176459328,0.3317650814361017,108.96671673381695,0.620733804724342,24320603.899653576,24239916.62832014,MultiPolygon
Rümlang,1682199,97,104,1,0.9989298567416509,0.02931255690348359,9.934797154653152,0.10708730953378622,12413602.128563007,12417240.872750714,MultiPolygon
Fahrwangen,1684306,4196,1907,19,0.996258848724678,0.00353393726519477,10.277631893276265,0.3748096267919055,4998310.582309653,4998133.945149355,MultiPolygon
Au (SG),1683861,3231,1723,17,0.9981514654932948,0.03889123635769447,3.0899503113898867,0.18506044187295628,4653872.492834567,4655682.441385541,MultiPolygon
Mönchaltorf,1682168,196,109,1,0.9976122639535557,0.027063963258477458,24.301955885516616,0.2390913589727239,7588563.6009930335,7590617.367057852,MultiPolygon
Zillis-Reischen,1684211,3712,1851,18,0.9992036562098942,0.0007863628980803242,3.7486025569071293,0.07966578658016062,24475331.695100147,24475139.230172515,MultiPolygon
Wiler (Lötschen),1685404,6202,2309,23,0.9979375708921405,0.042803548973639846,46.675794705247924,0.20641162581572495,14865278.14624765,14858915.279636253,MultiPolygon
Dällikon,1682108,84,104,1,0.9986791340723221,0.005313503783220061,3.4879217415521215,0.1321703732259665,4506354.432045068,4506114.986731836,MultiPolygon
Hochfelden,1682141,59,103,1,0.9979522598299807,0.020849662452562413,3.9605016367612746,0.2050052631036907,6168799.937694006,6170086.111658389,MultiPolygon
Bois-d'Amont,1683265,2238,1004,10,0.9929164524491962,0.13500111595261885,74.63463867922607,0.71039266176797,12281325.784508966,12264745.857646102,MultiPolygon
Ostermundigen,1682603,363,246,2,0.9991790153536755,0.002491310605507148,4.314231816151207,0.08213115617763293,5963233.614064201,5963085.051392742,MultiPolygon
Bossonnens,1683276,2323,1007,10,0.9982098612807633,0.02927188111125244,3.333690943559762,0.17914802146463332,4117714.0072286297,4116508.6748799323,MultiPolygon
Hendschiken,1684325,4198,1907,19,0.9916695053811181,0.24809702606527617,16.011192966915264,0.8354961244021637,3516512.7503954256,3507788.3868404883,MultiPolygon
Bogis-Bossey,1684858,5705,2228,22,0.9955945346006182,0.04215302854933529,10.390515732776379,0.4414260316379268,2454005.592168584,2452971.154490715,MultiPolygon
Comano,1684665,5176,2105,21,0.997334132278138,0.04744509540377849,15.479011170872363,0.2670059145850285,2064684.6187445025,2065664.210331653,MultiPolygon
Champagne,1684883,5553,2224,22,0.998232773309419,0.025233992340411637,22.212427968821764,0.17685664485738772,3915070.770445591,3914082.841787255,MultiPolygon
Schlieren,1682204,247,111,1,0.9992096062934991,0.019995317582925946,3.4009602315663883,0.07906271389939461,6593798.251732036,6592479.800830824,MultiPolygon
Belmont-sur-Yverdon,1684848,5902,2224,22,0.9973719350606421,0.08877159620238807,12.43313255563427,0.2632690868237339,6467195.849740442,6472936.882725791,MultiPolygon
Full-Reuenthal,1684312,4307,1911,19,0.9947916403868763,0.07080570789425461,8.238564942165624,0.5223807254435576,4780799.666707856,4784184.745754874,MultiPolygon
Fahy,1685599,6789,2603,26,0.9977185169842405,0.014018795665443742,7.598883207129538,0.22839284695447812,7783428.478167507,7782337.335233387,MultiPolygon
Thunstetten,1682684,342,244,2,0.9972222726545077,0.19330482276294625,84.84608472963197,0.2778902121237895,9662243.790346872,9643566.207113018,MultiPolygon
Malans,1684112,3954,1845,18,0.9987182741791741,0.01616881684229654,6.593407913248002,0.1282651444515514,11399502.367536057,11401345.532194797,MultiPolygon
Saxeten,1682646,591,250,2,0.9973599108002686,0.1942976038915801,70.15839251685,0.2646147046878837,19382350.4263904,19420009.868846744,MultiPolygon
Guggisberg,1682462,852,246,2,0.9971707254298977,0.05533148666787102,61.14340154494178,0.28324987886586217,54918606.01944089,54888218.73827306,MultiPolygon
Saint-Saphorin (Lavaux),1685141,5610,2226,22,0.9983341510016742,0.06206284492399394,17.115679274046613,0.1666720313868542,5300845.1599278785,5297555.304616611,MultiPolygon
Brügg,1682394,733,242,2,0.9986267217951187,0.02839395285529897,15.417076634058756,0.13740267013590482,5002951.170264307,5001530.634667649,MultiPolygon
Lupsingen,1683672,2830,1303,13,0.9985468145607679,0.022830660949304582,3.653713683650349,0.14544080874799056,3113293.9076689263,3114004.6932453415,MultiPolygon
Massagno,1684709,5196,2105,21,0.9999844488636966,0.0003079028764319049,0.015068161808867485,0.0015551233282196362,739442.7516264739,739440.474860972,MultiPolygon
Niederlenz,1684380,4204,1907,19,0.9935723599831944,0.21333583765374342,9.706790863451207,0.644148556215304,3312139.647543669,3305073.66668232,MultiPolygon
Romanel-sur-Lausanne,1685125,5592,2225,22,0.9983445801175949,0.019407033231262236,2.9933107252120563,0.16566304579615412,2880830.829921417,2880271.7461249176,MultiPolygon
Grub (AR),1683891,3031,1503,15,0.9866919450024152,0.09741539713605725,36.1795861428562,1.3403725804993365,4211808.623997866,4215911.574095544,MultiPolygon
Oberiberg,1683094,1368,506,5,0.9925002246362389,0.26522094584660666,144.30114155517566,0.7518021612821734,33170519.915437035,33082544.748775076,MultiPolygon
Diessbach bei Büren,1682421,385,243,2,0.9984931500033005,0.06725444971629611,17.29448161244582,0.1508493245056523,6330474.470999709,6334731.996769611,MultiPolygon
Kilchberg (ZH),1682152,135,106,1,0.998465974196821,0.04652774966157305,33.70545889107893,0.1535560471711524,2580442.382045494,2581643.003817173,MultiPolygon
Neuenegg,1682572,670,246,2,0.9992990072248029,0.01212047236874299,7.792542848345724,0.07011960600639672,21827989.57857729,21825343.923131768,MultiPolygon
Botterens,1683277,2123,1003,10,0.9964517682235088,0.16419993644375025,11.001355825596669,0.35516196642068254,4533288.672804263,4525845.015684707,MultiPolygon
Regensdorf,1682192,96,104,1,0.9990293872067586,0.011712475700948018,6.996072122446159,0.09710271975581894,14621083.475144403,14619370.984295161,MultiPolygon
Münchenbuchsee,1682567,546,246,2,0.9991045561690856,0.020138169389693268,23.888784138498234,0.0895935123700806,11667619.740457831,11669969.38548491,MultiPolygon
Eich,1682828,1084,314,3,0.9999956999606172,0.00012635866804783347,0.01489370123203253,0.00043000459113924806,9218390.778747795,9218379.130511992,MultiPolygon
Interlaken,1682493,581,250,2,0.993386999863693,0.01698313778468872,15.319664886622665,0.6634375150731235,4274162.086231703,4273436.199395457,MultiPolygon
Villars-le-Comte,1685187,5690,2222,22,0.9983153743017021,0.018798249081832277,3.3868908083736335,0.16858874028520282,4195805.261685911,4195016.52376183,MultiPolygon
Guttannen,1682465,782,250,2,0.9992830670139391,0.0334709028060386,68.75359113607912,0.07170700496761516,200847348.4649393,200780123.0441461,MultiPolygon
Mattstetten,1682548,543,246,2,0.9978827307976564,0.014227631400830299,8.000810444240205,0.21193622138892115,3785381.32690203,3784842.7567997226,MultiPolygon
Flurlingen,1682124,29,102,1,0.9979736747909007,0.013575992532651373,3.657210748336362,0.20285179745335669,2413875.9407420787,2414203.6483595413,MultiPolygon
Pfeffingen,1683689,2772,1301,13,0.9985736248152042,0.006820787371671941,5.485001196432119,0.1427441863629191,4887253.693724584,4887587.042907347,MultiPolygon
Valbroye,1868689,5831,2222,22,0.9951256424591832,0.0146717121857489,136.28953483409322,0.48866246946382963,33547239.503807727,33552161.45823399,MultiPolygon
Münchenwiler,1682568,669,246,2,0.9985375225816675,0.008257612045128811,2.919641311106958,0.14634871939631391,2478460.1315560658,2478255.4699337087,MultiPolygon
Muolen,1683908,3202,1721,17,0.9982743979907833,0.008307916113711036,8.786201505320754,0.17270204033710587,10326023.321002902,10325165.443647511,MultiPolygon
Aarau,1684251,4001,1901,19,0.9944196143486014,0.010093209224351139,35.568016194209285,0.5596281977222533,12338138.14333093,12339383.457428126,MultiPolygon
Yvorne,1685208,5415,2221,22,0.998508314538392,0.006063645920623094,7.131865419645775,0.14927535957644514,12201138.541276421,12200398.707436994,MultiPolygon
Bettingen,1683623,2702,,12,0.9970976624660058,0.09399125222551923,3.7017112767034632,0.2905189482537959,2227025.5134569677,2224932.3042894877,MultiPolygon
Brig-Glis,1685283,6002,2301,23,0.9990669637922032,0.012344489356131059,20.733778769427307,0.09334140730841733,37666174.02777894,37661524.33093522,MultiPolygon
Gruyères,1683332,2135,1003,10,0.9989869088590332,0.013314152277896072,6.386566954586108,0.1013537101447657,28439272.186802804,28435485.73879713,MultiPolygon
Domat/Ems,1684071,3722,1844,18,0.9992868678692652,0.009059961069849572,3.276281881318216,0.07134188164226389,24217491.17453932,24219685.269811828,MultiPolygon
Monteceneri,1684720,5238,2105,21,0.9916165167398205,0.08091342951585631,140.88537506708778,0.8422178538484081,36080025.03492713,36109218.62055307,MultiPolygon
Menziken,1684363,4139,1905,19,0.9974574130458279,0.06210143146222429,10.700132785563381,0.25466139393110354,7323755.8876899015,7328304.044932956,MultiPolygon
Flühli,1682836,1004,316,3,0.9997214749814787,0.0007227376922906519,14.134080879728689,0.027856481865910634,108172197.17074941,108172978.97199094,MultiPolygon
Obergerlafingen,1683562,2528,1106,11,0.997483876883071,0.04858937974610694,2.52210144392941,0.251990459633988,1512249.5905682624,1512984.3832645325,MultiPolygon
Meiringen,1682552,785,250,2,0.9993608163561046,0.0034993312175905754,6.531148221260508,0.0639399174217358,40627863.34854507,40629285.05205026,MultiPolygon
Tägerwilen,1684564,4696,2013,20,0.998918175147316,0.008482539983256439,13.773892251951796,0.10823644339433211,11560153.95582369,11559173.361142261,MultiPolygon
Rümlingen,1683701,2859,1304,13,0.9978600608080201,0.004121323834444083,3.3505779437482626,0.2142187170209345,2279704.634110015,2279610.6800995744,MultiPolygon
Lema,18953122,5395,2105,21,0.9932290359430711,0.018525554570816012,64.53505783440143,0.6794594212846882,18568965.226471625,18572405.23025789,MultiPolygon
Zernez,4447274,3746,1843,18,0.9997330377773923,0.0019050681706680504,26.05747640659438,0.02669953185316414,344036788.59001535,344030234.45466053,MultiPolygon
La Chaux (Cossonay),1685010,5474,2227,22,0.9983056287359584,0.013290240517904969,3.5148763624581076,0.1695920616626764,6737503.938204179,6738399.368682469,MultiPolygon
Ecublens (VD),1684958,5635,2229,22,0.9959305962591056,0.0535755932363796,43.510019553722856,0.40787929721801414,5722788.800782564,5725854.818832248,MultiPolygon
Kandersteg,1682502,565,249,2,0.9971816805315487,0.1159655865918585,133.0089819852483,0.2823932981453085,134306178.16159496,134461927.10892916,MultiPolygon
Montagny-près-Yverdon,1685056,5922,2224,22,0.9973454268031928,0.012399228921605436,3.4611473404749726,0.26582660510148703,3518423.9318399313,3518860.1892776727,MultiPolygon
Niederhasli,1682172,90,104,1,0.9980508062541138,0.01054946437800481,3.932207608059979,0.1950992362192369,11303016.195322124,11301823.787654959,MultiPolygon
Gelterkinden,1683649,2846,1304,13,0.9990139177434721,0.00400191065629137,22.900371304061746,0.09865489346619673,9782464.3969524,9782072.91146725,MultiPolygon
Morcote,1684723,5203,2105,21,0.9986180482046086,0.025436767173086173,14.617804787526786,0.13827314675768423,5269960.960792745,5268620.453093036,MultiPolygon
Brünisried,1683279,2292,1006,10,0.9908194967313729,0.2974928876623773,60.71496052166251,0.9209119773579579,3247420.778553536,3237759.932704869,MultiPolygon
Perly-Certoux,1685521,6632,,25,0.997855470605474,0.029366516943014162,3.4692312836860557,0.2147146590808546,2536593.9875002843,2537338.896803399,MultiPolygon
Villorsonnens,1683424,2114,1002,10,0.9928417283409684,0.007612003650979578,42.397727391907885,0.718425753653843,15472553.965065865,15473731.736438585,MultiPolygon
Eglisau,1682114,55,103,1,0.997911654499603,0.035932647556500365,15.865473273896761,0.2090152782060584,9062641.904145153,9059385.456970429,MultiPolygon
Brot-Plamboz,1685457,6433,,24,0.9989819120200442,0.0037678669250389633,3.534274956806691,0.10186256853397972,16089547.367988,16090153.600721667,MultiPolygon
Gibloux,5817663,2236,1004,10,0.9955732542115995,0.08307009746279745,74.63463867922607,0.4438408292028579,36269175.51422034,36299304.35366896,MultiPolygon
Täuffelen,1682696,751,243,2,0.9987807980879638,0.013622822725921127,3.0059528931263895,0.1220028687547005,4401219.923338566,4401819.4937265,MultiPolygon
Kirchberg (BE),1682509,412,245,2,0.9983955618523631,0.02422676472892383,6.87709934889608,0.1605920799661732,9054909.624931598,9057103.336582847,MultiPolygon
Böckten,1683638,2842,1304,13,0.9976285541831191,0.03226916032220509,22.900371304061746,0.23746441096268214,2282340.7040620646,2283077.1962429574,MultiPolygon
Tartegnin,1685162,5862,2228,22,0.9941938079959819,0.1728317810568264,17.24157405223813,0.5828129094817904,1085590.678405624,1087466.9241100994,MultiPolygon
Les Verrières,1685513,6511,,24,0.9981104293149379,0.11306063890725043,10.490124825722983,0.18924268025105065,28868125.74241593,28900764.229820855,MultiPolygon
Gurmels,1683333,2262,1005,10,0.9962743021753537,0.07453512830721584,114.54096925256106,0.37340422580320765,20164100.024281316,20179129.36210641,MultiPolygon
Neunforn,1684547,4601,2012,20,0.9989347403495672,0.015145931277691501,5.819377388756064,0.10659080566012488,11358242.660397206,11359962.972024903,MultiPolygon
Untersiggenthal,1684449,4044,1902,19,0.9965650542486263,0.07291600544986866,10.823536215000162,0.34396008599379313,8277609.220707412,8271573.518716922,MultiPolygon
Val-de-Charmey,3411331,2163,1003,10,0.9983440949065124,0.04660124235588278,54.82875444769173,0.165766339629544,111622508.0265225,111674525.50201166,MultiPolygon
Cuarnens,1684934,5479,2227,22,0.998367568175243,0.012405319428851307,5.637104964598223,0.1633866666919869,7134362.340736906,7135247.381174486,MultiPolygon
Courgevaux,1683301,2250,1005,10,0.9980867390290583,0.009679489911219348,6.449367304347553,0.19151856929123104,3383744.3921929053,3384071.921389969,MultiPolygon
Obfelden,1682181,10,101,1,0.9986613012885694,0.0413848384506176,3.767465069259674,0.13398725634161138,7543843.330871698,7546965.338247147,MultiPolygon
Gurtnellen,1683078,1209,,4,0.9997118500234147,0.0027641358477874995,14.617975284512436,0.028819548077359296,83308247.96310791,83310550.71625403,MultiPolygon
Dorf,1682106,26,102,1,0.9977705284014503,0.016045713923413037,3.921282262905584,0.22317805769373078,5557134.816464503,5556243.134509515,MultiPolygon
Luzein,5817241,3891,1849,18,0.9994517568431496,0.002855884713349999,51.14943466542214,0.05484013140817012,83885077.13865618,83887472.79975097,MultiPolygon
Uzwil,1683954,3408,1728,17,0.9984316171071693,0.05860700373076914,78.7712787025797,0.1569153818721989,14495113.221291319,14486618.069744937,MultiPolygon
Concise,1684915,5554,2224,22,0.9988615541100276,0.014260055073774727,36.83520336162449,0.11391755063140782,21540552.670779243,21543624.36545329,MultiPolygon
Merzligen,1682554,741,243,2,0.9907378321572474,0.37750806279444876,14.86872576426075,0.9287697232876961,2298497.5359471682,2289820.522425836,MultiPolygon
Châtillon (FR),1683292,2008,1001,10,0.9960698016182619,0.1354657528557122,9.01659518465355,0.3935269540314346,1276203.7973460567,1274474.9782640086,MultiPolygon
Därstetten,1682425,761,249,2,0.9995707955166908,0.001833543834067073,9.527047739636648,0.04292926756534634,32839878.465256073,32839276.331689358,MultiPolygon
Beggingen,1683620,2951,1404,14,0.9960061297779657,0.14554231536212198,44.29528293999896,0.4004773881206464,12583868.411398772,12602183.264846845,MultiPolygon
Sufers,1684178,3695,1851,18,0.9993413980716919,0.002545388828547417,10.007103518054972,0.06588104932486613,34618846.53131862,34617965.34706644,MultiPolygon
Frauenfeld,1684522,4566,2012,20,0.9987460264358882,0.002955547620806389,26.61118346521242,0.1254778824741614,27355381.30200109,27356189.803322323,MultiPolygon
Autigny,1683269,2173,1004,10,0.9947991144838612,0.0144705618689504,42.397727391907885,0.521482266264412,6219742.312435983,6220642.344095393,MultiPolygon
Büttenhardt,1683639,2914,1402,14,0.9999934760345672,0.00013670778291634576,0.012655338403396438,0.0006523982254042122,3996414.319728544,3996408.8563191313,MultiPolygon
Le Chenit,1685021,5872,2224,22,0.9985378901142982,0.005568918701367068,114.99302550615865,0.14631388087044864,100229466.75461955,100223885.05710118,MultiPolygon
Grono,1684085,3832,1847,18,0.998591632952865,0.008846761472701671,29.193450975892166,0.14092971535342216,37121718.59270078,37118434.522802316,MultiPolygon
Tenero-Contra,1684763,5131,2104,21,0.9958571825362033,0.18274789953201115,17.101750176619635,0.4155210058142019,5368602.091477007,5378413.0990334125,MultiPolygon
Untereggen,1683951,3219,1722,17,0.9930133335617635,0.1687045257508275,71.96347222118213,0.7005244680948083,7135284.515176072,7123246.967273772,MultiPolygon
Trey,1685165,5827,2222,22,0.9985716844204107,0.007469524161868319,5.29241086110288,0.14292829689669465,3791924.260575063,3791641.0218762197,MultiPolygon
Gingins,1684986,5719,2228,22,0.997255575289537,0.06654388469847604,14.572476750217588,0.27491101968494935,12562192.912660379,12570552.28382778,MultiPolygon
Grächen,1685313,6285,2313,23,0.9986019169321654,0.02975487468540746,22.22765798619928,0.1398852925196088,14272270.9153316,14268024.219005981,MultiPolygon
Allschwil,1683612,2762,1301,13,0.9988115534262644,0.015273787767106311,14.618840069175823,0.11892440106239881,8895226.689768849,8896585.327814847,MultiPolygon
Saicourt,1682643,706,241,2,0.9988508302075587,0.005163708865716771,4.809436131013641,0.11498601546093787,13766654.715469161,13767365.585439216,MultiPolygon
Crissier,1684931,5583,2229,22,0.9968966357239084,0.03857365181734966,20.00525542225975,0.3108786665294704,5496124.166427495,5498244.222226902,MultiPolygon
Gerlafingen,1683508,2519,1106,11,0.9981915302118983,0.017814990174515634,2.7072658584337397,0.18099453144541292,1855435.9535989868,1855105.4078661588,MultiPolygon
St. Silvester,1683403,2303,1006,10,0.9992597400329205,0.004647085810477703,3.004119575837848,0.07405168543121489,7040180.1760730315,7039853.012859037,MultiPolygon
Biel/Bienne,1682380,371,242,2,0.9992140108412678,0.006218418611161015,15.417076634058756,0.07863226173052928,21211260.41914751,21212579.424113076,MultiPolygon
Schüpfen,1682659,311,243,2,0.9993046777427929,0.002964776384735938,3.5591171668798354,0.06955743887592888,19840211.412324887,19840799.63022752,MultiPolygon
La Roche,1683345,2149,1003,10,0.9989134649986248,0.03677378689790681,26.490752648199823,0.10869257127562142,24124244.75565843,24115373.357301254,MultiPolygon
Varen,1685391,6116,2306,23,0.9885443873159165,0.8134301999988461,233.66495287370435,1.147474610098921,12921511.234014584,12816403.759340866,MultiPolygon
Seedorf (BE),1682661,312,243,2,0.9990123569262338,0.004775308301284758,9.734805640505812,0.09881074409988891,20869518.604339533,20868522.02048518,MultiPolygon
Les Clées,1685025,5750,2224,22,0.9974253030621277,0.02257626504780045,11.912355451030512,0.25777247326576114,7038664.597172452,7037075.529597169,MultiPolygon
Muhen,1684368,4009,1901,19,0.9963722809441592,0.022965840996546295,17.018236237484896,0.36338938607476,7025057.498755347,7023444.135220267,MultiPolygon
Dübendorf,1682111,191,109,1,0.9989584712983798,0.007368159173354201,3.728985591396777,0.10421097659810981,13621273.021373032,13622276.658450684,MultiPolygon
Massonnens,1683360,2086,1002,10,0.9999925788710572,3.5913276796818654e-05,0.052628115106006054,0.0007421157812576014,4291986.615282506,4291988.156675539,MultiPolygon
Vugelles-La Mothe,1685200,5937,2224,22,0.997952128357605,0.0617364415384112,4.274919020084493,0.20506034702822085,3066085.423416181,3067978.315451126,MultiPolygon
Montanaire,2759363,5693,2223,22,0.9987900017541279,0.01323131846845595,15.724360400864226,0.12106506390845209,33498875.454277493,33494443.111382786,MultiPolygon
Ilanz/Glion,3411942,3619,1850,18,0.9995437982280556,0.0008643432906633428,3.791461283705171,0.04563038836921692,133483237.63295157,133482083.87954293,MultiPolygon
Wikon,1682931,1147,315,3,0.9989774209987853,0.0037337009192177895,3.543592834101673,0.10231212023627388,8281181.424874874,8281490.6194218565,MultiPolygon
Bargen (BE),1682371,302,243,2,0.9991178253838439,0.0012889435870065689,3.230545436398866,0.08825582160165527,7857992.6789728915,7857891.393880188,MultiPolygon
Dinhard,1682105,216,110,1,0.9988668932497471,0.0003737583660623819,4.116726294510046,0.11337511983615277,7070246.673839307,7070273.099477752,MultiPolygon
Thônex,1685534,6640,,25,0.9970180599084445,0.006082455551296887,9.87803377428874,0.29864835366426024,3820313.8262380036,3820546.1951284045,MultiPolygon
Bellmund,1682373,732,242,2,0.9977718178988071,0.003363974555397991,6.688694529290863,0.22307047871725225,3795654.2914670175,3795781.9763115933,MultiPolygon
Rebévelier,1682614,715,241,2,0.9982761752826768,0.033467618331046355,3.3701329873008277,0.1725023074491449,3548481.2047245,3547293.612578354,MultiPolygon
Cadenazzo,1684641,5003,2101,21,0.9861041359721793,0.23348742536406453,107.49966142692018,1.400942309461063,8381666.493492066,8401236.630790323,MultiPolygon
Châtillon (JU),1685582,6704,2601,26,0.9954938301605529,0.036808560716371265,46.907824420860365,0.45171767503941457,5306191.599368643,5308144.732125224,MultiPolygon
Rodersdorf,1683570,2479,1104,11,0.9986427191828093,0.008874811364892576,15.90087108821295,0.13581422793652712,5353218.912594445,5352743.824514003,MultiPolygon
Vulliens,1685203,5803,2222,22,0.9981294988006064,0.000323398968085257,5.702576261590544,0.18722491969858132,6634217.779909952,6634196.324918111,MultiPolygon
Biberstein,1684271,4002,1901,19,0.9902551814021024,0.0775606919013062,30.370009749799255,0.9796329398720285,4101888.6642329544,4105070.1174619547,MultiPolygon
Val-d'Illiez,1685390,6157,2308,23,0.9993928045744622,0.012179219466157682,17.0480039063974,0.06074168117225623,39265025.91362082,39269808.087300286,MultiPolygon
Pfyn,1684548,4841,2012,20,0.9986091148011341,0.003604990991850531,6.335470503201205,0.13918280647510106,13139728.144518875,13139254.458502911,MultiPolygon
Bottmingen,1683629,2767,1301,13,0.9979411838220631,0.003166800366879591,3.4553495532174203,0.2060970356792731,2994793.992599489,2994888.831746634,MultiPolygon
